2026/06/01 01:53:31 - mmengine - INFO - 
------------------------------------------------------------
System environment:
    sys.platform: linux
    Python: 3.8.20 (default, Oct  3 2024, 15:24:27) [GCC 11.2.0]
    CUDA available: True
    MUSA available: False
    numpy_random_seed: 413019461
    GPU 0: NVIDIA L40
    CUDA_HOME: /usr/local/cuda-11.8
    NVCC: Cuda compilation tools, release 11.8, V11.8.89
    GCC: gcc (Ubuntu 11.4.0-1ubuntu1~22.04.3) 11.4.0
    PyTorch: 2.0.0+cu118
    PyTorch compiling details: PyTorch built with:
  - GCC 9.3
  - C++ Version: 201703
  - Intel(R) oneAPI Math Kernel Library Version 2023.1-Product Build 20230303 for Intel(R) 64 architecture applications
  - Intel(R) MKL-DNN v2.7.3 (Git Hash 6dbeffbae1f23cbbeae17adb7b5b13f1f37c080e)
  - OpenMP 201511 (a.k.a. OpenMP 4.5)
  - LAPACK is enabled (usually provided by MKL)
  - NNPACK is enabled
  - CPU capability usage: AVX2
  - CUDA Runtime 11.8
  - NVCC architecture flags: -gencode;arch=compute_37,code=sm_37;-gencode;arch=compute_50,code=sm_50;-gencode;arch=compute_60,code=sm_60;-gencode;arch=compute_70,code=sm_70;-gencode;arch=compute_75,code=sm_75;-gencode;arch=compute_80,code=sm_80;-gencode;arch=compute_86,code=sm_86;-gencode;arch=compute_90,code=sm_90
  - CuDNN 8.7
  - Magma 2.6.1
  - Build settings: BLAS_INFO=mkl, BUILD_TYPE=Release, CUDA_VERSION=11.8, CUDNN_VERSION=8.7.0, CXX_COMPILER=/opt/rh/devtoolset-9/root/usr/bin/c++, CXX_FLAGS= -D_GLIBCXX_USE_CXX11_ABI=0 -fabi-version=11 -Wno-deprecated -fvisibility-inlines-hidden -DUSE_PTHREADPOOL -DNDEBUG -DUSE_KINETO -DLIBKINETO_NOROCTRACER -DUSE_FBGEMM -DUSE_QNNPACK -DUSE_PYTORCH_QNNPACK -DUSE_XNNPACK -DSYMBOLICATE_MOBILE_DEBUG_HANDLE -O2 -fPIC -Wall -Wextra -Werror=return-type -Werror=non-virtual-dtor -Werror=bool-operation -Wnarrowing -Wno-missing-field-initializers -Wno-type-limits -Wno-array-bounds -Wno-unknown-pragmas -Wunused-local-typedefs -Wno-unused-parameter -Wno-unused-function -Wno-unused-result -Wno-strict-overflow -Wno-strict-aliasing -Wno-error=deprecated-declarations -Wno-stringop-overflow -Wno-psabi -Wno-error=pedantic -Wno-error=redundant-decls -Wno-error=old-style-cast -fdiagnostics-color=always -faligned-new -Wno-unused-but-set-variable -Wno-maybe-uninitialized -fno-math-errno -fno-trapping-math -Werror=format -Werror=cast-function-type -Wno-stringop-overflow, LAPACK_INFO=mkl, PERF_WITH_AVX=1, PERF_WITH_AVX2=1, PERF_WITH_AVX512=1, TORCH_DISABLE_GPU_ASSERTS=ON, TORCH_VERSION=2.0.0, USE_CUDA=ON, USE_CUDNN=ON, USE_EXCEPTION_PTR=1, USE_GFLAGS=OFF, USE_GLOG=OFF, USE_MKL=ON, USE_MKLDNN=ON, USE_MPI=OFF, USE_NCCL=1, USE_NNPACK=ON, USE_OPENMP=ON, USE_ROCM=OFF, 

    TorchVision: 0.15.1+cu118
    OpenCV: 4.13.0
    MMEngine: 0.10.7

Runtime environment:
    cudnn_benchmark: False
    mp_cfg: {'mp_start_method': 'fork', 'opencv_num_threads': 0}
    dist_cfg: {'backend': 'nccl'}
    seed: 413019461
    Distributed launcher: none
    Distributed training: False
    GPU number: 1
------------------------------------------------------------

2026/06/01 01:53:31 - mmengine - INFO - Config:
backend_args = None
custom_hooks = [
    dict(after_iter=True, type='EmptyCacheHook'),
]
custom_imports = dict(imports=[
    'projects.TR3D.tr3d',
])
data_root = '/home/zero/USER/HEYU/mmdetection3d/data/scannet/'
dataset_type = 'ScanNetDataset'
default_hooks = dict(
    checkpoint=dict(interval=-1, type='CheckpointHook'),
    logger=dict(interval=50, type='LoggerHook'),
    param_scheduler=dict(type='ParamSchedulerHook'),
    sampler_seed=dict(type='DistSamplerSeedHook'),
    timer=dict(type='IterTimerHook'),
    visualization=dict(type='Det3DVisualizationHook'))
default_scope = 'mmdet3d'
env_cfg = dict(
    cudnn_benchmark=False,
    dist_cfg=dict(backend='nccl'),
    mp_cfg=dict(mp_start_method='fork', opencv_num_threads=0))
launcher = 'none'
load_from = None
log_level = 'INFO'
log_processor = dict(by_epoch=True, type='LogProcessor', window_size=50)
metainfo = dict(
    classes=(
        'cabinet',
        'bed',
        'chair',
        'sofa',
        'table',
        'door',
        'window',
        'bookshelf',
        'picture',
        'counter',
        'desk',
        'curtain',
        'refrigerator',
        'showercurtrain',
        'toilet',
        'sink',
        'bathtub',
        'garbagebin',
    ))
model = dict(
    backbone=dict(
        depth=34,
        in_channels=3,
        norm='batch',
        num_planes=(
            64,
            128,
            128,
            128,
        ),
        type='TR3DMinkResNet'),
    bbox_head=dict(
        in_channels=128,
        label2level=[
            0,
            1,
            0,
            1,
            1,
            0,
            1,
            1,
            0,
            1,
            1,
            1,
            0,
            0,
            0,
            0,
            1,
            0,
        ],
        num_reg_outs=6,
        pts_center_threshold=6,
        type='TR3DHead',
        voxel_size=0.01),
    data_preprocessor=dict(type='Det3DDataPreprocessor'),
    neck=dict(
        in_channels=(
            64,
            128,
            128,
            128,
        ), out_channels=128, type='TR3DNeck'),
    test_cfg=dict(iou_thr=0.5, nms_pre=1000, score_thr=0.01),
    train_cfg=dict(),
    type='MinkSingleStage3DDetector')
optim_wrapper = dict(
    clip_grad=dict(max_norm=10, norm_type=2),
    optimizer=dict(lr=0.001, type='AdamW', weight_decay=0.0001),
    type='OptimWrapper')
param_scheduler = dict(
    begin=0,
    by_epoch=True,
    end=12,
    gamma=0.1,
    milestones=[
        8,
        11,
    ],
    type='MultiStepLR')
resume = False
test_cfg = dict(type='TestLoop')
test_dataloader = dict(
    batch_size=1,
    dataset=dict(
        ann_file='scannet_infos_val.pkl',
        backend_args=None,
        box_type_3d='Depth',
        data_root='/home/zero/USER/HEYU/mmdetection3d/data/scannet/',
        metainfo=dict(
            classes=(
                'cabinet',
                'bed',
                'chair',
                'sofa',
                'table',
                'door',
                'window',
                'bookshelf',
                'picture',
                'counter',
                'desk',
                'curtain',
                'refrigerator',
                'showercurtrain',
                'toilet',
                'sink',
                'bathtub',
                'garbagebin',
            )),
        pipeline=[
            dict(
                coord_type='DEPTH',
                load_dim=6,
                shift_height=False,
                type='LoadPointsFromFile',
                use_color=True,
                use_dim=[
                    0,
                    1,
                    2,
                    3,
                    4,
                    5,
                ]),
            dict(rotation_axis=2, type='GlobalAlignment'),
            dict(
                flip=False,
                img_scale=(
                    1333,
                    800,
                ),
                pts_scale_ratio=1,
                transforms=[
                    dict(color_mean=None, type='NormalizePointsColor'),
                ],
                type='MultiScaleFlipAug3D'),
            dict(keys=[
                'points',
            ], type='Pack3DDetInputs'),
        ],
        test_mode=True,
        type='ScanNetDataset'),
    num_workers=1,
    sampler=dict(shuffle=False, type='DefaultSampler'))
test_evaluator = dict(type='IndoorMetric')
test_pipeline = [
    dict(
        coord_type='DEPTH',
        load_dim=6,
        shift_height=False,
        type='LoadPointsFromFile',
        use_color=True,
        use_dim=[
            0,
            1,
            2,
            3,
            4,
            5,
        ]),
    dict(rotation_axis=2, type='GlobalAlignment'),
    dict(
        flip=False,
        img_scale=(
            1333,
            800,
        ),
        pts_scale_ratio=1,
        transforms=[
            dict(color_mean=None, type='NormalizePointsColor'),
        ],
        type='MultiScaleFlipAug3D'),
    dict(keys=[
        'points',
    ], type='Pack3DDetInputs'),
]
train_cfg = dict(max_epochs=12, type='EpochBasedTrainLoop', val_interval=12)
train_dataloader = dict(
    batch_size=16,
    dataset=dict(
        dataset=dict(
            ann_file='scannet_infos_train.pkl',
            backend_args=None,
            box_type_3d='Depth',
            data_root='/home/zero/USER/HEYU/mmdetection3d/data/scannet/',
            filter_empty_gt=False,
            metainfo=dict(
                classes=(
                    'cabinet',
                    'bed',
                    'chair',
                    'sofa',
                    'table',
                    'door',
                    'window',
                    'bookshelf',
                    'picture',
                    'counter',
                    'desk',
                    'curtain',
                    'refrigerator',
                    'showercurtrain',
                    'toilet',
                    'sink',
                    'bathtub',
                    'garbagebin',
                )),
            pipeline=[
                dict(
                    coord_type='DEPTH',
                    load_dim=6,
                    shift_height=False,
                    type='LoadPointsFromFile',
                    use_color=True,
                    use_dim=[
                        0,
                        1,
                        2,
                        3,
                        4,
                        5,
                    ]),
                dict(type='LoadAnnotations3D'),
                dict(rotation_axis=2, type='GlobalAlignment'),
                dict(num_points=0.33, type='TR3DPointSample'),
                dict(
                    flip_ratio_bev_horizontal=0.5,
                    flip_ratio_bev_vertical=0.5,
                    sync_2d=False,
                    type='RandomFlip3D'),
                dict(
                    rot_range=[
                        -0.02,
                        0.02,
                    ],
                    scale_ratio_range=[
                        0.9,
                        1.1,
                    ],
                    shift_height=False,
                    translation_std=[
                        0.1,
                        0.1,
                        0.1,
                    ],
                    type='GlobalRotScaleTrans'),
                dict(color_mean=None, type='NormalizePointsColor'),
                dict(
                    keys=[
                        'points',
                        'gt_bboxes_3d',
                        'gt_labels_3d',
                    ],
                    type='Pack3DDetInputs'),
            ],
            type='ScanNetDataset'),
        times=15,
        type='RepeatDataset'),
    num_workers=8,
    sampler=dict(shuffle=True, type='DefaultSampler'))
train_pipeline = [
    dict(
        coord_type='DEPTH',
        load_dim=6,
        shift_height=False,
        type='LoadPointsFromFile',
        use_color=True,
        use_dim=[
            0,
            1,
            2,
            3,
            4,
            5,
        ]),
    dict(type='LoadAnnotations3D'),
    dict(rotation_axis=2, type='GlobalAlignment'),
    dict(num_points=0.33, type='TR3DPointSample'),
    dict(
        flip_ratio_bev_horizontal=0.5,
        flip_ratio_bev_vertical=0.5,
        sync_2d=False,
        type='RandomFlip3D'),
    dict(
        rot_range=[
            -0.02,
            0.02,
        ],
        scale_ratio_range=[
            0.9,
            1.1,
        ],
        shift_height=False,
        translation_std=[
            0.1,
            0.1,
            0.1,
        ],
        type='GlobalRotScaleTrans'),
    dict(color_mean=None, type='NormalizePointsColor'),
    dict(
        keys=[
            'points',
            'gt_bboxes_3d',
            'gt_labels_3d',
        ],
        type='Pack3DDetInputs'),
]
val_cfg = dict(type='ValLoop')
val_dataloader = dict(
    batch_size=1,
    dataset=dict(
        ann_file='scannet_infos_val.pkl',
        backend_args=None,
        box_type_3d='Depth',
        data_root='/home/zero/USER/HEYU/mmdetection3d/data/scannet/',
        metainfo=dict(
            classes=(
                'cabinet',
                'bed',
                'chair',
                'sofa',
                'table',
                'door',
                'window',
                'bookshelf',
                'picture',
                'counter',
                'desk',
                'curtain',
                'refrigerator',
                'showercurtrain',
                'toilet',
                'sink',
                'bathtub',
                'garbagebin',
            )),
        pipeline=[
            dict(
                coord_type='DEPTH',
                load_dim=6,
                shift_height=False,
                type='LoadPointsFromFile',
                use_color=True,
                use_dim=[
                    0,
                    1,
                    2,
                    3,
                    4,
                    5,
                ]),
            dict(rotation_axis=2, type='GlobalAlignment'),
            dict(
                flip=False,
                img_scale=(
                    1333,
                    800,
                ),
                pts_scale_ratio=1,
                transforms=[
                    dict(color_mean=None, type='NormalizePointsColor'),
                ],
                type='MultiScaleFlipAug3D'),
            dict(keys=[
                'points',
            ], type='Pack3DDetInputs'),
        ],
        test_mode=True,
        type='ScanNetDataset'),
    num_workers=1,
    sampler=dict(shuffle=False, type='DefaultSampler'))
val_evaluator = dict(type='IndoorMetric')
vis_backends = [
    dict(type='LocalVisBackend'),
]
visualizer = dict(
    name='visualizer',
    type='Det3DLocalVisualizer',
    vis_backends=[
        dict(type='LocalVisBackend'),
    ])
work_dir = '/home/zero/USER/HEYU/mmdetection3d/work_dirs/scannet/DFF_TR3D/0'

2026/06/01 01:53:33 - mmengine - INFO - Distributed training is not used, all SyncBatchNorm (SyncBN) layers in the model will be automatically reverted to BatchNormXd layers if they are used.
2026/06/01 01:53:33 - mmengine - INFO - Hooks will be executed in the following order:
before_run:
(VERY_HIGH   ) RuntimeInfoHook                    
(BELOW_NORMAL) LoggerHook                         
 -------------------- 
before_train:
(VERY_HIGH   ) RuntimeInfoHook                    
(NORMAL      ) IterTimerHook                      
(VERY_LOW    ) CheckpointHook                     
 -------------------- 
before_train_epoch:
(VERY_HIGH   ) RuntimeInfoHook                    
(NORMAL      ) IterTimerHook                      
(NORMAL      ) DistSamplerSeedHook                
(NORMAL      ) EmptyCacheHook                     
 -------------------- 
before_train_iter:
(VERY_HIGH   ) RuntimeInfoHook                    
(NORMAL      ) IterTimerHook                      
 -------------------- 
after_train_iter:
(VERY_HIGH   ) RuntimeInfoHook                    
(NORMAL      ) IterTimerHook                      
(NORMAL      ) EmptyCacheHook                     
(BELOW_NORMAL) LoggerHook                         
(LOW         ) ParamSchedulerHook                 
(VERY_LOW    ) CheckpointHook                     
 -------------------- 
after_train_epoch:
(NORMAL      ) IterTimerHook                      
(NORMAL      ) EmptyCacheHook                     
(LOW         ) ParamSchedulerHook                 
(VERY_LOW    ) CheckpointHook                     
 -------------------- 
before_val:
(VERY_HIGH   ) RuntimeInfoHook                    
 -------------------- 
before_val_epoch:
(NORMAL      ) IterTimerHook                      
(NORMAL      ) EmptyCacheHook                     
 -------------------- 
before_val_iter:
(NORMAL      ) IterTimerHook                      
 -------------------- 
after_val_iter:
(NORMAL      ) IterTimerHook                      
(NORMAL      ) Det3DVisualizationHook             
(NORMAL      ) EmptyCacheHook                     
(BELOW_NORMAL) LoggerHook                         
 -------------------- 
after_val_epoch:
(VERY_HIGH   ) RuntimeInfoHook                    
(NORMAL      ) IterTimerHook                      
(NORMAL      ) EmptyCacheHook                     
(BELOW_NORMAL) LoggerHook                         
(LOW         ) ParamSchedulerHook                 
(VERY_LOW    ) CheckpointHook                     
 -------------------- 
after_val:
(VERY_HIGH   ) RuntimeInfoHook                    
 -------------------- 
after_train:
(VERY_HIGH   ) RuntimeInfoHook                    
(VERY_LOW    ) CheckpointHook                     
 -------------------- 
before_test:
(VERY_HIGH   ) RuntimeInfoHook                    
 -------------------- 
before_test_epoch:
(NORMAL      ) IterTimerHook                      
(NORMAL      ) EmptyCacheHook                     
 -------------------- 
before_test_iter:
(NORMAL      ) IterTimerHook                      
 -------------------- 
after_test_iter:
(NORMAL      ) IterTimerHook                      
(NORMAL      ) Det3DVisualizationHook             
(NORMAL      ) EmptyCacheHook                     
(BELOW_NORMAL) LoggerHook                         
 -------------------- 
after_test_epoch:
(VERY_HIGH   ) RuntimeInfoHook                    
(NORMAL      ) IterTimerHook                      
(NORMAL      ) EmptyCacheHook                     
(BELOW_NORMAL) LoggerHook                         
 -------------------- 
after_test:
(VERY_HIGH   ) RuntimeInfoHook                    
 -------------------- 
after_run:
(BELOW_NORMAL) LoggerHook                         
 -------------------- 
2026/06/01 01:53:34 - mmengine - INFO - ------------------------------
2026/06/01 01:53:34 - mmengine - INFO - The length of training dataset: 1201
2026/06/01 01:53:34 - mmengine - INFO - The number of instances per category in the dataset:
+----------------+--------+
| category       | number |
+----------------+--------+
| cabinet        | 1427   |
| bed            | 307    |
| chair          | 4357   |
| sofa           | 406    |
| table          | 1271   |
| door           | 2026   |
| window         | 928    |
| bookshelf      | 300    |
| picture        | 661    |
| counter        | 216    |
| desk           | 551    |
| curtain        | 292    |
| refrigerator   | 186    |
| showercurtrain | 116    |
| toilet         | 201    |
| sink           | 390    |
| bathtub        | 113    |
| garbagebin     | 1985   |
+----------------+--------+
2026/06/01 01:53:34 - mmengine - INFO - ------------------------------
2026/06/01 01:53:34 - mmengine - INFO - The length of test dataset: 312
2026/06/01 01:53:34 - mmengine - INFO - The number of instances per category in the dataset:
+----------------+--------+
| category       | number |
+----------------+--------+
| cabinet        | 372    |
| bed            | 81     |
| chair          | 1368   |
| sofa           | 97     |
| table          | 350    |
| door           | 467    |
| window         | 282    |
| bookshelf      | 77     |
| picture        | 222    |
| counter        | 52     |
| desk           | 127    |
| curtain        | 67     |
| refrigerator   | 57     |
| showercurtrain | 28     |
| toilet         | 58     |
| sink           | 98     |
| bathtub        | 31     |
| garbagebin     | 530    |
+----------------+--------+
2026/06/01 01:53:34 - mmengine - WARNING - The prefix is not set in metric class IndoorMetric.
Name of parameter - Initialization information

backbone.conv1.kernel - torch.Size([27, 3, 64]): 
Initialized by user-defined `init_weights` in TR3DMinkResNet  

backbone.norm1.bn.weight - torch.Size([64]): 
The value is the same before and after calling `init_weights` of MinkSingleStage3DDetector  

backbone.norm1.bn.bias - torch.Size([64]): 
The value is the same before and after calling `init_weights` of MinkSingleStage3DDetector  

backbone.layer1.0.conv1.kernel - torch.Size([27, 64, 64]): 
Initialized by user-defined `init_weights` in TR3DMinkResNet  

backbone.layer1.0.norm1.bn.weight - torch.Size([64]): 
The value is the same before and after calling `init_weights` of MinkSingleStage3DDetector  

backbone.layer1.0.norm1.bn.bias - torch.Size([64]): 
The value is the same before and after calling `init_weights` of MinkSingleStage3DDetector  

backbone.layer1.0.conv2.kernel - torch.Size([27, 64, 64]): 
Initialized by user-defined `init_weights` in TR3DMinkResNet  

backbone.layer1.0.norm2.bn.weight - torch.Size([64]): 
The value is the same before and after calling `init_weights` of MinkSingleStage3DDetector  

backbone.layer1.0.norm2.bn.bias - torch.Size([64]): 
The value is the same before and after calling `init_weights` of MinkSingleStage3DDetector  

backbone.layer1.0.downsample.0.kernel - torch.Size([1, 64, 64]): 
Initialized by user-defined `init_weights` in TR3DMinkResNet  

backbone.layer1.0.downsample.1.bn.weight - torch.Size([64]): 
The value is the same before and after calling `init_weights` of MinkSingleStage3DDetector  

backbone.layer1.0.downsample.1.bn.bias - torch.Size([64]): 
The value is the same before and after calling `init_weights` of MinkSingleStage3DDetector  

backbone.layer1.1.conv1.kernel - torch.Size([27, 64, 64]): 
Initialized by user-defined `init_weights` in TR3DMinkResNet  

backbone.layer1.1.norm1.bn.weight - torch.Size([64]): 
The value is the same before and after calling `init_weights` of MinkSingleStage3DDetector  

backbone.layer1.1.norm1.bn.bias - torch.Size([64]): 
The value is the same before and after calling `init_weights` of MinkSingleStage3DDetector  

backbone.layer1.1.conv2.kernel - torch.Size([27, 64, 64]): 
Initialized by user-defined `init_weights` in TR3DMinkResNet  

backbone.layer1.1.norm2.bn.weight - torch.Size([64]): 
The value is the same before and after calling `init_weights` of MinkSingleStage3DDetector  

backbone.layer1.1.norm2.bn.bias - torch.Size([64]): 
The value is the same before and after calling `init_weights` of MinkSingleStage3DDetector  

backbone.layer1.2.conv1.kernel - torch.Size([27, 64, 64]): 
Initialized by user-defined `init_weights` in TR3DMinkResNet  

backbone.layer1.2.norm1.bn.weight - torch.Size([64]): 
The value is the same before and after calling `init_weights` of MinkSingleStage3DDetector  

backbone.layer1.2.norm1.bn.bias - torch.Size([64]): 
The value is the same before and after calling `init_weights` of MinkSingleStage3DDetector  

backbone.layer1.2.conv2.kernel - torch.Size([27, 64, 64]): 
Initialized by user-defined `init_weights` in TR3DMinkResNet  

backbone.layer1.2.norm2.bn.weight - torch.Size([64]): 
The value is the same before and after calling `init_weights` of MinkSingleStage3DDetector  

backbone.layer1.2.norm2.bn.bias - torch.Size([64]): 
The value is the same before and after calling `init_weights` of MinkSingleStage3DDetector  

backbone.layer2.0.conv1.kernel - torch.Size([27, 64, 128]): 
Initialized by user-defined `init_weights` in TR3DMinkResNet  

backbone.layer2.0.norm1.bn.weight - torch.Size([128]): 
The value is the same before and after calling `init_weights` of MinkSingleStage3DDetector  

backbone.layer2.0.norm1.bn.bias - torch.Size([128]): 
The value is the same before and after calling `init_weights` of MinkSingleStage3DDetector  

backbone.layer2.0.conv2.kernel - torch.Size([27, 128, 128]): 
Initialized by user-defined `init_weights` in TR3DMinkResNet  

backbone.layer2.0.norm2.bn.weight - torch.Size([128]): 
The value is the same before and after calling `init_weights` of MinkSingleStage3DDetector  

backbone.layer2.0.norm2.bn.bias - torch.Size([128]): 
The value is the same before and after calling `init_weights` of MinkSingleStage3DDetector  

backbone.layer2.0.downsample.0.kernel - torch.Size([1, 64, 128]): 
Initialized by user-defined `init_weights` in TR3DMinkResNet  

backbone.layer2.0.downsample.1.bn.weight - torch.Size([128]): 
The value is the same before and after calling `init_weights` of MinkSingleStage3DDetector  

backbone.layer2.0.downsample.1.bn.bias - torch.Size([128]): 
The value is the same before and after calling `init_weights` of MinkSingleStage3DDetector  

backbone.layer2.1.conv1.kernel - torch.Size([27, 128, 128]): 
Initialized by user-defined `init_weights` in TR3DMinkResNet  

backbone.layer2.1.norm1.bn.weight - torch.Size([128]): 
The value is the same before and after calling `init_weights` of MinkSingleStage3DDetector  

backbone.layer2.1.norm1.bn.bias - torch.Size([128]): 
The value is the same before and after calling `init_weights` of MinkSingleStage3DDetector  

backbone.layer2.1.conv2.kernel - torch.Size([27, 128, 128]): 
Initialized by user-defined `init_weights` in TR3DMinkResNet  

backbone.layer2.1.norm2.bn.weight - torch.Size([128]): 
The value is the same before and after calling `init_weights` of MinkSingleStage3DDetector  

backbone.layer2.1.norm2.bn.bias - torch.Size([128]): 
The value is the same before and after calling `init_weights` of MinkSingleStage3DDetector  

backbone.layer2.2.conv1.kernel - torch.Size([27, 128, 128]): 
Initialized by user-defined `init_weights` in TR3DMinkResNet  

backbone.layer2.2.norm1.bn.weight - torch.Size([128]): 
The value is the same before and after calling `init_weights` of MinkSingleStage3DDetector  

backbone.layer2.2.norm1.bn.bias - torch.Size([128]): 
The value is the same before and after calling `init_weights` of MinkSingleStage3DDetector  

backbone.layer2.2.conv2.kernel - torch.Size([27, 128, 128]): 
Initialized by user-defined `init_weights` in TR3DMinkResNet  

backbone.layer2.2.norm2.bn.weight - torch.Size([128]): 
The value is the same before and after calling `init_weights` of MinkSingleStage3DDetector  

backbone.layer2.2.norm2.bn.bias - torch.Size([128]): 
The value is the same before and after calling `init_weights` of MinkSingleStage3DDetector  

backbone.layer2.3.conv1.kernel - torch.Size([27, 128, 128]): 
Initialized by user-defined `init_weights` in TR3DMinkResNet  

backbone.layer2.3.norm1.bn.weight - torch.Size([128]): 
The value is the same before and after calling `init_weights` of MinkSingleStage3DDetector  

backbone.layer2.3.norm1.bn.bias - torch.Size([128]): 
The value is the same before and after calling `init_weights` of MinkSingleStage3DDetector  

backbone.layer2.3.conv2.kernel - torch.Size([27, 128, 128]): 
Initialized by user-defined `init_weights` in TR3DMinkResNet  

backbone.layer2.3.norm2.bn.weight - torch.Size([128]): 
The value is the same before and after calling `init_weights` of MinkSingleStage3DDetector  

backbone.layer2.3.norm2.bn.bias - torch.Size([128]): 
The value is the same before and after calling `init_weights` of MinkSingleStage3DDetector  

backbone.layer3.0.conv1.kernel - torch.Size([27, 128, 128]): 
Initialized by user-defined `init_weights` in TR3DMinkResNet  

backbone.layer3.0.norm1.bn.weight - torch.Size([128]): 
The value is the same before and after calling `init_weights` of MinkSingleStage3DDetector  

backbone.layer3.0.norm1.bn.bias - torch.Size([128]): 
The value is the same before and after calling `init_weights` of MinkSingleStage3DDetector  

backbone.layer3.0.conv2.kernel - torch.Size([27, 128, 128]): 
Initialized by user-defined `init_weights` in TR3DMinkResNet  

backbone.layer3.0.norm2.bn.weight - torch.Size([128]): 
The value is the same before and after calling `init_weights` of MinkSingleStage3DDetector  

backbone.layer3.0.norm2.bn.bias - torch.Size([128]): 
The value is the same before and after calling `init_weights` of MinkSingleStage3DDetector  

backbone.layer3.0.downsample.0.kernel - torch.Size([1, 128, 128]): 
Initialized by user-defined `init_weights` in TR3DMinkResNet  

backbone.layer3.0.downsample.1.bn.weight - torch.Size([128]): 
The value is the same before and after calling `init_weights` of MinkSingleStage3DDetector  

backbone.layer3.0.downsample.1.bn.bias - torch.Size([128]): 
The value is the same before and after calling `init_weights` of MinkSingleStage3DDetector  

backbone.layer3.1.conv1.kernel - torch.Size([27, 128, 128]): 
Initialized by user-defined `init_weights` in TR3DMinkResNet  

backbone.layer3.1.norm1.bn.weight - torch.Size([128]): 
The value is the same before and after calling `init_weights` of MinkSingleStage3DDetector  

backbone.layer3.1.norm1.bn.bias - torch.Size([128]): 
The value is the same before and after calling `init_weights` of MinkSingleStage3DDetector  

backbone.layer3.1.conv2.kernel - torch.Size([27, 128, 128]): 
Initialized by user-defined `init_weights` in TR3DMinkResNet  

backbone.layer3.1.norm2.bn.weight - torch.Size([128]): 
The value is the same before and after calling `init_weights` of MinkSingleStage3DDetector  

backbone.layer3.1.norm2.bn.bias - torch.Size([128]): 
The value is the same before and after calling `init_weights` of MinkSingleStage3DDetector  

backbone.layer3.2.conv1.kernel - torch.Size([27, 128, 128]): 
Initialized by user-defined `init_weights` in TR3DMinkResNet  

backbone.layer3.2.norm1.bn.weight - torch.Size([128]): 
The value is the same before and after calling `init_weights` of MinkSingleStage3DDetector  

backbone.layer3.2.norm1.bn.bias - torch.Size([128]): 
The value is the same before and after calling `init_weights` of MinkSingleStage3DDetector  

backbone.layer3.2.conv2.kernel - torch.Size([27, 128, 128]): 
Initialized by user-defined `init_weights` in TR3DMinkResNet  

backbone.layer3.2.norm2.bn.weight - torch.Size([128]): 
The value is the same before and after calling `init_weights` of MinkSingleStage3DDetector  

backbone.layer3.2.norm2.bn.bias - torch.Size([128]): 
The value is the same before and after calling `init_weights` of MinkSingleStage3DDetector  

backbone.layer3.3.conv1.kernel - torch.Size([27, 128, 128]): 
Initialized by user-defined `init_weights` in TR3DMinkResNet  

backbone.layer3.3.norm1.bn.weight - torch.Size([128]): 
The value is the same before and after calling `init_weights` of MinkSingleStage3DDetector  

backbone.layer3.3.norm1.bn.bias - torch.Size([128]): 
The value is the same before and after calling `init_weights` of MinkSingleStage3DDetector  

backbone.layer3.3.conv2.kernel - torch.Size([27, 128, 128]): 
Initialized by user-defined `init_weights` in TR3DMinkResNet  

backbone.layer3.3.norm2.bn.weight - torch.Size([128]): 
The value is the same before and after calling `init_weights` of MinkSingleStage3DDetector  

backbone.layer3.3.norm2.bn.bias - torch.Size([128]): 
The value is the same before and after calling `init_weights` of MinkSingleStage3DDetector  

backbone.layer3.4.conv1.kernel - torch.Size([27, 128, 128]): 
Initialized by user-defined `init_weights` in TR3DMinkResNet  

backbone.layer3.4.norm1.bn.weight - torch.Size([128]): 
The value is the same before and after calling `init_weights` of MinkSingleStage3DDetector  

backbone.layer3.4.norm1.bn.bias - torch.Size([128]): 
The value is the same before and after calling `init_weights` of MinkSingleStage3DDetector  

backbone.layer3.4.conv2.kernel - torch.Size([27, 128, 128]): 
Initialized by user-defined `init_weights` in TR3DMinkResNet  

backbone.layer3.4.norm2.bn.weight - torch.Size([128]): 
The value is the same before and after calling `init_weights` of MinkSingleStage3DDetector  

backbone.layer3.4.norm2.bn.bias - torch.Size([128]): 
The value is the same before and after calling `init_weights` of MinkSingleStage3DDetector  

backbone.layer3.5.conv1.kernel - torch.Size([27, 128, 128]): 
Initialized by user-defined `init_weights` in TR3DMinkResNet  

backbone.layer3.5.norm1.bn.weight - torch.Size([128]): 
The value is the same before and after calling `init_weights` of MinkSingleStage3DDetector  

backbone.layer3.5.norm1.bn.bias - torch.Size([128]): 
The value is the same before and after calling `init_weights` of MinkSingleStage3DDetector  

backbone.layer3.5.conv2.kernel - torch.Size([27, 128, 128]): 
Initialized by user-defined `init_weights` in TR3DMinkResNet  

backbone.layer3.5.norm2.bn.weight - torch.Size([128]): 
The value is the same before and after calling `init_weights` of MinkSingleStage3DDetector  

backbone.layer3.5.norm2.bn.bias - torch.Size([128]): 
The value is the same before and after calling `init_weights` of MinkSingleStage3DDetector  

backbone.layer4.0.conv1.kernel - torch.Size([27, 128, 128]): 
Initialized by user-defined `init_weights` in TR3DMinkResNet  

backbone.layer4.0.norm1.bn.weight - torch.Size([128]): 
The value is the same before and after calling `init_weights` of MinkSingleStage3DDetector  

backbone.layer4.0.norm1.bn.bias - torch.Size([128]): 
The value is the same before and after calling `init_weights` of MinkSingleStage3DDetector  

backbone.layer4.0.conv2.kernel - torch.Size([27, 128, 128]): 
Initialized by user-defined `init_weights` in TR3DMinkResNet  

backbone.layer4.0.norm2.bn.weight - torch.Size([128]): 
The value is the same before and after calling `init_weights` of MinkSingleStage3DDetector  

backbone.layer4.0.norm2.bn.bias - torch.Size([128]): 
The value is the same before and after calling `init_weights` of MinkSingleStage3DDetector  

backbone.layer4.0.downsample.0.kernel - torch.Size([1, 128, 128]): 
Initialized by user-defined `init_weights` in TR3DMinkResNet  

backbone.layer4.0.downsample.1.bn.weight - torch.Size([128]): 
The value is the same before and after calling `init_weights` of MinkSingleStage3DDetector  

backbone.layer4.0.downsample.1.bn.bias - torch.Size([128]): 
The value is the same before and after calling `init_weights` of MinkSingleStage3DDetector  

backbone.layer4.1.conv1.kernel - torch.Size([27, 128, 128]): 
Initialized by user-defined `init_weights` in TR3DMinkResNet  

backbone.layer4.1.norm1.bn.weight - torch.Size([128]): 
The value is the same before and after calling `init_weights` of MinkSingleStage3DDetector  

backbone.layer4.1.norm1.bn.bias - torch.Size([128]): 
The value is the same before and after calling `init_weights` of MinkSingleStage3DDetector  

backbone.layer4.1.conv2.kernel - torch.Size([27, 128, 128]): 
Initialized by user-defined `init_weights` in TR3DMinkResNet  

backbone.layer4.1.norm2.bn.weight - torch.Size([128]): 
The value is the same before and after calling `init_weights` of MinkSingleStage3DDetector  

backbone.layer4.1.norm2.bn.bias - torch.Size([128]): 
The value is the same before and after calling `init_weights` of MinkSingleStage3DDetector  

backbone.layer4.2.conv1.kernel - torch.Size([27, 128, 128]): 
Initialized by user-defined `init_weights` in TR3DMinkResNet  

backbone.layer4.2.norm1.bn.weight - torch.Size([128]): 
The value is the same before and after calling `init_weights` of MinkSingleStage3DDetector  

backbone.layer4.2.norm1.bn.bias - torch.Size([128]): 
The value is the same before and after calling `init_weights` of MinkSingleStage3DDetector  

backbone.layer4.2.conv2.kernel - torch.Size([27, 128, 128]): 
Initialized by user-defined `init_weights` in TR3DMinkResNet  

backbone.layer4.2.norm2.bn.weight - torch.Size([128]): 
The value is the same before and after calling `init_weights` of MinkSingleStage3DDetector  

backbone.layer4.2.norm2.bn.bias - torch.Size([128]): 
The value is the same before and after calling `init_weights` of MinkSingleStage3DDetector  

neck.lateral_block_0.0.kernel - torch.Size([27, 128, 128]): 
Initialized by user-defined `init_weights` in TR3DNeck  

neck.lateral_block_0.1.bn.weight - torch.Size([128]): 
The value is the same before and after calling `init_weights` of MinkSingleStage3DDetector  

neck.lateral_block_0.1.bn.bias - torch.Size([128]): 
The value is the same before and after calling `init_weights` of MinkSingleStage3DDetector  

neck.out_block_0.0.kernel - torch.Size([27, 128, 128]): 
Initialized by user-defined `init_weights` in TR3DNeck  

neck.out_block_0.1.bn.weight - torch.Size([128]): 
The value is the same before and after calling `init_weights` of MinkSingleStage3DDetector  

neck.out_block_0.1.bn.bias - torch.Size([128]): 
The value is the same before and after calling `init_weights` of MinkSingleStage3DDetector  

neck.up_block_1.0.kernel - torch.Size([27, 128, 128]): 
The value is the same before and after calling `init_weights` of MinkSingleStage3DDetector  

neck.up_block_1.1.bn.weight - torch.Size([128]): 
The value is the same before and after calling `init_weights` of MinkSingleStage3DDetector  

neck.up_block_1.1.bn.bias - torch.Size([128]): 
The value is the same before and after calling `init_weights` of MinkSingleStage3DDetector  

neck.lateral_block_1.0.kernel - torch.Size([27, 128, 128]): 
Initialized by user-defined `init_weights` in TR3DNeck  

neck.lateral_block_1.1.bn.weight - torch.Size([128]): 
The value is the same before and after calling `init_weights` of MinkSingleStage3DDetector  

neck.lateral_block_1.1.bn.bias - torch.Size([128]): 
The value is the same before and after calling `init_weights` of MinkSingleStage3DDetector  

neck.out_block_1.0.kernel - torch.Size([27, 128, 128]): 
Initialized by user-defined `init_weights` in TR3DNeck  

neck.out_block_1.1.bn.weight - torch.Size([128]): 
The value is the same before and after calling `init_weights` of MinkSingleStage3DDetector  

neck.out_block_1.1.bn.bias - torch.Size([128]): 
The value is the same before and after calling `init_weights` of MinkSingleStage3DDetector  

neck.up_block_2.0.kernel - torch.Size([27, 128, 128]): 
The value is the same before and after calling `init_weights` of MinkSingleStage3DDetector  

neck.up_block_2.1.bn.weight - torch.Size([128]): 
The value is the same before and after calling `init_weights` of MinkSingleStage3DDetector  

neck.up_block_2.1.bn.bias - torch.Size([128]): 
The value is the same before and after calling `init_weights` of MinkSingleStage3DDetector  

bbox_head.conv_reg.kernel - torch.Size([128, 6]): 
Initialized by user-defined `init_weights` in TR3DHead  

bbox_head.conv_reg.bias - torch.Size([1, 6]): 
The value is the same before and after calling `init_weights` of MinkSingleStage3DDetector  

bbox_head.conv_cls.kernel - torch.Size([128, 18]): 
Initialized by user-defined `init_weights` in TR3DHead  

bbox_head.conv_cls.bias - torch.Size([1, 18]): 
Initialized by user-defined `init_weights` in TR3DHead  
2026/06/01 01:53:34 - mmengine - WARNING - "FileClient" will be deprecated in future. Please use io functions in https://mmengine.readthedocs.io/en/latest/api/fileio.html#file-io
2026/06/01 01:53:34 - mmengine - WARNING - "HardDiskBackend" is the alias of "LocalBackend" and the former will be deprecated in future.
2026/06/01 01:53:34 - mmengine - INFO - Checkpoints will be saved to /home/zero/USER/HEYU/mmdetection3d/work_dirs/scannet/DFF_TR3D/0.
2026/06/01 01:54:08 - mmengine - INFO - Epoch(train)  [1][  50/1126]  lr: 1.0000e-03  eta: 2:32:50  time: 0.6812  data_time: 0.0668  memory: 5458  grad_norm: 4.3148  loss: 1.4300  bbox_loss: 0.6944  cls_loss: 0.7356
2026/06/01 01:54:42 - mmengine - INFO - Epoch(train)  [1][ 100/1126]  lr: 1.0000e-03  eta: 2:31:14  time: 0.6720  data_time: 0.0506  memory: 5380  grad_norm: 6.0700  loss: 1.0917  bbox_loss: 0.6038  cls_loss: 0.4880
2026/06/01 01:55:15 - mmengine - INFO - Epoch(train)  [1][ 150/1126]  lr: 1.0000e-03  eta: 2:29:43  time: 0.6637  data_time: 0.0475  memory: 5371  grad_norm: 6.5720  loss: 1.0137  bbox_loss: 0.5719  cls_loss: 0.4417
2026/06/01 01:55:48 - mmengine - INFO - Epoch(train)  [1][ 200/1126]  lr: 1.0000e-03  eta: 2:28:06  time: 0.6532  data_time: 0.0464  memory: 5451  grad_norm: 8.4461  loss: 0.9484  bbox_loss: 0.5447  cls_loss: 0.4037
2026/06/01 01:56:20 - mmengine - INFO - Epoch(train)  [1][ 250/1126]  lr: 1.0000e-03  eta: 2:26:45  time: 0.6495  data_time: 0.0465  memory: 5090  grad_norm: 8.2915  loss: 0.9130  bbox_loss: 0.5289  cls_loss: 0.3841
2026/06/01 01:56:53 - mmengine - INFO - Epoch(train)  [1][ 300/1126]  lr: 1.0000e-03  eta: 2:26:02  time: 0.6595  data_time: 0.0490  memory: 5515  grad_norm: 8.7099  loss: 0.8747  bbox_loss: 0.5129  cls_loss: 0.3618
2026/06/01 01:57:26 - mmengine - INFO - Epoch(train)  [1][ 350/1126]  lr: 1.0000e-03  eta: 2:25:17  time: 0.6572  data_time: 0.0482  memory: 5707  grad_norm: 8.9366  loss: 0.8423  bbox_loss: 0.4957  cls_loss: 0.3466
2026/06/01 01:58:00 - mmengine - INFO - Epoch(train)  [1][ 400/1126]  lr: 1.0000e-03  eta: 2:25:14  time: 0.6807  data_time: 0.0485  memory: 5478  grad_norm: 7.0601  loss: 0.8110  bbox_loss: 0.4819  cls_loss: 0.3292
2026/06/01 01:58:33 - mmengine - INFO - Epoch(train)  [1][ 450/1126]  lr: 1.0000e-03  eta: 2:24:22  time: 0.6517  data_time: 0.0479  memory: 5254  grad_norm: 8.1636  loss: 0.8006  bbox_loss: 0.4758  cls_loss: 0.3248
2026/06/01 01:59:07 - mmengine - INFO - Epoch(train)  [1][ 500/1126]  lr: 1.0000e-03  eta: 2:24:13  time: 0.6816  data_time: 0.0503  memory: 5381  grad_norm: 7.8639  loss: 0.7797  bbox_loss: 0.4643  cls_loss: 0.3153
2026/06/01 01:59:41 - mmengine - INFO - Epoch(train)  [1][ 550/1126]  lr: 1.0000e-03  eta: 2:23:54  time: 0.6771  data_time: 0.0477  memory: 5771  grad_norm: 7.2156  loss: 0.7652  bbox_loss: 0.4561  cls_loss: 0.3090
2026/06/01 02:00:14 - mmengine - INFO - Epoch(train)  [1][ 600/1126]  lr: 1.0000e-03  eta: 2:23:22  time: 0.6676  data_time: 0.0487  memory: 5250  grad_norm: 6.2914  loss: 0.7517  bbox_loss: 0.4484  cls_loss: 0.3033
2026/06/01 02:00:48 - mmengine - INFO - Epoch(train)  [1][ 650/1126]  lr: 1.0000e-03  eta: 2:22:58  time: 0.6755  data_time: 0.0481  memory: 5788  grad_norm: 7.2139  loss: 0.7408  bbox_loss: 0.4449  cls_loss: 0.2959
2026/06/01 02:01:21 - mmengine - INFO - Epoch(train)  [1][ 700/1126]  lr: 1.0000e-03  eta: 2:22:18  time: 0.6596  data_time: 0.0463  memory: 5544  grad_norm: 7.5502  loss: 0.7271  bbox_loss: 0.4370  cls_loss: 0.2901
2026/06/01 02:01:54 - mmengine - INFO - Epoch(train)  [1][ 750/1126]  lr: 1.0000e-03  eta: 2:21:48  time: 0.6703  data_time: 0.0484  memory: 5677  grad_norm: 7.4412  loss: 0.7223  bbox_loss: 0.4356  cls_loss: 0.2867
2026/06/01 02:02:27 - mmengine - INFO - Epoch(train)  [1][ 800/1126]  lr: 1.0000e-03  eta: 2:21:08  time: 0.6586  data_time: 0.0501  memory: 5245  grad_norm: 8.3011  loss: 0.7065  bbox_loss: 0.4308  cls_loss: 0.2757
2026/06/01 02:03:01 - mmengine - INFO - Epoch(train)  [1][ 850/1126]  lr: 1.0000e-03  eta: 2:20:46  time: 0.6806  data_time: 0.0510  memory: 5852  grad_norm: 6.7870  loss: 0.6926  bbox_loss: 0.4210  cls_loss: 0.2716
2026/06/01 02:03:35 - mmengine - INFO - Epoch(train)  [1][ 900/1126]  lr: 1.0000e-03  eta: 2:20:17  time: 0.6735  data_time: 0.0488  memory: 5325  grad_norm: 7.8894  loss: 0.6956  bbox_loss: 0.4216  cls_loss: 0.2740
2026/06/01 02:04:09 - mmengine - INFO - Epoch(train)  [1][ 950/1126]  lr: 1.0000e-03  eta: 2:19:50  time: 0.6777  data_time: 0.0474  memory: 5203  grad_norm: 7.7799  loss: 0.6700  bbox_loss: 0.4093  cls_loss: 0.2607
2026/06/01 02:04:43 - mmengine - INFO - Exp name: tr3d_1xb16_scannet-3d-18class_20260601_015330
2026/06/01 02:04:43 - mmengine - INFO - Epoch(train)  [1][1000/1126]  lr: 1.0000e-03  eta: 2:19:24  time: 0.6790  data_time: 0.0482  memory: 5675  grad_norm: 6.8576  loss: 0.6707  bbox_loss: 0.4115  cls_loss: 0.2593
2026/06/01 02:05:17 - mmengine - INFO - Epoch(train)  [1][1050/1126]  lr: 1.0000e-03  eta: 2:18:53  time: 0.6733  data_time: 0.0505  memory: 5291  grad_norm: 9.9116  loss: 0.6713  bbox_loss: 0.4144  cls_loss: 0.2570
2026/06/01 02:05:50 - mmengine - INFO - Epoch(train)  [1][1100/1126]  lr: 1.0000e-03  eta: 2:18:21  time: 0.6708  data_time: 0.0478  memory: 5716  grad_norm: 8.2160  loss: 0.6565  bbox_loss: 0.4034  cls_loss: 0.2531
2026/06/01 02:06:07 - mmengine - INFO - Exp name: tr3d_1xb16_scannet-3d-18class_20260601_015330
2026/06/01 02:06:42 - mmengine - INFO - Epoch(train)  [2][  50/1126]  lr: 1.0000e-03  eta: 2:17:45  time: 0.7001  data_time: 0.0657  memory: 5246  grad_norm: 8.2154  loss: 0.6507  bbox_loss: 0.4031  cls_loss: 0.2476
2026/06/01 02:07:17 - mmengine - INFO - Epoch(train)  [2][ 100/1126]  lr: 1.0000e-03  eta: 2:17:19  time: 0.6847  data_time: 0.0485  memory: 5822  grad_norm: 6.8919  loss: 0.6380  bbox_loss: 0.3943  cls_loss: 0.2438
2026/06/01 02:07:51 - mmengine - INFO - Epoch(train)  [2][ 150/1126]  lr: 1.0000e-03  eta: 2:16:54  time: 0.6896  data_time: 0.0500  memory: 5357  grad_norm: 8.6876  loss: 0.6398  bbox_loss: 0.3949  cls_loss: 0.2448
2026/06/01 02:08:25 - mmengine - INFO - Epoch(train)  [2][ 200/1126]  lr: 1.0000e-03  eta: 2:16:21  time: 0.6720  data_time: 0.0492  memory: 5601  grad_norm: 7.9335  loss: 0.6280  bbox_loss: 0.3901  cls_loss: 0.2379
2026/06/01 02:08:59 - mmengine - INFO - Epoch(train)  [2][ 250/1126]  lr: 1.0000e-03  eta: 2:15:56  time: 0.6912  data_time: 0.0489  memory: 5393  grad_norm: 6.3918  loss: 0.6365  bbox_loss: 0.3956  cls_loss: 0.2409
2026/06/01 02:09:34 - mmengine - INFO - Epoch(train)  [2][ 300/1126]  lr: 1.0000e-03  eta: 2:15:28  time: 0.6857  data_time: 0.0502  memory: 5436  grad_norm: 5.6840  loss: 0.6276  bbox_loss: 0.3901  cls_loss: 0.2376
2026/06/01 02:10:07 - mmengine - INFO - Epoch(train)  [2][ 350/1126]  lr: 1.0000e-03  eta: 2:14:54  time: 0.6700  data_time: 0.0508  memory: 5625  grad_norm: 8.4144  loss: 0.6172  bbox_loss: 0.3850  cls_loss: 0.2322
2026/06/01 02:10:42 - mmengine - INFO - Epoch(train)  [2][ 400/1126]  lr: 1.0000e-03  eta: 2:14:29  time: 0.6954  data_time: 0.0492  memory: 5423  grad_norm: 6.8493  loss: 0.6099  bbox_loss: 0.3804  cls_loss: 0.2295
2026/06/01 02:11:17 - mmengine - INFO - Epoch(train)  [2][ 450/1126]  lr: 1.0000e-03  eta: 2:14:04  time: 0.6952  data_time: 0.0514  memory: 5243  grad_norm: 6.7745  loss: 0.6075  bbox_loss: 0.3800  cls_loss: 0.2275
2026/06/01 02:11:50 - mmengine - INFO - Epoch(train)  [2][ 500/1126]  lr: 1.0000e-03  eta: 2:13:31  time: 0.6755  data_time: 0.0501  memory: 5900  grad_norm: 6.1325  loss: 0.6035  bbox_loss: 0.3784  cls_loss: 0.2251
2026/06/01 02:12:25 - mmengine - INFO - Epoch(train)  [2][ 550/1126]  lr: 1.0000e-03  eta: 2:13:00  time: 0.6824  data_time: 0.0520  memory: 5783  grad_norm: 8.2902  loss: 0.5915  bbox_loss: 0.3746  cls_loss: 0.2170
2026/06/01 02:12:59 - mmengine - INFO - Epoch(train)  [2][ 600/1126]  lr: 1.0000e-03  eta: 2:12:29  time: 0.6842  data_time: 0.0485  memory: 5312  grad_norm: 6.4779  loss: 0.5894  bbox_loss: 0.3716  cls_loss: 0.2178
2026/06/01 02:13:34 - mmengine - INFO - Epoch(train)  [2][ 650/1126]  lr: 1.0000e-03  eta: 2:12:04  time: 0.6981  data_time: 0.0481  memory: 5425  grad_norm: 6.7920  loss: 0.5864  bbox_loss: 0.3697  cls_loss: 0.2167
2026/06/01 02:14:07 - mmengine - INFO - Epoch(train)  [2][ 700/1126]  lr: 1.0000e-03  eta: 2:11:29  time: 0.6737  data_time: 0.0478  memory: 5496  grad_norm: 7.0210  loss: 0.5724  bbox_loss: 0.3645  cls_loss: 0.2079
2026/06/01 02:14:41 - mmengine - INFO - Epoch(train)  [2][ 750/1126]  lr: 1.0000e-03  eta: 2:10:53  time: 0.6683  data_time: 0.0523  memory: 5268  grad_norm: 6.1101  loss: 0.5873  bbox_loss: 0.3723  cls_loss: 0.2150
2026/06/01 02:15:15 - mmengine - INFO - Epoch(train)  [2][ 800/1126]  lr: 1.0000e-03  eta: 2:10:22  time: 0.6816  data_time: 0.0522  memory: 5593  grad_norm: 7.9364  loss: 0.5848  bbox_loss: 0.3722  cls_loss: 0.2126
2026/06/01 02:15:49 - mmengine - INFO - Epoch(train)  [2][ 850/1126]  lr: 1.0000e-03  eta: 2:09:50  time: 0.6822  data_time: 0.0499  memory: 5066  grad_norm: 7.3754  loss: 0.5762  bbox_loss: 0.3673  cls_loss: 0.2089
2026/06/01 02:16:06 - mmengine - INFO - Exp name: tr3d_1xb16_scannet-3d-18class_20260601_015330
2026/06/01 02:16:24 - mmengine - INFO - Epoch(train)  [2][ 900/1126]  lr: 1.0000e-03  eta: 2:09:21  time: 0.6913  data_time: 0.0500  memory: 5375  grad_norm: 6.0082  loss: 0.5590  bbox_loss: 0.3538  cls_loss: 0.2053
2026/06/01 02:16:58 - mmengine - INFO - Epoch(train)  [2][ 950/1126]  lr: 1.0000e-03  eta: 2:08:50  time: 0.6882  data_time: 0.0530  memory: 4877  grad_norm: 7.1694  loss: 0.5710  bbox_loss: 0.3627  cls_loss: 0.2082
2026/06/01 02:17:34 - mmengine - INFO - Epoch(train)  [2][1000/1126]  lr: 1.0000e-03  eta: 2:08:28  time: 0.7190  data_time: 0.0502  memory: 5511  grad_norm: 6.7666  loss: 0.5583  bbox_loss: 0.3566  cls_loss: 0.2017
2026/06/01 02:18:08 - mmengine - INFO - Epoch(train)  [2][1050/1126]  lr: 1.0000e-03  eta: 2:07:54  time: 0.6754  data_time: 0.0501  memory: 5213  grad_norm: 6.1859  loss: 0.5627  bbox_loss: 0.3612  cls_loss: 0.2014
2026/06/01 02:18:42 - mmengine - INFO - Epoch(train)  [2][1100/1126]  lr: 1.0000e-03  eta: 2:07:23  time: 0.6885  data_time: 0.0522  memory: 4997  grad_norm: 5.8884  loss: 0.5518  bbox_loss: 0.3517  cls_loss: 0.2001
2026/06/01 02:19:00 - mmengine - INFO - Exp name: tr3d_1xb16_scannet-3d-18class_20260601_015330
2026/06/01 02:19:35 - mmengine - INFO - Epoch(train)  [3][  50/1126]  lr: 1.0000e-03  eta: 2:06:37  time: 0.7029  data_time: 0.0710  memory: 5685  grad_norm: 6.5003  loss: 0.5464  bbox_loss: 0.3505  cls_loss: 0.1959
2026/06/01 02:20:09 - mmengine - INFO - Epoch(train)  [3][ 100/1126]  lr: 1.0000e-03  eta: 2:06:03  time: 0.6763  data_time: 0.0480  memory: 5049  grad_norm: 6.4544  loss: 0.5459  bbox_loss: 0.3496  cls_loss: 0.1963
2026/06/01 02:20:43 - mmengine - INFO - Epoch(train)  [3][ 150/1126]  lr: 1.0000e-03  eta: 2:05:31  time: 0.6862  data_time: 0.0502  memory: 6014  grad_norm: 5.0970  loss: 0.5464  bbox_loss: 0.3505  cls_loss: 0.1958
2026/06/01 02:21:17 - mmengine - INFO - Epoch(train)  [3][ 200/1126]  lr: 1.0000e-03  eta: 2:04:59  time: 0.6841  data_time: 0.0486  memory: 5301  grad_norm: 6.0637  loss: 0.5395  bbox_loss: 0.3475  cls_loss: 0.1920
2026/06/01 02:21:51 - mmengine - INFO - Epoch(train)  [3][ 250/1126]  lr: 1.0000e-03  eta: 2:04:26  time: 0.6854  data_time: 0.0515  memory: 5458  grad_norm: 6.1288  loss: 0.5333  bbox_loss: 0.3442  cls_loss: 0.1892
2026/06/01 02:22:26 - mmengine - INFO - Epoch(train)  [3][ 300/1126]  lr: 1.0000e-03  eta: 2:03:55  time: 0.6911  data_time: 0.0462  memory: 5621  grad_norm: 5.4916  loss: 0.5247  bbox_loss: 0.3394  cls_loss: 0.1852
2026/06/01 02:23:00 - mmengine - INFO - Epoch(train)  [3][ 350/1126]  lr: 1.0000e-03  eta: 2:03:20  time: 0.6736  data_time: 0.0510  memory: 5225  grad_norm: 5.1016  loss: 0.5341  bbox_loss: 0.3462  cls_loss: 0.1879
2026/06/01 02:23:34 - mmengine - INFO - Epoch(train)  [3][ 400/1126]  lr: 1.0000e-03  eta: 2:02:49  time: 0.6894  data_time: 0.0499  memory: 5779  grad_norm: 5.5768  loss: 0.5268  bbox_loss: 0.3424  cls_loss: 0.1844
2026/06/01 02:24:09 - mmengine - INFO - Epoch(train)  [3][ 450/1126]  lr: 1.0000e-03  eta: 2:02:18  time: 0.6932  data_time: 0.0517  memory: 5625  grad_norm: 6.3171  loss: 0.5260  bbox_loss: 0.3400  cls_loss: 0.1860
2026/06/01 02:24:43 - mmengine - INFO - Epoch(train)  [3][ 500/1126]  lr: 1.0000e-03  eta: 2:01:45  time: 0.6854  data_time: 0.0511  memory: 5451  grad_norm: 5.6788  loss: 0.5251  bbox_loss: 0.3419  cls_loss: 0.1832
2026/06/01 02:25:17 - mmengine - INFO - Epoch(train)  [3][ 550/1126]  lr: 1.0000e-03  eta: 2:01:12  time: 0.6836  data_time: 0.0509  memory: 5397  grad_norm: 5.5150  loss: 0.5154  bbox_loss: 0.3364  cls_loss: 0.1790
2026/06/01 02:25:51 - mmengine - INFO - Epoch(train)  [3][ 600/1126]  lr: 1.0000e-03  eta: 2:00:38  time: 0.6800  data_time: 0.0497  memory: 5328  grad_norm: 6.2200  loss: 0.5092  bbox_loss: 0.3325  cls_loss: 0.1767
2026/06/01 02:26:25 - mmengine - INFO - Epoch(train)  [3][ 650/1126]  lr: 1.0000e-03  eta: 2:00:05  time: 0.6833  data_time: 0.0499  memory: 5632  grad_norm: 6.3408  loss: 0.5151  bbox_loss: 0.3372  cls_loss: 0.1779
2026/06/01 02:26:59 - mmengine - INFO - Epoch(train)  [3][ 700/1126]  lr: 1.0000e-03  eta: 1:59:28  time: 0.6629  data_time: 0.0477  memory: 5188  grad_norm: 5.4458  loss: 0.5099  bbox_loss: 0.3338  cls_loss: 0.1760
2026/06/01 02:27:30 - mmengine - INFO - Exp name: tr3d_1xb16_scannet-3d-18class_20260601_015330
2026/06/01 02:27:32 - mmengine - INFO - Epoch(train)  [3][ 750/1126]  lr: 1.0000e-03  eta: 1:58:52  time: 0.6659  data_time: 0.0513  memory: 5541  grad_norm: 6.6838  loss: 0.5044  bbox_loss: 0.3338  cls_loss: 0.1706
2026/06/01 02:28:06 - mmengine - INFO - Epoch(train)  [3][ 800/1126]  lr: 1.0000e-03  eta: 1:58:18  time: 0.6799  data_time: 0.0482  memory: 5809  grad_norm: 6.1727  loss: 0.5037  bbox_loss: 0.3284  cls_loss: 0.1753
2026/06/01 02:28:40 - mmengine - INFO - Epoch(train)  [3][ 850/1126]  lr: 1.0000e-03  eta: 1:57:44  time: 0.6787  data_time: 0.0474  memory: 5204  grad_norm: 5.6322  loss: 0.5062  bbox_loss: 0.3323  cls_loss: 0.1739
2026/06/01 02:29:14 - mmengine - INFO - Epoch(train)  [3][ 900/1126]  lr: 1.0000e-03  eta: 1:57:11  time: 0.6823  data_time: 0.0466  memory: 5518  grad_norm: 6.2577  loss: 0.5064  bbox_loss: 0.3310  cls_loss: 0.1754
2026/06/01 02:29:48 - mmengine - INFO - Epoch(train)  [3][ 950/1126]  lr: 1.0000e-03  eta: 1:56:36  time: 0.6732  data_time: 0.0456  memory: 5502  grad_norm: 5.2898  loss: 0.4976  bbox_loss: 0.3267  cls_loss: 0.1708
2026/06/01 02:30:21 - mmengine - INFO - Epoch(train)  [3][1000/1126]  lr: 1.0000e-03  eta: 1:56:01  time: 0.6723  data_time: 0.0463  memory: 5314  grad_norm: 5.9347  loss: 0.4946  bbox_loss: 0.3272  cls_loss: 0.1674
2026/06/01 02:30:55 - mmengine - INFO - Epoch(train)  [3][1050/1126]  lr: 1.0000e-03  eta: 1:55:26  time: 0.6699  data_time: 0.0471  memory: 5224  grad_norm: 5.6028  loss: 0.4976  bbox_loss: 0.3276  cls_loss: 0.1701
2026/06/01 02:31:28 - mmengine - INFO - Epoch(train)  [3][1100/1126]  lr: 1.0000e-03  eta: 1:54:49  time: 0.6586  data_time: 0.0459  memory: 5123  grad_norm: 4.7136  loss: 0.5031  bbox_loss: 0.3297  cls_loss: 0.1734
2026/06/01 02:31:45 - mmengine - INFO - Exp name: tr3d_1xb16_scannet-3d-18class_20260601_015330
2026/06/01 02:32:19 - mmengine - INFO - Epoch(train)  [4][  50/1126]  lr: 1.0000e-03  eta: 1:53:57  time: 0.6879  data_time: 0.0632  memory: 5098  grad_norm: 5.1516  loss: 0.4916  bbox_loss: 0.3267  cls_loss: 0.1649
2026/06/01 02:32:53 - mmengine - INFO - Epoch(train)  [4][ 100/1126]  lr: 1.0000e-03  eta: 1:53:24  time: 0.6836  data_time: 0.0505  memory: 5464  grad_norm: 4.8222  loss: 0.4850  bbox_loss: 0.3210  cls_loss: 0.1640
2026/06/01 02:33:27 - mmengine - INFO - Epoch(train)  [4][ 150/1126]  lr: 1.0000e-03  eta: 1:52:51  time: 0.6829  data_time: 0.0526  memory: 5701  grad_norm: 6.6579  loss: 0.4831  bbox_loss: 0.3226  cls_loss: 0.1605
2026/06/01 02:34:01 - mmengine - INFO - Epoch(train)  [4][ 200/1126]  lr: 1.0000e-03  eta: 1:52:17  time: 0.6765  data_time: 0.0473  memory: 5492  grad_norm: 6.3126  loss: 0.4806  bbox_loss: 0.3193  cls_loss: 0.1613
2026/06/01 02:34:36 - mmengine - INFO - Epoch(train)  [4][ 250/1126]  lr: 1.0000e-03  eta: 1:51:45  time: 0.6935  data_time: 0.0514  memory: 5448  grad_norm: 5.7396  loss: 0.4768  bbox_loss: 0.3172  cls_loss: 0.1595
2026/06/01 02:35:10 - mmengine - INFO - Epoch(train)  [4][ 300/1126]  lr: 1.0000e-03  eta: 1:51:10  time: 0.6745  data_time: 0.0485  memory: 5553  grad_norm: 5.6802  loss: 0.4802  bbox_loss: 0.3195  cls_loss: 0.1608
2026/06/01 02:35:45 - mmengine - INFO - Epoch(train)  [4][ 350/1126]  lr: 1.0000e-03  eta: 1:50:40  time: 0.7080  data_time: 0.0505  memory: 5645  grad_norm: 4.7349  loss: 0.4733  bbox_loss: 0.3136  cls_loss: 0.1597
2026/06/01 02:36:18 - mmengine - INFO - Epoch(train)  [4][ 400/1126]  lr: 1.0000e-03  eta: 1:50:05  time: 0.6670  data_time: 0.0488  memory: 5099  grad_norm: 5.3629  loss: 0.4749  bbox_loss: 0.3165  cls_loss: 0.1584
2026/06/01 02:36:52 - mmengine - INFO - Epoch(train)  [4][ 450/1126]  lr: 1.0000e-03  eta: 1:49:31  time: 0.6780  data_time: 0.0465  memory: 5322  grad_norm: 5.9380  loss: 0.4712  bbox_loss: 0.3167  cls_loss: 0.1545
2026/06/01 02:37:26 - mmengine - INFO - Epoch(train)  [4][ 500/1126]  lr: 1.0000e-03  eta: 1:48:56  time: 0.6748  data_time: 0.0516  memory: 5164  grad_norm: 4.6987  loss: 0.4706  bbox_loss: 0.3174  cls_loss: 0.1532
2026/06/01 02:38:01 - mmengine - INFO - Epoch(train)  [4][ 550/1126]  lr: 1.0000e-03  eta: 1:48:24  time: 0.6896  data_time: 0.0512  memory: 5543  grad_norm: 5.7789  loss: 0.4660  bbox_loss: 0.3125  cls_loss: 0.1535
2026/06/01 02:38:34 - mmengine - INFO - Epoch(train)  [4][ 600/1126]  lr: 1.0000e-03  eta: 1:47:50  time: 0.6767  data_time: 0.0499  memory: 5867  grad_norm: 4.8283  loss: 0.4671  bbox_loss: 0.3130  cls_loss: 0.1541
2026/06/01 02:38:49 - mmengine - INFO - Exp name: tr3d_1xb16_scannet-3d-18class_20260601_015330
2026/06/01 02:39:09 - mmengine - INFO - Epoch(train)  [4][ 650/1126]  lr: 1.0000e-03  eta: 1:47:16  time: 0.6820  data_time: 0.0496  memory: 5377  grad_norm: 4.8224  loss: 0.4625  bbox_loss: 0.3100  cls_loss: 0.1525
2026/06/01 02:39:42 - mmengine - INFO - Epoch(train)  [4][ 700/1126]  lr: 1.0000e-03  eta: 1:46:42  time: 0.6767  data_time: 0.0474  memory: 5784  grad_norm: 4.7045  loss: 0.4700  bbox_loss: 0.3158  cls_loss: 0.1542
2026/06/01 02:40:17 - mmengine - INFO - Epoch(train)  [4][ 750/1126]  lr: 1.0000e-03  eta: 1:46:10  time: 0.6980  data_time: 0.0517  memory: 6061  grad_norm: 5.6789  loss: 0.4627  bbox_loss: 0.3107  cls_loss: 0.1520
2026/06/01 02:40:52 - mmengine - INFO - Epoch(train)  [4][ 800/1126]  lr: 1.0000e-03  eta: 1:45:39  time: 0.6995  data_time: 0.0493  memory: 5509  grad_norm: 5.6062  loss: 0.4551  bbox_loss: 0.3071  cls_loss: 0.1479
2026/06/01 02:41:27 - mmengine - INFO - Epoch(train)  [4][ 850/1126]  lr: 1.0000e-03  eta: 1:45:07  time: 0.7041  data_time: 0.0540  memory: 6197  grad_norm: 4.1355  loss: 0.4542  bbox_loss: 0.3047  cls_loss: 0.1495
2026/06/01 02:42:01 - mmengine - INFO - Epoch(train)  [4][ 900/1126]  lr: 1.0000e-03  eta: 1:44:32  time: 0.6702  data_time: 0.0484  memory: 5408  grad_norm: 4.9089  loss: 0.4630  bbox_loss: 0.3115  cls_loss: 0.1515
2026/06/01 02:42:35 - mmengine - INFO - Epoch(train)  [4][ 950/1126]  lr: 1.0000e-03  eta: 1:43:58  time: 0.6743  data_time: 0.0518  memory: 5095  grad_norm: 4.7372  loss: 0.4608  bbox_loss: 0.3105  cls_loss: 0.1503
2026/06/01 02:43:08 - mmengine - INFO - Epoch(train)  [4][1000/1126]  lr: 1.0000e-03  eta: 1:43:23  time: 0.6690  data_time: 0.0503  memory: 5192  grad_norm: 6.5532  loss: 0.4569  bbox_loss: 0.3106  cls_loss: 0.1463
2026/06/01 02:43:43 - mmengine - INFO - Epoch(train)  [4][1050/1126]  lr: 1.0000e-03  eta: 1:42:50  time: 0.6902  data_time: 0.0479  memory: 5993  grad_norm: 5.5795  loss: 0.4581  bbox_loss: 0.3082  cls_loss: 0.1500
2026/06/01 02:44:16 - mmengine - INFO - Epoch(train)  [4][1100/1126]  lr: 1.0000e-03  eta: 1:42:15  time: 0.6666  data_time: 0.0459  memory: 5446  grad_norm: 4.8815  loss: 0.4523  bbox_loss: 0.3038  cls_loss: 0.1485
2026/06/01 02:44:34 - mmengine - INFO - Exp name: tr3d_1xb16_scannet-3d-18class_20260601_015330
2026/06/01 02:45:08 - mmengine - INFO - Epoch(train)  [5][  50/1126]  lr: 1.0000e-03  eta: 1:41:24  time: 0.6842  data_time: 0.0679  memory: 5668  grad_norm: 5.1471  loss: 0.4458  bbox_loss: 0.3033  cls_loss: 0.1425
2026/06/01 02:45:42 - mmengine - INFO - Epoch(train)  [5][ 100/1126]  lr: 1.0000e-03  eta: 1:40:50  time: 0.6832  data_time: 0.0493  memory: 5331  grad_norm: 4.6017  loss: 0.4395  bbox_loss: 0.2982  cls_loss: 0.1413
2026/06/01 02:46:16 - mmengine - INFO - Epoch(train)  [5][ 150/1126]  lr: 1.0000e-03  eta: 1:40:16  time: 0.6765  data_time: 0.0484  memory: 5867  grad_norm: 4.4124  loss: 0.4485  bbox_loss: 0.3040  cls_loss: 0.1445
2026/06/01 02:46:49 - mmengine - INFO - Epoch(train)  [5][ 200/1126]  lr: 1.0000e-03  eta: 1:39:41  time: 0.6636  data_time: 0.0477  memory: 5653  grad_norm: 4.8717  loss: 0.4404  bbox_loss: 0.2994  cls_loss: 0.1410
2026/06/01 02:47:24 - mmengine - INFO - Epoch(train)  [5][ 250/1126]  lr: 1.0000e-03  eta: 1:39:08  time: 0.6908  data_time: 0.0525  memory: 5427  grad_norm: 4.7701  loss: 0.4443  bbox_loss: 0.3014  cls_loss: 0.1430
2026/06/01 02:47:56 - mmengine - INFO - Epoch(train)  [5][ 300/1126]  lr: 1.0000e-03  eta: 1:38:32  time: 0.6544  data_time: 0.0472  memory: 5152  grad_norm: 4.2499  loss: 0.4365  bbox_loss: 0.2972  cls_loss: 0.1393
2026/06/01 02:48:31 - mmengine - INFO - Epoch(train)  [5][ 350/1126]  lr: 1.0000e-03  eta: 1:37:58  time: 0.6820  data_time: 0.0488  memory: 5427  grad_norm: 4.7410  loss: 0.4372  bbox_loss: 0.2968  cls_loss: 0.1404
2026/06/01 02:49:04 - mmengine - INFO - Epoch(train)  [5][ 400/1126]  lr: 1.0000e-03  eta: 1:37:23  time: 0.6652  data_time: 0.0476  memory: 5675  grad_norm: 5.0672  loss: 0.4365  bbox_loss: 0.2985  cls_loss: 0.1380
2026/06/01 02:49:38 - mmengine - INFO - Epoch(train)  [5][ 450/1126]  lr: 1.0000e-03  eta: 1:36:49  time: 0.6861  data_time: 0.0486  memory: 5089  grad_norm: 4.3205  loss: 0.4296  bbox_loss: 0.2914  cls_loss: 0.1382
2026/06/01 02:50:09 - mmengine - INFO - Exp name: tr3d_1xb16_scannet-3d-18class_20260601_015330
2026/06/01 02:50:12 - mmengine - INFO - Epoch(train)  [5][ 500/1126]  lr: 1.0000e-03  eta: 1:36:15  time: 0.6708  data_time: 0.0477  memory: 5187  grad_norm: 4.7061  loss: 0.4398  bbox_loss: 0.3001  cls_loss: 0.1398
2026/06/01 02:50:45 - mmengine - INFO - Epoch(train)  [5][ 550/1126]  lr: 1.0000e-03  eta: 1:35:39  time: 0.6607  data_time: 0.0465  memory: 5472  grad_norm: 5.2731  loss: 0.4449  bbox_loss: 0.3049  cls_loss: 0.1400
2026/06/01 02:51:19 - mmengine - INFO - Epoch(train)  [5][ 600/1126]  lr: 1.0000e-03  eta: 1:35:05  time: 0.6761  data_time: 0.0499  memory: 5229  grad_norm: 5.0942  loss: 0.4338  bbox_loss: 0.2969  cls_loss: 0.1369
2026/06/01 02:51:53 - mmengine - INFO - Epoch(train)  [5][ 650/1126]  lr: 1.0000e-03  eta: 1:34:33  time: 0.6946  data_time: 0.0508  memory: 6247  grad_norm: 5.4116  loss: 0.4231  bbox_loss: 0.2901  cls_loss: 0.1330
2026/06/01 02:52:26 - mmengine - INFO - Epoch(train)  [5][ 700/1126]  lr: 1.0000e-03  eta: 1:33:57  time: 0.6639  data_time: 0.0469  memory: 5099  grad_norm: 5.8222  loss: 0.4379  bbox_loss: 0.3019  cls_loss: 0.1359
2026/06/01 02:53:00 - mmengine - INFO - Epoch(train)  [5][ 750/1126]  lr: 1.0000e-03  eta: 1:33:23  time: 0.6710  data_time: 0.0479  memory: 5367  grad_norm: 4.8843  loss: 0.4320  bbox_loss: 0.2967  cls_loss: 0.1353
2026/06/01 02:53:34 - mmengine - INFO - Epoch(train)  [5][ 800/1126]  lr: 1.0000e-03  eta: 1:32:49  time: 0.6831  data_time: 0.0489  memory: 5771  grad_norm: 5.1868  loss: 0.4241  bbox_loss: 0.2916  cls_loss: 0.1325
2026/06/01 02:54:08 - mmengine - INFO - Epoch(train)  [5][ 850/1126]  lr: 1.0000e-03  eta: 1:32:15  time: 0.6790  data_time: 0.0486  memory: 5363  grad_norm: 3.8867  loss: 0.4200  bbox_loss: 0.2886  cls_loss: 0.1313
2026/06/01 02:54:42 - mmengine - INFO - Epoch(train)  [5][ 900/1126]  lr: 1.0000e-03  eta: 1:31:42  time: 0.6839  data_time: 0.0492  memory: 5589  grad_norm: 4.8793  loss: 0.4273  bbox_loss: 0.2934  cls_loss: 0.1339
2026/06/01 02:55:16 - mmengine - INFO - Epoch(train)  [5][ 950/1126]  lr: 1.0000e-03  eta: 1:31:08  time: 0.6750  data_time: 0.0474  memory: 5254  grad_norm: 4.0652  loss: 0.4187  bbox_loss: 0.2874  cls_loss: 0.1312
2026/06/01 02:55:50 - mmengine - INFO - Epoch(train)  [5][1000/1126]  lr: 1.0000e-03  eta: 1:30:34  time: 0.6827  data_time: 0.0474  memory: 5664  grad_norm: 5.3589  loss: 0.4210  bbox_loss: 0.2897  cls_loss: 0.1312
2026/06/01 02:56:23 - mmengine - INFO - Epoch(train)  [5][1050/1126]  lr: 1.0000e-03  eta: 1:29:59  time: 0.6592  data_time: 0.0490  memory: 5740  grad_norm: 4.2423  loss: 0.4199  bbox_loss: 0.2886  cls_loss: 0.1313
2026/06/01 02:56:57 - mmengine - INFO - Epoch(train)  [5][1100/1126]  lr: 1.0000e-03  eta: 1:29:25  time: 0.6743  data_time: 0.0495  memory: 5472  grad_norm: 4.4544  loss: 0.4275  bbox_loss: 0.2929  cls_loss: 0.1346
2026/06/01 02:57:15 - mmengine - INFO - Exp name: tr3d_1xb16_scannet-3d-18class_20260601_015330
2026/06/01 02:57:49 - mmengine - INFO - Epoch(train)  [6][  50/1126]  lr: 1.0000e-03  eta: 1:28:34  time: 0.6896  data_time: 0.0693  memory: 5824  grad_norm: 4.5386  loss: 0.4155  bbox_loss: 0.2870  cls_loss: 0.1285
2026/06/01 02:58:23 - mmengine - INFO - Epoch(train)  [6][ 100/1126]  lr: 1.0000e-03  eta: 1:28:00  time: 0.6791  data_time: 0.0483  memory: 5950  grad_norm: 4.8575  loss: 0.4211  bbox_loss: 0.2907  cls_loss: 0.1304
2026/06/01 02:58:57 - mmengine - INFO - Epoch(train)  [6][ 150/1126]  lr: 1.0000e-03  eta: 1:27:26  time: 0.6745  data_time: 0.0479  memory: 5105  grad_norm: 4.2033  loss: 0.4153  bbox_loss: 0.2863  cls_loss: 0.1290
2026/06/01 02:59:30 - mmengine - INFO - Epoch(train)  [6][ 200/1126]  lr: 1.0000e-03  eta: 1:26:51  time: 0.6678  data_time: 0.0488  memory: 5208  grad_norm: 4.3122  loss: 0.4176  bbox_loss: 0.2879  cls_loss: 0.1296
2026/06/01 03:00:04 - mmengine - INFO - Epoch(train)  [6][ 250/1126]  lr: 1.0000e-03  eta: 1:26:17  time: 0.6754  data_time: 0.0502  memory: 5562  grad_norm: 4.5385  loss: 0.4142  bbox_loss: 0.2846  cls_loss: 0.1296
2026/06/01 03:00:39 - mmengine - INFO - Epoch(train)  [6][ 300/1126]  lr: 1.0000e-03  eta: 1:25:44  time: 0.6881  data_time: 0.0500  memory: 5454  grad_norm: 3.6333  loss: 0.4058  bbox_loss: 0.2800  cls_loss: 0.1258
2026/06/01 03:01:12 - mmengine - INFO - Epoch(train)  [6][ 350/1126]  lr: 1.0000e-03  eta: 1:25:09  time: 0.6692  data_time: 0.0492  memory: 5370  grad_norm: 4.9649  loss: 0.4160  bbox_loss: 0.2897  cls_loss: 0.1263
2026/06/01 03:01:26 - mmengine - INFO - Exp name: tr3d_1xb16_scannet-3d-18class_20260601_015330
2026/06/01 03:01:46 - mmengine - INFO - Epoch(train)  [6][ 400/1126]  lr: 1.0000e-03  eta: 1:24:36  time: 0.6836  data_time: 0.0476  memory: 5299  grad_norm: 4.2367  loss: 0.4094  bbox_loss: 0.2825  cls_loss: 0.1270
2026/06/01 03:02:20 - mmengine - INFO - Epoch(train)  [6][ 450/1126]  lr: 1.0000e-03  eta: 1:24:02  time: 0.6848  data_time: 0.0496  memory: 5679  grad_norm: 5.5684  loss: 0.4111  bbox_loss: 0.2853  cls_loss: 0.1258
2026/06/01 03:02:54 - mmengine - INFO - Epoch(train)  [6][ 500/1126]  lr: 1.0000e-03  eta: 1:23:28  time: 0.6776  data_time: 0.0491  memory: 5569  grad_norm: 4.3938  loss: 0.4062  bbox_loss: 0.2812  cls_loss: 0.1250
2026/06/01 03:03:29 - mmengine - INFO - Epoch(train)  [6][ 550/1126]  lr: 1.0000e-03  eta: 1:22:55  time: 0.6906  data_time: 0.0481  memory: 5218  grad_norm: 5.4756  loss: 0.4087  bbox_loss: 0.2842  cls_loss: 0.1245
2026/06/01 03:04:03 - mmengine - INFO - Epoch(train)  [6][ 600/1126]  lr: 1.0000e-03  eta: 1:22:21  time: 0.6828  data_time: 0.0476  memory: 5656  grad_norm: 4.0372  loss: 0.4036  bbox_loss: 0.2799  cls_loss: 0.1236
2026/06/01 03:04:36 - mmengine - INFO - Epoch(train)  [6][ 650/1126]  lr: 1.0000e-03  eta: 1:21:47  time: 0.6655  data_time: 0.0489  memory: 5354  grad_norm: 4.8073  loss: 0.4080  bbox_loss: 0.2840  cls_loss: 0.1240
2026/06/01 03:05:10 - mmengine - INFO - Epoch(train)  [6][ 700/1126]  lr: 1.0000e-03  eta: 1:21:13  time: 0.6839  data_time: 0.0485  memory: 5756  grad_norm: 4.2520  loss: 0.4082  bbox_loss: 0.2820  cls_loss: 0.1262
2026/06/01 03:05:44 - mmengine - INFO - Epoch(train)  [6][ 750/1126]  lr: 1.0000e-03  eta: 1:20:39  time: 0.6714  data_time: 0.0481  memory: 4973  grad_norm: 3.9387  loss: 0.4029  bbox_loss: 0.2776  cls_loss: 0.1253
2026/06/01 03:06:17 - mmengine - INFO - Epoch(train)  [6][ 800/1126]  lr: 1.0000e-03  eta: 1:20:04  time: 0.6626  data_time: 0.0483  memory: 5814  grad_norm: 4.7721  loss: 0.4051  bbox_loss: 0.2807  cls_loss: 0.1244
2026/06/01 03:06:50 - mmengine - INFO - Epoch(train)  [6][ 850/1126]  lr: 1.0000e-03  eta: 1:19:29  time: 0.6652  data_time: 0.0492  memory: 5434  grad_norm: 3.4734  loss: 0.3986  bbox_loss: 0.2771  cls_loss: 0.1215
2026/06/01 03:07:24 - mmengine - INFO - Epoch(train)  [6][ 900/1126]  lr: 1.0000e-03  eta: 1:18:55  time: 0.6720  data_time: 0.0471  memory: 5477  grad_norm: 4.6788  loss: 0.4068  bbox_loss: 0.2848  cls_loss: 0.1220
2026/06/01 03:07:58 - mmengine - INFO - Epoch(train)  [6][ 950/1126]  lr: 1.0000e-03  eta: 1:18:21  time: 0.6770  data_time: 0.0478  memory: 5736  grad_norm: 3.4555  loss: 0.3983  bbox_loss: 0.2763  cls_loss: 0.1219
2026/06/01 03:08:32 - mmengine - INFO - Epoch(train)  [6][1000/1126]  lr: 1.0000e-03  eta: 1:17:47  time: 0.6813  data_time: 0.0499  memory: 5792  grad_norm: 4.1346  loss: 0.4010  bbox_loss: 0.2791  cls_loss: 0.1219
2026/06/01 03:09:06 - mmengine - INFO - Epoch(train)  [6][1050/1126]  lr: 1.0000e-03  eta: 1:17:14  time: 0.6830  data_time: 0.0487  memory: 5718  grad_norm: 4.3708  loss: 0.3955  bbox_loss: 0.2756  cls_loss: 0.1199
2026/06/01 03:09:40 - mmengine - INFO - Epoch(train)  [6][1100/1126]  lr: 1.0000e-03  eta: 1:16:40  time: 0.6828  data_time: 0.0460  memory: 5803  grad_norm: 4.1923  loss: 0.3944  bbox_loss: 0.2752  cls_loss: 0.1192
2026/06/01 03:09:58 - mmengine - INFO - Exp name: tr3d_1xb16_scannet-3d-18class_20260601_015330
2026/06/01 03:10:34 - mmengine - INFO - Epoch(train)  [7][  50/1126]  lr: 1.0000e-03  eta: 1:15:50  time: 0.7200  data_time: 0.0707  memory: 5332  grad_norm: 4.3979  loss: 0.3930  bbox_loss: 0.2763  cls_loss: 0.1167
2026/06/01 03:11:08 - mmengine - INFO - Epoch(train)  [7][ 100/1126]  lr: 1.0000e-03  eta: 1:15:17  time: 0.6857  data_time: 0.0486  memory: 5561  grad_norm: 4.1474  loss: 0.3795  bbox_loss: 0.2653  cls_loss: 0.1142
2026/06/01 03:11:43 - mmengine - INFO - Epoch(train)  [7][ 150/1126]  lr: 1.0000e-03  eta: 1:14:43  time: 0.6880  data_time: 0.0502  memory: 5305  grad_norm: 4.7060  loss: 0.3945  bbox_loss: 0.2762  cls_loss: 0.1183
2026/06/01 03:12:17 - mmengine - INFO - Epoch(train)  [7][ 200/1126]  lr: 1.0000e-03  eta: 1:14:09  time: 0.6842  data_time: 0.0483  memory: 5376  grad_norm: 4.2247  loss: 0.3931  bbox_loss: 0.2746  cls_loss: 0.1184
2026/06/01 03:12:47 - mmengine - INFO - Exp name: tr3d_1xb16_scannet-3d-18class_20260601_015330
2026/06/01 03:12:51 - mmengine - INFO - Epoch(train)  [7][ 250/1126]  lr: 1.0000e-03  eta: 1:13:36  time: 0.6881  data_time: 0.0541  memory: 5881  grad_norm: 3.8598  loss: 0.3935  bbox_loss: 0.2740  cls_loss: 0.1195
2026/06/01 03:13:25 - mmengine - INFO - Epoch(train)  [7][ 300/1126]  lr: 1.0000e-03  eta: 1:13:02  time: 0.6786  data_time: 0.0494  memory: 5407  grad_norm: 4.6126  loss: 0.3917  bbox_loss: 0.2736  cls_loss: 0.1181
2026/06/01 03:13:59 - mmengine - INFO - Epoch(train)  [7][ 350/1126]  lr: 1.0000e-03  eta: 1:12:28  time: 0.6801  data_time: 0.0508  memory: 5467  grad_norm: 4.1940  loss: 0.3916  bbox_loss: 0.2747  cls_loss: 0.1169
2026/06/01 03:14:33 - mmengine - INFO - Epoch(train)  [7][ 400/1126]  lr: 1.0000e-03  eta: 1:11:54  time: 0.6685  data_time: 0.0485  memory: 5219  grad_norm: 4.1512  loss: 0.3901  bbox_loss: 0.2742  cls_loss: 0.1159
2026/06/01 03:15:06 - mmengine - INFO - Epoch(train)  [7][ 450/1126]  lr: 1.0000e-03  eta: 1:11:19  time: 0.6662  data_time: 0.0497  memory: 5159  grad_norm: 3.7348  loss: 0.3911  bbox_loss: 0.2746  cls_loss: 0.1165
2026/06/01 03:15:40 - mmengine - INFO - Epoch(train)  [7][ 500/1126]  lr: 1.0000e-03  eta: 1:10:46  time: 0.6832  data_time: 0.0489  memory: 5224  grad_norm: 4.5438  loss: 0.3889  bbox_loss: 0.2734  cls_loss: 0.1155
2026/06/01 03:16:15 - mmengine - INFO - Epoch(train)  [7][ 550/1126]  lr: 1.0000e-03  eta: 1:10:12  time: 0.6990  data_time: 0.0525  memory: 5381  grad_norm: 3.6793  loss: 0.3849  bbox_loss: 0.2707  cls_loss: 0.1142
2026/06/01 03:16:50 - mmengine - INFO - Epoch(train)  [7][ 600/1126]  lr: 1.0000e-03  eta: 1:09:40  time: 0.7034  data_time: 0.0494  memory: 5882  grad_norm: 3.9036  loss: 0.3832  bbox_loss: 0.2673  cls_loss: 0.1159
2026/06/01 03:17:24 - mmengine - INFO - Epoch(train)  [7][ 650/1126]  lr: 1.0000e-03  eta: 1:09:06  time: 0.6864  data_time: 0.0507  memory: 6016  grad_norm: 4.4995  loss: 0.3848  bbox_loss: 0.2711  cls_loss: 0.1137
2026/06/01 03:17:58 - mmengine - INFO - Epoch(train)  [7][ 700/1126]  lr: 1.0000e-03  eta: 1:08:32  time: 0.6802  data_time: 0.0489  memory: 5346  grad_norm: 3.5822  loss: 0.3829  bbox_loss: 0.2685  cls_loss: 0.1144
2026/06/01 03:18:32 - mmengine - INFO - Epoch(train)  [7][ 750/1126]  lr: 1.0000e-03  eta: 1:07:58  time: 0.6717  data_time: 0.0507  memory: 5257  grad_norm: 4.1928  loss: 0.3859  bbox_loss: 0.2707  cls_loss: 0.1153
2026/06/01 03:19:06 - mmengine - INFO - Epoch(train)  [7][ 800/1126]  lr: 1.0000e-03  eta: 1:07:24  time: 0.6864  data_time: 0.0482  memory: 5303  grad_norm: 4.9188  loss: 0.3802  bbox_loss: 0.2676  cls_loss: 0.1127
2026/06/01 03:19:41 - mmengine - INFO - Epoch(train)  [7][ 850/1126]  lr: 1.0000e-03  eta: 1:06:50  time: 0.6857  data_time: 0.0513  memory: 5036  grad_norm: 3.9112  loss: 0.3803  bbox_loss: 0.2684  cls_loss: 0.1119
2026/06/01 03:20:15 - mmengine - INFO - Epoch(train)  [7][ 900/1126]  lr: 1.0000e-03  eta: 1:06:16  time: 0.6806  data_time: 0.0477  memory: 5353  grad_norm: 4.5069  loss: 0.3820  bbox_loss: 0.2690  cls_loss: 0.1130
2026/06/01 03:20:48 - mmengine - INFO - Epoch(train)  [7][ 950/1126]  lr: 1.0000e-03  eta: 1:05:42  time: 0.6648  data_time: 0.0493  memory: 5348  grad_norm: 5.0636  loss: 0.3843  bbox_loss: 0.2712  cls_loss: 0.1131
2026/06/01 03:21:22 - mmengine - INFO - Epoch(train)  [7][1000/1126]  lr: 1.0000e-03  eta: 1:05:08  time: 0.6883  data_time: 0.0520  memory: 5103  grad_norm: 3.5486  loss: 0.3815  bbox_loss: 0.2680  cls_loss: 0.1135
2026/06/01 03:21:55 - mmengine - INFO - Epoch(train)  [7][1050/1126]  lr: 1.0000e-03  eta: 1:04:34  time: 0.6620  data_time: 0.0507  memory: 4973  grad_norm: 4.2137  loss: 0.3822  bbox_loss: 0.2694  cls_loss: 0.1128
2026/06/01 03:22:30 - mmengine - INFO - Epoch(train)  [7][1100/1126]  lr: 1.0000e-03  eta: 1:04:00  time: 0.6966  data_time: 0.0498  memory: 5671  grad_norm: 3.6241  loss: 0.3816  bbox_loss: 0.2685  cls_loss: 0.1131
2026/06/01 03:22:48 - mmengine - INFO - Exp name: tr3d_1xb16_scannet-3d-18class_20260601_015330
2026/06/01 03:23:24 - mmengine - INFO - Epoch(train)  [8][  50/1126]  lr: 1.0000e-03  eta: 1:03:10  time: 0.7179  data_time: 0.0676  memory: 5229  grad_norm: 3.6262  loss: 0.3734  bbox_loss: 0.2631  cls_loss: 0.1104
2026/06/01 03:23:59 - mmengine - INFO - Epoch(train)  [8][ 100/1126]  lr: 1.0000e-03  eta: 1:02:37  time: 0.6893  data_time: 0.0494  memory: 5396  grad_norm: 3.7783  loss: 0.3764  bbox_loss: 0.2655  cls_loss: 0.1109
2026/06/01 03:24:11 - mmengine - INFO - Exp name: tr3d_1xb16_scannet-3d-18class_20260601_015330
2026/06/01 03:24:33 - mmengine - INFO - Epoch(train)  [8][ 150/1126]  lr: 1.0000e-03  eta: 1:02:03  time: 0.6833  data_time: 0.0476  memory: 5122  grad_norm: 4.0899  loss: 0.3767  bbox_loss: 0.2656  cls_loss: 0.1111
2026/06/01 03:25:08 - mmengine - INFO - Epoch(train)  [8][ 200/1126]  lr: 1.0000e-03  eta: 1:01:30  time: 0.6952  data_time: 0.0488  memory: 5563  grad_norm: 4.3508  loss: 0.3708  bbox_loss: 0.2634  cls_loss: 0.1074
2026/06/01 03:25:42 - mmengine - INFO - Epoch(train)  [8][ 250/1126]  lr: 1.0000e-03  eta: 1:00:56  time: 0.6894  data_time: 0.0510  memory: 5559  grad_norm: 3.6954  loss: 0.3750  bbox_loss: 0.2642  cls_loss: 0.1107
2026/06/01 03:26:16 - mmengine - INFO - Epoch(train)  [8][ 300/1126]  lr: 1.0000e-03  eta: 1:00:22  time: 0.6803  data_time: 0.0492  memory: 5312  grad_norm: 3.6086  loss: 0.3777  bbox_loss: 0.2667  cls_loss: 0.1110
2026/06/01 03:26:50 - mmengine - INFO - Epoch(train)  [8][ 350/1126]  lr: 1.0000e-03  eta: 0:59:48  time: 0.6821  data_time: 0.0467  memory: 5729  grad_norm: 3.6282  loss: 0.3741  bbox_loss: 0.2630  cls_loss: 0.1110
2026/06/01 03:27:24 - mmengine - INFO - Epoch(train)  [8][ 400/1126]  lr: 1.0000e-03  eta: 0:59:14  time: 0.6778  data_time: 0.0483  memory: 5692  grad_norm: 3.4108  loss: 0.3719  bbox_loss: 0.2638  cls_loss: 0.1081
2026/06/01 03:27:59 - mmengine - INFO - Epoch(train)  [8][ 450/1126]  lr: 1.0000e-03  eta: 0:58:41  time: 0.7013  data_time: 0.0517  memory: 5721  grad_norm: 3.8850  loss: 0.3710  bbox_loss: 0.2621  cls_loss: 0.1089
2026/06/01 03:28:34 - mmengine - INFO - Epoch(train)  [8][ 500/1126]  lr: 1.0000e-03  eta: 0:58:07  time: 0.6963  data_time: 0.0505  memory: 4961  grad_norm: 4.1561  loss: 0.3753  bbox_loss: 0.2652  cls_loss: 0.1101
2026/06/01 03:29:09 - mmengine - INFO - Epoch(train)  [8][ 550/1126]  lr: 1.0000e-03  eta: 0:57:34  time: 0.7080  data_time: 0.0481  memory: 5528  grad_norm: 3.7176  loss: 0.3718  bbox_loss: 0.2619  cls_loss: 0.1099
2026/06/01 03:29:45 - mmengine - INFO - Epoch(train)  [8][ 600/1126]  lr: 1.0000e-03  eta: 0:57:01  time: 0.7125  data_time: 0.0507  memory: 5875  grad_norm: 3.5384  loss: 0.3724  bbox_loss: 0.2637  cls_loss: 0.1087
2026/06/01 03:30:19 - mmengine - INFO - Epoch(train)  [8][ 650/1126]  lr: 1.0000e-03  eta: 0:56:27  time: 0.6772  data_time: 0.0499  memory: 5364  grad_norm: 3.5890  loss: 0.3701  bbox_loss: 0.2623  cls_loss: 0.1078
2026/06/01 03:30:54 - mmengine - INFO - Epoch(train)  [8][ 700/1126]  lr: 1.0000e-03  eta: 0:55:53  time: 0.6907  data_time: 0.0514  memory: 5929  grad_norm: 3.3226  loss: 0.3740  bbox_loss: 0.2617  cls_loss: 0.1123
2026/06/01 03:31:28 - mmengine - INFO - Epoch(train)  [8][ 750/1126]  lr: 1.0000e-03  eta: 0:55:20  time: 0.6977  data_time: 0.0516  memory: 5483  grad_norm: 3.2561  loss: 0.3657  bbox_loss: 0.2570  cls_loss: 0.1087
2026/06/01 03:32:02 - mmengine - INFO - Epoch(train)  [8][ 800/1126]  lr: 1.0000e-03  eta: 0:54:45  time: 0.6712  data_time: 0.0498  memory: 5844  grad_norm: 3.2986  loss: 0.3596  bbox_loss: 0.2553  cls_loss: 0.1042
2026/06/01 03:32:36 - mmengine - INFO - Epoch(train)  [8][ 850/1126]  lr: 1.0000e-03  eta: 0:54:11  time: 0.6786  data_time: 0.0515  memory: 5061  grad_norm: 3.8055  loss: 0.3660  bbox_loss: 0.2574  cls_loss: 0.1086
2026/06/01 03:33:10 - mmengine - INFO - Epoch(train)  [8][ 900/1126]  lr: 1.0000e-03  eta: 0:53:38  time: 0.6880  data_time: 0.0496  memory: 5561  grad_norm: 3.8839  loss: 0.3651  bbox_loss: 0.2590  cls_loss: 0.1061
2026/06/01 03:33:45 - mmengine - INFO - Epoch(train)  [8][ 950/1126]  lr: 1.0000e-03  eta: 0:53:04  time: 0.6917  data_time: 0.0485  memory: 5783  grad_norm: 3.4132  loss: 0.3675  bbox_loss: 0.2605  cls_loss: 0.1070
2026/06/01 03:34:20 - mmengine - INFO - Epoch(train)  [8][1000/1126]  lr: 1.0000e-03  eta: 0:52:30  time: 0.7029  data_time: 0.0492  memory: 6038  grad_norm: 3.2776  loss: 0.3608  bbox_loss: 0.2540  cls_loss: 0.1068
2026/06/01 03:34:54 - mmengine - INFO - Epoch(train)  [8][1050/1126]  lr: 1.0000e-03  eta: 0:51:56  time: 0.6794  data_time: 0.0503  memory: 5268  grad_norm: 4.0473  loss: 0.3609  bbox_loss: 0.2552  cls_loss: 0.1057
2026/06/01 03:35:29 - mmengine - INFO - Epoch(train)  [8][1100/1126]  lr: 1.0000e-03  eta: 0:51:23  time: 0.6956  data_time: 0.0478  memory: 5834  grad_norm: 3.4001  loss: 0.3581  bbox_loss: 0.2542  cls_loss: 0.1039
2026/06/01 03:35:41 - mmengine - INFO - Exp name: tr3d_1xb16_scannet-3d-18class_20260601_015330
2026/06/01 03:35:47 - mmengine - INFO - Exp name: tr3d_1xb16_scannet-3d-18class_20260601_015330
2026/06/01 03:36:24 - mmengine - INFO - Epoch(train)  [9][  50/1126]  lr: 1.0000e-04  eta: 0:50:32  time: 0.7340  data_time: 0.0719  memory: 5501  grad_norm: 2.2616  loss: 0.3429  bbox_loss: 0.2431  cls_loss: 0.0998
2026/06/01 03:36:58 - mmengine - INFO - Epoch(train)  [9][ 100/1126]  lr: 1.0000e-04  eta: 0:49:58  time: 0.6852  data_time: 0.0470  memory: 5622  grad_norm: 1.9578  loss: 0.3359  bbox_loss: 0.2400  cls_loss: 0.0959
2026/06/01 03:37:32 - mmengine - INFO - Epoch(train)  [9][ 150/1126]  lr: 1.0000e-04  eta: 0:49:24  time: 0.6811  data_time: 0.0476  memory: 5277  grad_norm: 2.1007  loss: 0.3341  bbox_loss: 0.2380  cls_loss: 0.0960
2026/06/01 03:38:06 - mmengine - INFO - Epoch(train)  [9][ 200/1126]  lr: 1.0000e-04  eta: 0:48:50  time: 0.6858  data_time: 0.0467  memory: 5746  grad_norm: 2.0198  loss: 0.3295  bbox_loss: 0.2347  cls_loss: 0.0948
2026/06/01 03:38:40 - mmengine - INFO - Epoch(train)  [9][ 250/1126]  lr: 1.0000e-04  eta: 0:48:16  time: 0.6690  data_time: 0.0485  memory: 5923  grad_norm: 2.3178  loss: 0.3239  bbox_loss: 0.2315  cls_loss: 0.0924
2026/06/01 03:39:14 - mmengine - INFO - Epoch(train)  [9][ 300/1126]  lr: 1.0000e-04  eta: 0:47:42  time: 0.6859  data_time: 0.0470  memory: 5496  grad_norm: 2.4372  loss: 0.3253  bbox_loss: 0.2317  cls_loss: 0.0936
2026/06/01 03:39:47 - mmengine - INFO - Epoch(train)  [9][ 350/1126]  lr: 1.0000e-04  eta: 0:47:08  time: 0.6643  data_time: 0.0492  memory: 5244  grad_norm: 2.0449  loss: 0.3245  bbox_loss: 0.2314  cls_loss: 0.0932
2026/06/01 03:40:21 - mmengine - INFO - Epoch(train)  [9][ 400/1126]  lr: 1.0000e-04  eta: 0:46:34  time: 0.6720  data_time: 0.0473  memory: 5171  grad_norm: 2.2742  loss: 0.3282  bbox_loss: 0.2348  cls_loss: 0.0935
2026/06/01 03:40:56 - mmengine - INFO - Epoch(train)  [9][ 450/1126]  lr: 1.0000e-04  eta: 0:46:00  time: 0.7087  data_time: 0.0533  memory: 5402  grad_norm: 2.0578  loss: 0.3214  bbox_loss: 0.2290  cls_loss: 0.0924
2026/06/01 03:41:31 - mmengine - INFO - Epoch(train)  [9][ 500/1126]  lr: 1.0000e-04  eta: 0:45:26  time: 0.6968  data_time: 0.0483  memory: 5440  grad_norm: 2.2263  loss: 0.3251  bbox_loss: 0.2323  cls_loss: 0.0929
2026/06/01 03:42:05 - mmengine - INFO - Epoch(train)  [9][ 550/1126]  lr: 1.0000e-04  eta: 0:44:52  time: 0.6829  data_time: 0.0499  memory: 5540  grad_norm: 2.5035  loss: 0.3264  bbox_loss: 0.2331  cls_loss: 0.0933
2026/06/01 03:42:39 - mmengine - INFO - Epoch(train)  [9][ 600/1126]  lr: 1.0000e-04  eta: 0:44:18  time: 0.6738  data_time: 0.0496  memory: 5214  grad_norm: 2.3364  loss: 0.3159  bbox_loss: 0.2260  cls_loss: 0.0899
2026/06/01 03:43:13 - mmengine - INFO - Epoch(train)  [9][ 650/1126]  lr: 1.0000e-04  eta: 0:43:44  time: 0.6822  data_time: 0.0503  memory: 5585  grad_norm: 2.4286  loss: 0.3219  bbox_loss: 0.2302  cls_loss: 0.0918
2026/06/01 03:43:47 - mmengine - INFO - Epoch(train)  [9][ 700/1126]  lr: 1.0000e-04  eta: 0:43:10  time: 0.6771  data_time: 0.0507  memory: 5662  grad_norm: 2.2904  loss: 0.3146  bbox_loss: 0.2257  cls_loss: 0.0890
2026/06/01 03:44:21 - mmengine - INFO - Epoch(train)  [9][ 750/1126]  lr: 1.0000e-04  eta: 0:42:36  time: 0.6817  data_time: 0.0497  memory: 5335  grad_norm: 2.4132  loss: 0.3230  bbox_loss: 0.2326  cls_loss: 0.0905
2026/06/01 03:44:56 - mmengine - INFO - Epoch(train)  [9][ 800/1126]  lr: 1.0000e-04  eta: 0:42:02  time: 0.7027  data_time: 0.0529  memory: 5257  grad_norm: 2.2999  loss: 0.3157  bbox_loss: 0.2258  cls_loss: 0.0899
2026/06/01 03:45:31 - mmengine - INFO - Epoch(train)  [9][ 850/1126]  lr: 1.0000e-04  eta: 0:41:29  time: 0.6967  data_time: 0.0523  memory: 5577  grad_norm: 2.3090  loss: 0.3191  bbox_loss: 0.2287  cls_loss: 0.0904
2026/06/01 03:46:04 - mmengine - INFO - Epoch(train)  [9][ 900/1126]  lr: 1.0000e-04  eta: 0:40:54  time: 0.6710  data_time: 0.0502  memory: 5718  grad_norm: 2.3941  loss: 0.3197  bbox_loss: 0.2290  cls_loss: 0.0907
2026/06/01 03:46:39 - mmengine - INFO - Epoch(train)  [9][ 950/1126]  lr: 1.0000e-04  eta: 0:40:20  time: 0.6820  data_time: 0.0502  memory: 5493  grad_norm: 2.2328  loss: 0.3197  bbox_loss: 0.2296  cls_loss: 0.0901
2026/06/01 03:47:09 - mmengine - INFO - Exp name: tr3d_1xb16_scannet-3d-18class_20260601_015330
2026/06/01 03:47:15 - mmengine - INFO - Epoch(train)  [9][1000/1126]  lr: 1.0000e-04  eta: 0:39:47  time: 0.7225  data_time: 0.0513  memory: 5774  grad_norm: 2.4310  loss: 0.3174  bbox_loss: 0.2271  cls_loss: 0.0903
2026/06/01 03:47:50 - mmengine - INFO - Epoch(train)  [9][1050/1126]  lr: 1.0000e-04  eta: 0:39:13  time: 0.6990  data_time: 0.0498  memory: 5357  grad_norm: 2.2860  loss: 0.3138  bbox_loss: 0.2247  cls_loss: 0.0891
2026/06/01 03:48:24 - mmengine - INFO - Epoch(train)  [9][1100/1126]  lr: 1.0000e-04  eta: 0:38:39  time: 0.6849  data_time: 0.0493  memory: 5574  grad_norm: 2.1911  loss: 0.3162  bbox_loss: 0.2263  cls_loss: 0.0899
2026/06/01 03:48:42 - mmengine - INFO - Exp name: tr3d_1xb16_scannet-3d-18class_20260601_015330
2026/06/01 03:49:17 - mmengine - INFO - Epoch(train) [10][  50/1126]  lr: 1.0000e-04  eta: 0:37:48  time: 0.6964  data_time: 0.0685  memory: 5221  grad_norm: 2.2873  loss: 0.3094  bbox_loss: 0.2218  cls_loss: 0.0876
2026/06/01 03:49:50 - mmengine - INFO - Epoch(train) [10][ 100/1126]  lr: 1.0000e-04  eta: 0:37:13  time: 0.6754  data_time: 0.0473  memory: 5546  grad_norm: 2.5762  loss: 0.3177  bbox_loss: 0.2288  cls_loss: 0.0889
2026/06/01 03:50:25 - mmengine - INFO - Epoch(train) [10][ 150/1126]  lr: 1.0000e-04  eta: 0:36:40  time: 0.6961  data_time: 0.0490  memory: 5458  grad_norm: 2.4007  loss: 0.3095  bbox_loss: 0.2221  cls_loss: 0.0874
2026/06/01 03:50:59 - mmengine - INFO - Epoch(train) [10][ 200/1126]  lr: 1.0000e-04  eta: 0:36:06  time: 0.6857  data_time: 0.0487  memory: 5208  grad_norm: 2.4144  loss: 0.3113  bbox_loss: 0.2243  cls_loss: 0.0870
2026/06/01 03:51:33 - mmengine - INFO - Epoch(train) [10][ 250/1126]  lr: 1.0000e-04  eta: 0:35:31  time: 0.6731  data_time: 0.0483  memory: 5719  grad_norm: 2.5069  loss: 0.3156  bbox_loss: 0.2272  cls_loss: 0.0884
2026/06/01 03:52:07 - mmengine - INFO - Epoch(train) [10][ 300/1126]  lr: 1.0000e-04  eta: 0:34:57  time: 0.6811  data_time: 0.0517  memory: 5500  grad_norm: 2.3240  loss: 0.3111  bbox_loss: 0.2236  cls_loss: 0.0875
2026/06/01 03:52:41 - mmengine - INFO - Epoch(train) [10][ 350/1126]  lr: 1.0000e-04  eta: 0:34:23  time: 0.6837  data_time: 0.0491  memory: 5186  grad_norm: 2.4256  loss: 0.3091  bbox_loss: 0.2222  cls_loss: 0.0869
2026/06/01 03:53:16 - mmengine - INFO - Epoch(train) [10][ 400/1126]  lr: 1.0000e-04  eta: 0:33:49  time: 0.6914  data_time: 0.0491  memory: 5415  grad_norm: 2.5668  loss: 0.3165  bbox_loss: 0.2268  cls_loss: 0.0897
2026/06/01 03:53:49 - mmengine - INFO - Epoch(train) [10][ 450/1126]  lr: 1.0000e-04  eta: 0:33:15  time: 0.6626  data_time: 0.0489  memory: 5466  grad_norm: 2.6984  loss: 0.3127  bbox_loss: 0.2246  cls_loss: 0.0882
2026/06/01 03:54:22 - mmengine - INFO - Epoch(train) [10][ 500/1126]  lr: 1.0000e-04  eta: 0:32:41  time: 0.6591  data_time: 0.0502  memory: 5149  grad_norm: 2.3911  loss: 0.3074  bbox_loss: 0.2209  cls_loss: 0.0865
2026/06/01 03:54:56 - mmengine - INFO - Epoch(train) [10][ 550/1126]  lr: 1.0000e-04  eta: 0:32:07  time: 0.6850  data_time: 0.0496  memory: 5261  grad_norm: 2.3507  loss: 0.3137  bbox_loss: 0.2257  cls_loss: 0.0881
2026/06/01 03:55:30 - mmengine - INFO - Epoch(train) [10][ 600/1126]  lr: 1.0000e-04  eta: 0:31:32  time: 0.6810  data_time: 0.0499  memory: 5949  grad_norm: 2.2553  loss: 0.3138  bbox_loss: 0.2253  cls_loss: 0.0885
2026/06/01 03:56:04 - mmengine - INFO - Epoch(train) [10][ 650/1126]  lr: 1.0000e-04  eta: 0:30:58  time: 0.6734  data_time: 0.0510  memory: 5520  grad_norm: 2.3566  loss: 0.3090  bbox_loss: 0.2220  cls_loss: 0.0871
2026/06/01 03:56:38 - mmengine - INFO - Epoch(train) [10][ 700/1126]  lr: 1.0000e-04  eta: 0:30:24  time: 0.6893  data_time: 0.0498  memory: 5616  grad_norm: 2.4604  loss: 0.3105  bbox_loss: 0.2232  cls_loss: 0.0873
2026/06/01 03:57:13 - mmengine - INFO - Epoch(train) [10][ 750/1126]  lr: 1.0000e-04  eta: 0:29:51  time: 0.7011  data_time: 0.0508  memory: 5710  grad_norm: 2.3768  loss: 0.3094  bbox_loss: 0.2228  cls_loss: 0.0867
2026/06/01 03:57:47 - mmengine - INFO - Epoch(train) [10][ 800/1126]  lr: 1.0000e-04  eta: 0:29:16  time: 0.6793  data_time: 0.0498  memory: 5383  grad_norm: 2.4345  loss: 0.3052  bbox_loss: 0.2199  cls_loss: 0.0853
2026/06/01 03:58:21 - mmengine - INFO - Epoch(train) [10][ 850/1126]  lr: 1.0000e-04  eta: 0:28:42  time: 0.6711  data_time: 0.0489  memory: 5233  grad_norm: 2.3875  loss: 0.3123  bbox_loss: 0.2249  cls_loss: 0.0874
2026/06/01 03:58:32 - mmengine - INFO - Exp name: tr3d_1xb16_scannet-3d-18class_20260601_015330
2026/06/01 03:58:55 - mmengine - INFO - Epoch(train) [10][ 900/1126]  lr: 1.0000e-04  eta: 0:28:08  time: 0.6907  data_time: 0.0511  memory: 6148  grad_norm: 2.6151  loss: 0.3106  bbox_loss: 0.2231  cls_loss: 0.0874
2026/06/01 03:59:30 - mmengine - INFO - Epoch(train) [10][ 950/1126]  lr: 1.0000e-04  eta: 0:27:34  time: 0.6857  data_time: 0.0488  memory: 5570  grad_norm: 2.4814  loss: 0.3118  bbox_loss: 0.2238  cls_loss: 0.0879
2026/06/01 04:00:03 - mmengine - INFO - Epoch(train) [10][1000/1126]  lr: 1.0000e-04  eta: 0:27:00  time: 0.6688  data_time: 0.0508  memory: 5312  grad_norm: 2.4108  loss: 0.3096  bbox_loss: 0.2229  cls_loss: 0.0867
2026/06/01 04:00:37 - mmengine - INFO - Epoch(train) [10][1050/1126]  lr: 1.0000e-04  eta: 0:26:26  time: 0.6694  data_time: 0.0502  memory: 5726  grad_norm: 2.7875  loss: 0.3104  bbox_loss: 0.2237  cls_loss: 0.0867
2026/06/01 04:01:10 - mmengine - INFO - Epoch(train) [10][1100/1126]  lr: 1.0000e-04  eta: 0:25:52  time: 0.6736  data_time: 0.0493  memory: 5239  grad_norm: 2.9517  loss: 0.3081  bbox_loss: 0.2217  cls_loss: 0.0864
2026/06/01 04:01:28 - mmengine - INFO - Exp name: tr3d_1xb16_scannet-3d-18class_20260601_015330
2026/06/01 04:02:03 - mmengine - INFO - Epoch(train) [11][  50/1126]  lr: 1.0000e-04  eta: 0:25:00  time: 0.7025  data_time: 0.0640  memory: 5373  grad_norm: 2.5049  loss: 0.3035  bbox_loss: 0.2184  cls_loss: 0.0851
2026/06/01 04:02:38 - mmengine - INFO - Epoch(train) [11][ 100/1126]  lr: 1.0000e-04  eta: 0:24:26  time: 0.6929  data_time: 0.0483  memory: 5361  grad_norm: 2.8640  loss: 0.3081  bbox_loss: 0.2221  cls_loss: 0.0860
2026/06/01 04:03:12 - mmengine - INFO - Epoch(train) [11][ 150/1126]  lr: 1.0000e-04  eta: 0:23:52  time: 0.6906  data_time: 0.0479  memory: 5621  grad_norm: 2.8802  loss: 0.3049  bbox_loss: 0.2194  cls_loss: 0.0855
2026/06/01 04:03:46 - mmengine - INFO - Epoch(train) [11][ 200/1126]  lr: 1.0000e-04  eta: 0:23:18  time: 0.6669  data_time: 0.0474  memory: 5417  grad_norm: 2.3865  loss: 0.3060  bbox_loss: 0.2212  cls_loss: 0.0849
2026/06/01 04:04:21 - mmengine - INFO - Epoch(train) [11][ 250/1126]  lr: 1.0000e-04  eta: 0:22:44  time: 0.7044  data_time: 0.0517  memory: 6022  grad_norm: 2.4314  loss: 0.3087  bbox_loss: 0.2233  cls_loss: 0.0854
2026/06/01 04:04:55 - mmengine - INFO - Epoch(train) [11][ 300/1126]  lr: 1.0000e-04  eta: 0:22:10  time: 0.6796  data_time: 0.0488  memory: 5228  grad_norm: 2.5770  loss: 0.3058  bbox_loss: 0.2205  cls_loss: 0.0853
2026/06/01 04:05:30 - mmengine - INFO - Epoch(train) [11][ 350/1126]  lr: 1.0000e-04  eta: 0:21:36  time: 0.6895  data_time: 0.0479  memory: 5497  grad_norm: 2.5461  loss: 0.3042  bbox_loss: 0.2197  cls_loss: 0.0845
2026/06/01 04:06:03 - mmengine - INFO - Epoch(train) [11][ 400/1126]  lr: 1.0000e-04  eta: 0:21:02  time: 0.6787  data_time: 0.0473  memory: 5440  grad_norm: 2.5565  loss: 0.3014  bbox_loss: 0.2170  cls_loss: 0.0844
2026/06/01 04:06:38 - mmengine - INFO - Epoch(train) [11][ 450/1126]  lr: 1.0000e-04  eta: 0:20:28  time: 0.6956  data_time: 0.0543  memory: 5443  grad_norm: 2.5373  loss: 0.3034  bbox_loss: 0.2180  cls_loss: 0.0854
2026/06/01 04:07:12 - mmengine - INFO - Epoch(train) [11][ 500/1126]  lr: 1.0000e-04  eta: 0:19:54  time: 0.6743  data_time: 0.0484  memory: 5662  grad_norm: 2.5859  loss: 0.3076  bbox_loss: 0.2217  cls_loss: 0.0859
2026/06/01 04:07:46 - mmengine - INFO - Epoch(train) [11][ 550/1126]  lr: 1.0000e-04  eta: 0:19:20  time: 0.6744  data_time: 0.0485  memory: 5802  grad_norm: 2.5432  loss: 0.3071  bbox_loss: 0.2215  cls_loss: 0.0856
2026/06/01 04:08:20 - mmengine - INFO - Epoch(train) [11][ 600/1126]  lr: 1.0000e-04  eta: 0:18:46  time: 0.6912  data_time: 0.0472  memory: 5958  grad_norm: 2.2962  loss: 0.3046  bbox_loss: 0.2198  cls_loss: 0.0849
2026/06/01 04:08:54 - mmengine - INFO - Epoch(train) [11][ 650/1126]  lr: 1.0000e-04  eta: 0:18:11  time: 0.6757  data_time: 0.0493  memory: 5185  grad_norm: 2.5489  loss: 0.3056  bbox_loss: 0.2213  cls_loss: 0.0844
2026/06/01 04:09:28 - mmengine - INFO - Epoch(train) [11][ 700/1126]  lr: 1.0000e-04  eta: 0:17:37  time: 0.6706  data_time: 0.0479  memory: 5355  grad_norm: 2.6369  loss: 0.3018  bbox_loss: 0.2177  cls_loss: 0.0841
2026/06/01 04:09:55 - mmengine - INFO - Exp name: tr3d_1xb16_scannet-3d-18class_20260601_015330
2026/06/01 04:10:02 - mmengine - INFO - Epoch(train) [11][ 750/1126]  lr: 1.0000e-04  eta: 0:17:03  time: 0.6844  data_time: 0.0480  memory: 5707  grad_norm: 2.4885  loss: 0.3055  bbox_loss: 0.2209  cls_loss: 0.0846
2026/06/01 04:10:35 - mmengine - INFO - Epoch(train) [11][ 800/1126]  lr: 1.0000e-04  eta: 0:16:29  time: 0.6684  data_time: 0.0474  memory: 5750  grad_norm: 2.4659  loss: 0.3039  bbox_loss: 0.2196  cls_loss: 0.0843
2026/06/01 04:11:09 - mmengine - INFO - Epoch(train) [11][ 850/1126]  lr: 1.0000e-04  eta: 0:15:55  time: 0.6660  data_time: 0.0504  memory: 5056  grad_norm: 2.8973  loss: 0.3016  bbox_loss: 0.2176  cls_loss: 0.0840
2026/06/01 04:11:42 - mmengine - INFO - Epoch(train) [11][ 900/1126]  lr: 1.0000e-04  eta: 0:15:21  time: 0.6612  data_time: 0.0446  memory: 5512  grad_norm: 2.4055  loss: 0.2990  bbox_loss: 0.2153  cls_loss: 0.0838
2026/06/01 04:12:15 - mmengine - INFO - Epoch(train) [11][ 950/1126]  lr: 1.0000e-04  eta: 0:14:47  time: 0.6634  data_time: 0.0473  memory: 5144  grad_norm: 2.8916  loss: 0.3044  bbox_loss: 0.2207  cls_loss: 0.0838
2026/06/01 04:12:48 - mmengine - INFO - Epoch(train) [11][1000/1126]  lr: 1.0000e-04  eta: 0:14:12  time: 0.6735  data_time: 0.0461  memory: 5083  grad_norm: 2.9183  loss: 0.3031  bbox_loss: 0.2192  cls_loss: 0.0839
2026/06/01 04:13:23 - mmengine - INFO - Epoch(train) [11][1050/1126]  lr: 1.0000e-04  eta: 0:13:38  time: 0.6829  data_time: 0.0493  memory: 5810  grad_norm: 2.8520  loss: 0.3052  bbox_loss: 0.2206  cls_loss: 0.0845
2026/06/01 04:13:55 - mmengine - INFO - Epoch(train) [11][1100/1126]  lr: 1.0000e-04  eta: 0:13:04  time: 0.6528  data_time: 0.0489  memory: 5367  grad_norm: 2.7858  loss: 0.3017  bbox_loss: 0.2184  cls_loss: 0.0833
2026/06/01 04:14:13 - mmengine - INFO - Exp name: tr3d_1xb16_scannet-3d-18class_20260601_015330
2026/06/01 04:14:48 - mmengine - INFO - Epoch(train) [12][  50/1126]  lr: 1.0000e-05  eta: 0:12:12  time: 0.6976  data_time: 0.0644  memory: 5513  grad_norm: 2.2697  loss: 0.2968  bbox_loss: 0.2144  cls_loss: 0.0824
2026/06/01 04:15:22 - mmengine - INFO - Epoch(train) [12][ 100/1126]  lr: 1.0000e-05  eta: 0:11:38  time: 0.6872  data_time: 0.0508  memory: 5520  grad_norm: 2.0512  loss: 0.3008  bbox_loss: 0.2170  cls_loss: 0.0837
2026/06/01 04:15:56 - mmengine - INFO - Epoch(train) [12][ 150/1126]  lr: 1.0000e-05  eta: 0:11:04  time: 0.6772  data_time: 0.0489  memory: 5623  grad_norm: 2.2258  loss: 0.2989  bbox_loss: 0.2155  cls_loss: 0.0833
2026/06/01 04:16:30 - mmengine - INFO - Epoch(train) [12][ 200/1126]  lr: 1.0000e-05  eta: 0:10:30  time: 0.6905  data_time: 0.0475  memory: 5348  grad_norm: 2.0977  loss: 0.3002  bbox_loss: 0.2167  cls_loss: 0.0835
2026/06/01 04:17:05 - mmengine - INFO - Epoch(train) [12][ 250/1126]  lr: 1.0000e-05  eta: 0:09:56  time: 0.6890  data_time: 0.0536  memory: 5747  grad_norm: 2.2185  loss: 0.2997  bbox_loss: 0.2157  cls_loss: 0.0839
2026/06/01 04:17:39 - mmengine - INFO - Epoch(train) [12][ 300/1126]  lr: 1.0000e-05  eta: 0:09:22  time: 0.6801  data_time: 0.0502  memory: 5320  grad_norm: 2.1991  loss: 0.2988  bbox_loss: 0.2158  cls_loss: 0.0830
2026/06/01 04:18:13 - mmengine - INFO - Epoch(train) [12][ 350/1126]  lr: 1.0000e-05  eta: 0:08:48  time: 0.6804  data_time: 0.0475  memory: 6038  grad_norm: 2.2297  loss: 0.2983  bbox_loss: 0.2150  cls_loss: 0.0833
2026/06/01 04:18:47 - mmengine - INFO - Epoch(train) [12][ 400/1126]  lr: 1.0000e-05  eta: 0:08:14  time: 0.6721  data_time: 0.0459  memory: 5085  grad_norm: 2.1704  loss: 0.2953  bbox_loss: 0.2141  cls_loss: 0.0812
2026/06/01 04:19:21 - mmengine - INFO - Epoch(train) [12][ 450/1126]  lr: 1.0000e-05  eta: 0:07:40  time: 0.6854  data_time: 0.0472  memory: 5597  grad_norm: 2.2587  loss: 0.3012  bbox_loss: 0.2175  cls_loss: 0.0838
2026/06/01 04:19:55 - mmengine - INFO - Epoch(train) [12][ 500/1126]  lr: 1.0000e-05  eta: 0:07:06  time: 0.6743  data_time: 0.0466  memory: 5203  grad_norm: 2.2575  loss: 0.2933  bbox_loss: 0.2121  cls_loss: 0.0811
2026/06/01 04:20:29 - mmengine - INFO - Epoch(train) [12][ 550/1126]  lr: 1.0000e-05  eta: 0:06:32  time: 0.6814  data_time: 0.0497  memory: 5304  grad_norm: 2.3458  loss: 0.2998  bbox_loss: 0.2168  cls_loss: 0.0829
2026/06/01 04:21:03 - mmengine - INFO - Epoch(train) [12][ 600/1126]  lr: 1.0000e-05  eta: 0:05:58  time: 0.6837  data_time: 0.0501  memory: 5390  grad_norm: 2.2662  loss: 0.2964  bbox_loss: 0.2139  cls_loss: 0.0825
2026/06/01 04:21:13 - mmengine - INFO - Exp name: tr3d_1xb16_scannet-3d-18class_20260601_015330
2026/06/01 04:21:37 - mmengine - INFO - Epoch(train) [12][ 650/1126]  lr: 1.0000e-05  eta: 0:05:24  time: 0.6837  data_time: 0.0512  memory: 6025  grad_norm: 2.1463  loss: 0.3012  bbox_loss: 0.2181  cls_loss: 0.0831
2026/06/01 04:22:10 - mmengine - INFO - Epoch(train) [12][ 700/1126]  lr: 1.0000e-05  eta: 0:04:50  time: 0.6658  data_time: 0.0486  memory: 5043  grad_norm: 2.1063  loss: 0.3015  bbox_loss: 0.2184  cls_loss: 0.0831
2026/06/01 04:22:45 - mmengine - INFO - Epoch(train) [12][ 750/1126]  lr: 1.0000e-05  eta: 0:04:16  time: 0.7034  data_time: 0.0504  memory: 5841  grad_norm: 2.0588  loss: 0.2970  bbox_loss: 0.2141  cls_loss: 0.0829
2026/06/01 04:23:20 - mmengine - INFO - Epoch(train) [12][ 800/1126]  lr: 1.0000e-05  eta: 0:03:42  time: 0.7007  data_time: 0.0492  memory: 5515  grad_norm: 2.0725  loss: 0.3011  bbox_loss: 0.2162  cls_loss: 0.0849
2026/06/01 04:23:55 - mmengine - INFO - Epoch(train) [12][ 850/1126]  lr: 1.0000e-05  eta: 0:03:08  time: 0.6908  data_time: 0.0487  memory: 5222  grad_norm: 2.1307  loss: 0.2956  bbox_loss: 0.2128  cls_loss: 0.0828
2026/06/01 04:24:29 - mmengine - INFO - Epoch(train) [12][ 900/1126]  lr: 1.0000e-05  eta: 0:02:33  time: 0.6840  data_time: 0.0486  memory: 5533  grad_norm: 1.9859  loss: 0.2970  bbox_loss: 0.2146  cls_loss: 0.0823
2026/06/01 04:25:02 - mmengine - INFO - Epoch(train) [12][ 950/1126]  lr: 1.0000e-05  eta: 0:01:59  time: 0.6549  data_time: 0.0486  memory: 5044  grad_norm: 2.0263  loss: 0.3023  bbox_loss: 0.2180  cls_loss: 0.0842
2026/06/01 04:25:36 - mmengine - INFO - Epoch(train) [12][1000/1126]  lr: 1.0000e-05  eta: 0:01:25  time: 0.6770  data_time: 0.0485  memory: 5737  grad_norm: 2.1700  loss: 0.2988  bbox_loss: 0.2160  cls_loss: 0.0827
2026/06/01 04:26:10 - mmengine - INFO - Epoch(train) [12][1050/1126]  lr: 1.0000e-05  eta: 0:00:51  time: 0.6774  data_time: 0.0475  memory: 5215  grad_norm: 2.0872  loss: 0.3012  bbox_loss: 0.2172  cls_loss: 0.0840
2026/06/01 04:26:43 - mmengine - INFO - Epoch(train) [12][1100/1126]  lr: 1.0000e-05  eta: 0:00:17  time: 0.6739  data_time: 0.0504  memory: 5639  grad_norm: 2.1784  loss: 0.2976  bbox_loss: 0.2150  cls_loss: 0.0826
2026/06/01 04:27:01 - mmengine - INFO - Exp name: tr3d_1xb16_scannet-3d-18class_20260601_015330
2026/06/01 04:27:01 - mmengine - INFO - Saving checkpoint at 12 epochs
2026/06/01 04:27:04 - mmengine - INFO - Epoch(val) [12][ 50/312]    eta: 0:00:12  time: 0.0464  data_time: 0.0051  memory: 5853  
2026/06/01 04:27:06 - mmengine - INFO - Epoch(val) [12][100/312]    eta: 0:00:08  time: 0.0345  data_time: 0.0019  memory: 469  
2026/06/01 04:27:08 - mmengine - INFO - Epoch(val) [12][150/312]    eta: 0:00:06  time: 0.0327  data_time: 0.0022  memory: 463  
2026/06/01 04:27:09 - mmengine - INFO - Epoch(val) [12][200/312]    eta: 0:00:04  time: 0.0336  data_time: 0.0016  memory: 460  
2026/06/01 04:27:11 - mmengine - INFO - Epoch(val) [12][250/312]    eta: 0:00:02  time: 0.0326  data_time: 0.0015  memory: 445  
2026/06/01 04:27:13 - mmengine - INFO - Epoch(val) [12][300/312]    eta: 0:00:00  time: 0.0331  data_time: 0.0017  memory: 501  
2026/06/01 04:27:18 - mmengine - INFO - 
+----------------+---------+---------+---------+---------+
| classes        | AP_0.25 | AR_0.25 | AP_0.50 | AR_0.50 |
+----------------+---------+---------+---------+---------+
| cabinet        | 0.5433  | 0.8925  | 0.3571  | 0.6962  |
| bed            | 0.8632  | 0.8889  | 0.7946  | 0.8272  |
| chair          | 0.9527  | 0.9795  | 0.9037  | 0.9393  |
| sofa           | 0.9053  | 0.9897  | 0.8052  | 0.9485  |
| table          | 0.7306  | 0.8829  | 0.6309  | 0.7629  |
| door           | 0.6259  | 0.9036  | 0.4678  | 0.6788  |
| window         | 0.5588  | 0.8050  | 0.2991  | 0.4965  |
| bookshelf      | 0.6628  | 0.8831  | 0.6019  | 0.7792  |
| picture        | 0.3032  | 0.5495  | 0.1824  | 0.3468  |
| counter        | 0.7129  | 0.8846  | 0.3258  | 0.5385  |
| desk           | 0.8046  | 0.9606  | 0.6370  | 0.8504  |
| curtain        | 0.5838  | 0.8657  | 0.4257  | 0.6418  |
| refrigerator   | 0.5647  | 0.9298  | 0.4836  | 0.8070  |
| showercurtrain | 0.8171  | 0.9643  | 0.5695  | 0.6071  |
| toilet         | 0.9977  | 1.0000  | 0.9198  | 0.9310  |
| sink           | 0.7900  | 0.9184  | 0.5023  | 0.6633  |
| bathtub        | 0.8941  | 0.9355  | 0.8256  | 0.8387  |
| garbagebin     | 0.6268  | 0.8660  | 0.5674  | 0.7604  |
+----------------+---------+---------+---------+---------+
| Overall        | 0.7188  | 0.8944  | 0.5722  | 0.7285  |
+----------------+---------+---------+---------+---------+
2026/06/01 04:27:18 - mmengine - INFO - Epoch(val) [12][312/312]    cabinet_AP_0.25: 0.5433  bed_AP_0.25: 0.8632  chair_AP_0.25: 0.9527  sofa_AP_0.25: 0.9053  table_AP_0.25: 0.7306  door_AP_0.25: 0.6259  window_AP_0.25: 0.5588  bookshelf_AP_0.25: 0.6628  picture_AP_0.25: 0.3032  counter_AP_0.25: 0.7129  desk_AP_0.25: 0.8046  curtain_AP_0.25: 0.5838  refrigerator_AP_0.25: 0.5647  showercurtrain_AP_0.25: 0.8171  toilet_AP_0.25: 0.9977  sink_AP_0.25: 0.7900  bathtub_AP_0.25: 0.8941  garbagebin_AP_0.25: 0.6268  mAP_0.25: 0.7188  cabinet_rec_0.25: 0.8925  bed_rec_0.25: 0.8889  chair_rec_0.25: 0.9795  sofa_rec_0.25: 0.9897  table_rec_0.25: 0.8829  door_rec_0.25: 0.9036  window_rec_0.25: 0.8050  bookshelf_rec_0.25: 0.8831  picture_rec_0.25: 0.5495  counter_rec_0.25: 0.8846  desk_rec_0.25: 0.9606  curtain_rec_0.25: 0.8657  refrigerator_rec_0.25: 0.9298  showercurtrain_rec_0.25: 0.9643  toilet_rec_0.25: 1.0000  sink_rec_0.25: 0.9184  bathtub_rec_0.25: 0.9355  garbagebin_rec_0.25: 0.8660  mAR_0.25: 0.8944  cabinet_AP_0.50: 0.3571  bed_AP_0.50: 0.7946  chair_AP_0.50: 0.9037  sofa_AP_0.50: 0.8052  table_AP_0.50: 0.6309  door_AP_0.50: 0.4678  window_AP_0.50: 0.2991  bookshelf_AP_0.50: 0.6019  picture_AP_0.50: 0.1824  counter_AP_0.50: 0.3258  desk_AP_0.50: 0.6370  curtain_AP_0.50: 0.4257  refrigerator_AP_0.50: 0.4836  showercurtrain_AP_0.50: 0.5695  toilet_AP_0.50: 0.9198  sink_AP_0.50: 0.5023  bathtub_AP_0.50: 0.8256  garbagebin_AP_0.50: 0.5674  mAP_0.50: 0.5722  cabinet_rec_0.50: 0.6962  bed_rec_0.50: 0.8272  chair_rec_0.50: 0.9393  sofa_rec_0.50: 0.9485  table_rec_0.50: 0.7629  door_rec_0.50: 0.6788  window_rec_0.50: 0.4965  bookshelf_rec_0.50: 0.7792  picture_rec_0.50: 0.3468  counter_rec_0.50: 0.5385  desk_rec_0.50: 0.8504  curtain_rec_0.50: 0.6418  refrigerator_rec_0.50: 0.8070  showercurtrain_rec_0.50: 0.6071  toilet_rec_0.50: 0.9310  sink_rec_0.50: 0.6633  bathtub_rec_0.50: 0.8387  garbagebin_rec_0.50: 0.7604  mAR_0.50: 0.7285  data_time: 0.0023  time: 0.0353
