2026/06/03 07:16:00 - mmengine - INFO - 
------------------------------------------------------------
System environment:
    sys.platform: linux
    Python: 3.8.20 (default, Oct  3 2024, 15:24:27) [GCC 11.2.0]
    CUDA available: True
    MUSA available: False
    numpy_random_seed: 1899563410
    GPU 0: NVIDIA L40
    CUDA_HOME: /usr/local/cuda-11.8
    NVCC: Cuda compilation tools, release 11.8, V11.8.89
    GCC: gcc (Ubuntu 11.4.0-1ubuntu1~22.04.3) 11.4.0
    PyTorch: 2.0.0+cu118
    PyTorch compiling details: PyTorch built with:
  - GCC 9.3
  - C++ Version: 201703
  - Intel(R) oneAPI Math Kernel Library Version 2023.1-Product Build 20230303 for Intel(R) 64 architecture applications
  - Intel(R) MKL-DNN v2.7.3 (Git Hash 6dbeffbae1f23cbbeae17adb7b5b13f1f37c080e)
  - OpenMP 201511 (a.k.a. OpenMP 4.5)
  - LAPACK is enabled (usually provided by MKL)
  - NNPACK is enabled
  - CPU capability usage: AVX2
  - CUDA Runtime 11.8
  - NVCC architecture flags: -gencode;arch=compute_37,code=sm_37;-gencode;arch=compute_50,code=sm_50;-gencode;arch=compute_60,code=sm_60;-gencode;arch=compute_70,code=sm_70;-gencode;arch=compute_75,code=sm_75;-gencode;arch=compute_80,code=sm_80;-gencode;arch=compute_86,code=sm_86;-gencode;arch=compute_90,code=sm_90
  - CuDNN 8.7
  - Magma 2.6.1
  - Build settings: BLAS_INFO=mkl, BUILD_TYPE=Release, CUDA_VERSION=11.8, CUDNN_VERSION=8.7.0, CXX_COMPILER=/opt/rh/devtoolset-9/root/usr/bin/c++, CXX_FLAGS= -D_GLIBCXX_USE_CXX11_ABI=0 -fabi-version=11 -Wno-deprecated -fvisibility-inlines-hidden -DUSE_PTHREADPOOL -DNDEBUG -DUSE_KINETO -DLIBKINETO_NOROCTRACER -DUSE_FBGEMM -DUSE_QNNPACK -DUSE_PYTORCH_QNNPACK -DUSE_XNNPACK -DSYMBOLICATE_MOBILE_DEBUG_HANDLE -O2 -fPIC -Wall -Wextra -Werror=return-type -Werror=non-virtual-dtor -Werror=bool-operation -Wnarrowing -Wno-missing-field-initializers -Wno-type-limits -Wno-array-bounds -Wno-unknown-pragmas -Wunused-local-typedefs -Wno-unused-parameter -Wno-unused-function -Wno-unused-result -Wno-strict-overflow -Wno-strict-aliasing -Wno-error=deprecated-declarations -Wno-stringop-overflow -Wno-psabi -Wno-error=pedantic -Wno-error=redundant-decls -Wno-error=old-style-cast -fdiagnostics-color=always -faligned-new -Wno-unused-but-set-variable -Wno-maybe-uninitialized -fno-math-errno -fno-trapping-math -Werror=format -Werror=cast-function-type -Wno-stringop-overflow, LAPACK_INFO=mkl, PERF_WITH_AVX=1, PERF_WITH_AVX2=1, PERF_WITH_AVX512=1, TORCH_DISABLE_GPU_ASSERTS=ON, TORCH_VERSION=2.0.0, USE_CUDA=ON, USE_CUDNN=ON, USE_EXCEPTION_PTR=1, USE_GFLAGS=OFF, USE_GLOG=OFF, USE_MKL=ON, USE_MKLDNN=ON, USE_MPI=OFF, USE_NCCL=1, USE_NNPACK=ON, USE_OPENMP=ON, USE_ROCM=OFF, 

    TorchVision: 0.15.1+cu118
    OpenCV: 4.13.0
    MMEngine: 0.10.7

Runtime environment:
    cudnn_benchmark: False
    mp_cfg: {'mp_start_method': 'fork', 'opencv_num_threads': 0}
    dist_cfg: {'backend': 'nccl'}
    seed: 1899563410
    Distributed launcher: none
    Distributed training: False
    GPU number: 1
------------------------------------------------------------

2026/06/03 07:16:01 - mmengine - INFO - Config:
auto_scale_lr = dict(base_batch_size=64, enable=False)
backend_args = None
data_root = '/home/zero/USER/HEYU/mmdetection3d/data/scannet/'
dataset_type = 'ScanNetDataset'
default_hooks = dict(
    checkpoint=dict(interval=-1, type='CheckpointHook'),
    logger=dict(interval=30, type='LoggerHook'),
    param_scheduler=dict(type='ParamSchedulerHook'),
    sampler_seed=dict(type='DistSamplerSeedHook'),
    timer=dict(type='IterTimerHook'),
    visualization=dict(type='Det3DVisualizationHook'))
default_scope = 'mmdet3d'
env_cfg = dict(
    cudnn_benchmark=False,
    dist_cfg=dict(backend='nccl'),
    mp_cfg=dict(mp_start_method='fork', opencv_num_threads=0))
launcher = 'none'
load_from = None
log_level = 'INFO'
log_processor = dict(by_epoch=True, type='LogProcessor', window_size=50)
lr = 0.008
metainfo = dict(
    classes=(
        'cabinet',
        'bed',
        'chair',
        'sofa',
        'table',
        'door',
        'window',
        'bookshelf',
        'picture',
        'counter',
        'desk',
        'curtain',
        'refrigerator',
        'showercurtrain',
        'toilet',
        'sink',
        'bathtub',
        'garbagebin',
    ))
model = dict(
    backbone=dict(
        fp_channels=(
            (
                256,
                256,
            ),
            (
                256,
                256,
            ),
        ),
        in_channels=4,
        norm_cfg=dict(type='BN2d'),
        num_points=(
            2048,
            1024,
            512,
            256,
        ),
        num_samples=(
            64,
            32,
            16,
            16,
        ),
        radius=(
            0.2,
            0.4,
            0.8,
            1.2,
        ),
        sa_cfg=dict(
            normalize_xyz=True,
            pool_mod='max',
            type='PointSAModule',
            use_xyz=True),
        sa_channels=(
            (
                64,
                64,
                128,
            ),
            (
                128,
                128,
                256,
            ),
            (
                128,
                128,
                256,
            ),
            (
                128,
                128,
                256,
            ),
        ),
        type='PointNet2SASSG'),
    bbox_head=dict(
        bbox_coder=dict(
            mean_sizes=[
                [
                    0.76966727,
                    0.8116021,
                    0.92573744,
                ],
                [
                    1.876858,
                    1.8425595,
                    1.1931566,
                ],
                [
                    0.61328,
                    0.6148609,
                    0.7182701,
                ],
                [
                    1.3955007,
                    1.5121545,
                    0.83443564,
                ],
                [
                    0.97949594,
                    1.0675149,
                    0.6329687,
                ],
                [
                    0.531663,
                    0.5955577,
                    1.7500148,
                ],
                [
                    0.9624706,
                    0.72462326,
                    1.1481868,
                ],
                [
                    0.83221924,
                    1.0490936,
                    1.6875663,
                ],
                [
                    0.21132214,
                    0.4206159,
                    0.5372846,
                ],
                [
                    1.4440073,
                    1.8970833,
                    0.26985747,
                ],
                [
                    1.0294262,
                    1.4040797,
                    0.87554324,
                ],
                [
                    1.3766412,
                    0.65521795,
                    1.6813129,
                ],
                [
                    0.6650819,
                    0.71111923,
                    1.298853,
                ],
                [
                    0.41999173,
                    0.37906948,
                    1.7513971,
                ],
                [
                    0.59359556,
                    0.5912492,
                    0.73919016,
                ],
                [
                    0.50867593,
                    0.50656086,
                    0.30136237,
                ],
                [
                    1.1511526,
                    1.0546296,
                    0.49706793,
                ],
                [
                    0.47535285,
                    0.49249494,
                    0.5802117,
                ],
            ],
            num_dir_bins=1,
            num_sizes=18,
            type='PartialBinBasedBBoxCoder',
            with_rot=False),
        center_loss=dict(
            loss_dst_weight=10.0,
            loss_src_weight=10.0,
            mode='l2',
            reduction='sum',
            type='ChamferDistance'),
        dir_class_loss=dict(
            loss_weight=1.0, reduction='sum', type='mmdet.CrossEntropyLoss'),
        dir_res_loss=dict(
            loss_weight=10.0, reduction='sum', type='mmdet.SmoothL1Loss'),
        num_classes=18,
        objectness_loss=dict(
            class_weight=[
                0.2,
                0.8,
            ],
            loss_weight=5.0,
            reduction='sum',
            type='mmdet.CrossEntropyLoss'),
        pred_layer_cfg=dict(
            bias=True, in_channels=128, shared_conv_channels=(
                128,
                128,
            )),
        semantic_loss=dict(
            loss_weight=1.0, reduction='sum', type='mmdet.CrossEntropyLoss'),
        size_class_loss=dict(
            loss_weight=1.0, reduction='sum', type='mmdet.CrossEntropyLoss'),
        size_res_loss=dict(
            loss_weight=3.3333333333333335,
            reduction='sum',
            type='mmdet.SmoothL1Loss'),
        type='VoteHead',
        vote_aggregation_cfg=dict(
            mlp_channels=[
                256,
                128,
                128,
                128,
            ],
            normalize_xyz=True,
            num_point=256,
            num_sample=16,
            radius=0.3,
            type='PointSAModule',
            use_xyz=True),
        vote_module_cfg=dict(
            conv_cfg=dict(type='Conv1d'),
            conv_channels=(
                256,
                256,
            ),
            gt_per_seed=3,
            in_channels=256,
            norm_cfg=dict(type='BN1d'),
            norm_feats=True,
            vote_loss=dict(
                loss_dst_weight=10.0,
                mode='l1',
                reduction='none',
                type='ChamferDistance'),
            vote_per_seed=1)),
    data_preprocessor=dict(type='Det3DDataPreprocessor'),
    test_cfg=dict(
        nms_thr=0.25,
        per_class_proposal=True,
        sample_mode='seed',
        score_thr=0.05),
    train_cfg=dict(
        neg_distance_thr=0.6, pos_distance_thr=0.3, sample_mode='vote'),
    type='VoteNet')
optim_wrapper = dict(
    clip_grad=dict(max_norm=10, norm_type=2),
    optimizer=dict(lr=0.008, type='AdamW', weight_decay=0.01),
    type='OptimWrapper')
param_scheduler = [
    dict(
        begin=0,
        by_epoch=True,
        end=36,
        gamma=0.1,
        milestones=[
            24,
            32,
        ],
        type='MultiStepLR'),
]
resume = False
test_cfg = dict(type='TestLoop')
test_dataloader = dict(
    batch_size=1,
    dataset=dict(
        ann_file='scannet_infos_val.pkl',
        backend_args=None,
        box_type_3d='Depth',
        data_root='/home/zero/USER/HEYU/mmdetection3d/data/scannet/',
        metainfo=dict(
            classes=(
                'cabinet',
                'bed',
                'chair',
                'sofa',
                'table',
                'door',
                'window',
                'bookshelf',
                'picture',
                'counter',
                'desk',
                'curtain',
                'refrigerator',
                'showercurtrain',
                'toilet',
                'sink',
                'bathtub',
                'garbagebin',
            )),
        pipeline=[
            dict(
                backend_args=None,
                coord_type='DEPTH',
                load_dim=6,
                shift_height=True,
                type='LoadPointsFromFile',
                use_dim=[
                    0,
                    1,
                    2,
                ]),
            dict(rotation_axis=2, type='GlobalAlignment'),
            dict(
                flip=False,
                img_scale=(
                    1333,
                    800,
                ),
                pts_scale_ratio=1,
                transforms=[
                    dict(
                        rot_range=[
                            0,
                            0,
                        ],
                        scale_ratio_range=[
                            1.0,
                            1.0,
                        ],
                        translation_std=[
                            0,
                            0,
                            0,
                        ],
                        type='GlobalRotScaleTrans'),
                    dict(
                        flip_ratio_bev_horizontal=0.5,
                        flip_ratio_bev_vertical=0.5,
                        sync_2d=False,
                        type='RandomFlip3D'),
                    dict(num_points=40000, type='PointSample'),
                ],
                type='MultiScaleFlipAug3D'),
            dict(keys=[
                'points',
            ], type='Pack3DDetInputs'),
        ],
        test_mode=True,
        type='ScanNetDataset'),
    num_workers=1,
    sampler=dict(shuffle=False, type='DefaultSampler'))
test_evaluator = dict(type='IndoorMetric')
test_pipeline = [
    dict(
        backend_args=None,
        coord_type='DEPTH',
        load_dim=6,
        shift_height=True,
        type='LoadPointsFromFile',
        use_dim=[
            0,
            1,
            2,
        ]),
    dict(rotation_axis=2, type='GlobalAlignment'),
    dict(
        flip=False,
        img_scale=(
            1333,
            800,
        ),
        pts_scale_ratio=1,
        transforms=[
            dict(
                rot_range=[
                    0,
                    0,
                ],
                scale_ratio_range=[
                    1.0,
                    1.0,
                ],
                translation_std=[
                    0,
                    0,
                    0,
                ],
                type='GlobalRotScaleTrans'),
            dict(
                flip_ratio_bev_horizontal=0.5,
                flip_ratio_bev_vertical=0.5,
                sync_2d=False,
                type='RandomFlip3D'),
            dict(num_points=40000, type='PointSample'),
        ],
        type='MultiScaleFlipAug3D'),
    dict(keys=[
        'points',
    ], type='Pack3DDetInputs'),
]
train_cfg = dict(max_epochs=36, type='EpochBasedTrainLoop', val_interval=36)
train_dataloader = dict(
    batch_size=8,
    dataset=dict(
        dataset=dict(
            ann_file='scannet_infos_train.pkl',
            backend_args=None,
            box_type_3d='Depth',
            data_root='/home/zero/USER/HEYU/mmdetection3d/data/scannet/',
            filter_empty_gt=False,
            metainfo=dict(
                classes=(
                    'cabinet',
                    'bed',
                    'chair',
                    'sofa',
                    'table',
                    'door',
                    'window',
                    'bookshelf',
                    'picture',
                    'counter',
                    'desk',
                    'curtain',
                    'refrigerator',
                    'showercurtrain',
                    'toilet',
                    'sink',
                    'bathtub',
                    'garbagebin',
                )),
            pipeline=[
                dict(
                    backend_args=None,
                    coord_type='DEPTH',
                    load_dim=6,
                    shift_height=True,
                    type='LoadPointsFromFile',
                    use_dim=[
                        0,
                        1,
                        2,
                    ]),
                dict(
                    backend_args=None,
                    type='LoadAnnotations3D',
                    with_bbox_3d=True,
                    with_label_3d=True,
                    with_mask_3d=True,
                    with_seg_3d=True),
                dict(rotation_axis=2, type='GlobalAlignment'),
                dict(type='PointSegClassMapping'),
                dict(num_points=40000, type='PointSample'),
                dict(
                    flip_ratio_bev_horizontal=0.5,
                    flip_ratio_bev_vertical=0.5,
                    sync_2d=False,
                    type='RandomFlip3D'),
                dict(
                    rot_range=[
                        -0.087266,
                        0.087266,
                    ],
                    scale_ratio_range=[
                        1.0,
                        1.0,
                    ],
                    shift_height=True,
                    type='GlobalRotScaleTrans'),
                dict(
                    keys=[
                        'points',
                        'gt_bboxes_3d',
                        'gt_labels_3d',
                        'pts_semantic_mask',
                        'pts_instance_mask',
                    ],
                    type='Pack3DDetInputs'),
            ],
            type='ScanNetDataset'),
        times=5,
        type='RepeatDataset'),
    num_workers=4,
    sampler=dict(shuffle=True, type='DefaultSampler'))
train_pipeline = [
    dict(
        backend_args=None,
        coord_type='DEPTH',
        load_dim=6,
        shift_height=True,
        type='LoadPointsFromFile',
        use_dim=[
            0,
            1,
            2,
        ]),
    dict(
        backend_args=None,
        type='LoadAnnotations3D',
        with_bbox_3d=True,
        with_label_3d=True,
        with_mask_3d=True,
        with_seg_3d=True),
    dict(rotation_axis=2, type='GlobalAlignment'),
    dict(type='PointSegClassMapping'),
    dict(num_points=40000, type='PointSample'),
    dict(
        flip_ratio_bev_horizontal=0.5,
        flip_ratio_bev_vertical=0.5,
        sync_2d=False,
        type='RandomFlip3D'),
    dict(
        rot_range=[
            -0.087266,
            0.087266,
        ],
        scale_ratio_range=[
            1.0,
            1.0,
        ],
        shift_height=True,
        type='GlobalRotScaleTrans'),
    dict(
        keys=[
            'points',
            'gt_bboxes_3d',
            'gt_labels_3d',
            'pts_semantic_mask',
            'pts_instance_mask',
        ],
        type='Pack3DDetInputs'),
]
val_cfg = dict(type='ValLoop')
val_dataloader = dict(
    batch_size=1,
    dataset=dict(
        ann_file='scannet_infos_val.pkl',
        backend_args=None,
        box_type_3d='Depth',
        data_root='/home/zero/USER/HEYU/mmdetection3d/data/scannet/',
        metainfo=dict(
            classes=(
                'cabinet',
                'bed',
                'chair',
                'sofa',
                'table',
                'door',
                'window',
                'bookshelf',
                'picture',
                'counter',
                'desk',
                'curtain',
                'refrigerator',
                'showercurtrain',
                'toilet',
                'sink',
                'bathtub',
                'garbagebin',
            )),
        pipeline=[
            dict(
                backend_args=None,
                coord_type='DEPTH',
                load_dim=6,
                shift_height=True,
                type='LoadPointsFromFile',
                use_dim=[
                    0,
                    1,
                    2,
                ]),
            dict(rotation_axis=2, type='GlobalAlignment'),
            dict(
                flip=False,
                img_scale=(
                    1333,
                    800,
                ),
                pts_scale_ratio=1,
                transforms=[
                    dict(
                        rot_range=[
                            0,
                            0,
                        ],
                        scale_ratio_range=[
                            1.0,
                            1.0,
                        ],
                        translation_std=[
                            0,
                            0,
                            0,
                        ],
                        type='GlobalRotScaleTrans'),
                    dict(
                        flip_ratio_bev_horizontal=0.5,
                        flip_ratio_bev_vertical=0.5,
                        sync_2d=False,
                        type='RandomFlip3D'),
                    dict(num_points=40000, type='PointSample'),
                ],
                type='MultiScaleFlipAug3D'),
            dict(keys=[
                'points',
            ], type='Pack3DDetInputs'),
        ],
        test_mode=True,
        type='ScanNetDataset'),
    num_workers=1,
    sampler=dict(shuffle=False, type='DefaultSampler'))
val_evaluator = dict(type='IndoorMetric')
vis_backends = [
    dict(type='LocalVisBackend'),
]
visualizer = dict(
    name='visualizer',
    type='Det3DLocalVisualizer',
    vis_backends=[
        dict(type='LocalVisBackend'),
    ])
work_dir = '/home/zero/USER/HEYU/mmdetection3d/work_dirs/scannet/DFF_VoteNet/0'

2026/06/03 07:16:03 - mmengine - INFO - Distributed training is not used, all SyncBatchNorm (SyncBN) layers in the model will be automatically reverted to BatchNormXd layers if they are used.
2026/06/03 07:16:03 - mmengine - INFO - Hooks will be executed in the following order:
before_run:
(VERY_HIGH   ) RuntimeInfoHook                    
(BELOW_NORMAL) LoggerHook                         
 -------------------- 
before_train:
(VERY_HIGH   ) RuntimeInfoHook                    
(NORMAL      ) IterTimerHook                      
(VERY_LOW    ) CheckpointHook                     
 -------------------- 
before_train_epoch:
(VERY_HIGH   ) RuntimeInfoHook                    
(NORMAL      ) IterTimerHook                      
(NORMAL      ) DistSamplerSeedHook                
 -------------------- 
before_train_iter:
(VERY_HIGH   ) RuntimeInfoHook                    
(NORMAL      ) IterTimerHook                      
 -------------------- 
after_train_iter:
(VERY_HIGH   ) RuntimeInfoHook                    
(NORMAL      ) IterTimerHook                      
(BELOW_NORMAL) LoggerHook                         
(LOW         ) ParamSchedulerHook                 
(VERY_LOW    ) CheckpointHook                     
 -------------------- 
after_train_epoch:
(NORMAL      ) IterTimerHook                      
(LOW         ) ParamSchedulerHook                 
(VERY_LOW    ) CheckpointHook                     
 -------------------- 
before_val:
(VERY_HIGH   ) RuntimeInfoHook                    
 -------------------- 
before_val_epoch:
(NORMAL      ) IterTimerHook                      
 -------------------- 
before_val_iter:
(NORMAL      ) IterTimerHook                      
 -------------------- 
after_val_iter:
(NORMAL      ) IterTimerHook                      
(NORMAL      ) Det3DVisualizationHook             
(BELOW_NORMAL) LoggerHook                         
 -------------------- 
after_val_epoch:
(VERY_HIGH   ) RuntimeInfoHook                    
(NORMAL      ) IterTimerHook                      
(BELOW_NORMAL) LoggerHook                         
(LOW         ) ParamSchedulerHook                 
(VERY_LOW    ) CheckpointHook                     
 -------------------- 
after_val:
(VERY_HIGH   ) RuntimeInfoHook                    
 -------------------- 
after_train:
(VERY_HIGH   ) RuntimeInfoHook                    
(VERY_LOW    ) CheckpointHook                     
 -------------------- 
before_test:
(VERY_HIGH   ) RuntimeInfoHook                    
 -------------------- 
before_test_epoch:
(NORMAL      ) IterTimerHook                      
 -------------------- 
before_test_iter:
(NORMAL      ) IterTimerHook                      
 -------------------- 
after_test_iter:
(NORMAL      ) IterTimerHook                      
(NORMAL      ) Det3DVisualizationHook             
(BELOW_NORMAL) LoggerHook                         
 -------------------- 
after_test_epoch:
(VERY_HIGH   ) RuntimeInfoHook                    
(NORMAL      ) IterTimerHook                      
(BELOW_NORMAL) LoggerHook                         
 -------------------- 
after_test:
(VERY_HIGH   ) RuntimeInfoHook                    
 -------------------- 
after_run:
(BELOW_NORMAL) LoggerHook                         
 -------------------- 
2026/06/03 07:16:04 - mmengine - INFO - ------------------------------
2026/06/03 07:16:04 - mmengine - INFO - The length of training dataset: 1246
2026/06/03 07:16:04 - mmengine - INFO - The number of instances per category in the dataset:
+----------------+--------+
| category       | number |
+----------------+--------+
| cabinet        | 1427   |
| bed            | 307    |
| chair          | 4357   |
| sofa           | 406    |
| table          | 1271   |
| door           | 2026   |
| window         | 928    |
| bookshelf      | 300    |
| picture        | 661    |
| counter        | 216    |
| desk           | 551    |
| curtain        | 292    |
| refrigerator   | 186    |
| showercurtrain | 116    |
| toilet         | 201    |
| sink           | 390    |
| bathtub        | 113    |
| garbagebin     | 1985   |
+----------------+--------+
2026/06/03 07:16:04 - mmengine - INFO - ------------------------------
2026/06/03 07:16:04 - mmengine - INFO - The length of test dataset: 312
2026/06/03 07:16:04 - mmengine - INFO - The number of instances per category in the dataset:
+----------------+--------+
| category       | number |
+----------------+--------+
| cabinet        | 372    |
| bed            | 81     |
| chair          | 1368   |
| sofa           | 97     |
| table          | 350    |
| door           | 467    |
| window         | 282    |
| bookshelf      | 77     |
| picture        | 222    |
| counter        | 52     |
| desk           | 127    |
| curtain        | 67     |
| refrigerator   | 57     |
| showercurtrain | 28     |
| toilet         | 58     |
| sink           | 98     |
| bathtub        | 31     |
| garbagebin     | 530    |
+----------------+--------+
2026/06/03 07:16:04 - mmengine - WARNING - The prefix is not set in metric class IndoorMetric.
Name of parameter - Initialization information

backbone.SA_modules.0.mlps.0.layer0.conv.weight - torch.Size([64, 4, 1, 1]): 
The value is the same before and after calling `init_weights` of VoteNet  

backbone.SA_modules.0.mlps.0.layer0.bn.weight - torch.Size([64]): 
The value is the same before and after calling `init_weights` of VoteNet  

backbone.SA_modules.0.mlps.0.layer0.bn.bias - torch.Size([64]): 
The value is the same before and after calling `init_weights` of VoteNet  

backbone.SA_modules.0.mlps.0.layer1.conv.weight - torch.Size([64, 64, 1, 1]): 
The value is the same before and after calling `init_weights` of VoteNet  

backbone.SA_modules.0.mlps.0.layer1.bn.weight - torch.Size([64]): 
The value is the same before and after calling `init_weights` of VoteNet  

backbone.SA_modules.0.mlps.0.layer1.bn.bias - torch.Size([64]): 
The value is the same before and after calling `init_weights` of VoteNet  

backbone.SA_modules.0.mlps.0.layer2.conv.weight - torch.Size([128, 64, 1, 1]): 
The value is the same before and after calling `init_weights` of VoteNet  

backbone.SA_modules.0.mlps.0.layer2.bn.weight - torch.Size([128]): 
The value is the same before and after calling `init_weights` of VoteNet  

backbone.SA_modules.0.mlps.0.layer2.bn.bias - torch.Size([128]): 
The value is the same before and after calling `init_weights` of VoteNet  

backbone.SA_modules.1.mlps.0.layer0.conv.weight - torch.Size([128, 131, 1, 1]): 
The value is the same before and after calling `init_weights` of VoteNet  

backbone.SA_modules.1.mlps.0.layer0.bn.weight - torch.Size([128]): 
The value is the same before and after calling `init_weights` of VoteNet  

backbone.SA_modules.1.mlps.0.layer0.bn.bias - torch.Size([128]): 
The value is the same before and after calling `init_weights` of VoteNet  

backbone.SA_modules.1.mlps.0.layer1.conv.weight - torch.Size([128, 128, 1, 1]): 
The value is the same before and after calling `init_weights` of VoteNet  

backbone.SA_modules.1.mlps.0.layer1.bn.weight - torch.Size([128]): 
The value is the same before and after calling `init_weights` of VoteNet  

backbone.SA_modules.1.mlps.0.layer1.bn.bias - torch.Size([128]): 
The value is the same before and after calling `init_weights` of VoteNet  

backbone.SA_modules.1.mlps.0.layer2.conv.weight - torch.Size([256, 128, 1, 1]): 
The value is the same before and after calling `init_weights` of VoteNet  

backbone.SA_modules.1.mlps.0.layer2.bn.weight - torch.Size([256]): 
The value is the same before and after calling `init_weights` of VoteNet  

backbone.SA_modules.1.mlps.0.layer2.bn.bias - torch.Size([256]): 
The value is the same before and after calling `init_weights` of VoteNet  

backbone.SA_modules.2.mlps.0.layer0.conv.weight - torch.Size([128, 259, 1, 1]): 
The value is the same before and after calling `init_weights` of VoteNet  

backbone.SA_modules.2.mlps.0.layer0.bn.weight - torch.Size([128]): 
The value is the same before and after calling `init_weights` of VoteNet  

backbone.SA_modules.2.mlps.0.layer0.bn.bias - torch.Size([128]): 
The value is the same before and after calling `init_weights` of VoteNet  

backbone.SA_modules.2.mlps.0.layer1.conv.weight - torch.Size([128, 128, 1, 1]): 
The value is the same before and after calling `init_weights` of VoteNet  

backbone.SA_modules.2.mlps.0.layer1.bn.weight - torch.Size([128]): 
The value is the same before and after calling `init_weights` of VoteNet  

backbone.SA_modules.2.mlps.0.layer1.bn.bias - torch.Size([128]): 
The value is the same before and after calling `init_weights` of VoteNet  

backbone.SA_modules.2.mlps.0.layer2.conv.weight - torch.Size([256, 128, 1, 1]): 
The value is the same before and after calling `init_weights` of VoteNet  

backbone.SA_modules.2.mlps.0.layer2.bn.weight - torch.Size([256]): 
The value is the same before and after calling `init_weights` of VoteNet  

backbone.SA_modules.2.mlps.0.layer2.bn.bias - torch.Size([256]): 
The value is the same before and after calling `init_weights` of VoteNet  

backbone.SA_modules.3.mlps.0.layer0.conv.weight - torch.Size([128, 259, 1, 1]): 
The value is the same before and after calling `init_weights` of VoteNet  

backbone.SA_modules.3.mlps.0.layer0.bn.weight - torch.Size([128]): 
The value is the same before and after calling `init_weights` of VoteNet  

backbone.SA_modules.3.mlps.0.layer0.bn.bias - torch.Size([128]): 
The value is the same before and after calling `init_weights` of VoteNet  

backbone.SA_modules.3.mlps.0.layer1.conv.weight - torch.Size([128, 128, 1, 1]): 
The value is the same before and after calling `init_weights` of VoteNet  

backbone.SA_modules.3.mlps.0.layer1.bn.weight - torch.Size([128]): 
The value is the same before and after calling `init_weights` of VoteNet  

backbone.SA_modules.3.mlps.0.layer1.bn.bias - torch.Size([128]): 
The value is the same before and after calling `init_weights` of VoteNet  

backbone.SA_modules.3.mlps.0.layer2.conv.weight - torch.Size([256, 128, 1, 1]): 
The value is the same before and after calling `init_weights` of VoteNet  

backbone.SA_modules.3.mlps.0.layer2.bn.weight - torch.Size([256]): 
The value is the same before and after calling `init_weights` of VoteNet  

backbone.SA_modules.3.mlps.0.layer2.bn.bias - torch.Size([256]): 
The value is the same before and after calling `init_weights` of VoteNet  

backbone.FP_modules.0.mlps.layer0.conv.weight - torch.Size([256, 512, 1, 1]): 
The value is the same before and after calling `init_weights` of VoteNet  

backbone.FP_modules.0.mlps.layer0.bn.weight - torch.Size([256]): 
The value is the same before and after calling `init_weights` of VoteNet  

backbone.FP_modules.0.mlps.layer0.bn.bias - torch.Size([256]): 
The value is the same before and after calling `init_weights` of VoteNet  

backbone.FP_modules.0.mlps.layer1.conv.weight - torch.Size([256, 256, 1, 1]): 
The value is the same before and after calling `init_weights` of VoteNet  

backbone.FP_modules.0.mlps.layer1.bn.weight - torch.Size([256]): 
The value is the same before and after calling `init_weights` of VoteNet  

backbone.FP_modules.0.mlps.layer1.bn.bias - torch.Size([256]): 
The value is the same before and after calling `init_weights` of VoteNet  

backbone.FP_modules.1.mlps.layer0.conv.weight - torch.Size([256, 512, 1, 1]): 
The value is the same before and after calling `init_weights` of VoteNet  

backbone.FP_modules.1.mlps.layer0.bn.weight - torch.Size([256]): 
The value is the same before and after calling `init_weights` of VoteNet  

backbone.FP_modules.1.mlps.layer0.bn.bias - torch.Size([256]): 
The value is the same before and after calling `init_weights` of VoteNet  

backbone.FP_modules.1.mlps.layer1.conv.weight - torch.Size([256, 256, 1, 1]): 
The value is the same before and after calling `init_weights` of VoteNet  

backbone.FP_modules.1.mlps.layer1.bn.weight - torch.Size([256]): 
The value is the same before and after calling `init_weights` of VoteNet  

backbone.FP_modules.1.mlps.layer1.bn.bias - torch.Size([256]): 
The value is the same before and after calling `init_weights` of VoteNet  

bbox_head.vote_module.vote_conv.0.conv.weight - torch.Size([256, 256, 1]): 
The value is the same before and after calling `init_weights` of VoteNet  

bbox_head.vote_module.vote_conv.0.conv.bias - torch.Size([256]): 
The value is the same before and after calling `init_weights` of VoteNet  

bbox_head.vote_module.vote_conv.0.bn.weight - torch.Size([256]): 
The value is the same before and after calling `init_weights` of VoteNet  

bbox_head.vote_module.vote_conv.0.bn.bias - torch.Size([256]): 
The value is the same before and after calling `init_weights` of VoteNet  

bbox_head.vote_module.vote_conv.1.conv.weight - torch.Size([256, 256, 1]): 
The value is the same before and after calling `init_weights` of VoteNet  

bbox_head.vote_module.vote_conv.1.conv.bias - torch.Size([256]): 
The value is the same before and after calling `init_weights` of VoteNet  

bbox_head.vote_module.vote_conv.1.bn.weight - torch.Size([256]): 
The value is the same before and after calling `init_weights` of VoteNet  

bbox_head.vote_module.vote_conv.1.bn.bias - torch.Size([256]): 
The value is the same before and after calling `init_weights` of VoteNet  

bbox_head.vote_module.conv_out.weight - torch.Size([259, 256, 1]): 
The value is the same before and after calling `init_weights` of VoteNet  

bbox_head.vote_module.conv_out.bias - torch.Size([259]): 
The value is the same before and after calling `init_weights` of VoteNet  

bbox_head.vote_aggregation.mlps.0.layer0.conv.weight - torch.Size([128, 259, 1, 1]): 
The value is the same before and after calling `init_weights` of VoteNet  

bbox_head.vote_aggregation.mlps.0.layer0.bn.weight - torch.Size([128]): 
The value is the same before and after calling `init_weights` of VoteNet  

bbox_head.vote_aggregation.mlps.0.layer0.bn.bias - torch.Size([128]): 
The value is the same before and after calling `init_weights` of VoteNet  

bbox_head.vote_aggregation.mlps.0.layer1.conv.weight - torch.Size([128, 128, 1, 1]): 
The value is the same before and after calling `init_weights` of VoteNet  

bbox_head.vote_aggregation.mlps.0.layer1.bn.weight - torch.Size([128]): 
The value is the same before and after calling `init_weights` of VoteNet  

bbox_head.vote_aggregation.mlps.0.layer1.bn.bias - torch.Size([128]): 
The value is the same before and after calling `init_weights` of VoteNet  

bbox_head.vote_aggregation.mlps.0.layer2.conv.weight - torch.Size([128, 128, 1, 1]): 
The value is the same before and after calling `init_weights` of VoteNet  

bbox_head.vote_aggregation.mlps.0.layer2.bn.weight - torch.Size([128]): 
The value is the same before and after calling `init_weights` of VoteNet  

bbox_head.vote_aggregation.mlps.0.layer2.bn.bias - torch.Size([128]): 
The value is the same before and after calling `init_weights` of VoteNet  

bbox_head.conv_pred.shared_convs.layer0.conv.weight - torch.Size([128, 128, 1]): 
The value is the same before and after calling `init_weights` of VoteNet  

bbox_head.conv_pred.shared_convs.layer0.conv.bias - torch.Size([128]): 
The value is the same before and after calling `init_weights` of VoteNet  

bbox_head.conv_pred.shared_convs.layer0.bn.weight - torch.Size([128]): 
The value is the same before and after calling `init_weights` of VoteNet  

bbox_head.conv_pred.shared_convs.layer0.bn.bias - torch.Size([128]): 
The value is the same before and after calling `init_weights` of VoteNet  

bbox_head.conv_pred.shared_convs.layer1.conv.weight - torch.Size([128, 128, 1]): 
The value is the same before and after calling `init_weights` of VoteNet  

bbox_head.conv_pred.shared_convs.layer1.conv.bias - torch.Size([128]): 
The value is the same before and after calling `init_weights` of VoteNet  

bbox_head.conv_pred.shared_convs.layer1.bn.weight - torch.Size([128]): 
The value is the same before and after calling `init_weights` of VoteNet  

bbox_head.conv_pred.shared_convs.layer1.bn.bias - torch.Size([128]): 
The value is the same before and after calling `init_weights` of VoteNet  

bbox_head.conv_pred.conv_cls.weight - torch.Size([20, 128, 1]): 
The value is the same before and after calling `init_weights` of VoteNet  

bbox_head.conv_pred.conv_cls.bias - torch.Size([20]): 
The value is the same before and after calling `init_weights` of VoteNet  

bbox_head.conv_pred.conv_reg.weight - torch.Size([77, 128, 1]): 
The value is the same before and after calling `init_weights` of VoteNet  

bbox_head.conv_pred.conv_reg.bias - torch.Size([77]): 
The value is the same before and after calling `init_weights` of VoteNet  
2026/06/03 07:16:04 - mmengine - WARNING - "FileClient" will be deprecated in future. Please use io functions in https://mmengine.readthedocs.io/en/latest/api/fileio.html#file-io
2026/06/03 07:16:04 - mmengine - WARNING - "HardDiskBackend" is the alias of "LocalBackend" and the former will be deprecated in future.
2026/06/03 07:16:04 - mmengine - INFO - Checkpoints will be saved to /home/zero/USER/HEYU/mmdetection3d/work_dirs/scannet/DFF_VoteNet/0.
2026/06/03 07:16:10 - mmengine - INFO - Epoch(train)  [1][ 30/779]  lr: 8.0000e-03  eta: 1:29:22  time: 0.1914  data_time: 0.0326  memory: 4189  grad_norm: 330.2573  loss: 22.2078  vote_loss: 12.0626  objectness_loss: 0.4963  semantic_loss: 2.3989  center_loss: 2.7665  dir_class_loss: 0.0000  dir_res_loss: 0.2908  size_class_loss: 2.4158  size_res_loss: 1.7770
2026/06/03 07:16:15 - mmengine - INFO - Epoch(train)  [1][ 60/779]  lr: 8.0000e-03  eta: 1:20:40  time: 0.1553  data_time: 0.0155  memory: 4189  grad_norm: 18.5641  loss: 16.0406  vote_loss: 8.4231  objectness_loss: 0.5865  semantic_loss: 2.1542  center_loss: 1.3503  dir_class_loss: 0.0000  dir_res_loss: 0.0143  size_class_loss: 2.1523  size_res_loss: 1.3599
2026/06/03 07:16:19 - mmengine - INFO - Epoch(train)  [1][ 90/779]  lr: 8.0000e-03  eta: 1:16:25  time: 0.1489  data_time: 0.0138  memory: 4189  grad_norm: 10.6556  loss: 14.0228  vote_loss: 7.4854  objectness_loss: 0.6116  semantic_loss: 1.8838  center_loss: 1.0501  dir_class_loss: 0.0000  dir_res_loss: 0.0050  size_class_loss: 1.8836  size_res_loss: 1.1033
2026/06/03 07:16:24 - mmengine - INFO - Epoch(train)  [1][120/779]  lr: 8.0000e-03  eta: 1:14:32  time: 0.1476  data_time: 0.0127  memory: 4189  grad_norm: 9.3955  loss: 13.2840  vote_loss: 7.1163  objectness_loss: 0.6372  semantic_loss: 1.7373  center_loss: 0.9863  dir_class_loss: 0.0000  dir_res_loss: 0.0032  size_class_loss: 1.7369  size_res_loss: 1.0669
2026/06/03 07:16:28 - mmengine - INFO - Epoch(train)  [1][150/779]  lr: 8.0000e-03  eta: 1:14:28  time: 0.1557  data_time: 0.0138  memory: 4189  grad_norm: 8.2936  loss: 12.7979  vote_loss: 6.8920  objectness_loss: 0.6645  semantic_loss: 1.6539  center_loss: 0.9630  dir_class_loss: 0.0000  dir_res_loss: 0.0010  size_class_loss: 1.6539  size_res_loss: 0.9694
2026/06/03 07:16:33 - mmengine - INFO - Epoch(train)  [1][180/779]  lr: 8.0000e-03  eta: 1:14:04  time: 0.1577  data_time: 0.0143  memory: 4189  grad_norm: 8.5045  loss: 12.5629  vote_loss: 6.8695  objectness_loss: 0.6209  semantic_loss: 1.5943  center_loss: 0.9469  dir_class_loss: 0.0000  dir_res_loss: 0.0010  size_class_loss: 1.5928  size_res_loss: 0.9375
2026/06/03 07:16:37 - mmengine - INFO - Epoch(train)  [1][210/779]  lr: 8.0000e-03  eta: 1:13:16  time: 0.1507  data_time: 0.0136  memory: 4189  grad_norm: 8.4140  loss: 12.3672  vote_loss: 6.8841  objectness_loss: 0.6428  semantic_loss: 1.4976  center_loss: 0.9228  dir_class_loss: 0.0000  dir_res_loss: 0.0015  size_class_loss: 1.4970  size_res_loss: 0.9214
2026/06/03 07:16:42 - mmengine - INFO - Epoch(train)  [1][240/779]  lr: 8.0000e-03  eta: 1:12:56  time: 0.1508  data_time: 0.0136  memory: 4189  grad_norm: 7.3971  loss: 12.1675  vote_loss: 6.8485  objectness_loss: 0.6568  semantic_loss: 1.4373  center_loss: 0.8677  dir_class_loss: 0.0000  dir_res_loss: 0.0007  size_class_loss: 1.4376  size_res_loss: 0.9189
2026/06/03 07:16:47 - mmengine - INFO - Epoch(train)  [1][270/779]  lr: 8.0000e-03  eta: 1:12:24  time: 0.1518  data_time: 0.0143  memory: 4189  grad_norm: 7.3228  loss: 12.1770  vote_loss: 6.9061  objectness_loss: 0.6570  semantic_loss: 1.3916  center_loss: 0.8672  dir_class_loss: 0.0000  dir_res_loss: 0.0049  size_class_loss: 1.3909  size_res_loss: 0.9593
2026/06/03 07:16:51 - mmengine - INFO - Epoch(train)  [1][300/779]  lr: 8.0000e-03  eta: 1:12:00  time: 0.1485  data_time: 0.0138  memory: 4189  grad_norm: 7.0998  loss: 12.0846  vote_loss: 6.6688  objectness_loss: 0.6427  semantic_loss: 1.4722  center_loss: 0.8874  dir_class_loss: 0.0000  dir_res_loss: 0.0027  size_class_loss: 1.4708  size_res_loss: 0.9399
2026/06/03 07:16:55 - mmengine - INFO - Epoch(train)  [1][330/779]  lr: 8.0000e-03  eta: 1:11:32  time: 0.1478  data_time: 0.0139  memory: 4189  grad_norm: 6.7118  loss: 11.8968  vote_loss: 6.5374  objectness_loss: 0.6431  semantic_loss: 1.4502  center_loss: 0.8667  dir_class_loss: 0.0000  dir_res_loss: 0.0003  size_class_loss: 1.4498  size_res_loss: 0.9492
2026/06/03 07:17:00 - mmengine - INFO - Epoch(train)  [1][360/779]  lr: 8.0000e-03  eta: 1:11:10  time: 0.1469  data_time: 0.0142  memory: 4189  grad_norm: 7.1795  loss: 11.3723  vote_loss: 6.2901  objectness_loss: 0.6421  semantic_loss: 1.3595  center_loss: 0.8441  dir_class_loss: 0.0000  dir_res_loss: 0.0011  size_class_loss: 1.3607  size_res_loss: 0.8748
2026/06/03 07:17:04 - mmengine - INFO - Epoch(train)  [1][390/779]  lr: 8.0000e-03  eta: 1:10:47  time: 0.1464  data_time: 0.0144  memory: 4189  grad_norm: 7.3829  loss: 11.2419  vote_loss: 6.2954  objectness_loss: 0.6303  semantic_loss: 1.3336  center_loss: 0.8173  dir_class_loss: 0.0000  dir_res_loss: 0.0004  size_class_loss: 1.3350  size_res_loss: 0.8300
2026/06/03 07:17:09 - mmengine - INFO - Epoch(train)  [1][420/779]  lr: 8.0000e-03  eta: 1:10:48  time: 0.1522  data_time: 0.0147  memory: 4189  grad_norm: 7.3219  loss: 11.0098  vote_loss: 6.2113  objectness_loss: 0.6148  semantic_loss: 1.2602  center_loss: 0.8016  dir_class_loss: 0.0000  dir_res_loss: 0.0001  size_class_loss: 1.2600  size_res_loss: 0.8620
2026/06/03 07:17:14 - mmengine - INFO - Epoch(train)  [1][450/779]  lr: 8.0000e-03  eta: 1:10:46  time: 0.1569  data_time: 0.0152  memory: 4189  grad_norm: 6.6170  loss: 10.9289  vote_loss: 6.1101  objectness_loss: 0.6342  semantic_loss: 1.2733  center_loss: 0.7791  dir_class_loss: 0.0000  dir_res_loss: 0.0000  size_class_loss: 1.2737  size_res_loss: 0.8583
2026/06/03 07:17:18 - mmengine - INFO - Epoch(train)  [1][480/779]  lr: 8.0000e-03  eta: 1:10:37  time: 0.1541  data_time: 0.0147  memory: 4189  grad_norm: 6.1235  loss: 10.8129  vote_loss: 6.1269  objectness_loss: 0.6355  semantic_loss: 1.2107  center_loss: 0.7675  dir_class_loss: 0.0000  dir_res_loss: 0.0000  size_class_loss: 1.2108  size_res_loss: 0.8614
2026/06/03 07:17:22 - mmengine - INFO - Epoch(train)  [1][510/779]  lr: 8.0000e-03  eta: 1:10:18  time: 0.1468  data_time: 0.0138  memory: 4189  grad_norm: 6.8638  loss: 10.7321  vote_loss: 6.1300  objectness_loss: 0.6453  semantic_loss: 1.1724  center_loss: 0.7511  dir_class_loss: 0.0000  dir_res_loss: 0.0000  size_class_loss: 1.1725  size_res_loss: 0.8608
2026/06/03 07:17:27 - mmengine - INFO - Epoch(train)  [1][540/779]  lr: 8.0000e-03  eta: 1:10:05  time: 0.1466  data_time: 0.0139  memory: 4189  grad_norm: 7.2637  loss: 10.8492  vote_loss: 6.1358  objectness_loss: 0.6544  semantic_loss: 1.1833  center_loss: 0.7941  dir_class_loss: 0.0000  dir_res_loss: 0.0000  size_class_loss: 1.1840  size_res_loss: 0.8976
2026/06/03 07:17:31 - mmengine - INFO - Epoch(train)  [1][570/779]  lr: 8.0000e-03  eta: 1:10:01  time: 0.1517  data_time: 0.0146  memory: 4189  grad_norm: 6.3981  loss: 10.4860  vote_loss: 5.9302  objectness_loss: 0.6441  semantic_loss: 1.1403  center_loss: 0.7618  dir_class_loss: 0.0000  dir_res_loss: 0.0000  size_class_loss: 1.1408  size_res_loss: 0.8688
2026/06/03 07:17:36 - mmengine - INFO - Epoch(train)  [1][600/779]  lr: 8.0000e-03  eta: 1:09:46  time: 0.1473  data_time: 0.0140  memory: 4189  grad_norm: 6.5389  loss: 10.3941  vote_loss: 5.9504  objectness_loss: 0.6544  semantic_loss: 1.1162  center_loss: 0.7480  dir_class_loss: 0.0000  dir_res_loss: 0.0000  size_class_loss: 1.1159  size_res_loss: 0.8092
2026/06/03 07:17:40 - mmengine - INFO - Epoch(train)  [1][630/779]  lr: 8.0000e-03  eta: 1:09:32  time: 0.1447  data_time: 0.0138  memory: 4189  grad_norm: 6.3529  loss: 10.0124  vote_loss: 5.7092  objectness_loss: 0.6549  semantic_loss: 1.0639  center_loss: 0.7312  dir_class_loss: 0.0000  dir_res_loss: 0.0000  size_class_loss: 1.0638  size_res_loss: 0.7894
2026/06/03 07:17:45 - mmengine - INFO - Epoch(train)  [1][660/779]  lr: 8.0000e-03  eta: 1:09:27  time: 0.1496  data_time: 0.0143  memory: 4189  grad_norm: 6.5512  loss: 9.8295  vote_loss: 5.6538  objectness_loss: 0.6334  semantic_loss: 1.0349  center_loss: 0.7144  dir_class_loss: 0.0000  dir_res_loss: 0.0000  size_class_loss: 1.0355  size_res_loss: 0.7575
2026/06/03 07:17:49 - mmengine - INFO - Epoch(train)  [1][690/779]  lr: 8.0000e-03  eta: 1:09:18  time: 0.1504  data_time: 0.0142  memory: 4189  grad_norm: 6.9905  loss: 9.8845  vote_loss: 5.6415  objectness_loss: 0.6206  semantic_loss: 1.0512  center_loss: 0.7318  dir_class_loss: 0.0000  dir_res_loss: 0.0000  size_class_loss: 1.0517  size_res_loss: 0.7876
2026/06/03 07:17:54 - mmengine - INFO - Epoch(train)  [1][720/779]  lr: 8.0000e-03  eta: 1:09:09  time: 0.1483  data_time: 0.0140  memory: 4189  grad_norm: 6.8895  loss: 9.4770  vote_loss: 5.3695  objectness_loss: 0.6189  semantic_loss: 1.0013  center_loss: 0.7082  dir_class_loss: 0.0000  dir_res_loss: 0.0000  size_class_loss: 1.0019  size_res_loss: 0.7772
2026/06/03 07:17:58 - mmengine - INFO - Epoch(train)  [1][750/779]  lr: 8.0000e-03  eta: 1:08:59  time: 0.1472  data_time: 0.0138  memory: 4189  grad_norm: 6.7124  loss: 9.6222  vote_loss: 5.4613  objectness_loss: 0.6304  semantic_loss: 1.0072  center_loss: 0.7267  dir_class_loss: 0.0000  dir_res_loss: 0.0000  size_class_loss: 1.0071  size_res_loss: 0.7896
2026/06/03 07:18:02 - mmengine - INFO - Exp name: votenet_8xb8_scannet-3d_20260603_071554
2026/06/03 07:18:07 - mmengine - INFO - Epoch(train)  [2][ 30/779]  lr: 8.0000e-03  eta: 1:09:00  time: 0.1579  data_time: 0.0204  memory: 4189  grad_norm: 6.6461  loss: 9.4308  vote_loss: 5.3837  objectness_loss: 0.6210  semantic_loss: 0.9731  center_loss: 0.6955  dir_class_loss: 0.0000  dir_res_loss: 0.0000  size_class_loss: 0.9726  size_res_loss: 0.7849
2026/06/03 07:18:12 - mmengine - INFO - Epoch(train)  [2][ 60/779]  lr: 8.0000e-03  eta: 1:08:54  time: 0.1500  data_time: 0.0138  memory: 4189  grad_norm: 6.3146  loss: 9.4252  vote_loss: 5.3636  objectness_loss: 0.6112  semantic_loss: 0.9822  center_loss: 0.6998  dir_class_loss: 0.0000  dir_res_loss: 0.0000  size_class_loss: 0.9823  size_res_loss: 0.7862
2026/06/03 07:18:16 - mmengine - INFO - Epoch(train)  [2][ 90/779]  lr: 8.0000e-03  eta: 1:08:44  time: 0.1487  data_time: 0.0133  memory: 4189  grad_norm: 6.2214  loss: 9.0241  vote_loss: 5.2389  objectness_loss: 0.5850  semantic_loss: 0.9008  center_loss: 0.6510  dir_class_loss: 0.0000  dir_res_loss: 0.0000  size_class_loss: 0.9009  size_res_loss: 0.7475
2026/06/03 07:18:21 - mmengine - INFO - Epoch(train)  [2][120/779]  lr: 8.0000e-03  eta: 1:08:41  time: 0.1507  data_time: 0.0141  memory: 4189  grad_norm: 6.7246  loss: 9.5775  vote_loss: 5.6791  objectness_loss: 0.5937  semantic_loss: 0.9099  center_loss: 0.6883  dir_class_loss: 0.0000  dir_res_loss: 0.0000  size_class_loss: 0.9097  size_res_loss: 0.7967
2026/06/03 07:18:25 - mmengine - INFO - Epoch(train)  [2][150/779]  lr: 8.0000e-03  eta: 1:08:39  time: 0.1529  data_time: 0.0147  memory: 4189  grad_norm: 6.2872  loss: 9.6220  vote_loss: 5.6246  objectness_loss: 0.6047  semantic_loss: 0.9591  center_loss: 0.7044  dir_class_loss: 0.0000  dir_res_loss: 0.0000  size_class_loss: 0.9592  size_res_loss: 0.7701
2026/06/03 07:18:30 - mmengine - INFO - Epoch(train)  [2][180/779]  lr: 8.0000e-03  eta: 1:08:30  time: 0.1512  data_time: 0.0145  memory: 4189  grad_norm: 6.5924  loss: 9.2060  vote_loss: 5.2610  objectness_loss: 0.5937  semantic_loss: 0.9514  center_loss: 0.6909  dir_class_loss: 0.0000  dir_res_loss: 0.0001  size_class_loss: 0.9515  size_res_loss: 0.7575
2026/06/03 07:18:35 - mmengine - INFO - Epoch(train)  [2][210/779]  lr: 8.0000e-03  eta: 1:08:28  time: 0.1521  data_time: 0.0145  memory: 4189  grad_norm: 7.0168  loss: 8.9960  vote_loss: 5.0848  objectness_loss: 0.6221  semantic_loss: 0.9223  center_loss: 0.7039  dir_class_loss: 0.0000  dir_res_loss: 0.0001  size_class_loss: 0.9227  size_res_loss: 0.7400
2026/06/03 07:18:36 - mmengine - INFO - Exp name: votenet_8xb8_scannet-3d_20260603_071554
2026/06/03 07:18:39 - mmengine - INFO - Epoch(train)  [2][240/779]  lr: 8.0000e-03  eta: 1:08:19  time: 0.1491  data_time: 0.0140  memory: 4189  grad_norm: 7.1663  loss: 9.1012  vote_loss: 5.2026  objectness_loss: 0.6240  semantic_loss: 0.9308  center_loss: 0.6917  dir_class_loss: 0.0000  dir_res_loss: 0.0001  size_class_loss: 0.9309  size_res_loss: 0.7211
2026/06/03 07:18:43 - mmengine - INFO - Epoch(train)  [2][270/779]  lr: 8.0000e-03  eta: 1:08:10  time: 0.1459  data_time: 0.0130  memory: 4189  grad_norm: 6.8905  loss: 9.1254  vote_loss: 5.3763  objectness_loss: 0.6096  semantic_loss: 0.8680  center_loss: 0.6770  dir_class_loss: 0.0000  dir_res_loss: 0.0000  size_class_loss: 0.8680  size_res_loss: 0.7264
2026/06/03 07:18:48 - mmengine - INFO - Epoch(train)  [2][300/779]  lr: 8.0000e-03  eta: 1:08:04  time: 0.1478  data_time: 0.0131  memory: 4189  grad_norm: 6.5414  loss: 9.1262  vote_loss: 5.3579  objectness_loss: 0.5939  semantic_loss: 0.8625  center_loss: 0.6694  dir_class_loss: 0.0000  dir_res_loss: 0.0000  size_class_loss: 0.8625  size_res_loss: 0.7800
2026/06/03 07:18:52 - mmengine - INFO - Epoch(train)  [2][330/779]  lr: 8.0000e-03  eta: 1:07:58  time: 0.1501  data_time: 0.0139  memory: 4189  grad_norm: 6.1026  loss: 8.8993  vote_loss: 5.0994  objectness_loss: 0.6038  semantic_loss: 0.8798  center_loss: 0.6532  dir_class_loss: 0.0000  dir_res_loss: 0.0000  size_class_loss: 0.8799  size_res_loss: 0.7833
2026/06/03 07:18:57 - mmengine - INFO - Epoch(train)  [2][360/779]  lr: 8.0000e-03  eta: 1:07:54  time: 0.1512  data_time: 0.0141  memory: 4189  grad_norm: 6.0651  loss: 8.7712  vote_loss: 5.0121  objectness_loss: 0.6034  semantic_loss: 0.8964  center_loss: 0.6442  dir_class_loss: 0.0000  dir_res_loss: 0.0000  size_class_loss: 0.8967  size_res_loss: 0.7185
2026/06/03 07:19:01 - mmengine - INFO - Epoch(train)  [2][390/779]  lr: 8.0000e-03  eta: 1:07:46  time: 0.1467  data_time: 0.0137  memory: 4189  grad_norm: 6.9753  loss: 8.8264  vote_loss: 5.1018  objectness_loss: 0.5988  semantic_loss: 0.8799  center_loss: 0.6372  dir_class_loss: 0.0000  dir_res_loss: 0.0000  size_class_loss: 0.8798  size_res_loss: 0.7289
2026/06/03 07:19:06 - mmengine - INFO - Epoch(train)  [2][420/779]  lr: 8.0000e-03  eta: 1:07:38  time: 0.1460  data_time: 0.0134  memory: 4189  grad_norm: 6.9100  loss: 8.7386  vote_loss: 5.0718  objectness_loss: 0.5878  semantic_loss: 0.8691  center_loss: 0.6322  dir_class_loss: 0.0000  dir_res_loss: 0.0000  size_class_loss: 0.8690  size_res_loss: 0.7087
2026/06/03 07:19:10 - mmengine - INFO - Epoch(train)  [2][450/779]  lr: 8.0000e-03  eta: 1:07:29  time: 0.1451  data_time: 0.0130  memory: 4189  grad_norm: 6.1672  loss: 8.7894  vote_loss: 5.0547  objectness_loss: 0.5743  semantic_loss: 0.9195  center_loss: 0.6210  dir_class_loss: 0.0000  dir_res_loss: 0.0000  size_class_loss: 0.9198  size_res_loss: 0.7001
2026/06/03 07:19:14 - mmengine - INFO - Epoch(train)  [2][480/779]  lr: 8.0000e-03  eta: 1:07:21  time: 0.1457  data_time: 0.0132  memory: 4189  grad_norm: 5.8370  loss: 8.6521  vote_loss: 5.0261  objectness_loss: 0.5903  semantic_loss: 0.8625  center_loss: 0.6154  dir_class_loss: 0.0000  dir_res_loss: 0.0000  size_class_loss: 0.8625  size_res_loss: 0.6953
2026/06/03 07:19:19 - mmengine - INFO - Epoch(train)  [2][510/779]  lr: 8.0000e-03  eta: 1:07:13  time: 0.1460  data_time: 0.0136  memory: 4189  grad_norm: 5.3854  loss: 8.5956  vote_loss: 5.0443  objectness_loss: 0.6001  semantic_loss: 0.8200  center_loss: 0.6097  dir_class_loss: 0.0000  dir_res_loss: 0.0000  size_class_loss: 0.8206  size_res_loss: 0.7009
2026/06/03 07:19:23 - mmengine - INFO - Epoch(train)  [2][540/779]  lr: 8.0000e-03  eta: 1:07:09  time: 0.1485  data_time: 0.0140  memory: 4189  grad_norm: 5.4263  loss: 8.4128  vote_loss: 4.9269  objectness_loss: 0.5789  semantic_loss: 0.8119  center_loss: 0.5998  dir_class_loss: 0.0000  dir_res_loss: 0.0000  size_class_loss: 0.8120  size_res_loss: 0.6833
2026/06/03 07:19:28 - mmengine - INFO - Epoch(train)  [2][570/779]  lr: 8.0000e-03  eta: 1:07:07  time: 0.1543  data_time: 0.0145  memory: 4189  grad_norm: 6.2536  loss: 8.2850  vote_loss: 4.8228  objectness_loss: 0.5825  semantic_loss: 0.8060  center_loss: 0.5960  dir_class_loss: 0.0000  dir_res_loss: 0.0000  size_class_loss: 0.8057  size_res_loss: 0.6719
2026/06/03 07:19:32 - mmengine - INFO - Epoch(train)  [2][600/779]  lr: 8.0000e-03  eta: 1:06:59  time: 0.1488  data_time: 0.0139  memory: 4189  grad_norm: 6.2127  loss: 8.1821  vote_loss: 4.7694  objectness_loss: 0.5678  semantic_loss: 0.8007  center_loss: 0.6034  dir_class_loss: 0.0000  dir_res_loss: 0.0000  size_class_loss: 0.8008  size_res_loss: 0.6400
2026/06/03 07:19:37 - mmengine - INFO - Epoch(train)  [2][630/779]  lr: 8.0000e-03  eta: 1:06:53  time: 0.1463  data_time: 0.0131  memory: 4189  grad_norm: 6.0402  loss: 8.4259  vote_loss: 4.9606  objectness_loss: 0.5665  semantic_loss: 0.8007  center_loss: 0.6206  dir_class_loss: 0.0000  dir_res_loss: 0.0000  size_class_loss: 0.8007  size_res_loss: 0.6769
2026/06/03 07:19:41 - mmengine - INFO - Epoch(train)  [2][660/779]  lr: 8.0000e-03  eta: 1:06:46  time: 0.1470  data_time: 0.0128  memory: 4189  grad_norm: 5.6001  loss: 8.4828  vote_loss: 4.9593  objectness_loss: 0.5922  semantic_loss: 0.8278  center_loss: 0.6035  dir_class_loss: 0.0000  dir_res_loss: 0.0000  size_class_loss: 0.8280  size_res_loss: 0.6720
2026/06/03 07:19:45 - mmengine - INFO - Epoch(train)  [2][690/779]  lr: 8.0000e-03  eta: 1:06:39  time: 0.1461  data_time: 0.0128  memory: 4189  grad_norm: 5.7494  loss: 8.4368  vote_loss: 4.9396  objectness_loss: 0.5861  semantic_loss: 0.8236  center_loss: 0.5981  dir_class_loss: 0.0000  dir_res_loss: 0.0000  size_class_loss: 0.8234  size_res_loss: 0.6661
2026/06/03 07:19:50 - mmengine - INFO - Epoch(train)  [2][720/779]  lr: 8.0000e-03  eta: 1:06:36  time: 0.1513  data_time: 0.0186  memory: 4189  grad_norm: 6.1995  loss: 8.4802  vote_loss: 4.9525  objectness_loss: 0.5948  semantic_loss: 0.8131  center_loss: 0.6030  dir_class_loss: 0.0000  dir_res_loss: 0.0000  size_class_loss: 0.8129  size_res_loss: 0.7039
2026/06/03 07:19:55 - mmengine - INFO - Epoch(train)  [2][750/779]  lr: 8.0000e-03  eta: 1:06:32  time: 0.1533  data_time: 0.0189  memory: 4189  grad_norm: 5.4623  loss: 8.3979  vote_loss: 4.8681  objectness_loss: 0.5882  semantic_loss: 0.8185  center_loss: 0.5859  dir_class_loss: 0.0000  dir_res_loss: 0.0000  size_class_loss: 0.8183  size_res_loss: 0.7189
2026/06/03 07:19:59 - mmengine - INFO - Exp name: votenet_8xb8_scannet-3d_20260603_071554
2026/06/03 07:20:04 - mmengine - INFO - Epoch(train)  [3][ 30/779]  lr: 8.0000e-03  eta: 1:06:27  time: 0.1562  data_time: 0.0216  memory: 4189  grad_norm: 5.7998  loss: 7.9110  vote_loss: 4.7378  objectness_loss: 0.5530  semantic_loss: 0.6914  center_loss: 0.5926  dir_class_loss: 0.0000  dir_res_loss: 0.0000  size_class_loss: 0.6919  size_res_loss: 0.6443
2026/06/03 07:20:08 - mmengine - INFO - Epoch(train)  [3][ 60/779]  lr: 8.0000e-03  eta: 1:06:23  time: 0.1509  data_time: 0.0143  memory: 4189  grad_norm: 6.5563  loss: 8.0899  vote_loss: 4.8292  objectness_loss: 0.5634  semantic_loss: 0.7171  center_loss: 0.5775  dir_class_loss: 0.0000  dir_res_loss: 0.0000  size_class_loss: 0.7174  size_res_loss: 0.6853
2026/06/03 07:20:13 - mmengine - INFO - Epoch(train)  [3][ 90/779]  lr: 8.0000e-03  eta: 1:06:18  time: 0.1479  data_time: 0.0140  memory: 4189  grad_norm: 5.5524  loss: 8.1689  vote_loss: 4.8506  objectness_loss: 0.5744  semantic_loss: 0.7592  center_loss: 0.5739  dir_class_loss: 0.0000  dir_res_loss: 0.0001  size_class_loss: 0.7595  size_res_loss: 0.6512
2026/06/03 07:20:17 - mmengine - INFO - Epoch(train)  [3][120/779]  lr: 8.0000e-03  eta: 1:06:11  time: 0.1467  data_time: 0.0130  memory: 4189  grad_norm: 5.8024  loss: 7.9851  vote_loss: 4.6585  objectness_loss: 0.5625  semantic_loss: 0.7729  center_loss: 0.5734  dir_class_loss: 0.0000  dir_res_loss: 0.0001  size_class_loss: 0.7730  size_res_loss: 0.6449
2026/06/03 07:20:22 - mmengine - INFO - Epoch(train)  [3][150/779]  lr: 8.0000e-03  eta: 1:06:08  time: 0.1511  data_time: 0.0131  memory: 4189  grad_norm: 6.1191  loss: 7.8325  vote_loss: 4.6193  objectness_loss: 0.5405  semantic_loss: 0.7212  center_loss: 0.5676  dir_class_loss: 0.0000  dir_res_loss: 0.0001  size_class_loss: 0.7213  size_res_loss: 0.6626
2026/06/03 07:20:26 - mmengine - INFO - Epoch(train)  [3][180/779]  lr: 8.0000e-03  eta: 1:06:02  time: 0.1493  data_time: 0.0139  memory: 4189  grad_norm: 5.4761  loss: 7.9329  vote_loss: 4.7243  objectness_loss: 0.5512  semantic_loss: 0.7330  center_loss: 0.5645  dir_class_loss: 0.0000  dir_res_loss: 0.0001  size_class_loss: 0.7333  size_res_loss: 0.6266
2026/06/03 07:20:31 - mmengine - INFO - Epoch(train)  [3][210/779]  lr: 8.0000e-03  eta: 1:05:55  time: 0.1455  data_time: 0.0135  memory: 4189  grad_norm: 5.7682  loss: 8.0244  vote_loss: 4.7125  objectness_loss: 0.5451  semantic_loss: 0.7740  center_loss: 0.5776  dir_class_loss: 0.0000  dir_res_loss: 0.0001  size_class_loss: 0.7743  size_res_loss: 0.6407
2026/06/03 07:20:35 - mmengine - INFO - Epoch(train)  [3][240/779]  lr: 8.0000e-03  eta: 1:05:50  time: 0.1484  data_time: 0.0138  memory: 4189  grad_norm: 5.5716  loss: 7.9188  vote_loss: 4.6759  objectness_loss: 0.5504  semantic_loss: 0.7402  center_loss: 0.5659  dir_class_loss: 0.0000  dir_res_loss: 0.0001  size_class_loss: 0.7402  size_res_loss: 0.6462
2026/06/03 07:20:39 - mmengine - INFO - Epoch(train)  [3][270/779]  lr: 8.0000e-03  eta: 1:05:43  time: 0.1479  data_time: 0.0134  memory: 4189  grad_norm: 5.0557  loss: 8.0015  vote_loss: 4.8286  objectness_loss: 0.5533  semantic_loss: 0.7145  center_loss: 0.5432  dir_class_loss: 0.0000  dir_res_loss: 0.0000  size_class_loss: 0.7143  size_res_loss: 0.6476
2026/06/03 07:20:44 - mmengine - INFO - Epoch(train)  [3][300/779]  lr: 8.0000e-03  eta: 1:05:37  time: 0.1453  data_time: 0.0127  memory: 4189  grad_norm: 4.9637  loss: 7.9508  vote_loss: 4.7991  objectness_loss: 0.5603  semantic_loss: 0.7120  center_loss: 0.5341  dir_class_loss: 0.0000  dir_res_loss: 0.0000  size_class_loss: 0.7120  size_res_loss: 0.6333
2026/06/03 07:20:48 - mmengine - INFO - Epoch(train)  [3][330/779]  lr: 8.0000e-03  eta: 1:05:30  time: 0.1453  data_time: 0.0133  memory: 4189  grad_norm: 5.1181  loss: 7.7252  vote_loss: 4.5668  objectness_loss: 0.5545  semantic_loss: 0.7189  center_loss: 0.5348  dir_class_loss: 0.0000  dir_res_loss: 0.0000  size_class_loss: 0.7191  size_res_loss: 0.6311
2026/06/03 07:20:53 - mmengine - INFO - Epoch(train)  [3][360/779]  lr: 8.0000e-03  eta: 1:05:24  time: 0.1463  data_time: 0.0138  memory: 4189  grad_norm: 5.5675  loss: 7.8820  vote_loss: 4.6802  objectness_loss: 0.5699  semantic_loss: 0.7089  center_loss: 0.5579  dir_class_loss: 0.0000  dir_res_loss: 0.0000  size_class_loss: 0.7088  size_res_loss: 0.6563
2026/06/03 07:20:57 - mmengine - INFO - Epoch(train)  [3][390/779]  lr: 8.0000e-03  eta: 1:05:17  time: 0.1453  data_time: 0.0138  memory: 4189  grad_norm: 5.5207  loss: 7.7268  vote_loss: 4.6516  objectness_loss: 0.5519  semantic_loss: 0.6728  center_loss: 0.5445  dir_class_loss: 0.0000  dir_res_loss: 0.0000  size_class_loss: 0.6727  size_res_loss: 0.6332
2026/06/03 07:21:01 - mmengine - INFO - Epoch(train)  [3][420/779]  lr: 8.0000e-03  eta: 1:05:13  time: 0.1477  data_time: 0.0140  memory: 4189  grad_norm: 6.0622  loss: 7.6646  vote_loss: 4.5169  objectness_loss: 0.5393  semantic_loss: 0.6994  center_loss: 0.5749  dir_class_loss: 0.0000  dir_res_loss: 0.0000  size_class_loss: 0.6996  size_res_loss: 0.6346
2026/06/03 07:21:05 - mmengine - INFO - Exp name: votenet_8xb8_scannet-3d_20260603_071554
2026/06/03 07:21:06 - mmengine - INFO - Epoch(train)  [3][450/779]  lr: 8.0000e-03  eta: 1:05:07  time: 0.1463  data_time: 0.0136  memory: 4189  grad_norm: 6.0531  loss: 7.7740  vote_loss: 4.7006  objectness_loss: 0.5245  semantic_loss: 0.6726  center_loss: 0.5729  dir_class_loss: 0.0000  dir_res_loss: 0.0000  size_class_loss: 0.6727  size_res_loss: 0.6306
2026/06/03 07:21:10 - mmengine - INFO - Epoch(train)  [3][480/779]  lr: 8.0000e-03  eta: 1:05:02  time: 0.1468  data_time: 0.0138  memory: 4189  grad_norm: 5.5056  loss: 7.5030  vote_loss: 4.5113  objectness_loss: 0.5379  semantic_loss: 0.6711  center_loss: 0.5215  dir_class_loss: 0.0000  dir_res_loss: 0.0001  size_class_loss: 0.6711  size_res_loss: 0.5900
2026/06/03 07:21:15 - mmengine - INFO - Epoch(train)  [3][510/779]  lr: 8.0000e-03  eta: 1:04:56  time: 0.1473  data_time: 0.0136  memory: 4189  grad_norm: 5.1618  loss: 7.7608  vote_loss: 4.6233  objectness_loss: 0.5835  semantic_loss: 0.7011  center_loss: 0.5320  dir_class_loss: 0.0000  dir_res_loss: 0.0002  size_class_loss: 0.7008  size_res_loss: 0.6199
2026/06/03 07:21:19 - mmengine - INFO - Epoch(train)  [3][540/779]  lr: 8.0000e-03  eta: 1:04:50  time: 0.1462  data_time: 0.0131  memory: 4189  grad_norm: 5.2575  loss: 7.7075  vote_loss: 4.5646  objectness_loss: 0.5617  semantic_loss: 0.7056  center_loss: 0.5424  dir_class_loss: 0.0000  dir_res_loss: 0.0007  size_class_loss: 0.7055  size_res_loss: 0.6270
2026/06/03 07:21:23 - mmengine - INFO - Epoch(train)  [3][570/779]  lr: 8.0000e-03  eta: 1:04:44  time: 0.1462  data_time: 0.0129  memory: 4189  grad_norm: 5.0062  loss: 7.5715  vote_loss: 4.5213  objectness_loss: 0.5612  semantic_loss: 0.6661  center_loss: 0.5330  dir_class_loss: 0.0000  dir_res_loss: 0.0015  size_class_loss: 0.6661  size_res_loss: 0.6223
2026/06/03 07:21:28 - mmengine - INFO - Epoch(train)  [3][600/779]  lr: 8.0000e-03  eta: 1:04:38  time: 0.1464  data_time: 0.0131  memory: 4189  grad_norm: 5.1486  loss: 7.6505  vote_loss: 4.5994  objectness_loss: 0.5613  semantic_loss: 0.6764  center_loss: 0.5329  dir_class_loss: 0.0000  dir_res_loss: 0.0010  size_class_loss: 0.6763  size_res_loss: 0.6032
2026/06/03 07:21:32 - mmengine - INFO - Epoch(train)  [3][630/779]  lr: 8.0000e-03  eta: 1:04:32  time: 0.1458  data_time: 0.0133  memory: 4189  grad_norm: 5.4578  loss: 7.5494  vote_loss: 4.4188  objectness_loss: 0.5365  semantic_loss: 0.7252  center_loss: 0.5231  dir_class_loss: 0.0000  dir_res_loss: 0.0002  size_class_loss: 0.7252  size_res_loss: 0.6206
2026/06/03 07:21:36 - mmengine - INFO - Epoch(train)  [3][660/779]  lr: 8.0000e-03  eta: 1:04:25  time: 0.1445  data_time: 0.0125  memory: 4189  grad_norm: 5.0822  loss: 7.5628  vote_loss: 4.4010  objectness_loss: 0.5558  semantic_loss: 0.7257  center_loss: 0.5145  dir_class_loss: 0.0000  dir_res_loss: 0.0001  size_class_loss: 0.7257  size_res_loss: 0.6400
2026/06/03 07:21:41 - mmengine - INFO - Epoch(train)  [3][690/779]  lr: 8.0000e-03  eta: 1:04:19  time: 0.1450  data_time: 0.0122  memory: 4189  grad_norm: 5.1734  loss: 7.1784  vote_loss: 4.3061  objectness_loss: 0.5513  semantic_loss: 0.6160  center_loss: 0.5149  dir_class_loss: 0.0000  dir_res_loss: 0.0000  size_class_loss: 0.6161  size_res_loss: 0.5740
2026/06/03 07:21:45 - mmengine - INFO - Epoch(train)  [3][720/779]  lr: 8.0000e-03  eta: 1:04:14  time: 0.1460  data_time: 0.0128  memory: 4189  grad_norm: 5.4927  loss: 7.5161  vote_loss: 4.5305  objectness_loss: 0.5307  semantic_loss: 0.6625  center_loss: 0.5309  dir_class_loss: 0.0000  dir_res_loss: 0.0000  size_class_loss: 0.6626  size_res_loss: 0.5990
2026/06/03 07:21:50 - mmengine - INFO - Epoch(train)  [3][750/779]  lr: 8.0000e-03  eta: 1:04:10  time: 0.1495  data_time: 0.0133  memory: 4189  grad_norm: 5.1549  loss: 7.4990  vote_loss: 4.4901  objectness_loss: 0.5270  semantic_loss: 0.6618  center_loss: 0.5390  dir_class_loss: 0.0000  dir_res_loss: 0.0000  size_class_loss: 0.6617  size_res_loss: 0.6194
2026/06/03 07:21:54 - mmengine - INFO - Exp name: votenet_8xb8_scannet-3d_20260603_071554
2026/06/03 07:21:59 - mmengine - INFO - Epoch(train)  [4][ 30/779]  lr: 8.0000e-03  eta: 1:04:06  time: 0.1600  data_time: 0.0223  memory: 4189  grad_norm: 5.3008  loss: 7.6762  vote_loss: 4.5585  objectness_loss: 0.5564  semantic_loss: 0.6996  center_loss: 0.5181  dir_class_loss: 0.0000  dir_res_loss: 0.0000  size_class_loss: 0.6996  size_res_loss: 0.6441
2026/06/03 07:22:03 - mmengine - INFO - Epoch(train)  [4][ 60/779]  lr: 8.0000e-03  eta: 1:04:01  time: 0.1510  data_time: 0.0146  memory: 4189  grad_norm: 5.8428  loss: 7.6838  vote_loss: 4.5660  objectness_loss: 0.5400  semantic_loss: 0.6949  center_loss: 0.5391  dir_class_loss: 0.0000  dir_res_loss: 0.0000  size_class_loss: 0.6949  size_res_loss: 0.6489
2026/06/03 07:22:08 - mmengine - INFO - Epoch(train)  [4][ 90/779]  lr: 8.0000e-03  eta: 1:04:00  time: 0.1555  data_time: 0.0146  memory: 4189  grad_norm: 5.0771  loss: 7.4318  vote_loss: 4.4401  objectness_loss: 0.5423  semantic_loss: 0.6708  center_loss: 0.5241  dir_class_loss: 0.0000  dir_res_loss: 0.0000  size_class_loss: 0.6707  size_res_loss: 0.5838
2026/06/03 07:22:13 - mmengine - INFO - Epoch(train)  [4][120/779]  lr: 8.0000e-03  eta: 1:03:56  time: 0.1563  data_time: 0.0150  memory: 4189  grad_norm: 5.2729  loss: 7.3048  vote_loss: 4.3543  objectness_loss: 0.5413  semantic_loss: 0.6556  center_loss: 0.5272  dir_class_loss: 0.0000  dir_res_loss: 0.0000  size_class_loss: 0.6556  size_res_loss: 0.5709
2026/06/03 07:22:17 - mmengine - INFO - Epoch(train)  [4][150/779]  lr: 8.0000e-03  eta: 1:03:52  time: 0.1499  data_time: 0.0140  memory: 4189  grad_norm: 5.4380  loss: 7.2921  vote_loss: 4.3257  objectness_loss: 0.5311  semantic_loss: 0.6659  center_loss: 0.5258  dir_class_loss: 0.0000  dir_res_loss: 0.0000  size_class_loss: 0.6660  size_res_loss: 0.5777
2026/06/03 07:22:22 - mmengine - INFO - Epoch(train)  [4][180/779]  lr: 8.0000e-03  eta: 1:03:49  time: 0.1542  data_time: 0.0149  memory: 4189  grad_norm: 5.4319  loss: 7.4027  vote_loss: 4.4746  objectness_loss: 0.5306  semantic_loss: 0.6542  center_loss: 0.5112  dir_class_loss: 0.0000  dir_res_loss: 0.0000  size_class_loss: 0.6543  size_res_loss: 0.5777
2026/06/03 07:22:26 - mmengine - INFO - Epoch(train)  [4][210/779]  lr: 8.0000e-03  eta: 1:03:43  time: 0.1491  data_time: 0.0144  memory: 4189  grad_norm: 5.4747  loss: 7.3156  vote_loss: 4.3866  objectness_loss: 0.5485  semantic_loss: 0.6350  center_loss: 0.5145  dir_class_loss: 0.0000  dir_res_loss: 0.0000  size_class_loss: 0.6350  size_res_loss: 0.5960
2026/06/03 07:22:31 - mmengine - INFO - Epoch(train)  [4][240/779]  lr: 8.0000e-03  eta: 1:03:38  time: 0.1465  data_time: 0.0136  memory: 4189  grad_norm: 5.3421  loss: 7.4660  vote_loss: 4.5456  objectness_loss: 0.5276  semantic_loss: 0.6230  center_loss: 0.5171  dir_class_loss: 0.0000  dir_res_loss: 0.0000  size_class_loss: 0.6230  size_res_loss: 0.6295
2026/06/03 07:22:35 - mmengine - INFO - Epoch(train)  [4][270/779]  lr: 8.0000e-03  eta: 1:03:32  time: 0.1462  data_time: 0.0137  memory: 4189  grad_norm: 5.0717  loss: 7.4325  vote_loss: 4.6227  objectness_loss: 0.5228  semantic_loss: 0.6021  center_loss: 0.4988  dir_class_loss: 0.0000  dir_res_loss: 0.0000  size_class_loss: 0.6021  size_res_loss: 0.5839
2026/06/03 07:22:40 - mmengine - INFO - Epoch(train)  [4][300/779]  lr: 8.0000e-03  eta: 1:03:27  time: 0.1469  data_time: 0.0138  memory: 4189  grad_norm: 5.5612  loss: 7.1639  vote_loss: 4.3726  objectness_loss: 0.5505  semantic_loss: 0.5971  center_loss: 0.4913  dir_class_loss: 0.0000  dir_res_loss: 0.0000  size_class_loss: 0.5970  size_res_loss: 0.5554
2026/06/03 07:22:44 - mmengine - INFO - Epoch(train)  [4][330/779]  lr: 8.0000e-03  eta: 1:03:24  time: 0.1518  data_time: 0.0144  memory: 4189  grad_norm: 5.3561  loss: 7.1679  vote_loss: 4.3170  objectness_loss: 0.5380  semantic_loss: 0.6234  center_loss: 0.4961  dir_class_loss: 0.0000  dir_res_loss: 0.0000  size_class_loss: 0.6232  size_res_loss: 0.5702
2026/06/03 07:22:49 - mmengine - INFO - Epoch(train)  [4][360/779]  lr: 8.0000e-03  eta: 1:03:18  time: 0.1481  data_time: 0.0139  memory: 4189  grad_norm: 5.7208  loss: 7.2733  vote_loss: 4.3776  objectness_loss: 0.5205  semantic_loss: 0.6297  center_loss: 0.4953  dir_class_loss: 0.0000  dir_res_loss: 0.0000  size_class_loss: 0.6297  size_res_loss: 0.6207
2026/06/03 07:22:53 - mmengine - INFO - Epoch(train)  [4][390/779]  lr: 8.0000e-03  eta: 1:03:13  time: 0.1462  data_time: 0.0137  memory: 4189  grad_norm: 5.5835  loss: 7.0600  vote_loss: 4.2223  objectness_loss: 0.5235  semantic_loss: 0.6173  center_loss: 0.4838  dir_class_loss: 0.0000  dir_res_loss: 0.0000  size_class_loss: 0.6173  size_res_loss: 0.5959
2026/06/03 07:22:57 - mmengine - INFO - Epoch(train)  [4][420/779]  lr: 8.0000e-03  eta: 1:03:08  time: 0.1470  data_time: 0.0138  memory: 4189  grad_norm: 5.4362  loss: 7.1269  vote_loss: 4.3074  objectness_loss: 0.5299  semantic_loss: 0.6202  center_loss: 0.4883  dir_class_loss: 0.0000  dir_res_loss: 0.0000  size_class_loss: 0.6200  size_res_loss: 0.5611
2026/06/03 07:23:02 - mmengine - INFO - Epoch(train)  [4][450/779]  lr: 8.0000e-03  eta: 1:03:02  time: 0.1468  data_time: 0.0138  memory: 4189  grad_norm: 5.0827  loss: 7.2792  vote_loss: 4.4322  objectness_loss: 0.5328  semantic_loss: 0.6057  center_loss: 0.4895  dir_class_loss: 0.0000  dir_res_loss: 0.0000  size_class_loss: 0.6056  size_res_loss: 0.6134
2026/06/03 07:23:06 - mmengine - INFO - Epoch(train)  [4][480/779]  lr: 8.0000e-03  eta: 1:02:57  time: 0.1455  data_time: 0.0138  memory: 4189  grad_norm: 5.4300  loss: 7.0776  vote_loss: 4.2311  objectness_loss: 0.5140  semantic_loss: 0.6274  center_loss: 0.4905  dir_class_loss: 0.0000  dir_res_loss: 0.0000  size_class_loss: 0.6276  size_res_loss: 0.5871
2026/06/03 07:23:11 - mmengine - INFO - Epoch(train)  [4][510/779]  lr: 8.0000e-03  eta: 1:02:54  time: 0.1516  data_time: 0.0143  memory: 4189  grad_norm: 5.4748  loss: 6.7635  vote_loss: 4.0460  objectness_loss: 0.5034  semantic_loss: 0.5869  center_loss: 0.4748  dir_class_loss: 0.0000  dir_res_loss: 0.0000  size_class_loss: 0.5871  size_res_loss: 0.5652
2026/06/03 07:23:16 - mmengine - INFO - Epoch(train)  [4][540/779]  lr: 8.0000e-03  eta: 1:02:51  time: 0.1566  data_time: 0.0147  memory: 4189  grad_norm: 4.7033  loss: 6.7679  vote_loss: 4.1155  objectness_loss: 0.4998  semantic_loss: 0.5708  center_loss: 0.4489  dir_class_loss: 0.0000  dir_res_loss: 0.0000  size_class_loss: 0.5708  size_res_loss: 0.5621
2026/06/03 07:23:20 - mmengine - INFO - Epoch(train)  [4][570/779]  lr: 8.0000e-03  eta: 1:02:45  time: 0.1489  data_time: 0.0137  memory: 4189  grad_norm: 5.4696  loss: 7.1611  vote_loss: 4.3743  objectness_loss: 0.5104  semantic_loss: 0.6019  center_loss: 0.4803  dir_class_loss: 0.0000  dir_res_loss: 0.0000  size_class_loss: 0.6018  size_res_loss: 0.5924
2026/06/03 07:23:24 - mmengine - INFO - Epoch(train)  [4][600/779]  lr: 8.0000e-03  eta: 1:02:41  time: 0.1486  data_time: 0.0139  memory: 4189  grad_norm: 5.7511  loss: 6.7773  vote_loss: 4.1356  objectness_loss: 0.5106  semantic_loss: 0.5492  center_loss: 0.4741  dir_class_loss: 0.0000  dir_res_loss: 0.0000  size_class_loss: 0.5491  size_res_loss: 0.5587
2026/06/03 07:23:29 - mmengine - INFO - Epoch(train)  [4][630/779]  lr: 8.0000e-03  eta: 1:02:38  time: 0.1561  data_time: 0.0152  memory: 4189  grad_norm: 5.4869  loss: 6.7870  vote_loss: 4.1140  objectness_loss: 0.5115  semantic_loss: 0.5623  center_loss: 0.4820  dir_class_loss: 0.0000  dir_res_loss: 0.0000  size_class_loss: 0.5625  size_res_loss: 0.5547
2026/06/03 07:23:34 - mmengine - INFO - Epoch(train)  [4][660/779]  lr: 8.0000e-03  eta: 1:02:33  time: 0.1503  data_time: 0.0143  memory: 4189  grad_norm: 5.1886  loss: 6.8115  vote_loss: 4.1259  objectness_loss: 0.4981  semantic_loss: 0.5658  center_loss: 0.4808  dir_class_loss: 0.0000  dir_res_loss: 0.0000  size_class_loss: 0.5658  size_res_loss: 0.5752
2026/06/03 07:23:34 - mmengine - INFO - Exp name: votenet_8xb8_scannet-3d_20260603_071554
2026/06/03 07:23:38 - mmengine - INFO - Epoch(train)  [4][690/779]  lr: 8.0000e-03  eta: 1:02:28  time: 0.1462  data_time: 0.0136  memory: 4189  grad_norm: 5.3102  loss: 6.9732  vote_loss: 4.2313  objectness_loss: 0.5088  semantic_loss: 0.5782  center_loss: 0.4875  dir_class_loss: 0.0000  dir_res_loss: 0.0000  size_class_loss: 0.5781  size_res_loss: 0.5893
2026/06/03 07:23:42 - mmengine - INFO - Epoch(train)  [4][720/779]  lr: 8.0000e-03  eta: 1:02:22  time: 0.1457  data_time: 0.0136  memory: 4189  grad_norm: 5.6919  loss: 6.7991  vote_loss: 4.1083  objectness_loss: 0.5194  semantic_loss: 0.5659  center_loss: 0.4810  dir_class_loss: 0.0000  dir_res_loss: 0.0000  size_class_loss: 0.5659  size_res_loss: 0.5586
2026/06/03 07:23:47 - mmengine - INFO - Epoch(train)  [4][750/779]  lr: 8.0000e-03  eta: 1:02:17  time: 0.1452  data_time: 0.0137  memory: 4189  grad_norm: 5.7311  loss: 6.8333  vote_loss: 4.0640  objectness_loss: 0.5292  semantic_loss: 0.6033  center_loss: 0.4850  dir_class_loss: 0.0000  dir_res_loss: 0.0000  size_class_loss: 0.6033  size_res_loss: 0.5484
2026/06/03 07:23:51 - mmengine - INFO - Exp name: votenet_8xb8_scannet-3d_20260603_071554
2026/06/03 07:23:56 - mmengine - INFO - Epoch(train)  [5][ 30/779]  lr: 8.0000e-03  eta: 1:02:12  time: 0.1601  data_time: 0.0244  memory: 4189  grad_norm: 5.4248  loss: 6.8950  vote_loss: 4.1155  objectness_loss: 0.5108  semantic_loss: 0.6094  center_loss: 0.4840  dir_class_loss: 0.0000  dir_res_loss: 0.0000  size_class_loss: 0.6096  size_res_loss: 0.5657
2026/06/03 07:24:01 - mmengine - INFO - Epoch(train)  [5][ 60/779]  lr: 8.0000e-03  eta: 1:02:08  time: 0.1510  data_time: 0.0145  memory: 4189  grad_norm: 5.4901  loss: 6.9079  vote_loss: 4.1914  objectness_loss: 0.5177  semantic_loss: 0.5777  center_loss: 0.4827  dir_class_loss: 0.0000  dir_res_loss: 0.0000  size_class_loss: 0.5778  size_res_loss: 0.5605
2026/06/03 07:24:05 - mmengine - INFO - Epoch(train)  [5][ 90/779]  lr: 8.0000e-03  eta: 1:02:03  time: 0.1519  data_time: 0.0144  memory: 4189  grad_norm: 5.6139  loss: 6.7505  vote_loss: 4.1263  objectness_loss: 0.5005  semantic_loss: 0.5557  center_loss: 0.4828  dir_class_loss: 0.0000  dir_res_loss: 0.0000  size_class_loss: 0.5557  size_res_loss: 0.5296
2026/06/03 07:24:10 - mmengine - INFO - Epoch(train)  [5][120/779]  lr: 8.0000e-03  eta: 1:02:00  time: 0.1541  data_time: 0.0149  memory: 4189  grad_norm: 6.0046  loss: 6.8622  vote_loss: 4.1117  objectness_loss: 0.5235  semantic_loss: 0.5959  center_loss: 0.4952  dir_class_loss: 0.0000  dir_res_loss: 0.0000  size_class_loss: 0.5958  size_res_loss: 0.5401
2026/06/03 07:24:14 - mmengine - INFO - Epoch(train)  [5][150/779]  lr: 8.0000e-03  eta: 1:01:56  time: 0.1545  data_time: 0.0150  memory: 4189  grad_norm: 5.2226  loss: 6.8112  vote_loss: 4.0658  objectness_loss: 0.5074  semantic_loss: 0.6016  center_loss: 0.4875  dir_class_loss: 0.0000  dir_res_loss: 0.0000  size_class_loss: 0.6015  size_res_loss: 0.5474
2026/06/03 07:24:19 - mmengine - INFO - Epoch(train)  [5][180/779]  lr: 8.0000e-03  eta: 1:01:52  time: 0.1515  data_time: 0.0145  memory: 4189  grad_norm: 5.5368  loss: 6.6924  vote_loss: 4.0363  objectness_loss: 0.4882  semantic_loss: 0.5729  center_loss: 0.4781  dir_class_loss: 0.0000  dir_res_loss: 0.0000  size_class_loss: 0.5729  size_res_loss: 0.5441
2026/06/03 07:24:23 - mmengine - INFO - Epoch(train)  [5][210/779]  lr: 8.0000e-03  eta: 1:01:47  time: 0.1484  data_time: 0.0140  memory: 4189  grad_norm: 6.3247  loss: 6.7451  vote_loss: 4.1429  objectness_loss: 0.5001  semantic_loss: 0.5495  center_loss: 0.4814  dir_class_loss: 0.0000  dir_res_loss: 0.0000  size_class_loss: 0.5494  size_res_loss: 0.5218
2026/06/03 07:24:28 - mmengine - INFO - Epoch(train)  [5][240/779]  lr: 8.0000e-03  eta: 1:01:42  time: 0.1479  data_time: 0.0139  memory: 4189  grad_norm: 5.0446  loss: 6.7865  vote_loss: 4.1757  objectness_loss: 0.5084  semantic_loss: 0.5507  center_loss: 0.4711  dir_class_loss: 0.0000  dir_res_loss: 0.0000  size_class_loss: 0.5508  size_res_loss: 0.5297
2026/06/03 07:24:32 - mmengine - INFO - Epoch(train)  [5][270/779]  lr: 8.0000e-03  eta: 1:01:37  time: 0.1477  data_time: 0.0138  memory: 4189  grad_norm: 4.5385  loss: 6.5509  vote_loss: 4.0668  objectness_loss: 0.4979  semantic_loss: 0.5137  center_loss: 0.4396  dir_class_loss: 0.0000  dir_res_loss: 0.0000  size_class_loss: 0.5138  size_res_loss: 0.5190
2026/06/03 07:24:37 - mmengine - INFO - Epoch(train)  [5][300/779]  lr: 8.0000e-03  eta: 1:01:34  time: 0.1518  data_time: 0.0141  memory: 4189  grad_norm: 4.9525  loss: 6.5312  vote_loss: 3.9774  objectness_loss: 0.5145  semantic_loss: 0.5287  center_loss: 0.4571  dir_class_loss: 0.0000  dir_res_loss: 0.0000  size_class_loss: 0.5288  size_res_loss: 0.5247
2026/06/03 07:24:41 - mmengine - INFO - Epoch(train)  [5][330/779]  lr: 8.0000e-03  eta: 1:01:29  time: 0.1520  data_time: 0.0142  memory: 4189  grad_norm: 4.8800  loss: 6.6337  vote_loss: 4.0629  objectness_loss: 0.5145  semantic_loss: 0.5330  center_loss: 0.4559  dir_class_loss: 0.0000  dir_res_loss: 0.0000  size_class_loss: 0.5330  size_res_loss: 0.5344
2026/06/03 07:24:46 - mmengine - INFO - Epoch(train)  [5][360/779]  lr: 8.0000e-03  eta: 1:01:24  time: 0.1484  data_time: 0.0134  memory: 4189  grad_norm: 5.1871  loss: 6.6181  vote_loss: 4.0511  objectness_loss: 0.5111  semantic_loss: 0.5267  center_loss: 0.4628  dir_class_loss: 0.0000  dir_res_loss: 0.0000  size_class_loss: 0.5266  size_res_loss: 0.5399
2026/06/03 07:24:50 - mmengine - INFO - Epoch(train)  [5][390/779]  lr: 8.0000e-03  eta: 1:01:19  time: 0.1463  data_time: 0.0133  memory: 4189  grad_norm: 5.1625  loss: 6.4489  vote_loss: 3.9363  objectness_loss: 0.5004  semantic_loss: 0.5124  center_loss: 0.4482  dir_class_loss: 0.0000  dir_res_loss: 0.0000  size_class_loss: 0.5124  size_res_loss: 0.5392
2026/06/03 07:24:55 - mmengine - INFO - Epoch(train)  [5][420/779]  lr: 8.0000e-03  eta: 1:01:13  time: 0.1461  data_time: 0.0140  memory: 4189  grad_norm: 5.4921  loss: 6.8115  vote_loss: 4.0768  objectness_loss: 0.5151  semantic_loss: 0.5729  center_loss: 0.4704  dir_class_loss: 0.0000  dir_res_loss: 0.0001  size_class_loss: 0.5730  size_res_loss: 0.6031
2026/06/03 07:24:59 - mmengine - INFO - Epoch(train)  [5][450/779]  lr: 8.0000e-03  eta: 1:01:08  time: 0.1472  data_time: 0.0145  memory: 4189  grad_norm: 4.8016  loss: 6.8991  vote_loss: 4.1592  objectness_loss: 0.5071  semantic_loss: 0.5823  center_loss: 0.4676  dir_class_loss: 0.0000  dir_res_loss: 0.0007  size_class_loss: 0.5824  size_res_loss: 0.5999
2026/06/03 07:25:03 - mmengine - INFO - Epoch(train)  [5][480/779]  lr: 8.0000e-03  eta: 1:01:04  time: 0.1489  data_time: 0.0140  memory: 4189  grad_norm: 4.6883  loss: 6.4632  vote_loss: 3.9784  objectness_loss: 0.4968  semantic_loss: 0.5232  center_loss: 0.4387  dir_class_loss: 0.0000  dir_res_loss: 0.0007  size_class_loss: 0.5233  size_res_loss: 0.5021
2026/06/03 07:25:08 - mmengine - INFO - Epoch(train)  [5][510/779]  lr: 8.0000e-03  eta: 1:01:00  time: 0.1531  data_time: 0.0144  memory: 4189  grad_norm: 5.1120  loss: 6.2224  vote_loss: 3.7927  objectness_loss: 0.4882  semantic_loss: 0.4964  center_loss: 0.4453  dir_class_loss: 0.0000  dir_res_loss: 0.0003  size_class_loss: 0.4963  size_res_loss: 0.5033
2026/06/03 07:25:13 - mmengine - INFO - Epoch(train)  [5][540/779]  lr: 8.0000e-03  eta: 1:00:55  time: 0.1494  data_time: 0.0143  memory: 4189  grad_norm: 4.6863  loss: 6.2912  vote_loss: 3.8318  objectness_loss: 0.4787  semantic_loss: 0.5110  center_loss: 0.4362  dir_class_loss: 0.0000  dir_res_loss: 0.0002  size_class_loss: 0.5110  size_res_loss: 0.5223
2026/06/03 07:25:17 - mmengine - INFO - Epoch(train)  [5][570/779]  lr: 8.0000e-03  eta: 1:00:50  time: 0.1470  data_time: 0.0140  memory: 4189  grad_norm: 4.4063  loss: 6.4786  vote_loss: 3.9625  objectness_loss: 0.4796  semantic_loss: 0.5240  center_loss: 0.4297  dir_class_loss: 0.0000  dir_res_loss: 0.0001  size_class_loss: 0.5241  size_res_loss: 0.5586
2026/06/03 07:25:21 - mmengine - INFO - Epoch(train)  [5][600/779]  lr: 8.0000e-03  eta: 1:00:45  time: 0.1453  data_time: 0.0137  memory: 4189  grad_norm: 4.9741  loss: 6.7019  vote_loss: 4.1272  objectness_loss: 0.4752  semantic_loss: 0.5449  center_loss: 0.4419  dir_class_loss: 0.0000  dir_res_loss: 0.0004  size_class_loss: 0.5450  size_res_loss: 0.5674
2026/06/03 07:25:26 - mmengine - INFO - Epoch(train)  [5][630/779]  lr: 8.0000e-03  eta: 1:00:40  time: 0.1462  data_time: 0.0137  memory: 4189  grad_norm: 5.8834  loss: 6.7384  vote_loss: 4.1263  objectness_loss: 0.4791  semantic_loss: 0.5458  center_loss: 0.4695  dir_class_loss: 0.0000  dir_res_loss: 0.0006  size_class_loss: 0.5457  size_res_loss: 0.5714
2026/06/03 07:25:30 - mmengine - INFO - Epoch(train)  [5][660/779]  lr: 8.0000e-03  eta: 1:00:35  time: 0.1479  data_time: 0.0139  memory: 4189  grad_norm: 5.4042  loss: 6.5364  vote_loss: 3.9565  objectness_loss: 0.4820  semantic_loss: 0.5372  center_loss: 0.4560  dir_class_loss: 0.0000  dir_res_loss: 0.0003  size_class_loss: 0.5373  size_res_loss: 0.5671
2026/06/03 07:25:35 - mmengine - INFO - Epoch(train)  [5][690/779]  lr: 8.0000e-03  eta: 1:00:31  time: 0.1512  data_time: 0.0143  memory: 4189  grad_norm: 5.0753  loss: 6.7227  vote_loss: 4.0786  objectness_loss: 0.4857  semantic_loss: 0.5590  center_loss: 0.4640  dir_class_loss: 0.0000  dir_res_loss: 0.0001  size_class_loss: 0.5590  size_res_loss: 0.5763
2026/06/03 07:25:39 - mmengine - INFO - Epoch(train)  [5][720/779]  lr: 8.0000e-03  eta: 1:00:26  time: 0.1472  data_time: 0.0137  memory: 4189  grad_norm: 4.9429  loss: 6.4947  vote_loss: 3.9846  objectness_loss: 0.4817  semantic_loss: 0.5173  center_loss: 0.4441  dir_class_loss: 0.0000  dir_res_loss: 0.0000  size_class_loss: 0.5174  size_res_loss: 0.5496
2026/06/03 07:25:44 - mmengine - INFO - Epoch(train)  [5][750/779]  lr: 8.0000e-03  eta: 1:00:21  time: 0.1468  data_time: 0.0133  memory: 4189  grad_norm: 4.7972  loss: 6.4807  vote_loss: 3.9428  objectness_loss: 0.5007  semantic_loss: 0.5350  center_loss: 0.4340  dir_class_loss: 0.0000  dir_res_loss: 0.0000  size_class_loss: 0.5351  size_res_loss: 0.5331
2026/06/03 07:25:48 - mmengine - INFO - Exp name: votenet_8xb8_scannet-3d_20260603_071554
2026/06/03 07:25:53 - mmengine - INFO - Epoch(train)  [6][ 30/779]  lr: 8.0000e-03  eta: 1:00:15  time: 0.1610  data_time: 0.0230  memory: 4189  grad_norm: 5.7160  loss: 6.4522  vote_loss: 3.9916  objectness_loss: 0.4836  semantic_loss: 0.5044  center_loss: 0.4549  dir_class_loss: 0.0000  dir_res_loss: 0.0000  size_class_loss: 0.5043  size_res_loss: 0.5133
2026/06/03 07:25:58 - mmengine - INFO - Epoch(train)  [6][ 60/779]  lr: 8.0000e-03  eta: 1:00:11  time: 0.1536  data_time: 0.0145  memory: 4189  grad_norm: 5.3488  loss: 6.5919  vote_loss: 4.0173  objectness_loss: 0.4897  semantic_loss: 0.5368  center_loss: 0.4535  dir_class_loss: 0.0000  dir_res_loss: 0.0000  size_class_loss: 0.5368  size_res_loss: 0.5579
2026/06/03 07:26:02 - mmengine - INFO - Epoch(train)  [6][ 90/779]  lr: 8.0000e-03  eta: 1:00:07  time: 0.1519  data_time: 0.0144  memory: 4189  grad_norm: 5.0183  loss: 6.6404  vote_loss: 3.9406  objectness_loss: 0.4969  semantic_loss: 0.5859  center_loss: 0.4507  dir_class_loss: 0.0000  dir_res_loss: 0.0000  size_class_loss: 0.5859  size_res_loss: 0.5804
2026/06/03 07:26:05 - mmengine - INFO - Exp name: votenet_8xb8_scannet-3d_20260603_071554
2026/06/03 07:26:07 - mmengine - INFO - Epoch(train)  [6][120/779]  lr: 8.0000e-03  eta: 1:00:04  time: 0.1551  data_time: 0.0150  memory: 4189  grad_norm: 4.9785  loss: 6.4124  vote_loss: 3.8582  objectness_loss: 0.4971  semantic_loss: 0.5239  center_loss: 0.4518  dir_class_loss: 0.0000  dir_res_loss: 0.0000  size_class_loss: 0.5240  size_res_loss: 0.5575
2026/06/03 07:26:11 - mmengine - INFO - Epoch(train)  [6][150/779]  lr: 8.0000e-03  eta: 0:59:59  time: 0.1493  data_time: 0.0141  memory: 4189  grad_norm: 4.6030  loss: 6.3599  vote_loss: 3.8847  objectness_loss: 0.4790  semantic_loss: 0.5068  center_loss: 0.4217  dir_class_loss: 0.0000  dir_res_loss: 0.0000  size_class_loss: 0.5069  size_res_loss: 0.5607
2026/06/03 07:26:16 - mmengine - INFO - Epoch(train)  [6][180/779]  lr: 8.0000e-03  eta: 0:59:53  time: 0.1458  data_time: 0.0137  memory: 4189  grad_norm: 5.5251  loss: 6.2829  vote_loss: 3.8102  objectness_loss: 0.4841  semantic_loss: 0.5123  center_loss: 0.4276  dir_class_loss: 0.0000  dir_res_loss: 0.0000  size_class_loss: 0.5124  size_res_loss: 0.5362
2026/06/03 07:26:20 - mmengine - INFO - Epoch(train)  [6][210/779]  lr: 8.0000e-03  eta: 0:59:48  time: 0.1459  data_time: 0.0137  memory: 4189  grad_norm: 5.3286  loss: 6.5348  vote_loss: 3.9598  objectness_loss: 0.5026  semantic_loss: 0.5453  center_loss: 0.4362  dir_class_loss: 0.0000  dir_res_loss: 0.0000  size_class_loss: 0.5453  size_res_loss: 0.5455
2026/06/03 07:26:24 - mmengine - INFO - Epoch(train)  [6][240/779]  lr: 8.0000e-03  eta: 0:59:43  time: 0.1467  data_time: 0.0136  memory: 4189  grad_norm: 5.0253  loss: 6.6115  vote_loss: 4.0860  objectness_loss: 0.4851  semantic_loss: 0.5393  center_loss: 0.4408  dir_class_loss: 0.0000  dir_res_loss: 0.0000  size_class_loss: 0.5393  size_res_loss: 0.5209
2026/06/03 07:26:29 - mmengine - INFO - Epoch(train)  [6][270/779]  lr: 8.0000e-03  eta: 0:59:38  time: 0.1467  data_time: 0.0136  memory: 4189  grad_norm: 5.1857  loss: 6.2693  vote_loss: 3.8934  objectness_loss: 0.4742  semantic_loss: 0.4970  center_loss: 0.4252  dir_class_loss: 0.0000  dir_res_loss: 0.0000  size_class_loss: 0.4970  size_res_loss: 0.4824
2026/06/03 07:26:33 - mmengine - INFO - Epoch(train)  [6][300/779]  lr: 8.0000e-03  eta: 0:59:34  time: 0.1484  data_time: 0.0139  memory: 4189  grad_norm: 5.7086  loss: 6.3469  vote_loss: 3.9447  objectness_loss: 0.4735  semantic_loss: 0.4941  center_loss: 0.4322  dir_class_loss: 0.0000  dir_res_loss: 0.0000  size_class_loss: 0.4941  size_res_loss: 0.5082
2026/06/03 07:26:38 - mmengine - INFO - Epoch(train)  [6][330/779]  lr: 8.0000e-03  eta: 0:59:28  time: 0.1454  data_time: 0.0135  memory: 4189  grad_norm: 5.2371  loss: 6.3452  vote_loss: 3.8731  objectness_loss: 0.4767  semantic_loss: 0.5300  center_loss: 0.4308  dir_class_loss: 0.0000  dir_res_loss: 0.0000  size_class_loss: 0.5300  size_res_loss: 0.5046
2026/06/03 07:26:42 - mmengine - INFO - Epoch(train)  [6][360/779]  lr: 8.0000e-03  eta: 0:59:25  time: 0.1512  data_time: 0.0141  memory: 4189  grad_norm: 4.7665  loss: 6.4001  vote_loss: 3.8858  objectness_loss: 0.4832  semantic_loss: 0.5405  center_loss: 0.4305  dir_class_loss: 0.0000  dir_res_loss: 0.0000  size_class_loss: 0.5404  size_res_loss: 0.5198
2026/06/03 07:26:47 - mmengine - INFO - Epoch(train)  [6][390/779]  lr: 8.0000e-03  eta: 0:59:20  time: 0.1531  data_time: 0.0144  memory: 4189  grad_norm: 4.8045  loss: 6.2622  vote_loss: 3.8485  objectness_loss: 0.4927  semantic_loss: 0.4967  center_loss: 0.4236  dir_class_loss: 0.0000  dir_res_loss: 0.0000  size_class_loss: 0.4966  size_res_loss: 0.5042
2026/06/03 07:26:51 - mmengine - INFO - Epoch(train)  [6][420/779]  lr: 8.0000e-03  eta: 0:59:15  time: 0.1471  data_time: 0.0137  memory: 4189  grad_norm: 5.0021  loss: 6.6216  vote_loss: 4.1032  objectness_loss: 0.5027  semantic_loss: 0.5124  center_loss: 0.4440  dir_class_loss: 0.0000  dir_res_loss: 0.0000  size_class_loss: 0.5124  size_res_loss: 0.5469
2026/06/03 07:26:56 - mmengine - INFO - Epoch(train)  [6][450/779]  lr: 8.0000e-03  eta: 0:59:11  time: 0.1514  data_time: 0.0138  memory: 4189  grad_norm: 5.2011  loss: 6.6631  vote_loss: 4.0611  objectness_loss: 0.4957  semantic_loss: 0.5489  center_loss: 0.4543  dir_class_loss: 0.0000  dir_res_loss: 0.0000  size_class_loss: 0.5490  size_res_loss: 0.5542
2026/06/03 07:27:00 - mmengine - INFO - Epoch(train)  [6][480/779]  lr: 8.0000e-03  eta: 0:59:07  time: 0.1520  data_time: 0.0138  memory: 4189  grad_norm: 4.8837  loss: 6.3685  vote_loss: 3.8581  objectness_loss: 0.4975  semantic_loss: 0.5286  center_loss: 0.4378  dir_class_loss: 0.0000  dir_res_loss: 0.0000  size_class_loss: 0.5287  size_res_loss: 0.5178
2026/06/03 07:27:05 - mmengine - INFO - Epoch(train)  [6][510/779]  lr: 8.0000e-03  eta: 0:59:02  time: 0.1473  data_time: 0.0136  memory: 4189  grad_norm: 4.8578  loss: 6.2570  vote_loss: 3.8674  objectness_loss: 0.4905  semantic_loss: 0.4832  center_loss: 0.4261  dir_class_loss: 0.0000  dir_res_loss: 0.0000  size_class_loss: 0.4832  size_res_loss: 0.5066
2026/06/03 07:27:09 - mmengine - INFO - Epoch(train)  [6][540/779]  lr: 8.0000e-03  eta: 0:58:57  time: 0.1496  data_time: 0.0140  memory: 4189  grad_norm: 4.7685  loss: 6.2023  vote_loss: 3.8174  objectness_loss: 0.4864  semantic_loss: 0.4715  center_loss: 0.4164  dir_class_loss: 0.0000  dir_res_loss: 0.0000  size_class_loss: 0.4714  size_res_loss: 0.5393
2026/06/03 07:27:14 - mmengine - INFO - Epoch(train)  [6][570/779]  lr: 8.0000e-03  eta: 0:58:54  time: 0.1517  data_time: 0.0144  memory: 4189  grad_norm: 5.0858  loss: 6.2790  vote_loss: 3.8391  objectness_loss: 0.4800  semantic_loss: 0.4905  center_loss: 0.4379  dir_class_loss: 0.0000  dir_res_loss: 0.0000  size_class_loss: 0.4905  size_res_loss: 0.5411
2026/06/03 07:27:18 - mmengine - INFO - Epoch(train)  [6][600/779]  lr: 8.0000e-03  eta: 0:58:50  time: 0.1566  data_time: 0.0149  memory: 4189  grad_norm: 5.2722  loss: 6.2056  vote_loss: 3.8337  objectness_loss: 0.4725  semantic_loss: 0.4685  center_loss: 0.4440  dir_class_loss: 0.0000  dir_res_loss: 0.0000  size_class_loss: 0.4686  size_res_loss: 0.5182
2026/06/03 07:27:23 - mmengine - INFO - Epoch(train)  [6][630/779]  lr: 8.0000e-03  eta: 0:58:45  time: 0.1485  data_time: 0.0140  memory: 4189  grad_norm: 5.1264  loss: 6.3774  vote_loss: 3.9345  objectness_loss: 0.4832  semantic_loss: 0.4919  center_loss: 0.4342  dir_class_loss: 0.0000  dir_res_loss: 0.0000  size_class_loss: 0.4919  size_res_loss: 0.5417
2026/06/03 07:27:27 - mmengine - INFO - Epoch(train)  [6][660/779]  lr: 8.0000e-03  eta: 0:58:40  time: 0.1467  data_time: 0.0137  memory: 4189  grad_norm: 5.1928  loss: 6.1116  vote_loss: 3.7301  objectness_loss: 0.4686  semantic_loss: 0.4832  center_loss: 0.4114  dir_class_loss: 0.0000  dir_res_loss: 0.0000  size_class_loss: 0.4832  size_res_loss: 0.5350
2026/06/03 07:27:32 - mmengine - INFO - Epoch(train)  [6][690/779]  lr: 8.0000e-03  eta: 0:58:35  time: 0.1459  data_time: 0.0136  memory: 4189  grad_norm: 4.9255  loss: 6.1904  vote_loss: 3.7493  objectness_loss: 0.4739  semantic_loss: 0.5060  center_loss: 0.4199  dir_class_loss: 0.0000  dir_res_loss: 0.0000  size_class_loss: 0.5060  size_res_loss: 0.5353
2026/06/03 07:27:36 - mmengine - INFO - Epoch(train)  [6][720/779]  lr: 8.0000e-03  eta: 0:58:30  time: 0.1461  data_time: 0.0135  memory: 4189  grad_norm: 4.6960  loss: 6.1752  vote_loss: 3.7687  objectness_loss: 0.4801  semantic_loss: 0.4872  center_loss: 0.4323  dir_class_loss: 0.0000  dir_res_loss: 0.0000  size_class_loss: 0.4872  size_res_loss: 0.5197
2026/06/03 07:27:41 - mmengine - INFO - Epoch(train)  [6][750/779]  lr: 8.0000e-03  eta: 0:58:26  time: 0.1521  data_time: 0.0141  memory: 4189  grad_norm: 5.5771  loss: 6.0200  vote_loss: 3.7247  objectness_loss: 0.4635  semantic_loss: 0.4607  center_loss: 0.4355  dir_class_loss: 0.0000  dir_res_loss: 0.0000  size_class_loss: 0.4608  size_res_loss: 0.4749
2026/06/03 07:27:45 - mmengine - INFO - Exp name: votenet_8xb8_scannet-3d_20260603_071554
2026/06/03 07:27:50 - mmengine - INFO - Epoch(train)  [7][ 30/779]  lr: 8.0000e-03  eta: 0:58:20  time: 0.1614  data_time: 0.0225  memory: 4189  grad_norm: 5.1465  loss: 6.1667  vote_loss: 3.8192  objectness_loss: 0.4682  semantic_loss: 0.4635  center_loss: 0.4280  dir_class_loss: 0.0000  dir_res_loss: 0.0000  size_class_loss: 0.4635  size_res_loss: 0.5242
2026/06/03 07:27:55 - mmengine - INFO - Epoch(train)  [7][ 60/779]  lr: 8.0000e-03  eta: 0:58:16  time: 0.1566  data_time: 0.0150  memory: 4189  grad_norm: 4.8242  loss: 6.1640  vote_loss: 3.7813  objectness_loss: 0.4722  semantic_loss: 0.5044  center_loss: 0.4180  dir_class_loss: 0.0000  dir_res_loss: 0.0000  size_class_loss: 0.5045  size_res_loss: 0.4836
2026/06/03 07:27:59 - mmengine - INFO - Epoch(train)  [7][ 90/779]  lr: 8.0000e-03  eta: 0:58:12  time: 0.1555  data_time: 0.0150  memory: 4189  grad_norm: 5.1134  loss: 6.3703  vote_loss: 3.9199  objectness_loss: 0.4847  semantic_loss: 0.5137  center_loss: 0.4313  dir_class_loss: 0.0000  dir_res_loss: 0.0000  size_class_loss: 0.5138  size_res_loss: 0.5069
2026/06/03 07:28:04 - mmengine - INFO - Epoch(train)  [7][120/779]  lr: 8.0000e-03  eta: 0:58:09  time: 0.1582  data_time: 0.0190  memory: 4189  grad_norm: 4.7529  loss: 6.4009  vote_loss: 3.8907  objectness_loss: 0.4792  semantic_loss: 0.5358  center_loss: 0.4352  dir_class_loss: 0.0000  dir_res_loss: 0.0000  size_class_loss: 0.5358  size_res_loss: 0.5243
2026/06/03 07:28:09 - mmengine - INFO - Epoch(train)  [7][150/779]  lr: 8.0000e-03  eta: 0:58:05  time: 0.1574  data_time: 0.0189  memory: 4189  grad_norm: 5.3368  loss: 6.3143  vote_loss: 3.8332  objectness_loss: 0.4768  semantic_loss: 0.5298  center_loss: 0.4515  dir_class_loss: 0.0000  dir_res_loss: 0.0000  size_class_loss: 0.5298  size_res_loss: 0.4931
2026/06/03 07:28:13 - mmengine - INFO - Epoch(train)  [7][180/779]  lr: 8.0000e-03  eta: 0:58:01  time: 0.1489  data_time: 0.0141  memory: 4189  grad_norm: 5.6337  loss: 6.3568  vote_loss: 3.8752  objectness_loss: 0.4954  semantic_loss: 0.5083  center_loss: 0.4572  dir_class_loss: 0.0000  dir_res_loss: 0.0000  size_class_loss: 0.5084  size_res_loss: 0.5123
2026/06/03 07:28:18 - mmengine - INFO - Epoch(train)  [7][210/779]  lr: 8.0000e-03  eta: 0:57:56  time: 0.1488  data_time: 0.0139  memory: 4189  grad_norm: 4.9702  loss: 6.0581  vote_loss: 3.7010  objectness_loss: 0.4741  semantic_loss: 0.4791  center_loss: 0.4379  dir_class_loss: 0.0000  dir_res_loss: 0.0000  size_class_loss: 0.4792  size_res_loss: 0.4868
2026/06/03 07:28:22 - mmengine - INFO - Epoch(train)  [7][240/779]  lr: 8.0000e-03  eta: 0:57:51  time: 0.1461  data_time: 0.0133  memory: 4189  grad_norm: 5.0399  loss: 5.8111  vote_loss: 3.5584  objectness_loss: 0.4628  semantic_loss: 0.4561  center_loss: 0.4041  dir_class_loss: 0.0000  dir_res_loss: 0.0001  size_class_loss: 0.4561  size_res_loss: 0.4734
2026/06/03 07:28:27 - mmengine - INFO - Epoch(train)  [7][270/779]  lr: 8.0000e-03  eta: 0:57:46  time: 0.1474  data_time: 0.0132  memory: 4189  grad_norm: 5.8029  loss: 6.0797  vote_loss: 3.7214  objectness_loss: 0.4769  semantic_loss: 0.4821  center_loss: 0.4192  dir_class_loss: 0.0000  dir_res_loss: 0.0005  size_class_loss: 0.4822  size_res_loss: 0.4975
2026/06/03 07:28:31 - mmengine - INFO - Epoch(train)  [7][300/779]  lr: 8.0000e-03  eta: 0:57:41  time: 0.1480  data_time: 0.0136  memory: 4189  grad_norm: 6.0618  loss: 6.1295  vote_loss: 3.7900  objectness_loss: 0.4430  semantic_loss: 0.4811  center_loss: 0.4280  dir_class_loss: 0.0000  dir_res_loss: 0.0013  size_class_loss: 0.4811  size_res_loss: 0.5050
2026/06/03 07:28:35 - mmengine - INFO - Exp name: votenet_8xb8_scannet-3d_20260603_071554
2026/06/03 07:28:35 - mmengine - INFO - Epoch(train)  [7][330/779]  lr: 8.0000e-03  eta: 0:57:36  time: 0.1461  data_time: 0.0137  memory: 4189  grad_norm: 5.7333  loss: 6.0999  vote_loss: 3.8172  objectness_loss: 0.4427  semantic_loss: 0.4564  center_loss: 0.4139  dir_class_loss: 0.0000  dir_res_loss: 0.0010  size_class_loss: 0.4564  size_res_loss: 0.5123
2026/06/03 07:28:40 - mmengine - INFO - Epoch(train)  [7][360/779]  lr: 8.0000e-03  eta: 0:57:31  time: 0.1461  data_time: 0.0138  memory: 4189  grad_norm: 5.3797  loss: 6.0464  vote_loss: 3.7407  objectness_loss: 0.4843  semantic_loss: 0.4402  center_loss: 0.4215  dir_class_loss: 0.0000  dir_res_loss: 0.0004  size_class_loss: 0.4402  size_res_loss: 0.5192
2026/06/03 07:28:44 - mmengine - INFO - Epoch(train)  [7][390/779]  lr: 8.0000e-03  eta: 0:57:26  time: 0.1462  data_time: 0.0138  memory: 4189  grad_norm: 4.7941  loss: 6.0749  vote_loss: 3.7818  objectness_loss: 0.4726  semantic_loss: 0.4610  center_loss: 0.4102  dir_class_loss: 0.0000  dir_res_loss: 0.0001  size_class_loss: 0.4610  size_res_loss: 0.4881
2026/06/03 07:28:48 - mmengine - INFO - Epoch(train)  [7][420/779]  lr: 8.0000e-03  eta: 0:57:21  time: 0.1459  data_time: 0.0137  memory: 4189  grad_norm: 4.9907  loss: 6.0513  vote_loss: 3.8217  objectness_loss: 0.4547  semantic_loss: 0.4460  center_loss: 0.4026  dir_class_loss: 0.0000  dir_res_loss: 0.0000  size_class_loss: 0.4460  size_res_loss: 0.4803
2026/06/03 07:28:53 - mmengine - INFO - Epoch(train)  [7][450/779]  lr: 8.0000e-03  eta: 0:57:16  time: 0.1462  data_time: 0.0137  memory: 4189  grad_norm: 5.3167  loss: 5.9469  vote_loss: 3.7326  objectness_loss: 0.4423  semantic_loss: 0.4435  center_loss: 0.3997  dir_class_loss: 0.0000  dir_res_loss: 0.0000  size_class_loss: 0.4436  size_res_loss: 0.4851
2026/06/03 07:28:57 - mmengine - INFO - Epoch(train)  [7][480/779]  lr: 8.0000e-03  eta: 0:57:12  time: 0.1510  data_time: 0.0141  memory: 4189  grad_norm: 5.6506  loss: 6.0594  vote_loss: 3.7799  objectness_loss: 0.4547  semantic_loss: 0.4573  center_loss: 0.4091  dir_class_loss: 0.0000  dir_res_loss: 0.0000  size_class_loss: 0.4574  size_res_loss: 0.5010
2026/06/03 07:29:02 - mmengine - INFO - Epoch(train)  [7][510/779]  lr: 8.0000e-03  eta: 0:57:08  time: 0.1543  data_time: 0.0145  memory: 4189  grad_norm: 5.6564  loss: 6.2015  vote_loss: 3.8806  objectness_loss: 0.4787  semantic_loss: 0.4556  center_loss: 0.4252  dir_class_loss: 0.0000  dir_res_loss: 0.0000  size_class_loss: 0.4556  size_res_loss: 0.5059
2026/06/03 07:29:06 - mmengine - INFO - Epoch(train)  [7][540/779]  lr: 8.0000e-03  eta: 0:57:03  time: 0.1487  data_time: 0.0137  memory: 4189  grad_norm: 4.5119  loss: 6.0733  vote_loss: 3.7981  objectness_loss: 0.4661  semantic_loss: 0.4389  center_loss: 0.4148  dir_class_loss: 0.0000  dir_res_loss: 0.0000  size_class_loss: 0.4388  size_res_loss: 0.5166
2026/06/03 07:29:11 - mmengine - INFO - Epoch(train)  [7][570/779]  lr: 8.0000e-03  eta: 0:56:58  time: 0.1461  data_time: 0.0136  memory: 4189  grad_norm: 5.0592  loss: 5.9193  vote_loss: 3.7683  objectness_loss: 0.4499  semantic_loss: 0.4106  center_loss: 0.3981  dir_class_loss: 0.0000  dir_res_loss: 0.0000  size_class_loss: 0.4106  size_res_loss: 0.4818
2026/06/03 07:29:15 - mmengine - INFO - Epoch(train)  [7][600/779]  lr: 8.0000e-03  eta: 0:56:53  time: 0.1469  data_time: 0.0137  memory: 4189  grad_norm: 5.6609  loss: 5.9946  vote_loss: 3.7697  objectness_loss: 0.4451  semantic_loss: 0.4514  center_loss: 0.4074  dir_class_loss: 0.0000  dir_res_loss: 0.0000  size_class_loss: 0.4514  size_res_loss: 0.4697
2026/06/03 07:29:20 - mmengine - INFO - Epoch(train)  [7][630/779]  lr: 8.0000e-03  eta: 0:56:48  time: 0.1461  data_time: 0.0138  memory: 4189  grad_norm: 4.8625  loss: 5.8333  vote_loss: 3.6030  objectness_loss: 0.4397  semantic_loss: 0.4652  center_loss: 0.3851  dir_class_loss: 0.0000  dir_res_loss: 0.0000  size_class_loss: 0.4653  size_res_loss: 0.4751
2026/06/03 07:29:24 - mmengine - INFO - Epoch(train)  [7][660/779]  lr: 8.0000e-03  eta: 0:56:43  time: 0.1467  data_time: 0.0137  memory: 4189  grad_norm: 4.4198  loss: 5.9199  vote_loss: 3.6134  objectness_loss: 0.4614  semantic_loss: 0.4733  center_loss: 0.3921  dir_class_loss: 0.0000  dir_res_loss: 0.0000  size_class_loss: 0.4733  size_res_loss: 0.5064
2026/06/03 07:29:29 - mmengine - INFO - Epoch(train)  [7][690/779]  lr: 8.0000e-03  eta: 0:56:39  time: 0.1518  data_time: 0.0142  memory: 4189  grad_norm: 4.7827  loss: 5.8355  vote_loss: 3.5959  objectness_loss: 0.4702  semantic_loss: 0.4461  center_loss: 0.4018  dir_class_loss: 0.0000  dir_res_loss: 0.0000  size_class_loss: 0.4461  size_res_loss: 0.4753
2026/06/03 07:29:33 - mmengine - INFO - Epoch(train)  [7][720/779]  lr: 8.0000e-03  eta: 0:56:35  time: 0.1566  data_time: 0.0145  memory: 4189  grad_norm: 4.7598  loss: 5.8533  vote_loss: 3.6088  objectness_loss: 0.4587  semantic_loss: 0.4593  center_loss: 0.3964  dir_class_loss: 0.0000  dir_res_loss: 0.0000  size_class_loss: 0.4594  size_res_loss: 0.4707
2026/06/03 07:29:38 - mmengine - INFO - Epoch(train)  [7][750/779]  lr: 8.0000e-03  eta: 0:56:30  time: 0.1477  data_time: 0.0130  memory: 4189  grad_norm: 5.3771  loss: 6.0474  vote_loss: 3.7122  objectness_loss: 0.4813  semantic_loss: 0.4710  center_loss: 0.4236  dir_class_loss: 0.0000  dir_res_loss: 0.0000  size_class_loss: 0.4710  size_res_loss: 0.4884
2026/06/03 07:29:42 - mmengine - INFO - Exp name: votenet_8xb8_scannet-3d_20260603_071554
2026/06/03 07:29:47 - mmengine - INFO - Epoch(train)  [8][ 30/779]  lr: 8.0000e-03  eta: 0:56:23  time: 0.1576  data_time: 0.0217  memory: 4189  grad_norm: 5.4278  loss: 5.9389  vote_loss: 3.6594  objectness_loss: 0.4539  semantic_loss: 0.4617  center_loss: 0.4102  dir_class_loss: 0.0000  dir_res_loss: 0.0000  size_class_loss: 0.4617  size_res_loss: 0.4919
2026/06/03 07:29:51 - mmengine - INFO - Epoch(train)  [8][ 60/779]  lr: 8.0000e-03  eta: 0:56:18  time: 0.1511  data_time: 0.0143  memory: 4189  grad_norm: 5.5393  loss: 5.8757  vote_loss: 3.6582  objectness_loss: 0.4345  semantic_loss: 0.4456  center_loss: 0.4162  dir_class_loss: 0.0000  dir_res_loss: 0.0000  size_class_loss: 0.4456  size_res_loss: 0.4757
2026/06/03 07:29:56 - mmengine - INFO - Epoch(train)  [8][ 90/779]  lr: 8.0000e-03  eta: 0:56:14  time: 0.1509  data_time: 0.0144  memory: 4189  grad_norm: 4.7868  loss: 5.8127  vote_loss: 3.6385  objectness_loss: 0.4488  semantic_loss: 0.4204  center_loss: 0.4005  dir_class_loss: 0.0000  dir_res_loss: 0.0000  size_class_loss: 0.4204  size_res_loss: 0.4841
2026/06/03 07:30:01 - mmengine - INFO - Epoch(train)  [8][120/779]  lr: 8.0000e-03  eta: 0:56:10  time: 0.1506  data_time: 0.0143  memory: 4189  grad_norm: 4.4814  loss: 5.8032  vote_loss: 3.6168  objectness_loss: 0.4495  semantic_loss: 0.4156  center_loss: 0.4142  dir_class_loss: 0.0000  dir_res_loss: 0.0000  size_class_loss: 0.4156  size_res_loss: 0.4915
2026/06/03 07:30:05 - mmengine - INFO - Epoch(train)  [8][150/779]  lr: 8.0000e-03  eta: 0:56:06  time: 0.1547  data_time: 0.0147  memory: 4189  grad_norm: 4.5408  loss: 5.8135  vote_loss: 3.5933  objectness_loss: 0.4522  semantic_loss: 0.4452  center_loss: 0.3934  dir_class_loss: 0.0000  dir_res_loss: 0.0000  size_class_loss: 0.4452  size_res_loss: 0.4843
2026/06/03 07:30:10 - mmengine - INFO - Epoch(train)  [8][180/779]  lr: 8.0000e-03  eta: 0:56:02  time: 0.1573  data_time: 0.0150  memory: 4189  grad_norm: 4.5495  loss: 5.9101  vote_loss: 3.6159  objectness_loss: 0.4611  semantic_loss: 0.4563  center_loss: 0.3966  dir_class_loss: 0.0000  dir_res_loss: 0.0000  size_class_loss: 0.4562  size_res_loss: 0.5239
2026/06/03 07:30:14 - mmengine - INFO - Epoch(train)  [8][210/779]  lr: 8.0000e-03  eta: 0:55:58  time: 0.1518  data_time: 0.0140  memory: 4189  grad_norm: 4.8346  loss: 5.9669  vote_loss: 3.6988  objectness_loss: 0.4640  semantic_loss: 0.4566  center_loss: 0.4041  dir_class_loss: 0.0000  dir_res_loss: 0.0000  size_class_loss: 0.4565  size_res_loss: 0.4869
2026/06/03 07:30:19 - mmengine - INFO - Epoch(train)  [8][240/779]  lr: 8.0000e-03  eta: 0:55:53  time: 0.1480  data_time: 0.0136  memory: 4189  grad_norm: 5.1744  loss: 5.9593  vote_loss: 3.6822  objectness_loss: 0.4672  semantic_loss: 0.4668  center_loss: 0.4151  dir_class_loss: 0.0000  dir_res_loss: 0.0000  size_class_loss: 0.4668  size_res_loss: 0.4612
2026/06/03 07:30:23 - mmengine - INFO - Epoch(train)  [8][270/779]  lr: 8.0000e-03  eta: 0:55:48  time: 0.1484  data_time: 0.0144  memory: 4189  grad_norm: 5.4576  loss: 5.7770  vote_loss: 3.5936  objectness_loss: 0.4437  semantic_loss: 0.4400  center_loss: 0.4053  dir_class_loss: 0.0000  dir_res_loss: 0.0000  size_class_loss: 0.4401  size_res_loss: 0.4541
2026/06/03 07:30:28 - mmengine - INFO - Epoch(train)  [8][300/779]  lr: 8.0000e-03  eta: 0:55:44  time: 0.1504  data_time: 0.0145  memory: 4189  grad_norm: 5.3904  loss: 5.7572  vote_loss: 3.5722  objectness_loss: 0.4380  semantic_loss: 0.4425  center_loss: 0.3939  dir_class_loss: 0.0000  dir_res_loss: 0.0000  size_class_loss: 0.4425  size_res_loss: 0.4681
2026/06/03 07:30:32 - mmengine - INFO - Epoch(train)  [8][330/779]  lr: 8.0000e-03  eta: 0:55:39  time: 0.1482  data_time: 0.0137  memory: 4189  grad_norm: 5.1226  loss: 5.7307  vote_loss: 3.5801  objectness_loss: 0.4459  semantic_loss: 0.4215  center_loss: 0.3792  dir_class_loss: 0.0000  dir_res_loss: 0.0000  size_class_loss: 0.4214  size_res_loss: 0.4826
2026/06/03 07:30:37 - mmengine - INFO - Epoch(train)  [8][360/779]  lr: 8.0000e-03  eta: 0:55:35  time: 0.1486  data_time: 0.0139  memory: 4189  grad_norm: 4.8570  loss: 5.9120  vote_loss: 3.7074  objectness_loss: 0.4599  semantic_loss: 0.4390  center_loss: 0.3827  dir_class_loss: 0.0000  dir_res_loss: 0.0000  size_class_loss: 0.4389  size_res_loss: 0.4841
2026/06/03 07:30:41 - mmengine - INFO - Epoch(train)  [8][390/779]  lr: 8.0000e-03  eta: 0:55:30  time: 0.1484  data_time: 0.0139  memory: 4189  grad_norm: 5.0878  loss: 5.7638  vote_loss: 3.6067  objectness_loss: 0.4467  semantic_loss: 0.4272  center_loss: 0.3871  dir_class_loss: 0.0000  dir_res_loss: 0.0000  size_class_loss: 0.4272  size_res_loss: 0.4688
2026/06/03 07:30:46 - mmengine - INFO - Epoch(train)  [8][420/779]  lr: 8.0000e-03  eta: 0:55:25  time: 0.1472  data_time: 0.0133  memory: 4189  grad_norm: 4.9486  loss: 5.8854  vote_loss: 3.7014  objectness_loss: 0.4627  semantic_loss: 0.4307  center_loss: 0.3923  dir_class_loss: 0.0000  dir_res_loss: 0.0000  size_class_loss: 0.4307  size_res_loss: 0.4676
2026/06/03 07:30:50 - mmengine - INFO - Epoch(train)  [8][450/779]  lr: 8.0000e-03  eta: 0:55:20  time: 0.1471  data_time: 0.0132  memory: 4189  grad_norm: 4.6294  loss: 5.6021  vote_loss: 3.5032  objectness_loss: 0.4565  semantic_loss: 0.4021  center_loss: 0.3727  dir_class_loss: 0.0000  dir_res_loss: 0.0000  size_class_loss: 0.4022  size_res_loss: 0.4653
2026/06/03 07:30:55 - mmengine - INFO - Epoch(train)  [8][480/779]  lr: 8.0000e-03  eta: 0:55:16  time: 0.1523  data_time: 0.0142  memory: 4189  grad_norm: 5.2736  loss: 5.7528  vote_loss: 3.6212  objectness_loss: 0.4508  semantic_loss: 0.4181  center_loss: 0.3810  dir_class_loss: 0.0000  dir_res_loss: 0.0000  size_class_loss: 0.4181  size_res_loss: 0.4638
2026/06/03 07:30:59 - mmengine - INFO - Epoch(train)  [8][510/779]  lr: 8.0000e-03  eta: 0:55:12  time: 0.1501  data_time: 0.0140  memory: 4189  grad_norm: 4.8417  loss: 5.9333  vote_loss: 3.7285  objectness_loss: 0.4575  semantic_loss: 0.4366  center_loss: 0.3823  dir_class_loss: 0.0000  dir_res_loss: 0.0000  size_class_loss: 0.4366  size_res_loss: 0.4918
2026/06/03 07:31:04 - mmengine - INFO - Epoch(train)  [8][540/779]  lr: 8.0000e-03  eta: 0:55:07  time: 0.1465  data_time: 0.0136  memory: 4189  grad_norm: 4.7175  loss: 5.8223  vote_loss: 3.6605  objectness_loss: 0.4340  semantic_loss: 0.4379  center_loss: 0.3859  dir_class_loss: 0.0000  dir_res_loss: 0.0000  size_class_loss: 0.4379  size_res_loss: 0.4660
2026/06/03 07:31:05 - mmengine - INFO - Exp name: votenet_8xb8_scannet-3d_20260603_071554
2026/06/03 07:31:08 - mmengine - INFO - Epoch(train)  [8][570/779]  lr: 8.0000e-03  eta: 0:55:02  time: 0.1464  data_time: 0.0135  memory: 4189  grad_norm: 4.2008  loss: 5.8088  vote_loss: 3.6839  objectness_loss: 0.4298  semantic_loss: 0.4207  center_loss: 0.3887  dir_class_loss: 0.0000  dir_res_loss: 0.0000  size_class_loss: 0.4207  size_res_loss: 0.4651
2026/06/03 07:31:12 - mmengine - INFO - Epoch(train)  [8][600/779]  lr: 8.0000e-03  eta: 0:54:57  time: 0.1459  data_time: 0.0132  memory: 4189  grad_norm: 4.7572  loss: 5.9613  vote_loss: 3.7264  objectness_loss: 0.4408  semantic_loss: 0.4463  center_loss: 0.3873  dir_class_loss: 0.0000  dir_res_loss: 0.0000  size_class_loss: 0.4463  size_res_loss: 0.5141
2026/06/03 07:31:17 - mmengine - INFO - Epoch(train)  [8][630/779]  lr: 8.0000e-03  eta: 0:54:52  time: 0.1450  data_time: 0.0133  memory: 4189  grad_norm: 5.3239  loss: 5.5828  vote_loss: 3.4728  objectness_loss: 0.4220  semantic_loss: 0.4275  center_loss: 0.3781  dir_class_loss: 0.0000  dir_res_loss: 0.0000  size_class_loss: 0.4275  size_res_loss: 0.4549
2026/06/03 07:31:21 - mmengine - INFO - Epoch(train)  [8][660/779]  lr: 8.0000e-03  eta: 0:54:47  time: 0.1456  data_time: 0.0137  memory: 4189  grad_norm: 5.0689  loss: 5.4353  vote_loss: 3.4324  objectness_loss: 0.4147  semantic_loss: 0.3983  center_loss: 0.3625  dir_class_loss: 0.0000  dir_res_loss: 0.0001  size_class_loss: 0.3983  size_res_loss: 0.4289
2026/06/03 07:31:25 - mmengine - INFO - Epoch(train)  [8][690/779]  lr: 8.0000e-03  eta: 0:54:42  time: 0.1469  data_time: 0.0134  memory: 4189  grad_norm: 5.6156  loss: 5.6463  vote_loss: 3.5257  objectness_loss: 0.4317  semantic_loss: 0.4113  center_loss: 0.3881  dir_class_loss: 0.0000  dir_res_loss: 0.0001  size_class_loss: 0.4113  size_res_loss: 0.4781
2026/06/03 07:31:30 - mmengine - INFO - Epoch(train)  [8][720/779]  lr: 8.0000e-03  eta: 0:54:37  time: 0.1475  data_time: 0.0135  memory: 4189  grad_norm: 5.4074  loss: 5.7367  vote_loss: 3.5355  objectness_loss: 0.4584  semantic_loss: 0.4254  center_loss: 0.4039  dir_class_loss: 0.0000  dir_res_loss: 0.0001  size_class_loss: 0.4254  size_res_loss: 0.4880
2026/06/03 07:31:34 - mmengine - INFO - Epoch(train)  [8][750/779]  lr: 8.0000e-03  eta: 0:54:33  time: 0.1464  data_time: 0.0138  memory: 4189  grad_norm: 5.1248  loss: 5.7545  vote_loss: 3.6095  objectness_loss: 0.4538  semantic_loss: 0.4089  center_loss: 0.4010  dir_class_loss: 0.0000  dir_res_loss: 0.0005  size_class_loss: 0.4088  size_res_loss: 0.4722
2026/06/03 07:31:38 - mmengine - INFO - Exp name: votenet_8xb8_scannet-3d_20260603_071554
2026/06/03 07:31:44 - mmengine - INFO - Epoch(train)  [9][ 30/779]  lr: 8.0000e-03  eta: 0:54:25  time: 0.1593  data_time: 0.0212  memory: 4189  grad_norm: 5.6835  loss: 5.6167  vote_loss: 3.4658  objectness_loss: 0.4373  semantic_loss: 0.4341  center_loss: 0.4029  dir_class_loss: 0.0000  dir_res_loss: 0.0008  size_class_loss: 0.4341  size_res_loss: 0.4417
2026/06/03 07:31:48 - mmengine - INFO - Epoch(train)  [9][ 60/779]  lr: 8.0000e-03  eta: 0:54:22  time: 0.1597  data_time: 0.0149  memory: 4189  grad_norm: 6.0622  loss: 5.6876  vote_loss: 3.5507  objectness_loss: 0.4474  semantic_loss: 0.4069  center_loss: 0.4202  dir_class_loss: 0.0000  dir_res_loss: 0.0005  size_class_loss: 0.4070  size_res_loss: 0.4549
2026/06/03 07:31:53 - mmengine - INFO - Epoch(train)  [9][ 90/779]  lr: 8.0000e-03  eta: 0:54:17  time: 0.1514  data_time: 0.0140  memory: 4189  grad_norm: 5.4115  loss: 5.5065  vote_loss: 3.5044  objectness_loss: 0.4203  semantic_loss: 0.3843  center_loss: 0.3983  dir_class_loss: 0.0000  dir_res_loss: 0.0004  size_class_loss: 0.3843  size_res_loss: 0.4145
2026/06/03 07:31:57 - mmengine - INFO - Epoch(train)  [9][120/779]  lr: 8.0000e-03  eta: 0:54:13  time: 0.1503  data_time: 0.0142  memory: 4189  grad_norm: 5.4023  loss: 5.6774  vote_loss: 3.5619  objectness_loss: 0.4300  semantic_loss: 0.4096  center_loss: 0.4067  dir_class_loss: 0.0000  dir_res_loss: 0.0002  size_class_loss: 0.4096  size_res_loss: 0.4595
2026/06/03 07:32:02 - mmengine - INFO - Epoch(train)  [9][150/779]  lr: 8.0000e-03  eta: 0:54:09  time: 0.1541  data_time: 0.0150  memory: 4189  grad_norm: 5.1650  loss: 5.4284  vote_loss: 3.3959  objectness_loss: 0.4360  semantic_loss: 0.3943  center_loss: 0.3793  dir_class_loss: 0.0000  dir_res_loss: 0.0000  size_class_loss: 0.3943  size_res_loss: 0.4287
2026/06/03 07:32:06 - mmengine - INFO - Epoch(train)  [9][180/779]  lr: 8.0000e-03  eta: 0:54:04  time: 0.1496  data_time: 0.0139  memory: 4189  grad_norm: 4.5565  loss: 5.5711  vote_loss: 3.5226  objectness_loss: 0.4292  semantic_loss: 0.4149  center_loss: 0.3645  dir_class_loss: 0.0000  dir_res_loss: 0.0000  size_class_loss: 0.4149  size_res_loss: 0.4249
2026/06/03 07:32:11 - mmengine - INFO - Epoch(train)  [9][210/779]  lr: 8.0000e-03  eta: 0:53:59  time: 0.1494  data_time: 0.0138  memory: 4189  grad_norm: 4.6733  loss: 5.5692  vote_loss: 3.5092  objectness_loss: 0.4592  semantic_loss: 0.3947  center_loss: 0.3700  dir_class_loss: 0.0000  dir_res_loss: 0.0000  size_class_loss: 0.3947  size_res_loss: 0.4415
2026/06/03 07:32:15 - mmengine - INFO - Epoch(train)  [9][240/779]  lr: 8.0000e-03  eta: 0:53:55  time: 0.1476  data_time: 0.0139  memory: 4189  grad_norm: 5.1754  loss: 5.6433  vote_loss: 3.4976  objectness_loss: 0.4565  semantic_loss: 0.4129  center_loss: 0.3984  dir_class_loss: 0.0000  dir_res_loss: 0.0000  size_class_loss: 0.4128  size_res_loss: 0.4651
2026/06/03 07:32:20 - mmengine - INFO - Epoch(train)  [9][270/779]  lr: 8.0000e-03  eta: 0:53:50  time: 0.1481  data_time: 0.0140  memory: 4189  grad_norm: 4.6405  loss: 5.5578  vote_loss: 3.4772  objectness_loss: 0.4376  semantic_loss: 0.4023  center_loss: 0.3822  dir_class_loss: 0.0000  dir_res_loss: 0.0000  size_class_loss: 0.4023  size_res_loss: 0.4563
2026/06/03 07:32:24 - mmengine - INFO - Epoch(train)  [9][300/779]  lr: 8.0000e-03  eta: 0:53:46  time: 0.1511  data_time: 0.0142  memory: 4189  grad_norm: 4.3833  loss: 5.7223  vote_loss: 3.6394  objectness_loss: 0.4272  semantic_loss: 0.4121  center_loss: 0.3733  dir_class_loss: 0.0000  dir_res_loss: 0.0000  size_class_loss: 0.4121  size_res_loss: 0.4582
2026/06/03 07:32:29 - mmengine - INFO - Epoch(train)  [9][330/779]  lr: 8.0000e-03  eta: 0:53:41  time: 0.1497  data_time: 0.0140  memory: 4189  grad_norm: 4.3115  loss: 5.7550  vote_loss: 3.6221  objectness_loss: 0.4389  semantic_loss: 0.4281  center_loss: 0.3700  dir_class_loss: 0.0000  dir_res_loss: 0.0000  size_class_loss: 0.4281  size_res_loss: 0.4679
2026/06/03 07:32:33 - mmengine - INFO - Epoch(train)  [9][360/779]  lr: 8.0000e-03  eta: 0:53:37  time: 0.1534  data_time: 0.0139  memory: 4189  grad_norm: 4.7230  loss: 5.6845  vote_loss: 3.6136  objectness_loss: 0.4311  semantic_loss: 0.4094  center_loss: 0.3710  dir_class_loss: 0.0000  dir_res_loss: 0.0000  size_class_loss: 0.4094  size_res_loss: 0.4501
2026/06/03 07:32:38 - mmengine - INFO - Epoch(train)  [9][390/779]  lr: 8.0000e-03  eta: 0:53:32  time: 0.1499  data_time: 0.0136  memory: 4189  grad_norm: 5.2437  loss: 5.5573  vote_loss: 3.5183  objectness_loss: 0.4324  semantic_loss: 0.3928  center_loss: 0.3933  dir_class_loss: 0.0000  dir_res_loss: 0.0000  size_class_loss: 0.3928  size_res_loss: 0.4278
2026/06/03 07:32:42 - mmengine - INFO - Epoch(train)  [9][420/779]  lr: 8.0000e-03  eta: 0:53:28  time: 0.1504  data_time: 0.0143  memory: 4189  grad_norm: 5.0465  loss: 5.4997  vote_loss: 3.4617  objectness_loss: 0.4315  semantic_loss: 0.3995  center_loss: 0.3750  dir_class_loss: 0.0000  dir_res_loss: 0.0000  size_class_loss: 0.3995  size_res_loss: 0.4326
2026/06/03 07:32:47 - mmengine - INFO - Epoch(train)  [9][450/779]  lr: 8.0000e-03  eta: 0:53:24  time: 0.1529  data_time: 0.0145  memory: 4189  grad_norm: 5.0681  loss: 5.6164  vote_loss: 3.5080  objectness_loss: 0.4236  semantic_loss: 0.4222  center_loss: 0.3858  dir_class_loss: 0.0000  dir_res_loss: 0.0000  size_class_loss: 0.4222  size_res_loss: 0.4546
2026/06/03 07:32:51 - mmengine - INFO - Epoch(train)  [9][480/779]  lr: 8.0000e-03  eta: 0:53:19  time: 0.1499  data_time: 0.0142  memory: 4189  grad_norm: 4.7514  loss: 5.5436  vote_loss: 3.4775  objectness_loss: 0.4300  semantic_loss: 0.4095  center_loss: 0.3746  dir_class_loss: 0.0000  dir_res_loss: 0.0000  size_class_loss: 0.4094  size_res_loss: 0.4428
2026/06/03 07:32:56 - mmengine - INFO - Epoch(train)  [9][510/779]  lr: 8.0000e-03  eta: 0:53:14  time: 0.1459  data_time: 0.0135  memory: 4189  grad_norm: 4.6958  loss: 5.4502  vote_loss: 3.4148  objectness_loss: 0.4293  semantic_loss: 0.4057  center_loss: 0.3655  dir_class_loss: 0.0000  dir_res_loss: 0.0000  size_class_loss: 0.4056  size_res_loss: 0.4293
2026/06/03 07:33:00 - mmengine - INFO - Epoch(train)  [9][540/779]  lr: 8.0000e-03  eta: 0:53:09  time: 0.1461  data_time: 0.0136  memory: 4189  grad_norm: 4.9523  loss: 5.6347  vote_loss: 3.5148  objectness_loss: 0.4240  semantic_loss: 0.4172  center_loss: 0.3704  dir_class_loss: 0.0000  dir_res_loss: 0.0000  size_class_loss: 0.4173  size_res_loss: 0.4910
2026/06/03 07:33:05 - mmengine - INFO - Epoch(train)  [9][570/779]  lr: 8.0000e-03  eta: 0:53:04  time: 0.1460  data_time: 0.0136  memory: 4189  grad_norm: 4.3383  loss: 5.5848  vote_loss: 3.5124  objectness_loss: 0.4245  semantic_loss: 0.3946  center_loss: 0.3739  dir_class_loss: 0.0000  dir_res_loss: 0.0000  size_class_loss: 0.3946  size_res_loss: 0.4848
2026/06/03 07:33:09 - mmengine - INFO - Epoch(train)  [9][600/779]  lr: 8.0000e-03  eta: 0:52:59  time: 0.1462  data_time: 0.0136  memory: 4189  grad_norm: 4.3836  loss: 5.7143  vote_loss: 3.6286  objectness_loss: 0.4313  semantic_loss: 0.4145  center_loss: 0.3772  dir_class_loss: 0.0000  dir_res_loss: 0.0000  size_class_loss: 0.4145  size_res_loss: 0.4481
2026/06/03 07:33:13 - mmengine - INFO - Epoch(train)  [9][630/779]  lr: 8.0000e-03  eta: 0:52:55  time: 0.1461  data_time: 0.0136  memory: 4189  grad_norm: 4.9276  loss: 5.6085  vote_loss: 3.5772  objectness_loss: 0.4341  semantic_loss: 0.3951  center_loss: 0.3879  dir_class_loss: 0.0000  dir_res_loss: 0.0000  size_class_loss: 0.3951  size_res_loss: 0.4190
2026/06/03 07:33:18 - mmengine - INFO - Epoch(train)  [9][660/779]  lr: 8.0000e-03  eta: 0:52:50  time: 0.1490  data_time: 0.0141  memory: 4189  grad_norm: 5.7252  loss: 5.5740  vote_loss: 3.4994  objectness_loss: 0.4279  semantic_loss: 0.4117  center_loss: 0.3890  dir_class_loss: 0.0000  dir_res_loss: 0.0000  size_class_loss: 0.4117  size_res_loss: 0.4343
2026/06/03 07:33:22 - mmengine - INFO - Epoch(train)  [9][690/779]  lr: 8.0000e-03  eta: 0:52:45  time: 0.1473  data_time: 0.0140  memory: 4189  grad_norm: 5.4154  loss: 5.4318  vote_loss: 3.3978  objectness_loss: 0.4294  semantic_loss: 0.3897  center_loss: 0.3963  dir_class_loss: 0.0000  dir_res_loss: 0.0000  size_class_loss: 0.3897  size_res_loss: 0.4290
2026/06/03 07:33:27 - mmengine - INFO - Epoch(train)  [9][720/779]  lr: 8.0000e-03  eta: 0:52:40  time: 0.1461  data_time: 0.0138  memory: 4189  grad_norm: 5.1110  loss: 5.5318  vote_loss: 3.4780  objectness_loss: 0.4168  semantic_loss: 0.4057  center_loss: 0.3774  dir_class_loss: 0.0000  dir_res_loss: 0.0000  size_class_loss: 0.4057  size_res_loss: 0.4481
2026/06/03 07:33:31 - mmengine - INFO - Epoch(train)  [9][750/779]  lr: 8.0000e-03  eta: 0:52:36  time: 0.1466  data_time: 0.0137  memory: 4189  grad_norm: 5.0672  loss: 5.7109  vote_loss: 3.6129  objectness_loss: 0.4289  semantic_loss: 0.4181  center_loss: 0.3768  dir_class_loss: 0.0000  dir_res_loss: 0.0000  size_class_loss: 0.4181  size_res_loss: 0.4561
2026/06/03 07:33:34 - mmengine - INFO - Exp name: votenet_8xb8_scannet-3d_20260603_071554
2026/06/03 07:33:35 - mmengine - INFO - Exp name: votenet_8xb8_scannet-3d_20260603_071554
2026/06/03 07:33:40 - mmengine - INFO - Epoch(train) [10][ 30/779]  lr: 8.0000e-03  eta: 0:52:28  time: 0.1599  data_time: 0.0210  memory: 4189  grad_norm: 5.5686  loss: 5.4864  vote_loss: 3.4777  objectness_loss: 0.4261  semantic_loss: 0.3801  center_loss: 0.3909  dir_class_loss: 0.0000  dir_res_loss: 0.0000  size_class_loss: 0.3800  size_res_loss: 0.4316
2026/06/03 07:33:45 - mmengine - INFO - Epoch(train) [10][ 60/779]  lr: 8.0000e-03  eta: 0:52:24  time: 0.1567  data_time: 0.0151  memory: 4189  grad_norm: 5.2399  loss: 5.7388  vote_loss: 3.5913  objectness_loss: 0.4401  semantic_loss: 0.4155  center_loss: 0.4000  dir_class_loss: 0.0000  dir_res_loss: 0.0000  size_class_loss: 0.4155  size_res_loss: 0.4764
2026/06/03 07:33:50 - mmengine - INFO - Epoch(train) [10][ 90/779]  lr: 8.0000e-03  eta: 0:52:20  time: 0.1506  data_time: 0.0147  memory: 4189  grad_norm: 5.0605  loss: 5.5434  vote_loss: 3.4880  objectness_loss: 0.4237  semantic_loss: 0.4074  center_loss: 0.3821  dir_class_loss: 0.0000  dir_res_loss: 0.0000  size_class_loss: 0.4074  size_res_loss: 0.4348
2026/06/03 07:33:54 - mmengine - INFO - Epoch(train) [10][120/779]  lr: 8.0000e-03  eta: 0:52:15  time: 0.1492  data_time: 0.0143  memory: 4189  grad_norm: 5.0258  loss: 5.5953  vote_loss: 3.5470  objectness_loss: 0.4298  semantic_loss: 0.3927  center_loss: 0.3906  dir_class_loss: 0.0000  dir_res_loss: 0.0000  size_class_loss: 0.3927  size_res_loss: 0.4425
2026/06/03 07:33:59 - mmengine - INFO - Epoch(train) [10][150/779]  lr: 8.0000e-03  eta: 0:52:12  time: 0.1559  data_time: 0.0151  memory: 4189  grad_norm: 4.8903  loss: 5.5827  vote_loss: 3.4968  objectness_loss: 0.4466  semantic_loss: 0.4022  center_loss: 0.3870  dir_class_loss: 0.0000  dir_res_loss: 0.0001  size_class_loss: 0.4022  size_res_loss: 0.4477
2026/06/03 07:34:03 - mmengine - INFO - Epoch(train) [10][180/779]  lr: 8.0000e-03  eta: 0:52:07  time: 0.1506  data_time: 0.0145  memory: 4189  grad_norm: 4.7698  loss: 5.6478  vote_loss: 3.5238  objectness_loss: 0.4516  semantic_loss: 0.4266  center_loss: 0.3778  dir_class_loss: 0.0000  dir_res_loss: 0.0001  size_class_loss: 0.4265  size_res_loss: 0.4413
2026/06/03 07:34:08 - mmengine - INFO - Epoch(train) [10][210/779]  lr: 8.0000e-03  eta: 0:52:03  time: 0.1524  data_time: 0.0145  memory: 4189  grad_norm: 4.8953  loss: 5.6104  vote_loss: 3.5082  objectness_loss: 0.4316  semantic_loss: 0.4183  center_loss: 0.3744  dir_class_loss: 0.0000  dir_res_loss: 0.0001  size_class_loss: 0.4183  size_res_loss: 0.4596
2026/06/03 07:34:12 - mmengine - INFO - Epoch(train) [10][240/779]  lr: 8.0000e-03  eta: 0:51:58  time: 0.1515  data_time: 0.0144  memory: 4189  grad_norm: 4.8444  loss: 5.2654  vote_loss: 3.2899  objectness_loss: 0.4162  semantic_loss: 0.3851  center_loss: 0.3666  dir_class_loss: 0.0000  dir_res_loss: 0.0001  size_class_loss: 0.3850  size_res_loss: 0.4224
2026/06/03 07:34:17 - mmengine - INFO - Epoch(train) [10][270/779]  lr: 8.0000e-03  eta: 0:51:53  time: 0.1487  data_time: 0.0141  memory: 4189  grad_norm: 4.6088  loss: 5.3582  vote_loss: 3.3623  objectness_loss: 0.4301  semantic_loss: 0.3861  center_loss: 0.3619  dir_class_loss: 0.0000  dir_res_loss: 0.0001  size_class_loss: 0.3861  size_res_loss: 0.4315
2026/06/03 07:34:21 - mmengine - INFO - Epoch(train) [10][300/779]  lr: 8.0000e-03  eta: 0:51:49  time: 0.1463  data_time: 0.0139  memory: 4189  grad_norm: 4.7103  loss: 5.3508  vote_loss: 3.3703  objectness_loss: 0.4286  semantic_loss: 0.3690  center_loss: 0.3697  dir_class_loss: 0.0000  dir_res_loss: 0.0002  size_class_loss: 0.3690  size_res_loss: 0.4441
2026/06/03 07:34:26 - mmengine - INFO - Epoch(train) [10][330/779]  lr: 8.0000e-03  eta: 0:51:44  time: 0.1465  data_time: 0.0139  memory: 4189  grad_norm: 5.1995  loss: 5.4270  vote_loss: 3.4545  objectness_loss: 0.4310  semantic_loss: 0.3522  center_loss: 0.3804  dir_class_loss: 0.0000  dir_res_loss: 0.0003  size_class_loss: 0.3522  size_res_loss: 0.4564
2026/06/03 07:34:30 - mmengine - INFO - Epoch(train) [10][360/779]  lr: 8.0000e-03  eta: 0:51:39  time: 0.1465  data_time: 0.0139  memory: 4189  grad_norm: 5.3376  loss: 5.4445  vote_loss: 3.4554  objectness_loss: 0.4337  semantic_loss: 0.3618  center_loss: 0.3862  dir_class_loss: 0.0000  dir_res_loss: 0.0003  size_class_loss: 0.3619  size_res_loss: 0.4451
2026/06/03 07:34:34 - mmengine - INFO - Epoch(train) [10][390/779]  lr: 8.0000e-03  eta: 0:51:34  time: 0.1463  data_time: 0.0139  memory: 4189  grad_norm: 4.8558  loss: 5.2867  vote_loss: 3.3558  objectness_loss: 0.4223  semantic_loss: 0.3555  center_loss: 0.3651  dir_class_loss: 0.0000  dir_res_loss: 0.0002  size_class_loss: 0.3555  size_res_loss: 0.4324
2026/06/03 07:34:39 - mmengine - INFO - Epoch(train) [10][420/779]  lr: 8.0000e-03  eta: 0:51:30  time: 0.1470  data_time: 0.0140  memory: 4189  grad_norm: 5.1515  loss: 5.2448  vote_loss: 3.3227  objectness_loss: 0.3996  semantic_loss: 0.3585  center_loss: 0.3623  dir_class_loss: 0.0000  dir_res_loss: 0.0001  size_class_loss: 0.3585  size_res_loss: 0.4432
2026/06/03 07:34:43 - mmengine - INFO - Epoch(train) [10][450/779]  lr: 8.0000e-03  eta: 0:51:26  time: 0.1528  data_time: 0.0147  memory: 4189  grad_norm: 5.0015  loss: 5.5394  vote_loss: 3.5205  objectness_loss: 0.4239  semantic_loss: 0.3811  center_loss: 0.3521  dir_class_loss: 0.0000  dir_res_loss: 0.0000  size_class_loss: 0.3811  size_res_loss: 0.4807
2026/06/03 07:34:48 - mmengine - INFO - Epoch(train) [10][480/779]  lr: 8.0000e-03  eta: 0:51:21  time: 0.1497  data_time: 0.0142  memory: 4189  grad_norm: 4.9989  loss: 5.2502  vote_loss: 3.2744  objectness_loss: 0.4335  semantic_loss: 0.3911  center_loss: 0.3417  dir_class_loss: 0.0000  dir_res_loss: 0.0000  size_class_loss: 0.3912  size_res_loss: 0.4184
2026/06/03 07:34:52 - mmengine - INFO - Epoch(train) [10][510/779]  lr: 8.0000e-03  eta: 0:51:16  time: 0.1464  data_time: 0.0138  memory: 4189  grad_norm: 4.6992  loss: 5.2711  vote_loss: 3.3182  objectness_loss: 0.4184  semantic_loss: 0.3931  center_loss: 0.3466  dir_class_loss: 0.0000  dir_res_loss: 0.0000  size_class_loss: 0.3931  size_res_loss: 0.4018
2026/06/03 07:34:57 - mmengine - INFO - Epoch(train) [10][540/779]  lr: 8.0000e-03  eta: 0:51:11  time: 0.1483  data_time: 0.0140  memory: 4189  grad_norm: 4.5436  loss: 5.5044  vote_loss: 3.4592  objectness_loss: 0.4306  semantic_loss: 0.4031  center_loss: 0.3662  dir_class_loss: 0.0000  dir_res_loss: 0.0000  size_class_loss: 0.4031  size_res_loss: 0.4422
2026/06/03 07:35:01 - mmengine - INFO - Epoch(train) [10][570/779]  lr: 8.0000e-03  eta: 0:51:07  time: 0.1482  data_time: 0.0138  memory: 4189  grad_norm: 4.7855  loss: 5.6177  vote_loss: 3.5277  objectness_loss: 0.4403  semantic_loss: 0.4098  center_loss: 0.3827  dir_class_loss: 0.0000  dir_res_loss: 0.0000  size_class_loss: 0.4098  size_res_loss: 0.4473
2026/06/03 07:35:06 - mmengine - INFO - Epoch(train) [10][600/779]  lr: 8.0000e-03  eta: 0:51:02  time: 0.1473  data_time: 0.0137  memory: 4189  grad_norm: 4.7140  loss: 5.5988  vote_loss: 3.5638  objectness_loss: 0.4369  semantic_loss: 0.3965  center_loss: 0.3680  dir_class_loss: 0.0000  dir_res_loss: 0.0000  size_class_loss: 0.3965  size_res_loss: 0.4371
2026/06/03 07:35:10 - mmengine - INFO - Epoch(train) [10][630/779]  lr: 8.0000e-03  eta: 0:50:57  time: 0.1466  data_time: 0.0137  memory: 4189  grad_norm: 4.3477  loss: 5.2537  vote_loss: 3.4120  objectness_loss: 0.3973  semantic_loss: 0.3403  center_loss: 0.3451  dir_class_loss: 0.0000  dir_res_loss: 0.0000  size_class_loss: 0.3402  size_res_loss: 0.4187
2026/06/03 07:35:14 - mmengine - INFO - Epoch(train) [10][660/779]  lr: 8.0000e-03  eta: 0:50:52  time: 0.1456  data_time: 0.0136  memory: 4189  grad_norm: 4.9645  loss: 5.2065  vote_loss: 3.3349  objectness_loss: 0.4124  semantic_loss: 0.3533  center_loss: 0.3537  dir_class_loss: 0.0000  dir_res_loss: 0.0000  size_class_loss: 0.3533  size_res_loss: 0.3988
2026/06/03 07:35:19 - mmengine - INFO - Epoch(train) [10][690/779]  lr: 8.0000e-03  eta: 0:50:48  time: 0.1464  data_time: 0.0137  memory: 4189  grad_norm: 4.6542  loss: 5.0894  vote_loss: 3.2530  objectness_loss: 0.4106  semantic_loss: 0.3417  center_loss: 0.3420  dir_class_loss: 0.0000  dir_res_loss: 0.0001  size_class_loss: 0.3417  size_res_loss: 0.4003
2026/06/03 07:35:23 - mmengine - INFO - Epoch(train) [10][720/779]  lr: 8.0000e-03  eta: 0:50:43  time: 0.1466  data_time: 0.0136  memory: 4189  grad_norm: 5.1293  loss: 5.2574  vote_loss: 3.3438  objectness_loss: 0.4170  semantic_loss: 0.3618  center_loss: 0.3477  dir_class_loss: 0.0000  dir_res_loss: 0.0001  size_class_loss: 0.3618  size_res_loss: 0.4251
2026/06/03 07:35:28 - mmengine - INFO - Epoch(train) [10][750/779]  lr: 8.0000e-03  eta: 0:50:38  time: 0.1482  data_time: 0.0139  memory: 4189  grad_norm: 5.3707  loss: 5.6112  vote_loss: 3.4942  objectness_loss: 0.4423  semantic_loss: 0.4139  center_loss: 0.3779  dir_class_loss: 0.0000  dir_res_loss: 0.0001  size_class_loss: 0.4139  size_res_loss: 0.4689
2026/06/03 07:35:32 - mmengine - INFO - Exp name: votenet_8xb8_scannet-3d_20260603_071554
2026/06/03 07:35:37 - mmengine - INFO - Epoch(train) [11][ 30/779]  lr: 8.0000e-03  eta: 0:50:31  time: 0.1609  data_time: 0.0225  memory: 4189  grad_norm: 4.8562  loss: 5.4955  vote_loss: 3.4940  objectness_loss: 0.4286  semantic_loss: 0.3862  center_loss: 0.3663  dir_class_loss: 0.0000  dir_res_loss: 0.0000  size_class_loss: 0.3862  size_res_loss: 0.4341
2026/06/03 07:35:42 - mmengine - INFO - Epoch(train) [11][ 60/779]  lr: 8.0000e-03  eta: 0:50:27  time: 0.1596  data_time: 0.0153  memory: 4189  grad_norm: 4.3513  loss: 5.2993  vote_loss: 3.3214  objectness_loss: 0.4252  semantic_loss: 0.3831  center_loss: 0.3563  dir_class_loss: 0.0000  dir_res_loss: 0.0000  size_class_loss: 0.3831  size_res_loss: 0.4303
2026/06/03 07:35:46 - mmengine - INFO - Epoch(train) [11][ 90/779]  lr: 8.0000e-03  eta: 0:50:23  time: 0.1547  data_time: 0.0148  memory: 4189  grad_norm: 4.6369  loss: 5.3052  vote_loss: 3.2713  objectness_loss: 0.4224  semantic_loss: 0.3952  center_loss: 0.3679  dir_class_loss: 0.0000  dir_res_loss: 0.0000  size_class_loss: 0.3952  size_res_loss: 0.4532
2026/06/03 07:35:51 - mmengine - INFO - Epoch(train) [11][120/779]  lr: 8.0000e-03  eta: 0:50:18  time: 0.1501  data_time: 0.0138  memory: 4189  grad_norm: 4.7271  loss: 5.2005  vote_loss: 3.2615  objectness_loss: 0.4216  semantic_loss: 0.3669  center_loss: 0.3533  dir_class_loss: 0.0000  dir_res_loss: 0.0001  size_class_loss: 0.3670  size_res_loss: 0.4300
2026/06/03 07:35:55 - mmengine - INFO - Epoch(train) [11][150/779]  lr: 8.0000e-03  eta: 0:50:14  time: 0.1460  data_time: 0.0134  memory: 4189  grad_norm: 4.7328  loss: 5.3102  vote_loss: 3.3969  objectness_loss: 0.4204  semantic_loss: 0.3596  center_loss: 0.3571  dir_class_loss: 0.0000  dir_res_loss: 0.0003  size_class_loss: 0.3595  size_res_loss: 0.4164
2026/06/03 07:36:00 - mmengine - INFO - Epoch(train) [11][180/779]  lr: 8.0000e-03  eta: 0:50:09  time: 0.1460  data_time: 0.0133  memory: 4189  grad_norm: 4.6288  loss: 5.3603  vote_loss: 3.4555  objectness_loss: 0.4365  semantic_loss: 0.3483  center_loss: 0.3612  dir_class_loss: 0.0000  dir_res_loss: 0.0005  size_class_loss: 0.3483  size_res_loss: 0.4101
2026/06/03 07:36:04 - mmengine - INFO - Exp name: votenet_8xb8_scannet-3d_20260603_071554
2026/06/03 07:36:04 - mmengine - INFO - Epoch(train) [11][210/779]  lr: 8.0000e-03  eta: 0:50:04  time: 0.1455  data_time: 0.0132  memory: 4189  grad_norm: 4.9836  loss: 5.3508  vote_loss: 3.4292  objectness_loss: 0.4340  semantic_loss: 0.3561  center_loss: 0.3594  dir_class_loss: 0.0000  dir_res_loss: 0.0007  size_class_loss: 0.3561  size_res_loss: 0.4153
2026/06/03 07:36:08 - mmengine - INFO - Epoch(train) [11][240/779]  lr: 8.0000e-03  eta: 0:49:59  time: 0.1456  data_time: 0.0137  memory: 4189  grad_norm: 5.4134  loss: 5.0339  vote_loss: 3.2369  objectness_loss: 0.3937  semantic_loss: 0.3355  center_loss: 0.3488  dir_class_loss: 0.0000  dir_res_loss: 0.0006  size_class_loss: 0.3355  size_res_loss: 0.3829
2026/06/03 07:36:13 - mmengine - INFO - Epoch(train) [11][270/779]  lr: 8.0000e-03  eta: 0:49:54  time: 0.1459  data_time: 0.0137  memory: 4189  grad_norm: 4.9819  loss: 4.9902  vote_loss: 3.2259  objectness_loss: 0.4092  semantic_loss: 0.3141  center_loss: 0.3486  dir_class_loss: 0.0000  dir_res_loss: 0.0002  size_class_loss: 0.3141  size_res_loss: 0.3781
2026/06/03 07:36:17 - mmengine - INFO - Epoch(train) [11][300/779]  lr: 8.0000e-03  eta: 0:49:50  time: 0.1459  data_time: 0.0136  memory: 4189  grad_norm: 4.8809  loss: 5.0906  vote_loss: 3.2412  objectness_loss: 0.4195  semantic_loss: 0.3299  center_loss: 0.3597  dir_class_loss: 0.0000  dir_res_loss: 0.0001  size_class_loss: 0.3299  size_res_loss: 0.4103
2026/06/03 07:36:22 - mmengine - INFO - Epoch(train) [11][330/779]  lr: 8.0000e-03  eta: 0:49:45  time: 0.1475  data_time: 0.0139  memory: 4189  grad_norm: 4.7905  loss: 5.4243  vote_loss: 3.4540  objectness_loss: 0.4272  semantic_loss: 0.3600  center_loss: 0.3774  dir_class_loss: 0.0000  dir_res_loss: 0.0000  size_class_loss: 0.3600  size_res_loss: 0.4457
2026/06/03 07:36:26 - mmengine - INFO - Epoch(train) [11][360/779]  lr: 8.0000e-03  eta: 0:49:40  time: 0.1477  data_time: 0.0140  memory: 4189  grad_norm: 5.1576  loss: 5.2900  vote_loss: 3.2950  objectness_loss: 0.4254  semantic_loss: 0.3911  center_loss: 0.3635  dir_class_loss: 0.0000  dir_res_loss: 0.0000  size_class_loss: 0.3911  size_res_loss: 0.4238
2026/06/03 07:36:30 - mmengine - INFO - Epoch(train) [11][390/779]  lr: 8.0000e-03  eta: 0:49:36  time: 0.1467  data_time: 0.0140  memory: 4189  grad_norm: 5.1352  loss: 5.4713  vote_loss: 3.4930  objectness_loss: 0.4291  semantic_loss: 0.3684  center_loss: 0.3672  dir_class_loss: 0.0000  dir_res_loss: 0.0000  size_class_loss: 0.3684  size_res_loss: 0.4451
2026/06/03 07:36:35 - mmengine - INFO - Epoch(train) [11][420/779]  lr: 8.0000e-03  eta: 0:49:31  time: 0.1456  data_time: 0.0138  memory: 4189  grad_norm: 5.5714  loss: 5.5091  vote_loss: 3.4651  objectness_loss: 0.4303  semantic_loss: 0.3884  center_loss: 0.3704  dir_class_loss: 0.0000  dir_res_loss: 0.0000  size_class_loss: 0.3885  size_res_loss: 0.4663
2026/06/03 07:36:39 - mmengine - INFO - Epoch(train) [11][450/779]  lr: 8.0000e-03  eta: 0:49:26  time: 0.1464  data_time: 0.0139  memory: 4189  grad_norm: 4.9673  loss: 5.3387  vote_loss: 3.3646  objectness_loss: 0.4034  semantic_loss: 0.3844  center_loss: 0.3531  dir_class_loss: 0.0000  dir_res_loss: 0.0000  size_class_loss: 0.3844  size_res_loss: 0.4488
2026/06/03 07:36:44 - mmengine - INFO - Epoch(train) [11][480/779]  lr: 8.0000e-03  eta: 0:49:21  time: 0.1465  data_time: 0.0141  memory: 4189  grad_norm: 5.4153  loss: 5.3123  vote_loss: 3.3382  objectness_loss: 0.3947  semantic_loss: 0.3917  center_loss: 0.3586  dir_class_loss: 0.0000  dir_res_loss: 0.0000  size_class_loss: 0.3917  size_res_loss: 0.4375
2026/06/03 07:36:48 - mmengine - INFO - Epoch(train) [11][510/779]  lr: 8.0000e-03  eta: 0:49:17  time: 0.1466  data_time: 0.0140  memory: 4189  grad_norm: 5.8497  loss: 5.2583  vote_loss: 3.2759  objectness_loss: 0.4086  semantic_loss: 0.3921  center_loss: 0.3695  dir_class_loss: 0.0000  dir_res_loss: 0.0000  size_class_loss: 0.3921  size_res_loss: 0.4202
2026/06/03 07:36:52 - mmengine - INFO - Epoch(train) [11][540/779]  lr: 8.0000e-03  eta: 0:49:12  time: 0.1463  data_time: 0.0139  memory: 4189  grad_norm: 5.1777  loss: 5.4730  vote_loss: 3.4536  objectness_loss: 0.4295  semantic_loss: 0.3943  center_loss: 0.3627  dir_class_loss: 0.0000  dir_res_loss: 0.0000  size_class_loss: 0.3943  size_res_loss: 0.4386
2026/06/03 07:36:57 - mmengine - INFO - Epoch(train) [11][570/779]  lr: 8.0000e-03  eta: 0:49:07  time: 0.1498  data_time: 0.0175  memory: 4189  grad_norm: 4.5180  loss: 5.5895  vote_loss: 3.5161  objectness_loss: 0.4435  semantic_loss: 0.4068  center_loss: 0.3620  dir_class_loss: 0.0000  dir_res_loss: 0.0000  size_class_loss: 0.4068  size_res_loss: 0.4543
2026/06/03 07:37:01 - mmengine - INFO - Epoch(train) [11][600/779]  lr: 8.0000e-03  eta: 0:49:03  time: 0.1504  data_time: 0.0174  memory: 4189  grad_norm: 4.7606  loss: 5.2701  vote_loss: 3.3343  objectness_loss: 0.4277  semantic_loss: 0.3711  center_loss: 0.3514  dir_class_loss: 0.0000  dir_res_loss: 0.0000  size_class_loss: 0.3710  size_res_loss: 0.4146
2026/06/03 07:37:06 - mmengine - INFO - Epoch(train) [11][630/779]  lr: 8.0000e-03  eta: 0:48:58  time: 0.1465  data_time: 0.0138  memory: 4189  grad_norm: 4.9323  loss: 5.1436  vote_loss: 3.2940  objectness_loss: 0.4123  semantic_loss: 0.3455  center_loss: 0.3472  dir_class_loss: 0.0000  dir_res_loss: 0.0000  size_class_loss: 0.3455  size_res_loss: 0.3992
2026/06/03 07:37:10 - mmengine - INFO - Epoch(train) [11][660/779]  lr: 8.0000e-03  eta: 0:48:53  time: 0.1464  data_time: 0.0137  memory: 4189  grad_norm: 4.5914  loss: 5.1349  vote_loss: 3.3102  objectness_loss: 0.4108  semantic_loss: 0.3297  center_loss: 0.3444  dir_class_loss: 0.0000  dir_res_loss: 0.0000  size_class_loss: 0.3297  size_res_loss: 0.4101
2026/06/03 07:37:14 - mmengine - INFO - Epoch(train) [11][690/779]  lr: 8.0000e-03  eta: 0:48:49  time: 0.1458  data_time: 0.0136  memory: 4189  grad_norm: 5.5873  loss: 5.2629  vote_loss: 3.3847  objectness_loss: 0.4140  semantic_loss: 0.3527  center_loss: 0.3545  dir_class_loss: 0.0000  dir_res_loss: 0.0000  size_class_loss: 0.3527  size_res_loss: 0.4042
2026/06/03 07:37:19 - mmengine - INFO - Epoch(train) [11][720/779]  lr: 8.0000e-03  eta: 0:48:45  time: 0.1522  data_time: 0.0145  memory: 4189  grad_norm: 5.5296  loss: 5.3119  vote_loss: 3.4288  objectness_loss: 0.4075  semantic_loss: 0.3457  center_loss: 0.3512  dir_class_loss: 0.0000  dir_res_loss: 0.0000  size_class_loss: 0.3457  size_res_loss: 0.4330
2026/06/03 07:37:24 - mmengine - INFO - Epoch(train) [11][750/779]  lr: 8.0000e-03  eta: 0:48:40  time: 0.1536  data_time: 0.0146  memory: 4189  grad_norm: 4.5950  loss: 5.0730  vote_loss: 3.2521  objectness_loss: 0.3958  semantic_loss: 0.3403  center_loss: 0.3326  dir_class_loss: 0.0000  dir_res_loss: 0.0000  size_class_loss: 0.3403  size_res_loss: 0.4119
2026/06/03 07:37:28 - mmengine - INFO - Exp name: votenet_8xb8_scannet-3d_20260603_071554
2026/06/03 07:37:33 - mmengine - INFO - Epoch(train) [12][ 30/779]  lr: 8.0000e-03  eta: 0:48:32  time: 0.1621  data_time: 0.0225  memory: 4189  grad_norm: 4.2065  loss: 5.0494  vote_loss: 3.2527  objectness_loss: 0.3911  semantic_loss: 0.3395  center_loss: 0.3396  dir_class_loss: 0.0000  dir_res_loss: 0.0000  size_class_loss: 0.3395  size_res_loss: 0.3869
2026/06/03 07:37:38 - mmengine - INFO - Epoch(train) [12][ 60/779]  lr: 8.0000e-03  eta: 0:48:28  time: 0.1550  data_time: 0.0152  memory: 4189  grad_norm: 4.5350  loss: 5.1155  vote_loss: 3.2814  objectness_loss: 0.3828  semantic_loss: 0.3560  center_loss: 0.3432  dir_class_loss: 0.0000  dir_res_loss: 0.0000  size_class_loss: 0.3560  size_res_loss: 0.3961
2026/06/03 07:37:42 - mmengine - INFO - Epoch(train) [12][ 90/779]  lr: 8.0000e-03  eta: 0:48:24  time: 0.1500  data_time: 0.0146  memory: 4189  grad_norm: 4.8083  loss: 5.1968  vote_loss: 3.3404  objectness_loss: 0.3999  semantic_loss: 0.3437  center_loss: 0.3408  dir_class_loss: 0.0000  dir_res_loss: 0.0000  size_class_loss: 0.3436  size_res_loss: 0.4284
2026/06/03 07:37:47 - mmengine - INFO - Epoch(train) [12][120/779]  lr: 8.0000e-03  eta: 0:48:19  time: 0.1503  data_time: 0.0145  memory: 4189  grad_norm: 4.8451  loss: 5.4165  vote_loss: 3.4352  objectness_loss: 0.4087  semantic_loss: 0.3871  center_loss: 0.3590  dir_class_loss: 0.0000  dir_res_loss: 0.0000  size_class_loss: 0.3871  size_res_loss: 0.4394
2026/06/03 07:37:51 - mmengine - INFO - Epoch(train) [12][150/779]  lr: 8.0000e-03  eta: 0:48:15  time: 0.1520  data_time: 0.0146  memory: 4189  grad_norm: 5.1162  loss: 5.2873  vote_loss: 3.3827  objectness_loss: 0.4157  semantic_loss: 0.3668  center_loss: 0.3524  dir_class_loss: 0.0000  dir_res_loss: 0.0000  size_class_loss: 0.3668  size_res_loss: 0.4029
2026/06/03 07:37:56 - mmengine - INFO - Epoch(train) [12][180/779]  lr: 8.0000e-03  eta: 0:48:10  time: 0.1490  data_time: 0.0140  memory: 4189  grad_norm: 5.3962  loss: 5.2307  vote_loss: 3.3096  objectness_loss: 0.4149  semantic_loss: 0.3642  center_loss: 0.3551  dir_class_loss: 0.0000  dir_res_loss: 0.0000  size_class_loss: 0.3642  size_res_loss: 0.4227
2026/06/03 07:38:00 - mmengine - INFO - Epoch(train) [12][210/779]  lr: 8.0000e-03  eta: 0:48:06  time: 0.1483  data_time: 0.0138  memory: 4189  grad_norm: 5.0048  loss: 5.1547  vote_loss: 3.3017  objectness_loss: 0.3957  semantic_loss: 0.3423  center_loss: 0.3615  dir_class_loss: 0.0000  dir_res_loss: 0.0000  size_class_loss: 0.3423  size_res_loss: 0.4112
2026/06/03 07:38:05 - mmengine - INFO - Epoch(train) [12][240/779]  lr: 8.0000e-03  eta: 0:48:01  time: 0.1476  data_time: 0.0139  memory: 4189  grad_norm: 4.8135  loss: 5.2301  vote_loss: 3.3834  objectness_loss: 0.3984  semantic_loss: 0.3398  center_loss: 0.3619  dir_class_loss: 0.0000  dir_res_loss: 0.0000  size_class_loss: 0.3398  size_res_loss: 0.4068
2026/06/03 07:38:09 - mmengine - INFO - Epoch(train) [12][270/779]  lr: 8.0000e-03  eta: 0:47:57  time: 0.1495  data_time: 0.0143  memory: 4189  grad_norm: 5.0229  loss: 5.1564  vote_loss: 3.3175  objectness_loss: 0.4042  semantic_loss: 0.3418  center_loss: 0.3604  dir_class_loss: 0.0000  dir_res_loss: 0.0000  size_class_loss: 0.3419  size_res_loss: 0.3907
2026/06/03 07:38:14 - mmengine - INFO - Epoch(train) [12][300/779]  lr: 8.0000e-03  eta: 0:47:52  time: 0.1495  data_time: 0.0142  memory: 4189  grad_norm: 5.0604  loss: 5.2780  vote_loss: 3.4208  objectness_loss: 0.3972  semantic_loss: 0.3548  center_loss: 0.3485  dir_class_loss: 0.0000  dir_res_loss: 0.0000  size_class_loss: 0.3548  size_res_loss: 0.4019
2026/06/03 07:38:18 - mmengine - INFO - Epoch(train) [12][330/779]  lr: 8.0000e-03  eta: 0:47:47  time: 0.1455  data_time: 0.0136  memory: 4189  grad_norm: 4.7134  loss: 5.4702  vote_loss: 3.5345  objectness_loss: 0.4132  semantic_loss: 0.3597  center_loss: 0.3558  dir_class_loss: 0.0000  dir_res_loss: 0.0000  size_class_loss: 0.3598  size_res_loss: 0.4473
2026/06/03 07:38:22 - mmengine - INFO - Epoch(train) [12][360/779]  lr: 8.0000e-03  eta: 0:47:42  time: 0.1459  data_time: 0.0136  memory: 4189  grad_norm: 4.7535  loss: 5.3926  vote_loss: 3.4337  objectness_loss: 0.4180  semantic_loss: 0.3667  center_loss: 0.3474  dir_class_loss: 0.0000  dir_res_loss: 0.0000  size_class_loss: 0.3667  size_res_loss: 0.4601
2026/06/03 07:38:27 - mmengine - INFO - Epoch(train) [12][390/779]  lr: 8.0000e-03  eta: 0:47:38  time: 0.1468  data_time: 0.0139  memory: 4189  grad_norm: 5.0419  loss: 5.2334  vote_loss: 3.3897  objectness_loss: 0.4065  semantic_loss: 0.3338  center_loss: 0.3509  dir_class_loss: 0.0000  dir_res_loss: 0.0000  size_class_loss: 0.3338  size_res_loss: 0.4186
2026/06/03 07:38:31 - mmengine - INFO - Epoch(train) [12][420/779]  lr: 8.0000e-03  eta: 0:47:33  time: 0.1482  data_time: 0.0139  memory: 4189  grad_norm: 4.8653  loss: 5.3315  vote_loss: 3.3925  objectness_loss: 0.4134  semantic_loss: 0.3642  center_loss: 0.3682  dir_class_loss: 0.0000  dir_res_loss: 0.0000  size_class_loss: 0.3642  size_res_loss: 0.4290
2026/06/03 07:38:33 - mmengine - INFO - Exp name: votenet_8xb8_scannet-3d_20260603_071554
2026/06/03 07:38:36 - mmengine - INFO - Epoch(train) [12][450/779]  lr: 8.0000e-03  eta: 0:47:29  time: 0.1494  data_time: 0.0140  memory: 4189  grad_norm: 4.9759  loss: 5.3698  vote_loss: 3.4188  objectness_loss: 0.4154  semantic_loss: 0.3610  center_loss: 0.3649  dir_class_loss: 0.0000  dir_res_loss: 0.0000  size_class_loss: 0.3610  size_res_loss: 0.4485
2026/06/03 07:38:40 - mmengine - INFO - Epoch(train) [12][480/779]  lr: 8.0000e-03  eta: 0:47:24  time: 0.1527  data_time: 0.0146  memory: 4189  grad_norm: 4.6933  loss: 5.2184  vote_loss: 3.2984  objectness_loss: 0.4304  semantic_loss: 0.3672  center_loss: 0.3378  dir_class_loss: 0.0000  dir_res_loss: 0.0000  size_class_loss: 0.3672  size_res_loss: 0.4175
2026/06/03 07:38:45 - mmengine - INFO - Epoch(train) [12][510/779]  lr: 8.0000e-03  eta: 0:47:20  time: 0.1504  data_time: 0.0143  memory: 4189  grad_norm: 4.5780  loss: 4.9005  vote_loss: 3.0955  objectness_loss: 0.3982  semantic_loss: 0.3475  center_loss: 0.3333  dir_class_loss: 0.0000  dir_res_loss: 0.0001  size_class_loss: 0.3475  size_res_loss: 0.3786
2026/06/03 07:38:49 - mmengine - INFO - Epoch(train) [12][540/779]  lr: 8.0000e-03  eta: 0:47:15  time: 0.1470  data_time: 0.0138  memory: 4189  grad_norm: 5.0717  loss: 5.0163  vote_loss: 3.2013  objectness_loss: 0.3980  semantic_loss: 0.3358  center_loss: 0.3440  dir_class_loss: 0.0000  dir_res_loss: 0.0001  size_class_loss: 0.3358  size_res_loss: 0.4012
2026/06/03 07:38:54 - mmengine - INFO - Epoch(train) [12][570/779]  lr: 8.0000e-03  eta: 0:47:11  time: 0.1474  data_time: 0.0138  memory: 4189  grad_norm: 4.6288  loss: 4.9596  vote_loss: 3.1975  objectness_loss: 0.3821  semantic_loss: 0.3252  center_loss: 0.3418  dir_class_loss: 0.0000  dir_res_loss: 0.0002  size_class_loss: 0.3252  size_res_loss: 0.3876
2026/06/03 07:38:58 - mmengine - INFO - Epoch(train) [12][600/779]  lr: 8.0000e-03  eta: 0:47:06  time: 0.1474  data_time: 0.0138  memory: 4189  grad_norm: 4.1761  loss: 5.0375  vote_loss: 3.2171  objectness_loss: 0.3949  semantic_loss: 0.3443  center_loss: 0.3367  dir_class_loss: 0.0000  dir_res_loss: 0.0002  size_class_loss: 0.3443  size_res_loss: 0.4001
2026/06/03 07:39:03 - mmengine - INFO - Epoch(train) [12][630/779]  lr: 8.0000e-03  eta: 0:47:02  time: 0.1537  data_time: 0.0147  memory: 4189  grad_norm: 5.0665  loss: 5.1417  vote_loss: 3.2780  objectness_loss: 0.4089  semantic_loss: 0.3453  center_loss: 0.3417  dir_class_loss: 0.0000  dir_res_loss: 0.0001  size_class_loss: 0.3453  size_res_loss: 0.4224
2026/06/03 07:39:07 - mmengine - INFO - Epoch(train) [12][660/779]  lr: 8.0000e-03  eta: 0:46:58  time: 0.1576  data_time: 0.0154  memory: 4189  grad_norm: 5.2520  loss: 5.1523  vote_loss: 3.2093  objectness_loss: 0.4060  semantic_loss: 0.3795  center_loss: 0.3459  dir_class_loss: 0.0000  dir_res_loss: 0.0001  size_class_loss: 0.3795  size_res_loss: 0.4322
2026/06/03 07:39:12 - mmengine - INFO - Epoch(train) [12][690/779]  lr: 8.0000e-03  eta: 0:46:53  time: 0.1506  data_time: 0.0144  memory: 4189  grad_norm: 4.6252  loss: 5.0859  vote_loss: 3.2558  objectness_loss: 0.4014  semantic_loss: 0.3417  center_loss: 0.3332  dir_class_loss: 0.0000  dir_res_loss: 0.0001  size_class_loss: 0.3417  size_res_loss: 0.4121
2026/06/03 07:39:16 - mmengine - INFO - Epoch(train) [12][720/779]  lr: 8.0000e-03  eta: 0:46:49  time: 0.1510  data_time: 0.0143  memory: 4189  grad_norm: 4.8598  loss: 5.1369  vote_loss: 3.3241  objectness_loss: 0.4104  semantic_loss: 0.3330  center_loss: 0.3385  dir_class_loss: 0.0000  dir_res_loss: 0.0001  size_class_loss: 0.3330  size_res_loss: 0.3979
2026/06/03 07:39:21 - mmengine - INFO - Epoch(train) [12][750/779]  lr: 8.0000e-03  eta: 0:46:44  time: 0.1481  data_time: 0.0140  memory: 4189  grad_norm: 4.9385  loss: 5.1444  vote_loss: 3.3415  objectness_loss: 0.3917  semantic_loss: 0.3363  center_loss: 0.3406  dir_class_loss: 0.0000  dir_res_loss: 0.0003  size_class_loss: 0.3362  size_res_loss: 0.3977
2026/06/03 07:39:25 - mmengine - INFO - Exp name: votenet_8xb8_scannet-3d_20260603_071554
2026/06/03 07:39:30 - mmengine - INFO - Epoch(train) [13][ 30/779]  lr: 8.0000e-03  eta: 0:46:37  time: 0.1609  data_time: 0.0223  memory: 4189  grad_norm: 5.5085  loss: 5.1757  vote_loss: 3.2938  objectness_loss: 0.3865  semantic_loss: 0.3669  center_loss: 0.3550  dir_class_loss: 0.0000  dir_res_loss: 0.0005  size_class_loss: 0.3668  size_res_loss: 0.4061
2026/06/03 07:39:35 - mmengine - INFO - Epoch(train) [13][ 60/779]  lr: 8.0000e-03  eta: 0:46:32  time: 0.1578  data_time: 0.0154  memory: 4189  grad_norm: 5.0719  loss: 5.2650  vote_loss: 3.4005  objectness_loss: 0.3906  semantic_loss: 0.3500  center_loss: 0.3469  dir_class_loss: 0.0000  dir_res_loss: 0.0001  size_class_loss: 0.3500  size_res_loss: 0.4269
2026/06/03 07:39:39 - mmengine - INFO - Epoch(train) [13][ 90/779]  lr: 8.0000e-03  eta: 0:46:28  time: 0.1519  data_time: 0.0146  memory: 4189  grad_norm: 4.7425  loss: 5.1010  vote_loss: 3.3080  objectness_loss: 0.3875  semantic_loss: 0.3176  center_loss: 0.3432  dir_class_loss: 0.0000  dir_res_loss: 0.0000  size_class_loss: 0.3176  size_res_loss: 0.4271
2026/06/03 07:39:44 - mmengine - INFO - Epoch(train) [13][120/779]  lr: 8.0000e-03  eta: 0:46:24  time: 0.1521  data_time: 0.0143  memory: 4189  grad_norm: 4.7016  loss: 5.0110  vote_loss: 3.2035  objectness_loss: 0.3923  semantic_loss: 0.3435  center_loss: 0.3449  dir_class_loss: 0.0000  dir_res_loss: 0.0000  size_class_loss: 0.3435  size_res_loss: 0.3834
2026/06/03 07:39:49 - mmengine - INFO - Epoch(train) [13][150/779]  lr: 8.0000e-03  eta: 0:46:19  time: 0.1499  data_time: 0.0142  memory: 4189  grad_norm: 5.1007  loss: 5.1589  vote_loss: 3.3108  objectness_loss: 0.3962  semantic_loss: 0.3449  center_loss: 0.3441  dir_class_loss: 0.0000  dir_res_loss: 0.0000  size_class_loss: 0.3449  size_res_loss: 0.4180
2026/06/03 07:39:53 - mmengine - INFO - Epoch(train) [13][180/779]  lr: 8.0000e-03  eta: 0:46:15  time: 0.1493  data_time: 0.0141  memory: 4189  grad_norm: 4.8056  loss: 5.0638  vote_loss: 3.3089  objectness_loss: 0.3812  semantic_loss: 0.3108  center_loss: 0.3433  dir_class_loss: 0.0000  dir_res_loss: 0.0000  size_class_loss: 0.3107  size_res_loss: 0.4088
2026/06/03 07:39:57 - mmengine - INFO - Epoch(train) [13][210/779]  lr: 8.0000e-03  eta: 0:46:10  time: 0.1488  data_time: 0.0139  memory: 4189  grad_norm: 4.6989  loss: 4.8959  vote_loss: 3.1796  objectness_loss: 0.3793  semantic_loss: 0.3007  center_loss: 0.3308  dir_class_loss: 0.0000  dir_res_loss: 0.0000  size_class_loss: 0.3007  size_res_loss: 0.4049
2026/06/03 07:40:02 - mmengine - INFO - Epoch(train) [13][240/779]  lr: 8.0000e-03  eta: 0:46:06  time: 0.1518  data_time: 0.0145  memory: 4189  grad_norm: 4.5182  loss: 4.8062  vote_loss: 3.1027  objectness_loss: 0.3890  semantic_loss: 0.2991  center_loss: 0.3225  dir_class_loss: 0.0000  dir_res_loss: 0.0000  size_class_loss: 0.2991  size_res_loss: 0.3938
2026/06/03 07:40:07 - mmengine - INFO - Epoch(train) [13][270/779]  lr: 8.0000e-03  eta: 0:46:01  time: 0.1509  data_time: 0.0146  memory: 4189  grad_norm: 5.0820  loss: 4.9572  vote_loss: 3.2576  objectness_loss: 0.3854  semantic_loss: 0.3074  center_loss: 0.3237  dir_class_loss: 0.0000  dir_res_loss: 0.0000  size_class_loss: 0.3074  size_res_loss: 0.3757
2026/06/03 07:40:11 - mmengine - INFO - Epoch(train) [13][300/779]  lr: 8.0000e-03  eta: 0:45:57  time: 0.1512  data_time: 0.0146  memory: 4189  grad_norm: 5.6400  loss: 5.0168  vote_loss: 3.2603  objectness_loss: 0.3957  semantic_loss: 0.3222  center_loss: 0.3490  dir_class_loss: 0.0000  dir_res_loss: 0.0000  size_class_loss: 0.3222  size_res_loss: 0.3673
2026/06/03 07:40:16 - mmengine - INFO - Epoch(train) [13][330/779]  lr: 8.0000e-03  eta: 0:45:53  time: 0.1527  data_time: 0.0147  memory: 4189  grad_norm: 5.0641  loss: 4.9244  vote_loss: 3.1562  objectness_loss: 0.3947  semantic_loss: 0.3198  center_loss: 0.3454  dir_class_loss: 0.0000  dir_res_loss: 0.0000  size_class_loss: 0.3198  size_res_loss: 0.3885
2026/06/03 07:40:20 - mmengine - INFO - Epoch(train) [13][360/779]  lr: 8.0000e-03  eta: 0:45:48  time: 0.1527  data_time: 0.0145  memory: 4189  grad_norm: 4.9208  loss: 5.1394  vote_loss: 3.3258  objectness_loss: 0.4046  semantic_loss: 0.3249  center_loss: 0.3414  dir_class_loss: 0.0000  dir_res_loss: 0.0000  size_class_loss: 0.3249  size_res_loss: 0.4178
2026/06/03 07:40:25 - mmengine - INFO - Epoch(train) [13][390/779]  lr: 8.0000e-03  eta: 0:45:44  time: 0.1566  data_time: 0.0153  memory: 4189  grad_norm: 4.8369  loss: 5.1534  vote_loss: 3.3300  objectness_loss: 0.4075  semantic_loss: 0.3367  center_loss: 0.3396  dir_class_loss: 0.0000  dir_res_loss: 0.0000  size_class_loss: 0.3367  size_res_loss: 0.4029
2026/06/03 07:40:30 - mmengine - INFO - Epoch(train) [13][420/779]  lr: 8.0000e-03  eta: 0:45:40  time: 0.1542  data_time: 0.0150  memory: 4189  grad_norm: 5.1539  loss: 5.0717  vote_loss: 3.2306  objectness_loss: 0.4195  semantic_loss: 0.3363  center_loss: 0.3405  dir_class_loss: 0.0000  dir_res_loss: 0.0000  size_class_loss: 0.3363  size_res_loss: 0.4086
2026/06/03 07:40:34 - mmengine - INFO - Epoch(train) [13][450/779]  lr: 8.0000e-03  eta: 0:45:35  time: 0.1499  data_time: 0.0143  memory: 4189  grad_norm: 5.0592  loss: 5.1297  vote_loss: 3.2950  objectness_loss: 0.4051  semantic_loss: 0.3316  center_loss: 0.3442  dir_class_loss: 0.0000  dir_res_loss: 0.0000  size_class_loss: 0.3316  size_res_loss: 0.4221
2026/06/03 07:40:39 - mmengine - INFO - Epoch(train) [13][480/779]  lr: 8.0000e-03  eta: 0:45:31  time: 0.1495  data_time: 0.0147  memory: 4189  grad_norm: 5.0338  loss: 5.0593  vote_loss: 3.2406  objectness_loss: 0.3959  semantic_loss: 0.3296  center_loss: 0.3394  dir_class_loss: 0.0000  dir_res_loss: 0.0000  size_class_loss: 0.3296  size_res_loss: 0.4241
2026/06/03 07:40:43 - mmengine - INFO - Epoch(train) [13][510/779]  lr: 8.0000e-03  eta: 0:45:26  time: 0.1486  data_time: 0.0152  memory: 4189  grad_norm: 4.8386  loss: 4.8707  vote_loss: 3.1160  objectness_loss: 0.4000  semantic_loss: 0.3114  center_loss: 0.3303  dir_class_loss: 0.0000  dir_res_loss: 0.0000  size_class_loss: 0.3113  size_res_loss: 0.4017
2026/06/03 07:40:48 - mmengine - INFO - Epoch(train) [13][540/779]  lr: 8.0000e-03  eta: 0:45:22  time: 0.1525  data_time: 0.0155  memory: 4189  grad_norm: 5.1388  loss: 4.9308  vote_loss: 3.1540  objectness_loss: 0.3925  semantic_loss: 0.3184  center_loss: 0.3439  dir_class_loss: 0.0000  dir_res_loss: 0.0000  size_class_loss: 0.3184  size_res_loss: 0.4037
2026/06/03 07:40:52 - mmengine - INFO - Epoch(train) [13][570/779]  lr: 8.0000e-03  eta: 0:45:18  time: 0.1537  data_time: 0.0153  memory: 4189  grad_norm: 5.3231  loss: 4.8598  vote_loss: 3.1435  objectness_loss: 0.3842  semantic_loss: 0.3116  center_loss: 0.3297  dir_class_loss: 0.0000  dir_res_loss: 0.0000  size_class_loss: 0.3116  size_res_loss: 0.3793
2026/06/03 07:40:57 - mmengine - INFO - Epoch(train) [13][600/779]  lr: 8.0000e-03  eta: 0:45:13  time: 0.1480  data_time: 0.0143  memory: 4189  grad_norm: 4.9369  loss: 4.7490  vote_loss: 3.0852  objectness_loss: 0.3919  semantic_loss: 0.3041  center_loss: 0.3185  dir_class_loss: 0.0000  dir_res_loss: 0.0000  size_class_loss: 0.3041  size_res_loss: 0.3453
2026/06/03 07:41:01 - mmengine - INFO - Epoch(train) [13][630/779]  lr: 8.0000e-03  eta: 0:45:08  time: 0.1476  data_time: 0.0143  memory: 4189  grad_norm: 4.9826  loss: 5.0109  vote_loss: 3.2484  objectness_loss: 0.4064  semantic_loss: 0.3235  center_loss: 0.3345  dir_class_loss: 0.0000  dir_res_loss: 0.0000  size_class_loss: 0.3235  size_res_loss: 0.3745
2026/06/03 07:41:05 - mmengine - INFO - Exp name: votenet_8xb8_scannet-3d_20260603_071554
2026/06/03 07:41:06 - mmengine - INFO - Epoch(train) [13][660/779]  lr: 8.0000e-03  eta: 0:45:04  time: 0.1505  data_time: 0.0146  memory: 4189  grad_norm: 4.6234  loss: 5.1337  vote_loss: 3.2734  objectness_loss: 0.4038  semantic_loss: 0.3571  center_loss: 0.3433  dir_class_loss: 0.0000  dir_res_loss: 0.0000  size_class_loss: 0.3572  size_res_loss: 0.3989
2026/06/03 07:41:10 - mmengine - INFO - Epoch(train) [13][690/779]  lr: 8.0000e-03  eta: 0:45:00  time: 0.1536  data_time: 0.0151  memory: 4189  grad_norm: 4.4653  loss: 5.1597  vote_loss: 3.3664  objectness_loss: 0.3969  semantic_loss: 0.3255  center_loss: 0.3371  dir_class_loss: 0.0000  dir_res_loss: 0.0000  size_class_loss: 0.3255  size_res_loss: 0.4083
2026/06/03 07:41:15 - mmengine - INFO - Epoch(train) [13][720/779]  lr: 8.0000e-03  eta: 0:44:55  time: 0.1533  data_time: 0.0151  memory: 4189  grad_norm: 4.8488  loss: 5.1147  vote_loss: 3.3347  objectness_loss: 0.3945  semantic_loss: 0.3160  center_loss: 0.3351  dir_class_loss: 0.0000  dir_res_loss: 0.0000  size_class_loss: 0.3160  size_res_loss: 0.4184
2026/06/03 07:41:20 - mmengine - INFO - Epoch(train) [13][750/779]  lr: 8.0000e-03  eta: 0:44:51  time: 0.1515  data_time: 0.0145  memory: 4189  grad_norm: 5.1537  loss: 5.3385  vote_loss: 3.4327  objectness_loss: 0.4238  semantic_loss: 0.3436  center_loss: 0.3702  dir_class_loss: 0.0000  dir_res_loss: 0.0000  size_class_loss: 0.3436  size_res_loss: 0.4245
2026/06/03 07:41:24 - mmengine - INFO - Exp name: votenet_8xb8_scannet-3d_20260603_071554
2026/06/03 07:41:29 - mmengine - INFO - Epoch(train) [14][ 30/779]  lr: 8.0000e-03  eta: 0:44:44  time: 0.1664  data_time: 0.0228  memory: 4189  grad_norm: 5.1079  loss: 5.0320  vote_loss: 3.1890  objectness_loss: 0.3970  semantic_loss: 0.3424  center_loss: 0.3594  dir_class_loss: 0.0000  dir_res_loss: 0.0000  size_class_loss: 0.3424  size_res_loss: 0.4018
2026/06/03 07:41:34 - mmengine - INFO - Epoch(train) [14][ 60/779]  lr: 8.0000e-03  eta: 0:44:39  time: 0.1525  data_time: 0.0141  memory: 4189  grad_norm: 5.0653  loss: 4.8370  vote_loss: 3.0794  objectness_loss: 0.3936  semantic_loss: 0.3227  center_loss: 0.3497  dir_class_loss: 0.0000  dir_res_loss: 0.0000  size_class_loss: 0.3227  size_res_loss: 0.3690
2026/06/03 07:41:39 - mmengine - INFO - Epoch(train) [14][ 90/779]  lr: 8.0000e-03  eta: 0:44:35  time: 0.1548  data_time: 0.0150  memory: 4189  grad_norm: 5.0462  loss: 4.7263  vote_loss: 3.0383  objectness_loss: 0.3830  semantic_loss: 0.3036  center_loss: 0.3371  dir_class_loss: 0.0000  dir_res_loss: 0.0000  size_class_loss: 0.3036  size_res_loss: 0.3608
2026/06/03 07:41:43 - mmengine - INFO - Epoch(train) [14][120/779]  lr: 8.0000e-03  eta: 0:44:31  time: 0.1608  data_time: 0.0159  memory: 4189  grad_norm: 5.0247  loss: 4.8114  vote_loss: 3.1445  objectness_loss: 0.3901  semantic_loss: 0.2903  center_loss: 0.3321  dir_class_loss: 0.0000  dir_res_loss: 0.0000  size_class_loss: 0.2903  size_res_loss: 0.3640
2026/06/03 07:41:48 - mmengine - INFO - Epoch(train) [14][150/779]  lr: 8.0000e-03  eta: 0:44:27  time: 0.1574  data_time: 0.0159  memory: 4189  grad_norm: 4.6799  loss: 4.9412  vote_loss: 3.2312  objectness_loss: 0.4001  semantic_loss: 0.3037  center_loss: 0.3242  dir_class_loss: 0.0000  dir_res_loss: 0.0000  size_class_loss: 0.3037  size_res_loss: 0.3783
2026/06/03 07:41:53 - mmengine - INFO - Epoch(train) [14][180/779]  lr: 8.0000e-03  eta: 0:44:23  time: 0.1561  data_time: 0.0154  memory: 4189  grad_norm: 4.7421  loss: 4.9412  vote_loss: 3.2214  objectness_loss: 0.3911  semantic_loss: 0.3070  center_loss: 0.3230  dir_class_loss: 0.0000  dir_res_loss: 0.0000  size_class_loss: 0.3070  size_res_loss: 0.3916
2026/06/03 07:41:57 - mmengine - INFO - Epoch(train) [14][210/779]  lr: 8.0000e-03  eta: 0:44:19  time: 0.1566  data_time: 0.0156  memory: 4189  grad_norm: 4.4519  loss: 4.9535  vote_loss: 3.2738  objectness_loss: 0.3876  semantic_loss: 0.2879  center_loss: 0.3064  dir_class_loss: 0.0000  dir_res_loss: 0.0001  size_class_loss: 0.2879  size_res_loss: 0.4098
2026/06/03 07:42:02 - mmengine - INFO - Epoch(train) [14][240/779]  lr: 8.0000e-03  eta: 0:44:14  time: 0.1540  data_time: 0.0149  memory: 4189  grad_norm: 4.7505  loss: 4.9620  vote_loss: 3.3144  objectness_loss: 0.3819  semantic_loss: 0.2720  center_loss: 0.3271  dir_class_loss: 0.0000  dir_res_loss: 0.0003  size_class_loss: 0.2720  size_res_loss: 0.3942
2026/06/03 07:42:07 - mmengine - INFO - Epoch(train) [14][270/779]  lr: 8.0000e-03  eta: 0:44:10  time: 0.1548  data_time: 0.0149  memory: 4189  grad_norm: 5.5815  loss: 5.1212  vote_loss: 3.3477  objectness_loss: 0.3937  semantic_loss: 0.3092  center_loss: 0.3579  dir_class_loss: 0.0000  dir_res_loss: 0.0002  size_class_loss: 0.3092  size_res_loss: 0.4033
2026/06/03 07:42:11 - mmengine - INFO - Epoch(train) [14][300/779]  lr: 8.0000e-03  eta: 0:44:05  time: 0.1503  data_time: 0.0142  memory: 4189  grad_norm: 5.4212  loss: 5.1316  vote_loss: 3.3126  objectness_loss: 0.4008  semantic_loss: 0.3370  center_loss: 0.3358  dir_class_loss: 0.0000  dir_res_loss: 0.0004  size_class_loss: 0.3371  size_res_loss: 0.4079
2026/06/03 07:42:16 - mmengine - INFO - Epoch(train) [14][330/779]  lr: 8.0000e-03  eta: 0:44:01  time: 0.1475  data_time: 0.0140  memory: 4189  grad_norm: 4.8623  loss: 5.1569  vote_loss: 3.2968  objectness_loss: 0.4027  semantic_loss: 0.3491  center_loss: 0.3423  dir_class_loss: 0.0000  dir_res_loss: 0.0005  size_class_loss: 0.3491  size_res_loss: 0.4165
2026/06/03 07:42:20 - mmengine - INFO - Epoch(train) [14][360/779]  lr: 8.0000e-03  eta: 0:43:56  time: 0.1475  data_time: 0.0142  memory: 4189  grad_norm: 4.9424  loss: 4.9968  vote_loss: 3.2270  objectness_loss: 0.3961  semantic_loss: 0.3168  center_loss: 0.3383  dir_class_loss: 0.0000  dir_res_loss: 0.0003  size_class_loss: 0.3168  size_res_loss: 0.4017
2026/06/03 07:42:24 - mmengine - INFO - Epoch(train) [14][390/779]  lr: 8.0000e-03  eta: 0:43:51  time: 0.1480  data_time: 0.0142  memory: 4189  grad_norm: 4.8576  loss: 5.1889  vote_loss: 3.3341  objectness_loss: 0.4213  semantic_loss: 0.3361  center_loss: 0.3482  dir_class_loss: 0.0000  dir_res_loss: 0.0001  size_class_loss: 0.3361  size_res_loss: 0.4130
2026/06/03 07:42:29 - mmengine - INFO - Epoch(train) [14][420/779]  lr: 8.0000e-03  eta: 0:43:47  time: 0.1547  data_time: 0.0150  memory: 4189  grad_norm: 5.1275  loss: 5.0499  vote_loss: 3.2466  objectness_loss: 0.4087  semantic_loss: 0.3323  center_loss: 0.3319  dir_class_loss: 0.0000  dir_res_loss: 0.0001  size_class_loss: 0.3323  size_res_loss: 0.3980
2026/06/03 07:42:34 - mmengine - INFO - Epoch(train) [14][450/779]  lr: 8.0000e-03  eta: 0:43:43  time: 0.1535  data_time: 0.0151  memory: 4189  grad_norm: 4.9010  loss: 5.0114  vote_loss: 3.2596  objectness_loss: 0.4027  semantic_loss: 0.3172  center_loss: 0.3230  dir_class_loss: 0.0000  dir_res_loss: 0.0001  size_class_loss: 0.3172  size_res_loss: 0.3916
2026/06/03 07:42:38 - mmengine - INFO - Epoch(train) [14][480/779]  lr: 8.0000e-03  eta: 0:43:38  time: 0.1460  data_time: 0.0139  memory: 4189  grad_norm: 4.7918  loss: 4.9835  vote_loss: 3.2478  objectness_loss: 0.3813  semantic_loss: 0.3066  center_loss: 0.3333  dir_class_loss: 0.0000  dir_res_loss: 0.0001  size_class_loss: 0.3066  size_res_loss: 0.4079
2026/06/03 07:42:42 - mmengine - INFO - Epoch(train) [14][510/779]  lr: 8.0000e-03  eta: 0:43:34  time: 0.1459  data_time: 0.0138  memory: 4189  grad_norm: 5.0125  loss: 5.1190  vote_loss: 3.2970  objectness_loss: 0.3872  semantic_loss: 0.3382  center_loss: 0.3471  dir_class_loss: 0.0000  dir_res_loss: 0.0000  size_class_loss: 0.3382  size_res_loss: 0.4111
2026/06/03 07:42:47 - mmengine - INFO - Epoch(train) [14][540/779]  lr: 8.0000e-03  eta: 0:43:29  time: 0.1496  data_time: 0.0146  memory: 4189  grad_norm: 4.7543  loss: 5.0515  vote_loss: 3.2721  objectness_loss: 0.3756  semantic_loss: 0.3409  center_loss: 0.3254  dir_class_loss: 0.0000  dir_res_loss: 0.0000  size_class_loss: 0.3409  size_res_loss: 0.3965
2026/06/03 07:42:52 - mmengine - INFO - Epoch(train) [14][570/779]  lr: 8.0000e-03  eta: 0:43:25  time: 0.1543  data_time: 0.0152  memory: 4189  grad_norm: 5.0380  loss: 4.9046  vote_loss: 3.1613  objectness_loss: 0.3709  semantic_loss: 0.3226  center_loss: 0.3320  dir_class_loss: 0.0000  dir_res_loss: 0.0000  size_class_loss: 0.3226  size_res_loss: 0.3951
2026/06/03 07:42:56 - mmengine - INFO - Epoch(train) [14][600/779]  lr: 8.0000e-03  eta: 0:43:20  time: 0.1548  data_time: 0.0150  memory: 4189  grad_norm: 4.7842  loss: 4.9966  vote_loss: 3.2329  objectness_loss: 0.3998  semantic_loss: 0.3171  center_loss: 0.3418  dir_class_loss: 0.0000  dir_res_loss: 0.0000  size_class_loss: 0.3171  size_res_loss: 0.3878
2026/06/03 07:43:01 - mmengine - INFO - Epoch(train) [14][630/779]  lr: 8.0000e-03  eta: 0:43:16  time: 0.1476  data_time: 0.0138  memory: 4189  grad_norm: 4.5981  loss: 5.0974  vote_loss: 3.3317  objectness_loss: 0.3934  semantic_loss: 0.3191  center_loss: 0.3443  dir_class_loss: 0.0000  dir_res_loss: 0.0000  size_class_loss: 0.3192  size_res_loss: 0.3897
2026/06/03 07:43:05 - mmengine - INFO - Epoch(train) [14][660/779]  lr: 8.0000e-03  eta: 0:43:11  time: 0.1458  data_time: 0.0139  memory: 4189  grad_norm: 4.4661  loss: 4.9240  vote_loss: 3.2236  objectness_loss: 0.3731  semantic_loss: 0.3001  center_loss: 0.3283  dir_class_loss: 0.0000  dir_res_loss: 0.0000  size_class_loss: 0.3001  size_res_loss: 0.3988
2026/06/03 07:43:09 - mmengine - INFO - Epoch(train) [14][690/779]  lr: 8.0000e-03  eta: 0:43:06  time: 0.1479  data_time: 0.0142  memory: 4189  grad_norm: 4.4215  loss: 4.7653  vote_loss: 3.0896  objectness_loss: 0.3786  semantic_loss: 0.2893  center_loss: 0.3212  dir_class_loss: 0.0000  dir_res_loss: 0.0000  size_class_loss: 0.2893  size_res_loss: 0.3972
2026/06/03 07:43:14 - mmengine - INFO - Epoch(train) [14][720/779]  lr: 8.0000e-03  eta: 0:43:02  time: 0.1453  data_time: 0.0137  memory: 4189  grad_norm: 5.0216  loss: 4.7775  vote_loss: 3.0756  objectness_loss: 0.3979  semantic_loss: 0.2931  center_loss: 0.3215  dir_class_loss: 0.0000  dir_res_loss: 0.0000  size_class_loss: 0.2931  size_res_loss: 0.3963
2026/06/03 07:43:18 - mmengine - INFO - Epoch(train) [14][750/779]  lr: 8.0000e-03  eta: 0:42:57  time: 0.1448  data_time: 0.0137  memory: 4189  grad_norm: 5.8710  loss: 4.9518  vote_loss: 3.1679  objectness_loss: 0.3904  semantic_loss: 0.3247  center_loss: 0.3305  dir_class_loss: 0.0000  dir_res_loss: 0.0000  size_class_loss: 0.3247  size_res_loss: 0.4135
2026/06/03 07:43:22 - mmengine - INFO - Exp name: votenet_8xb8_scannet-3d_20260603_071554
2026/06/03 07:43:27 - mmengine - INFO - Epoch(train) [15][ 30/779]  lr: 8.0000e-03  eta: 0:42:48  time: 0.1528  data_time: 0.0206  memory: 4189  grad_norm: 4.5683  loss: 5.0317  vote_loss: 3.2673  objectness_loss: 0.3860  semantic_loss: 0.3270  center_loss: 0.3336  dir_class_loss: 0.0000  dir_res_loss: 0.0000  size_class_loss: 0.3270  size_res_loss: 0.3907
2026/06/03 07:43:32 - mmengine - INFO - Epoch(train) [15][ 60/779]  lr: 8.0000e-03  eta: 0:42:44  time: 0.1483  data_time: 0.0139  memory: 4189  grad_norm: 4.6985  loss: 4.7687  vote_loss: 3.1095  objectness_loss: 0.3767  semantic_loss: 0.2979  center_loss: 0.3135  dir_class_loss: 0.0000  dir_res_loss: 0.0000  size_class_loss: 0.2979  size_res_loss: 0.3732
2026/06/03 07:43:36 - mmengine - INFO - Epoch(train) [15][ 90/779]  lr: 8.0000e-03  eta: 0:42:39  time: 0.1460  data_time: 0.0137  memory: 4189  grad_norm: 5.3081  loss: 4.7936  vote_loss: 3.1144  objectness_loss: 0.3705  semantic_loss: 0.2934  center_loss: 0.3292  dir_class_loss: 0.0000  dir_res_loss: 0.0000  size_class_loss: 0.2934  size_res_loss: 0.3926
2026/06/03 07:43:37 - mmengine - INFO - Exp name: votenet_8xb8_scannet-3d_20260603_071554
2026/06/03 07:43:41 - mmengine - INFO - Epoch(train) [15][120/779]  lr: 8.0000e-03  eta: 0:42:35  time: 0.1517  data_time: 0.0143  memory: 4189  grad_norm: 5.7299  loss: 4.8890  vote_loss: 3.2065  objectness_loss: 0.3839  semantic_loss: 0.2841  center_loss: 0.3388  dir_class_loss: 0.0000  dir_res_loss: 0.0000  size_class_loss: 0.2841  size_res_loss: 0.3915
2026/06/03 07:43:45 - mmengine - INFO - Epoch(train) [15][150/779]  lr: 8.0000e-03  eta: 0:42:30  time: 0.1488  data_time: 0.0142  memory: 4189  grad_norm: 4.5644  loss: 4.7923  vote_loss: 3.1585  objectness_loss: 0.3719  semantic_loss: 0.2805  center_loss: 0.3217  dir_class_loss: 0.0000  dir_res_loss: 0.0000  size_class_loss: 0.2805  size_res_loss: 0.3793
2026/06/03 07:43:50 - mmengine - INFO - Epoch(train) [15][180/779]  lr: 8.0000e-03  eta: 0:42:26  time: 0.1489  data_time: 0.0137  memory: 4189  grad_norm: 4.4518  loss: 4.8487  vote_loss: 3.1875  objectness_loss: 0.3686  semantic_loss: 0.2844  center_loss: 0.3163  dir_class_loss: 0.0000  dir_res_loss: 0.0000  size_class_loss: 0.2844  size_res_loss: 0.4077
2026/06/03 07:43:54 - mmengine - INFO - Epoch(train) [15][210/779]  lr: 8.0000e-03  eta: 0:42:21  time: 0.1486  data_time: 0.0137  memory: 4189  grad_norm: 5.3551  loss: 4.8456  vote_loss: 3.1368  objectness_loss: 0.3711  semantic_loss: 0.2968  center_loss: 0.3376  dir_class_loss: 0.0000  dir_res_loss: 0.0000  size_class_loss: 0.2967  size_res_loss: 0.4066
2026/06/03 07:43:58 - mmengine - INFO - Epoch(train) [15][240/779]  lr: 8.0000e-03  eta: 0:42:16  time: 0.1455  data_time: 0.0138  memory: 4189  grad_norm: 5.0063  loss: 4.9360  vote_loss: 3.1697  objectness_loss: 0.3771  semantic_loss: 0.3145  center_loss: 0.3358  dir_class_loss: 0.0000  dir_res_loss: 0.0000  size_class_loss: 0.3145  size_res_loss: 0.4244
2026/06/03 07:44:03 - mmengine - INFO - Epoch(train) [15][270/779]  lr: 8.0000e-03  eta: 0:42:11  time: 0.1447  data_time: 0.0137  memory: 4189  grad_norm: 4.9459  loss: 4.9522  vote_loss: 3.2063  objectness_loss: 0.3824  semantic_loss: 0.3106  center_loss: 0.3221  dir_class_loss: 0.0000  dir_res_loss: 0.0000  size_class_loss: 0.3106  size_res_loss: 0.4201
2026/06/03 07:44:07 - mmengine - INFO - Epoch(train) [15][300/779]  lr: 8.0000e-03  eta: 0:42:06  time: 0.1432  data_time: 0.0127  memory: 4189  grad_norm: 5.5173  loss: 4.8252  vote_loss: 3.1102  objectness_loss: 0.3736  semantic_loss: 0.3184  center_loss: 0.3268  dir_class_loss: 0.0000  dir_res_loss: 0.0000  size_class_loss: 0.3184  size_res_loss: 0.3778
2026/06/03 07:44:11 - mmengine - INFO - Epoch(train) [15][330/779]  lr: 8.0000e-03  eta: 0:42:02  time: 0.1424  data_time: 0.0118  memory: 4189  grad_norm: 5.1962  loss: 4.8394  vote_loss: 3.1400  objectness_loss: 0.3852  semantic_loss: 0.3044  center_loss: 0.3273  dir_class_loss: 0.0000  dir_res_loss: 0.0001  size_class_loss: 0.3044  size_res_loss: 0.3781
2026/06/03 07:44:16 - mmengine - INFO - Epoch(train) [15][360/779]  lr: 8.0000e-03  eta: 0:41:57  time: 0.1443  data_time: 0.0127  memory: 4189  grad_norm: 5.0869  loss: 4.8816  vote_loss: 3.1698  objectness_loss: 0.3826  semantic_loss: 0.3015  center_loss: 0.3355  dir_class_loss: 0.0000  dir_res_loss: 0.0002  size_class_loss: 0.3015  size_res_loss: 0.3905
2026/06/03 07:44:20 - mmengine - INFO - Epoch(train) [15][390/779]  lr: 8.0000e-03  eta: 0:41:52  time: 0.1446  data_time: 0.0128  memory: 4189  grad_norm: 4.9538  loss: 4.9370  vote_loss: 3.2449  objectness_loss: 0.3858  semantic_loss: 0.2908  center_loss: 0.3286  dir_class_loss: 0.0000  dir_res_loss: 0.0002  size_class_loss: 0.2908  size_res_loss: 0.3959
2026/06/03 07:44:24 - mmengine - INFO - Epoch(train) [15][420/779]  lr: 8.0000e-03  eta: 0:41:47  time: 0.1447  data_time: 0.0127  memory: 4189  grad_norm: 5.1873  loss: 4.9995  vote_loss: 3.1857  objectness_loss: 0.4061  semantic_loss: 0.3343  center_loss: 0.3348  dir_class_loss: 0.0000  dir_res_loss: 0.0002  size_class_loss: 0.3343  size_res_loss: 0.4042
2026/06/03 07:44:29 - mmengine - INFO - Epoch(train) [15][450/779]  lr: 8.0000e-03  eta: 0:41:43  time: 0.1435  data_time: 0.0124  memory: 4189  grad_norm: 4.9738  loss: 4.8827  vote_loss: 3.1118  objectness_loss: 0.3861  semantic_loss: 0.3337  center_loss: 0.3217  dir_class_loss: 0.0000  dir_res_loss: 0.0001  size_class_loss: 0.3337  size_res_loss: 0.3955
2026/06/03 07:44:33 - mmengine - INFO - Epoch(train) [15][480/779]  lr: 8.0000e-03  eta: 0:41:38  time: 0.1434  data_time: 0.0120  memory: 4189  grad_norm: 4.4987  loss: 4.9179  vote_loss: 3.2218  objectness_loss: 0.3887  semantic_loss: 0.3071  center_loss: 0.3154  dir_class_loss: 0.0000  dir_res_loss: 0.0001  size_class_loss: 0.3071  size_res_loss: 0.3777
2026/06/03 07:44:37 - mmengine - INFO - Epoch(train) [15][510/779]  lr: 8.0000e-03  eta: 0:41:33  time: 0.1432  data_time: 0.0124  memory: 4189  grad_norm: 4.4669  loss: 4.7421  vote_loss: 3.1153  objectness_loss: 0.3593  semantic_loss: 0.2943  center_loss: 0.3079  dir_class_loss: 0.0000  dir_res_loss: 0.0001  size_class_loss: 0.2943  size_res_loss: 0.3708
2026/06/03 07:44:41 - mmengine - INFO - Epoch(train) [15][540/779]  lr: 8.0000e-03  eta: 0:41:28  time: 0.1440  data_time: 0.0131  memory: 4189  grad_norm: 4.9308  loss: 4.7662  vote_loss: 3.1443  objectness_loss: 0.3628  semantic_loss: 0.2820  center_loss: 0.3189  dir_class_loss: 0.0000  dir_res_loss: 0.0001  size_class_loss: 0.2820  size_res_loss: 0.3762
2026/06/03 07:44:46 - mmengine - INFO - Epoch(train) [15][570/779]  lr: 8.0000e-03  eta: 0:41:24  time: 0.1449  data_time: 0.0137  memory: 4189  grad_norm: 4.9520  loss: 4.6977  vote_loss: 3.1010  objectness_loss: 0.3604  semantic_loss: 0.2776  center_loss: 0.3210  dir_class_loss: 0.0000  dir_res_loss: 0.0001  size_class_loss: 0.2776  size_res_loss: 0.3599
2026/06/03 07:44:50 - mmengine - INFO - Epoch(train) [15][600/779]  lr: 8.0000e-03  eta: 0:41:19  time: 0.1455  data_time: 0.0139  memory: 4189  grad_norm: 5.3408  loss: 4.7915  vote_loss: 3.1577  objectness_loss: 0.3640  semantic_loss: 0.2776  center_loss: 0.3431  dir_class_loss: 0.0000  dir_res_loss: 0.0001  size_class_loss: 0.2776  size_res_loss: 0.3713
2026/06/03 07:44:55 - mmengine - INFO - Epoch(train) [15][630/779]  lr: 8.0000e-03  eta: 0:41:15  time: 0.1522  data_time: 0.0146  memory: 4189  grad_norm: 6.2192  loss: 4.8557  vote_loss: 3.1697  objectness_loss: 0.3735  semantic_loss: 0.2781  center_loss: 0.3632  dir_class_loss: 0.0000  dir_res_loss: 0.0001  size_class_loss: 0.2781  size_res_loss: 0.3929
2026/06/03 07:44:59 - mmengine - INFO - Epoch(train) [15][660/779]  lr: 8.0000e-03  eta: 0:41:10  time: 0.1490  data_time: 0.0143  memory: 4189  grad_norm: 5.0940  loss: 4.8264  vote_loss: 3.1583  objectness_loss: 0.3961  semantic_loss: 0.2758  center_loss: 0.3378  dir_class_loss: 0.0000  dir_res_loss: 0.0000  size_class_loss: 0.2758  size_res_loss: 0.3826
2026/06/03 07:45:04 - mmengine - INFO - Epoch(train) [15][690/779]  lr: 8.0000e-03  eta: 0:41:05  time: 0.1466  data_time: 0.0139  memory: 4189  grad_norm: 4.9670  loss: 5.0734  vote_loss: 3.2673  objectness_loss: 0.4065  semantic_loss: 0.3270  center_loss: 0.3407  dir_class_loss: 0.0000  dir_res_loss: 0.0000  size_class_loss: 0.3270  size_res_loss: 0.4049
2026/06/03 07:45:08 - mmengine - INFO - Epoch(train) [15][720/779]  lr: 8.0000e-03  eta: 0:41:01  time: 0.1456  data_time: 0.0138  memory: 4189  grad_norm: 5.1723  loss: 4.9157  vote_loss: 3.1500  objectness_loss: 0.3862  semantic_loss: 0.3247  center_loss: 0.3341  dir_class_loss: 0.0000  dir_res_loss: 0.0000  size_class_loss: 0.3247  size_res_loss: 0.3959
2026/06/03 07:45:12 - mmengine - INFO - Epoch(train) [15][750/779]  lr: 8.0000e-03  eta: 0:40:56  time: 0.1465  data_time: 0.0140  memory: 4189  grad_norm: 4.6305  loss: 4.7912  vote_loss: 3.1096  objectness_loss: 0.3696  semantic_loss: 0.3123  center_loss: 0.3123  dir_class_loss: 0.0000  dir_res_loss: 0.0000  size_class_loss: 0.3123  size_res_loss: 0.3752
2026/06/03 07:45:17 - mmengine - INFO - Exp name: votenet_8xb8_scannet-3d_20260603_071554
2026/06/03 07:45:22 - mmengine - INFO - Epoch(train) [16][ 30/779]  lr: 8.0000e-03  eta: 0:40:48  time: 0.1581  data_time: 0.0234  memory: 4189  grad_norm: 4.4989  loss: 4.8464  vote_loss: 3.1488  objectness_loss: 0.3901  semantic_loss: 0.2906  center_loss: 0.3169  dir_class_loss: 0.0000  dir_res_loss: 0.0000  size_class_loss: 0.2906  size_res_loss: 0.4093
2026/06/03 07:45:26 - mmengine - INFO - Epoch(train) [16][ 60/779]  lr: 8.0000e-03  eta: 0:40:43  time: 0.1476  data_time: 0.0136  memory: 4189  grad_norm: 4.4568  loss: 4.7620  vote_loss: 3.1347  objectness_loss: 0.3637  semantic_loss: 0.2804  center_loss: 0.3143  dir_class_loss: 0.0000  dir_res_loss: 0.0000  size_class_loss: 0.2804  size_res_loss: 0.3886
2026/06/03 07:45:30 - mmengine - INFO - Epoch(train) [16][ 90/779]  lr: 8.0000e-03  eta: 0:40:38  time: 0.1442  data_time: 0.0125  memory: 4189  grad_norm: 4.6878  loss: 4.6349  vote_loss: 3.1138  objectness_loss: 0.3546  semantic_loss: 0.2552  center_loss: 0.3000  dir_class_loss: 0.0000  dir_res_loss: 0.0000  size_class_loss: 0.2552  size_res_loss: 0.3561
2026/06/03 07:45:35 - mmengine - INFO - Epoch(train) [16][120/779]  lr: 8.0000e-03  eta: 0:40:34  time: 0.1433  data_time: 0.0119  memory: 4189  grad_norm: 4.9080  loss: 4.6621  vote_loss: 3.0767  objectness_loss: 0.3577  semantic_loss: 0.2793  center_loss: 0.3071  dir_class_loss: 0.0000  dir_res_loss: 0.0000  size_class_loss: 0.2793  size_res_loss: 0.3620
2026/06/03 07:45:39 - mmengine - INFO - Epoch(train) [16][150/779]  lr: 8.0000e-03  eta: 0:40:29  time: 0.1434  data_time: 0.0122  memory: 4189  grad_norm: 4.9533  loss: 4.7230  vote_loss: 3.0390  objectness_loss: 0.3719  semantic_loss: 0.3012  center_loss: 0.3147  dir_class_loss: 0.0000  dir_res_loss: 0.0000  size_class_loss: 0.3012  size_res_loss: 0.3949
2026/06/03 07:45:43 - mmengine - INFO - Epoch(train) [16][180/779]  lr: 8.0000e-03  eta: 0:40:24  time: 0.1427  data_time: 0.0120  memory: 4189  grad_norm: 4.9812  loss: 4.7706  vote_loss: 3.0870  objectness_loss: 0.3827  semantic_loss: 0.2995  center_loss: 0.3173  dir_class_loss: 0.0000  dir_res_loss: 0.0000  size_class_loss: 0.2996  size_res_loss: 0.3845
2026/06/03 07:45:48 - mmengine - INFO - Epoch(train) [16][210/779]  lr: 8.0000e-03  eta: 0:40:19  time: 0.1439  data_time: 0.0122  memory: 4189  grad_norm: 5.1280  loss: 4.7712  vote_loss: 3.1074  objectness_loss: 0.3886  semantic_loss: 0.2992  center_loss: 0.3188  dir_class_loss: 0.0000  dir_res_loss: 0.0000  size_class_loss: 0.2992  size_res_loss: 0.3580
2026/06/03 07:45:52 - mmengine - INFO - Epoch(train) [16][240/779]  lr: 8.0000e-03  eta: 0:40:15  time: 0.1440  data_time: 0.0124  memory: 4189  grad_norm: 5.4419  loss: 4.7581  vote_loss: 3.1412  objectness_loss: 0.3830  semantic_loss: 0.2746  center_loss: 0.3197  dir_class_loss: 0.0000  dir_res_loss: 0.0000  size_class_loss: 0.2746  size_res_loss: 0.3651
2026/06/03 07:45:56 - mmengine - INFO - Epoch(train) [16][270/779]  lr: 8.0000e-03  eta: 0:40:10  time: 0.1436  data_time: 0.0126  memory: 4189  grad_norm: 5.4827  loss: 4.8256  vote_loss: 3.2149  objectness_loss: 0.3687  semantic_loss: 0.2735  center_loss: 0.3272  dir_class_loss: 0.0000  dir_res_loss: 0.0000  size_class_loss: 0.2735  size_res_loss: 0.3676
2026/06/03 07:46:01 - mmengine - INFO - Epoch(train) [16][300/779]  lr: 8.0000e-03  eta: 0:40:05  time: 0.1437  data_time: 0.0123  memory: 4189  grad_norm: 5.5214  loss: 4.9445  vote_loss: 3.2477  objectness_loss: 0.3791  semantic_loss: 0.2974  center_loss: 0.3371  dir_class_loss: 0.0000  dir_res_loss: 0.0001  size_class_loss: 0.2974  size_res_loss: 0.3859
2026/06/03 07:46:03 - mmengine - INFO - Exp name: votenet_8xb8_scannet-3d_20260603_071554
2026/06/03 07:46:05 - mmengine - INFO - Epoch(train) [16][330/779]  lr: 8.0000e-03  eta: 0:40:00  time: 0.1437  data_time: 0.0122  memory: 4189  grad_norm: 5.7163  loss: 4.9362  vote_loss: 3.2107  objectness_loss: 0.3872  semantic_loss: 0.3108  center_loss: 0.3338  dir_class_loss: 0.0000  dir_res_loss: 0.0001  size_class_loss: 0.3108  size_res_loss: 0.3829
2026/06/03 07:46:09 - mmengine - INFO - Epoch(train) [16][360/779]  lr: 8.0000e-03  eta: 0:39:56  time: 0.1444  data_time: 0.0124  memory: 4189  grad_norm: 4.8130  loss: 4.8651  vote_loss: 3.1888  objectness_loss: 0.3850  semantic_loss: 0.2871  center_loss: 0.3310  dir_class_loss: 0.0000  dir_res_loss: 0.0000  size_class_loss: 0.2871  size_res_loss: 0.3860
2026/06/03 07:46:14 - mmengine - INFO - Epoch(train) [16][390/779]  lr: 8.0000e-03  eta: 0:39:51  time: 0.1443  data_time: 0.0127  memory: 4189  grad_norm: 5.3010  loss: 4.5592  vote_loss: 2.9917  objectness_loss: 0.3544  semantic_loss: 0.2698  center_loss: 0.3243  dir_class_loss: 0.0000  dir_res_loss: 0.0003  size_class_loss: 0.2698  size_res_loss: 0.3490
2026/06/03 07:46:18 - mmengine - INFO - Epoch(train) [16][420/779]  lr: 8.0000e-03  eta: 0:39:46  time: 0.1451  data_time: 0.0132  memory: 4189  grad_norm: 5.9103  loss: 4.7607  vote_loss: 3.1431  objectness_loss: 0.3553  semantic_loss: 0.2786  center_loss: 0.3402  dir_class_loss: 0.0000  dir_res_loss: 0.0004  size_class_loss: 0.2786  size_res_loss: 0.3644
2026/06/03 07:46:22 - mmengine - INFO - Epoch(train) [16][450/779]  lr: 8.0000e-03  eta: 0:39:42  time: 0.1451  data_time: 0.0136  memory: 4189  grad_norm: 5.0250  loss: 4.9812  vote_loss: 3.3104  objectness_loss: 0.3761  semantic_loss: 0.2909  center_loss: 0.3398  dir_class_loss: 0.0000  dir_res_loss: 0.0002  size_class_loss: 0.2909  size_res_loss: 0.3728
2026/06/03 07:46:27 - mmengine - INFO - Epoch(train) [16][480/779]  lr: 8.0000e-03  eta: 0:39:37  time: 0.1448  data_time: 0.0137  memory: 4189  grad_norm: 4.9569  loss: 4.8461  vote_loss: 3.1730  objectness_loss: 0.3823  semantic_loss: 0.2929  center_loss: 0.3298  dir_class_loss: 0.0000  dir_res_loss: 0.0001  size_class_loss: 0.2929  size_res_loss: 0.3750
2026/06/03 07:46:31 - mmengine - INFO - Epoch(train) [16][510/779]  lr: 8.0000e-03  eta: 0:39:32  time: 0.1452  data_time: 0.0137  memory: 4189  grad_norm: 5.0358  loss: 4.8794  vote_loss: 3.1621  objectness_loss: 0.3766  semantic_loss: 0.3068  center_loss: 0.3379  dir_class_loss: 0.0000  dir_res_loss: 0.0001  size_class_loss: 0.3068  size_res_loss: 0.3892
2026/06/03 07:46:35 - mmengine - INFO - Epoch(train) [16][540/779]  lr: 8.0000e-03  eta: 0:39:28  time: 0.1465  data_time: 0.0137  memory: 4189  grad_norm: 4.9623  loss: 4.8631  vote_loss: 3.1780  objectness_loss: 0.3741  semantic_loss: 0.2990  center_loss: 0.3189  dir_class_loss: 0.0000  dir_res_loss: 0.0000  size_class_loss: 0.2990  size_res_loss: 0.3941
2026/06/03 07:46:40 - mmengine - INFO - Epoch(train) [16][570/779]  lr: 8.0000e-03  eta: 0:39:23  time: 0.1517  data_time: 0.0143  memory: 4189  grad_norm: 4.7870  loss: 4.7586  vote_loss: 3.1148  objectness_loss: 0.3806  semantic_loss: 0.2837  center_loss: 0.3134  dir_class_loss: 0.0000  dir_res_loss: 0.0000  size_class_loss: 0.2837  size_res_loss: 0.3824
2026/06/03 07:46:44 - mmengine - INFO - Epoch(train) [16][600/779]  lr: 8.0000e-03  eta: 0:39:19  time: 0.1457  data_time: 0.0130  memory: 4189  grad_norm: 4.7474  loss: 4.7005  vote_loss: 3.1292  objectness_loss: 0.3548  semantic_loss: 0.2696  center_loss: 0.3032  dir_class_loss: 0.0000  dir_res_loss: 0.0000  size_class_loss: 0.2695  size_res_loss: 0.3742
2026/06/03 07:46:49 - mmengine - INFO - Epoch(train) [16][630/779]  lr: 8.0000e-03  eta: 0:39:14  time: 0.1446  data_time: 0.0129  memory: 4189  grad_norm: 4.7526  loss: 4.7417  vote_loss: 3.1186  objectness_loss: 0.3552  semantic_loss: 0.2887  center_loss: 0.3183  dir_class_loss: 0.0000  dir_res_loss: 0.0000  size_class_loss: 0.2887  size_res_loss: 0.3722
2026/06/03 07:46:53 - mmengine - INFO - Epoch(train) [16][660/779]  lr: 8.0000e-03  eta: 0:39:09  time: 0.1449  data_time: 0.0134  memory: 4189  grad_norm: 4.8457  loss: 4.7985  vote_loss: 3.1334  objectness_loss: 0.3762  semantic_loss: 0.2933  center_loss: 0.3370  dir_class_loss: 0.0000  dir_res_loss: 0.0000  size_class_loss: 0.2933  size_res_loss: 0.3653
2026/06/03 07:46:57 - mmengine - INFO - Epoch(train) [16][690/779]  lr: 8.0000e-03  eta: 0:39:05  time: 0.1455  data_time: 0.0132  memory: 4189  grad_norm: 4.6104  loss: 4.6964  vote_loss: 3.0561  objectness_loss: 0.3883  semantic_loss: 0.2839  center_loss: 0.3179  dir_class_loss: 0.0000  dir_res_loss: 0.0000  size_class_loss: 0.2839  size_res_loss: 0.3664
2026/06/03 07:47:02 - mmengine - INFO - Epoch(train) [16][720/779]  lr: 8.0000e-03  eta: 0:39:00  time: 0.1450  data_time: 0.0126  memory: 4189  grad_norm: 4.8563  loss: 4.7450  vote_loss: 3.0910  objectness_loss: 0.3819  semantic_loss: 0.2898  center_loss: 0.3146  dir_class_loss: 0.0000  dir_res_loss: 0.0000  size_class_loss: 0.2897  size_res_loss: 0.3780
2026/06/03 07:47:06 - mmengine - INFO - Epoch(train) [16][750/779]  lr: 8.0000e-03  eta: 0:38:55  time: 0.1436  data_time: 0.0119  memory: 4189  grad_norm: 5.1767  loss: 4.6806  vote_loss: 3.0384  objectness_loss: 0.3551  semantic_loss: 0.2892  center_loss: 0.3190  dir_class_loss: 0.0000  dir_res_loss: 0.0000  size_class_loss: 0.2892  size_res_loss: 0.3897
2026/06/03 07:47:10 - mmengine - INFO - Exp name: votenet_8xb8_scannet-3d_20260603_071554
2026/06/03 07:47:15 - mmengine - INFO - Epoch(train) [17][ 30/779]  lr: 8.0000e-03  eta: 0:38:47  time: 0.1530  data_time: 0.0210  memory: 4189  grad_norm: 4.4669  loss: 4.6670  vote_loss: 3.0555  objectness_loss: 0.3698  semantic_loss: 0.2811  center_loss: 0.3050  dir_class_loss: 0.0000  dir_res_loss: 0.0000  size_class_loss: 0.2811  size_res_loss: 0.3746
2026/06/03 07:47:20 - mmengine - INFO - Epoch(train) [17][ 60/779]  lr: 8.0000e-03  eta: 0:38:42  time: 0.1517  data_time: 0.0147  memory: 4189  grad_norm: 4.4705  loss: 4.7110  vote_loss: 3.0814  objectness_loss: 0.3744  semantic_loss: 0.2926  center_loss: 0.3035  dir_class_loss: 0.0000  dir_res_loss: 0.0000  size_class_loss: 0.2926  size_res_loss: 0.3664
2026/06/03 07:47:24 - mmengine - INFO - Epoch(train) [17][ 90/779]  lr: 8.0000e-03  eta: 0:38:38  time: 0.1533  data_time: 0.0145  memory: 4189  grad_norm: 4.8848  loss: 4.7360  vote_loss: 3.0685  objectness_loss: 0.3650  semantic_loss: 0.3127  center_loss: 0.3187  dir_class_loss: 0.0000  dir_res_loss: 0.0000  size_class_loss: 0.3127  size_res_loss: 0.3585
2026/06/03 07:47:29 - mmengine - INFO - Epoch(train) [17][120/779]  lr: 8.0000e-03  eta: 0:38:33  time: 0.1488  data_time: 0.0135  memory: 4189  grad_norm: 5.0979  loss: 4.7380  vote_loss: 3.1191  objectness_loss: 0.3656  semantic_loss: 0.2840  center_loss: 0.3209  dir_class_loss: 0.0000  dir_res_loss: 0.0000  size_class_loss: 0.2840  size_res_loss: 0.3644
2026/06/03 07:47:33 - mmengine - INFO - Epoch(train) [17][150/779]  lr: 8.0000e-03  eta: 0:38:29  time: 0.1506  data_time: 0.0134  memory: 4189  grad_norm: 4.5478  loss: 4.5073  vote_loss: 2.9778  objectness_loss: 0.3481  semantic_loss: 0.2655  center_loss: 0.3003  dir_class_loss: 0.0000  dir_res_loss: 0.0000  size_class_loss: 0.2655  size_res_loss: 0.3500
2026/06/03 07:47:37 - mmengine - INFO - Epoch(train) [17][180/779]  lr: 8.0000e-03  eta: 0:38:24  time: 0.1438  data_time: 0.0127  memory: 4189  grad_norm: 4.9132  loss: 4.6050  vote_loss: 3.0363  objectness_loss: 0.3426  semantic_loss: 0.2761  center_loss: 0.3185  dir_class_loss: 0.0000  dir_res_loss: 0.0000  size_class_loss: 0.2761  size_res_loss: 0.3553
2026/06/03 07:47:42 - mmengine - INFO - Epoch(train) [17][210/779]  lr: 8.0000e-03  eta: 0:38:19  time: 0.1437  data_time: 0.0127  memory: 4189  grad_norm: 5.5632  loss: 4.5280  vote_loss: 2.9866  objectness_loss: 0.3484  semantic_loss: 0.2638  center_loss: 0.3252  dir_class_loss: 0.0000  dir_res_loss: 0.0000  size_class_loss: 0.2638  size_res_loss: 0.3401
2026/06/03 07:47:46 - mmengine - INFO - Epoch(train) [17][240/779]  lr: 8.0000e-03  eta: 0:38:15  time: 0.1444  data_time: 0.0131  memory: 4189  grad_norm: 6.3807  loss: 4.5605  vote_loss: 3.0550  objectness_loss: 0.3353  semantic_loss: 0.2427  center_loss: 0.3405  dir_class_loss: 0.0000  dir_res_loss: 0.0001  size_class_loss: 0.2427  size_res_loss: 0.3440
2026/06/03 07:47:50 - mmengine - INFO - Epoch(train) [17][270/779]  lr: 8.0000e-03  eta: 0:38:10  time: 0.1441  data_time: 0.0129  memory: 4189  grad_norm: 6.6917  loss: 4.7771  vote_loss: 3.1833  objectness_loss: 0.3534  semantic_loss: 0.2688  center_loss: 0.3555  dir_class_loss: 0.0000  dir_res_loss: 0.0001  size_class_loss: 0.2688  size_res_loss: 0.3472
2026/06/03 07:47:55 - mmengine - INFO - Epoch(train) [17][300/779]  lr: 8.0000e-03  eta: 0:38:05  time: 0.1445  data_time: 0.0126  memory: 4189  grad_norm: 5.7835  loss: 4.8453  vote_loss: 3.1761  objectness_loss: 0.3724  semantic_loss: 0.2930  center_loss: 0.3326  dir_class_loss: 0.0000  dir_res_loss: 0.0000  size_class_loss: 0.2930  size_res_loss: 0.3782
2026/06/03 07:47:59 - mmengine - INFO - Epoch(train) [17][330/779]  lr: 8.0000e-03  eta: 0:38:01  time: 0.1443  data_time: 0.0126  memory: 4189  grad_norm: 5.0335  loss: 4.6743  vote_loss: 3.1080  objectness_loss: 0.3588  semantic_loss: 0.2644  center_loss: 0.3128  dir_class_loss: 0.0000  dir_res_loss: 0.0000  size_class_loss: 0.2645  size_res_loss: 0.3658
2026/06/03 07:48:03 - mmengine - INFO - Epoch(train) [17][360/779]  lr: 8.0000e-03  eta: 0:37:56  time: 0.1446  data_time: 0.0134  memory: 4189  grad_norm: 5.2836  loss: 4.6238  vote_loss: 3.0375  objectness_loss: 0.3555  semantic_loss: 0.2684  center_loss: 0.3029  dir_class_loss: 0.0000  dir_res_loss: 0.0000  size_class_loss: 0.2684  size_res_loss: 0.3910
2026/06/03 07:48:08 - mmengine - INFO - Epoch(train) [17][390/779]  lr: 8.0000e-03  eta: 0:37:51  time: 0.1451  data_time: 0.0137  memory: 4189  grad_norm: 5.3528  loss: 4.6638  vote_loss: 3.0363  objectness_loss: 0.3627  semantic_loss: 0.2835  center_loss: 0.3175  dir_class_loss: 0.0000  dir_res_loss: 0.0000  size_class_loss: 0.2834  size_res_loss: 0.3804
2026/06/03 07:48:12 - mmengine - INFO - Epoch(train) [17][420/779]  lr: 8.0000e-03  eta: 0:37:47  time: 0.1455  data_time: 0.0138  memory: 4189  grad_norm: 5.4992  loss: 4.5749  vote_loss: 3.0306  objectness_loss: 0.3649  semantic_loss: 0.2582  center_loss: 0.3167  dir_class_loss: 0.0000  dir_res_loss: 0.0001  size_class_loss: 0.2582  size_res_loss: 0.3462
2026/06/03 07:48:17 - mmengine - INFO - Epoch(train) [17][450/779]  lr: 8.0000e-03  eta: 0:37:42  time: 0.1449  data_time: 0.0139  memory: 4189  grad_norm: 5.3636  loss: 4.5742  vote_loss: 3.0592  objectness_loss: 0.3607  semantic_loss: 0.2542  center_loss: 0.2938  dir_class_loss: 0.0000  dir_res_loss: 0.0001  size_class_loss: 0.2542  size_res_loss: 0.3520
2026/06/03 07:48:21 - mmengine - INFO - Epoch(train) [17][480/779]  lr: 8.0000e-03  eta: 0:37:38  time: 0.1456  data_time: 0.0139  memory: 4189  grad_norm: 5.2072  loss: 4.7265  vote_loss: 3.1169  objectness_loss: 0.3678  semantic_loss: 0.2870  center_loss: 0.3090  dir_class_loss: 0.0000  dir_res_loss: 0.0002  size_class_loss: 0.2870  size_res_loss: 0.3585
2026/06/03 07:48:25 - mmengine - INFO - Epoch(train) [17][510/779]  lr: 8.0000e-03  eta: 0:37:33  time: 0.1446  data_time: 0.0132  memory: 4189  grad_norm: 5.2465  loss: 4.7907  vote_loss: 3.1683  objectness_loss: 0.3669  semantic_loss: 0.2882  center_loss: 0.3183  dir_class_loss: 0.0000  dir_res_loss: 0.0001  size_class_loss: 0.2882  size_res_loss: 0.3608
2026/06/03 07:48:29 - mmengine - INFO - Exp name: votenet_8xb8_scannet-3d_20260603_071554
2026/06/03 07:48:30 - mmengine - INFO - Epoch(train) [17][540/779]  lr: 8.0000e-03  eta: 0:37:28  time: 0.1482  data_time: 0.0138  memory: 4189  grad_norm: 4.6420  loss: 4.6986  vote_loss: 3.1148  objectness_loss: 0.3652  semantic_loss: 0.2699  center_loss: 0.3063  dir_class_loss: 0.0000  dir_res_loss: 0.0001  size_class_loss: 0.2699  size_res_loss: 0.3725
2026/06/03 07:48:34 - mmengine - INFO - Epoch(train) [17][570/779]  lr: 8.0000e-03  eta: 0:37:24  time: 0.1498  data_time: 0.0140  memory: 4189  grad_norm: 4.6975  loss: 4.8620  vote_loss: 3.1878  objectness_loss: 0.3768  semantic_loss: 0.2854  center_loss: 0.3256  dir_class_loss: 0.0000  dir_res_loss: 0.0001  size_class_loss: 0.2854  size_res_loss: 0.4008
2026/06/03 07:48:39 - mmengine - INFO - Epoch(train) [17][600/779]  lr: 8.0000e-03  eta: 0:37:19  time: 0.1459  data_time: 0.0139  memory: 4189  grad_norm: 4.4255  loss: 4.7527  vote_loss: 3.1212  objectness_loss: 0.3734  semantic_loss: 0.2765  center_loss: 0.3116  dir_class_loss: 0.0000  dir_res_loss: 0.0001  size_class_loss: 0.2765  size_res_loss: 0.3933
2026/06/03 07:48:43 - mmengine - INFO - Epoch(train) [17][630/779]  lr: 8.0000e-03  eta: 0:37:15  time: 0.1449  data_time: 0.0135  memory: 4189  grad_norm: 4.9354  loss: 4.7895  vote_loss: 3.1514  objectness_loss: 0.3757  semantic_loss: 0.2788  center_loss: 0.3218  dir_class_loss: 0.0000  dir_res_loss: 0.0001  size_class_loss: 0.2788  size_res_loss: 0.3828
2026/06/03 07:48:47 - mmengine - INFO - Epoch(train) [17][660/779]  lr: 8.0000e-03  eta: 0:37:10  time: 0.1438  data_time: 0.0123  memory: 4189  grad_norm: 5.4067  loss: 4.7852  vote_loss: 3.1516  objectness_loss: 0.3783  semantic_loss: 0.2712  center_loss: 0.3404  dir_class_loss: 0.0000  dir_res_loss: 0.0000  size_class_loss: 0.2712  size_res_loss: 0.3726
2026/06/03 07:48:52 - mmengine - INFO - Epoch(train) [17][690/779]  lr: 8.0000e-03  eta: 0:37:05  time: 0.1452  data_time: 0.0128  memory: 4189  grad_norm: 5.0994  loss: 4.8501  vote_loss: 3.1577  objectness_loss: 0.3661  semantic_loss: 0.3084  center_loss: 0.3261  dir_class_loss: 0.0000  dir_res_loss: 0.0001  size_class_loss: 0.3084  size_res_loss: 0.3832
2026/06/03 07:48:56 - mmengine - INFO - Epoch(train) [17][720/779]  lr: 8.0000e-03  eta: 0:37:01  time: 0.1486  data_time: 0.0142  memory: 4189  grad_norm: 5.2778  loss: 4.6687  vote_loss: 2.9936  objectness_loss: 0.3507  semantic_loss: 0.3185  center_loss: 0.3223  dir_class_loss: 0.0000  dir_res_loss: 0.0003  size_class_loss: 0.3185  size_res_loss: 0.3649
2026/06/03 07:49:01 - mmengine - INFO - Epoch(train) [17][750/779]  lr: 8.0000e-03  eta: 0:36:56  time: 0.1526  data_time: 0.0145  memory: 4189  grad_norm: 5.3306  loss: 4.5897  vote_loss: 2.9784  objectness_loss: 0.3667  semantic_loss: 0.2828  center_loss: 0.3144  dir_class_loss: 0.0000  dir_res_loss: 0.0003  size_class_loss: 0.2828  size_res_loss: 0.3643
2026/06/03 07:49:05 - mmengine - INFO - Exp name: votenet_8xb8_scannet-3d_20260603_071554
2026/06/03 07:49:10 - mmengine - INFO - Epoch(train) [18][ 30/779]  lr: 8.0000e-03  eta: 0:36:48  time: 0.1520  data_time: 0.0200  memory: 4189  grad_norm: 4.3822  loss: 4.3708  vote_loss: 2.9038  objectness_loss: 0.3707  semantic_loss: 0.2356  center_loss: 0.2958  dir_class_loss: 0.0000  dir_res_loss: 0.0001  size_class_loss: 0.2356  size_res_loss: 0.3293
2026/06/03 07:49:14 - mmengine - INFO - Epoch(train) [18][ 60/779]  lr: 8.0000e-03  eta: 0:36:43  time: 0.1461  data_time: 0.0136  memory: 4189  grad_norm: 4.4854  loss: 4.5913  vote_loss: 3.0314  objectness_loss: 0.3808  semantic_loss: 0.2585  center_loss: 0.3066  dir_class_loss: 0.0000  dir_res_loss: 0.0000  size_class_loss: 0.2585  size_res_loss: 0.3553
2026/06/03 07:49:18 - mmengine - INFO - Epoch(train) [18][ 90/779]  lr: 8.0000e-03  eta: 0:36:39  time: 0.1469  data_time: 0.0139  memory: 4189  grad_norm: 4.6879  loss: 4.7688  vote_loss: 3.1329  objectness_loss: 0.3743  semantic_loss: 0.2919  center_loss: 0.3155  dir_class_loss: 0.0000  dir_res_loss: 0.0000  size_class_loss: 0.2919  size_res_loss: 0.3623
2026/06/03 07:49:23 - mmengine - INFO - Epoch(train) [18][120/779]  lr: 8.0000e-03  eta: 0:36:34  time: 0.1469  data_time: 0.0139  memory: 4189  grad_norm: 4.9980  loss: 4.7669  vote_loss: 3.1180  objectness_loss: 0.3494  semantic_loss: 0.3080  center_loss: 0.3122  dir_class_loss: 0.0000  dir_res_loss: 0.0000  size_class_loss: 0.3080  size_res_loss: 0.3712
2026/06/03 07:49:27 - mmengine - INFO - Epoch(train) [18][150/779]  lr: 8.0000e-03  eta: 0:36:29  time: 0.1464  data_time: 0.0135  memory: 4189  grad_norm: 5.1664  loss: 4.8489  vote_loss: 3.1431  objectness_loss: 0.3711  semantic_loss: 0.3036  center_loss: 0.3279  dir_class_loss: 0.0000  dir_res_loss: 0.0000  size_class_loss: 0.3036  size_res_loss: 0.3995
2026/06/03 07:49:32 - mmengine - INFO - Epoch(train) [18][180/779]  lr: 8.0000e-03  eta: 0:36:25  time: 0.1450  data_time: 0.0130  memory: 4189  grad_norm: 5.0944  loss: 4.6866  vote_loss: 3.0854  objectness_loss: 0.3594  semantic_loss: 0.2771  center_loss: 0.3140  dir_class_loss: 0.0000  dir_res_loss: 0.0000  size_class_loss: 0.2771  size_res_loss: 0.3735
2026/06/03 07:49:36 - mmengine - INFO - Epoch(train) [18][210/779]  lr: 8.0000e-03  eta: 0:36:20  time: 0.1440  data_time: 0.0129  memory: 4189  grad_norm: 5.1776  loss: 4.5523  vote_loss: 3.0473  objectness_loss: 0.3377  semantic_loss: 0.2597  center_loss: 0.3008  dir_class_loss: 0.0000  dir_res_loss: 0.0000  size_class_loss: 0.2597  size_res_loss: 0.3470
2026/06/03 07:49:40 - mmengine - INFO - Epoch(train) [18][240/779]  lr: 8.0000e-03  eta: 0:36:15  time: 0.1445  data_time: 0.0133  memory: 4189  grad_norm: 5.1434  loss: 4.5404  vote_loss: 2.9825  objectness_loss: 0.3533  semantic_loss: 0.2653  center_loss: 0.2987  dir_class_loss: 0.0000  dir_res_loss: 0.0000  size_class_loss: 0.2653  size_res_loss: 0.3754
2026/06/03 07:49:45 - mmengine - INFO - Epoch(train) [18][270/779]  lr: 8.0000e-03  eta: 0:36:11  time: 0.1448  data_time: 0.0136  memory: 4189  grad_norm: 5.8886  loss: 4.5387  vote_loss: 2.9875  objectness_loss: 0.3588  semantic_loss: 0.2531  center_loss: 0.3047  dir_class_loss: 0.0000  dir_res_loss: 0.0000  size_class_loss: 0.2531  size_res_loss: 0.3815
2026/06/03 07:49:49 - mmengine - INFO - Epoch(train) [18][300/779]  lr: 8.0000e-03  eta: 0:36:06  time: 0.1439  data_time: 0.0130  memory: 4189  grad_norm: 6.0484  loss: 4.5970  vote_loss: 3.0470  objectness_loss: 0.3596  semantic_loss: 0.2663  center_loss: 0.3048  dir_class_loss: 0.0000  dir_res_loss: 0.0000  size_class_loss: 0.2663  size_res_loss: 0.3530
2026/06/03 07:49:53 - mmengine - INFO - Epoch(train) [18][330/779]  lr: 8.0000e-03  eta: 0:36:01  time: 0.1437  data_time: 0.0125  memory: 4189  grad_norm: 5.3109  loss: 4.6904  vote_loss: 3.1205  objectness_loss: 0.3718  semantic_loss: 0.2678  center_loss: 0.3052  dir_class_loss: 0.0000  dir_res_loss: 0.0000  size_class_loss: 0.2678  size_res_loss: 0.3575
2026/06/03 07:49:58 - mmengine - INFO - Epoch(train) [18][360/779]  lr: 8.0000e-03  eta: 0:35:57  time: 0.1433  data_time: 0.0124  memory: 4189  grad_norm: 5.0006  loss: 4.7445  vote_loss: 3.1432  objectness_loss: 0.3600  semantic_loss: 0.2757  center_loss: 0.3095  dir_class_loss: 0.0000  dir_res_loss: 0.0000  size_class_loss: 0.2757  size_res_loss: 0.3804
2026/06/03 07:50:02 - mmengine - INFO - Epoch(train) [18][390/779]  lr: 8.0000e-03  eta: 0:35:52  time: 0.1472  data_time: 0.0162  memory: 4189  grad_norm: 4.5170  loss: 4.6872  vote_loss: 3.0744  objectness_loss: 0.3533  semantic_loss: 0.2869  center_loss: 0.3051  dir_class_loss: 0.0000  dir_res_loss: 0.0000  size_class_loss: 0.2869  size_res_loss: 0.3807
2026/06/03 07:50:06 - mmengine - INFO - Epoch(train) [18][420/779]  lr: 8.0000e-03  eta: 0:35:48  time: 0.1431  data_time: 0.0125  memory: 4189  grad_norm: 5.2644  loss: 4.3696  vote_loss: 2.8632  objectness_loss: 0.3486  semantic_loss: 0.2614  center_loss: 0.3041  dir_class_loss: 0.0000  dir_res_loss: 0.0000  size_class_loss: 0.2614  size_res_loss: 0.3310
2026/06/03 07:50:11 - mmengine - INFO - Epoch(train) [18][450/779]  lr: 8.0000e-03  eta: 0:35:43  time: 0.1432  data_time: 0.0126  memory: 4189  grad_norm: 5.8843  loss: 4.4382  vote_loss: 2.8885  objectness_loss: 0.3485  semantic_loss: 0.2689  center_loss: 0.3230  dir_class_loss: 0.0000  dir_res_loss: 0.0000  size_class_loss: 0.2689  size_res_loss: 0.3404
2026/06/03 07:50:15 - mmengine - INFO - Epoch(train) [18][480/779]  lr: 8.0000e-03  eta: 0:35:38  time: 0.1447  data_time: 0.0126  memory: 4189  grad_norm: 4.7871  loss: 4.4896  vote_loss: 2.9166  objectness_loss: 0.3573  semantic_loss: 0.2763  center_loss: 0.3164  dir_class_loss: 0.0000  dir_res_loss: 0.0000  size_class_loss: 0.2763  size_res_loss: 0.3466
2026/06/03 07:50:19 - mmengine - INFO - Epoch(train) [18][510/779]  lr: 8.0000e-03  eta: 0:35:34  time: 0.1453  data_time: 0.0131  memory: 4189  grad_norm: 4.3943  loss: 4.6430  vote_loss: 3.1361  objectness_loss: 0.3564  semantic_loss: 0.2470  center_loss: 0.3118  dir_class_loss: 0.0000  dir_res_loss: 0.0000  size_class_loss: 0.2470  size_res_loss: 0.3446
2026/06/03 07:50:24 - mmengine - INFO - Epoch(train) [18][540/779]  lr: 8.0000e-03  eta: 0:35:29  time: 0.1448  data_time: 0.0132  memory: 4189  grad_norm: 4.8374  loss: 5.0160  vote_loss: 3.1854  objectness_loss: 0.3758  semantic_loss: 0.3686  center_loss: 0.3138  dir_class_loss: 0.0000  dir_res_loss: 0.0000  size_class_loss: 0.3686  size_res_loss: 0.4037
2026/06/03 07:50:28 - mmengine - INFO - Epoch(train) [18][570/779]  lr: 8.0000e-03  eta: 0:35:25  time: 0.1455  data_time: 0.0137  memory: 4189  grad_norm: 4.8433  loss: 4.7715  vote_loss: 3.0161  objectness_loss: 0.3808  semantic_loss: 0.3329  center_loss: 0.3166  dir_class_loss: 0.0000  dir_res_loss: 0.0000  size_class_loss: 0.3329  size_res_loss: 0.3921
2026/06/03 07:50:32 - mmengine - INFO - Epoch(train) [18][600/779]  lr: 8.0000e-03  eta: 0:35:20  time: 0.1446  data_time: 0.0134  memory: 4189  grad_norm: 4.6343  loss: 4.7549  vote_loss: 3.1047  objectness_loss: 0.3704  semantic_loss: 0.2873  center_loss: 0.3228  dir_class_loss: 0.0000  dir_res_loss: 0.0000  size_class_loss: 0.2873  size_res_loss: 0.3824
2026/06/03 07:50:37 - mmengine - INFO - Epoch(train) [18][630/779]  lr: 8.0000e-03  eta: 0:35:15  time: 0.1449  data_time: 0.0134  memory: 4189  grad_norm: 4.7241  loss: 4.6889  vote_loss: 3.1176  objectness_loss: 0.3610  semantic_loss: 0.2686  center_loss: 0.3187  dir_class_loss: 0.0000  dir_res_loss: 0.0000  size_class_loss: 0.2686  size_res_loss: 0.3543
2026/06/03 07:50:41 - mmengine - INFO - Epoch(train) [18][660/779]  lr: 8.0000e-03  eta: 0:35:11  time: 0.1446  data_time: 0.0137  memory: 4189  grad_norm: 4.7423  loss: 4.6013  vote_loss: 3.0551  objectness_loss: 0.3475  semantic_loss: 0.2708  center_loss: 0.3139  dir_class_loss: 0.0000  dir_res_loss: 0.0000  size_class_loss: 0.2708  size_res_loss: 0.3432
2026/06/03 07:50:46 - mmengine - INFO - Epoch(train) [18][690/779]  lr: 8.0000e-03  eta: 0:35:06  time: 0.1490  data_time: 0.0142  memory: 4189  grad_norm: 4.6722  loss: 4.5134  vote_loss: 3.0129  objectness_loss: 0.3381  semantic_loss: 0.2526  center_loss: 0.3053  dir_class_loss: 0.0000  dir_res_loss: 0.0000  size_class_loss: 0.2526  size_res_loss: 0.3519
2026/06/03 07:50:50 - mmengine - INFO - Epoch(train) [18][720/779]  lr: 8.0000e-03  eta: 0:35:02  time: 0.1535  data_time: 0.0144  memory: 4189  grad_norm: 5.1089  loss: 4.6647  vote_loss: 3.1596  objectness_loss: 0.3395  semantic_loss: 0.2503  center_loss: 0.3104  dir_class_loss: 0.0000  dir_res_loss: 0.0001  size_class_loss: 0.2503  size_res_loss: 0.3546
2026/06/03 07:50:55 - mmengine - INFO - Epoch(train) [18][750/779]  lr: 8.0000e-03  eta: 0:34:57  time: 0.1457  data_time: 0.0137  memory: 4189  grad_norm: 5.0483  loss: 4.6354  vote_loss: 3.0991  objectness_loss: 0.3379  semantic_loss: 0.2616  center_loss: 0.3173  dir_class_loss: 0.0000  dir_res_loss: 0.0001  size_class_loss: 0.2616  size_res_loss: 0.3577
2026/06/03 07:50:56 - mmengine - INFO - Exp name: votenet_8xb8_scannet-3d_20260603_071554
2026/06/03 07:50:59 - mmengine - INFO - Exp name: votenet_8xb8_scannet-3d_20260603_071554
2026/06/03 07:51:04 - mmengine - INFO - Epoch(train) [19][ 30/779]  lr: 8.0000e-03  eta: 0:34:49  time: 0.1553  data_time: 0.0242  memory: 4189  grad_norm: 5.4288  loss: 4.5867  vote_loss: 3.0277  objectness_loss: 0.3477  semantic_loss: 0.2628  center_loss: 0.3134  dir_class_loss: 0.0000  dir_res_loss: 0.0002  size_class_loss: 0.2628  size_res_loss: 0.3721
2026/06/03 07:51:08 - mmengine - INFO - Epoch(train) [19][ 60/779]  lr: 8.0000e-03  eta: 0:34:44  time: 0.1502  data_time: 0.0145  memory: 4189  grad_norm: 4.8945  loss: 4.5146  vote_loss: 2.9878  objectness_loss: 0.3455  semantic_loss: 0.2751  center_loss: 0.2975  dir_class_loss: 0.0000  dir_res_loss: 0.0001  size_class_loss: 0.2751  size_res_loss: 0.3334
2026/06/03 07:51:13 - mmengine - INFO - Epoch(train) [19][ 90/779]  lr: 8.0000e-03  eta: 0:34:40  time: 0.1494  data_time: 0.0142  memory: 4189  grad_norm: 4.7607  loss: 4.5215  vote_loss: 2.9477  objectness_loss: 0.3411  semantic_loss: 0.2951  center_loss: 0.2957  dir_class_loss: 0.0000  dir_res_loss: 0.0001  size_class_loss: 0.2951  size_res_loss: 0.3469
2026/06/03 07:51:17 - mmengine - INFO - Epoch(train) [19][120/779]  lr: 8.0000e-03  eta: 0:34:35  time: 0.1484  data_time: 0.0141  memory: 4189  grad_norm: 4.5487  loss: 4.5394  vote_loss: 3.0061  objectness_loss: 0.3453  semantic_loss: 0.2718  center_loss: 0.2976  dir_class_loss: 0.0000  dir_res_loss: 0.0001  size_class_loss: 0.2718  size_res_loss: 0.3466
2026/06/03 07:51:22 - mmengine - INFO - Epoch(train) [19][150/779]  lr: 8.0000e-03  eta: 0:34:31  time: 0.1469  data_time: 0.0141  memory: 4189  grad_norm: 4.9959  loss: 4.5863  vote_loss: 3.0628  objectness_loss: 0.3422  semantic_loss: 0.2617  center_loss: 0.3033  dir_class_loss: 0.0000  dir_res_loss: 0.0002  size_class_loss: 0.2617  size_res_loss: 0.3545
2026/06/03 07:51:26 - mmengine - INFO - Epoch(train) [19][180/779]  lr: 8.0000e-03  eta: 0:34:26  time: 0.1477  data_time: 0.0141  memory: 4189  grad_norm: 5.1418  loss: 4.7141  vote_loss: 3.1005  objectness_loss: 0.3769  semantic_loss: 0.2758  center_loss: 0.3136  dir_class_loss: 0.0000  dir_res_loss: 0.0002  size_class_loss: 0.2758  size_res_loss: 0.3712
2026/06/03 07:51:30 - mmengine - INFO - Epoch(train) [19][210/779]  lr: 8.0000e-03  eta: 0:34:22  time: 0.1494  data_time: 0.0146  memory: 4189  grad_norm: 5.1761  loss: 4.5295  vote_loss: 3.0368  objectness_loss: 0.3465  semantic_loss: 0.2534  center_loss: 0.3013  dir_class_loss: 0.0000  dir_res_loss: 0.0001  size_class_loss: 0.2534  size_res_loss: 0.3381
2026/06/03 07:51:35 - mmengine - INFO - Epoch(train) [19][240/779]  lr: 8.0000e-03  eta: 0:34:17  time: 0.1508  data_time: 0.0144  memory: 4189  grad_norm: 5.4416  loss: 4.5628  vote_loss: 3.0521  objectness_loss: 0.3438  semantic_loss: 0.2527  center_loss: 0.3103  dir_class_loss: 0.0000  dir_res_loss: 0.0001  size_class_loss: 0.2527  size_res_loss: 0.3511
2026/06/03 07:51:40 - mmengine - INFO - Epoch(train) [19][270/779]  lr: 8.0000e-03  eta: 0:34:13  time: 0.1543  data_time: 0.0147  memory: 4189  grad_norm: 5.3762  loss: 4.7584  vote_loss: 3.1402  objectness_loss: 0.3694  semantic_loss: 0.2771  center_loss: 0.3214  dir_class_loss: 0.0000  dir_res_loss: 0.0001  size_class_loss: 0.2771  size_res_loss: 0.3731
2026/06/03 07:51:44 - mmengine - INFO - Epoch(train) [19][300/779]  lr: 8.0000e-03  eta: 0:34:09  time: 0.1499  data_time: 0.0143  memory: 4189  grad_norm: 5.3994  loss: 4.7125  vote_loss: 3.1157  objectness_loss: 0.3639  semantic_loss: 0.2704  center_loss: 0.3229  dir_class_loss: 0.0000  dir_res_loss: 0.0000  size_class_loss: 0.2704  size_res_loss: 0.3692
2026/06/03 07:51:49 - mmengine - INFO - Epoch(train) [19][330/779]  lr: 8.0000e-03  eta: 0:34:04  time: 0.1496  data_time: 0.0146  memory: 4189  grad_norm: 5.4881  loss: 4.6220  vote_loss: 3.0313  objectness_loss: 0.3477  semantic_loss: 0.2738  center_loss: 0.3353  dir_class_loss: 0.0000  dir_res_loss: 0.0000  size_class_loss: 0.2738  size_res_loss: 0.3600
2026/06/03 07:51:53 - mmengine - INFO - Epoch(train) [19][360/779]  lr: 8.0000e-03  eta: 0:34:00  time: 0.1488  data_time: 0.0145  memory: 4189  grad_norm: 5.3986  loss: 4.6175  vote_loss: 3.0449  objectness_loss: 0.3530  semantic_loss: 0.2756  center_loss: 0.3264  dir_class_loss: 0.0000  dir_res_loss: 0.0000  size_class_loss: 0.2756  size_res_loss: 0.3419
2026/06/03 07:51:57 - mmengine - INFO - Epoch(train) [19][390/779]  lr: 8.0000e-03  eta: 0:33:55  time: 0.1472  data_time: 0.0140  memory: 4189  grad_norm: 4.8242  loss: 4.3981  vote_loss: 2.9235  objectness_loss: 0.3437  semantic_loss: 0.2511  center_loss: 0.3015  dir_class_loss: 0.0000  dir_res_loss: 0.0000  size_class_loss: 0.2511  size_res_loss: 0.3271
2026/06/03 07:52:02 - mmengine - INFO - Epoch(train) [19][420/779]  lr: 8.0000e-03  eta: 0:33:50  time: 0.1483  data_time: 0.0144  memory: 4189  grad_norm: 4.6037  loss: 4.4398  vote_loss: 2.8824  objectness_loss: 0.3506  semantic_loss: 0.2740  center_loss: 0.3090  dir_class_loss: 0.0000  dir_res_loss: 0.0000  size_class_loss: 0.2740  size_res_loss: 0.3498
2026/06/03 07:52:06 - mmengine - INFO - Epoch(train) [19][450/779]  lr: 8.0000e-03  eta: 0:33:46  time: 0.1483  data_time: 0.0147  memory: 4189  grad_norm: 5.2141  loss: 4.4595  vote_loss: 2.8667  objectness_loss: 0.3633  semantic_loss: 0.2728  center_loss: 0.3131  dir_class_loss: 0.0000  dir_res_loss: 0.0000  size_class_loss: 0.2728  size_res_loss: 0.3708
2026/06/03 07:52:11 - mmengine - INFO - Epoch(train) [19][480/779]  lr: 8.0000e-03  eta: 0:33:41  time: 0.1474  data_time: 0.0138  memory: 4189  grad_norm: 4.8216  loss: 4.6337  vote_loss: 3.0197  objectness_loss: 0.3664  semantic_loss: 0.2911  center_loss: 0.3096  dir_class_loss: 0.0000  dir_res_loss: 0.0000  size_class_loss: 0.2911  size_res_loss: 0.3557
2026/06/03 07:52:15 - mmengine - INFO - Epoch(train) [19][510/779]  lr: 8.0000e-03  eta: 0:33:37  time: 0.1455  data_time: 0.0138  memory: 4189  grad_norm: 5.1229  loss: 4.7096  vote_loss: 3.1406  objectness_loss: 0.3431  semantic_loss: 0.2588  center_loss: 0.3159  dir_class_loss: 0.0000  dir_res_loss: 0.0000  size_class_loss: 0.2588  size_res_loss: 0.3923
2026/06/03 07:52:19 - mmengine - INFO - Epoch(train) [19][540/779]  lr: 8.0000e-03  eta: 0:33:32  time: 0.1455  data_time: 0.0138  memory: 4189  grad_norm: 4.6626  loss: 4.4576  vote_loss: 2.9818  objectness_loss: 0.3307  semantic_loss: 0.2385  center_loss: 0.3053  dir_class_loss: 0.0000  dir_res_loss: 0.0000  size_class_loss: 0.2385  size_res_loss: 0.3626
2026/06/03 07:52:24 - mmengine - INFO - Epoch(train) [19][570/779]  lr: 8.0000e-03  eta: 0:33:28  time: 0.1441  data_time: 0.0130  memory: 4189  grad_norm: 4.2767  loss: 4.4762  vote_loss: 2.9779  objectness_loss: 0.3481  semantic_loss: 0.2531  center_loss: 0.2951  dir_class_loss: 0.0000  dir_res_loss: 0.0000  size_class_loss: 0.2531  size_res_loss: 0.3488
2026/06/03 07:52:28 - mmengine - INFO - Epoch(train) [19][600/779]  lr: 8.0000e-03  eta: 0:33:23  time: 0.1440  data_time: 0.0124  memory: 4189  grad_norm: 4.5962  loss: 4.4740  vote_loss: 2.9763  objectness_loss: 0.3343  semantic_loss: 0.2654  center_loss: 0.2888  dir_class_loss: 0.0000  dir_res_loss: 0.0000  size_class_loss: 0.2654  size_res_loss: 0.3438
2026/06/03 07:52:32 - mmengine - INFO - Epoch(train) [19][630/779]  lr: 8.0000e-03  eta: 0:33:18  time: 0.1440  data_time: 0.0126  memory: 4189  grad_norm: 4.8566  loss: 4.4378  vote_loss: 2.9041  objectness_loss: 0.3279  semantic_loss: 0.2756  center_loss: 0.2875  dir_class_loss: 0.0000  dir_res_loss: 0.0000  size_class_loss: 0.2756  size_res_loss: 0.3670
2026/06/03 07:52:37 - mmengine - INFO - Epoch(train) [19][660/779]  lr: 8.0000e-03  eta: 0:33:14  time: 0.1440  data_time: 0.0125  memory: 4189  grad_norm: 4.7696  loss: 4.4125  vote_loss: 2.9552  objectness_loss: 0.3403  semantic_loss: 0.2419  center_loss: 0.2880  dir_class_loss: 0.0000  dir_res_loss: 0.0000  size_class_loss: 0.2419  size_res_loss: 0.3453
2026/06/03 07:52:41 - mmengine - INFO - Epoch(train) [19][690/779]  lr: 8.0000e-03  eta: 0:33:09  time: 0.1442  data_time: 0.0125  memory: 4189  grad_norm: 5.0578  loss: 4.4813  vote_loss: 3.0324  objectness_loss: 0.3533  semantic_loss: 0.2271  center_loss: 0.2905  dir_class_loss: 0.0000  dir_res_loss: 0.0001  size_class_loss: 0.2271  size_res_loss: 0.3509
2026/06/03 07:52:45 - mmengine - INFO - Epoch(train) [19][720/779]  lr: 8.0000e-03  eta: 0:33:05  time: 0.1440  data_time: 0.0127  memory: 4189  grad_norm: 5.0519  loss: 4.4775  vote_loss: 2.9906  objectness_loss: 0.3366  semantic_loss: 0.2419  center_loss: 0.2963  dir_class_loss: 0.0000  dir_res_loss: 0.0001  size_class_loss: 0.2419  size_res_loss: 0.3701
2026/06/03 07:52:50 - mmengine - INFO - Epoch(train) [19][750/779]  lr: 8.0000e-03  eta: 0:33:00  time: 0.1456  data_time: 0.0134  memory: 4189  grad_norm: 5.1173  loss: 4.7042  vote_loss: 3.1254  objectness_loss: 0.3495  semantic_loss: 0.2627  center_loss: 0.3111  dir_class_loss: 0.0000  dir_res_loss: 0.0001  size_class_loss: 0.2627  size_res_loss: 0.3928
2026/06/03 07:52:54 - mmengine - INFO - Exp name: votenet_8xb8_scannet-3d_20260603_071554
2026/06/03 07:52:59 - mmengine - INFO - Epoch(train) [20][ 30/779]  lr: 8.0000e-03  eta: 0:32:52  time: 0.1613  data_time: 0.0232  memory: 4189  grad_norm: 5.1922  loss: 4.6938  vote_loss: 3.0880  objectness_loss: 0.3573  semantic_loss: 0.2774  center_loss: 0.3033  dir_class_loss: 0.0000  dir_res_loss: 0.0004  size_class_loss: 0.2774  size_res_loss: 0.3899
2026/06/03 07:53:04 - mmengine - INFO - Epoch(train) [20][ 60/779]  lr: 8.0000e-03  eta: 0:32:47  time: 0.1507  data_time: 0.0141  memory: 4189  grad_norm: 5.3743  loss: 4.5725  vote_loss: 3.0411  objectness_loss: 0.3543  semantic_loss: 0.2473  center_loss: 0.3085  dir_class_loss: 0.0000  dir_res_loss: 0.0003  size_class_loss: 0.2473  size_res_loss: 0.3737
2026/06/03 07:53:08 - mmengine - INFO - Epoch(train) [20][ 90/779]  lr: 8.0000e-03  eta: 0:32:43  time: 0.1461  data_time: 0.0135  memory: 4189  grad_norm: 4.9043  loss: 4.5800  vote_loss: 3.0619  objectness_loss: 0.3465  semantic_loss: 0.2471  center_loss: 0.3014  dir_class_loss: 0.0000  dir_res_loss: 0.0001  size_class_loss: 0.2471  size_res_loss: 0.3760
2026/06/03 07:53:13 - mmengine - INFO - Epoch(train) [20][120/779]  lr: 8.0000e-03  eta: 0:32:38  time: 0.1518  data_time: 0.0144  memory: 4189  grad_norm: 4.7443  loss: 4.5286  vote_loss: 3.0468  objectness_loss: 0.3417  semantic_loss: 0.2507  center_loss: 0.2956  dir_class_loss: 0.0000  dir_res_loss: 0.0000  size_class_loss: 0.2507  size_res_loss: 0.3431
2026/06/03 07:53:17 - mmengine - INFO - Epoch(train) [20][150/779]  lr: 8.0000e-03  eta: 0:32:34  time: 0.1519  data_time: 0.0146  memory: 4189  grad_norm: 4.9691  loss: 4.5553  vote_loss: 3.0336  objectness_loss: 0.3396  semantic_loss: 0.2622  center_loss: 0.3098  dir_class_loss: 0.0000  dir_res_loss: 0.0000  size_class_loss: 0.2622  size_res_loss: 0.3479
2026/06/03 07:53:22 - mmengine - INFO - Epoch(train) [20][180/779]  lr: 8.0000e-03  eta: 0:32:29  time: 0.1485  data_time: 0.0143  memory: 4189  grad_norm: 5.2517  loss: 4.4833  vote_loss: 2.9641  objectness_loss: 0.3568  semantic_loss: 0.2427  center_loss: 0.3120  dir_class_loss: 0.0000  dir_res_loss: 0.0000  size_class_loss: 0.2427  size_res_loss: 0.3650
2026/06/03 07:53:25 - mmengine - INFO - Exp name: votenet_8xb8_scannet-3d_20260603_071554
2026/06/03 07:53:26 - mmengine - INFO - Epoch(train) [20][210/779]  lr: 8.0000e-03  eta: 0:32:25  time: 0.1537  data_time: 0.0144  memory: 4189  grad_norm: 5.9073  loss: 4.4401  vote_loss: 2.9445  objectness_loss: 0.3566  semantic_loss: 0.2438  center_loss: 0.3058  dir_class_loss: 0.0000  dir_res_loss: 0.0000  size_class_loss: 0.2438  size_res_loss: 0.3458
2026/06/03 07:53:31 - mmengine - INFO - Epoch(train) [20][240/779]  lr: 8.0000e-03  eta: 0:32:20  time: 0.1520  data_time: 0.0136  memory: 4189  grad_norm: 5.8566  loss: 4.5219  vote_loss: 3.0027  objectness_loss: 0.3573  semantic_loss: 0.2528  center_loss: 0.3028  dir_class_loss: 0.0000  dir_res_loss: 0.0000  size_class_loss: 0.2528  size_res_loss: 0.3535
2026/06/03 07:53:35 - mmengine - INFO - Epoch(train) [20][270/779]  lr: 8.0000e-03  eta: 0:32:16  time: 0.1456  data_time: 0.0121  memory: 4189  grad_norm: 4.8360  loss: 4.4427  vote_loss: 2.9651  objectness_loss: 0.3383  semantic_loss: 0.2580  center_loss: 0.2939  dir_class_loss: 0.0000  dir_res_loss: 0.0000  size_class_loss: 0.2580  size_res_loss: 0.3294
2026/06/03 07:53:39 - mmengine - INFO - Epoch(train) [20][300/779]  lr: 8.0000e-03  eta: 0:32:11  time: 0.1429  data_time: 0.0114  memory: 4189  grad_norm: 4.7211  loss: 4.3844  vote_loss: 2.9422  objectness_loss: 0.3317  semantic_loss: 0.2475  center_loss: 0.2870  dir_class_loss: 0.0000  dir_res_loss: 0.0000  size_class_loss: 0.2475  size_res_loss: 0.3285
2026/06/03 07:53:44 - mmengine - INFO - Epoch(train) [20][330/779]  lr: 8.0000e-03  eta: 0:32:07  time: 0.1449  data_time: 0.0123  memory: 4189  grad_norm: 5.0029  loss: 4.3889  vote_loss: 2.8974  objectness_loss: 0.3389  semantic_loss: 0.2538  center_loss: 0.3018  dir_class_loss: 0.0000  dir_res_loss: 0.0000  size_class_loss: 0.2538  size_res_loss: 0.3434
2026/06/03 07:53:48 - mmengine - INFO - Epoch(train) [20][360/779]  lr: 8.0000e-03  eta: 0:32:02  time: 0.1511  data_time: 0.0135  memory: 4189  grad_norm: 4.9401  loss: 4.6189  vote_loss: 3.0014  objectness_loss: 0.3586  semantic_loss: 0.2934  center_loss: 0.3004  dir_class_loss: 0.0000  dir_res_loss: 0.0000  size_class_loss: 0.2934  size_res_loss: 0.3719
2026/06/03 07:53:53 - mmengine - INFO - Epoch(train) [20][390/779]  lr: 8.0000e-03  eta: 0:31:58  time: 0.1472  data_time: 0.0139  memory: 4189  grad_norm: 4.8425  loss: 4.7602  vote_loss: 3.0834  objectness_loss: 0.3791  semantic_loss: 0.3007  center_loss: 0.3096  dir_class_loss: 0.0000  dir_res_loss: 0.0000  size_class_loss: 0.3007  size_res_loss: 0.3868
2026/06/03 07:53:57 - mmengine - INFO - Epoch(train) [20][420/779]  lr: 8.0000e-03  eta: 0:31:53  time: 0.1439  data_time: 0.0136  memory: 4189  grad_norm: 5.3871  loss: 4.5071  vote_loss: 3.0316  objectness_loss: 0.3348  semantic_loss: 0.2471  center_loss: 0.2995  dir_class_loss: 0.0000  dir_res_loss: 0.0000  size_class_loss: 0.2471  size_res_loss: 0.3471
2026/06/03 07:54:01 - mmengine - INFO - Epoch(train) [20][450/779]  lr: 8.0000e-03  eta: 0:31:49  time: 0.1463  data_time: 0.0138  memory: 4189  grad_norm: 5.4040  loss: 4.5539  vote_loss: 3.0313  objectness_loss: 0.3353  semantic_loss: 0.2573  center_loss: 0.3072  dir_class_loss: 0.0000  dir_res_loss: 0.0000  size_class_loss: 0.2573  size_res_loss: 0.3654
2026/06/03 07:54:06 - mmengine - INFO - Epoch(train) [20][480/779]  lr: 8.0000e-03  eta: 0:31:44  time: 0.1445  data_time: 0.0137  memory: 4189  grad_norm: 5.4311  loss: 4.5102  vote_loss: 2.9879  objectness_loss: 0.3430  semantic_loss: 0.2671  center_loss: 0.3011  dir_class_loss: 0.0000  dir_res_loss: 0.0000  size_class_loss: 0.2671  size_res_loss: 0.3441
2026/06/03 07:54:10 - mmengine - INFO - Epoch(train) [20][510/779]  lr: 8.0000e-03  eta: 0:31:39  time: 0.1448  data_time: 0.0137  memory: 4189  grad_norm: 5.4393  loss: 4.3975  vote_loss: 2.9246  objectness_loss: 0.3280  semantic_loss: 0.2603  center_loss: 0.2934  dir_class_loss: 0.0000  dir_res_loss: 0.0000  size_class_loss: 0.2603  size_res_loss: 0.3309
2026/06/03 07:54:15 - mmengine - INFO - Epoch(train) [20][540/779]  lr: 8.0000e-03  eta: 0:31:35  time: 0.1458  data_time: 0.0136  memory: 4189  grad_norm: 6.0626  loss: 4.4551  vote_loss: 2.9730  objectness_loss: 0.3304  semantic_loss: 0.2427  center_loss: 0.3163  dir_class_loss: 0.0000  dir_res_loss: 0.0000  size_class_loss: 0.2427  size_res_loss: 0.3500
2026/06/03 07:54:19 - mmengine - INFO - Epoch(train) [20][570/779]  lr: 8.0000e-03  eta: 0:31:30  time: 0.1472  data_time: 0.0138  memory: 4189  grad_norm: 6.2479  loss: 4.4083  vote_loss: 2.9022  objectness_loss: 0.3385  semantic_loss: 0.2638  center_loss: 0.3175  dir_class_loss: 0.0000  dir_res_loss: 0.0000  size_class_loss: 0.2638  size_res_loss: 0.3224
2026/06/03 07:54:23 - mmengine - INFO - Epoch(train) [20][600/779]  lr: 8.0000e-03  eta: 0:31:26  time: 0.1470  data_time: 0.0140  memory: 4189  grad_norm: 5.7307  loss: 4.5964  vote_loss: 3.0255  objectness_loss: 0.3560  semantic_loss: 0.2696  center_loss: 0.3207  dir_class_loss: 0.0000  dir_res_loss: 0.0000  size_class_loss: 0.2696  size_res_loss: 0.3550
2026/06/03 07:54:28 - mmengine - INFO - Epoch(train) [20][630/779]  lr: 8.0000e-03  eta: 0:31:21  time: 0.1448  data_time: 0.0133  memory: 4189  grad_norm: 5.0858  loss: 4.6405  vote_loss: 3.0859  objectness_loss: 0.3620  semantic_loss: 0.2628  center_loss: 0.3020  dir_class_loss: 0.0000  dir_res_loss: 0.0000  size_class_loss: 0.2628  size_res_loss: 0.3650
2026/06/03 07:54:32 - mmengine - INFO - Epoch(train) [20][660/779]  lr: 8.0000e-03  eta: 0:31:17  time: 0.1442  data_time: 0.0126  memory: 4189  grad_norm: 4.7961  loss: 4.4223  vote_loss: 2.9666  objectness_loss: 0.3299  semantic_loss: 0.2481  center_loss: 0.2885  dir_class_loss: 0.0000  dir_res_loss: 0.0000  size_class_loss: 0.2481  size_res_loss: 0.3410
2026/06/03 07:54:36 - mmengine - INFO - Epoch(train) [20][690/779]  lr: 8.0000e-03  eta: 0:31:12  time: 0.1444  data_time: 0.0127  memory: 4189  grad_norm: 4.6241  loss: 4.3589  vote_loss: 2.9087  objectness_loss: 0.3411  semantic_loss: 0.2386  center_loss: 0.2926  dir_class_loss: 0.0000  dir_res_loss: 0.0000  size_class_loss: 0.2386  size_res_loss: 0.3392
2026/06/03 07:54:41 - mmengine - INFO - Epoch(train) [20][720/779]  lr: 8.0000e-03  eta: 0:31:07  time: 0.1431  data_time: 0.0123  memory: 4189  grad_norm: 4.7746  loss: 4.4360  vote_loss: 2.9435  objectness_loss: 0.3538  semantic_loss: 0.2557  center_loss: 0.2945  dir_class_loss: 0.0000  dir_res_loss: 0.0000  size_class_loss: 0.2557  size_res_loss: 0.3327
2026/06/03 07:54:45 - mmengine - INFO - Epoch(train) [20][750/779]  lr: 8.0000e-03  eta: 0:31:03  time: 0.1433  data_time: 0.0125  memory: 4189  grad_norm: 4.9913  loss: 4.5719  vote_loss: 3.0513  objectness_loss: 0.3601  semantic_loss: 0.2499  center_loss: 0.3032  dir_class_loss: 0.0000  dir_res_loss: 0.0000  size_class_loss: 0.2499  size_res_loss: 0.3576
2026/06/03 07:54:49 - mmengine - INFO - Exp name: votenet_8xb8_scannet-3d_20260603_071554
2026/06/03 07:54:54 - mmengine - INFO - Epoch(train) [21][ 30/779]  lr: 8.0000e-03  eta: 0:30:54  time: 0.1549  data_time: 0.0232  memory: 4189  grad_norm: 5.5639  loss: 4.6082  vote_loss: 3.0806  objectness_loss: 0.3603  semantic_loss: 0.2475  center_loss: 0.3107  dir_class_loss: 0.0000  dir_res_loss: 0.0000  size_class_loss: 0.2475  size_res_loss: 0.3616
2026/06/03 07:54:58 - mmengine - INFO - Epoch(train) [21][ 60/779]  lr: 8.0000e-03  eta: 0:30:50  time: 0.1444  data_time: 0.0132  memory: 4189  grad_norm: 5.2356  loss: 4.5932  vote_loss: 3.0834  objectness_loss: 0.3453  semantic_loss: 0.2605  center_loss: 0.2956  dir_class_loss: 0.0000  dir_res_loss: 0.0001  size_class_loss: 0.2605  size_res_loss: 0.3478
2026/06/03 07:55:03 - mmengine - INFO - Epoch(train) [21][ 90/779]  lr: 8.0000e-03  eta: 0:30:45  time: 0.1446  data_time: 0.0133  memory: 4189  grad_norm: 4.6397  loss: 4.4951  vote_loss: 3.0541  objectness_loss: 0.3221  semantic_loss: 0.2475  center_loss: 0.2937  dir_class_loss: 0.0000  dir_res_loss: 0.0001  size_class_loss: 0.2475  size_res_loss: 0.3302
2026/06/03 07:55:07 - mmengine - INFO - Epoch(train) [21][120/779]  lr: 8.0000e-03  eta: 0:30:40  time: 0.1454  data_time: 0.0137  memory: 4189  grad_norm: 4.8868  loss: 4.5087  vote_loss: 2.9972  objectness_loss: 0.3326  semantic_loss: 0.2597  center_loss: 0.3026  dir_class_loss: 0.0000  dir_res_loss: 0.0001  size_class_loss: 0.2597  size_res_loss: 0.3568
2026/06/03 07:55:11 - mmengine - INFO - Epoch(train) [21][150/779]  lr: 8.0000e-03  eta: 0:30:36  time: 0.1450  data_time: 0.0136  memory: 4189  grad_norm: 5.0650  loss: 4.3562  vote_loss: 2.8698  objectness_loss: 0.3445  semantic_loss: 0.2506  center_loss: 0.2875  dir_class_loss: 0.0000  dir_res_loss: 0.0002  size_class_loss: 0.2506  size_res_loss: 0.3531
2026/06/03 07:55:16 - mmengine - INFO - Epoch(train) [21][180/779]  lr: 8.0000e-03  eta: 0:30:31  time: 0.1449  data_time: 0.0137  memory: 4189  grad_norm: 4.8450  loss: 4.4829  vote_loss: 2.9998  objectness_loss: 0.3467  semantic_loss: 0.2456  center_loss: 0.2918  dir_class_loss: 0.0000  dir_res_loss: 0.0003  size_class_loss: 0.2456  size_res_loss: 0.3531
2026/06/03 07:55:20 - mmengine - INFO - Epoch(train) [21][210/779]  lr: 8.0000e-03  eta: 0:30:27  time: 0.1466  data_time: 0.0137  memory: 4189  grad_norm: 4.6252  loss: 4.4485  vote_loss: 2.9529  objectness_loss: 0.3368  semantic_loss: 0.2554  center_loss: 0.2911  dir_class_loss: 0.0000  dir_res_loss: 0.0002  size_class_loss: 0.2554  size_res_loss: 0.3566
2026/06/03 07:55:25 - mmengine - INFO - Epoch(train) [21][240/779]  lr: 8.0000e-03  eta: 0:30:22  time: 0.1487  data_time: 0.0137  memory: 4189  grad_norm: 4.8009  loss: 4.4797  vote_loss: 3.0049  objectness_loss: 0.3326  semantic_loss: 0.2441  center_loss: 0.2971  dir_class_loss: 0.0000  dir_res_loss: 0.0001  size_class_loss: 0.2441  size_res_loss: 0.3567
2026/06/03 07:55:29 - mmengine - INFO - Epoch(train) [21][270/779]  lr: 8.0000e-03  eta: 0:30:18  time: 0.1468  data_time: 0.0139  memory: 4189  grad_norm: 4.9542  loss: 4.5085  vote_loss: 3.0064  objectness_loss: 0.3461  semantic_loss: 0.2530  center_loss: 0.2998  dir_class_loss: 0.0000  dir_res_loss: 0.0001  size_class_loss: 0.2530  size_res_loss: 0.3502
2026/06/03 07:55:33 - mmengine - INFO - Epoch(train) [21][300/779]  lr: 8.0000e-03  eta: 0:30:13  time: 0.1458  data_time: 0.0138  memory: 4189  grad_norm: 5.6154  loss: 4.5228  vote_loss: 3.0222  objectness_loss: 0.3408  semantic_loss: 0.2526  center_loss: 0.3168  dir_class_loss: 0.0000  dir_res_loss: 0.0000  size_class_loss: 0.2526  size_res_loss: 0.3379
2026/06/03 07:55:38 - mmengine - INFO - Epoch(train) [21][330/779]  lr: 8.0000e-03  eta: 0:30:09  time: 0.1448  data_time: 0.0137  memory: 4189  grad_norm: 5.6975  loss: 4.5322  vote_loss: 3.0017  objectness_loss: 0.3471  semantic_loss: 0.2561  center_loss: 0.3096  dir_class_loss: 0.0000  dir_res_loss: 0.0000  size_class_loss: 0.2561  size_res_loss: 0.3616
2026/06/03 07:55:42 - mmengine - INFO - Epoch(train) [21][360/779]  lr: 8.0000e-03  eta: 0:30:04  time: 0.1478  data_time: 0.0134  memory: 4189  grad_norm: 4.9229  loss: 4.5643  vote_loss: 2.9919  objectness_loss: 0.3369  semantic_loss: 0.2757  center_loss: 0.3008  dir_class_loss: 0.0000  dir_res_loss: 0.0002  size_class_loss: 0.2757  size_res_loss: 0.3832
2026/06/03 07:55:47 - mmengine - INFO - Epoch(train) [21][390/779]  lr: 8.0000e-03  eta: 0:30:00  time: 0.1488  data_time: 0.0133  memory: 4189  grad_norm: 5.0502  loss: 4.2823  vote_loss: 2.8379  objectness_loss: 0.3266  semantic_loss: 0.2461  center_loss: 0.2829  dir_class_loss: 0.0000  dir_res_loss: 0.0004  size_class_loss: 0.2461  size_res_loss: 0.3421
2026/06/03 07:55:51 - mmengine - INFO - Exp name: votenet_8xb8_scannet-3d_20260603_071554
2026/06/03 07:55:51 - mmengine - INFO - Epoch(train) [21][420/779]  lr: 8.0000e-03  eta: 0:29:55  time: 0.1430  data_time: 0.0125  memory: 4189  grad_norm: 5.3241  loss: 4.1025  vote_loss: 2.7577  objectness_loss: 0.3168  semantic_loss: 0.2262  center_loss: 0.2764  dir_class_loss: 0.0000  dir_res_loss: 0.0003  size_class_loss: 0.2262  size_res_loss: 0.2990
2026/06/03 07:55:55 - mmengine - INFO - Epoch(train) [21][450/779]  lr: 8.0000e-03  eta: 0:29:50  time: 0.1443  data_time: 0.0132  memory: 4189  grad_norm: 5.1361  loss: 4.2352  vote_loss: 2.8733  objectness_loss: 0.3071  semantic_loss: 0.2306  center_loss: 0.2823  dir_class_loss: 0.0000  dir_res_loss: 0.0001  size_class_loss: 0.2307  size_res_loss: 0.3110
2026/06/03 07:56:00 - mmengine - INFO - Epoch(train) [21][480/779]  lr: 8.0000e-03  eta: 0:29:46  time: 0.1452  data_time: 0.0137  memory: 4189  grad_norm: 4.9901  loss: 4.4491  vote_loss: 2.9938  objectness_loss: 0.3310  semantic_loss: 0.2417  center_loss: 0.2944  dir_class_loss: 0.0000  dir_res_loss: 0.0001  size_class_loss: 0.2417  size_res_loss: 0.3465
2026/06/03 07:56:04 - mmengine - INFO - Epoch(train) [21][510/779]  lr: 8.0000e-03  eta: 0:29:41  time: 0.1449  data_time: 0.0136  memory: 4189  grad_norm: 4.8563  loss: 4.4854  vote_loss: 2.9712  objectness_loss: 0.3494  semantic_loss: 0.2516  center_loss: 0.3026  dir_class_loss: 0.0000  dir_res_loss: 0.0000  size_class_loss: 0.2516  size_res_loss: 0.3589
2026/06/03 07:56:08 - mmengine - INFO - Epoch(train) [21][540/779]  lr: 8.0000e-03  eta: 0:29:37  time: 0.1457  data_time: 0.0137  memory: 4189  grad_norm: 4.4996  loss: 4.4538  vote_loss: 2.9331  objectness_loss: 0.3442  semantic_loss: 0.2615  center_loss: 0.2962  dir_class_loss: 0.0000  dir_res_loss: 0.0000  size_class_loss: 0.2615  size_res_loss: 0.3573
2026/06/03 07:56:13 - mmengine - INFO - Epoch(train) [21][570/779]  lr: 8.0000e-03  eta: 0:29:32  time: 0.1490  data_time: 0.0142  memory: 4189  grad_norm: 4.5291  loss: 4.3745  vote_loss: 2.8947  objectness_loss: 0.3371  semantic_loss: 0.2467  center_loss: 0.2950  dir_class_loss: 0.0000  dir_res_loss: 0.0000  size_class_loss: 0.2467  size_res_loss: 0.3543
2026/06/03 07:56:17 - mmengine - INFO - Epoch(train) [21][600/779]  lr: 8.0000e-03  eta: 0:29:28  time: 0.1448  data_time: 0.0136  memory: 4189  grad_norm: 4.5537  loss: 4.4056  vote_loss: 2.9542  objectness_loss: 0.3469  semantic_loss: 0.2356  center_loss: 0.2879  dir_class_loss: 0.0000  dir_res_loss: 0.0000  size_class_loss: 0.2356  size_res_loss: 0.3455
2026/06/03 07:56:22 - mmengine - INFO - Epoch(train) [21][630/779]  lr: 8.0000e-03  eta: 0:29:23  time: 0.1446  data_time: 0.0132  memory: 4189  grad_norm: 4.8810  loss: 4.4102  vote_loss: 2.8947  objectness_loss: 0.3388  semantic_loss: 0.2657  center_loss: 0.2963  dir_class_loss: 0.0000  dir_res_loss: 0.0000  size_class_loss: 0.2657  size_res_loss: 0.3490
2026/06/03 07:56:26 - mmengine - INFO - Epoch(train) [21][660/779]  lr: 8.0000e-03  eta: 0:29:19  time: 0.1445  data_time: 0.0129  memory: 4189  grad_norm: 4.9948  loss: 4.5613  vote_loss: 3.0014  objectness_loss: 0.3368  semantic_loss: 0.2885  center_loss: 0.2975  dir_class_loss: 0.0000  dir_res_loss: 0.0000  size_class_loss: 0.2885  size_res_loss: 0.3488
2026/06/03 07:56:30 - mmengine - INFO - Epoch(train) [21][690/779]  lr: 8.0000e-03  eta: 0:29:14  time: 0.1450  data_time: 0.0129  memory: 4189  grad_norm: 5.1676  loss: 4.4984  vote_loss: 3.0041  objectness_loss: 0.3495  semantic_loss: 0.2506  center_loss: 0.2896  dir_class_loss: 0.0000  dir_res_loss: 0.0000  size_class_loss: 0.2506  size_res_loss: 0.3540
2026/06/03 07:56:35 - mmengine - INFO - Epoch(train) [21][720/779]  lr: 8.0000e-03  eta: 0:29:10  time: 0.1446  data_time: 0.0130  memory: 4189  grad_norm: 4.9823  loss: 4.3481  vote_loss: 2.9235  objectness_loss: 0.3478  semantic_loss: 0.2266  center_loss: 0.2843  dir_class_loss: 0.0000  dir_res_loss: 0.0000  size_class_loss: 0.2266  size_res_loss: 0.3393
2026/06/03 07:56:39 - mmengine - INFO - Epoch(train) [21][750/779]  lr: 8.0000e-03  eta: 0:29:05  time: 0.1448  data_time: 0.0135  memory: 4189  grad_norm: 4.7755  loss: 4.4178  vote_loss: 2.9614  objectness_loss: 0.3427  semantic_loss: 0.2454  center_loss: 0.2992  dir_class_loss: 0.0000  dir_res_loss: 0.0000  size_class_loss: 0.2454  size_res_loss: 0.3237
2026/06/03 07:56:43 - mmengine - INFO - Exp name: votenet_8xb8_scannet-3d_20260603_071554
2026/06/03 07:56:48 - mmengine - INFO - Epoch(train) [22][ 30/779]  lr: 8.0000e-03  eta: 0:28:57  time: 0.1602  data_time: 0.0246  memory: 4189  grad_norm: 5.0493  loss: 4.4098  vote_loss: 2.9273  objectness_loss: 0.3436  semantic_loss: 0.2517  center_loss: 0.2968  dir_class_loss: 0.0000  dir_res_loss: 0.0000  size_class_loss: 0.2517  size_res_loss: 0.3387
2026/06/03 07:56:53 - mmengine - INFO - Epoch(train) [22][ 60/779]  lr: 8.0000e-03  eta: 0:28:52  time: 0.1507  data_time: 0.0137  memory: 4189  grad_norm: 4.8283  loss: 4.2469  vote_loss: 2.8495  objectness_loss: 0.3183  semantic_loss: 0.2275  center_loss: 0.2883  dir_class_loss: 0.0000  dir_res_loss: 0.0000  size_class_loss: 0.2275  size_res_loss: 0.3358
2026/06/03 07:56:58 - mmengine - INFO - Epoch(train) [22][ 90/779]  lr: 8.0000e-03  eta: 0:28:48  time: 0.1559  data_time: 0.0144  memory: 4189  grad_norm: 4.8629  loss: 4.1797  vote_loss: 2.8247  objectness_loss: 0.3155  semantic_loss: 0.2175  center_loss: 0.2784  dir_class_loss: 0.0000  dir_res_loss: 0.0000  size_class_loss: 0.2175  size_res_loss: 0.3262
2026/06/03 07:57:02 - mmengine - INFO - Epoch(train) [22][120/779]  lr: 8.0000e-03  eta: 0:28:43  time: 0.1501  data_time: 0.0138  memory: 4189  grad_norm: 4.7407  loss: 4.1188  vote_loss: 2.8016  objectness_loss: 0.3149  semantic_loss: 0.2173  center_loss: 0.2672  dir_class_loss: 0.0000  dir_res_loss: 0.0000  size_class_loss: 0.2173  size_res_loss: 0.3005
2026/06/03 07:57:06 - mmengine - INFO - Epoch(train) [22][150/779]  lr: 8.0000e-03  eta: 0:28:39  time: 0.1458  data_time: 0.0129  memory: 4189  grad_norm: 4.5529  loss: 4.2401  vote_loss: 2.8345  objectness_loss: 0.3369  semantic_loss: 0.2366  center_loss: 0.2784  dir_class_loss: 0.0000  dir_res_loss: 0.0000  size_class_loss: 0.2366  size_res_loss: 0.3169
2026/06/03 07:57:11 - mmengine - INFO - Epoch(train) [22][180/779]  lr: 8.0000e-03  eta: 0:28:34  time: 0.1431  data_time: 0.0132  memory: 4189  grad_norm: 5.3553  loss: 4.3403  vote_loss: 2.8864  objectness_loss: 0.3254  semantic_loss: 0.2497  center_loss: 0.2974  dir_class_loss: 0.0000  dir_res_loss: 0.0000  size_class_loss: 0.2497  size_res_loss: 0.3317
2026/06/03 07:57:15 - mmengine - INFO - Epoch(train) [22][210/779]  lr: 8.0000e-03  eta: 0:28:30  time: 0.1461  data_time: 0.0142  memory: 4189  grad_norm: 5.6509  loss: 4.5423  vote_loss: 3.0597  objectness_loss: 0.3247  semantic_loss: 0.2511  center_loss: 0.3045  dir_class_loss: 0.0000  dir_res_loss: 0.0000  size_class_loss: 0.2511  size_res_loss: 0.3512
2026/06/03 07:57:19 - mmengine - INFO - Epoch(train) [22][240/779]  lr: 8.0000e-03  eta: 0:28:25  time: 0.1474  data_time: 0.0142  memory: 4189  grad_norm: 4.8693  loss: 4.5102  vote_loss: 3.0404  objectness_loss: 0.3310  semantic_loss: 0.2375  center_loss: 0.2991  dir_class_loss: 0.0000  dir_res_loss: 0.0000  size_class_loss: 0.2375  size_res_loss: 0.3647
2026/06/03 07:57:24 - mmengine - INFO - Epoch(train) [22][270/779]  lr: 8.0000e-03  eta: 0:28:21  time: 0.1453  data_time: 0.0138  memory: 4189  grad_norm: 4.5974  loss: 4.2906  vote_loss: 2.8330  objectness_loss: 0.3324  semantic_loss: 0.2443  center_loss: 0.2892  dir_class_loss: 0.0000  dir_res_loss: 0.0000  size_class_loss: 0.2443  size_res_loss: 0.3475
2026/06/03 07:57:28 - mmengine - INFO - Epoch(train) [22][300/779]  lr: 8.0000e-03  eta: 0:28:16  time: 0.1450  data_time: 0.0137  memory: 4189  grad_norm: 4.3130  loss: 4.3217  vote_loss: 2.8736  objectness_loss: 0.3498  semantic_loss: 0.2400  center_loss: 0.2844  dir_class_loss: 0.0000  dir_res_loss: 0.0000  size_class_loss: 0.2400  size_res_loss: 0.3337
2026/06/03 07:57:32 - mmengine - INFO - Epoch(train) [22][330/779]  lr: 8.0000e-03  eta: 0:28:11  time: 0.1449  data_time: 0.0136  memory: 4189  grad_norm: 4.7966  loss: 4.3816  vote_loss: 2.8958  objectness_loss: 0.3463  semantic_loss: 0.2617  center_loss: 0.2838  dir_class_loss: 0.0000  dir_res_loss: 0.0000  size_class_loss: 0.2617  size_res_loss: 0.3324
2026/06/03 07:57:37 - mmengine - INFO - Epoch(train) [22][360/779]  lr: 8.0000e-03  eta: 0:28:07  time: 0.1453  data_time: 0.0136  memory: 4189  grad_norm: 5.2455  loss: 4.7602  vote_loss: 3.1143  objectness_loss: 0.3798  semantic_loss: 0.2871  center_loss: 0.3058  dir_class_loss: 0.0000  dir_res_loss: 0.0000  size_class_loss: 0.2871  size_res_loss: 0.3861
2026/06/03 07:57:41 - mmengine - INFO - Epoch(train) [22][390/779]  lr: 8.0000e-03  eta: 0:28:02  time: 0.1459  data_time: 0.0137  memory: 4189  grad_norm: 4.9826  loss: 4.7806  vote_loss: 3.1443  objectness_loss: 0.3673  semantic_loss: 0.2782  center_loss: 0.3178  dir_class_loss: 0.0000  dir_res_loss: 0.0000  size_class_loss: 0.2782  size_res_loss: 0.3948
2026/06/03 07:57:46 - mmengine - INFO - Epoch(train) [22][420/779]  lr: 8.0000e-03  eta: 0:27:58  time: 0.1453  data_time: 0.0130  memory: 4189  grad_norm: 4.8127  loss: 4.6105  vote_loss: 3.0896  objectness_loss: 0.3411  semantic_loss: 0.2590  center_loss: 0.3051  dir_class_loss: 0.0000  dir_res_loss: 0.0000  size_class_loss: 0.2590  size_res_loss: 0.3566
2026/06/03 07:57:50 - mmengine - INFO - Epoch(train) [22][450/779]  lr: 8.0000e-03  eta: 0:27:53  time: 0.1454  data_time: 0.0132  memory: 4189  grad_norm: 5.2458  loss: 4.6698  vote_loss: 3.1597  objectness_loss: 0.3458  semantic_loss: 0.2486  center_loss: 0.3144  dir_class_loss: 0.0000  dir_res_loss: 0.0000  size_class_loss: 0.2486  size_res_loss: 0.3525
2026/06/03 07:57:55 - mmengine - INFO - Epoch(train) [22][480/779]  lr: 8.0000e-03  eta: 0:27:49  time: 0.1509  data_time: 0.0181  memory: 4189  grad_norm: 5.2053  loss: 4.3255  vote_loss: 2.9494  objectness_loss: 0.3244  semantic_loss: 0.2218  center_loss: 0.2946  dir_class_loss: 0.0000  dir_res_loss: 0.0002  size_class_loss: 0.2218  size_res_loss: 0.3134
2026/06/03 07:57:59 - mmengine - INFO - Epoch(train) [22][510/779]  lr: 8.0000e-03  eta: 0:27:44  time: 0.1460  data_time: 0.0137  memory: 4189  grad_norm: 4.4986  loss: 4.3073  vote_loss: 2.8862  objectness_loss: 0.3141  semantic_loss: 0.2458  center_loss: 0.2771  dir_class_loss: 0.0000  dir_res_loss: 0.0005  size_class_loss: 0.2458  size_res_loss: 0.3377
2026/06/03 07:58:03 - mmengine - INFO - Epoch(train) [22][540/779]  lr: 8.0000e-03  eta: 0:27:40  time: 0.1444  data_time: 0.0134  memory: 4189  grad_norm: 4.4126  loss: 4.2910  vote_loss: 2.8875  objectness_loss: 0.3226  semantic_loss: 0.2288  center_loss: 0.2787  dir_class_loss: 0.0000  dir_res_loss: 0.0004  size_class_loss: 0.2288  size_res_loss: 0.3440
2026/06/03 07:58:08 - mmengine - INFO - Epoch(train) [22][570/779]  lr: 8.0000e-03  eta: 0:27:35  time: 0.1444  data_time: 0.0132  memory: 4189  grad_norm: 4.5362  loss: 4.2988  vote_loss: 2.9252  objectness_loss: 0.3185  semantic_loss: 0.2187  center_loss: 0.2830  dir_class_loss: 0.0000  dir_res_loss: 0.0003  size_class_loss: 0.2187  size_res_loss: 0.3346
2026/06/03 07:58:12 - mmengine - INFO - Epoch(train) [22][600/779]  lr: 8.0000e-03  eta: 0:27:31  time: 0.1449  data_time: 0.0132  memory: 4189  grad_norm: 5.0217  loss: 4.3572  vote_loss: 2.9695  objectness_loss: 0.3201  semantic_loss: 0.2198  center_loss: 0.2901  dir_class_loss: 0.0000  dir_res_loss: 0.0001  size_class_loss: 0.2198  size_res_loss: 0.3377
2026/06/03 07:58:16 - mmengine - INFO - Epoch(train) [22][630/779]  lr: 8.0000e-03  eta: 0:27:26  time: 0.1450  data_time: 0.0133  memory: 4189  grad_norm: 5.3439  loss: 4.2971  vote_loss: 2.8683  objectness_loss: 0.3253  semantic_loss: 0.2388  center_loss: 0.2998  dir_class_loss: 0.0000  dir_res_loss: 0.0001  size_class_loss: 0.2388  size_res_loss: 0.3260
2026/06/03 07:58:18 - mmengine - INFO - Exp name: votenet_8xb8_scannet-3d_20260603_071554
2026/06/03 07:58:21 - mmengine - INFO - Epoch(train) [22][660/779]  lr: 8.0000e-03  eta: 0:27:22  time: 0.1452  data_time: 0.0132  memory: 4189  grad_norm: 4.8665  loss: 4.2626  vote_loss: 2.8843  objectness_loss: 0.3246  semantic_loss: 0.2259  center_loss: 0.2828  dir_class_loss: 0.0000  dir_res_loss: 0.0000  size_class_loss: 0.2259  size_res_loss: 0.3191
2026/06/03 07:58:25 - mmengine - INFO - Epoch(train) [22][690/779]  lr: 8.0000e-03  eta: 0:27:17  time: 0.1452  data_time: 0.0134  memory: 4189  grad_norm: 4.9496  loss: 4.3113  vote_loss: 2.8838  objectness_loss: 0.3256  semantic_loss: 0.2353  center_loss: 0.2882  dir_class_loss: 0.0000  dir_res_loss: 0.0000  size_class_loss: 0.2353  size_res_loss: 0.3430
2026/06/03 07:58:29 - mmengine - INFO - Epoch(train) [22][720/779]  lr: 8.0000e-03  eta: 0:27:12  time: 0.1444  data_time: 0.0127  memory: 4189  grad_norm: 4.8464  loss: 4.1481  vote_loss: 2.8026  objectness_loss: 0.3128  semantic_loss: 0.2179  center_loss: 0.2766  dir_class_loss: 0.0000  dir_res_loss: 0.0000  size_class_loss: 0.2179  size_res_loss: 0.3202
2026/06/03 07:58:34 - mmengine - INFO - Epoch(train) [22][750/779]  lr: 8.0000e-03  eta: 0:27:08  time: 0.1456  data_time: 0.0130  memory: 4189  grad_norm: 4.4027  loss: 4.1880  vote_loss: 2.8193  objectness_loss: 0.3160  semantic_loss: 0.2290  center_loss: 0.2769  dir_class_loss: 0.0000  dir_res_loss: 0.0000  size_class_loss: 0.2290  size_res_loss: 0.3177
2026/06/03 07:58:38 - mmengine - INFO - Exp name: votenet_8xb8_scannet-3d_20260603_071554
2026/06/03 07:58:43 - mmengine - INFO - Epoch(train) [23][ 30/779]  lr: 8.0000e-03  eta: 0:26:59  time: 0.1539  data_time: 0.0206  memory: 4189  grad_norm: 5.1605  loss: 4.4450  vote_loss: 3.0223  objectness_loss: 0.3244  semantic_loss: 0.2212  center_loss: 0.2932  dir_class_loss: 0.0000  dir_res_loss: 0.0000  size_class_loss: 0.2212  size_res_loss: 0.3627
2026/06/03 07:58:47 - mmengine - INFO - Epoch(train) [23][ 60/779]  lr: 8.0000e-03  eta: 0:26:55  time: 0.1455  data_time: 0.0141  memory: 4189  grad_norm: 4.9254  loss: 4.1897  vote_loss: 2.8706  objectness_loss: 0.3051  semantic_loss: 0.2002  center_loss: 0.2809  dir_class_loss: 0.0000  dir_res_loss: 0.0000  size_class_loss: 0.2002  size_res_loss: 0.3328
2026/06/03 07:58:52 - mmengine - INFO - Epoch(train) [23][ 90/779]  lr: 8.0000e-03  eta: 0:26:50  time: 0.1474  data_time: 0.0141  memory: 4189  grad_norm: 4.7352  loss: 4.1923  vote_loss: 2.8616  objectness_loss: 0.3045  semantic_loss: 0.2226  center_loss: 0.2729  dir_class_loss: 0.0000  dir_res_loss: 0.0000  size_class_loss: 0.2226  size_res_loss: 0.3081
2026/06/03 07:58:56 - mmengine - INFO - Epoch(train) [23][120/779]  lr: 8.0000e-03  eta: 0:26:46  time: 0.1450  data_time: 0.0138  memory: 4189  grad_norm: 5.1127  loss: 4.3807  vote_loss: 2.9443  objectness_loss: 0.3316  semantic_loss: 0.2491  center_loss: 0.2847  dir_class_loss: 0.0000  dir_res_loss: 0.0000  size_class_loss: 0.2491  size_res_loss: 0.3220
2026/06/03 07:59:00 - mmengine - INFO - Epoch(train) [23][150/779]  lr: 8.0000e-03  eta: 0:26:41  time: 0.1460  data_time: 0.0137  memory: 4189  grad_norm: 5.0261  loss: 4.2554  vote_loss: 2.8866  objectness_loss: 0.3252  semantic_loss: 0.2225  center_loss: 0.2785  dir_class_loss: 0.0000  dir_res_loss: 0.0000  size_class_loss: 0.2225  size_res_loss: 0.3201
2026/06/03 07:59:05 - mmengine - INFO - Epoch(train) [23][180/779]  lr: 8.0000e-03  eta: 0:26:37  time: 0.1456  data_time: 0.0138  memory: 4189  grad_norm: 4.3625  loss: 4.1430  vote_loss: 2.8020  objectness_loss: 0.3078  semantic_loss: 0.2175  center_loss: 0.2787  dir_class_loss: 0.0000  dir_res_loss: 0.0000  size_class_loss: 0.2175  size_res_loss: 0.3196
2026/06/03 07:59:09 - mmengine - INFO - Epoch(train) [23][210/779]  lr: 8.0000e-03  eta: 0:26:32  time: 0.1452  data_time: 0.0137  memory: 4189  grad_norm: 4.5805  loss: 4.2200  vote_loss: 2.8303  objectness_loss: 0.3124  semantic_loss: 0.2230  center_loss: 0.2910  dir_class_loss: 0.0000  dir_res_loss: 0.0000  size_class_loss: 0.2230  size_res_loss: 0.3403
2026/06/03 07:59:13 - mmengine - INFO - Epoch(train) [23][240/779]  lr: 8.0000e-03  eta: 0:26:28  time: 0.1459  data_time: 0.0138  memory: 4189  grad_norm: 5.5575  loss: 4.3794  vote_loss: 2.9174  objectness_loss: 0.3331  semantic_loss: 0.2355  center_loss: 0.3063  dir_class_loss: 0.0000  dir_res_loss: 0.0000  size_class_loss: 0.2355  size_res_loss: 0.3516
2026/06/03 07:59:18 - mmengine - INFO - Epoch(train) [23][270/779]  lr: 8.0000e-03  eta: 0:26:23  time: 0.1459  data_time: 0.0138  memory: 4189  grad_norm: 5.8271  loss: 4.3413  vote_loss: 2.8951  objectness_loss: 0.3297  semantic_loss: 0.2305  center_loss: 0.3126  dir_class_loss: 0.0000  dir_res_loss: 0.0000  size_class_loss: 0.2305  size_res_loss: 0.3430
2026/06/03 07:59:22 - mmengine - INFO - Epoch(train) [23][300/779]  lr: 8.0000e-03  eta: 0:26:19  time: 0.1458  data_time: 0.0138  memory: 4189  grad_norm: 5.6673  loss: 4.3474  vote_loss: 2.9221  objectness_loss: 0.3281  semantic_loss: 0.2276  center_loss: 0.2994  dir_class_loss: 0.0000  dir_res_loss: 0.0000  size_class_loss: 0.2276  size_res_loss: 0.3425
2026/06/03 07:59:27 - mmengine - INFO - Epoch(train) [23][330/779]  lr: 8.0000e-03  eta: 0:26:14  time: 0.1470  data_time: 0.0139  memory: 4189  grad_norm: 5.6268  loss: 4.4760  vote_loss: 2.9839  objectness_loss: 0.3265  semantic_loss: 0.2443  center_loss: 0.3111  dir_class_loss: 0.0000  dir_res_loss: 0.0000  size_class_loss: 0.2443  size_res_loss: 0.3659
2026/06/03 07:59:31 - mmengine - INFO - Epoch(train) [23][360/779]  lr: 8.0000e-03  eta: 0:26:10  time: 0.1515  data_time: 0.0146  memory: 4189  grad_norm: 5.1619  loss: 4.5542  vote_loss: 3.0212  objectness_loss: 0.3510  semantic_loss: 0.2424  center_loss: 0.3124  dir_class_loss: 0.0000  dir_res_loss: 0.0000  size_class_loss: 0.2424  size_res_loss: 0.3848
2026/06/03 07:59:36 - mmengine - INFO - Epoch(train) [23][390/779]  lr: 8.0000e-03  eta: 0:26:05  time: 0.1546  data_time: 0.0150  memory: 4189  grad_norm: 4.6724  loss: 4.4626  vote_loss: 2.9648  objectness_loss: 0.3551  semantic_loss: 0.2462  center_loss: 0.2946  dir_class_loss: 0.0000  dir_res_loss: 0.0000  size_class_loss: 0.2462  size_res_loss: 0.3555
2026/06/03 07:59:40 - mmengine - INFO - Epoch(train) [23][420/779]  lr: 8.0000e-03  eta: 0:26:01  time: 0.1525  data_time: 0.0148  memory: 4189  grad_norm: 4.7836  loss: 4.3739  vote_loss: 2.8995  objectness_loss: 0.3475  semantic_loss: 0.2474  center_loss: 0.2970  dir_class_loss: 0.0000  dir_res_loss: 0.0000  size_class_loss: 0.2474  size_res_loss: 0.3349
2026/06/03 07:59:45 - mmengine - INFO - Epoch(train) [23][450/779]  lr: 8.0000e-03  eta: 0:25:56  time: 0.1452  data_time: 0.0136  memory: 4189  grad_norm: 4.9675  loss: 4.4849  vote_loss: 3.0070  objectness_loss: 0.3520  semantic_loss: 0.2460  center_loss: 0.2877  dir_class_loss: 0.0000  dir_res_loss: 0.0000  size_class_loss: 0.2460  size_res_loss: 0.3463
2026/06/03 07:59:49 - mmengine - INFO - Epoch(train) [23][480/779]  lr: 8.0000e-03  eta: 0:25:52  time: 0.1444  data_time: 0.0130  memory: 4189  grad_norm: 5.3407  loss: 4.4564  vote_loss: 3.0028  objectness_loss: 0.3404  semantic_loss: 0.2417  center_loss: 0.2964  dir_class_loss: 0.0000  dir_res_loss: 0.0000  size_class_loss: 0.2417  size_res_loss: 0.3333
2026/06/03 07:59:53 - mmengine - INFO - Epoch(train) [23][510/779]  lr: 8.0000e-03  eta: 0:25:47  time: 0.1446  data_time: 0.0126  memory: 4189  grad_norm: 5.4967  loss: 4.5284  vote_loss: 3.0143  objectness_loss: 0.3532  semantic_loss: 0.2511  center_loss: 0.3029  dir_class_loss: 0.0000  dir_res_loss: 0.0000  size_class_loss: 0.2511  size_res_loss: 0.3558
2026/06/03 07:59:58 - mmengine - INFO - Epoch(train) [23][540/779]  lr: 8.0000e-03  eta: 0:25:43  time: 0.1443  data_time: 0.0126  memory: 4189  grad_norm: 4.9992  loss: 4.2766  vote_loss: 2.8629  objectness_loss: 0.3431  semantic_loss: 0.2247  center_loss: 0.2862  dir_class_loss: 0.0000  dir_res_loss: 0.0000  size_class_loss: 0.2247  size_res_loss: 0.3351
2026/06/03 08:00:02 - mmengine - INFO - Epoch(train) [23][570/779]  lr: 8.0000e-03  eta: 0:25:38  time: 0.1439  data_time: 0.0131  memory: 4189  grad_norm: 5.3461  loss: 4.2193  vote_loss: 2.8557  objectness_loss: 0.3190  semantic_loss: 0.2176  center_loss: 0.2847  dir_class_loss: 0.0000  dir_res_loss: 0.0000  size_class_loss: 0.2176  size_res_loss: 0.3247
2026/06/03 08:00:06 - mmengine - INFO - Epoch(train) [23][600/779]  lr: 8.0000e-03  eta: 0:25:34  time: 0.1445  data_time: 0.0133  memory: 4189  grad_norm: 5.5855  loss: 4.2994  vote_loss: 2.9402  objectness_loss: 0.3138  semantic_loss: 0.2116  center_loss: 0.2971  dir_class_loss: 0.0000  dir_res_loss: 0.0000  size_class_loss: 0.2116  size_res_loss: 0.3251
2026/06/03 08:00:11 - mmengine - INFO - Epoch(train) [23][630/779]  lr: 8.0000e-03  eta: 0:25:29  time: 0.1444  data_time: 0.0131  memory: 4189  grad_norm: 5.5925  loss: 4.3725  vote_loss: 2.9632  objectness_loss: 0.3234  semantic_loss: 0.2210  center_loss: 0.2999  dir_class_loss: 0.0000  dir_res_loss: 0.0001  size_class_loss: 0.2210  size_res_loss: 0.3439
2026/06/03 08:00:15 - mmengine - INFO - Epoch(train) [23][660/779]  lr: 8.0000e-03  eta: 0:25:25  time: 0.1448  data_time: 0.0136  memory: 4189  grad_norm: 5.0407  loss: 4.4910  vote_loss: 3.0752  objectness_loss: 0.3372  semantic_loss: 0.2236  center_loss: 0.2893  dir_class_loss: 0.0000  dir_res_loss: 0.0001  size_class_loss: 0.2236  size_res_loss: 0.3420
2026/06/03 08:00:19 - mmengine - INFO - Epoch(train) [23][690/779]  lr: 8.0000e-03  eta: 0:25:20  time: 0.1450  data_time: 0.0138  memory: 4189  grad_norm: 4.9778  loss: 4.3981  vote_loss: 2.9970  objectness_loss: 0.3338  semantic_loss: 0.2271  center_loss: 0.2878  dir_class_loss: 0.0000  dir_res_loss: 0.0001  size_class_loss: 0.2271  size_res_loss: 0.3252
2026/06/03 08:00:24 - mmengine - INFO - Epoch(train) [23][720/779]  lr: 8.0000e-03  eta: 0:25:16  time: 0.1443  data_time: 0.0136  memory: 4189  grad_norm: 4.9037  loss: 4.2584  vote_loss: 2.8191  objectness_loss: 0.3277  semantic_loss: 0.2458  center_loss: 0.3013  dir_class_loss: 0.0000  dir_res_loss: 0.0002  size_class_loss: 0.2458  size_res_loss: 0.3185
2026/06/03 08:00:28 - mmengine - INFO - Epoch(train) [23][750/779]  lr: 8.0000e-03  eta: 0:25:11  time: 0.1464  data_time: 0.0138  memory: 4189  grad_norm: 4.2366  loss: 4.2882  vote_loss: 2.8332  objectness_loss: 0.3264  semantic_loss: 0.2485  center_loss: 0.2817  dir_class_loss: 0.0000  dir_res_loss: 0.0002  size_class_loss: 0.2485  size_res_loss: 0.3498
2026/06/03 08:00:32 - mmengine - INFO - Exp name: votenet_8xb8_scannet-3d_20260603_071554
2026/06/03 08:00:37 - mmengine - INFO - Epoch(train) [24][ 30/779]  lr: 8.0000e-03  eta: 0:25:02  time: 0.1537  data_time: 0.0226  memory: 4189  grad_norm: 4.5803  loss: 4.4424  vote_loss: 3.0127  objectness_loss: 0.3389  semantic_loss: 0.2311  center_loss: 0.2892  dir_class_loss: 0.0000  dir_res_loss: 0.0001  size_class_loss: 0.2311  size_res_loss: 0.3392
2026/06/03 08:00:42 - mmengine - INFO - Epoch(train) [24][ 60/779]  lr: 8.0000e-03  eta: 0:24:58  time: 0.1503  data_time: 0.0145  memory: 4189  grad_norm: 4.8122  loss: 4.2841  vote_loss: 2.9153  objectness_loss: 0.3307  semantic_loss: 0.2133  center_loss: 0.2794  dir_class_loss: 0.0000  dir_res_loss: 0.0003  size_class_loss: 0.2133  size_res_loss: 0.3317
2026/06/03 08:00:45 - mmengine - INFO - Exp name: votenet_8xb8_scannet-3d_20260603_071554
2026/06/03 08:00:46 - mmengine - INFO - Epoch(train) [24][ 90/779]  lr: 8.0000e-03  eta: 0:24:54  time: 0.1490  data_time: 0.0143  memory: 4189  grad_norm: 5.0068  loss: 4.1870  vote_loss: 2.7966  objectness_loss: 0.3323  semantic_loss: 0.2233  center_loss: 0.2851  dir_class_loss: 0.0000  dir_res_loss: 0.0003  size_class_loss: 0.2233  size_res_loss: 0.3262
2026/06/03 08:00:51 - mmengine - INFO - Epoch(train) [24][120/779]  lr: 8.0000e-03  eta: 0:24:49  time: 0.1513  data_time: 0.0142  memory: 4189  grad_norm: 5.1603  loss: 4.2071  vote_loss: 2.8062  objectness_loss: 0.3227  semantic_loss: 0.2263  center_loss: 0.2970  dir_class_loss: 0.0000  dir_res_loss: 0.0002  size_class_loss: 0.2263  size_res_loss: 0.3285
2026/06/03 08:00:55 - mmengine - INFO - Epoch(train) [24][150/779]  lr: 8.0000e-03  eta: 0:24:45  time: 0.1553  data_time: 0.0147  memory: 4189  grad_norm: 5.3752  loss: 4.0987  vote_loss: 2.7291  objectness_loss: 0.3106  semantic_loss: 0.2175  center_loss: 0.3062  dir_class_loss: 0.0000  dir_res_loss: 0.0004  size_class_loss: 0.2175  size_res_loss: 0.3175
2026/06/03 08:01:00 - mmengine - INFO - Epoch(train) [24][180/779]  lr: 8.0000e-03  eta: 0:24:40  time: 0.1472  data_time: 0.0142  memory: 4189  grad_norm: 5.3402  loss: 4.1036  vote_loss: 2.7349  objectness_loss: 0.3255  semantic_loss: 0.2234  center_loss: 0.2814  dir_class_loss: 0.0000  dir_res_loss: 0.0004  size_class_loss: 0.2234  size_res_loss: 0.3146
2026/06/03 08:01:04 - mmengine - INFO - Epoch(train) [24][210/779]  lr: 8.0000e-03  eta: 0:24:36  time: 0.1505  data_time: 0.0143  memory: 4189  grad_norm: 5.2055  loss: 4.4164  vote_loss: 2.9219  objectness_loss: 0.3526  semantic_loss: 0.2529  center_loss: 0.2945  dir_class_loss: 0.0000  dir_res_loss: 0.0001  size_class_loss: 0.2529  size_res_loss: 0.3414
2026/06/03 08:01:09 - mmengine - INFO - Epoch(train) [24][240/779]  lr: 8.0000e-03  eta: 0:24:32  time: 0.1566  data_time: 0.0152  memory: 4189  grad_norm: 5.0194  loss: 4.3765  vote_loss: 2.9564  objectness_loss: 0.3188  semantic_loss: 0.2363  center_loss: 0.2885  dir_class_loss: 0.0000  dir_res_loss: 0.0001  size_class_loss: 0.2363  size_res_loss: 0.3400
2026/06/03 08:01:14 - mmengine - INFO - Epoch(train) [24][270/779]  lr: 8.0000e-03  eta: 0:24:27  time: 0.1547  data_time: 0.0150  memory: 4189  grad_norm: 4.8156  loss: 4.3179  vote_loss: 2.9557  objectness_loss: 0.3221  semantic_loss: 0.2114  center_loss: 0.2823  dir_class_loss: 0.0000  dir_res_loss: 0.0000  size_class_loss: 0.2114  size_res_loss: 0.3350
2026/06/03 08:01:18 - mmengine - INFO - Epoch(train) [24][300/779]  lr: 8.0000e-03  eta: 0:24:23  time: 0.1538  data_time: 0.0147  memory: 4189  grad_norm: 4.9539  loss: 4.2930  vote_loss: 2.9058  objectness_loss: 0.3223  semantic_loss: 0.2171  center_loss: 0.2822  dir_class_loss: 0.0000  dir_res_loss: 0.0000  size_class_loss: 0.2171  size_res_loss: 0.3485
2026/06/03 08:01:23 - mmengine - INFO - Epoch(train) [24][330/779]  lr: 8.0000e-03  eta: 0:24:18  time: 0.1477  data_time: 0.0133  memory: 4189  grad_norm: 5.0650  loss: 4.1694  vote_loss: 2.8113  objectness_loss: 0.3174  semantic_loss: 0.2134  center_loss: 0.2765  dir_class_loss: 0.0000  dir_res_loss: 0.0000  size_class_loss: 0.2134  size_res_loss: 0.3374
2026/06/03 08:01:27 - mmengine - INFO - Epoch(train) [24][360/779]  lr: 8.0000e-03  eta: 0:24:14  time: 0.1490  data_time: 0.0134  memory: 4189  grad_norm: 5.6858  loss: 4.1222  vote_loss: 2.7916  objectness_loss: 0.3189  semantic_loss: 0.2015  center_loss: 0.2807  dir_class_loss: 0.0000  dir_res_loss: 0.0000  size_class_loss: 0.2015  size_res_loss: 0.3280
2026/06/03 08:01:32 - mmengine - INFO - Epoch(train) [24][390/779]  lr: 8.0000e-03  eta: 0:24:09  time: 0.1541  data_time: 0.0143  memory: 4189  grad_norm: 5.2830  loss: 4.3956  vote_loss: 2.9016  objectness_loss: 0.3413  semantic_loss: 0.2533  center_loss: 0.2832  dir_class_loss: 0.0000  dir_res_loss: 0.0000  size_class_loss: 0.2533  size_res_loss: 0.3629
2026/06/03 08:01:36 - mmengine - INFO - Epoch(train) [24][420/779]  lr: 8.0000e-03  eta: 0:24:05  time: 0.1486  data_time: 0.0141  memory: 4189  grad_norm: 5.1717  loss: 4.4062  vote_loss: 2.8941  objectness_loss: 0.3379  semantic_loss: 0.2619  center_loss: 0.2901  dir_class_loss: 0.0000  dir_res_loss: 0.0000  size_class_loss: 0.2619  size_res_loss: 0.3603
2026/06/03 08:01:41 - mmengine - INFO - Epoch(train) [24][450/779]  lr: 8.0000e-03  eta: 0:24:00  time: 0.1446  data_time: 0.0138  memory: 4189  grad_norm: 4.9127  loss: 4.2607  vote_loss: 2.8940  objectness_loss: 0.3137  semantic_loss: 0.2200  center_loss: 0.2815  dir_class_loss: 0.0000  dir_res_loss: 0.0000  size_class_loss: 0.2200  size_res_loss: 0.3315
2026/06/03 08:01:45 - mmengine - INFO - Epoch(train) [24][480/779]  lr: 8.0000e-03  eta: 0:23:56  time: 0.1478  data_time: 0.0142  memory: 4189  grad_norm: 5.1107  loss: 4.4008  vote_loss: 2.9882  objectness_loss: 0.3224  semantic_loss: 0.2163  center_loss: 0.2942  dir_class_loss: 0.0000  dir_res_loss: 0.0000  size_class_loss: 0.2163  size_res_loss: 0.3634
2026/06/03 08:01:49 - mmengine - INFO - Epoch(train) [24][510/779]  lr: 8.0000e-03  eta: 0:23:51  time: 0.1468  data_time: 0.0138  memory: 4189  grad_norm: 5.0788  loss: 4.3381  vote_loss: 2.9561  objectness_loss: 0.3361  semantic_loss: 0.2135  center_loss: 0.2937  dir_class_loss: 0.0000  dir_res_loss: 0.0000  size_class_loss: 0.2135  size_res_loss: 0.3252
2026/06/03 08:01:54 - mmengine - INFO - Epoch(train) [24][540/779]  lr: 8.0000e-03  eta: 0:23:47  time: 0.1504  data_time: 0.0135  memory: 4189  grad_norm: 5.0060  loss: 4.2738  vote_loss: 2.8811  objectness_loss: 0.3154  semantic_loss: 0.2346  center_loss: 0.2802  dir_class_loss: 0.0000  dir_res_loss: 0.0000  size_class_loss: 0.2346  size_res_loss: 0.3279
2026/06/03 08:01:58 - mmengine - INFO - Epoch(train) [24][570/779]  lr: 8.0000e-03  eta: 0:23:42  time: 0.1502  data_time: 0.0136  memory: 4189  grad_norm: 4.8494  loss: 4.4393  vote_loss: 2.9823  objectness_loss: 0.3188  semantic_loss: 0.2427  center_loss: 0.2886  dir_class_loss: 0.0000  dir_res_loss: 0.0000  size_class_loss: 0.2427  size_res_loss: 0.3640
2026/06/03 08:02:03 - mmengine - INFO - Epoch(train) [24][600/779]  lr: 8.0000e-03  eta: 0:23:38  time: 0.1448  data_time: 0.0129  memory: 4189  grad_norm: 4.9786  loss: 4.3003  vote_loss: 2.8935  objectness_loss: 0.3178  semantic_loss: 0.2443  center_loss: 0.2729  dir_class_loss: 0.0000  dir_res_loss: 0.0000  size_class_loss: 0.2443  size_res_loss: 0.3276
2026/06/03 08:02:07 - mmengine - INFO - Epoch(train) [24][630/779]  lr: 8.0000e-03  eta: 0:23:33  time: 0.1446  data_time: 0.0127  memory: 4189  grad_norm: 5.1985  loss: 4.2112  vote_loss: 2.8511  objectness_loss: 0.3163  semantic_loss: 0.2329  center_loss: 0.2657  dir_class_loss: 0.0000  dir_res_loss: 0.0000  size_class_loss: 0.2329  size_res_loss: 0.3124
2026/06/03 08:02:11 - mmengine - INFO - Epoch(train) [24][660/779]  lr: 8.0000e-03  eta: 0:23:29  time: 0.1450  data_time: 0.0128  memory: 4189  grad_norm: 5.0072  loss: 4.2923  vote_loss: 2.8791  objectness_loss: 0.3304  semantic_loss: 0.2432  center_loss: 0.2781  dir_class_loss: 0.0000  dir_res_loss: 0.0000  size_class_loss: 0.2432  size_res_loss: 0.3183
2026/06/03 08:02:16 - mmengine - INFO - Epoch(train) [24][690/779]  lr: 8.0000e-03  eta: 0:23:24  time: 0.1446  data_time: 0.0127  memory: 4189  grad_norm: 4.7979  loss: 4.2901  vote_loss: 2.9264  objectness_loss: 0.3227  semantic_loss: 0.2211  center_loss: 0.2797  dir_class_loss: 0.0000  dir_res_loss: 0.0000  size_class_loss: 0.2211  size_res_loss: 0.3192
2026/06/03 08:02:20 - mmengine - INFO - Epoch(train) [24][720/779]  lr: 8.0000e-03  eta: 0:23:20  time: 0.1451  data_time: 0.0132  memory: 4189  grad_norm: 4.8428  loss: 4.3348  vote_loss: 2.9299  objectness_loss: 0.3297  semantic_loss: 0.2292  center_loss: 0.2868  dir_class_loss: 0.0000  dir_res_loss: 0.0000  size_class_loss: 0.2292  size_res_loss: 0.3299
2026/06/03 08:02:25 - mmengine - INFO - Epoch(train) [24][750/779]  lr: 8.0000e-03  eta: 0:23:15  time: 0.1506  data_time: 0.0146  memory: 4189  grad_norm: 4.7459  loss: 4.4167  vote_loss: 3.0155  objectness_loss: 0.3319  semantic_loss: 0.2244  center_loss: 0.2819  dir_class_loss: 0.0000  dir_res_loss: 0.0000  size_class_loss: 0.2244  size_res_loss: 0.3387
2026/06/03 08:02:29 - mmengine - INFO - Exp name: votenet_8xb8_scannet-3d_20260603_071554
2026/06/03 08:02:34 - mmengine - INFO - Epoch(train) [25][ 30/779]  lr: 8.0000e-04  eta: 0:23:07  time: 0.1521  data_time: 0.0216  memory: 4189  grad_norm: 4.4265  loss: 4.3488  vote_loss: 2.9123  objectness_loss: 0.3341  semantic_loss: 0.2432  center_loss: 0.2711  dir_class_loss: 0.0000  dir_res_loss: 0.0000  size_class_loss: 0.2432  size_res_loss: 0.3448
2026/06/03 08:02:38 - mmengine - INFO - Epoch(train) [25][ 60/779]  lr: 8.0000e-04  eta: 0:23:02  time: 0.1447  data_time: 0.0136  memory: 4189  grad_norm: 3.8449  loss: 3.9282  vote_loss: 2.7187  objectness_loss: 0.2981  semantic_loss: 0.1908  center_loss: 0.2513  dir_class_loss: 0.0000  dir_res_loss: 0.0000  size_class_loss: 0.1908  size_res_loss: 0.2784
2026/06/03 08:02:42 - mmengine - INFO - Epoch(train) [25][ 90/779]  lr: 8.0000e-04  eta: 0:22:58  time: 0.1444  data_time: 0.0131  memory: 4189  grad_norm: 3.7703  loss: 3.8446  vote_loss: 2.6951  objectness_loss: 0.2777  semantic_loss: 0.1805  center_loss: 0.2459  dir_class_loss: 0.0000  dir_res_loss: 0.0000  size_class_loss: 0.1805  size_res_loss: 0.2648
2026/06/03 08:02:47 - mmengine - INFO - Epoch(train) [25][120/779]  lr: 8.0000e-04  eta: 0:22:53  time: 0.1443  data_time: 0.0125  memory: 4189  grad_norm: 3.5299  loss: 3.7335  vote_loss: 2.6664  objectness_loss: 0.2644  semantic_loss: 0.1580  center_loss: 0.2332  dir_class_loss: 0.0000  dir_res_loss: 0.0000  size_class_loss: 0.1580  size_res_loss: 0.2534
2026/06/03 08:02:51 - mmengine - INFO - Epoch(train) [25][150/779]  lr: 8.0000e-04  eta: 0:22:49  time: 0.1444  data_time: 0.0129  memory: 4189  grad_norm: 3.7952  loss: 3.5986  vote_loss: 2.5136  objectness_loss: 0.2799  semantic_loss: 0.1638  center_loss: 0.2249  dir_class_loss: 0.0000  dir_res_loss: 0.0000  size_class_loss: 0.1638  size_res_loss: 0.2526
2026/06/03 08:02:55 - mmengine - INFO - Epoch(train) [25][180/779]  lr: 8.0000e-04  eta: 0:22:44  time: 0.1447  data_time: 0.0134  memory: 4189  grad_norm: 3.6877  loss: 3.6409  vote_loss: 2.5431  objectness_loss: 0.2829  semantic_loss: 0.1652  center_loss: 0.2222  dir_class_loss: 0.0000  dir_res_loss: 0.0000  size_class_loss: 0.1652  size_res_loss: 0.2622
2026/06/03 08:03:00 - mmengine - INFO - Epoch(train) [25][210/779]  lr: 8.0000e-04  eta: 0:22:40  time: 0.1445  data_time: 0.0133  memory: 4189  grad_norm: 3.6774  loss: 3.6911  vote_loss: 2.6207  objectness_loss: 0.2664  semantic_loss: 0.1676  center_loss: 0.2234  dir_class_loss: 0.0000  dir_res_loss: 0.0000  size_class_loss: 0.1676  size_res_loss: 0.2454
2026/06/03 08:03:04 - mmengine - INFO - Epoch(train) [25][240/779]  lr: 8.0000e-04  eta: 0:22:35  time: 0.1450  data_time: 0.0132  memory: 4189  grad_norm: 3.7221  loss: 3.7482  vote_loss: 2.6684  objectness_loss: 0.2671  semantic_loss: 0.1606  center_loss: 0.2259  dir_class_loss: 0.0000  dir_res_loss: 0.0000  size_class_loss: 0.1606  size_res_loss: 0.2655
2026/06/03 08:03:08 - mmengine - INFO - Epoch(train) [25][270/779]  lr: 8.0000e-04  eta: 0:22:30  time: 0.1446  data_time: 0.0132  memory: 4189  grad_norm: 3.3963  loss: 3.5805  vote_loss: 2.5369  objectness_loss: 0.2588  semantic_loss: 0.1513  center_loss: 0.2174  dir_class_loss: 0.0000  dir_res_loss: 0.0000  size_class_loss: 0.1513  size_res_loss: 0.2648
2026/06/03 08:03:13 - mmengine - INFO - Epoch(train) [25][300/779]  lr: 8.0000e-04  eta: 0:22:26  time: 0.1442  data_time: 0.0137  memory: 4189  grad_norm: 3.5438  loss: 3.5582  vote_loss: 2.5353  objectness_loss: 0.2550  semantic_loss: 0.1478  center_loss: 0.2163  dir_class_loss: 0.0000  dir_res_loss: 0.0000  size_class_loss: 0.1478  size_res_loss: 0.2560
2026/06/03 08:03:13 - mmengine - INFO - Exp name: votenet_8xb8_scannet-3d_20260603_071554
2026/06/03 08:03:17 - mmengine - INFO - Epoch(train) [25][330/779]  lr: 8.0000e-04  eta: 0:22:21  time: 0.1444  data_time: 0.0138  memory: 4189  grad_norm: 3.7658  loss: 3.6601  vote_loss: 2.6113  objectness_loss: 0.2634  semantic_loss: 0.1517  center_loss: 0.2230  dir_class_loss: 0.0000  dir_res_loss: 0.0000  size_class_loss: 0.1517  size_res_loss: 0.2590
2026/06/03 08:03:21 - mmengine - INFO - Epoch(train) [25][360/779]  lr: 8.0000e-04  eta: 0:22:17  time: 0.1440  data_time: 0.0134  memory: 4189  grad_norm: 3.8248  loss: 3.5420  vote_loss: 2.5300  objectness_loss: 0.2589  semantic_loss: 0.1415  center_loss: 0.2147  dir_class_loss: 0.0000  dir_res_loss: 0.0000  size_class_loss: 0.1415  size_res_loss: 0.2555
2026/06/03 08:03:26 - mmengine - INFO - Epoch(train) [25][390/779]  lr: 8.0000e-04  eta: 0:22:12  time: 0.1448  data_time: 0.0138  memory: 4189  grad_norm: 3.7872  loss: 3.5534  vote_loss: 2.5221  objectness_loss: 0.2549  semantic_loss: 0.1575  center_loss: 0.2157  dir_class_loss: 0.0000  dir_res_loss: 0.0000  size_class_loss: 0.1575  size_res_loss: 0.2457
2026/06/03 08:03:30 - mmengine - INFO - Epoch(train) [25][420/779]  lr: 8.0000e-04  eta: 0:22:08  time: 0.1435  data_time: 0.0138  memory: 4189  grad_norm: 3.8308  loss: 3.4700  vote_loss: 2.4522  objectness_loss: 0.2551  semantic_loss: 0.1511  center_loss: 0.2188  dir_class_loss: 0.0000  dir_res_loss: 0.0000  size_class_loss: 0.1511  size_res_loss: 0.2415
2026/06/03 08:03:34 - mmengine - INFO - Epoch(train) [25][450/779]  lr: 8.0000e-04  eta: 0:22:03  time: 0.1453  data_time: 0.0138  memory: 4189  grad_norm: 3.7152  loss: 3.5779  vote_loss: 2.5237  objectness_loss: 0.2732  semantic_loss: 0.1551  center_loss: 0.2244  dir_class_loss: 0.0000  dir_res_loss: 0.0000  size_class_loss: 0.1551  size_res_loss: 0.2464
2026/06/03 08:03:39 - mmengine - INFO - Epoch(train) [25][480/779]  lr: 8.0000e-04  eta: 0:21:59  time: 0.1450  data_time: 0.0137  memory: 4189  grad_norm: 3.6091  loss: 3.5164  vote_loss: 2.4938  objectness_loss: 0.2730  semantic_loss: 0.1492  center_loss: 0.2184  dir_class_loss: 0.0000  dir_res_loss: 0.0000  size_class_loss: 0.1492  size_res_loss: 0.2328
2026/06/03 08:03:43 - mmengine - INFO - Epoch(train) [25][510/779]  lr: 8.0000e-04  eta: 0:21:54  time: 0.1426  data_time: 0.0136  memory: 4189  grad_norm: 3.5712  loss: 3.4473  vote_loss: 2.4854  objectness_loss: 0.2485  semantic_loss: 0.1434  center_loss: 0.2056  dir_class_loss: 0.0000  dir_res_loss: 0.0000  size_class_loss: 0.1434  size_res_loss: 0.2210
2026/06/03 08:03:47 - mmengine - INFO - Epoch(train) [25][540/779]  lr: 8.0000e-04  eta: 0:21:50  time: 0.1441  data_time: 0.0137  memory: 4189  grad_norm: 3.6221  loss: 3.6666  vote_loss: 2.6184  objectness_loss: 0.2613  semantic_loss: 0.1550  center_loss: 0.2251  dir_class_loss: 0.0000  dir_res_loss: 0.0000  size_class_loss: 0.1550  size_res_loss: 0.2517
2026/06/03 08:03:52 - mmengine - INFO - Epoch(train) [25][570/779]  lr: 8.0000e-04  eta: 0:21:45  time: 0.1447  data_time: 0.0135  memory: 4189  grad_norm: 3.6652  loss: 3.6464  vote_loss: 2.5933  objectness_loss: 0.2655  semantic_loss: 0.1594  center_loss: 0.2191  dir_class_loss: 0.0000  dir_res_loss: 0.0000  size_class_loss: 0.1594  size_res_loss: 0.2498
2026/06/03 08:03:56 - mmengine - INFO - Epoch(train) [25][600/779]  lr: 8.0000e-04  eta: 0:21:41  time: 0.1451  data_time: 0.0135  memory: 4189  grad_norm: 3.5333  loss: 3.5090  vote_loss: 2.5169  objectness_loss: 0.2490  semantic_loss: 0.1480  center_loss: 0.2144  dir_class_loss: 0.0000  dir_res_loss: 0.0000  size_class_loss: 0.1480  size_res_loss: 0.2328
2026/06/03 08:04:00 - mmengine - INFO - Epoch(train) [25][630/779]  lr: 8.0000e-04  eta: 0:21:36  time: 0.1461  data_time: 0.0137  memory: 4189  grad_norm: 3.5492  loss: 3.3504  vote_loss: 2.3882  objectness_loss: 0.2539  semantic_loss: 0.1337  center_loss: 0.2169  dir_class_loss: 0.0000  dir_res_loss: 0.0000  size_class_loss: 0.1337  size_res_loss: 0.2240
2026/06/03 08:04:05 - mmengine - INFO - Epoch(train) [25][660/779]  lr: 8.0000e-04  eta: 0:21:32  time: 0.1460  data_time: 0.0136  memory: 4189  grad_norm: 3.5320  loss: 3.6244  vote_loss: 2.5720  objectness_loss: 0.2791  semantic_loss: 0.1400  center_loss: 0.2268  dir_class_loss: 0.0000  dir_res_loss: 0.0000  size_class_loss: 0.1400  size_res_loss: 0.2665
2026/06/03 08:04:09 - mmengine - INFO - Epoch(train) [25][690/779]  lr: 8.0000e-04  eta: 0:21:27  time: 0.1450  data_time: 0.0136  memory: 4189  grad_norm: 3.6085  loss: 3.4512  vote_loss: 2.4582  objectness_loss: 0.2524  semantic_loss: 0.1372  center_loss: 0.2153  dir_class_loss: 0.0000  dir_res_loss: 0.0000  size_class_loss: 0.1372  size_res_loss: 0.2509
2026/06/03 08:04:14 - mmengine - INFO - Epoch(train) [25][720/779]  lr: 8.0000e-04  eta: 0:21:23  time: 0.1446  data_time: 0.0139  memory: 4189  grad_norm: 3.8850  loss: 3.3729  vote_loss: 2.4184  objectness_loss: 0.2481  semantic_loss: 0.1325  center_loss: 0.2066  dir_class_loss: 0.0000  dir_res_loss: 0.0000  size_class_loss: 0.1325  size_res_loss: 0.2348
2026/06/03 08:04:18 - mmengine - INFO - Epoch(train) [25][750/779]  lr: 8.0000e-04  eta: 0:21:18  time: 0.1488  data_time: 0.0144  memory: 4189  grad_norm: 3.8927  loss: 3.6065  vote_loss: 2.5890  objectness_loss: 0.2669  semantic_loss: 0.1430  center_loss: 0.2137  dir_class_loss: 0.0000  dir_res_loss: 0.0000  size_class_loss: 0.1430  size_res_loss: 0.2510
2026/06/03 08:04:22 - mmengine - INFO - Exp name: votenet_8xb8_scannet-3d_20260603_071554
2026/06/03 08:04:28 - mmengine - INFO - Epoch(train) [26][ 30/779]  lr: 8.0000e-04  eta: 0:21:10  time: 0.1622  data_time: 0.0241  memory: 4189  grad_norm: 3.4500  loss: 3.3461  vote_loss: 2.4100  objectness_loss: 0.2433  semantic_loss: 0.1280  center_loss: 0.2106  dir_class_loss: 0.0000  dir_res_loss: 0.0000  size_class_loss: 0.1280  size_res_loss: 0.2262
2026/06/03 08:04:32 - mmengine - INFO - Epoch(train) [26][ 60/779]  lr: 8.0000e-04  eta: 0:21:05  time: 0.1552  data_time: 0.0151  memory: 4189  grad_norm: 3.6074  loss: 3.3430  vote_loss: 2.3408  objectness_loss: 0.2508  semantic_loss: 0.1486  center_loss: 0.2140  dir_class_loss: 0.0000  dir_res_loss: 0.0000  size_class_loss: 0.1486  size_res_loss: 0.2400
2026/06/03 08:04:37 - mmengine - INFO - Epoch(train) [26][ 90/779]  lr: 8.0000e-04  eta: 0:21:01  time: 0.1482  data_time: 0.0141  memory: 4189  grad_norm: 3.6917  loss: 3.4466  vote_loss: 2.4314  objectness_loss: 0.2566  semantic_loss: 0.1460  center_loss: 0.2181  dir_class_loss: 0.0000  dir_res_loss: 0.0000  size_class_loss: 0.1460  size_res_loss: 0.2485
2026/06/03 08:04:41 - mmengine - INFO - Epoch(train) [26][120/779]  lr: 8.0000e-04  eta: 0:20:56  time: 0.1476  data_time: 0.0140  memory: 4189  grad_norm: 3.5673  loss: 3.5189  vote_loss: 2.5245  objectness_loss: 0.2569  semantic_loss: 0.1385  center_loss: 0.2118  dir_class_loss: 0.0000  dir_res_loss: 0.0000  size_class_loss: 0.1385  size_res_loss: 0.2488
2026/06/03 08:04:45 - mmengine - INFO - Epoch(train) [26][150/779]  lr: 8.0000e-04  eta: 0:20:52  time: 0.1479  data_time: 0.0139  memory: 4189  grad_norm: 3.6804  loss: 3.4303  vote_loss: 2.4663  objectness_loss: 0.2498  semantic_loss: 0.1315  center_loss: 0.2080  dir_class_loss: 0.0000  dir_res_loss: 0.0000  size_class_loss: 0.1315  size_res_loss: 0.2432
2026/06/03 08:04:50 - mmengine - INFO - Epoch(train) [26][180/779]  lr: 8.0000e-04  eta: 0:20:47  time: 0.1486  data_time: 0.0143  memory: 4189  grad_norm: 3.4871  loss: 3.2588  vote_loss: 2.3545  objectness_loss: 0.2311  semantic_loss: 0.1216  center_loss: 0.1975  dir_class_loss: 0.0000  dir_res_loss: 0.0000  size_class_loss: 0.1216  size_res_loss: 0.2325
2026/06/03 08:04:54 - mmengine - INFO - Epoch(train) [26][210/779]  lr: 8.0000e-04  eta: 0:20:43  time: 0.1477  data_time: 0.0143  memory: 4189  grad_norm: 3.5153  loss: 3.3054  vote_loss: 2.3779  objectness_loss: 0.2270  semantic_loss: 0.1263  center_loss: 0.2007  dir_class_loss: 0.0000  dir_res_loss: 0.0000  size_class_loss: 0.1263  size_res_loss: 0.2472
2026/06/03 08:04:59 - mmengine - INFO - Epoch(train) [26][240/779]  lr: 8.0000e-04  eta: 0:20:38  time: 0.1454  data_time: 0.0137  memory: 4189  grad_norm: 3.5406  loss: 3.3365  vote_loss: 2.3975  objectness_loss: 0.2369  semantic_loss: 0.1294  center_loss: 0.2014  dir_class_loss: 0.0000  dir_res_loss: 0.0000  size_class_loss: 0.1294  size_res_loss: 0.2419
2026/06/03 08:05:03 - mmengine - INFO - Epoch(train) [26][270/779]  lr: 8.0000e-04  eta: 0:20:34  time: 0.1457  data_time: 0.0138  memory: 4189  grad_norm: 3.5768  loss: 3.3855  vote_loss: 2.4397  objectness_loss: 0.2416  semantic_loss: 0.1304  center_loss: 0.2100  dir_class_loss: 0.0000  dir_res_loss: 0.0000  size_class_loss: 0.1304  size_res_loss: 0.2334
2026/06/03 08:05:07 - mmengine - INFO - Epoch(train) [26][300/779]  lr: 8.0000e-04  eta: 0:20:29  time: 0.1464  data_time: 0.0141  memory: 4189  grad_norm: 3.7616  loss: 3.4998  vote_loss: 2.5202  objectness_loss: 0.2541  semantic_loss: 0.1311  center_loss: 0.2242  dir_class_loss: 0.0000  dir_res_loss: 0.0000  size_class_loss: 0.1311  size_res_loss: 0.2391
2026/06/03 08:05:12 - mmengine - INFO - Epoch(train) [26][330/779]  lr: 8.0000e-04  eta: 0:20:25  time: 0.1468  data_time: 0.0141  memory: 4189  grad_norm: 4.0586  loss: 3.4890  vote_loss: 2.5358  objectness_loss: 0.2420  semantic_loss: 0.1280  center_loss: 0.2213  dir_class_loss: 0.0000  dir_res_loss: 0.0000  size_class_loss: 0.1280  size_res_loss: 0.2338
2026/06/03 08:05:16 - mmengine - INFO - Epoch(train) [26][360/779]  lr: 8.0000e-04  eta: 0:20:20  time: 0.1466  data_time: 0.0142  memory: 4189  grad_norm: 3.7565  loss: 3.5004  vote_loss: 2.5032  objectness_loss: 0.2480  semantic_loss: 0.1440  center_loss: 0.2232  dir_class_loss: 0.0000  dir_res_loss: 0.0000  size_class_loss: 0.1440  size_res_loss: 0.2379
2026/06/03 08:05:21 - mmengine - INFO - Epoch(train) [26][390/779]  lr: 8.0000e-04  eta: 0:20:16  time: 0.1495  data_time: 0.0146  memory: 4189  grad_norm: 3.4942  loss: 3.5774  vote_loss: 2.5314  objectness_loss: 0.2672  semantic_loss: 0.1523  center_loss: 0.2218  dir_class_loss: 0.0000  dir_res_loss: 0.0000  size_class_loss: 0.1523  size_res_loss: 0.2524
2026/06/03 08:05:25 - mmengine - INFO - Epoch(train) [26][420/779]  lr: 8.0000e-04  eta: 0:20:12  time: 0.1503  data_time: 0.0146  memory: 4189  grad_norm: 3.4203  loss: 3.4552  vote_loss: 2.4713  objectness_loss: 0.2615  semantic_loss: 0.1370  center_loss: 0.2149  dir_class_loss: 0.0000  dir_res_loss: 0.0000  size_class_loss: 0.1370  size_res_loss: 0.2335
2026/06/03 08:05:30 - mmengine - INFO - Epoch(train) [26][450/779]  lr: 8.0000e-04  eta: 0:20:07  time: 0.1447  data_time: 0.0140  memory: 4189  grad_norm: 3.4748  loss: 3.3108  vote_loss: 2.3903  objectness_loss: 0.2272  semantic_loss: 0.1317  center_loss: 0.1929  dir_class_loss: 0.0000  dir_res_loss: 0.0000  size_class_loss: 0.1317  size_res_loss: 0.2369
2026/06/03 08:05:34 - mmengine - INFO - Epoch(train) [26][480/779]  lr: 8.0000e-04  eta: 0:20:03  time: 0.1446  data_time: 0.0139  memory: 4189  grad_norm: 3.4306  loss: 3.2477  vote_loss: 2.3393  objectness_loss: 0.2251  semantic_loss: 0.1254  center_loss: 0.1923  dir_class_loss: 0.0000  dir_res_loss: 0.0000  size_class_loss: 0.1254  size_res_loss: 0.2402
2026/06/03 08:05:38 - mmengine - INFO - Epoch(train) [26][510/779]  lr: 8.0000e-04  eta: 0:19:58  time: 0.1459  data_time: 0.0140  memory: 4189  grad_norm: 3.6336  loss: 3.4599  vote_loss: 2.4993  objectness_loss: 0.2366  semantic_loss: 0.1249  center_loss: 0.2074  dir_class_loss: 0.0000  dir_res_loss: 0.0000  size_class_loss: 0.1249  size_res_loss: 0.2669
2026/06/03 08:05:40 - mmengine - INFO - Exp name: votenet_8xb8_scannet-3d_20260603_071554
2026/06/03 08:05:43 - mmengine - INFO - Epoch(train) [26][540/779]  lr: 8.0000e-04  eta: 0:19:54  time: 0.1461  data_time: 0.0141  memory: 4189  grad_norm: 3.7967  loss: 3.4935  vote_loss: 2.5227  objectness_loss: 0.2452  semantic_loss: 0.1318  center_loss: 0.2123  dir_class_loss: 0.0000  dir_res_loss: 0.0000  size_class_loss: 0.1318  size_res_loss: 0.2497
2026/06/03 08:05:47 - mmengine - INFO - Epoch(train) [26][570/779]  lr: 8.0000e-04  eta: 0:19:49  time: 0.1493  data_time: 0.0142  memory: 4189  grad_norm: 3.8355  loss: 3.4244  vote_loss: 2.4560  objectness_loss: 0.2499  semantic_loss: 0.1383  center_loss: 0.2106  dir_class_loss: 0.0000  dir_res_loss: 0.0000  size_class_loss: 0.1383  size_res_loss: 0.2314
2026/06/03 08:05:52 - mmengine - INFO - Epoch(train) [26][600/779]  lr: 8.0000e-04  eta: 0:19:45  time: 0.1480  data_time: 0.0138  memory: 4189  grad_norm: 3.6830  loss: 3.5166  vote_loss: 2.5119  objectness_loss: 0.2516  semantic_loss: 0.1382  center_loss: 0.2059  dir_class_loss: 0.0000  dir_res_loss: 0.0000  size_class_loss: 0.1382  size_res_loss: 0.2709
2026/06/03 08:05:56 - mmengine - INFO - Epoch(train) [26][630/779]  lr: 8.0000e-04  eta: 0:19:40  time: 0.1479  data_time: 0.0142  memory: 4189  grad_norm: 3.8011  loss: 3.3451  vote_loss: 2.3886  objectness_loss: 0.2483  semantic_loss: 0.1257  center_loss: 0.2037  dir_class_loss: 0.0000  dir_res_loss: 0.0000  size_class_loss: 0.1257  size_res_loss: 0.2531
2026/06/03 08:06:00 - mmengine - INFO - Epoch(train) [26][660/779]  lr: 8.0000e-04  eta: 0:19:36  time: 0.1468  data_time: 0.0144  memory: 4189  grad_norm: 3.6981  loss: 3.2429  vote_loss: 2.3468  objectness_loss: 0.2446  semantic_loss: 0.1171  center_loss: 0.2023  dir_class_loss: 0.0000  dir_res_loss: 0.0000  size_class_loss: 0.1171  size_res_loss: 0.2149
2026/06/03 08:06:05 - mmengine - INFO - Epoch(train) [26][690/779]  lr: 8.0000e-04  eta: 0:19:31  time: 0.1483  data_time: 0.0141  memory: 4189  grad_norm: 3.8729  loss: 3.4319  vote_loss: 2.4894  objectness_loss: 0.2562  semantic_loss: 0.1210  center_loss: 0.2088  dir_class_loss: 0.0000  dir_res_loss: 0.0000  size_class_loss: 0.1210  size_res_loss: 0.2355
2026/06/03 08:06:10 - mmengine - INFO - Epoch(train) [26][720/779]  lr: 8.0000e-04  eta: 0:19:27  time: 0.1539  data_time: 0.0144  memory: 4189  grad_norm: 3.7113  loss: 3.4476  vote_loss: 2.5086  objectness_loss: 0.2430  semantic_loss: 0.1242  center_loss: 0.2082  dir_class_loss: 0.0000  dir_res_loss: 0.0000  size_class_loss: 0.1242  size_res_loss: 0.2394
2026/06/03 08:06:14 - mmengine - INFO - Epoch(train) [26][750/779]  lr: 8.0000e-04  eta: 0:19:22  time: 0.1478  data_time: 0.0135  memory: 4189  grad_norm: 3.7419  loss: 3.4579  vote_loss: 2.5336  objectness_loss: 0.2370  semantic_loss: 0.1222  center_loss: 0.2102  dir_class_loss: 0.0000  dir_res_loss: 0.0000  size_class_loss: 0.1222  size_res_loss: 0.2327
2026/06/03 08:06:18 - mmengine - INFO - Exp name: votenet_8xb8_scannet-3d_20260603_071554
2026/06/03 08:06:23 - mmengine - INFO - Epoch(train) [27][ 30/779]  lr: 8.0000e-04  eta: 0:19:14  time: 0.1598  data_time: 0.0230  memory: 4189  grad_norm: 3.7165  loss: 3.2252  vote_loss: 2.3486  objectness_loss: 0.2264  semantic_loss: 0.1156  center_loss: 0.1973  dir_class_loss: 0.0000  dir_res_loss: 0.0000  size_class_loss: 0.1156  size_res_loss: 0.2218
2026/06/03 08:06:28 - mmengine - INFO - Epoch(train) [27][ 60/779]  lr: 8.0000e-04  eta: 0:19:09  time: 0.1488  data_time: 0.0146  memory: 4189  grad_norm: 3.6646  loss: 3.3251  vote_loss: 2.4362  objectness_loss: 0.2322  semantic_loss: 0.1198  center_loss: 0.1954  dir_class_loss: 0.0000  dir_res_loss: 0.0000  size_class_loss: 0.1198  size_res_loss: 0.2217
2026/06/03 08:06:32 - mmengine - INFO - Epoch(train) [27][ 90/779]  lr: 8.0000e-04  eta: 0:19:05  time: 0.1490  data_time: 0.0149  memory: 4189  grad_norm: 3.8846  loss: 3.3751  vote_loss: 2.4577  objectness_loss: 0.2335  semantic_loss: 0.1232  center_loss: 0.2058  dir_class_loss: 0.0000  dir_res_loss: 0.0000  size_class_loss: 0.1232  size_res_loss: 0.2318
2026/06/03 08:06:37 - mmengine - INFO - Epoch(train) [27][120/779]  lr: 8.0000e-04  eta: 0:19:00  time: 0.1503  data_time: 0.0148  memory: 4189  grad_norm: 4.0678  loss: 3.4264  vote_loss: 2.4745  objectness_loss: 0.2309  semantic_loss: 0.1418  center_loss: 0.2079  dir_class_loss: 0.0000  dir_res_loss: 0.0000  size_class_loss: 0.1418  size_res_loss: 0.2295
2026/06/03 08:06:41 - mmengine - INFO - Epoch(train) [27][150/779]  lr: 8.0000e-04  eta: 0:18:56  time: 0.1533  data_time: 0.0149  memory: 4189  grad_norm: 3.7229  loss: 3.2975  vote_loss: 2.4007  objectness_loss: 0.2262  semantic_loss: 0.1344  center_loss: 0.1906  dir_class_loss: 0.0000  dir_res_loss: 0.0000  size_class_loss: 0.1344  size_res_loss: 0.2112
2026/06/03 08:06:46 - mmengine - INFO - Epoch(train) [27][180/779]  lr: 8.0000e-04  eta: 0:18:52  time: 0.1536  data_time: 0.0149  memory: 4189  grad_norm: 3.5723  loss: 3.2591  vote_loss: 2.3596  objectness_loss: 0.2331  semantic_loss: 0.1213  center_loss: 0.1996  dir_class_loss: 0.0000  dir_res_loss: 0.0000  size_class_loss: 0.1213  size_res_loss: 0.2241
2026/06/03 08:06:50 - mmengine - INFO - Epoch(train) [27][210/779]  lr: 8.0000e-04  eta: 0:18:47  time: 0.1497  data_time: 0.0145  memory: 4189  grad_norm: 3.6797  loss: 3.3394  vote_loss: 2.4172  objectness_loss: 0.2436  semantic_loss: 0.1198  center_loss: 0.2075  dir_class_loss: 0.0000  dir_res_loss: 0.0000  size_class_loss: 0.1198  size_res_loss: 0.2315
2026/06/03 08:06:55 - mmengine - INFO - Epoch(train) [27][240/779]  lr: 8.0000e-04  eta: 0:18:43  time: 0.1498  data_time: 0.0144  memory: 4189  grad_norm: 3.6552  loss: 3.4442  vote_loss: 2.4439  objectness_loss: 0.2620  semantic_loss: 0.1270  center_loss: 0.2217  dir_class_loss: 0.0000  dir_res_loss: 0.0000  size_class_loss: 0.1270  size_res_loss: 0.2626
2026/06/03 08:06:59 - mmengine - INFO - Epoch(train) [27][270/779]  lr: 8.0000e-04  eta: 0:18:38  time: 0.1469  data_time: 0.0138  memory: 4189  grad_norm: 3.6246  loss: 3.3960  vote_loss: 2.4387  objectness_loss: 0.2481  semantic_loss: 0.1207  center_loss: 0.2116  dir_class_loss: 0.0000  dir_res_loss: 0.0000  size_class_loss: 0.1207  size_res_loss: 0.2561
2026/06/03 08:07:04 - mmengine - INFO - Epoch(train) [27][300/779]  lr: 8.0000e-04  eta: 0:18:34  time: 0.1475  data_time: 0.0136  memory: 4189  grad_norm: 3.8420  loss: 3.3876  vote_loss: 2.4703  objectness_loss: 0.2337  semantic_loss: 0.1252  center_loss: 0.2045  dir_class_loss: 0.0000  dir_res_loss: 0.0000  size_class_loss: 0.1252  size_res_loss: 0.2285
2026/06/03 08:07:08 - mmengine - INFO - Epoch(train) [27][330/779]  lr: 8.0000e-04  eta: 0:18:29  time: 0.1479  data_time: 0.0139  memory: 4189  grad_norm: 3.6988  loss: 3.4460  vote_loss: 2.4892  objectness_loss: 0.2416  semantic_loss: 0.1333  center_loss: 0.2140  dir_class_loss: 0.0000  dir_res_loss: 0.0000  size_class_loss: 0.1333  size_res_loss: 0.2345
2026/06/03 08:07:12 - mmengine - INFO - Epoch(train) [27][360/779]  lr: 8.0000e-04  eta: 0:18:25  time: 0.1449  data_time: 0.0142  memory: 4189  grad_norm: 3.6076  loss: 3.2923  vote_loss: 2.3625  objectness_loss: 0.2347  semantic_loss: 0.1337  center_loss: 0.2045  dir_class_loss: 0.0000  dir_res_loss: 0.0000  size_class_loss: 0.1337  size_res_loss: 0.2231
2026/06/03 08:07:17 - mmengine - INFO - Epoch(train) [27][390/779]  lr: 8.0000e-04  eta: 0:18:20  time: 0.1437  data_time: 0.0138  memory: 4189  grad_norm: 3.6427  loss: 3.2213  vote_loss: 2.3519  objectness_loss: 0.2291  semantic_loss: 0.1117  center_loss: 0.1961  dir_class_loss: 0.0000  dir_res_loss: 0.0000  size_class_loss: 0.1117  size_res_loss: 0.2208
2026/06/03 08:07:21 - mmengine - INFO - Epoch(train) [27][420/779]  lr: 8.0000e-04  eta: 0:18:16  time: 0.1443  data_time: 0.0138  memory: 4189  grad_norm: 3.5706  loss: 3.2333  vote_loss: 2.3272  objectness_loss: 0.2301  semantic_loss: 0.1232  center_loss: 0.1983  dir_class_loss: 0.0000  dir_res_loss: 0.0000  size_class_loss: 0.1232  size_res_loss: 0.2313
2026/06/03 08:07:25 - mmengine - INFO - Epoch(train) [27][450/779]  lr: 8.0000e-04  eta: 0:18:11  time: 0.1433  data_time: 0.0139  memory: 4189  grad_norm: 3.4761  loss: 3.1807  vote_loss: 2.2849  objectness_loss: 0.2217  semantic_loss: 0.1299  center_loss: 0.1929  dir_class_loss: 0.0000  dir_res_loss: 0.0000  size_class_loss: 0.1299  size_res_loss: 0.2212
2026/06/03 08:07:30 - mmengine - INFO - Epoch(train) [27][480/779]  lr: 8.0000e-04  eta: 0:18:07  time: 0.1445  data_time: 0.0139  memory: 4189  grad_norm: 3.5864  loss: 3.2857  vote_loss: 2.3638  objectness_loss: 0.2361  semantic_loss: 0.1301  center_loss: 0.1918  dir_class_loss: 0.0000  dir_res_loss: 0.0000  size_class_loss: 0.1301  size_res_loss: 0.2338
2026/06/03 08:07:34 - mmengine - INFO - Epoch(train) [27][510/779]  lr: 8.0000e-04  eta: 0:18:02  time: 0.1474  data_time: 0.0141  memory: 4189  grad_norm: 3.5734  loss: 3.4400  vote_loss: 2.4990  objectness_loss: 0.2425  semantic_loss: 0.1206  center_loss: 0.1999  dir_class_loss: 0.0000  dir_res_loss: 0.0000  size_class_loss: 0.1206  size_res_loss: 0.2573
2026/06/03 08:07:38 - mmengine - INFO - Epoch(train) [27][540/779]  lr: 8.0000e-04  eta: 0:17:58  time: 0.1439  data_time: 0.0138  memory: 4189  grad_norm: 3.6276  loss: 3.2536  vote_loss: 2.3466  objectness_loss: 0.2266  semantic_loss: 0.1241  center_loss: 0.2024  dir_class_loss: 0.0000  dir_res_loss: 0.0000  size_class_loss: 0.1241  size_res_loss: 0.2297
2026/06/03 08:07:43 - mmengine - INFO - Epoch(train) [27][570/779]  lr: 8.0000e-04  eta: 0:17:53  time: 0.1442  data_time: 0.0136  memory: 4189  grad_norm: 3.8307  loss: 3.2040  vote_loss: 2.2850  objectness_loss: 0.2278  semantic_loss: 0.1295  center_loss: 0.2045  dir_class_loss: 0.0000  dir_res_loss: 0.0000  size_class_loss: 0.1295  size_res_loss: 0.2277
2026/06/03 08:07:47 - mmengine - INFO - Epoch(train) [27][600/779]  lr: 8.0000e-04  eta: 0:17:49  time: 0.1473  data_time: 0.0137  memory: 4189  grad_norm: 3.7967  loss: 3.3005  vote_loss: 2.3930  objectness_loss: 0.2316  semantic_loss: 0.1253  center_loss: 0.2009  dir_class_loss: 0.0000  dir_res_loss: 0.0000  size_class_loss: 0.1253  size_res_loss: 0.2245
2026/06/03 08:07:52 - mmengine - INFO - Epoch(train) [27][630/779]  lr: 8.0000e-04  eta: 0:17:44  time: 0.1525  data_time: 0.0143  memory: 4189  grad_norm: 3.6267  loss: 3.2505  vote_loss: 2.3569  objectness_loss: 0.2285  semantic_loss: 0.1217  center_loss: 0.1993  dir_class_loss: 0.0000  dir_res_loss: 0.0000  size_class_loss: 0.1217  size_res_loss: 0.2223
2026/06/03 08:07:56 - mmengine - INFO - Epoch(train) [27][660/779]  lr: 8.0000e-04  eta: 0:17:40  time: 0.1485  data_time: 0.0142  memory: 4189  grad_norm: 3.6837  loss: 3.2618  vote_loss: 2.3712  objectness_loss: 0.2319  semantic_loss: 0.1231  center_loss: 0.1933  dir_class_loss: 0.0000  dir_res_loss: 0.0000  size_class_loss: 0.1231  size_res_loss: 0.2192
2026/06/03 08:08:01 - mmengine - INFO - Epoch(train) [27][690/779]  lr: 8.0000e-04  eta: 0:17:35  time: 0.1447  data_time: 0.0139  memory: 4189  grad_norm: 3.9369  loss: 3.2619  vote_loss: 2.3578  objectness_loss: 0.2359  semantic_loss: 0.1227  center_loss: 0.1972  dir_class_loss: 0.0000  dir_res_loss: 0.0000  size_class_loss: 0.1227  size_res_loss: 0.2256
2026/06/03 08:08:05 - mmengine - INFO - Epoch(train) [27][720/779]  lr: 8.0000e-04  eta: 0:17:31  time: 0.1443  data_time: 0.0140  memory: 4189  grad_norm: 3.8969  loss: 3.2673  vote_loss: 2.3620  objectness_loss: 0.2297  semantic_loss: 0.1282  center_loss: 0.1952  dir_class_loss: 0.0000  dir_res_loss: 0.0000  size_class_loss: 0.1282  size_res_loss: 0.2240
2026/06/03 08:08:09 - mmengine - INFO - Exp name: votenet_8xb8_scannet-3d_20260603_071554
2026/06/03 08:08:09 - mmengine - INFO - Epoch(train) [27][750/779]  lr: 8.0000e-04  eta: 0:17:26  time: 0.1456  data_time: 0.0138  memory: 4189  grad_norm: 3.8593  loss: 3.4443  vote_loss: 2.4928  objectness_loss: 0.2422  semantic_loss: 0.1246  center_loss: 0.2107  dir_class_loss: 0.0000  dir_res_loss: 0.0000  size_class_loss: 0.1246  size_res_loss: 0.2493
2026/06/03 08:08:13 - mmengine - INFO - Exp name: votenet_8xb8_scannet-3d_20260603_071554
2026/06/03 08:08:19 - mmengine - INFO - Epoch(train) [28][ 30/779]  lr: 8.0000e-04  eta: 0:17:18  time: 0.1604  data_time: 0.0233  memory: 4189  grad_norm: 3.8487  loss: 3.2535  vote_loss: 2.3382  objectness_loss: 0.2432  semantic_loss: 0.1227  center_loss: 0.2081  dir_class_loss: 0.0000  dir_res_loss: 0.0000  size_class_loss: 0.1227  size_res_loss: 0.2185
2026/06/03 08:08:23 - mmengine - INFO - Epoch(train) [28][ 60/779]  lr: 8.0000e-04  eta: 0:17:13  time: 0.1569  data_time: 0.0157  memory: 4189  grad_norm: 3.7452  loss: 3.2266  vote_loss: 2.3481  objectness_loss: 0.2403  semantic_loss: 0.1115  center_loss: 0.1974  dir_class_loss: 0.0000  dir_res_loss: 0.0000  size_class_loss: 0.1115  size_res_loss: 0.2179
2026/06/03 08:08:28 - mmengine - INFO - Epoch(train) [28][ 90/779]  lr: 8.0000e-04  eta: 0:17:09  time: 0.1501  data_time: 0.0146  memory: 4189  grad_norm: 3.8730  loss: 3.2366  vote_loss: 2.3701  objectness_loss: 0.2331  semantic_loss: 0.1085  center_loss: 0.1991  dir_class_loss: 0.0000  dir_res_loss: 0.0000  size_class_loss: 0.1085  size_res_loss: 0.2172
2026/06/03 08:08:32 - mmengine - INFO - Epoch(train) [28][120/779]  lr: 8.0000e-04  eta: 0:17:04  time: 0.1449  data_time: 0.0138  memory: 4189  grad_norm: 3.6161  loss: 3.2179  vote_loss: 2.3303  objectness_loss: 0.2274  semantic_loss: 0.1209  center_loss: 0.2045  dir_class_loss: 0.0000  dir_res_loss: 0.0000  size_class_loss: 0.1209  size_res_loss: 0.2140
2026/06/03 08:08:36 - mmengine - INFO - Epoch(train) [28][150/779]  lr: 8.0000e-04  eta: 0:17:00  time: 0.1448  data_time: 0.0137  memory: 4189  grad_norm: 3.4896  loss: 3.2250  vote_loss: 2.3414  objectness_loss: 0.2268  semantic_loss: 0.1134  center_loss: 0.2028  dir_class_loss: 0.0000  dir_res_loss: 0.0000  size_class_loss: 0.1134  size_res_loss: 0.2271
2026/06/03 08:08:41 - mmengine - INFO - Epoch(train) [28][180/779]  lr: 8.0000e-04  eta: 0:16:55  time: 0.1463  data_time: 0.0138  memory: 4189  grad_norm: 3.4826  loss: 3.2097  vote_loss: 2.3467  objectness_loss: 0.2233  semantic_loss: 0.1122  center_loss: 0.1980  dir_class_loss: 0.0000  dir_res_loss: 0.0000  size_class_loss: 0.1122  size_res_loss: 0.2171
2026/06/03 08:08:45 - mmengine - INFO - Epoch(train) [28][210/779]  lr: 8.0000e-04  eta: 0:16:51  time: 0.1459  data_time: 0.0138  memory: 4189  grad_norm: 3.6770  loss: 3.2941  vote_loss: 2.3746  objectness_loss: 0.2393  semantic_loss: 0.1253  center_loss: 0.2018  dir_class_loss: 0.0000  dir_res_loss: 0.0000  size_class_loss: 0.1253  size_res_loss: 0.2278
2026/06/03 08:08:50 - mmengine - INFO - Epoch(train) [28][240/779]  lr: 8.0000e-04  eta: 0:16:46  time: 0.1470  data_time: 0.0139  memory: 4189  grad_norm: 3.6554  loss: 3.3466  vote_loss: 2.4145  objectness_loss: 0.2427  semantic_loss: 0.1305  center_loss: 0.2034  dir_class_loss: 0.0000  dir_res_loss: 0.0000  size_class_loss: 0.1305  size_res_loss: 0.2250
2026/06/03 08:08:54 - mmengine - INFO - Epoch(train) [28][270/779]  lr: 8.0000e-04  eta: 0:16:42  time: 0.1467  data_time: 0.0141  memory: 4189  grad_norm: 3.6598  loss: 3.2191  vote_loss: 2.3393  objectness_loss: 0.2203  semantic_loss: 0.1237  center_loss: 0.1969  dir_class_loss: 0.0000  dir_res_loss: 0.0000  size_class_loss: 0.1237  size_res_loss: 0.2150
2026/06/03 08:08:58 - mmengine - INFO - Epoch(train) [28][300/779]  lr: 8.0000e-04  eta: 0:16:37  time: 0.1460  data_time: 0.0138  memory: 4189  grad_norm: 3.6390  loss: 3.1910  vote_loss: 2.3330  objectness_loss: 0.2113  semantic_loss: 0.1183  center_loss: 0.1924  dir_class_loss: 0.0000  dir_res_loss: 0.0000  size_class_loss: 0.1183  size_res_loss: 0.2177
2026/06/03 08:09:03 - mmengine - INFO - Epoch(train) [28][330/779]  lr: 8.0000e-04  eta: 0:16:33  time: 0.1463  data_time: 0.0139  memory: 4189  grad_norm: 3.6600  loss: 3.1330  vote_loss: 2.3021  objectness_loss: 0.2094  semantic_loss: 0.1149  center_loss: 0.1873  dir_class_loss: 0.0000  dir_res_loss: 0.0000  size_class_loss: 0.1149  size_res_loss: 0.2043
2026/06/03 08:09:07 - mmengine - INFO - Epoch(train) [28][360/779]  lr: 8.0000e-04  eta: 0:16:28  time: 0.1455  data_time: 0.0140  memory: 4189  grad_norm: 3.7096  loss: 3.2594  vote_loss: 2.3862  objectness_loss: 0.2209  semantic_loss: 0.1161  center_loss: 0.1983  dir_class_loss: 0.0000  dir_res_loss: 0.0000  size_class_loss: 0.1161  size_res_loss: 0.2217
2026/06/03 08:09:11 - mmengine - INFO - Epoch(train) [28][390/779]  lr: 8.0000e-04  eta: 0:16:24  time: 0.1453  data_time: 0.0142  memory: 4189  grad_norm: 3.3222  loss: 3.2167  vote_loss: 2.3592  objectness_loss: 0.2163  semantic_loss: 0.1105  center_loss: 0.1949  dir_class_loss: 0.0000  dir_res_loss: 0.0000  size_class_loss: 0.1105  size_res_loss: 0.2252
2026/06/03 08:09:16 - mmengine - INFO - Epoch(train) [28][420/779]  lr: 8.0000e-04  eta: 0:16:20  time: 0.1511  data_time: 0.0143  memory: 4189  grad_norm: 3.6612  loss: 3.1483  vote_loss: 2.3164  objectness_loss: 0.2195  semantic_loss: 0.1022  center_loss: 0.1923  dir_class_loss: 0.0000  dir_res_loss: 0.0000  size_class_loss: 0.1022  size_res_loss: 0.2156
2026/06/03 08:09:21 - mmengine - INFO - Epoch(train) [28][450/779]  lr: 8.0000e-04  eta: 0:16:15  time: 0.1526  data_time: 0.0144  memory: 4189  grad_norm: 3.6912  loss: 3.1798  vote_loss: 2.3193  objectness_loss: 0.2220  semantic_loss: 0.1131  center_loss: 0.2007  dir_class_loss: 0.0000  dir_res_loss: 0.0000  size_class_loss: 0.1131  size_res_loss: 0.2116
2026/06/03 08:09:25 - mmengine - INFO - Epoch(train) [28][480/779]  lr: 8.0000e-04  eta: 0:16:11  time: 0.1458  data_time: 0.0131  memory: 4189  grad_norm: 3.8305  loss: 3.3748  vote_loss: 2.4236  objectness_loss: 0.2313  semantic_loss: 0.1281  center_loss: 0.2087  dir_class_loss: 0.0000  dir_res_loss: 0.0000  size_class_loss: 0.1281  size_res_loss: 0.2550
2026/06/03 08:09:29 - mmengine - INFO - Epoch(train) [28][510/779]  lr: 8.0000e-04  eta: 0:16:06  time: 0.1453  data_time: 0.0132  memory: 4189  grad_norm: 3.8223  loss: 3.3460  vote_loss: 2.4058  objectness_loss: 0.2402  semantic_loss: 0.1248  center_loss: 0.2042  dir_class_loss: 0.0000  dir_res_loss: 0.0000  size_class_loss: 0.1248  size_res_loss: 0.2461
2026/06/03 08:09:34 - mmengine - INFO - Epoch(train) [28][540/779]  lr: 8.0000e-04  eta: 0:16:02  time: 0.1453  data_time: 0.0134  memory: 4189  grad_norm: 3.6554  loss: 3.2150  vote_loss: 2.3258  objectness_loss: 0.2343  semantic_loss: 0.1174  center_loss: 0.1996  dir_class_loss: 0.0000  dir_res_loss: 0.0000  size_class_loss: 0.1174  size_res_loss: 0.2205
2026/06/03 08:09:38 - mmengine - INFO - Epoch(train) [28][570/779]  lr: 8.0000e-04  eta: 0:15:57  time: 0.1538  data_time: 0.0184  memory: 4189  grad_norm: 3.9645  loss: 3.2619  vote_loss: 2.3744  objectness_loss: 0.2338  semantic_loss: 0.1150  center_loss: 0.2031  dir_class_loss: 0.0000  dir_res_loss: 0.0000  size_class_loss: 0.1150  size_res_loss: 0.2205
2026/06/03 08:09:43 - mmengine - INFO - Epoch(train) [28][600/779]  lr: 8.0000e-04  eta: 0:15:53  time: 0.1467  data_time: 0.0136  memory: 4189  grad_norm: 4.0281  loss: 3.3719  vote_loss: 2.4873  objectness_loss: 0.2311  semantic_loss: 0.1184  center_loss: 0.1939  dir_class_loss: 0.0000  dir_res_loss: 0.0000  size_class_loss: 0.1184  size_res_loss: 0.2227
2026/06/03 08:09:47 - mmengine - INFO - Epoch(train) [28][630/779]  lr: 8.0000e-04  eta: 0:15:48  time: 0.1460  data_time: 0.0137  memory: 4189  grad_norm: 3.6692  loss: 3.3671  vote_loss: 2.4434  objectness_loss: 0.2359  semantic_loss: 0.1235  center_loss: 0.2055  dir_class_loss: 0.0000  dir_res_loss: 0.0000  size_class_loss: 0.1235  size_res_loss: 0.2353
2026/06/03 08:09:52 - mmengine - INFO - Epoch(train) [28][660/779]  lr: 8.0000e-04  eta: 0:15:44  time: 0.1463  data_time: 0.0140  memory: 4189  grad_norm: 3.4379  loss: 3.2909  vote_loss: 2.3986  objectness_loss: 0.2360  semantic_loss: 0.1146  center_loss: 0.2007  dir_class_loss: 0.0000  dir_res_loss: 0.0000  size_class_loss: 0.1146  size_res_loss: 0.2264
2026/06/03 08:09:56 - mmengine - INFO - Epoch(train) [28][690/779]  lr: 8.0000e-04  eta: 0:15:39  time: 0.1458  data_time: 0.0139  memory: 4189  grad_norm: 3.8066  loss: 3.1827  vote_loss: 2.3075  objectness_loss: 0.2263  semantic_loss: 0.1125  center_loss: 0.2021  dir_class_loss: 0.0000  dir_res_loss: 0.0000  size_class_loss: 0.1125  size_res_loss: 0.2217
2026/06/03 08:10:00 - mmengine - INFO - Epoch(train) [28][720/779]  lr: 8.0000e-04  eta: 0:15:35  time: 0.1445  data_time: 0.0133  memory: 4189  grad_norm: 3.8440  loss: 3.1626  vote_loss: 2.3031  objectness_loss: 0.2153  semantic_loss: 0.1174  center_loss: 0.2005  dir_class_loss: 0.0000  dir_res_loss: 0.0000  size_class_loss: 0.1174  size_res_loss: 0.2090
2026/06/03 08:10:05 - mmengine - INFO - Epoch(train) [28][750/779]  lr: 8.0000e-04  eta: 0:15:30  time: 0.1504  data_time: 0.0144  memory: 4189  grad_norm: 3.7620  loss: 3.2390  vote_loss: 2.3441  objectness_loss: 0.2187  semantic_loss: 0.1251  center_loss: 0.1987  dir_class_loss: 0.0000  dir_res_loss: 0.0000  size_class_loss: 0.1251  size_res_loss: 0.2273
2026/06/03 08:10:10 - mmengine - INFO - Exp name: votenet_8xb8_scannet-3d_20260603_071554
2026/06/03 08:10:15 - mmengine - INFO - Epoch(train) [29][ 30/779]  lr: 8.0000e-04  eta: 0:15:22  time: 0.1629  data_time: 0.0258  memory: 4189  grad_norm: 3.7593  loss: 3.2625  vote_loss: 2.3708  objectness_loss: 0.2301  semantic_loss: 0.1204  center_loss: 0.1960  dir_class_loss: 0.0000  dir_res_loss: 0.0000  size_class_loss: 0.1204  size_res_loss: 0.2248
2026/06/03 08:10:19 - mmengine - INFO - Epoch(train) [29][ 60/779]  lr: 8.0000e-04  eta: 0:15:17  time: 0.1492  data_time: 0.0143  memory: 4189  grad_norm: 3.8426  loss: 3.3458  vote_loss: 2.4167  objectness_loss: 0.2386  semantic_loss: 0.1250  center_loss: 0.2099  dir_class_loss: 0.0000  dir_res_loss: 0.0000  size_class_loss: 0.1250  size_res_loss: 0.2307
2026/06/03 08:10:24 - mmengine - INFO - Epoch(train) [29][ 90/779]  lr: 8.0000e-04  eta: 0:15:13  time: 0.1472  data_time: 0.0140  memory: 4189  grad_norm: 3.7817  loss: 3.2333  vote_loss: 2.3781  objectness_loss: 0.2225  semantic_loss: 0.1181  center_loss: 0.1903  dir_class_loss: 0.0000  dir_res_loss: 0.0000  size_class_loss: 0.1181  size_res_loss: 0.2064
2026/06/03 08:10:28 - mmengine - INFO - Epoch(train) [29][120/779]  lr: 8.0000e-04  eta: 0:15:08  time: 0.1456  data_time: 0.0138  memory: 4189  grad_norm: 3.6321  loss: 3.1778  vote_loss: 2.3305  objectness_loss: 0.2229  semantic_loss: 0.1168  center_loss: 0.1899  dir_class_loss: 0.0000  dir_res_loss: 0.0000  size_class_loss: 0.1168  size_res_loss: 0.2009
2026/06/03 08:10:32 - mmengine - INFO - Epoch(train) [29][150/779]  lr: 8.0000e-04  eta: 0:15:04  time: 0.1458  data_time: 0.0136  memory: 4189  grad_norm: 3.7501  loss: 3.2273  vote_loss: 2.3235  objectness_loss: 0.2334  semantic_loss: 0.1227  center_loss: 0.2049  dir_class_loss: 0.0000  dir_res_loss: 0.0000  size_class_loss: 0.1227  size_res_loss: 0.2202
2026/06/03 08:10:37 - mmengine - INFO - Epoch(train) [29][180/779]  lr: 8.0000e-04  eta: 0:14:59  time: 0.1447  data_time: 0.0133  memory: 4189  grad_norm: 3.9664  loss: 3.2398  vote_loss: 2.3611  objectness_loss: 0.2229  semantic_loss: 0.1148  center_loss: 0.2023  dir_class_loss: 0.0000  dir_res_loss: 0.0000  size_class_loss: 0.1148  size_res_loss: 0.2240
2026/06/03 08:10:38 - mmengine - INFO - Exp name: votenet_8xb8_scannet-3d_20260603_071554
2026/06/03 08:10:41 - mmengine - INFO - Epoch(train) [29][210/779]  lr: 8.0000e-04  eta: 0:14:55  time: 0.1446  data_time: 0.0135  memory: 4189  grad_norm: 4.0453  loss: 3.2572  vote_loss: 2.3966  objectness_loss: 0.2322  semantic_loss: 0.1038  center_loss: 0.2013  dir_class_loss: 0.0000  dir_res_loss: 0.0000  size_class_loss: 0.1038  size_res_loss: 0.2196
2026/06/03 08:10:45 - mmengine - INFO - Epoch(train) [29][240/779]  lr: 8.0000e-04  eta: 0:14:50  time: 0.1449  data_time: 0.0138  memory: 4189  grad_norm: 3.6964  loss: 3.2608  vote_loss: 2.4122  objectness_loss: 0.2161  semantic_loss: 0.1112  center_loss: 0.1976  dir_class_loss: 0.0000  dir_res_loss: 0.0000  size_class_loss: 0.1112  size_res_loss: 0.2125
2026/06/03 08:10:50 - mmengine - INFO - Epoch(train) [29][270/779]  lr: 8.0000e-04  eta: 0:14:46  time: 0.1459  data_time: 0.0138  memory: 4189  grad_norm: 3.4961  loss: 3.2837  vote_loss: 2.3977  objectness_loss: 0.2243  semantic_loss: 0.1158  center_loss: 0.2035  dir_class_loss: 0.0000  dir_res_loss: 0.0000  size_class_loss: 0.1158  size_res_loss: 0.2266
2026/06/03 08:10:54 - mmengine - INFO - Epoch(train) [29][300/779]  lr: 8.0000e-04  eta: 0:14:42  time: 0.1461  data_time: 0.0138  memory: 4189  grad_norm: 3.5520  loss: 3.1950  vote_loss: 2.3116  objectness_loss: 0.2242  semantic_loss: 0.1191  center_loss: 0.2042  dir_class_loss: 0.0000  dir_res_loss: 0.0000  size_class_loss: 0.1191  size_res_loss: 0.2169
2026/06/03 08:10:58 - mmengine - INFO - Epoch(train) [29][330/779]  lr: 8.0000e-04  eta: 0:14:37  time: 0.1450  data_time: 0.0138  memory: 4189  grad_norm: 3.7795  loss: 3.1606  vote_loss: 2.2884  objectness_loss: 0.2155  semantic_loss: 0.1166  center_loss: 0.2039  dir_class_loss: 0.0000  dir_res_loss: 0.0000  size_class_loss: 0.1166  size_res_loss: 0.2196
2026/06/03 08:11:03 - mmengine - INFO - Epoch(train) [29][360/779]  lr: 8.0000e-04  eta: 0:14:33  time: 0.1453  data_time: 0.0138  memory: 4189  grad_norm: 3.8094  loss: 3.1862  vote_loss: 2.3337  objectness_loss: 0.2154  semantic_loss: 0.1130  center_loss: 0.1934  dir_class_loss: 0.0000  dir_res_loss: 0.0000  size_class_loss: 0.1130  size_res_loss: 0.2177
2026/06/03 08:11:07 - mmengine - INFO - Epoch(train) [29][390/779]  lr: 8.0000e-04  eta: 0:14:28  time: 0.1448  data_time: 0.0138  memory: 4189  grad_norm: 3.7253  loss: 3.3131  vote_loss: 2.4354  objectness_loss: 0.2231  semantic_loss: 0.1151  center_loss: 0.1982  dir_class_loss: 0.0000  dir_res_loss: 0.0000  size_class_loss: 0.1151  size_res_loss: 0.2261
2026/06/03 08:11:11 - mmengine - INFO - Epoch(train) [29][420/779]  lr: 8.0000e-04  eta: 0:14:24  time: 0.1449  data_time: 0.0137  memory: 4189  grad_norm: 3.6587  loss: 3.2900  vote_loss: 2.3908  objectness_loss: 0.2191  semantic_loss: 0.1183  center_loss: 0.2123  dir_class_loss: 0.0000  dir_res_loss: 0.0000  size_class_loss: 0.1183  size_res_loss: 0.2311
2026/06/03 08:11:16 - mmengine - INFO - Epoch(train) [29][450/779]  lr: 8.0000e-04  eta: 0:14:19  time: 0.1459  data_time: 0.0137  memory: 4189  grad_norm: 3.8811  loss: 3.1354  vote_loss: 2.2901  objectness_loss: 0.2061  semantic_loss: 0.1180  center_loss: 0.1956  dir_class_loss: 0.0000  dir_res_loss: 0.0000  size_class_loss: 0.1180  size_res_loss: 0.2077
2026/06/03 08:11:20 - mmengine - INFO - Epoch(train) [29][480/779]  lr: 8.0000e-04  eta: 0:14:15  time: 0.1452  data_time: 0.0137  memory: 4189  grad_norm: 3.8501  loss: 2.9940  vote_loss: 2.1997  objectness_loss: 0.1961  semantic_loss: 0.1122  center_loss: 0.1792  dir_class_loss: 0.0000  dir_res_loss: 0.0000  size_class_loss: 0.1122  size_res_loss: 0.1946
2026/06/03 08:11:25 - mmengine - INFO - Epoch(train) [29][510/779]  lr: 8.0000e-04  eta: 0:14:10  time: 0.1469  data_time: 0.0139  memory: 4189  grad_norm: 3.5013  loss: 3.0206  vote_loss: 2.2397  objectness_loss: 0.2038  semantic_loss: 0.1030  center_loss: 0.1774  dir_class_loss: 0.0000  dir_res_loss: 0.0000  size_class_loss: 0.1030  size_res_loss: 0.1937
2026/06/03 08:11:29 - mmengine - INFO - Epoch(train) [29][540/779]  lr: 8.0000e-04  eta: 0:14:06  time: 0.1478  data_time: 0.0141  memory: 4189  grad_norm: 3.8005  loss: 3.1182  vote_loss: 2.3024  objectness_loss: 0.2056  semantic_loss: 0.1062  center_loss: 0.1905  dir_class_loss: 0.0000  dir_res_loss: 0.0000  size_class_loss: 0.1062  size_res_loss: 0.2074
2026/06/03 08:11:33 - mmengine - INFO - Epoch(train) [29][570/779]  lr: 8.0000e-04  eta: 0:14:01  time: 0.1461  data_time: 0.0139  memory: 4189  grad_norm: 3.8062  loss: 3.1657  vote_loss: 2.3267  objectness_loss: 0.2141  semantic_loss: 0.1047  center_loss: 0.1950  dir_class_loss: 0.0000  dir_res_loss: 0.0000  size_class_loss: 0.1047  size_res_loss: 0.2205
2026/06/03 08:11:38 - mmengine - INFO - Epoch(train) [29][600/779]  lr: 8.0000e-04  eta: 0:13:57  time: 0.1461  data_time: 0.0141  memory: 4189  grad_norm: 3.7648  loss: 3.1752  vote_loss: 2.3066  objectness_loss: 0.2198  semantic_loss: 0.1108  center_loss: 0.1935  dir_class_loss: 0.0000  dir_res_loss: 0.0000  size_class_loss: 0.1108  size_res_loss: 0.2337
2026/06/03 08:11:42 - mmengine - INFO - Epoch(train) [29][630/779]  lr: 8.0000e-04  eta: 0:13:52  time: 0.1461  data_time: 0.0143  memory: 4189  grad_norm: 3.9969  loss: 3.2557  vote_loss: 2.3557  objectness_loss: 0.2271  semantic_loss: 0.1224  center_loss: 0.1972  dir_class_loss: 0.0000  dir_res_loss: 0.0000  size_class_loss: 0.1224  size_res_loss: 0.2309
2026/06/03 08:11:47 - mmengine - INFO - Epoch(train) [29][660/779]  lr: 8.0000e-04  eta: 0:13:48  time: 0.1467  data_time: 0.0144  memory: 4189  grad_norm: 3.6420  loss: 3.2528  vote_loss: 2.3840  objectness_loss: 0.2254  semantic_loss: 0.1137  center_loss: 0.1992  dir_class_loss: 0.0000  dir_res_loss: 0.0000  size_class_loss: 0.1137  size_res_loss: 0.2170
2026/06/03 08:11:51 - mmengine - INFO - Epoch(train) [29][690/779]  lr: 8.0000e-04  eta: 0:13:43  time: 0.1458  data_time: 0.0138  memory: 4189  grad_norm: 3.5636  loss: 3.2610  vote_loss: 2.3665  objectness_loss: 0.2307  semantic_loss: 0.1198  center_loss: 0.2028  dir_class_loss: 0.0000  dir_res_loss: 0.0000  size_class_loss: 0.1198  size_res_loss: 0.2215
2026/06/03 08:11:55 - mmengine - INFO - Epoch(train) [29][720/779]  lr: 8.0000e-04  eta: 0:13:39  time: 0.1449  data_time: 0.0136  memory: 4189  grad_norm: 3.6840  loss: 3.1447  vote_loss: 2.2776  objectness_loss: 0.2185  semantic_loss: 0.1190  center_loss: 0.1931  dir_class_loss: 0.0000  dir_res_loss: 0.0000  size_class_loss: 0.1190  size_res_loss: 0.2176
2026/06/03 08:12:00 - mmengine - INFO - Epoch(train) [29][750/779]  lr: 8.0000e-04  eta: 0:13:34  time: 0.1452  data_time: 0.0136  memory: 4189  grad_norm: 3.5357  loss: 3.2192  vote_loss: 2.3591  objectness_loss: 0.2093  semantic_loss: 0.1180  center_loss: 0.1922  dir_class_loss: 0.0000  dir_res_loss: 0.0000  size_class_loss: 0.1180  size_res_loss: 0.2227
2026/06/03 08:12:04 - mmengine - INFO - Exp name: votenet_8xb8_scannet-3d_20260603_071554
2026/06/03 08:12:09 - mmengine - INFO - Epoch(train) [30][ 30/779]  lr: 8.0000e-04  eta: 0:13:26  time: 0.1621  data_time: 0.0228  memory: 4189  grad_norm: 4.0179  loss: 3.2590  vote_loss: 2.3864  objectness_loss: 0.2271  semantic_loss: 0.1183  center_loss: 0.1977  dir_class_loss: 0.0000  dir_res_loss: 0.0000  size_class_loss: 0.1183  size_res_loss: 0.2113
2026/06/03 08:12:14 - mmengine - INFO - Epoch(train) [30][ 60/779]  lr: 8.0000e-04  eta: 0:13:21  time: 0.1526  data_time: 0.0144  memory: 4189  grad_norm: 3.8885  loss: 3.3264  vote_loss: 2.4264  objectness_loss: 0.2320  semantic_loss: 0.1243  center_loss: 0.2094  dir_class_loss: 0.0000  dir_res_loss: 0.0000  size_class_loss: 0.1243  size_res_loss: 0.2099
2026/06/03 08:12:18 - mmengine - INFO - Epoch(train) [30][ 90/779]  lr: 8.0000e-04  eta: 0:13:17  time: 0.1457  data_time: 0.0134  memory: 4189  grad_norm: 3.6415  loss: 3.3049  vote_loss: 2.4092  objectness_loss: 0.2296  semantic_loss: 0.1228  center_loss: 0.2025  dir_class_loss: 0.0000  dir_res_loss: 0.0000  size_class_loss: 0.1228  size_res_loss: 0.2180
2026/06/03 08:12:22 - mmengine - INFO - Epoch(train) [30][120/779]  lr: 8.0000e-04  eta: 0:13:12  time: 0.1474  data_time: 0.0139  memory: 4189  grad_norm: 3.7397  loss: 3.1042  vote_loss: 2.2437  objectness_loss: 0.2188  semantic_loss: 0.1124  center_loss: 0.1907  dir_class_loss: 0.0000  dir_res_loss: 0.0000  size_class_loss: 0.1124  size_res_loss: 0.2262
2026/06/03 08:12:27 - mmengine - INFO - Epoch(train) [30][150/779]  lr: 8.0000e-04  eta: 0:13:08  time: 0.1497  data_time: 0.0143  memory: 4189  grad_norm: 3.5563  loss: 3.1733  vote_loss: 2.2834  objectness_loss: 0.2204  semantic_loss: 0.1133  center_loss: 0.2003  dir_class_loss: 0.0000  dir_res_loss: 0.0000  size_class_loss: 0.1133  size_res_loss: 0.2426
2026/06/03 08:12:31 - mmengine - INFO - Epoch(train) [30][180/779]  lr: 8.0000e-04  eta: 0:13:03  time: 0.1483  data_time: 0.0141  memory: 4189  grad_norm: 3.5878  loss: 3.1602  vote_loss: 2.2896  objectness_loss: 0.2157  semantic_loss: 0.1136  center_loss: 0.1984  dir_class_loss: 0.0000  dir_res_loss: 0.0000  size_class_loss: 0.1136  size_res_loss: 0.2293
2026/06/03 08:12:36 - mmengine - INFO - Epoch(train) [30][210/779]  lr: 8.0000e-04  eta: 0:12:59  time: 0.1481  data_time: 0.0141  memory: 4189  grad_norm: 3.7671  loss: 3.0913  vote_loss: 2.2605  objectness_loss: 0.2075  semantic_loss: 0.1175  center_loss: 0.1859  dir_class_loss: 0.0000  dir_res_loss: 0.0000  size_class_loss: 0.1175  size_res_loss: 0.2023
2026/06/03 08:12:40 - mmengine - INFO - Epoch(train) [30][240/779]  lr: 8.0000e-04  eta: 0:12:54  time: 0.1461  data_time: 0.0138  memory: 4189  grad_norm: 3.6250  loss: 3.1515  vote_loss: 2.3035  objectness_loss: 0.2139  semantic_loss: 0.1129  center_loss: 0.1954  dir_class_loss: 0.0000  dir_res_loss: 0.0000  size_class_loss: 0.1129  size_res_loss: 0.2129
2026/06/03 08:12:44 - mmengine - INFO - Epoch(train) [30][270/779]  lr: 8.0000e-04  eta: 0:12:50  time: 0.1459  data_time: 0.0136  memory: 4189  grad_norm: 3.6861  loss: 3.1432  vote_loss: 2.2971  objectness_loss: 0.2144  semantic_loss: 0.1064  center_loss: 0.1985  dir_class_loss: 0.0000  dir_res_loss: 0.0000  size_class_loss: 0.1064  size_res_loss: 0.2204
2026/06/03 08:12:49 - mmengine - INFO - Epoch(train) [30][300/779]  lr: 8.0000e-04  eta: 0:12:45  time: 0.1456  data_time: 0.0136  memory: 4189  grad_norm: 3.6419  loss: 3.3072  vote_loss: 2.4203  objectness_loss: 0.2236  semantic_loss: 0.1147  center_loss: 0.2067  dir_class_loss: 0.0000  dir_res_loss: 0.0000  size_class_loss: 0.1147  size_res_loss: 0.2271
2026/06/03 08:12:53 - mmengine - INFO - Epoch(train) [30][330/779]  lr: 8.0000e-04  eta: 0:12:41  time: 0.1491  data_time: 0.0144  memory: 4189  grad_norm: 3.5332  loss: 3.0932  vote_loss: 2.2558  objectness_loss: 0.2165  semantic_loss: 0.1058  center_loss: 0.1959  dir_class_loss: 0.0000  dir_res_loss: 0.0000  size_class_loss: 0.1058  size_res_loss: 0.2136
2026/06/03 08:12:58 - mmengine - INFO - Epoch(train) [30][360/779]  lr: 8.0000e-04  eta: 0:12:36  time: 0.1477  data_time: 0.0140  memory: 4189  grad_norm: 3.6506  loss: 3.0664  vote_loss: 2.2303  objectness_loss: 0.2151  semantic_loss: 0.1121  center_loss: 0.1857  dir_class_loss: 0.0000  dir_res_loss: 0.0000  size_class_loss: 0.1121  size_res_loss: 0.2112
2026/06/03 08:13:02 - mmengine - INFO - Epoch(train) [30][390/779]  lr: 8.0000e-04  eta: 0:12:32  time: 0.1457  data_time: 0.0139  memory: 4189  grad_norm: 3.8086  loss: 3.1656  vote_loss: 2.3209  objectness_loss: 0.2133  semantic_loss: 0.1154  center_loss: 0.1915  dir_class_loss: 0.0000  dir_res_loss: 0.0000  size_class_loss: 0.1154  size_res_loss: 0.2091
2026/06/03 08:13:05 - mmengine - INFO - Exp name: votenet_8xb8_scannet-3d_20260603_071554
2026/06/03 08:13:07 - mmengine - INFO - Epoch(train) [30][420/779]  lr: 8.0000e-04  eta: 0:12:28  time: 0.1508  data_time: 0.0145  memory: 4189  grad_norm: 3.8995  loss: 3.1218  vote_loss: 2.2713  objectness_loss: 0.2246  semantic_loss: 0.1145  center_loss: 0.1930  dir_class_loss: 0.0000  dir_res_loss: 0.0000  size_class_loss: 0.1145  size_res_loss: 0.2039
2026/06/03 08:13:11 - mmengine - INFO - Epoch(train) [30][450/779]  lr: 8.0000e-04  eta: 0:12:23  time: 0.1464  data_time: 0.0135  memory: 4189  grad_norm: 3.7547  loss: 3.1331  vote_loss: 2.3070  objectness_loss: 0.2170  semantic_loss: 0.1093  center_loss: 0.1909  dir_class_loss: 0.0000  dir_res_loss: 0.0000  size_class_loss: 0.1093  size_res_loss: 0.1996
2026/06/03 08:13:16 - mmengine - INFO - Epoch(train) [30][480/779]  lr: 8.0000e-04  eta: 0:12:19  time: 0.1474  data_time: 0.0136  memory: 4189  grad_norm: 3.6473  loss: 3.1526  vote_loss: 2.3276  objectness_loss: 0.2111  semantic_loss: 0.1105  center_loss: 0.1862  dir_class_loss: 0.0000  dir_res_loss: 0.0000  size_class_loss: 0.1105  size_res_loss: 0.2066
2026/06/03 08:13:20 - mmengine - INFO - Epoch(train) [30][510/779]  lr: 8.0000e-04  eta: 0:12:14  time: 0.1489  data_time: 0.0139  memory: 4189  grad_norm: 3.5315  loss: 3.1334  vote_loss: 2.2926  objectness_loss: 0.2158  semantic_loss: 0.1112  center_loss: 0.1894  dir_class_loss: 0.0000  dir_res_loss: 0.0000  size_class_loss: 0.1112  size_res_loss: 0.2133
2026/06/03 08:13:24 - mmengine - INFO - Epoch(train) [30][540/779]  lr: 8.0000e-04  eta: 0:12:10  time: 0.1460  data_time: 0.0138  memory: 4189  grad_norm: 3.8985  loss: 3.1882  vote_loss: 2.3301  objectness_loss: 0.2191  semantic_loss: 0.1038  center_loss: 0.1996  dir_class_loss: 0.0000  dir_res_loss: 0.0000  size_class_loss: 0.1038  size_res_loss: 0.2318
2026/06/03 08:13:29 - mmengine - INFO - Epoch(train) [30][570/779]  lr: 8.0000e-04  eta: 0:12:05  time: 0.1451  data_time: 0.0136  memory: 4189  grad_norm: 3.9221  loss: 3.1075  vote_loss: 2.2848  objectness_loss: 0.2140  semantic_loss: 0.0977  center_loss: 0.1962  dir_class_loss: 0.0000  dir_res_loss: 0.0000  size_class_loss: 0.0977  size_res_loss: 0.2171
2026/06/03 08:13:33 - mmengine - INFO - Epoch(train) [30][600/779]  lr: 8.0000e-04  eta: 0:12:01  time: 0.1451  data_time: 0.0136  memory: 4189  grad_norm: 4.1314  loss: 3.1919  vote_loss: 2.3437  objectness_loss: 0.2222  semantic_loss: 0.1101  center_loss: 0.1972  dir_class_loss: 0.0000  dir_res_loss: 0.0000  size_class_loss: 0.1101  size_res_loss: 0.2086
2026/06/03 08:13:37 - mmengine - INFO - Epoch(train) [30][630/779]  lr: 8.0000e-04  eta: 0:11:56  time: 0.1452  data_time: 0.0137  memory: 4189  grad_norm: 3.9870  loss: 3.2553  vote_loss: 2.3644  objectness_loss: 0.2258  semantic_loss: 0.1138  center_loss: 0.1985  dir_class_loss: 0.0000  dir_res_loss: 0.0000  size_class_loss: 0.1138  size_res_loss: 0.2391
2026/06/03 08:13:42 - mmengine - INFO - Epoch(train) [30][660/779]  lr: 8.0000e-04  eta: 0:11:52  time: 0.1476  data_time: 0.0138  memory: 4189  grad_norm: 3.8970  loss: 3.3424  vote_loss: 2.4219  objectness_loss: 0.2286  semantic_loss: 0.1211  center_loss: 0.2043  dir_class_loss: 0.0000  dir_res_loss: 0.0000  size_class_loss: 0.1210  size_res_loss: 0.2455
2026/06/03 08:13:46 - mmengine - INFO - Epoch(train) [30][690/779]  lr: 8.0000e-04  eta: 0:11:47  time: 0.1477  data_time: 0.0137  memory: 4189  grad_norm: 3.7337  loss: 3.1797  vote_loss: 2.3398  objectness_loss: 0.2119  semantic_loss: 0.1078  center_loss: 0.1962  dir_class_loss: 0.0000  dir_res_loss: 0.0000  size_class_loss: 0.1078  size_res_loss: 0.2164
2026/06/03 08:13:51 - mmengine - INFO - Epoch(train) [30][720/779]  lr: 8.0000e-04  eta: 0:11:43  time: 0.1461  data_time: 0.0131  memory: 4189  grad_norm: 3.6873  loss: 3.2802  vote_loss: 2.4411  objectness_loss: 0.2142  semantic_loss: 0.1026  center_loss: 0.1990  dir_class_loss: 0.0000  dir_res_loss: 0.0000  size_class_loss: 0.1026  size_res_loss: 0.2206
2026/06/03 08:13:55 - mmengine - INFO - Epoch(train) [30][750/779]  lr: 8.0000e-04  eta: 0:11:38  time: 0.1458  data_time: 0.0134  memory: 4189  grad_norm: 3.7269  loss: 3.2420  vote_loss: 2.3840  objectness_loss: 0.2256  semantic_loss: 0.1100  center_loss: 0.2000  dir_class_loss: 0.0000  dir_res_loss: 0.0000  size_class_loss: 0.1100  size_res_loss: 0.2125
2026/06/03 08:13:59 - mmengine - INFO - Exp name: votenet_8xb8_scannet-3d_20260603_071554
2026/06/03 08:14:04 - mmengine - INFO - Epoch(train) [31][ 30/779]  lr: 8.0000e-04  eta: 0:11:30  time: 0.1572  data_time: 0.0220  memory: 4189  grad_norm: 3.9239  loss: 3.0301  vote_loss: 2.2266  objectness_loss: 0.1999  semantic_loss: 0.1042  center_loss: 0.1826  dir_class_loss: 0.0000  dir_res_loss: 0.0000  size_class_loss: 0.1042  size_res_loss: 0.2126
2026/06/03 08:14:09 - mmengine - INFO - Epoch(train) [31][ 60/779]  lr: 8.0000e-04  eta: 0:11:25  time: 0.1553  data_time: 0.0151  memory: 4189  grad_norm: 3.4952  loss: 3.0913  vote_loss: 2.2617  objectness_loss: 0.1989  semantic_loss: 0.1113  center_loss: 0.1855  dir_class_loss: 0.0000  dir_res_loss: 0.0000  size_class_loss: 0.1113  size_res_loss: 0.2225
2026/06/03 08:14:13 - mmengine - INFO - Epoch(train) [31][ 90/779]  lr: 8.0000e-04  eta: 0:11:21  time: 0.1500  data_time: 0.0142  memory: 4189  grad_norm: 3.9672  loss: 3.0664  vote_loss: 2.2398  objectness_loss: 0.2026  semantic_loss: 0.1080  center_loss: 0.1844  dir_class_loss: 0.0000  dir_res_loss: 0.0000  size_class_loss: 0.1080  size_res_loss: 0.2236
2026/06/03 08:14:18 - mmengine - INFO - Epoch(train) [31][120/779]  lr: 8.0000e-04  eta: 0:11:16  time: 0.1446  data_time: 0.0129  memory: 4189  grad_norm: 3.7106  loss: 2.9644  vote_loss: 2.1661  objectness_loss: 0.2033  semantic_loss: 0.1083  center_loss: 0.1818  dir_class_loss: 0.0000  dir_res_loss: 0.0000  size_class_loss: 0.1083  size_res_loss: 0.1965
2026/06/03 08:14:22 - mmengine - INFO - Epoch(train) [31][150/779]  lr: 8.0000e-04  eta: 0:11:12  time: 0.1468  data_time: 0.0133  memory: 4189  grad_norm: 3.8548  loss: 2.9833  vote_loss: 2.1936  objectness_loss: 0.2025  semantic_loss: 0.1051  center_loss: 0.1870  dir_class_loss: 0.0000  dir_res_loss: 0.0000  size_class_loss: 0.1051  size_res_loss: 0.1899
2026/06/03 08:14:27 - mmengine - INFO - Epoch(train) [31][180/779]  lr: 8.0000e-04  eta: 0:11:07  time: 0.1497  data_time: 0.0142  memory: 4189  grad_norm: 3.8773  loss: 3.1472  vote_loss: 2.3147  objectness_loss: 0.2159  semantic_loss: 0.1069  center_loss: 0.1933  dir_class_loss: 0.0000  dir_res_loss: 0.0000  size_class_loss: 0.1069  size_res_loss: 0.2096
2026/06/03 08:14:31 - mmengine - INFO - Epoch(train) [31][210/779]  lr: 8.0000e-04  eta: 0:11:03  time: 0.1511  data_time: 0.0143  memory: 4189  grad_norm: 4.0222  loss: 3.2598  vote_loss: 2.3831  objectness_loss: 0.2171  semantic_loss: 0.1234  center_loss: 0.1876  dir_class_loss: 0.0000  dir_res_loss: 0.0000  size_class_loss: 0.1234  size_res_loss: 0.2252
2026/06/03 08:14:35 - mmengine - INFO - Epoch(train) [31][240/779]  lr: 8.0000e-04  eta: 0:10:58  time: 0.1473  data_time: 0.0138  memory: 4189  grad_norm: 3.7810  loss: 3.0565  vote_loss: 2.2396  objectness_loss: 0.2040  semantic_loss: 0.1114  center_loss: 0.1839  dir_class_loss: 0.0000  dir_res_loss: 0.0000  size_class_loss: 0.1113  size_res_loss: 0.2063
2026/06/03 08:14:40 - mmengine - INFO - Epoch(train) [31][270/779]  lr: 8.0000e-04  eta: 0:10:54  time: 0.1461  data_time: 0.0135  memory: 4189  grad_norm: 3.6570  loss: 3.0060  vote_loss: 2.1658  objectness_loss: 0.2153  semantic_loss: 0.1069  center_loss: 0.1926  dir_class_loss: 0.0000  dir_res_loss: 0.0000  size_class_loss: 0.1069  size_res_loss: 0.2184
2026/06/03 08:14:44 - mmengine - INFO - Epoch(train) [31][300/779]  lr: 8.0000e-04  eta: 0:10:50  time: 0.1468  data_time: 0.0144  memory: 4189  grad_norm: 3.8535  loss: 3.0239  vote_loss: 2.2038  objectness_loss: 0.2131  semantic_loss: 0.1023  center_loss: 0.1975  dir_class_loss: 0.0000  dir_res_loss: 0.0000  size_class_loss: 0.1023  size_res_loss: 0.2048
2026/06/03 08:14:49 - mmengine - INFO - Epoch(train) [31][330/779]  lr: 8.0000e-04  eta: 0:10:45  time: 0.1461  data_time: 0.0144  memory: 4189  grad_norm: 3.8985  loss: 3.1200  vote_loss: 2.2918  objectness_loss: 0.2146  semantic_loss: 0.1050  center_loss: 0.1938  dir_class_loss: 0.0000  dir_res_loss: 0.0000  size_class_loss: 0.1050  size_res_loss: 0.2097
2026/06/03 08:14:53 - mmengine - INFO - Epoch(train) [31][360/779]  lr: 8.0000e-04  eta: 0:10:41  time: 0.1455  data_time: 0.0136  memory: 4189  grad_norm: 3.9102  loss: 3.2084  vote_loss: 2.3530  objectness_loss: 0.2205  semantic_loss: 0.1139  center_loss: 0.1968  dir_class_loss: 0.0000  dir_res_loss: 0.0000  size_class_loss: 0.1139  size_res_loss: 0.2104
2026/06/03 08:14:57 - mmengine - INFO - Epoch(train) [31][390/779]  lr: 8.0000e-04  eta: 0:10:36  time: 0.1459  data_time: 0.0133  memory: 4189  grad_norm: 3.6915  loss: 3.2288  vote_loss: 2.3861  objectness_loss: 0.2204  semantic_loss: 0.1060  center_loss: 0.1979  dir_class_loss: 0.0000  dir_res_loss: 0.0000  size_class_loss: 0.1060  size_res_loss: 0.2122
2026/06/03 08:15:02 - mmengine - INFO - Epoch(train) [31][420/779]  lr: 8.0000e-04  eta: 0:10:32  time: 0.1477  data_time: 0.0134  memory: 4189  grad_norm: 3.6127  loss: 3.2211  vote_loss: 2.3689  objectness_loss: 0.2202  semantic_loss: 0.1053  center_loss: 0.1976  dir_class_loss: 0.0000  dir_res_loss: 0.0000  size_class_loss: 0.1053  size_res_loss: 0.2239
2026/06/03 08:15:06 - mmengine - INFO - Epoch(train) [31][450/779]  lr: 8.0000e-04  eta: 0:10:27  time: 0.1464  data_time: 0.0135  memory: 4189  grad_norm: 3.6879  loss: 3.3177  vote_loss: 2.4456  objectness_loss: 0.2218  semantic_loss: 0.1060  center_loss: 0.2012  dir_class_loss: 0.0000  dir_res_loss: 0.0000  size_class_loss: 0.1060  size_res_loss: 0.2372
2026/06/03 08:15:11 - mmengine - INFO - Epoch(train) [31][480/779]  lr: 8.0000e-04  eta: 0:10:23  time: 0.1458  data_time: 0.0139  memory: 4189  grad_norm: 3.9970  loss: 3.1636  vote_loss: 2.3169  objectness_loss: 0.2093  semantic_loss: 0.1111  center_loss: 0.1994  dir_class_loss: 0.0000  dir_res_loss: 0.0000  size_class_loss: 0.1111  size_res_loss: 0.2158
2026/06/03 08:15:15 - mmengine - INFO - Epoch(train) [31][510/779]  lr: 8.0000e-04  eta: 0:10:18  time: 0.1486  data_time: 0.0144  memory: 4189  grad_norm: 3.8387  loss: 3.0920  vote_loss: 2.2542  objectness_loss: 0.2155  semantic_loss: 0.1117  center_loss: 0.1940  dir_class_loss: 0.0000  dir_res_loss: 0.0000  size_class_loss: 0.1117  size_res_loss: 0.2049
2026/06/03 08:15:19 - mmengine - INFO - Epoch(train) [31][540/779]  lr: 8.0000e-04  eta: 0:10:14  time: 0.1487  data_time: 0.0143  memory: 4189  grad_norm: 3.7837  loss: 3.1729  vote_loss: 2.3364  objectness_loss: 0.2150  semantic_loss: 0.1072  center_loss: 0.1961  dir_class_loss: 0.0000  dir_res_loss: 0.0000  size_class_loss: 0.1072  size_res_loss: 0.2108
2026/06/03 08:15:24 - mmengine - INFO - Epoch(train) [31][570/779]  lr: 8.0000e-04  eta: 0:10:09  time: 0.1412  data_time: 0.0130  memory: 4189  grad_norm: 4.0517  loss: 3.1810  vote_loss: 2.3257  objectness_loss: 0.2268  semantic_loss: 0.1142  center_loss: 0.1961  dir_class_loss: 0.0000  dir_res_loss: 0.0000  size_class_loss: 0.1142  size_res_loss: 0.2039
2026/06/03 08:15:28 - mmengine - INFO - Epoch(train) [31][600/779]  lr: 8.0000e-04  eta: 0:10:05  time: 0.1382  data_time: 0.0126  memory: 4189  grad_norm: 4.0962  loss: 3.1382  vote_loss: 2.3123  objectness_loss: 0.2219  semantic_loss: 0.1044  center_loss: 0.1896  dir_class_loss: 0.0000  dir_res_loss: 0.0000  size_class_loss: 0.1044  size_res_loss: 0.2056
2026/06/03 08:15:32 - mmengine - INFO - Exp name: votenet_8xb8_scannet-3d_20260603_071554
2026/06/03 08:15:32 - mmengine - INFO - Epoch(train) [31][630/779]  lr: 8.0000e-04  eta: 0:10:00  time: 0.1386  data_time: 0.0125  memory: 4189  grad_norm: 3.6295  loss: 3.2720  vote_loss: 2.4214  objectness_loss: 0.2137  semantic_loss: 0.1079  center_loss: 0.1936  dir_class_loss: 0.0000  dir_res_loss: 0.0000  size_class_loss: 0.1079  size_res_loss: 0.2275
2026/06/03 08:15:36 - mmengine - INFO - Epoch(train) [31][660/779]  lr: 8.0000e-04  eta: 0:09:56  time: 0.1392  data_time: 0.0127  memory: 4189  grad_norm: 3.8384  loss: 3.3007  vote_loss: 2.4250  objectness_loss: 0.2195  semantic_loss: 0.1187  center_loss: 0.1996  dir_class_loss: 0.0000  dir_res_loss: 0.0000  size_class_loss: 0.1187  size_res_loss: 0.2190
2026/06/03 08:15:40 - mmengine - INFO - Epoch(train) [31][690/779]  lr: 8.0000e-04  eta: 0:09:51  time: 0.1385  data_time: 0.0127  memory: 4189  grad_norm: 3.8250  loss: 3.1391  vote_loss: 2.2855  objectness_loss: 0.2165  semantic_loss: 0.1176  center_loss: 0.1931  dir_class_loss: 0.0000  dir_res_loss: 0.0000  size_class_loss: 0.1176  size_res_loss: 0.2088
2026/06/03 08:15:45 - mmengine - INFO - Epoch(train) [31][720/779]  lr: 8.0000e-04  eta: 0:09:47  time: 0.1417  data_time: 0.0133  memory: 4189  grad_norm: 3.8933  loss: 3.2111  vote_loss: 2.3427  objectness_loss: 0.2317  semantic_loss: 0.1135  center_loss: 0.1967  dir_class_loss: 0.0000  dir_res_loss: 0.0000  size_class_loss: 0.1135  size_res_loss: 0.2131
2026/06/03 08:15:49 - mmengine - INFO - Epoch(train) [31][750/779]  lr: 8.0000e-04  eta: 0:09:42  time: 0.1478  data_time: 0.0143  memory: 4189  grad_norm: 3.7367  loss: 3.2096  vote_loss: 2.3604  objectness_loss: 0.2269  semantic_loss: 0.1083  center_loss: 0.1941  dir_class_loss: 0.0000  dir_res_loss: 0.0000  size_class_loss: 0.1083  size_res_loss: 0.2116
2026/06/03 08:15:54 - mmengine - INFO - Exp name: votenet_8xb8_scannet-3d_20260603_071554
2026/06/03 08:15:59 - mmengine - INFO - Epoch(train) [32][ 30/779]  lr: 8.0000e-04  eta: 0:09:34  time: 0.1595  data_time: 0.0242  memory: 4189  grad_norm: 3.8196  loss: 3.1805  vote_loss: 2.3466  objectness_loss: 0.2141  semantic_loss: 0.1097  center_loss: 0.1889  dir_class_loss: 0.0000  dir_res_loss: 0.0000  size_class_loss: 0.1097  size_res_loss: 0.2115
2026/06/03 08:16:03 - mmengine - INFO - Epoch(train) [32][ 60/779]  lr: 8.0000e-04  eta: 0:09:29  time: 0.1460  data_time: 0.0138  memory: 4189  grad_norm: 3.6143  loss: 3.0530  vote_loss: 2.2217  objectness_loss: 0.1992  semantic_loss: 0.1128  center_loss: 0.1928  dir_class_loss: 0.0000  dir_res_loss: 0.0000  size_class_loss: 0.1128  size_res_loss: 0.2137
2026/06/03 08:16:07 - mmengine - INFO - Epoch(train) [32][ 90/779]  lr: 8.0000e-04  eta: 0:09:25  time: 0.1471  data_time: 0.0139  memory: 4189  grad_norm: 3.6712  loss: 3.0534  vote_loss: 2.2180  objectness_loss: 0.2073  semantic_loss: 0.1151  center_loss: 0.1926  dir_class_loss: 0.0000  dir_res_loss: 0.0000  size_class_loss: 0.1151  size_res_loss: 0.2055
2026/06/03 08:16:12 - mmengine - INFO - Epoch(train) [32][120/779]  lr: 8.0000e-04  eta: 0:09:20  time: 0.1459  data_time: 0.0139  memory: 4189  grad_norm: 3.5465  loss: 3.0415  vote_loss: 2.2150  objectness_loss: 0.2185  semantic_loss: 0.1060  center_loss: 0.1897  dir_class_loss: 0.0000  dir_res_loss: 0.0000  size_class_loss: 0.1060  size_res_loss: 0.2064
2026/06/03 08:16:16 - mmengine - INFO - Epoch(train) [32][150/779]  lr: 8.0000e-04  eta: 0:09:16  time: 0.1454  data_time: 0.0139  memory: 4189  grad_norm: 3.6554  loss: 3.1085  vote_loss: 2.2855  objectness_loss: 0.2115  semantic_loss: 0.1092  center_loss: 0.1883  dir_class_loss: 0.0000  dir_res_loss: 0.0000  size_class_loss: 0.1092  size_res_loss: 0.2048
2026/06/03 08:16:20 - mmengine - INFO - Epoch(train) [32][180/779]  lr: 8.0000e-04  eta: 0:09:11  time: 0.1459  data_time: 0.0138  memory: 4189  grad_norm: 3.7127  loss: 3.1572  vote_loss: 2.3229  objectness_loss: 0.2075  semantic_loss: 0.1100  center_loss: 0.1941  dir_class_loss: 0.0000  dir_res_loss: 0.0000  size_class_loss: 0.1100  size_res_loss: 0.2126
2026/06/03 08:16:25 - mmengine - INFO - Epoch(train) [32][210/779]  lr: 8.0000e-04  eta: 0:09:07  time: 0.1467  data_time: 0.0138  memory: 4189  grad_norm: 3.6095  loss: 3.1164  vote_loss: 2.3062  objectness_loss: 0.1968  semantic_loss: 0.1077  center_loss: 0.1881  dir_class_loss: 0.0000  dir_res_loss: 0.0000  size_class_loss: 0.1077  size_res_loss: 0.2101
2026/06/03 08:16:29 - mmengine - INFO - Epoch(train) [32][240/779]  lr: 8.0000e-04  eta: 0:09:02  time: 0.1470  data_time: 0.0140  memory: 4189  grad_norm: 3.6358  loss: 3.1700  vote_loss: 2.3419  objectness_loss: 0.2118  semantic_loss: 0.1047  center_loss: 0.1897  dir_class_loss: 0.0000  dir_res_loss: 0.0000  size_class_loss: 0.1047  size_res_loss: 0.2172
2026/06/03 08:16:34 - mmengine - INFO - Epoch(train) [32][270/779]  lr: 8.0000e-04  eta: 0:08:58  time: 0.1459  data_time: 0.0141  memory: 4189  grad_norm: 3.9884  loss: 3.1421  vote_loss: 2.3121  objectness_loss: 0.2062  semantic_loss: 0.1136  center_loss: 0.1864  dir_class_loss: 0.0000  dir_res_loss: 0.0000  size_class_loss: 0.1136  size_res_loss: 0.2101
2026/06/03 08:16:38 - mmengine - INFO - Epoch(train) [32][300/779]  lr: 8.0000e-04  eta: 0:08:53  time: 0.1470  data_time: 0.0143  memory: 4189  grad_norm: 4.1237  loss: 3.1360  vote_loss: 2.2961  objectness_loss: 0.2071  semantic_loss: 0.1132  center_loss: 0.1939  dir_class_loss: 0.0000  dir_res_loss: 0.0000  size_class_loss: 0.1132  size_res_loss: 0.2124
2026/06/03 08:16:43 - mmengine - INFO - Epoch(train) [32][330/779]  lr: 8.0000e-04  eta: 0:08:49  time: 0.1468  data_time: 0.0144  memory: 4189  grad_norm: 3.9731  loss: 3.0925  vote_loss: 2.2936  objectness_loss: 0.2019  semantic_loss: 0.1057  center_loss: 0.1830  dir_class_loss: 0.0000  dir_res_loss: 0.0000  size_class_loss: 0.1057  size_res_loss: 0.2026
2026/06/03 08:16:47 - mmengine - INFO - Epoch(train) [32][360/779]  lr: 8.0000e-04  eta: 0:08:45  time: 0.1446  data_time: 0.0143  memory: 4189  grad_norm: 4.0819  loss: 2.9641  vote_loss: 2.2016  objectness_loss: 0.1940  semantic_loss: 0.0987  center_loss: 0.1821  dir_class_loss: 0.0000  dir_res_loss: 0.0000  size_class_loss: 0.0987  size_res_loss: 0.1890
2026/06/03 08:16:51 - mmengine - INFO - Epoch(train) [32][390/779]  lr: 8.0000e-04  eta: 0:08:40  time: 0.1438  data_time: 0.0137  memory: 4189  grad_norm: 3.8495  loss: 3.1525  vote_loss: 2.3201  objectness_loss: 0.2082  semantic_loss: 0.1126  center_loss: 0.1998  dir_class_loss: 0.0000  dir_res_loss: 0.0000  size_class_loss: 0.1126  size_res_loss: 0.1991
2026/06/03 08:16:56 - mmengine - INFO - Epoch(train) [32][420/779]  lr: 8.0000e-04  eta: 0:08:36  time: 0.1449  data_time: 0.0137  memory: 4189  grad_norm: 3.6569  loss: 3.2356  vote_loss: 2.4014  objectness_loss: 0.2108  semantic_loss: 0.1065  center_loss: 0.1896  dir_class_loss: 0.0000  dir_res_loss: 0.0000  size_class_loss: 0.1065  size_res_loss: 0.2207
2026/06/03 08:17:00 - mmengine - INFO - Epoch(train) [32][450/779]  lr: 8.0000e-04  eta: 0:08:31  time: 0.1450  data_time: 0.0136  memory: 4189  grad_norm: 3.7959  loss: 3.0286  vote_loss: 2.2546  objectness_loss: 0.2061  semantic_loss: 0.0912  center_loss: 0.1797  dir_class_loss: 0.0000  dir_res_loss: 0.0000  size_class_loss: 0.0912  size_res_loss: 0.2058
2026/06/03 08:17:04 - mmengine - INFO - Epoch(train) [32][480/779]  lr: 8.0000e-04  eta: 0:08:27  time: 0.1441  data_time: 0.0130  memory: 4189  grad_norm: 3.7408  loss: 3.0967  vote_loss: 2.2880  objectness_loss: 0.2053  semantic_loss: 0.1065  center_loss: 0.1815  dir_class_loss: 0.0000  dir_res_loss: 0.0000  size_class_loss: 0.1065  size_res_loss: 0.2090
2026/06/03 08:17:09 - mmengine - INFO - Epoch(train) [32][510/779]  lr: 8.0000e-04  eta: 0:08:22  time: 0.1447  data_time: 0.0135  memory: 4189  grad_norm: 3.6901  loss: 3.1600  vote_loss: 2.3314  objectness_loss: 0.1977  semantic_loss: 0.1085  center_loss: 0.1951  dir_class_loss: 0.0000  dir_res_loss: 0.0000  size_class_loss: 0.1085  size_res_loss: 0.2188
2026/06/03 08:17:13 - mmengine - INFO - Epoch(train) [32][540/779]  lr: 8.0000e-04  eta: 0:08:18  time: 0.1446  data_time: 0.0137  memory: 4189  grad_norm: 3.7752  loss: 3.2391  vote_loss: 2.3664  objectness_loss: 0.2252  semantic_loss: 0.1085  center_loss: 0.2038  dir_class_loss: 0.0000  dir_res_loss: 0.0000  size_class_loss: 0.1085  size_res_loss: 0.2267
2026/06/03 08:17:17 - mmengine - INFO - Epoch(train) [32][570/779]  lr: 8.0000e-04  eta: 0:08:13  time: 0.1467  data_time: 0.0136  memory: 4189  grad_norm: 3.8279  loss: 3.1562  vote_loss: 2.3113  objectness_loss: 0.2132  semantic_loss: 0.1080  center_loss: 0.1966  dir_class_loss: 0.0000  dir_res_loss: 0.0000  size_class_loss: 0.1080  size_res_loss: 0.2192
2026/06/03 08:17:22 - mmengine - INFO - Epoch(train) [32][600/779]  lr: 8.0000e-04  eta: 0:08:09  time: 0.1461  data_time: 0.0136  memory: 4189  grad_norm: 3.8603  loss: 3.0888  vote_loss: 2.2782  objectness_loss: 0.2100  semantic_loss: 0.1023  center_loss: 0.1896  dir_class_loss: 0.0000  dir_res_loss: 0.0000  size_class_loss: 0.1023  size_res_loss: 0.2065
2026/06/03 08:17:26 - mmengine - INFO - Epoch(train) [32][630/779]  lr: 8.0000e-04  eta: 0:08:04  time: 0.1494  data_time: 0.0144  memory: 4189  grad_norm: 3.7379  loss: 3.2014  vote_loss: 2.3645  objectness_loss: 0.2222  semantic_loss: 0.1074  center_loss: 0.1965  dir_class_loss: 0.0000  dir_res_loss: 0.0000  size_class_loss: 0.1074  size_res_loss: 0.2034
2026/06/03 08:17:31 - mmengine - INFO - Epoch(train) [32][660/779]  lr: 8.0000e-04  eta: 0:08:00  time: 0.1494  data_time: 0.0143  memory: 4189  grad_norm: 3.6916  loss: 3.1409  vote_loss: 2.3132  objectness_loss: 0.2132  semantic_loss: 0.1050  center_loss: 0.1998  dir_class_loss: 0.0000  dir_res_loss: 0.0000  size_class_loss: 0.1050  size_res_loss: 0.2048
2026/06/03 08:17:35 - mmengine - INFO - Epoch(train) [32][690/779]  lr: 8.0000e-04  eta: 0:07:55  time: 0.1471  data_time: 0.0141  memory: 4189  grad_norm: 3.6246  loss: 3.0753  vote_loss: 2.2644  objectness_loss: 0.2074  semantic_loss: 0.1041  center_loss: 0.1918  dir_class_loss: 0.0000  dir_res_loss: 0.0000  size_class_loss: 0.1041  size_res_loss: 0.2036
2026/06/03 08:17:40 - mmengine - INFO - Epoch(train) [32][720/779]  lr: 8.0000e-04  eta: 0:07:51  time: 0.1520  data_time: 0.0148  memory: 4189  grad_norm: 3.8650  loss: 3.0829  vote_loss: 2.2782  objectness_loss: 0.2073  semantic_loss: 0.1010  center_loss: 0.1902  dir_class_loss: 0.0000  dir_res_loss: 0.0000  size_class_loss: 0.1010  size_res_loss: 0.2053
2026/06/03 08:17:44 - mmengine - INFO - Epoch(train) [32][750/779]  lr: 8.0000e-04  eta: 0:07:47  time: 0.1523  data_time: 0.0146  memory: 4189  grad_norm: 3.7497  loss: 3.0674  vote_loss: 2.2696  objectness_loss: 0.2042  semantic_loss: 0.1006  center_loss: 0.1911  dir_class_loss: 0.0000  dir_res_loss: 0.0000  size_class_loss: 0.1006  size_res_loss: 0.2011
2026/06/03 08:17:48 - mmengine - INFO - Exp name: votenet_8xb8_scannet-3d_20260603_071554
2026/06/03 08:17:53 - mmengine - INFO - Epoch(train) [33][ 30/779]  lr: 8.0000e-05  eta: 0:07:38  time: 0.1598  data_time: 0.0248  memory: 4189  grad_norm: 3.8737  loss: 3.0486  vote_loss: 2.2424  objectness_loss: 0.2026  semantic_loss: 0.1074  center_loss: 0.1931  dir_class_loss: 0.0000  dir_res_loss: 0.0000  size_class_loss: 0.1074  size_res_loss: 0.1957
2026/06/03 08:17:58 - mmengine - INFO - Epoch(train) [33][ 60/779]  lr: 8.0000e-05  eta: 0:07:33  time: 0.1475  data_time: 0.0133  memory: 4189  grad_norm: 3.5908  loss: 3.1209  vote_loss: 2.3143  objectness_loss: 0.2036  semantic_loss: 0.1074  center_loss: 0.1887  dir_class_loss: 0.0000  dir_res_loss: 0.0000  size_class_loss: 0.1074  size_res_loss: 0.1996
2026/06/03 08:18:00 - mmengine - INFO - Exp name: votenet_8xb8_scannet-3d_20260603_071554
2026/06/03 08:18:03 - mmengine - INFO - Epoch(train) [33][ 90/779]  lr: 8.0000e-05  eta: 0:07:29  time: 0.1521  data_time: 0.0145  memory: 4189  grad_norm: 3.7278  loss: 3.1640  vote_loss: 2.3516  objectness_loss: 0.2080  semantic_loss: 0.1039  center_loss: 0.1949  dir_class_loss: 0.0000  dir_res_loss: 0.0000  size_class_loss: 0.1039  size_res_loss: 0.2018
2026/06/03 08:18:07 - mmengine - INFO - Epoch(train) [33][120/779]  lr: 8.0000e-05  eta: 0:07:24  time: 0.1538  data_time: 0.0144  memory: 4189  grad_norm: 3.5408  loss: 3.1472  vote_loss: 2.3376  objectness_loss: 0.2167  semantic_loss: 0.0964  center_loss: 0.1903  dir_class_loss: 0.0000  dir_res_loss: 0.0000  size_class_loss: 0.0964  size_res_loss: 0.2099
2026/06/03 08:18:11 - mmengine - INFO - Epoch(train) [33][150/779]  lr: 8.0000e-05  eta: 0:07:20  time: 0.1443  data_time: 0.0127  memory: 4189  grad_norm: 3.3605  loss: 3.1799  vote_loss: 2.3781  objectness_loss: 0.2135  semantic_loss: 0.0987  center_loss: 0.1817  dir_class_loss: 0.0000  dir_res_loss: 0.0000  size_class_loss: 0.0987  size_res_loss: 0.2091
2026/06/03 08:18:16 - mmengine - INFO - Epoch(train) [33][180/779]  lr: 8.0000e-05  eta: 0:07:16  time: 0.1445  data_time: 0.0135  memory: 4189  grad_norm: 3.5962  loss: 3.1227  vote_loss: 2.3437  objectness_loss: 0.2085  semantic_loss: 0.0942  center_loss: 0.1868  dir_class_loss: 0.0000  dir_res_loss: 0.0000  size_class_loss: 0.0942  size_res_loss: 0.1954
2026/06/03 08:18:20 - mmengine - INFO - Epoch(train) [33][210/779]  lr: 8.0000e-05  eta: 0:07:11  time: 0.1540  data_time: 0.0193  memory: 4189  grad_norm: 3.3937  loss: 3.0070  vote_loss: 2.2432  objectness_loss: 0.1920  semantic_loss: 0.0928  center_loss: 0.1812  dir_class_loss: 0.0000  dir_res_loss: 0.0000  size_class_loss: 0.0928  size_res_loss: 0.2050
2026/06/03 08:18:25 - mmengine - INFO - Epoch(train) [33][240/779]  lr: 8.0000e-05  eta: 0:07:07  time: 0.1531  data_time: 0.0192  memory: 4189  grad_norm: 3.5312  loss: 2.9030  vote_loss: 2.1567  objectness_loss: 0.1873  semantic_loss: 0.0964  center_loss: 0.1774  dir_class_loss: 0.0000  dir_res_loss: 0.0000  size_class_loss: 0.0964  size_res_loss: 0.1887
2026/06/03 08:18:29 - mmengine - INFO - Epoch(train) [33][270/779]  lr: 8.0000e-05  eta: 0:07:02  time: 0.1446  data_time: 0.0139  memory: 4189  grad_norm: 3.4671  loss: 3.0328  vote_loss: 2.2751  objectness_loss: 0.1963  semantic_loss: 0.0882  center_loss: 0.1839  dir_class_loss: 0.0000  dir_res_loss: 0.0000  size_class_loss: 0.0882  size_res_loss: 0.2011
2026/06/03 08:18:34 - mmengine - INFO - Epoch(train) [33][300/779]  lr: 8.0000e-05  eta: 0:06:58  time: 0.1461  data_time: 0.0142  memory: 4189  grad_norm: 3.4139  loss: 2.9568  vote_loss: 2.2004  objectness_loss: 0.1919  semantic_loss: 0.0902  center_loss: 0.1777  dir_class_loss: 0.0000  dir_res_loss: 0.0000  size_class_loss: 0.0902  size_res_loss: 0.2065
2026/06/03 08:18:38 - mmengine - INFO - Epoch(train) [33][330/779]  lr: 8.0000e-05  eta: 0:06:53  time: 0.1485  data_time: 0.0145  memory: 4189  grad_norm: 3.7390  loss: 2.9703  vote_loss: 2.2113  objectness_loss: 0.1869  semantic_loss: 0.0987  center_loss: 0.1728  dir_class_loss: 0.0000  dir_res_loss: 0.0000  size_class_loss: 0.0987  size_res_loss: 0.2020
2026/06/03 08:18:42 - mmengine - INFO - Epoch(train) [33][360/779]  lr: 8.0000e-05  eta: 0:06:49  time: 0.1479  data_time: 0.0141  memory: 4189  grad_norm: 3.6296  loss: 3.0701  vote_loss: 2.2790  objectness_loss: 0.2019  semantic_loss: 0.1029  center_loss: 0.1876  dir_class_loss: 0.0000  dir_res_loss: 0.0000  size_class_loss: 0.1029  size_res_loss: 0.1959
2026/06/03 08:18:47 - mmengine - INFO - Epoch(train) [33][390/779]  lr: 8.0000e-05  eta: 0:06:44  time: 0.1431  data_time: 0.0132  memory: 4189  grad_norm: 3.5260  loss: 3.1118  vote_loss: 2.2845  objectness_loss: 0.2082  semantic_loss: 0.1102  center_loss: 0.1889  dir_class_loss: 0.0000  dir_res_loss: 0.0000  size_class_loss: 0.1102  size_res_loss: 0.2099
2026/06/03 08:18:51 - mmengine - INFO - Epoch(train) [33][420/779]  lr: 8.0000e-05  eta: 0:06:40  time: 0.1428  data_time: 0.0129  memory: 4189  grad_norm: 3.4095  loss: 2.9706  vote_loss: 2.1929  objectness_loss: 0.1933  semantic_loss: 0.1042  center_loss: 0.1799  dir_class_loss: 0.0000  dir_res_loss: 0.0000  size_class_loss: 0.1042  size_res_loss: 0.1961
2026/06/03 08:18:55 - mmengine - INFO - Epoch(train) [33][450/779]  lr: 8.0000e-05  eta: 0:06:35  time: 0.1431  data_time: 0.0135  memory: 4189  grad_norm: 3.4261  loss: 2.9531  vote_loss: 2.1848  objectness_loss: 0.2013  semantic_loss: 0.0953  center_loss: 0.1740  dir_class_loss: 0.0000  dir_res_loss: 0.0000  size_class_loss: 0.0953  size_res_loss: 0.2025
2026/06/03 08:19:00 - mmengine - INFO - Epoch(train) [33][480/779]  lr: 8.0000e-05  eta: 0:06:31  time: 0.1495  data_time: 0.0143  memory: 4189  grad_norm: 3.7254  loss: 3.0053  vote_loss: 2.2149  objectness_loss: 0.2025  semantic_loss: 0.1002  center_loss: 0.1808  dir_class_loss: 0.0000  dir_res_loss: 0.0000  size_class_loss: 0.1002  size_res_loss: 0.2067
2026/06/03 08:19:04 - mmengine - INFO - Epoch(train) [33][510/779]  lr: 8.0000e-05  eta: 0:06:27  time: 0.1479  data_time: 0.0141  memory: 4189  grad_norm: 3.6259  loss: 3.1201  vote_loss: 2.3099  objectness_loss: 0.2179  semantic_loss: 0.1035  center_loss: 0.1849  dir_class_loss: 0.0000  dir_res_loss: 0.0000  size_class_loss: 0.1035  size_res_loss: 0.2004
2026/06/03 08:19:09 - mmengine - INFO - Epoch(train) [33][540/779]  lr: 8.0000e-05  eta: 0:06:22  time: 0.1465  data_time: 0.0139  memory: 4189  grad_norm: 3.4070  loss: 3.0903  vote_loss: 2.2857  objectness_loss: 0.2026  semantic_loss: 0.1049  center_loss: 0.1843  dir_class_loss: 0.0000  dir_res_loss: 0.0000  size_class_loss: 0.1049  size_res_loss: 0.2078
2026/06/03 08:19:13 - mmengine - INFO - Epoch(train) [33][570/779]  lr: 8.0000e-05  eta: 0:06:18  time: 0.1465  data_time: 0.0137  memory: 4189  grad_norm: 3.4125  loss: 3.0243  vote_loss: 2.2405  objectness_loss: 0.1997  semantic_loss: 0.1028  center_loss: 0.1791  dir_class_loss: 0.0000  dir_res_loss: 0.0000  size_class_loss: 0.1028  size_res_loss: 0.1995
2026/06/03 08:19:18 - mmengine - INFO - Epoch(train) [33][600/779]  lr: 8.0000e-05  eta: 0:06:13  time: 0.1475  data_time: 0.0138  memory: 4189  grad_norm: 3.5575  loss: 2.9980  vote_loss: 2.2139  objectness_loss: 0.2036  semantic_loss: 0.0959  center_loss: 0.1841  dir_class_loss: 0.0000  dir_res_loss: 0.0000  size_class_loss: 0.0959  size_res_loss: 0.2045
2026/06/03 08:19:22 - mmengine - INFO - Epoch(train) [33][630/779]  lr: 8.0000e-05  eta: 0:06:09  time: 0.1473  data_time: 0.0139  memory: 4189  grad_norm: 3.5301  loss: 2.8931  vote_loss: 2.1314  objectness_loss: 0.1884  semantic_loss: 0.0948  center_loss: 0.1827  dir_class_loss: 0.0000  dir_res_loss: 0.0000  size_class_loss: 0.0948  size_res_loss: 0.2008
2026/06/03 08:19:26 - mmengine - INFO - Epoch(train) [33][660/779]  lr: 8.0000e-05  eta: 0:06:04  time: 0.1466  data_time: 0.0138  memory: 4189  grad_norm: 3.6793  loss: 2.9809  vote_loss: 2.2278  objectness_loss: 0.1950  semantic_loss: 0.0922  center_loss: 0.1815  dir_class_loss: 0.0000  dir_res_loss: 0.0000  size_class_loss: 0.0922  size_res_loss: 0.1922
2026/06/03 08:19:31 - mmengine - INFO - Epoch(train) [33][690/779]  lr: 8.0000e-05  eta: 0:06:00  time: 0.1469  data_time: 0.0140  memory: 4189  grad_norm: 3.5926  loss: 3.0272  vote_loss: 2.2212  objectness_loss: 0.2169  semantic_loss: 0.1011  center_loss: 0.1866  dir_class_loss: 0.0000  dir_res_loss: 0.0000  size_class_loss: 0.1011  size_res_loss: 0.2002
2026/06/03 08:19:35 - mmengine - INFO - Epoch(train) [33][720/779]  lr: 8.0000e-05  eta: 0:05:55  time: 0.1461  data_time: 0.0139  memory: 4189  grad_norm: 3.4467  loss: 3.0685  vote_loss: 2.2618  objectness_loss: 0.2113  semantic_loss: 0.1032  center_loss: 0.1872  dir_class_loss: 0.0000  dir_res_loss: 0.0000  size_class_loss: 0.1032  size_res_loss: 0.2017
2026/06/03 08:19:40 - mmengine - INFO - Epoch(train) [33][750/779]  lr: 8.0000e-05  eta: 0:05:51  time: 0.1459  data_time: 0.0138  memory: 4189  grad_norm: 3.3829  loss: 3.1818  vote_loss: 2.3479  objectness_loss: 0.2187  semantic_loss: 0.1078  center_loss: 0.1891  dir_class_loss: 0.0000  dir_res_loss: 0.0000  size_class_loss: 0.1078  size_res_loss: 0.2104
2026/06/03 08:19:44 - mmengine - INFO - Exp name: votenet_8xb8_scannet-3d_20260603_071554
2026/06/03 08:19:49 - mmengine - INFO - Epoch(train) [34][ 30/779]  lr: 8.0000e-05  eta: 0:05:42  time: 0.1547  data_time: 0.0226  memory: 4189  grad_norm: 3.4936  loss: 3.0282  vote_loss: 2.2516  objectness_loss: 0.2059  semantic_loss: 0.0923  center_loss: 0.1818  dir_class_loss: 0.0000  dir_res_loss: 0.0000  size_class_loss: 0.0923  size_res_loss: 0.2044
2026/06/03 08:19:53 - mmengine - INFO - Epoch(train) [34][ 60/779]  lr: 8.0000e-05  eta: 0:05:38  time: 0.1505  data_time: 0.0140  memory: 4189  grad_norm: 3.7577  loss: 2.8892  vote_loss: 2.1477  objectness_loss: 0.1981  semantic_loss: 0.0910  center_loss: 0.1779  dir_class_loss: 0.0000  dir_res_loss: 0.0000  size_class_loss: 0.0910  size_res_loss: 0.1834
2026/06/03 08:19:58 - mmengine - INFO - Epoch(train) [34][ 90/779]  lr: 8.0000e-05  eta: 0:05:33  time: 0.1475  data_time: 0.0140  memory: 4189  grad_norm: 3.7323  loss: 3.0097  vote_loss: 2.2512  objectness_loss: 0.2047  semantic_loss: 0.0951  center_loss: 0.1779  dir_class_loss: 0.0000  dir_res_loss: 0.0000  size_class_loss: 0.0952  size_res_loss: 0.1856
2026/06/03 08:20:02 - mmengine - INFO - Epoch(train) [34][120/779]  lr: 8.0000e-05  eta: 0:05:29  time: 0.1484  data_time: 0.0145  memory: 4189  grad_norm: 3.4386  loss: 2.9497  vote_loss: 2.2121  objectness_loss: 0.1931  semantic_loss: 0.0932  center_loss: 0.1683  dir_class_loss: 0.0000  dir_res_loss: 0.0000  size_class_loss: 0.0932  size_res_loss: 0.1899
2026/06/03 08:20:07 - mmengine - INFO - Epoch(train) [34][150/779]  lr: 8.0000e-05  eta: 0:05:24  time: 0.1579  data_time: 0.0156  memory: 4189  grad_norm: 3.2875  loss: 3.0485  vote_loss: 2.2729  objectness_loss: 0.2003  semantic_loss: 0.0990  center_loss: 0.1781  dir_class_loss: 0.0000  dir_res_loss: 0.0000  size_class_loss: 0.0990  size_res_loss: 0.1993
2026/06/03 08:20:12 - mmengine - INFO - Epoch(train) [34][180/779]  lr: 8.0000e-05  eta: 0:05:20  time: 0.1579  data_time: 0.0153  memory: 4189  grad_norm: 3.4665  loss: 3.0881  vote_loss: 2.2769  objectness_loss: 0.2126  semantic_loss: 0.1025  center_loss: 0.1862  dir_class_loss: 0.0000  dir_res_loss: 0.0000  size_class_loss: 0.1025  size_res_loss: 0.2074
2026/06/03 08:20:16 - mmengine - INFO - Epoch(train) [34][210/779]  lr: 8.0000e-05  eta: 0:05:15  time: 0.1519  data_time: 0.0139  memory: 4189  grad_norm: 3.5263  loss: 3.1135  vote_loss: 2.2837  objectness_loss: 0.2102  semantic_loss: 0.1113  center_loss: 0.1922  dir_class_loss: 0.0000  dir_res_loss: 0.0000  size_class_loss: 0.1113  size_res_loss: 0.2048
2026/06/03 08:20:21 - mmengine - INFO - Epoch(train) [34][240/779]  lr: 8.0000e-05  eta: 0:05:11  time: 0.1527  data_time: 0.0145  memory: 4189  grad_norm: 3.4258  loss: 3.0425  vote_loss: 2.2570  objectness_loss: 0.1978  semantic_loss: 0.1030  center_loss: 0.1837  dir_class_loss: 0.0000  dir_res_loss: 0.0000  size_class_loss: 0.1030  size_res_loss: 0.1981
2026/06/03 08:20:25 - mmengine - INFO - Epoch(train) [34][270/779]  lr: 8.0000e-05  eta: 0:05:07  time: 0.1475  data_time: 0.0142  memory: 4189  grad_norm: 3.6397  loss: 3.1240  vote_loss: 2.3117  objectness_loss: 0.2023  semantic_loss: 0.1057  center_loss: 0.1867  dir_class_loss: 0.0000  dir_res_loss: 0.0000  size_class_loss: 0.1057  size_res_loss: 0.2120
2026/06/03 08:20:29 - mmengine - INFO - Exp name: votenet_8xb8_scannet-3d_20260603_071554
2026/06/03 08:20:30 - mmengine - INFO - Epoch(train) [34][300/779]  lr: 8.0000e-05  eta: 0:05:02  time: 0.1470  data_time: 0.0141  memory: 4189  grad_norm: 3.4827  loss: 3.1020  vote_loss: 2.3002  objectness_loss: 0.2035  semantic_loss: 0.0972  center_loss: 0.1940  dir_class_loss: 0.0000  dir_res_loss: 0.0000  size_class_loss: 0.0972  size_res_loss: 0.2099
2026/06/03 08:20:34 - mmengine - INFO - Epoch(train) [34][330/779]  lr: 8.0000e-05  eta: 0:04:58  time: 0.1460  data_time: 0.0140  memory: 4189  grad_norm: 3.6004  loss: 3.0685  vote_loss: 2.3006  objectness_loss: 0.2043  semantic_loss: 0.0870  center_loss: 0.1902  dir_class_loss: 0.0000  dir_res_loss: 0.0000  size_class_loss: 0.0870  size_res_loss: 0.1994
2026/06/03 08:20:38 - mmengine - INFO - Epoch(train) [34][360/779]  lr: 8.0000e-05  eta: 0:04:53  time: 0.1460  data_time: 0.0139  memory: 4189  grad_norm: 3.4849  loss: 2.9638  vote_loss: 2.2112  objectness_loss: 0.2015  semantic_loss: 0.0879  center_loss: 0.1823  dir_class_loss: 0.0000  dir_res_loss: 0.0000  size_class_loss: 0.0879  size_res_loss: 0.1930
2026/06/03 08:20:43 - mmengine - INFO - Epoch(train) [34][390/779]  lr: 8.0000e-05  eta: 0:04:49  time: 0.1465  data_time: 0.0143  memory: 4189  grad_norm: 3.6454  loss: 2.9932  vote_loss: 2.2611  objectness_loss: 0.1908  semantic_loss: 0.0836  center_loss: 0.1824  dir_class_loss: 0.0000  dir_res_loss: 0.0000  size_class_loss: 0.0836  size_res_loss: 0.1917
2026/06/03 08:20:47 - mmengine - INFO - Epoch(train) [34][420/779]  lr: 8.0000e-05  eta: 0:04:44  time: 0.1465  data_time: 0.0148  memory: 4189  grad_norm: 3.5207  loss: 2.9745  vote_loss: 2.2271  objectness_loss: 0.1959  semantic_loss: 0.0919  center_loss: 0.1783  dir_class_loss: 0.0000  dir_res_loss: 0.0000  size_class_loss: 0.0919  size_res_loss: 0.1895
2026/06/03 08:20:51 - mmengine - INFO - Epoch(train) [34][450/779]  lr: 8.0000e-05  eta: 0:04:40  time: 0.1454  data_time: 0.0147  memory: 4189  grad_norm: 3.5388  loss: 2.8817  vote_loss: 2.1255  objectness_loss: 0.1899  semantic_loss: 0.0990  center_loss: 0.1698  dir_class_loss: 0.0000  dir_res_loss: 0.0000  size_class_loss: 0.0990  size_res_loss: 0.1987
2026/06/03 08:20:56 - mmengine - INFO - Epoch(train) [34][480/779]  lr: 8.0000e-05  eta: 0:04:35  time: 0.1461  data_time: 0.0141  memory: 4189  grad_norm: 3.4814  loss: 3.0073  vote_loss: 2.2318  objectness_loss: 0.1856  semantic_loss: 0.1042  center_loss: 0.1808  dir_class_loss: 0.0000  dir_res_loss: 0.0000  size_class_loss: 0.1042  size_res_loss: 0.2008
2026/06/03 08:21:00 - mmengine - INFO - Epoch(train) [34][510/779]  lr: 8.0000e-05  eta: 0:04:31  time: 0.1475  data_time: 0.0140  memory: 4189  grad_norm: 3.3889  loss: 3.0592  vote_loss: 2.2901  objectness_loss: 0.1961  semantic_loss: 0.0992  center_loss: 0.1873  dir_class_loss: 0.0000  dir_res_loss: 0.0000  size_class_loss: 0.0992  size_res_loss: 0.1874
2026/06/03 08:21:05 - mmengine - INFO - Epoch(train) [34][540/779]  lr: 8.0000e-05  eta: 0:04:26  time: 0.1496  data_time: 0.0141  memory: 4189  grad_norm: 3.4149  loss: 3.0499  vote_loss: 2.2830  objectness_loss: 0.2001  semantic_loss: 0.0933  center_loss: 0.1863  dir_class_loss: 0.0000  dir_res_loss: 0.0000  size_class_loss: 0.0933  size_res_loss: 0.1939
2026/06/03 08:21:09 - mmengine - INFO - Epoch(train) [34][570/779]  lr: 8.0000e-05  eta: 0:04:22  time: 0.1454  data_time: 0.0138  memory: 4189  grad_norm: 3.3831  loss: 3.0722  vote_loss: 2.2997  objectness_loss: 0.1993  semantic_loss: 0.0921  center_loss: 0.1829  dir_class_loss: 0.0000  dir_res_loss: 0.0000  size_class_loss: 0.0921  size_res_loss: 0.2062
2026/06/03 08:21:13 - mmengine - INFO - Epoch(train) [34][600/779]  lr: 8.0000e-05  eta: 0:04:17  time: 0.1449  data_time: 0.0139  memory: 4189  grad_norm: 3.2937  loss: 2.9511  vote_loss: 2.2041  objectness_loss: 0.1861  semantic_loss: 0.0979  center_loss: 0.1791  dir_class_loss: 0.0000  dir_res_loss: 0.0000  size_class_loss: 0.0979  size_res_loss: 0.1861
2026/06/03 08:21:18 - mmengine - INFO - Epoch(train) [34][630/779]  lr: 8.0000e-05  eta: 0:04:13  time: 0.1458  data_time: 0.0139  memory: 4189  grad_norm: 3.2974  loss: 3.0643  vote_loss: 2.2601  objectness_loss: 0.2042  semantic_loss: 0.1063  center_loss: 0.1838  dir_class_loss: 0.0000  dir_res_loss: 0.0000  size_class_loss: 0.1063  size_res_loss: 0.2037
2026/06/03 08:21:22 - mmengine - INFO - Epoch(train) [34][660/779]  lr: 8.0000e-05  eta: 0:04:09  time: 0.1459  data_time: 0.0139  memory: 4189  grad_norm: 3.3967  loss: 3.0874  vote_loss: 2.3029  objectness_loss: 0.1980  semantic_loss: 0.0999  center_loss: 0.1821  dir_class_loss: 0.0000  dir_res_loss: 0.0000  size_class_loss: 0.0999  size_res_loss: 0.2047
2026/06/03 08:21:27 - mmengine - INFO - Epoch(train) [34][690/779]  lr: 8.0000e-05  eta: 0:04:04  time: 0.1456  data_time: 0.0139  memory: 4189  grad_norm: 3.3160  loss: 3.0514  vote_loss: 2.2806  objectness_loss: 0.1916  semantic_loss: 0.1003  center_loss: 0.1806  dir_class_loss: 0.0000  dir_res_loss: 0.0000  size_class_loss: 0.1003  size_res_loss: 0.1978
2026/06/03 08:21:31 - mmengine - INFO - Epoch(train) [34][720/779]  lr: 8.0000e-05  eta: 0:04:00  time: 0.1466  data_time: 0.0139  memory: 4189  grad_norm: 3.3674  loss: 2.9571  vote_loss: 2.1771  objectness_loss: 0.1942  semantic_loss: 0.1060  center_loss: 0.1809  dir_class_loss: 0.0000  dir_res_loss: 0.0000  size_class_loss: 0.1060  size_res_loss: 0.1930
2026/06/03 08:21:35 - mmengine - INFO - Epoch(train) [34][750/779]  lr: 8.0000e-05  eta: 0:03:55  time: 0.1466  data_time: 0.0139  memory: 4189  grad_norm: 3.2985  loss: 3.0272  vote_loss: 2.2581  objectness_loss: 0.1917  semantic_loss: 0.1017  center_loss: 0.1776  dir_class_loss: 0.0000  dir_res_loss: 0.0000  size_class_loss: 0.1017  size_res_loss: 0.1963
2026/06/03 08:21:40 - mmengine - INFO - Exp name: votenet_8xb8_scannet-3d_20260603_071554
2026/06/03 08:21:45 - mmengine - INFO - Epoch(train) [35][ 30/779]  lr: 8.0000e-05  eta: 0:03:46  time: 0.1609  data_time: 0.0235  memory: 4189  grad_norm: 3.5577  loss: 2.9772  vote_loss: 2.1913  objectness_loss: 0.2004  semantic_loss: 0.0970  center_loss: 0.1884  dir_class_loss: 0.0000  dir_res_loss: 0.0000  size_class_loss: 0.0970  size_res_loss: 0.2030
2026/06/03 08:21:49 - mmengine - INFO - Epoch(train) [35][ 60/779]  lr: 8.0000e-05  eta: 0:03:42  time: 0.1507  data_time: 0.0147  memory: 4189  grad_norm: 3.3863  loss: 2.9042  vote_loss: 2.1515  objectness_loss: 0.1946  semantic_loss: 0.0935  center_loss: 0.1763  dir_class_loss: 0.0000  dir_res_loss: 0.0000  size_class_loss: 0.0935  size_res_loss: 0.1948
2026/06/03 08:21:54 - mmengine - INFO - Epoch(train) [35][ 90/779]  lr: 8.0000e-05  eta: 0:03:38  time: 0.1451  data_time: 0.0137  memory: 4189  grad_norm: 3.4991  loss: 2.9602  vote_loss: 2.1908  objectness_loss: 0.1992  semantic_loss: 0.0952  center_loss: 0.1806  dir_class_loss: 0.0000  dir_res_loss: 0.0000  size_class_loss: 0.0952  size_res_loss: 0.1992
2026/06/03 08:21:58 - mmengine - INFO - Epoch(train) [35][120/779]  lr: 8.0000e-05  eta: 0:03:33  time: 0.1465  data_time: 0.0136  memory: 4189  grad_norm: 3.3898  loss: 3.0550  vote_loss: 2.2694  objectness_loss: 0.2036  semantic_loss: 0.0940  center_loss: 0.1840  dir_class_loss: 0.0000  dir_res_loss: 0.0000  size_class_loss: 0.0940  size_res_loss: 0.2101
2026/06/03 08:22:02 - mmengine - INFO - Epoch(train) [35][150/779]  lr: 8.0000e-05  eta: 0:03:29  time: 0.1467  data_time: 0.0138  memory: 4189  grad_norm: 3.4186  loss: 3.1478  vote_loss: 2.3367  objectness_loss: 0.2105  semantic_loss: 0.1003  center_loss: 0.1871  dir_class_loss: 0.0000  dir_res_loss: 0.0000  size_class_loss: 0.1003  size_res_loss: 0.2127
2026/06/03 08:22:07 - mmengine - INFO - Epoch(train) [35][180/779]  lr: 8.0000e-05  eta: 0:03:24  time: 0.1461  data_time: 0.0139  memory: 4189  grad_norm: 3.3666  loss: 2.9928  vote_loss: 2.2183  objectness_loss: 0.1946  semantic_loss: 0.1027  center_loss: 0.1778  dir_class_loss: 0.0000  dir_res_loss: 0.0000  size_class_loss: 0.1027  size_res_loss: 0.1966
2026/06/03 08:22:11 - mmengine - INFO - Epoch(train) [35][210/779]  lr: 8.0000e-05  eta: 0:03:20  time: 0.1511  data_time: 0.0148  memory: 4189  grad_norm: 3.3671  loss: 2.9512  vote_loss: 2.1932  objectness_loss: 0.1849  semantic_loss: 0.1025  center_loss: 0.1823  dir_class_loss: 0.0000  dir_res_loss: 0.0000  size_class_loss: 0.1025  size_res_loss: 0.1859
2026/06/03 08:22:16 - mmengine - INFO - Epoch(train) [35][240/779]  lr: 8.0000e-05  eta: 0:03:15  time: 0.1511  data_time: 0.0147  memory: 4189  grad_norm: 3.2932  loss: 3.0062  vote_loss: 2.2444  objectness_loss: 0.1975  semantic_loss: 0.0946  center_loss: 0.1821  dir_class_loss: 0.0000  dir_res_loss: 0.0000  size_class_loss: 0.0946  size_res_loss: 0.1929
2026/06/03 08:22:20 - mmengine - INFO - Epoch(train) [35][270/779]  lr: 8.0000e-05  eta: 0:03:11  time: 0.1470  data_time: 0.0140  memory: 4189  grad_norm: 3.2553  loss: 2.9631  vote_loss: 2.2197  objectness_loss: 0.1930  semantic_loss: 0.0889  center_loss: 0.1757  dir_class_loss: 0.0000  dir_res_loss: 0.0000  size_class_loss: 0.0889  size_res_loss: 0.1969
2026/06/03 08:22:25 - mmengine - INFO - Epoch(train) [35][300/779]  lr: 8.0000e-05  eta: 0:03:06  time: 0.1468  data_time: 0.0138  memory: 4189  grad_norm: 3.5893  loss: 3.0918  vote_loss: 2.3166  objectness_loss: 0.1981  semantic_loss: 0.1008  center_loss: 0.1795  dir_class_loss: 0.0000  dir_res_loss: 0.0000  size_class_loss: 0.1008  size_res_loss: 0.1959
2026/06/03 08:22:29 - mmengine - INFO - Epoch(train) [35][330/779]  lr: 8.0000e-05  eta: 0:03:02  time: 0.1457  data_time: 0.0137  memory: 4189  grad_norm: 3.4405  loss: 3.0349  vote_loss: 2.2574  objectness_loss: 0.2008  semantic_loss: 0.1047  center_loss: 0.1836  dir_class_loss: 0.0000  dir_res_loss: 0.0000  size_class_loss: 0.1047  size_res_loss: 0.1836
2026/06/03 08:22:33 - mmengine - INFO - Epoch(train) [35][360/779]  lr: 8.0000e-05  eta: 0:02:57  time: 0.1458  data_time: 0.0139  memory: 4189  grad_norm: 3.4017  loss: 2.9544  vote_loss: 2.1776  objectness_loss: 0.1938  semantic_loss: 0.1018  center_loss: 0.1835  dir_class_loss: 0.0000  dir_res_loss: 0.0000  size_class_loss: 0.1018  size_res_loss: 0.1959
2026/06/03 08:22:38 - mmengine - INFO - Epoch(train) [35][390/779]  lr: 8.0000e-05  eta: 0:02:53  time: 0.1458  data_time: 0.0143  memory: 4189  grad_norm: 3.6192  loss: 2.9684  vote_loss: 2.1882  objectness_loss: 0.1943  semantic_loss: 0.1027  center_loss: 0.1812  dir_class_loss: 0.0000  dir_res_loss: 0.0000  size_class_loss: 0.1027  size_res_loss: 0.1993
2026/06/03 08:22:42 - mmengine - INFO - Epoch(train) [35][420/779]  lr: 8.0000e-05  eta: 0:02:48  time: 0.1456  data_time: 0.0143  memory: 4189  grad_norm: 3.7701  loss: 3.1654  vote_loss: 2.3641  objectness_loss: 0.2072  semantic_loss: 0.1047  center_loss: 0.1838  dir_class_loss: 0.0000  dir_res_loss: 0.0000  size_class_loss: 0.1047  size_res_loss: 0.2008
2026/06/03 08:22:46 - mmengine - INFO - Epoch(train) [35][450/779]  lr: 8.0000e-05  eta: 0:02:44  time: 0.1454  data_time: 0.0140  memory: 4189  grad_norm: 3.6147  loss: 3.1236  vote_loss: 2.3427  objectness_loss: 0.2000  semantic_loss: 0.0975  center_loss: 0.1766  dir_class_loss: 0.0000  dir_res_loss: 0.0000  size_class_loss: 0.0975  size_res_loss: 0.2093
2026/06/03 08:22:51 - mmengine - INFO - Epoch(train) [35][480/779]  lr: 8.0000e-05  eta: 0:02:40  time: 0.1480  data_time: 0.0142  memory: 4189  grad_norm: 3.5765  loss: 3.0403  vote_loss: 2.2591  objectness_loss: 0.1977  semantic_loss: 0.0988  center_loss: 0.1854  dir_class_loss: 0.0000  dir_res_loss: 0.0000  size_class_loss: 0.0988  size_res_loss: 0.2004
2026/06/03 08:22:55 - mmengine - INFO - Epoch(train) [35][510/779]  lr: 8.0000e-05  eta: 0:02:35  time: 0.1480  data_time: 0.0142  memory: 4189  grad_norm: 3.5946  loss: 2.9740  vote_loss: 2.2019  objectness_loss: 0.1951  semantic_loss: 0.1010  center_loss: 0.1815  dir_class_loss: 0.0000  dir_res_loss: 0.0000  size_class_loss: 0.1010  size_res_loss: 0.1935
2026/06/03 08:22:56 - mmengine - INFO - Exp name: votenet_8xb8_scannet-3d_20260603_071554
2026/06/03 08:23:00 - mmengine - INFO - Epoch(train) [35][540/779]  lr: 8.0000e-05  eta: 0:02:31  time: 0.1451  data_time: 0.0140  memory: 4189  grad_norm: 3.7364  loss: 3.0792  vote_loss: 2.2966  objectness_loss: 0.1984  semantic_loss: 0.0963  center_loss: 0.1866  dir_class_loss: 0.0000  dir_res_loss: 0.0000  size_class_loss: 0.0963  size_res_loss: 0.2050
2026/06/03 08:23:04 - mmengine - INFO - Epoch(train) [35][570/779]  lr: 8.0000e-05  eta: 0:02:26  time: 0.1445  data_time: 0.0136  memory: 4189  grad_norm: 3.6943  loss: 3.0103  vote_loss: 2.2609  objectness_loss: 0.1916  semantic_loss: 0.0917  center_loss: 0.1783  dir_class_loss: 0.0000  dir_res_loss: 0.0000  size_class_loss: 0.0917  size_res_loss: 0.1961
2026/06/03 08:23:08 - mmengine - INFO - Epoch(train) [35][600/779]  lr: 8.0000e-05  eta: 0:02:22  time: 0.1455  data_time: 0.0135  memory: 4189  grad_norm: 3.5836  loss: 2.9922  vote_loss: 2.2138  objectness_loss: 0.2043  semantic_loss: 0.0967  center_loss: 0.1824  dir_class_loss: 0.0000  dir_res_loss: 0.0000  size_class_loss: 0.0967  size_res_loss: 0.1983
2026/06/03 08:23:13 - mmengine - INFO - Epoch(train) [35][630/779]  lr: 8.0000e-05  eta: 0:02:17  time: 0.1449  data_time: 0.0135  memory: 4189  grad_norm: 3.6483  loss: 2.9002  vote_loss: 2.1352  objectness_loss: 0.1944  semantic_loss: 0.1028  center_loss: 0.1807  dir_class_loss: 0.0000  dir_res_loss: 0.0000  size_class_loss: 0.1028  size_res_loss: 0.1843
2026/06/03 08:23:17 - mmengine - INFO - Epoch(train) [35][660/779]  lr: 8.0000e-05  eta: 0:02:13  time: 0.1448  data_time: 0.0135  memory: 4189  grad_norm: 3.4051  loss: 3.0569  vote_loss: 2.2737  objectness_loss: 0.1908  semantic_loss: 0.1002  center_loss: 0.1795  dir_class_loss: 0.0000  dir_res_loss: 0.0000  size_class_loss: 0.1002  size_res_loss: 0.2123
2026/06/03 08:23:22 - mmengine - INFO - Epoch(train) [35][690/779]  lr: 8.0000e-05  eta: 0:02:08  time: 0.1457  data_time: 0.0137  memory: 4189  grad_norm: 3.5180  loss: 3.0884  vote_loss: 2.3238  objectness_loss: 0.1914  semantic_loss: 0.0925  center_loss: 0.1792  dir_class_loss: 0.0000  dir_res_loss: 0.0000  size_class_loss: 0.0925  size_res_loss: 0.2089
2026/06/03 08:23:26 - mmengine - INFO - Epoch(train) [35][720/779]  lr: 8.0000e-05  eta: 0:02:04  time: 0.1448  data_time: 0.0137  memory: 4189  grad_norm: 3.4034  loss: 2.9433  vote_loss: 2.1845  objectness_loss: 0.1979  semantic_loss: 0.0943  center_loss: 0.1775  dir_class_loss: 0.0000  dir_res_loss: 0.0000  size_class_loss: 0.0943  size_res_loss: 0.1948
2026/06/03 08:23:30 - mmengine - INFO - Epoch(train) [35][750/779]  lr: 8.0000e-05  eta: 0:01:59  time: 0.1436  data_time: 0.0134  memory: 4189  grad_norm: 3.6132  loss: 3.0298  vote_loss: 2.2553  objectness_loss: 0.2079  semantic_loss: 0.0965  center_loss: 0.1783  dir_class_loss: 0.0000  dir_res_loss: 0.0000  size_class_loss: 0.0965  size_res_loss: 0.1954
2026/06/03 08:23:34 - mmengine - INFO - Exp name: votenet_8xb8_scannet-3d_20260603_071554
2026/06/03 08:23:39 - mmengine - INFO - Epoch(train) [36][ 30/779]  lr: 8.0000e-05  eta: 0:01:51  time: 0.1572  data_time: 0.0211  memory: 4189  grad_norm: 3.3536  loss: 3.0459  vote_loss: 2.2681  objectness_loss: 0.2100  semantic_loss: 0.0965  center_loss: 0.1767  dir_class_loss: 0.0000  dir_res_loss: 0.0000  size_class_loss: 0.0965  size_res_loss: 0.1982
2026/06/03 08:23:44 - mmengine - INFO - Epoch(train) [36][ 60/779]  lr: 8.0000e-05  eta: 0:01:46  time: 0.1503  data_time: 0.0147  memory: 4189  grad_norm: 3.4601  loss: 3.1133  vote_loss: 2.3171  objectness_loss: 0.2107  semantic_loss: 0.0968  center_loss: 0.1860  dir_class_loss: 0.0000  dir_res_loss: 0.0000  size_class_loss: 0.0968  size_res_loss: 0.2060
2026/06/03 08:23:48 - mmengine - INFO - Epoch(train) [36][ 90/779]  lr: 8.0000e-05  eta: 0:01:42  time: 0.1501  data_time: 0.0149  memory: 4189  grad_norm: 3.4216  loss: 3.0201  vote_loss: 2.2370  objectness_loss: 0.2058  semantic_loss: 0.0994  center_loss: 0.1848  dir_class_loss: 0.0000  dir_res_loss: 0.0000  size_class_loss: 0.0994  size_res_loss: 0.1938
2026/06/03 08:23:53 - mmengine - INFO - Epoch(train) [36][120/779]  lr: 8.0000e-05  eta: 0:01:37  time: 0.1527  data_time: 0.0151  memory: 4189  grad_norm: 3.5062  loss: 2.9028  vote_loss: 2.1399  objectness_loss: 0.1979  semantic_loss: 0.1007  center_loss: 0.1827  dir_class_loss: 0.0000  dir_res_loss: 0.0000  size_class_loss: 0.1007  size_res_loss: 0.1808
2026/06/03 08:23:57 - mmengine - INFO - Epoch(train) [36][150/779]  lr: 8.0000e-05  eta: 0:01:33  time: 0.1490  data_time: 0.0144  memory: 4189  grad_norm: 3.5202  loss: 2.9234  vote_loss: 2.1635  objectness_loss: 0.1950  semantic_loss: 0.0892  center_loss: 0.1845  dir_class_loss: 0.0000  dir_res_loss: 0.0000  size_class_loss: 0.0892  size_res_loss: 0.2020
2026/06/03 08:24:02 - mmengine - INFO - Epoch(train) [36][180/779]  lr: 8.0000e-05  eta: 0:01:28  time: 0.1537  data_time: 0.0150  memory: 4189  grad_norm: 3.5742  loss: 3.0110  vote_loss: 2.2315  objectness_loss: 0.2018  semantic_loss: 0.0915  center_loss: 0.1840  dir_class_loss: 0.0000  dir_res_loss: 0.0000  size_class_loss: 0.0915  size_res_loss: 0.2107
2026/06/03 08:24:07 - mmengine - INFO - Epoch(train) [36][210/779]  lr: 8.0000e-05  eta: 0:01:24  time: 0.1553  data_time: 0.0153  memory: 4189  grad_norm: 3.3887  loss: 2.9462  vote_loss: 2.2048  objectness_loss: 0.1865  semantic_loss: 0.0962  center_loss: 0.1706  dir_class_loss: 0.0000  dir_res_loss: 0.0000  size_class_loss: 0.0962  size_res_loss: 0.1918
2026/06/03 08:24:11 - mmengine - INFO - Epoch(train) [36][240/779]  lr: 8.0000e-05  eta: 0:01:20  time: 0.1538  data_time: 0.0154  memory: 4189  grad_norm: 3.2155  loss: 2.9336  vote_loss: 2.1938  objectness_loss: 0.1913  semantic_loss: 0.0930  center_loss: 0.1693  dir_class_loss: 0.0000  dir_res_loss: 0.0000  size_class_loss: 0.0929  size_res_loss: 0.1933
2026/06/03 08:24:16 - mmengine - INFO - Epoch(train) [36][270/779]  lr: 8.0000e-05  eta: 0:01:15  time: 0.1551  data_time: 0.0155  memory: 4189  grad_norm: 3.5273  loss: 2.9429  vote_loss: 2.1811  objectness_loss: 0.1983  semantic_loss: 0.0942  center_loss: 0.1785  dir_class_loss: 0.0000  dir_res_loss: 0.0000  size_class_loss: 0.0942  size_res_loss: 0.1965
2026/06/03 08:24:21 - mmengine - INFO - Epoch(train) [36][300/779]  lr: 8.0000e-05  eta: 0:01:11  time: 0.1525  data_time: 0.0149  memory: 4189  grad_norm: 3.3802  loss: 2.9325  vote_loss: 2.1498  objectness_loss: 0.1945  semantic_loss: 0.0999  center_loss: 0.1917  dir_class_loss: 0.0000  dir_res_loss: 0.0000  size_class_loss: 0.0999  size_res_loss: 0.1967
2026/06/03 08:24:25 - mmengine - INFO - Epoch(train) [36][330/779]  lr: 8.0000e-05  eta: 0:01:06  time: 0.1494  data_time: 0.0146  memory: 4189  grad_norm: 3.3626  loss: 3.1100  vote_loss: 2.3122  objectness_loss: 0.1926  semantic_loss: 0.1030  center_loss: 0.1919  dir_class_loss: 0.0000  dir_res_loss: 0.0000  size_class_loss: 0.1030  size_res_loss: 0.2074
2026/06/03 08:24:30 - mmengine - INFO - Epoch(train) [36][360/779]  lr: 8.0000e-05  eta: 0:01:02  time: 0.1519  data_time: 0.0149  memory: 4189  grad_norm: 3.6071  loss: 3.1882  vote_loss: 2.3655  objectness_loss: 0.1923  semantic_loss: 0.1076  center_loss: 0.1954  dir_class_loss: 0.0000  dir_res_loss: 0.0000  size_class_loss: 0.1076  size_res_loss: 0.2199
2026/06/03 08:24:34 - mmengine - INFO - Epoch(train) [36][390/779]  lr: 8.0000e-05  eta: 0:00:57  time: 0.1527  data_time: 0.0154  memory: 4189  grad_norm: 3.7151  loss: 3.0096  vote_loss: 2.2425  objectness_loss: 0.1952  semantic_loss: 0.0995  center_loss: 0.1842  dir_class_loss: 0.0000  dir_res_loss: 0.0000  size_class_loss: 0.0995  size_res_loss: 0.1887
2026/06/03 08:24:39 - mmengine - INFO - Epoch(train) [36][420/779]  lr: 8.0000e-05  eta: 0:00:53  time: 0.1492  data_time: 0.0146  memory: 4189  grad_norm: 3.6788  loss: 3.0006  vote_loss: 2.2403  objectness_loss: 0.1915  semantic_loss: 0.1009  center_loss: 0.1835  dir_class_loss: 0.0000  dir_res_loss: 0.0000  size_class_loss: 0.1009  size_res_loss: 0.1834
2026/06/03 08:24:43 - mmengine - INFO - Epoch(train) [36][450/779]  lr: 8.0000e-05  eta: 0:00:48  time: 0.1528  data_time: 0.0150  memory: 4189  grad_norm: 3.5110  loss: 3.0718  vote_loss: 2.2970  objectness_loss: 0.1977  semantic_loss: 0.0946  center_loss: 0.1868  dir_class_loss: 0.0000  dir_res_loss: 0.0000  size_class_loss: 0.0946  size_res_loss: 0.2012
2026/06/03 08:24:48 - mmengine - INFO - Epoch(train) [36][480/779]  lr: 8.0000e-05  eta: 0:00:44  time: 0.1538  data_time: 0.0150  memory: 4189  grad_norm: 3.4032  loss: 3.0738  vote_loss: 2.2777  objectness_loss: 0.2094  semantic_loss: 0.0980  center_loss: 0.1843  dir_class_loss: 0.0000  dir_res_loss: 0.0000  size_class_loss: 0.0980  size_res_loss: 0.2064
2026/06/03 08:24:52 - mmengine - INFO - Epoch(train) [36][510/779]  lr: 8.0000e-05  eta: 0:00:39  time: 0.1470  data_time: 0.0139  memory: 4189  grad_norm: 3.4230  loss: 3.0165  vote_loss: 2.2406  objectness_loss: 0.2064  semantic_loss: 0.0938  center_loss: 0.1861  dir_class_loss: 0.0000  dir_res_loss: 0.0000  size_class_loss: 0.0938  size_res_loss: 0.1959
2026/06/03 08:24:57 - mmengine - INFO - Epoch(train) [36][540/779]  lr: 8.0000e-05  eta: 0:00:35  time: 0.1500  data_time: 0.0140  memory: 4189  grad_norm: 3.6144  loss: 3.1129  vote_loss: 2.3294  objectness_loss: 0.2130  semantic_loss: 0.0947  center_loss: 0.1843  dir_class_loss: 0.0000  dir_res_loss: 0.0000  size_class_loss: 0.0947  size_res_loss: 0.1967
2026/06/03 08:25:01 - mmengine - INFO - Epoch(train) [36][570/779]  lr: 8.0000e-05  eta: 0:00:31  time: 0.1509  data_time: 0.0145  memory: 4189  grad_norm: 3.4014  loss: 2.9808  vote_loss: 2.2142  objectness_loss: 0.1988  semantic_loss: 0.0976  center_loss: 0.1777  dir_class_loss: 0.0000  dir_res_loss: 0.0000  size_class_loss: 0.0976  size_res_loss: 0.1949
2026/06/03 08:25:06 - mmengine - INFO - Epoch(train) [36][600/779]  lr: 8.0000e-05  eta: 0:00:26  time: 0.1530  data_time: 0.0150  memory: 4189  grad_norm: 3.4861  loss: 2.9935  vote_loss: 2.2204  objectness_loss: 0.2000  semantic_loss: 0.0921  center_loss: 0.1814  dir_class_loss: 0.0000  dir_res_loss: 0.0000  size_class_loss: 0.0921  size_res_loss: 0.2076
2026/06/03 08:25:10 - mmengine - INFO - Epoch(train) [36][630/779]  lr: 8.0000e-05  eta: 0:00:22  time: 0.1555  data_time: 0.0149  memory: 4189  grad_norm: 3.4340  loss: 3.0648  vote_loss: 2.2860  objectness_loss: 0.1960  semantic_loss: 0.0979  center_loss: 0.1820  dir_class_loss: 0.0000  dir_res_loss: 0.0000  size_class_loss: 0.0979  size_res_loss: 0.2052
2026/06/03 08:25:15 - mmengine - INFO - Epoch(train) [36][660/779]  lr: 8.0000e-05  eta: 0:00:17  time: 0.1505  data_time: 0.0142  memory: 4189  grad_norm: 3.4610  loss: 3.0963  vote_loss: 2.2994  objectness_loss: 0.2028  semantic_loss: 0.1060  center_loss: 0.1829  dir_class_loss: 0.0000  dir_res_loss: 0.0000  size_class_loss: 0.1060  size_res_loss: 0.1993
2026/06/03 08:25:19 - mmengine - INFO - Epoch(train) [36][690/779]  lr: 8.0000e-05  eta: 0:00:13  time: 0.1463  data_time: 0.0141  memory: 4189  grad_norm: 3.4923  loss: 3.0804  vote_loss: 2.2744  objectness_loss: 0.2031  semantic_loss: 0.1047  center_loss: 0.1879  dir_class_loss: 0.0000  dir_res_loss: 0.0000  size_class_loss: 0.1047  size_res_loss: 0.2056
2026/06/03 08:25:24 - mmengine - INFO - Epoch(train) [36][720/779]  lr: 8.0000e-05  eta: 0:00:08  time: 0.1454  data_time: 0.0141  memory: 4189  grad_norm: 3.5526  loss: 2.9824  vote_loss: 2.2272  objectness_loss: 0.1931  semantic_loss: 0.0942  center_loss: 0.1811  dir_class_loss: 0.0000  dir_res_loss: 0.0000  size_class_loss: 0.0942  size_res_loss: 0.1925
2026/06/03 08:25:26 - mmengine - INFO - Exp name: votenet_8xb8_scannet-3d_20260603_071554
2026/06/03 08:25:28 - mmengine - INFO - Epoch(train) [36][750/779]  lr: 8.0000e-05  eta: 0:00:04  time: 0.1444  data_time: 0.0136  memory: 4189  grad_norm: 3.5496  loss: 2.9949  vote_loss: 2.2465  objectness_loss: 0.1873  semantic_loss: 0.1023  center_loss: 0.1769  dir_class_loss: 0.0000  dir_res_loss: 0.0000  size_class_loss: 0.1023  size_res_loss: 0.1796
2026/06/03 08:25:32 - mmengine - INFO - Exp name: votenet_8xb8_scannet-3d_20260603_071554
2026/06/03 08:25:32 - mmengine - INFO - Saving checkpoint at 36 epochs
2026/06/03 08:25:35 - mmengine - INFO - Epoch(val) [36][ 30/312]    eta: 0:00:17  time: 0.0623  data_time: 0.0059  memory: 4189  
2026/06/03 08:25:36 - mmengine - INFO - Epoch(val) [36][ 60/312]    eta: 0:00:14  time: 0.0531  data_time: 0.0016  memory: 301  
2026/06/03 08:25:38 - mmengine - INFO - Epoch(val) [36][ 90/312]    eta: 0:00:12  time: 0.0535  data_time: 0.0027  memory: 301  
2026/06/03 08:25:39 - mmengine - INFO - Epoch(val) [36][120/312]    eta: 0:00:10  time: 0.0536  data_time: 0.0034  memory: 301  
2026/06/03 08:25:41 - mmengine - INFO - Epoch(val) [36][150/312]    eta: 0:00:08  time: 0.0520  data_time: 0.0022  memory: 301  
2026/06/03 08:25:43 - mmengine - INFO - Epoch(val) [36][180/312]    eta: 0:00:07  time: 0.0529  data_time: 0.0014  memory: 301  
2026/06/03 08:25:44 - mmengine - INFO - Epoch(val) [36][210/312]    eta: 0:00:05  time: 0.0522  data_time: 0.0015  memory: 301  
2026/06/03 08:25:46 - mmengine - INFO - Epoch(val) [36][240/312]    eta: 0:00:03  time: 0.0521  data_time: 0.0015  memory: 301  
2026/06/03 08:25:47 - mmengine - INFO - Epoch(val) [36][270/312]    eta: 0:00:02  time: 0.0536  data_time: 0.0023  memory: 301  
2026/06/03 08:25:49 - mmengine - INFO - Epoch(val) [36][300/312]    eta: 0:00:00  time: 0.0542  data_time: 0.0029  memory: 301  
2026/06/03 08:25:55 - mmengine - INFO - 
+----------------+---------+---------+---------+---------+
| classes        | AP_0.25 | AR_0.25 | AP_0.50 | AR_0.50 |
+----------------+---------+---------+---------+---------+
| cabinet        | 0.5839  | 0.7984  | 0.1878  | 0.4570  |
| bed            | 0.9702  | 0.9877  | 0.8080  | 0.8642  |
| chair          | 0.9009  | 0.9335  | 0.7537  | 0.8129  |
| sofa           | 0.9010  | 0.9691  | 0.7697  | 0.8763  |
| table          | 0.6800  | 0.8771  | 0.4565  | 0.6714  |
| door           | 0.5891  | 0.7645  | 0.2722  | 0.4711  |
| window         | 0.5635  | 0.7624  | 0.2061  | 0.3723  |
| bookshelf      | 0.6530  | 0.8961  | 0.5519  | 0.7143  |
| picture        | 0.1764  | 0.3288  | 0.0425  | 0.1261  |
| counter        | 0.6493  | 0.9038  | 0.2659  | 0.4231  |
| desk           | 0.7671  | 0.9528  | 0.4624  | 0.6850  |
| curtain        | 0.5878  | 0.8209  | 0.2467  | 0.3731  |
| refrigerator   | 0.5970  | 0.9298  | 0.3753  | 0.7193  |
| showercurtrain | 0.6601  | 0.9643  | 0.1283  | 0.3929  |
| toilet         | 0.9348  | 0.9655  | 0.8439  | 0.8793  |
| sink           | 0.5192  | 0.6531  | 0.2988  | 0.3776  |
| bathtub        | 0.9256  | 0.9355  | 0.8652  | 0.8710  |
| garbagebin     | 0.5217  | 0.7415  | 0.2743  | 0.4736  |
+----------------+---------+---------+---------+---------+
| Overall        | 0.6767  | 0.8436  | 0.4338  | 0.5867  |
+----------------+---------+---------+---------+---------+
2026/06/03 08:25:55 - mmengine - INFO - Epoch(val) [36][312/312]    cabinet_AP_0.25: 0.5839  bed_AP_0.25: 0.9702  chair_AP_0.25: 0.9009  sofa_AP_0.25: 0.9010  table_AP_0.25: 0.6800  door_AP_0.25: 0.5891  window_AP_0.25: 0.5635  bookshelf_AP_0.25: 0.6530  picture_AP_0.25: 0.1764  counter_AP_0.25: 0.6493  desk_AP_0.25: 0.7671  curtain_AP_0.25: 0.5878  refrigerator_AP_0.25: 0.5970  showercurtrain_AP_0.25: 0.6601  toilet_AP_0.25: 0.9348  sink_AP_0.25: 0.5192  bathtub_AP_0.25: 0.9256  garbagebin_AP_0.25: 0.5217  mAP_0.25: 0.6767  cabinet_rec_0.25: 0.7984  bed_rec_0.25: 0.9877  chair_rec_0.25: 0.9335  sofa_rec_0.25: 0.9691  table_rec_0.25: 0.8771  door_rec_0.25: 0.7645  window_rec_0.25: 0.7624  bookshelf_rec_0.25: 0.8961  picture_rec_0.25: 0.3288  counter_rec_0.25: 0.9038  desk_rec_0.25: 0.9528  curtain_rec_0.25: 0.8209  refrigerator_rec_0.25: 0.9298  showercurtrain_rec_0.25: 0.9643  toilet_rec_0.25: 0.9655  sink_rec_0.25: 0.6531  bathtub_rec_0.25: 0.9355  garbagebin_rec_0.25: 0.7415  mAR_0.25: 0.8436  cabinet_AP_0.50: 0.1878  bed_AP_0.50: 0.8080  chair_AP_0.50: 0.7537  sofa_AP_0.50: 0.7697  table_AP_0.50: 0.4565  door_AP_0.50: 0.2722  window_AP_0.50: 0.2061  bookshelf_AP_0.50: 0.5519  picture_AP_0.50: 0.0425  counter_AP_0.50: 0.2659  desk_AP_0.50: 0.4624  curtain_AP_0.50: 0.2467  refrigerator_AP_0.50: 0.3753  showercurtrain_AP_0.50: 0.1283  toilet_AP_0.50: 0.8439  sink_AP_0.50: 0.2988  bathtub_AP_0.50: 0.8652  garbagebin_AP_0.50: 0.2743  mAP_0.50: 0.4338  cabinet_rec_0.50: 0.4570  bed_rec_0.50: 0.8642  chair_rec_0.50: 0.8129  sofa_rec_0.50: 0.8763  table_rec_0.50: 0.6714  door_rec_0.50: 0.4711  window_rec_0.50: 0.3723  bookshelf_rec_0.50: 0.7143  picture_rec_0.50: 0.1261  counter_rec_0.50: 0.4231  desk_rec_0.50: 0.6850  curtain_rec_0.50: 0.3731  refrigerator_rec_0.50: 0.7193  showercurtrain_rec_0.50: 0.3929  toilet_rec_0.50: 0.8793  sink_rec_0.50: 0.3776  bathtub_rec_0.50: 0.8710  garbagebin_rec_0.50: 0.4736  mAR_0.50: 0.5867  data_time: 0.0025  time: 0.0538
