2026-05-03 15:19:43,953 - mmdet - INFO - Environment info:
------------------------------------------------------------
sys.platform: linux
Python: 3.9.25 (main, Nov  3 2025, 22:33:05) [GCC 11.2.0]
CUDA available: True
GPU 0: NVIDIA L40
CUDA_HOME: /usr/local/cuda-11.8
NVCC: Cuda compilation tools, release 11.8, V11.8.89
GCC: gcc (Ubuntu 11.4.0-1ubuntu1~22.04.3) 11.4.0
PyTorch: 2.0.0+cu118
PyTorch compiling details: PyTorch built with:
  - GCC 9.3
  - C++ Version: 201703
  - Intel(R) oneAPI Math Kernel Library Version 2022.2-Product Build 20220804 for Intel(R) 64 architecture applications
  - Intel(R) MKL-DNN v2.7.3 (Git Hash 6dbeffbae1f23cbbeae17adb7b5b13f1f37c080e)
  - OpenMP 201511 (a.k.a. OpenMP 4.5)
  - LAPACK is enabled (usually provided by MKL)
  - NNPACK is enabled
  - CPU capability usage: AVX2
  - CUDA Runtime 11.8
  - NVCC architecture flags: -gencode;arch=compute_37,code=sm_37;-gencode;arch=compute_50,code=sm_50;-gencode;arch=compute_60,code=sm_60;-gencode;arch=compute_70,code=sm_70;-gencode;arch=compute_75,code=sm_75;-gencode;arch=compute_80,code=sm_80;-gencode;arch=compute_86,code=sm_86;-gencode;arch=compute_90,code=sm_90
  - CuDNN 8.7
  - Magma 2.6.1
  - Build settings: BLAS_INFO=mkl, BUILD_TYPE=Release, CUDA_VERSION=11.8, CUDNN_VERSION=8.7.0, CXX_COMPILER=/opt/rh/devtoolset-9/root/usr/bin/c++, CXX_FLAGS= -D_GLIBCXX_USE_CXX11_ABI=0 -fabi-version=11 -Wno-deprecated -fvisibility-inlines-hidden -DUSE_PTHREADPOOL -DNDEBUG -DUSE_KINETO -DLIBKINETO_NOROCTRACER -DUSE_FBGEMM -DUSE_QNNPACK -DUSE_PYTORCH_QNNPACK -DUSE_XNNPACK -DSYMBOLICATE_MOBILE_DEBUG_HANDLE -O2 -fPIC -Wall -Wextra -Werror=return-type -Werror=non-virtual-dtor -Werror=bool-operation -Wnarrowing -Wno-missing-field-initializers -Wno-type-limits -Wno-array-bounds -Wno-unknown-pragmas -Wunused-local-typedefs -Wno-unused-parameter -Wno-unused-function -Wno-unused-result -Wno-strict-overflow -Wno-strict-aliasing -Wno-error=deprecated-declarations -Wno-stringop-overflow -Wno-psabi -Wno-error=pedantic -Wno-error=redundant-decls -Wno-error=old-style-cast -fdiagnostics-color=always -faligned-new -Wno-unused-but-set-variable -Wno-maybe-uninitialized -fno-math-errno -fno-trapping-math -Werror=format -Werror=cast-function-type -Wno-stringop-overflow, LAPACK_INFO=mkl, PERF_WITH_AVX=1, PERF_WITH_AVX2=1, PERF_WITH_AVX512=1, TORCH_DISABLE_GPU_ASSERTS=ON, TORCH_VERSION=2.0.0, USE_CUDA=ON, USE_CUDNN=ON, USE_EXCEPTION_PTR=1, USE_GFLAGS=OFF, USE_GLOG=OFF, USE_MKL=ON, USE_MKLDNN=ON, USE_MPI=OFF, USE_NCCL=1, USE_NNPACK=ON, USE_OPENMP=ON, USE_ROCM=OFF, 

TorchVision: 0.15.1+cu118
OpenCV: 4.8.1
MMCV: 1.6.0
MMCV Compiler: GCC 11.4
MMCV CUDA Compiler: 11.8
MMDetection: 2.25.1
MMSegmentation: 0.25.0
MMDetection3D: 1.0.0rc3+ffc9f99
spconv2.0: False
------------------------------------------------------------

2026-05-03 15:19:45,366 - mmdet - INFO - Distributed training: False
2026-05-03 15:19:46,762 - mmdet - INFO - Config:
dataset_type = 'SUNRGBDDataset'
data_root = '/home/zero/USER/HEYU/DATA/sunrgbd_matlab/'
class_names = ('bed', 'table', 'sofa', 'chair', 'toilet', 'desk', 'dresser',
               'night_stand', 'bookshelf', 'bathtub')
train_pipeline = [
    dict(
        type='LoadPointsFromFile',
        coord_type='DEPTH',
        shift_height=True,
        load_dim=6,
        use_dim=[0, 1, 2]),
    dict(type='LoadAnnotations3D'),
    dict(type='RandomFlip3D', sync_2d=False, flip_ratio_bev_horizontal=0.5),
    dict(
        type='GlobalRotScaleTrans',
        rot_range=[-0.523599, 0.523599],
        scale_ratio_range=[0.85, 1.15],
        shift_height=True),
    dict(type='PointSample', num_points=100000),
    dict(
        type='DefaultFormatBundle3D',
        class_names=('bed', 'table', 'sofa', 'chair', 'toilet', 'desk',
                     'dresser', 'night_stand', 'bookshelf', 'bathtub')),
    dict(type='Collect3D', keys=['points', 'gt_bboxes_3d', 'gt_labels_3d'])
]
test_pipeline = [
    dict(
        type='LoadPointsFromFile',
        coord_type='DEPTH',
        shift_height=True,
        load_dim=6,
        use_dim=[0, 1, 2]),
    dict(
        type='MultiScaleFlipAug3D',
        img_scale=(1333, 800),
        pts_scale_ratio=1,
        flip=False,
        transforms=[
            dict(
                type='GlobalRotScaleTrans',
                rot_range=[0, 0],
                scale_ratio_range=[1.0, 1.0],
                translation_std=[0, 0, 0]),
            dict(
                type='RandomFlip3D',
                sync_2d=False,
                flip_ratio_bev_horizontal=0.5),
            dict(type='PointSample', num_points=100000),
            dict(
                type='DefaultFormatBundle3D',
                class_names=('bed', 'table', 'sofa', 'chair', 'toilet', 'desk',
                             'dresser', 'night_stand', 'bookshelf', 'bathtub'),
                with_label=False),
            dict(type='Collect3D', keys=['points'])
        ])
]
eval_pipeline = [
    dict(
        type='LoadPointsFromFile',
        coord_type='DEPTH',
        shift_height=False,
        load_dim=6,
        use_dim=[0, 1, 2]),
    dict(
        type='LoadAnnotations3D',
        with_bbox_3d=False,
        with_label_3d=False,
        with_label_2d_detection=True),
    dict(
        type='DefaultFormatBundle3D',
        class_names=('bed', 'table', 'sofa', 'chair', 'toilet', 'desk',
                     'dresser', 'night_stand', 'bookshelf', 'bathtub'),
        with_label=False),
    dict(type='Collect3D', keys=['points'])
]
data = dict(
    samples_per_gpu=16,
    workers_per_gpu=4,
    train=dict(
        type='RepeatDataset',
        times=5,
        dataset=dict(
            type='SUNRGBDDataset',
            data_root='/home/zero/USER/HEYU/DATA/sunrgbd_matlab/',
            ann_file=
            '/home/zero/USER/HEYU/DATA/sunrgbd_matlab/sunrgbd_infos_train.pkl',
            pipeline=[
                dict(
                    type='LoadPointsFromFile',
                    coord_type='DEPTH',
                    shift_height=True,
                    load_dim=6,
                    use_dim=[0, 1, 2]),
                dict(type='LoadAnnotations3D'),
                dict(
                    type='RandomFlip3D',
                    sync_2d=False,
                    flip_ratio_bev_horizontal=0.5),
                dict(
                    type='GlobalRotScaleTrans',
                    rot_range=[-0.523599, 0.523599],
                    scale_ratio_range=[0.85, 1.15],
                    shift_height=True),
                dict(type='PointSample', num_points=100000),
                dict(
                    type='DefaultFormatBundle3D',
                    class_names=('bed', 'table', 'sofa', 'chair', 'toilet',
                                 'desk', 'dresser', 'night_stand', 'bookshelf',
                                 'bathtub')),
                dict(
                    type='Collect3D',
                    keys=['points', 'gt_bboxes_3d', 'gt_labels_3d'])
            ],
            classes=('bed', 'table', 'sofa', 'chair', 'toilet', 'desk',
                     'dresser', 'night_stand', 'bookshelf', 'bathtub'),
            filter_empty_gt=False,
            box_type_3d='Depth')),
    val=dict(
        type='SUNRGBDDataset',
        data_root='/home/zero/USER/HEYU/DATA/sunrgbd_matlab/',
        ann_file=
        '/home/zero/USER/HEYU/DATA/sunrgbd_matlab/sunrgbd_infos_val.pkl',
        pipeline=[
            dict(
                type='LoadPointsFromFile',
                coord_type='DEPTH',
                shift_height=True,
                load_dim=6,
                use_dim=[0, 1, 2]),
            dict(
                type='MultiScaleFlipAug3D',
                img_scale=(1333, 800),
                pts_scale_ratio=1,
                flip=False,
                transforms=[
                    dict(
                        type='GlobalRotScaleTrans',
                        rot_range=[0, 0],
                        scale_ratio_range=[1.0, 1.0],
                        translation_std=[0, 0, 0]),
                    dict(
                        type='RandomFlip3D',
                        sync_2d=False,
                        flip_ratio_bev_horizontal=0.5),
                    dict(type='PointSample', num_points=100000),
                    dict(
                        type='DefaultFormatBundle3D',
                        class_names=('bed', 'table', 'sofa', 'chair', 'toilet',
                                     'desk', 'dresser', 'night_stand',
                                     'bookshelf', 'bathtub'),
                        with_label=False),
                    dict(type='Collect3D', keys=['points'])
                ])
        ],
        classes=('bed', 'table', 'sofa', 'chair', 'toilet', 'desk', 'dresser',
                 'night_stand', 'bookshelf', 'bathtub'),
        test_mode=True,
        box_type_3d='Depth'),
    test=dict(
        type='SUNRGBDDataset',
        data_root='/home/zero/USER/HEYU/DATA/sunrgbd_matlab/',
        ann_file=
        '/home/zero/USER/HEYU/DATA/sunrgbd_matlab/sunrgbd_infos_val.pkl',
        pipeline=[
            dict(
                type='LoadPointsFromFile',
                coord_type='DEPTH',
                shift_height=True,
                load_dim=6,
                use_dim=[0, 1, 2]),
            dict(
                type='MultiScaleFlipAug3D',
                img_scale=(1333, 800),
                pts_scale_ratio=1,
                flip=False,
                transforms=[
                    dict(
                        type='GlobalRotScaleTrans',
                        rot_range=[0, 0],
                        scale_ratio_range=[1.0, 1.0],
                        translation_std=[0, 0, 0]),
                    dict(
                        type='RandomFlip3D',
                        sync_2d=False,
                        flip_ratio_bev_horizontal=0.5),
                    dict(type='PointSample', num_points=100000),
                    dict(
                        type='DefaultFormatBundle3D',
                        class_names=('bed', 'table', 'sofa', 'chair', 'toilet',
                                     'desk', 'dresser', 'night_stand',
                                     'bookshelf', 'bathtub'),
                        with_label=False),
                    dict(type='Collect3D', keys=['points'])
                ])
        ],
        classes=('bed', 'table', 'sofa', 'chair', 'toilet', 'desk', 'dresser',
                 'night_stand', 'bookshelf', 'bathtub'),
        test_mode=True,
        box_type_3d='Depth'))
evaluation = dict(
    interval=36,
    pipeline=[
        dict(
            type='LoadPointsFromFile',
            coord_type='DEPTH',
            shift_height=False,
            load_dim=6,
            use_dim=[0, 1, 2]),
        dict(
            type='LoadAnnotations3D',
            with_bbox_3d=False,
            with_label_3d=False,
            with_label_2d_detection=True),
        dict(
            type='DefaultFormatBundle3D',
            class_names=('bed', 'table', 'sofa', 'chair', 'toilet', 'desk',
                         'dresser', 'night_stand', 'bookshelf', 'bathtub'),
            with_label=False),
        dict(type='Collect3D', keys=['points'])
    ])
model = dict(
    type='VoteNet',
    backbone=dict(
        type='PointNet2SASSG',
        in_channels=4,
        num_points=(2048, 1024, 512, 256),
        radius=(0.2, 0.4, 0.8, 1.2),
        num_samples=(64, 32, 16, 16),
        sa_channels=((64, 64, 128), (128, 128, 256), (128, 128, 256),
                     (128, 128, 256)),
        fp_channels=((256, 256), (256, 256)),
        norm_cfg=dict(type='BN2d'),
        sa_cfg=dict(
            type='PointSAModule',
            pool_mod='max',
            use_xyz=True,
            normalize_xyz=True)),
    bbox_head=dict(
        type='VoteHead',
        vote_module_cfg=dict(
            in_channels=256,
            vote_per_seed=1,
            gt_per_seed=3,
            conv_channels=(256, 256),
            conv_cfg=dict(type='Conv1d'),
            norm_cfg=dict(type='BN1d'),
            norm_feats=True,
            vote_loss=dict(
                type='ChamferDistance',
                mode='l1',
                reduction='none',
                loss_dst_weight=10.0)),
        vote_aggregation_cfg=dict(
            type='PointSAModule',
            num_point=256,
            radius=0.3,
            num_sample=16,
            mlp_channels=[256, 128, 128, 128],
            use_xyz=True,
            normalize_xyz=True),
        pred_layer_cfg=dict(
            in_channels=128, shared_conv_channels=(128, 128), bias=True),
        conv_cfg=dict(type='Conv1d'),
        norm_cfg=dict(type='BN1d'),
        objectness_loss=dict(
            type='CrossEntropyLoss',
            class_weight=[0.2, 0.8],
            reduction='sum',
            loss_weight=5.0),
        center_loss=dict(
            type='ChamferDistance',
            mode='l2',
            reduction='sum',
            loss_src_weight=10.0,
            loss_dst_weight=10.0),
        dir_class_loss=dict(
            type='CrossEntropyLoss', reduction='sum', loss_weight=1.0),
        dir_res_loss=dict(
            type='SmoothL1Loss', reduction='sum', loss_weight=10.0),
        size_class_loss=dict(
            type='CrossEntropyLoss', reduction='sum', loss_weight=1.0),
        size_res_loss=dict(
            type='SmoothL1Loss',
            reduction='sum',
            loss_weight=3.3333333333333335),
        semantic_loss=dict(
            type='CrossEntropyLoss', reduction='sum', loss_weight=1.0),
        num_classes=10,
        bbox_coder=dict(
            type='PartialBinBasedBBoxCoder',
            num_sizes=10,
            num_dir_bins=12,
            with_rot=True,
            mean_sizes=[[2.114256, 1.6203, 0.927272],
                        [0.791118, 1.279516, 0.718182],
                        [0.923508, 1.867419, 0.845495],
                        [0.591958, 0.552978, 0.827272],
                        [0.699104, 0.454178, 0.75625],
                        [0.69519, 1.346299, 0.736364],
                        [0.528526, 1.002642, 1.172878],
                        [0.500618, 0.632163, 0.683424],
                        [0.404671, 1.071108, 1.688889],
                        [0.76584, 1.398258, 0.472728]])),
    train_cfg=dict(
        pos_distance_thr=0.3, neg_distance_thr=0.6, sample_mod='vote'),
    test_cfg=dict(
        sample_mod='seed',
        nms_thr=0.25,
        score_thr=0.05,
        per_class_proposal=True))
lr = 0.008
optimizer = dict(type='AdamW', lr=0.008, weight_decay=0.01)
optimizer_config = dict(grad_clip=dict(max_norm=10, norm_type=2))
lr_config = dict(policy='step', warmup=None, step=[24, 32])
runner = dict(type='EpochBasedRunner', max_epochs=36)
checkpoint_config = dict(interval=1)
log_config = dict(
    interval=50,
    hooks=[dict(type='TextLoggerHook'),
           dict(type='TensorboardLoggerHook')])
dist_params = dict(backend='nccl')
log_level = 'INFO'
work_dir = '/home/zero/USER/HEYU/tr3d/work_dirs/NN/votenet/JX/1/'
load_from = None
resume_from = None
workflow = [('train', 1)]
opencv_num_threads = 0
mp_start_method = 'fork'
gpu_ids = [0]

2026-05-03 15:19:46,762 - mmdet - INFO - Set random seed to 0, deterministic: False
Name of parameter - Initialization information

backbone.SA_modules.0.mlps.0.layer0.conv.weight - torch.Size([64, 4, 1, 1]): 
The value is the same before and after calling `init_weights` of VoteNet  

backbone.SA_modules.0.mlps.0.layer0.bn.weight - torch.Size([64]): 
The value is the same before and after calling `init_weights` of VoteNet  

backbone.SA_modules.0.mlps.0.layer0.bn.bias - torch.Size([64]): 
The value is the same before and after calling `init_weights` of VoteNet  

backbone.SA_modules.0.mlps.0.layer1.conv.weight - torch.Size([64, 64, 1, 1]): 
The value is the same before and after calling `init_weights` of VoteNet  

backbone.SA_modules.0.mlps.0.layer1.bn.weight - torch.Size([64]): 
The value is the same before and after calling `init_weights` of VoteNet  

backbone.SA_modules.0.mlps.0.layer1.bn.bias - torch.Size([64]): 
The value is the same before and after calling `init_weights` of VoteNet  

backbone.SA_modules.0.mlps.0.layer2.conv.weight - torch.Size([128, 64, 1, 1]): 
The value is the same before and after calling `init_weights` of VoteNet  

backbone.SA_modules.0.mlps.0.layer2.bn.weight - torch.Size([128]): 
The value is the same before and after calling `init_weights` of VoteNet  

backbone.SA_modules.0.mlps.0.layer2.bn.bias - torch.Size([128]): 
The value is the same before and after calling `init_weights` of VoteNet  

backbone.SA_modules.1.mlps.0.layer0.conv.weight - torch.Size([128, 131, 1, 1]): 
The value is the same before and after calling `init_weights` of VoteNet  

backbone.SA_modules.1.mlps.0.layer0.bn.weight - torch.Size([128]): 
The value is the same before and after calling `init_weights` of VoteNet  

backbone.SA_modules.1.mlps.0.layer0.bn.bias - torch.Size([128]): 
The value is the same before and after calling `init_weights` of VoteNet  

backbone.SA_modules.1.mlps.0.layer1.conv.weight - torch.Size([128, 128, 1, 1]): 
The value is the same before and after calling `init_weights` of VoteNet  

backbone.SA_modules.1.mlps.0.layer1.bn.weight - torch.Size([128]): 
The value is the same before and after calling `init_weights` of VoteNet  

backbone.SA_modules.1.mlps.0.layer1.bn.bias - torch.Size([128]): 
The value is the same before and after calling `init_weights` of VoteNet  

backbone.SA_modules.1.mlps.0.layer2.conv.weight - torch.Size([256, 128, 1, 1]): 
The value is the same before and after calling `init_weights` of VoteNet  

backbone.SA_modules.1.mlps.0.layer2.bn.weight - torch.Size([256]): 
The value is the same before and after calling `init_weights` of VoteNet  

backbone.SA_modules.1.mlps.0.layer2.bn.bias - torch.Size([256]): 
The value is the same before and after calling `init_weights` of VoteNet  

backbone.SA_modules.2.mlps.0.layer0.conv.weight - torch.Size([128, 259, 1, 1]): 
The value is the same before and after calling `init_weights` of VoteNet  

backbone.SA_modules.2.mlps.0.layer0.bn.weight - torch.Size([128]): 
The value is the same before and after calling `init_weights` of VoteNet  

backbone.SA_modules.2.mlps.0.layer0.bn.bias - torch.Size([128]): 
The value is the same before and after calling `init_weights` of VoteNet  

backbone.SA_modules.2.mlps.0.layer1.conv.weight - torch.Size([128, 128, 1, 1]): 
The value is the same before and after calling `init_weights` of VoteNet  

backbone.SA_modules.2.mlps.0.layer1.bn.weight - torch.Size([128]): 
The value is the same before and after calling `init_weights` of VoteNet  

backbone.SA_modules.2.mlps.0.layer1.bn.bias - torch.Size([128]): 
The value is the same before and after calling `init_weights` of VoteNet  

backbone.SA_modules.2.mlps.0.layer2.conv.weight - torch.Size([256, 128, 1, 1]): 
The value is the same before and after calling `init_weights` of VoteNet  

backbone.SA_modules.2.mlps.0.layer2.bn.weight - torch.Size([256]): 
The value is the same before and after calling `init_weights` of VoteNet  

backbone.SA_modules.2.mlps.0.layer2.bn.bias - torch.Size([256]): 
The value is the same before and after calling `init_weights` of VoteNet  

backbone.SA_modules.3.mlps.0.layer0.conv.weight - torch.Size([128, 259, 1, 1]): 
The value is the same before and after calling `init_weights` of VoteNet  

backbone.SA_modules.3.mlps.0.layer0.bn.weight - torch.Size([128]): 
The value is the same before and after calling `init_weights` of VoteNet  

backbone.SA_modules.3.mlps.0.layer0.bn.bias - torch.Size([128]): 
The value is the same before and after calling `init_weights` of VoteNet  

backbone.SA_modules.3.mlps.0.layer1.conv.weight - torch.Size([128, 128, 1, 1]): 
The value is the same before and after calling `init_weights` of VoteNet  

backbone.SA_modules.3.mlps.0.layer1.bn.weight - torch.Size([128]): 
The value is the same before and after calling `init_weights` of VoteNet  

backbone.SA_modules.3.mlps.0.layer1.bn.bias - torch.Size([128]): 
The value is the same before and after calling `init_weights` of VoteNet  

backbone.SA_modules.3.mlps.0.layer2.conv.weight - torch.Size([256, 128, 1, 1]): 
The value is the same before and after calling `init_weights` of VoteNet  

backbone.SA_modules.3.mlps.0.layer2.bn.weight - torch.Size([256]): 
The value is the same before and after calling `init_weights` of VoteNet  

backbone.SA_modules.3.mlps.0.layer2.bn.bias - torch.Size([256]): 
The value is the same before and after calling `init_weights` of VoteNet  

backbone.FP_modules.0.mlps.layer0.conv.weight - torch.Size([256, 512, 1, 1]): 
The value is the same before and after calling `init_weights` of VoteNet  

backbone.FP_modules.0.mlps.layer0.bn.weight - torch.Size([256]): 
The value is the same before and after calling `init_weights` of VoteNet  

backbone.FP_modules.0.mlps.layer0.bn.bias - torch.Size([256]): 
The value is the same before and after calling `init_weights` of VoteNet  

backbone.FP_modules.0.mlps.layer1.conv.weight - torch.Size([256, 256, 1, 1]): 
The value is the same before and after calling `init_weights` of VoteNet  

backbone.FP_modules.0.mlps.layer1.bn.weight - torch.Size([256]): 
The value is the same before and after calling `init_weights` of VoteNet  

backbone.FP_modules.0.mlps.layer1.bn.bias - torch.Size([256]): 
The value is the same before and after calling `init_weights` of VoteNet  

backbone.FP_modules.1.mlps.layer0.conv.weight - torch.Size([256, 512, 1, 1]): 
The value is the same before and after calling `init_weights` of VoteNet  

backbone.FP_modules.1.mlps.layer0.bn.weight - torch.Size([256]): 
The value is the same before and after calling `init_weights` of VoteNet  

backbone.FP_modules.1.mlps.layer0.bn.bias - torch.Size([256]): 
The value is the same before and after calling `init_weights` of VoteNet  

backbone.FP_modules.1.mlps.layer1.conv.weight - torch.Size([256, 256, 1, 1]): 
The value is the same before and after calling `init_weights` of VoteNet  

backbone.FP_modules.1.mlps.layer1.bn.weight - torch.Size([256]): 
The value is the same before and after calling `init_weights` of VoteNet  

backbone.FP_modules.1.mlps.layer1.bn.bias - torch.Size([256]): 
The value is the same before and after calling `init_weights` of VoteNet  

bbox_head.vote_module.vote_conv.0.conv.weight - torch.Size([256, 256, 1]): 
The value is the same before and after calling `init_weights` of VoteNet  

bbox_head.vote_module.vote_conv.0.conv.bias - torch.Size([256]): 
The value is the same before and after calling `init_weights` of VoteNet  

bbox_head.vote_module.vote_conv.0.bn.weight - torch.Size([256]): 
The value is the same before and after calling `init_weights` of VoteNet  

bbox_head.vote_module.vote_conv.0.bn.bias - torch.Size([256]): 
The value is the same before and after calling `init_weights` of VoteNet  

bbox_head.vote_module.vote_conv.1.conv.weight - torch.Size([256, 256, 1]): 
The value is the same before and after calling `init_weights` of VoteNet  

bbox_head.vote_module.vote_conv.1.conv.bias - torch.Size([256]): 
The value is the same before and after calling `init_weights` of VoteNet  

bbox_head.vote_module.vote_conv.1.bn.weight - torch.Size([256]): 
The value is the same before and after calling `init_weights` of VoteNet  

bbox_head.vote_module.vote_conv.1.bn.bias - torch.Size([256]): 
The value is the same before and after calling `init_weights` of VoteNet  

bbox_head.vote_module.conv_out.weight - torch.Size([259, 256, 1]): 
The value is the same before and after calling `init_weights` of VoteNet  

bbox_head.vote_module.conv_out.bias - torch.Size([259]): 
The value is the same before and after calling `init_weights` of VoteNet  

bbox_head.vote_aggregation.mlps.0.layer0.conv.weight - torch.Size([128, 259, 1, 1]): 
The value is the same before and after calling `init_weights` of VoteNet  

bbox_head.vote_aggregation.mlps.0.layer0.bn.weight - torch.Size([128]): 
The value is the same before and after calling `init_weights` of VoteNet  

bbox_head.vote_aggregation.mlps.0.layer0.bn.bias - torch.Size([128]): 
The value is the same before and after calling `init_weights` of VoteNet  

bbox_head.vote_aggregation.mlps.0.layer1.conv.weight - torch.Size([128, 128, 1, 1]): 
The value is the same before and after calling `init_weights` of VoteNet  

bbox_head.vote_aggregation.mlps.0.layer1.bn.weight - torch.Size([128]): 
The value is the same before and after calling `init_weights` of VoteNet  

bbox_head.vote_aggregation.mlps.0.layer1.bn.bias - torch.Size([128]): 
The value is the same before and after calling `init_weights` of VoteNet  

bbox_head.vote_aggregation.mlps.0.layer2.conv.weight - torch.Size([128, 128, 1, 1]): 
The value is the same before and after calling `init_weights` of VoteNet  

bbox_head.vote_aggregation.mlps.0.layer2.bn.weight - torch.Size([128]): 
The value is the same before and after calling `init_weights` of VoteNet  

bbox_head.vote_aggregation.mlps.0.layer2.bn.bias - torch.Size([128]): 
The value is the same before and after calling `init_weights` of VoteNet  

bbox_head.conv_pred.shared_convs.layer0.conv.weight - torch.Size([128, 128, 1]): 
The value is the same before and after calling `init_weights` of VoteNet  

bbox_head.conv_pred.shared_convs.layer0.conv.bias - torch.Size([128]): 
The value is the same before and after calling `init_weights` of VoteNet  

bbox_head.conv_pred.shared_convs.layer0.bn.weight - torch.Size([128]): 
The value is the same before and after calling `init_weights` of VoteNet  

bbox_head.conv_pred.shared_convs.layer0.bn.bias - torch.Size([128]): 
The value is the same before and after calling `init_weights` of VoteNet  

bbox_head.conv_pred.shared_convs.layer1.conv.weight - torch.Size([128, 128, 1]): 
The value is the same before and after calling `init_weights` of VoteNet  

bbox_head.conv_pred.shared_convs.layer1.conv.bias - torch.Size([128]): 
The value is the same before and after calling `init_weights` of VoteNet  

bbox_head.conv_pred.shared_convs.layer1.bn.weight - torch.Size([128]): 
The value is the same before and after calling `init_weights` of VoteNet  

bbox_head.conv_pred.shared_convs.layer1.bn.bias - torch.Size([128]): 
The value is the same before and after calling `init_weights` of VoteNet  

bbox_head.conv_pred.conv_cls.weight - torch.Size([12, 128, 1]): 
The value is the same before and after calling `init_weights` of VoteNet  

bbox_head.conv_pred.conv_cls.bias - torch.Size([12]): 
The value is the same before and after calling `init_weights` of VoteNet  

bbox_head.conv_pred.conv_reg.weight - torch.Size([67, 128, 1]): 
The value is the same before and after calling `init_weights` of VoteNet  

bbox_head.conv_pred.conv_reg.bias - torch.Size([67]): 
The value is the same before and after calling `init_weights` of VoteNet  
2026-05-03 15:19:46,815 - mmdet - INFO - Model:
VoteNet(
  (backbone): PointNet2SASSG(
    (SA_modules): ModuleList(
      (0): PointSAModule(
        (groupers): ModuleList(
          (0): QueryAndGroup()
        )
        (mlps): ModuleList(
          (0): Sequential(
            (layer0): ConvModule(
              (conv): Conv2d(4, 64, kernel_size=(1, 1), stride=(1, 1), bias=False)
              (bn): BatchNorm2d(64, eps=1e-05, momentum=0.1, affine=True, track_running_stats=True)
              (activate): ReLU(inplace=True)
            )
            (layer1): ConvModule(
              (conv): Conv2d(64, 64, kernel_size=(1, 1), stride=(1, 1), bias=False)
              (bn): BatchNorm2d(64, eps=1e-05, momentum=0.1, affine=True, track_running_stats=True)
              (activate): ReLU(inplace=True)
            )
            (layer2): ConvModule(
              (conv): Conv2d(64, 128, kernel_size=(1, 1), stride=(1, 1), bias=False)
              (bn): BatchNorm2d(128, eps=1e-05, momentum=0.1, affine=True, track_running_stats=True)
              (activate): ReLU(inplace=True)
            )
          )
        )
        (points_sampler): PointsSampler(
          (samplers): ModuleList(
            (0): DFPSSampler()
          )
        )
      )
      (1): PointSAModule(
        (groupers): ModuleList(
          (0): QueryAndGroup()
        )
        (mlps): ModuleList(
          (0): Sequential(
            (layer0): ConvModule(
              (conv): Conv2d(131, 128, kernel_size=(1, 1), stride=(1, 1), bias=False)
              (bn): BatchNorm2d(128, eps=1e-05, momentum=0.1, affine=True, track_running_stats=True)
              (activate): ReLU(inplace=True)
            )
            (layer1): ConvModule(
              (conv): Conv2d(128, 128, kernel_size=(1, 1), stride=(1, 1), bias=False)
              (bn): BatchNorm2d(128, eps=1e-05, momentum=0.1, affine=True, track_running_stats=True)
              (activate): ReLU(inplace=True)
            )
            (layer2): ConvModule(
              (conv): Conv2d(128, 256, kernel_size=(1, 1), stride=(1, 1), bias=False)
              (bn): BatchNorm2d(256, eps=1e-05, momentum=0.1, affine=True, track_running_stats=True)
              (activate): ReLU(inplace=True)
            )
          )
        )
        (points_sampler): PointsSampler(
          (samplers): ModuleList(
            (0): DFPSSampler()
          )
        )
      )
      (2-3): 2 x PointSAModule(
        (groupers): ModuleList(
          (0): QueryAndGroup()
        )
        (mlps): ModuleList(
          (0): Sequential(
            (layer0): ConvModule(
              (conv): Conv2d(259, 128, kernel_size=(1, 1), stride=(1, 1), bias=False)
              (bn): BatchNorm2d(128, eps=1e-05, momentum=0.1, affine=True, track_running_stats=True)
              (activate): ReLU(inplace=True)
            )
            (layer1): ConvModule(
              (conv): Conv2d(128, 128, kernel_size=(1, 1), stride=(1, 1), bias=False)
              (bn): BatchNorm2d(128, eps=1e-05, momentum=0.1, affine=True, track_running_stats=True)
              (activate): ReLU(inplace=True)
            )
            (layer2): ConvModule(
              (conv): Conv2d(128, 256, kernel_size=(1, 1), stride=(1, 1), bias=False)
              (bn): BatchNorm2d(256, eps=1e-05, momentum=0.1, affine=True, track_running_stats=True)
              (activate): ReLU(inplace=True)
            )
          )
        )
        (points_sampler): PointsSampler(
          (samplers): ModuleList(
            (0): DFPSSampler()
          )
        )
      )
    )
    (FP_modules): ModuleList(
      (0-1): 2 x PointFPModule(
        (mlps): Sequential(
          (layer0): ConvModule(
            (conv): Conv2d(512, 256, kernel_size=(1, 1), stride=(1, 1), bias=False)
            (bn): BatchNorm2d(256, eps=1e-05, momentum=0.1, affine=True, track_running_stats=True)
            (activate): ReLU(inplace=True)
          )
          (layer1): ConvModule(
            (conv): Conv2d(256, 256, kernel_size=(1, 1), stride=(1, 1), bias=False)
            (bn): BatchNorm2d(256, eps=1e-05, momentum=0.1, affine=True, track_running_stats=True)
            (activate): ReLU(inplace=True)
          )
        )
      )
    )
  )
  (bbox_head): VoteHead(
    (objectness_loss): CrossEntropyLoss(avg_non_ignore=False)
    (center_loss): ChamferDistance()
    (dir_res_loss): SmoothL1Loss()
    (dir_class_loss): CrossEntropyLoss(avg_non_ignore=False)
    (size_res_loss): SmoothL1Loss()
    (size_class_loss): CrossEntropyLoss(avg_non_ignore=False)
    (semantic_loss): CrossEntropyLoss(avg_non_ignore=False)
    (vote_module): VoteModule(
      (vote_loss): ChamferDistance()
      (vote_conv): Sequential(
        (0): ConvModule(
          (conv): Conv1d(256, 256, kernel_size=(1,), stride=(1,))
          (bn): BatchNorm1d(256, eps=1e-05, momentum=0.1, affine=True, track_running_stats=True)
          (activate): ReLU(inplace=True)
        )
        (1): ConvModule(
          (conv): Conv1d(256, 256, kernel_size=(1,), stride=(1,))
          (bn): BatchNorm1d(256, eps=1e-05, momentum=0.1, affine=True, track_running_stats=True)
          (activate): ReLU(inplace=True)
        )
      )
      (conv_out): Conv1d(256, 259, kernel_size=(1,), stride=(1,))
    )
    (vote_aggregation): PointSAModule(
      (groupers): ModuleList(
        (0): QueryAndGroup()
      )
      (mlps): ModuleList(
        (0): Sequential(
          (layer0): ConvModule(
            (conv): Conv2d(259, 128, kernel_size=(1, 1), stride=(1, 1), bias=False)
            (bn): BatchNorm2d(128, eps=1e-05, momentum=0.1, affine=True, track_running_stats=True)
            (activate): ReLU(inplace=True)
          )
          (layer1): ConvModule(
            (conv): Conv2d(128, 128, kernel_size=(1, 1), stride=(1, 1), bias=False)
            (bn): BatchNorm2d(128, eps=1e-05, momentum=0.1, affine=True, track_running_stats=True)
            (activate): ReLU(inplace=True)
          )
          (layer2): ConvModule(
            (conv): Conv2d(128, 128, kernel_size=(1, 1), stride=(1, 1), bias=False)
            (bn): BatchNorm2d(128, eps=1e-05, momentum=0.1, affine=True, track_running_stats=True)
            (activate): ReLU(inplace=True)
          )
        )
      )
      (points_sampler): PointsSampler(
        (samplers): ModuleList(
          (0): DFPSSampler()
        )
      )
    )
    (conv_pred): BaseConvBboxHead(
      (shared_convs): Sequential(
        (layer0): ConvModule(
          (conv): Conv1d(128, 128, kernel_size=(1,), stride=(1,))
          (bn): BatchNorm1d(128, eps=1e-05, momentum=0.1, affine=True, track_running_stats=True)
          (activate): ReLU(inplace=True)
        )
        (layer1): ConvModule(
          (conv): Conv1d(128, 128, kernel_size=(1,), stride=(1,))
          (bn): BatchNorm1d(128, eps=1e-05, momentum=0.1, affine=True, track_running_stats=True)
          (activate): ReLU(inplace=True)
        )
      )
      (conv_cls): Conv1d(128, 12, kernel_size=(1,), stride=(1,))
      (conv_reg): Conv1d(128, 67, kernel_size=(1,), stride=(1,))
    )
  )
)
2026-05-03 15:19:48,602 - mmdet - INFO - Start running, host: zero@l40server, work_dir: /home/zero/USER/HEYU/tr3d/work_dirs/NN/votenet/JX/1
2026-05-03 15:19:48,603 - mmdet - INFO - Hooks will be executed in the following order:
before_run:
(VERY_HIGH   ) StepLrUpdaterHook                  
(NORMAL      ) CheckpointHook                     
(LOW         ) EvalHook                           
(VERY_LOW    ) TextLoggerHook                     
(VERY_LOW    ) TensorboardLoggerHook              
 -------------------- 
before_train_epoch:
(VERY_HIGH   ) StepLrUpdaterHook                  
(LOW         ) IterTimerHook                      
(LOW         ) EvalHook                           
(VERY_LOW    ) TextLoggerHook                     
(VERY_LOW    ) TensorboardLoggerHook              
 -------------------- 
before_train_iter:
(VERY_HIGH   ) StepLrUpdaterHook                  
(LOW         ) IterTimerHook                      
(LOW         ) EvalHook                           
 -------------------- 
after_train_iter:
(ABOVE_NORMAL) OptimizerHook                      
(NORMAL      ) CheckpointHook                     
(LOW         ) IterTimerHook                      
(LOW         ) EvalHook                           
(VERY_LOW    ) TextLoggerHook                     
(VERY_LOW    ) TensorboardLoggerHook              
 -------------------- 
after_train_epoch:
(NORMAL      ) CheckpointHook                     
(LOW         ) EvalHook                           
(VERY_LOW    ) TextLoggerHook                     
(VERY_LOW    ) TensorboardLoggerHook              
 -------------------- 
before_val_epoch:
(LOW         ) IterTimerHook                      
(VERY_LOW    ) TextLoggerHook                     
(VERY_LOW    ) TensorboardLoggerHook              
 -------------------- 
before_val_iter:
(LOW         ) IterTimerHook                      
 -------------------- 
after_val_iter:
(LOW         ) IterTimerHook                      
 -------------------- 
after_val_epoch:
(VERY_LOW    ) TextLoggerHook                     
(VERY_LOW    ) TensorboardLoggerHook              
 -------------------- 
after_run:
(VERY_LOW    ) TextLoggerHook                     
(VERY_LOW    ) TensorboardLoggerHook              
 -------------------- 
2026-05-03 15:19:48,603 - mmdet - INFO - workflow: [('train', 1)], max: 36 epochs
2026-05-03 15:19:48,603 - mmdet - INFO - Checkpoints will be saved to /home/zero/USER/HEYU/tr3d/work_dirs/NN/votenet/JX/1 by HardDiskBackend.
2026-05-03 15:20:04,101 - mmdet - INFO - Epoch [1][50/1652]	lr: 8.000e-03, eta: 5:06:00, time: 0.309, data_time: 0.069, memory: 8298, vote_loss: 9.1560, objectness_loss: 0.4800, semantic_loss: 1.5441, center_loss: 1.9711, dir_class_loss: 2.4097, dir_res_loss: 2.0378, size_class_loss: 1.5494, size_res_loss: 0.5308, loss: 19.6789, grad_norm: 162.0774
2026-05-03 15:20:15,897 - mmdet - INFO - Epoch [1][100/1652]	lr: 8.000e-03, eta: 4:29:35, time: 0.236, data_time: 0.014, memory: 8298, vote_loss: 7.3808, objectness_loss: 0.5035, semantic_loss: 1.3465, center_loss: 0.9648, dir_class_loss: 2.3416, dir_res_loss: 1.8410, size_class_loss: 1.3480, size_res_loss: 0.3448, loss: 16.0711, grad_norm: 11.7071
2026-05-03 15:20:27,948 - mmdet - INFO - Epoch [1][150/1652]	lr: 8.000e-03, eta: 4:19:00, time: 0.241, data_time: 0.015, memory: 8298, vote_loss: 7.2935, objectness_loss: 0.5156, semantic_loss: 1.3493, center_loss: 1.0190, dir_class_loss: 2.3611, dir_res_loss: 1.8139, size_class_loss: 1.3488, size_res_loss: 0.3809, loss: 16.0821, grad_norm: 14.3814
2026-05-03 15:20:39,848 - mmdet - INFO - Epoch [1][200/1652]	lr: 8.000e-03, eta: 4:12:52, time: 0.238, data_time: 0.015, memory: 8298, vote_loss: 7.1992, objectness_loss: 0.4430, semantic_loss: 1.2134, center_loss: 0.9671, dir_class_loss: 2.3677, dir_res_loss: 1.7554, size_class_loss: 1.2148, size_res_loss: 0.3438, loss: 15.5044, grad_norm: 7.8242
2026-05-03 15:20:51,747 - mmdet - INFO - Epoch [1][250/1652]	lr: 8.000e-03, eta: 4:09:06, time: 0.238, data_time: 0.015, memory: 8298, vote_loss: 6.8686, objectness_loss: 0.4384, semantic_loss: 1.2460, center_loss: 0.8646, dir_class_loss: 2.3253, dir_res_loss: 1.9478, size_class_loss: 1.2469, size_res_loss: 0.3413, loss: 15.2789, grad_norm: 9.4847
2026-05-03 15:21:03,771 - mmdet - INFO - Epoch [1][300/1652]	lr: 8.000e-03, eta: 4:06:56, time: 0.240, data_time: 0.017, memory: 8298, vote_loss: 7.0178, objectness_loss: 0.4548, semantic_loss: 1.1890, center_loss: 0.9653, dir_class_loss: 2.3334, dir_res_loss: 1.6429, size_class_loss: 1.1891, size_res_loss: 0.4083, loss: 15.2004, grad_norm: 7.8062
2026-05-03 15:21:15,789 - mmdet - INFO - Epoch [1][350/1652]	lr: 8.000e-03, eta: 4:05:19, time: 0.240, data_time: 0.017, memory: 8298, vote_loss: 6.8296, objectness_loss: 0.4681, semantic_loss: 1.0681, center_loss: 0.8786, dir_class_loss: 2.3075, dir_res_loss: 1.8053, size_class_loss: 1.0680, size_res_loss: 0.3675, loss: 14.7927, grad_norm: 7.7480
2026-05-03 15:21:27,838 - mmdet - INFO - Epoch [1][400/1652]	lr: 8.000e-03, eta: 4:04:07, time: 0.241, data_time: 0.016, memory: 8298, vote_loss: 6.8891, objectness_loss: 0.4978, semantic_loss: 1.1901, center_loss: 0.9252, dir_class_loss: 2.2917, dir_res_loss: 1.9263, size_class_loss: 1.1900, size_res_loss: 0.3585, loss: 15.2686, grad_norm: 8.1800
2026-05-03 15:21:39,790 - mmdet - INFO - Epoch [1][450/1652]	lr: 8.000e-03, eta: 4:02:56, time: 0.239, data_time: 0.016, memory: 8298, vote_loss: 6.6134, objectness_loss: 0.4820, semantic_loss: 1.0663, center_loss: 0.9199, dir_class_loss: 2.2398, dir_res_loss: 1.7233, size_class_loss: 1.0648, size_res_loss: 0.3275, loss: 14.4370, grad_norm: 8.1905
2026-05-03 15:21:51,721 - mmdet - INFO - Epoch [1][500/1652]	lr: 8.000e-03, eta: 4:01:55, time: 0.239, data_time: 0.016, memory: 8298, vote_loss: 6.5846, objectness_loss: 0.4701, semantic_loss: 1.0378, center_loss: 0.9588, dir_class_loss: 2.1918, dir_res_loss: 1.7894, size_class_loss: 1.0373, size_res_loss: 0.3324, loss: 14.4024, grad_norm: 7.4175
2026-05-03 15:22:03,763 - mmdet - INFO - Epoch [1][550/1652]	lr: 8.000e-03, eta: 4:01:14, time: 0.241, data_time: 0.016, memory: 8298, vote_loss: 6.5002, objectness_loss: 0.4581, semantic_loss: 1.0510, center_loss: 0.8405, dir_class_loss: 2.2198, dir_res_loss: 1.6262, size_class_loss: 1.0503, size_res_loss: 0.3501, loss: 14.0961, grad_norm: 7.0174
2026-05-03 15:22:15,673 - mmdet - INFO - Epoch [1][600/1652]	lr: 8.000e-03, eta: 4:00:25, time: 0.238, data_time: 0.015, memory: 8298, vote_loss: 6.3958, objectness_loss: 0.4546, semantic_loss: 0.9684, center_loss: 0.8841, dir_class_loss: 2.1279, dir_res_loss: 1.5988, size_class_loss: 0.9685, size_res_loss: 0.3326, loss: 13.7308, grad_norm: 7.5432
2026-05-03 15:22:27,485 - mmdet - INFO - Epoch [1][650/1652]	lr: 8.000e-03, eta: 3:59:33, time: 0.236, data_time: 0.014, memory: 8298, vote_loss: 6.5894, objectness_loss: 0.4635, semantic_loss: 1.0568, center_loss: 0.8470, dir_class_loss: 2.1604, dir_res_loss: 1.8174, size_class_loss: 1.0568, size_res_loss: 0.3145, loss: 14.3058, grad_norm: 8.4850
2026-05-03 15:22:39,371 - mmdet - INFO - Epoch [1][700/1652]	lr: 8.000e-03, eta: 3:58:53, time: 0.238, data_time: 0.014, memory: 8298, vote_loss: 6.3577, objectness_loss: 0.4664, semantic_loss: 0.9366, center_loss: 0.8852, dir_class_loss: 2.1384, dir_res_loss: 1.6362, size_class_loss: 0.9363, size_res_loss: 0.3049, loss: 13.6618, grad_norm: 9.1612
2026-05-03 15:22:51,299 - mmdet - INFO - Epoch [1][750/1652]	lr: 8.000e-03, eta: 3:58:20, time: 0.239, data_time: 0.015, memory: 8298, vote_loss: 6.1472, objectness_loss: 0.4587, semantic_loss: 0.9260, center_loss: 0.8217, dir_class_loss: 2.1702, dir_res_loss: 1.7632, size_class_loss: 0.9256, size_res_loss: 0.2978, loss: 13.5105, grad_norm: 8.3276
2026-05-03 15:23:03,170 - mmdet - INFO - Epoch [1][800/1652]	lr: 8.000e-03, eta: 3:57:45, time: 0.237, data_time: 0.015, memory: 8298, vote_loss: 6.5790, objectness_loss: 0.4561, semantic_loss: 0.9835, center_loss: 0.8382, dir_class_loss: 2.1231, dir_res_loss: 1.6922, size_class_loss: 0.9838, size_res_loss: 0.3353, loss: 13.9911, grad_norm: 7.6618
2026-05-03 15:23:15,067 - mmdet - INFO - Epoch [1][850/1652]	lr: 8.000e-03, eta: 3:57:15, time: 0.238, data_time: 0.015, memory: 8298, vote_loss: 6.2862, objectness_loss: 0.4783, semantic_loss: 0.9704, center_loss: 0.8637, dir_class_loss: 2.1531, dir_res_loss: 1.7504, size_class_loss: 0.9700, size_res_loss: 0.3540, loss: 13.8262, grad_norm: 7.8472
2026-05-03 15:23:26,902 - mmdet - INFO - Epoch [1][900/1652]	lr: 8.000e-03, eta: 3:56:43, time: 0.237, data_time: 0.015, memory: 8298, vote_loss: 6.3352, objectness_loss: 0.4827, semantic_loss: 0.9298, center_loss: 0.8572, dir_class_loss: 2.0846, dir_res_loss: 1.6065, size_class_loss: 0.9299, size_res_loss: 0.3587, loss: 13.5847, grad_norm: 8.1489
2026-05-03 15:23:38,804 - mmdet - INFO - Epoch [1][950/1652]	lr: 8.000e-03, eta: 3:56:17, time: 0.238, data_time: 0.015, memory: 8298, vote_loss: 6.3284, objectness_loss: 0.4754, semantic_loss: 1.0315, center_loss: 0.8544, dir_class_loss: 2.1117, dir_res_loss: 1.6953, size_class_loss: 1.0312, size_res_loss: 0.3504, loss: 13.8781, grad_norm: 8.0185
2026-05-03 15:23:50,667 - mmdet - INFO - Exp name: votenet_16x8_sunrgbd-3d-10class.py
2026-05-03 15:23:50,667 - mmdet - INFO - Epoch [1][1000/1652]	lr: 8.000e-03, eta: 3:55:50, time: 0.237, data_time: 0.014, memory: 8298, vote_loss: 5.9121, objectness_loss: 0.4693, semantic_loss: 0.9653, center_loss: 0.8455, dir_class_loss: 2.1455, dir_res_loss: 1.6275, size_class_loss: 0.9665, size_res_loss: 0.3547, loss: 13.2862, grad_norm: 6.7762
2026-05-03 15:24:02,486 - mmdet - INFO - Epoch [1][1050/1652]	lr: 8.000e-03, eta: 3:55:23, time: 0.236, data_time: 0.014, memory: 8298, vote_loss: 5.9264, objectness_loss: 0.4562, semantic_loss: 0.8832, center_loss: 0.8418, dir_class_loss: 2.0967, dir_res_loss: 1.5448, size_class_loss: 0.8832, size_res_loss: 0.3420, loss: 12.9744, grad_norm: 8.1866
2026-05-03 15:24:14,403 - mmdet - INFO - Epoch [1][1100/1652]	lr: 8.000e-03, eta: 3:55:02, time: 0.238, data_time: 0.014, memory: 8298, vote_loss: 5.7302, objectness_loss: 0.4628, semantic_loss: 0.8980, center_loss: 0.8636, dir_class_loss: 2.0846, dir_res_loss: 1.7650, size_class_loss: 0.8979, size_res_loss: 0.3404, loss: 13.0424, grad_norm: 8.1775
2026-05-03 15:24:26,352 - mmdet - INFO - Epoch [1][1150/1652]	lr: 8.000e-03, eta: 3:54:43, time: 0.239, data_time: 0.015, memory: 8298, vote_loss: 5.6605, objectness_loss: 0.4894, semantic_loss: 0.9105, center_loss: 0.8069, dir_class_loss: 2.1057, dir_res_loss: 1.6272, size_class_loss: 0.9102, size_res_loss: 0.3057, loss: 12.8160, grad_norm: 7.1932
2026-05-03 15:24:38,208 - mmdet - INFO - Epoch [1][1200/1652]	lr: 8.000e-03, eta: 3:54:20, time: 0.237, data_time: 0.015, memory: 8298, vote_loss: 5.6416, objectness_loss: 0.4966, semantic_loss: 0.9232, center_loss: 0.8225, dir_class_loss: 2.0507, dir_res_loss: 1.6393, size_class_loss: 0.9233, size_res_loss: 0.3093, loss: 12.8066, grad_norm: 8.9071
2026-05-03 15:24:50,143 - mmdet - INFO - Epoch [1][1250/1652]	lr: 8.000e-03, eta: 3:54:02, time: 0.239, data_time: 0.015, memory: 8298, vote_loss: 5.4613, objectness_loss: 0.4922, semantic_loss: 0.8143, center_loss: 0.7760, dir_class_loss: 2.0876, dir_res_loss: 1.7306, size_class_loss: 0.8151, size_res_loss: 0.3077, loss: 12.4848, grad_norm: 7.9936
2026-05-03 15:25:02,091 - mmdet - INFO - Epoch [1][1300/1652]	lr: 8.000e-03, eta: 3:53:45, time: 0.239, data_time: 0.016, memory: 8298, vote_loss: 5.4452, objectness_loss: 0.5067, semantic_loss: 0.8703, center_loss: 0.7835, dir_class_loss: 2.0889, dir_res_loss: 1.6420, size_class_loss: 0.8703, size_res_loss: 0.3591, loss: 12.5661, grad_norm: 8.1049
2026-05-03 15:25:14,222 - mmdet - INFO - Epoch [1][1350/1652]	lr: 8.000e-03, eta: 3:53:36, time: 0.243, data_time: 0.017, memory: 8298, vote_loss: 5.3217, objectness_loss: 0.4953, semantic_loss: 0.8140, center_loss: 0.7516, dir_class_loss: 2.0411, dir_res_loss: 1.7822, size_class_loss: 0.8141, size_res_loss: 0.3396, loss: 12.3596, grad_norm: 8.0946
2026-05-03 15:25:26,184 - mmdet - INFO - Epoch [1][1400/1652]	lr: 8.000e-03, eta: 3:53:20, time: 0.239, data_time: 0.016, memory: 8298, vote_loss: 5.4606, objectness_loss: 0.4810, semantic_loss: 0.8507, center_loss: 0.7565, dir_class_loss: 2.0550, dir_res_loss: 1.6052, size_class_loss: 0.8509, size_res_loss: 0.2955, loss: 12.3553, grad_norm: 7.2821
2026-05-03 15:25:38,170 - mmdet - INFO - Epoch [1][1450/1652]	lr: 8.000e-03, eta: 3:53:05, time: 0.240, data_time: 0.016, memory: 8298, vote_loss: 5.2944, objectness_loss: 0.4627, semantic_loss: 0.8097, center_loss: 0.7904, dir_class_loss: 2.0641, dir_res_loss: 1.7051, size_class_loss: 0.8101, size_res_loss: 0.3373, loss: 12.2738, grad_norm: 8.3523
2026-05-03 15:25:50,084 - mmdet - INFO - Epoch [1][1500/1652]	lr: 8.000e-03, eta: 3:52:48, time: 0.238, data_time: 0.015, memory: 8298, vote_loss: 5.6501, objectness_loss: 0.4757, semantic_loss: 0.7897, center_loss: 0.8221, dir_class_loss: 1.9681, dir_res_loss: 1.6208, size_class_loss: 0.7905, size_res_loss: 0.3274, loss: 12.4443, grad_norm: 7.5111
2026-05-03 15:26:02,036 - mmdet - INFO - Epoch [1][1550/1652]	lr: 8.000e-03, eta: 3:52:32, time: 0.239, data_time: 0.015, memory: 8298, vote_loss: 5.2481, objectness_loss: 0.4964, semantic_loss: 0.7876, center_loss: 0.8030, dir_class_loss: 1.9340, dir_res_loss: 1.6360, size_class_loss: 0.7875, size_res_loss: 0.3457, loss: 12.0384, grad_norm: 7.3389
2026-05-03 15:26:13,962 - mmdet - INFO - Epoch [1][1600/1652]	lr: 8.000e-03, eta: 3:52:16, time: 0.239, data_time: 0.015, memory: 8298, vote_loss: 5.2483, objectness_loss: 0.5090, semantic_loss: 0.7747, center_loss: 0.7897, dir_class_loss: 1.9204, dir_res_loss: 1.4783, size_class_loss: 0.7748, size_res_loss: 0.3136, loss: 11.8089, grad_norm: 7.1127
2026-05-03 15:26:25,847 - mmdet - INFO - Epoch [1][1650/1652]	lr: 8.000e-03, eta: 3:51:58, time: 0.238, data_time: 0.014, memory: 8298, vote_loss: 5.5085, objectness_loss: 0.4946, semantic_loss: 0.8044, center_loss: 0.8092, dir_class_loss: 1.9149, dir_res_loss: 1.7233, size_class_loss: 0.8046, size_res_loss: 0.3497, loss: 12.4093, grad_norm: 7.3771
2026-05-03 15:26:26,355 - mmdet - INFO - Saving checkpoint at 1 epochs
2026-05-03 15:26:41,097 - mmdet - INFO - Epoch [2][50/1652]	lr: 8.000e-03, eta: 3:53:00, time: 0.294, data_time: 0.070, memory: 8298, vote_loss: 5.3265, objectness_loss: 0.5195, semantic_loss: 0.8917, center_loss: 0.8063, dir_class_loss: 1.8989, dir_res_loss: 1.5497, size_class_loss: 0.8921, size_res_loss: 0.3237, loss: 12.2085, grad_norm: 8.0615
2026-05-03 15:26:52,990 - mmdet - INFO - Epoch [2][100/1652]	lr: 8.000e-03, eta: 3:52:41, time: 0.238, data_time: 0.016, memory: 8298, vote_loss: 5.1816, objectness_loss: 0.4958, semantic_loss: 0.8439, center_loss: 0.8098, dir_class_loss: 1.8948, dir_res_loss: 1.6418, size_class_loss: 0.8442, size_res_loss: 0.3249, loss: 12.0369, grad_norm: 7.2671
2026-05-03 15:27:04,982 - mmdet - INFO - Epoch [2][150/1652]	lr: 8.000e-03, eta: 3:52:26, time: 0.240, data_time: 0.016, memory: 8298, vote_loss: 5.2617, objectness_loss: 0.4599, semantic_loss: 0.7972, center_loss: 0.7889, dir_class_loss: 1.8481, dir_res_loss: 1.7205, size_class_loss: 0.7974, size_res_loss: 0.3163, loss: 11.9900, grad_norm: 7.9401
2026-05-03 15:27:16,947 - mmdet - INFO - Epoch [2][200/1652]	lr: 8.000e-03, eta: 3:52:10, time: 0.239, data_time: 0.016, memory: 8298, vote_loss: 5.3419, objectness_loss: 0.4841, semantic_loss: 0.7404, center_loss: 0.7399, dir_class_loss: 1.8352, dir_res_loss: 1.7523, size_class_loss: 0.7410, size_res_loss: 0.3048, loss: 11.9397, grad_norm: 7.5421
2026-05-03 15:27:28,908 - mmdet - INFO - Epoch [2][250/1652]	lr: 8.000e-03, eta: 3:51:54, time: 0.239, data_time: 0.016, memory: 8298, vote_loss: 5.1281, objectness_loss: 0.4591, semantic_loss: 0.7586, center_loss: 0.7779, dir_class_loss: 1.8280, dir_res_loss: 1.6265, size_class_loss: 0.7590, size_res_loss: 0.2743, loss: 11.6114, grad_norm: 8.0243
2026-05-03 15:27:40,877 - mmdet - INFO - Epoch [2][300/1652]	lr: 8.000e-03, eta: 3:51:38, time: 0.239, data_time: 0.016, memory: 8298, vote_loss: 5.1584, objectness_loss: 0.4755, semantic_loss: 0.6865, center_loss: 0.7171, dir_class_loss: 1.8226, dir_res_loss: 1.6249, size_class_loss: 0.6866, size_res_loss: 0.3505, loss: 11.5221, grad_norm: 7.8866
2026-05-03 15:27:52,843 - mmdet - INFO - Epoch [2][350/1652]	lr: 8.000e-03, eta: 3:51:23, time: 0.239, data_time: 0.016, memory: 8298, vote_loss: 5.0073, objectness_loss: 0.4493, semantic_loss: 0.7609, center_loss: 0.7840, dir_class_loss: 1.8412, dir_res_loss: 1.6578, size_class_loss: 0.7608, size_res_loss: 0.3295, loss: 11.5908, grad_norm: 8.1927
2026-05-03 15:28:04,757 - mmdet - INFO - Epoch [2][400/1652]	lr: 8.000e-03, eta: 3:51:06, time: 0.238, data_time: 0.016, memory: 8298, vote_loss: 5.2463, objectness_loss: 0.4744, semantic_loss: 0.8036, center_loss: 0.7715, dir_class_loss: 1.7957, dir_res_loss: 1.6068, size_class_loss: 0.8036, size_res_loss: 0.3417, loss: 11.8435, grad_norm: 8.0453
2026-05-03 15:28:16,744 - mmdet - INFO - Epoch [2][450/1652]	lr: 8.000e-03, eta: 3:50:52, time: 0.240, data_time: 0.016, memory: 8298, vote_loss: 5.0888, objectness_loss: 0.4795, semantic_loss: 0.7460, center_loss: 0.7195, dir_class_loss: 1.7536, dir_res_loss: 1.6739, size_class_loss: 0.7458, size_res_loss: 0.3184, loss: 11.5255, grad_norm: 7.1727
2026-05-03 15:28:28,698 - mmdet - INFO - Epoch [2][500/1652]	lr: 8.000e-03, eta: 3:50:37, time: 0.239, data_time: 0.016, memory: 8298, vote_loss: 5.2758, objectness_loss: 0.4870, semantic_loss: 0.8145, center_loss: 0.7297, dir_class_loss: 1.8354, dir_res_loss: 1.5720, size_class_loss: 0.8146, size_res_loss: 0.3242, loss: 11.8531, grad_norm: 7.6739
2026-05-03 15:28:40,680 - mmdet - INFO - Epoch [2][550/1652]	lr: 8.000e-03, eta: 3:50:22, time: 0.240, data_time: 0.016, memory: 8298, vote_loss: 5.1912, objectness_loss: 0.4536, semantic_loss: 0.6955, center_loss: 0.7231, dir_class_loss: 1.7726, dir_res_loss: 1.6611, size_class_loss: 0.6958, size_res_loss: 0.3314, loss: 11.5244, grad_norm: 7.4974
2026-05-03 15:28:52,619 - mmdet - INFO - Epoch [2][600/1652]	lr: 8.000e-03, eta: 3:50:07, time: 0.239, data_time: 0.016, memory: 8298, vote_loss: 5.1120, objectness_loss: 0.4651, semantic_loss: 0.7038, center_loss: 0.7535, dir_class_loss: 1.8078, dir_res_loss: 1.4438, size_class_loss: 0.7037, size_res_loss: 0.3159, loss: 11.3056, grad_norm: 7.8912
2026-05-03 15:29:04,581 - mmdet - INFO - Epoch [2][650/1652]	lr: 8.000e-03, eta: 3:49:52, time: 0.239, data_time: 0.016, memory: 8298, vote_loss: 5.1935, objectness_loss: 0.4807, semantic_loss: 0.7562, center_loss: 0.7409, dir_class_loss: 1.8013, dir_res_loss: 1.6235, size_class_loss: 0.7564, size_res_loss: 0.3578, loss: 11.7102, grad_norm: 8.1724
2026-05-03 15:29:16,560 - mmdet - INFO - Epoch [2][700/1652]	lr: 8.000e-03, eta: 3:49:38, time: 0.240, data_time: 0.016, memory: 8298, vote_loss: 5.0255, objectness_loss: 0.4819, semantic_loss: 0.8351, center_loss: 0.7597, dir_class_loss: 1.7030, dir_res_loss: 1.5763, size_class_loss: 0.8359, size_res_loss: 0.2943, loss: 11.5117, grad_norm: 7.4385
2026-05-03 15:29:28,506 - mmdet - INFO - Epoch [2][750/1652]	lr: 8.000e-03, eta: 3:49:23, time: 0.239, data_time: 0.016, memory: 8298, vote_loss: 5.3106, objectness_loss: 0.4659, semantic_loss: 0.7504, center_loss: 0.7069, dir_class_loss: 1.8424, dir_res_loss: 1.5731, size_class_loss: 0.7504, size_res_loss: 0.3370, loss: 11.7369, grad_norm: 6.6485
2026-05-03 15:29:40,401 - mmdet - INFO - Epoch [2][800/1652]	lr: 8.000e-03, eta: 3:49:07, time: 0.238, data_time: 0.015, memory: 8298, vote_loss: 5.0248, objectness_loss: 0.4567, semantic_loss: 0.7206, center_loss: 0.7361, dir_class_loss: 1.7885, dir_res_loss: 1.5570, size_class_loss: 0.7204, size_res_loss: 0.3515, loss: 11.3554, grad_norm: 8.0779
2026-05-03 15:29:52,339 - mmdet - INFO - Epoch [2][850/1652]	lr: 8.000e-03, eta: 3:48:53, time: 0.239, data_time: 0.016, memory: 8298, vote_loss: 5.1073, objectness_loss: 0.4651, semantic_loss: 0.7269, center_loss: 0.7540, dir_class_loss: 1.7803, dir_res_loss: 1.6616, size_class_loss: 0.7273, size_res_loss: 0.2903, loss: 11.5127, grad_norm: 7.5737
2026-05-03 15:30:04,214 - mmdet - INFO - Epoch [2][900/1652]	lr: 8.000e-03, eta: 3:48:37, time: 0.237, data_time: 0.015, memory: 8298, vote_loss: 5.1672, objectness_loss: 0.4484, semantic_loss: 0.7184, center_loss: 0.7266, dir_class_loss: 1.7706, dir_res_loss: 1.6551, size_class_loss: 0.7186, size_res_loss: 0.3509, loss: 11.5559, grad_norm: 7.8868
2026-05-03 15:30:16,128 - mmdet - INFO - Epoch [2][950/1652]	lr: 8.000e-03, eta: 3:48:22, time: 0.238, data_time: 0.015, memory: 8298, vote_loss: 5.0391, objectness_loss: 0.4344, semantic_loss: 0.7042, center_loss: 0.6962, dir_class_loss: 1.6956, dir_res_loss: 1.5275, size_class_loss: 0.7041, size_res_loss: 0.3638, loss: 11.1649, grad_norm: 7.4033
2026-05-03 15:30:28,071 - mmdet - INFO - Epoch [2][1000/1652]	lr: 8.000e-03, eta: 3:48:07, time: 0.239, data_time: 0.016, memory: 8298, vote_loss: 4.8208, objectness_loss: 0.4419, semantic_loss: 0.6483, center_loss: 0.6827, dir_class_loss: 1.7027, dir_res_loss: 1.5805, size_class_loss: 0.6483, size_res_loss: 0.3144, loss: 10.8397, grad_norm: 7.8238
2026-05-03 15:30:39,939 - mmdet - INFO - Epoch [2][1050/1652]	lr: 8.000e-03, eta: 3:47:52, time: 0.237, data_time: 0.015, memory: 8298, vote_loss: 5.2330, objectness_loss: 0.4910, semantic_loss: 0.7573, center_loss: 0.7403, dir_class_loss: 1.6992, dir_res_loss: 1.4618, size_class_loss: 0.7573, size_res_loss: 0.3347, loss: 11.4745, grad_norm: 7.6174
2026-05-03 15:30:51,836 - mmdet - INFO - Epoch [2][1100/1652]	lr: 8.000e-03, eta: 3:47:37, time: 0.238, data_time: 0.015, memory: 8298, vote_loss: 5.0130, objectness_loss: 0.4846, semantic_loss: 0.7170, center_loss: 0.6935, dir_class_loss: 1.7062, dir_res_loss: 1.5449, size_class_loss: 0.7169, size_res_loss: 0.3327, loss: 11.2087, grad_norm: 7.6186
2026-05-03 15:31:03,815 - mmdet - INFO - Epoch [2][1150/1652]	lr: 8.000e-03, eta: 3:47:23, time: 0.240, data_time: 0.016, memory: 8298, vote_loss: 4.9152, objectness_loss: 0.4734, semantic_loss: 0.6956, center_loss: 0.7205, dir_class_loss: 1.6472, dir_res_loss: 1.6928, size_class_loss: 0.6958, size_res_loss: 0.3548, loss: 11.1954, grad_norm: 8.0430
2026-05-03 15:31:15,936 - mmdet - INFO - Epoch [2][1200/1652]	lr: 8.000e-03, eta: 3:47:13, time: 0.242, data_time: 0.019, memory: 8298, vote_loss: 5.1846, objectness_loss: 0.4675, semantic_loss: 0.6775, center_loss: 0.6847, dir_class_loss: 1.6856, dir_res_loss: 1.5581, size_class_loss: 0.6773, size_res_loss: 0.4377, loss: 11.3730, grad_norm: 7.4484
2026-05-03 15:31:27,848 - mmdet - INFO - Epoch [2][1250/1652]	lr: 8.000e-03, eta: 3:46:58, time: 0.238, data_time: 0.015, memory: 8298, vote_loss: 4.9665, objectness_loss: 0.4393, semantic_loss: 0.7466, center_loss: 0.6575, dir_class_loss: 1.7833, dir_res_loss: 1.5113, size_class_loss: 0.7465, size_res_loss: 0.2980, loss: 11.1490, grad_norm: 7.3179
2026-05-03 15:31:39,737 - mmdet - INFO - Epoch [2][1300/1652]	lr: 8.000e-03, eta: 3:46:44, time: 0.238, data_time: 0.015, memory: 8298, vote_loss: 4.9305, objectness_loss: 0.4432, semantic_loss: 0.6372, center_loss: 0.6515, dir_class_loss: 1.6285, dir_res_loss: 1.5297, size_class_loss: 0.6374, size_res_loss: 0.3353, loss: 10.7933, grad_norm: 7.3838
2026-05-03 15:31:51,679 - mmdet - INFO - Epoch [2][1350/1652]	lr: 8.000e-03, eta: 3:46:30, time: 0.239, data_time: 0.015, memory: 8298, vote_loss: 4.8979, objectness_loss: 0.4819, semantic_loss: 0.7179, center_loss: 0.7980, dir_class_loss: 1.7220, dir_res_loss: 1.4255, size_class_loss: 0.7182, size_res_loss: 0.3296, loss: 11.0911, grad_norm: 8.6751
2026-05-03 15:32:03,603 - mmdet - INFO - Epoch [2][1400/1652]	lr: 8.000e-03, eta: 3:46:16, time: 0.238, data_time: 0.015, memory: 8298, vote_loss: 4.8157, objectness_loss: 0.4800, semantic_loss: 0.7178, center_loss: 0.7329, dir_class_loss: 1.6264, dir_res_loss: 1.4898, size_class_loss: 0.7177, size_res_loss: 0.3190, loss: 10.8993, grad_norm: 7.7734
2026-05-03 15:32:15,603 - mmdet - INFO - Epoch [2][1450/1652]	lr: 8.000e-03, eta: 3:46:03, time: 0.240, data_time: 0.016, memory: 8298, vote_loss: 4.8488, objectness_loss: 0.4293, semantic_loss: 0.6750, center_loss: 0.6605, dir_class_loss: 1.6563, dir_res_loss: 1.5018, size_class_loss: 0.6748, size_res_loss: 0.3461, loss: 10.7926, grad_norm: 8.0105
2026-05-03 15:32:27,482 - mmdet - INFO - Epoch [2][1500/1652]	lr: 8.000e-03, eta: 3:45:48, time: 0.238, data_time: 0.016, memory: 8298, vote_loss: 4.8045, objectness_loss: 0.4483, semantic_loss: 0.7192, center_loss: 0.6889, dir_class_loss: 1.5767, dir_res_loss: 1.5314, size_class_loss: 0.7195, size_res_loss: 0.3223, loss: 10.8108, grad_norm: 7.7950
2026-05-03 15:32:39,385 - mmdet - INFO - Epoch [2][1550/1652]	lr: 8.000e-03, eta: 3:45:34, time: 0.238, data_time: 0.016, memory: 8298, vote_loss: 4.9218, objectness_loss: 0.4637, semantic_loss: 0.6725, center_loss: 0.7129, dir_class_loss: 1.5389, dir_res_loss: 1.4324, size_class_loss: 0.6725, size_res_loss: 0.3002, loss: 10.7147, grad_norm: 7.9789
2026-05-03 15:32:51,406 - mmdet - INFO - Epoch [2][1600/1652]	lr: 8.000e-03, eta: 3:45:22, time: 0.240, data_time: 0.016, memory: 8298, vote_loss: 5.0343, objectness_loss: 0.4522, semantic_loss: 0.6651, center_loss: 0.7085, dir_class_loss: 1.6671, dir_res_loss: 1.4625, size_class_loss: 0.6652, size_res_loss: 0.3452, loss: 11.0001, grad_norm: 7.6288
2026-05-03 15:33:03,332 - mmdet - INFO - Epoch [2][1650/1652]	lr: 8.000e-03, eta: 3:45:08, time: 0.239, data_time: 0.016, memory: 8298, vote_loss: 4.8904, objectness_loss: 0.4515, semantic_loss: 0.7190, center_loss: 0.6574, dir_class_loss: 1.5181, dir_res_loss: 1.4543, size_class_loss: 0.7188, size_res_loss: 0.3567, loss: 10.7662, grad_norm: 7.5232
2026-05-03 15:33:03,857 - mmdet - INFO - Saving checkpoint at 2 epochs
2026-05-03 15:33:18,530 - mmdet - INFO - Epoch [3][50/1652]	lr: 8.000e-03, eta: 3:45:31, time: 0.293, data_time: 0.070, memory: 8298, vote_loss: 4.8963, objectness_loss: 0.4745, semantic_loss: 0.6677, center_loss: 0.7180, dir_class_loss: 1.5322, dir_res_loss: 1.4865, size_class_loss: 0.6678, size_res_loss: 0.3292, loss: 10.7722, grad_norm: 7.7890
2026-05-03 15:33:30,412 - mmdet - INFO - Epoch [3][100/1652]	lr: 8.000e-03, eta: 3:45:16, time: 0.238, data_time: 0.016, memory: 8298, vote_loss: 4.7752, objectness_loss: 0.4484, semantic_loss: 0.6789, center_loss: 0.7942, dir_class_loss: 1.6206, dir_res_loss: 1.5343, size_class_loss: 0.6789, size_res_loss: 0.3205, loss: 10.8511, grad_norm: 9.2145
2026-05-03 15:33:42,356 - mmdet - INFO - Epoch [3][150/1652]	lr: 8.000e-03, eta: 3:45:03, time: 0.239, data_time: 0.015, memory: 8298, vote_loss: 4.7194, objectness_loss: 0.4399, semantic_loss: 0.6494, center_loss: 0.7315, dir_class_loss: 1.5644, dir_res_loss: 1.3744, size_class_loss: 0.6495, size_res_loss: 0.3276, loss: 10.4561, grad_norm: 8.1569
2026-05-03 15:33:54,273 - mmdet - INFO - Epoch [3][200/1652]	lr: 8.000e-03, eta: 3:44:48, time: 0.238, data_time: 0.016, memory: 8298, vote_loss: 4.6190, objectness_loss: 0.4353, semantic_loss: 0.5911, center_loss: 0.7081, dir_class_loss: 1.5958, dir_res_loss: 1.5124, size_class_loss: 0.5911, size_res_loss: 0.3247, loss: 10.3775, grad_norm: 8.3883
2026-05-03 15:34:06,210 - mmdet - INFO - Epoch [3][250/1652]	lr: 8.000e-03, eta: 3:44:35, time: 0.239, data_time: 0.016, memory: 8298, vote_loss: 4.9558, objectness_loss: 0.4740, semantic_loss: 0.6869, center_loss: 0.6794, dir_class_loss: 1.6243, dir_res_loss: 1.3722, size_class_loss: 0.6870, size_res_loss: 0.3667, loss: 10.8462, grad_norm: 7.3073
2026-05-03 15:34:18,205 - mmdet - INFO - Epoch [3][300/1652]	lr: 8.000e-03, eta: 3:44:22, time: 0.240, data_time: 0.016, memory: 8298, vote_loss: 5.0114, objectness_loss: 0.4510, semantic_loss: 0.5805, center_loss: 0.6323, dir_class_loss: 1.5653, dir_res_loss: 1.3232, size_class_loss: 0.5803, size_res_loss: 0.3340, loss: 10.4781, grad_norm: 7.0020
2026-05-03 15:34:30,146 - mmdet - INFO - Epoch [3][350/1652]	lr: 8.000e-03, eta: 3:44:08, time: 0.239, data_time: 0.015, memory: 8298, vote_loss: 4.8812, objectness_loss: 0.4392, semantic_loss: 0.6039, center_loss: 0.6410, dir_class_loss: 1.5644, dir_res_loss: 1.4168, size_class_loss: 0.6040, size_res_loss: 0.3443, loss: 10.4949, grad_norm: 7.1393
2026-05-03 15:34:42,114 - mmdet - INFO - Epoch [3][400/1652]	lr: 8.000e-03, eta: 3:43:55, time: 0.239, data_time: 0.015, memory: 8298, vote_loss: 4.8620, objectness_loss: 0.4562, semantic_loss: 0.7133, center_loss: 0.6641, dir_class_loss: 1.5222, dir_res_loss: 1.4285, size_class_loss: 0.7134, size_res_loss: 0.3469, loss: 10.7067, grad_norm: 6.7863
2026-05-03 15:34:54,092 - mmdet - INFO - Epoch [3][450/1652]	lr: 8.000e-03, eta: 3:43:42, time: 0.240, data_time: 0.015, memory: 8298, vote_loss: 4.8394, objectness_loss: 0.4409, semantic_loss: 0.6442, center_loss: 0.6613, dir_class_loss: 1.5468, dir_res_loss: 1.4665, size_class_loss: 0.6441, size_res_loss: 0.3127, loss: 10.5560, grad_norm: 7.0551
2026-05-03 15:35:06,026 - mmdet - INFO - Epoch [3][500/1652]	lr: 8.000e-03, eta: 3:43:28, time: 0.239, data_time: 0.016, memory: 8298, vote_loss: 4.6891, objectness_loss: 0.4238, semantic_loss: 0.6363, center_loss: 0.6983, dir_class_loss: 1.5728, dir_res_loss: 1.4506, size_class_loss: 0.6364, size_res_loss: 0.3121, loss: 10.4195, grad_norm: 9.1033
2026-05-03 15:35:17,968 - mmdet - INFO - Epoch [3][550/1652]	lr: 8.000e-03, eta: 3:43:15, time: 0.239, data_time: 0.015, memory: 8298, vote_loss: 4.8014, objectness_loss: 0.4469, semantic_loss: 0.6011, center_loss: 0.6978, dir_class_loss: 1.5587, dir_res_loss: 1.4395, size_class_loss: 0.6009, size_res_loss: 0.3223, loss: 10.4687, grad_norm: 8.0112
2026-05-03 15:35:29,928 - mmdet - INFO - Epoch [3][600/1652]	lr: 8.000e-03, eta: 3:43:01, time: 0.239, data_time: 0.015, memory: 8298, vote_loss: 4.8282, objectness_loss: 0.4985, semantic_loss: 0.6711, center_loss: 0.6199, dir_class_loss: 1.4855, dir_res_loss: 1.4156, size_class_loss: 0.6711, size_res_loss: 0.3322, loss: 10.5221, grad_norm: 6.8732
2026-05-03 15:35:41,851 - mmdet - INFO - Epoch [3][650/1652]	lr: 8.000e-03, eta: 3:42:48, time: 0.238, data_time: 0.015, memory: 8298, vote_loss: 4.7764, objectness_loss: 0.4488, semantic_loss: 0.7383, center_loss: 0.6755, dir_class_loss: 1.6282, dir_res_loss: 1.4578, size_class_loss: 0.7386, size_res_loss: 0.3335, loss: 10.7972, grad_norm: 7.4992
2026-05-03 15:35:53,762 - mmdet - INFO - Epoch [3][700/1652]	lr: 8.000e-03, eta: 3:42:34, time: 0.238, data_time: 0.015, memory: 8298, vote_loss: 4.7432, objectness_loss: 0.4658, semantic_loss: 0.6395, center_loss: 0.6750, dir_class_loss: 1.4847, dir_res_loss: 1.2925, size_class_loss: 0.6393, size_res_loss: 0.3386, loss: 10.2785, grad_norm: 7.8579
2026-05-03 15:36:05,748 - mmdet - INFO - Epoch [3][750/1652]	lr: 8.000e-03, eta: 3:42:21, time: 0.240, data_time: 0.016, memory: 8298, vote_loss: 4.7681, objectness_loss: 0.4633, semantic_loss: 0.6202, center_loss: 0.7020, dir_class_loss: 1.5288, dir_res_loss: 1.3758, size_class_loss: 0.6203, size_res_loss: 0.3344, loss: 10.4130, grad_norm: 8.3311
2026-05-03 15:36:17,784 - mmdet - INFO - Epoch [3][800/1652]	lr: 8.000e-03, eta: 3:42:09, time: 0.241, data_time: 0.016, memory: 8298, vote_loss: 4.8565, objectness_loss: 0.4787, semantic_loss: 0.6351, center_loss: 0.6410, dir_class_loss: 1.5134, dir_res_loss: 1.4123, size_class_loss: 0.6351, size_res_loss: 0.3585, loss: 10.5306, grad_norm: 7.5557
2026-05-03 15:36:29,728 - mmdet - INFO - Epoch [3][850/1652]	lr: 8.000e-03, eta: 3:41:56, time: 0.239, data_time: 0.016, memory: 8298, vote_loss: 4.8507, objectness_loss: 0.4362, semantic_loss: 0.6472, center_loss: 0.6823, dir_class_loss: 1.5168, dir_res_loss: 1.3948, size_class_loss: 0.6472, size_res_loss: 0.2988, loss: 10.4742, grad_norm: 7.6374
2026-05-03 15:36:41,696 - mmdet - INFO - Epoch [3][900/1652]	lr: 8.000e-03, eta: 3:41:43, time: 0.239, data_time: 0.015, memory: 8298, vote_loss: 4.8639, objectness_loss: 0.4419, semantic_loss: 0.6694, center_loss: 0.6755, dir_class_loss: 1.4545, dir_res_loss: 1.3470, size_class_loss: 0.6693, size_res_loss: 0.3630, loss: 10.4846, grad_norm: 8.1341
2026-05-03 15:36:53,642 - mmdet - INFO - Epoch [3][950/1652]	lr: 8.000e-03, eta: 3:41:30, time: 0.239, data_time: 0.016, memory: 8298, vote_loss: 4.6453, objectness_loss: 0.5016, semantic_loss: 0.6332, center_loss: 0.6258, dir_class_loss: 1.4868, dir_res_loss: 1.3674, size_class_loss: 0.6331, size_res_loss: 0.3299, loss: 10.2231, grad_norm: 7.1689
2026-05-03 15:37:05,572 - mmdet - INFO - Epoch [3][1000/1652]	lr: 8.000e-03, eta: 3:41:16, time: 0.239, data_time: 0.016, memory: 8298, vote_loss: 4.7430, objectness_loss: 0.4572, semantic_loss: 0.6659, center_loss: 0.6445, dir_class_loss: 1.4010, dir_res_loss: 1.2619, size_class_loss: 0.6659, size_res_loss: 0.2816, loss: 10.1210, grad_norm: 7.6646
2026-05-03 15:37:17,549 - mmdet - INFO - Epoch [3][1050/1652]	lr: 8.000e-03, eta: 3:41:03, time: 0.240, data_time: 0.016, memory: 8298, vote_loss: 4.5357, objectness_loss: 0.4677, semantic_loss: 0.6471, center_loss: 0.6212, dir_class_loss: 1.5065, dir_res_loss: 1.3388, size_class_loss: 0.6469, size_res_loss: 0.3297, loss: 10.0935, grad_norm: 7.5239
2026-05-03 15:37:29,462 - mmdet - INFO - Epoch [3][1100/1652]	lr: 8.000e-03, eta: 3:40:50, time: 0.238, data_time: 0.015, memory: 8298, vote_loss: 4.7160, objectness_loss: 0.4315, semantic_loss: 0.6422, center_loss: 0.6568, dir_class_loss: 1.5515, dir_res_loss: 1.3627, size_class_loss: 0.6421, size_res_loss: 0.3265, loss: 10.3292, grad_norm: 7.2778
2026-05-03 15:37:41,395 - mmdet - INFO - Epoch [3][1150/1652]	lr: 8.000e-03, eta: 3:40:37, time: 0.239, data_time: 0.015, memory: 8298, vote_loss: 4.7291, objectness_loss: 0.4005, semantic_loss: 0.6124, center_loss: 0.6798, dir_class_loss: 1.4248, dir_res_loss: 1.3924, size_class_loss: 0.6123, size_res_loss: 0.3394, loss: 10.1907, grad_norm: 8.2015
2026-05-03 15:37:53,299 - mmdet - INFO - Epoch [3][1200/1652]	lr: 8.000e-03, eta: 3:40:23, time: 0.238, data_time: 0.015, memory: 8298, vote_loss: 4.6519, objectness_loss: 0.4361, semantic_loss: 0.5769, center_loss: 0.6590, dir_class_loss: 1.4630, dir_res_loss: 1.3771, size_class_loss: 0.5767, size_res_loss: 0.3155, loss: 10.0563, grad_norm: 7.8263
2026-05-03 15:38:05,219 - mmdet - INFO - Epoch [3][1250/1652]	lr: 8.000e-03, eta: 3:40:10, time: 0.238, data_time: 0.015, memory: 8298, vote_loss: 4.7650, objectness_loss: 0.4042, semantic_loss: 0.6044, center_loss: 0.6381, dir_class_loss: 1.4698, dir_res_loss: 1.4323, size_class_loss: 0.6046, size_res_loss: 0.3332, loss: 10.2517, grad_norm: 7.5330
2026-05-03 15:38:17,185 - mmdet - INFO - Epoch [3][1300/1652]	lr: 8.000e-03, eta: 3:39:57, time: 0.239, data_time: 0.015, memory: 8298, vote_loss: 4.7978, objectness_loss: 0.4290, semantic_loss: 0.5554, center_loss: 0.6009, dir_class_loss: 1.4488, dir_res_loss: 1.3922, size_class_loss: 0.5554, size_res_loss: 0.3438, loss: 10.1234, grad_norm: 6.9902
2026-05-03 15:38:29,204 - mmdet - INFO - Epoch [3][1350/1652]	lr: 8.000e-03, eta: 3:39:45, time: 0.240, data_time: 0.015, memory: 8298, vote_loss: 4.5360, objectness_loss: 0.4655, semantic_loss: 0.6637, center_loss: 0.6400, dir_class_loss: 1.4709, dir_res_loss: 1.3029, size_class_loss: 0.6640, size_res_loss: 0.3111, loss: 10.0542, grad_norm: 7.0227
2026-05-03 15:38:41,133 - mmdet - INFO - Epoch [3][1400/1652]	lr: 8.000e-03, eta: 3:39:32, time: 0.239, data_time: 0.015, memory: 8298, vote_loss: 4.8682, objectness_loss: 0.4476, semantic_loss: 0.6133, center_loss: 0.6636, dir_class_loss: 1.3931, dir_res_loss: 1.3514, size_class_loss: 0.6132, size_res_loss: 0.3436, loss: 10.2941, grad_norm: 8.4646
2026-05-03 15:38:53,005 - mmdet - INFO - Epoch [3][1450/1652]	lr: 8.000e-03, eta: 3:39:18, time: 0.237, data_time: 0.015, memory: 8298, vote_loss: 4.7415, objectness_loss: 0.4491, semantic_loss: 0.6425, center_loss: 0.6348, dir_class_loss: 1.4451, dir_res_loss: 1.4243, size_class_loss: 0.6422, size_res_loss: 0.3180, loss: 10.2976, grad_norm: 8.2043
2026-05-03 15:39:04,948 - mmdet - INFO - Epoch [3][1500/1652]	lr: 8.000e-03, eta: 3:39:05, time: 0.239, data_time: 0.016, memory: 8298, vote_loss: 4.6820, objectness_loss: 0.4661, semantic_loss: 0.5962, center_loss: 0.6107, dir_class_loss: 1.3914, dir_res_loss: 1.3336, size_class_loss: 0.5963, size_res_loss: 0.3269, loss: 10.0032, grad_norm: 7.2797
2026-05-03 15:39:16,881 - mmdet - INFO - Epoch [3][1550/1652]	lr: 8.000e-03, eta: 3:38:52, time: 0.239, data_time: 0.016, memory: 8298, vote_loss: 4.4398, objectness_loss: 0.4481, semantic_loss: 0.5913, center_loss: 0.6706, dir_class_loss: 1.4710, dir_res_loss: 1.4035, size_class_loss: 0.5911, size_res_loss: 0.3324, loss: 9.9479, grad_norm: 8.8782
2026-05-03 15:39:28,841 - mmdet - INFO - Epoch [3][1600/1652]	lr: 8.000e-03, eta: 3:38:39, time: 0.239, data_time: 0.016, memory: 8298, vote_loss: 4.8800, objectness_loss: 0.4472, semantic_loss: 0.6324, center_loss: 0.6169, dir_class_loss: 1.3667, dir_res_loss: 1.2765, size_class_loss: 0.6325, size_res_loss: 0.3251, loss: 10.1772, grad_norm: 8.3516
2026-05-03 15:39:40,710 - mmdet - INFO - Epoch [3][1650/1652]	lr: 8.000e-03, eta: 3:38:26, time: 0.237, data_time: 0.015, memory: 8298, vote_loss: 4.7010, objectness_loss: 0.4558, semantic_loss: 0.6844, center_loss: 0.7603, dir_class_loss: 1.4847, dir_res_loss: 1.3126, size_class_loss: 0.6842, size_res_loss: 0.3267, loss: 10.4097, grad_norm: 8.1875
2026-05-03 15:39:41,217 - mmdet - INFO - Saving checkpoint at 3 epochs
2026-05-03 15:39:55,975 - mmdet - INFO - Epoch [4][50/1652]	lr: 8.000e-03, eta: 3:38:37, time: 0.294, data_time: 0.070, memory: 8298, vote_loss: 4.8736, objectness_loss: 0.4387, semantic_loss: 0.6174, center_loss: 0.6513, dir_class_loss: 1.4342, dir_res_loss: 1.1343, size_class_loss: 0.6173, size_res_loss: 0.3558, loss: 10.1227, grad_norm: 7.5368
2026-05-03 15:40:08,020 - mmdet - INFO - Epoch [4][100/1652]	lr: 8.000e-03, eta: 3:38:25, time: 0.241, data_time: 0.016, memory: 8298, vote_loss: 4.8404, objectness_loss: 0.4467, semantic_loss: 0.6106, center_loss: 0.6157, dir_class_loss: 1.4276, dir_res_loss: 1.2937, size_class_loss: 0.6105, size_res_loss: 0.3767, loss: 10.2220, grad_norm: 6.9931
2026-05-03 15:40:20,016 - mmdet - INFO - Epoch [4][150/1652]	lr: 8.000e-03, eta: 3:38:12, time: 0.240, data_time: 0.016, memory: 8298, vote_loss: 4.6053, objectness_loss: 0.4423, semantic_loss: 0.5585, center_loss: 0.6356, dir_class_loss: 1.4356, dir_res_loss: 1.1565, size_class_loss: 0.5587, size_res_loss: 0.3317, loss: 9.7242, grad_norm: 7.5455
2026-05-03 15:40:31,996 - mmdet - INFO - Epoch [4][200/1652]	lr: 8.000e-03, eta: 3:38:00, time: 0.240, data_time: 0.016, memory: 8298, vote_loss: 4.5775, objectness_loss: 0.4372, semantic_loss: 0.6261, center_loss: 0.6261, dir_class_loss: 1.4110, dir_res_loss: 1.2162, size_class_loss: 0.6260, size_res_loss: 0.3447, loss: 9.8649, grad_norm: 7.6017
2026-05-03 15:40:43,950 - mmdet - INFO - Epoch [4][250/1652]	lr: 8.000e-03, eta: 3:37:47, time: 0.239, data_time: 0.016, memory: 8298, vote_loss: 4.6434, objectness_loss: 0.4198, semantic_loss: 0.6024, center_loss: 0.6591, dir_class_loss: 1.4412, dir_res_loss: 1.1626, size_class_loss: 0.6026, size_res_loss: 0.3485, loss: 9.8796, grad_norm: 7.6804
2026-05-03 15:40:56,012 - mmdet - INFO - Epoch [4][300/1652]	lr: 8.000e-03, eta: 3:37:35, time: 0.241, data_time: 0.016, memory: 8298, vote_loss: 4.5735, objectness_loss: 0.4527, semantic_loss: 0.5570, center_loss: 0.6675, dir_class_loss: 1.3819, dir_res_loss: 1.1565, size_class_loss: 0.5569, size_res_loss: 0.3067, loss: 9.6528, grad_norm: 7.2905
2026-05-03 15:41:07,972 - mmdet - INFO - Epoch [4][350/1652]	lr: 8.000e-03, eta: 3:37:22, time: 0.239, data_time: 0.016, memory: 8298, vote_loss: 4.5190, objectness_loss: 0.4187, semantic_loss: 0.5643, center_loss: 0.6558, dir_class_loss: 1.3926, dir_res_loss: 1.2375, size_class_loss: 0.5643, size_res_loss: 0.2960, loss: 9.6483, grad_norm: 8.1598
2026-05-03 15:41:19,959 - mmdet - INFO - Epoch [4][400/1652]	lr: 8.000e-03, eta: 3:37:10, time: 0.240, data_time: 0.016, memory: 8298, vote_loss: 4.7210, objectness_loss: 0.4462, semantic_loss: 0.6308, center_loss: 0.6683, dir_class_loss: 1.4518, dir_res_loss: 1.3447, size_class_loss: 0.6308, size_res_loss: 0.3186, loss: 10.2122, grad_norm: 7.5685
2026-05-03 15:41:31,936 - mmdet - INFO - Epoch [4][450/1652]	lr: 8.000e-03, eta: 3:36:57, time: 0.240, data_time: 0.016, memory: 8298, vote_loss: 4.5403, objectness_loss: 0.4504, semantic_loss: 0.6366, center_loss: 0.6209, dir_class_loss: 1.4255, dir_res_loss: 1.2478, size_class_loss: 0.6368, size_res_loss: 0.3036, loss: 9.8618, grad_norm: 7.4065
2026-05-03 15:41:43,878 - mmdet - INFO - Epoch [4][500/1652]	lr: 8.000e-03, eta: 3:36:44, time: 0.239, data_time: 0.016, memory: 8298, vote_loss: 4.4577, objectness_loss: 0.4444, semantic_loss: 0.5979, center_loss: 0.6196, dir_class_loss: 1.3513, dir_res_loss: 1.1761, size_class_loss: 0.5979, size_res_loss: 0.3228, loss: 9.5677, grad_norm: 7.6079
2026-05-03 15:41:55,899 - mmdet - INFO - Epoch [4][550/1652]	lr: 8.000e-03, eta: 3:36:32, time: 0.240, data_time: 0.016, memory: 8298, vote_loss: 4.5460, objectness_loss: 0.4435, semantic_loss: 0.6509, center_loss: 0.6052, dir_class_loss: 1.3551, dir_res_loss: 1.2310, size_class_loss: 0.6510, size_res_loss: 0.3091, loss: 9.7920, grad_norm: 7.0815
2026-05-03 15:42:08,056 - mmdet - INFO - Epoch [4][600/1652]	lr: 8.000e-03, eta: 3:36:21, time: 0.243, data_time: 0.020, memory: 8298, vote_loss: 4.5682, objectness_loss: 0.4682, semantic_loss: 0.6114, center_loss: 0.6552, dir_class_loss: 1.4273, dir_res_loss: 1.1104, size_class_loss: 0.6114, size_res_loss: 0.3261, loss: 9.7782, grad_norm: 7.6139
2026-05-03 15:42:20,005 - mmdet - INFO - Epoch [4][650/1652]	lr: 8.000e-03, eta: 3:36:08, time: 0.239, data_time: 0.016, memory: 8298, vote_loss: 4.8079, objectness_loss: 0.4220, semantic_loss: 0.5922, center_loss: 0.6421, dir_class_loss: 1.4858, dir_res_loss: 1.3473, size_class_loss: 0.5921, size_res_loss: 0.3405, loss: 10.2299, grad_norm: 7.6091
2026-05-03 15:42:31,985 - mmdet - INFO - Epoch [4][700/1652]	lr: 8.000e-03, eta: 3:35:55, time: 0.240, data_time: 0.016, memory: 8298, vote_loss: 4.5392, objectness_loss: 0.4561, semantic_loss: 0.6427, center_loss: 0.5921, dir_class_loss: 1.3837, dir_res_loss: 1.2036, size_class_loss: 0.6426, size_res_loss: 0.3304, loss: 9.7904, grad_norm: 7.7472
2026-05-03 15:42:43,953 - mmdet - INFO - Epoch [4][750/1652]	lr: 8.000e-03, eta: 3:35:43, time: 0.239, data_time: 0.016, memory: 8298, vote_loss: 4.5351, objectness_loss: 0.4358, semantic_loss: 0.6208, center_loss: 0.7108, dir_class_loss: 1.3971, dir_res_loss: 1.1838, size_class_loss: 0.6208, size_res_loss: 0.3388, loss: 9.8431, grad_norm: 7.4112
2026-05-03 15:42:56,086 - mmdet - INFO - Epoch [4][800/1652]	lr: 8.000e-03, eta: 3:35:32, time: 0.243, data_time: 0.017, memory: 8298, vote_loss: 4.6458, objectness_loss: 0.4528, semantic_loss: 0.6251, center_loss: 0.7063, dir_class_loss: 1.3853, dir_res_loss: 1.0940, size_class_loss: 0.6251, size_res_loss: 0.3234, loss: 9.8579, grad_norm: 8.6486
2026-05-03 15:43:08,065 - mmdet - INFO - Epoch [4][850/1652]	lr: 8.000e-03, eta: 3:35:19, time: 0.240, data_time: 0.016, memory: 8298, vote_loss: 4.2827, objectness_loss: 0.4189, semantic_loss: 0.6129, center_loss: 0.6200, dir_class_loss: 1.3774, dir_res_loss: 1.1998, size_class_loss: 0.6129, size_res_loss: 0.3212, loss: 9.4459, grad_norm: 8.1774
2026-05-03 15:43:20,008 - mmdet - INFO - Epoch [4][900/1652]	lr: 8.000e-03, eta: 3:35:06, time: 0.239, data_time: 0.016, memory: 8298, vote_loss: 4.5614, objectness_loss: 0.4750, semantic_loss: 0.6516, center_loss: 0.6669, dir_class_loss: 1.3558, dir_res_loss: 1.2569, size_class_loss: 0.6517, size_res_loss: 0.3165, loss: 9.9357, grad_norm: 8.0536
2026-05-03 15:43:32,032 - mmdet - INFO - Epoch [4][950/1652]	lr: 8.000e-03, eta: 3:34:54, time: 0.240, data_time: 0.016, memory: 8298, vote_loss: 4.2721, objectness_loss: 0.4572, semantic_loss: 0.5129, center_loss: 0.6018, dir_class_loss: 1.3388, dir_res_loss: 1.1738, size_class_loss: 0.5129, size_res_loss: 0.3333, loss: 9.2030, grad_norm: 7.1721
2026-05-03 15:43:44,069 - mmdet - INFO - Epoch [4][1000/1652]	lr: 8.000e-03, eta: 3:34:42, time: 0.241, data_time: 0.016, memory: 8298, vote_loss: 4.3511, objectness_loss: 0.4706, semantic_loss: 0.5777, center_loss: 0.6956, dir_class_loss: 1.3141, dir_res_loss: 1.1322, size_class_loss: 0.5775, size_res_loss: 0.3337, loss: 9.4526, grad_norm: 7.7301
2026-05-03 15:43:56,071 - mmdet - INFO - Epoch [4][1050/1652]	lr: 8.000e-03, eta: 3:34:30, time: 0.240, data_time: 0.016, memory: 8298, vote_loss: 4.4445, objectness_loss: 0.4567, semantic_loss: 0.5867, center_loss: 0.6555, dir_class_loss: 1.3311, dir_res_loss: 1.1594, size_class_loss: 0.5866, size_res_loss: 0.3258, loss: 9.5464, grad_norm: 8.1109
2026-05-03 15:44:08,105 - mmdet - INFO - Epoch [4][1100/1652]	lr: 8.000e-03, eta: 3:34:17, time: 0.241, data_time: 0.016, memory: 8298, vote_loss: 4.4701, objectness_loss: 0.4555, semantic_loss: 0.6527, center_loss: 0.6638, dir_class_loss: 1.3633, dir_res_loss: 1.1369, size_class_loss: 0.6528, size_res_loss: 0.3504, loss: 9.7454, grad_norm: 7.4562
2026-05-03 15:44:20,276 - mmdet - INFO - Epoch [4][1150/1652]	lr: 8.000e-03, eta: 3:34:07, time: 0.243, data_time: 0.017, memory: 8298, vote_loss: 4.3165, objectness_loss: 0.4405, semantic_loss: 0.5516, center_loss: 0.6030, dir_class_loss: 1.3346, dir_res_loss: 1.1211, size_class_loss: 0.5515, size_res_loss: 0.3160, loss: 9.2348, grad_norm: 7.5365
2026-05-03 15:44:32,305 - mmdet - INFO - Epoch [4][1200/1652]	lr: 8.000e-03, eta: 3:33:55, time: 0.241, data_time: 0.017, memory: 8298, vote_loss: 4.2524, objectness_loss: 0.4680, semantic_loss: 0.5240, center_loss: 0.5918, dir_class_loss: 1.2855, dir_res_loss: 1.1959, size_class_loss: 0.5240, size_res_loss: 0.2771, loss: 9.1186, grad_norm: 7.7286
2026-05-03 15:44:44,344 - mmdet - INFO - Epoch [4][1250/1652]	lr: 8.000e-03, eta: 3:33:43, time: 0.241, data_time: 0.016, memory: 8298, vote_loss: 4.3509, objectness_loss: 0.4249, semantic_loss: 0.5666, center_loss: 0.5654, dir_class_loss: 1.3108, dir_res_loss: 1.1758, size_class_loss: 0.5666, size_res_loss: 0.2999, loss: 9.2609, grad_norm: 7.5617
2026-05-03 15:44:56,286 - mmdet - INFO - Epoch [4][1300/1652]	lr: 8.000e-03, eta: 3:33:30, time: 0.239, data_time: 0.016, memory: 8298, vote_loss: 4.3958, objectness_loss: 0.4605, semantic_loss: 0.5969, center_loss: 0.5923, dir_class_loss: 1.2065, dir_res_loss: 1.0461, size_class_loss: 0.5969, size_res_loss: 0.3254, loss: 9.2204, grad_norm: 7.5891
2026-05-03 15:45:08,215 - mmdet - INFO - Epoch [4][1350/1652]	lr: 8.000e-03, eta: 3:33:17, time: 0.239, data_time: 0.016, memory: 8298, vote_loss: 4.3794, objectness_loss: 0.4439, semantic_loss: 0.5369, center_loss: 0.6269, dir_class_loss: 1.2857, dir_res_loss: 1.0613, size_class_loss: 0.5368, size_res_loss: 0.3319, loss: 9.2027, grad_norm: 7.9823
2026-05-03 15:45:20,169 - mmdet - INFO - Epoch [4][1400/1652]	lr: 8.000e-03, eta: 3:33:04, time: 0.239, data_time: 0.016, memory: 8298, vote_loss: 4.7102, objectness_loss: 0.4559, semantic_loss: 0.6113, center_loss: 0.6609, dir_class_loss: 1.3588, dir_res_loss: 1.1082, size_class_loss: 0.6113, size_res_loss: 0.3450, loss: 9.8617, grad_norm: 8.1631
2026-05-03 15:45:32,155 - mmdet - INFO - Epoch [4][1450/1652]	lr: 8.000e-03, eta: 3:32:52, time: 0.240, data_time: 0.016, memory: 8298, vote_loss: 4.3644, objectness_loss: 0.4395, semantic_loss: 0.5916, center_loss: 0.6220, dir_class_loss: 1.3743, dir_res_loss: 1.1421, size_class_loss: 0.5916, size_res_loss: 0.3226, loss: 9.4480, grad_norm: 7.8546
2026-05-03 15:45:44,145 - mmdet - INFO - Epoch [4][1500/1652]	lr: 8.000e-03, eta: 3:32:39, time: 0.240, data_time: 0.016, memory: 8298, vote_loss: 4.3315, objectness_loss: 0.4657, semantic_loss: 0.5339, center_loss: 0.6215, dir_class_loss: 1.3061, dir_res_loss: 0.9984, size_class_loss: 0.5339, size_res_loss: 0.3384, loss: 9.1292, grad_norm: 7.4396
2026-05-03 15:45:56,097 - mmdet - INFO - Epoch [4][1550/1652]	lr: 8.000e-03, eta: 3:32:26, time: 0.239, data_time: 0.016, memory: 8298, vote_loss: 4.3652, objectness_loss: 0.4442, semantic_loss: 0.5398, center_loss: 0.6635, dir_class_loss: 1.3199, dir_res_loss: 0.9908, size_class_loss: 0.5398, size_res_loss: 0.3620, loss: 9.2251, grad_norm: 8.0534
2026-05-03 15:46:08,089 - mmdet - INFO - Epoch [4][1600/1652]	lr: 8.000e-03, eta: 3:32:14, time: 0.240, data_time: 0.016, memory: 8298, vote_loss: 4.4451, objectness_loss: 0.4983, semantic_loss: 0.5388, center_loss: 0.6008, dir_class_loss: 1.2948, dir_res_loss: 1.0599, size_class_loss: 0.5388, size_res_loss: 0.3262, loss: 9.3027, grad_norm: 7.6785
2026-05-03 15:46:20,011 - mmdet - INFO - Epoch [4][1650/1652]	lr: 8.000e-03, eta: 3:32:01, time: 0.238, data_time: 0.016, memory: 8298, vote_loss: 4.3704, objectness_loss: 0.4317, semantic_loss: 0.5457, center_loss: 0.6067, dir_class_loss: 1.3020, dir_res_loss: 1.1239, size_class_loss: 0.5455, size_res_loss: 0.3492, loss: 9.2751, grad_norm: 7.6724
2026-05-03 15:46:20,535 - mmdet - INFO - Saving checkpoint at 4 epochs
2026-05-03 15:46:35,411 - mmdet - INFO - Epoch [5][50/1652]	lr: 8.000e-03, eta: 3:32:07, time: 0.297, data_time: 0.070, memory: 8298, vote_loss: 4.4422, objectness_loss: 0.4656, semantic_loss: 0.5337, center_loss: 0.5996, dir_class_loss: 1.2899, dir_res_loss: 1.0682, size_class_loss: 0.5337, size_res_loss: 0.3545, loss: 9.2874, grad_norm: 7.9790
2026-05-03 15:46:47,798 - mmdet - INFO - Epoch [5][100/1652]	lr: 8.000e-03, eta: 3:31:58, time: 0.248, data_time: 0.017, memory: 8298, vote_loss: 4.3640, objectness_loss: 0.4644, semantic_loss: 0.5770, center_loss: 0.6106, dir_class_loss: 1.3286, dir_res_loss: 1.0584, size_class_loss: 0.5771, size_res_loss: 0.3181, loss: 9.2983, grad_norm: 7.7966
2026-05-03 15:46:59,758 - mmdet - INFO - Epoch [5][150/1652]	lr: 8.000e-03, eta: 3:31:45, time: 0.239, data_time: 0.015, memory: 8298, vote_loss: 4.2235, objectness_loss: 0.4230, semantic_loss: 0.5295, center_loss: 0.5664, dir_class_loss: 1.2585, dir_res_loss: 1.0861, size_class_loss: 0.5295, size_res_loss: 0.3486, loss: 8.9652, grad_norm: 7.7915
2026-05-03 15:47:11,716 - mmdet - INFO - Epoch [5][200/1652]	lr: 8.000e-03, eta: 3:31:32, time: 0.239, data_time: 0.017, memory: 8298, vote_loss: 4.2128, objectness_loss: 0.4454, semantic_loss: 0.5786, center_loss: 0.6086, dir_class_loss: 1.2694, dir_res_loss: 1.0054, size_class_loss: 0.5785, size_res_loss: 0.3082, loss: 9.0070, grad_norm: 7.4980
2026-05-03 15:47:23,594 - mmdet - INFO - Epoch [5][250/1652]	lr: 8.000e-03, eta: 3:31:19, time: 0.238, data_time: 0.015, memory: 8298, vote_loss: 4.2677, objectness_loss: 0.4475, semantic_loss: 0.5841, center_loss: 0.6865, dir_class_loss: 1.2304, dir_res_loss: 0.9908, size_class_loss: 0.5841, size_res_loss: 0.2989, loss: 9.0900, grad_norm: 7.7069
2026-05-03 15:47:35,694 - mmdet - INFO - Epoch [5][300/1652]	lr: 8.000e-03, eta: 3:31:07, time: 0.242, data_time: 0.016, memory: 8298, vote_loss: 4.1075, objectness_loss: 0.4283, semantic_loss: 0.4867, center_loss: 0.5676, dir_class_loss: 1.2701, dir_res_loss: 1.1381, size_class_loss: 0.4866, size_res_loss: 0.3171, loss: 8.8020, grad_norm: 7.1952
2026-05-03 15:47:47,541 - mmdet - INFO - Epoch [5][350/1652]	lr: 8.000e-03, eta: 3:30:54, time: 0.237, data_time: 0.015, memory: 8298, vote_loss: 4.4304, objectness_loss: 0.4327, semantic_loss: 0.5373, center_loss: 0.5993, dir_class_loss: 1.3414, dir_res_loss: 1.0724, size_class_loss: 0.5372, size_res_loss: 0.3265, loss: 9.2772, grad_norm: 8.4664
2026-05-03 15:47:59,453 - mmdet - INFO - Epoch [5][400/1652]	lr: 8.000e-03, eta: 3:30:41, time: 0.238, data_time: 0.015, memory: 8298, vote_loss: 4.3661, objectness_loss: 0.4385, semantic_loss: 0.5115, center_loss: 0.6038, dir_class_loss: 1.3635, dir_res_loss: 1.0802, size_class_loss: 0.5115, size_res_loss: 0.3449, loss: 9.2199, grad_norm: 7.8520
2026-05-03 15:48:11,428 - mmdet - INFO - Epoch [5][450/1652]	lr: 8.000e-03, eta: 3:30:28, time: 0.239, data_time: 0.015, memory: 8298, vote_loss: 4.2914, objectness_loss: 0.4334, semantic_loss: 0.5801, center_loss: 0.5763, dir_class_loss: 1.2224, dir_res_loss: 1.1767, size_class_loss: 0.5803, size_res_loss: 0.3029, loss: 9.1634, grad_norm: 7.5841
2026-05-03 15:48:23,248 - mmdet - INFO - Epoch [5][500/1652]	lr: 8.000e-03, eta: 3:30:14, time: 0.236, data_time: 0.014, memory: 8298, vote_loss: 4.2091, objectness_loss: 0.4868, semantic_loss: 0.6338, center_loss: 0.6397, dir_class_loss: 1.2525, dir_res_loss: 1.0635, size_class_loss: 0.6338, size_res_loss: 0.3226, loss: 9.2418, grad_norm: 7.4472
2026-05-03 15:48:35,078 - mmdet - INFO - Epoch [5][550/1652]	lr: 8.000e-03, eta: 3:30:01, time: 0.237, data_time: 0.014, memory: 8298, vote_loss: 4.2020, objectness_loss: 0.4109, semantic_loss: 0.5290, center_loss: 0.6061, dir_class_loss: 1.2370, dir_res_loss: 0.9425, size_class_loss: 0.5290, size_res_loss: 0.3032, loss: 8.7597, grad_norm: 7.5715
2026-05-03 15:48:47,052 - mmdet - INFO - Epoch [5][600/1652]	lr: 8.000e-03, eta: 3:29:48, time: 0.239, data_time: 0.017, memory: 8298, vote_loss: 4.3317, objectness_loss: 0.4341, semantic_loss: 0.6129, center_loss: 0.6072, dir_class_loss: 1.2725, dir_res_loss: 1.1092, size_class_loss: 0.6128, size_res_loss: 0.3266, loss: 9.3069, grad_norm: 8.1569
2026-05-03 15:48:58,933 - mmdet - INFO - Epoch [5][650/1652]	lr: 8.000e-03, eta: 3:29:35, time: 0.238, data_time: 0.015, memory: 8298, vote_loss: 4.3264, objectness_loss: 0.4336, semantic_loss: 0.5303, center_loss: 0.6493, dir_class_loss: 1.2496, dir_res_loss: 0.9796, size_class_loss: 0.5302, size_res_loss: 0.3114, loss: 9.0103, grad_norm: 8.2787
2026-05-03 15:49:10,862 - mmdet - INFO - Epoch [5][700/1652]	lr: 8.000e-03, eta: 3:29:22, time: 0.239, data_time: 0.015, memory: 8298, vote_loss: 4.2219, objectness_loss: 0.4125, semantic_loss: 0.5404, center_loss: 0.6088, dir_class_loss: 1.2785, dir_res_loss: 1.0667, size_class_loss: 0.5403, size_res_loss: 0.3036, loss: 8.9726, grad_norm: 8.4450
2026-05-03 15:49:22,829 - mmdet - INFO - Epoch [5][750/1652]	lr: 8.000e-03, eta: 3:29:09, time: 0.239, data_time: 0.016, memory: 8298, vote_loss: 4.1929, objectness_loss: 0.4721, semantic_loss: 0.5423, center_loss: 0.5928, dir_class_loss: 1.2721, dir_res_loss: 1.0813, size_class_loss: 0.5422, size_res_loss: 0.3339, loss: 9.0296, grad_norm: 7.4455
2026-05-03 15:49:35,002 - mmdet - INFO - Epoch [5][800/1652]	lr: 8.000e-03, eta: 3:28:58, time: 0.243, data_time: 0.017, memory: 8298, vote_loss: 4.3214, objectness_loss: 0.4288, semantic_loss: 0.5573, center_loss: 0.6621, dir_class_loss: 1.3056, dir_res_loss: 1.0371, size_class_loss: 0.5573, size_res_loss: 0.3377, loss: 9.2072, grad_norm: 7.6799
2026-05-03 15:49:46,923 - mmdet - INFO - Epoch [5][850/1652]	lr: 8.000e-03, eta: 3:28:45, time: 0.238, data_time: 0.015, memory: 8298, vote_loss: 4.0985, objectness_loss: 0.4615, semantic_loss: 0.4795, center_loss: 0.5717, dir_class_loss: 1.2855, dir_res_loss: 1.0150, size_class_loss: 0.4796, size_res_loss: 0.3024, loss: 8.6937, grad_norm: 7.5980
2026-05-03 15:49:58,850 - mmdet - INFO - Epoch [5][900/1652]	lr: 8.000e-03, eta: 3:28:33, time: 0.239, data_time: 0.016, memory: 8298, vote_loss: 4.3680, objectness_loss: 0.4542, semantic_loss: 0.5745, center_loss: 0.5869, dir_class_loss: 1.3068, dir_res_loss: 0.9982, size_class_loss: 0.5743, size_res_loss: 0.3403, loss: 9.2032, grad_norm: 7.8689
2026-05-03 15:50:10,869 - mmdet - INFO - Epoch [5][950/1652]	lr: 8.000e-03, eta: 3:28:20, time: 0.240, data_time: 0.016, memory: 8298, vote_loss: 4.6152, objectness_loss: 0.4603, semantic_loss: 0.6148, center_loss: 0.6349, dir_class_loss: 1.2459, dir_res_loss: 1.0265, size_class_loss: 0.6148, size_res_loss: 0.3672, loss: 9.5796, grad_norm: 8.6575
2026-05-03 15:50:22,795 - mmdet - INFO - Epoch [5][1000/1652]	lr: 8.000e-03, eta: 3:28:08, time: 0.239, data_time: 0.016, memory: 8298, vote_loss: 4.1202, objectness_loss: 0.4174, semantic_loss: 0.6084, center_loss: 0.5783, dir_class_loss: 1.2821, dir_res_loss: 0.9746, size_class_loss: 0.6085, size_res_loss: 0.3262, loss: 8.9158, grad_norm: 8.2267
2026-05-03 15:50:34,775 - mmdet - INFO - Epoch [5][1050/1652]	lr: 8.000e-03, eta: 3:27:55, time: 0.240, data_time: 0.016, memory: 8298, vote_loss: 4.2461, objectness_loss: 0.4559, semantic_loss: 0.5198, center_loss: 0.5772, dir_class_loss: 1.2146, dir_res_loss: 1.0157, size_class_loss: 0.5197, size_res_loss: 0.2967, loss: 8.8458, grad_norm: 7.7591
2026-05-03 15:50:46,755 - mmdet - INFO - Epoch [5][1100/1652]	lr: 8.000e-03, eta: 3:27:43, time: 0.240, data_time: 0.016, memory: 8298, vote_loss: 4.5761, objectness_loss: 0.4245, semantic_loss: 0.5510, center_loss: 0.6030, dir_class_loss: 1.2333, dir_res_loss: 1.0504, size_class_loss: 0.5509, size_res_loss: 0.3349, loss: 9.3240, grad_norm: 8.2546
2026-05-03 15:50:58,771 - mmdet - INFO - Epoch [5][1150/1652]	lr: 8.000e-03, eta: 3:27:31, time: 0.240, data_time: 0.016, memory: 8298, vote_loss: 4.2648, objectness_loss: 0.4473, semantic_loss: 0.5153, center_loss: 0.5873, dir_class_loss: 1.2704, dir_res_loss: 0.9657, size_class_loss: 0.5154, size_res_loss: 0.3479, loss: 8.9140, grad_norm: 7.4203
2026-05-03 15:51:10,686 - mmdet - INFO - Epoch [5][1200/1652]	lr: 8.000e-03, eta: 3:27:18, time: 0.238, data_time: 0.016, memory: 8298, vote_loss: 4.4440, objectness_loss: 0.4504, semantic_loss: 0.5132, center_loss: 0.6547, dir_class_loss: 1.2783, dir_res_loss: 1.0026, size_class_loss: 0.5132, size_res_loss: 0.3367, loss: 9.1932, grad_norm: 8.7622
2026-05-03 15:51:22,658 - mmdet - INFO - Epoch [5][1250/1652]	lr: 8.000e-03, eta: 3:27:05, time: 0.239, data_time: 0.016, memory: 8298, vote_loss: 4.5516, objectness_loss: 0.4274, semantic_loss: 0.5813, center_loss: 0.5976, dir_class_loss: 1.2724, dir_res_loss: 1.0015, size_class_loss: 0.5812, size_res_loss: 0.3234, loss: 9.3364, grad_norm: 7.9511
2026-05-03 15:51:34,548 - mmdet - INFO - Epoch [5][1300/1652]	lr: 8.000e-03, eta: 3:26:52, time: 0.238, data_time: 0.015, memory: 8298, vote_loss: 4.2941, objectness_loss: 0.4018, semantic_loss: 0.5066, center_loss: 0.6163, dir_class_loss: 1.2373, dir_res_loss: 0.9550, size_class_loss: 0.5065, size_res_loss: 0.3524, loss: 8.8700, grad_norm: 8.3688
2026-05-03 15:51:46,479 - mmdet - INFO - Epoch [5][1350/1652]	lr: 8.000e-03, eta: 3:26:39, time: 0.239, data_time: 0.016, memory: 8298, vote_loss: 4.1336, objectness_loss: 0.4217, semantic_loss: 0.5678, center_loss: 0.6353, dir_class_loss: 1.1966, dir_res_loss: 0.9355, size_class_loss: 0.5679, size_res_loss: 0.3258, loss: 8.7842, grad_norm: 8.1807
2026-05-03 15:51:58,512 - mmdet - INFO - Epoch [5][1400/1652]	lr: 8.000e-03, eta: 3:26:27, time: 0.241, data_time: 0.016, memory: 8298, vote_loss: 4.1241, objectness_loss: 0.4252, semantic_loss: 0.5595, center_loss: 0.5943, dir_class_loss: 1.1973, dir_res_loss: 1.0606, size_class_loss: 0.5595, size_res_loss: 0.3238, loss: 8.8442, grad_norm: 8.4596
2026-05-03 15:52:10,448 - mmdet - INFO - Epoch [5][1450/1652]	lr: 8.000e-03, eta: 3:26:15, time: 0.239, data_time: 0.015, memory: 8298, vote_loss: 4.3911, objectness_loss: 0.3999, semantic_loss: 0.5126, center_loss: 0.5998, dir_class_loss: 1.2883, dir_res_loss: 1.0751, size_class_loss: 0.5125, size_res_loss: 0.3391, loss: 9.1184, grad_norm: 7.4246
2026-05-03 15:52:22,360 - mmdet - INFO - Epoch [5][1500/1652]	lr: 8.000e-03, eta: 3:26:02, time: 0.238, data_time: 0.015, memory: 8298, vote_loss: 4.3751, objectness_loss: 0.4105, semantic_loss: 0.5145, center_loss: 0.6192, dir_class_loss: 1.2574, dir_res_loss: 1.0468, size_class_loss: 0.5145, size_res_loss: 0.3256, loss: 9.0637, grad_norm: 8.6086
2026-05-03 15:52:34,286 - mmdet - INFO - Epoch [5][1550/1652]	lr: 8.000e-03, eta: 3:25:49, time: 0.239, data_time: 0.015, memory: 8298, vote_loss: 4.2616, objectness_loss: 0.4339, semantic_loss: 0.5634, center_loss: 0.5950, dir_class_loss: 1.2306, dir_res_loss: 0.9293, size_class_loss: 0.5634, size_res_loss: 0.3202, loss: 8.8973, grad_norm: 7.7217
2026-05-03 15:52:46,264 - mmdet - INFO - Epoch [5][1600/1652]	lr: 8.000e-03, eta: 3:25:37, time: 0.240, data_time: 0.016, memory: 8298, vote_loss: 4.3414, objectness_loss: 0.4415, semantic_loss: 0.5964, center_loss: 0.6164, dir_class_loss: 1.3238, dir_res_loss: 1.0254, size_class_loss: 0.5963, size_res_loss: 0.3075, loss: 9.2488, grad_norm: 7.6478
2026-05-03 15:52:58,206 - mmdet - INFO - Epoch [5][1650/1652]	lr: 8.000e-03, eta: 3:25:24, time: 0.239, data_time: 0.016, memory: 8298, vote_loss: 4.4981, objectness_loss: 0.4266, semantic_loss: 0.6029, center_loss: 0.6470, dir_class_loss: 1.1894, dir_res_loss: 0.9193, size_class_loss: 0.6030, size_res_loss: 0.3023, loss: 9.1885, grad_norm: 7.9646
2026-05-03 15:52:58,897 - mmdet - INFO - Saving checkpoint at 5 epochs
2026-05-03 15:53:13,750 - mmdet - INFO - Epoch [6][50/1652]	lr: 8.000e-03, eta: 3:25:26, time: 0.296, data_time: 0.070, memory: 8298, vote_loss: 4.1450, objectness_loss: 0.4213, semantic_loss: 0.5205, center_loss: 0.6568, dir_class_loss: 1.2156, dir_res_loss: 0.9743, size_class_loss: 0.5205, size_res_loss: 0.2980, loss: 8.7521, grad_norm: 8.0436
2026-05-03 15:53:25,710 - mmdet - INFO - Epoch [6][100/1652]	lr: 8.000e-03, eta: 3:25:13, time: 0.239, data_time: 0.016, memory: 8298, vote_loss: 4.1754, objectness_loss: 0.4303, semantic_loss: 0.5718, center_loss: 0.5793, dir_class_loss: 1.3298, dir_res_loss: 1.0085, size_class_loss: 0.5718, size_res_loss: 0.3667, loss: 9.0337, grad_norm: 7.6754
2026-05-03 15:53:37,708 - mmdet - INFO - Epoch [6][150/1652]	lr: 8.000e-03, eta: 3:25:01, time: 0.240, data_time: 0.016, memory: 8298, vote_loss: 4.1354, objectness_loss: 0.4319, semantic_loss: 0.5224, center_loss: 0.5331, dir_class_loss: 1.2302, dir_res_loss: 0.9883, size_class_loss: 0.5224, size_res_loss: 0.3198, loss: 8.6836, grad_norm: 7.6736
2026-05-03 15:53:49,688 - mmdet - INFO - Epoch [6][200/1652]	lr: 8.000e-03, eta: 3:24:48, time: 0.240, data_time: 0.016, memory: 8298, vote_loss: 4.4285, objectness_loss: 0.4323, semantic_loss: 0.5605, center_loss: 0.6097, dir_class_loss: 1.2489, dir_res_loss: 0.9566, size_class_loss: 0.5605, size_res_loss: 0.3263, loss: 9.1233, grad_norm: 8.1351
2026-05-03 15:54:01,659 - mmdet - INFO - Epoch [6][250/1652]	lr: 8.000e-03, eta: 3:24:36, time: 0.239, data_time: 0.016, memory: 8298, vote_loss: 4.2422, objectness_loss: 0.4488, semantic_loss: 0.5212, center_loss: 0.5684, dir_class_loss: 1.1982, dir_res_loss: 0.9340, size_class_loss: 0.5210, size_res_loss: 0.3413, loss: 8.7752, grad_norm: 7.3812
2026-05-03 15:54:13,676 - mmdet - INFO - Epoch [6][300/1652]	lr: 8.000e-03, eta: 3:24:24, time: 0.240, data_time: 0.016, memory: 8298, vote_loss: 4.1804, objectness_loss: 0.4041, semantic_loss: 0.5108, center_loss: 0.6194, dir_class_loss: 1.2101, dir_res_loss: 1.0065, size_class_loss: 0.5107, size_res_loss: 0.3205, loss: 8.7625, grad_norm: 8.3270
2026-05-03 15:54:25,647 - mmdet - INFO - Epoch [6][350/1652]	lr: 8.000e-03, eta: 3:24:11, time: 0.239, data_time: 0.016, memory: 8298, vote_loss: 4.1166, objectness_loss: 0.4271, semantic_loss: 0.5308, center_loss: 0.5713, dir_class_loss: 1.1956, dir_res_loss: 0.9860, size_class_loss: 0.5308, size_res_loss: 0.3058, loss: 8.6639, grad_norm: 7.2021
2026-05-03 15:54:37,656 - mmdet - INFO - Epoch [6][400/1652]	lr: 8.000e-03, eta: 3:23:59, time: 0.240, data_time: 0.016, memory: 8298, vote_loss: 4.1266, objectness_loss: 0.4413, semantic_loss: 0.4709, center_loss: 0.5316, dir_class_loss: 1.1483, dir_res_loss: 0.9032, size_class_loss: 0.4709, size_res_loss: 0.3117, loss: 8.4045, grad_norm: 7.5233
2026-05-03 15:54:49,676 - mmdet - INFO - Epoch [6][450/1652]	lr: 8.000e-03, eta: 3:23:47, time: 0.240, data_time: 0.016, memory: 8298, vote_loss: 4.0342, objectness_loss: 0.4442, semantic_loss: 0.5340, center_loss: 0.5496, dir_class_loss: 1.3382, dir_res_loss: 0.8597, size_class_loss: 0.5340, size_res_loss: 0.3060, loss: 8.5998, grad_norm: 7.4578
2026-05-03 15:55:01,698 - mmdet - INFO - Epoch [6][500/1652]	lr: 8.000e-03, eta: 3:23:35, time: 0.240, data_time: 0.017, memory: 8298, vote_loss: 4.2715, objectness_loss: 0.4979, semantic_loss: 0.5037, center_loss: 0.6182, dir_class_loss: 1.3291, dir_res_loss: 0.9242, size_class_loss: 0.5037, size_res_loss: 0.3301, loss: 8.9783, grad_norm: 8.1606
2026-05-03 15:55:13,633 - mmdet - INFO - Epoch [6][550/1652]	lr: 8.000e-03, eta: 3:23:22, time: 0.239, data_time: 0.016, memory: 8298, vote_loss: 4.3759, objectness_loss: 0.4322, semantic_loss: 0.4932, center_loss: 0.5244, dir_class_loss: 1.1244, dir_res_loss: 0.9156, size_class_loss: 0.4931, size_res_loss: 0.3356, loss: 8.6944, grad_norm: 7.6182
2026-05-03 15:55:25,624 - mmdet - INFO - Epoch [6][600/1652]	lr: 8.000e-03, eta: 3:23:10, time: 0.240, data_time: 0.016, memory: 8298, vote_loss: 4.2727, objectness_loss: 0.4183, semantic_loss: 0.5241, center_loss: 0.5937, dir_class_loss: 1.2128, dir_res_loss: 0.9736, size_class_loss: 0.5240, size_res_loss: 0.3287, loss: 8.8480, grad_norm: 8.3462
2026-05-03 15:55:37,576 - mmdet - INFO - Epoch [6][650/1652]	lr: 8.000e-03, eta: 3:22:57, time: 0.239, data_time: 0.016, memory: 8298, vote_loss: 4.0583, objectness_loss: 0.4271, semantic_loss: 0.5575, center_loss: 0.5546, dir_class_loss: 1.2039, dir_res_loss: 0.9486, size_class_loss: 0.5574, size_res_loss: 0.3206, loss: 8.6279, grad_norm: 7.9660
2026-05-03 15:55:49,500 - mmdet - INFO - Epoch [6][700/1652]	lr: 8.000e-03, eta: 3:22:44, time: 0.238, data_time: 0.016, memory: 8298, vote_loss: 4.2373, objectness_loss: 0.4508, semantic_loss: 0.5267, center_loss: 0.5606, dir_class_loss: 1.1929, dir_res_loss: 0.9940, size_class_loss: 0.5266, size_res_loss: 0.3099, loss: 8.7987, grad_norm: 7.9353
2026-05-03 15:56:01,525 - mmdet - INFO - Epoch [6][750/1652]	lr: 8.000e-03, eta: 3:22:32, time: 0.241, data_time: 0.016, memory: 8298, vote_loss: 4.1867, objectness_loss: 0.4085, semantic_loss: 0.5296, center_loss: 0.5847, dir_class_loss: 1.1471, dir_res_loss: 0.9170, size_class_loss: 0.5296, size_res_loss: 0.3092, loss: 8.6123, grad_norm: 7.4183
2026-05-03 15:56:13,454 - mmdet - INFO - Epoch [6][800/1652]	lr: 8.000e-03, eta: 3:22:20, time: 0.239, data_time: 0.016, memory: 8298, vote_loss: 4.2896, objectness_loss: 0.4150, semantic_loss: 0.4981, center_loss: 0.5770, dir_class_loss: 1.1468, dir_res_loss: 0.9103, size_class_loss: 0.4982, size_res_loss: 0.3292, loss: 8.6643, grad_norm: 7.6948
2026-05-03 15:56:25,415 - mmdet - INFO - Epoch [6][850/1652]	lr: 8.000e-03, eta: 3:22:07, time: 0.239, data_time: 0.016, memory: 8298, vote_loss: 4.2412, objectness_loss: 0.4013, semantic_loss: 0.5086, center_loss: 0.5793, dir_class_loss: 1.1397, dir_res_loss: 0.9239, size_class_loss: 0.5086, size_res_loss: 0.3258, loss: 8.6283, grad_norm: 7.9379
2026-05-03 15:56:37,393 - mmdet - INFO - Epoch [6][900/1652]	lr: 8.000e-03, eta: 3:21:55, time: 0.240, data_time: 0.016, memory: 8298, vote_loss: 4.2695, objectness_loss: 0.4054, semantic_loss: 0.5665, center_loss: 0.5765, dir_class_loss: 1.2268, dir_res_loss: 0.9774, size_class_loss: 0.5665, size_res_loss: 0.3366, loss: 8.9252, grad_norm: 7.4387
2026-05-03 15:56:49,426 - mmdet - INFO - Epoch [6][950/1652]	lr: 8.000e-03, eta: 3:21:43, time: 0.241, data_time: 0.016, memory: 8298, vote_loss: 3.9650, objectness_loss: 0.4447, semantic_loss: 0.4614, center_loss: 0.5543, dir_class_loss: 1.1231, dir_res_loss: 0.8869, size_class_loss: 0.4613, size_res_loss: 0.2746, loss: 8.1714, grad_norm: 7.6720
2026-05-03 15:57:01,400 - mmdet - INFO - Epoch [6][1000/1652]	lr: 8.000e-03, eta: 3:21:30, time: 0.239, data_time: 0.016, memory: 8298, vote_loss: 4.0811, objectness_loss: 0.4199, semantic_loss: 0.5096, center_loss: 0.5629, dir_class_loss: 1.1041, dir_res_loss: 0.9050, size_class_loss: 0.5095, size_res_loss: 0.3344, loss: 8.4267, grad_norm: 7.9724
2026-05-03 15:57:13,328 - mmdet - INFO - Epoch [6][1050/1652]	lr: 8.000e-03, eta: 3:21:18, time: 0.239, data_time: 0.016, memory: 8298, vote_loss: 4.2364, objectness_loss: 0.3866, semantic_loss: 0.5432, center_loss: 0.5943, dir_class_loss: 1.1713, dir_res_loss: 0.9310, size_class_loss: 0.5432, size_res_loss: 0.3207, loss: 8.7269, grad_norm: 8.6298
2026-05-03 15:57:25,368 - mmdet - INFO - Epoch [6][1100/1652]	lr: 8.000e-03, eta: 3:21:06, time: 0.241, data_time: 0.016, memory: 8298, vote_loss: 4.2457, objectness_loss: 0.4271, semantic_loss: 0.4774, center_loss: 0.6146, dir_class_loss: 1.1867, dir_res_loss: 0.9248, size_class_loss: 0.4773, size_res_loss: 0.3236, loss: 8.6771, grad_norm: 8.4471
2026-05-03 15:57:37,326 - mmdet - INFO - Epoch [6][1150/1652]	lr: 8.000e-03, eta: 3:20:53, time: 0.239, data_time: 0.016, memory: 8298, vote_loss: 4.1760, objectness_loss: 0.4080, semantic_loss: 0.5467, center_loss: 0.5778, dir_class_loss: 1.1649, dir_res_loss: 0.9159, size_class_loss: 0.5467, size_res_loss: 0.3105, loss: 8.6465, grad_norm: 7.8740
2026-05-03 15:57:49,265 - mmdet - INFO - Epoch [6][1200/1652]	lr: 8.000e-03, eta: 3:20:41, time: 0.239, data_time: 0.016, memory: 8298, vote_loss: 4.3592, objectness_loss: 0.3989, semantic_loss: 0.4773, center_loss: 0.6124, dir_class_loss: 1.0773, dir_res_loss: 0.8795, size_class_loss: 0.4773, size_res_loss: 0.3357, loss: 8.6177, grad_norm: 8.0223
2026-05-03 15:58:01,278 - mmdet - INFO - Epoch [6][1250/1652]	lr: 8.000e-03, eta: 3:20:28, time: 0.240, data_time: 0.016, memory: 8298, vote_loss: 4.0553, objectness_loss: 0.4365, semantic_loss: 0.5674, center_loss: 0.5661, dir_class_loss: 1.1754, dir_res_loss: 0.9067, size_class_loss: 0.5674, size_res_loss: 0.3089, loss: 8.5837, grad_norm: 8.2050
2026-05-03 15:58:13,254 - mmdet - INFO - Epoch [6][1300/1652]	lr: 8.000e-03, eta: 3:20:16, time: 0.239, data_time: 0.016, memory: 8298, vote_loss: 4.1926, objectness_loss: 0.4144, semantic_loss: 0.5468, center_loss: 0.6257, dir_class_loss: 1.1460, dir_res_loss: 0.9329, size_class_loss: 0.5467, size_res_loss: 0.3413, loss: 8.7464, grad_norm: 8.4642
2026-05-03 15:58:25,310 - mmdet - INFO - Epoch [6][1350/1652]	lr: 8.000e-03, eta: 3:20:04, time: 0.241, data_time: 0.016, memory: 8298, vote_loss: 4.2989, objectness_loss: 0.4308, semantic_loss: 0.5364, center_loss: 0.5451, dir_class_loss: 1.1323, dir_res_loss: 0.9560, size_class_loss: 0.5364, size_res_loss: 0.3188, loss: 8.7546, grad_norm: 7.4603
2026-05-03 15:58:37,335 - mmdet - INFO - Epoch [6][1400/1652]	lr: 8.000e-03, eta: 3:19:52, time: 0.241, data_time: 0.016, memory: 8298, vote_loss: 4.1328, objectness_loss: 0.4385, semantic_loss: 0.5013, center_loss: 0.6179, dir_class_loss: 1.1474, dir_res_loss: 0.9114, size_class_loss: 0.5012, size_res_loss: 0.3031, loss: 8.5536, grad_norm: 7.7917
2026-05-03 15:58:49,273 - mmdet - INFO - Epoch [6][1450/1652]	lr: 8.000e-03, eta: 3:19:39, time: 0.239, data_time: 0.016, memory: 8298, vote_loss: 4.1774, objectness_loss: 0.3891, semantic_loss: 0.5338, center_loss: 0.5704, dir_class_loss: 1.2113, dir_res_loss: 0.8418, size_class_loss: 0.5338, size_res_loss: 0.3027, loss: 8.5604, grad_norm: 7.3046
2026-05-03 15:59:01,254 - mmdet - INFO - Epoch [6][1500/1652]	lr: 8.000e-03, eta: 3:19:27, time: 0.240, data_time: 0.016, memory: 8298, vote_loss: 3.8932, objectness_loss: 0.3936, semantic_loss: 0.5033, center_loss: 0.5486, dir_class_loss: 1.1598, dir_res_loss: 0.9254, size_class_loss: 0.5033, size_res_loss: 0.3037, loss: 8.2309, grad_norm: 7.2831
2026-05-03 15:59:13,252 - mmdet - INFO - Epoch [6][1550/1652]	lr: 8.000e-03, eta: 3:19:15, time: 0.240, data_time: 0.016, memory: 8298, vote_loss: 3.9775, objectness_loss: 0.4298, semantic_loss: 0.4794, center_loss: 0.5455, dir_class_loss: 1.1455, dir_res_loss: 0.9711, size_class_loss: 0.4794, size_res_loss: 0.2968, loss: 8.3251, grad_norm: 7.1950
2026-05-03 15:59:25,254 - mmdet - INFO - Epoch [6][1600/1652]	lr: 8.000e-03, eta: 3:19:03, time: 0.240, data_time: 0.016, memory: 8298, vote_loss: 4.3143, objectness_loss: 0.4220, semantic_loss: 0.5009, center_loss: 0.5540, dir_class_loss: 1.1209, dir_res_loss: 0.8031, size_class_loss: 0.5010, size_res_loss: 0.3232, loss: 8.5394, grad_norm: 7.4460
2026-05-03 15:59:37,207 - mmdet - INFO - Epoch [6][1650/1652]	lr: 8.000e-03, eta: 3:18:50, time: 0.239, data_time: 0.016, memory: 8298, vote_loss: 4.0979, objectness_loss: 0.4042, semantic_loss: 0.5336, center_loss: 0.5760, dir_class_loss: 1.1896, dir_res_loss: 0.8849, size_class_loss: 0.5336, size_res_loss: 0.2873, loss: 8.5071, grad_norm: 7.8610
2026-05-03 15:59:37,730 - mmdet - INFO - Saving checkpoint at 6 epochs
2026-05-03 15:59:52,609 - mmdet - INFO - Epoch [7][50/1652]	lr: 8.000e-03, eta: 3:18:49, time: 0.296, data_time: 0.073, memory: 8298, vote_loss: 4.0467, objectness_loss: 0.4099, semantic_loss: 0.4632, center_loss: 0.5382, dir_class_loss: 1.1147, dir_res_loss: 0.8864, size_class_loss: 0.4633, size_res_loss: 0.3024, loss: 8.2247, grad_norm: 7.4023
2026-05-03 16:00:04,629 - mmdet - INFO - Epoch [7][100/1652]	lr: 8.000e-03, eta: 3:18:37, time: 0.240, data_time: 0.017, memory: 8298, vote_loss: 4.0908, objectness_loss: 0.4074, semantic_loss: 0.5477, center_loss: 0.5788, dir_class_loss: 1.1776, dir_res_loss: 0.8980, size_class_loss: 0.5476, size_res_loss: 0.3059, loss: 8.5537, grad_norm: 7.9343
2026-05-03 16:00:16,609 - mmdet - INFO - Epoch [7][150/1652]	lr: 8.000e-03, eta: 3:18:25, time: 0.240, data_time: 0.016, memory: 8298, vote_loss: 4.0483, objectness_loss: 0.4249, semantic_loss: 0.5313, center_loss: 0.5537, dir_class_loss: 1.1837, dir_res_loss: 0.8854, size_class_loss: 0.5312, size_res_loss: 0.3212, loss: 8.4798, grad_norm: 7.4724
2026-05-03 16:00:28,593 - mmdet - INFO - Epoch [7][200/1652]	lr: 8.000e-03, eta: 3:18:12, time: 0.240, data_time: 0.016, memory: 8298, vote_loss: 3.9839, objectness_loss: 0.4352, semantic_loss: 0.5501, center_loss: 0.5361, dir_class_loss: 1.1199, dir_res_loss: 0.8212, size_class_loss: 0.5501, size_res_loss: 0.3125, loss: 8.3090, grad_norm: 7.5785
2026-05-03 16:00:40,589 - mmdet - INFO - Epoch [7][250/1652]	lr: 8.000e-03, eta: 3:18:00, time: 0.240, data_time: 0.016, memory: 8298, vote_loss: 4.3765, objectness_loss: 0.4322, semantic_loss: 0.5794, center_loss: 0.5847, dir_class_loss: 1.0757, dir_res_loss: 0.9126, size_class_loss: 0.5793, size_res_loss: 0.3251, loss: 8.8654, grad_norm: 7.3088
2026-05-03 16:00:52,525 - mmdet - INFO - Epoch [7][300/1652]	lr: 8.000e-03, eta: 3:17:47, time: 0.239, data_time: 0.016, memory: 8298, vote_loss: 4.1647, objectness_loss: 0.3853, semantic_loss: 0.5029, center_loss: 0.5520, dir_class_loss: 1.0903, dir_res_loss: 0.9469, size_class_loss: 0.5029, size_res_loss: 0.3325, loss: 8.4774, grad_norm: 8.1197
2026-05-03 16:01:04,536 - mmdet - INFO - Epoch [7][350/1652]	lr: 8.000e-03, eta: 3:17:35, time: 0.240, data_time: 0.016, memory: 8298, vote_loss: 3.9987, objectness_loss: 0.4235, semantic_loss: 0.4491, center_loss: 0.5269, dir_class_loss: 1.1660, dir_res_loss: 0.8281, size_class_loss: 0.4492, size_res_loss: 0.3038, loss: 8.1453, grad_norm: 8.1282
2026-05-03 16:01:16,515 - mmdet - INFO - Epoch [7][400/1652]	lr: 8.000e-03, eta: 3:17:23, time: 0.240, data_time: 0.016, memory: 8298, vote_loss: 4.2112, objectness_loss: 0.4057, semantic_loss: 0.4783, center_loss: 0.6600, dir_class_loss: 1.1050, dir_res_loss: 0.9073, size_class_loss: 0.4783, size_res_loss: 0.2909, loss: 8.5367, grad_norm: 8.0484
2026-05-03 16:01:28,412 - mmdet - INFO - Epoch [7][450/1652]	lr: 8.000e-03, eta: 3:17:10, time: 0.238, data_time: 0.016, memory: 8298, vote_loss: 4.0409, objectness_loss: 0.3857, semantic_loss: 0.4631, center_loss: 0.5370, dir_class_loss: 1.1303, dir_res_loss: 0.8592, size_class_loss: 0.4631, size_res_loss: 0.2937, loss: 8.1730, grad_norm: 7.6408
2026-05-03 16:01:40,340 - mmdet - INFO - Epoch [7][500/1652]	lr: 8.000e-03, eta: 3:16:57, time: 0.239, data_time: 0.016, memory: 8298, vote_loss: 4.0305, objectness_loss: 0.3929, semantic_loss: 0.5025, center_loss: 0.5404, dir_class_loss: 1.1757, dir_res_loss: 0.8033, size_class_loss: 0.5025, size_res_loss: 0.3245, loss: 8.2723, grad_norm: 7.5468
2026-05-03 16:01:52,301 - mmdet - INFO - Epoch [7][550/1652]	lr: 8.000e-03, eta: 3:16:45, time: 0.239, data_time: 0.016, memory: 8298, vote_loss: 3.9359, objectness_loss: 0.4239, semantic_loss: 0.5334, center_loss: 0.5079, dir_class_loss: 1.0365, dir_res_loss: 0.7354, size_class_loss: 0.5334, size_res_loss: 0.3258, loss: 8.0322, grad_norm: 7.3596
2026-05-03 16:02:04,237 - mmdet - INFO - Epoch [7][600/1652]	lr: 8.000e-03, eta: 3:16:32, time: 0.239, data_time: 0.016, memory: 8298, vote_loss: 4.2408, objectness_loss: 0.4372, semantic_loss: 0.4999, center_loss: 0.5942, dir_class_loss: 1.0838, dir_res_loss: 0.8950, size_class_loss: 0.4999, size_res_loss: 0.3019, loss: 8.5526, grad_norm: 7.7936
2026-05-03 16:02:16,194 - mmdet - INFO - Epoch [7][650/1652]	lr: 8.000e-03, eta: 3:16:20, time: 0.239, data_time: 0.016, memory: 8298, vote_loss: 4.1741, objectness_loss: 0.4518, semantic_loss: 0.5627, center_loss: 0.5541, dir_class_loss: 1.1511, dir_res_loss: 0.8038, size_class_loss: 0.5626, size_res_loss: 0.3223, loss: 8.5825, grad_norm: 7.1708
2026-05-03 16:02:28,166 - mmdet - INFO - Epoch [7][700/1652]	lr: 8.000e-03, eta: 3:16:08, time: 0.239, data_time: 0.016, memory: 8298, vote_loss: 4.2617, objectness_loss: 0.4158, semantic_loss: 0.5247, center_loss: 0.5753, dir_class_loss: 1.1185, dir_res_loss: 0.8316, size_class_loss: 0.5247, size_res_loss: 0.3417, loss: 8.5941, grad_norm: 7.5579
2026-05-03 16:02:40,120 - mmdet - INFO - Epoch [7][750/1652]	lr: 8.000e-03, eta: 3:15:55, time: 0.239, data_time: 0.016, memory: 8298, vote_loss: 4.0546, objectness_loss: 0.4183, semantic_loss: 0.4642, center_loss: 0.5455, dir_class_loss: 1.1119, dir_res_loss: 0.8293, size_class_loss: 0.4642, size_res_loss: 0.3053, loss: 8.1935, grad_norm: 7.4946
2026-05-03 16:02:52,092 - mmdet - INFO - Epoch [7][800/1652]	lr: 8.000e-03, eta: 3:15:43, time: 0.239, data_time: 0.016, memory: 8298, vote_loss: 3.9445, objectness_loss: 0.4013, semantic_loss: 0.4905, center_loss: 0.5487, dir_class_loss: 1.1334, dir_res_loss: 0.8543, size_class_loss: 0.4906, size_res_loss: 0.2962, loss: 8.1595, grad_norm: 7.5873
2026-05-03 16:03:04,016 - mmdet - INFO - Epoch [7][850/1652]	lr: 8.000e-03, eta: 3:15:30, time: 0.238, data_time: 0.016, memory: 8298, vote_loss: 4.0831, objectness_loss: 0.4129, semantic_loss: 0.4846, center_loss: 0.5535, dir_class_loss: 1.1431, dir_res_loss: 0.8441, size_class_loss: 0.4845, size_res_loss: 0.3194, loss: 8.3252, grad_norm: 7.8544
2026-05-03 16:03:15,956 - mmdet - INFO - Epoch [7][900/1652]	lr: 8.000e-03, eta: 3:15:18, time: 0.239, data_time: 0.016, memory: 8298, vote_loss: 3.9319, objectness_loss: 0.4176, semantic_loss: 0.5412, center_loss: 0.5738, dir_class_loss: 1.1368, dir_res_loss: 0.8219, size_class_loss: 0.5412, size_res_loss: 0.3112, loss: 8.2756, grad_norm: 8.6091
2026-05-03 16:03:27,958 - mmdet - INFO - Epoch [7][950/1652]	lr: 8.000e-03, eta: 3:15:05, time: 0.240, data_time: 0.016, memory: 8298, vote_loss: 4.1100, objectness_loss: 0.4184, semantic_loss: 0.5511, center_loss: 0.5694, dir_class_loss: 1.1761, dir_res_loss: 0.8267, size_class_loss: 0.5512, size_res_loss: 0.3268, loss: 8.5298, grad_norm: 7.8644
2026-05-03 16:03:40,143 - mmdet - INFO - Epoch [7][1000/1652]	lr: 8.000e-03, eta: 3:14:54, time: 0.244, data_time: 0.020, memory: 8298, vote_loss: 4.0109, objectness_loss: 0.3997, semantic_loss: 0.4564, center_loss: 0.5478, dir_class_loss: 1.0393, dir_res_loss: 0.8208, size_class_loss: 0.4564, size_res_loss: 0.2850, loss: 8.0163, grad_norm: 7.2138
2026-05-03 16:03:52,293 - mmdet - INFO - Epoch [7][1050/1652]	lr: 8.000e-03, eta: 3:14:43, time: 0.243, data_time: 0.017, memory: 8298, vote_loss: 4.2700, objectness_loss: 0.4515, semantic_loss: 0.5023, center_loss: 0.5592, dir_class_loss: 1.0555, dir_res_loss: 0.7871, size_class_loss: 0.5023, size_res_loss: 0.3647, loss: 8.4927, grad_norm: 8.1390
2026-05-03 16:04:04,284 - mmdet - INFO - Epoch [7][1100/1652]	lr: 8.000e-03, eta: 3:14:30, time: 0.240, data_time: 0.016, memory: 8298, vote_loss: 4.0203, objectness_loss: 0.4374, semantic_loss: 0.4669, center_loss: 0.5563, dir_class_loss: 1.0840, dir_res_loss: 0.8189, size_class_loss: 0.4669, size_res_loss: 0.3251, loss: 8.1758, grad_norm: 7.7351
2026-05-03 16:04:16,252 - mmdet - INFO - Epoch [7][1150/1652]	lr: 8.000e-03, eta: 3:14:18, time: 0.239, data_time: 0.016, memory: 8298, vote_loss: 4.1789, objectness_loss: 0.4412, semantic_loss: 0.5319, center_loss: 0.5616, dir_class_loss: 1.0984, dir_res_loss: 0.8458, size_class_loss: 0.5319, size_res_loss: 0.3216, loss: 8.5112, grad_norm: 7.8443
2026-05-03 16:04:28,251 - mmdet - INFO - Epoch [7][1200/1652]	lr: 8.000e-03, eta: 3:14:06, time: 0.240, data_time: 0.016, memory: 8298, vote_loss: 4.0764, objectness_loss: 0.4246, semantic_loss: 0.4702, center_loss: 0.5610, dir_class_loss: 1.0870, dir_res_loss: 0.8411, size_class_loss: 0.4703, size_res_loss: 0.2984, loss: 8.2289, grad_norm: 8.1369
2026-05-03 16:04:40,226 - mmdet - INFO - Epoch [7][1250/1652]	lr: 8.000e-03, eta: 3:13:53, time: 0.240, data_time: 0.016, memory: 8298, vote_loss: 4.2795, objectness_loss: 0.4324, semantic_loss: 0.4828, center_loss: 0.5570, dir_class_loss: 1.1657, dir_res_loss: 0.9998, size_class_loss: 0.4827, size_res_loss: 0.3332, loss: 8.7331, grad_norm: 7.7646
2026-05-03 16:04:52,238 - mmdet - INFO - Epoch [7][1300/1652]	lr: 8.000e-03, eta: 3:13:41, time: 0.240, data_time: 0.016, memory: 8298, vote_loss: 3.8539, objectness_loss: 0.4234, semantic_loss: 0.4366, center_loss: 0.5214, dir_class_loss: 1.1427, dir_res_loss: 0.8206, size_class_loss: 0.4366, size_res_loss: 0.2967, loss: 7.9320, grad_norm: 7.0869
2026-05-03 16:05:04,233 - mmdet - INFO - Epoch [7][1350/1652]	lr: 8.000e-03, eta: 3:13:29, time: 0.240, data_time: 0.016, memory: 8298, vote_loss: 3.8568, objectness_loss: 0.4096, semantic_loss: 0.4911, center_loss: 0.5092, dir_class_loss: 1.0228, dir_res_loss: 0.7585, size_class_loss: 0.4911, size_res_loss: 0.3139, loss: 7.8529, grad_norm: 7.8179
2026-05-03 16:05:16,286 - mmdet - INFO - Epoch [7][1400/1652]	lr: 8.000e-03, eta: 3:13:17, time: 0.241, data_time: 0.016, memory: 8298, vote_loss: 4.0564, objectness_loss: 0.3924, semantic_loss: 0.4905, center_loss: 0.5772, dir_class_loss: 1.1902, dir_res_loss: 0.8872, size_class_loss: 0.4905, size_res_loss: 0.2747, loss: 8.3589, grad_norm: 7.9701
2026-05-03 16:05:28,346 - mmdet - INFO - Epoch [7][1450/1652]	lr: 8.000e-03, eta: 3:13:05, time: 0.241, data_time: 0.017, memory: 8298, vote_loss: 3.9483, objectness_loss: 0.3849, semantic_loss: 0.4674, center_loss: 0.6346, dir_class_loss: 1.1055, dir_res_loss: 0.8710, size_class_loss: 0.4675, size_res_loss: 0.2966, loss: 8.1757, grad_norm: 7.5870
2026-05-03 16:05:40,282 - mmdet - INFO - Epoch [7][1500/1652]	lr: 8.000e-03, eta: 3:12:53, time: 0.239, data_time: 0.016, memory: 8298, vote_loss: 4.0845, objectness_loss: 0.4045, semantic_loss: 0.4815, center_loss: 0.5183, dir_class_loss: 1.1129, dir_res_loss: 0.8445, size_class_loss: 0.4815, size_res_loss: 0.3221, loss: 8.2498, grad_norm: 7.7569
2026-05-03 16:05:52,340 - mmdet - INFO - Epoch [7][1550/1652]	lr: 8.000e-03, eta: 3:12:41, time: 0.241, data_time: 0.017, memory: 8298, vote_loss: 4.2496, objectness_loss: 0.3863, semantic_loss: 0.4521, center_loss: 0.5862, dir_class_loss: 1.1797, dir_res_loss: 0.8100, size_class_loss: 0.4521, size_res_loss: 0.3411, loss: 8.4571, grad_norm: 8.2020
2026-05-03 16:06:04,295 - mmdet - INFO - Epoch [7][1600/1652]	lr: 8.000e-03, eta: 3:12:28, time: 0.239, data_time: 0.016, memory: 8298, vote_loss: 4.0234, objectness_loss: 0.4059, semantic_loss: 0.4485, center_loss: 0.5529, dir_class_loss: 1.1203, dir_res_loss: 0.7584, size_class_loss: 0.4485, size_res_loss: 0.3003, loss: 8.0581, grad_norm: 8.1269
2026-05-03 16:06:16,289 - mmdet - INFO - Epoch [7][1650/1652]	lr: 8.000e-03, eta: 3:12:16, time: 0.240, data_time: 0.016, memory: 8298, vote_loss: 4.0746, objectness_loss: 0.3891, semantic_loss: 0.5092, center_loss: 0.5736, dir_class_loss: 1.0564, dir_res_loss: 0.8518, size_class_loss: 0.5092, size_res_loss: 0.3247, loss: 8.2886, grad_norm: 7.7236
2026-05-03 16:06:16,828 - mmdet - INFO - Saving checkpoint at 7 epochs
2026-05-03 16:06:31,669 - mmdet - INFO - Epoch [8][50/1652]	lr: 8.000e-03, eta: 3:12:13, time: 0.296, data_time: 0.072, memory: 8298, vote_loss: 4.1126, objectness_loss: 0.3810, semantic_loss: 0.4914, center_loss: 0.5200, dir_class_loss: 1.1040, dir_res_loss: 0.8634, size_class_loss: 0.4915, size_res_loss: 0.3316, loss: 8.2955, grad_norm: 7.4712
2026-05-03 16:06:43,693 - mmdet - INFO - Epoch [8][100/1652]	lr: 8.000e-03, eta: 3:12:01, time: 0.240, data_time: 0.016, memory: 8298, vote_loss: 3.9615, objectness_loss: 0.4052, semantic_loss: 0.4817, center_loss: 0.5204, dir_class_loss: 1.0343, dir_res_loss: 0.8192, size_class_loss: 0.4817, size_res_loss: 0.3134, loss: 8.0174, grad_norm: 7.3120
2026-05-03 16:06:55,709 - mmdet - INFO - Epoch [8][150/1652]	lr: 8.000e-03, eta: 3:11:48, time: 0.240, data_time: 0.016, memory: 8298, vote_loss: 3.8794, objectness_loss: 0.4025, semantic_loss: 0.5272, center_loss: 0.5514, dir_class_loss: 1.0685, dir_res_loss: 0.8731, size_class_loss: 0.5272, size_res_loss: 0.3142, loss: 8.1434, grad_norm: 7.6808
2026-05-03 16:07:07,638 - mmdet - INFO - Epoch [8][200/1652]	lr: 8.000e-03, eta: 3:11:36, time: 0.239, data_time: 0.016, memory: 8298, vote_loss: 4.1812, objectness_loss: 0.4039, semantic_loss: 0.5006, center_loss: 0.5627, dir_class_loss: 1.1004, dir_res_loss: 0.8335, size_class_loss: 0.5006, size_res_loss: 0.3195, loss: 8.4023, grad_norm: 7.5400
2026-05-03 16:07:19,686 - mmdet - INFO - Epoch [8][250/1652]	lr: 8.000e-03, eta: 3:11:24, time: 0.241, data_time: 0.016, memory: 8298, vote_loss: 3.9021, objectness_loss: 0.4226, semantic_loss: 0.4709, center_loss: 0.5232, dir_class_loss: 1.0419, dir_res_loss: 0.7967, size_class_loss: 0.4709, size_res_loss: 0.2812, loss: 7.9094, grad_norm: 7.1348
2026-05-03 16:07:31,698 - mmdet - INFO - Epoch [8][300/1652]	lr: 8.000e-03, eta: 3:11:12, time: 0.240, data_time: 0.016, memory: 8298, vote_loss: 4.1106, objectness_loss: 0.3898, semantic_loss: 0.5083, center_loss: 0.5874, dir_class_loss: 1.0727, dir_res_loss: 0.8340, size_class_loss: 0.5083, size_res_loss: 0.3213, loss: 8.3323, grad_norm: 8.3716
2026-05-03 16:07:43,752 - mmdet - INFO - Epoch [8][350/1652]	lr: 8.000e-03, eta: 3:11:00, time: 0.241, data_time: 0.017, memory: 8298, vote_loss: 4.0966, objectness_loss: 0.3958, semantic_loss: 0.5036, center_loss: 0.5578, dir_class_loss: 1.1118, dir_res_loss: 0.8624, size_class_loss: 0.5036, size_res_loss: 0.3006, loss: 8.3322, grad_norm: 8.3836
2026-05-03 16:07:55,711 - mmdet - INFO - Epoch [8][400/1652]	lr: 8.000e-03, eta: 3:10:47, time: 0.239, data_time: 0.016, memory: 8298, vote_loss: 3.9764, objectness_loss: 0.3966, semantic_loss: 0.5457, center_loss: 0.5524, dir_class_loss: 1.0262, dir_res_loss: 0.8381, size_class_loss: 0.5458, size_res_loss: 0.2999, loss: 8.1811, grad_norm: 8.5507
2026-05-03 16:08:07,672 - mmdet - INFO - Epoch [8][450/1652]	lr: 8.000e-03, eta: 3:10:35, time: 0.239, data_time: 0.016, memory: 8298, vote_loss: 3.9615, objectness_loss: 0.4233, semantic_loss: 0.4627, center_loss: 0.5086, dir_class_loss: 1.0652, dir_res_loss: 0.9508, size_class_loss: 0.4627, size_res_loss: 0.3124, loss: 8.1470, grad_norm: 8.1258
2026-05-03 16:08:19,662 - mmdet - INFO - Epoch [8][500/1652]	lr: 8.000e-03, eta: 3:10:23, time: 0.240, data_time: 0.016, memory: 8298, vote_loss: 3.7915, objectness_loss: 0.4124, semantic_loss: 0.5092, center_loss: 0.5433, dir_class_loss: 1.1624, dir_res_loss: 0.8701, size_class_loss: 0.5092, size_res_loss: 0.3030, loss: 8.1009, grad_norm: 7.7349
2026-05-03 16:08:31,603 - mmdet - INFO - Epoch [8][550/1652]	lr: 8.000e-03, eta: 3:10:10, time: 0.239, data_time: 0.016, memory: 8298, vote_loss: 4.0831, objectness_loss: 0.3913, semantic_loss: 0.5316, center_loss: 0.5356, dir_class_loss: 1.0404, dir_res_loss: 0.8730, size_class_loss: 0.5316, size_res_loss: 0.3392, loss: 8.3258, grad_norm: 7.6735
2026-05-03 16:08:43,555 - mmdet - INFO - Epoch [8][600/1652]	lr: 8.000e-03, eta: 3:09:58, time: 0.239, data_time: 0.016, memory: 8298, vote_loss: 3.8434, objectness_loss: 0.4457, semantic_loss: 0.4770, center_loss: 0.5414, dir_class_loss: 1.0835, dir_res_loss: 0.7841, size_class_loss: 0.4770, size_res_loss: 0.2979, loss: 7.9501, grad_norm: 7.3923
2026-05-03 16:08:55,488 - mmdet - INFO - Epoch [8][650/1652]	lr: 8.000e-03, eta: 3:09:45, time: 0.239, data_time: 0.016, memory: 8298, vote_loss: 4.2219, objectness_loss: 0.4009, semantic_loss: 0.4626, center_loss: 0.5396, dir_class_loss: 1.0215, dir_res_loss: 0.8899, size_class_loss: 0.4625, size_res_loss: 0.3326, loss: 8.3314, grad_norm: 7.7730
2026-05-03 16:09:07,579 - mmdet - INFO - Epoch [8][700/1652]	lr: 8.000e-03, eta: 3:09:33, time: 0.242, data_time: 0.017, memory: 8298, vote_loss: 4.0335, objectness_loss: 0.4164, semantic_loss: 0.4871, center_loss: 0.5935, dir_class_loss: 1.0907, dir_res_loss: 0.8921, size_class_loss: 0.4870, size_res_loss: 0.3036, loss: 8.3038, grad_norm: 7.9896
2026-05-03 16:09:19,524 - mmdet - INFO - Epoch [8][750/1652]	lr: 8.000e-03, eta: 3:09:21, time: 0.239, data_time: 0.016, memory: 8298, vote_loss: 3.9767, objectness_loss: 0.4136, semantic_loss: 0.4227, center_loss: 0.5211, dir_class_loss: 1.0404, dir_res_loss: 0.7540, size_class_loss: 0.4227, size_res_loss: 0.2791, loss: 7.8303, grad_norm: 7.6217
2026-05-03 16:09:31,491 - mmdet - INFO - Epoch [8][800/1652]	lr: 8.000e-03, eta: 3:09:09, time: 0.239, data_time: 0.016, memory: 8298, vote_loss: 4.1062, objectness_loss: 0.4383, semantic_loss: 0.4571, center_loss: 0.5134, dir_class_loss: 1.0734, dir_res_loss: 0.8325, size_class_loss: 0.4571, size_res_loss: 0.3212, loss: 8.1991, grad_norm: 7.4889
2026-05-03 16:09:43,464 - mmdet - INFO - Epoch [8][850/1652]	lr: 8.000e-03, eta: 3:08:56, time: 0.239, data_time: 0.016, memory: 8298, vote_loss: 4.0988, objectness_loss: 0.4201, semantic_loss: 0.5038, center_loss: 0.5855, dir_class_loss: 1.1323, dir_res_loss: 0.8231, size_class_loss: 0.5038, size_res_loss: 0.3271, loss: 8.3944, grad_norm: 7.6499
2026-05-03 16:09:55,474 - mmdet - INFO - Epoch [8][900/1652]	lr: 8.000e-03, eta: 3:08:44, time: 0.240, data_time: 0.016, memory: 8298, vote_loss: 3.9487, objectness_loss: 0.3853, semantic_loss: 0.4417, center_loss: 0.5401, dir_class_loss: 1.0961, dir_res_loss: 0.8358, size_class_loss: 0.4418, size_res_loss: 0.2875, loss: 7.9772, grad_norm: 8.0681
2026-05-03 16:10:07,453 - mmdet - INFO - Epoch [8][950/1652]	lr: 8.000e-03, eta: 3:08:32, time: 0.240, data_time: 0.016, memory: 8298, vote_loss: 4.0794, objectness_loss: 0.4026, semantic_loss: 0.4624, center_loss: 0.5265, dir_class_loss: 1.0217, dir_res_loss: 0.7070, size_class_loss: 0.4625, size_res_loss: 0.3571, loss: 8.0193, grad_norm: 7.3262
2026-05-03 16:10:19,384 - mmdet - INFO - Epoch [8][1000/1652]	lr: 8.000e-03, eta: 3:08:19, time: 0.239, data_time: 0.016, memory: 8298, vote_loss: 3.9509, objectness_loss: 0.4227, semantic_loss: 0.4917, center_loss: 0.5606, dir_class_loss: 1.0991, dir_res_loss: 0.8469, size_class_loss: 0.4917, size_res_loss: 0.2988, loss: 8.1623, grad_norm: 7.4725
2026-05-03 16:10:31,313 - mmdet - INFO - Epoch [8][1050/1652]	lr: 8.000e-03, eta: 3:08:07, time: 0.239, data_time: 0.016, memory: 8298, vote_loss: 4.1046, objectness_loss: 0.3691, semantic_loss: 0.4944, center_loss: 0.6021, dir_class_loss: 1.0503, dir_res_loss: 0.8552, size_class_loss: 0.4944, size_res_loss: 0.3228, loss: 8.2930, grad_norm: 7.5117
2026-05-03 16:10:43,343 - mmdet - INFO - Epoch [8][1100/1652]	lr: 8.000e-03, eta: 3:07:55, time: 0.241, data_time: 0.016, memory: 8298, vote_loss: 3.7634, objectness_loss: 0.4183, semantic_loss: 0.4558, center_loss: 0.5238, dir_class_loss: 1.0941, dir_res_loss: 0.8230, size_class_loss: 0.4558, size_res_loss: 0.3006, loss: 7.8348, grad_norm: 7.2795
2026-05-03 16:10:55,331 - mmdet - INFO - Epoch [8][1150/1652]	lr: 8.000e-03, eta: 3:07:42, time: 0.240, data_time: 0.016, memory: 8298, vote_loss: 3.9967, objectness_loss: 0.4127, semantic_loss: 0.4872, center_loss: 0.5851, dir_class_loss: 1.0692, dir_res_loss: 0.7504, size_class_loss: 0.4872, size_res_loss: 0.3543, loss: 8.1428, grad_norm: 8.1183
2026-05-03 16:11:07,315 - mmdet - INFO - Epoch [8][1200/1652]	lr: 8.000e-03, eta: 3:07:30, time: 0.240, data_time: 0.016, memory: 8298, vote_loss: 4.1182, objectness_loss: 0.3996, semantic_loss: 0.4837, center_loss: 0.5538, dir_class_loss: 1.1483, dir_res_loss: 0.7673, size_class_loss: 0.4837, size_res_loss: 0.3485, loss: 8.3031, grad_norm: 7.9705
2026-05-03 16:11:19,293 - mmdet - INFO - Epoch [8][1250/1652]	lr: 8.000e-03, eta: 3:07:18, time: 0.240, data_time: 0.016, memory: 8298, vote_loss: 3.9995, objectness_loss: 0.3888, semantic_loss: 0.5161, center_loss: 0.5680, dir_class_loss: 1.0814, dir_res_loss: 0.7977, size_class_loss: 0.5161, size_res_loss: 0.3251, loss: 8.1927, grad_norm: 8.0458
2026-05-03 16:11:31,255 - mmdet - INFO - Epoch [8][1300/1652]	lr: 8.000e-03, eta: 3:07:06, time: 0.239, data_time: 0.016, memory: 8298, vote_loss: 4.0472, objectness_loss: 0.3944, semantic_loss: 0.4715, center_loss: 0.5040, dir_class_loss: 0.9695, dir_res_loss: 0.7670, size_class_loss: 0.4715, size_res_loss: 0.3076, loss: 7.9326, grad_norm: 7.2001
2026-05-03 16:11:43,169 - mmdet - INFO - Epoch [8][1350/1652]	lr: 8.000e-03, eta: 3:06:53, time: 0.238, data_time: 0.016, memory: 8298, vote_loss: 4.0117, objectness_loss: 0.3814, semantic_loss: 0.4629, center_loss: 0.5262, dir_class_loss: 1.0671, dir_res_loss: 0.7724, size_class_loss: 0.4629, size_res_loss: 0.3262, loss: 8.0108, grad_norm: 7.5549
2026-05-03 16:11:55,182 - mmdet - INFO - Epoch [8][1400/1652]	lr: 8.000e-03, eta: 3:06:41, time: 0.240, data_time: 0.017, memory: 8298, vote_loss: 3.9094, objectness_loss: 0.4412, semantic_loss: 0.4718, center_loss: 0.4986, dir_class_loss: 1.0585, dir_res_loss: 0.8561, size_class_loss: 0.4717, size_res_loss: 0.2948, loss: 8.0022, grad_norm: 7.5849
2026-05-03 16:12:07,199 - mmdet - INFO - Epoch [8][1450/1652]	lr: 8.000e-03, eta: 3:06:29, time: 0.240, data_time: 0.016, memory: 8298, vote_loss: 3.9393, objectness_loss: 0.4204, semantic_loss: 0.4800, center_loss: 0.5353, dir_class_loss: 1.1297, dir_res_loss: 0.8274, size_class_loss: 0.4800, size_res_loss: 0.2907, loss: 8.1029, grad_norm: 6.8761
2026-05-03 16:12:19,220 - mmdet - INFO - Epoch [8][1500/1652]	lr: 8.000e-03, eta: 3:06:17, time: 0.240, data_time: 0.016, memory: 8298, vote_loss: 3.9363, objectness_loss: 0.4027, semantic_loss: 0.4873, center_loss: 0.5701, dir_class_loss: 1.1200, dir_res_loss: 0.8346, size_class_loss: 0.4873, size_res_loss: 0.3163, loss: 8.1545, grad_norm: 8.4713
2026-05-03 16:12:31,205 - mmdet - INFO - Epoch [8][1550/1652]	lr: 8.000e-03, eta: 3:06:04, time: 0.240, data_time: 0.016, memory: 8298, vote_loss: 3.9819, objectness_loss: 0.3917, semantic_loss: 0.4231, center_loss: 0.5294, dir_class_loss: 1.0740, dir_res_loss: 0.8381, size_class_loss: 0.4231, size_res_loss: 0.2824, loss: 7.9437, grad_norm: 7.9448
2026-05-03 16:12:43,106 - mmdet - INFO - Epoch [8][1600/1652]	lr: 8.000e-03, eta: 3:05:52, time: 0.238, data_time: 0.016, memory: 8298, vote_loss: 4.0438, objectness_loss: 0.4071, semantic_loss: 0.4713, center_loss: 0.6177, dir_class_loss: 1.0881, dir_res_loss: 0.8279, size_class_loss: 0.4712, size_res_loss: 0.3048, loss: 8.2319, grad_norm: 7.9083
2026-05-03 16:12:55,059 - mmdet - INFO - Epoch [8][1650/1652]	lr: 8.000e-03, eta: 3:05:40, time: 0.239, data_time: 0.016, memory: 8298, vote_loss: 4.0050, objectness_loss: 0.4192, semantic_loss: 0.4702, center_loss: 0.5762, dir_class_loss: 1.0624, dir_res_loss: 0.7860, size_class_loss: 0.4702, size_res_loss: 0.2700, loss: 8.0592, grad_norm: 8.3622
2026-05-03 16:12:55,590 - mmdet - INFO - Saving checkpoint at 8 epochs
2026-05-03 16:13:10,397 - mmdet - INFO - Epoch [9][50/1652]	lr: 8.000e-03, eta: 3:05:35, time: 0.295, data_time: 0.069, memory: 8298, vote_loss: 3.7389, objectness_loss: 0.4026, semantic_loss: 0.4698, center_loss: 0.5284, dir_class_loss: 1.0750, dir_res_loss: 0.8496, size_class_loss: 0.4698, size_res_loss: 0.3171, loss: 7.8511, grad_norm: 7.5757
2026-05-03 16:13:22,417 - mmdet - INFO - Epoch [9][100/1652]	lr: 8.000e-03, eta: 3:05:23, time: 0.240, data_time: 0.016, memory: 8298, vote_loss: 3.8791, objectness_loss: 0.4202, semantic_loss: 0.4246, center_loss: 0.5123, dir_class_loss: 0.9709, dir_res_loss: 0.7189, size_class_loss: 0.4245, size_res_loss: 0.2918, loss: 7.6422, grad_norm: 7.7009
2026-05-03 16:13:34,424 - mmdet - INFO - Epoch [9][150/1652]	lr: 8.000e-03, eta: 3:05:10, time: 0.240, data_time: 0.016, memory: 8298, vote_loss: 4.0276, objectness_loss: 0.4268, semantic_loss: 0.5412, center_loss: 0.5813, dir_class_loss: 1.0704, dir_res_loss: 0.7863, size_class_loss: 0.5413, size_res_loss: 0.3294, loss: 8.3042, grad_norm: 8.4886
2026-05-03 16:13:46,467 - mmdet - INFO - Epoch [9][200/1652]	lr: 8.000e-03, eta: 3:04:58, time: 0.241, data_time: 0.016, memory: 8298, vote_loss: 4.1026, objectness_loss: 0.4145, semantic_loss: 0.5368, center_loss: 0.5572, dir_class_loss: 1.0929, dir_res_loss: 0.8045, size_class_loss: 0.5367, size_res_loss: 0.3150, loss: 8.3604, grad_norm: 7.4284
2026-05-03 16:13:58,440 - mmdet - INFO - Epoch [9][250/1652]	lr: 8.000e-03, eta: 3:04:46, time: 0.239, data_time: 0.016, memory: 8298, vote_loss: 3.9361, objectness_loss: 0.4087, semantic_loss: 0.5075, center_loss: 0.5730, dir_class_loss: 1.1380, dir_res_loss: 0.7862, size_class_loss: 0.5075, size_res_loss: 0.3115, loss: 8.1685, grad_norm: 7.8133
2026-05-03 16:14:10,401 - mmdet - INFO - Epoch [9][300/1652]	lr: 8.000e-03, eta: 3:04:34, time: 0.239, data_time: 0.016, memory: 8298, vote_loss: 3.8265, objectness_loss: 0.4362, semantic_loss: 0.5406, center_loss: 0.5324, dir_class_loss: 1.0832, dir_res_loss: 0.8736, size_class_loss: 0.5406, size_res_loss: 0.2998, loss: 8.1330, grad_norm: 7.5314
2026-05-03 16:14:22,507 - mmdet - INFO - Epoch [9][350/1652]	lr: 8.000e-03, eta: 3:04:22, time: 0.242, data_time: 0.020, memory: 8298, vote_loss: 3.8940, objectness_loss: 0.4100, semantic_loss: 0.4342, center_loss: 0.5772, dir_class_loss: 0.9783, dir_res_loss: 0.8018, size_class_loss: 0.4343, size_res_loss: 0.3319, loss: 7.8618, grad_norm: 7.8097
2026-05-03 16:14:34,493 - mmdet - INFO - Epoch [9][400/1652]	lr: 8.000e-03, eta: 3:04:10, time: 0.240, data_time: 0.016, memory: 8298, vote_loss: 3.9726, objectness_loss: 0.4212, semantic_loss: 0.4313, center_loss: 0.5588, dir_class_loss: 1.0286, dir_res_loss: 0.8071, size_class_loss: 0.4313, size_res_loss: 0.2866, loss: 7.9375, grad_norm: 7.7881
2026-05-03 16:14:46,771 - mmdet - INFO - Epoch [9][450/1652]	lr: 8.000e-03, eta: 3:03:58, time: 0.246, data_time: 0.017, memory: 8298, vote_loss: 4.0102, objectness_loss: 0.4169, semantic_loss: 0.4898, center_loss: 0.5166, dir_class_loss: 1.1078, dir_res_loss: 0.8071, size_class_loss: 0.4899, size_res_loss: 0.3248, loss: 8.1631, grad_norm: 7.7302
2026-05-03 16:14:58,773 - mmdet - INFO - Epoch [9][500/1652]	lr: 8.000e-03, eta: 3:03:46, time: 0.240, data_time: 0.016, memory: 8298, vote_loss: 3.7320, objectness_loss: 0.3816, semantic_loss: 0.4592, center_loss: 0.5327, dir_class_loss: 0.9943, dir_res_loss: 0.8281, size_class_loss: 0.4591, size_res_loss: 0.3254, loss: 7.7124, grad_norm: 8.6265
2026-05-03 16:15:10,753 - mmdet - INFO - Epoch [9][550/1652]	lr: 8.000e-03, eta: 3:03:34, time: 0.240, data_time: 0.016, memory: 8298, vote_loss: 4.0491, objectness_loss: 0.4121, semantic_loss: 0.4541, center_loss: 0.5242, dir_class_loss: 1.1044, dir_res_loss: 0.9080, size_class_loss: 0.4541, size_res_loss: 0.3341, loss: 8.2402, grad_norm: 8.0925
2026-05-03 16:15:22,788 - mmdet - INFO - Epoch [9][600/1652]	lr: 8.000e-03, eta: 3:03:22, time: 0.241, data_time: 0.016, memory: 8298, vote_loss: 4.0910, objectness_loss: 0.4084, semantic_loss: 0.4488, center_loss: 0.5166, dir_class_loss: 1.1256, dir_res_loss: 0.7501, size_class_loss: 0.4488, size_res_loss: 0.3447, loss: 8.1339, grad_norm: 7.3116
2026-05-03 16:15:34,731 - mmdet - INFO - Epoch [9][650/1652]	lr: 8.000e-03, eta: 3:03:09, time: 0.239, data_time: 0.016, memory: 8298, vote_loss: 3.7601, objectness_loss: 0.3892, semantic_loss: 0.4427, center_loss: 0.5138, dir_class_loss: 1.0425, dir_res_loss: 0.7491, size_class_loss: 0.4427, size_res_loss: 0.2880, loss: 7.6281, grad_norm: 7.6944
2026-05-03 16:15:46,684 - mmdet - INFO - Epoch [9][700/1652]	lr: 8.000e-03, eta: 3:02:57, time: 0.239, data_time: 0.016, memory: 8298, vote_loss: 3.8762, objectness_loss: 0.4138, semantic_loss: 0.4832, center_loss: 0.4984, dir_class_loss: 1.0308, dir_res_loss: 0.7146, size_class_loss: 0.4832, size_res_loss: 0.2968, loss: 7.7970, grad_norm: 7.9706
2026-05-03 16:15:58,629 - mmdet - INFO - Epoch [9][750/1652]	lr: 8.000e-03, eta: 3:02:45, time: 0.239, data_time: 0.016, memory: 8298, vote_loss: 4.0519, objectness_loss: 0.4213, semantic_loss: 0.4303, center_loss: 0.5790, dir_class_loss: 1.0494, dir_res_loss: 0.7951, size_class_loss: 0.4303, size_res_loss: 0.3128, loss: 8.0700, grad_norm: 8.3667
2026-05-03 16:16:10,664 - mmdet - INFO - Epoch [9][800/1652]	lr: 8.000e-03, eta: 3:02:32, time: 0.241, data_time: 0.016, memory: 8298, vote_loss: 3.6478, objectness_loss: 0.3778, semantic_loss: 0.4605, center_loss: 0.5565, dir_class_loss: 1.0573, dir_res_loss: 0.8146, size_class_loss: 0.4605, size_res_loss: 0.2939, loss: 7.6689, grad_norm: 7.7724
2026-05-03 16:16:22,665 - mmdet - INFO - Epoch [9][850/1652]	lr: 8.000e-03, eta: 3:02:20, time: 0.240, data_time: 0.016, memory: 8298, vote_loss: 3.8077, objectness_loss: 0.4075, semantic_loss: 0.4785, center_loss: 0.5349, dir_class_loss: 1.0684, dir_res_loss: 0.8368, size_class_loss: 0.4786, size_res_loss: 0.3077, loss: 7.9202, grad_norm: 7.5496
2026-05-03 16:16:34,666 - mmdet - INFO - Epoch [9][900/1652]	lr: 8.000e-03, eta: 3:02:08, time: 0.240, data_time: 0.016, memory: 8298, vote_loss: 3.9369, objectness_loss: 0.3916, semantic_loss: 0.4588, center_loss: 0.4900, dir_class_loss: 1.0173, dir_res_loss: 0.8592, size_class_loss: 0.4588, size_res_loss: 0.2772, loss: 7.8897, grad_norm: 7.2259
2026-05-03 16:16:46,621 - mmdet - INFO - Epoch [9][950/1652]	lr: 8.000e-03, eta: 3:01:56, time: 0.239, data_time: 0.016, memory: 8298, vote_loss: 3.8975, objectness_loss: 0.3916, semantic_loss: 0.3543, center_loss: 0.5161, dir_class_loss: 1.0639, dir_res_loss: 0.8988, size_class_loss: 0.3543, size_res_loss: 0.2887, loss: 7.7652, grad_norm: 7.7468
2026-05-03 16:16:58,594 - mmdet - INFO - Epoch [9][1000/1652]	lr: 8.000e-03, eta: 3:01:43, time: 0.239, data_time: 0.016, memory: 8298, vote_loss: 3.9206, objectness_loss: 0.4051, semantic_loss: 0.5630, center_loss: 0.5560, dir_class_loss: 0.9924, dir_res_loss: 0.7500, size_class_loss: 0.5630, size_res_loss: 0.2977, loss: 8.0477, grad_norm: 8.0809
2026-05-03 16:17:10,569 - mmdet - INFO - Epoch [9][1050/1652]	lr: 8.000e-03, eta: 3:01:31, time: 0.240, data_time: 0.016, memory: 8298, vote_loss: 3.9395, objectness_loss: 0.3835, semantic_loss: 0.4216, center_loss: 0.5221, dir_class_loss: 1.0356, dir_res_loss: 0.7650, size_class_loss: 0.4216, size_res_loss: 0.3091, loss: 7.7980, grad_norm: 8.2456
2026-05-03 16:17:22,548 - mmdet - INFO - Epoch [9][1100/1652]	lr: 8.000e-03, eta: 3:01:19, time: 0.240, data_time: 0.016, memory: 8298, vote_loss: 3.9178, objectness_loss: 0.4090, semantic_loss: 0.4558, center_loss: 0.5781, dir_class_loss: 0.9853, dir_res_loss: 0.7184, size_class_loss: 0.4558, size_res_loss: 0.2993, loss: 7.8194, grad_norm: 7.6949
2026-05-03 16:17:34,512 - mmdet - INFO - Epoch [9][1150/1652]	lr: 8.000e-03, eta: 3:01:07, time: 0.239, data_time: 0.016, memory: 8298, vote_loss: 4.1020, objectness_loss: 0.3912, semantic_loss: 0.4803, center_loss: 0.5449, dir_class_loss: 1.1019, dir_res_loss: 0.8359, size_class_loss: 0.4803, size_res_loss: 0.3335, loss: 8.2702, grad_norm: 8.3365
2026-05-03 16:17:46,428 - mmdet - INFO - Epoch [9][1200/1652]	lr: 8.000e-03, eta: 3:00:54, time: 0.238, data_time: 0.016, memory: 8298, vote_loss: 4.0041, objectness_loss: 0.4052, semantic_loss: 0.5086, center_loss: 0.5575, dir_class_loss: 1.0543, dir_res_loss: 0.7513, size_class_loss: 0.5086, size_res_loss: 0.3223, loss: 8.1119, grad_norm: 7.9207
2026-05-03 16:17:58,419 - mmdet - INFO - Epoch [9][1250/1652]	lr: 8.000e-03, eta: 3:00:42, time: 0.240, data_time: 0.016, memory: 8298, vote_loss: 4.0660, objectness_loss: 0.4028, semantic_loss: 0.4506, center_loss: 0.5541, dir_class_loss: 1.0914, dir_res_loss: 0.7822, size_class_loss: 0.4506, size_res_loss: 0.3451, loss: 8.1429, grad_norm: 8.6892
2026-05-03 16:18:10,336 - mmdet - INFO - Epoch [9][1300/1652]	lr: 8.000e-03, eta: 3:00:30, time: 0.238, data_time: 0.016, memory: 8298, vote_loss: 3.8027, objectness_loss: 0.4149, semantic_loss: 0.4784, center_loss: 0.5172, dir_class_loss: 1.0947, dir_res_loss: 0.8590, size_class_loss: 0.4784, size_res_loss: 0.2985, loss: 7.9438, grad_norm: 8.0199
2026-05-03 16:18:22,307 - mmdet - INFO - Epoch [9][1350/1652]	lr: 8.000e-03, eta: 3:00:17, time: 0.239, data_time: 0.016, memory: 8298, vote_loss: 4.0089, objectness_loss: 0.3918, semantic_loss: 0.5755, center_loss: 0.5708, dir_class_loss: 1.1542, dir_res_loss: 0.7573, size_class_loss: 0.5755, size_res_loss: 0.3168, loss: 8.3509, grad_norm: 8.0865
2026-05-03 16:18:34,209 - mmdet - INFO - Epoch [9][1400/1652]	lr: 8.000e-03, eta: 3:00:05, time: 0.238, data_time: 0.016, memory: 8298, vote_loss: 3.9502, objectness_loss: 0.4043, semantic_loss: 0.4570, center_loss: 0.5431, dir_class_loss: 1.0659, dir_res_loss: 0.8569, size_class_loss: 0.4570, size_res_loss: 0.3181, loss: 8.0526, grad_norm: 8.5689
2026-05-03 16:18:46,163 - mmdet - INFO - Epoch [9][1450/1652]	lr: 8.000e-03, eta: 2:59:52, time: 0.239, data_time: 0.016, memory: 8298, vote_loss: 3.9471, objectness_loss: 0.3867, semantic_loss: 0.4476, center_loss: 0.5920, dir_class_loss: 1.1362, dir_res_loss: 0.8275, size_class_loss: 0.4475, size_res_loss: 0.2900, loss: 8.0745, grad_norm: 7.3735
2026-05-03 16:18:58,166 - mmdet - INFO - Epoch [9][1500/1652]	lr: 8.000e-03, eta: 2:59:40, time: 0.240, data_time: 0.016, memory: 8298, vote_loss: 3.8797, objectness_loss: 0.3809, semantic_loss: 0.4619, center_loss: 0.5382, dir_class_loss: 1.1039, dir_res_loss: 0.7783, size_class_loss: 0.4619, size_res_loss: 0.3044, loss: 7.9091, grad_norm: 7.8747
2026-05-03 16:19:10,080 - mmdet - INFO - Epoch [9][1550/1652]	lr: 8.000e-03, eta: 2:59:28, time: 0.238, data_time: 0.016, memory: 8298, vote_loss: 3.9249, objectness_loss: 0.4086, semantic_loss: 0.4785, center_loss: 0.5485, dir_class_loss: 1.1293, dir_res_loss: 0.7787, size_class_loss: 0.4786, size_res_loss: 0.3214, loss: 8.0684, grad_norm: 7.6459
2026-05-03 16:19:22,059 - mmdet - INFO - Epoch [9][1600/1652]	lr: 8.000e-03, eta: 2:59:16, time: 0.240, data_time: 0.016, memory: 8298, vote_loss: 3.6878, objectness_loss: 0.4211, semantic_loss: 0.4638, center_loss: 0.5341, dir_class_loss: 1.0894, dir_res_loss: 0.8736, size_class_loss: 0.4638, size_res_loss: 0.2918, loss: 7.8254, grad_norm: 7.9380
2026-05-03 16:19:34,041 - mmdet - INFO - Epoch [9][1650/1652]	lr: 8.000e-03, eta: 2:59:03, time: 0.240, data_time: 0.016, memory: 8298, vote_loss: 3.7755, objectness_loss: 0.3965, semantic_loss: 0.4916, center_loss: 0.5921, dir_class_loss: 1.0300, dir_res_loss: 0.7824, size_class_loss: 0.4916, size_res_loss: 0.2921, loss: 7.8517, grad_norm: 8.0449
2026-05-03 16:19:34,585 - mmdet - INFO - Saving checkpoint at 9 epochs
2026-05-03 16:19:49,637 - mmdet - INFO - Epoch [10][50/1652]	lr: 8.000e-03, eta: 2:58:58, time: 0.300, data_time: 0.074, memory: 8298, vote_loss: 3.8989, objectness_loss: 0.3682, semantic_loss: 0.4121, center_loss: 0.5070, dir_class_loss: 1.0803, dir_res_loss: 0.8154, size_class_loss: 0.4121, size_res_loss: 0.2792, loss: 7.7734, grad_norm: 8.2737
2026-05-03 16:20:01,654 - mmdet - INFO - Epoch [10][100/1652]	lr: 8.000e-03, eta: 2:58:46, time: 0.240, data_time: 0.016, memory: 8298, vote_loss: 3.7523, objectness_loss: 0.3843, semantic_loss: 0.4552, center_loss: 0.5395, dir_class_loss: 1.0532, dir_res_loss: 0.7591, size_class_loss: 0.4552, size_res_loss: 0.2893, loss: 7.6880, grad_norm: 9.2313
2026-05-03 16:20:13,640 - mmdet - INFO - Epoch [10][150/1652]	lr: 8.000e-03, eta: 2:58:34, time: 0.240, data_time: 0.016, memory: 8298, vote_loss: 3.9157, objectness_loss: 0.3808, semantic_loss: 0.4132, center_loss: 0.5264, dir_class_loss: 1.0697, dir_res_loss: 0.7828, size_class_loss: 0.4132, size_res_loss: 0.3023, loss: 7.8041, grad_norm: 7.8118
2026-05-03 16:20:25,631 - mmdet - INFO - Epoch [10][200/1652]	lr: 8.000e-03, eta: 2:58:22, time: 0.240, data_time: 0.016, memory: 8298, vote_loss: 3.8287, objectness_loss: 0.4088, semantic_loss: 0.5084, center_loss: 0.5457, dir_class_loss: 1.0510, dir_res_loss: 0.8151, size_class_loss: 0.5084, size_res_loss: 0.3243, loss: 7.9905, grad_norm: 8.1445
2026-05-03 16:20:37,642 - mmdet - INFO - Epoch [10][250/1652]	lr: 8.000e-03, eta: 2:58:09, time: 0.240, data_time: 0.016, memory: 8298, vote_loss: 3.6564, objectness_loss: 0.4090, semantic_loss: 0.3920, center_loss: 0.5198, dir_class_loss: 1.0702, dir_res_loss: 0.7653, size_class_loss: 0.3920, size_res_loss: 0.3094, loss: 7.5140, grad_norm: 7.8020
2026-05-03 16:20:49,709 - mmdet - INFO - Epoch [10][300/1652]	lr: 8.000e-03, eta: 2:57:57, time: 0.241, data_time: 0.016, memory: 8298, vote_loss: 3.9789, objectness_loss: 0.3913, semantic_loss: 0.4241, center_loss: 0.5157, dir_class_loss: 1.0034, dir_res_loss: 0.7391, size_class_loss: 0.4241, size_res_loss: 0.3123, loss: 7.7889, grad_norm: 7.6198
2026-05-03 16:21:01,728 - mmdet - INFO - Epoch [10][350/1652]	lr: 8.000e-03, eta: 2:57:45, time: 0.240, data_time: 0.017, memory: 8298, vote_loss: 3.9021, objectness_loss: 0.4090, semantic_loss: 0.4986, center_loss: 0.5768, dir_class_loss: 1.1562, dir_res_loss: 0.8069, size_class_loss: 0.4986, size_res_loss: 0.3433, loss: 8.1914, grad_norm: 7.9597
2026-05-03 16:21:13,704 - mmdet - INFO - Epoch [10][400/1652]	lr: 8.000e-03, eta: 2:57:33, time: 0.240, data_time: 0.016, memory: 8298, vote_loss: 3.8633, objectness_loss: 0.4130, semantic_loss: 0.4485, center_loss: 0.4961, dir_class_loss: 1.0081, dir_res_loss: 0.8369, size_class_loss: 0.4485, size_res_loss: 0.3252, loss: 7.8398, grad_norm: 7.9877
2026-05-03 16:21:25,726 - mmdet - INFO - Epoch [10][450/1652]	lr: 8.000e-03, eta: 2:57:21, time: 0.240, data_time: 0.015, memory: 8298, vote_loss: 3.7930, objectness_loss: 0.4139, semantic_loss: 0.4572, center_loss: 0.4823, dir_class_loss: 1.0304, dir_res_loss: 0.7468, size_class_loss: 0.4572, size_res_loss: 0.2668, loss: 7.6476, grad_norm: 7.4454
2026-05-03 16:21:37,650 - mmdet - INFO - Epoch [10][500/1652]	lr: 8.000e-03, eta: 2:57:09, time: 0.238, data_time: 0.015, memory: 8298, vote_loss: 3.9052, objectness_loss: 0.4476, semantic_loss: 0.4663, center_loss: 0.4835, dir_class_loss: 1.0305, dir_res_loss: 0.8547, size_class_loss: 0.4663, size_res_loss: 0.2989, loss: 7.9530, grad_norm: 7.7227
2026-05-03 16:21:49,551 - mmdet - INFO - Epoch [10][550/1652]	lr: 8.000e-03, eta: 2:56:56, time: 0.238, data_time: 0.015, memory: 8298, vote_loss: 3.9260, objectness_loss: 0.4142, semantic_loss: 0.4833, center_loss: 0.5759, dir_class_loss: 1.0233, dir_res_loss: 0.7403, size_class_loss: 0.4833, size_res_loss: 0.3264, loss: 7.9727, grad_norm: 7.8500
2026-05-03 16:22:01,489 - mmdet - INFO - Epoch [10][600/1652]	lr: 8.000e-03, eta: 2:56:44, time: 0.239, data_time: 0.015, memory: 8298, vote_loss: 3.9389, objectness_loss: 0.4203, semantic_loss: 0.4496, center_loss: 0.4986, dir_class_loss: 0.9553, dir_res_loss: 0.8235, size_class_loss: 0.4496, size_res_loss: 0.3270, loss: 7.8630, grad_norm: 7.2768
2026-05-03 16:22:13,390 - mmdet - INFO - Epoch [10][650/1652]	lr: 8.000e-03, eta: 2:56:31, time: 0.238, data_time: 0.015, memory: 8298, vote_loss: 3.8501, objectness_loss: 0.3623, semantic_loss: 0.4488, center_loss: 0.5221, dir_class_loss: 1.1192, dir_res_loss: 0.8076, size_class_loss: 0.4488, size_res_loss: 0.3074, loss: 7.8661, grad_norm: 7.6339
2026-05-03 16:22:25,338 - mmdet - INFO - Epoch [10][700/1652]	lr: 8.000e-03, eta: 2:56:19, time: 0.239, data_time: 0.015, memory: 8298, vote_loss: 3.8230, objectness_loss: 0.3931, semantic_loss: 0.4384, center_loss: 0.4870, dir_class_loss: 1.0467, dir_res_loss: 0.7375, size_class_loss: 0.4384, size_res_loss: 0.3401, loss: 7.7041, grad_norm: 7.7247
2026-05-03 16:22:37,320 - mmdet - INFO - Epoch [10][750/1652]	lr: 8.000e-03, eta: 2:56:07, time: 0.240, data_time: 0.015, memory: 8298, vote_loss: 3.8675, objectness_loss: 0.4069, semantic_loss: 0.4533, center_loss: 0.5163, dir_class_loss: 0.9802, dir_res_loss: 0.8486, size_class_loss: 0.4533, size_res_loss: 0.2958, loss: 7.8221, grad_norm: 7.6206
2026-05-03 16:22:49,216 - mmdet - INFO - Epoch [10][800/1652]	lr: 8.000e-03, eta: 2:55:54, time: 0.238, data_time: 0.015, memory: 8298, vote_loss: 4.1694, objectness_loss: 0.4000, semantic_loss: 0.5403, center_loss: 0.5969, dir_class_loss: 1.0121, dir_res_loss: 0.8062, size_class_loss: 0.5403, size_res_loss: 0.3391, loss: 8.4043, grad_norm: 8.1085
2026-05-03 16:23:01,166 - mmdet - INFO - Epoch [10][850/1652]	lr: 8.000e-03, eta: 2:55:42, time: 0.239, data_time: 0.016, memory: 8298, vote_loss: 3.9915, objectness_loss: 0.4145, semantic_loss: 0.4732, center_loss: 0.5417, dir_class_loss: 1.0358, dir_res_loss: 0.8100, size_class_loss: 0.4733, size_res_loss: 0.3320, loss: 8.0720, grad_norm: 7.3220
2026-05-03 16:23:13,139 - mmdet - INFO - Epoch [10][900/1652]	lr: 8.000e-03, eta: 2:55:30, time: 0.239, data_time: 0.015, memory: 8298, vote_loss: 3.6899, objectness_loss: 0.4268, semantic_loss: 0.4169, center_loss: 0.5183, dir_class_loss: 1.0786, dir_res_loss: 0.7716, size_class_loss: 0.4169, size_res_loss: 0.3175, loss: 7.6363, grad_norm: 7.1534
2026-05-03 16:23:25,154 - mmdet - INFO - Epoch [10][950/1652]	lr: 8.000e-03, eta: 2:55:17, time: 0.240, data_time: 0.016, memory: 8298, vote_loss: 3.7238, objectness_loss: 0.3898, semantic_loss: 0.4305, center_loss: 0.5545, dir_class_loss: 1.0806, dir_res_loss: 0.8535, size_class_loss: 0.4305, size_res_loss: 0.2693, loss: 7.7327, grad_norm: 7.9693
2026-05-03 16:23:37,134 - mmdet - INFO - Epoch [10][1000/1652]	lr: 8.000e-03, eta: 2:55:05, time: 0.240, data_time: 0.015, memory: 8298, vote_loss: 3.7678, objectness_loss: 0.4149, semantic_loss: 0.4733, center_loss: 0.5003, dir_class_loss: 1.1130, dir_res_loss: 0.7831, size_class_loss: 0.4733, size_res_loss: 0.2811, loss: 7.8067, grad_norm: 7.9922
2026-05-03 16:23:49,202 - mmdet - INFO - Epoch [10][1050/1652]	lr: 8.000e-03, eta: 2:54:53, time: 0.241, data_time: 0.017, memory: 8298, vote_loss: 3.9057, objectness_loss: 0.4010, semantic_loss: 0.4488, center_loss: 0.5273, dir_class_loss: 1.0755, dir_res_loss: 0.8082, size_class_loss: 0.4488, size_res_loss: 0.3341, loss: 7.9493, grad_norm: 7.6313
2026-05-03 16:24:01,257 - mmdet - INFO - Epoch [10][1100/1652]	lr: 8.000e-03, eta: 2:54:41, time: 0.241, data_time: 0.016, memory: 8298, vote_loss: 3.8837, objectness_loss: 0.4037, semantic_loss: 0.4848, center_loss: 0.5482, dir_class_loss: 0.9772, dir_res_loss: 0.7280, size_class_loss: 0.4848, size_res_loss: 0.3240, loss: 7.8344, grad_norm: 7.7709
2026-05-03 16:24:13,256 - mmdet - INFO - Epoch [10][1150/1652]	lr: 8.000e-03, eta: 2:54:29, time: 0.240, data_time: 0.016, memory: 8298, vote_loss: 3.8394, objectness_loss: 0.3783, semantic_loss: 0.4764, center_loss: 0.6055, dir_class_loss: 1.0316, dir_res_loss: 0.8023, size_class_loss: 0.4764, size_res_loss: 0.2898, loss: 7.8997, grad_norm: 8.1630
2026-05-03 16:24:25,237 - mmdet - INFO - Epoch [10][1200/1652]	lr: 8.000e-03, eta: 2:54:17, time: 0.240, data_time: 0.016, memory: 8298, vote_loss: 3.9442, objectness_loss: 0.3994, semantic_loss: 0.4366, center_loss: 0.5382, dir_class_loss: 1.0877, dir_res_loss: 0.8229, size_class_loss: 0.4366, size_res_loss: 0.3057, loss: 7.9712, grad_norm: 7.5919
2026-05-03 16:24:37,281 - mmdet - INFO - Epoch [10][1250/1652]	lr: 8.000e-03, eta: 2:54:05, time: 0.241, data_time: 0.016, memory: 8298, vote_loss: 3.8741, objectness_loss: 0.4008, semantic_loss: 0.4580, center_loss: 0.5273, dir_class_loss: 1.0292, dir_res_loss: 0.9007, size_class_loss: 0.4580, size_res_loss: 0.3387, loss: 7.9868, grad_norm: 8.0242
2026-05-03 16:24:49,373 - mmdet - INFO - Epoch [10][1300/1652]	lr: 8.000e-03, eta: 2:53:53, time: 0.242, data_time: 0.017, memory: 8298, vote_loss: 3.8235, objectness_loss: 0.3881, semantic_loss: 0.4440, center_loss: 0.5175, dir_class_loss: 1.0681, dir_res_loss: 0.8235, size_class_loss: 0.4440, size_res_loss: 0.3053, loss: 7.8139, grad_norm: 8.4197
2026-05-03 16:25:01,359 - mmdet - INFO - Epoch [10][1350/1652]	lr: 8.000e-03, eta: 2:53:41, time: 0.240, data_time: 0.016, memory: 8298, vote_loss: 3.6021, objectness_loss: 0.3846, semantic_loss: 0.3930, center_loss: 0.5463, dir_class_loss: 0.9915, dir_res_loss: 0.8111, size_class_loss: 0.3930, size_res_loss: 0.2948, loss: 7.4162, grad_norm: 7.4479
2026-05-03 16:25:13,395 - mmdet - INFO - Epoch [10][1400/1652]	lr: 8.000e-03, eta: 2:53:29, time: 0.241, data_time: 0.015, memory: 8298, vote_loss: 3.7239, objectness_loss: 0.3945, semantic_loss: 0.4559, center_loss: 0.5177, dir_class_loss: 1.0264, dir_res_loss: 0.7492, size_class_loss: 0.4559, size_res_loss: 0.3227, loss: 7.6463, grad_norm: 7.7140
2026-05-03 16:25:25,592 - mmdet - INFO - Epoch [10][1450/1652]	lr: 8.000e-03, eta: 2:53:17, time: 0.244, data_time: 0.020, memory: 8298, vote_loss: 3.8049, objectness_loss: 0.3778, semantic_loss: 0.4082, center_loss: 0.5245, dir_class_loss: 1.0069, dir_res_loss: 0.7516, size_class_loss: 0.4082, size_res_loss: 0.3025, loss: 7.5846, grad_norm: 7.8610
2026-05-03 16:25:37,590 - mmdet - INFO - Epoch [10][1500/1652]	lr: 8.000e-03, eta: 2:53:05, time: 0.240, data_time: 0.016, memory: 8298, vote_loss: 3.9051, objectness_loss: 0.4124, semantic_loss: 0.5404, center_loss: 0.5269, dir_class_loss: 1.0382, dir_res_loss: 0.7076, size_class_loss: 0.5404, size_res_loss: 0.3478, loss: 8.0186, grad_norm: 8.0068
2026-05-03 16:25:49,535 - mmdet - INFO - Epoch [10][1550/1652]	lr: 8.000e-03, eta: 2:52:52, time: 0.239, data_time: 0.016, memory: 8298, vote_loss: 3.5811, objectness_loss: 0.3940, semantic_loss: 0.4291, center_loss: 0.5115, dir_class_loss: 0.9872, dir_res_loss: 0.7206, size_class_loss: 0.4291, size_res_loss: 0.2937, loss: 7.3462, grad_norm: 7.1758
2026-05-03 16:26:01,522 - mmdet - INFO - Epoch [10][1600/1652]	lr: 8.000e-03, eta: 2:52:40, time: 0.240, data_time: 0.016, memory: 8298, vote_loss: 3.8521, objectness_loss: 0.3800, semantic_loss: 0.4384, center_loss: 0.5158, dir_class_loss: 1.0345, dir_res_loss: 0.7839, size_class_loss: 0.4384, size_res_loss: 0.3060, loss: 7.7490, grad_norm: 8.0202
2026-05-03 16:26:13,463 - mmdet - INFO - Epoch [10][1650/1652]	lr: 8.000e-03, eta: 2:52:28, time: 0.239, data_time: 0.016, memory: 8298, vote_loss: 3.8478, objectness_loss: 0.4014, semantic_loss: 0.4245, center_loss: 0.5390, dir_class_loss: 1.0294, dir_res_loss: 0.6536, size_class_loss: 0.4244, size_res_loss: 0.2845, loss: 7.6046, grad_norm: 7.8162
2026-05-03 16:26:13,996 - mmdet - INFO - Saving checkpoint at 10 epochs
2026-05-03 16:26:28,688 - mmdet - INFO - Epoch [11][50/1652]	lr: 8.000e-03, eta: 2:52:21, time: 0.293, data_time: 0.068, memory: 8298, vote_loss: 3.7866, objectness_loss: 0.3819, semantic_loss: 0.4910, center_loss: 0.4856, dir_class_loss: 1.0757, dir_res_loss: 0.8240, size_class_loss: 0.4910, size_res_loss: 0.2980, loss: 7.8336, grad_norm: 7.4822
2026-05-03 16:26:40,616 - mmdet - INFO - Epoch [11][100/1652]	lr: 8.000e-03, eta: 2:52:08, time: 0.239, data_time: 0.015, memory: 8298, vote_loss: 3.8934, objectness_loss: 0.4061, semantic_loss: 0.4401, center_loss: 0.5034, dir_class_loss: 0.9972, dir_res_loss: 0.7659, size_class_loss: 0.4401, size_res_loss: 0.3335, loss: 7.7797, grad_norm: 7.0183
2026-05-03 16:26:52,565 - mmdet - INFO - Epoch [11][150/1652]	lr: 8.000e-03, eta: 2:51:56, time: 0.239, data_time: 0.016, memory: 8298, vote_loss: 3.8542, objectness_loss: 0.4229, semantic_loss: 0.5240, center_loss: 0.5519, dir_class_loss: 1.0073, dir_res_loss: 0.7068, size_class_loss: 0.5241, size_res_loss: 0.3646, loss: 7.9557, grad_norm: 7.8860
2026-05-03 16:27:04,730 - mmdet - INFO - Epoch [11][200/1652]	lr: 8.000e-03, eta: 2:51:44, time: 0.243, data_time: 0.016, memory: 8298, vote_loss: 3.8098, objectness_loss: 0.3868, semantic_loss: 0.4572, center_loss: 0.4947, dir_class_loss: 1.0049, dir_res_loss: 0.6899, size_class_loss: 0.4572, size_res_loss: 0.3068, loss: 7.6074, grad_norm: 7.9175
2026-05-03 16:27:16,727 - mmdet - INFO - Epoch [11][250/1652]	lr: 8.000e-03, eta: 2:51:32, time: 0.240, data_time: 0.017, memory: 8298, vote_loss: 3.7779, objectness_loss: 0.3821, semantic_loss: 0.4344, center_loss: 0.5170, dir_class_loss: 0.9747, dir_res_loss: 0.7572, size_class_loss: 0.4344, size_res_loss: 0.3144, loss: 7.5921, grad_norm: 7.2460
2026-05-03 16:27:28,617 - mmdet - INFO - Epoch [11][300/1652]	lr: 8.000e-03, eta: 2:51:20, time: 0.238, data_time: 0.015, memory: 8298, vote_loss: 3.7623, objectness_loss: 0.4206, semantic_loss: 0.4918, center_loss: 0.5272, dir_class_loss: 1.0242, dir_res_loss: 0.8133, size_class_loss: 0.4918, size_res_loss: 0.3040, loss: 7.8351, grad_norm: 8.4448
2026-05-03 16:27:40,544 - mmdet - INFO - Epoch [11][350/1652]	lr: 8.000e-03, eta: 2:51:07, time: 0.239, data_time: 0.015, memory: 8298, vote_loss: 3.8183, objectness_loss: 0.3905, semantic_loss: 0.4056, center_loss: 0.5614, dir_class_loss: 0.9383, dir_res_loss: 0.7240, size_class_loss: 0.4056, size_res_loss: 0.2912, loss: 7.5350, grad_norm: 7.8699
2026-05-03 16:27:52,467 - mmdet - INFO - Epoch [11][400/1652]	lr: 8.000e-03, eta: 2:50:55, time: 0.238, data_time: 0.015, memory: 8298, vote_loss: 3.8553, objectness_loss: 0.3780, semantic_loss: 0.4905, center_loss: 0.5280, dir_class_loss: 1.0812, dir_res_loss: 0.7754, size_class_loss: 0.4905, size_res_loss: 0.3030, loss: 7.9020, grad_norm: 7.6857
2026-05-03 16:28:04,426 - mmdet - INFO - Epoch [11][450/1652]	lr: 8.000e-03, eta: 2:50:43, time: 0.239, data_time: 0.015, memory: 8298, vote_loss: 3.7050, objectness_loss: 0.3927, semantic_loss: 0.4309, center_loss: 0.5117, dir_class_loss: 1.0204, dir_res_loss: 0.7737, size_class_loss: 0.4309, size_res_loss: 0.3190, loss: 7.5843, grad_norm: 8.5854
2026-05-03 16:28:16,398 - mmdet - INFO - Epoch [11][500/1652]	lr: 8.000e-03, eta: 2:50:30, time: 0.239, data_time: 0.015, memory: 8298, vote_loss: 3.8184, objectness_loss: 0.3748, semantic_loss: 0.4434, center_loss: 0.4905, dir_class_loss: 1.0425, dir_res_loss: 0.7738, size_class_loss: 0.4434, size_res_loss: 0.2927, loss: 7.6795, grad_norm: 7.7845
2026-05-03 16:28:28,368 - mmdet - INFO - Epoch [11][550/1652]	lr: 8.000e-03, eta: 2:50:18, time: 0.239, data_time: 0.015, memory: 8298, vote_loss: 3.6123, objectness_loss: 0.4262, semantic_loss: 0.3890, center_loss: 0.5092, dir_class_loss: 0.9765, dir_res_loss: 0.7793, size_class_loss: 0.3890, size_res_loss: 0.3136, loss: 7.3950, grad_norm: 7.4466
2026-05-03 16:28:40,297 - mmdet - INFO - Epoch [11][600/1652]	lr: 8.000e-03, eta: 2:50:06, time: 0.239, data_time: 0.015, memory: 8298, vote_loss: 3.7140, objectness_loss: 0.4013, semantic_loss: 0.4431, center_loss: 0.5487, dir_class_loss: 1.0121, dir_res_loss: 0.7595, size_class_loss: 0.4431, size_res_loss: 0.3009, loss: 7.6228, grad_norm: 7.8021
2026-05-03 16:28:52,202 - mmdet - INFO - Epoch [11][650/1652]	lr: 8.000e-03, eta: 2:49:53, time: 0.238, data_time: 0.015, memory: 8298, vote_loss: 3.8109, objectness_loss: 0.4020, semantic_loss: 0.4556, center_loss: 0.5352, dir_class_loss: 0.9842, dir_res_loss: 0.8114, size_class_loss: 0.4556, size_res_loss: 0.2486, loss: 7.7033, grad_norm: 9.4389
2026-05-03 16:29:04,213 - mmdet - INFO - Epoch [11][700/1652]	lr: 8.000e-03, eta: 2:49:41, time: 0.240, data_time: 0.016, memory: 8298, vote_loss: 4.0340, objectness_loss: 0.3775, semantic_loss: 0.4300, center_loss: 0.4963, dir_class_loss: 1.0565, dir_res_loss: 0.7591, size_class_loss: 0.4300, size_res_loss: 0.3243, loss: 7.9075, grad_norm: 7.4472
2026-05-03 16:29:16,084 - mmdet - INFO - Epoch [11][750/1652]	lr: 8.000e-03, eta: 2:49:29, time: 0.237, data_time: 0.015, memory: 8298, vote_loss: 3.8848, objectness_loss: 0.3911, semantic_loss: 0.4316, center_loss: 0.5067, dir_class_loss: 1.1109, dir_res_loss: 0.7316, size_class_loss: 0.4316, size_res_loss: 0.3328, loss: 7.8211, grad_norm: 7.9893
2026-05-03 16:29:27,988 - mmdet - INFO - Epoch [11][800/1652]	lr: 8.000e-03, eta: 2:49:16, time: 0.238, data_time: 0.016, memory: 8298, vote_loss: 3.7639, objectness_loss: 0.3853, semantic_loss: 0.4385, center_loss: 0.5261, dir_class_loss: 0.9059, dir_res_loss: 0.7716, size_class_loss: 0.4385, size_res_loss: 0.2996, loss: 7.5295, grad_norm: 8.2922
2026-05-03 16:29:39,867 - mmdet - INFO - Epoch [11][850/1652]	lr: 8.000e-03, eta: 2:49:04, time: 0.238, data_time: 0.015, memory: 8298, vote_loss: 3.8409, objectness_loss: 0.3773, semantic_loss: 0.4547, center_loss: 0.5498, dir_class_loss: 0.9802, dir_res_loss: 0.7295, size_class_loss: 0.4546, size_res_loss: 0.2607, loss: 7.6477, grad_norm: 8.9460
2026-05-03 16:29:51,821 - mmdet - INFO - Epoch [11][900/1652]	lr: 8.000e-03, eta: 2:48:52, time: 0.239, data_time: 0.015, memory: 8298, vote_loss: 3.7736, objectness_loss: 0.3748, semantic_loss: 0.4829, center_loss: 0.5264, dir_class_loss: 0.9714, dir_res_loss: 0.7648, size_class_loss: 0.4830, size_res_loss: 0.3220, loss: 7.6988, grad_norm: 8.2130
2026-05-03 16:30:03,640 - mmdet - INFO - Epoch [11][950/1652]	lr: 8.000e-03, eta: 2:48:39, time: 0.236, data_time: 0.015, memory: 8298, vote_loss: 3.8339, objectness_loss: 0.3864, semantic_loss: 0.5303, center_loss: 0.5056, dir_class_loss: 1.0462, dir_res_loss: 0.7357, size_class_loss: 0.5303, size_res_loss: 0.3360, loss: 7.9043, grad_norm: 8.1689
2026-05-03 16:30:15,581 - mmdet - INFO - Epoch [11][1000/1652]	lr: 8.000e-03, eta: 2:48:27, time: 0.239, data_time: 0.016, memory: 8298, vote_loss: 3.7313, objectness_loss: 0.4059, semantic_loss: 0.4417, center_loss: 0.5957, dir_class_loss: 1.1107, dir_res_loss: 0.8412, size_class_loss: 0.4417, size_res_loss: 0.2951, loss: 7.8632, grad_norm: 8.0908
2026-05-03 16:30:27,558 - mmdet - INFO - Epoch [11][1050/1652]	lr: 8.000e-03, eta: 2:48:15, time: 0.240, data_time: 0.016, memory: 8298, vote_loss: 3.8824, objectness_loss: 0.3904, semantic_loss: 0.4660, center_loss: 0.5705, dir_class_loss: 0.9735, dir_res_loss: 0.8168, size_class_loss: 0.4659, size_res_loss: 0.3160, loss: 7.8816, grad_norm: 8.8229
2026-05-03 16:30:39,474 - mmdet - INFO - Epoch [11][1100/1652]	lr: 8.000e-03, eta: 2:48:02, time: 0.238, data_time: 0.016, memory: 8298, vote_loss: 3.7610, objectness_loss: 0.3959, semantic_loss: 0.4462, center_loss: 0.5010, dir_class_loss: 1.0605, dir_res_loss: 0.8291, size_class_loss: 0.4462, size_res_loss: 0.2911, loss: 7.7311, grad_norm: 7.8418
2026-05-03 16:30:51,402 - mmdet - INFO - Epoch [11][1150/1652]	lr: 8.000e-03, eta: 2:47:50, time: 0.239, data_time: 0.015, memory: 8298, vote_loss: 3.9410, objectness_loss: 0.3701, semantic_loss: 0.4109, center_loss: 0.5287, dir_class_loss: 1.0166, dir_res_loss: 0.8536, size_class_loss: 0.4109, size_res_loss: 0.3100, loss: 7.8418, grad_norm: 8.0444
2026-05-03 16:31:03,352 - mmdet - INFO - Epoch [11][1200/1652]	lr: 8.000e-03, eta: 2:47:38, time: 0.239, data_time: 0.016, memory: 8298, vote_loss: 3.8572, objectness_loss: 0.3922, semantic_loss: 0.4631, center_loss: 0.5173, dir_class_loss: 0.9927, dir_res_loss: 0.7774, size_class_loss: 0.4631, size_res_loss: 0.3010, loss: 7.7640, grad_norm: 7.7477
2026-05-03 16:31:15,314 - mmdet - INFO - Epoch [11][1250/1652]	lr: 8.000e-03, eta: 2:47:25, time: 0.239, data_time: 0.016, memory: 8298, vote_loss: 3.8153, objectness_loss: 0.3820, semantic_loss: 0.4658, center_loss: 0.5594, dir_class_loss: 1.0878, dir_res_loss: 0.7802, size_class_loss: 0.4658, size_res_loss: 0.2760, loss: 7.8323, grad_norm: 7.6370
2026-05-03 16:31:27,403 - mmdet - INFO - Epoch [11][1300/1652]	lr: 8.000e-03, eta: 2:47:13, time: 0.242, data_time: 0.017, memory: 8298, vote_loss: 3.8556, objectness_loss: 0.3886, semantic_loss: 0.4798, center_loss: 0.5009, dir_class_loss: 0.9997, dir_res_loss: 0.7197, size_class_loss: 0.4798, size_res_loss: 0.3111, loss: 7.7353, grad_norm: 7.3644
2026-05-03 16:31:39,382 - mmdet - INFO - Epoch [11][1350/1652]	lr: 8.000e-03, eta: 2:47:01, time: 0.240, data_time: 0.016, memory: 8298, vote_loss: 3.7611, objectness_loss: 0.4225, semantic_loss: 0.4479, center_loss: 0.5415, dir_class_loss: 0.9855, dir_res_loss: 0.7838, size_class_loss: 0.4479, size_res_loss: 0.2888, loss: 7.6789, grad_norm: 8.2313
2026-05-03 16:31:51,392 - mmdet - INFO - Epoch [11][1400/1652]	lr: 8.000e-03, eta: 2:46:49, time: 0.240, data_time: 0.016, memory: 8298, vote_loss: 3.6989, objectness_loss: 0.4180, semantic_loss: 0.4207, center_loss: 0.5020, dir_class_loss: 1.0235, dir_res_loss: 0.8804, size_class_loss: 0.4208, size_res_loss: 0.2947, loss: 7.6589, grad_norm: 8.2032
2026-05-03 16:32:03,395 - mmdet - INFO - Epoch [11][1450/1652]	lr: 8.000e-03, eta: 2:46:37, time: 0.240, data_time: 0.016, memory: 8298, vote_loss: 3.6516, objectness_loss: 0.3927, semantic_loss: 0.4250, center_loss: 0.4951, dir_class_loss: 1.0633, dir_res_loss: 0.7920, size_class_loss: 0.4250, size_res_loss: 0.2945, loss: 7.5392, grad_norm: 7.8829
2026-05-03 16:32:15,378 - mmdet - INFO - Epoch [11][1500/1652]	lr: 8.000e-03, eta: 2:46:25, time: 0.240, data_time: 0.016, memory: 8298, vote_loss: 3.8387, objectness_loss: 0.4002, semantic_loss: 0.4353, center_loss: 0.5213, dir_class_loss: 1.1185, dir_res_loss: 0.7303, size_class_loss: 0.4352, size_res_loss: 0.3039, loss: 7.7833, grad_norm: 7.7329
2026-05-03 16:32:27,390 - mmdet - INFO - Epoch [11][1550/1652]	lr: 8.000e-03, eta: 2:46:13, time: 0.240, data_time: 0.016, memory: 8298, vote_loss: 3.7609, objectness_loss: 0.4148, semantic_loss: 0.4707, center_loss: 0.4860, dir_class_loss: 1.0554, dir_res_loss: 0.7934, size_class_loss: 0.4707, size_res_loss: 0.2947, loss: 7.7466, grad_norm: 7.6256
2026-05-03 16:32:39,260 - mmdet - INFO - Epoch [11][1600/1652]	lr: 8.000e-03, eta: 2:46:00, time: 0.237, data_time: 0.016, memory: 8298, vote_loss: 3.8821, objectness_loss: 0.3932, semantic_loss: 0.5073, center_loss: 0.5908, dir_class_loss: 1.0567, dir_res_loss: 0.7214, size_class_loss: 0.5073, size_res_loss: 0.3390, loss: 7.9979, grad_norm: 7.6891
2026-05-03 16:32:51,215 - mmdet - INFO - Epoch [11][1650/1652]	lr: 8.000e-03, eta: 2:45:48, time: 0.239, data_time: 0.016, memory: 8298, vote_loss: 3.7896, objectness_loss: 0.3954, semantic_loss: 0.3961, center_loss: 0.4858, dir_class_loss: 1.0494, dir_res_loss: 0.7550, size_class_loss: 0.3961, size_res_loss: 0.2840, loss: 7.5514, grad_norm: 7.0742
2026-05-03 16:32:51,728 - mmdet - INFO - Saving checkpoint at 11 epochs
2026-05-03 16:33:06,506 - mmdet - INFO - Epoch [12][50/1652]	lr: 8.000e-03, eta: 2:45:40, time: 0.295, data_time: 0.069, memory: 8298, vote_loss: 3.7226, objectness_loss: 0.3814, semantic_loss: 0.3871, center_loss: 0.5087, dir_class_loss: 1.0026, dir_res_loss: 0.8160, size_class_loss: 0.3871, size_res_loss: 0.3060, loss: 7.5114, grad_norm: 8.6196
2026-05-03 16:33:18,647 - mmdet - INFO - Epoch [12][100/1652]	lr: 8.000e-03, eta: 2:45:29, time: 0.243, data_time: 0.016, memory: 8298, vote_loss: 3.8616, objectness_loss: 0.3694, semantic_loss: 0.3889, center_loss: 0.5562, dir_class_loss: 1.0438, dir_res_loss: 0.7613, size_class_loss: 0.3889, size_res_loss: 0.2961, loss: 7.6660, grad_norm: 8.0251
2026-05-03 16:33:30,646 - mmdet - INFO - Epoch [12][150/1652]	lr: 8.000e-03, eta: 2:45:16, time: 0.240, data_time: 0.016, memory: 8298, vote_loss: 3.7889, objectness_loss: 0.3725, semantic_loss: 0.4325, center_loss: 0.5305, dir_class_loss: 1.0538, dir_res_loss: 0.6706, size_class_loss: 0.4326, size_res_loss: 0.3083, loss: 7.5896, grad_norm: 7.8218
2026-05-03 16:33:42,543 - mmdet - INFO - Epoch [12][200/1652]	lr: 8.000e-03, eta: 2:45:04, time: 0.238, data_time: 0.016, memory: 8298, vote_loss: 3.7923, objectness_loss: 0.3798, semantic_loss: 0.4658, center_loss: 0.5280, dir_class_loss: 1.0182, dir_res_loss: 0.7551, size_class_loss: 0.4658, size_res_loss: 0.3182, loss: 7.7231, grad_norm: 7.9976
2026-05-03 16:33:54,423 - mmdet - INFO - Epoch [12][250/1652]	lr: 8.000e-03, eta: 2:44:52, time: 0.238, data_time: 0.016, memory: 8298, vote_loss: 3.6608, objectness_loss: 0.3947, semantic_loss: 0.4587, center_loss: 0.5040, dir_class_loss: 0.9764, dir_res_loss: 0.7221, size_class_loss: 0.4587, size_res_loss: 0.2747, loss: 7.4500, grad_norm: 8.0025
2026-05-03 16:34:06,331 - mmdet - INFO - Epoch [12][300/1652]	lr: 8.000e-03, eta: 2:44:39, time: 0.238, data_time: 0.016, memory: 8298, vote_loss: 3.6819, objectness_loss: 0.3954, semantic_loss: 0.4415, center_loss: 0.4950, dir_class_loss: 0.9803, dir_res_loss: 0.8176, size_class_loss: 0.4415, size_res_loss: 0.3053, loss: 7.5584, grad_norm: 8.3129
2026-05-03 16:34:18,344 - mmdet - INFO - Epoch [12][350/1652]	lr: 8.000e-03, eta: 2:44:27, time: 0.240, data_time: 0.016, memory: 8298, vote_loss: 3.5596, objectness_loss: 0.3874, semantic_loss: 0.4208, center_loss: 0.4529, dir_class_loss: 1.0026, dir_res_loss: 0.7076, size_class_loss: 0.4208, size_res_loss: 0.2869, loss: 7.2387, grad_norm: 7.4720
2026-05-03 16:34:30,367 - mmdet - INFO - Epoch [12][400/1652]	lr: 8.000e-03, eta: 2:44:15, time: 0.240, data_time: 0.016, memory: 8298, vote_loss: 3.8234, objectness_loss: 0.3957, semantic_loss: 0.4313, center_loss: 0.5073, dir_class_loss: 1.0365, dir_res_loss: 0.8651, size_class_loss: 0.4313, size_res_loss: 0.2791, loss: 7.7697, grad_norm: 7.6547
2026-05-03 16:34:42,234 - mmdet - INFO - Epoch [12][450/1652]	lr: 8.000e-03, eta: 2:44:03, time: 0.237, data_time: 0.016, memory: 8298, vote_loss: 3.7476, objectness_loss: 0.3884, semantic_loss: 0.4473, center_loss: 0.5228, dir_class_loss: 0.9188, dir_res_loss: 0.7369, size_class_loss: 0.4473, size_res_loss: 0.3015, loss: 7.5108, grad_norm: 8.1044
2026-05-03 16:34:54,129 - mmdet - INFO - Epoch [12][500/1652]	lr: 8.000e-03, eta: 2:43:50, time: 0.238, data_time: 0.016, memory: 8298, vote_loss: 3.8340, objectness_loss: 0.3899, semantic_loss: 0.4567, center_loss: 0.5378, dir_class_loss: 1.0435, dir_res_loss: 0.6777, size_class_loss: 0.4567, size_res_loss: 0.3096, loss: 7.7060, grad_norm: 8.0802
2026-05-03 16:35:06,311 - mmdet - INFO - Epoch [12][550/1652]	lr: 8.000e-03, eta: 2:43:38, time: 0.244, data_time: 0.016, memory: 8298, vote_loss: 3.6604, objectness_loss: 0.4049, semantic_loss: 0.4322, center_loss: 0.5011, dir_class_loss: 0.9809, dir_res_loss: 0.7696, size_class_loss: 0.4322, size_res_loss: 0.3486, loss: 7.5300, grad_norm: 7.7178
2026-05-03 16:35:18,214 - mmdet - INFO - Epoch [12][600/1652]	lr: 8.000e-03, eta: 2:43:26, time: 0.238, data_time: 0.014, memory: 8298, vote_loss: 3.7410, objectness_loss: 0.3923, semantic_loss: 0.4448, center_loss: 0.5028, dir_class_loss: 1.0799, dir_res_loss: 0.7785, size_class_loss: 0.4448, size_res_loss: 0.3193, loss: 7.7035, grad_norm: 7.4215
2026-05-03 16:35:30,071 - mmdet - INFO - Epoch [12][650/1652]	lr: 8.000e-03, eta: 2:43:14, time: 0.237, data_time: 0.015, memory: 8298, vote_loss: 3.6775, objectness_loss: 0.3748, semantic_loss: 0.3848, center_loss: 0.5146, dir_class_loss: 0.9669, dir_res_loss: 0.7430, size_class_loss: 0.3848, size_res_loss: 0.2857, loss: 7.3322, grad_norm: 7.9096
2026-05-03 16:35:41,876 - mmdet - INFO - Epoch [12][700/1652]	lr: 8.000e-03, eta: 2:43:01, time: 0.236, data_time: 0.015, memory: 8298, vote_loss: 3.7044, objectness_loss: 0.3737, semantic_loss: 0.3863, center_loss: 0.6019, dir_class_loss: 0.9576, dir_res_loss: 0.7593, size_class_loss: 0.3863, size_res_loss: 0.3018, loss: 7.4713, grad_norm: 9.0205
2026-05-03 16:35:53,977 - mmdet - INFO - Epoch [12][750/1652]	lr: 8.000e-03, eta: 2:42:49, time: 0.242, data_time: 0.016, memory: 8298, vote_loss: 3.7803, objectness_loss: 0.3810, semantic_loss: 0.4471, center_loss: 0.5521, dir_class_loss: 1.0000, dir_res_loss: 0.7364, size_class_loss: 0.4471, size_res_loss: 0.3041, loss: 7.6481, grad_norm: 8.1379
2026-05-03 16:36:05,884 - mmdet - INFO - Epoch [12][800/1652]	lr: 8.000e-03, eta: 2:42:37, time: 0.238, data_time: 0.015, memory: 8298, vote_loss: 3.8161, objectness_loss: 0.4130, semantic_loss: 0.5156, center_loss: 0.5573, dir_class_loss: 1.0407, dir_res_loss: 0.7597, size_class_loss: 0.5156, size_res_loss: 0.3353, loss: 7.9532, grad_norm: 8.1757
2026-05-03 16:36:17,906 - mmdet - INFO - Epoch [12][850/1652]	lr: 8.000e-03, eta: 2:42:25, time: 0.240, data_time: 0.016, memory: 8298, vote_loss: 3.7741, objectness_loss: 0.4065, semantic_loss: 0.4707, center_loss: 0.5316, dir_class_loss: 1.0484, dir_res_loss: 0.8567, size_class_loss: 0.4707, size_res_loss: 0.3120, loss: 7.8709, grad_norm: 7.8954
2026-05-03 16:36:30,100 - mmdet - INFO - Epoch [12][900/1652]	lr: 8.000e-03, eta: 2:42:13, time: 0.244, data_time: 0.020, memory: 8298, vote_loss: 3.8633, objectness_loss: 0.3908, semantic_loss: 0.4198, center_loss: 0.5059, dir_class_loss: 1.0604, dir_res_loss: 0.8433, size_class_loss: 0.4198, size_res_loss: 0.2897, loss: 7.7931, grad_norm: 7.2982
2026-05-03 16:36:42,002 - mmdet - INFO - Epoch [12][950/1652]	lr: 8.000e-03, eta: 2:42:01, time: 0.238, data_time: 0.016, memory: 8298, vote_loss: 3.5881, objectness_loss: 0.3986, semantic_loss: 0.3839, center_loss: 0.5128, dir_class_loss: 0.9994, dir_res_loss: 0.7646, size_class_loss: 0.3839, size_res_loss: 0.2808, loss: 7.3121, grad_norm: 7.6161
2026-05-03 16:36:53,874 - mmdet - INFO - Epoch [12][1000/1652]	lr: 8.000e-03, eta: 2:41:48, time: 0.237, data_time: 0.015, memory: 8298, vote_loss: 3.8219, objectness_loss: 0.3703, semantic_loss: 0.4414, center_loss: 0.5039, dir_class_loss: 0.9389, dir_res_loss: 0.7344, size_class_loss: 0.4414, size_res_loss: 0.3172, loss: 7.5695, grad_norm: 8.4336
2026-05-03 16:37:06,096 - mmdet - INFO - Epoch [12][1050/1652]	lr: 8.000e-03, eta: 2:41:37, time: 0.244, data_time: 0.017, memory: 8298, vote_loss: 3.6772, objectness_loss: 0.4118, semantic_loss: 0.4094, center_loss: 0.5673, dir_class_loss: 1.0218, dir_res_loss: 0.7824, size_class_loss: 0.4094, size_res_loss: 0.2916, loss: 7.5707, grad_norm: 8.6700
2026-05-03 16:37:18,054 - mmdet - INFO - Epoch [12][1100/1652]	lr: 8.000e-03, eta: 2:41:24, time: 0.239, data_time: 0.016, memory: 8298, vote_loss: 3.8241, objectness_loss: 0.4166, semantic_loss: 0.5358, center_loss: 0.5567, dir_class_loss: 0.9738, dir_res_loss: 0.7320, size_class_loss: 0.5357, size_res_loss: 0.2916, loss: 7.8662, grad_norm: 7.8991
2026-05-03 16:37:29,997 - mmdet - INFO - Epoch [12][1150/1652]	lr: 8.000e-03, eta: 2:41:12, time: 0.239, data_time: 0.016, memory: 8298, vote_loss: 3.8316, objectness_loss: 0.3825, semantic_loss: 0.4125, center_loss: 0.5023, dir_class_loss: 1.0209, dir_res_loss: 0.7751, size_class_loss: 0.4124, size_res_loss: 0.2908, loss: 7.6282, grad_norm: 7.0104
2026-05-03 16:37:41,890 - mmdet - INFO - Epoch [12][1200/1652]	lr: 8.000e-03, eta: 2:41:00, time: 0.238, data_time: 0.016, memory: 8298, vote_loss: 3.7927, objectness_loss: 0.3720, semantic_loss: 0.4174, center_loss: 0.5597, dir_class_loss: 0.9606, dir_res_loss: 0.7845, size_class_loss: 0.4174, size_res_loss: 0.3052, loss: 7.6095, grad_norm: 7.7481
2026-05-03 16:37:53,822 - mmdet - INFO - Epoch [12][1250/1652]	lr: 8.000e-03, eta: 2:40:47, time: 0.239, data_time: 0.016, memory: 8298, vote_loss: 3.7807, objectness_loss: 0.3803, semantic_loss: 0.4114, center_loss: 0.4966, dir_class_loss: 1.0034, dir_res_loss: 0.7091, size_class_loss: 0.4114, size_res_loss: 0.2946, loss: 7.4875, grad_norm: 8.2902
2026-05-03 16:38:05,907 - mmdet - INFO - Epoch [12][1300/1652]	lr: 8.000e-03, eta: 2:40:35, time: 0.242, data_time: 0.017, memory: 8298, vote_loss: 3.8272, objectness_loss: 0.4002, semantic_loss: 0.4046, center_loss: 0.4742, dir_class_loss: 1.0609, dir_res_loss: 0.7915, size_class_loss: 0.4046, size_res_loss: 0.3170, loss: 7.6803, grad_norm: 7.4926
2026-05-03 16:38:17,900 - mmdet - INFO - Epoch [12][1350/1652]	lr: 8.000e-03, eta: 2:40:23, time: 0.240, data_time: 0.016, memory: 8298, vote_loss: 3.5870, objectness_loss: 0.3691, semantic_loss: 0.3525, center_loss: 0.5177, dir_class_loss: 1.0369, dir_res_loss: 0.7734, size_class_loss: 0.3525, size_res_loss: 0.2869, loss: 7.2761, grad_norm: 8.4788
2026-05-03 16:38:29,879 - mmdet - INFO - Epoch [12][1400/1652]	lr: 8.000e-03, eta: 2:40:11, time: 0.240, data_time: 0.016, memory: 8298, vote_loss: 3.5035, objectness_loss: 0.3794, semantic_loss: 0.4634, center_loss: 0.5208, dir_class_loss: 0.9974, dir_res_loss: 0.7338, size_class_loss: 0.4634, size_res_loss: 0.2905, loss: 7.3522, grad_norm: 8.4395
2026-05-03 16:38:41,852 - mmdet - INFO - Epoch [12][1450/1652]	lr: 8.000e-03, eta: 2:39:59, time: 0.239, data_time: 0.016, memory: 8298, vote_loss: 3.7857, objectness_loss: 0.3901, semantic_loss: 0.4523, center_loss: 0.4955, dir_class_loss: 0.9566, dir_res_loss: 0.6821, size_class_loss: 0.4523, size_res_loss: 0.2915, loss: 7.5060, grad_norm: 7.7838
2026-05-03 16:38:53,764 - mmdet - INFO - Epoch [12][1500/1652]	lr: 8.000e-03, eta: 2:39:47, time: 0.238, data_time: 0.016, memory: 8298, vote_loss: 3.6581, objectness_loss: 0.3981, semantic_loss: 0.4284, center_loss: 0.4835, dir_class_loss: 0.9959, dir_res_loss: 0.7757, size_class_loss: 0.4283, size_res_loss: 0.2602, loss: 7.4283, grad_norm: 8.5234
2026-05-03 16:39:05,763 - mmdet - INFO - Epoch [12][1550/1652]	lr: 8.000e-03, eta: 2:39:34, time: 0.240, data_time: 0.016, memory: 8298, vote_loss: 3.6969, objectness_loss: 0.3856, semantic_loss: 0.4226, center_loss: 0.4987, dir_class_loss: 0.9768, dir_res_loss: 0.7612, size_class_loss: 0.4226, size_res_loss: 0.3408, loss: 7.5052, grad_norm: 7.5031
2026-05-03 16:39:17,711 - mmdet - INFO - Epoch [12][1600/1652]	lr: 8.000e-03, eta: 2:39:22, time: 0.239, data_time: 0.016, memory: 8298, vote_loss: 3.6947, objectness_loss: 0.3972, semantic_loss: 0.4221, center_loss: 0.4878, dir_class_loss: 0.9987, dir_res_loss: 0.7317, size_class_loss: 0.4221, size_res_loss: 0.2997, loss: 7.4540, grad_norm: 7.5872
2026-05-03 16:39:29,680 - mmdet - INFO - Epoch [12][1650/1652]	lr: 8.000e-03, eta: 2:39:10, time: 0.239, data_time: 0.016, memory: 8298, vote_loss: 3.7310, objectness_loss: 0.3984, semantic_loss: 0.4581, center_loss: 0.5455, dir_class_loss: 0.9945, dir_res_loss: 0.7978, size_class_loss: 0.4581, size_res_loss: 0.2820, loss: 7.6654, grad_norm: 8.2493
2026-05-03 16:39:30,182 - mmdet - INFO - Saving checkpoint at 12 epochs
2026-05-03 16:39:45,063 - mmdet - INFO - Epoch [13][50/1652]	lr: 8.000e-03, eta: 2:39:02, time: 0.297, data_time: 0.073, memory: 8298, vote_loss: 3.6823, objectness_loss: 0.3802, semantic_loss: 0.4174, center_loss: 0.5203, dir_class_loss: 0.9922, dir_res_loss: 0.7822, size_class_loss: 0.4174, size_res_loss: 0.3059, loss: 7.4980, grad_norm: 7.8591
2026-05-03 16:39:57,041 - mmdet - INFO - Epoch [13][100/1652]	lr: 8.000e-03, eta: 2:38:50, time: 0.240, data_time: 0.016, memory: 8298, vote_loss: 3.8539, objectness_loss: 0.4059, semantic_loss: 0.4675, center_loss: 0.4900, dir_class_loss: 0.9787, dir_res_loss: 0.7333, size_class_loss: 0.4675, size_res_loss: 0.2885, loss: 7.6853, grad_norm: 8.0599
2026-05-03 16:40:09,032 - mmdet - INFO - Epoch [13][150/1652]	lr: 8.000e-03, eta: 2:38:38, time: 0.240, data_time: 0.016, memory: 8298, vote_loss: 3.7965, objectness_loss: 0.3716, semantic_loss: 0.4031, center_loss: 0.5071, dir_class_loss: 1.1277, dir_res_loss: 0.8903, size_class_loss: 0.4031, size_res_loss: 0.2911, loss: 7.7906, grad_norm: 8.1880
2026-05-03 16:40:21,138 - mmdet - INFO - Epoch [13][200/1652]	lr: 8.000e-03, eta: 2:38:26, time: 0.242, data_time: 0.017, memory: 8298, vote_loss: 3.6608, objectness_loss: 0.3592, semantic_loss: 0.4141, center_loss: 0.4876, dir_class_loss: 0.9650, dir_res_loss: 0.7440, size_class_loss: 0.4141, size_res_loss: 0.3121, loss: 7.3569, grad_norm: 8.3011
2026-05-03 16:40:33,125 - mmdet - INFO - Epoch [13][250/1652]	lr: 8.000e-03, eta: 2:38:14, time: 0.240, data_time: 0.016, memory: 8298, vote_loss: 3.7870, objectness_loss: 0.4074, semantic_loss: 0.3965, center_loss: 0.5461, dir_class_loss: 1.0042, dir_res_loss: 0.8014, size_class_loss: 0.3965, size_res_loss: 0.3287, loss: 7.6678, grad_norm: 8.2417
2026-05-03 16:40:45,049 - mmdet - INFO - Epoch [13][300/1652]	lr: 8.000e-03, eta: 2:38:01, time: 0.238, data_time: 0.015, memory: 8298, vote_loss: 3.6622, objectness_loss: 0.3771, semantic_loss: 0.4008, center_loss: 0.5353, dir_class_loss: 1.0479, dir_res_loss: 0.7758, size_class_loss: 0.4008, size_res_loss: 0.2975, loss: 7.4974, grad_norm: 8.8646
2026-05-03 16:40:56,978 - mmdet - INFO - Epoch [13][350/1652]	lr: 8.000e-03, eta: 2:37:49, time: 0.239, data_time: 0.015, memory: 8298, vote_loss: 3.5073, objectness_loss: 0.3751, semantic_loss: 0.3748, center_loss: 0.5002, dir_class_loss: 0.9564, dir_res_loss: 0.7939, size_class_loss: 0.3748, size_res_loss: 0.3105, loss: 7.1930, grad_norm: 7.5317
2026-05-03 16:41:08,953 - mmdet - INFO - Epoch [13][400/1652]	lr: 8.000e-03, eta: 2:37:37, time: 0.239, data_time: 0.015, memory: 8298, vote_loss: 3.8221, objectness_loss: 0.3948, semantic_loss: 0.4079, center_loss: 0.5544, dir_class_loss: 0.9673, dir_res_loss: 0.7078, size_class_loss: 0.4079, size_res_loss: 0.2923, loss: 7.5546, grad_norm: 7.6790
2026-05-03 16:41:20,916 - mmdet - INFO - Epoch [13][450/1652]	lr: 8.000e-03, eta: 2:37:25, time: 0.239, data_time: 0.016, memory: 8298, vote_loss: 3.6470, objectness_loss: 0.3875, semantic_loss: 0.4447, center_loss: 0.4896, dir_class_loss: 1.0491, dir_res_loss: 0.9421, size_class_loss: 0.4447, size_res_loss: 0.2991, loss: 7.7038, grad_norm: 7.5190
2026-05-03 16:41:32,917 - mmdet - INFO - Epoch [13][500/1652]	lr: 8.000e-03, eta: 2:37:13, time: 0.240, data_time: 0.016, memory: 8298, vote_loss: 3.9054, objectness_loss: 0.4058, semantic_loss: 0.4909, center_loss: 0.5856, dir_class_loss: 0.9315, dir_res_loss: 0.7449, size_class_loss: 0.4909, size_res_loss: 0.3129, loss: 7.8680, grad_norm: 7.8217
2026-05-03 16:41:44,839 - mmdet - INFO - Epoch [13][550/1652]	lr: 8.000e-03, eta: 2:37:00, time: 0.238, data_time: 0.015, memory: 8298, vote_loss: 3.7676, objectness_loss: 0.4209, semantic_loss: 0.4403, center_loss: 0.5289, dir_class_loss: 1.0041, dir_res_loss: 0.7285, size_class_loss: 0.4403, size_res_loss: 0.3065, loss: 7.6370, grad_norm: 7.7019
2026-05-03 16:41:56,821 - mmdet - INFO - Epoch [13][600/1652]	lr: 8.000e-03, eta: 2:36:48, time: 0.240, data_time: 0.016, memory: 8298, vote_loss: 3.6787, objectness_loss: 0.3993, semantic_loss: 0.4037, center_loss: 0.4620, dir_class_loss: 0.9913, dir_res_loss: 0.6951, size_class_loss: 0.4037, size_res_loss: 0.2852, loss: 7.3190, grad_norm: 7.6157
2026-05-03 16:42:08,814 - mmdet - INFO - Epoch [13][650/1652]	lr: 8.000e-03, eta: 2:36:36, time: 0.240, data_time: 0.016, memory: 8298, vote_loss: 3.6088, objectness_loss: 0.3937, semantic_loss: 0.3914, center_loss: 0.4920, dir_class_loss: 1.0671, dir_res_loss: 0.8158, size_class_loss: 0.3914, size_res_loss: 0.2925, loss: 7.4526, grad_norm: 7.6944
2026-05-03 16:42:20,850 - mmdet - INFO - Epoch [13][700/1652]	lr: 8.000e-03, eta: 2:36:24, time: 0.241, data_time: 0.016, memory: 8298, vote_loss: 3.6049, objectness_loss: 0.4049, semantic_loss: 0.4354, center_loss: 0.5618, dir_class_loss: 0.9663, dir_res_loss: 0.7726, size_class_loss: 0.4354, size_res_loss: 0.2998, loss: 7.4810, grad_norm: 7.9700
2026-05-03 16:42:32,798 - mmdet - INFO - Epoch [13][750/1652]	lr: 8.000e-03, eta: 2:36:12, time: 0.239, data_time: 0.016, memory: 8298, vote_loss: 3.4762, objectness_loss: 0.3881, semantic_loss: 0.4462, center_loss: 0.4660, dir_class_loss: 0.9685, dir_res_loss: 0.7210, size_class_loss: 0.4462, size_res_loss: 0.2693, loss: 7.1816, grad_norm: 8.3091
2026-05-03 16:42:44,756 - mmdet - INFO - Epoch [13][800/1652]	lr: 8.000e-03, eta: 2:35:59, time: 0.239, data_time: 0.016, memory: 8298, vote_loss: 3.5944, objectness_loss: 0.4118, semantic_loss: 0.4815, center_loss: 0.5087, dir_class_loss: 0.9948, dir_res_loss: 0.8331, size_class_loss: 0.4815, size_res_loss: 0.3019, loss: 7.6079, grad_norm: 8.4960
2026-05-03 16:42:56,694 - mmdet - INFO - Epoch [13][850/1652]	lr: 8.000e-03, eta: 2:35:47, time: 0.239, data_time: 0.016, memory: 8298, vote_loss: 3.6902, objectness_loss: 0.4072, semantic_loss: 0.5236, center_loss: 0.4916, dir_class_loss: 0.9913, dir_res_loss: 0.7629, size_class_loss: 0.5236, size_res_loss: 0.2987, loss: 7.6892, grad_norm: 7.9344
2026-05-03 16:43:08,709 - mmdet - INFO - Epoch [13][900/1652]	lr: 8.000e-03, eta: 2:35:35, time: 0.240, data_time: 0.017, memory: 8298, vote_loss: 3.7076, objectness_loss: 0.3845, semantic_loss: 0.4245, center_loss: 0.4947, dir_class_loss: 1.0386, dir_res_loss: 0.7451, size_class_loss: 0.4246, size_res_loss: 0.2878, loss: 7.5073, grad_norm: 8.1645
2026-05-03 16:43:20,652 - mmdet - INFO - Epoch [13][950/1652]	lr: 8.000e-03, eta: 2:35:23, time: 0.239, data_time: 0.016, memory: 8298, vote_loss: 3.7247, objectness_loss: 0.3912, semantic_loss: 0.4841, center_loss: 0.5367, dir_class_loss: 0.9379, dir_res_loss: 0.7754, size_class_loss: 0.4841, size_res_loss: 0.3001, loss: 7.6342, grad_norm: 8.5426
2026-05-03 16:43:32,672 - mmdet - INFO - Epoch [13][1000/1652]	lr: 8.000e-03, eta: 2:35:11, time: 0.240, data_time: 0.016, memory: 8298, vote_loss: 3.6900, objectness_loss: 0.3776, semantic_loss: 0.3931, center_loss: 0.4926, dir_class_loss: 1.0027, dir_res_loss: 0.8127, size_class_loss: 0.3931, size_res_loss: 0.2785, loss: 7.4405, grad_norm: 8.1846
2026-05-03 16:43:44,715 - mmdet - INFO - Epoch [13][1050/1652]	lr: 8.000e-03, eta: 2:34:59, time: 0.241, data_time: 0.017, memory: 8298, vote_loss: 3.6762, objectness_loss: 0.4138, semantic_loss: 0.3924, center_loss: 0.5045, dir_class_loss: 0.9570, dir_res_loss: 0.8033, size_class_loss: 0.3924, size_res_loss: 0.3055, loss: 7.4452, grad_norm: 7.8039
2026-05-03 16:43:56,699 - mmdet - INFO - Epoch [13][1100/1652]	lr: 8.000e-03, eta: 2:34:47, time: 0.240, data_time: 0.016, memory: 8298, vote_loss: 3.6908, objectness_loss: 0.3741, semantic_loss: 0.4053, center_loss: 0.4743, dir_class_loss: 1.0222, dir_res_loss: 0.7989, size_class_loss: 0.4053, size_res_loss: 0.2975, loss: 7.4685, grad_norm: 7.4836
2026-05-03 16:44:08,691 - mmdet - INFO - Epoch [13][1150/1652]	lr: 8.000e-03, eta: 2:34:34, time: 0.240, data_time: 0.016, memory: 8298, vote_loss: 3.7206, objectness_loss: 0.3878, semantic_loss: 0.4259, center_loss: 0.5055, dir_class_loss: 1.0001, dir_res_loss: 0.7906, size_class_loss: 0.4259, size_res_loss: 0.3097, loss: 7.5659, grad_norm: 7.7448
2026-05-03 16:44:20,649 - mmdet - INFO - Epoch [13][1200/1652]	lr: 8.000e-03, eta: 2:34:22, time: 0.239, data_time: 0.016, memory: 8298, vote_loss: 3.7671, objectness_loss: 0.4270, semantic_loss: 0.4213, center_loss: 0.5837, dir_class_loss: 0.9013, dir_res_loss: 0.6486, size_class_loss: 0.4213, size_res_loss: 0.2917, loss: 7.4620, grad_norm: 8.7078
2026-05-03 16:44:32,566 - mmdet - INFO - Epoch [13][1250/1652]	lr: 8.000e-03, eta: 2:34:10, time: 0.238, data_time: 0.016, memory: 8298, vote_loss: 3.6975, objectness_loss: 0.3946, semantic_loss: 0.4096, center_loss: 0.5639, dir_class_loss: 0.9751, dir_res_loss: 0.7104, size_class_loss: 0.4096, size_res_loss: 0.2966, loss: 7.4572, grad_norm: 8.3944
2026-05-03 16:44:44,558 - mmdet - INFO - Epoch [13][1300/1652]	lr: 8.000e-03, eta: 2:33:58, time: 0.240, data_time: 0.016, memory: 8298, vote_loss: 3.5966, objectness_loss: 0.3617, semantic_loss: 0.4123, center_loss: 0.4930, dir_class_loss: 0.9387, dir_res_loss: 0.7127, size_class_loss: 0.4123, size_res_loss: 0.2682, loss: 7.1956, grad_norm: 7.4553
2026-05-03 16:44:56,559 - mmdet - INFO - Epoch [13][1350/1652]	lr: 8.000e-03, eta: 2:33:46, time: 0.240, data_time: 0.016, memory: 8298, vote_loss: 3.6796, objectness_loss: 0.3967, semantic_loss: 0.4415, center_loss: 0.5106, dir_class_loss: 0.9718, dir_res_loss: 0.7788, size_class_loss: 0.4415, size_res_loss: 0.3135, loss: 7.5340, grad_norm: 7.4089
2026-05-03 16:45:08,551 - mmdet - INFO - Epoch [13][1400/1652]	lr: 8.000e-03, eta: 2:33:33, time: 0.240, data_time: 0.017, memory: 8298, vote_loss: 3.6543, objectness_loss: 0.4001, semantic_loss: 0.4025, center_loss: 0.5031, dir_class_loss: 0.9731, dir_res_loss: 0.7628, size_class_loss: 0.4025, size_res_loss: 0.2962, loss: 7.3946, grad_norm: 7.7894
2026-05-03 16:45:20,547 - mmdet - INFO - Epoch [13][1450/1652]	lr: 8.000e-03, eta: 2:33:21, time: 0.240, data_time: 0.016, memory: 8298, vote_loss: 3.6411, objectness_loss: 0.3553, semantic_loss: 0.4180, center_loss: 0.5309, dir_class_loss: 1.0723, dir_res_loss: 0.8322, size_class_loss: 0.4180, size_res_loss: 0.3381, loss: 7.6060, grad_norm: 8.4112
2026-05-03 16:45:32,529 - mmdet - INFO - Epoch [13][1500/1652]	lr: 8.000e-03, eta: 2:33:09, time: 0.240, data_time: 0.016, memory: 8298, vote_loss: 3.6685, objectness_loss: 0.3781, semantic_loss: 0.4537, center_loss: 0.5348, dir_class_loss: 0.9984, dir_res_loss: 0.6668, size_class_loss: 0.4537, size_res_loss: 0.2887, loss: 7.4428, grad_norm: 8.7472
2026-05-03 16:45:44,467 - mmdet - INFO - Epoch [13][1550/1652]	lr: 8.000e-03, eta: 2:32:57, time: 0.239, data_time: 0.016, memory: 8298, vote_loss: 3.5707, objectness_loss: 0.4031, semantic_loss: 0.4741, center_loss: 0.5132, dir_class_loss: 1.0061, dir_res_loss: 0.7515, size_class_loss: 0.4741, size_res_loss: 0.2634, loss: 7.4562, grad_norm: 8.3720
2026-05-03 16:45:56,461 - mmdet - INFO - Epoch [13][1600/1652]	lr: 8.000e-03, eta: 2:32:45, time: 0.240, data_time: 0.016, memory: 8298, vote_loss: 3.8648, objectness_loss: 0.3751, semantic_loss: 0.4640, center_loss: 0.5327, dir_class_loss: 0.9942, dir_res_loss: 0.7285, size_class_loss: 0.4639, size_res_loss: 0.3086, loss: 7.7318, grad_norm: 7.7437
2026-05-03 16:46:08,400 - mmdet - INFO - Epoch [13][1650/1652]	lr: 8.000e-03, eta: 2:32:33, time: 0.239, data_time: 0.016, memory: 8298, vote_loss: 3.4642, objectness_loss: 0.3911, semantic_loss: 0.4656, center_loss: 0.4925, dir_class_loss: 1.0205, dir_res_loss: 0.7778, size_class_loss: 0.4657, size_res_loss: 0.2676, loss: 7.3448, grad_norm: 7.8360
2026-05-03 16:46:08,934 - mmdet - INFO - Saving checkpoint at 13 epochs
2026-05-03 16:46:23,769 - mmdet - INFO - Epoch [14][50/1652]	lr: 8.000e-03, eta: 2:32:24, time: 0.296, data_time: 0.072, memory: 8298, vote_loss: 3.5645, objectness_loss: 0.3772, semantic_loss: 0.4251, center_loss: 0.5115, dir_class_loss: 0.9943, dir_res_loss: 0.7073, size_class_loss: 0.4251, size_res_loss: 0.2842, loss: 7.2891, grad_norm: 7.9151
2026-05-03 16:46:36,081 - mmdet - INFO - Epoch [14][100/1652]	lr: 8.000e-03, eta: 2:32:12, time: 0.246, data_time: 0.017, memory: 8298, vote_loss: 3.7245, objectness_loss: 0.3681, semantic_loss: 0.4374, center_loss: 0.5190, dir_class_loss: 0.9511, dir_res_loss: 0.6832, size_class_loss: 0.4374, size_res_loss: 0.3035, loss: 7.4243, grad_norm: 8.2098
2026-05-03 16:46:48,012 - mmdet - INFO - Epoch [14][150/1652]	lr: 8.000e-03, eta: 2:32:00, time: 0.239, data_time: 0.015, memory: 8298, vote_loss: 3.8414, objectness_loss: 0.3648, semantic_loss: 0.3978, center_loss: 0.4961, dir_class_loss: 0.9782, dir_res_loss: 0.7297, size_class_loss: 0.3978, size_res_loss: 0.2677, loss: 7.4736, grad_norm: 7.8258
2026-05-03 16:47:00,282 - mmdet - INFO - Epoch [14][200/1652]	lr: 8.000e-03, eta: 2:31:49, time: 0.245, data_time: 0.017, memory: 8298, vote_loss: 3.5788, objectness_loss: 0.3821, semantic_loss: 0.3936, center_loss: 0.5031, dir_class_loss: 0.9428, dir_res_loss: 0.6952, size_class_loss: 0.3936, size_res_loss: 0.3176, loss: 7.2068, grad_norm: 8.1042
2026-05-03 16:47:12,234 - mmdet - INFO - Epoch [14][250/1652]	lr: 8.000e-03, eta: 2:31:36, time: 0.239, data_time: 0.016, memory: 8298, vote_loss: 3.6696, objectness_loss: 0.3783, semantic_loss: 0.4079, center_loss: 0.5132, dir_class_loss: 1.0149, dir_res_loss: 0.8255, size_class_loss: 0.4079, size_res_loss: 0.2908, loss: 7.5081, grad_norm: 8.7321
2026-05-03 16:47:24,324 - mmdet - INFO - Epoch [14][300/1652]	lr: 8.000e-03, eta: 2:31:24, time: 0.242, data_time: 0.016, memory: 8298, vote_loss: 3.7151, objectness_loss: 0.3462, semantic_loss: 0.4243, center_loss: 0.6092, dir_class_loss: 1.0225, dir_res_loss: 0.6975, size_class_loss: 0.4243, size_res_loss: 0.3000, loss: 7.5392, grad_norm: 8.3496
2026-05-03 16:47:36,542 - mmdet - INFO - Epoch [14][350/1652]	lr: 8.000e-03, eta: 2:31:13, time: 0.244, data_time: 0.020, memory: 8298, vote_loss: 3.5545, objectness_loss: 0.3917, semantic_loss: 0.4335, center_loss: 0.4815, dir_class_loss: 0.9451, dir_res_loss: 0.7068, size_class_loss: 0.4335, size_res_loss: 0.2838, loss: 7.2303, grad_norm: 7.9977
2026-05-03 16:47:48,560 - mmdet - INFO - Epoch [14][400/1652]	lr: 8.000e-03, eta: 2:31:00, time: 0.240, data_time: 0.016, memory: 8298, vote_loss: 3.5971, objectness_loss: 0.3629, semantic_loss: 0.4661, center_loss: 0.5043, dir_class_loss: 0.9706, dir_res_loss: 0.7355, size_class_loss: 0.4661, size_res_loss: 0.2953, loss: 7.3979, grad_norm: 8.1178
2026-05-03 16:48:00,524 - mmdet - INFO - Epoch [14][450/1652]	lr: 8.000e-03, eta: 2:30:48, time: 0.239, data_time: 0.016, memory: 8298, vote_loss: 3.7419, objectness_loss: 0.3934, semantic_loss: 0.4372, center_loss: 0.5212, dir_class_loss: 1.0163, dir_res_loss: 0.8619, size_class_loss: 0.4372, size_res_loss: 0.2774, loss: 7.6865, grad_norm: 8.3787
2026-05-03 16:48:12,614 - mmdet - INFO - Epoch [14][500/1652]	lr: 8.000e-03, eta: 2:30:36, time: 0.242, data_time: 0.016, memory: 8298, vote_loss: 3.6222, objectness_loss: 0.3957, semantic_loss: 0.3974, center_loss: 0.5889, dir_class_loss: 0.9774, dir_res_loss: 0.7167, size_class_loss: 0.3974, size_res_loss: 0.2832, loss: 7.3788, grad_norm: 7.4679
2026-05-03 16:48:24,715 - mmdet - INFO - Epoch [14][550/1652]	lr: 8.000e-03, eta: 2:30:24, time: 0.242, data_time: 0.017, memory: 8298, vote_loss: 3.6093, objectness_loss: 0.4275, semantic_loss: 0.3855, center_loss: 0.4773, dir_class_loss: 0.9176, dir_res_loss: 0.7240, size_class_loss: 0.3855, size_res_loss: 0.2842, loss: 7.2110, grad_norm: 8.3169
2026-05-03 16:48:36,690 - mmdet - INFO - Epoch [14][600/1652]	lr: 8.000e-03, eta: 2:30:12, time: 0.239, data_time: 0.016, memory: 8298, vote_loss: 3.4552, objectness_loss: 0.3994, semantic_loss: 0.4285, center_loss: 0.4785, dir_class_loss: 0.9447, dir_res_loss: 0.6826, size_class_loss: 0.4285, size_res_loss: 0.2627, loss: 7.0801, grad_norm: 8.2150
2026-05-03 16:48:48,662 - mmdet - INFO - Epoch [14][650/1652]	lr: 8.000e-03, eta: 2:30:00, time: 0.239, data_time: 0.016, memory: 8298, vote_loss: 3.7089, objectness_loss: 0.3805, semantic_loss: 0.5117, center_loss: 0.4918, dir_class_loss: 0.9896, dir_res_loss: 0.7354, size_class_loss: 0.5117, size_res_loss: 0.2933, loss: 7.6230, grad_norm: 7.4600
2026-05-03 16:49:00,668 - mmdet - INFO - Epoch [14][700/1652]	lr: 8.000e-03, eta: 2:29:48, time: 0.240, data_time: 0.016, memory: 8298, vote_loss: 3.5563, objectness_loss: 0.3633, semantic_loss: 0.3846, center_loss: 0.5244, dir_class_loss: 0.9314, dir_res_loss: 0.6957, size_class_loss: 0.3846, size_res_loss: 0.2846, loss: 7.1249, grad_norm: 7.4992
2026-05-03 16:49:12,635 - mmdet - INFO - Epoch [14][750/1652]	lr: 8.000e-03, eta: 2:29:36, time: 0.239, data_time: 0.016, memory: 8298, vote_loss: 3.7196, objectness_loss: 0.3648, semantic_loss: 0.4579, center_loss: 0.5006, dir_class_loss: 0.9746, dir_res_loss: 0.7016, size_class_loss: 0.4579, size_res_loss: 0.2780, loss: 7.4551, grad_norm: 8.3408
2026-05-03 16:49:24,682 - mmdet - INFO - Epoch [14][800/1652]	lr: 8.000e-03, eta: 2:29:24, time: 0.241, data_time: 0.016, memory: 8298, vote_loss: 3.7765, objectness_loss: 0.3925, semantic_loss: 0.4516, center_loss: 0.5362, dir_class_loss: 1.0245, dir_res_loss: 0.6992, size_class_loss: 0.4516, size_res_loss: 0.3033, loss: 7.6353, grad_norm: 7.7994
2026-05-03 16:49:36,774 - mmdet - INFO - Epoch [14][850/1652]	lr: 8.000e-03, eta: 2:29:12, time: 0.242, data_time: 0.017, memory: 8298, vote_loss: 3.6790, objectness_loss: 0.3956, semantic_loss: 0.4504, center_loss: 0.5281, dir_class_loss: 0.9020, dir_res_loss: 0.6702, size_class_loss: 0.4504, size_res_loss: 0.3033, loss: 7.3789, grad_norm: 7.8848
2026-05-03 16:49:48,738 - mmdet - INFO - Epoch [14][900/1652]	lr: 8.000e-03, eta: 2:28:59, time: 0.239, data_time: 0.016, memory: 8298, vote_loss: 3.6928, objectness_loss: 0.3757, semantic_loss: 0.4129, center_loss: 0.5453, dir_class_loss: 0.9386, dir_res_loss: 0.7405, size_class_loss: 0.4129, size_res_loss: 0.3047, loss: 7.4234, grad_norm: 8.2531
2026-05-03 16:50:00,726 - mmdet - INFO - Epoch [14][950/1652]	lr: 8.000e-03, eta: 2:28:47, time: 0.240, data_time: 0.016, memory: 8298, vote_loss: 3.6010, objectness_loss: 0.3885, semantic_loss: 0.3693, center_loss: 0.4580, dir_class_loss: 0.9719, dir_res_loss: 0.7515, size_class_loss: 0.3693, size_res_loss: 0.2671, loss: 7.1768, grad_norm: 7.8956
2026-05-03 16:50:12,732 - mmdet - INFO - Epoch [14][1000/1652]	lr: 8.000e-03, eta: 2:28:35, time: 0.240, data_time: 0.016, memory: 8298, vote_loss: 3.5762, objectness_loss: 0.3714, semantic_loss: 0.4286, center_loss: 0.5493, dir_class_loss: 1.0394, dir_res_loss: 0.7871, size_class_loss: 0.4286, size_res_loss: 0.2837, loss: 7.4644, grad_norm: 9.1055
2026-05-03 16:50:24,632 - mmdet - INFO - Epoch [14][1050/1652]	lr: 8.000e-03, eta: 2:28:23, time: 0.238, data_time: 0.016, memory: 8298, vote_loss: 3.8061, objectness_loss: 0.3845, semantic_loss: 0.4361, center_loss: 0.5430, dir_class_loss: 0.9744, dir_res_loss: 0.6797, size_class_loss: 0.4361, size_res_loss: 0.3166, loss: 7.5765, grad_norm: 8.1372
2026-05-03 16:50:36,673 - mmdet - INFO - Epoch [14][1100/1652]	lr: 8.000e-03, eta: 2:28:11, time: 0.241, data_time: 0.016, memory: 8298, vote_loss: 3.7745, objectness_loss: 0.4045, semantic_loss: 0.4105, center_loss: 0.5311, dir_class_loss: 0.9849, dir_res_loss: 0.7295, size_class_loss: 0.4105, size_res_loss: 0.3015, loss: 7.5471, grad_norm: 7.9315
2026-05-03 16:50:48,934 - mmdet - INFO - Epoch [14][1150/1652]	lr: 8.000e-03, eta: 2:27:59, time: 0.245, data_time: 0.017, memory: 8298, vote_loss: 3.6867, objectness_loss: 0.3757, semantic_loss: 0.4581, center_loss: 0.5256, dir_class_loss: 1.0134, dir_res_loss: 0.7402, size_class_loss: 0.4581, size_res_loss: 0.3173, loss: 7.5751, grad_norm: 7.8432
2026-05-03 16:51:00,961 - mmdet - INFO - Epoch [14][1200/1652]	lr: 8.000e-03, eta: 2:27:47, time: 0.241, data_time: 0.016, memory: 8298, vote_loss: 3.6859, objectness_loss: 0.3980, semantic_loss: 0.4081, center_loss: 0.4642, dir_class_loss: 0.9824, dir_res_loss: 0.7290, size_class_loss: 0.4081, size_res_loss: 0.2766, loss: 7.3523, grad_norm: 7.6021
2026-05-03 16:51:13,029 - mmdet - INFO - Epoch [14][1250/1652]	lr: 8.000e-03, eta: 2:27:35, time: 0.241, data_time: 0.016, memory: 8298, vote_loss: 3.5735, objectness_loss: 0.4067, semantic_loss: 0.4988, center_loss: 0.4919, dir_class_loss: 0.9913, dir_res_loss: 0.8300, size_class_loss: 0.4988, size_res_loss: 0.2895, loss: 7.5804, grad_norm: 7.9900
2026-05-03 16:51:24,973 - mmdet - INFO - Epoch [14][1300/1652]	lr: 8.000e-03, eta: 2:27:23, time: 0.239, data_time: 0.016, memory: 8298, vote_loss: 3.6709, objectness_loss: 0.3782, semantic_loss: 0.4901, center_loss: 0.5006, dir_class_loss: 0.9875, dir_res_loss: 0.7453, size_class_loss: 0.4901, size_res_loss: 0.3031, loss: 7.5658, grad_norm: 8.0727
2026-05-03 16:51:37,039 - mmdet - INFO - Epoch [14][1350/1652]	lr: 8.000e-03, eta: 2:27:11, time: 0.241, data_time: 0.016, memory: 8298, vote_loss: 3.9340, objectness_loss: 0.4258, semantic_loss: 0.4231, center_loss: 0.5496, dir_class_loss: 0.9728, dir_res_loss: 0.7894, size_class_loss: 0.4231, size_res_loss: 0.3609, loss: 7.8786, grad_norm: 8.4263
2026-05-03 16:51:48,980 - mmdet - INFO - Epoch [14][1400/1652]	lr: 8.000e-03, eta: 2:26:59, time: 0.239, data_time: 0.016, memory: 8298, vote_loss: 3.5098, objectness_loss: 0.3737, semantic_loss: 0.4120, center_loss: 0.4789, dir_class_loss: 1.0784, dir_res_loss: 0.7520, size_class_loss: 0.4120, size_res_loss: 0.2661, loss: 7.2828, grad_norm: 8.3109
2026-05-03 16:52:00,984 - mmdet - INFO - Epoch [14][1450/1652]	lr: 8.000e-03, eta: 2:26:46, time: 0.240, data_time: 0.016, memory: 8298, vote_loss: 3.6674, objectness_loss: 0.3742, semantic_loss: 0.4361, center_loss: 0.4800, dir_class_loss: 1.0288, dir_res_loss: 0.7154, size_class_loss: 0.4361, size_res_loss: 0.3203, loss: 7.4584, grad_norm: 7.8957
2026-05-03 16:52:12,978 - mmdet - INFO - Epoch [14][1500/1652]	lr: 8.000e-03, eta: 2:26:34, time: 0.240, data_time: 0.016, memory: 8298, vote_loss: 3.4993, objectness_loss: 0.3862, semantic_loss: 0.4067, center_loss: 0.4976, dir_class_loss: 0.9362, dir_res_loss: 0.6747, size_class_loss: 0.4067, size_res_loss: 0.2632, loss: 7.0706, grad_norm: 7.9905
2026-05-03 16:52:24,978 - mmdet - INFO - Epoch [14][1550/1652]	lr: 8.000e-03, eta: 2:26:22, time: 0.240, data_time: 0.016, memory: 8298, vote_loss: 3.8417, objectness_loss: 0.4017, semantic_loss: 0.3890, center_loss: 0.5104, dir_class_loss: 1.0825, dir_res_loss: 0.7725, size_class_loss: 0.3890, size_res_loss: 0.3164, loss: 7.7032, grad_norm: 8.8286
2026-05-03 16:52:36,981 - mmdet - INFO - Epoch [14][1600/1652]	lr: 8.000e-03, eta: 2:26:10, time: 0.240, data_time: 0.016, memory: 8298, vote_loss: 3.5774, objectness_loss: 0.4146, semantic_loss: 0.5191, center_loss: 0.5223, dir_class_loss: 1.0644, dir_res_loss: 0.7676, size_class_loss: 0.5191, size_res_loss: 0.2962, loss: 7.6808, grad_norm: 7.7461
2026-05-03 16:52:49,033 - mmdet - INFO - Epoch [14][1650/1652]	lr: 8.000e-03, eta: 2:25:58, time: 0.241, data_time: 0.016, memory: 8298, vote_loss: 3.6758, objectness_loss: 0.3970, semantic_loss: 0.4312, center_loss: 0.4877, dir_class_loss: 0.9590, dir_res_loss: 0.6374, size_class_loss: 0.4312, size_res_loss: 0.3393, loss: 7.3587, grad_norm: 7.3087
2026-05-03 16:52:49,571 - mmdet - INFO - Saving checkpoint at 14 epochs
2026-05-03 16:53:04,537 - mmdet - INFO - Epoch [15][50/1652]	lr: 8.000e-03, eta: 2:25:49, time: 0.298, data_time: 0.070, memory: 8298, vote_loss: 3.6424, objectness_loss: 0.3939, semantic_loss: 0.4359, center_loss: 0.5149, dir_class_loss: 0.9010, dir_res_loss: 0.6707, size_class_loss: 0.4359, size_res_loss: 0.2776, loss: 7.2723, grad_norm: 7.3198
2026-05-03 16:53:16,500 - mmdet - INFO - Epoch [15][100/1652]	lr: 8.000e-03, eta: 2:25:37, time: 0.239, data_time: 0.016, memory: 8298, vote_loss: 3.7321, objectness_loss: 0.3954, semantic_loss: 0.3841, center_loss: 0.5042, dir_class_loss: 0.9455, dir_res_loss: 0.7068, size_class_loss: 0.3841, size_res_loss: 0.2724, loss: 7.3246, grad_norm: 8.5760
2026-05-03 16:53:28,524 - mmdet - INFO - Epoch [15][150/1652]	lr: 8.000e-03, eta: 2:25:25, time: 0.240, data_time: 0.015, memory: 8298, vote_loss: 3.5654, objectness_loss: 0.3904, semantic_loss: 0.3411, center_loss: 0.4844, dir_class_loss: 0.9089, dir_res_loss: 0.7497, size_class_loss: 0.3411, size_res_loss: 0.2575, loss: 7.0385, grad_norm: 7.8114
2026-05-03 16:53:40,389 - mmdet - INFO - Epoch [15][200/1652]	lr: 8.000e-03, eta: 2:25:13, time: 0.237, data_time: 0.015, memory: 8298, vote_loss: 3.5993, objectness_loss: 0.3925, semantic_loss: 0.4184, center_loss: 0.4941, dir_class_loss: 1.0057, dir_res_loss: 0.8066, size_class_loss: 0.4184, size_res_loss: 0.3010, loss: 7.4360, grad_norm: 8.6274
2026-05-03 16:53:52,211 - mmdet - INFO - Epoch [15][250/1652]	lr: 8.000e-03, eta: 2:25:00, time: 0.236, data_time: 0.015, memory: 8298, vote_loss: 3.4794, objectness_loss: 0.3769, semantic_loss: 0.4036, center_loss: 0.4784, dir_class_loss: 0.9884, dir_res_loss: 0.7535, size_class_loss: 0.4036, size_res_loss: 0.2852, loss: 7.1691, grad_norm: 8.0165
2026-05-03 16:54:04,168 - mmdet - INFO - Epoch [15][300/1652]	lr: 8.000e-03, eta: 2:24:48, time: 0.239, data_time: 0.015, memory: 8298, vote_loss: 3.6157, objectness_loss: 0.3896, semantic_loss: 0.3910, center_loss: 0.4997, dir_class_loss: 1.0039, dir_res_loss: 0.8431, size_class_loss: 0.3910, size_res_loss: 0.3105, loss: 7.4446, grad_norm: 10.3479
2026-05-03 16:54:16,186 - mmdet - INFO - Epoch [15][350/1652]	lr: 8.000e-03, eta: 2:24:36, time: 0.240, data_time: 0.015, memory: 8298, vote_loss: 3.5188, objectness_loss: 0.3855, semantic_loss: 0.4134, center_loss: 0.4744, dir_class_loss: 1.0034, dir_res_loss: 0.7421, size_class_loss: 0.4134, size_res_loss: 0.2902, loss: 7.2412, grad_norm: 7.6579
2026-05-03 16:54:28,214 - mmdet - INFO - Epoch [15][400/1652]	lr: 8.000e-03, eta: 2:24:24, time: 0.241, data_time: 0.016, memory: 8298, vote_loss: 3.6140, objectness_loss: 0.3394, semantic_loss: 0.4096, center_loss: 0.4964, dir_class_loss: 0.9853, dir_res_loss: 0.7590, size_class_loss: 0.4096, size_res_loss: 0.2980, loss: 7.3112, grad_norm: 8.4685
2026-05-03 16:54:40,182 - mmdet - INFO - Epoch [15][450/1652]	lr: 8.000e-03, eta: 2:24:12, time: 0.239, data_time: 0.016, memory: 8298, vote_loss: 3.6478, objectness_loss: 0.3895, semantic_loss: 0.3891, center_loss: 0.5400, dir_class_loss: 0.9411, dir_res_loss: 0.7629, size_class_loss: 0.3891, size_res_loss: 0.3050, loss: 7.3646, grad_norm: 8.5903
2026-05-03 16:54:52,177 - mmdet - INFO - Epoch [15][500/1652]	lr: 8.000e-03, eta: 2:23:59, time: 0.240, data_time: 0.016, memory: 8298, vote_loss: 3.4989, objectness_loss: 0.3705, semantic_loss: 0.4279, center_loss: 0.5904, dir_class_loss: 1.0021, dir_res_loss: 0.7157, size_class_loss: 0.4279, size_res_loss: 0.2848, loss: 7.3183, grad_norm: 8.5517
2026-05-03 16:55:04,118 - mmdet - INFO - Epoch [15][550/1652]	lr: 8.000e-03, eta: 2:23:47, time: 0.239, data_time: 0.016, memory: 8298, vote_loss: 3.5109, objectness_loss: 0.4031, semantic_loss: 0.4220, center_loss: 0.4857, dir_class_loss: 1.0096, dir_res_loss: 0.7834, size_class_loss: 0.4220, size_res_loss: 0.2874, loss: 7.3241, grad_norm: 8.1331
2026-05-03 16:55:16,152 - mmdet - INFO - Epoch [15][600/1652]	lr: 8.000e-03, eta: 2:23:35, time: 0.241, data_time: 0.016, memory: 8298, vote_loss: 3.5578, objectness_loss: 0.3980, semantic_loss: 0.4127, center_loss: 0.4839, dir_class_loss: 0.9282, dir_res_loss: 0.7604, size_class_loss: 0.4127, size_res_loss: 0.3103, loss: 7.2639, grad_norm: 7.7808
2026-05-03 16:55:28,126 - mmdet - INFO - Epoch [15][650/1652]	lr: 8.000e-03, eta: 2:23:23, time: 0.239, data_time: 0.016, memory: 8298, vote_loss: 3.5625, objectness_loss: 0.3776, semantic_loss: 0.4324, center_loss: 0.4762, dir_class_loss: 1.0039, dir_res_loss: 0.7151, size_class_loss: 0.4324, size_res_loss: 0.3199, loss: 7.3199, grad_norm: 8.1601
2026-05-03 16:55:40,130 - mmdet - INFO - Epoch [15][700/1652]	lr: 8.000e-03, eta: 2:23:11, time: 0.240, data_time: 0.015, memory: 8298, vote_loss: 3.6154, objectness_loss: 0.3874, semantic_loss: 0.4019, center_loss: 0.4731, dir_class_loss: 0.9730, dir_res_loss: 0.7085, size_class_loss: 0.4019, size_res_loss: 0.2764, loss: 7.2379, grad_norm: 8.1223
2026-05-03 16:55:52,239 - mmdet - INFO - Epoch [15][750/1652]	lr: 8.000e-03, eta: 2:22:59, time: 0.242, data_time: 0.017, memory: 8298, vote_loss: 3.6810, objectness_loss: 0.4098, semantic_loss: 0.5064, center_loss: 0.4847, dir_class_loss: 1.0302, dir_res_loss: 0.7437, size_class_loss: 0.5064, size_res_loss: 0.3078, loss: 7.6700, grad_norm: 7.8202
2026-05-03 16:56:04,273 - mmdet - INFO - Epoch [15][800/1652]	lr: 8.000e-03, eta: 2:22:47, time: 0.241, data_time: 0.016, memory: 8298, vote_loss: 3.6643, objectness_loss: 0.3842, semantic_loss: 0.3698, center_loss: 0.4865, dir_class_loss: 0.9486, dir_res_loss: 0.7446, size_class_loss: 0.3698, size_res_loss: 0.2914, loss: 7.2592, grad_norm: 7.8651
2026-05-03 16:56:16,257 - mmdet - INFO - Epoch [15][850/1652]	lr: 8.000e-03, eta: 2:22:35, time: 0.240, data_time: 0.017, memory: 8298, vote_loss: 3.6693, objectness_loss: 0.3761, semantic_loss: 0.3914, center_loss: 0.4716, dir_class_loss: 0.9378, dir_res_loss: 0.7256, size_class_loss: 0.3914, size_res_loss: 0.2748, loss: 7.2382, grad_norm: 8.2676
2026-05-03 16:56:28,240 - mmdet - INFO - Epoch [15][900/1652]	lr: 8.000e-03, eta: 2:22:22, time: 0.240, data_time: 0.016, memory: 8298, vote_loss: 3.6040, objectness_loss: 0.4069, semantic_loss: 0.5001, center_loss: 0.4795, dir_class_loss: 0.9642, dir_res_loss: 0.7244, size_class_loss: 0.5001, size_res_loss: 0.2748, loss: 7.4541, grad_norm: 8.1529
2026-05-03 16:56:40,198 - mmdet - INFO - Epoch [15][950/1652]	lr: 8.000e-03, eta: 2:22:10, time: 0.239, data_time: 0.016, memory: 8298, vote_loss: 3.6380, objectness_loss: 0.3754, semantic_loss: 0.4205, center_loss: 0.5632, dir_class_loss: 0.9712, dir_res_loss: 0.7456, size_class_loss: 0.4205, size_res_loss: 0.2970, loss: 7.4314, grad_norm: 8.0403
2026-05-03 16:56:52,196 - mmdet - INFO - Epoch [15][1000/1652]	lr: 8.000e-03, eta: 2:21:58, time: 0.240, data_time: 0.016, memory: 8298, vote_loss: 3.7429, objectness_loss: 0.3667, semantic_loss: 0.4871, center_loss: 0.5247, dir_class_loss: 1.0214, dir_res_loss: 0.7048, size_class_loss: 0.4871, size_res_loss: 0.3045, loss: 7.6392, grad_norm: 8.0413
2026-05-03 16:57:04,157 - mmdet - INFO - Epoch [15][1050/1652]	lr: 8.000e-03, eta: 2:21:46, time: 0.239, data_time: 0.017, memory: 8298, vote_loss: 3.7067, objectness_loss: 0.3656, semantic_loss: 0.4080, center_loss: 0.5079, dir_class_loss: 0.9948, dir_res_loss: 0.7464, size_class_loss: 0.4080, size_res_loss: 0.3152, loss: 7.4526, grad_norm: 8.3796
2026-05-03 16:57:16,075 - mmdet - INFO - Epoch [15][1100/1652]	lr: 8.000e-03, eta: 2:21:34, time: 0.238, data_time: 0.016, memory: 8298, vote_loss: 3.7428, objectness_loss: 0.3898, semantic_loss: 0.4210, center_loss: 0.5749, dir_class_loss: 0.9248, dir_res_loss: 0.7400, size_class_loss: 0.4210, size_res_loss: 0.2672, loss: 7.4815, grad_norm: 8.3369
2026-05-03 16:57:28,030 - mmdet - INFO - Epoch [15][1150/1652]	lr: 8.000e-03, eta: 2:21:22, time: 0.239, data_time: 0.016, memory: 8298, vote_loss: 3.7956, objectness_loss: 0.3810, semantic_loss: 0.3806, center_loss: 0.4967, dir_class_loss: 0.9458, dir_res_loss: 0.6777, size_class_loss: 0.3806, size_res_loss: 0.3059, loss: 7.3639, grad_norm: 8.0220
2026-05-03 16:57:40,066 - mmdet - INFO - Epoch [15][1200/1652]	lr: 8.000e-03, eta: 2:21:09, time: 0.241, data_time: 0.016, memory: 8298, vote_loss: 3.7219, objectness_loss: 0.3789, semantic_loss: 0.4198, center_loss: 0.5163, dir_class_loss: 1.0227, dir_res_loss: 0.7722, size_class_loss: 0.4198, size_res_loss: 0.2617, loss: 7.5132, grad_norm: 7.4121
2026-05-03 16:57:52,041 - mmdet - INFO - Epoch [15][1250/1652]	lr: 8.000e-03, eta: 2:20:57, time: 0.239, data_time: 0.016, memory: 8298, vote_loss: 3.8626, objectness_loss: 0.3763, semantic_loss: 0.4091, center_loss: 0.5582, dir_class_loss: 0.9483, dir_res_loss: 0.6778, size_class_loss: 0.4091, size_res_loss: 0.2954, loss: 7.5367, grad_norm: 7.8207
2026-05-03 16:58:04,076 - mmdet - INFO - Epoch [15][1300/1652]	lr: 8.000e-03, eta: 2:20:45, time: 0.241, data_time: 0.016, memory: 8298, vote_loss: 3.4872, objectness_loss: 0.3862, semantic_loss: 0.3838, center_loss: 0.4715, dir_class_loss: 1.0103, dir_res_loss: 0.6932, size_class_loss: 0.3838, size_res_loss: 0.3030, loss: 7.1190, grad_norm: 7.8538
2026-05-03 16:58:16,115 - mmdet - INFO - Epoch [15][1350/1652]	lr: 8.000e-03, eta: 2:20:33, time: 0.241, data_time: 0.016, memory: 8298, vote_loss: 3.5431, objectness_loss: 0.3937, semantic_loss: 0.4230, center_loss: 0.4664, dir_class_loss: 1.0632, dir_res_loss: 0.7821, size_class_loss: 0.4230, size_res_loss: 0.2825, loss: 7.3771, grad_norm: 8.2338
2026-05-03 16:58:28,096 - mmdet - INFO - Epoch [15][1400/1652]	lr: 8.000e-03, eta: 2:20:21, time: 0.240, data_time: 0.016, memory: 8298, vote_loss: 3.7325, objectness_loss: 0.3831, semantic_loss: 0.4172, center_loss: 0.4948, dir_class_loss: 0.9520, dir_res_loss: 0.6760, size_class_loss: 0.4172, size_res_loss: 0.2750, loss: 7.3478, grad_norm: 8.4067
2026-05-03 16:58:40,172 - mmdet - INFO - Epoch [15][1450/1652]	lr: 8.000e-03, eta: 2:20:09, time: 0.242, data_time: 0.020, memory: 8298, vote_loss: 3.7151, objectness_loss: 0.3682, semantic_loss: 0.4466, center_loss: 0.5256, dir_class_loss: 0.9561, dir_res_loss: 0.6906, size_class_loss: 0.4466, size_res_loss: 0.2833, loss: 7.4319, grad_norm: 8.4911
2026-05-03 16:58:52,091 - mmdet - INFO - Epoch [15][1500/1652]	lr: 8.000e-03, eta: 2:19:57, time: 0.238, data_time: 0.016, memory: 8298, vote_loss: 3.4490, objectness_loss: 0.3764, semantic_loss: 0.3667, center_loss: 0.4974, dir_class_loss: 0.9943, dir_res_loss: 0.8064, size_class_loss: 0.3667, size_res_loss: 0.2789, loss: 7.1358, grad_norm: 8.6004
2026-05-03 16:59:04,073 - mmdet - INFO - Epoch [15][1550/1652]	lr: 8.000e-03, eta: 2:19:45, time: 0.240, data_time: 0.016, memory: 8298, vote_loss: 3.6070, objectness_loss: 0.3811, semantic_loss: 0.4121, center_loss: 0.4944, dir_class_loss: 1.0123, dir_res_loss: 0.8269, size_class_loss: 0.4120, size_res_loss: 0.2902, loss: 7.4359, grad_norm: 8.1233
2026-05-03 16:59:16,058 - mmdet - INFO - Epoch [15][1600/1652]	lr: 8.000e-03, eta: 2:19:32, time: 0.240, data_time: 0.016, memory: 8298, vote_loss: 3.6793, objectness_loss: 0.3795, semantic_loss: 0.4301, center_loss: 0.5177, dir_class_loss: 0.9920, dir_res_loss: 0.6968, size_class_loss: 0.4301, size_res_loss: 0.3193, loss: 7.4447, grad_norm: 8.1018
2026-05-03 16:59:28,005 - mmdet - INFO - Epoch [15][1650/1652]	lr: 8.000e-03, eta: 2:19:20, time: 0.239, data_time: 0.016, memory: 8298, vote_loss: 3.7335, objectness_loss: 0.4470, semantic_loss: 0.4580, center_loss: 0.5704, dir_class_loss: 0.9826, dir_res_loss: 0.7302, size_class_loss: 0.4580, size_res_loss: 0.3233, loss: 7.7031, grad_norm: 8.0070
2026-05-03 16:59:28,557 - mmdet - INFO - Saving checkpoint at 15 epochs
2026-05-03 16:59:43,328 - mmdet - INFO - Epoch [16][50/1652]	lr: 8.000e-03, eta: 2:19:11, time: 0.294, data_time: 0.070, memory: 8298, vote_loss: 3.5821, objectness_loss: 0.3861, semantic_loss: 0.4134, center_loss: 0.4782, dir_class_loss: 0.9466, dir_res_loss: 0.7346, size_class_loss: 0.4134, size_res_loss: 0.2607, loss: 7.2152, grad_norm: 8.0800
2026-05-03 16:59:55,351 - mmdet - INFO - Epoch [16][100/1652]	lr: 8.000e-03, eta: 2:18:59, time: 0.240, data_time: 0.016, memory: 8298, vote_loss: 3.6013, objectness_loss: 0.3810, semantic_loss: 0.3970, center_loss: 0.4951, dir_class_loss: 0.9099, dir_res_loss: 0.6941, size_class_loss: 0.3970, size_res_loss: 0.2509, loss: 7.1263, grad_norm: 7.8434
2026-05-03 17:00:07,380 - mmdet - INFO - Epoch [16][150/1652]	lr: 8.000e-03, eta: 2:18:47, time: 0.241, data_time: 0.016, memory: 8298, vote_loss: 3.6066, objectness_loss: 0.3824, semantic_loss: 0.3985, center_loss: 0.4945, dir_class_loss: 0.9550, dir_res_loss: 0.6792, size_class_loss: 0.3985, size_res_loss: 0.2897, loss: 7.2042, grad_norm: 7.6269
2026-05-03 17:00:19,298 - mmdet - INFO - Epoch [16][200/1652]	lr: 8.000e-03, eta: 2:18:34, time: 0.238, data_time: 0.015, memory: 8298, vote_loss: 3.5513, objectness_loss: 0.3924, semantic_loss: 0.3992, center_loss: 0.5215, dir_class_loss: 0.8745, dir_res_loss: 0.6882, size_class_loss: 0.3992, size_res_loss: 0.2861, loss: 7.1122, grad_norm: 8.5071
2026-05-03 17:00:31,415 - mmdet - INFO - Epoch [16][250/1652]	lr: 8.000e-03, eta: 2:18:22, time: 0.242, data_time: 0.017, memory: 8298, vote_loss: 3.6369, objectness_loss: 0.3929, semantic_loss: 0.3969, center_loss: 0.5000, dir_class_loss: 0.9567, dir_res_loss: 0.7492, size_class_loss: 0.3969, size_res_loss: 0.2988, loss: 7.3282, grad_norm: 7.6768
2026-05-03 17:00:43,392 - mmdet - INFO - Epoch [16][300/1652]	lr: 8.000e-03, eta: 2:18:10, time: 0.240, data_time: 0.016, memory: 8298, vote_loss: 3.6264, objectness_loss: 0.3819, semantic_loss: 0.4299, center_loss: 0.5104, dir_class_loss: 0.9683, dir_res_loss: 0.8902, size_class_loss: 0.4299, size_res_loss: 0.3040, loss: 7.5410, grad_norm: 8.1439
2026-05-03 17:00:55,362 - mmdet - INFO - Epoch [16][350/1652]	lr: 8.000e-03, eta: 2:17:58, time: 0.239, data_time: 0.017, memory: 8298, vote_loss: 3.6060, objectness_loss: 0.3820, semantic_loss: 0.3904, center_loss: 0.4850, dir_class_loss: 0.9594, dir_res_loss: 0.7408, size_class_loss: 0.3904, size_res_loss: 0.2814, loss: 7.2353, grad_norm: 8.0511
2026-05-03 17:01:07,272 - mmdet - INFO - Epoch [16][400/1652]	lr: 8.000e-03, eta: 2:17:46, time: 0.238, data_time: 0.016, memory: 8298, vote_loss: 3.6389, objectness_loss: 0.3967, semantic_loss: 0.4696, center_loss: 0.4923, dir_class_loss: 1.0010, dir_res_loss: 0.7256, size_class_loss: 0.4695, size_res_loss: 0.2844, loss: 7.4779, grad_norm: 8.2118
2026-05-03 17:01:19,187 - mmdet - INFO - Epoch [16][450/1652]	lr: 8.000e-03, eta: 2:17:34, time: 0.238, data_time: 0.016, memory: 8298, vote_loss: 3.4676, objectness_loss: 0.3957, semantic_loss: 0.4373, center_loss: 0.4691, dir_class_loss: 0.9805, dir_res_loss: 0.7298, size_class_loss: 0.4373, size_res_loss: 0.2765, loss: 7.1938, grad_norm: 7.9168
2026-05-03 17:01:31,106 - mmdet - INFO - Epoch [16][500/1652]	lr: 8.000e-03, eta: 2:17:21, time: 0.238, data_time: 0.016, memory: 8298, vote_loss: 3.8250, objectness_loss: 0.3662, semantic_loss: 0.4606, center_loss: 0.5193, dir_class_loss: 1.0564, dir_res_loss: 0.7593, size_class_loss: 0.4606, size_res_loss: 0.3285, loss: 7.7760, grad_norm: 8.4869
2026-05-03 17:01:43,024 - mmdet - INFO - Epoch [16][550/1652]	lr: 8.000e-03, eta: 2:17:09, time: 0.238, data_time: 0.015, memory: 8298, vote_loss: 3.5272, objectness_loss: 0.3623, semantic_loss: 0.4362, center_loss: 0.5038, dir_class_loss: 0.9989, dir_res_loss: 0.7077, size_class_loss: 0.4362, size_res_loss: 0.2702, loss: 7.2425, grad_norm: 7.4365
2026-05-03 17:01:55,005 - mmdet - INFO - Epoch [16][600/1652]	lr: 8.000e-03, eta: 2:16:57, time: 0.240, data_time: 0.015, memory: 8298, vote_loss: 3.5981, objectness_loss: 0.3733, semantic_loss: 0.4199, center_loss: 0.4584, dir_class_loss: 0.9413, dir_res_loss: 0.7221, size_class_loss: 0.4199, size_res_loss: 0.2596, loss: 7.1925, grad_norm: 8.3574
2026-05-03 17:02:06,905 - mmdet - INFO - Epoch [16][650/1652]	lr: 8.000e-03, eta: 2:16:45, time: 0.238, data_time: 0.015, memory: 8298, vote_loss: 3.6674, objectness_loss: 0.3962, semantic_loss: 0.4383, center_loss: 0.5275, dir_class_loss: 0.9831, dir_res_loss: 0.7907, size_class_loss: 0.4382, size_res_loss: 0.2788, loss: 7.5204, grad_norm: 8.0427
2026-05-03 17:02:18,826 - mmdet - INFO - Epoch [16][700/1652]	lr: 8.000e-03, eta: 2:16:32, time: 0.238, data_time: 0.015, memory: 8298, vote_loss: 3.5989, objectness_loss: 0.3626, semantic_loss: 0.4208, center_loss: 0.5000, dir_class_loss: 1.0498, dir_res_loss: 0.7227, size_class_loss: 0.4208, size_res_loss: 0.2950, loss: 7.3705, grad_norm: 7.7746
2026-05-03 17:02:30,775 - mmdet - INFO - Epoch [16][750/1652]	lr: 8.000e-03, eta: 2:16:20, time: 0.239, data_time: 0.015, memory: 8298, vote_loss: 3.6288, objectness_loss: 0.3647, semantic_loss: 0.3545, center_loss: 0.5323, dir_class_loss: 0.8960, dir_res_loss: 0.6598, size_class_loss: 0.3545, size_res_loss: 0.2774, loss: 7.0678, grad_norm: 7.8766
2026-05-03 17:02:42,770 - mmdet - INFO - Epoch [16][800/1652]	lr: 8.000e-03, eta: 2:16:08, time: 0.240, data_time: 0.016, memory: 8298, vote_loss: 3.8681, objectness_loss: 0.3941, semantic_loss: 0.4473, center_loss: 0.5083, dir_class_loss: 1.0028, dir_res_loss: 0.7765, size_class_loss: 0.4473, size_res_loss: 0.3198, loss: 7.7640, grad_norm: 7.9480
2026-05-03 17:02:54,734 - mmdet - INFO - Epoch [16][850/1652]	lr: 8.000e-03, eta: 2:15:56, time: 0.239, data_time: 0.016, memory: 8298, vote_loss: 3.5150, objectness_loss: 0.4017, semantic_loss: 0.4041, center_loss: 0.5004, dir_class_loss: 0.9733, dir_res_loss: 0.7200, size_class_loss: 0.4041, size_res_loss: 0.2936, loss: 7.2122, grad_norm: 8.5231
2026-05-03 17:03:06,620 - mmdet - INFO - Epoch [16][900/1652]	lr: 8.000e-03, eta: 2:15:44, time: 0.238, data_time: 0.015, memory: 8298, vote_loss: 3.5412, objectness_loss: 0.3807, semantic_loss: 0.4581, center_loss: 0.5526, dir_class_loss: 0.9258, dir_res_loss: 0.7357, size_class_loss: 0.4581, size_res_loss: 0.2803, loss: 7.3325, grad_norm: 8.3381
2026-05-03 17:03:18,588 - mmdet - INFO - Epoch [16][950/1652]	lr: 8.000e-03, eta: 2:15:32, time: 0.239, data_time: 0.016, memory: 8298, vote_loss: 3.5606, objectness_loss: 0.3783, semantic_loss: 0.3988, center_loss: 0.4869, dir_class_loss: 0.9988, dir_res_loss: 0.7225, size_class_loss: 0.3988, size_res_loss: 0.3139, loss: 7.2586, grad_norm: 7.8972
2026-05-03 17:03:30,631 - mmdet - INFO - Epoch [16][1000/1652]	lr: 8.000e-03, eta: 2:15:20, time: 0.241, data_time: 0.016, memory: 8298, vote_loss: 3.7157, objectness_loss: 0.3822, semantic_loss: 0.3813, center_loss: 0.5001, dir_class_loss: 0.9991, dir_res_loss: 0.7311, size_class_loss: 0.3813, size_res_loss: 0.3144, loss: 7.4051, grad_norm: 7.7806
2026-05-03 17:03:42,602 - mmdet - INFO - Epoch [16][1050/1652]	lr: 8.000e-03, eta: 2:15:07, time: 0.239, data_time: 0.016, memory: 8298, vote_loss: 3.4284, objectness_loss: 0.3746, semantic_loss: 0.3913, center_loss: 0.5128, dir_class_loss: 0.9113, dir_res_loss: 0.7054, size_class_loss: 0.3913, size_res_loss: 0.2832, loss: 6.9983, grad_norm: 8.0788
2026-05-03 17:03:54,623 - mmdet - INFO - Epoch [16][1100/1652]	lr: 8.000e-03, eta: 2:14:55, time: 0.240, data_time: 0.016, memory: 8298, vote_loss: 3.5043, objectness_loss: 0.3643, semantic_loss: 0.4156, center_loss: 0.4652, dir_class_loss: 0.9295, dir_res_loss: 0.6174, size_class_loss: 0.4156, size_res_loss: 0.2808, loss: 6.9928, grad_norm: 7.7121
2026-05-03 17:04:06,585 - mmdet - INFO - Epoch [16][1150/1652]	lr: 8.000e-03, eta: 2:14:43, time: 0.239, data_time: 0.016, memory: 8298, vote_loss: 3.6127, objectness_loss: 0.3704, semantic_loss: 0.4455, center_loss: 0.5264, dir_class_loss: 0.9675, dir_res_loss: 0.7476, size_class_loss: 0.4455, size_res_loss: 0.3214, loss: 7.4370, grad_norm: 8.1132
2026-05-03 17:04:18,628 - mmdet - INFO - Epoch [16][1200/1652]	lr: 8.000e-03, eta: 2:14:31, time: 0.241, data_time: 0.017, memory: 8298, vote_loss: 3.2295, objectness_loss: 0.3737, semantic_loss: 0.3467, center_loss: 0.4980, dir_class_loss: 0.9618, dir_res_loss: 0.7017, size_class_loss: 0.3467, size_res_loss: 0.2686, loss: 6.7268, grad_norm: 7.8363
2026-05-03 17:04:30,871 - mmdet - INFO - Epoch [16][1250/1652]	lr: 8.000e-03, eta: 2:14:19, time: 0.245, data_time: 0.016, memory: 8298, vote_loss: 3.6332, objectness_loss: 0.3661, semantic_loss: 0.4410, center_loss: 0.5101, dir_class_loss: 0.9984, dir_res_loss: 0.7670, size_class_loss: 0.4410, size_res_loss: 0.3407, loss: 7.4976, grad_norm: 8.0707
2026-05-03 17:04:42,764 - mmdet - INFO - Epoch [16][1300/1652]	lr: 8.000e-03, eta: 2:14:07, time: 0.238, data_time: 0.015, memory: 8298, vote_loss: 3.4337, objectness_loss: 0.4083, semantic_loss: 0.3983, center_loss: 0.5069, dir_class_loss: 0.9067, dir_res_loss: 0.7005, size_class_loss: 0.3983, size_res_loss: 0.3054, loss: 7.0582, grad_norm: 8.3668
2026-05-03 17:04:54,654 - mmdet - INFO - Epoch [16][1350/1652]	lr: 8.000e-03, eta: 2:13:55, time: 0.238, data_time: 0.015, memory: 8298, vote_loss: 3.6207, objectness_loss: 0.3654, semantic_loss: 0.3870, center_loss: 0.4852, dir_class_loss: 0.9754, dir_res_loss: 0.7026, size_class_loss: 0.3870, size_res_loss: 0.2873, loss: 7.2106, grad_norm: 8.0580
2026-05-03 17:05:06,645 - mmdet - INFO - Epoch [16][1400/1652]	lr: 8.000e-03, eta: 2:13:43, time: 0.240, data_time: 0.015, memory: 8298, vote_loss: 3.5773, objectness_loss: 0.3665, semantic_loss: 0.4181, center_loss: 0.5192, dir_class_loss: 0.9952, dir_res_loss: 0.8630, size_class_loss: 0.4181, size_res_loss: 0.2686, loss: 7.4260, grad_norm: 8.7204
2026-05-03 17:05:18,693 - mmdet - INFO - Epoch [16][1450/1652]	lr: 8.000e-03, eta: 2:13:31, time: 0.241, data_time: 0.016, memory: 8298, vote_loss: 3.5951, objectness_loss: 0.3965, semantic_loss: 0.4318, center_loss: 0.4831, dir_class_loss: 0.9798, dir_res_loss: 0.8178, size_class_loss: 0.4318, size_res_loss: 0.3023, loss: 7.4383, grad_norm: 7.9094
2026-05-03 17:05:30,561 - mmdet - INFO - Epoch [16][1500/1652]	lr: 8.000e-03, eta: 2:13:18, time: 0.237, data_time: 0.015, memory: 8298, vote_loss: 3.5493, objectness_loss: 0.3845, semantic_loss: 0.4014, center_loss: 0.4983, dir_class_loss: 0.8978, dir_res_loss: 0.7361, size_class_loss: 0.4014, size_res_loss: 0.2746, loss: 7.1433, grad_norm: 8.5578
2026-05-03 17:05:42,516 - mmdet - INFO - Epoch [16][1550/1652]	lr: 8.000e-03, eta: 2:13:06, time: 0.239, data_time: 0.016, memory: 8298, vote_loss: 3.6280, objectness_loss: 0.3753, semantic_loss: 0.3927, center_loss: 0.4597, dir_class_loss: 0.9311, dir_res_loss: 0.7115, size_class_loss: 0.3927, size_res_loss: 0.2811, loss: 7.1722, grad_norm: 7.4251
2026-05-03 17:05:54,524 - mmdet - INFO - Epoch [16][1600/1652]	lr: 8.000e-03, eta: 2:12:54, time: 0.240, data_time: 0.016, memory: 8298, vote_loss: 3.6123, objectness_loss: 0.3680, semantic_loss: 0.4099, center_loss: 0.5036, dir_class_loss: 0.9826, dir_res_loss: 0.7364, size_class_loss: 0.4099, size_res_loss: 0.2838, loss: 7.3064, grad_norm: 8.2551
2026-05-03 17:06:06,707 - mmdet - INFO - Epoch [16][1650/1652]	lr: 8.000e-03, eta: 2:12:42, time: 0.244, data_time: 0.017, memory: 8298, vote_loss: 3.5844, objectness_loss: 0.3912, semantic_loss: 0.4135, center_loss: 0.4891, dir_class_loss: 0.9955, dir_res_loss: 0.7773, size_class_loss: 0.4135, size_res_loss: 0.3072, loss: 7.3718, grad_norm: 7.8804
2026-05-03 17:06:07,211 - mmdet - INFO - Saving checkpoint at 16 epochs
2026-05-03 17:06:22,013 - mmdet - INFO - Epoch [17][50/1652]	lr: 8.000e-03, eta: 2:12:32, time: 0.295, data_time: 0.070, memory: 8298, vote_loss: 3.5101, objectness_loss: 0.3774, semantic_loss: 0.3719, center_loss: 0.5090, dir_class_loss: 1.0128, dir_res_loss: 0.7348, size_class_loss: 0.3719, size_res_loss: 0.2700, loss: 7.1578, grad_norm: 8.0431
2026-05-03 17:06:33,990 - mmdet - INFO - Epoch [17][100/1652]	lr: 8.000e-03, eta: 2:12:20, time: 0.240, data_time: 0.016, memory: 8298, vote_loss: 3.6781, objectness_loss: 0.4004, semantic_loss: 0.4213, center_loss: 0.5467, dir_class_loss: 0.9244, dir_res_loss: 0.5942, size_class_loss: 0.4213, size_res_loss: 0.3214, loss: 7.3077, grad_norm: 8.5918
2026-05-03 17:06:45,964 - mmdet - INFO - Epoch [17][150/1652]	lr: 8.000e-03, eta: 2:12:08, time: 0.239, data_time: 0.016, memory: 8298, vote_loss: 3.5814, objectness_loss: 0.3861, semantic_loss: 0.3957, center_loss: 0.4940, dir_class_loss: 0.9564, dir_res_loss: 0.6424, size_class_loss: 0.3957, size_res_loss: 0.2820, loss: 7.1336, grad_norm: 7.9723
2026-05-03 17:06:57,954 - mmdet - INFO - Epoch [17][200/1652]	lr: 8.000e-03, eta: 2:11:56, time: 0.240, data_time: 0.016, memory: 8298, vote_loss: 3.7548, objectness_loss: 0.4021, semantic_loss: 0.4576, center_loss: 0.5150, dir_class_loss: 1.0238, dir_res_loss: 0.6979, size_class_loss: 0.4576, size_res_loss: 0.3083, loss: 7.6170, grad_norm: 8.2899
2026-05-03 17:07:09,988 - mmdet - INFO - Epoch [17][250/1652]	lr: 8.000e-03, eta: 2:11:44, time: 0.241, data_time: 0.016, memory: 8298, vote_loss: 3.5341, objectness_loss: 0.3781, semantic_loss: 0.3924, center_loss: 0.5211, dir_class_loss: 0.9222, dir_res_loss: 0.7234, size_class_loss: 0.3924, size_res_loss: 0.2816, loss: 7.1455, grad_norm: 8.1696
2026-05-03 17:07:21,983 - mmdet - INFO - Epoch [17][300/1652]	lr: 8.000e-03, eta: 2:11:32, time: 0.240, data_time: 0.016, memory: 8298, vote_loss: 3.5213, objectness_loss: 0.3531, semantic_loss: 0.3699, center_loss: 0.4602, dir_class_loss: 0.9898, dir_res_loss: 0.7169, size_class_loss: 0.3699, size_res_loss: 0.3038, loss: 7.0849, grad_norm: 7.7479
2026-05-03 17:07:33,961 - mmdet - INFO - Epoch [17][350/1652]	lr: 8.000e-03, eta: 2:11:20, time: 0.240, data_time: 0.016, memory: 8298, vote_loss: 3.6579, objectness_loss: 0.3491, semantic_loss: 0.4351, center_loss: 0.5377, dir_class_loss: 0.9823, dir_res_loss: 0.7064, size_class_loss: 0.4352, size_res_loss: 0.2734, loss: 7.3770, grad_norm: 8.0246
2026-05-03 17:07:45,951 - mmdet - INFO - Epoch [17][400/1652]	lr: 8.000e-03, eta: 2:11:07, time: 0.240, data_time: 0.016, memory: 8298, vote_loss: 3.5588, objectness_loss: 0.3706, semantic_loss: 0.4026, center_loss: 0.5450, dir_class_loss: 0.9987, dir_res_loss: 0.7579, size_class_loss: 0.4026, size_res_loss: 0.2713, loss: 7.3074, grad_norm: 8.0841
2026-05-03 17:07:57,908 - mmdet - INFO - Epoch [17][450/1652]	lr: 8.000e-03, eta: 2:10:55, time: 0.239, data_time: 0.016, memory: 8298, vote_loss: 3.4503, objectness_loss: 0.3916, semantic_loss: 0.3590, center_loss: 0.4560, dir_class_loss: 0.8853, dir_res_loss: 0.6944, size_class_loss: 0.3590, size_res_loss: 0.2662, loss: 6.8618, grad_norm: 7.7247
2026-05-03 17:08:09,884 - mmdet - INFO - Epoch [17][500/1652]	lr: 8.000e-03, eta: 2:10:43, time: 0.240, data_time: 0.016, memory: 8298, vote_loss: 3.4308, objectness_loss: 0.3995, semantic_loss: 0.4229, center_loss: 0.4924, dir_class_loss: 0.9706, dir_res_loss: 0.6795, size_class_loss: 0.4229, size_res_loss: 0.2628, loss: 7.0815, grad_norm: 8.3555
2026-05-03 17:08:21,918 - mmdet - INFO - Epoch [17][550/1652]	lr: 8.000e-03, eta: 2:10:31, time: 0.241, data_time: 0.016, memory: 8298, vote_loss: 3.5719, objectness_loss: 0.3929, semantic_loss: 0.4288, center_loss: 0.4943, dir_class_loss: 0.9208, dir_res_loss: 0.6869, size_class_loss: 0.4288, size_res_loss: 0.2662, loss: 7.1907, grad_norm: 7.7599
2026-05-03 17:08:33,848 - mmdet - INFO - Epoch [17][600/1652]	lr: 8.000e-03, eta: 2:10:19, time: 0.239, data_time: 0.016, memory: 8298, vote_loss: 3.6118, objectness_loss: 0.3684, semantic_loss: 0.4420, center_loss: 0.5069, dir_class_loss: 0.9458, dir_res_loss: 0.6770, size_class_loss: 0.4420, size_res_loss: 0.3039, loss: 7.2979, grad_norm: 7.9859
2026-05-03 17:08:45,811 - mmdet - INFO - Epoch [17][650/1652]	lr: 8.000e-03, eta: 2:10:07, time: 0.239, data_time: 0.016, memory: 8298, vote_loss: 3.5116, objectness_loss: 0.3706, semantic_loss: 0.4544, center_loss: 0.4891, dir_class_loss: 0.9894, dir_res_loss: 0.7810, size_class_loss: 0.4544, size_res_loss: 0.2877, loss: 7.3383, grad_norm: 8.4256
2026-05-03 17:08:57,786 - mmdet - INFO - Epoch [17][700/1652]	lr: 8.000e-03, eta: 2:09:55, time: 0.240, data_time: 0.016, memory: 8298, vote_loss: 3.8236, objectness_loss: 0.3567, semantic_loss: 0.4046, center_loss: 0.5143, dir_class_loss: 0.9424, dir_res_loss: 0.7128, size_class_loss: 0.4046, size_res_loss: 0.3077, loss: 7.4667, grad_norm: 7.4433
2026-05-03 17:09:09,741 - mmdet - INFO - Epoch [17][750/1652]	lr: 8.000e-03, eta: 2:09:42, time: 0.239, data_time: 0.016, memory: 8298, vote_loss: 3.6869, objectness_loss: 0.3301, semantic_loss: 0.4191, center_loss: 0.4779, dir_class_loss: 1.0181, dir_res_loss: 0.7768, size_class_loss: 0.4190, size_res_loss: 0.3169, loss: 7.4448, grad_norm: 8.6311
2026-05-03 17:09:21,677 - mmdet - INFO - Epoch [17][800/1652]	lr: 8.000e-03, eta: 2:09:30, time: 0.239, data_time: 0.016, memory: 8298, vote_loss: 3.4505, objectness_loss: 0.3520, semantic_loss: 0.3768, center_loss: 0.4549, dir_class_loss: 1.0152, dir_res_loss: 0.7201, size_class_loss: 0.3768, size_res_loss: 0.2921, loss: 7.0383, grad_norm: 8.2591
2026-05-03 17:09:33,832 - mmdet - INFO - Epoch [17][850/1652]	lr: 8.000e-03, eta: 2:09:18, time: 0.243, data_time: 0.020, memory: 8298, vote_loss: 3.6446, objectness_loss: 0.3816, semantic_loss: 0.3644, center_loss: 0.4822, dir_class_loss: 0.9717, dir_res_loss: 0.7377, size_class_loss: 0.3644, size_res_loss: 0.3048, loss: 7.2514, grad_norm: 8.0722
2026-05-03 17:09:45,861 - mmdet - INFO - Epoch [17][900/1652]	lr: 8.000e-03, eta: 2:09:06, time: 0.241, data_time: 0.016, memory: 8298, vote_loss: 3.7190, objectness_loss: 0.3588, semantic_loss: 0.4146, center_loss: 0.4761, dir_class_loss: 0.9372, dir_res_loss: 0.7046, size_class_loss: 0.4146, size_res_loss: 0.2866, loss: 7.3114, grad_norm: 7.5017
2026-05-03 17:09:57,825 - mmdet - INFO - Epoch [17][950/1652]	lr: 8.000e-03, eta: 2:08:54, time: 0.239, data_time: 0.016, memory: 8298, vote_loss: 3.4332, objectness_loss: 0.3523, semantic_loss: 0.4013, center_loss: 0.5031, dir_class_loss: 0.9283, dir_res_loss: 0.7111, size_class_loss: 0.4013, size_res_loss: 0.2730, loss: 7.0034, grad_norm: 7.8110
2026-05-03 17:10:09,760 - mmdet - INFO - Epoch [17][1000/1652]	lr: 8.000e-03, eta: 2:08:42, time: 0.239, data_time: 0.016, memory: 8298, vote_loss: 3.7811, objectness_loss: 0.3722, semantic_loss: 0.4469, center_loss: 0.4749, dir_class_loss: 0.9949, dir_res_loss: 0.7440, size_class_loss: 0.4469, size_res_loss: 0.2889, loss: 7.5497, grad_norm: 8.2352
2026-05-03 17:10:21,794 - mmdet - INFO - Epoch [17][1050/1652]	lr: 8.000e-03, eta: 2:08:30, time: 0.241, data_time: 0.016, memory: 8298, vote_loss: 3.6031, objectness_loss: 0.3689, semantic_loss: 0.4116, center_loss: 0.4858, dir_class_loss: 0.9698, dir_res_loss: 0.7830, size_class_loss: 0.4116, size_res_loss: 0.2729, loss: 7.3067, grad_norm: 7.4362
2026-05-03 17:10:33,837 - mmdet - INFO - Epoch [17][1100/1652]	lr: 8.000e-03, eta: 2:08:18, time: 0.241, data_time: 0.017, memory: 8298, vote_loss: 3.4460, objectness_loss: 0.3844, semantic_loss: 0.3812, center_loss: 0.4625, dir_class_loss: 0.8811, dir_res_loss: 0.6317, size_class_loss: 0.3812, size_res_loss: 0.2806, loss: 6.8487, grad_norm: 7.8464
2026-05-03 17:10:45,865 - mmdet - INFO - Epoch [17][1150/1652]	lr: 8.000e-03, eta: 2:08:06, time: 0.241, data_time: 0.016, memory: 8298, vote_loss: 3.4302, objectness_loss: 0.4104, semantic_loss: 0.4129, center_loss: 0.4594, dir_class_loss: 0.9411, dir_res_loss: 0.7340, size_class_loss: 0.4129, size_res_loss: 0.2767, loss: 7.0775, grad_norm: 7.9105
2026-05-03 17:10:57,864 - mmdet - INFO - Epoch [17][1200/1652]	lr: 8.000e-03, eta: 2:07:54, time: 0.240, data_time: 0.016, memory: 8298, vote_loss: 3.6724, objectness_loss: 0.4137, semantic_loss: 0.3640, center_loss: 0.5002, dir_class_loss: 0.8941, dir_res_loss: 0.6488, size_class_loss: 0.3640, size_res_loss: 0.2763, loss: 7.1334, grad_norm: 7.9413
2026-05-03 17:11:09,832 - mmdet - INFO - Epoch [17][1250/1652]	lr: 8.000e-03, eta: 2:07:41, time: 0.239, data_time: 0.016, memory: 8298, vote_loss: 3.5075, objectness_loss: 0.4011, semantic_loss: 0.3500, center_loss: 0.5093, dir_class_loss: 1.0396, dir_res_loss: 0.6959, size_class_loss: 0.3500, size_res_loss: 0.2780, loss: 7.1313, grad_norm: 7.9910
2026-05-03 17:11:21,784 - mmdet - INFO - Epoch [17][1300/1652]	lr: 8.000e-03, eta: 2:07:29, time: 0.239, data_time: 0.016, memory: 8298, vote_loss: 3.6255, objectness_loss: 0.3857, semantic_loss: 0.3915, center_loss: 0.4965, dir_class_loss: 0.9429, dir_res_loss: 0.7498, size_class_loss: 0.3915, size_res_loss: 0.2726, loss: 7.2562, grad_norm: 7.8840
2026-05-03 17:11:33,678 - mmdet - INFO - Epoch [17][1350/1652]	lr: 8.000e-03, eta: 2:07:17, time: 0.238, data_time: 0.016, memory: 8298, vote_loss: 3.3830, objectness_loss: 0.3425, semantic_loss: 0.3809, center_loss: 0.4693, dir_class_loss: 0.9574, dir_res_loss: 0.7462, size_class_loss: 0.3809, size_res_loss: 0.2943, loss: 6.9545, grad_norm: 8.2563
2026-05-03 17:11:45,628 - mmdet - INFO - Epoch [17][1400/1652]	lr: 8.000e-03, eta: 2:07:05, time: 0.239, data_time: 0.016, memory: 8298, vote_loss: 3.4850, objectness_loss: 0.3481, semantic_loss: 0.4281, center_loss: 0.4898, dir_class_loss: 0.9542, dir_res_loss: 0.7651, size_class_loss: 0.4281, size_res_loss: 0.2986, loss: 7.1970, grad_norm: 8.0124
2026-05-03 17:11:57,583 - mmdet - INFO - Epoch [17][1450/1652]	lr: 8.000e-03, eta: 2:06:53, time: 0.239, data_time: 0.016, memory: 8298, vote_loss: 3.5611, objectness_loss: 0.3759, semantic_loss: 0.3649, center_loss: 0.4604, dir_class_loss: 0.9482, dir_res_loss: 0.7094, size_class_loss: 0.3649, size_res_loss: 0.2975, loss: 7.0825, grad_norm: 7.5322
2026-05-03 17:12:09,559 - mmdet - INFO - Epoch [17][1500/1652]	lr: 8.000e-03, eta: 2:06:41, time: 0.240, data_time: 0.016, memory: 8298, vote_loss: 3.6363, objectness_loss: 0.3875, semantic_loss: 0.3458, center_loss: 0.5156, dir_class_loss: 0.8849, dir_res_loss: 0.7039, size_class_loss: 0.3458, size_res_loss: 0.3004, loss: 7.1202, grad_norm: 8.7620
2026-05-03 17:12:21,486 - mmdet - INFO - Epoch [17][1550/1652]	lr: 8.000e-03, eta: 2:06:28, time: 0.239, data_time: 0.016, memory: 8298, vote_loss: 3.4115, objectness_loss: 0.3833, semantic_loss: 0.3783, center_loss: 0.4779, dir_class_loss: 0.9765, dir_res_loss: 0.6627, size_class_loss: 0.3783, size_res_loss: 0.2736, loss: 6.9421, grad_norm: 8.2194
2026-05-03 17:12:33,411 - mmdet - INFO - Epoch [17][1600/1652]	lr: 8.000e-03, eta: 2:06:16, time: 0.238, data_time: 0.016, memory: 8298, vote_loss: 3.5817, objectness_loss: 0.3671, semantic_loss: 0.4423, center_loss: 0.4870, dir_class_loss: 1.0308, dir_res_loss: 0.6926, size_class_loss: 0.4423, size_res_loss: 0.2913, loss: 7.3352, grad_norm: 8.2048
2026-05-03 17:12:45,476 - mmdet - INFO - Epoch [17][1650/1652]	lr: 8.000e-03, eta: 2:06:04, time: 0.241, data_time: 0.017, memory: 8298, vote_loss: 3.4868, objectness_loss: 0.3938, semantic_loss: 0.4179, center_loss: 0.5035, dir_class_loss: 0.9277, dir_res_loss: 0.6889, size_class_loss: 0.4179, size_res_loss: 0.2666, loss: 7.1033, grad_norm: 7.8316
2026-05-03 17:12:46,017 - mmdet - INFO - Saving checkpoint at 17 epochs
2026-05-03 17:13:00,747 - mmdet - INFO - Epoch [18][50/1652]	lr: 8.000e-03, eta: 2:05:54, time: 0.294, data_time: 0.069, memory: 8298, vote_loss: 3.4417, objectness_loss: 0.3665, semantic_loss: 0.3854, center_loss: 0.4759, dir_class_loss: 1.0245, dir_res_loss: 0.7782, size_class_loss: 0.3854, size_res_loss: 0.2902, loss: 7.1478, grad_norm: 7.3876
2026-05-03 17:13:12,780 - mmdet - INFO - Epoch [18][100/1652]	lr: 8.000e-03, eta: 2:05:42, time: 0.241, data_time: 0.016, memory: 8298, vote_loss: 3.6240, objectness_loss: 0.3844, semantic_loss: 0.3662, center_loss: 0.4612, dir_class_loss: 0.9604, dir_res_loss: 0.6945, size_class_loss: 0.3662, size_res_loss: 0.3143, loss: 7.1711, grad_norm: 7.5053
2026-05-03 17:13:24,749 - mmdet - INFO - Epoch [18][150/1652]	lr: 8.000e-03, eta: 2:05:30, time: 0.239, data_time: 0.015, memory: 8298, vote_loss: 3.5535, objectness_loss: 0.3829, semantic_loss: 0.4110, center_loss: 0.5044, dir_class_loss: 1.0073, dir_res_loss: 0.7125, size_class_loss: 0.4110, size_res_loss: 0.2827, loss: 7.2653, grad_norm: 8.5171
2026-05-03 17:13:36,761 - mmdet - INFO - Epoch [18][200/1652]	lr: 8.000e-03, eta: 2:05:18, time: 0.240, data_time: 0.015, memory: 8298, vote_loss: 3.5562, objectness_loss: 0.3759, semantic_loss: 0.3862, center_loss: 0.5304, dir_class_loss: 0.9765, dir_res_loss: 0.7002, size_class_loss: 0.3861, size_res_loss: 0.2992, loss: 7.2106, grad_norm: 8.1749
2026-05-03 17:13:48,939 - mmdet - INFO - Epoch [18][250/1652]	lr: 8.000e-03, eta: 2:05:06, time: 0.244, data_time: 0.016, memory: 8298, vote_loss: 3.4658, objectness_loss: 0.3815, semantic_loss: 0.3706, center_loss: 0.4789, dir_class_loss: 0.9489, dir_res_loss: 0.7257, size_class_loss: 0.3706, size_res_loss: 0.2826, loss: 7.0245, grad_norm: 7.7462
2026-05-03 17:14:01,023 - mmdet - INFO - Epoch [18][300/1652]	lr: 8.000e-03, eta: 2:04:54, time: 0.242, data_time: 0.016, memory: 8298, vote_loss: 3.5500, objectness_loss: 0.3897, semantic_loss: 0.4194, center_loss: 0.5021, dir_class_loss: 1.0164, dir_res_loss: 0.6784, size_class_loss: 0.4195, size_res_loss: 0.2884, loss: 7.2638, grad_norm: 15.3179
2026-05-03 17:14:12,980 - mmdet - INFO - Epoch [18][350/1652]	lr: 8.000e-03, eta: 2:04:42, time: 0.239, data_time: 0.015, memory: 8298, vote_loss: 3.5741, objectness_loss: 0.3996, semantic_loss: 0.4229, center_loss: 0.5256, dir_class_loss: 0.9664, dir_res_loss: 0.7548, size_class_loss: 0.4229, size_res_loss: 0.2613, loss: 7.3277, grad_norm: 8.2261
2026-05-03 17:14:24,875 - mmdet - INFO - Epoch [18][400/1652]	lr: 8.000e-03, eta: 2:04:29, time: 0.238, data_time: 0.015, memory: 8298, vote_loss: 3.4588, objectness_loss: 0.3499, semantic_loss: 0.4050, center_loss: 0.5171, dir_class_loss: 0.9769, dir_res_loss: 0.7324, size_class_loss: 0.4050, size_res_loss: 0.2781, loss: 7.1233, grad_norm: 7.9093
2026-05-03 17:14:36,765 - mmdet - INFO - Epoch [18][450/1652]	lr: 8.000e-03, eta: 2:04:17, time: 0.238, data_time: 0.015, memory: 8298, vote_loss: 3.4999, objectness_loss: 0.3589, semantic_loss: 0.4178, center_loss: 0.4847, dir_class_loss: 0.9350, dir_res_loss: 0.6727, size_class_loss: 0.4178, size_res_loss: 0.2884, loss: 7.0753, grad_norm: 8.9256
2026-05-03 17:14:48,741 - mmdet - INFO - Epoch [18][500/1652]	lr: 8.000e-03, eta: 2:04:05, time: 0.240, data_time: 0.015, memory: 8298, vote_loss: 3.5279, objectness_loss: 0.4109, semantic_loss: 0.4377, center_loss: 0.4862, dir_class_loss: 0.8724, dir_res_loss: 0.7530, size_class_loss: 0.4377, size_res_loss: 0.2553, loss: 7.1811, grad_norm: 8.1882
2026-05-03 17:15:00,698 - mmdet - INFO - Epoch [18][550/1652]	lr: 8.000e-03, eta: 2:03:53, time: 0.239, data_time: 0.016, memory: 8298, vote_loss: 3.5144, objectness_loss: 0.3715, semantic_loss: 0.3459, center_loss: 0.4806, dir_class_loss: 0.9171, dir_res_loss: 0.6529, size_class_loss: 0.3459, size_res_loss: 0.2800, loss: 6.9083, grad_norm: 7.7751
2026-05-03 17:15:12,645 - mmdet - INFO - Epoch [18][600/1652]	lr: 8.000e-03, eta: 2:03:41, time: 0.239, data_time: 0.016, memory: 8298, vote_loss: 3.6553, objectness_loss: 0.3652, semantic_loss: 0.4257, center_loss: 0.5150, dir_class_loss: 0.8648, dir_res_loss: 0.6507, size_class_loss: 0.4257, size_res_loss: 0.2979, loss: 7.2001, grad_norm: 8.9890
2026-05-03 17:15:24,635 - mmdet - INFO - Epoch [18][650/1652]	lr: 8.000e-03, eta: 2:03:29, time: 0.240, data_time: 0.016, memory: 8298, vote_loss: 3.6084, objectness_loss: 0.3440, semantic_loss: 0.4062, center_loss: 0.4766, dir_class_loss: 1.0360, dir_res_loss: 0.6918, size_class_loss: 0.4062, size_res_loss: 0.3027, loss: 7.2719, grad_norm: 7.8488
2026-05-03 17:15:36,619 - mmdet - INFO - Epoch [18][700/1652]	lr: 8.000e-03, eta: 2:03:16, time: 0.240, data_time: 0.016, memory: 8298, vote_loss: 3.5026, objectness_loss: 0.3785, semantic_loss: 0.4305, center_loss: 0.4711, dir_class_loss: 0.9289, dir_res_loss: 0.6707, size_class_loss: 0.4305, size_res_loss: 0.3264, loss: 7.1392, grad_norm: 7.7872
2026-05-03 17:15:48,615 - mmdet - INFO - Epoch [18][750/1652]	lr: 8.000e-03, eta: 2:03:04, time: 0.240, data_time: 0.016, memory: 8298, vote_loss: 3.6365, objectness_loss: 0.3847, semantic_loss: 0.4329, center_loss: 0.5628, dir_class_loss: 0.9949, dir_res_loss: 0.7054, size_class_loss: 0.4328, size_res_loss: 0.3011, loss: 7.4510, grad_norm: 7.8137
2026-05-03 17:16:00,573 - mmdet - INFO - Epoch [18][800/1652]	lr: 8.000e-03, eta: 2:02:52, time: 0.239, data_time: 0.016, memory: 8298, vote_loss: 3.5741, objectness_loss: 0.3656, semantic_loss: 0.4344, center_loss: 0.5505, dir_class_loss: 1.0090, dir_res_loss: 0.7738, size_class_loss: 0.4344, size_res_loss: 0.2868, loss: 7.4286, grad_norm: 8.4195
2026-05-03 17:16:12,574 - mmdet - INFO - Epoch [18][850/1652]	lr: 8.000e-03, eta: 2:02:40, time: 0.240, data_time: 0.016, memory: 8298, vote_loss: 3.6263, objectness_loss: 0.3651, semantic_loss: 0.4771, center_loss: 0.5073, dir_class_loss: 0.9982, dir_res_loss: 0.7116, size_class_loss: 0.4771, size_res_loss: 0.2965, loss: 7.4591, grad_norm: 7.9115
2026-05-03 17:16:24,623 - mmdet - INFO - Epoch [18][900/1652]	lr: 8.000e-03, eta: 2:02:28, time: 0.241, data_time: 0.016, memory: 8298, vote_loss: 3.4670, objectness_loss: 0.3802, semantic_loss: 0.4045, center_loss: 0.5211, dir_class_loss: 0.9784, dir_res_loss: 0.7205, size_class_loss: 0.4045, size_res_loss: 0.2750, loss: 7.1511, grad_norm: 8.4287
2026-05-03 17:16:36,567 - mmdet - INFO - Epoch [18][950/1652]	lr: 8.000e-03, eta: 2:02:16, time: 0.239, data_time: 0.016, memory: 8298, vote_loss: 3.6331, objectness_loss: 0.3552, semantic_loss: 0.4288, center_loss: 0.4766, dir_class_loss: 1.0062, dir_res_loss: 0.7847, size_class_loss: 0.4288, size_res_loss: 0.2766, loss: 7.3901, grad_norm: 7.9275
2026-05-03 17:16:48,599 - mmdet - INFO - Epoch [18][1000/1652]	lr: 8.000e-03, eta: 2:02:04, time: 0.241, data_time: 0.016, memory: 8298, vote_loss: 3.5253, objectness_loss: 0.4016, semantic_loss: 0.4230, center_loss: 0.4934, dir_class_loss: 0.9831, dir_res_loss: 0.7320, size_class_loss: 0.4230, size_res_loss: 0.3102, loss: 7.2917, grad_norm: 8.2248
2026-05-03 17:17:00,577 - mmdet - INFO - Epoch [18][1050/1652]	lr: 8.000e-03, eta: 2:01:52, time: 0.240, data_time: 0.016, memory: 8298, vote_loss: 3.6909, objectness_loss: 0.3325, semantic_loss: 0.3723, center_loss: 0.4804, dir_class_loss: 0.9661, dir_res_loss: 0.6868, size_class_loss: 0.3723, size_res_loss: 0.2860, loss: 7.1874, grad_norm: 7.9648
2026-05-03 17:17:12,549 - mmdet - INFO - Epoch [18][1100/1652]	lr: 8.000e-03, eta: 2:01:40, time: 0.239, data_time: 0.016, memory: 8298, vote_loss: 3.4950, objectness_loss: 0.3749, semantic_loss: 0.3744, center_loss: 0.4927, dir_class_loss: 0.8866, dir_res_loss: 0.7215, size_class_loss: 0.3744, size_res_loss: 0.2650, loss: 6.9847, grad_norm: 7.8802
2026-05-03 17:17:24,572 - mmdet - INFO - Epoch [18][1150/1652]	lr: 8.000e-03, eta: 2:01:27, time: 0.240, data_time: 0.016, memory: 8298, vote_loss: 3.4207, objectness_loss: 0.3906, semantic_loss: 0.4007, center_loss: 0.4641, dir_class_loss: 0.9525, dir_res_loss: 0.6471, size_class_loss: 0.4007, size_res_loss: 0.2917, loss: 6.9680, grad_norm: 8.0143
2026-05-03 17:17:36,611 - mmdet - INFO - Epoch [18][1200/1652]	lr: 8.000e-03, eta: 2:01:15, time: 0.241, data_time: 0.016, memory: 8298, vote_loss: 3.5279, objectness_loss: 0.3917, semantic_loss: 0.3623, center_loss: 0.5127, dir_class_loss: 0.9820, dir_res_loss: 0.6988, size_class_loss: 0.3623, size_res_loss: 0.2791, loss: 7.1169, grad_norm: 8.1143
2026-05-03 17:17:48,585 - mmdet - INFO - Epoch [18][1250/1652]	lr: 8.000e-03, eta: 2:01:03, time: 0.239, data_time: 0.016, memory: 8298, vote_loss: 3.7657, objectness_loss: 0.3634, semantic_loss: 0.4251, center_loss: 0.5209, dir_class_loss: 0.9948, dir_res_loss: 0.6975, size_class_loss: 0.4251, size_res_loss: 0.2911, loss: 7.4837, grad_norm: 8.2386
2026-05-03 17:18:00,544 - mmdet - INFO - Epoch [18][1300/1652]	lr: 8.000e-03, eta: 2:00:51, time: 0.239, data_time: 0.016, memory: 8298, vote_loss: 3.5429, objectness_loss: 0.3532, semantic_loss: 0.4273, center_loss: 0.4859, dir_class_loss: 0.9934, dir_res_loss: 0.7193, size_class_loss: 0.4273, size_res_loss: 0.3016, loss: 7.2508, grad_norm: 8.1425
2026-05-03 17:18:12,467 - mmdet - INFO - Epoch [18][1350/1652]	lr: 8.000e-03, eta: 2:00:39, time: 0.238, data_time: 0.015, memory: 8298, vote_loss: 3.4753, objectness_loss: 0.3655, semantic_loss: 0.3855, center_loss: 0.5056, dir_class_loss: 0.9319, dir_res_loss: 0.7041, size_class_loss: 0.3855, size_res_loss: 0.2733, loss: 7.0266, grad_norm: 7.8609
2026-05-03 17:18:24,431 - mmdet - INFO - Epoch [18][1400/1652]	lr: 8.000e-03, eta: 2:00:27, time: 0.239, data_time: 0.016, memory: 8298, vote_loss: 3.4133, objectness_loss: 0.3805, semantic_loss: 0.3995, center_loss: 0.4904, dir_class_loss: 0.9669, dir_res_loss: 0.7162, size_class_loss: 0.3995, size_res_loss: 0.2905, loss: 7.0569, grad_norm: 8.1278
2026-05-03 17:18:36,371 - mmdet - INFO - Epoch [18][1450/1652]	lr: 8.000e-03, eta: 2:00:15, time: 0.239, data_time: 0.015, memory: 8298, vote_loss: 3.4465, objectness_loss: 0.3877, semantic_loss: 0.3920, center_loss: 0.4672, dir_class_loss: 0.8584, dir_res_loss: 0.5888, size_class_loss: 0.3920, size_res_loss: 0.2954, loss: 6.8280, grad_norm: 7.9995
2026-05-03 17:18:48,284 - mmdet - INFO - Epoch [18][1500/1652]	lr: 8.000e-03, eta: 2:00:02, time: 0.238, data_time: 0.016, memory: 8298, vote_loss: 3.4159, objectness_loss: 0.4047, semantic_loss: 0.4615, center_loss: 0.4798, dir_class_loss: 0.9817, dir_res_loss: 0.7148, size_class_loss: 0.4615, size_res_loss: 0.2973, loss: 7.2173, grad_norm: 8.3366
2026-05-03 17:19:00,503 - mmdet - INFO - Epoch [18][1550/1652]	lr: 8.000e-03, eta: 1:59:51, time: 0.244, data_time: 0.016, memory: 8298, vote_loss: 3.5344, objectness_loss: 0.3880, semantic_loss: 0.3882, center_loss: 0.4941, dir_class_loss: 0.9102, dir_res_loss: 0.6744, size_class_loss: 0.3882, size_res_loss: 0.2787, loss: 7.0561, grad_norm: 8.1679
2026-05-03 17:19:12,457 - mmdet - INFO - Epoch [18][1600/1652]	lr: 8.000e-03, eta: 1:59:38, time: 0.239, data_time: 0.016, memory: 8298, vote_loss: 3.7550, objectness_loss: 0.4070, semantic_loss: 0.3864, center_loss: 0.4977, dir_class_loss: 0.9196, dir_res_loss: 0.6880, size_class_loss: 0.3864, size_res_loss: 0.2768, loss: 7.3168, grad_norm: 8.3869
2026-05-03 17:19:24,445 - mmdet - INFO - Epoch [18][1650/1652]	lr: 8.000e-03, eta: 1:59:26, time: 0.240, data_time: 0.016, memory: 8298, vote_loss: 3.5860, objectness_loss: 0.3986, semantic_loss: 0.4030, center_loss: 0.4907, dir_class_loss: 0.8719, dir_res_loss: 0.6755, size_class_loss: 0.4030, size_res_loss: 0.2763, loss: 7.1049, grad_norm: 8.9454
2026-05-03 17:19:24,971 - mmdet - INFO - Saving checkpoint at 18 epochs
2026-05-03 17:19:39,994 - mmdet - INFO - Epoch [19][50/1652]	lr: 8.000e-03, eta: 1:59:16, time: 0.300, data_time: 0.075, memory: 8298, vote_loss: 3.5220, objectness_loss: 0.3868, semantic_loss: 0.4370, center_loss: 0.4722, dir_class_loss: 0.9134, dir_res_loss: 0.6879, size_class_loss: 0.4370, size_res_loss: 0.3256, loss: 7.1818, grad_norm: 7.8156
2026-05-03 17:19:52,064 - mmdet - INFO - Epoch [19][100/1652]	lr: 8.000e-03, eta: 1:59:04, time: 0.241, data_time: 0.016, memory: 8298, vote_loss: 3.4210, objectness_loss: 0.3707, semantic_loss: 0.4290, center_loss: 0.4963, dir_class_loss: 0.9233, dir_res_loss: 0.6790, size_class_loss: 0.4290, size_res_loss: 0.2727, loss: 7.0211, grad_norm: 7.7658
2026-05-03 17:20:04,200 - mmdet - INFO - Epoch [19][150/1652]	lr: 8.000e-03, eta: 1:58:52, time: 0.243, data_time: 0.017, memory: 8298, vote_loss: 3.5833, objectness_loss: 0.4052, semantic_loss: 0.4111, center_loss: 0.4945, dir_class_loss: 1.0239, dir_res_loss: 0.7250, size_class_loss: 0.4111, size_res_loss: 0.2754, loss: 7.3295, grad_norm: 8.2901
2026-05-03 17:20:16,254 - mmdet - INFO - Epoch [19][200/1652]	lr: 8.000e-03, eta: 1:58:40, time: 0.241, data_time: 0.016, memory: 8298, vote_loss: 3.5747, objectness_loss: 0.3767, semantic_loss: 0.4503, center_loss: 0.4713, dir_class_loss: 0.9353, dir_res_loss: 0.7018, size_class_loss: 0.4503, size_res_loss: 0.2733, loss: 7.2336, grad_norm: 7.8295
2026-05-03 17:20:28,508 - mmdet - INFO - Epoch [19][250/1652]	lr: 8.000e-03, eta: 1:58:28, time: 0.245, data_time: 0.020, memory: 8298, vote_loss: 3.4431, objectness_loss: 0.3657, semantic_loss: 0.3783, center_loss: 0.4816, dir_class_loss: 0.9351, dir_res_loss: 0.6711, size_class_loss: 0.3783, size_res_loss: 0.2899, loss: 6.9431, grad_norm: 7.1832
2026-05-03 17:20:40,471 - mmdet - INFO - Epoch [19][300/1652]	lr: 8.000e-03, eta: 1:58:16, time: 0.239, data_time: 0.016, memory: 8298, vote_loss: 3.4035, objectness_loss: 0.3650, semantic_loss: 0.4141, center_loss: 0.5063, dir_class_loss: 0.9587, dir_res_loss: 0.7261, size_class_loss: 0.4141, size_res_loss: 0.2615, loss: 7.0493, grad_norm: 9.4868
2026-05-03 17:20:52,398 - mmdet - INFO - Epoch [19][350/1652]	lr: 8.000e-03, eta: 1:58:04, time: 0.239, data_time: 0.016, memory: 8298, vote_loss: 3.6052, objectness_loss: 0.3832, semantic_loss: 0.4233, center_loss: 0.5057, dir_class_loss: 0.9900, dir_res_loss: 0.6995, size_class_loss: 0.4233, size_res_loss: 0.2692, loss: 7.2992, grad_norm: 8.2989
2026-05-03 17:21:04,425 - mmdet - INFO - Epoch [19][400/1652]	lr: 8.000e-03, eta: 1:57:52, time: 0.241, data_time: 0.016, memory: 8298, vote_loss: 3.4907, objectness_loss: 0.3587, semantic_loss: 0.3810, center_loss: 0.5134, dir_class_loss: 0.9726, dir_res_loss: 0.7120, size_class_loss: 0.3810, size_res_loss: 0.2795, loss: 7.0889, grad_norm: 8.5554
2026-05-03 17:21:16,458 - mmdet - INFO - Epoch [19][450/1652]	lr: 8.000e-03, eta: 1:57:40, time: 0.241, data_time: 0.017, memory: 8298, vote_loss: 3.5665, objectness_loss: 0.3892, semantic_loss: 0.3798, center_loss: 0.4741, dir_class_loss: 0.9454, dir_res_loss: 0.6909, size_class_loss: 0.3798, size_res_loss: 0.2865, loss: 7.1121, grad_norm: 7.2356
2026-05-03 17:21:28,446 - mmdet - INFO - Epoch [19][500/1652]	lr: 8.000e-03, eta: 1:57:28, time: 0.240, data_time: 0.016, memory: 8298, vote_loss: 3.6209, objectness_loss: 0.3599, semantic_loss: 0.3663, center_loss: 0.4849, dir_class_loss: 0.9760, dir_res_loss: 0.7020, size_class_loss: 0.3663, size_res_loss: 0.2872, loss: 7.1635, grad_norm: 8.1260
2026-05-03 17:21:40,478 - mmdet - INFO - Epoch [19][550/1652]	lr: 8.000e-03, eta: 1:57:16, time: 0.241, data_time: 0.016, memory: 8298, vote_loss: 3.6438, objectness_loss: 0.3510, semantic_loss: 0.3547, center_loss: 0.4489, dir_class_loss: 0.9041, dir_res_loss: 0.6659, size_class_loss: 0.3547, size_res_loss: 0.2959, loss: 7.0191, grad_norm: 7.5670
2026-05-03 17:21:52,545 - mmdet - INFO - Epoch [19][600/1652]	lr: 8.000e-03, eta: 1:57:04, time: 0.241, data_time: 0.017, memory: 8298, vote_loss: 3.3520, objectness_loss: 0.3686, semantic_loss: 0.3727, center_loss: 0.4599, dir_class_loss: 0.8860, dir_res_loss: 0.6806, size_class_loss: 0.3727, size_res_loss: 0.3111, loss: 6.8036, grad_norm: 7.5435
2026-05-03 17:22:04,541 - mmdet - INFO - Epoch [19][650/1652]	lr: 8.000e-03, eta: 1:56:51, time: 0.240, data_time: 0.017, memory: 8298, vote_loss: 3.6945, objectness_loss: 0.3693, semantic_loss: 0.3461, center_loss: 0.4653, dir_class_loss: 1.0496, dir_res_loss: 0.7419, size_class_loss: 0.3461, size_res_loss: 0.2775, loss: 7.2904, grad_norm: 8.3089
2026-05-03 17:22:16,595 - mmdet - INFO - Epoch [19][700/1652]	lr: 8.000e-03, eta: 1:56:39, time: 0.241, data_time: 0.016, memory: 8298, vote_loss: 3.4112, objectness_loss: 0.3747, semantic_loss: 0.3685, center_loss: 0.4686, dir_class_loss: 0.9618, dir_res_loss: 0.7426, size_class_loss: 0.3685, size_res_loss: 0.2805, loss: 6.9764, grad_norm: 8.0038
2026-05-03 17:22:28,602 - mmdet - INFO - Epoch [19][750/1652]	lr: 8.000e-03, eta: 1:56:27, time: 0.240, data_time: 0.016, memory: 8298, vote_loss: 3.4344, objectness_loss: 0.3758, semantic_loss: 0.3380, center_loss: 0.4750, dir_class_loss: 0.9289, dir_res_loss: 0.7274, size_class_loss: 0.3380, size_res_loss: 0.2343, loss: 6.8519, grad_norm: 7.9373
2026-05-03 17:22:40,611 - mmdet - INFO - Epoch [19][800/1652]	lr: 8.000e-03, eta: 1:56:15, time: 0.240, data_time: 0.016, memory: 8298, vote_loss: 3.6226, objectness_loss: 0.3781, semantic_loss: 0.4277, center_loss: 0.5279, dir_class_loss: 0.9699, dir_res_loss: 0.6655, size_class_loss: 0.4277, size_res_loss: 0.3071, loss: 7.3265, grad_norm: 8.8057
2026-05-03 17:22:52,612 - mmdet - INFO - Epoch [19][850/1652]	lr: 8.000e-03, eta: 1:56:03, time: 0.240, data_time: 0.016, memory: 8298, vote_loss: 3.3527, objectness_loss: 0.3740, semantic_loss: 0.3938, center_loss: 0.4952, dir_class_loss: 0.9234, dir_res_loss: 0.7658, size_class_loss: 0.3938, size_res_loss: 0.2678, loss: 6.9663, grad_norm: 8.9389
2026-05-03 17:23:04,627 - mmdet - INFO - Epoch [19][900/1652]	lr: 8.000e-03, eta: 1:55:51, time: 0.240, data_time: 0.016, memory: 8298, vote_loss: 3.4155, objectness_loss: 0.3786, semantic_loss: 0.4305, center_loss: 0.4659, dir_class_loss: 0.9518, dir_res_loss: 0.7177, size_class_loss: 0.4305, size_res_loss: 0.2688, loss: 7.0594, grad_norm: 7.4367
2026-05-03 17:23:16,670 - mmdet - INFO - Epoch [19][950/1652]	lr: 8.000e-03, eta: 1:55:39, time: 0.241, data_time: 0.016, memory: 8298, vote_loss: 3.5326, objectness_loss: 0.3515, semantic_loss: 0.3524, center_loss: 0.4768, dir_class_loss: 0.9562, dir_res_loss: 0.6731, size_class_loss: 0.3524, size_res_loss: 0.2939, loss: 6.9888, grad_norm: 8.4011
2026-05-03 17:23:28,657 - mmdet - INFO - Epoch [19][1000/1652]	lr: 8.000e-03, eta: 1:55:27, time: 0.240, data_time: 0.016, memory: 8298, vote_loss: 3.4311, objectness_loss: 0.3748, semantic_loss: 0.3617, center_loss: 0.4901, dir_class_loss: 0.8816, dir_res_loss: 0.6594, size_class_loss: 0.3617, size_res_loss: 0.2846, loss: 6.8449, grad_norm: 8.1652
2026-05-03 17:23:40,700 - mmdet - INFO - Epoch [19][1050/1652]	lr: 8.000e-03, eta: 1:55:15, time: 0.241, data_time: 0.017, memory: 8298, vote_loss: 3.5460, objectness_loss: 0.3831, semantic_loss: 0.4786, center_loss: 0.5172, dir_class_loss: 0.9408, dir_res_loss: 0.6653, size_class_loss: 0.4786, size_res_loss: 0.2926, loss: 7.3022, grad_norm: 8.1519
2026-05-03 17:23:52,636 - mmdet - INFO - Epoch [19][1100/1652]	lr: 8.000e-03, eta: 1:55:03, time: 0.239, data_time: 0.016, memory: 8298, vote_loss: 3.4875, objectness_loss: 0.3753, semantic_loss: 0.4508, center_loss: 0.5610, dir_class_loss: 0.9664, dir_res_loss: 0.6571, size_class_loss: 0.4508, size_res_loss: 0.3043, loss: 7.2533, grad_norm: 7.9087
2026-05-03 17:24:04,550 - mmdet - INFO - Epoch [19][1150/1652]	lr: 8.000e-03, eta: 1:54:50, time: 0.238, data_time: 0.016, memory: 8298, vote_loss: 3.6244, objectness_loss: 0.3665, semantic_loss: 0.4103, center_loss: 0.5162, dir_class_loss: 0.9098, dir_res_loss: 0.6968, size_class_loss: 0.4103, size_res_loss: 0.2893, loss: 7.2236, grad_norm: 8.6835
2026-05-03 17:24:16,516 - mmdet - INFO - Epoch [19][1200/1652]	lr: 8.000e-03, eta: 1:54:38, time: 0.239, data_time: 0.016, memory: 8298, vote_loss: 3.4696, objectness_loss: 0.3775, semantic_loss: 0.3811, center_loss: 0.5119, dir_class_loss: 1.0050, dir_res_loss: 0.6999, size_class_loss: 0.3811, size_res_loss: 0.2694, loss: 7.0955, grad_norm: 8.5387
2026-05-03 17:24:28,472 - mmdet - INFO - Epoch [19][1250/1652]	lr: 8.000e-03, eta: 1:54:26, time: 0.239, data_time: 0.016, memory: 8298, vote_loss: 3.8585, objectness_loss: 0.3672, semantic_loss: 0.4291, center_loss: 0.5257, dir_class_loss: 0.9582, dir_res_loss: 0.6514, size_class_loss: 0.4291, size_res_loss: 0.3090, loss: 7.5281, grad_norm: 8.0169
2026-05-03 17:24:40,415 - mmdet - INFO - Epoch [19][1300/1652]	lr: 8.000e-03, eta: 1:54:14, time: 0.239, data_time: 0.016, memory: 8298, vote_loss: 3.4634, objectness_loss: 0.3604, semantic_loss: 0.3880, center_loss: 0.4887, dir_class_loss: 0.8813, dir_res_loss: 0.6591, size_class_loss: 0.3880, size_res_loss: 0.2633, loss: 6.8924, grad_norm: 8.1565
2026-05-03 17:24:52,377 - mmdet - INFO - Epoch [19][1350/1652]	lr: 8.000e-03, eta: 1:54:02, time: 0.239, data_time: 0.015, memory: 8298, vote_loss: 3.6069, objectness_loss: 0.3705, semantic_loss: 0.4076, center_loss: 0.4874, dir_class_loss: 0.9488, dir_res_loss: 0.6730, size_class_loss: 0.4076, size_res_loss: 0.2750, loss: 7.1768, grad_norm: 7.9689
2026-05-03 17:25:04,383 - mmdet - INFO - Epoch [19][1400/1652]	lr: 8.000e-03, eta: 1:53:50, time: 0.240, data_time: 0.016, memory: 8298, vote_loss: 3.5363, objectness_loss: 0.3690, semantic_loss: 0.4156, center_loss: 0.4699, dir_class_loss: 0.9825, dir_res_loss: 0.8201, size_class_loss: 0.4156, size_res_loss: 0.3126, loss: 7.3216, grad_norm: 8.2394
2026-05-03 17:25:16,363 - mmdet - INFO - Epoch [19][1450/1652]	lr: 8.000e-03, eta: 1:53:38, time: 0.240, data_time: 0.016, memory: 8298, vote_loss: 3.5741, objectness_loss: 0.3733, semantic_loss: 0.3897, center_loss: 0.4982, dir_class_loss: 0.9067, dir_res_loss: 0.6466, size_class_loss: 0.3897, size_res_loss: 0.2475, loss: 7.0259, grad_norm: 8.3638
2026-05-03 17:25:28,332 - mmdet - INFO - Epoch [19][1500/1652]	lr: 8.000e-03, eta: 1:53:26, time: 0.239, data_time: 0.016, memory: 8298, vote_loss: 3.3685, objectness_loss: 0.3791, semantic_loss: 0.3817, center_loss: 0.4731, dir_class_loss: 0.9426, dir_res_loss: 0.6178, size_class_loss: 0.3817, size_res_loss: 0.2783, loss: 6.8230, grad_norm: 7.7048
2026-05-03 17:25:40,290 - mmdet - INFO - Epoch [19][1550/1652]	lr: 8.000e-03, eta: 1:53:13, time: 0.239, data_time: 0.016, memory: 8298, vote_loss: 3.5179, objectness_loss: 0.3644, semantic_loss: 0.4118, center_loss: 0.5037, dir_class_loss: 1.0168, dir_res_loss: 0.6548, size_class_loss: 0.4119, size_res_loss: 0.2953, loss: 7.1765, grad_norm: 7.9000
2026-05-03 17:25:52,213 - mmdet - INFO - Epoch [19][1600/1652]	lr: 8.000e-03, eta: 1:53:01, time: 0.238, data_time: 0.016, memory: 8298, vote_loss: 3.5895, objectness_loss: 0.3622, semantic_loss: 0.4258, center_loss: 0.4962, dir_class_loss: 0.9854, dir_res_loss: 0.7095, size_class_loss: 0.4258, size_res_loss: 0.3219, loss: 7.3161, grad_norm: 8.3629
2026-05-03 17:26:04,157 - mmdet - INFO - Epoch [19][1650/1652]	lr: 8.000e-03, eta: 1:52:49, time: 0.239, data_time: 0.016, memory: 8298, vote_loss: 3.3733, objectness_loss: 0.3709, semantic_loss: 0.4465, center_loss: 0.4808, dir_class_loss: 0.9970, dir_res_loss: 0.6688, size_class_loss: 0.4465, size_res_loss: 0.2893, loss: 7.0731, grad_norm: 8.2077
2026-05-03 17:26:04,679 - mmdet - INFO - Saving checkpoint at 19 epochs
2026-05-03 17:26:19,622 - mmdet - INFO - Epoch [20][50/1652]	lr: 8.000e-03, eta: 1:52:39, time: 0.298, data_time: 0.073, memory: 8298, vote_loss: 3.4835, objectness_loss: 0.3572, semantic_loss: 0.3873, center_loss: 0.5119, dir_class_loss: 0.9899, dir_res_loss: 0.6545, size_class_loss: 0.3873, size_res_loss: 0.2788, loss: 7.0505, grad_norm: 8.4631
2026-05-03 17:26:31,596 - mmdet - INFO - Epoch [20][100/1652]	lr: 8.000e-03, eta: 1:52:27, time: 0.239, data_time: 0.016, memory: 8298, vote_loss: 3.5103, objectness_loss: 0.3709, semantic_loss: 0.4446, center_loss: 0.4771, dir_class_loss: 0.9215, dir_res_loss: 0.7328, size_class_loss: 0.4446, size_res_loss: 0.3030, loss: 7.2048, grad_norm: 7.9842
2026-05-03 17:26:43,597 - mmdet - INFO - Epoch [20][150/1652]	lr: 8.000e-03, eta: 1:52:14, time: 0.240, data_time: 0.016, memory: 8298, vote_loss: 3.5355, objectness_loss: 0.3556, semantic_loss: 0.4204, center_loss: 0.4828, dir_class_loss: 0.9257, dir_res_loss: 0.6590, size_class_loss: 0.4204, size_res_loss: 0.3104, loss: 7.1099, grad_norm: 8.3398
2026-05-03 17:26:55,616 - mmdet - INFO - Epoch [20][200/1652]	lr: 8.000e-03, eta: 1:52:02, time: 0.240, data_time: 0.016, memory: 8298, vote_loss: 3.5528, objectness_loss: 0.3507, semantic_loss: 0.3883, center_loss: 0.4564, dir_class_loss: 0.9417, dir_res_loss: 0.6462, size_class_loss: 0.3883, size_res_loss: 0.3235, loss: 7.0479, grad_norm: 7.4060
2026-05-03 17:27:07,578 - mmdet - INFO - Epoch [20][250/1652]	lr: 8.000e-03, eta: 1:51:50, time: 0.239, data_time: 0.016, memory: 8298, vote_loss: 3.4542, objectness_loss: 0.3613, semantic_loss: 0.3387, center_loss: 0.5037, dir_class_loss: 0.9028, dir_res_loss: 0.7102, size_class_loss: 0.3387, size_res_loss: 0.2716, loss: 6.8812, grad_norm: 9.0608
2026-05-03 17:27:19,559 - mmdet - INFO - Epoch [20][300/1652]	lr: 8.000e-03, eta: 1:51:38, time: 0.240, data_time: 0.016, memory: 8298, vote_loss: 3.4009, objectness_loss: 0.3577, semantic_loss: 0.3810, center_loss: 0.4667, dir_class_loss: 0.9054, dir_res_loss: 0.6780, size_class_loss: 0.3810, size_res_loss: 0.2678, loss: 6.8383, grad_norm: 7.6409
2026-05-03 17:27:31,601 - mmdet - INFO - Epoch [20][350/1652]	lr: 8.000e-03, eta: 1:51:26, time: 0.241, data_time: 0.017, memory: 8298, vote_loss: 3.4702, objectness_loss: 0.3859, semantic_loss: 0.4041, center_loss: 0.4756, dir_class_loss: 0.9391, dir_res_loss: 0.7020, size_class_loss: 0.4041, size_res_loss: 0.2589, loss: 7.0400, grad_norm: 8.2022
2026-05-03 17:27:43,649 - mmdet - INFO - Epoch [20][400/1652]	lr: 8.000e-03, eta: 1:51:14, time: 0.241, data_time: 0.017, memory: 8298, vote_loss: 3.4260, objectness_loss: 0.3743, semantic_loss: 0.4129, center_loss: 0.4652, dir_class_loss: 0.9903, dir_res_loss: 0.7674, size_class_loss: 0.4129, size_res_loss: 0.2606, loss: 7.1096, grad_norm: 7.4760
2026-05-03 17:27:55,642 - mmdet - INFO - Epoch [20][450/1652]	lr: 8.000e-03, eta: 1:51:02, time: 0.240, data_time: 0.016, memory: 8298, vote_loss: 3.3797, objectness_loss: 0.3692, semantic_loss: 0.3633, center_loss: 0.4702, dir_class_loss: 1.0070, dir_res_loss: 0.8758, size_class_loss: 0.3633, size_res_loss: 0.2601, loss: 7.0884, grad_norm: 8.0668
2026-05-03 17:28:07,650 - mmdet - INFO - Epoch [20][500/1652]	lr: 8.000e-03, eta: 1:50:50, time: 0.240, data_time: 0.017, memory: 8298, vote_loss: 3.4295, objectness_loss: 0.3616, semantic_loss: 0.3823, center_loss: 0.5200, dir_class_loss: 0.9056, dir_res_loss: 0.7090, size_class_loss: 0.3823, size_res_loss: 0.2728, loss: 6.9631, grad_norm: 8.1367
2026-05-03 17:28:19,677 - mmdet - INFO - Epoch [20][550/1652]	lr: 8.000e-03, eta: 1:50:38, time: 0.241, data_time: 0.016, memory: 8298, vote_loss: 3.6198, objectness_loss: 0.3710, semantic_loss: 0.4279, center_loss: 0.5208, dir_class_loss: 0.9777, dir_res_loss: 0.7350, size_class_loss: 0.4279, size_res_loss: 0.3087, loss: 7.3887, grad_norm: 8.1274
2026-05-03 17:28:31,667 - mmdet - INFO - Epoch [20][600/1652]	lr: 8.000e-03, eta: 1:50:26, time: 0.240, data_time: 0.016, memory: 8298, vote_loss: 3.4801, objectness_loss: 0.3556, semantic_loss: 0.3637, center_loss: 0.4678, dir_class_loss: 0.9765, dir_res_loss: 0.7042, size_class_loss: 0.3637, size_res_loss: 0.2546, loss: 6.9662, grad_norm: 7.1131
2026-05-03 17:28:43,658 - mmdet - INFO - Epoch [20][650/1652]	lr: 8.000e-03, eta: 1:50:13, time: 0.240, data_time: 0.016, memory: 8298, vote_loss: 3.4621, objectness_loss: 0.3768, semantic_loss: 0.3804, center_loss: 0.5083, dir_class_loss: 0.9091, dir_res_loss: 0.6412, size_class_loss: 0.3804, size_res_loss: 0.2801, loss: 6.9385, grad_norm: 7.8485
2026-05-03 17:28:55,692 - mmdet - INFO - Epoch [20][700/1652]	lr: 8.000e-03, eta: 1:50:01, time: 0.241, data_time: 0.017, memory: 8298, vote_loss: 3.4186, objectness_loss: 0.3714, semantic_loss: 0.4294, center_loss: 0.4470, dir_class_loss: 0.9342, dir_res_loss: 0.6907, size_class_loss: 0.4294, size_res_loss: 0.2637, loss: 6.9843, grad_norm: 7.4731
2026-05-03 17:29:07,668 - mmdet - INFO - Epoch [20][750/1652]	lr: 8.000e-03, eta: 1:49:49, time: 0.240, data_time: 0.016, memory: 8298, vote_loss: 3.5241, objectness_loss: 0.3857, semantic_loss: 0.3924, center_loss: 0.4751, dir_class_loss: 0.9725, dir_res_loss: 0.6622, size_class_loss: 0.3924, size_res_loss: 0.2954, loss: 7.0999, grad_norm: 8.5718
2026-05-03 17:29:19,725 - mmdet - INFO - Epoch [20][800/1652]	lr: 8.000e-03, eta: 1:49:37, time: 0.241, data_time: 0.017, memory: 8298, vote_loss: 3.4342, objectness_loss: 0.3659, semantic_loss: 0.3711, center_loss: 0.4761, dir_class_loss: 0.9477, dir_res_loss: 0.7077, size_class_loss: 0.3710, size_res_loss: 0.2764, loss: 6.9501, grad_norm: 8.1256
2026-05-03 17:29:31,631 - mmdet - INFO - Epoch [20][850/1652]	lr: 8.000e-03, eta: 1:49:25, time: 0.238, data_time: 0.015, memory: 8298, vote_loss: 3.4576, objectness_loss: 0.3863, semantic_loss: 0.3663, center_loss: 0.5912, dir_class_loss: 0.8406, dir_res_loss: 0.6661, size_class_loss: 0.3663, size_res_loss: 0.2700, loss: 6.9444, grad_norm: 8.3659
2026-05-03 17:29:43,563 - mmdet - INFO - Epoch [20][900/1652]	lr: 8.000e-03, eta: 1:49:13, time: 0.239, data_time: 0.015, memory: 8298, vote_loss: 3.6483, objectness_loss: 0.3747, semantic_loss: 0.4358, center_loss: 0.4659, dir_class_loss: 0.9740, dir_res_loss: 0.6303, size_class_loss: 0.4358, size_res_loss: 0.2837, loss: 7.2485, grad_norm: 7.5384
2026-05-03 17:29:55,504 - mmdet - INFO - Epoch [20][950/1652]	lr: 8.000e-03, eta: 1:49:01, time: 0.239, data_time: 0.015, memory: 8298, vote_loss: 3.5422, objectness_loss: 0.3855, semantic_loss: 0.4532, center_loss: 0.6336, dir_class_loss: 1.0026, dir_res_loss: 0.7353, size_class_loss: 0.4532, size_res_loss: 0.2608, loss: 7.4663, grad_norm: 8.1223
2026-05-03 17:30:07,413 - mmdet - INFO - Epoch [20][1000/1652]	lr: 8.000e-03, eta: 1:48:49, time: 0.238, data_time: 0.015, memory: 8298, vote_loss: 3.5868, objectness_loss: 0.3826, semantic_loss: 0.4095, center_loss: 0.4981, dir_class_loss: 0.8936, dir_res_loss: 0.6622, size_class_loss: 0.4095, size_res_loss: 0.2883, loss: 7.1306, grad_norm: 8.6594
2026-05-03 17:30:19,327 - mmdet - INFO - Epoch [20][1050/1652]	lr: 8.000e-03, eta: 1:48:36, time: 0.238, data_time: 0.015, memory: 8298, vote_loss: 3.5424, objectness_loss: 0.3814, semantic_loss: 0.4669, center_loss: 0.4736, dir_class_loss: 0.9422, dir_res_loss: 0.7146, size_class_loss: 0.4669, size_res_loss: 0.2966, loss: 7.2846, grad_norm: 8.2651
2026-05-03 17:30:31,181 - mmdet - INFO - Epoch [20][1100/1652]	lr: 8.000e-03, eta: 1:48:24, time: 0.237, data_time: 0.015, memory: 8298, vote_loss: 3.5014, objectness_loss: 0.3628, semantic_loss: 0.4311, center_loss: 0.4850, dir_class_loss: 0.9549, dir_res_loss: 0.7037, size_class_loss: 0.4311, size_res_loss: 0.2992, loss: 7.1692, grad_norm: 8.2950
2026-05-03 17:30:43,163 - mmdet - INFO - Epoch [20][1150/1652]	lr: 8.000e-03, eta: 1:48:12, time: 0.240, data_time: 0.015, memory: 8298, vote_loss: 3.5777, objectness_loss: 0.3605, semantic_loss: 0.4167, center_loss: 0.4829, dir_class_loss: 1.0151, dir_res_loss: 0.7760, size_class_loss: 0.4167, size_res_loss: 0.3202, loss: 7.3658, grad_norm: 8.1240
2026-05-03 17:30:55,085 - mmdet - INFO - Epoch [20][1200/1652]	lr: 8.000e-03, eta: 1:48:00, time: 0.238, data_time: 0.015, memory: 8298, vote_loss: 3.4156, objectness_loss: 0.3876, semantic_loss: 0.3743, center_loss: 0.4301, dir_class_loss: 0.8952, dir_res_loss: 0.7156, size_class_loss: 0.3743, size_res_loss: 0.2716, loss: 6.8643, grad_norm: 7.6463
2026-05-03 17:31:07,011 - mmdet - INFO - Epoch [20][1250/1652]	lr: 8.000e-03, eta: 1:47:48, time: 0.239, data_time: 0.015, memory: 8298, vote_loss: 3.3514, objectness_loss: 0.3581, semantic_loss: 0.3908, center_loss: 0.4416, dir_class_loss: 0.9741, dir_res_loss: 0.7327, size_class_loss: 0.3908, size_res_loss: 0.2789, loss: 6.9183, grad_norm: 7.5452
2026-05-03 17:31:18,979 - mmdet - INFO - Epoch [20][1300/1652]	lr: 8.000e-03, eta: 1:47:36, time: 0.239, data_time: 0.016, memory: 8298, vote_loss: 3.6611, objectness_loss: 0.3853, semantic_loss: 0.3878, center_loss: 0.4674, dir_class_loss: 1.0406, dir_res_loss: 0.7393, size_class_loss: 0.3878, size_res_loss: 0.2771, loss: 7.3466, grad_norm: 7.9269
2026-05-03 17:31:31,109 - mmdet - INFO - Epoch [20][1350/1652]	lr: 8.000e-03, eta: 1:47:24, time: 0.243, data_time: 0.019, memory: 8298, vote_loss: 3.6191, objectness_loss: 0.3888, semantic_loss: 0.4043, center_loss: 0.5060, dir_class_loss: 0.9030, dir_res_loss: 0.6050, size_class_loss: 0.4043, size_res_loss: 0.3135, loss: 7.1440, grad_norm: 8.3819
2026-05-03 17:31:43,020 - mmdet - INFO - Epoch [20][1400/1652]	lr: 8.000e-03, eta: 1:47:11, time: 0.238, data_time: 0.015, memory: 8298, vote_loss: 3.4606, objectness_loss: 0.3816, semantic_loss: 0.4098, center_loss: 0.4675, dir_class_loss: 0.9602, dir_res_loss: 0.6185, size_class_loss: 0.4098, size_res_loss: 0.2676, loss: 6.9757, grad_norm: 8.3748
2026-05-03 17:31:55,145 - mmdet - INFO - Epoch [20][1450/1652]	lr: 8.000e-03, eta: 1:46:59, time: 0.242, data_time: 0.016, memory: 8298, vote_loss: 3.4930, objectness_loss: 0.3465, semantic_loss: 0.3695, center_loss: 0.4752, dir_class_loss: 0.9420, dir_res_loss: 0.7069, size_class_loss: 0.3695, size_res_loss: 0.2729, loss: 6.9756, grad_norm: 8.2119
2026-05-03 17:32:07,061 - mmdet - INFO - Epoch [20][1500/1652]	lr: 8.000e-03, eta: 1:46:47, time: 0.238, data_time: 0.016, memory: 8298, vote_loss: 3.5326, objectness_loss: 0.4157, semantic_loss: 0.4502, center_loss: 0.5048, dir_class_loss: 0.9005, dir_res_loss: 0.6666, size_class_loss: 0.4502, size_res_loss: 0.2935, loss: 7.2141, grad_norm: 8.8068
2026-05-03 17:32:18,987 - mmdet - INFO - Epoch [20][1550/1652]	lr: 8.000e-03, eta: 1:46:35, time: 0.239, data_time: 0.016, memory: 8298, vote_loss: 3.4172, objectness_loss: 0.3677, semantic_loss: 0.4372, center_loss: 0.4503, dir_class_loss: 0.9745, dir_res_loss: 0.5893, size_class_loss: 0.4372, size_res_loss: 0.3125, loss: 6.9858, grad_norm: 7.7674
2026-05-03 17:32:30,957 - mmdet - INFO - Epoch [20][1600/1652]	lr: 8.000e-03, eta: 1:46:23, time: 0.239, data_time: 0.017, memory: 8298, vote_loss: 3.5026, objectness_loss: 0.3555, semantic_loss: 0.3703, center_loss: 0.4734, dir_class_loss: 0.8521, dir_res_loss: 0.6875, size_class_loss: 0.3703, size_res_loss: 0.2750, loss: 6.8866, grad_norm: 7.6939
2026-05-03 17:32:42,892 - mmdet - INFO - Epoch [20][1650/1652]	lr: 8.000e-03, eta: 1:46:11, time: 0.239, data_time: 0.016, memory: 8298, vote_loss: 3.4601, objectness_loss: 0.3696, semantic_loss: 0.3916, center_loss: 0.4454, dir_class_loss: 1.0091, dir_res_loss: 0.6167, size_class_loss: 0.3916, size_res_loss: 0.3116, loss: 6.9955, grad_norm: 7.2433
2026-05-03 17:32:43,404 - mmdet - INFO - Saving checkpoint at 20 epochs
2026-05-03 17:32:58,290 - mmdet - INFO - Epoch [21][50/1652]	lr: 8.000e-03, eta: 1:46:00, time: 0.297, data_time: 0.073, memory: 8298, vote_loss: 3.4471, objectness_loss: 0.3858, semantic_loss: 0.3322, center_loss: 0.4480, dir_class_loss: 0.9202, dir_res_loss: 0.6989, size_class_loss: 0.3322, size_res_loss: 0.2777, loss: 6.8419, grad_norm: 7.5769
2026-05-03 17:33:10,281 - mmdet - INFO - Epoch [21][100/1652]	lr: 8.000e-03, eta: 1:45:48, time: 0.240, data_time: 0.016, memory: 8298, vote_loss: 3.3393, objectness_loss: 0.3876, semantic_loss: 0.3829, center_loss: 0.4986, dir_class_loss: 0.9481, dir_res_loss: 0.6345, size_class_loss: 0.3829, size_res_loss: 0.2990, loss: 6.8729, grad_norm: 7.4241
2026-05-03 17:33:22,200 - mmdet - INFO - Epoch [21][150/1652]	lr: 8.000e-03, eta: 1:45:36, time: 0.238, data_time: 0.016, memory: 8298, vote_loss: 3.5339, objectness_loss: 0.3848, semantic_loss: 0.3636, center_loss: 0.5023, dir_class_loss: 0.9012, dir_res_loss: 0.6584, size_class_loss: 0.3636, size_res_loss: 0.2732, loss: 6.9811, grad_norm: 8.0829
2026-05-03 17:33:34,187 - mmdet - INFO - Epoch [21][200/1652]	lr: 8.000e-03, eta: 1:45:24, time: 0.240, data_time: 0.016, memory: 8298, vote_loss: 3.3051, objectness_loss: 0.3409, semantic_loss: 0.3646, center_loss: 0.4717, dir_class_loss: 0.9566, dir_res_loss: 0.8129, size_class_loss: 0.3646, size_res_loss: 0.2754, loss: 6.8918, grad_norm: 7.4638
2026-05-03 17:33:46,445 - mmdet - INFO - Epoch [21][250/1652]	lr: 8.000e-03, eta: 1:45:12, time: 0.245, data_time: 0.017, memory: 8298, vote_loss: 3.5137, objectness_loss: 0.3833, semantic_loss: 0.3933, center_loss: 0.5589, dir_class_loss: 0.9213, dir_res_loss: 0.6233, size_class_loss: 0.3933, size_res_loss: 0.2891, loss: 7.0764, grad_norm: 8.0476
2026-05-03 17:33:58,359 - mmdet - INFO - Epoch [21][300/1652]	lr: 8.000e-03, eta: 1:45:00, time: 0.238, data_time: 0.016, memory: 8298, vote_loss: 3.3117, objectness_loss: 0.3783, semantic_loss: 0.4189, center_loss: 0.4639, dir_class_loss: 0.9044, dir_res_loss: 0.6976, size_class_loss: 0.4189, size_res_loss: 0.2708, loss: 6.8644, grad_norm: 8.4045
2026-05-03 17:34:10,330 - mmdet - INFO - Epoch [21][350/1652]	lr: 8.000e-03, eta: 1:44:48, time: 0.239, data_time: 0.016, memory: 8298, vote_loss: 3.4540, objectness_loss: 0.3522, semantic_loss: 0.3932, center_loss: 0.4968, dir_class_loss: 0.8480, dir_res_loss: 0.6674, size_class_loss: 0.3932, size_res_loss: 0.2694, loss: 6.8742, grad_norm: 8.6385
2026-05-03 17:34:22,222 - mmdet - INFO - Epoch [21][400/1652]	lr: 8.000e-03, eta: 1:44:35, time: 0.238, data_time: 0.016, memory: 8298, vote_loss: 3.4880, objectness_loss: 0.3564, semantic_loss: 0.3924, center_loss: 0.4967, dir_class_loss: 0.9760, dir_res_loss: 0.6892, size_class_loss: 0.3924, size_res_loss: 0.2969, loss: 7.0880, grad_norm: 8.4486
2026-05-03 17:34:34,142 - mmdet - INFO - Epoch [21][450/1652]	lr: 8.000e-03, eta: 1:44:23, time: 0.238, data_time: 0.016, memory: 8298, vote_loss: 3.5909, objectness_loss: 0.3862, semantic_loss: 0.4224, center_loss: 0.4571, dir_class_loss: 0.9341, dir_res_loss: 0.7724, size_class_loss: 0.4224, size_res_loss: 0.2792, loss: 7.2648, grad_norm: 8.0262
2026-05-03 17:34:46,060 - mmdet - INFO - Epoch [21][500/1652]	lr: 8.000e-03, eta: 1:44:11, time: 0.238, data_time: 0.016, memory: 8298, vote_loss: 3.4323, objectness_loss: 0.3734, semantic_loss: 0.3806, center_loss: 0.4808, dir_class_loss: 0.8957, dir_res_loss: 0.6852, size_class_loss: 0.3806, size_res_loss: 0.3147, loss: 6.9432, grad_norm: 7.9406
2026-05-03 17:34:57,982 - mmdet - INFO - Epoch [21][550/1652]	lr: 8.000e-03, eta: 1:43:59, time: 0.238, data_time: 0.016, memory: 8298, vote_loss: 3.5539, objectness_loss: 0.3650, semantic_loss: 0.4125, center_loss: 0.5025, dir_class_loss: 0.9296, dir_res_loss: 0.7269, size_class_loss: 0.4125, size_res_loss: 0.2935, loss: 7.1964, grad_norm: 8.2242
2026-05-03 17:35:09,849 - mmdet - INFO - Epoch [21][600/1652]	lr: 8.000e-03, eta: 1:43:47, time: 0.237, data_time: 0.016, memory: 8298, vote_loss: 3.4494, objectness_loss: 0.3859, semantic_loss: 0.3730, center_loss: 0.4578, dir_class_loss: 0.9323, dir_res_loss: 0.6799, size_class_loss: 0.3730, size_res_loss: 0.3046, loss: 6.9559, grad_norm: 7.5810
2026-05-03 17:35:21,772 - mmdet - INFO - Epoch [21][650/1652]	lr: 8.000e-03, eta: 1:43:35, time: 0.238, data_time: 0.016, memory: 8298, vote_loss: 3.4799, objectness_loss: 0.3990, semantic_loss: 0.3705, center_loss: 0.4675, dir_class_loss: 0.9627, dir_res_loss: 0.6862, size_class_loss: 0.3705, size_res_loss: 0.2685, loss: 7.0048, grad_norm: 7.7968
2026-05-03 17:35:33,641 - mmdet - INFO - Epoch [21][700/1652]	lr: 8.000e-03, eta: 1:43:22, time: 0.237, data_time: 0.015, memory: 8298, vote_loss: 3.6764, objectness_loss: 0.4015, semantic_loss: 0.4005, center_loss: 0.5097, dir_class_loss: 0.9763, dir_res_loss: 0.7551, size_class_loss: 0.4005, size_res_loss: 0.2978, loss: 7.4177, grad_norm: 8.6662
2026-05-03 17:35:45,489 - mmdet - INFO - Epoch [21][750/1652]	lr: 8.000e-03, eta: 1:43:10, time: 0.237, data_time: 0.016, memory: 8298, vote_loss: 3.3910, objectness_loss: 0.3633, semantic_loss: 0.4159, center_loss: 0.4590, dir_class_loss: 0.9316, dir_res_loss: 0.7329, size_class_loss: 0.4158, size_res_loss: 0.2809, loss: 6.9905, grad_norm: 8.4620
2026-05-03 17:35:57,438 - mmdet - INFO - Epoch [21][800/1652]	lr: 8.000e-03, eta: 1:42:58, time: 0.239, data_time: 0.016, memory: 8298, vote_loss: 3.4556, objectness_loss: 0.3989, semantic_loss: 0.3967, center_loss: 0.4786, dir_class_loss: 0.9354, dir_res_loss: 0.7183, size_class_loss: 0.3967, size_res_loss: 0.2692, loss: 7.0494, grad_norm: 7.8288
2026-05-03 17:36:09,312 - mmdet - INFO - Epoch [21][850/1652]	lr: 8.000e-03, eta: 1:42:46, time: 0.237, data_time: 0.016, memory: 8298, vote_loss: 3.6267, objectness_loss: 0.3335, semantic_loss: 0.4350, center_loss: 0.4891, dir_class_loss: 0.9548, dir_res_loss: 0.7375, size_class_loss: 0.4350, size_res_loss: 0.2743, loss: 7.2857, grad_norm: 8.2261
2026-05-03 17:36:21,186 - mmdet - INFO - Epoch [21][900/1652]	lr: 8.000e-03, eta: 1:42:34, time: 0.237, data_time: 0.016, memory: 8298, vote_loss: 3.5373, objectness_loss: 0.3582, semantic_loss: 0.3676, center_loss: 0.4501, dir_class_loss: 0.9799, dir_res_loss: 0.6935, size_class_loss: 0.3676, size_res_loss: 0.2617, loss: 7.0160, grad_norm: 7.8882
2026-05-03 17:36:33,100 - mmdet - INFO - Epoch [21][950/1652]	lr: 8.000e-03, eta: 1:42:22, time: 0.238, data_time: 0.016, memory: 8298, vote_loss: 3.5152, objectness_loss: 0.3805, semantic_loss: 0.3991, center_loss: 0.4768, dir_class_loss: 0.9717, dir_res_loss: 0.7226, size_class_loss: 0.3991, size_res_loss: 0.3378, loss: 7.2028, grad_norm: 8.0800
2026-05-03 17:36:45,055 - mmdet - INFO - Epoch [21][1000/1652]	lr: 8.000e-03, eta: 1:42:09, time: 0.239, data_time: 0.016, memory: 8298, vote_loss: 3.5983, objectness_loss: 0.3885, semantic_loss: 0.4453, center_loss: 0.4986, dir_class_loss: 0.9743, dir_res_loss: 0.7250, size_class_loss: 0.4453, size_res_loss: 0.3076, loss: 7.3829, grad_norm: 8.0548
2026-05-03 17:36:57,201 - mmdet - INFO - Epoch [21][1050/1652]	lr: 8.000e-03, eta: 1:41:57, time: 0.243, data_time: 0.016, memory: 8298, vote_loss: 3.4983, objectness_loss: 0.3819, semantic_loss: 0.3723, center_loss: 0.5031, dir_class_loss: 0.9607, dir_res_loss: 0.6832, size_class_loss: 0.3723, size_res_loss: 0.2693, loss: 7.0410, grad_norm: 8.7602
2026-05-03 17:37:09,352 - mmdet - INFO - Epoch [21][1100/1652]	lr: 8.000e-03, eta: 1:41:45, time: 0.243, data_time: 0.017, memory: 8298, vote_loss: 3.6997, objectness_loss: 0.4011, semantic_loss: 0.4227, center_loss: 0.5385, dir_class_loss: 0.9675, dir_res_loss: 0.6541, size_class_loss: 0.4227, size_res_loss: 0.3198, loss: 7.4261, grad_norm: 8.5336
2026-05-03 17:37:21,482 - mmdet - INFO - Epoch [21][1150/1652]	lr: 8.000e-03, eta: 1:41:33, time: 0.243, data_time: 0.017, memory: 8298, vote_loss: 3.4187, objectness_loss: 0.3815, semantic_loss: 0.3236, center_loss: 0.4480, dir_class_loss: 0.9160, dir_res_loss: 0.6767, size_class_loss: 0.3236, size_res_loss: 0.2691, loss: 6.7573, grad_norm: 7.2482
2026-05-03 17:37:33,495 - mmdet - INFO - Epoch [21][1200/1652]	lr: 8.000e-03, eta: 1:41:21, time: 0.240, data_time: 0.016, memory: 8298, vote_loss: 3.4249, objectness_loss: 0.3684, semantic_loss: 0.3527, center_loss: 0.5196, dir_class_loss: 0.9009, dir_res_loss: 0.6719, size_class_loss: 0.3528, size_res_loss: 0.3096, loss: 6.9008, grad_norm: 8.3511
2026-05-03 17:37:45,407 - mmdet - INFO - Epoch [21][1250/1652]	lr: 8.000e-03, eta: 1:41:09, time: 0.238, data_time: 0.016, memory: 8298, vote_loss: 3.6024, objectness_loss: 0.3847, semantic_loss: 0.4160, center_loss: 0.4525, dir_class_loss: 0.9455, dir_res_loss: 0.7076, size_class_loss: 0.4160, size_res_loss: 0.2786, loss: 7.2031, grad_norm: 8.0307
2026-05-03 17:37:57,278 - mmdet - INFO - Epoch [21][1300/1652]	lr: 8.000e-03, eta: 1:40:57, time: 0.237, data_time: 0.015, memory: 8298, vote_loss: 3.5016, objectness_loss: 0.3812, semantic_loss: 0.3670, center_loss: 0.4622, dir_class_loss: 0.8981, dir_res_loss: 0.6583, size_class_loss: 0.3670, size_res_loss: 0.2813, loss: 6.9169, grad_norm: 7.6146
2026-05-03 17:38:09,083 - mmdet - INFO - Epoch [21][1350/1652]	lr: 8.000e-03, eta: 1:40:45, time: 0.236, data_time: 0.015, memory: 8298, vote_loss: 3.5655, objectness_loss: 0.3734, semantic_loss: 0.3854, center_loss: 0.5082, dir_class_loss: 0.9563, dir_res_loss: 0.6293, size_class_loss: 0.3854, size_res_loss: 0.2734, loss: 7.0768, grad_norm: 8.5111
2026-05-03 17:38:20,820 - mmdet - INFO - Epoch [21][1400/1652]	lr: 8.000e-03, eta: 1:40:33, time: 0.235, data_time: 0.014, memory: 8298, vote_loss: 3.5195, objectness_loss: 0.3783, semantic_loss: 0.4280, center_loss: 0.4885, dir_class_loss: 0.9681, dir_res_loss: 0.7291, size_class_loss: 0.4280, size_res_loss: 0.2809, loss: 7.2204, grad_norm: 8.7424
2026-05-03 17:38:32,713 - mmdet - INFO - Epoch [21][1450/1652]	lr: 8.000e-03, eta: 1:40:20, time: 0.238, data_time: 0.016, memory: 8298, vote_loss: 3.4612, objectness_loss: 0.3555, semantic_loss: 0.4119, center_loss: 0.4827, dir_class_loss: 0.9612, dir_res_loss: 0.7166, size_class_loss: 0.4119, size_res_loss: 0.2718, loss: 7.0727, grad_norm: 8.3382
2026-05-03 17:38:44,643 - mmdet - INFO - Epoch [21][1500/1652]	lr: 8.000e-03, eta: 1:40:08, time: 0.239, data_time: 0.015, memory: 8298, vote_loss: 3.5367, objectness_loss: 0.3870, semantic_loss: 0.4475, center_loss: 0.4985, dir_class_loss: 1.0551, dir_res_loss: 0.7741, size_class_loss: 0.4475, size_res_loss: 0.3081, loss: 7.4544, grad_norm: 8.2086
2026-05-03 17:38:56,596 - mmdet - INFO - Epoch [21][1550/1652]	lr: 8.000e-03, eta: 1:39:56, time: 0.239, data_time: 0.015, memory: 8298, vote_loss: 3.3689, objectness_loss: 0.3626, semantic_loss: 0.3805, center_loss: 0.4322, dir_class_loss: 0.8890, dir_res_loss: 0.6241, size_class_loss: 0.3805, size_res_loss: 0.2825, loss: 6.7203, grad_norm: 6.8807
2026-05-03 17:39:08,570 - mmdet - INFO - Epoch [21][1600/1652]	lr: 8.000e-03, eta: 1:39:44, time: 0.239, data_time: 0.016, memory: 8298, vote_loss: 3.5414, objectness_loss: 0.3860, semantic_loss: 0.3902, center_loss: 0.5544, dir_class_loss: 0.9553, dir_res_loss: 0.7236, size_class_loss: 0.3902, size_res_loss: 0.2760, loss: 7.2171, grad_norm: 8.5203
2026-05-03 17:39:20,654 - mmdet - INFO - Epoch [21][1650/1652]	lr: 8.000e-03, eta: 1:39:32, time: 0.242, data_time: 0.016, memory: 8298, vote_loss: 3.4357, objectness_loss: 0.3582, semantic_loss: 0.3950, center_loss: 0.4550, dir_class_loss: 0.9070, dir_res_loss: 0.6704, size_class_loss: 0.3950, size_res_loss: 0.2853, loss: 6.9015, grad_norm: 8.2715
2026-05-03 17:39:21,190 - mmdet - INFO - Saving checkpoint at 21 epochs
2026-05-03 17:39:36,177 - mmdet - INFO - Epoch [22][50/1652]	lr: 8.000e-03, eta: 1:39:21, time: 0.299, data_time: 0.075, memory: 8298, vote_loss: 3.2642, objectness_loss: 0.3761, semantic_loss: 0.3448, center_loss: 0.4466, dir_class_loss: 0.9037, dir_res_loss: 0.7615, size_class_loss: 0.3448, size_res_loss: 0.2559, loss: 6.6975, grad_norm: 8.4038
2026-05-03 17:39:48,219 - mmdet - INFO - Epoch [22][100/1652]	lr: 8.000e-03, eta: 1:39:09, time: 0.241, data_time: 0.017, memory: 8298, vote_loss: 3.4121, objectness_loss: 0.3547, semantic_loss: 0.3560, center_loss: 0.4693, dir_class_loss: 0.9106, dir_res_loss: 0.7064, size_class_loss: 0.3560, size_res_loss: 0.2908, loss: 6.8559, grad_norm: 7.7882
2026-05-03 17:40:00,230 - mmdet - INFO - Epoch [22][150/1652]	lr: 8.000e-03, eta: 1:38:57, time: 0.240, data_time: 0.016, memory: 8298, vote_loss: 3.4447, objectness_loss: 0.3658, semantic_loss: 0.3788, center_loss: 0.4877, dir_class_loss: 0.9549, dir_res_loss: 0.7303, size_class_loss: 0.3788, size_res_loss: 0.2644, loss: 7.0053, grad_norm: 8.3895
2026-05-03 17:40:12,275 - mmdet - INFO - Epoch [22][200/1652]	lr: 8.000e-03, eta: 1:38:45, time: 0.241, data_time: 0.017, memory: 8298, vote_loss: 3.4072, objectness_loss: 0.3614, semantic_loss: 0.3902, center_loss: 0.5169, dir_class_loss: 0.9445, dir_res_loss: 0.6661, size_class_loss: 0.3902, size_res_loss: 0.2536, loss: 6.9302, grad_norm: 7.4318
2026-05-03 17:40:24,302 - mmdet - INFO - Epoch [22][250/1652]	lr: 8.000e-03, eta: 1:38:33, time: 0.241, data_time: 0.016, memory: 8298, vote_loss: 3.5201, objectness_loss: 0.3894, semantic_loss: 0.3836, center_loss: 0.5088, dir_class_loss: 0.9325, dir_res_loss: 0.7378, size_class_loss: 0.3836, size_res_loss: 0.3238, loss: 7.1796, grad_norm: 8.1736
2026-05-03 17:40:36,320 - mmdet - INFO - Epoch [22][300/1652]	lr: 8.000e-03, eta: 1:38:21, time: 0.240, data_time: 0.016, memory: 8298, vote_loss: 3.5552, objectness_loss: 0.4061, semantic_loss: 0.3735, center_loss: 0.5061, dir_class_loss: 0.9341, dir_res_loss: 0.7648, size_class_loss: 0.3735, size_res_loss: 0.2697, loss: 7.1831, grad_norm: 8.5805
2026-05-03 17:40:48,359 - mmdet - INFO - Epoch [22][350/1652]	lr: 8.000e-03, eta: 1:38:09, time: 0.241, data_time: 0.016, memory: 8298, vote_loss: 3.5474, objectness_loss: 0.3801, semantic_loss: 0.4313, center_loss: 0.5326, dir_class_loss: 0.9821, dir_res_loss: 0.6867, size_class_loss: 0.4313, size_res_loss: 0.2780, loss: 7.2694, grad_norm: 8.2309
2026-05-03 17:41:00,320 - mmdet - INFO - Epoch [22][400/1652]	lr: 8.000e-03, eta: 1:37:57, time: 0.239, data_time: 0.016, memory: 8298, vote_loss: 3.4600, objectness_loss: 0.3921, semantic_loss: 0.4234, center_loss: 0.4657, dir_class_loss: 0.9560, dir_res_loss: 0.6514, size_class_loss: 0.4234, size_res_loss: 0.2844, loss: 7.0563, grad_norm: 7.9535
2026-05-03 17:41:12,320 - mmdet - INFO - Epoch [22][450/1652]	lr: 8.000e-03, eta: 1:37:45, time: 0.240, data_time: 0.016, memory: 8298, vote_loss: 3.4032, objectness_loss: 0.3379, semantic_loss: 0.3602, center_loss: 0.4698, dir_class_loss: 0.9254, dir_res_loss: 0.6636, size_class_loss: 0.3602, size_res_loss: 0.2642, loss: 6.7844, grad_norm: 7.9239
2026-05-03 17:41:24,292 - mmdet - INFO - Epoch [22][500/1652]	lr: 8.000e-03, eta: 1:37:32, time: 0.239, data_time: 0.016, memory: 8298, vote_loss: 3.4786, objectness_loss: 0.3873, semantic_loss: 0.4062, center_loss: 0.4819, dir_class_loss: 0.9079, dir_res_loss: 0.6571, size_class_loss: 0.4062, size_res_loss: 0.2825, loss: 7.0077, grad_norm: 8.6326
2026-05-03 17:41:36,290 - mmdet - INFO - Epoch [22][550/1652]	lr: 8.000e-03, eta: 1:37:20, time: 0.240, data_time: 0.016, memory: 8298, vote_loss: 3.5164, objectness_loss: 0.3622, semantic_loss: 0.3442, center_loss: 0.5153, dir_class_loss: 0.9572, dir_res_loss: 0.7247, size_class_loss: 0.3442, size_res_loss: 0.2642, loss: 7.0285, grad_norm: 8.5098
2026-05-03 17:41:48,229 - mmdet - INFO - Epoch [22][600/1652]	lr: 8.000e-03, eta: 1:37:08, time: 0.239, data_time: 0.017, memory: 8298, vote_loss: 3.3786, objectness_loss: 0.3600, semantic_loss: 0.3881, center_loss: 0.5015, dir_class_loss: 1.0427, dir_res_loss: 0.6468, size_class_loss: 0.3881, size_res_loss: 0.2721, loss: 6.9779, grad_norm: 8.2288
2026-05-03 17:42:00,202 - mmdet - INFO - Epoch [22][650/1652]	lr: 8.000e-03, eta: 1:36:56, time: 0.239, data_time: 0.016, memory: 8298, vote_loss: 3.3931, objectness_loss: 0.3469, semantic_loss: 0.3877, center_loss: 0.4554, dir_class_loss: 0.9725, dir_res_loss: 0.7348, size_class_loss: 0.3877, size_res_loss: 0.2709, loss: 6.9490, grad_norm: 7.6673
2026-05-03 17:42:12,166 - mmdet - INFO - Epoch [22][700/1652]	lr: 8.000e-03, eta: 1:36:44, time: 0.239, data_time: 0.016, memory: 8298, vote_loss: 3.4110, objectness_loss: 0.3634, semantic_loss: 0.3694, center_loss: 0.4488, dir_class_loss: 0.9048, dir_res_loss: 0.6900, size_class_loss: 0.3694, size_res_loss: 0.2506, loss: 6.8074, grad_norm: 7.6482
2026-05-03 17:42:24,327 - mmdet - INFO - Epoch [22][750/1652]	lr: 8.000e-03, eta: 1:36:32, time: 0.243, data_time: 0.020, memory: 8298, vote_loss: 3.4469, objectness_loss: 0.3659, semantic_loss: 0.3273, center_loss: 0.5182, dir_class_loss: 0.9293, dir_res_loss: 0.6729, size_class_loss: 0.3273, size_res_loss: 0.2708, loss: 6.8586, grad_norm: 7.8599
2026-05-03 17:42:36,390 - mmdet - INFO - Epoch [22][800/1652]	lr: 8.000e-03, eta: 1:36:20, time: 0.241, data_time: 0.017, memory: 8298, vote_loss: 3.6426, objectness_loss: 0.3866, semantic_loss: 0.4090, center_loss: 0.4740, dir_class_loss: 0.8532, dir_res_loss: 0.6554, size_class_loss: 0.4090, size_res_loss: 0.2827, loss: 7.1124, grad_norm: 7.2235
2026-05-03 17:42:48,394 - mmdet - INFO - Epoch [22][850/1652]	lr: 8.000e-03, eta: 1:36:08, time: 0.240, data_time: 0.016, memory: 8298, vote_loss: 3.5406, objectness_loss: 0.3896, semantic_loss: 0.4288, center_loss: 0.4740, dir_class_loss: 0.8707, dir_res_loss: 0.6902, size_class_loss: 0.4288, size_res_loss: 0.2729, loss: 7.0956, grad_norm: 8.4905
2026-05-03 17:43:00,379 - mmdet - INFO - Epoch [22][900/1652]	lr: 8.000e-03, eta: 1:35:56, time: 0.240, data_time: 0.016, memory: 8298, vote_loss: 3.4150, objectness_loss: 0.3806, semantic_loss: 0.4084, center_loss: 0.4634, dir_class_loss: 0.9425, dir_res_loss: 0.6563, size_class_loss: 0.4084, size_res_loss: 0.2838, loss: 6.9583, grad_norm: 7.6525
2026-05-03 17:43:12,377 - mmdet - INFO - Epoch [22][950/1652]	lr: 8.000e-03, eta: 1:35:44, time: 0.240, data_time: 0.016, memory: 8298, vote_loss: 3.4257, objectness_loss: 0.3801, semantic_loss: 0.3395, center_loss: 0.4982, dir_class_loss: 0.8623, dir_res_loss: 0.6659, size_class_loss: 0.3395, size_res_loss: 0.2635, loss: 6.7745, grad_norm: 8.3129
2026-05-03 17:43:24,367 - mmdet - INFO - Epoch [22][1000/1652]	lr: 8.000e-03, eta: 1:35:32, time: 0.240, data_time: 0.016, memory: 8298, vote_loss: 3.3411, objectness_loss: 0.3663, semantic_loss: 0.3764, center_loss: 0.4434, dir_class_loss: 0.9046, dir_res_loss: 0.6493, size_class_loss: 0.3764, size_res_loss: 0.2776, loss: 6.7351, grad_norm: 8.5551
2026-05-03 17:43:36,310 - mmdet - INFO - Epoch [22][1050/1652]	lr: 8.000e-03, eta: 1:35:19, time: 0.239, data_time: 0.016, memory: 8298, vote_loss: 3.3955, objectness_loss: 0.3521, semantic_loss: 0.3952, center_loss: 0.4956, dir_class_loss: 0.9208, dir_res_loss: 0.6484, size_class_loss: 0.3952, size_res_loss: 0.2842, loss: 6.8871, grad_norm: 8.5202
2026-05-03 17:43:48,495 - mmdet - INFO - Epoch [22][1100/1652]	lr: 8.000e-03, eta: 1:35:08, time: 0.244, data_time: 0.017, memory: 8298, vote_loss: 3.5156, objectness_loss: 0.3496, semantic_loss: 0.3956, center_loss: 0.6114, dir_class_loss: 0.9090, dir_res_loss: 0.6386, size_class_loss: 0.3956, size_res_loss: 0.3217, loss: 7.1373, grad_norm: 8.4290
2026-05-03 17:44:00,491 - mmdet - INFO - Epoch [22][1150/1652]	lr: 8.000e-03, eta: 1:34:55, time: 0.240, data_time: 0.016, memory: 8298, vote_loss: 3.4757, objectness_loss: 0.3486, semantic_loss: 0.4091, center_loss: 0.4743, dir_class_loss: 0.9773, dir_res_loss: 0.6886, size_class_loss: 0.4091, size_res_loss: 0.2861, loss: 7.0688, grad_norm: 7.9169
2026-05-03 17:44:12,389 - mmdet - INFO - Epoch [22][1200/1652]	lr: 8.000e-03, eta: 1:34:43, time: 0.238, data_time: 0.016, memory: 8298, vote_loss: 3.6830, objectness_loss: 0.4022, semantic_loss: 0.4857, center_loss: 0.5031, dir_class_loss: 1.0374, dir_res_loss: 0.7377, size_class_loss: 0.4857, size_res_loss: 0.2884, loss: 7.6233, grad_norm: 8.7292
2026-05-03 17:44:24,306 - mmdet - INFO - Epoch [22][1250/1652]	lr: 8.000e-03, eta: 1:34:31, time: 0.238, data_time: 0.016, memory: 8298, vote_loss: 3.5403, objectness_loss: 0.3524, semantic_loss: 0.3885, center_loss: 0.4948, dir_class_loss: 0.9765, dir_res_loss: 0.6726, size_class_loss: 0.3885, size_res_loss: 0.3173, loss: 7.1310, grad_norm: 8.2355
2026-05-03 17:44:36,243 - mmdet - INFO - Epoch [22][1300/1652]	lr: 8.000e-03, eta: 1:34:19, time: 0.239, data_time: 0.016, memory: 8298, vote_loss: 3.4739, objectness_loss: 0.3504, semantic_loss: 0.4037, center_loss: 0.4660, dir_class_loss: 0.9641, dir_res_loss: 0.6550, size_class_loss: 0.4037, size_res_loss: 0.2903, loss: 7.0071, grad_norm: 7.5238
2026-05-03 17:44:48,170 - mmdet - INFO - Epoch [22][1350/1652]	lr: 8.000e-03, eta: 1:34:07, time: 0.239, data_time: 0.016, memory: 8298, vote_loss: 3.3993, objectness_loss: 0.3618, semantic_loss: 0.3948, center_loss: 0.5289, dir_class_loss: 0.9544, dir_res_loss: 0.6488, size_class_loss: 0.3948, size_res_loss: 0.2823, loss: 6.9651, grad_norm: 8.3403
2026-05-03 17:45:00,096 - mmdet - INFO - Epoch [22][1400/1652]	lr: 8.000e-03, eta: 1:33:55, time: 0.239, data_time: 0.016, memory: 8298, vote_loss: 3.4340, objectness_loss: 0.3382, semantic_loss: 0.3794, center_loss: 0.4514, dir_class_loss: 0.9661, dir_res_loss: 0.7748, size_class_loss: 0.3794, size_res_loss: 0.2784, loss: 7.0017, grad_norm: 7.3410
2026-05-03 17:45:12,005 - mmdet - INFO - Epoch [22][1450/1652]	lr: 8.000e-03, eta: 1:33:43, time: 0.238, data_time: 0.016, memory: 8298, vote_loss: 3.4552, objectness_loss: 0.3586, semantic_loss: 0.3598, center_loss: 0.4648, dir_class_loss: 0.9336, dir_res_loss: 0.6280, size_class_loss: 0.3598, size_res_loss: 0.2640, loss: 6.8238, grad_norm: 8.0166
2026-05-03 17:45:23,904 - mmdet - INFO - Epoch [22][1500/1652]	lr: 8.000e-03, eta: 1:33:30, time: 0.238, data_time: 0.016, memory: 8298, vote_loss: 3.3808, objectness_loss: 0.3647, semantic_loss: 0.4149, center_loss: 0.4823, dir_class_loss: 0.9687, dir_res_loss: 0.6579, size_class_loss: 0.4149, size_res_loss: 0.3027, loss: 6.9867, grad_norm: 8.2161
2026-05-03 17:45:36,003 - mmdet - INFO - Epoch [22][1550/1652]	lr: 8.000e-03, eta: 1:33:18, time: 0.242, data_time: 0.017, memory: 8298, vote_loss: 3.4647, objectness_loss: 0.3551, semantic_loss: 0.4518, center_loss: 0.4616, dir_class_loss: 0.9341, dir_res_loss: 0.6439, size_class_loss: 0.4518, size_res_loss: 0.2696, loss: 7.0325, grad_norm: 8.0060
2026-05-03 17:45:47,928 - mmdet - INFO - Epoch [22][1600/1652]	lr: 8.000e-03, eta: 1:33:06, time: 0.239, data_time: 0.016, memory: 8298, vote_loss: 3.4898, objectness_loss: 0.3668, semantic_loss: 0.3591, center_loss: 0.4732, dir_class_loss: 0.9687, dir_res_loss: 0.6902, size_class_loss: 0.3591, size_res_loss: 0.2635, loss: 6.9704, grad_norm: 7.9033
2026-05-03 17:45:59,833 - mmdet - INFO - Epoch [22][1650/1652]	lr: 8.000e-03, eta: 1:32:54, time: 0.238, data_time: 0.016, memory: 8298, vote_loss: 3.5886, objectness_loss: 0.3305, semantic_loss: 0.3241, center_loss: 0.4769, dir_class_loss: 0.9365, dir_res_loss: 0.7024, size_class_loss: 0.3241, size_res_loss: 0.2865, loss: 6.9697, grad_norm: 8.1190
2026-05-03 17:46:00,345 - mmdet - INFO - Saving checkpoint at 22 epochs
2026-05-03 17:46:15,223 - mmdet - INFO - Epoch [23][50/1652]	lr: 8.000e-03, eta: 1:32:43, time: 0.297, data_time: 0.072, memory: 8298, vote_loss: 3.6708, objectness_loss: 0.3321, semantic_loss: 0.3982, center_loss: 0.5434, dir_class_loss: 0.9641, dir_res_loss: 0.7424, size_class_loss: 0.3982, size_res_loss: 0.2828, loss: 7.3319, grad_norm: 9.1508
2026-05-03 17:46:27,227 - mmdet - INFO - Epoch [23][100/1652]	lr: 8.000e-03, eta: 1:32:31, time: 0.240, data_time: 0.016, memory: 8298, vote_loss: 3.4238, objectness_loss: 0.3500, semantic_loss: 0.3490, center_loss: 0.4654, dir_class_loss: 0.9715, dir_res_loss: 0.6781, size_class_loss: 0.3490, size_res_loss: 0.2901, loss: 6.8768, grad_norm: 8.0633
2026-05-03 17:46:39,161 - mmdet - INFO - Epoch [23][150/1652]	lr: 8.000e-03, eta: 1:32:19, time: 0.239, data_time: 0.016, memory: 8298, vote_loss: 3.4841, objectness_loss: 0.3619, semantic_loss: 0.3854, center_loss: 0.4480, dir_class_loss: 1.0457, dir_res_loss: 0.7336, size_class_loss: 0.3854, size_res_loss: 0.2736, loss: 7.1176, grad_norm: 7.9609
2026-05-03 17:46:51,093 - mmdet - INFO - Epoch [23][200/1652]	lr: 8.000e-03, eta: 1:32:07, time: 0.239, data_time: 0.016, memory: 8298, vote_loss: 3.3346, objectness_loss: 0.3799, semantic_loss: 0.3912, center_loss: 0.4595, dir_class_loss: 0.8980, dir_res_loss: 0.6473, size_class_loss: 0.3912, size_res_loss: 0.2578, loss: 6.7595, grad_norm: 8.0562
2026-05-03 17:47:03,364 - mmdet - INFO - Epoch [23][250/1652]	lr: 8.000e-03, eta: 1:31:55, time: 0.245, data_time: 0.017, memory: 8298, vote_loss: 3.5288, objectness_loss: 0.3651, semantic_loss: 0.3835, center_loss: 0.5326, dir_class_loss: 0.8564, dir_res_loss: 0.6386, size_class_loss: 0.3835, size_res_loss: 0.2703, loss: 6.9588, grad_norm: 8.6720
2026-05-03 17:47:15,332 - mmdet - INFO - Epoch [23][300/1652]	lr: 8.000e-03, eta: 1:31:43, time: 0.239, data_time: 0.017, memory: 8298, vote_loss: 3.5310, objectness_loss: 0.3736, semantic_loss: 0.3500, center_loss: 0.5020, dir_class_loss: 0.8916, dir_res_loss: 0.6761, size_class_loss: 0.3500, size_res_loss: 0.2556, loss: 6.9299, grad_norm: 8.0023
2026-05-03 17:47:27,298 - mmdet - INFO - Epoch [23][350/1652]	lr: 8.000e-03, eta: 1:31:31, time: 0.239, data_time: 0.016, memory: 8298, vote_loss: 3.4359, objectness_loss: 0.3709, semantic_loss: 0.3365, center_loss: 0.4435, dir_class_loss: 0.8601, dir_res_loss: 0.6962, size_class_loss: 0.3365, size_res_loss: 0.2663, loss: 6.7458, grad_norm: 7.8464
2026-05-03 17:47:39,236 - mmdet - INFO - Epoch [23][400/1652]	lr: 8.000e-03, eta: 1:31:18, time: 0.239, data_time: 0.016, memory: 8298, vote_loss: 3.5336, objectness_loss: 0.3512, semantic_loss: 0.3764, center_loss: 0.4731, dir_class_loss: 0.8741, dir_res_loss: 0.7100, size_class_loss: 0.3764, size_res_loss: 0.2643, loss: 6.9592, grad_norm: 8.0686
2026-05-03 17:47:51,230 - mmdet - INFO - Epoch [23][450/1652]	lr: 8.000e-03, eta: 1:31:06, time: 0.240, data_time: 0.017, memory: 8298, vote_loss: 3.4373, objectness_loss: 0.3524, semantic_loss: 0.3702, center_loss: 0.4998, dir_class_loss: 0.8691, dir_res_loss: 0.6613, size_class_loss: 0.3702, size_res_loss: 0.2883, loss: 6.8485, grad_norm: 8.8183
2026-05-03 17:48:03,219 - mmdet - INFO - Epoch [23][500/1652]	lr: 8.000e-03, eta: 1:30:54, time: 0.240, data_time: 0.017, memory: 8298, vote_loss: 3.4880, objectness_loss: 0.3773, semantic_loss: 0.3589, center_loss: 0.4844, dir_class_loss: 1.0356, dir_res_loss: 0.7111, size_class_loss: 0.3589, size_res_loss: 0.2756, loss: 7.0899, grad_norm: 8.2956
2026-05-03 17:48:15,211 - mmdet - INFO - Epoch [23][550/1652]	lr: 8.000e-03, eta: 1:30:42, time: 0.240, data_time: 0.017, memory: 8298, vote_loss: 3.4767, objectness_loss: 0.3556, semantic_loss: 0.3561, center_loss: 0.5095, dir_class_loss: 0.9637, dir_res_loss: 0.7743, size_class_loss: 0.3561, size_res_loss: 0.2552, loss: 7.0474, grad_norm: 7.9917
2026-05-03 17:48:27,182 - mmdet - INFO - Epoch [23][600/1652]	lr: 8.000e-03, eta: 1:30:30, time: 0.239, data_time: 0.017, memory: 8298, vote_loss: 3.3366, objectness_loss: 0.3808, semantic_loss: 0.4025, center_loss: 0.4753, dir_class_loss: 0.9434, dir_res_loss: 0.6353, size_class_loss: 0.4025, size_res_loss: 0.2622, loss: 6.8386, grad_norm: 8.7473
2026-05-03 17:48:39,171 - mmdet - INFO - Epoch [23][650/1652]	lr: 8.000e-03, eta: 1:30:18, time: 0.240, data_time: 0.016, memory: 8298, vote_loss: 3.5525, objectness_loss: 0.4068, semantic_loss: 0.3833, center_loss: 0.5203, dir_class_loss: 0.8647, dir_res_loss: 0.6889, size_class_loss: 0.3833, size_res_loss: 0.2825, loss: 7.0821, grad_norm: 8.1942
2026-05-03 17:48:51,367 - mmdet - INFO - Epoch [23][700/1652]	lr: 8.000e-03, eta: 1:30:06, time: 0.244, data_time: 0.018, memory: 8298, vote_loss: 3.5566, objectness_loss: 0.3920, semantic_loss: 0.3887, center_loss: 0.4941, dir_class_loss: 0.9885, dir_res_loss: 0.7181, size_class_loss: 0.3887, size_res_loss: 0.2890, loss: 7.2156, grad_norm: 8.6330
2026-05-03 17:49:03,452 - mmdet - INFO - Epoch [23][750/1652]	lr: 8.000e-03, eta: 1:29:54, time: 0.242, data_time: 0.017, memory: 8298, vote_loss: 3.4361, objectness_loss: 0.3886, semantic_loss: 0.3904, center_loss: 0.4768, dir_class_loss: 1.0048, dir_res_loss: 0.7735, size_class_loss: 0.3904, size_res_loss: 0.2891, loss: 7.1497, grad_norm: 7.7929
2026-05-03 17:49:15,738 - mmdet - INFO - Epoch [23][800/1652]	lr: 8.000e-03, eta: 1:29:42, time: 0.246, data_time: 0.016, memory: 8298, vote_loss: 3.4514, objectness_loss: 0.3648, semantic_loss: 0.3749, center_loss: 0.4843, dir_class_loss: 0.9225, dir_res_loss: 0.6847, size_class_loss: 0.3749, size_res_loss: 0.2552, loss: 6.9127, grad_norm: 8.7181
2026-05-03 17:49:27,751 - mmdet - INFO - Epoch [23][850/1652]	lr: 8.000e-03, eta: 1:29:30, time: 0.240, data_time: 0.016, memory: 8298, vote_loss: 3.2694, objectness_loss: 0.3584, semantic_loss: 0.3397, center_loss: 0.4715, dir_class_loss: 0.8854, dir_res_loss: 0.6483, size_class_loss: 0.3397, size_res_loss: 0.2791, loss: 6.5916, grad_norm: 7.7158
2026-05-03 17:49:39,681 - mmdet - INFO - Epoch [23][900/1652]	lr: 8.000e-03, eta: 1:29:18, time: 0.239, data_time: 0.015, memory: 8298, vote_loss: 3.4372, objectness_loss: 0.3665, semantic_loss: 0.3801, center_loss: 0.5067, dir_class_loss: 0.9738, dir_res_loss: 0.7498, size_class_loss: 0.3801, size_res_loss: 0.2744, loss: 7.0686, grad_norm: 8.6803
2026-05-03 17:49:51,695 - mmdet - INFO - Epoch [23][950/1652]	lr: 8.000e-03, eta: 1:29:06, time: 0.240, data_time: 0.017, memory: 8298, vote_loss: 3.4049, objectness_loss: 0.3699, semantic_loss: 0.3807, center_loss: 0.5354, dir_class_loss: 0.9357, dir_res_loss: 0.7342, size_class_loss: 0.3807, size_res_loss: 0.2852, loss: 7.0269, grad_norm: 8.4942
2026-05-03 17:50:03,674 - mmdet - INFO - Epoch [23][1000/1652]	lr: 8.000e-03, eta: 1:28:54, time: 0.240, data_time: 0.016, memory: 8298, vote_loss: 3.4365, objectness_loss: 0.3554, semantic_loss: 0.3785, center_loss: 0.4989, dir_class_loss: 0.9780, dir_res_loss: 0.6556, size_class_loss: 0.3785, size_res_loss: 0.2736, loss: 6.9550, grad_norm: 9.0115
2026-05-03 17:50:15,701 - mmdet - INFO - Epoch [23][1050/1652]	lr: 8.000e-03, eta: 1:28:42, time: 0.241, data_time: 0.017, memory: 8298, vote_loss: 3.5200, objectness_loss: 0.3565, semantic_loss: 0.3869, center_loss: 0.4565, dir_class_loss: 0.9437, dir_res_loss: 0.6309, size_class_loss: 0.3869, size_res_loss: 0.2946, loss: 6.9759, grad_norm: 7.8135
2026-05-03 17:50:27,662 - mmdet - INFO - Epoch [23][1100/1652]	lr: 8.000e-03, eta: 1:28:30, time: 0.239, data_time: 0.016, memory: 8298, vote_loss: 3.4637, objectness_loss: 0.3834, semantic_loss: 0.3716, center_loss: 0.4807, dir_class_loss: 0.9869, dir_res_loss: 0.7117, size_class_loss: 0.3716, size_res_loss: 0.2583, loss: 7.0279, grad_norm: 8.7079
2026-05-03 17:50:39,633 - mmdet - INFO - Epoch [23][1150/1652]	lr: 8.000e-03, eta: 1:28:17, time: 0.239, data_time: 0.016, memory: 8298, vote_loss: 3.4345, objectness_loss: 0.3593, semantic_loss: 0.3534, center_loss: 0.5511, dir_class_loss: 0.8679, dir_res_loss: 0.6638, size_class_loss: 0.3534, size_res_loss: 0.2710, loss: 6.8544, grad_norm: 8.8499
2026-05-03 17:50:51,625 - mmdet - INFO - Epoch [23][1200/1652]	lr: 8.000e-03, eta: 1:28:05, time: 0.240, data_time: 0.017, memory: 8298, vote_loss: 3.3317, objectness_loss: 0.3524, semantic_loss: 0.3825, center_loss: 0.4443, dir_class_loss: 0.8764, dir_res_loss: 0.6176, size_class_loss: 0.3825, size_res_loss: 0.2279, loss: 6.6153, grad_norm: 7.5088
2026-05-03 17:51:03,557 - mmdet - INFO - Epoch [23][1250/1652]	lr: 8.000e-03, eta: 1:27:53, time: 0.239, data_time: 0.016, memory: 8298, vote_loss: 3.5934, objectness_loss: 0.3737, semantic_loss: 0.3762, center_loss: 0.4895, dir_class_loss: 0.9277, dir_res_loss: 0.6886, size_class_loss: 0.3762, size_res_loss: 0.3057, loss: 7.1309, grad_norm: 8.1543
2026-05-03 17:51:15,511 - mmdet - INFO - Epoch [23][1300/1652]	lr: 8.000e-03, eta: 1:27:41, time: 0.239, data_time: 0.015, memory: 8298, vote_loss: 3.4442, objectness_loss: 0.3756, semantic_loss: 0.3842, center_loss: 0.4730, dir_class_loss: 0.9606, dir_res_loss: 0.7308, size_class_loss: 0.3842, size_res_loss: 0.2762, loss: 7.0289, grad_norm: 8.2054
2026-05-03 17:51:27,420 - mmdet - INFO - Epoch [23][1350/1652]	lr: 8.000e-03, eta: 1:27:29, time: 0.238, data_time: 0.015, memory: 8298, vote_loss: 3.4161, objectness_loss: 0.3441, semantic_loss: 0.4036, center_loss: 0.4730, dir_class_loss: 0.9621, dir_res_loss: 0.6893, size_class_loss: 0.4036, size_res_loss: 0.2715, loss: 6.9632, grad_norm: 8.9505
2026-05-03 17:51:39,363 - mmdet - INFO - Epoch [23][1400/1652]	lr: 8.000e-03, eta: 1:27:17, time: 0.239, data_time: 0.015, memory: 8298, vote_loss: 3.5424, objectness_loss: 0.3800, semantic_loss: 0.4362, center_loss: 0.4917, dir_class_loss: 0.9701, dir_res_loss: 0.7514, size_class_loss: 0.4362, size_res_loss: 0.3118, loss: 7.3199, grad_norm: 8.2803
2026-05-03 17:51:51,255 - mmdet - INFO - Epoch [23][1450/1652]	lr: 8.000e-03, eta: 1:27:05, time: 0.238, data_time: 0.015, memory: 8298, vote_loss: 3.4061, objectness_loss: 0.3596, semantic_loss: 0.3672, center_loss: 0.4620, dir_class_loss: 0.9212, dir_res_loss: 0.7436, size_class_loss: 0.3672, size_res_loss: 0.3123, loss: 6.9393, grad_norm: 7.2115
2026-05-03 17:52:03,330 - mmdet - INFO - Epoch [23][1500/1652]	lr: 8.000e-03, eta: 1:26:53, time: 0.241, data_time: 0.016, memory: 8298, vote_loss: 3.5142, objectness_loss: 0.3786, semantic_loss: 0.3917, center_loss: 0.4829, dir_class_loss: 0.9363, dir_res_loss: 0.7923, size_class_loss: 0.3917, size_res_loss: 0.3159, loss: 7.2037, grad_norm: 8.3355
2026-05-03 17:52:15,455 - mmdet - INFO - Epoch [23][1550/1652]	lr: 8.000e-03, eta: 1:26:41, time: 0.243, data_time: 0.017, memory: 8298, vote_loss: 3.5494, objectness_loss: 0.3535, semantic_loss: 0.3679, center_loss: 0.5448, dir_class_loss: 0.9606, dir_res_loss: 0.7040, size_class_loss: 0.3679, size_res_loss: 0.2710, loss: 7.1190, grad_norm: 8.5953
2026-05-03 17:52:27,483 - mmdet - INFO - Epoch [23][1600/1652]	lr: 8.000e-03, eta: 1:26:29, time: 0.241, data_time: 0.016, memory: 8298, vote_loss: 3.5274, objectness_loss: 0.3958, semantic_loss: 0.4217, center_loss: 0.5169, dir_class_loss: 0.9384, dir_res_loss: 0.7990, size_class_loss: 0.4217, size_res_loss: 0.2874, loss: 7.3083, grad_norm: 7.8707
2026-05-03 17:52:39,542 - mmdet - INFO - Epoch [23][1650/1652]	lr: 8.000e-03, eta: 1:26:17, time: 0.241, data_time: 0.017, memory: 8298, vote_loss: 3.3639, objectness_loss: 0.3949, semantic_loss: 0.3880, center_loss: 0.4276, dir_class_loss: 0.9927, dir_res_loss: 0.7062, size_class_loss: 0.3880, size_res_loss: 0.2972, loss: 6.9584, grad_norm: 7.8956
2026-05-03 17:52:40,065 - mmdet - INFO - Saving checkpoint at 23 epochs
2026-05-03 17:52:54,742 - mmdet - INFO - Epoch [24][50/1652]	lr: 8.000e-03, eta: 1:26:05, time: 0.293, data_time: 0.069, memory: 8298, vote_loss: 3.4736, objectness_loss: 0.3775, semantic_loss: 0.4137, center_loss: 0.4875, dir_class_loss: 0.9230, dir_res_loss: 0.7155, size_class_loss: 0.4137, size_res_loss: 0.3323, loss: 7.1368, grad_norm: 8.7885
2026-05-03 17:53:06,747 - mmdet - INFO - Epoch [24][100/1652]	lr: 8.000e-03, eta: 1:25:53, time: 0.240, data_time: 0.016, memory: 8298, vote_loss: 3.4314, objectness_loss: 0.3966, semantic_loss: 0.3736, center_loss: 0.4290, dir_class_loss: 0.9592, dir_res_loss: 0.6426, size_class_loss: 0.3736, size_res_loss: 0.2646, loss: 6.8706, grad_norm: 7.7205
2026-05-03 17:53:18,696 - mmdet - INFO - Epoch [24][150/1652]	lr: 8.000e-03, eta: 1:25:41, time: 0.239, data_time: 0.016, memory: 8298, vote_loss: 3.2626, objectness_loss: 0.3723, semantic_loss: 0.3746, center_loss: 0.4487, dir_class_loss: 0.8868, dir_res_loss: 0.5808, size_class_loss: 0.3747, size_res_loss: 0.2794, loss: 6.5798, grad_norm: 8.0552
2026-05-03 17:53:30,747 - mmdet - INFO - Epoch [24][200/1652]	lr: 8.000e-03, eta: 1:25:29, time: 0.241, data_time: 0.017, memory: 8298, vote_loss: 3.3404, objectness_loss: 0.3608, semantic_loss: 0.3374, center_loss: 0.4129, dir_class_loss: 0.8567, dir_res_loss: 0.7161, size_class_loss: 0.3374, size_res_loss: 0.2706, loss: 6.6324, grad_norm: 7.2187
2026-05-03 17:53:42,956 - mmdet - INFO - Epoch [24][250/1652]	lr: 8.000e-03, eta: 1:25:17, time: 0.244, data_time: 0.020, memory: 8298, vote_loss: 3.3077, objectness_loss: 0.3513, semantic_loss: 0.3483, center_loss: 0.4646, dir_class_loss: 0.8652, dir_res_loss: 0.7363, size_class_loss: 0.3483, size_res_loss: 0.2821, loss: 6.7039, grad_norm: 7.8887
2026-05-03 17:53:54,958 - mmdet - INFO - Epoch [24][300/1652]	lr: 8.000e-03, eta: 1:25:05, time: 0.240, data_time: 0.016, memory: 8298, vote_loss: 3.4575, objectness_loss: 0.3811, semantic_loss: 0.3694, center_loss: 0.4625, dir_class_loss: 0.8953, dir_res_loss: 0.6497, size_class_loss: 0.3695, size_res_loss: 0.2549, loss: 6.8398, grad_norm: 7.4027
2026-05-03 17:54:06,936 - mmdet - INFO - Epoch [24][350/1652]	lr: 8.000e-03, eta: 1:24:53, time: 0.240, data_time: 0.016, memory: 8298, vote_loss: 3.4115, objectness_loss: 0.3611, semantic_loss: 0.3743, center_loss: 0.4330, dir_class_loss: 0.9834, dir_res_loss: 0.7098, size_class_loss: 0.3743, size_res_loss: 0.2998, loss: 6.9470, grad_norm: 8.1635
2026-05-03 17:54:18,855 - mmdet - INFO - Epoch [24][400/1652]	lr: 8.000e-03, eta: 1:24:41, time: 0.238, data_time: 0.016, memory: 8298, vote_loss: 3.6167, objectness_loss: 0.3711, semantic_loss: 0.3532, center_loss: 0.5056, dir_class_loss: 0.9480, dir_res_loss: 0.6313, size_class_loss: 0.3532, size_res_loss: 0.2730, loss: 7.0521, grad_norm: 7.7808
2026-05-03 17:54:30,817 - mmdet - INFO - Epoch [24][450/1652]	lr: 8.000e-03, eta: 1:24:29, time: 0.239, data_time: 0.016, memory: 8298, vote_loss: 3.5421, objectness_loss: 0.3733, semantic_loss: 0.4061, center_loss: 0.4824, dir_class_loss: 0.9587, dir_res_loss: 0.7314, size_class_loss: 0.4061, size_res_loss: 0.2935, loss: 7.1937, grad_norm: 8.0356
2026-05-03 17:54:42,744 - mmdet - INFO - Epoch [24][500/1652]	lr: 8.000e-03, eta: 1:24:16, time: 0.239, data_time: 0.016, memory: 8298, vote_loss: 3.3643, objectness_loss: 0.3552, semantic_loss: 0.3204, center_loss: 0.4982, dir_class_loss: 0.8327, dir_res_loss: 0.6490, size_class_loss: 0.3204, size_res_loss: 0.2534, loss: 6.5936, grad_norm: 7.8909
2026-05-03 17:54:54,777 - mmdet - INFO - Epoch [24][550/1652]	lr: 8.000e-03, eta: 1:24:04, time: 0.241, data_time: 0.016, memory: 8298, vote_loss: 3.5111, objectness_loss: 0.3527, semantic_loss: 0.4096, center_loss: 0.4671, dir_class_loss: 0.9932, dir_res_loss: 0.6716, size_class_loss: 0.4096, size_res_loss: 0.2818, loss: 7.0967, grad_norm: 7.9251
2026-05-03 17:55:06,751 - mmdet - INFO - Epoch [24][600/1652]	lr: 8.000e-03, eta: 1:23:52, time: 0.239, data_time: 0.016, memory: 8298, vote_loss: 3.2888, objectness_loss: 0.3461, semantic_loss: 0.3651, center_loss: 0.4825, dir_class_loss: 0.9311, dir_res_loss: 0.7121, size_class_loss: 0.3651, size_res_loss: 0.2624, loss: 6.7533, grad_norm: 8.5905
2026-05-03 17:55:18,712 - mmdet - INFO - Epoch [24][650/1652]	lr: 8.000e-03, eta: 1:23:40, time: 0.239, data_time: 0.016, memory: 8298, vote_loss: 3.4797, objectness_loss: 0.3482, semantic_loss: 0.3782, center_loss: 0.4884, dir_class_loss: 0.8930, dir_res_loss: 0.6326, size_class_loss: 0.3782, size_res_loss: 0.2761, loss: 6.8745, grad_norm: 7.9221
2026-05-03 17:55:30,711 - mmdet - INFO - Epoch [24][700/1652]	lr: 8.000e-03, eta: 1:23:28, time: 0.240, data_time: 0.016, memory: 8298, vote_loss: 3.3109, objectness_loss: 0.3733, semantic_loss: 0.4160, center_loss: 0.4493, dir_class_loss: 0.9978, dir_res_loss: 0.7276, size_class_loss: 0.4160, size_res_loss: 0.2950, loss: 6.9858, grad_norm: 8.0070
2026-05-03 17:55:42,628 - mmdet - INFO - Epoch [24][750/1652]	lr: 8.000e-03, eta: 1:23:16, time: 0.238, data_time: 0.016, memory: 8298, vote_loss: 3.4827, objectness_loss: 0.3485, semantic_loss: 0.3754, center_loss: 0.4828, dir_class_loss: 0.9803, dir_res_loss: 0.6928, size_class_loss: 0.3754, size_res_loss: 0.2764, loss: 7.0142, grad_norm: 7.9995
2026-05-03 17:55:54,604 - mmdet - INFO - Epoch [24][800/1652]	lr: 8.000e-03, eta: 1:23:04, time: 0.240, data_time: 0.016, memory: 8298, vote_loss: 3.5626, objectness_loss: 0.3601, semantic_loss: 0.4152, center_loss: 0.4882, dir_class_loss: 0.8977, dir_res_loss: 0.6684, size_class_loss: 0.4152, size_res_loss: 0.3109, loss: 7.1184, grad_norm: 8.0646
2026-05-03 17:56:06,618 - mmdet - INFO - Epoch [24][850/1652]	lr: 8.000e-03, eta: 1:22:52, time: 0.240, data_time: 0.016, memory: 8298, vote_loss: 3.4909, objectness_loss: 0.3582, semantic_loss: 0.3809, center_loss: 0.4599, dir_class_loss: 0.9377, dir_res_loss: 0.6973, size_class_loss: 0.3809, size_res_loss: 0.2767, loss: 6.9825, grad_norm: 7.7854
2026-05-03 17:56:18,599 - mmdet - INFO - Epoch [24][900/1652]	lr: 8.000e-03, eta: 1:22:40, time: 0.240, data_time: 0.016, memory: 8298, vote_loss: 3.2834, objectness_loss: 0.3629, semantic_loss: 0.3721, center_loss: 0.5219, dir_class_loss: 0.9668, dir_res_loss: 0.6456, size_class_loss: 0.3721, size_res_loss: 0.2609, loss: 6.7858, grad_norm: 8.1155
2026-05-03 17:56:30,570 - mmdet - INFO - Epoch [24][950/1652]	lr: 8.000e-03, eta: 1:22:28, time: 0.239, data_time: 0.016, memory: 8298, vote_loss: 3.3432, objectness_loss: 0.3494, semantic_loss: 0.4166, center_loss: 0.4747, dir_class_loss: 0.9653, dir_res_loss: 0.6212, size_class_loss: 0.4166, size_res_loss: 0.2759, loss: 6.8627, grad_norm: 8.6815
2026-05-03 17:56:42,533 - mmdet - INFO - Epoch [24][1000/1652]	lr: 8.000e-03, eta: 1:22:16, time: 0.239, data_time: 0.016, memory: 8298, vote_loss: 3.4770, objectness_loss: 0.3588, semantic_loss: 0.4416, center_loss: 0.5350, dir_class_loss: 0.9611, dir_res_loss: 0.6201, size_class_loss: 0.4416, size_res_loss: 0.2849, loss: 7.1201, grad_norm: 7.8791
2026-05-03 17:56:54,473 - mmdet - INFO - Epoch [24][1050/1652]	lr: 8.000e-03, eta: 1:22:03, time: 0.239, data_time: 0.016, memory: 8298, vote_loss: 3.6003, objectness_loss: 0.3495, semantic_loss: 0.3844, center_loss: 0.4934, dir_class_loss: 0.9576, dir_res_loss: 0.6576, size_class_loss: 0.3844, size_res_loss: 0.2800, loss: 7.1070, grad_norm: 8.1316
2026-05-03 17:57:06,415 - mmdet - INFO - Epoch [24][1100/1652]	lr: 8.000e-03, eta: 1:21:51, time: 0.239, data_time: 0.016, memory: 8298, vote_loss: 3.6663, objectness_loss: 0.3690, semantic_loss: 0.3681, center_loss: 0.5148, dir_class_loss: 0.8963, dir_res_loss: 0.6576, size_class_loss: 0.3681, size_res_loss: 0.2948, loss: 7.1349, grad_norm: 8.8162
2026-05-03 17:57:18,325 - mmdet - INFO - Epoch [24][1150/1652]	lr: 8.000e-03, eta: 1:21:39, time: 0.238, data_time: 0.016, memory: 8298, vote_loss: 3.6198, objectness_loss: 0.3479, semantic_loss: 0.3913, center_loss: 0.4457, dir_class_loss: 0.9126, dir_res_loss: 0.6651, size_class_loss: 0.3913, size_res_loss: 0.2892, loss: 7.0629, grad_norm: 7.9476
2026-05-03 17:57:30,326 - mmdet - INFO - Epoch [24][1200/1652]	lr: 8.000e-03, eta: 1:21:27, time: 0.240, data_time: 0.016, memory: 8298, vote_loss: 3.4724, objectness_loss: 0.3858, semantic_loss: 0.4017, center_loss: 0.4934, dir_class_loss: 0.9716, dir_res_loss: 0.7913, size_class_loss: 0.4017, size_res_loss: 0.2593, loss: 7.1771, grad_norm: 8.2098
2026-05-03 17:57:42,306 - mmdet - INFO - Epoch [24][1250/1652]	lr: 8.000e-03, eta: 1:21:15, time: 0.240, data_time: 0.016, memory: 8298, vote_loss: 3.4342, objectness_loss: 0.3685, semantic_loss: 0.3880, center_loss: 0.4561, dir_class_loss: 0.8242, dir_res_loss: 0.6233, size_class_loss: 0.3880, size_res_loss: 0.2890, loss: 6.7714, grad_norm: 7.8806
2026-05-03 17:57:54,302 - mmdet - INFO - Epoch [24][1300/1652]	lr: 8.000e-03, eta: 1:21:03, time: 0.240, data_time: 0.016, memory: 8298, vote_loss: 3.6320, objectness_loss: 0.3440, semantic_loss: 0.3614, center_loss: 0.4637, dir_class_loss: 0.8829, dir_res_loss: 0.6079, size_class_loss: 0.3614, size_res_loss: 0.2997, loss: 6.9529, grad_norm: 7.7408
2026-05-03 17:58:06,324 - mmdet - INFO - Epoch [24][1350/1652]	lr: 8.000e-03, eta: 1:20:51, time: 0.240, data_time: 0.016, memory: 8298, vote_loss: 3.3246, objectness_loss: 0.3507, semantic_loss: 0.4127, center_loss: 0.4617, dir_class_loss: 0.9565, dir_res_loss: 0.6828, size_class_loss: 0.4127, size_res_loss: 0.2654, loss: 6.8672, grad_norm: 8.0314
2026-05-03 17:58:18,438 - mmdet - INFO - Epoch [24][1400/1652]	lr: 8.000e-03, eta: 1:20:39, time: 0.242, data_time: 0.017, memory: 8298, vote_loss: 3.3971, objectness_loss: 0.3597, semantic_loss: 0.3843, center_loss: 0.4656, dir_class_loss: 0.9500, dir_res_loss: 0.6472, size_class_loss: 0.3843, size_res_loss: 0.2751, loss: 6.8633, grad_norm: 8.0882
2026-05-03 17:58:30,392 - mmdet - INFO - Epoch [24][1450/1652]	lr: 8.000e-03, eta: 1:20:27, time: 0.239, data_time: 0.016, memory: 8298, vote_loss: 3.3618, objectness_loss: 0.3419, semantic_loss: 0.3622, center_loss: 0.4692, dir_class_loss: 0.9594, dir_res_loss: 0.6443, size_class_loss: 0.3622, size_res_loss: 0.2941, loss: 6.7952, grad_norm: 8.2591
2026-05-03 17:58:42,242 - mmdet - INFO - Epoch [24][1500/1652]	lr: 8.000e-03, eta: 1:20:15, time: 0.237, data_time: 0.016, memory: 8298, vote_loss: 3.4297, objectness_loss: 0.3441, semantic_loss: 0.3566, center_loss: 0.5218, dir_class_loss: 0.9453, dir_res_loss: 0.6647, size_class_loss: 0.3566, size_res_loss: 0.2628, loss: 6.8816, grad_norm: 7.8415
2026-05-03 17:58:54,375 - mmdet - INFO - Epoch [24][1550/1652]	lr: 8.000e-03, eta: 1:20:03, time: 0.243, data_time: 0.017, memory: 8298, vote_loss: 3.3710, objectness_loss: 0.3857, semantic_loss: 0.4128, center_loss: 0.4714, dir_class_loss: 0.9562, dir_res_loss: 0.7216, size_class_loss: 0.4128, size_res_loss: 0.2857, loss: 7.0173, grad_norm: 8.2083
2026-05-03 17:59:06,549 - mmdet - INFO - Epoch [24][1600/1652]	lr: 8.000e-03, eta: 1:19:51, time: 0.243, data_time: 0.017, memory: 8298, vote_loss: 3.4728, objectness_loss: 0.3706, semantic_loss: 0.4140, center_loss: 0.4561, dir_class_loss: 0.8893, dir_res_loss: 0.6764, size_class_loss: 0.4140, size_res_loss: 0.2633, loss: 6.9564, grad_norm: 8.5795
2026-05-03 17:59:18,436 - mmdet - INFO - Epoch [24][1650/1652]	lr: 8.000e-03, eta: 1:19:38, time: 0.238, data_time: 0.015, memory: 8298, vote_loss: 3.3806, objectness_loss: 0.3862, semantic_loss: 0.3869, center_loss: 0.4609, dir_class_loss: 0.9186, dir_res_loss: 0.7389, size_class_loss: 0.3869, size_res_loss: 0.2826, loss: 6.9415, grad_norm: 8.1101
2026-05-03 17:59:18,957 - mmdet - INFO - Saving checkpoint at 24 epochs
2026-05-03 17:59:34,089 - mmdet - INFO - Epoch [25][50/1652]	lr: 8.000e-04, eta: 1:19:27, time: 0.302, data_time: 0.072, memory: 8298, vote_loss: 3.3720, objectness_loss: 0.3214, semantic_loss: 0.3334, center_loss: 0.4260, dir_class_loss: 0.8943, dir_res_loss: 0.5778, size_class_loss: 0.3334, size_res_loss: 0.2547, loss: 6.5130, grad_norm: 6.9014
2026-05-03 17:59:45,955 - mmdet - INFO - Epoch [25][100/1652]	lr: 8.000e-04, eta: 1:19:15, time: 0.237, data_time: 0.016, memory: 8298, vote_loss: 3.1642, objectness_loss: 0.3302, semantic_loss: 0.3363, center_loss: 0.4248, dir_class_loss: 0.8547, dir_res_loss: 0.5977, size_class_loss: 0.3363, size_res_loss: 0.2606, loss: 6.3049, grad_norm: 7.5868
2026-05-03 17:59:57,895 - mmdet - INFO - Epoch [25][150/1652]	lr: 8.000e-04, eta: 1:19:03, time: 0.239, data_time: 0.016, memory: 8298, vote_loss: 2.9321, objectness_loss: 0.3634, semantic_loss: 0.3042, center_loss: 0.3839, dir_class_loss: 0.8115, dir_res_loss: 0.5973, size_class_loss: 0.3042, size_res_loss: 0.2168, loss: 5.9133, grad_norm: 6.8209
2026-05-03 18:00:09,865 - mmdet - INFO - Epoch [25][200/1652]	lr: 8.000e-04, eta: 1:18:51, time: 0.239, data_time: 0.016, memory: 8298, vote_loss: 3.3062, objectness_loss: 0.3401, semantic_loss: 0.3038, center_loss: 0.3998, dir_class_loss: 0.8684, dir_res_loss: 0.5806, size_class_loss: 0.3038, size_res_loss: 0.2600, loss: 6.3626, grad_norm: 6.7419
2026-05-03 18:00:21,783 - mmdet - INFO - Epoch [25][250/1652]	lr: 8.000e-04, eta: 1:18:39, time: 0.238, data_time: 0.016, memory: 8298, vote_loss: 3.0324, objectness_loss: 0.3324, semantic_loss: 0.3252, center_loss: 0.4142, dir_class_loss: 0.8240, dir_res_loss: 0.5577, size_class_loss: 0.3252, size_res_loss: 0.2444, loss: 6.0554, grad_norm: 6.6858
2026-05-03 18:00:33,752 - mmdet - INFO - Epoch [25][300/1652]	lr: 8.000e-04, eta: 1:18:27, time: 0.239, data_time: 0.016, memory: 8298, vote_loss: 3.0728, objectness_loss: 0.3272, semantic_loss: 0.3051, center_loss: 0.3990, dir_class_loss: 0.8131, dir_res_loss: 0.5537, size_class_loss: 0.3051, size_res_loss: 0.2420, loss: 6.0181, grad_norm: 6.8258
2026-05-03 18:00:45,624 - mmdet - INFO - Epoch [25][350/1652]	lr: 8.000e-04, eta: 1:18:14, time: 0.237, data_time: 0.016, memory: 8298, vote_loss: 2.9924, objectness_loss: 0.3527, semantic_loss: 0.3020, center_loss: 0.3648, dir_class_loss: 0.8954, dir_res_loss: 0.6026, size_class_loss: 0.3020, size_res_loss: 0.2502, loss: 6.0619, grad_norm: 6.7299
2026-05-03 18:00:57,546 - mmdet - INFO - Epoch [25][400/1652]	lr: 8.000e-04, eta: 1:18:02, time: 0.238, data_time: 0.016, memory: 8298, vote_loss: 3.0047, objectness_loss: 0.3133, semantic_loss: 0.3001, center_loss: 0.3524, dir_class_loss: 0.8336, dir_res_loss: 0.5831, size_class_loss: 0.3001, size_res_loss: 0.2226, loss: 5.9098, grad_norm: 7.0133
2026-05-03 18:01:09,454 - mmdet - INFO - Epoch [25][450/1652]	lr: 8.000e-04, eta: 1:17:50, time: 0.238, data_time: 0.016, memory: 8298, vote_loss: 3.1246, objectness_loss: 0.3103, semantic_loss: 0.3015, center_loss: 0.3803, dir_class_loss: 0.8120, dir_res_loss: 0.5426, size_class_loss: 0.3015, size_res_loss: 0.2515, loss: 6.0243, grad_norm: 6.9696
2026-05-03 18:01:21,391 - mmdet - INFO - Epoch [25][500/1652]	lr: 8.000e-04, eta: 1:17:38, time: 0.239, data_time: 0.017, memory: 8298, vote_loss: 3.1871, objectness_loss: 0.3285, semantic_loss: 0.2818, center_loss: 0.3806, dir_class_loss: 0.7388, dir_res_loss: 0.5297, size_class_loss: 0.2818, size_res_loss: 0.2500, loss: 5.9785, grad_norm: 6.6902
2026-05-03 18:01:33,351 - mmdet - INFO - Epoch [25][550/1652]	lr: 8.000e-04, eta: 1:17:26, time: 0.239, data_time: 0.017, memory: 8298, vote_loss: 3.2536, objectness_loss: 0.3535, semantic_loss: 0.3277, center_loss: 0.4008, dir_class_loss: 0.8050, dir_res_loss: 0.5658, size_class_loss: 0.3277, size_res_loss: 0.2537, loss: 6.2876, grad_norm: 6.7282
2026-05-03 18:01:45,219 - mmdet - INFO - Epoch [25][600/1652]	lr: 8.000e-04, eta: 1:17:14, time: 0.237, data_time: 0.016, memory: 8298, vote_loss: 3.1392, objectness_loss: 0.3204, semantic_loss: 0.2930, center_loss: 0.3940, dir_class_loss: 0.8005, dir_res_loss: 0.5783, size_class_loss: 0.2930, size_res_loss: 0.2495, loss: 6.0679, grad_norm: 6.5027
2026-05-03 18:01:57,064 - mmdet - INFO - Epoch [25][650/1652]	lr: 8.000e-04, eta: 1:17:02, time: 0.237, data_time: 0.016, memory: 8298, vote_loss: 3.2668, objectness_loss: 0.3110, semantic_loss: 0.2634, center_loss: 0.3763, dir_class_loss: 0.8300, dir_res_loss: 0.5657, size_class_loss: 0.2634, size_res_loss: 0.2416, loss: 6.1182, grad_norm: 7.2556
2026-05-03 18:02:09,009 - mmdet - INFO - Epoch [25][700/1652]	lr: 8.000e-04, eta: 1:16:50, time: 0.239, data_time: 0.016, memory: 8298, vote_loss: 3.1246, objectness_loss: 0.3337, semantic_loss: 0.3370, center_loss: 0.4061, dir_class_loss: 0.7701, dir_res_loss: 0.5181, size_class_loss: 0.3370, size_res_loss: 0.2517, loss: 6.0782, grad_norm: 6.7175
2026-05-03 18:02:20,939 - mmdet - INFO - Epoch [25][750/1652]	lr: 8.000e-04, eta: 1:16:37, time: 0.239, data_time: 0.016, memory: 8298, vote_loss: 3.1269, objectness_loss: 0.3231, semantic_loss: 0.3189, center_loss: 0.3752, dir_class_loss: 0.8440, dir_res_loss: 0.5420, size_class_loss: 0.3189, size_res_loss: 0.2383, loss: 6.0875, grad_norm: 7.1806
2026-05-03 18:02:32,812 - mmdet - INFO - Epoch [25][800/1652]	lr: 8.000e-04, eta: 1:16:25, time: 0.237, data_time: 0.016, memory: 8298, vote_loss: 2.9268, objectness_loss: 0.3388, semantic_loss: 0.3249, center_loss: 0.3597, dir_class_loss: 0.7844, dir_res_loss: 0.4965, size_class_loss: 0.3249, size_res_loss: 0.2388, loss: 5.7948, grad_norm: 6.6053
2026-05-03 18:02:44,684 - mmdet - INFO - Epoch [25][850/1652]	lr: 8.000e-04, eta: 1:16:13, time: 0.237, data_time: 0.016, memory: 8298, vote_loss: 2.8873, objectness_loss: 0.3317, semantic_loss: 0.2868, center_loss: 0.3641, dir_class_loss: 0.7238, dir_res_loss: 0.5364, size_class_loss: 0.2868, size_res_loss: 0.2260, loss: 5.6429, grad_norm: 6.6696
2026-05-03 18:02:56,587 - mmdet - INFO - Epoch [25][900/1652]	lr: 8.000e-04, eta: 1:16:01, time: 0.238, data_time: 0.016, memory: 8298, vote_loss: 2.8877, objectness_loss: 0.3123, semantic_loss: 0.3078, center_loss: 0.3639, dir_class_loss: 0.8173, dir_res_loss: 0.5335, size_class_loss: 0.3078, size_res_loss: 0.2118, loss: 5.7422, grad_norm: 6.8936
2026-05-03 18:03:08,532 - mmdet - INFO - Epoch [25][950/1652]	lr: 8.000e-04, eta: 1:15:49, time: 0.239, data_time: 0.016, memory: 8298, vote_loss: 2.9329, objectness_loss: 0.3186, semantic_loss: 0.3113, center_loss: 0.3709, dir_class_loss: 0.7821, dir_res_loss: 0.5601, size_class_loss: 0.3113, size_res_loss: 0.2494, loss: 5.8367, grad_norm: 6.9228
2026-05-03 18:03:20,738 - mmdet - INFO - Epoch [25][1000/1652]	lr: 8.000e-04, eta: 1:15:37, time: 0.244, data_time: 0.017, memory: 8298, vote_loss: 2.9560, objectness_loss: 0.3380, semantic_loss: 0.3130, center_loss: 0.3705, dir_class_loss: 0.7956, dir_res_loss: 0.5541, size_class_loss: 0.3130, size_res_loss: 0.2468, loss: 5.8870, grad_norm: 6.6234
2026-05-03 18:03:32,636 - mmdet - INFO - Epoch [25][1050/1652]	lr: 8.000e-04, eta: 1:15:25, time: 0.238, data_time: 0.016, memory: 8298, vote_loss: 3.0219, objectness_loss: 0.2969, semantic_loss: 0.2710, center_loss: 0.3933, dir_class_loss: 0.8138, dir_res_loss: 0.6146, size_class_loss: 0.2710, size_res_loss: 0.2354, loss: 5.9179, grad_norm: 6.6700
2026-05-03 18:03:44,640 - mmdet - INFO - Epoch [25][1100/1652]	lr: 8.000e-04, eta: 1:15:13, time: 0.240, data_time: 0.017, memory: 8298, vote_loss: 2.9018, objectness_loss: 0.3022, semantic_loss: 0.2930, center_loss: 0.3997, dir_class_loss: 0.8166, dir_res_loss: 0.5401, size_class_loss: 0.2930, size_res_loss: 0.2159, loss: 5.7622, grad_norm: 6.7129
2026-05-03 18:03:56,584 - mmdet - INFO - Epoch [25][1150/1652]	lr: 8.000e-04, eta: 1:15:01, time: 0.239, data_time: 0.016, memory: 8298, vote_loss: 2.9629, objectness_loss: 0.3152, semantic_loss: 0.2804, center_loss: 0.4074, dir_class_loss: 0.7875, dir_res_loss: 0.5350, size_class_loss: 0.2804, size_res_loss: 0.2135, loss: 5.7821, grad_norm: 7.1549
2026-05-03 18:04:08,340 - mmdet - INFO - Epoch [25][1200/1652]	lr: 8.000e-04, eta: 1:14:49, time: 0.235, data_time: 0.016, memory: 8298, vote_loss: 2.8874, objectness_loss: 0.3213, semantic_loss: 0.2506, center_loss: 0.3601, dir_class_loss: 0.7305, dir_res_loss: 0.4772, size_class_loss: 0.2506, size_res_loss: 0.2374, loss: 5.5152, grad_norm: 6.9239
2026-05-03 18:04:20,221 - mmdet - INFO - Epoch [25][1250/1652]	lr: 8.000e-04, eta: 1:14:36, time: 0.238, data_time: 0.016, memory: 8298, vote_loss: 3.0853, objectness_loss: 0.3236, semantic_loss: 0.2694, center_loss: 0.3853, dir_class_loss: 0.6559, dir_res_loss: 0.4741, size_class_loss: 0.2694, size_res_loss: 0.2450, loss: 5.7081, grad_norm: 7.3298
2026-05-03 18:04:32,309 - mmdet - INFO - Epoch [25][1300/1652]	lr: 8.000e-04, eta: 1:14:24, time: 0.242, data_time: 0.020, memory: 8298, vote_loss: 3.0853, objectness_loss: 0.3281, semantic_loss: 0.2833, center_loss: 0.3919, dir_class_loss: 0.8222, dir_res_loss: 0.5073, size_class_loss: 0.2833, size_res_loss: 0.2498, loss: 5.9514, grad_norm: 6.8454
2026-05-03 18:04:44,170 - mmdet - INFO - Epoch [25][1350/1652]	lr: 8.000e-04, eta: 1:14:12, time: 0.237, data_time: 0.016, memory: 8298, vote_loss: 2.9133, objectness_loss: 0.3105, semantic_loss: 0.2779, center_loss: 0.4218, dir_class_loss: 0.7676, dir_res_loss: 0.5122, size_class_loss: 0.2779, size_res_loss: 0.2110, loss: 5.6923, grad_norm: 6.4871
2026-05-03 18:04:56,101 - mmdet - INFO - Epoch [25][1400/1652]	lr: 8.000e-04, eta: 1:14:00, time: 0.239, data_time: 0.016, memory: 8298, vote_loss: 3.0031, objectness_loss: 0.3607, semantic_loss: 0.2654, center_loss: 0.3711, dir_class_loss: 0.8379, dir_res_loss: 0.5414, size_class_loss: 0.2654, size_res_loss: 0.2198, loss: 5.8648, grad_norm: 6.3723
2026-05-03 18:05:08,113 - mmdet - INFO - Epoch [25][1450/1652]	lr: 8.000e-04, eta: 1:13:48, time: 0.240, data_time: 0.016, memory: 8298, vote_loss: 2.9161, objectness_loss: 0.3147, semantic_loss: 0.2690, center_loss: 0.3724, dir_class_loss: 0.8232, dir_res_loss: 0.5275, size_class_loss: 0.2690, size_res_loss: 0.2601, loss: 5.7520, grad_norm: 7.0719
2026-05-03 18:05:19,987 - mmdet - INFO - Epoch [25][1500/1652]	lr: 8.000e-04, eta: 1:13:36, time: 0.237, data_time: 0.016, memory: 8298, vote_loss: 3.0601, objectness_loss: 0.3281, semantic_loss: 0.2798, center_loss: 0.3662, dir_class_loss: 0.8152, dir_res_loss: 0.4993, size_class_loss: 0.2798, size_res_loss: 0.2596, loss: 5.8880, grad_norm: 6.6328
2026-05-03 18:05:32,094 - mmdet - INFO - Epoch [25][1550/1652]	lr: 8.000e-04, eta: 1:13:24, time: 0.242, data_time: 0.017, memory: 8298, vote_loss: 3.0114, objectness_loss: 0.3277, semantic_loss: 0.2589, center_loss: 0.3821, dir_class_loss: 0.7549, dir_res_loss: 0.5029, size_class_loss: 0.2589, size_res_loss: 0.2262, loss: 5.7231, grad_norm: 6.5426
2026-05-03 18:05:44,385 - mmdet - INFO - Epoch [25][1600/1652]	lr: 8.000e-04, eta: 1:13:12, time: 0.246, data_time: 0.017, memory: 8298, vote_loss: 3.0190, objectness_loss: 0.2983, semantic_loss: 0.3071, center_loss: 0.3722, dir_class_loss: 0.8080, dir_res_loss: 0.5128, size_class_loss: 0.3071, size_res_loss: 0.2256, loss: 5.8502, grad_norm: 7.0588
2026-05-03 18:05:56,356 - mmdet - INFO - Epoch [25][1650/1652]	lr: 8.000e-04, eta: 1:13:00, time: 0.239, data_time: 0.016, memory: 8298, vote_loss: 3.0847, objectness_loss: 0.3142, semantic_loss: 0.3144, center_loss: 0.3973, dir_class_loss: 0.8304, dir_res_loss: 0.5213, size_class_loss: 0.3144, size_res_loss: 0.2550, loss: 6.0316, grad_norm: 7.2212
2026-05-03 18:05:56,901 - mmdet - INFO - Saving checkpoint at 25 epochs
2026-05-03 18:06:12,006 - mmdet - INFO - Epoch [26][50/1652]	lr: 8.000e-04, eta: 1:12:48, time: 0.301, data_time: 0.074, memory: 8298, vote_loss: 2.9451, objectness_loss: 0.3011, semantic_loss: 0.2489, center_loss: 0.3510, dir_class_loss: 0.8224, dir_res_loss: 0.4901, size_class_loss: 0.2489, size_res_loss: 0.2169, loss: 5.6244, grad_norm: 6.8884
2026-05-03 18:06:24,107 - mmdet - INFO - Epoch [26][100/1652]	lr: 8.000e-04, eta: 1:12:36, time: 0.242, data_time: 0.016, memory: 8298, vote_loss: 2.9891, objectness_loss: 0.3219, semantic_loss: 0.3184, center_loss: 0.3668, dir_class_loss: 0.8589, dir_res_loss: 0.5735, size_class_loss: 0.3184, size_res_loss: 0.2394, loss: 5.9865, grad_norm: 6.9972
2026-05-03 18:06:36,173 - mmdet - INFO - Epoch [26][150/1652]	lr: 8.000e-04, eta: 1:12:24, time: 0.241, data_time: 0.017, memory: 8298, vote_loss: 3.1322, objectness_loss: 0.3029, semantic_loss: 0.2813, center_loss: 0.3612, dir_class_loss: 0.7671, dir_res_loss: 0.4848, size_class_loss: 0.2813, size_res_loss: 0.2202, loss: 5.8310, grad_norm: 6.9727
2026-05-03 18:06:48,176 - mmdet - INFO - Epoch [26][200/1652]	lr: 8.000e-04, eta: 1:12:12, time: 0.240, data_time: 0.016, memory: 8298, vote_loss: 2.9522, objectness_loss: 0.3016, semantic_loss: 0.2791, center_loss: 0.3446, dir_class_loss: 0.7426, dir_res_loss: 0.5227, size_class_loss: 0.2791, size_res_loss: 0.2164, loss: 5.6383, grad_norm: 7.0356
2026-05-03 18:07:00,217 - mmdet - INFO - Epoch [26][250/1652]	lr: 8.000e-04, eta: 1:12:00, time: 0.241, data_time: 0.017, memory: 8298, vote_loss: 2.9896, objectness_loss: 0.3222, semantic_loss: 0.2729, center_loss: 0.3643, dir_class_loss: 0.8117, dir_res_loss: 0.4878, size_class_loss: 0.2729, size_res_loss: 0.2470, loss: 5.7682, grad_norm: 6.5055
2026-05-03 18:07:12,285 - mmdet - INFO - Epoch [26][300/1652]	lr: 8.000e-04, eta: 1:11:48, time: 0.241, data_time: 0.016, memory: 8298, vote_loss: 2.9587, objectness_loss: 0.3198, semantic_loss: 0.2495, center_loss: 0.3627, dir_class_loss: 0.7731, dir_res_loss: 0.4929, size_class_loss: 0.2495, size_res_loss: 0.2423, loss: 5.6484, grad_norm: 6.3477
2026-05-03 18:07:24,277 - mmdet - INFO - Epoch [26][350/1652]	lr: 8.000e-04, eta: 1:11:36, time: 0.240, data_time: 0.016, memory: 8298, vote_loss: 3.0716, objectness_loss: 0.3080, semantic_loss: 0.2850, center_loss: 0.3769, dir_class_loss: 0.7792, dir_res_loss: 0.5458, size_class_loss: 0.2850, size_res_loss: 0.2430, loss: 5.8945, grad_norm: 7.0301
2026-05-03 18:07:36,256 - mmdet - INFO - Epoch [26][400/1652]	lr: 8.000e-04, eta: 1:11:24, time: 0.240, data_time: 0.016, memory: 8298, vote_loss: 2.9376, objectness_loss: 0.3151, semantic_loss: 0.3095, center_loss: 0.3343, dir_class_loss: 0.8748, dir_res_loss: 0.5439, size_class_loss: 0.3095, size_res_loss: 0.2152, loss: 5.8399, grad_norm: 6.1901
2026-05-03 18:07:48,174 - mmdet - INFO - Epoch [26][450/1652]	lr: 8.000e-04, eta: 1:11:12, time: 0.238, data_time: 0.016, memory: 8298, vote_loss: 3.0030, objectness_loss: 0.3261, semantic_loss: 0.2546, center_loss: 0.3740, dir_class_loss: 0.7583, dir_res_loss: 0.5395, size_class_loss: 0.2546, size_res_loss: 0.2181, loss: 5.7282, grad_norm: 6.9310
2026-05-03 18:08:00,066 - mmdet - INFO - Epoch [26][500/1652]	lr: 8.000e-04, eta: 1:11:00, time: 0.238, data_time: 0.016, memory: 8298, vote_loss: 2.9322, objectness_loss: 0.3121, semantic_loss: 0.2456, center_loss: 0.3814, dir_class_loss: 0.7337, dir_res_loss: 0.5313, size_class_loss: 0.2456, size_res_loss: 0.2141, loss: 5.5960, grad_norm: 6.9424
2026-05-03 18:08:11,920 - mmdet - INFO - Epoch [26][550/1652]	lr: 8.000e-04, eta: 1:10:48, time: 0.237, data_time: 0.016, memory: 8298, vote_loss: 2.9446, objectness_loss: 0.3130, semantic_loss: 0.2680, center_loss: 0.3709, dir_class_loss: 0.7561, dir_res_loss: 0.5206, size_class_loss: 0.2680, size_res_loss: 0.2336, loss: 5.6747, grad_norm: 6.7307
2026-05-03 18:08:23,884 - mmdet - INFO - Epoch [26][600/1652]	lr: 8.000e-04, eta: 1:10:36, time: 0.239, data_time: 0.016, memory: 8298, vote_loss: 2.9284, objectness_loss: 0.3197, semantic_loss: 0.2957, center_loss: 0.4079, dir_class_loss: 0.7749, dir_res_loss: 0.5216, size_class_loss: 0.2957, size_res_loss: 0.2414, loss: 5.7852, grad_norm: 7.1094
2026-05-03 18:08:35,762 - mmdet - INFO - Epoch [26][650/1652]	lr: 8.000e-04, eta: 1:10:23, time: 0.238, data_time: 0.016, memory: 8298, vote_loss: 2.9345, objectness_loss: 0.3162, semantic_loss: 0.2801, center_loss: 0.3782, dir_class_loss: 0.7576, dir_res_loss: 0.5582, size_class_loss: 0.2801, size_res_loss: 0.2254, loss: 5.7304, grad_norm: 7.3720
2026-05-03 18:08:47,731 - mmdet - INFO - Exp name: votenet_16x8_sunrgbd-3d-10class.py
2026-05-03 18:08:47,731 - mmdet - INFO - Epoch [26][700/1652]	lr: 8.000e-04, eta: 1:10:11, time: 0.239, data_time: 0.016, memory: 8298, vote_loss: 2.8647, objectness_loss: 0.3101, semantic_loss: 0.3004, center_loss: 0.3550, dir_class_loss: 0.7200, dir_res_loss: 0.4676, size_class_loss: 0.3004, size_res_loss: 0.2204, loss: 5.5386, grad_norm: 7.4482
2026-05-03 18:08:59,699 - mmdet - INFO - Epoch [26][750/1652]	lr: 8.000e-04, eta: 1:09:59, time: 0.239, data_time: 0.016, memory: 8298, vote_loss: 2.8856, objectness_loss: 0.3176, semantic_loss: 0.2516, center_loss: 0.3984, dir_class_loss: 0.7989, dir_res_loss: 0.5333, size_class_loss: 0.2516, size_res_loss: 0.2145, loss: 5.6516, grad_norm: 7.0667
2026-05-03 18:09:11,733 - mmdet - INFO - Epoch [26][800/1652]	lr: 8.000e-04, eta: 1:09:47, time: 0.241, data_time: 0.017, memory: 8298, vote_loss: 2.9851, objectness_loss: 0.3068, semantic_loss: 0.2600, center_loss: 0.3616, dir_class_loss: 0.7461, dir_res_loss: 0.5349, size_class_loss: 0.2600, size_res_loss: 0.2218, loss: 5.6763, grad_norm: 6.8257
2026-05-03 18:09:23,710 - mmdet - INFO - Epoch [26][850/1652]	lr: 8.000e-04, eta: 1:09:35, time: 0.240, data_time: 0.016, memory: 8298, vote_loss: 2.9896, objectness_loss: 0.2929, semantic_loss: 0.2805, center_loss: 0.3528, dir_class_loss: 0.7934, dir_res_loss: 0.5237, size_class_loss: 0.2805, size_res_loss: 0.2742, loss: 5.7876, grad_norm: 7.0435
2026-05-03 18:09:35,711 - mmdet - INFO - Epoch [26][900/1652]	lr: 8.000e-04, eta: 1:09:23, time: 0.240, data_time: 0.016, memory: 8298, vote_loss: 2.9636, objectness_loss: 0.3211, semantic_loss: 0.2722, center_loss: 0.3677, dir_class_loss: 0.7537, dir_res_loss: 0.5664, size_class_loss: 0.2722, size_res_loss: 0.2201, loss: 5.7370, grad_norm: 6.8328
2026-05-03 18:09:47,736 - mmdet - INFO - Epoch [26][950/1652]	lr: 8.000e-04, eta: 1:09:11, time: 0.241, data_time: 0.016, memory: 8298, vote_loss: 2.7897, objectness_loss: 0.3094, semantic_loss: 0.2482, center_loss: 0.3711, dir_class_loss: 0.7362, dir_res_loss: 0.4758, size_class_loss: 0.2482, size_res_loss: 0.2270, loss: 5.4055, grad_norm: 6.3655
2026-05-03 18:09:59,746 - mmdet - INFO - Epoch [26][1000/1652]	lr: 8.000e-04, eta: 1:08:59, time: 0.240, data_time: 0.017, memory: 8298, vote_loss: 2.9917, objectness_loss: 0.3290, semantic_loss: 0.2682, center_loss: 0.3393, dir_class_loss: 0.7425, dir_res_loss: 0.4794, size_class_loss: 0.2682, size_res_loss: 0.2221, loss: 5.6404, grad_norm: 6.7334
2026-05-03 18:10:11,735 - mmdet - INFO - Epoch [26][1050/1652]	lr: 8.000e-04, eta: 1:08:47, time: 0.240, data_time: 0.016, memory: 8298, vote_loss: 2.9309, objectness_loss: 0.3140, semantic_loss: 0.2911, center_loss: 0.3510, dir_class_loss: 0.7781, dir_res_loss: 0.5594, size_class_loss: 0.2911, size_res_loss: 0.2258, loss: 5.7414, grad_norm: 6.6837
2026-05-03 18:10:23,731 - mmdet - INFO - Epoch [26][1100/1652]	lr: 8.000e-04, eta: 1:08:35, time: 0.240, data_time: 0.016, memory: 8298, vote_loss: 2.9131, objectness_loss: 0.3076, semantic_loss: 0.2861, center_loss: 0.3653, dir_class_loss: 0.7925, dir_res_loss: 0.5097, size_class_loss: 0.2861, size_res_loss: 0.2389, loss: 5.6992, grad_norm: 7.1674
2026-05-03 18:10:35,868 - mmdet - INFO - Epoch [26][1150/1652]	lr: 8.000e-04, eta: 1:08:23, time: 0.243, data_time: 0.017, memory: 8298, vote_loss: 2.8998, objectness_loss: 0.2960, semantic_loss: 0.2830, center_loss: 0.3461, dir_class_loss: 0.7321, dir_res_loss: 0.5044, size_class_loss: 0.2830, size_res_loss: 0.1980, loss: 5.5425, grad_norm: 6.6726
2026-05-03 18:10:47,800 - mmdet - INFO - Epoch [26][1200/1652]	lr: 8.000e-04, eta: 1:08:11, time: 0.239, data_time: 0.016, memory: 8298, vote_loss: 2.8824, objectness_loss: 0.2971, semantic_loss: 0.2723, center_loss: 0.4116, dir_class_loss: 0.7580, dir_res_loss: 0.5079, size_class_loss: 0.2723, size_res_loss: 0.2272, loss: 5.6288, grad_norm: 7.0439
2026-05-03 18:10:59,791 - mmdet - INFO - Epoch [26][1250/1652]	lr: 8.000e-04, eta: 1:07:59, time: 0.240, data_time: 0.016, memory: 8298, vote_loss: 3.0034, objectness_loss: 0.3119, semantic_loss: 0.2711, center_loss: 0.3547, dir_class_loss: 0.8076, dir_res_loss: 0.5420, size_class_loss: 0.2711, size_res_loss: 0.2316, loss: 5.7934, grad_norm: 6.8797
2026-05-03 18:11:11,812 - mmdet - INFO - Epoch [26][1300/1652]	lr: 8.000e-04, eta: 1:07:46, time: 0.240, data_time: 0.017, memory: 8298, vote_loss: 2.9529, objectness_loss: 0.3405, semantic_loss: 0.2651, center_loss: 0.4072, dir_class_loss: 0.7003, dir_res_loss: 0.4828, size_class_loss: 0.2651, size_res_loss: 0.2453, loss: 5.6592, grad_norm: 7.7012
2026-05-03 18:11:23,702 - mmdet - INFO - Epoch [26][1350/1652]	lr: 8.000e-04, eta: 1:07:34, time: 0.238, data_time: 0.016, memory: 8298, vote_loss: 3.0140, objectness_loss: 0.3036, semantic_loss: 0.2835, center_loss: 0.3849, dir_class_loss: 0.7795, dir_res_loss: 0.4922, size_class_loss: 0.2835, size_res_loss: 0.2393, loss: 5.7804, grad_norm: 7.0183
2026-05-03 18:11:35,664 - mmdet - INFO - Epoch [26][1400/1652]	lr: 8.000e-04, eta: 1:07:22, time: 0.239, data_time: 0.016, memory: 8298, vote_loss: 2.8920, objectness_loss: 0.2960, semantic_loss: 0.2500, center_loss: 0.3653, dir_class_loss: 0.8588, dir_res_loss: 0.5660, size_class_loss: 0.2500, size_res_loss: 0.2207, loss: 5.6988, grad_norm: 7.0115
2026-05-03 18:11:47,625 - mmdet - INFO - Epoch [26][1450/1652]	lr: 8.000e-04, eta: 1:07:10, time: 0.239, data_time: 0.016, memory: 8298, vote_loss: 2.9830, objectness_loss: 0.3187, semantic_loss: 0.2698, center_loss: 0.3983, dir_class_loss: 0.7495, dir_res_loss: 0.4852, size_class_loss: 0.2698, size_res_loss: 0.2482, loss: 5.7224, grad_norm: 7.2849
2026-05-03 18:11:59,600 - mmdet - INFO - Epoch [26][1500/1652]	lr: 8.000e-04, eta: 1:06:58, time: 0.239, data_time: 0.016, memory: 8298, vote_loss: 2.9922, objectness_loss: 0.3063, semantic_loss: 0.2677, center_loss: 0.3654, dir_class_loss: 0.7670, dir_res_loss: 0.5368, size_class_loss: 0.2677, size_res_loss: 0.2552, loss: 5.7583, grad_norm: 7.1242
2026-05-03 18:12:11,447 - mmdet - INFO - Epoch [26][1550/1652]	lr: 8.000e-04, eta: 1:06:46, time: 0.237, data_time: 0.015, memory: 8298, vote_loss: 2.8791, objectness_loss: 0.3080, semantic_loss: 0.2319, center_loss: 0.3684, dir_class_loss: 0.7779, dir_res_loss: 0.4905, size_class_loss: 0.2319, size_res_loss: 0.2374, loss: 5.5251, grad_norm: 6.6891
2026-05-03 18:12:23,255 - mmdet - INFO - Epoch [26][1600/1652]	lr: 8.000e-04, eta: 1:06:34, time: 0.236, data_time: 0.015, memory: 8298, vote_loss: 2.8841, objectness_loss: 0.3156, semantic_loss: 0.2550, center_loss: 0.3470, dir_class_loss: 0.7582, dir_res_loss: 0.5189, size_class_loss: 0.2550, size_res_loss: 0.2232, loss: 5.5570, grad_norm: 6.8146
2026-05-03 18:12:35,179 - mmdet - INFO - Epoch [26][1650/1652]	lr: 8.000e-04, eta: 1:06:22, time: 0.238, data_time: 0.015, memory: 8298, vote_loss: 2.9164, objectness_loss: 0.3067, semantic_loss: 0.2683, center_loss: 0.3540, dir_class_loss: 0.7377, dir_res_loss: 0.4821, size_class_loss: 0.2683, size_res_loss: 0.2266, loss: 5.5602, grad_norm: 6.5638
2026-05-03 18:12:35,715 - mmdet - INFO - Saving checkpoint at 26 epochs
2026-05-03 18:12:50,593 - mmdet - INFO - Epoch [27][50/1652]	lr: 8.000e-04, eta: 1:06:10, time: 0.296, data_time: 0.071, memory: 8298, vote_loss: 2.9035, objectness_loss: 0.3041, semantic_loss: 0.2787, center_loss: 0.3526, dir_class_loss: 0.7803, dir_res_loss: 0.5192, size_class_loss: 0.2787, size_res_loss: 0.2250, loss: 5.6421, grad_norm: 6.6866
2026-05-03 18:13:02,555 - mmdet - INFO - Epoch [27][100/1652]	lr: 8.000e-04, eta: 1:05:58, time: 0.239, data_time: 0.016, memory: 8298, vote_loss: 3.0178, objectness_loss: 0.2874, semantic_loss: 0.2607, center_loss: 0.3900, dir_class_loss: 0.7171, dir_res_loss: 0.5160, size_class_loss: 0.2607, size_res_loss: 0.2352, loss: 5.6850, grad_norm: 6.8368
2026-05-03 18:13:14,504 - mmdet - INFO - Epoch [27][150/1652]	lr: 8.000e-04, eta: 1:05:46, time: 0.239, data_time: 0.016, memory: 8298, vote_loss: 2.8660, objectness_loss: 0.2923, semantic_loss: 0.2190, center_loss: 0.3690, dir_class_loss: 0.7745, dir_res_loss: 0.4994, size_class_loss: 0.2190, size_res_loss: 0.2159, loss: 5.4551, grad_norm: 6.9350
2026-05-03 18:13:26,482 - mmdet - INFO - Epoch [27][200/1652]	lr: 8.000e-04, eta: 1:05:34, time: 0.240, data_time: 0.016, memory: 8298, vote_loss: 2.9091, objectness_loss: 0.2939, semantic_loss: 0.2160, center_loss: 0.3918, dir_class_loss: 0.7634, dir_res_loss: 0.4818, size_class_loss: 0.2160, size_res_loss: 0.2116, loss: 5.4836, grad_norm: 6.8835
2026-05-03 18:13:38,518 - mmdet - INFO - Epoch [27][250/1652]	lr: 8.000e-04, eta: 1:05:22, time: 0.241, data_time: 0.016, memory: 8298, vote_loss: 2.9456, objectness_loss: 0.2976, semantic_loss: 0.2573, center_loss: 0.3262, dir_class_loss: 0.7358, dir_res_loss: 0.5281, size_class_loss: 0.2573, size_res_loss: 0.2398, loss: 5.5876, grad_norm: 6.4592
2026-05-03 18:13:50,540 - mmdet - INFO - Epoch [27][300/1652]	lr: 8.000e-04, eta: 1:05:10, time: 0.240, data_time: 0.017, memory: 8298, vote_loss: 3.0033, objectness_loss: 0.2977, semantic_loss: 0.2679, center_loss: 0.3578, dir_class_loss: 0.7962, dir_res_loss: 0.5489, size_class_loss: 0.2679, size_res_loss: 0.2471, loss: 5.7868, grad_norm: 6.8424
2026-05-03 18:14:02,604 - mmdet - INFO - Epoch [27][350/1652]	lr: 8.000e-04, eta: 1:04:58, time: 0.241, data_time: 0.017, memory: 8298, vote_loss: 2.9146, objectness_loss: 0.2988, semantic_loss: 0.2729, center_loss: 0.3554, dir_class_loss: 0.7589, dir_res_loss: 0.5258, size_class_loss: 0.2729, size_res_loss: 0.2294, loss: 5.6288, grad_norm: 7.1993
2026-05-03 18:14:14,463 - mmdet - INFO - Epoch [27][400/1652]	lr: 8.000e-04, eta: 1:04:45, time: 0.237, data_time: 0.016, memory: 8298, vote_loss: 2.9133, objectness_loss: 0.2900, semantic_loss: 0.2918, center_loss: 0.3422, dir_class_loss: 0.7435, dir_res_loss: 0.5406, size_class_loss: 0.2918, size_res_loss: 0.2109, loss: 5.6241, grad_norm: 7.3242
2026-05-03 18:14:26,336 - mmdet - INFO - Epoch [27][450/1652]	lr: 8.000e-04, eta: 1:04:33, time: 0.237, data_time: 0.016, memory: 8298, vote_loss: 2.9006, objectness_loss: 0.3110, semantic_loss: 0.2894, center_loss: 0.3645, dir_class_loss: 0.7927, dir_res_loss: 0.4486, size_class_loss: 0.2894, size_res_loss: 0.2395, loss: 5.6357, grad_norm: 7.0771
2026-05-03 18:14:38,330 - mmdet - INFO - Epoch [27][500/1652]	lr: 8.000e-04, eta: 1:04:21, time: 0.240, data_time: 0.016, memory: 8298, vote_loss: 3.0120, objectness_loss: 0.3059, semantic_loss: 0.2703, center_loss: 0.3980, dir_class_loss: 0.7008, dir_res_loss: 0.5021, size_class_loss: 0.2703, size_res_loss: 0.2401, loss: 5.6995, grad_norm: 7.0453
2026-05-03 18:14:50,243 - mmdet - INFO - Epoch [27][550/1652]	lr: 8.000e-04, eta: 1:04:09, time: 0.238, data_time: 0.016, memory: 8298, vote_loss: 3.0767, objectness_loss: 0.3001, semantic_loss: 0.2888, center_loss: 0.3376, dir_class_loss: 0.7220, dir_res_loss: 0.5544, size_class_loss: 0.2888, size_res_loss: 0.2391, loss: 5.8074, grad_norm: 6.8192
2026-05-03 18:15:02,123 - mmdet - INFO - Epoch [27][600/1652]	lr: 8.000e-04, eta: 1:03:57, time: 0.238, data_time: 0.016, memory: 8298, vote_loss: 2.8753, objectness_loss: 0.3202, semantic_loss: 0.2523, center_loss: 0.3454, dir_class_loss: 0.8139, dir_res_loss: 0.4548, size_class_loss: 0.2523, size_res_loss: 0.2179, loss: 5.5322, grad_norm: 7.2165
2026-05-03 18:15:14,119 - mmdet - INFO - Epoch [27][650/1652]	lr: 8.000e-04, eta: 1:03:45, time: 0.240, data_time: 0.020, memory: 8298, vote_loss: 2.9193, objectness_loss: 0.2920, semantic_loss: 0.2842, center_loss: 0.3457, dir_class_loss: 0.6758, dir_res_loss: 0.4682, size_class_loss: 0.2842, size_res_loss: 0.2476, loss: 5.5170, grad_norm: 6.7936
2026-05-03 18:15:25,926 - mmdet - INFO - Epoch [27][700/1652]	lr: 8.000e-04, eta: 1:03:33, time: 0.236, data_time: 0.016, memory: 8298, vote_loss: 2.8687, objectness_loss: 0.3058, semantic_loss: 0.2759, center_loss: 0.3546, dir_class_loss: 0.6972, dir_res_loss: 0.5272, size_class_loss: 0.2759, size_res_loss: 0.2266, loss: 5.5318, grad_norm: 6.9004
2026-05-03 18:15:37,847 - mmdet - INFO - Epoch [27][750/1652]	lr: 8.000e-04, eta: 1:03:21, time: 0.238, data_time: 0.016, memory: 8298, vote_loss: 2.9371, objectness_loss: 0.2969, semantic_loss: 0.2804, center_loss: 0.3355, dir_class_loss: 0.7802, dir_res_loss: 0.5275, size_class_loss: 0.2804, size_res_loss: 0.2484, loss: 5.6863, grad_norm: 7.0640
2026-05-03 18:15:49,772 - mmdet - INFO - Epoch [27][800/1652]	lr: 8.000e-04, eta: 1:03:09, time: 0.238, data_time: 0.016, memory: 8298, vote_loss: 3.0383, objectness_loss: 0.3038, semantic_loss: 0.2833, center_loss: 0.3513, dir_class_loss: 0.8037, dir_res_loss: 0.5618, size_class_loss: 0.2833, size_res_loss: 0.2362, loss: 5.8618, grad_norm: 6.8538
2026-05-03 18:16:01,765 - mmdet - INFO - Epoch [27][850/1652]	lr: 8.000e-04, eta: 1:02:57, time: 0.240, data_time: 0.016, memory: 8298, vote_loss: 2.9127, objectness_loss: 0.3065, semantic_loss: 0.2757, center_loss: 0.3752, dir_class_loss: 0.7573, dir_res_loss: 0.5218, size_class_loss: 0.2757, size_res_loss: 0.2224, loss: 5.6472, grad_norm: 6.4542
2026-05-03 18:16:13,638 - mmdet - INFO - Epoch [27][900/1652]	lr: 8.000e-04, eta: 1:02:44, time: 0.237, data_time: 0.016, memory: 8298, vote_loss: 2.9460, objectness_loss: 0.3041, semantic_loss: 0.2890, center_loss: 0.3560, dir_class_loss: 0.7713, dir_res_loss: 0.4954, size_class_loss: 0.2890, size_res_loss: 0.2219, loss: 5.6727, grad_norm: 6.6097
2026-05-03 18:16:25,474 - mmdet - INFO - Epoch [27][950/1652]	lr: 8.000e-04, eta: 1:02:32, time: 0.237, data_time: 0.016, memory: 8298, vote_loss: 2.9067, objectness_loss: 0.3066, semantic_loss: 0.2629, center_loss: 0.3484, dir_class_loss: 0.7085, dir_res_loss: 0.5261, size_class_loss: 0.2629, size_res_loss: 0.2175, loss: 5.5397, grad_norm: 7.5173
2026-05-03 18:16:37,318 - mmdet - INFO - Epoch [27][1000/1652]	lr: 8.000e-04, eta: 1:02:20, time: 0.237, data_time: 0.016, memory: 8298, vote_loss: 2.7472, objectness_loss: 0.3086, semantic_loss: 0.2463, center_loss: 0.3625, dir_class_loss: 0.6796, dir_res_loss: 0.4635, size_class_loss: 0.2463, size_res_loss: 0.2131, loss: 5.2670, grad_norm: 7.1031
2026-05-03 18:16:49,215 - mmdet - INFO - Epoch [27][1050/1652]	lr: 8.000e-04, eta: 1:02:08, time: 0.238, data_time: 0.016, memory: 8298, vote_loss: 2.9066, objectness_loss: 0.3056, semantic_loss: 0.2631, center_loss: 0.3522, dir_class_loss: 0.7522, dir_res_loss: 0.5002, size_class_loss: 0.2631, size_res_loss: 0.2233, loss: 5.5663, grad_norm: 6.6214
2026-05-03 18:17:01,040 - mmdet - INFO - Epoch [27][1100/1652]	lr: 8.000e-04, eta: 1:01:56, time: 0.236, data_time: 0.015, memory: 8298, vote_loss: 2.9050, objectness_loss: 0.2987, semantic_loss: 0.2202, center_loss: 0.3246, dir_class_loss: 0.7321, dir_res_loss: 0.4878, size_class_loss: 0.2202, size_res_loss: 0.2023, loss: 5.3909, grad_norm: 7.0119
2026-05-03 18:17:12,951 - mmdet - INFO - Epoch [27][1150/1652]	lr: 8.000e-04, eta: 1:01:44, time: 0.238, data_time: 0.015, memory: 8298, vote_loss: 2.9484, objectness_loss: 0.3206, semantic_loss: 0.2676, center_loss: 0.3712, dir_class_loss: 0.7441, dir_res_loss: 0.5080, size_class_loss: 0.2676, size_res_loss: 0.2192, loss: 5.6467, grad_norm: 6.9605
2026-05-03 18:17:24,818 - mmdet - INFO - Epoch [27][1200/1652]	lr: 8.000e-04, eta: 1:01:32, time: 0.237, data_time: 0.015, memory: 8298, vote_loss: 3.1424, objectness_loss: 0.3135, semantic_loss: 0.2730, center_loss: 0.4102, dir_class_loss: 0.7740, dir_res_loss: 0.4670, size_class_loss: 0.2730, size_res_loss: 0.2458, loss: 5.8990, grad_norm: 7.5059
2026-05-03 18:17:36,637 - mmdet - INFO - Epoch [27][1250/1652]	lr: 8.000e-04, eta: 1:01:20, time: 0.236, data_time: 0.015, memory: 8298, vote_loss: 2.8750, objectness_loss: 0.3316, semantic_loss: 0.2513, center_loss: 0.3627, dir_class_loss: 0.7443, dir_res_loss: 0.4750, size_class_loss: 0.2513, size_res_loss: 0.2461, loss: 5.5372, grad_norm: 6.8801
2026-05-03 18:17:48,539 - mmdet - INFO - Epoch [27][1300/1652]	lr: 8.000e-04, eta: 1:01:08, time: 0.238, data_time: 0.015, memory: 8298, vote_loss: 2.8808, objectness_loss: 0.2824, semantic_loss: 0.2413, center_loss: 0.3477, dir_class_loss: 0.6989, dir_res_loss: 0.5054, size_class_loss: 0.2413, size_res_loss: 0.1869, loss: 5.3847, grad_norm: 6.9824
2026-05-03 18:18:00,358 - mmdet - INFO - Epoch [27][1350/1652]	lr: 8.000e-04, eta: 1:00:55, time: 0.236, data_time: 0.015, memory: 8298, vote_loss: 3.0352, objectness_loss: 0.3124, semantic_loss: 0.2559, center_loss: 0.3795, dir_class_loss: 0.7393, dir_res_loss: 0.4996, size_class_loss: 0.2559, size_res_loss: 0.2367, loss: 5.7145, grad_norm: 7.6009
2026-05-03 18:18:12,345 - mmdet - INFO - Epoch [27][1400/1652]	lr: 8.000e-04, eta: 1:00:43, time: 0.240, data_time: 0.015, memory: 8298, vote_loss: 2.8785, objectness_loss: 0.3122, semantic_loss: 0.2689, center_loss: 0.4514, dir_class_loss: 0.7583, dir_res_loss: 0.5398, size_class_loss: 0.2689, size_res_loss: 0.2253, loss: 5.7032, grad_norm: 7.5635
2026-05-03 18:18:24,337 - mmdet - INFO - Epoch [27][1450/1652]	lr: 8.000e-04, eta: 1:00:31, time: 0.240, data_time: 0.015, memory: 8298, vote_loss: 2.9172, objectness_loss: 0.3151, semantic_loss: 0.2753, center_loss: 0.3382, dir_class_loss: 0.7895, dir_res_loss: 0.5360, size_class_loss: 0.2753, size_res_loss: 0.2292, loss: 5.6758, grad_norm: 7.0450
2026-05-03 18:18:36,277 - mmdet - INFO - Epoch [27][1500/1652]	lr: 8.000e-04, eta: 1:00:19, time: 0.239, data_time: 0.015, memory: 8298, vote_loss: 2.7641, objectness_loss: 0.3063, semantic_loss: 0.2549, center_loss: 0.3512, dir_class_loss: 0.7715, dir_res_loss: 0.4916, size_class_loss: 0.2549, size_res_loss: 0.2093, loss: 5.4039, grad_norm: 6.8046
2026-05-03 18:18:48,257 - mmdet - INFO - Epoch [27][1550/1652]	lr: 8.000e-04, eta: 1:00:07, time: 0.240, data_time: 0.016, memory: 8298, vote_loss: 2.9329, objectness_loss: 0.2976, semantic_loss: 0.2667, center_loss: 0.3595, dir_class_loss: 0.8274, dir_res_loss: 0.4831, size_class_loss: 0.2667, size_res_loss: 0.2339, loss: 5.6678, grad_norm: 7.0755
2026-05-03 18:19:00,264 - mmdet - INFO - Epoch [27][1600/1652]	lr: 8.000e-04, eta: 0:59:55, time: 0.240, data_time: 0.016, memory: 8298, vote_loss: 2.9039, objectness_loss: 0.3072, semantic_loss: 0.2414, center_loss: 0.3817, dir_class_loss: 0.7322, dir_res_loss: 0.5045, size_class_loss: 0.2414, size_res_loss: 0.2372, loss: 5.5495, grad_norm: 7.1893
2026-05-03 18:19:12,247 - mmdet - INFO - Epoch [27][1650/1652]	lr: 8.000e-04, eta: 0:59:43, time: 0.240, data_time: 0.016, memory: 8298, vote_loss: 2.8983, objectness_loss: 0.3255, semantic_loss: 0.2520, center_loss: 0.3713, dir_class_loss: 0.7477, dir_res_loss: 0.4778, size_class_loss: 0.2520, size_res_loss: 0.2133, loss: 5.5380, grad_norm: 7.5992
2026-05-03 18:19:12,793 - mmdet - INFO - Saving checkpoint at 27 epochs
2026-05-03 18:19:27,781 - mmdet - INFO - Epoch [28][50/1652]	lr: 8.000e-04, eta: 0:59:31, time: 0.299, data_time: 0.073, memory: 8298, vote_loss: 2.8903, objectness_loss: 0.2863, semantic_loss: 0.2422, center_loss: 0.3415, dir_class_loss: 0.7198, dir_res_loss: 0.4939, size_class_loss: 0.2422, size_res_loss: 0.2437, loss: 5.4599, grad_norm: 6.9784
2026-05-03 18:19:39,755 - mmdet - INFO - Epoch [28][100/1652]	lr: 8.000e-04, eta: 0:59:19, time: 0.239, data_time: 0.016, memory: 8298, vote_loss: 3.0550, objectness_loss: 0.3146, semantic_loss: 0.2550, center_loss: 0.3614, dir_class_loss: 0.7356, dir_res_loss: 0.4711, size_class_loss: 0.2550, size_res_loss: 0.2470, loss: 5.6947, grad_norm: 7.0413
2026-05-03 18:19:51,797 - mmdet - INFO - Epoch [28][150/1652]	lr: 8.000e-04, eta: 0:59:07, time: 0.241, data_time: 0.016, memory: 8298, vote_loss: 2.9091, objectness_loss: 0.3072, semantic_loss: 0.2591, center_loss: 0.3677, dir_class_loss: 0.8010, dir_res_loss: 0.5633, size_class_loss: 0.2591, size_res_loss: 0.2049, loss: 5.6713, grad_norm: 6.7464
2026-05-03 18:20:03,779 - mmdet - INFO - Epoch [28][200/1652]	lr: 8.000e-04, eta: 0:58:55, time: 0.240, data_time: 0.016, memory: 8298, vote_loss: 2.7683, objectness_loss: 0.3062, semantic_loss: 0.2427, center_loss: 0.3327, dir_class_loss: 0.7283, dir_res_loss: 0.4868, size_class_loss: 0.2427, size_res_loss: 0.2075, loss: 5.3153, grad_norm: 7.3993
2026-05-03 18:20:15,704 - mmdet - INFO - Epoch [28][250/1652]	lr: 8.000e-04, eta: 0:58:43, time: 0.239, data_time: 0.015, memory: 8298, vote_loss: 2.8218, objectness_loss: 0.2918, semantic_loss: 0.2935, center_loss: 0.3711, dir_class_loss: 0.7908, dir_res_loss: 0.5335, size_class_loss: 0.2935, size_res_loss: 0.2181, loss: 5.6141, grad_norm: 7.0879
2026-05-03 18:20:27,671 - mmdet - INFO - Epoch [28][300/1652]	lr: 8.000e-04, eta: 0:58:31, time: 0.239, data_time: 0.015, memory: 8298, vote_loss: 2.9289, objectness_loss: 0.3046, semantic_loss: 0.2637, center_loss: 0.3613, dir_class_loss: 0.7346, dir_res_loss: 0.4672, size_class_loss: 0.2637, size_res_loss: 0.2295, loss: 5.5533, grad_norm: 6.8986
2026-05-03 18:20:39,578 - mmdet - INFO - Epoch [28][350/1652]	lr: 8.000e-04, eta: 0:58:19, time: 0.238, data_time: 0.015, memory: 8298, vote_loss: 2.8001, objectness_loss: 0.2771, semantic_loss: 0.2671, center_loss: 0.3389, dir_class_loss: 0.7682, dir_res_loss: 0.5322, size_class_loss: 0.2671, size_res_loss: 0.2004, loss: 5.4511, grad_norm: 6.7681
2026-05-03 18:20:51,517 - mmdet - INFO - Epoch [28][400/1652]	lr: 8.000e-04, eta: 0:58:07, time: 0.239, data_time: 0.015, memory: 8298, vote_loss: 2.9541, objectness_loss: 0.3246, semantic_loss: 0.2806, center_loss: 0.3583, dir_class_loss: 0.7450, dir_res_loss: 0.4679, size_class_loss: 0.2806, size_res_loss: 0.2508, loss: 5.6619, grad_norm: 6.6740
2026-05-03 18:21:03,495 - mmdet - INFO - Epoch [28][450/1652]	lr: 8.000e-04, eta: 0:57:55, time: 0.240, data_time: 0.016, memory: 8298, vote_loss: 3.0075, objectness_loss: 0.3161, semantic_loss: 0.2544, center_loss: 0.3577, dir_class_loss: 0.7889, dir_res_loss: 0.4968, size_class_loss: 0.2544, size_res_loss: 0.2342, loss: 5.7100, grad_norm: 7.0969
2026-05-03 18:21:15,531 - mmdet - INFO - Epoch [28][500/1652]	lr: 8.000e-04, eta: 0:57:43, time: 0.241, data_time: 0.016, memory: 8298, vote_loss: 2.9522, objectness_loss: 0.3032, semantic_loss: 0.3001, center_loss: 0.3642, dir_class_loss: 0.6999, dir_res_loss: 0.4838, size_class_loss: 0.3001, size_res_loss: 0.2158, loss: 5.6193, grad_norm: 6.9493
2026-05-03 18:21:27,478 - mmdet - INFO - Epoch [28][550/1652]	lr: 8.000e-04, eta: 0:57:30, time: 0.239, data_time: 0.016, memory: 8298, vote_loss: 2.9041, objectness_loss: 0.2834, semantic_loss: 0.2689, center_loss: 0.3495, dir_class_loss: 0.7224, dir_res_loss: 0.4748, size_class_loss: 0.2689, size_res_loss: 0.2188, loss: 5.4907, grad_norm: 7.2763
2026-05-03 18:21:39,518 - mmdet - INFO - Epoch [28][600/1652]	lr: 8.000e-04, eta: 0:57:18, time: 0.241, data_time: 0.016, memory: 8298, vote_loss: 2.8132, objectness_loss: 0.2956, semantic_loss: 0.2398, center_loss: 0.3442, dir_class_loss: 0.7192, dir_res_loss: 0.4845, size_class_loss: 0.2398, size_res_loss: 0.2099, loss: 5.3463, grad_norm: 6.9255
2026-05-03 18:21:51,547 - mmdet - INFO - Epoch [28][650/1652]	lr: 8.000e-04, eta: 0:57:06, time: 0.241, data_time: 0.016, memory: 8298, vote_loss: 2.8783, objectness_loss: 0.3208, semantic_loss: 0.2432, center_loss: 0.3527, dir_class_loss: 0.7152, dir_res_loss: 0.4628, size_class_loss: 0.2432, size_res_loss: 0.2407, loss: 5.4569, grad_norm: 6.9967
2026-05-03 18:22:03,526 - mmdet - INFO - Epoch [28][700/1652]	lr: 8.000e-04, eta: 0:56:54, time: 0.240, data_time: 0.016, memory: 8298, vote_loss: 2.9259, objectness_loss: 0.3250, semantic_loss: 0.2519, center_loss: 0.3923, dir_class_loss: 0.8232, dir_res_loss: 0.5385, size_class_loss: 0.2519, size_res_loss: 0.2265, loss: 5.7351, grad_norm: 7.1496
2026-05-03 18:22:15,516 - mmdet - INFO - Epoch [28][750/1652]	lr: 8.000e-04, eta: 0:56:42, time: 0.240, data_time: 0.016, memory: 8298, vote_loss: 2.9031, objectness_loss: 0.3090, semantic_loss: 0.2673, center_loss: 0.3513, dir_class_loss: 0.7406, dir_res_loss: 0.4496, size_class_loss: 0.2673, size_res_loss: 0.2278, loss: 5.5159, grad_norm: 7.3530
2026-05-03 18:22:27,496 - mmdet - INFO - Epoch [28][800/1652]	lr: 8.000e-04, eta: 0:56:30, time: 0.240, data_time: 0.016, memory: 8298, vote_loss: 3.0927, objectness_loss: 0.2904, semantic_loss: 0.2540, center_loss: 0.3714, dir_class_loss: 0.7297, dir_res_loss: 0.4806, size_class_loss: 0.2540, size_res_loss: 0.2337, loss: 5.7065, grad_norm: 6.9986
2026-05-03 18:22:39,483 - mmdet - INFO - Epoch [28][850/1652]	lr: 8.000e-04, eta: 0:56:18, time: 0.240, data_time: 0.016, memory: 8298, vote_loss: 2.9270, objectness_loss: 0.3031, semantic_loss: 0.2531, center_loss: 0.3795, dir_class_loss: 0.8384, dir_res_loss: 0.4506, size_class_loss: 0.2531, size_res_loss: 0.2368, loss: 5.6416, grad_norm: 6.6806
2026-05-03 18:22:51,430 - mmdet - INFO - Epoch [28][900/1652]	lr: 8.000e-04, eta: 0:56:06, time: 0.239, data_time: 0.016, memory: 8298, vote_loss: 2.8950, objectness_loss: 0.2968, semantic_loss: 0.2560, center_loss: 0.3542, dir_class_loss: 0.7395, dir_res_loss: 0.5118, size_class_loss: 0.2560, size_res_loss: 0.2327, loss: 5.5422, grad_norm: 6.7876
2026-05-03 18:23:03,433 - mmdet - INFO - Epoch [28][950/1652]	lr: 8.000e-04, eta: 0:55:54, time: 0.240, data_time: 0.016, memory: 8298, vote_loss: 2.9992, objectness_loss: 0.3169, semantic_loss: 0.2409, center_loss: 0.4148, dir_class_loss: 0.7689, dir_res_loss: 0.5027, size_class_loss: 0.2409, size_res_loss: 0.2430, loss: 5.7273, grad_norm: 6.6741
2026-05-03 18:23:15,414 - mmdet - INFO - Epoch [28][1000/1652]	lr: 8.000e-04, eta: 0:55:42, time: 0.240, data_time: 0.016, memory: 8298, vote_loss: 2.9108, objectness_loss: 0.3084, semantic_loss: 0.2805, center_loss: 0.3345, dir_class_loss: 0.7263, dir_res_loss: 0.4874, size_class_loss: 0.2805, size_res_loss: 0.2448, loss: 5.5732, grad_norm: 6.9149
2026-05-03 18:23:27,345 - mmdet - INFO - Epoch [28][1050/1652]	lr: 8.000e-04, eta: 0:55:30, time: 0.239, data_time: 0.016, memory: 8298, vote_loss: 2.8875, objectness_loss: 0.2913, semantic_loss: 0.2496, center_loss: 0.4071, dir_class_loss: 0.7587, dir_res_loss: 0.5568, size_class_loss: 0.2496, size_res_loss: 0.2292, loss: 5.6300, grad_norm: 7.0664
2026-05-03 18:23:39,281 - mmdet - INFO - Epoch [28][1100/1652]	lr: 8.000e-04, eta: 0:55:18, time: 0.239, data_time: 0.016, memory: 8298, vote_loss: 2.9123, objectness_loss: 0.3036, semantic_loss: 0.2293, center_loss: 0.3396, dir_class_loss: 0.7752, dir_res_loss: 0.4961, size_class_loss: 0.2293, size_res_loss: 0.2457, loss: 5.5311, grad_norm: 6.9970
2026-05-03 18:23:51,227 - mmdet - INFO - Epoch [28][1150/1652]	lr: 8.000e-04, eta: 0:55:06, time: 0.239, data_time: 0.016, memory: 8298, vote_loss: 2.8424, objectness_loss: 0.3057, semantic_loss: 0.2532, center_loss: 0.3317, dir_class_loss: 0.8083, dir_res_loss: 0.5053, size_class_loss: 0.2532, size_res_loss: 0.2260, loss: 5.5258, grad_norm: 7.0407
2026-05-03 18:24:03,205 - mmdet - INFO - Epoch [28][1200/1652]	lr: 8.000e-04, eta: 0:54:54, time: 0.240, data_time: 0.016, memory: 8298, vote_loss: 2.9194, objectness_loss: 0.2923, semantic_loss: 0.2486, center_loss: 0.3434, dir_class_loss: 0.7382, dir_res_loss: 0.4706, size_class_loss: 0.2486, size_res_loss: 0.2181, loss: 5.4792, grad_norm: 7.1846
2026-05-03 18:24:15,168 - mmdet - INFO - Epoch [28][1250/1652]	lr: 8.000e-04, eta: 0:54:41, time: 0.239, data_time: 0.016, memory: 8298, vote_loss: 2.8062, objectness_loss: 0.2992, semantic_loss: 0.2296, center_loss: 0.3350, dir_class_loss: 0.6712, dir_res_loss: 0.4480, size_class_loss: 0.2296, size_res_loss: 0.1918, loss: 5.2105, grad_norm: 6.9433
2026-05-03 18:24:27,151 - mmdet - INFO - Epoch [28][1300/1652]	lr: 8.000e-04, eta: 0:54:29, time: 0.240, data_time: 0.016, memory: 8298, vote_loss: 2.8188, objectness_loss: 0.2802, semantic_loss: 0.2380, center_loss: 0.3378, dir_class_loss: 0.7436, dir_res_loss: 0.5318, size_class_loss: 0.2380, size_res_loss: 0.2056, loss: 5.3938, grad_norm: 6.4661
2026-05-03 18:24:39,119 - mmdet - INFO - Epoch [28][1350/1652]	lr: 8.000e-04, eta: 0:54:17, time: 0.239, data_time: 0.017, memory: 8298, vote_loss: 2.9540, objectness_loss: 0.3146, semantic_loss: 0.2695, center_loss: 0.3452, dir_class_loss: 0.7138, dir_res_loss: 0.4785, size_class_loss: 0.2695, size_res_loss: 0.2232, loss: 5.5685, grad_norm: 6.8893
2026-05-03 18:24:51,109 - mmdet - INFO - Epoch [28][1400/1652]	lr: 8.000e-04, eta: 0:54:05, time: 0.240, data_time: 0.016, memory: 8298, vote_loss: 3.0223, objectness_loss: 0.3224, semantic_loss: 0.2652, center_loss: 0.3364, dir_class_loss: 0.7704, dir_res_loss: 0.4939, size_class_loss: 0.2652, size_res_loss: 0.2196, loss: 5.6954, grad_norm: 6.8102
2026-05-03 18:25:03,188 - mmdet - INFO - Epoch [28][1450/1652]	lr: 8.000e-04, eta: 0:53:53, time: 0.242, data_time: 0.017, memory: 8298, vote_loss: 2.9081, objectness_loss: 0.3205, semantic_loss: 0.2373, center_loss: 0.3790, dir_class_loss: 0.7178, dir_res_loss: 0.4487, size_class_loss: 0.2373, size_res_loss: 0.2407, loss: 5.4894, grad_norm: 7.5079
2026-05-03 18:25:15,240 - mmdet - INFO - Epoch [28][1500/1652]	lr: 8.000e-04, eta: 0:53:41, time: 0.241, data_time: 0.016, memory: 8298, vote_loss: 2.9303, objectness_loss: 0.2837, semantic_loss: 0.2412, center_loss: 0.3548, dir_class_loss: 0.7004, dir_res_loss: 0.4948, size_class_loss: 0.2412, size_res_loss: 0.2284, loss: 5.4749, grad_norm: 6.8298
2026-05-03 18:25:27,176 - mmdet - INFO - Epoch [28][1550/1652]	lr: 8.000e-04, eta: 0:53:29, time: 0.239, data_time: 0.016, memory: 8298, vote_loss: 3.0248, objectness_loss: 0.3057, semantic_loss: 0.2650, center_loss: 0.3439, dir_class_loss: 0.7885, dir_res_loss: 0.4805, size_class_loss: 0.2650, size_res_loss: 0.2553, loss: 5.7285, grad_norm: 6.9463
2026-05-03 18:25:39,225 - mmdet - INFO - Epoch [28][1600/1652]	lr: 8.000e-04, eta: 0:53:17, time: 0.241, data_time: 0.017, memory: 8298, vote_loss: 2.7742, objectness_loss: 0.2941, semantic_loss: 0.2465, center_loss: 0.3297, dir_class_loss: 0.7355, dir_res_loss: 0.5099, size_class_loss: 0.2465, size_res_loss: 0.2134, loss: 5.3498, grad_norm: 6.7816
2026-05-03 18:25:51,370 - mmdet - INFO - Epoch [28][1650/1652]	lr: 8.000e-04, eta: 0:53:05, time: 0.243, data_time: 0.017, memory: 8298, vote_loss: 2.8356, objectness_loss: 0.2868, semantic_loss: 0.2558, center_loss: 0.3286, dir_class_loss: 0.7113, dir_res_loss: 0.5253, size_class_loss: 0.2558, size_res_loss: 0.2066, loss: 5.4059, grad_norm: 6.9998
2026-05-03 18:25:51,895 - mmdet - INFO - Saving checkpoint at 28 epochs
2026-05-03 18:26:06,653 - mmdet - INFO - Epoch [29][50/1652]	lr: 8.000e-04, eta: 0:52:53, time: 0.294, data_time: 0.070, memory: 8298, vote_loss: 2.9052, objectness_loss: 0.3005, semantic_loss: 0.2662, center_loss: 0.3609, dir_class_loss: 0.7131, dir_res_loss: 0.4491, size_class_loss: 0.2662, size_res_loss: 0.2459, loss: 5.5072, grad_norm: 6.9539
2026-05-03 18:26:18,644 - mmdet - INFO - Epoch [29][100/1652]	lr: 8.000e-04, eta: 0:52:41, time: 0.240, data_time: 0.016, memory: 8298, vote_loss: 3.0494, objectness_loss: 0.2716, semantic_loss: 0.2666, center_loss: 0.3694, dir_class_loss: 0.7907, dir_res_loss: 0.5625, size_class_loss: 0.2666, size_res_loss: 0.2349, loss: 5.8116, grad_norm: 6.6855
2026-05-03 18:26:30,800 - mmdet - INFO - Epoch [29][150/1652]	lr: 8.000e-04, eta: 0:52:29, time: 0.243, data_time: 0.020, memory: 8298, vote_loss: 2.9060, objectness_loss: 0.2828, semantic_loss: 0.2357, center_loss: 0.3515, dir_class_loss: 0.7191, dir_res_loss: 0.5184, size_class_loss: 0.2357, size_res_loss: 0.2239, loss: 5.4732, grad_norm: 7.2034
2026-05-03 18:26:42,835 - mmdet - INFO - Epoch [29][200/1652]	lr: 8.000e-04, eta: 0:52:17, time: 0.241, data_time: 0.016, memory: 8298, vote_loss: 2.8879, objectness_loss: 0.2899, semantic_loss: 0.2380, center_loss: 0.3323, dir_class_loss: 0.7682, dir_res_loss: 0.5064, size_class_loss: 0.2380, size_res_loss: 0.2245, loss: 5.4852, grad_norm: 6.6292
2026-05-03 18:26:54,828 - mmdet - INFO - Epoch [29][250/1652]	lr: 8.000e-04, eta: 0:52:05, time: 0.240, data_time: 0.016, memory: 8298, vote_loss: 2.8798, objectness_loss: 0.3151, semantic_loss: 0.2523, center_loss: 0.3528, dir_class_loss: 0.7162, dir_res_loss: 0.5643, size_class_loss: 0.2523, size_res_loss: 0.2221, loss: 5.5548, grad_norm: 7.3742
2026-05-03 18:27:06,928 - mmdet - INFO - Epoch [29][300/1652]	lr: 8.000e-04, eta: 0:51:53, time: 0.242, data_time: 0.016, memory: 8298, vote_loss: 2.9941, objectness_loss: 0.3098, semantic_loss: 0.2716, center_loss: 0.3455, dir_class_loss: 0.7581, dir_res_loss: 0.5123, size_class_loss: 0.2716, size_res_loss: 0.2293, loss: 5.6922, grad_norm: 7.1763
2026-05-03 18:27:18,947 - mmdet - INFO - Epoch [29][350/1652]	lr: 8.000e-04, eta: 0:51:41, time: 0.240, data_time: 0.017, memory: 8298, vote_loss: 2.9039, objectness_loss: 0.2959, semantic_loss: 0.2571, center_loss: 0.3720, dir_class_loss: 0.6835, dir_res_loss: 0.5192, size_class_loss: 0.2570, size_res_loss: 0.2367, loss: 5.5252, grad_norm: 7.4351
2026-05-03 18:27:30,959 - mmdet - INFO - Epoch [29][400/1652]	lr: 8.000e-04, eta: 0:51:29, time: 0.240, data_time: 0.016, memory: 8298, vote_loss: 2.8569, objectness_loss: 0.2994, semantic_loss: 0.2645, center_loss: 0.3626, dir_class_loss: 0.7290, dir_res_loss: 0.4730, size_class_loss: 0.2645, size_res_loss: 0.2279, loss: 5.4777, grad_norm: 7.0145
2026-05-03 18:27:42,900 - mmdet - INFO - Epoch [29][450/1652]	lr: 8.000e-04, eta: 0:51:17, time: 0.239, data_time: 0.016, memory: 8298, vote_loss: 2.8490, objectness_loss: 0.3184, semantic_loss: 0.2325, center_loss: 0.3271, dir_class_loss: 0.6440, dir_res_loss: 0.4340, size_class_loss: 0.2325, size_res_loss: 0.2172, loss: 5.2548, grad_norm: 7.1240
2026-05-03 18:27:54,881 - mmdet - INFO - Epoch [29][500/1652]	lr: 8.000e-04, eta: 0:51:05, time: 0.240, data_time: 0.016, memory: 8298, vote_loss: 2.8761, objectness_loss: 0.3102, semantic_loss: 0.2713, center_loss: 0.3469, dir_class_loss: 0.7240, dir_res_loss: 0.5008, size_class_loss: 0.2713, size_res_loss: 0.2386, loss: 5.5394, grad_norm: 7.0062
2026-05-03 18:28:06,869 - mmdet - INFO - Epoch [29][550/1652]	lr: 8.000e-04, eta: 0:50:52, time: 0.240, data_time: 0.016, memory: 8298, vote_loss: 2.8915, objectness_loss: 0.2807, semantic_loss: 0.2525, center_loss: 0.3462, dir_class_loss: 0.7226, dir_res_loss: 0.4403, size_class_loss: 0.2525, size_res_loss: 0.2270, loss: 5.4132, grad_norm: 6.9517
2026-05-03 18:28:18,887 - mmdet - INFO - Epoch [29][600/1652]	lr: 8.000e-04, eta: 0:50:40, time: 0.240, data_time: 0.016, memory: 8298, vote_loss: 2.8170, objectness_loss: 0.3104, semantic_loss: 0.2351, center_loss: 0.3477, dir_class_loss: 0.7540, dir_res_loss: 0.4211, size_class_loss: 0.2351, size_res_loss: 0.2133, loss: 5.3337, grad_norm: 6.8048
2026-05-03 18:28:30,917 - mmdet - INFO - Epoch [29][650/1652]	lr: 8.000e-04, eta: 0:50:28, time: 0.241, data_time: 0.016, memory: 8298, vote_loss: 2.9200, objectness_loss: 0.3241, semantic_loss: 0.2618, center_loss: 0.3485, dir_class_loss: 0.8018, dir_res_loss: 0.5427, size_class_loss: 0.2618, size_res_loss: 0.2588, loss: 5.7194, grad_norm: 7.3596
2026-05-03 18:28:42,850 - mmdet - INFO - Epoch [29][700/1652]	lr: 8.000e-04, eta: 0:50:16, time: 0.239, data_time: 0.016, memory: 8298, vote_loss: 2.9972, objectness_loss: 0.2980, semantic_loss: 0.2438, center_loss: 0.3461, dir_class_loss: 0.7360, dir_res_loss: 0.4711, size_class_loss: 0.2438, size_res_loss: 0.2228, loss: 5.5590, grad_norm: 6.9297
2026-05-03 18:28:54,906 - mmdet - INFO - Epoch [29][750/1652]	lr: 8.000e-04, eta: 0:50:04, time: 0.241, data_time: 0.016, memory: 8298, vote_loss: 2.7102, objectness_loss: 0.2940, semantic_loss: 0.2422, center_loss: 0.3169, dir_class_loss: 0.7125, dir_res_loss: 0.4824, size_class_loss: 0.2422, size_res_loss: 0.2082, loss: 5.2086, grad_norm: 6.0493
2026-05-03 18:29:06,907 - mmdet - INFO - Epoch [29][800/1652]	lr: 8.000e-04, eta: 0:49:52, time: 0.240, data_time: 0.016, memory: 8298, vote_loss: 2.9501, objectness_loss: 0.3148, semantic_loss: 0.2541, center_loss: 0.3925, dir_class_loss: 0.7483, dir_res_loss: 0.5046, size_class_loss: 0.2541, size_res_loss: 0.2416, loss: 5.6600, grad_norm: 7.2641
2026-05-03 18:29:18,852 - mmdet - INFO - Epoch [29][850/1652]	lr: 8.000e-04, eta: 0:49:40, time: 0.239, data_time: 0.016, memory: 8298, vote_loss: 2.7198, objectness_loss: 0.2688, semantic_loss: 0.2506, center_loss: 0.3101, dir_class_loss: 0.7005, dir_res_loss: 0.4727, size_class_loss: 0.2506, size_res_loss: 0.2025, loss: 5.1756, grad_norm: 6.8330
2026-05-03 18:29:30,780 - mmdet - INFO - Epoch [29][900/1652]	lr: 8.000e-04, eta: 0:49:28, time: 0.239, data_time: 0.016, memory: 8298, vote_loss: 2.8655, objectness_loss: 0.2929, semantic_loss: 0.2958, center_loss: 0.3998, dir_class_loss: 0.7776, dir_res_loss: 0.5371, size_class_loss: 0.2958, size_res_loss: 0.2224, loss: 5.6870, grad_norm: 7.4363
2026-05-03 18:29:42,807 - mmdet - INFO - Epoch [29][950/1652]	lr: 8.000e-04, eta: 0:49:16, time: 0.241, data_time: 0.017, memory: 8298, vote_loss: 2.8833, objectness_loss: 0.2918, semantic_loss: 0.2576, center_loss: 0.3550, dir_class_loss: 0.6649, dir_res_loss: 0.4843, size_class_loss: 0.2576, size_res_loss: 0.2203, loss: 5.4149, grad_norm: 7.0452
2026-05-03 18:29:54,789 - mmdet - INFO - Epoch [29][1000/1652]	lr: 8.000e-04, eta: 0:49:04, time: 0.240, data_time: 0.016, memory: 8298, vote_loss: 2.9042, objectness_loss: 0.3207, semantic_loss: 0.2408, center_loss: 0.3577, dir_class_loss: 0.7325, dir_res_loss: 0.4372, size_class_loss: 0.2408, size_res_loss: 0.2042, loss: 5.4381, grad_norm: 6.8595
2026-05-03 18:30:06,779 - mmdet - INFO - Epoch [29][1050/1652]	lr: 8.000e-04, eta: 0:48:52, time: 0.240, data_time: 0.016, memory: 8298, vote_loss: 2.8075, objectness_loss: 0.2832, semantic_loss: 0.2366, center_loss: 0.3152, dir_class_loss: 0.7908, dir_res_loss: 0.4326, size_class_loss: 0.2366, size_res_loss: 0.2132, loss: 5.3158, grad_norm: 6.7154
2026-05-03 18:30:18,761 - mmdet - INFO - Epoch [29][1100/1652]	lr: 8.000e-04, eta: 0:48:40, time: 0.240, data_time: 0.016, memory: 8298, vote_loss: 2.8623, objectness_loss: 0.2612, semantic_loss: 0.2707, center_loss: 0.3538, dir_class_loss: 0.7414, dir_res_loss: 0.4938, size_class_loss: 0.2707, size_res_loss: 0.2279, loss: 5.4819, grad_norm: 7.0654
2026-05-03 18:30:30,773 - mmdet - INFO - Epoch [29][1150/1652]	lr: 8.000e-04, eta: 0:48:28, time: 0.240, data_time: 0.016, memory: 8298, vote_loss: 2.9824, objectness_loss: 0.3113, semantic_loss: 0.2581, center_loss: 0.3787, dir_class_loss: 0.7618, dir_res_loss: 0.4946, size_class_loss: 0.2581, size_res_loss: 0.2268, loss: 5.6718, grad_norm: 7.1195
2026-05-03 18:30:42,712 - mmdet - INFO - Epoch [29][1200/1652]	lr: 8.000e-04, eta: 0:48:16, time: 0.239, data_time: 0.016, memory: 8298, vote_loss: 2.8972, objectness_loss: 0.2804, semantic_loss: 0.2634, center_loss: 0.3420, dir_class_loss: 0.7428, dir_res_loss: 0.4909, size_class_loss: 0.2634, size_res_loss: 0.1997, loss: 5.4798, grad_norm: 6.5321
2026-05-03 18:30:54,625 - mmdet - INFO - Epoch [29][1250/1652]	lr: 8.000e-04, eta: 0:48:04, time: 0.238, data_time: 0.016, memory: 8298, vote_loss: 2.8650, objectness_loss: 0.3055, semantic_loss: 0.2396, center_loss: 0.3815, dir_class_loss: 0.7208, dir_res_loss: 0.4456, size_class_loss: 0.2396, size_res_loss: 0.2433, loss: 5.4409, grad_norm: 6.8208
2026-05-03 18:31:06,593 - mmdet - INFO - Epoch [29][1300/1652]	lr: 8.000e-04, eta: 0:47:51, time: 0.239, data_time: 0.016, memory: 8298, vote_loss: 2.8687, objectness_loss: 0.3229, semantic_loss: 0.2478, center_loss: 0.3506, dir_class_loss: 0.7190, dir_res_loss: 0.4877, size_class_loss: 0.2478, size_res_loss: 0.2523, loss: 5.4967, grad_norm: 6.9911
2026-05-03 18:31:18,511 - mmdet - INFO - Epoch [29][1350/1652]	lr: 8.000e-04, eta: 0:47:39, time: 0.238, data_time: 0.016, memory: 8298, vote_loss: 2.7572, objectness_loss: 0.3012, semantic_loss: 0.2508, center_loss: 0.3446, dir_class_loss: 0.7071, dir_res_loss: 0.5219, size_class_loss: 0.2508, size_res_loss: 0.2160, loss: 5.3497, grad_norm: 7.1775
2026-05-03 18:31:30,495 - mmdet - INFO - Epoch [29][1400/1652]	lr: 8.000e-04, eta: 0:47:27, time: 0.240, data_time: 0.017, memory: 8298, vote_loss: 2.7123, objectness_loss: 0.2949, semantic_loss: 0.2550, center_loss: 0.3332, dir_class_loss: 0.7310, dir_res_loss: 0.4907, size_class_loss: 0.2550, size_res_loss: 0.2027, loss: 5.2749, grad_norm: 7.0996
2026-05-03 18:31:42,367 - mmdet - INFO - Epoch [29][1450/1652]	lr: 8.000e-04, eta: 0:47:15, time: 0.237, data_time: 0.016, memory: 8298, vote_loss: 2.9219, objectness_loss: 0.3078, semantic_loss: 0.2775, center_loss: 0.3431, dir_class_loss: 0.7727, dir_res_loss: 0.4816, size_class_loss: 0.2775, size_res_loss: 0.2152, loss: 5.5973, grad_norm: 7.2369
2026-05-03 18:31:54,276 - mmdet - INFO - Epoch [29][1500/1652]	lr: 8.000e-04, eta: 0:47:03, time: 0.238, data_time: 0.016, memory: 8298, vote_loss: 2.8955, objectness_loss: 0.3009, semantic_loss: 0.2491, center_loss: 0.3631, dir_class_loss: 0.7192, dir_res_loss: 0.4631, size_class_loss: 0.2491, size_res_loss: 0.2284, loss: 5.4686, grad_norm: 6.6751
2026-05-03 18:32:06,195 - mmdet - INFO - Epoch [29][1550/1652]	lr: 8.000e-04, eta: 0:46:51, time: 0.238, data_time: 0.016, memory: 8298, vote_loss: 2.6894, objectness_loss: 0.3100, semantic_loss: 0.2694, center_loss: 0.3239, dir_class_loss: 0.7239, dir_res_loss: 0.5104, size_class_loss: 0.2694, size_res_loss: 0.2088, loss: 5.3052, grad_norm: 6.3870
2026-05-03 18:32:18,341 - mmdet - INFO - Epoch [29][1600/1652]	lr: 8.000e-04, eta: 0:46:39, time: 0.243, data_time: 0.017, memory: 8298, vote_loss: 2.8327, objectness_loss: 0.2943, semantic_loss: 0.2515, center_loss: 0.3996, dir_class_loss: 0.7271, dir_res_loss: 0.4646, size_class_loss: 0.2515, size_res_loss: 0.2023, loss: 5.4236, grad_norm: 7.6000
2026-05-03 18:32:30,212 - mmdet - INFO - Epoch [29][1650/1652]	lr: 8.000e-04, eta: 0:46:27, time: 0.237, data_time: 0.016, memory: 8298, vote_loss: 2.9228, objectness_loss: 0.2839, semantic_loss: 0.2306, center_loss: 0.3625, dir_class_loss: 0.7390, dir_res_loss: 0.4911, size_class_loss: 0.2306, size_res_loss: 0.2382, loss: 5.4987, grad_norm: 7.1829
2026-05-03 18:32:30,785 - mmdet - INFO - Saving checkpoint at 29 epochs
2026-05-03 18:32:45,946 - mmdet - INFO - Epoch [30][50/1652]	lr: 8.000e-04, eta: 0:46:15, time: 0.302, data_time: 0.072, memory: 8298, vote_loss: 2.9232, objectness_loss: 0.3142, semantic_loss: 0.2658, center_loss: 0.3410, dir_class_loss: 0.7793, dir_res_loss: 0.5232, size_class_loss: 0.2658, size_res_loss: 0.2527, loss: 5.6652, grad_norm: 6.8335
2026-05-03 18:32:57,857 - mmdet - INFO - Epoch [30][100/1652]	lr: 8.000e-04, eta: 0:46:03, time: 0.238, data_time: 0.015, memory: 8298, vote_loss: 2.7678, objectness_loss: 0.3109, semantic_loss: 0.2473, center_loss: 0.3323, dir_class_loss: 0.7304, dir_res_loss: 0.4844, size_class_loss: 0.2473, size_res_loss: 0.2157, loss: 5.3360, grad_norm: 6.8347
2026-05-03 18:33:09,910 - mmdet - INFO - Epoch [30][150/1652]	lr: 8.000e-04, eta: 0:45:51, time: 0.241, data_time: 0.015, memory: 8298, vote_loss: 2.8454, objectness_loss: 0.2843, semantic_loss: 0.2319, center_loss: 0.3459, dir_class_loss: 0.7252, dir_res_loss: 0.4959, size_class_loss: 0.2319, size_res_loss: 0.2124, loss: 5.3729, grad_norm: 6.8629
2026-05-03 18:33:22,192 - mmdet - INFO - Epoch [30][200/1652]	lr: 8.000e-04, eta: 0:45:39, time: 0.246, data_time: 0.016, memory: 8298, vote_loss: 2.6799, objectness_loss: 0.2993, semantic_loss: 0.2370, center_loss: 0.3802, dir_class_loss: 0.7173, dir_res_loss: 0.5256, size_class_loss: 0.2370, size_res_loss: 0.2112, loss: 5.2875, grad_norm: 7.2534
2026-05-03 18:33:34,088 - mmdet - INFO - Epoch [30][250/1652]	lr: 8.000e-04, eta: 0:45:27, time: 0.238, data_time: 0.014, memory: 8298, vote_loss: 2.8151, objectness_loss: 0.2890, semantic_loss: 0.2412, center_loss: 0.3491, dir_class_loss: 0.7754, dir_res_loss: 0.5410, size_class_loss: 0.2412, size_res_loss: 0.2281, loss: 5.4801, grad_norm: 6.7600
2026-05-03 18:33:46,046 - mmdet - INFO - Epoch [30][300/1652]	lr: 8.000e-04, eta: 0:45:15, time: 0.239, data_time: 0.015, memory: 8298, vote_loss: 2.8337, objectness_loss: 0.3095, semantic_loss: 0.2420, center_loss: 0.3322, dir_class_loss: 0.7016, dir_res_loss: 0.4560, size_class_loss: 0.2420, size_res_loss: 0.2133, loss: 5.3303, grad_norm: 6.8774
2026-05-03 18:33:58,025 - mmdet - INFO - Epoch [30][350/1652]	lr: 8.000e-04, eta: 0:45:03, time: 0.240, data_time: 0.015, memory: 8298, vote_loss: 2.8500, objectness_loss: 0.3110, semantic_loss: 0.2396, center_loss: 0.3411, dir_class_loss: 0.7162, dir_res_loss: 0.4560, size_class_loss: 0.2396, size_res_loss: 0.2163, loss: 5.3699, grad_norm: 6.8991
2026-05-03 18:34:09,976 - mmdet - INFO - Epoch [30][400/1652]	lr: 8.000e-04, eta: 0:44:51, time: 0.239, data_time: 0.015, memory: 8298, vote_loss: 2.7029, objectness_loss: 0.2926, semantic_loss: 0.2311, center_loss: 0.3355, dir_class_loss: 0.7063, dir_res_loss: 0.4845, size_class_loss: 0.2311, size_res_loss: 0.2130, loss: 5.1969, grad_norm: 6.7381
2026-05-03 18:34:21,945 - mmdet - INFO - Epoch [30][450/1652]	lr: 8.000e-04, eta: 0:44:38, time: 0.239, data_time: 0.016, memory: 8298, vote_loss: 2.8707, objectness_loss: 0.2696, semantic_loss: 0.2217, center_loss: 0.3427, dir_class_loss: 0.7712, dir_res_loss: 0.4650, size_class_loss: 0.2217, size_res_loss: 0.2107, loss: 5.3733, grad_norm: 7.3126
2026-05-03 18:34:33,982 - mmdet - INFO - Epoch [30][500/1652]	lr: 8.000e-04, eta: 0:44:26, time: 0.241, data_time: 0.016, memory: 8298, vote_loss: 2.9042, objectness_loss: 0.2879, semantic_loss: 0.2768, center_loss: 0.3873, dir_class_loss: 0.7844, dir_res_loss: 0.5408, size_class_loss: 0.2768, size_res_loss: 0.2265, loss: 5.6849, grad_norm: 7.1751
2026-05-03 18:34:45,923 - mmdet - INFO - Epoch [30][550/1652]	lr: 8.000e-04, eta: 0:44:14, time: 0.239, data_time: 0.016, memory: 8298, vote_loss: 2.8680, objectness_loss: 0.2749, semantic_loss: 0.2479, center_loss: 0.3341, dir_class_loss: 0.6881, dir_res_loss: 0.5169, size_class_loss: 0.2479, size_res_loss: 0.2216, loss: 5.3995, grad_norm: 7.3091
2026-05-03 18:34:57,908 - mmdet - INFO - Epoch [30][600/1652]	lr: 8.000e-04, eta: 0:44:02, time: 0.240, data_time: 0.015, memory: 8298, vote_loss: 2.7838, objectness_loss: 0.2949, semantic_loss: 0.2612, center_loss: 0.3287, dir_class_loss: 0.7142, dir_res_loss: 0.4672, size_class_loss: 0.2612, size_res_loss: 0.2374, loss: 5.3486, grad_norm: 6.6719
2026-05-03 18:35:09,835 - mmdet - INFO - Epoch [30][650/1652]	lr: 8.000e-04, eta: 0:43:50, time: 0.239, data_time: 0.015, memory: 8298, vote_loss: 3.1246, objectness_loss: 0.3021, semantic_loss: 0.2610, center_loss: 0.3836, dir_class_loss: 0.7877, dir_res_loss: 0.4598, size_class_loss: 0.2610, size_res_loss: 0.2553, loss: 5.8349, grad_norm: 7.5262
2026-05-03 18:35:21,768 - mmdet - INFO - Epoch [30][700/1652]	lr: 8.000e-04, eta: 0:43:38, time: 0.239, data_time: 0.015, memory: 8298, vote_loss: 2.9420, objectness_loss: 0.2845, semantic_loss: 0.2493, center_loss: 0.3886, dir_class_loss: 0.6584, dir_res_loss: 0.4196, size_class_loss: 0.2493, size_res_loss: 0.2284, loss: 5.4201, grad_norm: 6.8699
2026-05-03 18:35:33,641 - mmdet - INFO - Epoch [30][750/1652]	lr: 8.000e-04, eta: 0:43:26, time: 0.237, data_time: 0.014, memory: 8298, vote_loss: 2.7558, objectness_loss: 0.2962, semantic_loss: 0.2158, center_loss: 0.3180, dir_class_loss: 0.7236, dir_res_loss: 0.4248, size_class_loss: 0.2158, size_res_loss: 0.2121, loss: 5.1622, grad_norm: 6.8726
2026-05-03 18:35:45,624 - mmdet - INFO - Epoch [30][800/1652]	lr: 8.000e-04, eta: 0:43:14, time: 0.240, data_time: 0.014, memory: 8298, vote_loss: 3.0294, objectness_loss: 0.3151, semantic_loss: 0.2437, center_loss: 0.3425, dir_class_loss: 0.7387, dir_res_loss: 0.5545, size_class_loss: 0.2437, size_res_loss: 0.2415, loss: 5.7090, grad_norm: 6.8882
2026-05-03 18:35:57,787 - mmdet - INFO - Epoch [30][850/1652]	lr: 8.000e-04, eta: 0:43:02, time: 0.243, data_time: 0.016, memory: 8298, vote_loss: 2.9146, objectness_loss: 0.3003, semantic_loss: 0.2452, center_loss: 0.3448, dir_class_loss: 0.6863, dir_res_loss: 0.4451, size_class_loss: 0.2452, size_res_loss: 0.2286, loss: 5.4102, grad_norm: 7.1781
2026-05-03 18:36:09,767 - mmdet - INFO - Epoch [30][900/1652]	lr: 8.000e-04, eta: 0:42:50, time: 0.240, data_time: 0.016, memory: 8298, vote_loss: 2.9063, objectness_loss: 0.2812, semantic_loss: 0.2909, center_loss: 0.3494, dir_class_loss: 0.7809, dir_res_loss: 0.4554, size_class_loss: 0.2909, size_res_loss: 0.2133, loss: 5.5683, grad_norm: 7.3293
2026-05-03 18:36:21,771 - mmdet - INFO - Epoch [30][950/1652]	lr: 8.000e-04, eta: 0:42:38, time: 0.240, data_time: 0.016, memory: 8298, vote_loss: 2.8662, objectness_loss: 0.3003, semantic_loss: 0.2367, center_loss: 0.3472, dir_class_loss: 0.7392, dir_res_loss: 0.4321, size_class_loss: 0.2367, size_res_loss: 0.2393, loss: 5.3976, grad_norm: 7.0034
2026-05-03 18:36:33,730 - mmdet - INFO - Epoch [30][1000/1652]	lr: 8.000e-04, eta: 0:42:26, time: 0.239, data_time: 0.017, memory: 8298, vote_loss: 2.8253, objectness_loss: 0.2799, semantic_loss: 0.2479, center_loss: 0.3358, dir_class_loss: 0.7130, dir_res_loss: 0.4218, size_class_loss: 0.2479, size_res_loss: 0.2184, loss: 5.2899, grad_norm: 7.2072
2026-05-03 18:36:45,885 - mmdet - INFO - Epoch [30][1050/1652]	lr: 8.000e-04, eta: 0:42:14, time: 0.243, data_time: 0.016, memory: 8298, vote_loss: 2.8641, objectness_loss: 0.2999, semantic_loss: 0.2817, center_loss: 0.3535, dir_class_loss: 0.7616, dir_res_loss: 0.4524, size_class_loss: 0.2817, size_res_loss: 0.2299, loss: 5.5247, grad_norm: 6.8241
2026-05-03 18:36:57,918 - mmdet - INFO - Epoch [30][1100/1652]	lr: 8.000e-04, eta: 0:42:02, time: 0.241, data_time: 0.016, memory: 8298, vote_loss: 2.7177, objectness_loss: 0.2860, semantic_loss: 0.2388, center_loss: 0.3252, dir_class_loss: 0.7250, dir_res_loss: 0.4300, size_class_loss: 0.2388, size_res_loss: 0.2011, loss: 5.1625, grad_norm: 6.8504
2026-05-03 18:37:09,846 - mmdet - INFO - Epoch [30][1150/1652]	lr: 8.000e-04, eta: 0:41:50, time: 0.239, data_time: 0.016, memory: 8298, vote_loss: 2.9284, objectness_loss: 0.2972, semantic_loss: 0.2601, center_loss: 0.3755, dir_class_loss: 0.7727, dir_res_loss: 0.4667, size_class_loss: 0.2601, size_res_loss: 0.2526, loss: 5.6132, grad_norm: 7.2248
2026-05-03 18:37:21,989 - mmdet - INFO - Epoch [30][1200/1652]	lr: 8.000e-04, eta: 0:41:38, time: 0.243, data_time: 0.020, memory: 8298, vote_loss: 2.8116, objectness_loss: 0.3031, semantic_loss: 0.2318, center_loss: 0.3401, dir_class_loss: 0.7112, dir_res_loss: 0.4771, size_class_loss: 0.2318, size_res_loss: 0.2108, loss: 5.3175, grad_norm: 6.7593
2026-05-03 18:37:33,958 - mmdet - INFO - Epoch [30][1250/1652]	lr: 8.000e-04, eta: 0:41:25, time: 0.239, data_time: 0.016, memory: 8298, vote_loss: 2.9205, objectness_loss: 0.2867, semantic_loss: 0.2385, center_loss: 0.3242, dir_class_loss: 0.7028, dir_res_loss: 0.4631, size_class_loss: 0.2385, size_res_loss: 0.2119, loss: 5.3862, grad_norm: 6.6807
2026-05-03 18:37:45,921 - mmdet - INFO - Epoch [30][1300/1652]	lr: 8.000e-04, eta: 0:41:13, time: 0.239, data_time: 0.016, memory: 8298, vote_loss: 2.8622, objectness_loss: 0.2962, semantic_loss: 0.2472, center_loss: 0.3425, dir_class_loss: 0.6960, dir_res_loss: 0.4651, size_class_loss: 0.2472, size_res_loss: 0.2182, loss: 5.3746, grad_norm: 7.1658
2026-05-03 18:37:57,856 - mmdet - INFO - Epoch [30][1350/1652]	lr: 8.000e-04, eta: 0:41:01, time: 0.239, data_time: 0.016, memory: 8298, vote_loss: 2.8546, objectness_loss: 0.3096, semantic_loss: 0.2662, center_loss: 0.3507, dir_class_loss: 0.7268, dir_res_loss: 0.4412, size_class_loss: 0.2662, size_res_loss: 0.2413, loss: 5.4566, grad_norm: 7.0525
2026-05-03 18:38:09,839 - mmdet - INFO - Epoch [30][1400/1652]	lr: 8.000e-04, eta: 0:40:49, time: 0.240, data_time: 0.016, memory: 8298, vote_loss: 2.7946, objectness_loss: 0.2988, semantic_loss: 0.2643, center_loss: 0.3783, dir_class_loss: 0.7474, dir_res_loss: 0.5469, size_class_loss: 0.2643, size_res_loss: 0.2153, loss: 5.5099, grad_norm: 7.0141
2026-05-03 18:38:21,906 - mmdet - INFO - Epoch [30][1450/1652]	lr: 8.000e-04, eta: 0:40:37, time: 0.241, data_time: 0.016, memory: 8298, vote_loss: 2.6836, objectness_loss: 0.2778, semantic_loss: 0.2474, center_loss: 0.3077, dir_class_loss: 0.6907, dir_res_loss: 0.4280, size_class_loss: 0.2474, size_res_loss: 0.2020, loss: 5.0844, grad_norm: 6.1964
2026-05-03 18:38:33,956 - mmdet - INFO - Epoch [30][1500/1652]	lr: 8.000e-04, eta: 0:40:25, time: 0.241, data_time: 0.015, memory: 8298, vote_loss: 2.9620, objectness_loss: 0.3111, semantic_loss: 0.2484, center_loss: 0.3499, dir_class_loss: 0.7636, dir_res_loss: 0.4632, size_class_loss: 0.2484, size_res_loss: 0.2455, loss: 5.5921, grad_norm: 6.8329
2026-05-03 18:38:45,913 - mmdet - INFO - Epoch [30][1550/1652]	lr: 8.000e-04, eta: 0:40:13, time: 0.239, data_time: 0.015, memory: 8298, vote_loss: 2.6834, objectness_loss: 0.2919, semantic_loss: 0.2358, center_loss: 0.3505, dir_class_loss: 0.7708, dir_res_loss: 0.5099, size_class_loss: 0.2358, size_res_loss: 0.1960, loss: 5.2740, grad_norm: 7.5968
2026-05-03 18:38:57,873 - mmdet - INFO - Epoch [30][1600/1652]	lr: 8.000e-04, eta: 0:40:01, time: 0.239, data_time: 0.016, memory: 8298, vote_loss: 2.8914, objectness_loss: 0.3171, semantic_loss: 0.2265, center_loss: 0.4100, dir_class_loss: 0.7437, dir_res_loss: 0.4716, size_class_loss: 0.2265, size_res_loss: 0.2300, loss: 5.5166, grad_norm: 6.7871
2026-05-03 18:39:09,754 - mmdet - INFO - Epoch [30][1650/1652]	lr: 8.000e-04, eta: 0:39:49, time: 0.238, data_time: 0.016, memory: 8298, vote_loss: 2.7228, objectness_loss: 0.2917, semantic_loss: 0.2409, center_loss: 0.3135, dir_class_loss: 0.7153, dir_res_loss: 0.4682, size_class_loss: 0.2409, size_res_loss: 0.2112, loss: 5.2043, grad_norm: 7.0109
2026-05-03 18:39:10,297 - mmdet - INFO - Saving checkpoint at 30 epochs
2026-05-03 18:39:25,556 - mmdet - INFO - Epoch [31][50/1652]	lr: 8.000e-04, eta: 0:39:37, time: 0.304, data_time: 0.074, memory: 8298, vote_loss: 2.9067, objectness_loss: 0.3074, semantic_loss: 0.2574, center_loss: 0.3921, dir_class_loss: 0.6843, dir_res_loss: 0.4917, size_class_loss: 0.2574, size_res_loss: 0.2211, loss: 5.5182, grad_norm: 7.0053
2026-05-03 18:39:37,491 - mmdet - INFO - Epoch [31][100/1652]	lr: 8.000e-04, eta: 0:39:25, time: 0.239, data_time: 0.016, memory: 8298, vote_loss: 2.8787, objectness_loss: 0.2838, semantic_loss: 0.2484, center_loss: 0.3512, dir_class_loss: 0.7134, dir_res_loss: 0.5003, size_class_loss: 0.2484, size_res_loss: 0.2348, loss: 5.4591, grad_norm: 7.2956
2026-05-03 18:39:49,437 - mmdet - INFO - Epoch [31][150/1652]	lr: 8.000e-04, eta: 0:39:13, time: 0.239, data_time: 0.016, memory: 8298, vote_loss: 2.8542, objectness_loss: 0.2992, semantic_loss: 0.2253, center_loss: 0.3587, dir_class_loss: 0.7116, dir_res_loss: 0.4548, size_class_loss: 0.2253, size_res_loss: 0.2158, loss: 5.3448, grad_norm: 7.0940
2026-05-03 18:40:01,726 - mmdet - INFO - Epoch [31][200/1652]	lr: 8.000e-04, eta: 0:39:01, time: 0.246, data_time: 0.016, memory: 8298, vote_loss: 2.9844, objectness_loss: 0.2778, semantic_loss: 0.2711, center_loss: 0.3480, dir_class_loss: 0.7567, dir_res_loss: 0.5045, size_class_loss: 0.2711, size_res_loss: 0.2311, loss: 5.6447, grad_norm: 6.8217
2026-05-03 18:40:13,712 - mmdet - INFO - Epoch [31][250/1652]	lr: 8.000e-04, eta: 0:38:49, time: 0.240, data_time: 0.016, memory: 8298, vote_loss: 2.9169, objectness_loss: 0.2754, semantic_loss: 0.2327, center_loss: 0.3596, dir_class_loss: 0.7758, dir_res_loss: 0.4821, size_class_loss: 0.2327, size_res_loss: 0.2416, loss: 5.5168, grad_norm: 6.9220
2026-05-03 18:40:25,711 - mmdet - INFO - Epoch [31][300/1652]	lr: 8.000e-04, eta: 0:38:37, time: 0.240, data_time: 0.016, memory: 8298, vote_loss: 2.8382, objectness_loss: 0.2904, semantic_loss: 0.2032, center_loss: 0.3395, dir_class_loss: 0.7860, dir_res_loss: 0.5129, size_class_loss: 0.2032, size_res_loss: 0.2144, loss: 5.3879, grad_norm: 7.3782
2026-05-03 18:40:37,652 - mmdet - INFO - Epoch [31][350/1652]	lr: 8.000e-04, eta: 0:38:25, time: 0.239, data_time: 0.016, memory: 8298, vote_loss: 2.7913, objectness_loss: 0.2988, semantic_loss: 0.2202, center_loss: 0.3949, dir_class_loss: 0.7546, dir_res_loss: 0.5376, size_class_loss: 0.2202, size_res_loss: 0.2023, loss: 5.4198, grad_norm: 7.6261
2026-05-03 18:40:49,576 - mmdet - INFO - Epoch [31][400/1652]	lr: 8.000e-04, eta: 0:38:12, time: 0.238, data_time: 0.016, memory: 8298, vote_loss: 2.7604, objectness_loss: 0.2688, semantic_loss: 0.2242, center_loss: 0.3424, dir_class_loss: 0.6644, dir_res_loss: 0.4751, size_class_loss: 0.2242, size_res_loss: 0.1992, loss: 5.1588, grad_norm: 7.0631
2026-05-03 18:41:01,547 - mmdet - INFO - Epoch [31][450/1652]	lr: 8.000e-04, eta: 0:38:00, time: 0.239, data_time: 0.015, memory: 8298, vote_loss: 2.6932, objectness_loss: 0.2879, semantic_loss: 0.2473, center_loss: 0.3423, dir_class_loss: 0.6749, dir_res_loss: 0.4734, size_class_loss: 0.2473, size_res_loss: 0.2183, loss: 5.1847, grad_norm: 6.8490
2026-05-03 18:41:13,487 - mmdet - INFO - Epoch [31][500/1652]	lr: 8.000e-04, eta: 0:37:48, time: 0.239, data_time: 0.015, memory: 8298, vote_loss: 2.8505, objectness_loss: 0.2936, semantic_loss: 0.2467, center_loss: 0.3155, dir_class_loss: 0.7327, dir_res_loss: 0.4702, size_class_loss: 0.2467, size_res_loss: 0.2307, loss: 5.3867, grad_norm: 6.9178
2026-05-03 18:41:25,394 - mmdet - INFO - Epoch [31][550/1652]	lr: 8.000e-04, eta: 0:37:36, time: 0.238, data_time: 0.015, memory: 8298, vote_loss: 2.8103, objectness_loss: 0.2808, semantic_loss: 0.2297, center_loss: 0.3134, dir_class_loss: 0.7176, dir_res_loss: 0.4978, size_class_loss: 0.2298, size_res_loss: 0.2484, loss: 5.3278, grad_norm: 6.7450
2026-05-03 18:41:37,328 - mmdet - INFO - Epoch [31][600/1652]	lr: 8.000e-04, eta: 0:37:24, time: 0.239, data_time: 0.014, memory: 8298, vote_loss: 2.8618, objectness_loss: 0.2799, semantic_loss: 0.2283, center_loss: 0.3447, dir_class_loss: 0.6907, dir_res_loss: 0.4587, size_class_loss: 0.2283, size_res_loss: 0.2178, loss: 5.3102, grad_norm: 7.2244
2026-05-03 18:41:49,236 - mmdet - INFO - Epoch [31][650/1652]	lr: 8.000e-04, eta: 0:37:12, time: 0.238, data_time: 0.014, memory: 8298, vote_loss: 2.7857, objectness_loss: 0.2969, semantic_loss: 0.2493, center_loss: 0.3357, dir_class_loss: 0.7043, dir_res_loss: 0.5293, size_class_loss: 0.2493, size_res_loss: 0.2253, loss: 5.3758, grad_norm: 6.4990
2026-05-03 18:42:01,230 - mmdet - INFO - Epoch [31][700/1652]	lr: 8.000e-04, eta: 0:37:00, time: 0.240, data_time: 0.015, memory: 8298, vote_loss: 2.8524, objectness_loss: 0.3066, semantic_loss: 0.2538, center_loss: 0.3318, dir_class_loss: 0.7719, dir_res_loss: 0.4993, size_class_loss: 0.2538, size_res_loss: 0.2067, loss: 5.4762, grad_norm: 7.2231
2026-05-03 18:42:13,221 - mmdet - INFO - Epoch [31][750/1652]	lr: 8.000e-04, eta: 0:36:48, time: 0.240, data_time: 0.016, memory: 8298, vote_loss: 2.9017, objectness_loss: 0.3044, semantic_loss: 0.2393, center_loss: 0.3622, dir_class_loss: 0.7207, dir_res_loss: 0.5053, size_class_loss: 0.2393, size_res_loss: 0.2906, loss: 5.5637, grad_norm: 7.3794
2026-05-03 18:42:25,200 - mmdet - INFO - Epoch [31][800/1652]	lr: 8.000e-04, eta: 0:36:36, time: 0.240, data_time: 0.016, memory: 8298, vote_loss: 2.7595, objectness_loss: 0.2593, semantic_loss: 0.2436, center_loss: 0.3512, dir_class_loss: 0.7339, dir_res_loss: 0.4709, size_class_loss: 0.2436, size_res_loss: 0.2044, loss: 5.2664, grad_norm: 7.1864
2026-05-03 18:42:37,144 - mmdet - INFO - Epoch [31][850/1652]	lr: 8.000e-04, eta: 0:36:24, time: 0.239, data_time: 0.016, memory: 8298, vote_loss: 2.9337, objectness_loss: 0.2798, semantic_loss: 0.2371, center_loss: 0.3270, dir_class_loss: 0.7084, dir_res_loss: 0.5324, size_class_loss: 0.2371, size_res_loss: 0.2446, loss: 5.5000, grad_norm: 7.1792
2026-05-03 18:42:49,112 - mmdet - INFO - Epoch [31][900/1652]	lr: 8.000e-04, eta: 0:36:12, time: 0.239, data_time: 0.016, memory: 8298, vote_loss: 2.6655, objectness_loss: 0.2919, semantic_loss: 0.2341, center_loss: 0.3183, dir_class_loss: 0.6237, dir_res_loss: 0.4504, size_class_loss: 0.2341, size_res_loss: 0.2069, loss: 5.0250, grad_norm: 6.5699
2026-05-03 18:43:01,063 - mmdet - INFO - Epoch [31][950/1652]	lr: 8.000e-04, eta: 0:36:00, time: 0.239, data_time: 0.016, memory: 8298, vote_loss: 2.8770, objectness_loss: 0.2857, semantic_loss: 0.2286, center_loss: 0.3317, dir_class_loss: 0.7103, dir_res_loss: 0.4202, size_class_loss: 0.2286, size_res_loss: 0.2231, loss: 5.3053, grad_norm: 7.0811
2026-05-03 18:43:13,057 - mmdet - INFO - Epoch [31][1000/1652]	lr: 8.000e-04, eta: 0:35:48, time: 0.240, data_time: 0.016, memory: 8298, vote_loss: 2.8964, objectness_loss: 0.3026, semantic_loss: 0.2765, center_loss: 0.3560, dir_class_loss: 0.7849, dir_res_loss: 0.5542, size_class_loss: 0.2765, size_res_loss: 0.2225, loss: 5.6696, grad_norm: 6.6073
2026-05-03 18:43:25,033 - mmdet - INFO - Epoch [31][1050/1652]	lr: 8.000e-04, eta: 0:35:36, time: 0.240, data_time: 0.016, memory: 8298, vote_loss: 2.9322, objectness_loss: 0.3121, semantic_loss: 0.2645, center_loss: 0.3459, dir_class_loss: 0.7263, dir_res_loss: 0.4913, size_class_loss: 0.2645, size_res_loss: 0.2366, loss: 5.5733, grad_norm: 7.1193
2026-05-03 18:43:36,917 - mmdet - INFO - Epoch [31][1100/1652]	lr: 8.000e-04, eta: 0:35:23, time: 0.238, data_time: 0.015, memory: 8298, vote_loss: 2.8210, objectness_loss: 0.3030, semantic_loss: 0.2048, center_loss: 0.3506, dir_class_loss: 0.6995, dir_res_loss: 0.4962, size_class_loss: 0.2048, size_res_loss: 0.2065, loss: 5.2863, grad_norm: 7.0578
2026-05-03 18:43:48,877 - mmdet - INFO - Epoch [31][1150/1652]	lr: 8.000e-04, eta: 0:35:11, time: 0.239, data_time: 0.016, memory: 8298, vote_loss: 2.8002, objectness_loss: 0.2709, semantic_loss: 0.2270, center_loss: 0.3307, dir_class_loss: 0.7513, dir_res_loss: 0.4760, size_class_loss: 0.2270, size_res_loss: 0.2119, loss: 5.2950, grad_norm: 6.6634
2026-05-03 18:44:00,894 - mmdet - INFO - Epoch [31][1200/1652]	lr: 8.000e-04, eta: 0:34:59, time: 0.240, data_time: 0.016, memory: 8298, vote_loss: 2.6287, objectness_loss: 0.3075, semantic_loss: 0.2369, center_loss: 0.3440, dir_class_loss: 0.7863, dir_res_loss: 0.4691, size_class_loss: 0.2369, size_res_loss: 0.1947, loss: 5.2041, grad_norm: 6.7209
2026-05-03 18:44:12,825 - mmdet - INFO - Epoch [31][1250/1652]	lr: 8.000e-04, eta: 0:34:47, time: 0.239, data_time: 0.016, memory: 8298, vote_loss: 2.9583, objectness_loss: 0.2920, semantic_loss: 0.2394, center_loss: 0.3411, dir_class_loss: 0.7296, dir_res_loss: 0.4932, size_class_loss: 0.2394, size_res_loss: 0.2272, loss: 5.5201, grad_norm: 7.2429
2026-05-03 18:44:24,777 - mmdet - INFO - Epoch [31][1300/1652]	lr: 8.000e-04, eta: 0:34:35, time: 0.239, data_time: 0.016, memory: 8298, vote_loss: 2.7559, objectness_loss: 0.2932, semantic_loss: 0.2223, center_loss: 0.3288, dir_class_loss: 0.7797, dir_res_loss: 0.5027, size_class_loss: 0.2223, size_res_loss: 0.2083, loss: 5.3132, grad_norm: 6.6145
2026-05-03 18:44:37,002 - mmdet - INFO - Epoch [31][1350/1652]	lr: 8.000e-04, eta: 0:34:23, time: 0.245, data_time: 0.017, memory: 8298, vote_loss: 2.7983, objectness_loss: 0.2837, semantic_loss: 0.2287, center_loss: 0.3484, dir_class_loss: 0.6630, dir_res_loss: 0.4504, size_class_loss: 0.2286, size_res_loss: 0.2212, loss: 5.2224, grad_norm: 6.9587
2026-05-03 18:44:49,034 - mmdet - INFO - Epoch [31][1400/1652]	lr: 8.000e-04, eta: 0:34:11, time: 0.241, data_time: 0.016, memory: 8298, vote_loss: 2.8133, objectness_loss: 0.3015, semantic_loss: 0.2378, center_loss: 0.3274, dir_class_loss: 0.7008, dir_res_loss: 0.5679, size_class_loss: 0.2378, size_res_loss: 0.2189, loss: 5.4053, grad_norm: 7.1592
2026-05-03 18:45:00,981 - mmdet - INFO - Epoch [31][1450/1652]	lr: 8.000e-04, eta: 0:33:59, time: 0.239, data_time: 0.016, memory: 8298, vote_loss: 2.7922, objectness_loss: 0.2753, semantic_loss: 0.2475, center_loss: 0.3758, dir_class_loss: 0.6475, dir_res_loss: 0.4499, size_class_loss: 0.2475, size_res_loss: 0.2139, loss: 5.2496, grad_norm: 7.1137
2026-05-03 18:45:13,001 - mmdet - INFO - Epoch [31][1500/1652]	lr: 8.000e-04, eta: 0:33:47, time: 0.240, data_time: 0.016, memory: 8298, vote_loss: 2.8153, objectness_loss: 0.3225, semantic_loss: 0.2662, center_loss: 0.3779, dir_class_loss: 0.7071, dir_res_loss: 0.4946, size_class_loss: 0.2662, size_res_loss: 0.2213, loss: 5.4712, grad_norm: 7.4060
2026-05-03 18:45:25,015 - mmdet - INFO - Epoch [31][1550/1652]	lr: 8.000e-04, eta: 0:33:35, time: 0.240, data_time: 0.016, memory: 8298, vote_loss: 2.8249, objectness_loss: 0.2967, semantic_loss: 0.2332, center_loss: 0.3518, dir_class_loss: 0.7757, dir_res_loss: 0.5268, size_class_loss: 0.2332, size_res_loss: 0.2072, loss: 5.4496, grad_norm: 6.5515
2026-05-03 18:45:36,953 - mmdet - INFO - Epoch [31][1600/1652]	lr: 8.000e-04, eta: 0:33:23, time: 0.239, data_time: 0.016, memory: 8298, vote_loss: 2.6987, objectness_loss: 0.2865, semantic_loss: 0.2277, center_loss: 0.3153, dir_class_loss: 0.6952, dir_res_loss: 0.5226, size_class_loss: 0.2277, size_res_loss: 0.2256, loss: 5.1993, grad_norm: 6.8061
2026-05-03 18:45:48,836 - mmdet - INFO - Epoch [31][1650/1652]	lr: 8.000e-04, eta: 0:33:11, time: 0.238, data_time: 0.016, memory: 8298, vote_loss: 2.9084, objectness_loss: 0.2723, semantic_loss: 0.2496, center_loss: 0.3440, dir_class_loss: 0.7669, dir_res_loss: 0.4279, size_class_loss: 0.2496, size_res_loss: 0.2168, loss: 5.4356, grad_norm: 6.8703
2026-05-03 18:45:49,372 - mmdet - INFO - Saving checkpoint at 31 epochs
2026-05-03 18:46:04,173 - mmdet - INFO - Epoch [32][50/1652]	lr: 8.000e-04, eta: 0:32:59, time: 0.295, data_time: 0.071, memory: 8298, vote_loss: 2.8344, objectness_loss: 0.2793, semantic_loss: 0.2318, center_loss: 0.3255, dir_class_loss: 0.6956, dir_res_loss: 0.4417, size_class_loss: 0.2318, size_res_loss: 0.2132, loss: 5.2533, grad_norm: 6.9026
2026-05-03 18:46:16,096 - mmdet - INFO - Epoch [32][100/1652]	lr: 8.000e-04, eta: 0:32:47, time: 0.238, data_time: 0.015, memory: 8298, vote_loss: 2.8900, objectness_loss: 0.2938, semantic_loss: 0.2633, center_loss: 0.3751, dir_class_loss: 0.7803, dir_res_loss: 0.4771, size_class_loss: 0.2633, size_res_loss: 0.2625, loss: 5.6053, grad_norm: 7.0683
2026-05-03 18:46:28,085 - mmdet - INFO - Epoch [32][150/1652]	lr: 8.000e-04, eta: 0:32:35, time: 0.240, data_time: 0.016, memory: 8298, vote_loss: 2.8157, objectness_loss: 0.2827, semantic_loss: 0.2315, center_loss: 0.3380, dir_class_loss: 0.7474, dir_res_loss: 0.4599, size_class_loss: 0.2315, size_res_loss: 0.2044, loss: 5.3111, grad_norm: 7.0483
2026-05-03 18:46:40,121 - mmdet - INFO - Epoch [32][200/1652]	lr: 8.000e-04, eta: 0:32:22, time: 0.241, data_time: 0.017, memory: 8298, vote_loss: 2.8543, objectness_loss: 0.2876, semantic_loss: 0.2156, center_loss: 0.3552, dir_class_loss: 0.7141, dir_res_loss: 0.5112, size_class_loss: 0.2156, size_res_loss: 0.2152, loss: 5.3687, grad_norm: 7.2333
2026-05-03 18:46:52,592 - mmdet - INFO - Epoch [32][250/1652]	lr: 8.000e-04, eta: 0:32:10, time: 0.249, data_time: 0.018, memory: 8298, vote_loss: 2.7319, objectness_loss: 0.2892, semantic_loss: 0.2384, center_loss: 0.3136, dir_class_loss: 0.7150, dir_res_loss: 0.5266, size_class_loss: 0.2384, size_res_loss: 0.2062, loss: 5.2594, grad_norm: 6.8696
2026-05-03 18:47:04,585 - mmdet - INFO - Epoch [32][300/1652]	lr: 8.000e-04, eta: 0:31:58, time: 0.240, data_time: 0.017, memory: 8298, vote_loss: 2.7133, objectness_loss: 0.2836, semantic_loss: 0.2326, center_loss: 0.3427, dir_class_loss: 0.7313, dir_res_loss: 0.4651, size_class_loss: 0.2326, size_res_loss: 0.2150, loss: 5.2163, grad_norm: 6.8989
2026-05-03 18:47:16,604 - mmdet - INFO - Epoch [32][350/1652]	lr: 8.000e-04, eta: 0:31:46, time: 0.240, data_time: 0.017, memory: 8298, vote_loss: 2.7483, objectness_loss: 0.2919, semantic_loss: 0.2036, center_loss: 0.3298, dir_class_loss: 0.6692, dir_res_loss: 0.4804, size_class_loss: 0.2036, size_res_loss: 0.2079, loss: 5.1345, grad_norm: 6.8006
2026-05-03 18:47:28,668 - mmdet - INFO - Epoch [32][400/1652]	lr: 8.000e-04, eta: 0:31:34, time: 0.241, data_time: 0.016, memory: 8298, vote_loss: 2.8129, objectness_loss: 0.2754, semantic_loss: 0.2538, center_loss: 0.3319, dir_class_loss: 0.7478, dir_res_loss: 0.4955, size_class_loss: 0.2538, size_res_loss: 0.2256, loss: 5.3965, grad_norm: 6.3881
2026-05-03 18:47:40,630 - mmdet - INFO - Epoch [32][450/1652]	lr: 8.000e-04, eta: 0:31:22, time: 0.239, data_time: 0.016, memory: 8298, vote_loss: 2.8911, objectness_loss: 0.3053, semantic_loss: 0.2467, center_loss: 0.3482, dir_class_loss: 0.7348, dir_res_loss: 0.5033, size_class_loss: 0.2467, size_res_loss: 0.2191, loss: 5.4953, grad_norm: 7.0129
2026-05-03 18:47:52,686 - mmdet - INFO - Epoch [32][500/1652]	lr: 8.000e-04, eta: 0:31:10, time: 0.241, data_time: 0.016, memory: 8298, vote_loss: 2.6188, objectness_loss: 0.2825, semantic_loss: 0.2195, center_loss: 0.3198, dir_class_loss: 0.7188, dir_res_loss: 0.4373, size_class_loss: 0.2195, size_res_loss: 0.2286, loss: 5.0449, grad_norm: 6.5468
2026-05-03 18:48:04,882 - mmdet - INFO - Epoch [32][550/1652]	lr: 8.000e-04, eta: 0:30:58, time: 0.244, data_time: 0.020, memory: 8298, vote_loss: 2.8482, objectness_loss: 0.3076, semantic_loss: 0.2575, center_loss: 0.3510, dir_class_loss: 0.7235, dir_res_loss: 0.4628, size_class_loss: 0.2575, size_res_loss: 0.2277, loss: 5.4358, grad_norm: 6.9275
2026-05-03 18:48:16,907 - mmdet - INFO - Epoch [32][600/1652]	lr: 8.000e-04, eta: 0:30:46, time: 0.240, data_time: 0.016, memory: 8298, vote_loss: 2.9659, objectness_loss: 0.2909, semantic_loss: 0.2388, center_loss: 0.3032, dir_class_loss: 0.6557, dir_res_loss: 0.4653, size_class_loss: 0.2388, size_res_loss: 0.2221, loss: 5.3807, grad_norm: 6.6414
2026-05-03 18:48:28,939 - mmdet - INFO - Epoch [32][650/1652]	lr: 8.000e-04, eta: 0:30:34, time: 0.241, data_time: 0.016, memory: 8298, vote_loss: 2.7816, objectness_loss: 0.2701, semantic_loss: 0.2138, center_loss: 0.3450, dir_class_loss: 0.6486, dir_res_loss: 0.4631, size_class_loss: 0.2138, size_res_loss: 0.2144, loss: 5.1502, grad_norm: 7.5152
2026-05-03 18:48:40,925 - mmdet - INFO - Epoch [32][700/1652]	lr: 8.000e-04, eta: 0:30:22, time: 0.240, data_time: 0.016, memory: 8298, vote_loss: 2.8372, objectness_loss: 0.2811, semantic_loss: 0.2081, center_loss: 0.3507, dir_class_loss: 0.7174, dir_res_loss: 0.5064, size_class_loss: 0.2081, size_res_loss: 0.2164, loss: 5.3255, grad_norm: 7.0591
2026-05-03 18:48:52,895 - mmdet - INFO - Epoch [32][750/1652]	lr: 8.000e-04, eta: 0:30:10, time: 0.239, data_time: 0.016, memory: 8298, vote_loss: 2.6925, objectness_loss: 0.2772, semantic_loss: 0.1978, center_loss: 0.3289, dir_class_loss: 0.7106, dir_res_loss: 0.4902, size_class_loss: 0.1978, size_res_loss: 0.1995, loss: 5.0947, grad_norm: 6.8556
2026-05-03 18:49:04,847 - mmdet - INFO - Epoch [32][800/1652]	lr: 8.000e-04, eta: 0:29:58, time: 0.239, data_time: 0.016, memory: 8298, vote_loss: 2.8552, objectness_loss: 0.2800, semantic_loss: 0.2484, center_loss: 0.3431, dir_class_loss: 0.7586, dir_res_loss: 0.4807, size_class_loss: 0.2483, size_res_loss: 0.2160, loss: 5.4303, grad_norm: 7.0680
2026-05-03 18:49:16,827 - mmdet - INFO - Epoch [32][850/1652]	lr: 8.000e-04, eta: 0:29:46, time: 0.240, data_time: 0.017, memory: 8298, vote_loss: 2.8581, objectness_loss: 0.2810, semantic_loss: 0.2218, center_loss: 0.3261, dir_class_loss: 0.6793, dir_res_loss: 0.4282, size_class_loss: 0.2218, size_res_loss: 0.1965, loss: 5.2129, grad_norm: 7.2600
2026-05-03 18:49:28,841 - mmdet - INFO - Epoch [32][900/1652]	lr: 8.000e-04, eta: 0:29:34, time: 0.240, data_time: 0.017, memory: 8298, vote_loss: 2.8303, objectness_loss: 0.2866, semantic_loss: 0.2844, center_loss: 0.3395, dir_class_loss: 0.7762, dir_res_loss: 0.5002, size_class_loss: 0.2844, size_res_loss: 0.2204, loss: 5.5220, grad_norm: 6.7561
2026-05-03 18:49:40,864 - mmdet - INFO - Epoch [32][950/1652]	lr: 8.000e-04, eta: 0:29:22, time: 0.240, data_time: 0.016, memory: 8298, vote_loss: 2.8288, objectness_loss: 0.2654, semantic_loss: 0.2070, center_loss: 0.3098, dir_class_loss: 0.6560, dir_res_loss: 0.4681, size_class_loss: 0.2070, size_res_loss: 0.2185, loss: 5.1606, grad_norm: 7.0714
2026-05-03 18:49:52,840 - mmdet - INFO - Epoch [32][1000/1652]	lr: 8.000e-04, eta: 0:29:10, time: 0.240, data_time: 0.016, memory: 8298, vote_loss: 2.9984, objectness_loss: 0.3053, semantic_loss: 0.2549, center_loss: 0.3362, dir_class_loss: 0.8047, dir_res_loss: 0.5233, size_class_loss: 0.2549, size_res_loss: 0.2524, loss: 5.7301, grad_norm: 7.1746
2026-05-03 18:50:04,801 - mmdet - INFO - Epoch [32][1050/1652]	lr: 8.000e-04, eta: 0:28:58, time: 0.239, data_time: 0.016, memory: 8298, vote_loss: 2.7592, objectness_loss: 0.2792, semantic_loss: 0.2344, center_loss: 0.3227, dir_class_loss: 0.6299, dir_res_loss: 0.4282, size_class_loss: 0.2344, size_res_loss: 0.2062, loss: 5.0944, grad_norm: 6.7785
2026-05-03 18:50:16,820 - mmdet - INFO - Epoch [32][1100/1652]	lr: 8.000e-04, eta: 0:28:45, time: 0.240, data_time: 0.016, memory: 8298, vote_loss: 2.7852, objectness_loss: 0.2656, semantic_loss: 0.2234, center_loss: 0.3291, dir_class_loss: 0.8116, dir_res_loss: 0.5339, size_class_loss: 0.2234, size_res_loss: 0.2277, loss: 5.3999, grad_norm: 7.2152
2026-05-03 18:50:28,870 - mmdet - INFO - Epoch [32][1150/1652]	lr: 8.000e-04, eta: 0:28:33, time: 0.241, data_time: 0.016, memory: 8298, vote_loss: 2.8062, objectness_loss: 0.2763, semantic_loss: 0.2346, center_loss: 0.3138, dir_class_loss: 0.6931, dir_res_loss: 0.5108, size_class_loss: 0.2346, size_res_loss: 0.2268, loss: 5.2961, grad_norm: 6.7748
2026-05-03 18:50:40,878 - mmdet - INFO - Epoch [32][1200/1652]	lr: 8.000e-04, eta: 0:28:21, time: 0.240, data_time: 0.016, memory: 8298, vote_loss: 2.7671, objectness_loss: 0.2771, semantic_loss: 0.2327, center_loss: 0.3727, dir_class_loss: 0.6870, dir_res_loss: 0.5490, size_class_loss: 0.2327, size_res_loss: 0.2050, loss: 5.3234, grad_norm: 6.9835
2026-05-03 18:50:52,911 - mmdet - INFO - Epoch [32][1250/1652]	lr: 8.000e-04, eta: 0:28:09, time: 0.241, data_time: 0.017, memory: 8298, vote_loss: 2.8275, objectness_loss: 0.2840, semantic_loss: 0.2385, center_loss: 0.3457, dir_class_loss: 0.7270, dir_res_loss: 0.4465, size_class_loss: 0.2385, size_res_loss: 0.2181, loss: 5.3257, grad_norm: 6.4294
2026-05-03 18:51:04,814 - mmdet - INFO - Epoch [32][1300/1652]	lr: 8.000e-04, eta: 0:27:57, time: 0.238, data_time: 0.016, memory: 8298, vote_loss: 2.8083, objectness_loss: 0.2855, semantic_loss: 0.2240, center_loss: 0.3907, dir_class_loss: 0.7183, dir_res_loss: 0.4732, size_class_loss: 0.2240, size_res_loss: 0.2100, loss: 5.3340, grad_norm: 6.9440
2026-05-03 18:51:16,755 - mmdet - INFO - Epoch [32][1350/1652]	lr: 8.000e-04, eta: 0:27:45, time: 0.239, data_time: 0.016, memory: 8298, vote_loss: 2.9001, objectness_loss: 0.2785, semantic_loss: 0.2193, center_loss: 0.3797, dir_class_loss: 0.6792, dir_res_loss: 0.4556, size_class_loss: 0.2193, size_res_loss: 0.2051, loss: 5.3369, grad_norm: 7.0683
2026-05-03 18:51:28,714 - mmdet - INFO - Epoch [32][1400/1652]	lr: 8.000e-04, eta: 0:27:33, time: 0.239, data_time: 0.016, memory: 8298, vote_loss: 2.7747, objectness_loss: 0.2958, semantic_loss: 0.2705, center_loss: 0.3334, dir_class_loss: 0.7682, dir_res_loss: 0.4778, size_class_loss: 0.2705, size_res_loss: 0.2243, loss: 5.4153, grad_norm: 7.4898
2026-05-03 18:51:40,696 - mmdet - INFO - Epoch [32][1450/1652]	lr: 8.000e-04, eta: 0:27:21, time: 0.240, data_time: 0.016, memory: 8298, vote_loss: 2.7009, objectness_loss: 0.2839, semantic_loss: 0.2550, center_loss: 0.3642, dir_class_loss: 0.6886, dir_res_loss: 0.5557, size_class_loss: 0.2550, size_res_loss: 0.2169, loss: 5.3202, grad_norm: 6.9849
2026-05-03 18:51:52,757 - mmdet - INFO - Epoch [32][1500/1652]	lr: 8.000e-04, eta: 0:27:09, time: 0.241, data_time: 0.016, memory: 8298, vote_loss: 2.9451, objectness_loss: 0.2925, semantic_loss: 0.2268, center_loss: 0.3280, dir_class_loss: 0.6413, dir_res_loss: 0.4555, size_class_loss: 0.2268, size_res_loss: 0.2321, loss: 5.3481, grad_norm: 7.3212
2026-05-03 18:52:04,646 - mmdet - INFO - Epoch [32][1550/1652]	lr: 8.000e-04, eta: 0:26:57, time: 0.238, data_time: 0.015, memory: 8298, vote_loss: 2.8560, objectness_loss: 0.2817, semantic_loss: 0.2374, center_loss: 0.3309, dir_class_loss: 0.7181, dir_res_loss: 0.4766, size_class_loss: 0.2374, size_res_loss: 0.2558, loss: 5.3939, grad_norm: 7.0626
2026-05-03 18:52:16,518 - mmdet - INFO - Epoch [32][1600/1652]	lr: 8.000e-04, eta: 0:26:45, time: 0.237, data_time: 0.015, memory: 8298, vote_loss: 2.8760, objectness_loss: 0.2980, semantic_loss: 0.2419, center_loss: 0.3237, dir_class_loss: 0.6971, dir_res_loss: 0.4460, size_class_loss: 0.2419, size_res_loss: 0.2526, loss: 5.3771, grad_norm: 7.3464
2026-05-03 18:52:28,466 - mmdet - INFO - Epoch [32][1650/1652]	lr: 8.000e-04, eta: 0:26:33, time: 0.239, data_time: 0.015, memory: 8298, vote_loss: 2.8087, objectness_loss: 0.3054, semantic_loss: 0.2465, center_loss: 0.3425, dir_class_loss: 0.6766, dir_res_loss: 0.4763, size_class_loss: 0.2465, size_res_loss: 0.2317, loss: 5.3342, grad_norm: 6.7757
2026-05-03 18:52:29,020 - mmdet - INFO - Saving checkpoint at 32 epochs
2026-05-03 18:52:44,052 - mmdet - INFO - Epoch [33][50/1652]	lr: 8.000e-05, eta: 0:26:21, time: 0.300, data_time: 0.075, memory: 8298, vote_loss: 2.8831, objectness_loss: 0.3030, semantic_loss: 0.2331, center_loss: 0.3536, dir_class_loss: 0.7399, dir_res_loss: 0.4682, size_class_loss: 0.2331, size_res_loss: 0.2353, loss: 5.4494, grad_norm: 6.7874
2026-05-03 18:52:56,136 - mmdet - INFO - Epoch [33][100/1652]	lr: 8.000e-05, eta: 0:26:08, time: 0.242, data_time: 0.017, memory: 8298, vote_loss: 2.8596, objectness_loss: 0.2869, semantic_loss: 0.2448, center_loss: 0.3226, dir_class_loss: 0.6886, dir_res_loss: 0.4671, size_class_loss: 0.2448, size_res_loss: 0.2297, loss: 5.3441, grad_norm: 6.1711
2026-05-03 18:53:08,121 - mmdet - INFO - Epoch [33][150/1652]	lr: 8.000e-05, eta: 0:25:56, time: 0.240, data_time: 0.017, memory: 8298, vote_loss: 2.7338, objectness_loss: 0.2874, semantic_loss: 0.2306, center_loss: 0.3189, dir_class_loss: 0.6996, dir_res_loss: 0.4233, size_class_loss: 0.2306, size_res_loss: 0.2042, loss: 5.1284, grad_norm: 6.6923
2026-05-03 18:53:20,135 - mmdet - INFO - Epoch [33][200/1652]	lr: 8.000e-05, eta: 0:25:44, time: 0.240, data_time: 0.016, memory: 8298, vote_loss: 2.7817, objectness_loss: 0.2822, semantic_loss: 0.2234, center_loss: 0.3221, dir_class_loss: 0.7700, dir_res_loss: 0.4863, size_class_loss: 0.2234, size_res_loss: 0.2168, loss: 5.3060, grad_norm: 6.4356
2026-05-03 18:53:32,096 - mmdet - INFO - Epoch [33][250/1652]	lr: 8.000e-05, eta: 0:25:32, time: 0.239, data_time: 0.016, memory: 8298, vote_loss: 2.7418, objectness_loss: 0.2691, semantic_loss: 0.2240, center_loss: 0.3476, dir_class_loss: 0.6506, dir_res_loss: 0.4119, size_class_loss: 0.2240, size_res_loss: 0.2225, loss: 5.0914, grad_norm: 7.0341
2026-05-03 18:53:44,072 - mmdet - INFO - Epoch [33][300/1652]	lr: 8.000e-05, eta: 0:25:20, time: 0.240, data_time: 0.016, memory: 8298, vote_loss: 2.7940, objectness_loss: 0.2777, semantic_loss: 0.2016, center_loss: 0.4115, dir_class_loss: 0.6800, dir_res_loss: 0.5338, size_class_loss: 0.2017, size_res_loss: 0.2029, loss: 5.3032, grad_norm: 7.1092
2026-05-03 18:53:56,096 - mmdet - INFO - Epoch [33][350/1652]	lr: 8.000e-05, eta: 0:25:08, time: 0.240, data_time: 0.017, memory: 8298, vote_loss: 2.7748, objectness_loss: 0.2827, semantic_loss: 0.2132, center_loss: 0.3365, dir_class_loss: 0.7264, dir_res_loss: 0.4996, size_class_loss: 0.2132, size_res_loss: 0.2085, loss: 5.2551, grad_norm: 6.8033
2026-05-03 18:54:08,047 - mmdet - INFO - Epoch [33][400/1652]	lr: 8.000e-05, eta: 0:24:56, time: 0.239, data_time: 0.016, memory: 8298, vote_loss: 2.6080, objectness_loss: 0.2601, semantic_loss: 0.2403, center_loss: 0.3010, dir_class_loss: 0.8013, dir_res_loss: 0.4667, size_class_loss: 0.2403, size_res_loss: 0.1953, loss: 5.1129, grad_norm: 6.3946
2026-05-03 18:54:20,087 - mmdet - INFO - Epoch [33][450/1652]	lr: 8.000e-05, eta: 0:24:44, time: 0.241, data_time: 0.016, memory: 8298, vote_loss: 2.7557, objectness_loss: 0.2756, semantic_loss: 0.2217, center_loss: 0.3532, dir_class_loss: 0.7086, dir_res_loss: 0.4662, size_class_loss: 0.2217, size_res_loss: 0.2153, loss: 5.2181, grad_norm: 6.5977
2026-05-03 18:54:32,032 - mmdet - INFO - Epoch [33][500/1652]	lr: 8.000e-05, eta: 0:24:32, time: 0.239, data_time: 0.016, memory: 8298, vote_loss: 2.8589, objectness_loss: 0.2798, semantic_loss: 0.2182, center_loss: 0.3166, dir_class_loss: 0.6486, dir_res_loss: 0.5061, size_class_loss: 0.2182, size_res_loss: 0.2286, loss: 5.2749, grad_norm: 7.0856
2026-05-03 18:54:43,985 - mmdet - INFO - Epoch [33][550/1652]	lr: 8.000e-05, eta: 0:24:20, time: 0.239, data_time: 0.016, memory: 8298, vote_loss: 2.7801, objectness_loss: 0.2562, semantic_loss: 0.2232, center_loss: 0.3142, dir_class_loss: 0.6459, dir_res_loss: 0.5158, size_class_loss: 0.2232, size_res_loss: 0.2259, loss: 5.1844, grad_norm: 6.8240
2026-05-03 18:54:55,909 - mmdet - INFO - Epoch [33][600/1652]	lr: 8.000e-05, eta: 0:24:08, time: 0.238, data_time: 0.016, memory: 8298, vote_loss: 2.7291, objectness_loss: 0.2913, semantic_loss: 0.2644, center_loss: 0.3165, dir_class_loss: 0.7122, dir_res_loss: 0.4402, size_class_loss: 0.2644, size_res_loss: 0.2214, loss: 5.2394, grad_norm: 7.1988
2026-05-03 18:55:07,817 - mmdet - INFO - Epoch [33][650/1652]	lr: 8.000e-05, eta: 0:23:56, time: 0.238, data_time: 0.015, memory: 8298, vote_loss: 2.6842, objectness_loss: 0.2880, semantic_loss: 0.2131, center_loss: 0.3160, dir_class_loss: 0.6565, dir_res_loss: 0.4334, size_class_loss: 0.2131, size_res_loss: 0.2168, loss: 5.0210, grad_norm: 6.5903
2026-05-03 18:55:19,702 - mmdet - INFO - Epoch [33][700/1652]	lr: 8.000e-05, eta: 0:23:44, time: 0.238, data_time: 0.015, memory: 8298, vote_loss: 2.8693, objectness_loss: 0.2794, semantic_loss: 0.2545, center_loss: 0.3800, dir_class_loss: 0.7335, dir_res_loss: 0.4843, size_class_loss: 0.2545, size_res_loss: 0.2094, loss: 5.4649, grad_norm: 6.8180
2026-05-03 18:55:31,625 - mmdet - INFO - Epoch [33][750/1652]	lr: 8.000e-05, eta: 0:23:32, time: 0.238, data_time: 0.016, memory: 8298, vote_loss: 2.7896, objectness_loss: 0.2783, semantic_loss: 0.2540, center_loss: 0.3240, dir_class_loss: 0.7133, dir_res_loss: 0.4304, size_class_loss: 0.2540, size_res_loss: 0.2164, loss: 5.2600, grad_norm: 7.1662
2026-05-03 18:55:43,580 - mmdet - INFO - Epoch [33][800/1652]	lr: 8.000e-05, eta: 0:23:20, time: 0.239, data_time: 0.016, memory: 8298, vote_loss: 2.8116, objectness_loss: 0.2924, semantic_loss: 0.2345, center_loss: 0.3304, dir_class_loss: 0.6809, dir_res_loss: 0.4241, size_class_loss: 0.2345, size_res_loss: 0.2170, loss: 5.2254, grad_norm: 6.6630
2026-05-03 18:55:55,538 - mmdet - INFO - Epoch [33][850/1652]	lr: 8.000e-05, eta: 0:23:08, time: 0.239, data_time: 0.016, memory: 8298, vote_loss: 2.6594, objectness_loss: 0.2685, semantic_loss: 0.2209, center_loss: 0.3062, dir_class_loss: 0.6648, dir_res_loss: 0.4776, size_class_loss: 0.2209, size_res_loss: 0.1941, loss: 5.0124, grad_norm: 6.5937
2026-05-03 18:56:07,523 - mmdet - INFO - Epoch [33][900/1652]	lr: 8.000e-05, eta: 0:22:55, time: 0.240, data_time: 0.016, memory: 8298, vote_loss: 2.7847, objectness_loss: 0.2889, semantic_loss: 0.2161, center_loss: 0.3262, dir_class_loss: 0.7253, dir_res_loss: 0.4680, size_class_loss: 0.2161, size_res_loss: 0.2383, loss: 5.2636, grad_norm: 6.8004
2026-05-03 18:56:19,558 - mmdet - INFO - Epoch [33][950/1652]	lr: 8.000e-05, eta: 0:22:43, time: 0.241, data_time: 0.017, memory: 8298, vote_loss: 2.6811, objectness_loss: 0.2751, semantic_loss: 0.2101, center_loss: 0.3344, dir_class_loss: 0.7037, dir_res_loss: 0.4424, size_class_loss: 0.2101, size_res_loss: 0.2089, loss: 5.0660, grad_norm: 6.3733
2026-05-03 18:56:31,575 - mmdet - INFO - Epoch [33][1000/1652]	lr: 8.000e-05, eta: 0:22:31, time: 0.240, data_time: 0.016, memory: 8298, vote_loss: 2.7514, objectness_loss: 0.2865, semantic_loss: 0.2375, center_loss: 0.3208, dir_class_loss: 0.7553, dir_res_loss: 0.5174, size_class_loss: 0.2375, size_res_loss: 0.2277, loss: 5.3341, grad_norm: 7.0620
2026-05-03 18:56:43,544 - mmdet - INFO - Epoch [33][1050/1652]	lr: 8.000e-05, eta: 0:22:19, time: 0.239, data_time: 0.015, memory: 8298, vote_loss: 2.9482, objectness_loss: 0.2799, semantic_loss: 0.2340, center_loss: 0.3230, dir_class_loss: 0.7515, dir_res_loss: 0.5083, size_class_loss: 0.2340, size_res_loss: 0.2281, loss: 5.5072, grad_norm: 6.7295
2026-05-03 18:56:55,519 - mmdet - INFO - Epoch [33][1100/1652]	lr: 8.000e-05, eta: 0:22:07, time: 0.240, data_time: 0.016, memory: 8298, vote_loss: 2.7780, objectness_loss: 0.2777, semantic_loss: 0.2246, center_loss: 0.3383, dir_class_loss: 0.6656, dir_res_loss: 0.4798, size_class_loss: 0.2246, size_res_loss: 0.2106, loss: 5.1991, grad_norm: 6.8017
2026-05-03 18:57:07,549 - mmdet - INFO - Epoch [33][1150/1652]	lr: 8.000e-05, eta: 0:21:55, time: 0.241, data_time: 0.017, memory: 8298, vote_loss: 2.7509, objectness_loss: 0.2837, semantic_loss: 0.2324, center_loss: 0.3271, dir_class_loss: 0.7462, dir_res_loss: 0.5126, size_class_loss: 0.2324, size_res_loss: 0.2371, loss: 5.3225, grad_norm: 6.9085
2026-05-03 18:57:19,505 - mmdet - INFO - Epoch [33][1200/1652]	lr: 8.000e-05, eta: 0:21:43, time: 0.239, data_time: 0.016, memory: 8298, vote_loss: 2.8187, objectness_loss: 0.2923, semantic_loss: 0.2427, center_loss: 0.3111, dir_class_loss: 0.6505, dir_res_loss: 0.4291, size_class_loss: 0.2427, size_res_loss: 0.2232, loss: 5.2103, grad_norm: 6.6824
2026-05-03 18:57:31,552 - mmdet - INFO - Epoch [33][1250/1652]	lr: 8.000e-05, eta: 0:21:31, time: 0.241, data_time: 0.016, memory: 8298, vote_loss: 2.8492, objectness_loss: 0.2931, semantic_loss: 0.2267, center_loss: 0.3104, dir_class_loss: 0.7068, dir_res_loss: 0.4859, size_class_loss: 0.2267, size_res_loss: 0.2237, loss: 5.3225, grad_norm: 6.7672
2026-05-03 18:57:43,512 - mmdet - INFO - Epoch [33][1300/1652]	lr: 8.000e-05, eta: 0:21:19, time: 0.239, data_time: 0.016, memory: 8298, vote_loss: 2.8885, objectness_loss: 0.2545, semantic_loss: 0.1996, center_loss: 0.3174, dir_class_loss: 0.6521, dir_res_loss: 0.4713, size_class_loss: 0.1996, size_res_loss: 0.1856, loss: 5.1686, grad_norm: 6.8156
2026-05-03 18:57:55,729 - mmdet - INFO - Epoch [33][1350/1652]	lr: 8.000e-05, eta: 0:21:07, time: 0.244, data_time: 0.016, memory: 8298, vote_loss: 2.8927, objectness_loss: 0.3288, semantic_loss: 0.2530, center_loss: 0.3130, dir_class_loss: 0.6901, dir_res_loss: 0.4752, size_class_loss: 0.2530, size_res_loss: 0.2076, loss: 5.4135, grad_norm: 6.7954
2026-05-03 18:58:07,624 - mmdet - INFO - Epoch [33][1400/1652]	lr: 8.000e-05, eta: 0:20:55, time: 0.238, data_time: 0.015, memory: 8298, vote_loss: 2.7859, objectness_loss: 0.2875, semantic_loss: 0.2249, center_loss: 0.3529, dir_class_loss: 0.7112, dir_res_loss: 0.4882, size_class_loss: 0.2249, size_res_loss: 0.1977, loss: 5.2733, grad_norm: 7.0020
2026-05-03 18:58:19,520 - mmdet - INFO - Epoch [33][1450/1652]	lr: 8.000e-05, eta: 0:20:43, time: 0.238, data_time: 0.015, memory: 8298, vote_loss: 2.7267, objectness_loss: 0.2775, semantic_loss: 0.2172, center_loss: 0.3196, dir_class_loss: 0.6809, dir_res_loss: 0.4686, size_class_loss: 0.2172, size_res_loss: 0.2163, loss: 5.1238, grad_norm: 6.4005
2026-05-03 18:58:31,453 - mmdet - INFO - Epoch [33][1500/1652]	lr: 8.000e-05, eta: 0:20:31, time: 0.239, data_time: 0.015, memory: 8298, vote_loss: 2.8087, objectness_loss: 0.2724, semantic_loss: 0.2221, center_loss: 0.3252, dir_class_loss: 0.6873, dir_res_loss: 0.4519, size_class_loss: 0.2221, size_res_loss: 0.2172, loss: 5.2068, grad_norm: 6.8734
2026-05-03 18:58:43,489 - mmdet - INFO - Epoch [33][1550/1652]	lr: 8.000e-05, eta: 0:20:19, time: 0.241, data_time: 0.016, memory: 8298, vote_loss: 2.6961, objectness_loss: 0.2733, semantic_loss: 0.2276, center_loss: 0.3348, dir_class_loss: 0.6374, dir_res_loss: 0.4325, size_class_loss: 0.2276, size_res_loss: 0.2046, loss: 5.0337, grad_norm: 6.3562
2026-05-03 18:58:55,521 - mmdet - INFO - Epoch [33][1600/1652]	lr: 8.000e-05, eta: 0:20:07, time: 0.241, data_time: 0.016, memory: 8298, vote_loss: 2.6302, objectness_loss: 0.2619, semantic_loss: 0.2136, center_loss: 0.3035, dir_class_loss: 0.6088, dir_res_loss: 0.4240, size_class_loss: 0.2136, size_res_loss: 0.2172, loss: 4.8727, grad_norm: 6.4545
2026-05-03 18:59:07,648 - mmdet - INFO - Epoch [33][1650/1652]	lr: 8.000e-05, eta: 0:19:55, time: 0.243, data_time: 0.020, memory: 8298, vote_loss: 2.7687, objectness_loss: 0.2901, semantic_loss: 0.2002, center_loss: 0.3306, dir_class_loss: 0.7139, dir_res_loss: 0.4455, size_class_loss: 0.2002, size_res_loss: 0.2357, loss: 5.1849, grad_norm: 7.1506
2026-05-03 18:59:08,176 - mmdet - INFO - Saving checkpoint at 33 epochs
2026-05-03 18:59:23,175 - mmdet - INFO - Epoch [34][50/1652]	lr: 8.000e-05, eta: 0:19:42, time: 0.299, data_time: 0.074, memory: 8298, vote_loss: 3.0015, objectness_loss: 0.2614, semantic_loss: 0.2137, center_loss: 0.3410, dir_class_loss: 0.7222, dir_res_loss: 0.4533, size_class_loss: 0.2137, size_res_loss: 0.2219, loss: 5.4287, grad_norm: 7.5770
2026-05-03 18:59:35,155 - mmdet - INFO - Epoch [34][100/1652]	lr: 8.000e-05, eta: 0:19:30, time: 0.240, data_time: 0.016, memory: 8298, vote_loss: 2.7458, objectness_loss: 0.2800, semantic_loss: 0.2335, center_loss: 0.3150, dir_class_loss: 0.6868, dir_res_loss: 0.4511, size_class_loss: 0.2334, size_res_loss: 0.2083, loss: 5.1539, grad_norm: 6.8672
2026-05-03 18:59:47,289 - mmdet - INFO - Epoch [34][150/1652]	lr: 8.000e-05, eta: 0:19:18, time: 0.243, data_time: 0.016, memory: 8298, vote_loss: 2.6592, objectness_loss: 0.2832, semantic_loss: 0.2202, center_loss: 0.3275, dir_class_loss: 0.6552, dir_res_loss: 0.4281, size_class_loss: 0.2202, size_res_loss: 0.2160, loss: 5.0095, grad_norm: 6.9166
2026-05-03 18:59:59,344 - mmdet - INFO - Epoch [34][200/1652]	lr: 8.000e-05, eta: 0:19:06, time: 0.241, data_time: 0.016, memory: 8298, vote_loss: 2.8693, objectness_loss: 0.2778, semantic_loss: 0.2421, center_loss: 0.3513, dir_class_loss: 0.7275, dir_res_loss: 0.4349, size_class_loss: 0.2421, size_res_loss: 0.2266, loss: 5.3718, grad_norm: 6.7091
2026-05-03 19:00:11,317 - mmdet - INFO - Epoch [34][250/1652]	lr: 8.000e-05, eta: 0:18:54, time: 0.239, data_time: 0.016, memory: 8298, vote_loss: 2.6944, objectness_loss: 0.2765, semantic_loss: 0.1969, center_loss: 0.3663, dir_class_loss: 0.7306, dir_res_loss: 0.4174, size_class_loss: 0.1969, size_res_loss: 0.1967, loss: 5.0757, grad_norm: 6.7916
2026-05-03 19:00:23,273 - mmdet - INFO - Epoch [34][300/1652]	lr: 8.000e-05, eta: 0:18:42, time: 0.239, data_time: 0.016, memory: 8298, vote_loss: 2.8033, objectness_loss: 0.2928, semantic_loss: 0.2223, center_loss: 0.3156, dir_class_loss: 0.6817, dir_res_loss: 0.4597, size_class_loss: 0.2223, size_res_loss: 0.2262, loss: 5.2239, grad_norm: 6.5415
2026-05-03 19:00:35,228 - mmdet - INFO - Epoch [34][350/1652]	lr: 8.000e-05, eta: 0:18:30, time: 0.239, data_time: 0.016, memory: 8298, vote_loss: 2.7248, objectness_loss: 0.2788, semantic_loss: 0.2183, center_loss: 0.3124, dir_class_loss: 0.6758, dir_res_loss: 0.4428, size_class_loss: 0.2183, size_res_loss: 0.1886, loss: 5.0600, grad_norm: 7.0284
2026-05-03 19:00:47,206 - mmdet - INFO - Epoch [34][400/1652]	lr: 8.000e-05, eta: 0:18:18, time: 0.240, data_time: 0.016, memory: 8298, vote_loss: 2.7074, objectness_loss: 0.2936, semantic_loss: 0.2197, center_loss: 0.3148, dir_class_loss: 0.6875, dir_res_loss: 0.4513, size_class_loss: 0.2197, size_res_loss: 0.2094, loss: 5.1035, grad_norm: 6.8014
2026-05-03 19:00:59,237 - mmdet - INFO - Epoch [34][450/1652]	lr: 8.000e-05, eta: 0:18:06, time: 0.241, data_time: 0.016, memory: 8298, vote_loss: 2.7903, objectness_loss: 0.2877, semantic_loss: 0.2076, center_loss: 0.3186, dir_class_loss: 0.6535, dir_res_loss: 0.4759, size_class_loss: 0.2075, size_res_loss: 0.2077, loss: 5.1487, grad_norm: 6.7361
2026-05-03 19:01:11,302 - mmdet - INFO - Epoch [34][500/1652]	lr: 8.000e-05, eta: 0:17:54, time: 0.241, data_time: 0.016, memory: 8298, vote_loss: 2.6872, objectness_loss: 0.2890, semantic_loss: 0.2236, center_loss: 0.3240, dir_class_loss: 0.6888, dir_res_loss: 0.4223, size_class_loss: 0.2236, size_res_loss: 0.2073, loss: 5.0658, grad_norm: 6.6971
2026-05-03 19:01:23,304 - mmdet - INFO - Epoch [34][550/1652]	lr: 8.000e-05, eta: 0:17:42, time: 0.240, data_time: 0.016, memory: 8298, vote_loss: 2.8118, objectness_loss: 0.2808, semantic_loss: 0.2014, center_loss: 0.3176, dir_class_loss: 0.6566, dir_res_loss: 0.4432, size_class_loss: 0.2014, size_res_loss: 0.2059, loss: 5.1188, grad_norm: 6.4371
2026-05-03 19:01:35,327 - mmdet - INFO - Epoch [34][600/1652]	lr: 8.000e-05, eta: 0:17:30, time: 0.240, data_time: 0.016, memory: 8298, vote_loss: 2.7602, objectness_loss: 0.2872, semantic_loss: 0.2073, center_loss: 0.3087, dir_class_loss: 0.7322, dir_res_loss: 0.4689, size_class_loss: 0.2073, size_res_loss: 0.2051, loss: 5.1769, grad_norm: 6.5715
2026-05-03 19:01:47,276 - mmdet - INFO - Epoch [34][650/1652]	lr: 8.000e-05, eta: 0:17:18, time: 0.239, data_time: 0.015, memory: 8298, vote_loss: 2.8523, objectness_loss: 0.2775, semantic_loss: 0.2261, center_loss: 0.3168, dir_class_loss: 0.6961, dir_res_loss: 0.4765, size_class_loss: 0.2261, size_res_loss: 0.2111, loss: 5.2824, grad_norm: 7.0143
2026-05-03 19:01:59,295 - mmdet - INFO - Epoch [34][700/1652]	lr: 8.000e-05, eta: 0:17:06, time: 0.240, data_time: 0.016, memory: 8298, vote_loss: 2.7475, objectness_loss: 0.2685, semantic_loss: 0.2446, center_loss: 0.3340, dir_class_loss: 0.6679, dir_res_loss: 0.4869, size_class_loss: 0.2446, size_res_loss: 0.1960, loss: 5.1899, grad_norm: 7.2138
2026-05-03 19:02:11,759 - mmdet - INFO - Epoch [34][750/1652]	lr: 8.000e-05, eta: 0:16:54, time: 0.249, data_time: 0.017, memory: 8298, vote_loss: 2.6870, objectness_loss: 0.2722, semantic_loss: 0.2139, center_loss: 0.3124, dir_class_loss: 0.7299, dir_res_loss: 0.5219, size_class_loss: 0.2139, size_res_loss: 0.2058, loss: 5.1570, grad_norm: 6.7607
2026-05-03 19:02:23,954 - mmdet - INFO - Epoch [34][800/1652]	lr: 8.000e-05, eta: 0:16:41, time: 0.244, data_time: 0.016, memory: 8298, vote_loss: 2.6603, objectness_loss: 0.3184, semantic_loss: 0.2275, center_loss: 0.3337, dir_class_loss: 0.6481, dir_res_loss: 0.4369, size_class_loss: 0.2275, size_res_loss: 0.1991, loss: 5.0515, grad_norm: 6.8233
2026-05-03 19:02:36,243 - mmdet - INFO - Epoch [34][850/1652]	lr: 8.000e-05, eta: 0:16:29, time: 0.246, data_time: 0.017, memory: 8298, vote_loss: 2.8296, objectness_loss: 0.2818, semantic_loss: 0.2504, center_loss: 0.3301, dir_class_loss: 0.6950, dir_res_loss: 0.4631, size_class_loss: 0.2504, size_res_loss: 0.2426, loss: 5.3431, grad_norm: 6.4809
2026-05-03 19:02:48,297 - mmdet - INFO - Epoch [34][900/1652]	lr: 8.000e-05, eta: 0:16:17, time: 0.241, data_time: 0.016, memory: 8298, vote_loss: 2.7591, objectness_loss: 0.2652, semantic_loss: 0.2250, center_loss: 0.3413, dir_class_loss: 0.6596, dir_res_loss: 0.4423, size_class_loss: 0.2250, size_res_loss: 0.2069, loss: 5.1245, grad_norm: 6.5948
2026-05-03 19:03:00,323 - mmdet - INFO - Epoch [34][950/1652]	lr: 8.000e-05, eta: 0:16:05, time: 0.241, data_time: 0.016, memory: 8298, vote_loss: 2.8263, objectness_loss: 0.2979, semantic_loss: 0.2165, center_loss: 0.3255, dir_class_loss: 0.7469, dir_res_loss: 0.4484, size_class_loss: 0.2165, size_res_loss: 0.2071, loss: 5.2851, grad_norm: 6.9142
2026-05-03 19:03:12,312 - mmdet - INFO - Epoch [34][1000/1652]	lr: 8.000e-05, eta: 0:15:53, time: 0.240, data_time: 0.016, memory: 8298, vote_loss: 2.6857, objectness_loss: 0.2587, semantic_loss: 0.2122, center_loss: 0.3246, dir_class_loss: 0.6779, dir_res_loss: 0.4116, size_class_loss: 0.2122, size_res_loss: 0.2136, loss: 4.9965, grad_norm: 6.6687
2026-05-03 19:03:24,331 - mmdet - INFO - Epoch [34][1050/1652]	lr: 8.000e-05, eta: 0:15:41, time: 0.240, data_time: 0.016, memory: 8298, vote_loss: 2.7369, objectness_loss: 0.2802, semantic_loss: 0.2524, center_loss: 0.3541, dir_class_loss: 0.7315, dir_res_loss: 0.4506, size_class_loss: 0.2524, size_res_loss: 0.2121, loss: 5.2702, grad_norm: 7.1782
2026-05-03 19:03:36,328 - mmdet - INFO - Epoch [34][1100/1652]	lr: 8.000e-05, eta: 0:15:29, time: 0.240, data_time: 0.016, memory: 8298, vote_loss: 2.7765, objectness_loss: 0.2563, semantic_loss: 0.2273, center_loss: 0.3323, dir_class_loss: 0.7421, dir_res_loss: 0.4898, size_class_loss: 0.2273, size_res_loss: 0.2334, loss: 5.2852, grad_norm: 6.9670
2026-05-03 19:03:48,279 - mmdet - INFO - Epoch [34][1150/1652]	lr: 8.000e-05, eta: 0:15:17, time: 0.239, data_time: 0.016, memory: 8298, vote_loss: 2.7138, objectness_loss: 0.2541, semantic_loss: 0.2202, center_loss: 0.3041, dir_class_loss: 0.7034, dir_res_loss: 0.4539, size_class_loss: 0.2202, size_res_loss: 0.2176, loss: 5.0874, grad_norm: 6.8569
2026-05-03 19:04:00,268 - mmdet - INFO - Epoch [34][1200/1652]	lr: 8.000e-05, eta: 0:15:05, time: 0.240, data_time: 0.016, memory: 8298, vote_loss: 2.6820, objectness_loss: 0.2800, semantic_loss: 0.1950, center_loss: 0.3122, dir_class_loss: 0.7112, dir_res_loss: 0.4737, size_class_loss: 0.1950, size_res_loss: 0.2044, loss: 5.0534, grad_norm: 6.6117
2026-05-03 19:04:12,197 - mmdet - INFO - Epoch [34][1250/1652]	lr: 8.000e-05, eta: 0:14:53, time: 0.239, data_time: 0.016, memory: 8298, vote_loss: 2.8039, objectness_loss: 0.2833, semantic_loss: 0.2139, center_loss: 0.3141, dir_class_loss: 0.6659, dir_res_loss: 0.3963, size_class_loss: 0.2139, size_res_loss: 0.2317, loss: 5.1232, grad_norm: 6.6148
2026-05-03 19:04:24,273 - mmdet - INFO - Epoch [34][1300/1652]	lr: 8.000e-05, eta: 0:14:41, time: 0.242, data_time: 0.016, memory: 8298, vote_loss: 2.7917, objectness_loss: 0.2657, semantic_loss: 0.2158, center_loss: 0.3282, dir_class_loss: 0.6640, dir_res_loss: 0.4635, size_class_loss: 0.2158, size_res_loss: 0.2134, loss: 5.1582, grad_norm: 6.7681
2026-05-03 19:04:36,274 - mmdet - INFO - Epoch [34][1350/1652]	lr: 8.000e-05, eta: 0:14:29, time: 0.240, data_time: 0.016, memory: 8298, vote_loss: 2.7192, objectness_loss: 0.2839, semantic_loss: 0.2276, center_loss: 0.3442, dir_class_loss: 0.6960, dir_res_loss: 0.4697, size_class_loss: 0.2276, size_res_loss: 0.2225, loss: 5.1908, grad_norm: 7.2478
2026-05-03 19:04:48,222 - mmdet - INFO - Epoch [34][1400/1652]	lr: 8.000e-05, eta: 0:14:17, time: 0.239, data_time: 0.016, memory: 8298, vote_loss: 2.6999, objectness_loss: 0.2853, semantic_loss: 0.2512, center_loss: 0.4204, dir_class_loss: 0.7411, dir_res_loss: 0.5017, size_class_loss: 0.2513, size_res_loss: 0.2104, loss: 5.3612, grad_norm: 6.9956
2026-05-03 19:05:00,157 - mmdet - INFO - Epoch [34][1450/1652]	lr: 8.000e-05, eta: 0:14:05, time: 0.239, data_time: 0.016, memory: 8298, vote_loss: 2.7107, objectness_loss: 0.3008, semantic_loss: 0.2207, center_loss: 0.3248, dir_class_loss: 0.6953, dir_res_loss: 0.5021, size_class_loss: 0.2207, size_res_loss: 0.2195, loss: 5.1947, grad_norm: 6.3855
2026-05-03 19:05:12,166 - mmdet - INFO - Epoch [34][1500/1652]	lr: 8.000e-05, eta: 0:13:53, time: 0.240, data_time: 0.016, memory: 8298, vote_loss: 2.7622, objectness_loss: 0.2844, semantic_loss: 0.2361, center_loss: 0.3290, dir_class_loss: 0.6851, dir_res_loss: 0.4966, size_class_loss: 0.2361, size_res_loss: 0.2108, loss: 5.2404, grad_norm: 6.4725
2026-05-03 19:05:24,096 - mmdet - INFO - Epoch [34][1550/1652]	lr: 8.000e-05, eta: 0:13:41, time: 0.239, data_time: 0.016, memory: 8298, vote_loss: 2.8562, objectness_loss: 0.2858, semantic_loss: 0.2137, center_loss: 0.2996, dir_class_loss: 0.7052, dir_res_loss: 0.4785, size_class_loss: 0.2137, size_res_loss: 0.2522, loss: 5.3048, grad_norm: 6.7968
2026-05-03 19:05:36,017 - mmdet - INFO - Epoch [34][1600/1652]	lr: 8.000e-05, eta: 0:13:29, time: 0.238, data_time: 0.016, memory: 8298, vote_loss: 2.7856, objectness_loss: 0.2747, semantic_loss: 0.2121, center_loss: 0.2882, dir_class_loss: 0.7319, dir_res_loss: 0.4179, size_class_loss: 0.2121, size_res_loss: 0.2338, loss: 5.1562, grad_norm: 6.4719
2026-05-03 19:05:48,001 - mmdet - INFO - Epoch [34][1650/1652]	lr: 8.000e-05, eta: 0:13:16, time: 0.240, data_time: 0.016, memory: 8298, vote_loss: 2.7699, objectness_loss: 0.2690, semantic_loss: 0.2460, center_loss: 0.3526, dir_class_loss: 0.7238, dir_res_loss: 0.4843, size_class_loss: 0.2460, size_res_loss: 0.1935, loss: 5.2850, grad_norm: 6.9877
2026-05-03 19:05:48,538 - mmdet - INFO - Saving checkpoint at 34 epochs
2026-05-03 19:06:03,487 - mmdet - INFO - Epoch [35][50/1652]	lr: 8.000e-05, eta: 0:13:04, time: 0.298, data_time: 0.073, memory: 8298, vote_loss: 2.8119, objectness_loss: 0.2846, semantic_loss: 0.2273, center_loss: 0.3262, dir_class_loss: 0.7084, dir_res_loss: 0.4351, size_class_loss: 0.2273, size_res_loss: 0.2317, loss: 5.2524, grad_norm: 6.9879
2026-05-03 19:06:15,572 - mmdet - INFO - Epoch [35][100/1652]	lr: 8.000e-05, eta: 0:12:52, time: 0.242, data_time: 0.016, memory: 8298, vote_loss: 2.7867, objectness_loss: 0.2888, semantic_loss: 0.2077, center_loss: 0.3231, dir_class_loss: 0.7017, dir_res_loss: 0.4831, size_class_loss: 0.2077, size_res_loss: 0.2153, loss: 5.2141, grad_norm: 6.2371
2026-05-03 19:06:27,586 - mmdet - INFO - Epoch [35][150/1652]	lr: 8.000e-05, eta: 0:12:40, time: 0.240, data_time: 0.016, memory: 8298, vote_loss: 2.7986, objectness_loss: 0.2852, semantic_loss: 0.2586, center_loss: 0.3438, dir_class_loss: 0.7749, dir_res_loss: 0.4733, size_class_loss: 0.2586, size_res_loss: 0.2170, loss: 5.4101, grad_norm: 6.8553
2026-05-03 19:06:39,591 - mmdet - INFO - Epoch [35][200/1652]	lr: 8.000e-05, eta: 0:12:28, time: 0.240, data_time: 0.016, memory: 8298, vote_loss: 2.7774, objectness_loss: 0.2731, semantic_loss: 0.2107, center_loss: 0.3207, dir_class_loss: 0.6820, dir_res_loss: 0.4154, size_class_loss: 0.2107, size_res_loss: 0.2166, loss: 5.1067, grad_norm: 6.4904
2026-05-03 19:06:51,600 - mmdet - INFO - Epoch [35][250/1652]	lr: 8.000e-05, eta: 0:12:16, time: 0.240, data_time: 0.016, memory: 8298, vote_loss: 2.7902, objectness_loss: 0.2589, semantic_loss: 0.2133, center_loss: 0.3409, dir_class_loss: 0.6863, dir_res_loss: 0.4613, size_class_loss: 0.2133, size_res_loss: 0.1974, loss: 5.1615, grad_norm: 7.0077
2026-05-03 19:07:03,590 - mmdet - INFO - Epoch [35][300/1652]	lr: 8.000e-05, eta: 0:12:04, time: 0.240, data_time: 0.016, memory: 8298, vote_loss: 2.7166, objectness_loss: 0.2781, semantic_loss: 0.2171, center_loss: 0.3200, dir_class_loss: 0.6995, dir_res_loss: 0.4287, size_class_loss: 0.2171, size_res_loss: 0.2205, loss: 5.0976, grad_norm: 6.5690
2026-05-03 19:07:15,646 - mmdet - INFO - Epoch [35][350/1652]	lr: 8.000e-05, eta: 0:11:52, time: 0.241, data_time: 0.016, memory: 8298, vote_loss: 2.6694, objectness_loss: 0.2757, semantic_loss: 0.2296, center_loss: 0.3675, dir_class_loss: 0.6684, dir_res_loss: 0.4462, size_class_loss: 0.2296, size_res_loss: 0.1976, loss: 5.0838, grad_norm: 6.3856
2026-05-03 19:07:27,626 - mmdet - INFO - Epoch [35][400/1652]	lr: 8.000e-05, eta: 0:11:40, time: 0.240, data_time: 0.016, memory: 8298, vote_loss: 2.7495, objectness_loss: 0.2704, semantic_loss: 0.2280, center_loss: 0.3113, dir_class_loss: 0.7338, dir_res_loss: 0.4753, size_class_loss: 0.2280, size_res_loss: 0.1891, loss: 5.1854, grad_norm: 7.0131
2026-05-03 19:07:39,608 - mmdet - INFO - Epoch [35][450/1652]	lr: 8.000e-05, eta: 0:11:28, time: 0.240, data_time: 0.016, memory: 8298, vote_loss: 2.7157, objectness_loss: 0.2823, semantic_loss: 0.2275, center_loss: 0.3076, dir_class_loss: 0.7781, dir_res_loss: 0.4448, size_class_loss: 0.2275, size_res_loss: 0.2221, loss: 5.2057, grad_norm: 7.0017
2026-05-03 19:07:51,606 - mmdet - INFO - Epoch [35][500/1652]	lr: 8.000e-05, eta: 0:11:16, time: 0.240, data_time: 0.016, memory: 8298, vote_loss: 2.8372, objectness_loss: 0.2959, semantic_loss: 0.2146, center_loss: 0.3337, dir_class_loss: 0.6784, dir_res_loss: 0.4258, size_class_loss: 0.2146, size_res_loss: 0.1953, loss: 5.1955, grad_norm: 6.5880
2026-05-03 19:08:03,557 - mmdet - INFO - Epoch [35][550/1652]	lr: 8.000e-05, eta: 0:11:04, time: 0.239, data_time: 0.016, memory: 8298, vote_loss: 2.7518, objectness_loss: 0.2837, semantic_loss: 0.2279, center_loss: 0.3239, dir_class_loss: 0.6793, dir_res_loss: 0.4336, size_class_loss: 0.2279, size_res_loss: 0.2079, loss: 5.1361, grad_norm: 6.6124
2026-05-03 19:08:15,590 - mmdet - INFO - Epoch [35][600/1652]	lr: 8.000e-05, eta: 0:10:51, time: 0.241, data_time: 0.016, memory: 8298, vote_loss: 2.7487, objectness_loss: 0.2695, semantic_loss: 0.2064, center_loss: 0.3088, dir_class_loss: 0.6484, dir_res_loss: 0.4312, size_class_loss: 0.2064, size_res_loss: 0.2376, loss: 5.0570, grad_norm: 6.7308
2026-05-03 19:08:27,588 - mmdet - INFO - Epoch [35][650/1652]	lr: 8.000e-05, eta: 0:10:39, time: 0.240, data_time: 0.016, memory: 8298, vote_loss: 2.7032, objectness_loss: 0.3225, semantic_loss: 0.1852, center_loss: 0.3226, dir_class_loss: 0.7478, dir_res_loss: 0.4792, size_class_loss: 0.1852, size_res_loss: 0.2126, loss: 5.1584, grad_norm: 6.7194
2026-05-03 19:08:39,613 - mmdet - INFO - Epoch [35][700/1652]	lr: 8.000e-05, eta: 0:10:27, time: 0.240, data_time: 0.016, memory: 8298, vote_loss: 2.7911, objectness_loss: 0.2989, semantic_loss: 0.1972, center_loss: 0.3280, dir_class_loss: 0.6585, dir_res_loss: 0.5082, size_class_loss: 0.1972, size_res_loss: 0.2439, loss: 5.2229, grad_norm: 6.6045
2026-05-03 19:08:51,589 - mmdet - INFO - Epoch [35][750/1652]	lr: 8.000e-05, eta: 0:10:15, time: 0.240, data_time: 0.016, memory: 8298, vote_loss: 2.7076, objectness_loss: 0.2906, semantic_loss: 0.2178, center_loss: 0.3340, dir_class_loss: 0.7411, dir_res_loss: 0.5027, size_class_loss: 0.2178, size_res_loss: 0.2195, loss: 5.2311, grad_norm: 6.6646
2026-05-03 19:09:03,624 - mmdet - INFO - Epoch [35][800/1652]	lr: 8.000e-05, eta: 0:10:03, time: 0.241, data_time: 0.017, memory: 8298, vote_loss: 2.7745, objectness_loss: 0.2821, semantic_loss: 0.2262, center_loss: 0.3247, dir_class_loss: 0.7233, dir_res_loss: 0.4520, size_class_loss: 0.2262, size_res_loss: 0.2599, loss: 5.2689, grad_norm: 7.2235
2026-05-03 19:09:15,610 - mmdet - INFO - Epoch [35][850/1652]	lr: 8.000e-05, eta: 0:09:51, time: 0.240, data_time: 0.017, memory: 8298, vote_loss: 2.7916, objectness_loss: 0.2922, semantic_loss: 0.2344, center_loss: 0.3242, dir_class_loss: 0.6557, dir_res_loss: 0.4134, size_class_loss: 0.2344, size_res_loss: 0.2237, loss: 5.1696, grad_norm: 7.3114
2026-05-03 19:09:27,582 - mmdet - INFO - Epoch [35][900/1652]	lr: 8.000e-05, eta: 0:09:39, time: 0.239, data_time: 0.016, memory: 8298, vote_loss: 2.7909, objectness_loss: 0.2885, semantic_loss: 0.2382, center_loss: 0.3356, dir_class_loss: 0.6478, dir_res_loss: 0.4428, size_class_loss: 0.2382, size_res_loss: 0.1988, loss: 5.1807, grad_norm: 6.7183
2026-05-03 19:09:39,478 - mmdet - INFO - Epoch [35][950/1652]	lr: 8.000e-05, eta: 0:09:27, time: 0.238, data_time: 0.016, memory: 8298, vote_loss: 2.6744, objectness_loss: 0.2716, semantic_loss: 0.2506, center_loss: 0.3137, dir_class_loss: 0.6818, dir_res_loss: 0.4138, size_class_loss: 0.2506, size_res_loss: 0.2116, loss: 5.0679, grad_norm: 6.8227
2026-05-03 19:09:51,371 - mmdet - INFO - Epoch [35][1000/1652]	lr: 8.000e-05, eta: 0:09:15, time: 0.238, data_time: 0.016, memory: 8298, vote_loss: 2.7232, objectness_loss: 0.2771, semantic_loss: 0.2314, center_loss: 0.3338, dir_class_loss: 0.6794, dir_res_loss: 0.4378, size_class_loss: 0.2314, size_res_loss: 0.2066, loss: 5.1210, grad_norm: 6.9498
2026-05-03 19:10:03,183 - mmdet - INFO - Epoch [35][1050/1652]	lr: 8.000e-05, eta: 0:09:03, time: 0.236, data_time: 0.015, memory: 8298, vote_loss: 2.8348, objectness_loss: 0.2706, semantic_loss: 0.2283, center_loss: 0.3242, dir_class_loss: 0.7539, dir_res_loss: 0.5092, size_class_loss: 0.2283, size_res_loss: 0.2266, loss: 5.3759, grad_norm: 7.2131
2026-05-03 19:10:15,359 - mmdet - INFO - Epoch [35][1100/1652]	lr: 8.000e-05, eta: 0:08:51, time: 0.244, data_time: 0.020, memory: 8298, vote_loss: 2.8225, objectness_loss: 0.2849, semantic_loss: 0.2191, center_loss: 0.3130, dir_class_loss: 0.7349, dir_res_loss: 0.4529, size_class_loss: 0.2191, size_res_loss: 0.2090, loss: 5.2554, grad_norm: 6.3386
2026-05-03 19:10:27,373 - mmdet - INFO - Epoch [35][1150/1652]	lr: 8.000e-05, eta: 0:08:39, time: 0.240, data_time: 0.016, memory: 8298, vote_loss: 2.8108, objectness_loss: 0.2679, semantic_loss: 0.2099, center_loss: 0.3386, dir_class_loss: 0.7327, dir_res_loss: 0.4521, size_class_loss: 0.2099, size_res_loss: 0.2269, loss: 5.2487, grad_norm: 6.9913
2026-05-03 19:10:39,327 - mmdet - INFO - Epoch [35][1200/1652]	lr: 8.000e-05, eta: 0:08:27, time: 0.239, data_time: 0.016, memory: 8298, vote_loss: 2.7583, objectness_loss: 0.2751, semantic_loss: 0.2264, center_loss: 0.3101, dir_class_loss: 0.7010, dir_res_loss: 0.4240, size_class_loss: 0.2264, size_res_loss: 0.2123, loss: 5.1334, grad_norm: 6.3888
2026-05-03 19:10:51,283 - mmdet - INFO - Epoch [35][1250/1652]	lr: 8.000e-05, eta: 0:08:15, time: 0.239, data_time: 0.016, memory: 8298, vote_loss: 2.7184, objectness_loss: 0.2605, semantic_loss: 0.2213, center_loss: 0.3148, dir_class_loss: 0.6996, dir_res_loss: 0.5024, size_class_loss: 0.2213, size_res_loss: 0.2249, loss: 5.1633, grad_norm: 6.8590
2026-05-03 19:11:03,306 - mmdet - INFO - Epoch [35][1300/1652]	lr: 8.000e-05, eta: 0:08:03, time: 0.240, data_time: 0.016, memory: 8298, vote_loss: 2.8084, objectness_loss: 0.2736, semantic_loss: 0.1969, center_loss: 0.3443, dir_class_loss: 0.6748, dir_res_loss: 0.4844, size_class_loss: 0.1968, size_res_loss: 0.2373, loss: 5.2164, grad_norm: 6.9950
2026-05-03 19:11:15,310 - mmdet - INFO - Epoch [35][1350/1652]	lr: 8.000e-05, eta: 0:07:51, time: 0.240, data_time: 0.016, memory: 8298, vote_loss: 2.5972, objectness_loss: 0.2719, semantic_loss: 0.2563, center_loss: 0.3493, dir_class_loss: 0.7242, dir_res_loss: 0.4560, size_class_loss: 0.2563, size_res_loss: 0.2040, loss: 5.1152, grad_norm: 6.8036
2026-05-03 19:11:27,280 - mmdet - INFO - Epoch [35][1400/1652]	lr: 8.000e-05, eta: 0:07:39, time: 0.239, data_time: 0.016, memory: 8298, vote_loss: 2.7503, objectness_loss: 0.2803, semantic_loss: 0.2204, center_loss: 0.3072, dir_class_loss: 0.6913, dir_res_loss: 0.4549, size_class_loss: 0.2204, size_res_loss: 0.2130, loss: 5.1377, grad_norm: 6.5234
2026-05-03 19:11:39,172 - mmdet - INFO - Epoch [35][1450/1652]	lr: 8.000e-05, eta: 0:07:26, time: 0.238, data_time: 0.016, memory: 8298, vote_loss: 2.7255, objectness_loss: 0.2533, semantic_loss: 0.2249, center_loss: 0.3241, dir_class_loss: 0.6864, dir_res_loss: 0.4409, size_class_loss: 0.2249, size_res_loss: 0.1919, loss: 5.0720, grad_norm: 6.9685
2026-05-03 19:11:51,095 - mmdet - INFO - Epoch [35][1500/1652]	lr: 8.000e-05, eta: 0:07:14, time: 0.238, data_time: 0.016, memory: 8298, vote_loss: 2.7493, objectness_loss: 0.2783, semantic_loss: 0.2207, center_loss: 0.3303, dir_class_loss: 0.7323, dir_res_loss: 0.4828, size_class_loss: 0.2207, size_res_loss: 0.2015, loss: 5.2158, grad_norm: 7.0359
2026-05-03 19:12:03,020 - mmdet - INFO - Epoch [35][1550/1652]	lr: 8.000e-05, eta: 0:07:02, time: 0.238, data_time: 0.016, memory: 8298, vote_loss: 2.7062, objectness_loss: 0.2991, semantic_loss: 0.2484, center_loss: 0.3285, dir_class_loss: 0.7083, dir_res_loss: 0.4329, size_class_loss: 0.2484, size_res_loss: 0.2046, loss: 5.1763, grad_norm: 6.9814
2026-05-03 19:12:15,019 - mmdet - INFO - Epoch [35][1600/1652]	lr: 8.000e-05, eta: 0:06:50, time: 0.240, data_time: 0.016, memory: 8298, vote_loss: 2.6757, objectness_loss: 0.2729, semantic_loss: 0.2180, center_loss: 0.3164, dir_class_loss: 0.6665, dir_res_loss: 0.4903, size_class_loss: 0.2180, size_res_loss: 0.2073, loss: 5.0651, grad_norm: 6.8622
2026-05-03 19:12:27,019 - mmdet - INFO - Epoch [35][1650/1652]	lr: 8.000e-05, eta: 0:06:38, time: 0.240, data_time: 0.016, memory: 8298, vote_loss: 2.8854, objectness_loss: 0.2943, semantic_loss: 0.2253, center_loss: 0.3401, dir_class_loss: 0.7128, dir_res_loss: 0.4688, size_class_loss: 0.2253, size_res_loss: 0.2397, loss: 5.3917, grad_norm: 7.1024
2026-05-03 19:12:27,531 - mmdet - INFO - Saving checkpoint at 35 epochs
2026-05-03 19:12:42,529 - mmdet - INFO - Epoch [36][50/1652]	lr: 8.000e-05, eta: 0:06:26, time: 0.299, data_time: 0.073, memory: 8298, vote_loss: 2.7820, objectness_loss: 0.2897, semantic_loss: 0.2361, center_loss: 0.3212, dir_class_loss: 0.6907, dir_res_loss: 0.4702, size_class_loss: 0.2361, size_res_loss: 0.2006, loss: 5.2265, grad_norm: 7.2322
2026-05-03 19:12:54,512 - mmdet - INFO - Epoch [36][100/1652]	lr: 8.000e-05, eta: 0:06:14, time: 0.240, data_time: 0.016, memory: 8298, vote_loss: 2.6785, objectness_loss: 0.2720, semantic_loss: 0.2639, center_loss: 0.3884, dir_class_loss: 0.6874, dir_res_loss: 0.4300, size_class_loss: 0.2639, size_res_loss: 0.2097, loss: 5.1939, grad_norm: 7.0540
2026-05-03 19:13:06,542 - mmdet - INFO - Epoch [36][150/1652]	lr: 8.000e-05, eta: 0:06:02, time: 0.241, data_time: 0.016, memory: 8298, vote_loss: 2.8126, objectness_loss: 0.2594, semantic_loss: 0.2119, center_loss: 0.3338, dir_class_loss: 0.6829, dir_res_loss: 0.4563, size_class_loss: 0.2119, size_res_loss: 0.2154, loss: 5.1843, grad_norm: 7.1845
2026-05-03 19:13:18,585 - mmdet - INFO - Epoch [36][200/1652]	lr: 8.000e-05, eta: 0:05:50, time: 0.241, data_time: 0.016, memory: 8298, vote_loss: 2.7098, objectness_loss: 0.2804, semantic_loss: 0.2217, center_loss: 0.3199, dir_class_loss: 0.6906, dir_res_loss: 0.4631, size_class_loss: 0.2217, size_res_loss: 0.2206, loss: 5.1279, grad_norm: 6.9828
2026-05-03 19:13:30,589 - mmdet - INFO - Epoch [36][250/1652]	lr: 8.000e-05, eta: 0:05:38, time: 0.240, data_time: 0.016, memory: 8298, vote_loss: 2.7554, objectness_loss: 0.2700, semantic_loss: 0.2481, center_loss: 0.3426, dir_class_loss: 0.6653, dir_res_loss: 0.4112, size_class_loss: 0.2481, size_res_loss: 0.2079, loss: 5.1488, grad_norm: 6.9236
2026-05-03 19:13:42,594 - mmdet - INFO - Epoch [36][300/1652]	lr: 8.000e-05, eta: 0:05:25, time: 0.240, data_time: 0.016, memory: 8298, vote_loss: 2.7905, objectness_loss: 0.2843, semantic_loss: 0.2155, center_loss: 0.3255, dir_class_loss: 0.7290, dir_res_loss: 0.4612, size_class_loss: 0.2155, size_res_loss: 0.2129, loss: 5.2344, grad_norm: 6.8427
2026-05-03 19:13:54,626 - mmdet - INFO - Epoch [36][350/1652]	lr: 8.000e-05, eta: 0:05:13, time: 0.241, data_time: 0.016, memory: 8298, vote_loss: 2.7325, objectness_loss: 0.2850, semantic_loss: 0.2425, center_loss: 0.3258, dir_class_loss: 0.6892, dir_res_loss: 0.4140, size_class_loss: 0.2425, size_res_loss: 0.1973, loss: 5.1289, grad_norm: 6.8258
2026-05-03 19:14:06,568 - mmdet - INFO - Epoch [36][400/1652]	lr: 8.000e-05, eta: 0:05:01, time: 0.239, data_time: 0.016, memory: 8298, vote_loss: 2.7369, objectness_loss: 0.2899, semantic_loss: 0.2299, center_loss: 0.3131, dir_class_loss: 0.7371, dir_res_loss: 0.4556, size_class_loss: 0.2299, size_res_loss: 0.1992, loss: 5.1915, grad_norm: 7.2664
2026-05-03 19:14:18,568 - mmdet - INFO - Epoch [36][450/1652]	lr: 8.000e-05, eta: 0:04:49, time: 0.240, data_time: 0.016, memory: 8298, vote_loss: 2.8841, objectness_loss: 0.2800, semantic_loss: 0.2583, center_loss: 0.3248, dir_class_loss: 0.7414, dir_res_loss: 0.4650, size_class_loss: 0.2583, size_res_loss: 0.2431, loss: 5.4551, grad_norm: 6.7270
2026-05-03 19:14:30,600 - mmdet - INFO - Epoch [36][500/1652]	lr: 8.000e-05, eta: 0:04:37, time: 0.241, data_time: 0.016, memory: 8298, vote_loss: 2.7658, objectness_loss: 0.2883, semantic_loss: 0.2171, center_loss: 0.3050, dir_class_loss: 0.7620, dir_res_loss: 0.4786, size_class_loss: 0.2171, size_res_loss: 0.1849, loss: 5.2188, grad_norm: 6.9943
2026-05-03 19:14:42,565 - mmdet - INFO - Epoch [36][550/1652]	lr: 8.000e-05, eta: 0:04:25, time: 0.239, data_time: 0.016, memory: 8298, vote_loss: 2.6853, objectness_loss: 0.2926, semantic_loss: 0.2212, center_loss: 0.3045, dir_class_loss: 0.6532, dir_res_loss: 0.4179, size_class_loss: 0.2212, size_res_loss: 0.2062, loss: 5.0021, grad_norm: 6.8636
2026-05-03 19:14:54,584 - mmdet - INFO - Epoch [36][600/1652]	lr: 8.000e-05, eta: 0:04:13, time: 0.240, data_time: 0.016, memory: 8298, vote_loss: 2.9105, objectness_loss: 0.2927, semantic_loss: 0.2210, center_loss: 0.3223, dir_class_loss: 0.7407, dir_res_loss: 0.4497, size_class_loss: 0.2209, size_res_loss: 0.2229, loss: 5.3807, grad_norm: 6.4252
2026-05-03 19:15:06,610 - mmdet - INFO - Epoch [36][650/1652]	lr: 8.000e-05, eta: 0:04:01, time: 0.241, data_time: 0.016, memory: 8298, vote_loss: 2.7239, objectness_loss: 0.2781, semantic_loss: 0.2080, center_loss: 0.3162, dir_class_loss: 0.7166, dir_res_loss: 0.4637, size_class_loss: 0.2080, size_res_loss: 0.1955, loss: 5.1101, grad_norm: 6.5404
2026-05-03 19:15:18,574 - mmdet - INFO - Epoch [36][700/1652]	lr: 8.000e-05, eta: 0:03:49, time: 0.239, data_time: 0.016, memory: 8298, vote_loss: 2.7823, objectness_loss: 0.2615, semantic_loss: 0.2214, center_loss: 0.2982, dir_class_loss: 0.7585, dir_res_loss: 0.4094, size_class_loss: 0.2214, size_res_loss: 0.2315, loss: 5.1842, grad_norm: 6.8575
2026-05-03 19:15:30,559 - mmdet - INFO - Epoch [36][750/1652]	lr: 8.000e-05, eta: 0:03:37, time: 0.240, data_time: 0.016, memory: 8298, vote_loss: 2.8703, objectness_loss: 0.2874, semantic_loss: 0.2044, center_loss: 0.3528, dir_class_loss: 0.7088, dir_res_loss: 0.4700, size_class_loss: 0.2044, size_res_loss: 0.2359, loss: 5.3338, grad_norm: 6.9217
2026-05-03 19:15:42,523 - mmdet - INFO - Epoch [36][800/1652]	lr: 8.000e-05, eta: 0:03:25, time: 0.239, data_time: 0.016, memory: 8298, vote_loss: 2.6585, objectness_loss: 0.2691, semantic_loss: 0.2502, center_loss: 0.3360, dir_class_loss: 0.7247, dir_res_loss: 0.4771, size_class_loss: 0.2502, size_res_loss: 0.2039, loss: 5.1698, grad_norm: 6.9593
2026-05-03 19:15:54,538 - mmdet - INFO - Epoch [36][850/1652]	lr: 8.000e-05, eta: 0:03:13, time: 0.240, data_time: 0.016, memory: 8298, vote_loss: 2.6801, objectness_loss: 0.2859, semantic_loss: 0.2183, center_loss: 0.3076, dir_class_loss: 0.6400, dir_res_loss: 0.4319, size_class_loss: 0.2183, size_res_loss: 0.2146, loss: 4.9968, grad_norm: 6.9583
2026-05-03 19:16:06,458 - mmdet - INFO - Epoch [36][900/1652]	lr: 8.000e-05, eta: 0:03:01, time: 0.238, data_time: 0.016, memory: 8298, vote_loss: 2.8769, objectness_loss: 0.2678, semantic_loss: 0.2218, center_loss: 0.3339, dir_class_loss: 0.7743, dir_res_loss: 0.4587, size_class_loss: 0.2218, size_res_loss: 0.2183, loss: 5.3736, grad_norm: 7.1258
2026-05-03 19:16:18,382 - mmdet - INFO - Epoch [36][950/1652]	lr: 8.000e-05, eta: 0:02:49, time: 0.238, data_time: 0.016, memory: 8298, vote_loss: 2.7460, objectness_loss: 0.2760, semantic_loss: 0.2364, center_loss: 0.3227, dir_class_loss: 0.7213, dir_res_loss: 0.5137, size_class_loss: 0.2364, size_res_loss: 0.2155, loss: 5.2681, grad_norm: 6.6908
2026-05-03 19:16:30,274 - mmdet - INFO - Epoch [36][1000/1652]	lr: 8.000e-05, eta: 0:02:37, time: 0.238, data_time: 0.016, memory: 8298, vote_loss: 2.6945, objectness_loss: 0.2654, semantic_loss: 0.2077, center_loss: 0.3201, dir_class_loss: 0.6967, dir_res_loss: 0.4519, size_class_loss: 0.2077, size_res_loss: 0.2330, loss: 5.0770, grad_norm: 7.0291
2026-05-03 19:16:42,283 - mmdet - INFO - Epoch [36][1050/1652]	lr: 8.000e-05, eta: 0:02:25, time: 0.240, data_time: 0.016, memory: 8298, vote_loss: 2.6978, objectness_loss: 0.2635, semantic_loss: 0.2025, center_loss: 0.3445, dir_class_loss: 0.6681, dir_res_loss: 0.4448, size_class_loss: 0.2025, size_res_loss: 0.1934, loss: 5.0172, grad_norm: 6.4814
2026-05-03 19:16:54,251 - mmdet - INFO - Epoch [36][1100/1652]	lr: 8.000e-05, eta: 0:02:13, time: 0.239, data_time: 0.016, memory: 8298, vote_loss: 2.7923, objectness_loss: 0.2835, semantic_loss: 0.2445, center_loss: 0.3332, dir_class_loss: 0.7474, dir_res_loss: 0.5032, size_class_loss: 0.2445, size_res_loss: 0.2196, loss: 5.3683, grad_norm: 6.7248
2026-05-03 19:17:06,323 - mmdet - INFO - Epoch [36][1150/1652]	lr: 8.000e-05, eta: 0:02:01, time: 0.241, data_time: 0.016, memory: 8298, vote_loss: 2.7702, objectness_loss: 0.2668, semantic_loss: 0.2260, center_loss: 0.3140, dir_class_loss: 0.7023, dir_res_loss: 0.4800, size_class_loss: 0.2260, size_res_loss: 0.2293, loss: 5.2145, grad_norm: 6.4963
2026-05-03 19:17:18,217 - mmdet - INFO - Epoch [36][1200/1652]	lr: 8.000e-05, eta: 0:01:48, time: 0.238, data_time: 0.016, memory: 8298, vote_loss: 2.8412, objectness_loss: 0.2858, semantic_loss: 0.2161, center_loss: 0.3178, dir_class_loss: 0.6667, dir_res_loss: 0.4275, size_class_loss: 0.2161, size_res_loss: 0.2612, loss: 5.2324, grad_norm: 6.9308
2026-05-03 19:17:30,168 - mmdet - INFO - Epoch [36][1250/1652]	lr: 8.000e-05, eta: 0:01:36, time: 0.239, data_time: 0.016, memory: 8298, vote_loss: 2.7727, objectness_loss: 0.2754, semantic_loss: 0.2400, center_loss: 0.3242, dir_class_loss: 0.6636, dir_res_loss: 0.4693, size_class_loss: 0.2400, size_res_loss: 0.2167, loss: 5.2019, grad_norm: 6.8771
2026-05-03 19:17:42,023 - mmdet - INFO - Epoch [36][1300/1652]	lr: 8.000e-05, eta: 0:01:24, time: 0.237, data_time: 0.016, memory: 8298, vote_loss: 2.6868, objectness_loss: 0.2822, semantic_loss: 0.2240, center_loss: 0.3097, dir_class_loss: 0.7001, dir_res_loss: 0.4244, size_class_loss: 0.2240, size_res_loss: 0.2151, loss: 5.0664, grad_norm: 6.5963
2026-05-03 19:17:53,857 - mmdet - INFO - Epoch [36][1350/1652]	lr: 8.000e-05, eta: 0:01:12, time: 0.237, data_time: 0.016, memory: 8298, vote_loss: 2.8051, objectness_loss: 0.2644, semantic_loss: 0.2327, center_loss: 0.4370, dir_class_loss: 0.6620, dir_res_loss: 0.5101, size_class_loss: 0.2327, size_res_loss: 0.2064, loss: 5.3504, grad_norm: 7.1524
2026-05-03 19:18:05,715 - mmdet - INFO - Epoch [36][1400/1652]	lr: 8.000e-05, eta: 0:01:00, time: 0.237, data_time: 0.015, memory: 8298, vote_loss: 2.6855, objectness_loss: 0.3019, semantic_loss: 0.2044, center_loss: 0.3110, dir_class_loss: 0.6705, dir_res_loss: 0.4770, size_class_loss: 0.2044, size_res_loss: 0.2256, loss: 5.0803, grad_norm: 6.5857
2026-05-03 19:18:17,558 - mmdet - INFO - Epoch [36][1450/1652]	lr: 8.000e-05, eta: 0:00:48, time: 0.237, data_time: 0.016, memory: 8298, vote_loss: 2.7279, objectness_loss: 0.2711, semantic_loss: 0.1776, center_loss: 0.3165, dir_class_loss: 0.6682, dir_res_loss: 0.4877, size_class_loss: 0.1776, size_res_loss: 0.1966, loss: 5.0232, grad_norm: 6.8118
2026-05-03 19:18:29,480 - mmdet - INFO - Epoch [36][1500/1652]	lr: 8.000e-05, eta: 0:00:36, time: 0.238, data_time: 0.016, memory: 8298, vote_loss: 2.6816, objectness_loss: 0.2848, semantic_loss: 0.2034, center_loss: 0.3109, dir_class_loss: 0.6558, dir_res_loss: 0.4416, size_class_loss: 0.2034, size_res_loss: 0.2075, loss: 4.9891, grad_norm: 6.6462
2026-05-03 19:18:41,376 - mmdet - INFO - Epoch [36][1550/1652]	lr: 8.000e-05, eta: 0:00:24, time: 0.238, data_time: 0.015, memory: 8298, vote_loss: 2.7813, objectness_loss: 0.2647, semantic_loss: 0.2433, center_loss: 0.3303, dir_class_loss: 0.7309, dir_res_loss: 0.4574, size_class_loss: 0.2433, size_res_loss: 0.2193, loss: 5.2705, grad_norm: 6.7922
2026-05-03 19:18:53,263 - mmdet - INFO - Epoch [36][1600/1652]	lr: 8.000e-05, eta: 0:00:12, time: 0.238, data_time: 0.016, memory: 8298, vote_loss: 2.7512, objectness_loss: 0.2669, semantic_loss: 0.2100, center_loss: 0.3447, dir_class_loss: 0.6693, dir_res_loss: 0.4292, size_class_loss: 0.2100, size_res_loss: 0.2277, loss: 5.1092, grad_norm: 7.3823
2026-05-03 19:19:05,194 - mmdet - INFO - Epoch [36][1650/1652]	lr: 8.000e-05, eta: 0:00:00, time: 0.239, data_time: 0.016, memory: 8298, vote_loss: 2.8542, objectness_loss: 0.3126, semantic_loss: 0.2128, center_loss: 0.3362, dir_class_loss: 0.6963, dir_res_loss: 0.4621, size_class_loss: 0.2128, size_res_loss: 0.2253, loss: 5.3123, grad_norm: 6.6771
2026-05-03 19:19:05,714 - mmdet - INFO - Saving checkpoint at 36 epochs
2026-05-03 19:26:01,584 - mmdet - INFO - 
+-------------+---------+---------+---------+---------+
| classes     | AP_0.25 | AR_0.25 | AP_0.50 | AR_0.50 |
+-------------+---------+---------+---------+---------+
| bed         | 0.8610  | 0.9631  | 0.5395  | 0.6816  |
| table       | 0.5359  | 0.8650  | 0.2491  | 0.4710  |
| sofa        | 0.6594  | 0.9027  | 0.4913  | 0.6651  |
| chair       | 0.7862  | 0.8986  | 0.5828  | 0.7000  |
| toilet      | 0.8830  | 0.9862  | 0.6606  | 0.7655  |
| desk        | 0.2647  | 0.8172  | 0.0558  | 0.2997  |
| dresser     | 0.3279  | 0.8073  | 0.1567  | 0.4587  |
| night_stand | 0.6480  | 0.9176  | 0.4157  | 0.6275  |
| bookshelf   | 0.3420  | 0.7092  | 0.0789  | 0.2340  |
| bathtub     | 0.7502  | 0.9184  | 0.3831  | 0.5714  |
+-------------+---------+---------+---------+---------+
| Overall     | 0.6058  | 0.8785  | 0.3614  | 0.5474  |
+-------------+---------+---------+---------+---------+
2026-05-03 19:26:02,067 - mmdet - INFO - Exp name: votenet_16x8_sunrgbd-3d-10class.py
2026-05-03 19:26:02,067 - mmdet - INFO - Epoch(val) [36][5050]	bed_AP_0.25: 0.8610, table_AP_0.25: 0.5359, sofa_AP_0.25: 0.6594, chair_AP_0.25: 0.7862, toilet_AP_0.25: 0.8830, desk_AP_0.25: 0.2647, dresser_AP_0.25: 0.3279, night_stand_AP_0.25: 0.6480, bookshelf_AP_0.25: 0.3420, bathtub_AP_0.25: 0.7502, mAP_0.25: 0.6058, bed_rec_0.25: 0.9631, table_rec_0.25: 0.8650, sofa_rec_0.25: 0.9027, chair_rec_0.25: 0.8986, toilet_rec_0.25: 0.9862, desk_rec_0.25: 0.8172, dresser_rec_0.25: 0.8073, night_stand_rec_0.25: 0.9176, bookshelf_rec_0.25: 0.7092, bathtub_rec_0.25: 0.9184, mAR_0.25: 0.8785, bed_AP_0.50: 0.5395, table_AP_0.50: 0.2491, sofa_AP_0.50: 0.4913, chair_AP_0.50: 0.5828, toilet_AP_0.50: 0.6606, desk_AP_0.50: 0.0558, dresser_AP_0.50: 0.1567, night_stand_AP_0.50: 0.4157, bookshelf_AP_0.50: 0.0789, bathtub_AP_0.50: 0.3831, mAP_0.50: 0.3614, bed_rec_0.50: 0.6816, table_rec_0.50: 0.4710, sofa_rec_0.50: 0.6651, chair_rec_0.50: 0.7000, toilet_rec_0.50: 0.7655, desk_rec_0.50: 0.2997, dresser_rec_0.50: 0.4587, night_stand_rec_0.50: 0.6275, bookshelf_rec_0.50: 0.2340, bathtub_rec_0.50: 0.5714, mAR_0.50: 0.5474
