2026-05-03 15:19:48,569 - mmdet - INFO - Environment info:
------------------------------------------------------------
sys.platform: linux
Python: 3.9.25 (main, Nov  3 2025, 22:33:05) [GCC 11.2.0]
CUDA available: True
GPU 0: NVIDIA L40
CUDA_HOME: /usr/local/cuda-11.8
NVCC: Cuda compilation tools, release 11.8, V11.8.89
GCC: gcc (Ubuntu 11.4.0-1ubuntu1~22.04.3) 11.4.0
PyTorch: 2.0.0+cu118
PyTorch compiling details: PyTorch built with:
  - GCC 9.3
  - C++ Version: 201703
  - Intel(R) oneAPI Math Kernel Library Version 2022.2-Product Build 20220804 for Intel(R) 64 architecture applications
  - Intel(R) MKL-DNN v2.7.3 (Git Hash 6dbeffbae1f23cbbeae17adb7b5b13f1f37c080e)
  - OpenMP 201511 (a.k.a. OpenMP 4.5)
  - LAPACK is enabled (usually provided by MKL)
  - NNPACK is enabled
  - CPU capability usage: AVX2
  - CUDA Runtime 11.8
  - NVCC architecture flags: -gencode;arch=compute_37,code=sm_37;-gencode;arch=compute_50,code=sm_50;-gencode;arch=compute_60,code=sm_60;-gencode;arch=compute_70,code=sm_70;-gencode;arch=compute_75,code=sm_75;-gencode;arch=compute_80,code=sm_80;-gencode;arch=compute_86,code=sm_86;-gencode;arch=compute_90,code=sm_90
  - CuDNN 8.7
  - Magma 2.6.1
  - Build settings: BLAS_INFO=mkl, BUILD_TYPE=Release, CUDA_VERSION=11.8, CUDNN_VERSION=8.7.0, CXX_COMPILER=/opt/rh/devtoolset-9/root/usr/bin/c++, CXX_FLAGS= -D_GLIBCXX_USE_CXX11_ABI=0 -fabi-version=11 -Wno-deprecated -fvisibility-inlines-hidden -DUSE_PTHREADPOOL -DNDEBUG -DUSE_KINETO -DLIBKINETO_NOROCTRACER -DUSE_FBGEMM -DUSE_QNNPACK -DUSE_PYTORCH_QNNPACK -DUSE_XNNPACK -DSYMBOLICATE_MOBILE_DEBUG_HANDLE -O2 -fPIC -Wall -Wextra -Werror=return-type -Werror=non-virtual-dtor -Werror=bool-operation -Wnarrowing -Wno-missing-field-initializers -Wno-type-limits -Wno-array-bounds -Wno-unknown-pragmas -Wunused-local-typedefs -Wno-unused-parameter -Wno-unused-function -Wno-unused-result -Wno-strict-overflow -Wno-strict-aliasing -Wno-error=deprecated-declarations -Wno-stringop-overflow -Wno-psabi -Wno-error=pedantic -Wno-error=redundant-decls -Wno-error=old-style-cast -fdiagnostics-color=always -faligned-new -Wno-unused-but-set-variable -Wno-maybe-uninitialized -fno-math-errno -fno-trapping-math -Werror=format -Werror=cast-function-type -Wno-stringop-overflow, LAPACK_INFO=mkl, PERF_WITH_AVX=1, PERF_WITH_AVX2=1, PERF_WITH_AVX512=1, TORCH_DISABLE_GPU_ASSERTS=ON, TORCH_VERSION=2.0.0, USE_CUDA=ON, USE_CUDNN=ON, USE_EXCEPTION_PTR=1, USE_GFLAGS=OFF, USE_GLOG=OFF, USE_MKL=ON, USE_MKLDNN=ON, USE_MPI=OFF, USE_NCCL=1, USE_NNPACK=ON, USE_OPENMP=ON, USE_ROCM=OFF, 

TorchVision: 0.15.1+cu118
OpenCV: 4.8.1
MMCV: 1.6.0
MMCV Compiler: GCC 11.4
MMCV CUDA Compiler: 11.8
MMDetection: 2.25.1
MMSegmentation: 0.25.0
MMDetection3D: 1.0.0rc3+ffc9f99
spconv2.0: False
------------------------------------------------------------

2026-05-03 15:19:49,356 - mmdet - INFO - Distributed training: False
2026-05-03 15:19:50,274 - mmdet - INFO - Config:
dataset_type = 'SUNRGBDDataset'
data_root = '/home/zero/USER/HEYU/DATA/sunrgbd_matlab/'
class_names = ('bed', 'table', 'sofa', 'chair', 'toilet', 'desk', 'dresser',
               'night_stand', 'bookshelf', 'bathtub')
train_pipeline = [
    dict(
        type='LoadPointsFromFile',
        coord_type='DEPTH',
        shift_height=True,
        load_dim=6,
        use_dim=[0, 1, 2]),
    dict(type='LoadAnnotations3D'),
    dict(type='RandomFlip3D', sync_2d=False, flip_ratio_bev_horizontal=0.5),
    dict(
        type='GlobalRotScaleTrans',
        rot_range=[-0.523599, 0.523599],
        scale_ratio_range=[0.85, 1.15],
        shift_height=True),
    dict(type='PointSample', num_points=100000),
    dict(
        type='DefaultFormatBundle3D',
        class_names=('bed', 'table', 'sofa', 'chair', 'toilet', 'desk',
                     'dresser', 'night_stand', 'bookshelf', 'bathtub')),
    dict(type='Collect3D', keys=['points', 'gt_bboxes_3d', 'gt_labels_3d'])
]
test_pipeline = [
    dict(
        type='LoadPointsFromFile',
        coord_type='DEPTH',
        shift_height=True,
        load_dim=6,
        use_dim=[0, 1, 2]),
    dict(
        type='MultiScaleFlipAug3D',
        img_scale=(1333, 800),
        pts_scale_ratio=1,
        flip=False,
        transforms=[
            dict(
                type='GlobalRotScaleTrans',
                rot_range=[0, 0],
                scale_ratio_range=[1.0, 1.0],
                translation_std=[0, 0, 0]),
            dict(
                type='RandomFlip3D',
                sync_2d=False,
                flip_ratio_bev_horizontal=0.5),
            dict(type='PointSample', num_points=100000),
            dict(
                type='DefaultFormatBundle3D',
                class_names=('bed', 'table', 'sofa', 'chair', 'toilet', 'desk',
                             'dresser', 'night_stand', 'bookshelf', 'bathtub'),
                with_label=False),
            dict(type='Collect3D', keys=['points'])
        ])
]
eval_pipeline = [
    dict(
        type='LoadPointsFromFile',
        coord_type='DEPTH',
        shift_height=False,
        load_dim=6,
        use_dim=[0, 1, 2]),
    dict(
        type='LoadAnnotations3D',
        with_bbox_3d=False,
        with_label_3d=False,
        with_label_2d_detection=True),
    dict(
        type='DefaultFormatBundle3D',
        class_names=('bed', 'table', 'sofa', 'chair', 'toilet', 'desk',
                     'dresser', 'night_stand', 'bookshelf', 'bathtub'),
        with_label=False),
    dict(type='Collect3D', keys=['points'])
]
data = dict(
    samples_per_gpu=16,
    workers_per_gpu=4,
    train=dict(
        type='RepeatDataset',
        times=5,
        dataset=dict(
            type='SUNRGBDDataset',
            data_root='/home/zero/USER/HEYU/DATA/sunrgbd_matlab/',
            ann_file=
            '/home/zero/USER/HEYU/DATA/sunrgbd_matlab/sunrgbd_infos_train.pkl',
            pipeline=[
                dict(
                    type='LoadPointsFromFile',
                    coord_type='DEPTH',
                    shift_height=True,
                    load_dim=6,
                    use_dim=[0, 1, 2]),
                dict(type='LoadAnnotations3D'),
                dict(
                    type='RandomFlip3D',
                    sync_2d=False,
                    flip_ratio_bev_horizontal=0.5),
                dict(
                    type='GlobalRotScaleTrans',
                    rot_range=[-0.523599, 0.523599],
                    scale_ratio_range=[0.85, 1.15],
                    shift_height=True),
                dict(type='PointSample', num_points=100000),
                dict(
                    type='DefaultFormatBundle3D',
                    class_names=('bed', 'table', 'sofa', 'chair', 'toilet',
                                 'desk', 'dresser', 'night_stand', 'bookshelf',
                                 'bathtub')),
                dict(
                    type='Collect3D',
                    keys=['points', 'gt_bboxes_3d', 'gt_labels_3d'])
            ],
            classes=('bed', 'table', 'sofa', 'chair', 'toilet', 'desk',
                     'dresser', 'night_stand', 'bookshelf', 'bathtub'),
            filter_empty_gt=False,
            box_type_3d='Depth')),
    val=dict(
        type='SUNRGBDDataset',
        data_root='/home/zero/USER/HEYU/DATA/sunrgbd_matlab/',
        ann_file=
        '/home/zero/USER/HEYU/DATA/sunrgbd_matlab/sunrgbd_infos_val.pkl',
        pipeline=[
            dict(
                type='LoadPointsFromFile',
                coord_type='DEPTH',
                shift_height=True,
                load_dim=6,
                use_dim=[0, 1, 2]),
            dict(
                type='MultiScaleFlipAug3D',
                img_scale=(1333, 800),
                pts_scale_ratio=1,
                flip=False,
                transforms=[
                    dict(
                        type='GlobalRotScaleTrans',
                        rot_range=[0, 0],
                        scale_ratio_range=[1.0, 1.0],
                        translation_std=[0, 0, 0]),
                    dict(
                        type='RandomFlip3D',
                        sync_2d=False,
                        flip_ratio_bev_horizontal=0.5),
                    dict(type='PointSample', num_points=100000),
                    dict(
                        type='DefaultFormatBundle3D',
                        class_names=('bed', 'table', 'sofa', 'chair', 'toilet',
                                     'desk', 'dresser', 'night_stand',
                                     'bookshelf', 'bathtub'),
                        with_label=False),
                    dict(type='Collect3D', keys=['points'])
                ])
        ],
        classes=('bed', 'table', 'sofa', 'chair', 'toilet', 'desk', 'dresser',
                 'night_stand', 'bookshelf', 'bathtub'),
        test_mode=True,
        box_type_3d='Depth'),
    test=dict(
        type='SUNRGBDDataset',
        data_root='/home/zero/USER/HEYU/DATA/sunrgbd_matlab/',
        ann_file=
        '/home/zero/USER/HEYU/DATA/sunrgbd_matlab/sunrgbd_infos_val.pkl',
        pipeline=[
            dict(
                type='LoadPointsFromFile',
                coord_type='DEPTH',
                shift_height=True,
                load_dim=6,
                use_dim=[0, 1, 2]),
            dict(
                type='MultiScaleFlipAug3D',
                img_scale=(1333, 800),
                pts_scale_ratio=1,
                flip=False,
                transforms=[
                    dict(
                        type='GlobalRotScaleTrans',
                        rot_range=[0, 0],
                        scale_ratio_range=[1.0, 1.0],
                        translation_std=[0, 0, 0]),
                    dict(
                        type='RandomFlip3D',
                        sync_2d=False,
                        flip_ratio_bev_horizontal=0.5),
                    dict(type='PointSample', num_points=100000),
                    dict(
                        type='DefaultFormatBundle3D',
                        class_names=('bed', 'table', 'sofa', 'chair', 'toilet',
                                     'desk', 'dresser', 'night_stand',
                                     'bookshelf', 'bathtub'),
                        with_label=False),
                    dict(type='Collect3D', keys=['points'])
                ])
        ],
        classes=('bed', 'table', 'sofa', 'chair', 'toilet', 'desk', 'dresser',
                 'night_stand', 'bookshelf', 'bathtub'),
        test_mode=True,
        box_type_3d='Depth'))
evaluation = dict(
    interval=36,
    pipeline=[
        dict(
            type='LoadPointsFromFile',
            coord_type='DEPTH',
            shift_height=False,
            load_dim=6,
            use_dim=[0, 1, 2]),
        dict(
            type='LoadAnnotations3D',
            with_bbox_3d=False,
            with_label_3d=False,
            with_label_2d_detection=True),
        dict(
            type='DefaultFormatBundle3D',
            class_names=('bed', 'table', 'sofa', 'chair', 'toilet', 'desk',
                         'dresser', 'night_stand', 'bookshelf', 'bathtub'),
            with_label=False),
        dict(type='Collect3D', keys=['points'])
    ])
model = dict(
    type='VoteNet',
    backbone=dict(
        type='PointNet2SASSG',
        in_channels=4,
        num_points=(2048, 1024, 512, 256),
        radius=(0.2, 0.4, 0.8, 1.2),
        num_samples=(64, 32, 16, 16),
        sa_channels=((64, 64, 128), (128, 128, 256), (128, 128, 256),
                     (128, 128, 256)),
        fp_channels=((256, 256), (256, 256)),
        norm_cfg=dict(type='BN2d'),
        sa_cfg=dict(
            type='PointSAModule',
            pool_mod='max',
            use_xyz=True,
            normalize_xyz=True)),
    bbox_head=dict(
        type='VoteHead',
        vote_module_cfg=dict(
            in_channels=256,
            vote_per_seed=1,
            gt_per_seed=3,
            conv_channels=(256, 256),
            conv_cfg=dict(type='Conv1d'),
            norm_cfg=dict(type='BN1d'),
            norm_feats=True,
            vote_loss=dict(
                type='ChamferDistance',
                mode='l1',
                reduction='none',
                loss_dst_weight=10.0)),
        vote_aggregation_cfg=dict(
            type='PointSAModule',
            num_point=256,
            radius=0.3,
            num_sample=16,
            mlp_channels=[256, 128, 128, 128],
            use_xyz=True,
            normalize_xyz=True),
        pred_layer_cfg=dict(
            in_channels=128, shared_conv_channels=(128, 128), bias=True),
        conv_cfg=dict(type='Conv1d'),
        norm_cfg=dict(type='BN1d'),
        objectness_loss=dict(
            type='CrossEntropyLoss',
            class_weight=[0.2, 0.8],
            reduction='sum',
            loss_weight=5.0),
        center_loss=dict(
            type='ChamferDistance',
            mode='l2',
            reduction='sum',
            loss_src_weight=10.0,
            loss_dst_weight=10.0),
        dir_class_loss=dict(
            type='CrossEntropyLoss', reduction='sum', loss_weight=1.0),
        dir_res_loss=dict(
            type='SmoothL1Loss', reduction='sum', loss_weight=10.0),
        size_class_loss=dict(
            type='CrossEntropyLoss', reduction='sum', loss_weight=1.0),
        size_res_loss=dict(
            type='SmoothL1Loss',
            reduction='sum',
            loss_weight=3.3333333333333335),
        semantic_loss=dict(
            type='CrossEntropyLoss', reduction='sum', loss_weight=1.0),
        num_classes=10,
        bbox_coder=dict(
            type='PartialBinBasedBBoxCoder',
            num_sizes=10,
            num_dir_bins=12,
            with_rot=True,
            mean_sizes=[[2.114256, 1.6203, 0.927272],
                        [0.791118, 1.279516, 0.718182],
                        [0.923508, 1.867419, 0.845495],
                        [0.591958, 0.552978, 0.827272],
                        [0.699104, 0.454178, 0.75625],
                        [0.69519, 1.346299, 0.736364],
                        [0.528526, 1.002642, 1.172878],
                        [0.500618, 0.632163, 0.683424],
                        [0.404671, 1.071108, 1.688889],
                        [0.76584, 1.398258, 0.472728]])),
    train_cfg=dict(
        pos_distance_thr=0.3, neg_distance_thr=0.6, sample_mod='vote'),
    test_cfg=dict(
        sample_mod='seed',
        nms_thr=0.25,
        score_thr=0.05,
        per_class_proposal=True))
lr = 0.008
optimizer = dict(type='AdamW', lr=0.008, weight_decay=0.01)
optimizer_config = dict(grad_clip=dict(max_norm=10, norm_type=2))
lr_config = dict(policy='step', warmup=None, step=[24, 32])
runner = dict(type='EpochBasedRunner', max_epochs=36)
checkpoint_config = dict(interval=1)
log_config = dict(
    interval=50,
    hooks=[dict(type='TextLoggerHook'),
           dict(type='TensorboardLoggerHook')])
dist_params = dict(backend='nccl')
log_level = 'INFO'
work_dir = '/home/zero/USER/HEYU/tr3d/work_dirs/NN/votenet/JX/5/'
load_from = None
resume_from = None
workflow = [('train', 1)]
opencv_num_threads = 0
mp_start_method = 'fork'
gpu_ids = [0]

2026-05-03 15:19:50,274 - mmdet - INFO - Set random seed to 0, deterministic: False
Name of parameter - Initialization information

backbone.SA_modules.0.mlps.0.layer0.conv.weight - torch.Size([64, 4, 1, 1]): 
The value is the same before and after calling `init_weights` of VoteNet  

backbone.SA_modules.0.mlps.0.layer0.bn.weight - torch.Size([64]): 
The value is the same before and after calling `init_weights` of VoteNet  

backbone.SA_modules.0.mlps.0.layer0.bn.bias - torch.Size([64]): 
The value is the same before and after calling `init_weights` of VoteNet  

backbone.SA_modules.0.mlps.0.layer1.conv.weight - torch.Size([64, 64, 1, 1]): 
The value is the same before and after calling `init_weights` of VoteNet  

backbone.SA_modules.0.mlps.0.layer1.bn.weight - torch.Size([64]): 
The value is the same before and after calling `init_weights` of VoteNet  

backbone.SA_modules.0.mlps.0.layer1.bn.bias - torch.Size([64]): 
The value is the same before and after calling `init_weights` of VoteNet  

backbone.SA_modules.0.mlps.0.layer2.conv.weight - torch.Size([128, 64, 1, 1]): 
The value is the same before and after calling `init_weights` of VoteNet  

backbone.SA_modules.0.mlps.0.layer2.bn.weight - torch.Size([128]): 
The value is the same before and after calling `init_weights` of VoteNet  

backbone.SA_modules.0.mlps.0.layer2.bn.bias - torch.Size([128]): 
The value is the same before and after calling `init_weights` of VoteNet  

backbone.SA_modules.1.mlps.0.layer0.conv.weight - torch.Size([128, 131, 1, 1]): 
The value is the same before and after calling `init_weights` of VoteNet  

backbone.SA_modules.1.mlps.0.layer0.bn.weight - torch.Size([128]): 
The value is the same before and after calling `init_weights` of VoteNet  

backbone.SA_modules.1.mlps.0.layer0.bn.bias - torch.Size([128]): 
The value is the same before and after calling `init_weights` of VoteNet  

backbone.SA_modules.1.mlps.0.layer1.conv.weight - torch.Size([128, 128, 1, 1]): 
The value is the same before and after calling `init_weights` of VoteNet  

backbone.SA_modules.1.mlps.0.layer1.bn.weight - torch.Size([128]): 
The value is the same before and after calling `init_weights` of VoteNet  

backbone.SA_modules.1.mlps.0.layer1.bn.bias - torch.Size([128]): 
The value is the same before and after calling `init_weights` of VoteNet  

backbone.SA_modules.1.mlps.0.layer2.conv.weight - torch.Size([256, 128, 1, 1]): 
The value is the same before and after calling `init_weights` of VoteNet  

backbone.SA_modules.1.mlps.0.layer2.bn.weight - torch.Size([256]): 
The value is the same before and after calling `init_weights` of VoteNet  

backbone.SA_modules.1.mlps.0.layer2.bn.bias - torch.Size([256]): 
The value is the same before and after calling `init_weights` of VoteNet  

backbone.SA_modules.2.mlps.0.layer0.conv.weight - torch.Size([128, 259, 1, 1]): 
The value is the same before and after calling `init_weights` of VoteNet  

backbone.SA_modules.2.mlps.0.layer0.bn.weight - torch.Size([128]): 
The value is the same before and after calling `init_weights` of VoteNet  

backbone.SA_modules.2.mlps.0.layer0.bn.bias - torch.Size([128]): 
The value is the same before and after calling `init_weights` of VoteNet  

backbone.SA_modules.2.mlps.0.layer1.conv.weight - torch.Size([128, 128, 1, 1]): 
The value is the same before and after calling `init_weights` of VoteNet  

backbone.SA_modules.2.mlps.0.layer1.bn.weight - torch.Size([128]): 
The value is the same before and after calling `init_weights` of VoteNet  

backbone.SA_modules.2.mlps.0.layer1.bn.bias - torch.Size([128]): 
The value is the same before and after calling `init_weights` of VoteNet  

backbone.SA_modules.2.mlps.0.layer2.conv.weight - torch.Size([256, 128, 1, 1]): 
The value is the same before and after calling `init_weights` of VoteNet  

backbone.SA_modules.2.mlps.0.layer2.bn.weight - torch.Size([256]): 
The value is the same before and after calling `init_weights` of VoteNet  

backbone.SA_modules.2.mlps.0.layer2.bn.bias - torch.Size([256]): 
The value is the same before and after calling `init_weights` of VoteNet  

backbone.SA_modules.3.mlps.0.layer0.conv.weight - torch.Size([128, 259, 1, 1]): 
The value is the same before and after calling `init_weights` of VoteNet  

backbone.SA_modules.3.mlps.0.layer0.bn.weight - torch.Size([128]): 
The value is the same before and after calling `init_weights` of VoteNet  

backbone.SA_modules.3.mlps.0.layer0.bn.bias - torch.Size([128]): 
The value is the same before and after calling `init_weights` of VoteNet  

backbone.SA_modules.3.mlps.0.layer1.conv.weight - torch.Size([128, 128, 1, 1]): 
The value is the same before and after calling `init_weights` of VoteNet  

backbone.SA_modules.3.mlps.0.layer1.bn.weight - torch.Size([128]): 
The value is the same before and after calling `init_weights` of VoteNet  

backbone.SA_modules.3.mlps.0.layer1.bn.bias - torch.Size([128]): 
The value is the same before and after calling `init_weights` of VoteNet  

backbone.SA_modules.3.mlps.0.layer2.conv.weight - torch.Size([256, 128, 1, 1]): 
The value is the same before and after calling `init_weights` of VoteNet  

backbone.SA_modules.3.mlps.0.layer2.bn.weight - torch.Size([256]): 
The value is the same before and after calling `init_weights` of VoteNet  

backbone.SA_modules.3.mlps.0.layer2.bn.bias - torch.Size([256]): 
The value is the same before and after calling `init_weights` of VoteNet  

backbone.FP_modules.0.mlps.layer0.conv.weight - torch.Size([256, 512, 1, 1]): 
The value is the same before and after calling `init_weights` of VoteNet  

backbone.FP_modules.0.mlps.layer0.bn.weight - torch.Size([256]): 
The value is the same before and after calling `init_weights` of VoteNet  

backbone.FP_modules.0.mlps.layer0.bn.bias - torch.Size([256]): 
The value is the same before and after calling `init_weights` of VoteNet  

backbone.FP_modules.0.mlps.layer1.conv.weight - torch.Size([256, 256, 1, 1]): 
The value is the same before and after calling `init_weights` of VoteNet  

backbone.FP_modules.0.mlps.layer1.bn.weight - torch.Size([256]): 
The value is the same before and after calling `init_weights` of VoteNet  

backbone.FP_modules.0.mlps.layer1.bn.bias - torch.Size([256]): 
The value is the same before and after calling `init_weights` of VoteNet  

backbone.FP_modules.1.mlps.layer0.conv.weight - torch.Size([256, 512, 1, 1]): 
The value is the same before and after calling `init_weights` of VoteNet  

backbone.FP_modules.1.mlps.layer0.bn.weight - torch.Size([256]): 
The value is the same before and after calling `init_weights` of VoteNet  

backbone.FP_modules.1.mlps.layer0.bn.bias - torch.Size([256]): 
The value is the same before and after calling `init_weights` of VoteNet  

backbone.FP_modules.1.mlps.layer1.conv.weight - torch.Size([256, 256, 1, 1]): 
The value is the same before and after calling `init_weights` of VoteNet  

backbone.FP_modules.1.mlps.layer1.bn.weight - torch.Size([256]): 
The value is the same before and after calling `init_weights` of VoteNet  

backbone.FP_modules.1.mlps.layer1.bn.bias - torch.Size([256]): 
The value is the same before and after calling `init_weights` of VoteNet  

bbox_head.vote_module.vote_conv.0.conv.weight - torch.Size([256, 256, 1]): 
The value is the same before and after calling `init_weights` of VoteNet  

bbox_head.vote_module.vote_conv.0.conv.bias - torch.Size([256]): 
The value is the same before and after calling `init_weights` of VoteNet  

bbox_head.vote_module.vote_conv.0.bn.weight - torch.Size([256]): 
The value is the same before and after calling `init_weights` of VoteNet  

bbox_head.vote_module.vote_conv.0.bn.bias - torch.Size([256]): 
The value is the same before and after calling `init_weights` of VoteNet  

bbox_head.vote_module.vote_conv.1.conv.weight - torch.Size([256, 256, 1]): 
The value is the same before and after calling `init_weights` of VoteNet  

bbox_head.vote_module.vote_conv.1.conv.bias - torch.Size([256]): 
The value is the same before and after calling `init_weights` of VoteNet  

bbox_head.vote_module.vote_conv.1.bn.weight - torch.Size([256]): 
The value is the same before and after calling `init_weights` of VoteNet  

bbox_head.vote_module.vote_conv.1.bn.bias - torch.Size([256]): 
The value is the same before and after calling `init_weights` of VoteNet  

bbox_head.vote_module.conv_out.weight - torch.Size([259, 256, 1]): 
The value is the same before and after calling `init_weights` of VoteNet  

bbox_head.vote_module.conv_out.bias - torch.Size([259]): 
The value is the same before and after calling `init_weights` of VoteNet  

bbox_head.vote_aggregation.mlps.0.layer0.conv.weight - torch.Size([128, 259, 1, 1]): 
The value is the same before and after calling `init_weights` of VoteNet  

bbox_head.vote_aggregation.mlps.0.layer0.bn.weight - torch.Size([128]): 
The value is the same before and after calling `init_weights` of VoteNet  

bbox_head.vote_aggregation.mlps.0.layer0.bn.bias - torch.Size([128]): 
The value is the same before and after calling `init_weights` of VoteNet  

bbox_head.vote_aggregation.mlps.0.layer1.conv.weight - torch.Size([128, 128, 1, 1]): 
The value is the same before and after calling `init_weights` of VoteNet  

bbox_head.vote_aggregation.mlps.0.layer1.bn.weight - torch.Size([128]): 
The value is the same before and after calling `init_weights` of VoteNet  

bbox_head.vote_aggregation.mlps.0.layer1.bn.bias - torch.Size([128]): 
The value is the same before and after calling `init_weights` of VoteNet  

bbox_head.vote_aggregation.mlps.0.layer2.conv.weight - torch.Size([128, 128, 1, 1]): 
The value is the same before and after calling `init_weights` of VoteNet  

bbox_head.vote_aggregation.mlps.0.layer2.bn.weight - torch.Size([128]): 
The value is the same before and after calling `init_weights` of VoteNet  

bbox_head.vote_aggregation.mlps.0.layer2.bn.bias - torch.Size([128]): 
The value is the same before and after calling `init_weights` of VoteNet  

bbox_head.conv_pred.shared_convs.layer0.conv.weight - torch.Size([128, 128, 1]): 
The value is the same before and after calling `init_weights` of VoteNet  

bbox_head.conv_pred.shared_convs.layer0.conv.bias - torch.Size([128]): 
The value is the same before and after calling `init_weights` of VoteNet  

bbox_head.conv_pred.shared_convs.layer0.bn.weight - torch.Size([128]): 
The value is the same before and after calling `init_weights` of VoteNet  

bbox_head.conv_pred.shared_convs.layer0.bn.bias - torch.Size([128]): 
The value is the same before and after calling `init_weights` of VoteNet  

bbox_head.conv_pred.shared_convs.layer1.conv.weight - torch.Size([128, 128, 1]): 
The value is the same before and after calling `init_weights` of VoteNet  

bbox_head.conv_pred.shared_convs.layer1.conv.bias - torch.Size([128]): 
The value is the same before and after calling `init_weights` of VoteNet  

bbox_head.conv_pred.shared_convs.layer1.bn.weight - torch.Size([128]): 
The value is the same before and after calling `init_weights` of VoteNet  

bbox_head.conv_pred.shared_convs.layer1.bn.bias - torch.Size([128]): 
The value is the same before and after calling `init_weights` of VoteNet  

bbox_head.conv_pred.conv_cls.weight - torch.Size([12, 128, 1]): 
The value is the same before and after calling `init_weights` of VoteNet  

bbox_head.conv_pred.conv_cls.bias - torch.Size([12]): 
The value is the same before and after calling `init_weights` of VoteNet  

bbox_head.conv_pred.conv_reg.weight - torch.Size([67, 128, 1]): 
The value is the same before and after calling `init_weights` of VoteNet  

bbox_head.conv_pred.conv_reg.bias - torch.Size([67]): 
The value is the same before and after calling `init_weights` of VoteNet  
2026-05-03 15:19:50,440 - mmdet - INFO - Model:
VoteNet(
  (backbone): PointNet2SASSG(
    (SA_modules): ModuleList(
      (0): PointSAModule(
        (groupers): ModuleList(
          (0): QueryAndGroup()
        )
        (mlps): ModuleList(
          (0): Sequential(
            (layer0): ConvModule(
              (conv): Conv2d(4, 64, kernel_size=(1, 1), stride=(1, 1), bias=False)
              (bn): BatchNorm2d(64, eps=1e-05, momentum=0.1, affine=True, track_running_stats=True)
              (activate): ReLU(inplace=True)
            )
            (layer1): ConvModule(
              (conv): Conv2d(64, 64, kernel_size=(1, 1), stride=(1, 1), bias=False)
              (bn): BatchNorm2d(64, eps=1e-05, momentum=0.1, affine=True, track_running_stats=True)
              (activate): ReLU(inplace=True)
            )
            (layer2): ConvModule(
              (conv): Conv2d(64, 128, kernel_size=(1, 1), stride=(1, 1), bias=False)
              (bn): BatchNorm2d(128, eps=1e-05, momentum=0.1, affine=True, track_running_stats=True)
              (activate): ReLU(inplace=True)
            )
          )
        )
        (points_sampler): PointsSampler(
          (samplers): ModuleList(
            (0): DFPSSampler()
          )
        )
      )
      (1): PointSAModule(
        (groupers): ModuleList(
          (0): QueryAndGroup()
        )
        (mlps): ModuleList(
          (0): Sequential(
            (layer0): ConvModule(
              (conv): Conv2d(131, 128, kernel_size=(1, 1), stride=(1, 1), bias=False)
              (bn): BatchNorm2d(128, eps=1e-05, momentum=0.1, affine=True, track_running_stats=True)
              (activate): ReLU(inplace=True)
            )
            (layer1): ConvModule(
              (conv): Conv2d(128, 128, kernel_size=(1, 1), stride=(1, 1), bias=False)
              (bn): BatchNorm2d(128, eps=1e-05, momentum=0.1, affine=True, track_running_stats=True)
              (activate): ReLU(inplace=True)
            )
            (layer2): ConvModule(
              (conv): Conv2d(128, 256, kernel_size=(1, 1), stride=(1, 1), bias=False)
              (bn): BatchNorm2d(256, eps=1e-05, momentum=0.1, affine=True, track_running_stats=True)
              (activate): ReLU(inplace=True)
            )
          )
        )
        (points_sampler): PointsSampler(
          (samplers): ModuleList(
            (0): DFPSSampler()
          )
        )
      )
      (2-3): 2 x PointSAModule(
        (groupers): ModuleList(
          (0): QueryAndGroup()
        )
        (mlps): ModuleList(
          (0): Sequential(
            (layer0): ConvModule(
              (conv): Conv2d(259, 128, kernel_size=(1, 1), stride=(1, 1), bias=False)
              (bn): BatchNorm2d(128, eps=1e-05, momentum=0.1, affine=True, track_running_stats=True)
              (activate): ReLU(inplace=True)
            )
            (layer1): ConvModule(
              (conv): Conv2d(128, 128, kernel_size=(1, 1), stride=(1, 1), bias=False)
              (bn): BatchNorm2d(128, eps=1e-05, momentum=0.1, affine=True, track_running_stats=True)
              (activate): ReLU(inplace=True)
            )
            (layer2): ConvModule(
              (conv): Conv2d(128, 256, kernel_size=(1, 1), stride=(1, 1), bias=False)
              (bn): BatchNorm2d(256, eps=1e-05, momentum=0.1, affine=True, track_running_stats=True)
              (activate): ReLU(inplace=True)
            )
          )
        )
        (points_sampler): PointsSampler(
          (samplers): ModuleList(
            (0): DFPSSampler()
          )
        )
      )
    )
    (FP_modules): ModuleList(
      (0-1): 2 x PointFPModule(
        (mlps): Sequential(
          (layer0): ConvModule(
            (conv): Conv2d(512, 256, kernel_size=(1, 1), stride=(1, 1), bias=False)
            (bn): BatchNorm2d(256, eps=1e-05, momentum=0.1, affine=True, track_running_stats=True)
            (activate): ReLU(inplace=True)
          )
          (layer1): ConvModule(
            (conv): Conv2d(256, 256, kernel_size=(1, 1), stride=(1, 1), bias=False)
            (bn): BatchNorm2d(256, eps=1e-05, momentum=0.1, affine=True, track_running_stats=True)
            (activate): ReLU(inplace=True)
          )
        )
      )
    )
  )
  (bbox_head): VoteHead(
    (objectness_loss): CrossEntropyLoss(avg_non_ignore=False)
    (center_loss): ChamferDistance()
    (dir_res_loss): SmoothL1Loss()
    (dir_class_loss): CrossEntropyLoss(avg_non_ignore=False)
    (size_res_loss): SmoothL1Loss()
    (size_class_loss): CrossEntropyLoss(avg_non_ignore=False)
    (semantic_loss): CrossEntropyLoss(avg_non_ignore=False)
    (vote_module): VoteModule(
      (vote_loss): ChamferDistance()
      (vote_conv): Sequential(
        (0): ConvModule(
          (conv): Conv1d(256, 256, kernel_size=(1,), stride=(1,))
          (bn): BatchNorm1d(256, eps=1e-05, momentum=0.1, affine=True, track_running_stats=True)
          (activate): ReLU(inplace=True)
        )
        (1): ConvModule(
          (conv): Conv1d(256, 256, kernel_size=(1,), stride=(1,))
          (bn): BatchNorm1d(256, eps=1e-05, momentum=0.1, affine=True, track_running_stats=True)
          (activate): ReLU(inplace=True)
        )
      )
      (conv_out): Conv1d(256, 259, kernel_size=(1,), stride=(1,))
    )
    (vote_aggregation): PointSAModule(
      (groupers): ModuleList(
        (0): QueryAndGroup()
      )
      (mlps): ModuleList(
        (0): Sequential(
          (layer0): ConvModule(
            (conv): Conv2d(259, 128, kernel_size=(1, 1), stride=(1, 1), bias=False)
            (bn): BatchNorm2d(128, eps=1e-05, momentum=0.1, affine=True, track_running_stats=True)
            (activate): ReLU(inplace=True)
          )
          (layer1): ConvModule(
            (conv): Conv2d(128, 128, kernel_size=(1, 1), stride=(1, 1), bias=False)
            (bn): BatchNorm2d(128, eps=1e-05, momentum=0.1, affine=True, track_running_stats=True)
            (activate): ReLU(inplace=True)
          )
          (layer2): ConvModule(
            (conv): Conv2d(128, 128, kernel_size=(1, 1), stride=(1, 1), bias=False)
            (bn): BatchNorm2d(128, eps=1e-05, momentum=0.1, affine=True, track_running_stats=True)
            (activate): ReLU(inplace=True)
          )
        )
      )
      (points_sampler): PointsSampler(
        (samplers): ModuleList(
          (0): DFPSSampler()
        )
      )
    )
    (conv_pred): BaseConvBboxHead(
      (shared_convs): Sequential(
        (layer0): ConvModule(
          (conv): Conv1d(128, 128, kernel_size=(1,), stride=(1,))
          (bn): BatchNorm1d(128, eps=1e-05, momentum=0.1, affine=True, track_running_stats=True)
          (activate): ReLU(inplace=True)
        )
        (layer1): ConvModule(
          (conv): Conv1d(128, 128, kernel_size=(1,), stride=(1,))
          (bn): BatchNorm1d(128, eps=1e-05, momentum=0.1, affine=True, track_running_stats=True)
          (activate): ReLU(inplace=True)
        )
      )
      (conv_cls): Conv1d(128, 12, kernel_size=(1,), stride=(1,))
      (conv_reg): Conv1d(128, 67, kernel_size=(1,), stride=(1,))
    )
  )
)
2026-05-03 15:19:51,705 - mmdet - INFO - Start running, host: zero@l40server, work_dir: /home/zero/USER/HEYU/tr3d/work_dirs/NN/votenet/JX/5
2026-05-03 15:19:51,706 - mmdet - INFO - Hooks will be executed in the following order:
before_run:
(VERY_HIGH   ) StepLrUpdaterHook                  
(NORMAL      ) CheckpointHook                     
(LOW         ) EvalHook                           
(VERY_LOW    ) TextLoggerHook                     
(VERY_LOW    ) TensorboardLoggerHook              
 -------------------- 
before_train_epoch:
(VERY_HIGH   ) StepLrUpdaterHook                  
(LOW         ) IterTimerHook                      
(LOW         ) EvalHook                           
(VERY_LOW    ) TextLoggerHook                     
(VERY_LOW    ) TensorboardLoggerHook              
 -------------------- 
before_train_iter:
(VERY_HIGH   ) StepLrUpdaterHook                  
(LOW         ) IterTimerHook                      
(LOW         ) EvalHook                           
 -------------------- 
after_train_iter:
(ABOVE_NORMAL) OptimizerHook                      
(NORMAL      ) CheckpointHook                     
(LOW         ) IterTimerHook                      
(LOW         ) EvalHook                           
(VERY_LOW    ) TextLoggerHook                     
(VERY_LOW    ) TensorboardLoggerHook              
 -------------------- 
after_train_epoch:
(NORMAL      ) CheckpointHook                     
(LOW         ) EvalHook                           
(VERY_LOW    ) TextLoggerHook                     
(VERY_LOW    ) TensorboardLoggerHook              
 -------------------- 
before_val_epoch:
(LOW         ) IterTimerHook                      
(VERY_LOW    ) TextLoggerHook                     
(VERY_LOW    ) TensorboardLoggerHook              
 -------------------- 
before_val_iter:
(LOW         ) IterTimerHook                      
 -------------------- 
after_val_iter:
(LOW         ) IterTimerHook                      
 -------------------- 
after_val_epoch:
(VERY_LOW    ) TextLoggerHook                     
(VERY_LOW    ) TensorboardLoggerHook              
 -------------------- 
after_run:
(VERY_LOW    ) TextLoggerHook                     
(VERY_LOW    ) TensorboardLoggerHook              
 -------------------- 
2026-05-03 15:19:51,706 - mmdet - INFO - workflow: [('train', 1)], max: 36 epochs
2026-05-03 15:19:51,706 - mmdet - INFO - Checkpoints will be saved to /home/zero/USER/HEYU/tr3d/work_dirs/NN/votenet/JX/5 by HardDiskBackend.
2026-05-03 15:20:07,019 - mmdet - INFO - Epoch [1][50/1652]	lr: 8.000e-03, eta: 5:02:39, time: 0.306, data_time: 0.073, memory: 8298, vote_loss: 9.2422, objectness_loss: 0.5013, semantic_loss: 1.5457, center_loss: 1.8616, dir_class_loss: 2.4010, dir_res_loss: 1.9621, size_class_loss: 1.5569, size_res_loss: 0.5619, loss: 19.6328, grad_norm: 181.5319
2026-05-03 15:20:18,874 - mmdet - INFO - Epoch [1][100/1652]	lr: 8.000e-03, eta: 4:28:30, time: 0.237, data_time: 0.016, memory: 8298, vote_loss: 7.8017, objectness_loss: 0.5398, semantic_loss: 1.3179, center_loss: 1.0732, dir_class_loss: 2.3371, dir_res_loss: 1.9174, size_class_loss: 1.3147, size_res_loss: 0.3754, loss: 16.6772, grad_norm: 13.8454
2026-05-03 15:20:30,876 - mmdet - INFO - Epoch [1][150/1652]	lr: 8.000e-03, eta: 4:17:57, time: 0.240, data_time: 0.016, memory: 8298, vote_loss: 7.0816, objectness_loss: 0.6134, semantic_loss: 1.3020, center_loss: 1.0613, dir_class_loss: 2.3733, dir_res_loss: 1.8577, size_class_loss: 1.2971, size_res_loss: 0.4141, loss: 16.0006, grad_norm: 9.5845
2026-05-03 15:20:42,741 - mmdet - INFO - Epoch [1][200/1652]	lr: 8.000e-03, eta: 4:11:55, time: 0.237, data_time: 0.016, memory: 8298, vote_loss: 7.1669, objectness_loss: 0.4989, semantic_loss: 1.2338, center_loss: 0.9184, dir_class_loss: 2.3687, dir_res_loss: 1.7787, size_class_loss: 1.2344, size_res_loss: 0.3439, loss: 15.5438, grad_norm: 8.5055
2026-05-03 15:20:54,615 - mmdet - INFO - Epoch [1][250/1652]	lr: 8.000e-03, eta: 4:08:14, time: 0.237, data_time: 0.016, memory: 8298, vote_loss: 7.1182, objectness_loss: 0.4809, semantic_loss: 1.2943, center_loss: 0.9630, dir_class_loss: 2.3168, dir_res_loss: 1.9548, size_class_loss: 1.2946, size_res_loss: 0.3288, loss: 15.7514, grad_norm: 16.1216
2026-05-03 15:21:06,543 - mmdet - INFO - Epoch [1][300/1652]	lr: 8.000e-03, eta: 4:05:54, time: 0.239, data_time: 0.016, memory: 8298, vote_loss: 7.7244, objectness_loss: 0.4863, semantic_loss: 1.2700, center_loss: 1.0740, dir_class_loss: 2.3283, dir_res_loss: 1.6459, size_class_loss: 1.2708, size_res_loss: 0.4426, loss: 16.2423, grad_norm: 14.8132
2026-05-03 15:21:18,428 - mmdet - INFO - Epoch [1][350/1652]	lr: 8.000e-03, eta: 4:04:03, time: 0.238, data_time: 0.016, memory: 8298, vote_loss: 7.0506, objectness_loss: 0.4898, semantic_loss: 1.1311, center_loss: 0.8573, dir_class_loss: 2.3196, dir_res_loss: 1.7942, size_class_loss: 1.1315, size_res_loss: 0.3515, loss: 15.1255, grad_norm: 6.8420
2026-05-03 15:21:30,418 - mmdet - INFO - Epoch [1][400/1652]	lr: 8.000e-03, eta: 4:02:52, time: 0.240, data_time: 0.016, memory: 8298, vote_loss: 6.8705, objectness_loss: 0.5156, semantic_loss: 1.1996, center_loss: 0.9268, dir_class_loss: 2.3019, dir_res_loss: 1.9178, size_class_loss: 1.1994, size_res_loss: 0.3455, loss: 15.2770, grad_norm: 8.1088
2026-05-03 15:21:42,301 - mmdet - INFO - Epoch [1][450/1652]	lr: 8.000e-03, eta: 4:01:41, time: 0.238, data_time: 0.016, memory: 8298, vote_loss: 6.5809, objectness_loss: 0.5225, semantic_loss: 1.1104, center_loss: 0.8402, dir_class_loss: 2.2239, dir_res_loss: 1.7818, size_class_loss: 1.1104, size_res_loss: 0.3272, loss: 14.4974, grad_norm: 7.4930
2026-05-03 15:21:54,177 - mmdet - INFO - Epoch [1][500/1652]	lr: 8.000e-03, eta: 4:00:40, time: 0.238, data_time: 0.016, memory: 8298, vote_loss: 6.4996, objectness_loss: 0.4871, semantic_loss: 1.0763, center_loss: 0.9574, dir_class_loss: 2.1815, dir_res_loss: 1.8184, size_class_loss: 1.0757, size_res_loss: 0.3391, loss: 14.4350, grad_norm: 7.2700
2026-05-03 15:22:06,043 - mmdet - INFO - Epoch [1][550/1652]	lr: 8.000e-03, eta: 3:59:47, time: 0.237, data_time: 0.016, memory: 8298, vote_loss: 6.4109, objectness_loss: 0.4843, semantic_loss: 1.0921, center_loss: 0.8373, dir_class_loss: 2.1867, dir_res_loss: 1.6025, size_class_loss: 1.0908, size_res_loss: 0.3410, loss: 14.0455, grad_norm: 7.3452
2026-05-03 15:22:17,949 - mmdet - INFO - Epoch [1][600/1652]	lr: 8.000e-03, eta: 3:59:05, time: 0.238, data_time: 0.016, memory: 8298, vote_loss: 6.3587, objectness_loss: 0.4817, semantic_loss: 0.9827, center_loss: 0.8735, dir_class_loss: 2.1468, dir_res_loss: 1.6440, size_class_loss: 0.9830, size_res_loss: 0.3559, loss: 13.8263, grad_norm: 7.9030
2026-05-03 15:22:29,893 - mmdet - INFO - Epoch [1][650/1652]	lr: 8.000e-03, eta: 3:58:32, time: 0.239, data_time: 0.016, memory: 8298, vote_loss: 6.5991, objectness_loss: 0.4666, semantic_loss: 1.1042, center_loss: 0.8303, dir_class_loss: 2.1988, dir_res_loss: 1.8157, size_class_loss: 1.1049, size_res_loss: 0.3088, loss: 14.4284, grad_norm: 7.6512
2026-05-03 15:22:41,805 - mmdet - INFO - Epoch [1][700/1652]	lr: 8.000e-03, eta: 3:57:58, time: 0.238, data_time: 0.016, memory: 8298, vote_loss: 6.4261, objectness_loss: 0.4884, semantic_loss: 0.9717, center_loss: 0.8641, dir_class_loss: 2.1412, dir_res_loss: 1.6979, size_class_loss: 0.9709, size_res_loss: 0.3056, loss: 13.8659, grad_norm: 7.8022
2026-05-03 15:22:53,717 - mmdet - INFO - Epoch [1][750/1652]	lr: 8.000e-03, eta: 3:57:27, time: 0.238, data_time: 0.016, memory: 8298, vote_loss: 6.0654, objectness_loss: 0.4729, semantic_loss: 0.9596, center_loss: 0.7746, dir_class_loss: 2.1930, dir_res_loss: 1.7628, size_class_loss: 0.9598, size_res_loss: 0.3057, loss: 13.4938, grad_norm: 7.3509
2026-05-03 15:23:05,583 - mmdet - INFO - Epoch [1][800/1652]	lr: 8.000e-03, eta: 3:56:56, time: 0.237, data_time: 0.016, memory: 8298, vote_loss: 6.7539, objectness_loss: 0.4900, semantic_loss: 1.0577, center_loss: 0.9243, dir_class_loss: 2.1519, dir_res_loss: 1.6919, size_class_loss: 1.0581, size_res_loss: 0.3532, loss: 14.4811, grad_norm: 8.8440
2026-05-03 15:23:17,793 - mmdet - INFO - Epoch [1][850/1652]	lr: 8.000e-03, eta: 3:56:50, time: 0.244, data_time: 0.018, memory: 8298, vote_loss: 6.4419, objectness_loss: 0.4724, semantic_loss: 0.9847, center_loss: 0.9021, dir_class_loss: 2.1796, dir_res_loss: 1.7036, size_class_loss: 0.9846, size_res_loss: 0.3608, loss: 14.0297, grad_norm: 8.5892
2026-05-03 15:23:29,600 - mmdet - INFO - Epoch [1][900/1652]	lr: 8.000e-03, eta: 3:56:18, time: 0.236, data_time: 0.016, memory: 8298, vote_loss: 6.3788, objectness_loss: 0.4682, semantic_loss: 0.9720, center_loss: 0.8175, dir_class_loss: 2.1262, dir_res_loss: 1.6202, size_class_loss: 0.9718, size_res_loss: 0.3568, loss: 13.7114, grad_norm: 7.2645
2026-05-03 15:23:41,494 - mmdet - INFO - Epoch [1][950/1652]	lr: 8.000e-03, eta: 3:55:53, time: 0.238, data_time: 0.016, memory: 8298, vote_loss: 6.2337, objectness_loss: 0.4769, semantic_loss: 0.9447, center_loss: 0.8382, dir_class_loss: 2.1074, dir_res_loss: 1.7356, size_class_loss: 0.9447, size_res_loss: 0.3654, loss: 13.6467, grad_norm: 6.9868
2026-05-03 15:23:53,667 - mmdet - INFO - Exp name: votenet_16x8_sunrgbd-3d-10class.py
2026-05-03 15:23:53,667 - mmdet - INFO - Epoch [1][1000/1652]	lr: 8.000e-03, eta: 3:55:45, time: 0.243, data_time: 0.017, memory: 8298, vote_loss: 6.1547, objectness_loss: 0.4634, semantic_loss: 0.9027, center_loss: 0.8376, dir_class_loss: 2.1230, dir_res_loss: 1.6591, size_class_loss: 0.9028, size_res_loss: 0.3690, loss: 13.4123, grad_norm: 6.4863
2026-05-03 15:24:05,503 - mmdet - INFO - Epoch [1][1050/1652]	lr: 8.000e-03, eta: 3:55:19, time: 0.237, data_time: 0.015, memory: 8298, vote_loss: 6.1560, objectness_loss: 0.4430, semantic_loss: 0.8741, center_loss: 0.8306, dir_class_loss: 2.0628, dir_res_loss: 1.5336, size_class_loss: 0.8744, size_res_loss: 0.3473, loss: 13.1219, grad_norm: 7.7342
2026-05-03 15:24:17,503 - mmdet - INFO - Epoch [1][1100/1652]	lr: 8.000e-03, eta: 3:55:02, time: 0.240, data_time: 0.017, memory: 8298, vote_loss: 6.1143, objectness_loss: 0.4393, semantic_loss: 0.8734, center_loss: 0.8568, dir_class_loss: 2.0596, dir_res_loss: 1.7958, size_class_loss: 0.8734, size_res_loss: 0.3485, loss: 13.3610, grad_norm: 7.4060
2026-05-03 15:24:29,417 - mmdet - INFO - Epoch [1][1150/1652]	lr: 8.000e-03, eta: 3:54:42, time: 0.238, data_time: 0.016, memory: 8298, vote_loss: 6.1567, objectness_loss: 0.4906, semantic_loss: 0.8885, center_loss: 0.8264, dir_class_loss: 2.0759, dir_res_loss: 1.6175, size_class_loss: 0.8875, size_res_loss: 0.3113, loss: 13.2543, grad_norm: 6.8850
2026-05-03 15:24:41,253 - mmdet - INFO - Epoch [1][1200/1652]	lr: 8.000e-03, eta: 3:54:18, time: 0.237, data_time: 0.016, memory: 8298, vote_loss: 6.1276, objectness_loss: 0.4807, semantic_loss: 0.8632, center_loss: 0.8092, dir_class_loss: 1.9798, dir_res_loss: 1.6196, size_class_loss: 0.8633, size_res_loss: 0.3223, loss: 13.0657, grad_norm: 7.0422
2026-05-03 15:24:53,166 - mmdet - INFO - Epoch [1][1250/1652]	lr: 8.000e-03, eta: 3:53:59, time: 0.238, data_time: 0.016, memory: 8298, vote_loss: 5.8700, objectness_loss: 0.4797, semantic_loss: 0.7770, center_loss: 0.7738, dir_class_loss: 2.0076, dir_res_loss: 1.7383, size_class_loss: 0.7766, size_res_loss: 0.3136, loss: 12.7365, grad_norm: 6.6787
2026-05-03 15:25:05,048 - mmdet - INFO - Epoch [1][1300/1652]	lr: 8.000e-03, eta: 3:53:39, time: 0.238, data_time: 0.016, memory: 8298, vote_loss: 5.9662, objectness_loss: 0.4834, semantic_loss: 0.8592, center_loss: 0.7872, dir_class_loss: 2.0377, dir_res_loss: 1.6518, size_class_loss: 0.8591, size_res_loss: 0.3530, loss: 12.9976, grad_norm: 7.1820
2026-05-03 15:25:16,949 - mmdet - INFO - Epoch [1][1350/1652]	lr: 8.000e-03, eta: 3:53:21, time: 0.238, data_time: 0.016, memory: 8298, vote_loss: 5.8463, objectness_loss: 0.4857, semantic_loss: 0.7962, center_loss: 0.7603, dir_class_loss: 1.9841, dir_res_loss: 1.7357, size_class_loss: 0.7955, size_res_loss: 0.3255, loss: 12.7293, grad_norm: 7.3855
2026-05-03 15:25:28,878 - mmdet - INFO - Epoch [1][1400/1652]	lr: 8.000e-03, eta: 3:53:04, time: 0.239, data_time: 0.016, memory: 8298, vote_loss: 5.9725, objectness_loss: 0.4967, semantic_loss: 0.8428, center_loss: 0.7686, dir_class_loss: 2.0100, dir_res_loss: 1.6037, size_class_loss: 0.8430, size_res_loss: 0.3032, loss: 12.8405, grad_norm: 6.6285
2026-05-03 15:25:40,778 - mmdet - INFO - Epoch [1][1450/1652]	lr: 8.000e-03, eta: 3:52:46, time: 0.238, data_time: 0.016, memory: 8298, vote_loss: 5.8831, objectness_loss: 0.4440, semantic_loss: 0.7733, center_loss: 0.7475, dir_class_loss: 1.9971, dir_res_loss: 1.6506, size_class_loss: 0.7728, size_res_loss: 0.3356, loss: 12.6040, grad_norm: 6.9895
2026-05-03 15:25:52,654 - mmdet - INFO - Epoch [1][1500/1652]	lr: 8.000e-03, eta: 3:52:28, time: 0.238, data_time: 0.016, memory: 8298, vote_loss: 6.1420, objectness_loss: 0.4531, semantic_loss: 0.7771, center_loss: 0.7811, dir_class_loss: 1.9083, dir_res_loss: 1.6246, size_class_loss: 0.7766, size_res_loss: 0.3429, loss: 12.8059, grad_norm: 7.1952
2026-05-03 15:26:04,599 - mmdet - INFO - Epoch [1][1550/1652]	lr: 8.000e-03, eta: 3:52:13, time: 0.239, data_time: 0.016, memory: 8298, vote_loss: 5.8632, objectness_loss: 0.4879, semantic_loss: 0.7689, center_loss: 0.7804, dir_class_loss: 1.9406, dir_res_loss: 1.6624, size_class_loss: 0.7684, size_res_loss: 0.3497, loss: 12.6217, grad_norm: 6.6811
2026-05-03 15:26:16,524 - mmdet - INFO - Epoch [1][1600/1652]	lr: 8.000e-03, eta: 3:51:57, time: 0.239, data_time: 0.017, memory: 8298, vote_loss: 5.9498, objectness_loss: 0.4830, semantic_loss: 0.7574, center_loss: 0.7582, dir_class_loss: 1.9058, dir_res_loss: 1.4783, size_class_loss: 0.7574, size_res_loss: 0.3073, loss: 12.3972, grad_norm: 6.6302
2026-05-03 15:26:28,598 - mmdet - INFO - Epoch [1][1650/1652]	lr: 8.000e-03, eta: 3:51:47, time: 0.241, data_time: 0.017, memory: 8298, vote_loss: 6.2198, objectness_loss: 0.4870, semantic_loss: 0.7991, center_loss: 0.7640, dir_class_loss: 1.9075, dir_res_loss: 1.7218, size_class_loss: 0.7991, size_res_loss: 0.3431, loss: 13.0413, grad_norm: 6.8669
2026-05-03 15:26:29,115 - mmdet - INFO - Saving checkpoint at 1 epochs
2026-05-03 15:26:44,157 - mmdet - INFO - Epoch [2][50/1652]	lr: 8.000e-03, eta: 3:52:59, time: 0.300, data_time: 0.071, memory: 8298, vote_loss: 6.0220, objectness_loss: 0.4994, semantic_loss: 0.8698, center_loss: 0.7651, dir_class_loss: 1.9179, dir_res_loss: 1.5725, size_class_loss: 0.8688, size_res_loss: 0.3304, loss: 12.8461, grad_norm: 7.0123
2026-05-03 15:26:56,284 - mmdet - INFO - Epoch [2][100/1652]	lr: 8.000e-03, eta: 3:52:47, time: 0.243, data_time: 0.016, memory: 8298, vote_loss: 5.7889, objectness_loss: 0.4899, semantic_loss: 0.8244, center_loss: 0.7760, dir_class_loss: 1.9144, dir_res_loss: 1.6177, size_class_loss: 0.8242, size_res_loss: 0.3226, loss: 12.5580, grad_norm: 6.4308
2026-05-03 15:27:08,208 - mmdet - INFO - Epoch [2][150/1652]	lr: 8.000e-03, eta: 3:52:30, time: 0.238, data_time: 0.016, memory: 8298, vote_loss: 5.9040, objectness_loss: 0.4708, semantic_loss: 0.7764, center_loss: 0.7430, dir_class_loss: 1.8502, dir_res_loss: 1.6461, size_class_loss: 0.7762, size_res_loss: 0.3180, loss: 12.4846, grad_norm: 7.1956
2026-05-03 15:27:20,065 - mmdet - INFO - Epoch [2][200/1652]	lr: 8.000e-03, eta: 3:52:10, time: 0.237, data_time: 0.016, memory: 8298, vote_loss: 6.0618, objectness_loss: 0.4853, semantic_loss: 0.7271, center_loss: 0.7228, dir_class_loss: 1.8657, dir_res_loss: 1.7130, size_class_loss: 0.7272, size_res_loss: 0.3151, loss: 12.6179, grad_norm: 6.6462
2026-05-03 15:27:31,915 - mmdet - INFO - Epoch [2][250/1652]	lr: 8.000e-03, eta: 3:51:51, time: 0.237, data_time: 0.015, memory: 8298, vote_loss: 5.7049, objectness_loss: 0.4670, semantic_loss: 0.7624, center_loss: 0.7497, dir_class_loss: 1.8455, dir_res_loss: 1.6586, size_class_loss: 0.7624, size_res_loss: 0.2886, loss: 12.2391, grad_norm: 7.0820
2026-05-03 15:27:43,725 - mmdet - INFO - Epoch [2][300/1652]	lr: 8.000e-03, eta: 3:51:31, time: 0.236, data_time: 0.014, memory: 8298, vote_loss: 6.0248, objectness_loss: 0.4621, semantic_loss: 0.7227, center_loss: 0.7025, dir_class_loss: 1.8753, dir_res_loss: 1.6063, size_class_loss: 0.7228, size_res_loss: 0.3403, loss: 12.4569, grad_norm: 7.2921
2026-05-03 15:27:55,634 - mmdet - INFO - Epoch [2][350/1652]	lr: 8.000e-03, eta: 3:51:14, time: 0.238, data_time: 0.016, memory: 8298, vote_loss: 5.8136, objectness_loss: 0.4187, semantic_loss: 0.7511, center_loss: 0.7661, dir_class_loss: 1.8463, dir_res_loss: 1.6451, size_class_loss: 0.7509, size_res_loss: 0.3260, loss: 12.3177, grad_norm: 7.5228
2026-05-03 15:28:07,448 - mmdet - INFO - Epoch [2][400/1652]	lr: 8.000e-03, eta: 3:50:55, time: 0.236, data_time: 0.015, memory: 8298, vote_loss: 6.0401, objectness_loss: 0.4502, semantic_loss: 0.7957, center_loss: 0.7378, dir_class_loss: 1.8233, dir_res_loss: 1.6042, size_class_loss: 0.7955, size_res_loss: 0.3525, loss: 12.5993, grad_norm: 7.7350
2026-05-03 15:28:19,368 - mmdet - INFO - Epoch [2][450/1652]	lr: 8.000e-03, eta: 3:50:39, time: 0.238, data_time: 0.016, memory: 8298, vote_loss: 5.9520, objectness_loss: 0.4516, semantic_loss: 0.7636, center_loss: 0.7106, dir_class_loss: 1.7900, dir_res_loss: 1.7105, size_class_loss: 0.7634, size_res_loss: 0.3193, loss: 12.4610, grad_norm: 6.6851
2026-05-03 15:28:31,195 - mmdet - INFO - Epoch [2][500/1652]	lr: 8.000e-03, eta: 3:50:20, time: 0.237, data_time: 0.015, memory: 8298, vote_loss: 6.0948, objectness_loss: 0.4575, semantic_loss: 0.7861, center_loss: 0.7076, dir_class_loss: 1.8341, dir_res_loss: 1.5744, size_class_loss: 0.7859, size_res_loss: 0.3247, loss: 12.5651, grad_norm: 7.2577
2026-05-03 15:28:43,085 - mmdet - INFO - Epoch [2][550/1652]	lr: 8.000e-03, eta: 3:50:04, time: 0.238, data_time: 0.016, memory: 8298, vote_loss: 5.9785, objectness_loss: 0.4451, semantic_loss: 0.6574, center_loss: 0.6989, dir_class_loss: 1.8027, dir_res_loss: 1.6756, size_class_loss: 0.6571, size_res_loss: 0.3179, loss: 12.2332, grad_norm: 6.5318
2026-05-03 15:28:54,903 - mmdet - INFO - Epoch [2][600/1652]	lr: 8.000e-03, eta: 3:49:46, time: 0.236, data_time: 0.015, memory: 8298, vote_loss: 5.9007, objectness_loss: 0.4299, semantic_loss: 0.6986, center_loss: 0.7391, dir_class_loss: 1.8390, dir_res_loss: 1.4738, size_class_loss: 0.6987, size_res_loss: 0.3143, loss: 12.0940, grad_norm: 6.6914
2026-05-03 15:29:06,750 - mmdet - INFO - Epoch [2][650/1652]	lr: 8.000e-03, eta: 3:49:29, time: 0.237, data_time: 0.015, memory: 8298, vote_loss: 6.0558, objectness_loss: 0.4632, semantic_loss: 0.7583, center_loss: 0.7232, dir_class_loss: 1.8408, dir_res_loss: 1.6375, size_class_loss: 0.7582, size_res_loss: 0.3471, loss: 12.5841, grad_norm: 7.3008
2026-05-03 15:29:18,646 - mmdet - INFO - Epoch [2][700/1652]	lr: 8.000e-03, eta: 3:49:13, time: 0.238, data_time: 0.016, memory: 8298, vote_loss: 5.8091, objectness_loss: 0.4597, semantic_loss: 0.7790, center_loss: 0.7293, dir_class_loss: 1.7604, dir_res_loss: 1.5731, size_class_loss: 0.7786, size_res_loss: 0.2856, loss: 12.1749, grad_norm: 6.9286
2026-05-03 15:29:30,531 - mmdet - INFO - Epoch [2][750/1652]	lr: 8.000e-03, eta: 3:48:58, time: 0.238, data_time: 0.016, memory: 8298, vote_loss: 6.0910, objectness_loss: 0.4460, semantic_loss: 0.7379, center_loss: 0.6985, dir_class_loss: 1.8744, dir_res_loss: 1.5643, size_class_loss: 0.7376, size_res_loss: 0.3425, loss: 12.4923, grad_norm: 6.0679
2026-05-03 15:29:42,425 - mmdet - INFO - Epoch [2][800/1652]	lr: 8.000e-03, eta: 3:48:42, time: 0.238, data_time: 0.016, memory: 8298, vote_loss: 5.8271, objectness_loss: 0.4315, semantic_loss: 0.6692, center_loss: 0.7110, dir_class_loss: 1.7808, dir_res_loss: 1.5982, size_class_loss: 0.6687, size_res_loss: 0.3413, loss: 12.0278, grad_norm: 7.0949
2026-05-03 15:29:54,258 - mmdet - INFO - Epoch [2][850/1652]	lr: 8.000e-03, eta: 3:48:26, time: 0.237, data_time: 0.016, memory: 8298, vote_loss: 5.8535, objectness_loss: 0.4210, semantic_loss: 0.6818, center_loss: 0.7578, dir_class_loss: 1.7821, dir_res_loss: 1.6415, size_class_loss: 0.6818, size_res_loss: 0.2881, loss: 12.1077, grad_norm: 7.2497
2026-05-03 15:30:06,100 - mmdet - INFO - Epoch [2][900/1652]	lr: 8.000e-03, eta: 3:48:09, time: 0.237, data_time: 0.016, memory: 8298, vote_loss: 5.8934, objectness_loss: 0.4181, semantic_loss: 0.6576, center_loss: 0.7165, dir_class_loss: 1.7806, dir_res_loss: 1.6925, size_class_loss: 0.6576, size_res_loss: 0.3471, loss: 12.1636, grad_norm: 7.0067
2026-05-03 15:30:18,012 - mmdet - INFO - Epoch [2][950/1652]	lr: 8.000e-03, eta: 3:47:55, time: 0.238, data_time: 0.016, memory: 8298, vote_loss: 5.7689, objectness_loss: 0.4180, semantic_loss: 0.6454, center_loss: 0.6697, dir_class_loss: 1.7123, dir_res_loss: 1.5180, size_class_loss: 0.6452, size_res_loss: 0.3596, loss: 11.7371, grad_norm: 6.4700
2026-05-03 15:30:29,919 - mmdet - INFO - Epoch [2][1000/1652]	lr: 8.000e-03, eta: 3:47:40, time: 0.238, data_time: 0.016, memory: 8298, vote_loss: 5.5730, objectness_loss: 0.4396, semantic_loss: 0.6407, center_loss: 0.6849, dir_class_loss: 1.7112, dir_res_loss: 1.6100, size_class_loss: 0.6405, size_res_loss: 0.3213, loss: 11.6211, grad_norm: 6.7063
2026-05-03 15:30:41,801 - mmdet - INFO - Epoch [2][1050/1652]	lr: 8.000e-03, eta: 3:47:25, time: 0.238, data_time: 0.016, memory: 8298, vote_loss: 6.0545, objectness_loss: 0.4407, semantic_loss: 0.6653, center_loss: 0.7141, dir_class_loss: 1.6724, dir_res_loss: 1.4473, size_class_loss: 0.6653, size_res_loss: 0.3386, loss: 11.9982, grad_norm: 6.8554
2026-05-03 15:30:53,689 - mmdet - INFO - Epoch [2][1100/1652]	lr: 8.000e-03, eta: 3:47:11, time: 0.238, data_time: 0.015, memory: 8298, vote_loss: 5.7964, objectness_loss: 0.4625, semantic_loss: 0.6703, center_loss: 0.6814, dir_class_loss: 1.7669, dir_res_loss: 1.5375, size_class_loss: 0.6705, size_res_loss: 0.3249, loss: 11.9105, grad_norm: 6.6409
2026-05-03 15:31:05,766 - mmdet - INFO - Epoch [2][1150/1652]	lr: 8.000e-03, eta: 3:47:00, time: 0.242, data_time: 0.019, memory: 8298, vote_loss: 5.6839, objectness_loss: 0.4692, semantic_loss: 0.6573, center_loss: 0.6699, dir_class_loss: 1.6977, dir_res_loss: 1.6910, size_class_loss: 0.6569, size_res_loss: 0.3560, loss: 11.8819, grad_norm: 7.2179
2026-05-03 15:31:17,608 - mmdet - INFO - Epoch [2][1200/1652]	lr: 8.000e-03, eta: 3:46:44, time: 0.237, data_time: 0.015, memory: 8298, vote_loss: 5.8781, objectness_loss: 0.4602, semantic_loss: 0.6919, center_loss: 0.6789, dir_class_loss: 1.7008, dir_res_loss: 1.5467, size_class_loss: 0.6920, size_res_loss: 0.4234, loss: 12.0719, grad_norm: 7.0773
2026-05-03 15:31:29,506 - mmdet - INFO - Epoch [2][1250/1652]	lr: 8.000e-03, eta: 3:46:30, time: 0.238, data_time: 0.016, memory: 8298, vote_loss: 5.5106, objectness_loss: 0.4351, semantic_loss: 0.7806, center_loss: 0.6276, dir_class_loss: 1.8004, dir_res_loss: 1.5278, size_class_loss: 0.7803, size_res_loss: 0.2969, loss: 11.7593, grad_norm: 6.9459
2026-05-03 15:31:41,342 - mmdet - INFO - Epoch [2][1300/1652]	lr: 8.000e-03, eta: 3:46:15, time: 0.237, data_time: 0.015, memory: 8298, vote_loss: 5.4997, objectness_loss: 0.4326, semantic_loss: 0.7020, center_loss: 0.6683, dir_class_loss: 1.6717, dir_res_loss: 1.5176, size_class_loss: 0.7017, size_res_loss: 0.3258, loss: 11.5193, grad_norm: 7.0114
2026-05-03 15:31:53,216 - mmdet - INFO - Epoch [2][1350/1652]	lr: 8.000e-03, eta: 3:46:00, time: 0.237, data_time: 0.015, memory: 8298, vote_loss: 5.2205, objectness_loss: 0.4914, semantic_loss: 0.7408, center_loss: 0.7896, dir_class_loss: 1.7344, dir_res_loss: 1.3980, size_class_loss: 0.7407, size_res_loss: 0.3272, loss: 11.4426, grad_norm: 7.8542
2026-05-03 15:32:05,103 - mmdet - INFO - Epoch [2][1400/1652]	lr: 8.000e-03, eta: 3:45:46, time: 0.238, data_time: 0.016, memory: 8298, vote_loss: 5.2047, objectness_loss: 0.4846, semantic_loss: 0.7133, center_loss: 0.7101, dir_class_loss: 1.6500, dir_res_loss: 1.4844, size_class_loss: 0.7133, size_res_loss: 0.3182, loss: 11.2785, grad_norm: 6.9842
2026-05-03 15:32:16,985 - mmdet - INFO - Epoch [2][1450/1652]	lr: 8.000e-03, eta: 3:45:32, time: 0.238, data_time: 0.016, memory: 8298, vote_loss: 5.2303, objectness_loss: 0.4499, semantic_loss: 0.6884, center_loss: 0.6808, dir_class_loss: 1.6889, dir_res_loss: 1.4915, size_class_loss: 0.6882, size_res_loss: 0.3389, loss: 11.2569, grad_norm: 7.2883
2026-05-03 15:32:28,789 - mmdet - INFO - Epoch [2][1500/1652]	lr: 8.000e-03, eta: 3:45:16, time: 0.236, data_time: 0.015, memory: 8298, vote_loss: 5.0933, objectness_loss: 0.4658, semantic_loss: 0.6998, center_loss: 0.6950, dir_class_loss: 1.5620, dir_res_loss: 1.5203, size_class_loss: 0.6997, size_res_loss: 0.3228, loss: 11.0587, grad_norm: 7.6909
2026-05-03 15:32:40,611 - mmdet - INFO - Epoch [2][1550/1652]	lr: 8.000e-03, eta: 3:45:01, time: 0.236, data_time: 0.015, memory: 8298, vote_loss: 5.2136, objectness_loss: 0.4778, semantic_loss: 0.6800, center_loss: 0.7649, dir_class_loss: 1.5784, dir_res_loss: 1.4320, size_class_loss: 0.6800, size_res_loss: 0.3064, loss: 11.1332, grad_norm: 7.7041
2026-05-03 15:32:52,560 - mmdet - INFO - Epoch [2][1600/1652]	lr: 8.000e-03, eta: 3:44:48, time: 0.239, data_time: 0.016, memory: 8298, vote_loss: 5.3233, objectness_loss: 0.4628, semantic_loss: 0.6690, center_loss: 0.7335, dir_class_loss: 1.6358, dir_res_loss: 1.4660, size_class_loss: 0.6685, size_res_loss: 0.3434, loss: 11.3023, grad_norm: 7.5630
2026-05-03 15:33:04,437 - mmdet - INFO - Epoch [2][1650/1652]	lr: 8.000e-03, eta: 3:44:34, time: 0.238, data_time: 0.016, memory: 8298, vote_loss: 5.1248, objectness_loss: 0.4472, semantic_loss: 0.6810, center_loss: 0.6731, dir_class_loss: 1.5252, dir_res_loss: 1.4496, size_class_loss: 0.6810, size_res_loss: 0.3555, loss: 10.9374, grad_norm: 7.3548
2026-05-03 15:33:04,939 - mmdet - INFO - Saving checkpoint at 2 epochs
2026-05-03 15:33:20,147 - mmdet - INFO - Epoch [3][50/1652]	lr: 8.000e-03, eta: 3:45:07, time: 0.303, data_time: 0.072, memory: 8298, vote_loss: 5.1436, objectness_loss: 0.4765, semantic_loss: 0.6912, center_loss: 0.7278, dir_class_loss: 1.5933, dir_res_loss: 1.4889, size_class_loss: 0.6913, size_res_loss: 0.3180, loss: 11.1307, grad_norm: 7.3573
2026-05-03 15:33:32,122 - mmdet - INFO - Epoch [3][100/1652]	lr: 8.000e-03, eta: 3:44:54, time: 0.239, data_time: 0.016, memory: 8298, vote_loss: 5.0085, objectness_loss: 0.4485, semantic_loss: 0.6591, center_loss: 0.8172, dir_class_loss: 1.6031, dir_res_loss: 1.4446, size_class_loss: 0.6591, size_res_loss: 0.3194, loss: 10.9596, grad_norm: 8.7219
2026-05-03 15:33:44,152 - mmdet - INFO - Epoch [3][150/1652]	lr: 8.000e-03, eta: 3:44:42, time: 0.241, data_time: 0.016, memory: 8298, vote_loss: 4.9359, objectness_loss: 0.4545, semantic_loss: 0.6434, center_loss: 0.7430, dir_class_loss: 1.5729, dir_res_loss: 1.3222, size_class_loss: 0.6432, size_res_loss: 0.3298, loss: 10.6448, grad_norm: 7.8851
2026-05-03 15:33:56,110 - mmdet - INFO - Epoch [3][200/1652]	lr: 8.000e-03, eta: 3:44:28, time: 0.239, data_time: 0.016, memory: 8298, vote_loss: 4.8272, objectness_loss: 0.4279, semantic_loss: 0.5755, center_loss: 0.7138, dir_class_loss: 1.6064, dir_res_loss: 1.4870, size_class_loss: 0.5754, size_res_loss: 0.3315, loss: 10.5447, grad_norm: 7.9147
2026-05-03 15:34:08,071 - mmdet - INFO - Epoch [3][250/1652]	lr: 8.000e-03, eta: 3:44:15, time: 0.239, data_time: 0.016, memory: 8298, vote_loss: 5.0944, objectness_loss: 0.4771, semantic_loss: 0.6992, center_loss: 0.7008, dir_class_loss: 1.5992, dir_res_loss: 1.3581, size_class_loss: 0.6993, size_res_loss: 0.3516, loss: 10.9796, grad_norm: 7.3440
2026-05-03 15:34:20,052 - mmdet - INFO - Epoch [3][300/1652]	lr: 8.000e-03, eta: 3:44:02, time: 0.240, data_time: 0.016, memory: 8298, vote_loss: 5.1480, objectness_loss: 0.4581, semantic_loss: 0.5562, center_loss: 0.6382, dir_class_loss: 1.5522, dir_res_loss: 1.3545, size_class_loss: 0.5562, size_res_loss: 0.3419, loss: 10.6053, grad_norm: 6.8816
2026-05-03 15:34:31,997 - mmdet - INFO - Epoch [3][350/1652]	lr: 8.000e-03, eta: 3:43:49, time: 0.239, data_time: 0.016, memory: 8298, vote_loss: 5.0867, objectness_loss: 0.4599, semantic_loss: 0.6114, center_loss: 0.6684, dir_class_loss: 1.5505, dir_res_loss: 1.3829, size_class_loss: 0.6111, size_res_loss: 0.3236, loss: 10.6945, grad_norm: 7.7085
2026-05-03 15:34:43,969 - mmdet - INFO - Epoch [3][400/1652]	lr: 8.000e-03, eta: 3:43:36, time: 0.239, data_time: 0.016, memory: 8298, vote_loss: 4.9895, objectness_loss: 0.4742, semantic_loss: 0.7018, center_loss: 0.6686, dir_class_loss: 1.5565, dir_res_loss: 1.4025, size_class_loss: 0.7015, size_res_loss: 0.3478, loss: 10.8423, grad_norm: 6.6676
2026-05-03 15:34:55,926 - mmdet - INFO - Epoch [3][450/1652]	lr: 8.000e-03, eta: 3:43:23, time: 0.239, data_time: 0.016, memory: 8298, vote_loss: 5.0517, objectness_loss: 0.4562, semantic_loss: 0.6624, center_loss: 0.6902, dir_class_loss: 1.5497, dir_res_loss: 1.4484, size_class_loss: 0.6624, size_res_loss: 0.3202, loss: 10.8412, grad_norm: 7.4291
2026-05-03 15:35:07,835 - mmdet - INFO - Epoch [3][500/1652]	lr: 8.000e-03, eta: 3:43:09, time: 0.238, data_time: 0.016, memory: 8298, vote_loss: 4.8521, objectness_loss: 0.4375, semantic_loss: 0.6335, center_loss: 0.6942, dir_class_loss: 1.5475, dir_res_loss: 1.4968, size_class_loss: 0.6334, size_res_loss: 0.3090, loss: 10.6040, grad_norm: 9.0057
2026-05-03 15:35:19,983 - mmdet - INFO - Epoch [3][550/1652]	lr: 8.000e-03, eta: 3:42:59, time: 0.243, data_time: 0.017, memory: 8298, vote_loss: 4.9115, objectness_loss: 0.4549, semantic_loss: 0.5899, center_loss: 0.7165, dir_class_loss: 1.5517, dir_res_loss: 1.4267, size_class_loss: 0.5902, size_res_loss: 0.3243, loss: 10.5657, grad_norm: 7.9315
2026-05-03 15:35:31,923 - mmdet - INFO - Epoch [3][600/1652]	lr: 8.000e-03, eta: 3:42:46, time: 0.239, data_time: 0.016, memory: 8298, vote_loss: 4.9810, objectness_loss: 0.4952, semantic_loss: 0.6484, center_loss: 0.6368, dir_class_loss: 1.4716, dir_res_loss: 1.3444, size_class_loss: 0.6484, size_res_loss: 0.3371, loss: 10.5629, grad_norm: 6.8884
2026-05-03 15:35:43,853 - mmdet - INFO - Epoch [3][650/1652]	lr: 8.000e-03, eta: 3:42:32, time: 0.239, data_time: 0.016, memory: 8298, vote_loss: 4.8696, objectness_loss: 0.4595, semantic_loss: 0.6863, center_loss: 0.6709, dir_class_loss: 1.6112, dir_res_loss: 1.4156, size_class_loss: 0.6863, size_res_loss: 0.3277, loss: 10.7271, grad_norm: 7.3107
2026-05-03 15:35:55,778 - mmdet - INFO - Epoch [3][700/1652]	lr: 8.000e-03, eta: 3:42:19, time: 0.239, data_time: 0.016, memory: 8298, vote_loss: 4.7995, objectness_loss: 0.4742, semantic_loss: 0.6389, center_loss: 0.6663, dir_class_loss: 1.4606, dir_res_loss: 1.2894, size_class_loss: 0.6386, size_res_loss: 0.3279, loss: 10.2954, grad_norm: 7.8563
2026-05-03 15:36:07,755 - mmdet - INFO - Epoch [3][750/1652]	lr: 8.000e-03, eta: 3:42:06, time: 0.240, data_time: 0.017, memory: 8298, vote_loss: 4.8697, objectness_loss: 0.4769, semantic_loss: 0.6161, center_loss: 0.7255, dir_class_loss: 1.5314, dir_res_loss: 1.3633, size_class_loss: 0.6161, size_res_loss: 0.3298, loss: 10.5287, grad_norm: 8.2950
2026-05-03 15:36:19,681 - mmdet - INFO - Epoch [3][800/1652]	lr: 8.000e-03, eta: 3:41:53, time: 0.239, data_time: 0.016, memory: 8298, vote_loss: 4.9862, objectness_loss: 0.4859, semantic_loss: 0.6825, center_loss: 0.6661, dir_class_loss: 1.4633, dir_res_loss: 1.4000, size_class_loss: 0.6827, size_res_loss: 0.3724, loss: 10.7392, grad_norm: 8.0765
2026-05-03 15:36:31,549 - mmdet - INFO - Epoch [3][850/1652]	lr: 8.000e-03, eta: 3:41:39, time: 0.237, data_time: 0.015, memory: 8298, vote_loss: 4.9866, objectness_loss: 0.4336, semantic_loss: 0.6677, center_loss: 0.6915, dir_class_loss: 1.5114, dir_res_loss: 1.2832, size_class_loss: 0.6676, size_res_loss: 0.3082, loss: 10.5499, grad_norm: 7.5101
2026-05-03 15:36:43,486 - mmdet - INFO - Epoch [3][900/1652]	lr: 8.000e-03, eta: 3:41:26, time: 0.239, data_time: 0.016, memory: 8298, vote_loss: 4.9608, objectness_loss: 0.4411, semantic_loss: 0.6630, center_loss: 0.6980, dir_class_loss: 1.4674, dir_res_loss: 1.2794, size_class_loss: 0.6628, size_res_loss: 0.3597, loss: 10.5322, grad_norm: 7.9545
2026-05-03 15:36:55,430 - mmdet - INFO - Epoch [3][950/1652]	lr: 8.000e-03, eta: 3:41:13, time: 0.239, data_time: 0.017, memory: 8298, vote_loss: 4.7851, objectness_loss: 0.5170, semantic_loss: 0.6427, center_loss: 0.6574, dir_class_loss: 1.5159, dir_res_loss: 1.2655, size_class_loss: 0.6427, size_res_loss: 0.3278, loss: 10.3541, grad_norm: 7.1805
2026-05-03 15:37:07,312 - mmdet - INFO - Epoch [3][1000/1652]	lr: 8.000e-03, eta: 3:40:59, time: 0.238, data_time: 0.016, memory: 8298, vote_loss: 4.8536, objectness_loss: 0.4764, semantic_loss: 0.6595, center_loss: 0.6565, dir_class_loss: 1.4294, dir_res_loss: 1.2351, size_class_loss: 0.6594, size_res_loss: 0.2898, loss: 10.2597, grad_norm: 7.8437
2026-05-03 15:37:19,209 - mmdet - INFO - Epoch [3][1050/1652]	lr: 8.000e-03, eta: 3:40:45, time: 0.238, data_time: 0.016, memory: 8298, vote_loss: 4.6435, objectness_loss: 0.4844, semantic_loss: 0.6903, center_loss: 0.6400, dir_class_loss: 1.5188, dir_res_loss: 1.3152, size_class_loss: 0.6904, size_res_loss: 0.3337, loss: 10.3162, grad_norm: 7.2586
2026-05-03 15:37:31,124 - mmdet - INFO - Epoch [3][1100/1652]	lr: 8.000e-03, eta: 3:40:32, time: 0.238, data_time: 0.016, memory: 8298, vote_loss: 4.8473, objectness_loss: 0.4411, semantic_loss: 0.6586, center_loss: 0.6806, dir_class_loss: 1.5515, dir_res_loss: 1.4207, size_class_loss: 0.6585, size_res_loss: 0.3244, loss: 10.5827, grad_norm: 7.6338
2026-05-03 15:37:43,060 - mmdet - INFO - Epoch [3][1150/1652]	lr: 8.000e-03, eta: 3:40:19, time: 0.239, data_time: 0.016, memory: 8298, vote_loss: 4.8662, objectness_loss: 0.4348, semantic_loss: 0.6213, center_loss: 0.6843, dir_class_loss: 1.4340, dir_res_loss: 1.4171, size_class_loss: 0.6212, size_res_loss: 0.3384, loss: 10.4174, grad_norm: 8.3773
2026-05-03 15:37:54,964 - mmdet - INFO - Epoch [3][1200/1652]	lr: 8.000e-03, eta: 3:40:06, time: 0.238, data_time: 0.016, memory: 8298, vote_loss: 4.7684, objectness_loss: 0.4494, semantic_loss: 0.6047, center_loss: 0.6815, dir_class_loss: 1.4850, dir_res_loss: 1.3108, size_class_loss: 0.6047, size_res_loss: 0.3008, loss: 10.2052, grad_norm: 7.9054
2026-05-03 15:38:06,902 - mmdet - INFO - Epoch [3][1250/1652]	lr: 8.000e-03, eta: 3:39:53, time: 0.239, data_time: 0.016, memory: 8298, vote_loss: 4.8650, objectness_loss: 0.4211, semantic_loss: 0.6155, center_loss: 0.6652, dir_class_loss: 1.4845, dir_res_loss: 1.3222, size_class_loss: 0.6156, size_res_loss: 0.3280, loss: 10.3171, grad_norm: 7.3074
2026-05-03 15:38:18,853 - mmdet - INFO - Epoch [3][1300/1652]	lr: 8.000e-03, eta: 3:39:40, time: 0.239, data_time: 0.016, memory: 8298, vote_loss: 4.9061, objectness_loss: 0.4394, semantic_loss: 0.5750, center_loss: 0.6235, dir_class_loss: 1.4129, dir_res_loss: 1.2785, size_class_loss: 0.5749, size_res_loss: 0.3467, loss: 10.1569, grad_norm: 7.0631
2026-05-03 15:38:30,867 - mmdet - INFO - Epoch [3][1350/1652]	lr: 8.000e-03, eta: 3:39:28, time: 0.240, data_time: 0.016, memory: 8298, vote_loss: 4.6372, objectness_loss: 0.4749, semantic_loss: 0.6597, center_loss: 0.6327, dir_class_loss: 1.5160, dir_res_loss: 1.2675, size_class_loss: 0.6598, size_res_loss: 0.3203, loss: 10.1680, grad_norm: 6.6899
2026-05-03 15:38:42,772 - mmdet - INFO - Epoch [3][1400/1652]	lr: 8.000e-03, eta: 3:39:15, time: 0.238, data_time: 0.016, memory: 8298, vote_loss: 4.9721, objectness_loss: 0.4592, semantic_loss: 0.6170, center_loss: 0.6787, dir_class_loss: 1.3777, dir_res_loss: 1.2472, size_class_loss: 0.6170, size_res_loss: 0.3551, loss: 10.3240, grad_norm: 8.2298
2026-05-03 15:38:54,566 - mmdet - INFO - Epoch [3][1450/1652]	lr: 8.000e-03, eta: 3:39:00, time: 0.236, data_time: 0.015, memory: 8298, vote_loss: 4.7975, objectness_loss: 0.4430, semantic_loss: 0.6099, center_loss: 0.6355, dir_class_loss: 1.4363, dir_res_loss: 1.3028, size_class_loss: 0.6099, size_res_loss: 0.3187, loss: 10.1536, grad_norm: 7.7506
2026-05-03 15:39:06,461 - mmdet - INFO - Epoch [3][1500/1652]	lr: 8.000e-03, eta: 3:38:47, time: 0.238, data_time: 0.016, memory: 8298, vote_loss: 4.7641, objectness_loss: 0.4668, semantic_loss: 0.6051, center_loss: 0.6139, dir_class_loss: 1.3825, dir_res_loss: 1.2676, size_class_loss: 0.6050, size_res_loss: 0.3438, loss: 10.0486, grad_norm: 7.6000
2026-05-03 15:39:18,382 - mmdet - INFO - Epoch [3][1550/1652]	lr: 8.000e-03, eta: 3:38:34, time: 0.238, data_time: 0.016, memory: 8298, vote_loss: 4.5230, objectness_loss: 0.4491, semantic_loss: 0.6281, center_loss: 0.6875, dir_class_loss: 1.4725, dir_res_loss: 1.3327, size_class_loss: 0.6281, size_res_loss: 0.3425, loss: 10.0634, grad_norm: 8.5339
2026-05-03 15:39:30,275 - mmdet - INFO - Epoch [3][1600/1652]	lr: 8.000e-03, eta: 3:38:21, time: 0.238, data_time: 0.016, memory: 8298, vote_loss: 4.9817, objectness_loss: 0.4543, semantic_loss: 0.6307, center_loss: 0.6281, dir_class_loss: 1.4039, dir_res_loss: 1.2119, size_class_loss: 0.6307, size_res_loss: 0.3279, loss: 10.2690, grad_norm: 8.1552
2026-05-03 15:39:42,108 - mmdet - INFO - Epoch [3][1650/1652]	lr: 8.000e-03, eta: 3:38:07, time: 0.237, data_time: 0.016, memory: 8298, vote_loss: 4.7815, objectness_loss: 0.4550, semantic_loss: 0.6630, center_loss: 0.7816, dir_class_loss: 1.4411, dir_res_loss: 1.2374, size_class_loss: 0.6628, size_res_loss: 0.3344, loss: 10.3569, grad_norm: 8.5586
2026-05-03 15:39:42,655 - mmdet - INFO - Saving checkpoint at 3 epochs
2026-05-03 15:39:57,521 - mmdet - INFO - Epoch [4][50/1652]	lr: 8.000e-03, eta: 3:38:20, time: 0.296, data_time: 0.072, memory: 8298, vote_loss: 4.9770, objectness_loss: 0.4308, semantic_loss: 0.6004, center_loss: 0.6525, dir_class_loss: 1.3683, dir_res_loss: 1.0431, size_class_loss: 0.6004, size_res_loss: 0.3443, loss: 10.0168, grad_norm: 7.4599
2026-05-03 15:40:09,457 - mmdet - INFO - Epoch [4][100/1652]	lr: 8.000e-03, eta: 3:38:07, time: 0.239, data_time: 0.016, memory: 8298, vote_loss: 4.9737, objectness_loss: 0.4493, semantic_loss: 0.6183, center_loss: 0.6561, dir_class_loss: 1.4356, dir_res_loss: 1.2307, size_class_loss: 0.6184, size_res_loss: 0.3689, loss: 10.3510, grad_norm: 7.5625
2026-05-03 15:40:21,375 - mmdet - INFO - Epoch [4][150/1652]	lr: 8.000e-03, eta: 3:37:54, time: 0.238, data_time: 0.016, memory: 8298, vote_loss: 4.7155, objectness_loss: 0.4482, semantic_loss: 0.5548, center_loss: 0.6738, dir_class_loss: 1.4083, dir_res_loss: 1.1287, size_class_loss: 0.5547, size_res_loss: 0.3282, loss: 9.8123, grad_norm: 7.5855
2026-05-03 15:40:33,276 - mmdet - INFO - Epoch [4][200/1652]	lr: 8.000e-03, eta: 3:37:40, time: 0.238, data_time: 0.016, memory: 8298, vote_loss: 4.6783, objectness_loss: 0.4404, semantic_loss: 0.6419, center_loss: 0.6227, dir_class_loss: 1.3932, dir_res_loss: 1.1904, size_class_loss: 0.6420, size_res_loss: 0.3419, loss: 9.9509, grad_norm: 7.5549
2026-05-03 15:40:45,155 - mmdet - INFO - Epoch [4][250/1652]	lr: 8.000e-03, eta: 3:37:27, time: 0.238, data_time: 0.016, memory: 8298, vote_loss: 4.7797, objectness_loss: 0.4454, semantic_loss: 0.5984, center_loss: 0.7027, dir_class_loss: 1.4389, dir_res_loss: 1.1166, size_class_loss: 0.5984, size_res_loss: 0.3455, loss: 10.0255, grad_norm: 7.4799
2026-05-03 15:40:57,204 - mmdet - INFO - Epoch [4][300/1652]	lr: 8.000e-03, eta: 3:37:15, time: 0.241, data_time: 0.016, memory: 8298, vote_loss: 4.6563, objectness_loss: 0.4755, semantic_loss: 0.5565, center_loss: 0.6663, dir_class_loss: 1.3814, dir_res_loss: 1.1201, size_class_loss: 0.5566, size_res_loss: 0.3111, loss: 9.7239, grad_norm: 6.9228
2026-05-03 15:41:09,075 - mmdet - INFO - Epoch [4][350/1652]	lr: 8.000e-03, eta: 3:37:01, time: 0.237, data_time: 0.016, memory: 8298, vote_loss: 4.6404, objectness_loss: 0.4312, semantic_loss: 0.6076, center_loss: 0.6422, dir_class_loss: 1.4209, dir_res_loss: 1.1420, size_class_loss: 0.6077, size_res_loss: 0.2997, loss: 9.7917, grad_norm: 7.9037
2026-05-03 15:41:20,986 - mmdet - INFO - Epoch [4][400/1652]	lr: 8.000e-03, eta: 3:36:48, time: 0.238, data_time: 0.016, memory: 8298, vote_loss: 4.7820, objectness_loss: 0.4390, semantic_loss: 0.6391, center_loss: 0.6833, dir_class_loss: 1.4492, dir_res_loss: 1.2234, size_class_loss: 0.6390, size_res_loss: 0.3141, loss: 10.1691, grad_norm: 7.4308
2026-05-03 15:41:32,866 - mmdet - INFO - Epoch [4][450/1652]	lr: 8.000e-03, eta: 3:36:35, time: 0.238, data_time: 0.016, memory: 8298, vote_loss: 4.6211, objectness_loss: 0.4470, semantic_loss: 0.6363, center_loss: 0.6290, dir_class_loss: 1.3898, dir_res_loss: 1.1846, size_class_loss: 0.6362, size_res_loss: 0.3112, loss: 9.8552, grad_norm: 7.7418
2026-05-03 15:41:44,908 - mmdet - INFO - Epoch [4][500/1652]	lr: 8.000e-03, eta: 3:36:23, time: 0.241, data_time: 0.020, memory: 8298, vote_loss: 4.5446, objectness_loss: 0.4438, semantic_loss: 0.5837, center_loss: 0.6261, dir_class_loss: 1.3360, dir_res_loss: 1.1164, size_class_loss: 0.5836, size_res_loss: 0.3077, loss: 9.5420, grad_norm: 7.3099
2026-05-03 15:41:56,947 - mmdet - INFO - Epoch [4][550/1652]	lr: 8.000e-03, eta: 3:36:11, time: 0.241, data_time: 0.016, memory: 8298, vote_loss: 4.6492, objectness_loss: 0.4459, semantic_loss: 0.6088, center_loss: 0.6084, dir_class_loss: 1.3363, dir_res_loss: 1.1205, size_class_loss: 0.6087, size_res_loss: 0.2985, loss: 9.6764, grad_norm: 7.3229
2026-05-03 15:42:08,843 - mmdet - INFO - Epoch [4][600/1652]	lr: 8.000e-03, eta: 3:35:58, time: 0.238, data_time: 0.016, memory: 8298, vote_loss: 4.6582, objectness_loss: 0.4827, semantic_loss: 0.5994, center_loss: 0.6438, dir_class_loss: 1.3811, dir_res_loss: 1.0401, size_class_loss: 0.5994, size_res_loss: 0.3248, loss: 9.7295, grad_norm: 7.3297
2026-05-03 15:42:20,738 - mmdet - INFO - Epoch [4][650/1652]	lr: 8.000e-03, eta: 3:35:45, time: 0.238, data_time: 0.016, memory: 8298, vote_loss: 4.9482, objectness_loss: 0.4345, semantic_loss: 0.6000, center_loss: 0.6819, dir_class_loss: 1.4194, dir_res_loss: 1.1514, size_class_loss: 0.6000, size_res_loss: 0.3448, loss: 10.1803, grad_norm: 7.9977
2026-05-03 15:42:32,682 - mmdet - INFO - Epoch [4][700/1652]	lr: 8.000e-03, eta: 3:35:32, time: 0.239, data_time: 0.016, memory: 8298, vote_loss: 4.6037, objectness_loss: 0.4649, semantic_loss: 0.6303, center_loss: 0.6102, dir_class_loss: 1.3706, dir_res_loss: 1.1095, size_class_loss: 0.6302, size_res_loss: 0.3412, loss: 9.7606, grad_norm: 6.9578
2026-05-03 15:42:44,587 - mmdet - INFO - Epoch [4][750/1652]	lr: 8.000e-03, eta: 3:35:19, time: 0.238, data_time: 0.016, memory: 8298, vote_loss: 4.6996, objectness_loss: 0.4536, semantic_loss: 0.6234, center_loss: 0.7009, dir_class_loss: 1.3874, dir_res_loss: 1.1744, size_class_loss: 0.6235, size_res_loss: 0.3325, loss: 9.9954, grad_norm: 7.7066
2026-05-03 15:42:56,462 - mmdet - INFO - Epoch [4][800/1652]	lr: 8.000e-03, eta: 3:35:06, time: 0.238, data_time: 0.016, memory: 8298, vote_loss: 4.7746, objectness_loss: 0.4752, semantic_loss: 0.6108, center_loss: 0.6910, dir_class_loss: 1.3269, dir_res_loss: 1.0829, size_class_loss: 0.6107, size_res_loss: 0.3208, loss: 9.8929, grad_norm: 8.3274
2026-05-03 15:43:08,371 - mmdet - INFO - Epoch [4][850/1652]	lr: 8.000e-03, eta: 3:34:53, time: 0.238, data_time: 0.016, memory: 8298, vote_loss: 4.4536, objectness_loss: 0.4254, semantic_loss: 0.6078, center_loss: 0.6049, dir_class_loss: 1.3627, dir_res_loss: 1.1538, size_class_loss: 0.6077, size_res_loss: 0.3112, loss: 9.5270, grad_norm: 7.9519
2026-05-03 15:43:20,251 - mmdet - INFO - Epoch [4][900/1652]	lr: 8.000e-03, eta: 3:34:40, time: 0.238, data_time: 0.016, memory: 8298, vote_loss: 4.6818, objectness_loss: 0.4467, semantic_loss: 0.6418, center_loss: 0.6655, dir_class_loss: 1.2997, dir_res_loss: 1.1347, size_class_loss: 0.6417, size_res_loss: 0.3138, loss: 9.8256, grad_norm: 7.5847
2026-05-03 15:43:32,185 - mmdet - INFO - Epoch [4][950/1652]	lr: 8.000e-03, eta: 3:34:27, time: 0.239, data_time: 0.016, memory: 8298, vote_loss: 4.4251, objectness_loss: 0.4532, semantic_loss: 0.5160, center_loss: 0.6044, dir_class_loss: 1.3065, dir_res_loss: 1.0819, size_class_loss: 0.5161, size_res_loss: 0.3343, loss: 9.2374, grad_norm: 7.2380
2026-05-03 15:43:44,127 - mmdet - INFO - Epoch [4][1000/1652]	lr: 8.000e-03, eta: 3:34:14, time: 0.239, data_time: 0.016, memory: 8298, vote_loss: 4.4747, objectness_loss: 0.4727, semantic_loss: 0.5529, center_loss: 0.6987, dir_class_loss: 1.3321, dir_res_loss: 1.0601, size_class_loss: 0.5529, size_res_loss: 0.3266, loss: 9.4706, grad_norm: 7.3747
2026-05-03 15:43:56,041 - mmdet - INFO - Epoch [4][1050/1652]	lr: 8.000e-03, eta: 3:34:01, time: 0.238, data_time: 0.016, memory: 8298, vote_loss: 4.6552, objectness_loss: 0.4485, semantic_loss: 0.5394, center_loss: 0.6630, dir_class_loss: 1.3137, dir_res_loss: 1.0754, size_class_loss: 0.5394, size_res_loss: 0.3328, loss: 9.5673, grad_norm: 7.7399
2026-05-03 15:44:08,157 - mmdet - INFO - Epoch [4][1100/1652]	lr: 8.000e-03, eta: 3:33:50, time: 0.242, data_time: 0.017, memory: 8298, vote_loss: 4.5847, objectness_loss: 0.4569, semantic_loss: 0.5936, center_loss: 0.6675, dir_class_loss: 1.3392, dir_res_loss: 1.0741, size_class_loss: 0.5934, size_res_loss: 0.3555, loss: 9.6648, grad_norm: 7.1695
2026-05-03 15:44:20,126 - mmdet - INFO - Epoch [4][1150/1652]	lr: 8.000e-03, eta: 3:33:38, time: 0.239, data_time: 0.017, memory: 8298, vote_loss: 4.5190, objectness_loss: 0.4310, semantic_loss: 0.5331, center_loss: 0.6160, dir_class_loss: 1.2810, dir_res_loss: 0.9939, size_class_loss: 0.5330, size_res_loss: 0.3130, loss: 9.2200, grad_norm: 7.9183
2026-05-03 15:44:32,065 - mmdet - INFO - Epoch [4][1200/1652]	lr: 8.000e-03, eta: 3:33:25, time: 0.239, data_time: 0.016, memory: 8298, vote_loss: 4.4177, objectness_loss: 0.4654, semantic_loss: 0.5552, center_loss: 0.5947, dir_class_loss: 1.2450, dir_res_loss: 1.0271, size_class_loss: 0.5551, size_res_loss: 0.2730, loss: 9.1332, grad_norm: 7.4001
2026-05-03 15:44:44,016 - mmdet - INFO - Epoch [4][1250/1652]	lr: 8.000e-03, eta: 3:33:13, time: 0.239, data_time: 0.016, memory: 8298, vote_loss: 4.5341, objectness_loss: 0.4226, semantic_loss: 0.5665, center_loss: 0.5679, dir_class_loss: 1.3023, dir_res_loss: 1.0563, size_class_loss: 0.5665, size_res_loss: 0.2948, loss: 9.3110, grad_norm: 7.2405
2026-05-03 15:44:55,869 - mmdet - INFO - Epoch [4][1300/1652]	lr: 8.000e-03, eta: 3:32:59, time: 0.237, data_time: 0.016, memory: 8298, vote_loss: 4.5900, objectness_loss: 0.4645, semantic_loss: 0.5469, center_loss: 0.6109, dir_class_loss: 1.2375, dir_res_loss: 1.0097, size_class_loss: 0.5470, size_res_loss: 0.3155, loss: 9.3221, grad_norm: 7.2381
2026-05-03 15:45:07,697 - mmdet - INFO - Epoch [4][1350/1652]	lr: 8.000e-03, eta: 3:32:46, time: 0.237, data_time: 0.016, memory: 8298, vote_loss: 4.5360, objectness_loss: 0.4309, semantic_loss: 0.5072, center_loss: 0.6252, dir_class_loss: 1.2246, dir_res_loss: 1.0031, size_class_loss: 0.5073, size_res_loss: 0.3303, loss: 9.1646, grad_norm: 7.5942
2026-05-03 15:45:19,580 - mmdet - INFO - Epoch [4][1400/1652]	lr: 8.000e-03, eta: 3:32:33, time: 0.238, data_time: 0.016, memory: 8298, vote_loss: 4.8649, objectness_loss: 0.4556, semantic_loss: 0.5846, center_loss: 0.6548, dir_class_loss: 1.3043, dir_res_loss: 1.0346, size_class_loss: 0.5847, size_res_loss: 0.3426, loss: 9.8261, grad_norm: 7.6463
2026-05-03 15:45:31,660 - mmdet - INFO - Epoch [4][1450/1652]	lr: 8.000e-03, eta: 3:32:22, time: 0.242, data_time: 0.016, memory: 8298, vote_loss: 4.4937, objectness_loss: 0.4468, semantic_loss: 0.5602, center_loss: 0.6161, dir_class_loss: 1.3336, dir_res_loss: 1.0859, size_class_loss: 0.5602, size_res_loss: 0.3180, loss: 9.4146, grad_norm: 7.7155
2026-05-03 15:45:43,601 - mmdet - INFO - Epoch [4][1500/1652]	lr: 8.000e-03, eta: 3:32:09, time: 0.239, data_time: 0.016, memory: 8298, vote_loss: 4.5700, objectness_loss: 0.4564, semantic_loss: 0.5582, center_loss: 0.6175, dir_class_loss: 1.3076, dir_res_loss: 0.9880, size_class_loss: 0.5583, size_res_loss: 0.3299, loss: 9.3860, grad_norm: 7.7553
2026-05-03 15:45:55,469 - mmdet - INFO - Epoch [4][1550/1652]	lr: 8.000e-03, eta: 3:31:56, time: 0.237, data_time: 0.016, memory: 8298, vote_loss: 4.5549, objectness_loss: 0.4414, semantic_loss: 0.5499, center_loss: 0.6490, dir_class_loss: 1.2728, dir_res_loss: 0.9231, size_class_loss: 0.5498, size_res_loss: 0.3502, loss: 9.2911, grad_norm: 7.7101
2026-05-03 15:46:07,422 - mmdet - INFO - Epoch [4][1600/1652]	lr: 8.000e-03, eta: 3:31:43, time: 0.239, data_time: 0.016, memory: 8298, vote_loss: 4.6383, objectness_loss: 0.4759, semantic_loss: 0.5196, center_loss: 0.6103, dir_class_loss: 1.2529, dir_res_loss: 0.9864, size_class_loss: 0.5196, size_res_loss: 0.3197, loss: 9.3227, grad_norm: 7.6144
2026-05-03 15:46:19,318 - mmdet - INFO - Epoch [4][1650/1652]	lr: 8.000e-03, eta: 3:31:31, time: 0.238, data_time: 0.016, memory: 8298, vote_loss: 4.5400, objectness_loss: 0.4272, semantic_loss: 0.5120, center_loss: 0.6090, dir_class_loss: 1.2225, dir_res_loss: 1.0111, size_class_loss: 0.5119, size_res_loss: 0.3579, loss: 9.1916, grad_norm: 7.2020
2026-05-03 15:46:19,864 - mmdet - INFO - Saving checkpoint at 4 epochs
2026-05-03 15:46:34,698 - mmdet - INFO - Epoch [5][50/1652]	lr: 8.000e-03, eta: 3:31:36, time: 0.296, data_time: 0.071, memory: 8298, vote_loss: 4.5809, objectness_loss: 0.4556, semantic_loss: 0.5338, center_loss: 0.5896, dir_class_loss: 1.2335, dir_res_loss: 1.0082, size_class_loss: 0.5337, size_res_loss: 0.3535, loss: 9.2888, grad_norm: 7.6846
2026-05-03 15:46:46,655 - mmdet - INFO - Epoch [5][100/1652]	lr: 8.000e-03, eta: 3:31:24, time: 0.239, data_time: 0.016, memory: 8298, vote_loss: 4.5263, objectness_loss: 0.4616, semantic_loss: 0.5862, center_loss: 0.6182, dir_class_loss: 1.3234, dir_res_loss: 0.9384, size_class_loss: 0.5861, size_res_loss: 0.3032, loss: 9.3434, grad_norm: 7.6570
2026-05-03 15:46:58,579 - mmdet - INFO - Epoch [5][150/1652]	lr: 8.000e-03, eta: 3:31:11, time: 0.238, data_time: 0.016, memory: 8298, vote_loss: 4.4315, objectness_loss: 0.4165, semantic_loss: 0.5124, center_loss: 0.5626, dir_class_loss: 1.2238, dir_res_loss: 1.0348, size_class_loss: 0.5123, size_res_loss: 0.3344, loss: 9.0283, grad_norm: 7.6309
2026-05-03 15:47:10,518 - mmdet - INFO - Epoch [5][200/1652]	lr: 8.000e-03, eta: 3:30:58, time: 0.239, data_time: 0.016, memory: 8298, vote_loss: 4.4471, objectness_loss: 0.4373, semantic_loss: 0.5540, center_loss: 0.6269, dir_class_loss: 1.2317, dir_res_loss: 0.9782, size_class_loss: 0.5541, size_res_loss: 0.3123, loss: 9.1416, grad_norm: 7.2381
2026-05-03 15:47:22,434 - mmdet - INFO - Epoch [5][250/1652]	lr: 8.000e-03, eta: 3:30:46, time: 0.238, data_time: 0.016, memory: 8298, vote_loss: 4.4755, objectness_loss: 0.4394, semantic_loss: 0.5819, center_loss: 0.6826, dir_class_loss: 1.2073, dir_res_loss: 0.9507, size_class_loss: 0.5819, size_res_loss: 0.3040, loss: 9.2232, grad_norm: 8.0344
2026-05-03 15:47:34,357 - mmdet - INFO - Epoch [5][300/1652]	lr: 8.000e-03, eta: 3:30:33, time: 0.238, data_time: 0.016, memory: 8298, vote_loss: 4.3475, objectness_loss: 0.4317, semantic_loss: 0.5180, center_loss: 0.5756, dir_class_loss: 1.2378, dir_res_loss: 0.9742, size_class_loss: 0.5180, size_res_loss: 0.3145, loss: 8.9172, grad_norm: 7.2010
2026-05-03 15:47:46,255 - mmdet - INFO - Epoch [5][350/1652]	lr: 8.000e-03, eta: 3:30:20, time: 0.238, data_time: 0.016, memory: 8298, vote_loss: 4.5268, objectness_loss: 0.4364, semantic_loss: 0.5425, center_loss: 0.5731, dir_class_loss: 1.2947, dir_res_loss: 0.9154, size_class_loss: 0.5425, size_res_loss: 0.3217, loss: 9.1532, grad_norm: 7.1531
2026-05-03 15:47:58,232 - mmdet - INFO - Epoch [5][400/1652]	lr: 8.000e-03, eta: 3:30:08, time: 0.240, data_time: 0.016, memory: 8298, vote_loss: 4.4959, objectness_loss: 0.4524, semantic_loss: 0.5059, center_loss: 0.5975, dir_class_loss: 1.3124, dir_res_loss: 0.9741, size_class_loss: 0.5059, size_res_loss: 0.3442, loss: 9.1883, grad_norm: 7.6295
2026-05-03 15:48:10,124 - mmdet - INFO - Epoch [5][450/1652]	lr: 8.000e-03, eta: 3:29:55, time: 0.238, data_time: 0.016, memory: 8298, vote_loss: 4.4432, objectness_loss: 0.4372, semantic_loss: 0.5849, center_loss: 0.5633, dir_class_loss: 1.2062, dir_res_loss: 1.0678, size_class_loss: 0.5849, size_res_loss: 0.3026, loss: 9.1902, grad_norm: 6.7648
2026-05-03 15:48:22,069 - mmdet - INFO - Epoch [5][500/1652]	lr: 8.000e-03, eta: 3:29:42, time: 0.239, data_time: 0.016, memory: 8298, vote_loss: 4.3739, objectness_loss: 0.4987, semantic_loss: 0.5721, center_loss: 0.6581, dir_class_loss: 1.2328, dir_res_loss: 0.9564, size_class_loss: 0.5721, size_res_loss: 0.3211, loss: 9.1852, grad_norm: 7.3776
2026-05-03 15:48:34,017 - mmdet - INFO - Epoch [5][550/1652]	lr: 8.000e-03, eta: 3:29:30, time: 0.239, data_time: 0.016, memory: 8298, vote_loss: 4.3642, objectness_loss: 0.4075, semantic_loss: 0.5428, center_loss: 0.5904, dir_class_loss: 1.2327, dir_res_loss: 0.9272, size_class_loss: 0.5428, size_res_loss: 0.2995, loss: 8.9073, grad_norm: 7.5716
2026-05-03 15:48:45,957 - mmdet - INFO - Epoch [5][600/1652]	lr: 8.000e-03, eta: 3:29:17, time: 0.239, data_time: 0.016, memory: 8298, vote_loss: 4.4960, objectness_loss: 0.4484, semantic_loss: 0.6283, center_loss: 0.6075, dir_class_loss: 1.2551, dir_res_loss: 0.9972, size_class_loss: 0.6284, size_res_loss: 0.3242, loss: 9.3850, grad_norm: 7.8649
2026-05-03 15:48:57,877 - mmdet - INFO - Epoch [5][650/1652]	lr: 8.000e-03, eta: 3:29:04, time: 0.238, data_time: 0.016, memory: 8298, vote_loss: 4.5708, objectness_loss: 0.4202, semantic_loss: 0.5626, center_loss: 0.6626, dir_class_loss: 1.2041, dir_res_loss: 0.9354, size_class_loss: 0.5627, size_res_loss: 0.3229, loss: 9.2413, grad_norm: 8.0166
2026-05-03 15:49:10,104 - mmdet - INFO - Epoch [5][700/1652]	lr: 8.000e-03, eta: 3:28:54, time: 0.245, data_time: 0.017, memory: 8298, vote_loss: 4.4106, objectness_loss: 0.4228, semantic_loss: 0.5263, center_loss: 0.5902, dir_class_loss: 1.2418, dir_res_loss: 0.9740, size_class_loss: 0.5263, size_res_loss: 0.3140, loss: 9.0059, grad_norm: 7.7660
2026-05-03 15:49:22,011 - mmdet - INFO - Epoch [5][750/1652]	lr: 8.000e-03, eta: 3:28:41, time: 0.238, data_time: 0.016, memory: 8298, vote_loss: 4.3437, objectness_loss: 0.4666, semantic_loss: 0.5677, center_loss: 0.5801, dir_class_loss: 1.2053, dir_res_loss: 0.9466, size_class_loss: 0.5678, size_res_loss: 0.3334, loss: 9.0112, grad_norm: 7.0157
2026-05-03 15:49:33,938 - mmdet - INFO - Epoch [5][800/1652]	lr: 8.000e-03, eta: 3:28:29, time: 0.239, data_time: 0.016, memory: 8298, vote_loss: 4.5412, objectness_loss: 0.4242, semantic_loss: 0.5832, center_loss: 0.6721, dir_class_loss: 1.2648, dir_res_loss: 0.9420, size_class_loss: 0.5831, size_res_loss: 0.3362, loss: 9.3468, grad_norm: 7.2107
2026-05-03 15:49:45,820 - mmdet - INFO - Epoch [5][850/1652]	lr: 8.000e-03, eta: 3:28:16, time: 0.238, data_time: 0.016, memory: 8298, vote_loss: 4.3473, objectness_loss: 0.4609, semantic_loss: 0.4665, center_loss: 0.5766, dir_class_loss: 1.2553, dir_res_loss: 0.9229, size_class_loss: 0.4666, size_res_loss: 0.2990, loss: 8.7950, grad_norm: 7.7709
2026-05-03 15:49:57,679 - mmdet - INFO - Epoch [5][900/1652]	lr: 8.000e-03, eta: 3:28:03, time: 0.237, data_time: 0.016, memory: 8298, vote_loss: 4.5946, objectness_loss: 0.4366, semantic_loss: 0.5756, center_loss: 0.6009, dir_class_loss: 1.2603, dir_res_loss: 0.9561, size_class_loss: 0.5756, size_res_loss: 0.3532, loss: 9.3528, grad_norm: 7.8856
2026-05-03 15:50:09,634 - mmdet - INFO - Epoch [5][950/1652]	lr: 8.000e-03, eta: 3:27:50, time: 0.239, data_time: 0.016, memory: 8298, vote_loss: 4.7834, objectness_loss: 0.4550, semantic_loss: 0.5829, center_loss: 0.6406, dir_class_loss: 1.2043, dir_res_loss: 1.0023, size_class_loss: 0.5830, size_res_loss: 0.3599, loss: 9.6115, grad_norm: 8.0876
2026-05-03 15:50:21,502 - mmdet - INFO - Epoch [5][1000/1652]	lr: 8.000e-03, eta: 3:27:37, time: 0.237, data_time: 0.016, memory: 8298, vote_loss: 4.3309, objectness_loss: 0.4008, semantic_loss: 0.5819, center_loss: 0.6075, dir_class_loss: 1.2094, dir_res_loss: 0.9612, size_class_loss: 0.5819, size_res_loss: 0.3128, loss: 8.9863, grad_norm: 8.3135
2026-05-03 15:50:33,411 - mmdet - INFO - Epoch [5][1050/1652]	lr: 8.000e-03, eta: 3:27:24, time: 0.238, data_time: 0.016, memory: 8298, vote_loss: 4.3829, objectness_loss: 0.4461, semantic_loss: 0.5105, center_loss: 0.5795, dir_class_loss: 1.1569, dir_res_loss: 0.9470, size_class_loss: 0.5105, size_res_loss: 0.2958, loss: 8.8291, grad_norm: 7.3948
2026-05-03 15:50:45,311 - mmdet - INFO - Epoch [5][1100/1652]	lr: 8.000e-03, eta: 3:27:12, time: 0.238, data_time: 0.016, memory: 8298, vote_loss: 4.6707, objectness_loss: 0.4283, semantic_loss: 0.5232, center_loss: 0.5951, dir_class_loss: 1.1611, dir_res_loss: 0.9293, size_class_loss: 0.5231, size_res_loss: 0.3332, loss: 9.1638, grad_norm: 8.0115
2026-05-03 15:50:57,472 - mmdet - INFO - Epoch [5][1150/1652]	lr: 8.000e-03, eta: 3:27:01, time: 0.243, data_time: 0.017, memory: 8298, vote_loss: 4.4754, objectness_loss: 0.4782, semantic_loss: 0.5351, center_loss: 0.5999, dir_class_loss: 1.2406, dir_res_loss: 0.8798, size_class_loss: 0.5351, size_res_loss: 0.3451, loss: 9.0891, grad_norm: 7.1992
2026-05-03 15:51:09,358 - mmdet - INFO - Epoch [5][1200/1652]	lr: 8.000e-03, eta: 3:26:48, time: 0.238, data_time: 0.016, memory: 8298, vote_loss: 4.5845, objectness_loss: 0.4562, semantic_loss: 0.5296, center_loss: 0.6563, dir_class_loss: 1.2488, dir_res_loss: 0.9157, size_class_loss: 0.5295, size_res_loss: 0.3330, loss: 9.2538, grad_norm: 8.8556
2026-05-03 15:51:21,291 - mmdet - INFO - Epoch [5][1250/1652]	lr: 8.000e-03, eta: 3:26:35, time: 0.239, data_time: 0.016, memory: 8298, vote_loss: 4.6667, objectness_loss: 0.4119, semantic_loss: 0.5551, center_loss: 0.5966, dir_class_loss: 1.2034, dir_res_loss: 0.8681, size_class_loss: 0.5551, size_res_loss: 0.3248, loss: 9.1816, grad_norm: 7.7952
2026-05-03 15:51:33,165 - mmdet - INFO - Epoch [5][1300/1652]	lr: 8.000e-03, eta: 3:26:22, time: 0.237, data_time: 0.016, memory: 8298, vote_loss: 4.3767, objectness_loss: 0.3980, semantic_loss: 0.4995, center_loss: 0.6168, dir_class_loss: 1.1701, dir_res_loss: 0.8705, size_class_loss: 0.4995, size_res_loss: 0.3541, loss: 8.7853, grad_norm: 7.7838
2026-05-03 15:51:45,056 - mmdet - INFO - Epoch [5][1350/1652]	lr: 8.000e-03, eta: 3:26:10, time: 0.238, data_time: 0.016, memory: 8298, vote_loss: 4.1876, objectness_loss: 0.4181, semantic_loss: 0.5700, center_loss: 0.6056, dir_class_loss: 1.1670, dir_res_loss: 0.9087, size_class_loss: 0.5699, size_res_loss: 0.3265, loss: 8.7535, grad_norm: 7.8835
2026-05-03 15:51:57,015 - mmdet - INFO - Epoch [5][1400/1652]	lr: 8.000e-03, eta: 3:25:57, time: 0.239, data_time: 0.016, memory: 8298, vote_loss: 4.2188, objectness_loss: 0.4255, semantic_loss: 0.5426, center_loss: 0.5921, dir_class_loss: 1.1724, dir_res_loss: 0.9902, size_class_loss: 0.5426, size_res_loss: 0.3182, loss: 8.8023, grad_norm: 8.1999
2026-05-03 15:52:08,961 - mmdet - INFO - Epoch [5][1450/1652]	lr: 8.000e-03, eta: 3:25:45, time: 0.239, data_time: 0.016, memory: 8298, vote_loss: 4.4757, objectness_loss: 0.4258, semantic_loss: 0.5267, center_loss: 0.6017, dir_class_loss: 1.2535, dir_res_loss: 0.9926, size_class_loss: 0.5267, size_res_loss: 0.3507, loss: 9.1535, grad_norm: 7.1841
2026-05-03 15:52:20,872 - mmdet - INFO - Epoch [5][1500/1652]	lr: 8.000e-03, eta: 3:25:32, time: 0.238, data_time: 0.016, memory: 8298, vote_loss: 4.5217, objectness_loss: 0.4354, semantic_loss: 0.5765, center_loss: 0.6384, dir_class_loss: 1.2083, dir_res_loss: 1.0382, size_class_loss: 0.5765, size_res_loss: 0.3184, loss: 9.3135, grad_norm: 8.5020
2026-05-03 15:52:32,989 - mmdet - INFO - Epoch [5][1550/1652]	lr: 8.000e-03, eta: 3:25:21, time: 0.242, data_time: 0.020, memory: 8298, vote_loss: 4.3686, objectness_loss: 0.4279, semantic_loss: 0.5206, center_loss: 0.5836, dir_class_loss: 1.1952, dir_res_loss: 0.9830, size_class_loss: 0.5206, size_res_loss: 0.3268, loss: 8.9262, grad_norm: 7.7007
2026-05-03 15:52:44,924 - mmdet - INFO - Epoch [5][1600/1652]	lr: 8.000e-03, eta: 3:25:09, time: 0.239, data_time: 0.016, memory: 8298, vote_loss: 4.3449, objectness_loss: 0.4262, semantic_loss: 0.5283, center_loss: 0.6001, dir_class_loss: 1.2746, dir_res_loss: 0.9498, size_class_loss: 0.5283, size_res_loss: 0.3253, loss: 8.9773, grad_norm: 7.2480
2026-05-03 15:52:57,093 - mmdet - INFO - Epoch [5][1650/1652]	lr: 8.000e-03, eta: 3:24:58, time: 0.243, data_time: 0.017, memory: 8298, vote_loss: 4.4971, objectness_loss: 0.4149, semantic_loss: 0.5898, center_loss: 0.6496, dir_class_loss: 1.1287, dir_res_loss: 0.8738, size_class_loss: 0.5899, size_res_loss: 0.3058, loss: 9.0497, grad_norm: 7.8612
2026-05-03 15:52:57,657 - mmdet - INFO - Saving checkpoint at 5 epochs
2026-05-03 15:53:12,494 - mmdet - INFO - Epoch [6][50/1652]	lr: 8.000e-03, eta: 3:24:59, time: 0.296, data_time: 0.070, memory: 8298, vote_loss: 4.2197, objectness_loss: 0.4207, semantic_loss: 0.5446, center_loss: 0.6566, dir_class_loss: 1.1973, dir_res_loss: 0.9201, size_class_loss: 0.5445, size_res_loss: 0.3002, loss: 8.8037, grad_norm: 7.5251
2026-05-03 15:53:24,403 - mmdet - INFO - Epoch [6][100/1652]	lr: 8.000e-03, eta: 3:24:47, time: 0.238, data_time: 0.016, memory: 8298, vote_loss: 4.2373, objectness_loss: 0.4410, semantic_loss: 0.5831, center_loss: 0.6093, dir_class_loss: 1.3159, dir_res_loss: 0.9666, size_class_loss: 0.5832, size_res_loss: 0.3663, loss: 9.1027, grad_norm: 7.8918
2026-05-03 15:53:36,400 - mmdet - INFO - Epoch [6][150/1652]	lr: 8.000e-03, eta: 3:24:34, time: 0.240, data_time: 0.016, memory: 8298, vote_loss: 4.1253, objectness_loss: 0.4497, semantic_loss: 0.5195, center_loss: 0.5574, dir_class_loss: 1.1576, dir_res_loss: 0.9930, size_class_loss: 0.5195, size_res_loss: 0.3305, loss: 8.6524, grad_norm: 7.7311
2026-05-03 15:53:48,347 - mmdet - INFO - Epoch [6][200/1652]	lr: 8.000e-03, eta: 3:24:22, time: 0.239, data_time: 0.016, memory: 8298, vote_loss: 4.4560, objectness_loss: 0.4412, semantic_loss: 0.5955, center_loss: 0.6006, dir_class_loss: 1.2315, dir_res_loss: 0.9440, size_class_loss: 0.5955, size_res_loss: 0.3424, loss: 9.2067, grad_norm: 7.7986
2026-05-03 15:54:00,294 - mmdet - INFO - Epoch [6][250/1652]	lr: 8.000e-03, eta: 3:24:10, time: 0.239, data_time: 0.016, memory: 8298, vote_loss: 4.3253, objectness_loss: 0.4344, semantic_loss: 0.5367, center_loss: 0.5976, dir_class_loss: 1.1953, dir_res_loss: 0.8785, size_class_loss: 0.5367, size_res_loss: 0.3399, loss: 8.8443, grad_norm: 8.0444
2026-05-03 15:54:12,272 - mmdet - INFO - Epoch [6][300/1652]	lr: 8.000e-03, eta: 3:23:57, time: 0.240, data_time: 0.016, memory: 8298, vote_loss: 4.2338, objectness_loss: 0.4067, semantic_loss: 0.4955, center_loss: 0.6339, dir_class_loss: 1.1744, dir_res_loss: 0.8935, size_class_loss: 0.4955, size_res_loss: 0.3118, loss: 8.6451, grad_norm: 8.2645
2026-05-03 15:54:24,199 - mmdet - INFO - Epoch [6][350/1652]	lr: 8.000e-03, eta: 3:23:45, time: 0.239, data_time: 0.016, memory: 8298, vote_loss: 4.1681, objectness_loss: 0.4494, semantic_loss: 0.5432, center_loss: 0.6022, dir_class_loss: 1.1326, dir_res_loss: 0.8758, size_class_loss: 0.5432, size_res_loss: 0.3230, loss: 8.6375, grad_norm: 7.4265
2026-05-03 15:54:36,167 - mmdet - INFO - Epoch [6][400/1652]	lr: 8.000e-03, eta: 3:23:32, time: 0.239, data_time: 0.016, memory: 8298, vote_loss: 4.1817, objectness_loss: 0.4712, semantic_loss: 0.4745, center_loss: 0.5434, dir_class_loss: 1.1295, dir_res_loss: 0.7888, size_class_loss: 0.4745, size_res_loss: 0.3183, loss: 8.3819, grad_norm: 7.2899
2026-05-03 15:54:48,147 - mmdet - INFO - Epoch [6][450/1652]	lr: 8.000e-03, eta: 3:23:20, time: 0.240, data_time: 0.016, memory: 8298, vote_loss: 4.0536, objectness_loss: 0.4499, semantic_loss: 0.5367, center_loss: 0.5705, dir_class_loss: 1.2413, dir_res_loss: 0.8518, size_class_loss: 0.5367, size_res_loss: 0.3128, loss: 8.5532, grad_norm: 7.3562
2026-05-03 15:55:00,135 - mmdet - INFO - Epoch [6][500/1652]	lr: 8.000e-03, eta: 3:23:08, time: 0.240, data_time: 0.016, memory: 8298, vote_loss: 4.3387, objectness_loss: 0.4932, semantic_loss: 0.5297, center_loss: 0.6115, dir_class_loss: 1.2553, dir_res_loss: 0.8667, size_class_loss: 0.5298, size_res_loss: 0.3317, loss: 8.9565, grad_norm: 7.8008
2026-05-03 15:55:12,022 - mmdet - INFO - Epoch [6][550/1652]	lr: 8.000e-03, eta: 3:22:55, time: 0.238, data_time: 0.016, memory: 8298, vote_loss: 4.4191, objectness_loss: 0.4289, semantic_loss: 0.4968, center_loss: 0.5443, dir_class_loss: 1.0950, dir_res_loss: 0.8444, size_class_loss: 0.4968, size_res_loss: 0.3428, loss: 8.6681, grad_norm: 7.7276
2026-05-03 15:55:23,971 - mmdet - INFO - Epoch [6][600/1652]	lr: 8.000e-03, eta: 3:22:43, time: 0.239, data_time: 0.016, memory: 8298, vote_loss: 4.3053, objectness_loss: 0.4413, semantic_loss: 0.5489, center_loss: 0.6172, dir_class_loss: 1.1552, dir_res_loss: 0.9542, size_class_loss: 0.5488, size_res_loss: 0.3248, loss: 8.8957, grad_norm: 8.2938
2026-05-03 15:55:35,873 - mmdet - INFO - Epoch [6][650/1652]	lr: 8.000e-03, eta: 3:22:30, time: 0.238, data_time: 0.016, memory: 8298, vote_loss: 4.0534, objectness_loss: 0.4268, semantic_loss: 0.5369, center_loss: 0.5515, dir_class_loss: 1.1411, dir_res_loss: 0.9182, size_class_loss: 0.5369, size_res_loss: 0.3139, loss: 8.4786, grad_norm: 7.5810
2026-05-03 15:55:47,736 - mmdet - INFO - Epoch [6][700/1652]	lr: 8.000e-03, eta: 3:22:17, time: 0.237, data_time: 0.016, memory: 8298, vote_loss: 4.2634, objectness_loss: 0.4465, semantic_loss: 0.5333, center_loss: 0.5976, dir_class_loss: 1.1472, dir_res_loss: 0.9510, size_class_loss: 0.5333, size_res_loss: 0.3143, loss: 8.7867, grad_norm: 7.9251
2026-05-03 15:55:59,700 - mmdet - INFO - Epoch [6][750/1652]	lr: 8.000e-03, eta: 3:22:05, time: 0.239, data_time: 0.016, memory: 8298, vote_loss: 4.2148, objectness_loss: 0.4105, semantic_loss: 0.4819, center_loss: 0.5914, dir_class_loss: 1.0536, dir_res_loss: 0.8191, size_class_loss: 0.4818, size_res_loss: 0.3119, loss: 8.3651, grad_norm: 7.3691
2026-05-03 15:56:11,543 - mmdet - INFO - Epoch [6][800/1652]	lr: 8.000e-03, eta: 3:21:52, time: 0.237, data_time: 0.016, memory: 8298, vote_loss: 4.3474, objectness_loss: 0.4161, semantic_loss: 0.4743, center_loss: 0.5757, dir_class_loss: 1.1167, dir_res_loss: 0.9055, size_class_loss: 0.4743, size_res_loss: 0.3189, loss: 8.6287, grad_norm: 7.6894
2026-05-03 15:56:23,424 - mmdet - INFO - Epoch [6][850/1652]	lr: 8.000e-03, eta: 3:21:39, time: 0.238, data_time: 0.016, memory: 8298, vote_loss: 4.2913, objectness_loss: 0.4206, semantic_loss: 0.5413, center_loss: 0.6120, dir_class_loss: 1.1161, dir_res_loss: 0.8695, size_class_loss: 0.5413, size_res_loss: 0.3233, loss: 8.7155, grad_norm: 7.9434
2026-05-03 15:56:35,328 - mmdet - INFO - Epoch [6][900/1652]	lr: 8.000e-03, eta: 3:21:27, time: 0.238, data_time: 0.016, memory: 8298, vote_loss: 4.3230, objectness_loss: 0.4037, semantic_loss: 0.5519, center_loss: 0.5882, dir_class_loss: 1.1595, dir_res_loss: 0.9472, size_class_loss: 0.5519, size_res_loss: 0.3423, loss: 8.8677, grad_norm: 7.2538
2026-05-03 15:56:47,259 - mmdet - INFO - Epoch [6][950/1652]	lr: 8.000e-03, eta: 3:21:14, time: 0.239, data_time: 0.016, memory: 8298, vote_loss: 3.9939, objectness_loss: 0.4416, semantic_loss: 0.4687, center_loss: 0.5531, dir_class_loss: 1.1106, dir_res_loss: 0.8402, size_class_loss: 0.4688, size_res_loss: 0.2938, loss: 8.1707, grad_norm: 7.3840
2026-05-03 15:56:59,152 - mmdet - INFO - Epoch [6][1000/1652]	lr: 8.000e-03, eta: 3:21:02, time: 0.238, data_time: 0.016, memory: 8298, vote_loss: 4.1028, objectness_loss: 0.4115, semantic_loss: 0.4619, center_loss: 0.5635, dir_class_loss: 1.0535, dir_res_loss: 0.7643, size_class_loss: 0.4619, size_res_loss: 0.3447, loss: 8.1640, grad_norm: 7.7913
2026-05-03 15:57:11,102 - mmdet - INFO - Epoch [6][1050/1652]	lr: 8.000e-03, eta: 3:20:49, time: 0.239, data_time: 0.016, memory: 8298, vote_loss: 4.2725, objectness_loss: 0.4091, semantic_loss: 0.5736, center_loss: 0.6147, dir_class_loss: 1.1436, dir_res_loss: 0.8609, size_class_loss: 0.5735, size_res_loss: 0.3223, loss: 8.7702, grad_norm: 9.0971
2026-05-03 15:57:23,049 - mmdet - INFO - Epoch [6][1100/1652]	lr: 8.000e-03, eta: 3:20:37, time: 0.239, data_time: 0.016, memory: 8298, vote_loss: 4.2620, objectness_loss: 0.4370, semantic_loss: 0.4792, center_loss: 0.6167, dir_class_loss: 1.1702, dir_res_loss: 0.8677, size_class_loss: 0.4792, size_res_loss: 0.3252, loss: 8.6371, grad_norm: 8.3016
2026-05-03 15:57:34,934 - mmdet - INFO - Epoch [6][1150/1652]	lr: 8.000e-03, eta: 3:20:24, time: 0.238, data_time: 0.016, memory: 8298, vote_loss: 4.1316, objectness_loss: 0.4151, semantic_loss: 0.5324, center_loss: 0.5756, dir_class_loss: 1.1237, dir_res_loss: 0.8531, size_class_loss: 0.5323, size_res_loss: 0.3313, loss: 8.4951, grad_norm: 7.4590
2026-05-03 15:57:46,792 - mmdet - INFO - Epoch [6][1200/1652]	lr: 8.000e-03, eta: 3:20:11, time: 0.237, data_time: 0.016, memory: 8298, vote_loss: 4.3619, objectness_loss: 0.3980, semantic_loss: 0.4927, center_loss: 0.6036, dir_class_loss: 1.0705, dir_res_loss: 0.8165, size_class_loss: 0.4927, size_res_loss: 0.3499, loss: 8.5856, grad_norm: 7.4737
2026-05-03 15:57:58,708 - mmdet - INFO - Epoch [6][1250/1652]	lr: 8.000e-03, eta: 3:19:59, time: 0.238, data_time: 0.016, memory: 8298, vote_loss: 4.0586, objectness_loss: 0.4231, semantic_loss: 0.4888, center_loss: 0.5610, dir_class_loss: 1.0706, dir_res_loss: 0.8033, size_class_loss: 0.4888, size_res_loss: 0.3122, loss: 8.2065, grad_norm: 7.6521
2026-05-03 15:58:10,605 - mmdet - INFO - Epoch [6][1300/1652]	lr: 8.000e-03, eta: 3:19:46, time: 0.238, data_time: 0.016, memory: 8298, vote_loss: 4.1790, objectness_loss: 0.4168, semantic_loss: 0.5232, center_loss: 0.6101, dir_class_loss: 1.1246, dir_res_loss: 0.8641, size_class_loss: 0.5232, size_res_loss: 0.3418, loss: 8.5828, grad_norm: 8.3133
2026-05-03 15:58:22,575 - mmdet - INFO - Epoch [6][1350/1652]	lr: 8.000e-03, eta: 3:19:34, time: 0.239, data_time: 0.016, memory: 8298, vote_loss: 4.2994, objectness_loss: 0.4362, semantic_loss: 0.4985, center_loss: 0.5708, dir_class_loss: 1.0990, dir_res_loss: 0.8756, size_class_loss: 0.4985, size_res_loss: 0.3273, loss: 8.6055, grad_norm: 7.4367
2026-05-03 15:58:34,501 - mmdet - INFO - Epoch [6][1400/1652]	lr: 8.000e-03, eta: 3:19:22, time: 0.239, data_time: 0.016, memory: 8298, vote_loss: 4.1520, objectness_loss: 0.4309, semantic_loss: 0.4950, center_loss: 0.5903, dir_class_loss: 1.0963, dir_res_loss: 0.8257, size_class_loss: 0.4951, size_res_loss: 0.3117, loss: 8.3970, grad_norm: 7.3565
2026-05-03 15:58:46,347 - mmdet - INFO - Epoch [6][1450/1652]	lr: 8.000e-03, eta: 3:19:09, time: 0.237, data_time: 0.016, memory: 8298, vote_loss: 4.1698, objectness_loss: 0.4032, semantic_loss: 0.5453, center_loss: 0.5740, dir_class_loss: 1.1810, dir_res_loss: 0.8070, size_class_loss: 0.5453, size_res_loss: 0.3138, loss: 8.5393, grad_norm: 7.7625
2026-05-03 15:58:58,248 - mmdet - INFO - Epoch [6][1500/1652]	lr: 8.000e-03, eta: 3:18:56, time: 0.238, data_time: 0.016, memory: 8298, vote_loss: 3.8811, objectness_loss: 0.4092, semantic_loss: 0.4848, center_loss: 0.5566, dir_class_loss: 1.0896, dir_res_loss: 0.8672, size_class_loss: 0.4848, size_res_loss: 0.3027, loss: 8.0762, grad_norm: 7.2203
2026-05-03 15:59:10,160 - mmdet - INFO - Epoch [6][1550/1652]	lr: 8.000e-03, eta: 3:18:44, time: 0.238, data_time: 0.016, memory: 8298, vote_loss: 3.9603, objectness_loss: 0.4327, semantic_loss: 0.4428, center_loss: 0.5442, dir_class_loss: 1.1593, dir_res_loss: 0.8997, size_class_loss: 0.4428, size_res_loss: 0.2998, loss: 8.1816, grad_norm: 7.3327
2026-05-03 15:59:22,079 - mmdet - INFO - Epoch [6][1600/1652]	lr: 8.000e-03, eta: 3:18:31, time: 0.238, data_time: 0.016, memory: 8298, vote_loss: 4.3163, objectness_loss: 0.4277, semantic_loss: 0.4994, center_loss: 0.5732, dir_class_loss: 1.0371, dir_res_loss: 0.7498, size_class_loss: 0.4994, size_res_loss: 0.3308, loss: 8.4339, grad_norm: 7.3520
2026-05-03 15:59:33,964 - mmdet - INFO - Epoch [6][1650/1652]	lr: 8.000e-03, eta: 3:18:19, time: 0.238, data_time: 0.016, memory: 8298, vote_loss: 4.1163, objectness_loss: 0.4162, semantic_loss: 0.5423, center_loss: 0.5821, dir_class_loss: 1.1136, dir_res_loss: 0.8097, size_class_loss: 0.5424, size_res_loss: 0.2901, loss: 8.4127, grad_norm: 7.5591
2026-05-03 15:59:34,472 - mmdet - INFO - Saving checkpoint at 6 epochs
2026-05-03 15:59:49,311 - mmdet - INFO - Epoch [7][50/1652]	lr: 8.000e-03, eta: 3:18:18, time: 0.296, data_time: 0.073, memory: 8298, vote_loss: 4.0659, objectness_loss: 0.4117, semantic_loss: 0.4550, center_loss: 0.5356, dir_class_loss: 1.1195, dir_res_loss: 0.8234, size_class_loss: 0.4550, size_res_loss: 0.3152, loss: 8.1812, grad_norm: 7.2737
2026-05-03 16:00:01,249 - mmdet - INFO - Epoch [7][100/1652]	lr: 8.000e-03, eta: 3:18:05, time: 0.239, data_time: 0.016, memory: 8298, vote_loss: 4.0415, objectness_loss: 0.4008, semantic_loss: 0.5285, center_loss: 0.5797, dir_class_loss: 1.1208, dir_res_loss: 0.8438, size_class_loss: 0.5285, size_res_loss: 0.2945, loss: 8.3382, grad_norm: 7.7661
2026-05-03 16:00:13,163 - mmdet - INFO - Epoch [7][150/1652]	lr: 8.000e-03, eta: 3:17:53, time: 0.238, data_time: 0.016, memory: 8298, vote_loss: 4.0708, objectness_loss: 0.4319, semantic_loss: 0.5210, center_loss: 0.5645, dir_class_loss: 1.1804, dir_res_loss: 0.8377, size_class_loss: 0.5210, size_res_loss: 0.3145, loss: 8.4419, grad_norm: 7.6480
2026-05-03 16:00:25,096 - mmdet - INFO - Epoch [7][200/1652]	lr: 8.000e-03, eta: 3:17:40, time: 0.239, data_time: 0.016, memory: 8298, vote_loss: 4.0276, objectness_loss: 0.4435, semantic_loss: 0.5534, center_loss: 0.5408, dir_class_loss: 1.0531, dir_res_loss: 0.7319, size_class_loss: 0.5534, size_res_loss: 0.3035, loss: 8.2073, grad_norm: 7.8299
2026-05-03 16:00:37,049 - mmdet - INFO - Epoch [7][250/1652]	lr: 8.000e-03, eta: 3:17:28, time: 0.239, data_time: 0.016, memory: 8298, vote_loss: 4.4185, objectness_loss: 0.4477, semantic_loss: 0.5597, center_loss: 0.5949, dir_class_loss: 1.0575, dir_res_loss: 0.8911, size_class_loss: 0.5597, size_res_loss: 0.3350, loss: 8.8641, grad_norm: 7.4338
2026-05-03 16:00:48,924 - mmdet - INFO - Epoch [7][300/1652]	lr: 8.000e-03, eta: 3:17:15, time: 0.238, data_time: 0.016, memory: 8298, vote_loss: 4.1880, objectness_loss: 0.3898, semantic_loss: 0.4969, center_loss: 0.5633, dir_class_loss: 1.1127, dir_res_loss: 0.9369, size_class_loss: 0.4969, size_res_loss: 0.3325, loss: 8.5170, grad_norm: 8.0850
2026-05-03 16:01:00,843 - mmdet - INFO - Epoch [7][350/1652]	lr: 8.000e-03, eta: 3:17:03, time: 0.238, data_time: 0.016, memory: 8298, vote_loss: 3.9870, objectness_loss: 0.4366, semantic_loss: 0.4681, center_loss: 0.5440, dir_class_loss: 1.1025, dir_res_loss: 0.7411, size_class_loss: 0.4681, size_res_loss: 0.3225, loss: 8.0699, grad_norm: 8.3626
2026-05-03 16:01:12,772 - mmdet - INFO - Epoch [7][400/1652]	lr: 8.000e-03, eta: 3:16:51, time: 0.239, data_time: 0.016, memory: 8298, vote_loss: 4.2151, objectness_loss: 0.4009, semantic_loss: 0.4775, center_loss: 0.6757, dir_class_loss: 1.1218, dir_res_loss: 0.8681, size_class_loss: 0.4775, size_res_loss: 0.2986, loss: 8.5351, grad_norm: 7.9794
2026-05-03 16:01:24,621 - mmdet - INFO - Epoch [7][450/1652]	lr: 8.000e-03, eta: 3:16:38, time: 0.237, data_time: 0.016, memory: 8298, vote_loss: 4.0279, objectness_loss: 0.3938, semantic_loss: 0.5058, center_loss: 0.5330, dir_class_loss: 1.1274, dir_res_loss: 0.7786, size_class_loss: 0.5057, size_res_loss: 0.3017, loss: 8.1739, grad_norm: 7.4772
2026-05-03 16:01:36,495 - mmdet - INFO - Epoch [7][500/1652]	lr: 8.000e-03, eta: 3:16:25, time: 0.237, data_time: 0.016, memory: 8298, vote_loss: 4.0748, objectness_loss: 0.3934, semantic_loss: 0.4636, center_loss: 0.5569, dir_class_loss: 1.1531, dir_res_loss: 0.8603, size_class_loss: 0.4636, size_res_loss: 0.3212, loss: 8.2870, grad_norm: 7.7964
2026-05-03 16:01:48,557 - mmdet - INFO - Epoch [7][550/1652]	lr: 8.000e-03, eta: 3:16:13, time: 0.241, data_time: 0.017, memory: 8298, vote_loss: 3.9951, objectness_loss: 0.4146, semantic_loss: 0.5131, center_loss: 0.5018, dir_class_loss: 1.0238, dir_res_loss: 0.7137, size_class_loss: 0.5132, size_res_loss: 0.3152, loss: 7.9905, grad_norm: 7.3560
2026-05-03 16:02:00,441 - mmdet - INFO - Epoch [7][600/1652]	lr: 8.000e-03, eta: 3:16:01, time: 0.238, data_time: 0.016, memory: 8298, vote_loss: 4.2703, objectness_loss: 0.4304, semantic_loss: 0.4785, center_loss: 0.5896, dir_class_loss: 1.0498, dir_res_loss: 0.8150, size_class_loss: 0.4785, size_res_loss: 0.3170, loss: 8.4289, grad_norm: 7.7189
2026-05-03 16:02:12,331 - mmdet - INFO - Epoch [7][650/1652]	lr: 8.000e-03, eta: 3:15:48, time: 0.238, data_time: 0.016, memory: 8298, vote_loss: 4.2164, objectness_loss: 0.4649, semantic_loss: 0.5979, center_loss: 0.5711, dir_class_loss: 1.1452, dir_res_loss: 0.8143, size_class_loss: 0.5979, size_res_loss: 0.3267, loss: 8.7343, grad_norm: 7.7909
2026-05-03 16:02:24,342 - mmdet - INFO - Epoch [7][700/1652]	lr: 8.000e-03, eta: 3:15:36, time: 0.240, data_time: 0.016, memory: 8298, vote_loss: 4.3053, objectness_loss: 0.4111, semantic_loss: 0.5203, center_loss: 0.5650, dir_class_loss: 1.1034, dir_res_loss: 0.7793, size_class_loss: 0.5203, size_res_loss: 0.3293, loss: 8.5341, grad_norm: 7.3189
2026-05-03 16:02:36,420 - mmdet - INFO - Epoch [7][750/1652]	lr: 8.000e-03, eta: 3:15:24, time: 0.242, data_time: 0.017, memory: 8298, vote_loss: 4.0679, objectness_loss: 0.4106, semantic_loss: 0.4503, center_loss: 0.5420, dir_class_loss: 1.0399, dir_res_loss: 0.7810, size_class_loss: 0.4503, size_res_loss: 0.3113, loss: 8.0533, grad_norm: 7.5711
2026-05-03 16:02:48,344 - mmdet - INFO - Epoch [7][800/1652]	lr: 8.000e-03, eta: 3:15:12, time: 0.238, data_time: 0.016, memory: 8298, vote_loss: 3.9029, objectness_loss: 0.4054, semantic_loss: 0.4631, center_loss: 0.5383, dir_class_loss: 1.1167, dir_res_loss: 0.7771, size_class_loss: 0.4631, size_res_loss: 0.3030, loss: 7.9696, grad_norm: 7.4213
2026-05-03 16:03:00,391 - mmdet - INFO - Epoch [7][850/1652]	lr: 8.000e-03, eta: 3:15:00, time: 0.241, data_time: 0.020, memory: 8298, vote_loss: 4.0607, objectness_loss: 0.4140, semantic_loss: 0.4796, center_loss: 0.5470, dir_class_loss: 1.0952, dir_res_loss: 0.7580, size_class_loss: 0.4796, size_res_loss: 0.3251, loss: 8.1592, grad_norm: 7.6100
2026-05-03 16:03:12,251 - mmdet - INFO - Epoch [7][900/1652]	lr: 8.000e-03, eta: 3:14:47, time: 0.237, data_time: 0.016, memory: 8298, vote_loss: 3.9019, objectness_loss: 0.4169, semantic_loss: 0.5095, center_loss: 0.5632, dir_class_loss: 1.0936, dir_res_loss: 0.7710, size_class_loss: 0.5096, size_res_loss: 0.3006, loss: 8.0662, grad_norm: 8.3302
2026-05-03 16:03:24,173 - mmdet - INFO - Epoch [7][950/1652]	lr: 8.000e-03, eta: 3:14:35, time: 0.238, data_time: 0.016, memory: 8298, vote_loss: 4.0937, objectness_loss: 0.4269, semantic_loss: 0.5929, center_loss: 0.5632, dir_class_loss: 1.1481, dir_res_loss: 0.8211, size_class_loss: 0.5929, size_res_loss: 0.3407, loss: 8.5796, grad_norm: 8.1831
2026-05-03 16:03:36,082 - mmdet - INFO - Epoch [7][1000/1652]	lr: 8.000e-03, eta: 3:14:23, time: 0.238, data_time: 0.016, memory: 8298, vote_loss: 4.0008, objectness_loss: 0.4014, semantic_loss: 0.4358, center_loss: 0.5557, dir_class_loss: 1.0138, dir_res_loss: 0.7745, size_class_loss: 0.4358, size_res_loss: 0.2792, loss: 7.8970, grad_norm: 7.5112
2026-05-03 16:03:48,024 - mmdet - INFO - Epoch [7][1050/1652]	lr: 8.000e-03, eta: 3:14:10, time: 0.239, data_time: 0.016, memory: 8298, vote_loss: 4.2387, objectness_loss: 0.4670, semantic_loss: 0.4872, center_loss: 0.5644, dir_class_loss: 1.0245, dir_res_loss: 0.7698, size_class_loss: 0.4872, size_res_loss: 0.3517, loss: 8.3905, grad_norm: 8.2489
2026-05-03 16:04:00,055 - mmdet - INFO - Epoch [7][1100/1652]	lr: 8.000e-03, eta: 3:13:58, time: 0.241, data_time: 0.016, memory: 8298, vote_loss: 4.0753, objectness_loss: 0.4548, semantic_loss: 0.5025, center_loss: 0.5498, dir_class_loss: 1.0443, dir_res_loss: 0.8100, size_class_loss: 0.5025, size_res_loss: 0.3273, loss: 8.2664, grad_norm: 7.7186
2026-05-03 16:04:11,942 - mmdet - INFO - Epoch [7][1150/1652]	lr: 8.000e-03, eta: 3:13:46, time: 0.238, data_time: 0.016, memory: 8298, vote_loss: 4.2327, objectness_loss: 0.4344, semantic_loss: 0.5887, center_loss: 0.5745, dir_class_loss: 1.1210, dir_res_loss: 0.7731, size_class_loss: 0.5886, size_res_loss: 0.3275, loss: 8.6405, grad_norm: 8.1769
2026-05-03 16:04:23,963 - mmdet - INFO - Epoch [7][1200/1652]	lr: 8.000e-03, eta: 3:13:34, time: 0.240, data_time: 0.016, memory: 8298, vote_loss: 4.0681, objectness_loss: 0.4227, semantic_loss: 0.4847, center_loss: 0.5617, dir_class_loss: 1.0819, dir_res_loss: 0.8572, size_class_loss: 0.4847, size_res_loss: 0.3058, loss: 8.2667, grad_norm: 8.0549
2026-05-03 16:04:35,856 - mmdet - INFO - Epoch [7][1250/1652]	lr: 8.000e-03, eta: 3:13:21, time: 0.238, data_time: 0.016, memory: 8298, vote_loss: 4.3213, objectness_loss: 0.4263, semantic_loss: 0.4916, center_loss: 0.5532, dir_class_loss: 1.1204, dir_res_loss: 0.9059, size_class_loss: 0.4915, size_res_loss: 0.3363, loss: 8.6466, grad_norm: 7.5473
2026-05-03 16:04:47,786 - mmdet - INFO - Epoch [7][1300/1652]	lr: 8.000e-03, eta: 3:13:09, time: 0.239, data_time: 0.016, memory: 8298, vote_loss: 3.8532, objectness_loss: 0.4352, semantic_loss: 0.4730, center_loss: 0.5223, dir_class_loss: 1.1137, dir_res_loss: 0.8099, size_class_loss: 0.4730, size_res_loss: 0.2918, loss: 7.9720, grad_norm: 7.0342
2026-05-03 16:04:59,716 - mmdet - INFO - Epoch [7][1350/1652]	lr: 8.000e-03, eta: 3:12:57, time: 0.239, data_time: 0.016, memory: 8298, vote_loss: 3.8955, objectness_loss: 0.4338, semantic_loss: 0.4911, center_loss: 0.5183, dir_class_loss: 1.0291, dir_res_loss: 0.7234, size_class_loss: 0.4910, size_res_loss: 0.3173, loss: 7.8995, grad_norm: 8.1363
2026-05-03 16:05:11,656 - mmdet - INFO - Epoch [7][1400/1652]	lr: 8.000e-03, eta: 3:12:44, time: 0.239, data_time: 0.016, memory: 8298, vote_loss: 4.0423, objectness_loss: 0.4133, semantic_loss: 0.5269, center_loss: 0.5852, dir_class_loss: 1.1499, dir_res_loss: 0.8080, size_class_loss: 0.5269, size_res_loss: 0.2732, loss: 8.3257, grad_norm: 8.4867
2026-05-03 16:05:23,551 - mmdet - INFO - Epoch [7][1450/1652]	lr: 8.000e-03, eta: 3:12:32, time: 0.238, data_time: 0.016, memory: 8298, vote_loss: 3.9804, objectness_loss: 0.4010, semantic_loss: 0.4836, center_loss: 0.6383, dir_class_loss: 1.0573, dir_res_loss: 0.7891, size_class_loss: 0.4836, size_res_loss: 0.2892, loss: 8.1225, grad_norm: 7.7542
2026-05-03 16:05:35,422 - mmdet - INFO - Epoch [7][1500/1652]	lr: 8.000e-03, eta: 3:12:19, time: 0.237, data_time: 0.016, memory: 8298, vote_loss: 4.0797, objectness_loss: 0.4054, semantic_loss: 0.4522, center_loss: 0.5147, dir_class_loss: 1.0627, dir_res_loss: 0.7750, size_class_loss: 0.4522, size_res_loss: 0.3155, loss: 8.0574, grad_norm: 7.7023
2026-05-03 16:05:47,446 - mmdet - INFO - Epoch [7][1550/1652]	lr: 8.000e-03, eta: 3:12:07, time: 0.240, data_time: 0.016, memory: 8298, vote_loss: 4.2185, objectness_loss: 0.4103, semantic_loss: 0.4572, center_loss: 0.5694, dir_class_loss: 1.1408, dir_res_loss: 0.7589, size_class_loss: 0.4572, size_res_loss: 0.3529, loss: 8.3651, grad_norm: 8.0110
2026-05-03 16:05:59,348 - mmdet - INFO - Epoch [7][1600/1652]	lr: 8.000e-03, eta: 3:11:55, time: 0.238, data_time: 0.016, memory: 8298, vote_loss: 4.0229, objectness_loss: 0.4227, semantic_loss: 0.4401, center_loss: 0.5559, dir_class_loss: 1.1076, dir_res_loss: 0.7223, size_class_loss: 0.4402, size_res_loss: 0.2973, loss: 8.0089, grad_norm: 8.4735
2026-05-03 16:06:11,317 - mmdet - INFO - Epoch [7][1650/1652]	lr: 8.000e-03, eta: 3:11:43, time: 0.239, data_time: 0.016, memory: 8298, vote_loss: 4.0868, objectness_loss: 0.3964, semantic_loss: 0.4928, center_loss: 0.5573, dir_class_loss: 1.0341, dir_res_loss: 0.7961, size_class_loss: 0.4928, size_res_loss: 0.3220, loss: 8.1784, grad_norm: 7.5371
2026-05-03 16:06:11,850 - mmdet - INFO - Saving checkpoint at 7 epochs
2026-05-03 16:06:26,957 - mmdet - INFO - Epoch [8][50/1652]	lr: 8.000e-03, eta: 3:11:41, time: 0.301, data_time: 0.071, memory: 8298, vote_loss: 4.0667, objectness_loss: 0.3798, semantic_loss: 0.4780, center_loss: 0.5316, dir_class_loss: 1.1191, dir_res_loss: 0.7859, size_class_loss: 0.4780, size_res_loss: 0.3408, loss: 8.1799, grad_norm: 7.7853
2026-05-03 16:06:39,004 - mmdet - INFO - Epoch [8][100/1652]	lr: 8.000e-03, eta: 3:11:29, time: 0.241, data_time: 0.016, memory: 8298, vote_loss: 3.9728, objectness_loss: 0.4101, semantic_loss: 0.4588, center_loss: 0.5222, dir_class_loss: 1.0157, dir_res_loss: 0.7646, size_class_loss: 0.4588, size_res_loss: 0.3121, loss: 7.9151, grad_norm: 7.1892
2026-05-03 16:06:50,982 - mmdet - INFO - Epoch [8][150/1652]	lr: 8.000e-03, eta: 3:11:17, time: 0.240, data_time: 0.016, memory: 8298, vote_loss: 3.8917, objectness_loss: 0.4145, semantic_loss: 0.5403, center_loss: 0.5575, dir_class_loss: 1.0327, dir_res_loss: 0.8244, size_class_loss: 0.5403, size_res_loss: 0.3168, loss: 8.1180, grad_norm: 7.9530
2026-05-03 16:07:02,904 - mmdet - INFO - Epoch [8][200/1652]	lr: 8.000e-03, eta: 3:11:04, time: 0.238, data_time: 0.016, memory: 8298, vote_loss: 4.1931, objectness_loss: 0.4093, semantic_loss: 0.5187, center_loss: 0.5730, dir_class_loss: 1.0871, dir_res_loss: 0.8064, size_class_loss: 0.5187, size_res_loss: 0.3267, loss: 8.4331, grad_norm: 7.9225
2026-05-03 16:07:14,921 - mmdet - INFO - Epoch [8][250/1652]	lr: 8.000e-03, eta: 3:10:52, time: 0.240, data_time: 0.016, memory: 8298, vote_loss: 3.9099, objectness_loss: 0.4354, semantic_loss: 0.4888, center_loss: 0.5272, dir_class_loss: 1.0344, dir_res_loss: 0.8108, size_class_loss: 0.4888, size_res_loss: 0.2996, loss: 7.9949, grad_norm: 7.3494
2026-05-03 16:07:26,896 - mmdet - INFO - Epoch [8][300/1652]	lr: 8.000e-03, eta: 3:10:40, time: 0.240, data_time: 0.016, memory: 8298, vote_loss: 4.0920, objectness_loss: 0.3923, semantic_loss: 0.4785, center_loss: 0.5796, dir_class_loss: 1.0346, dir_res_loss: 0.8476, size_class_loss: 0.4784, size_res_loss: 0.3213, loss: 8.2243, grad_norm: 8.1489
2026-05-03 16:07:38,932 - mmdet - INFO - Epoch [8][350/1652]	lr: 8.000e-03, eta: 3:10:28, time: 0.241, data_time: 0.017, memory: 8298, vote_loss: 4.0746, objectness_loss: 0.4101, semantic_loss: 0.4881, center_loss: 0.5544, dir_class_loss: 1.0785, dir_res_loss: 0.7784, size_class_loss: 0.4881, size_res_loss: 0.2952, loss: 8.1674, grad_norm: 7.7350
2026-05-03 16:07:50,824 - mmdet - INFO - Epoch [8][400/1652]	lr: 8.000e-03, eta: 3:10:16, time: 0.238, data_time: 0.016, memory: 8298, vote_loss: 3.9935, objectness_loss: 0.4063, semantic_loss: 0.4958, center_loss: 0.5535, dir_class_loss: 0.9926, dir_res_loss: 0.7829, size_class_loss: 0.4958, size_res_loss: 0.3080, loss: 8.0284, grad_norm: 7.9056
2026-05-03 16:08:02,827 - mmdet - INFO - Epoch [8][450/1652]	lr: 8.000e-03, eta: 3:10:04, time: 0.240, data_time: 0.017, memory: 8298, vote_loss: 3.9696, objectness_loss: 0.4454, semantic_loss: 0.4608, center_loss: 0.5251, dir_class_loss: 1.0656, dir_res_loss: 0.9298, size_class_loss: 0.4608, size_res_loss: 0.3123, loss: 8.1695, grad_norm: 8.0117
2026-05-03 16:08:14,753 - mmdet - INFO - Epoch [8][500/1652]	lr: 8.000e-03, eta: 3:09:51, time: 0.239, data_time: 0.016, memory: 8298, vote_loss: 3.8562, objectness_loss: 0.4326, semantic_loss: 0.4701, center_loss: 0.5511, dir_class_loss: 1.1483, dir_res_loss: 0.8471, size_class_loss: 0.4701, size_res_loss: 0.2985, loss: 8.0741, grad_norm: 7.8157
2026-05-03 16:08:26,746 - mmdet - INFO - Epoch [8][550/1652]	lr: 8.000e-03, eta: 3:09:39, time: 0.240, data_time: 0.016, memory: 8298, vote_loss: 4.0979, objectness_loss: 0.4203, semantic_loss: 0.4976, center_loss: 0.5423, dir_class_loss: 1.0091, dir_res_loss: 0.8566, size_class_loss: 0.4975, size_res_loss: 0.3155, loss: 8.2369, grad_norm: 7.7715
2026-05-03 16:08:38,610 - mmdet - INFO - Epoch [8][600/1652]	lr: 8.000e-03, eta: 3:09:27, time: 0.237, data_time: 0.016, memory: 8298, vote_loss: 3.8323, objectness_loss: 0.4443, semantic_loss: 0.4679, center_loss: 0.5486, dir_class_loss: 1.0809, dir_res_loss: 0.7434, size_class_loss: 0.4679, size_res_loss: 0.2928, loss: 7.8779, grad_norm: 7.9373
2026-05-03 16:08:50,443 - mmdet - INFO - Epoch [8][650/1652]	lr: 8.000e-03, eta: 3:09:14, time: 0.237, data_time: 0.015, memory: 8298, vote_loss: 4.2153, objectness_loss: 0.4175, semantic_loss: 0.5741, center_loss: 0.5296, dir_class_loss: 0.9925, dir_res_loss: 0.8322, size_class_loss: 0.5740, size_res_loss: 0.3260, loss: 8.4611, grad_norm: 7.6606
2026-05-03 16:09:02,377 - mmdet - INFO - Epoch [8][700/1652]	lr: 8.000e-03, eta: 3:09:02, time: 0.239, data_time: 0.016, memory: 8298, vote_loss: 4.0527, objectness_loss: 0.4072, semantic_loss: 0.4799, center_loss: 0.5907, dir_class_loss: 1.0660, dir_res_loss: 0.8361, size_class_loss: 0.4799, size_res_loss: 0.2966, loss: 8.2092, grad_norm: 8.5251
2026-05-03 16:09:14,276 - mmdet - INFO - Epoch [8][750/1652]	lr: 8.000e-03, eta: 3:08:49, time: 0.238, data_time: 0.016, memory: 8298, vote_loss: 3.8924, objectness_loss: 0.4241, semantic_loss: 0.4419, center_loss: 0.5150, dir_class_loss: 1.0648, dir_res_loss: 0.7498, size_class_loss: 0.4419, size_res_loss: 0.2744, loss: 7.8045, grad_norm: 7.8464
2026-05-03 16:09:26,154 - mmdet - INFO - Epoch [8][800/1652]	lr: 8.000e-03, eta: 3:08:37, time: 0.238, data_time: 0.016, memory: 8298, vote_loss: 4.1813, objectness_loss: 0.4577, semantic_loss: 0.4566, center_loss: 0.5142, dir_class_loss: 1.0917, dir_res_loss: 0.7998, size_class_loss: 0.4566, size_res_loss: 0.3182, loss: 8.2762, grad_norm: 7.7421
2026-05-03 16:09:37,972 - mmdet - INFO - Epoch [8][850/1652]	lr: 8.000e-03, eta: 3:08:24, time: 0.236, data_time: 0.015, memory: 8298, vote_loss: 4.0706, objectness_loss: 0.4250, semantic_loss: 0.5300, center_loss: 0.5932, dir_class_loss: 1.1084, dir_res_loss: 0.7623, size_class_loss: 0.5300, size_res_loss: 0.3186, loss: 8.3380, grad_norm: 7.8229
2026-05-03 16:09:49,916 - mmdet - INFO - Epoch [8][900/1652]	lr: 8.000e-03, eta: 3:08:12, time: 0.239, data_time: 0.016, memory: 8298, vote_loss: 3.9070, objectness_loss: 0.4030, semantic_loss: 0.4793, center_loss: 0.5389, dir_class_loss: 1.0613, dir_res_loss: 0.7743, size_class_loss: 0.4792, size_res_loss: 0.3022, loss: 7.9452, grad_norm: 8.0077
2026-05-03 16:10:01,866 - mmdet - INFO - Epoch [8][950/1652]	lr: 8.000e-03, eta: 3:07:59, time: 0.239, data_time: 0.017, memory: 8298, vote_loss: 4.0998, objectness_loss: 0.4222, semantic_loss: 0.4555, center_loss: 0.5658, dir_class_loss: 1.0138, dir_res_loss: 0.6944, size_class_loss: 0.4554, size_res_loss: 0.3561, loss: 8.0631, grad_norm: 7.4180
2026-05-03 16:10:13,767 - mmdet - INFO - Epoch [8][1000/1652]	lr: 8.000e-03, eta: 3:07:47, time: 0.238, data_time: 0.016, memory: 8298, vote_loss: 3.8958, objectness_loss: 0.4369, semantic_loss: 0.4807, center_loss: 0.5553, dir_class_loss: 1.0418, dir_res_loss: 0.8038, size_class_loss: 0.4807, size_res_loss: 0.2977, loss: 7.9927, grad_norm: 7.8799
2026-05-03 16:10:25,601 - mmdet - INFO - Epoch [8][1050/1652]	lr: 8.000e-03, eta: 3:07:34, time: 0.237, data_time: 0.015, memory: 8298, vote_loss: 4.0470, objectness_loss: 0.3795, semantic_loss: 0.4528, center_loss: 0.5943, dir_class_loss: 1.0528, dir_res_loss: 0.8102, size_class_loss: 0.4528, size_res_loss: 0.3276, loss: 8.1171, grad_norm: 7.7468
2026-05-03 16:10:37,510 - mmdet - INFO - Epoch [8][1100/1652]	lr: 8.000e-03, eta: 3:07:22, time: 0.238, data_time: 0.015, memory: 8298, vote_loss: 3.8003, objectness_loss: 0.4147, semantic_loss: 0.4575, center_loss: 0.5194, dir_class_loss: 1.0622, dir_res_loss: 0.7403, size_class_loss: 0.4575, size_res_loss: 0.2992, loss: 7.7512, grad_norm: 7.7409
2026-05-03 16:10:49,340 - mmdet - INFO - Epoch [8][1150/1652]	lr: 8.000e-03, eta: 3:07:09, time: 0.237, data_time: 0.015, memory: 8298, vote_loss: 3.9193, objectness_loss: 0.4020, semantic_loss: 0.4489, center_loss: 0.5580, dir_class_loss: 1.0015, dir_res_loss: 0.7494, size_class_loss: 0.4489, size_res_loss: 0.3464, loss: 7.8745, grad_norm: 7.7828
2026-05-03 16:11:01,235 - mmdet - INFO - Epoch [8][1200/1652]	lr: 8.000e-03, eta: 3:06:57, time: 0.238, data_time: 0.015, memory: 8298, vote_loss: 4.0660, objectness_loss: 0.4036, semantic_loss: 0.5131, center_loss: 0.5735, dir_class_loss: 1.1432, dir_res_loss: 0.7354, size_class_loss: 0.5131, size_res_loss: 0.3577, loss: 8.3057, grad_norm: 8.1066
2026-05-03 16:11:13,101 - mmdet - INFO - Epoch [8][1250/1652]	lr: 8.000e-03, eta: 3:06:44, time: 0.237, data_time: 0.015, memory: 8298, vote_loss: 3.9581, objectness_loss: 0.4100, semantic_loss: 0.5224, center_loss: 0.5627, dir_class_loss: 1.0684, dir_res_loss: 0.7572, size_class_loss: 0.5225, size_res_loss: 0.3382, loss: 8.1396, grad_norm: 8.1113
2026-05-03 16:11:25,002 - mmdet - INFO - Epoch [8][1300/1652]	lr: 8.000e-03, eta: 3:06:32, time: 0.238, data_time: 0.016, memory: 8298, vote_loss: 4.0455, objectness_loss: 0.3994, semantic_loss: 0.4843, center_loss: 0.5115, dir_class_loss: 0.9639, dir_res_loss: 0.7571, size_class_loss: 0.4843, size_res_loss: 0.2971, loss: 7.9433, grad_norm: 7.3923
2026-05-03 16:11:36,849 - mmdet - INFO - Epoch [8][1350/1652]	lr: 8.000e-03, eta: 3:06:19, time: 0.237, data_time: 0.015, memory: 8298, vote_loss: 4.0169, objectness_loss: 0.3865, semantic_loss: 0.4536, center_loss: 0.5160, dir_class_loss: 1.0743, dir_res_loss: 0.7144, size_class_loss: 0.4536, size_res_loss: 0.3253, loss: 7.9406, grad_norm: 7.4615
2026-05-03 16:11:48,732 - mmdet - INFO - Epoch [8][1400/1652]	lr: 8.000e-03, eta: 3:06:07, time: 0.238, data_time: 0.015, memory: 8298, vote_loss: 3.9058, objectness_loss: 0.4492, semantic_loss: 0.4705, center_loss: 0.4940, dir_class_loss: 1.0383, dir_res_loss: 0.7981, size_class_loss: 0.4705, size_res_loss: 0.3093, loss: 7.9358, grad_norm: 7.6481
2026-05-03 16:12:00,651 - mmdet - INFO - Epoch [8][1450/1652]	lr: 8.000e-03, eta: 3:05:55, time: 0.238, data_time: 0.015, memory: 8298, vote_loss: 3.9510, objectness_loss: 0.4078, semantic_loss: 0.4510, center_loss: 0.5433, dir_class_loss: 1.0970, dir_res_loss: 0.7665, size_class_loss: 0.4510, size_res_loss: 0.2958, loss: 7.9634, grad_norm: 7.4011
2026-05-03 16:12:12,541 - mmdet - INFO - Epoch [8][1500/1652]	lr: 8.000e-03, eta: 3:05:42, time: 0.238, data_time: 0.015, memory: 8298, vote_loss: 3.8745, objectness_loss: 0.4179, semantic_loss: 0.4626, center_loss: 0.5583, dir_class_loss: 1.0803, dir_res_loss: 0.7905, size_class_loss: 0.4626, size_res_loss: 0.3084, loss: 7.9552, grad_norm: 8.0534
2026-05-03 16:12:24,384 - mmdet - INFO - Epoch [8][1550/1652]	lr: 8.000e-03, eta: 3:05:30, time: 0.237, data_time: 0.015, memory: 8298, vote_loss: 3.9810, objectness_loss: 0.3925, semantic_loss: 0.4091, center_loss: 0.5326, dir_class_loss: 1.0564, dir_res_loss: 0.7954, size_class_loss: 0.4091, size_res_loss: 0.2812, loss: 7.8573, grad_norm: 7.9783
2026-05-03 16:12:36,175 - mmdet - INFO - Epoch [8][1600/1652]	lr: 8.000e-03, eta: 3:05:17, time: 0.236, data_time: 0.015, memory: 8298, vote_loss: 4.0554, objectness_loss: 0.4220, semantic_loss: 0.4454, center_loss: 0.6485, dir_class_loss: 1.0732, dir_res_loss: 0.8428, size_class_loss: 0.4454, size_res_loss: 0.2989, loss: 8.2315, grad_norm: 8.3424
2026-05-03 16:12:48,022 - mmdet - INFO - Epoch [8][1650/1652]	lr: 8.000e-03, eta: 3:05:04, time: 0.237, data_time: 0.015, memory: 8298, vote_loss: 4.0359, objectness_loss: 0.4296, semantic_loss: 0.4670, center_loss: 0.5618, dir_class_loss: 1.0408, dir_res_loss: 0.7576, size_class_loss: 0.4670, size_res_loss: 0.2719, loss: 8.0317, grad_norm: 8.4732
2026-05-03 16:12:48,547 - mmdet - INFO - Saving checkpoint at 8 epochs
2026-05-03 16:13:03,712 - mmdet - INFO - Epoch [9][50/1652]	lr: 8.000e-03, eta: 3:05:01, time: 0.303, data_time: 0.073, memory: 8298, vote_loss: 3.7643, objectness_loss: 0.3948, semantic_loss: 0.4966, center_loss: 0.5139, dir_class_loss: 1.0691, dir_res_loss: 0.8059, size_class_loss: 0.4966, size_res_loss: 0.3142, loss: 7.8555, grad_norm: 7.4392
2026-05-03 16:13:15,686 - mmdet - INFO - Epoch [9][100/1652]	lr: 8.000e-03, eta: 3:04:49, time: 0.239, data_time: 0.016, memory: 8298, vote_loss: 3.7925, objectness_loss: 0.4044, semantic_loss: 0.4245, center_loss: 0.5060, dir_class_loss: 0.9608, dir_res_loss: 0.6937, size_class_loss: 0.4245, size_res_loss: 0.3032, loss: 7.5094, grad_norm: 7.4995
2026-05-03 16:13:27,824 - mmdet - INFO - Epoch [9][150/1652]	lr: 8.000e-03, eta: 3:04:37, time: 0.243, data_time: 0.020, memory: 8298, vote_loss: 4.0092, objectness_loss: 0.4294, semantic_loss: 0.4802, center_loss: 0.5581, dir_class_loss: 1.0102, dir_res_loss: 0.7286, size_class_loss: 0.4801, size_res_loss: 0.3324, loss: 8.0282, grad_norm: 8.0250
2026-05-03 16:13:39,857 - mmdet - INFO - Epoch [9][200/1652]	lr: 8.000e-03, eta: 3:04:25, time: 0.241, data_time: 0.016, memory: 8298, vote_loss: 4.0320, objectness_loss: 0.4057, semantic_loss: 0.4550, center_loss: 0.5335, dir_class_loss: 1.0336, dir_res_loss: 0.7721, size_class_loss: 0.4550, size_res_loss: 0.3227, loss: 8.0096, grad_norm: 7.4173
2026-05-03 16:13:51,776 - mmdet - INFO - Epoch [9][250/1652]	lr: 8.000e-03, eta: 3:04:13, time: 0.238, data_time: 0.016, memory: 8298, vote_loss: 3.9171, objectness_loss: 0.4105, semantic_loss: 0.4802, center_loss: 0.5817, dir_class_loss: 1.1303, dir_res_loss: 0.7580, size_class_loss: 0.4802, size_res_loss: 0.3147, loss: 8.0726, grad_norm: 8.4688
2026-05-03 16:14:03,684 - mmdet - INFO - Epoch [9][300/1652]	lr: 8.000e-03, eta: 3:04:01, time: 0.238, data_time: 0.016, memory: 8298, vote_loss: 3.8557, objectness_loss: 0.4060, semantic_loss: 0.5413, center_loss: 0.5319, dir_class_loss: 1.0712, dir_res_loss: 0.8435, size_class_loss: 0.5413, size_res_loss: 0.2943, loss: 8.0851, grad_norm: 7.6833
2026-05-03 16:14:15,696 - mmdet - INFO - Epoch [9][350/1652]	lr: 8.000e-03, eta: 3:03:49, time: 0.240, data_time: 0.016, memory: 8298, vote_loss: 3.8486, objectness_loss: 0.4289, semantic_loss: 0.4254, center_loss: 0.5646, dir_class_loss: 0.9213, dir_res_loss: 0.7424, size_class_loss: 0.4254, size_res_loss: 0.3367, loss: 7.6933, grad_norm: 7.5804
2026-05-03 16:14:27,749 - mmdet - INFO - Epoch [9][400/1652]	lr: 8.000e-03, eta: 3:03:37, time: 0.241, data_time: 0.017, memory: 8298, vote_loss: 3.9799, objectness_loss: 0.4187, semantic_loss: 0.3949, center_loss: 0.5562, dir_class_loss: 1.0081, dir_res_loss: 0.8494, size_class_loss: 0.3949, size_res_loss: 0.2873, loss: 7.8895, grad_norm: 7.7570
2026-05-03 16:14:39,700 - mmdet - INFO - Epoch [9][450/1652]	lr: 8.000e-03, eta: 3:03:25, time: 0.239, data_time: 0.016, memory: 8298, vote_loss: 3.9248, objectness_loss: 0.4214, semantic_loss: 0.4648, center_loss: 0.5013, dir_class_loss: 1.1430, dir_res_loss: 0.8001, size_class_loss: 0.4648, size_res_loss: 0.3065, loss: 8.0266, grad_norm: 7.6771
2026-05-03 16:14:51,624 - mmdet - INFO - Epoch [9][500/1652]	lr: 8.000e-03, eta: 3:03:12, time: 0.238, data_time: 0.016, memory: 8298, vote_loss: 3.7133, objectness_loss: 0.3829, semantic_loss: 0.4907, center_loss: 0.5106, dir_class_loss: 0.9650, dir_res_loss: 0.7259, size_class_loss: 0.4907, size_res_loss: 0.3228, loss: 7.6020, grad_norm: 8.5303
2026-05-03 16:15:04,080 - mmdet - INFO - Epoch [9][550/1652]	lr: 8.000e-03, eta: 3:03:02, time: 0.249, data_time: 0.017, memory: 8298, vote_loss: 3.9973, objectness_loss: 0.4065, semantic_loss: 0.4069, center_loss: 0.5069, dir_class_loss: 1.0550, dir_res_loss: 0.7590, size_class_loss: 0.4069, size_res_loss: 0.3363, loss: 7.8748, grad_norm: 7.2592
2026-05-03 16:15:16,050 - mmdet - INFO - Epoch [9][600/1652]	lr: 8.000e-03, eta: 3:02:50, time: 0.239, data_time: 0.015, memory: 8298, vote_loss: 4.0623, objectness_loss: 0.4165, semantic_loss: 0.4542, center_loss: 0.5253, dir_class_loss: 1.0981, dir_res_loss: 0.7325, size_class_loss: 0.4542, size_res_loss: 0.3505, loss: 8.0937, grad_norm: 7.3712
2026-05-03 16:15:27,834 - mmdet - INFO - Epoch [9][650/1652]	lr: 8.000e-03, eta: 3:02:37, time: 0.236, data_time: 0.014, memory: 8298, vote_loss: 3.7067, objectness_loss: 0.3822, semantic_loss: 0.4199, center_loss: 0.4978, dir_class_loss: 1.0260, dir_res_loss: 0.6794, size_class_loss: 0.4199, size_res_loss: 0.2725, loss: 7.4044, grad_norm: 7.4879
2026-05-03 16:15:39,663 - mmdet - INFO - Epoch [9][700/1652]	lr: 8.000e-03, eta: 3:02:24, time: 0.237, data_time: 0.015, memory: 8298, vote_loss: 3.8917, objectness_loss: 0.4216, semantic_loss: 0.4664, center_loss: 0.5102, dir_class_loss: 1.0238, dir_res_loss: 0.7005, size_class_loss: 0.4664, size_res_loss: 0.3040, loss: 7.7847, grad_norm: 8.2028
2026-05-03 16:15:51,584 - mmdet - INFO - Epoch [9][750/1652]	lr: 8.000e-03, eta: 3:02:12, time: 0.238, data_time: 0.016, memory: 8298, vote_loss: 4.0429, objectness_loss: 0.4334, semantic_loss: 0.4378, center_loss: 0.5850, dir_class_loss: 0.9827, dir_res_loss: 0.7872, size_class_loss: 0.4378, size_res_loss: 0.3195, loss: 8.0264, grad_norm: 8.7197
2026-05-03 16:16:03,533 - mmdet - INFO - Epoch [9][800/1652]	lr: 8.000e-03, eta: 3:02:00, time: 0.239, data_time: 0.016, memory: 8298, vote_loss: 3.7220, objectness_loss: 0.3910, semantic_loss: 0.4748, center_loss: 0.5572, dir_class_loss: 1.0595, dir_res_loss: 0.8173, size_class_loss: 0.4748, size_res_loss: 0.2902, loss: 7.7867, grad_norm: 8.0389
2026-05-03 16:16:15,470 - mmdet - INFO - Epoch [9][850/1652]	lr: 8.000e-03, eta: 3:01:47, time: 0.239, data_time: 0.016, memory: 8298, vote_loss: 3.8477, objectness_loss: 0.4237, semantic_loss: 0.4509, center_loss: 0.5678, dir_class_loss: 1.0609, dir_res_loss: 0.7388, size_class_loss: 0.4509, size_res_loss: 0.2997, loss: 7.8404, grad_norm: 7.5342
2026-05-03 16:16:27,418 - mmdet - INFO - Epoch [9][900/1652]	lr: 8.000e-03, eta: 3:01:35, time: 0.239, data_time: 0.016, memory: 8298, vote_loss: 3.8243, objectness_loss: 0.3876, semantic_loss: 0.3828, center_loss: 0.4881, dir_class_loss: 0.9785, dir_res_loss: 0.7784, size_class_loss: 0.3828, size_res_loss: 0.2887, loss: 7.5112, grad_norm: 7.1988
2026-05-03 16:16:39,326 - mmdet - INFO - Epoch [9][950/1652]	lr: 8.000e-03, eta: 3:01:23, time: 0.238, data_time: 0.016, memory: 8298, vote_loss: 3.8548, objectness_loss: 0.4005, semantic_loss: 0.3853, center_loss: 0.4978, dir_class_loss: 1.0577, dir_res_loss: 0.7773, size_class_loss: 0.3853, size_res_loss: 0.2931, loss: 7.6519, grad_norm: 7.3375
2026-05-03 16:16:51,237 - mmdet - INFO - Epoch [9][1000/1652]	lr: 8.000e-03, eta: 3:01:10, time: 0.238, data_time: 0.016, memory: 8298, vote_loss: 3.9146, objectness_loss: 0.4046, semantic_loss: 0.4703, center_loss: 0.5352, dir_class_loss: 0.9887, dir_res_loss: 0.6864, size_class_loss: 0.4703, size_res_loss: 0.2964, loss: 7.7664, grad_norm: 8.4122
2026-05-03 16:17:03,152 - mmdet - INFO - Epoch [9][1050/1652]	lr: 8.000e-03, eta: 3:00:58, time: 0.238, data_time: 0.016, memory: 8298, vote_loss: 3.8950, objectness_loss: 0.3969, semantic_loss: 0.4093, center_loss: 0.5161, dir_class_loss: 0.9801, dir_res_loss: 0.7228, size_class_loss: 0.4092, size_res_loss: 0.3072, loss: 7.6365, grad_norm: 8.4108
2026-05-03 16:17:15,063 - mmdet - INFO - Epoch [9][1100/1652]	lr: 8.000e-03, eta: 3:00:46, time: 0.238, data_time: 0.016, memory: 8298, vote_loss: 3.9189, objectness_loss: 0.4170, semantic_loss: 0.4540, center_loss: 0.5931, dir_class_loss: 0.9827, dir_res_loss: 0.6916, size_class_loss: 0.4540, size_res_loss: 0.2980, loss: 7.8093, grad_norm: 7.7024
2026-05-03 16:17:26,956 - mmdet - INFO - Epoch [9][1150/1652]	lr: 8.000e-03, eta: 3:00:33, time: 0.238, data_time: 0.016, memory: 8298, vote_loss: 4.0886, objectness_loss: 0.3832, semantic_loss: 0.4578, center_loss: 0.5382, dir_class_loss: 1.0473, dir_res_loss: 0.7848, size_class_loss: 0.4578, size_res_loss: 0.3371, loss: 8.0948, grad_norm: 8.3443
2026-05-03 16:17:38,789 - mmdet - INFO - Epoch [9][1200/1652]	lr: 8.000e-03, eta: 3:00:21, time: 0.237, data_time: 0.016, memory: 8298, vote_loss: 3.9811, objectness_loss: 0.4154, semantic_loss: 0.4656, center_loss: 0.5515, dir_class_loss: 1.0487, dir_res_loss: 0.7270, size_class_loss: 0.4656, size_res_loss: 0.3052, loss: 7.9602, grad_norm: 8.2264
2026-05-03 16:17:50,706 - mmdet - INFO - Epoch [9][1250/1652]	lr: 8.000e-03, eta: 3:00:09, time: 0.238, data_time: 0.016, memory: 8298, vote_loss: 4.1077, objectness_loss: 0.4173, semantic_loss: 0.4713, center_loss: 0.5354, dir_class_loss: 1.0862, dir_res_loss: 0.8099, size_class_loss: 0.4713, size_res_loss: 0.3402, loss: 8.2393, grad_norm: 8.6340
2026-05-03 16:18:02,541 - mmdet - INFO - Epoch [9][1300/1652]	lr: 8.000e-03, eta: 2:59:56, time: 0.237, data_time: 0.016, memory: 8298, vote_loss: 3.8075, objectness_loss: 0.4350, semantic_loss: 0.4769, center_loss: 0.5338, dir_class_loss: 1.0146, dir_res_loss: 0.8290, size_class_loss: 0.4769, size_res_loss: 0.2932, loss: 7.8668, grad_norm: 8.3150
2026-05-03 16:18:14,643 - mmdet - INFO - Epoch [9][1350/1652]	lr: 8.000e-03, eta: 2:59:44, time: 0.242, data_time: 0.017, memory: 8298, vote_loss: 4.0059, objectness_loss: 0.4096, semantic_loss: 0.5382, center_loss: 0.5734, dir_class_loss: 1.1473, dir_res_loss: 0.6892, size_class_loss: 0.5382, size_res_loss: 0.3504, loss: 8.2523, grad_norm: 7.7431
2026-05-03 16:18:26,555 - mmdet - INFO - Epoch [9][1400/1652]	lr: 8.000e-03, eta: 2:59:32, time: 0.238, data_time: 0.017, memory: 8298, vote_loss: 3.9371, objectness_loss: 0.3950, semantic_loss: 0.4790, center_loss: 0.5471, dir_class_loss: 1.0925, dir_res_loss: 0.8177, size_class_loss: 0.4790, size_res_loss: 0.3280, loss: 8.0754, grad_norm: 12.7378
2026-05-03 16:18:38,483 - mmdet - INFO - Epoch [9][1450/1652]	lr: 8.000e-03, eta: 2:59:20, time: 0.239, data_time: 0.017, memory: 8298, vote_loss: 3.9054, objectness_loss: 0.3786, semantic_loss: 0.4601, center_loss: 0.5906, dir_class_loss: 1.0798, dir_res_loss: 0.7931, size_class_loss: 0.4601, size_res_loss: 0.3064, loss: 7.9743, grad_norm: 7.7635
2026-05-03 16:18:50,445 - mmdet - INFO - Epoch [9][1500/1652]	lr: 8.000e-03, eta: 2:59:08, time: 0.239, data_time: 0.017, memory: 8298, vote_loss: 3.8497, objectness_loss: 0.3909, semantic_loss: 0.4456, center_loss: 0.5313, dir_class_loss: 1.0832, dir_res_loss: 0.6849, size_class_loss: 0.4456, size_res_loss: 0.3017, loss: 7.7328, grad_norm: 7.6463
2026-05-03 16:19:02,286 - mmdet - INFO - Epoch [9][1550/1652]	lr: 8.000e-03, eta: 2:58:55, time: 0.237, data_time: 0.016, memory: 8298, vote_loss: 3.8930, objectness_loss: 0.3909, semantic_loss: 0.4589, center_loss: 0.5276, dir_class_loss: 1.1107, dir_res_loss: 0.7858, size_class_loss: 0.4589, size_res_loss: 0.3123, loss: 7.9379, grad_norm: 7.8112
2026-05-03 16:19:14,178 - mmdet - INFO - Epoch [9][1600/1652]	lr: 8.000e-03, eta: 2:58:43, time: 0.238, data_time: 0.016, memory: 8298, vote_loss: 3.6743, objectness_loss: 0.4133, semantic_loss: 0.4646, center_loss: 0.5427, dir_class_loss: 1.0782, dir_res_loss: 0.7894, size_class_loss: 0.4646, size_res_loss: 0.3047, loss: 7.7316, grad_norm: 7.9827
2026-05-03 16:19:26,101 - mmdet - INFO - Epoch [9][1650/1652]	lr: 8.000e-03, eta: 2:58:30, time: 0.238, data_time: 0.017, memory: 8298, vote_loss: 3.8040, objectness_loss: 0.3885, semantic_loss: 0.4649, center_loss: 0.5995, dir_class_loss: 1.0513, dir_res_loss: 0.7031, size_class_loss: 0.4649, size_res_loss: 0.3079, loss: 7.7841, grad_norm: 8.0504
2026-05-03 16:19:26,634 - mmdet - INFO - Saving checkpoint at 9 epochs
2026-05-03 16:19:41,358 - mmdet - INFO - Epoch [10][50/1652]	lr: 8.000e-03, eta: 2:58:25, time: 0.293, data_time: 0.070, memory: 8298, vote_loss: 3.9220, objectness_loss: 0.3614, semantic_loss: 0.3936, center_loss: 0.5274, dir_class_loss: 1.0713, dir_res_loss: 0.8103, size_class_loss: 0.3936, size_res_loss: 0.2844, loss: 7.7639, grad_norm: 8.1276
2026-05-03 16:19:53,289 - mmdet - INFO - Epoch [10][100/1652]	lr: 8.000e-03, eta: 2:58:12, time: 0.239, data_time: 0.016, memory: 8298, vote_loss: 3.6634, objectness_loss: 0.3780, semantic_loss: 0.4000, center_loss: 0.5301, dir_class_loss: 1.0106, dir_res_loss: 0.7300, size_class_loss: 0.4000, size_res_loss: 0.2894, loss: 7.4014, grad_norm: 8.6927
2026-05-03 16:20:05,191 - mmdet - INFO - Epoch [10][150/1652]	lr: 8.000e-03, eta: 2:58:00, time: 0.238, data_time: 0.016, memory: 8298, vote_loss: 3.8683, objectness_loss: 0.3710, semantic_loss: 0.4065, center_loss: 0.5284, dir_class_loss: 1.0350, dir_res_loss: 0.7672, size_class_loss: 0.4065, size_res_loss: 0.2872, loss: 7.6701, grad_norm: 7.9284
2026-05-03 16:20:17,231 - mmdet - INFO - Epoch [10][200/1652]	lr: 8.000e-03, eta: 2:57:48, time: 0.241, data_time: 0.016, memory: 8298, vote_loss: 3.8623, objectness_loss: 0.4044, semantic_loss: 0.4709, center_loss: 0.5606, dir_class_loss: 1.0006, dir_res_loss: 0.7614, size_class_loss: 0.4709, size_res_loss: 0.3150, loss: 7.8461, grad_norm: 7.8087
2026-05-03 16:20:29,189 - mmdet - INFO - Epoch [10][250/1652]	lr: 8.000e-03, eta: 2:57:36, time: 0.239, data_time: 0.016, memory: 8298, vote_loss: 3.6783, objectness_loss: 0.4092, semantic_loss: 0.4054, center_loss: 0.5085, dir_class_loss: 1.0367, dir_res_loss: 0.7348, size_class_loss: 0.4054, size_res_loss: 0.3107, loss: 7.4890, grad_norm: 7.7563
2026-05-03 16:20:41,108 - mmdet - INFO - Epoch [10][300/1652]	lr: 8.000e-03, eta: 2:57:24, time: 0.238, data_time: 0.016, memory: 8298, vote_loss: 4.0259, objectness_loss: 0.3948, semantic_loss: 0.4501, center_loss: 0.5290, dir_class_loss: 1.0124, dir_res_loss: 0.7001, size_class_loss: 0.4501, size_res_loss: 0.3230, loss: 7.8854, grad_norm: 7.5402
2026-05-03 16:20:53,058 - mmdet - INFO - Epoch [10][350/1652]	lr: 8.000e-03, eta: 2:57:11, time: 0.239, data_time: 0.017, memory: 8298, vote_loss: 3.8730, objectness_loss: 0.4030, semantic_loss: 0.4855, center_loss: 0.5764, dir_class_loss: 1.0992, dir_res_loss: 0.7344, size_class_loss: 0.4854, size_res_loss: 0.3402, loss: 7.9971, grad_norm: 8.0199
2026-05-03 16:21:04,950 - mmdet - INFO - Epoch [10][400/1652]	lr: 8.000e-03, eta: 2:56:59, time: 0.238, data_time: 0.016, memory: 8298, vote_loss: 3.9068, objectness_loss: 0.4086, semantic_loss: 0.4462, center_loss: 0.4940, dir_class_loss: 0.9843, dir_res_loss: 0.8326, size_class_loss: 0.4462, size_res_loss: 0.3050, loss: 7.8237, grad_norm: 7.6632
2026-05-03 16:21:16,919 - mmdet - INFO - Epoch [10][450/1652]	lr: 8.000e-03, eta: 2:56:47, time: 0.239, data_time: 0.016, memory: 8298, vote_loss: 3.7643, objectness_loss: 0.4157, semantic_loss: 0.4616, center_loss: 0.4789, dir_class_loss: 1.0166, dir_res_loss: 0.6632, size_class_loss: 0.4616, size_res_loss: 0.2705, loss: 7.5324, grad_norm: 7.3545
2026-05-03 16:21:28,828 - mmdet - INFO - Epoch [10][500/1652]	lr: 8.000e-03, eta: 2:56:35, time: 0.238, data_time: 0.016, memory: 8298, vote_loss: 3.9188, objectness_loss: 0.4332, semantic_loss: 0.4542, center_loss: 0.5074, dir_class_loss: 1.0203, dir_res_loss: 0.8150, size_class_loss: 0.4542, size_res_loss: 0.2801, loss: 7.8833, grad_norm: 7.8009
2026-05-03 16:21:40,689 - mmdet - INFO - Epoch [10][550/1652]	lr: 8.000e-03, eta: 2:56:22, time: 0.237, data_time: 0.016, memory: 8298, vote_loss: 3.9284, objectness_loss: 0.4231, semantic_loss: 0.5437, center_loss: 0.5585, dir_class_loss: 1.0249, dir_res_loss: 0.6844, size_class_loss: 0.5437, size_res_loss: 0.3287, loss: 8.0353, grad_norm: 7.6255
2026-05-03 16:21:52,602 - mmdet - INFO - Epoch [10][600/1652]	lr: 8.000e-03, eta: 2:56:10, time: 0.238, data_time: 0.016, memory: 8298, vote_loss: 3.8942, objectness_loss: 0.4223, semantic_loss: 0.4575, center_loss: 0.4887, dir_class_loss: 0.9557, dir_res_loss: 0.7513, size_class_loss: 0.4575, size_res_loss: 0.3376, loss: 7.7648, grad_norm: 7.7201
2026-05-03 16:22:04,486 - mmdet - INFO - Epoch [10][650/1652]	lr: 8.000e-03, eta: 2:55:57, time: 0.238, data_time: 0.017, memory: 8298, vote_loss: 3.8699, objectness_loss: 0.3749, semantic_loss: 0.4205, center_loss: 0.5485, dir_class_loss: 1.1070, dir_res_loss: 0.7737, size_class_loss: 0.4205, size_res_loss: 0.2864, loss: 7.8016, grad_norm: 8.2140
2026-05-03 16:22:16,407 - mmdet - INFO - Epoch [10][700/1652]	lr: 8.000e-03, eta: 2:55:45, time: 0.238, data_time: 0.016, memory: 8298, vote_loss: 3.7727, objectness_loss: 0.4008, semantic_loss: 0.4303, center_loss: 0.4898, dir_class_loss: 0.9926, dir_res_loss: 0.7045, size_class_loss: 0.4303, size_res_loss: 0.3352, loss: 7.5562, grad_norm: 7.8996
2026-05-03 16:22:28,329 - mmdet - INFO - Epoch [10][750/1652]	lr: 8.000e-03, eta: 2:55:33, time: 0.238, data_time: 0.016, memory: 8298, vote_loss: 3.9492, objectness_loss: 0.4075, semantic_loss: 0.4783, center_loss: 0.5056, dir_class_loss: 0.9377, dir_res_loss: 0.8194, size_class_loss: 0.4783, size_res_loss: 0.2954, loss: 7.8713, grad_norm: 7.6309
2026-05-03 16:22:40,187 - mmdet - INFO - Epoch [10][800/1652]	lr: 8.000e-03, eta: 2:55:20, time: 0.237, data_time: 0.016, memory: 8298, vote_loss: 4.1275, objectness_loss: 0.4000, semantic_loss: 0.5212, center_loss: 0.5932, dir_class_loss: 0.9968, dir_res_loss: 0.7650, size_class_loss: 0.5212, size_res_loss: 0.3368, loss: 8.2619, grad_norm: 8.1917
2026-05-03 16:22:52,076 - mmdet - INFO - Epoch [10][850/1652]	lr: 8.000e-03, eta: 2:55:08, time: 0.238, data_time: 0.016, memory: 8298, vote_loss: 3.9572, objectness_loss: 0.4079, semantic_loss: 0.4616, center_loss: 0.5105, dir_class_loss: 1.0233, dir_res_loss: 0.7274, size_class_loss: 0.4616, size_res_loss: 0.3382, loss: 7.8876, grad_norm: 7.2572
2026-05-03 16:23:04,014 - mmdet - INFO - Epoch [10][900/1652]	lr: 8.000e-03, eta: 2:54:56, time: 0.239, data_time: 0.016, memory: 8298, vote_loss: 3.7293, objectness_loss: 0.4131, semantic_loss: 0.4512, center_loss: 0.5413, dir_class_loss: 1.0415, dir_res_loss: 0.7202, size_class_loss: 0.4512, size_res_loss: 0.3238, loss: 7.6715, grad_norm: 7.7655
2026-05-03 16:23:15,912 - mmdet - INFO - Epoch [10][950/1652]	lr: 8.000e-03, eta: 2:54:44, time: 0.238, data_time: 0.016, memory: 8298, vote_loss: 3.6638, objectness_loss: 0.3858, semantic_loss: 0.4385, center_loss: 0.5556, dir_class_loss: 1.0614, dir_res_loss: 0.8015, size_class_loss: 0.4385, size_res_loss: 0.2744, loss: 7.6195, grad_norm: 7.8394
2026-05-03 16:23:27,858 - mmdet - INFO - Epoch [10][1000/1652]	lr: 8.000e-03, eta: 2:54:31, time: 0.239, data_time: 0.016, memory: 8298, vote_loss: 3.7482, objectness_loss: 0.4106, semantic_loss: 0.4721, center_loss: 0.4943, dir_class_loss: 1.1142, dir_res_loss: 0.7302, size_class_loss: 0.4721, size_res_loss: 0.2742, loss: 7.7160, grad_norm: 7.8803
2026-05-03 16:23:39,855 - mmdet - INFO - Epoch [10][1050/1652]	lr: 8.000e-03, eta: 2:54:19, time: 0.240, data_time: 0.017, memory: 8298, vote_loss: 3.8690, objectness_loss: 0.3897, semantic_loss: 0.4450, center_loss: 0.5212, dir_class_loss: 1.0347, dir_res_loss: 0.8276, size_class_loss: 0.4450, size_res_loss: 0.3184, loss: 7.8505, grad_norm: 7.3804
2026-05-03 16:23:51,796 - mmdet - INFO - Epoch [10][1100/1652]	lr: 8.000e-03, eta: 2:54:07, time: 0.239, data_time: 0.016, memory: 8298, vote_loss: 3.8291, objectness_loss: 0.4262, semantic_loss: 0.4917, center_loss: 0.5510, dir_class_loss: 0.9449, dir_res_loss: 0.6997, size_class_loss: 0.4917, size_res_loss: 0.3076, loss: 7.7418, grad_norm: 7.8088
2026-05-03 16:24:03,724 - mmdet - INFO - Epoch [10][1150/1652]	lr: 8.000e-03, eta: 2:53:55, time: 0.239, data_time: 0.016, memory: 8298, vote_loss: 3.8097, objectness_loss: 0.3924, semantic_loss: 0.4569, center_loss: 0.6059, dir_class_loss: 1.0674, dir_res_loss: 0.7429, size_class_loss: 0.4569, size_res_loss: 0.3094, loss: 7.8415, grad_norm: 8.6350
2026-05-03 16:24:15,600 - mmdet - INFO - Epoch [10][1200/1652]	lr: 8.000e-03, eta: 2:53:43, time: 0.238, data_time: 0.016, memory: 8298, vote_loss: 3.9227, objectness_loss: 0.3979, semantic_loss: 0.4258, center_loss: 0.5387, dir_class_loss: 1.0414, dir_res_loss: 0.7860, size_class_loss: 0.4258, size_res_loss: 0.3065, loss: 7.8450, grad_norm: 7.5226
2026-05-03 16:24:27,509 - mmdet - INFO - Epoch [10][1250/1652]	lr: 8.000e-03, eta: 2:53:30, time: 0.238, data_time: 0.016, memory: 8298, vote_loss: 3.8455, objectness_loss: 0.3953, semantic_loss: 0.4317, center_loss: 0.5138, dir_class_loss: 0.9757, dir_res_loss: 0.8764, size_class_loss: 0.4317, size_res_loss: 0.3258, loss: 7.7958, grad_norm: 8.0690
2026-05-03 16:24:39,604 - mmdet - INFO - Epoch [10][1300/1652]	lr: 8.000e-03, eta: 2:53:19, time: 0.242, data_time: 0.020, memory: 8298, vote_loss: 3.7806, objectness_loss: 0.3898, semantic_loss: 0.4260, center_loss: 0.5232, dir_class_loss: 1.0130, dir_res_loss: 0.7436, size_class_loss: 0.4260, size_res_loss: 0.3012, loss: 7.6036, grad_norm: 8.3937
2026-05-03 16:24:51,560 - mmdet - INFO - Epoch [10][1350/1652]	lr: 8.000e-03, eta: 2:53:06, time: 0.239, data_time: 0.016, memory: 8298, vote_loss: 3.6117, objectness_loss: 0.4057, semantic_loss: 0.4101, center_loss: 0.5521, dir_class_loss: 0.9764, dir_res_loss: 0.7707, size_class_loss: 0.4101, size_res_loss: 0.2945, loss: 7.4313, grad_norm: 7.7596
2026-05-03 16:25:03,528 - mmdet - INFO - Epoch [10][1400/1652]	lr: 8.000e-03, eta: 2:52:54, time: 0.239, data_time: 0.016, memory: 8298, vote_loss: 3.7334, objectness_loss: 0.4073, semantic_loss: 0.4462, center_loss: 0.5251, dir_class_loss: 1.0291, dir_res_loss: 0.7313, size_class_loss: 0.4462, size_res_loss: 0.3024, loss: 7.6210, grad_norm: 7.3715
2026-05-03 16:25:15,417 - mmdet - INFO - Epoch [10][1450/1652]	lr: 8.000e-03, eta: 2:52:42, time: 0.238, data_time: 0.016, memory: 8298, vote_loss: 3.8174, objectness_loss: 0.3828, semantic_loss: 0.4088, center_loss: 0.5107, dir_class_loss: 0.9779, dir_res_loss: 0.7380, size_class_loss: 0.4089, size_res_loss: 0.3043, loss: 7.5487, grad_norm: 8.1236
2026-05-03 16:25:27,345 - mmdet - INFO - Epoch [10][1500/1652]	lr: 8.000e-03, eta: 2:52:30, time: 0.239, data_time: 0.016, memory: 8298, vote_loss: 3.8431, objectness_loss: 0.4179, semantic_loss: 0.4828, center_loss: 0.5121, dir_class_loss: 1.0280, dir_res_loss: 0.6734, size_class_loss: 0.4828, size_res_loss: 0.3300, loss: 7.7702, grad_norm: 7.8545
2026-05-03 16:25:39,293 - mmdet - INFO - Epoch [10][1550/1652]	lr: 8.000e-03, eta: 2:52:18, time: 0.239, data_time: 0.016, memory: 8298, vote_loss: 3.5529, objectness_loss: 0.3918, semantic_loss: 0.4407, center_loss: 0.5020, dir_class_loss: 0.9620, dir_res_loss: 0.7226, size_class_loss: 0.4407, size_res_loss: 0.2957, loss: 7.3084, grad_norm: 7.3005
2026-05-03 16:25:51,226 - mmdet - INFO - Epoch [10][1600/1652]	lr: 8.000e-03, eta: 2:52:05, time: 0.239, data_time: 0.016, memory: 8298, vote_loss: 3.8017, objectness_loss: 0.3881, semantic_loss: 0.4738, center_loss: 0.5101, dir_class_loss: 1.0115, dir_res_loss: 0.7774, size_class_loss: 0.4738, size_res_loss: 0.3145, loss: 7.7510, grad_norm: 7.6773
2026-05-03 16:26:03,083 - mmdet - INFO - Epoch [10][1650/1652]	lr: 8.000e-03, eta: 2:51:53, time: 0.237, data_time: 0.016, memory: 8298, vote_loss: 3.7682, objectness_loss: 0.4012, semantic_loss: 0.4270, center_loss: 0.5377, dir_class_loss: 0.9994, dir_res_loss: 0.6007, size_class_loss: 0.4270, size_res_loss: 0.2867, loss: 7.4478, grad_norm: 7.3792
2026-05-03 16:26:03,612 - mmdet - INFO - Saving checkpoint at 10 epochs
2026-05-03 16:26:18,403 - mmdet - INFO - Epoch [11][50/1652]	lr: 8.000e-03, eta: 2:51:46, time: 0.295, data_time: 0.072, memory: 8298, vote_loss: 3.7432, objectness_loss: 0.3791, semantic_loss: 0.4747, center_loss: 0.4793, dir_class_loss: 1.0566, dir_res_loss: 0.7314, size_class_loss: 0.4748, size_res_loss: 0.2959, loss: 7.6351, grad_norm: 7.7824
2026-05-03 16:26:30,323 - mmdet - INFO - Epoch [11][100/1652]	lr: 8.000e-03, eta: 2:51:34, time: 0.238, data_time: 0.016, memory: 8298, vote_loss: 3.8695, objectness_loss: 0.4001, semantic_loss: 0.4629, center_loss: 0.5089, dir_class_loss: 0.9972, dir_res_loss: 0.7713, size_class_loss: 0.4629, size_res_loss: 0.3240, loss: 7.7968, grad_norm: 6.8922
2026-05-03 16:26:42,201 - mmdet - INFO - Epoch [11][150/1652]	lr: 8.000e-03, eta: 2:51:22, time: 0.238, data_time: 0.016, memory: 8298, vote_loss: 3.7485, objectness_loss: 0.4067, semantic_loss: 0.4418, center_loss: 0.5519, dir_class_loss: 0.9799, dir_res_loss: 0.7015, size_class_loss: 0.4418, size_res_loss: 0.3396, loss: 7.6117, grad_norm: 7.7467
2026-05-03 16:26:54,164 - mmdet - INFO - Epoch [11][200/1652]	lr: 8.000e-03, eta: 2:51:10, time: 0.239, data_time: 0.016, memory: 8298, vote_loss: 3.7436, objectness_loss: 0.3735, semantic_loss: 0.4266, center_loss: 0.5058, dir_class_loss: 0.9826, dir_res_loss: 0.6898, size_class_loss: 0.4266, size_res_loss: 0.2991, loss: 7.4474, grad_norm: 8.1294
2026-05-03 16:27:06,108 - mmdet - INFO - Epoch [11][250/1652]	lr: 8.000e-03, eta: 2:50:57, time: 0.239, data_time: 0.016, memory: 8298, vote_loss: 3.7303, objectness_loss: 0.3856, semantic_loss: 0.4187, center_loss: 0.5328, dir_class_loss: 0.9483, dir_res_loss: 0.7237, size_class_loss: 0.4187, size_res_loss: 0.2923, loss: 7.4504, grad_norm: 7.8129
2026-05-03 16:27:18,002 - mmdet - INFO - Epoch [11][300/1652]	lr: 8.000e-03, eta: 2:50:45, time: 0.238, data_time: 0.016, memory: 8298, vote_loss: 3.7600, objectness_loss: 0.4168, semantic_loss: 0.4856, center_loss: 0.5227, dir_class_loss: 0.9872, dir_res_loss: 0.7767, size_class_loss: 0.4857, size_res_loss: 0.3078, loss: 7.7425, grad_norm: 8.9732
2026-05-03 16:27:29,912 - mmdet - INFO - Epoch [11][350/1652]	lr: 8.000e-03, eta: 2:50:33, time: 0.238, data_time: 0.016, memory: 8298, vote_loss: 3.7885, objectness_loss: 0.3959, semantic_loss: 0.3965, center_loss: 0.5756, dir_class_loss: 0.9101, dir_res_loss: 0.6745, size_class_loss: 0.3965, size_res_loss: 0.2951, loss: 7.4326, grad_norm: 7.7058
2026-05-03 16:27:41,792 - mmdet - INFO - Epoch [11][400/1652]	lr: 8.000e-03, eta: 2:50:21, time: 0.238, data_time: 0.015, memory: 8298, vote_loss: 3.7950, objectness_loss: 0.3835, semantic_loss: 0.4186, center_loss: 0.5400, dir_class_loss: 1.0424, dir_res_loss: 0.7721, size_class_loss: 0.4186, size_res_loss: 0.3051, loss: 7.6753, grad_norm: 7.4522
2026-05-03 16:27:53,724 - mmdet - INFO - Epoch [11][450/1652]	lr: 8.000e-03, eta: 2:50:08, time: 0.239, data_time: 0.015, memory: 8298, vote_loss: 3.6912, objectness_loss: 0.3883, semantic_loss: 0.3884, center_loss: 0.5126, dir_class_loss: 1.0041, dir_res_loss: 0.7556, size_class_loss: 0.3884, size_res_loss: 0.2969, loss: 7.4254, grad_norm: 8.3095
2026-05-03 16:28:05,640 - mmdet - INFO - Epoch [11][500/1652]	lr: 8.000e-03, eta: 2:49:56, time: 0.238, data_time: 0.016, memory: 8298, vote_loss: 3.8125, objectness_loss: 0.3803, semantic_loss: 0.4436, center_loss: 0.5134, dir_class_loss: 1.0555, dir_res_loss: 0.7315, size_class_loss: 0.4436, size_res_loss: 0.2901, loss: 7.6706, grad_norm: 7.9312
2026-05-03 16:28:17,569 - mmdet - INFO - Epoch [11][550/1652]	lr: 8.000e-03, eta: 2:49:44, time: 0.239, data_time: 0.016, memory: 8298, vote_loss: 3.5489, objectness_loss: 0.4152, semantic_loss: 0.4161, center_loss: 0.5088, dir_class_loss: 0.9868, dir_res_loss: 0.7180, size_class_loss: 0.4161, size_res_loss: 0.3163, loss: 7.3262, grad_norm: 7.7679
2026-05-03 16:28:29,398 - mmdet - INFO - Epoch [11][600/1652]	lr: 8.000e-03, eta: 2:49:31, time: 0.237, data_time: 0.015, memory: 8298, vote_loss: 3.7263, objectness_loss: 0.3970, semantic_loss: 0.4456, center_loss: 0.5555, dir_class_loss: 1.0081, dir_res_loss: 0.7537, size_class_loss: 0.4456, size_res_loss: 0.3022, loss: 7.6339, grad_norm: 8.3878
2026-05-03 16:28:41,255 - mmdet - INFO - Epoch [11][650/1652]	lr: 8.000e-03, eta: 2:49:19, time: 0.237, data_time: 0.015, memory: 8298, vote_loss: 3.7442, objectness_loss: 0.4079, semantic_loss: 0.4128, center_loss: 0.5295, dir_class_loss: 0.9709, dir_res_loss: 0.7353, size_class_loss: 0.4128, size_res_loss: 0.2582, loss: 7.4715, grad_norm: 9.2020
2026-05-03 16:28:53,236 - mmdet - INFO - Epoch [11][700/1652]	lr: 8.000e-03, eta: 2:49:07, time: 0.240, data_time: 0.016, memory: 8298, vote_loss: 4.0283, objectness_loss: 0.3929, semantic_loss: 0.4243, center_loss: 0.4983, dir_class_loss: 0.9931, dir_res_loss: 0.7353, size_class_loss: 0.4243, size_res_loss: 0.3327, loss: 7.8291, grad_norm: 7.7582
2026-05-03 16:29:05,095 - mmdet - INFO - Epoch [11][750/1652]	lr: 8.000e-03, eta: 2:48:55, time: 0.237, data_time: 0.016, memory: 8298, vote_loss: 3.8269, objectness_loss: 0.3851, semantic_loss: 0.4851, center_loss: 0.5077, dir_class_loss: 1.0880, dir_res_loss: 0.6795, size_class_loss: 0.4851, size_res_loss: 0.3330, loss: 7.7905, grad_norm: 8.1815
2026-05-03 16:29:16,920 - mmdet - INFO - Epoch [11][800/1652]	lr: 8.000e-03, eta: 2:48:42, time: 0.236, data_time: 0.015, memory: 8298, vote_loss: 3.7287, objectness_loss: 0.3881, semantic_loss: 0.4174, center_loss: 0.5307, dir_class_loss: 0.9000, dir_res_loss: 0.7116, size_class_loss: 0.4174, size_res_loss: 0.3000, loss: 7.3940, grad_norm: 7.8565
2026-05-03 16:29:28,758 - mmdet - INFO - Epoch [11][850/1652]	lr: 8.000e-03, eta: 2:48:30, time: 0.237, data_time: 0.015, memory: 8298, vote_loss: 3.7639, objectness_loss: 0.3880, semantic_loss: 0.4421, center_loss: 0.5496, dir_class_loss: 0.9372, dir_res_loss: 0.7443, size_class_loss: 0.4421, size_res_loss: 0.2795, loss: 7.5467, grad_norm: 9.0780
2026-05-03 16:29:40,585 - mmdet - INFO - Epoch [11][900/1652]	lr: 8.000e-03, eta: 2:48:17, time: 0.237, data_time: 0.016, memory: 8298, vote_loss: 3.7361, objectness_loss: 0.3770, semantic_loss: 0.4516, center_loss: 0.5253, dir_class_loss: 0.9719, dir_res_loss: 0.7149, size_class_loss: 0.4516, size_res_loss: 0.3164, loss: 7.5450, grad_norm: 7.9676
2026-05-03 16:29:52,324 - mmdet - INFO - Epoch [11][950/1652]	lr: 8.000e-03, eta: 2:48:05, time: 0.235, data_time: 0.016, memory: 8298, vote_loss: 3.7763, objectness_loss: 0.3991, semantic_loss: 0.4933, center_loss: 0.5116, dir_class_loss: 1.0299, dir_res_loss: 0.7262, size_class_loss: 0.4933, size_res_loss: 0.3188, loss: 7.7486, grad_norm: 8.4437
2026-05-03 16:30:04,175 - mmdet - INFO - Epoch [11][1000/1652]	lr: 8.000e-03, eta: 2:47:52, time: 0.237, data_time: 0.016, memory: 8298, vote_loss: 3.7184, objectness_loss: 0.4069, semantic_loss: 0.4162, center_loss: 0.6075, dir_class_loss: 1.1190, dir_res_loss: 0.7848, size_class_loss: 0.4162, size_res_loss: 0.2921, loss: 7.7611, grad_norm: 8.0781
2026-05-03 16:30:16,172 - mmdet - INFO - Epoch [11][1050/1652]	lr: 8.000e-03, eta: 2:47:40, time: 0.240, data_time: 0.017, memory: 8298, vote_loss: 3.8475, objectness_loss: 0.4146, semantic_loss: 0.4266, center_loss: 0.5405, dir_class_loss: 0.9773, dir_res_loss: 0.7289, size_class_loss: 0.4266, size_res_loss: 0.3098, loss: 7.6716, grad_norm: 8.2794
2026-05-03 16:30:28,092 - mmdet - INFO - Epoch [11][1100/1652]	lr: 8.000e-03, eta: 2:47:28, time: 0.238, data_time: 0.016, memory: 8298, vote_loss: 3.7530, objectness_loss: 0.3911, semantic_loss: 0.4345, center_loss: 0.4975, dir_class_loss: 1.0651, dir_res_loss: 0.7844, size_class_loss: 0.4345, size_res_loss: 0.2924, loss: 7.6525, grad_norm: 8.2564
2026-05-03 16:30:40,018 - mmdet - INFO - Epoch [11][1150/1652]	lr: 8.000e-03, eta: 2:47:16, time: 0.239, data_time: 0.016, memory: 8298, vote_loss: 3.9543, objectness_loss: 0.3741, semantic_loss: 0.4235, center_loss: 0.5355, dir_class_loss: 1.0364, dir_res_loss: 0.7945, size_class_loss: 0.4235, size_res_loss: 0.3081, loss: 7.8500, grad_norm: 7.6372
2026-05-03 16:30:51,929 - mmdet - INFO - Epoch [11][1200/1652]	lr: 8.000e-03, eta: 2:47:04, time: 0.238, data_time: 0.016, memory: 8298, vote_loss: 3.8758, objectness_loss: 0.4036, semantic_loss: 0.4530, center_loss: 0.5214, dir_class_loss: 0.9797, dir_res_loss: 0.7811, size_class_loss: 0.4530, size_res_loss: 0.2923, loss: 7.7599, grad_norm: 8.0339
2026-05-03 16:31:03,850 - mmdet - INFO - Epoch [11][1250/1652]	lr: 8.000e-03, eta: 2:46:51, time: 0.238, data_time: 0.016, memory: 8298, vote_loss: 3.8330, objectness_loss: 0.3849, semantic_loss: 0.4638, center_loss: 0.5720, dir_class_loss: 1.0535, dir_res_loss: 0.7529, size_class_loss: 0.4638, size_res_loss: 0.2901, loss: 7.8141, grad_norm: 7.9573
2026-05-03 16:31:15,738 - mmdet - INFO - Epoch [11][1300/1652]	lr: 8.000e-03, eta: 2:46:39, time: 0.238, data_time: 0.016, memory: 8298, vote_loss: 3.9016, objectness_loss: 0.4067, semantic_loss: 0.4973, center_loss: 0.5111, dir_class_loss: 1.0038, dir_res_loss: 0.7152, size_class_loss: 0.4973, size_res_loss: 0.3200, loss: 7.8532, grad_norm: 7.3854
2026-05-03 16:31:27,661 - mmdet - INFO - Epoch [11][1350/1652]	lr: 8.000e-03, eta: 2:46:27, time: 0.238, data_time: 0.016, memory: 8298, vote_loss: 3.7641, objectness_loss: 0.4093, semantic_loss: 0.4823, center_loss: 0.5476, dir_class_loss: 1.0342, dir_res_loss: 0.7203, size_class_loss: 0.4823, size_res_loss: 0.2939, loss: 7.7339, grad_norm: 8.2816
2026-05-03 16:31:39,619 - mmdet - INFO - Epoch [11][1400/1652]	lr: 8.000e-03, eta: 2:46:15, time: 0.239, data_time: 0.017, memory: 8298, vote_loss: 3.6947, objectness_loss: 0.4166, semantic_loss: 0.3962, center_loss: 0.4922, dir_class_loss: 1.0033, dir_res_loss: 0.8084, size_class_loss: 0.3962, size_res_loss: 0.2821, loss: 7.4896, grad_norm: 7.6610
2026-05-03 16:31:51,560 - mmdet - INFO - Epoch [11][1450/1652]	lr: 8.000e-03, eta: 2:46:03, time: 0.239, data_time: 0.016, memory: 8298, vote_loss: 3.6547, objectness_loss: 0.3965, semantic_loss: 0.4237, center_loss: 0.4887, dir_class_loss: 1.0769, dir_res_loss: 0.7842, size_class_loss: 0.4237, size_res_loss: 0.2881, loss: 7.5365, grad_norm: 7.5682
2026-05-03 16:32:03,482 - mmdet - INFO - Epoch [11][1500/1652]	lr: 8.000e-03, eta: 2:45:51, time: 0.238, data_time: 0.016, memory: 8298, vote_loss: 3.8111, objectness_loss: 0.3927, semantic_loss: 0.4886, center_loss: 0.5220, dir_class_loss: 1.1049, dir_res_loss: 0.7088, size_class_loss: 0.4886, size_res_loss: 0.3040, loss: 7.8207, grad_norm: 8.2656
2026-05-03 16:32:15,427 - mmdet - INFO - Epoch [11][1550/1652]	lr: 8.000e-03, eta: 2:45:38, time: 0.239, data_time: 0.016, memory: 8298, vote_loss: 3.6783, objectness_loss: 0.3959, semantic_loss: 0.4677, center_loss: 0.4900, dir_class_loss: 0.9823, dir_res_loss: 0.7372, size_class_loss: 0.4677, size_res_loss: 0.2961, loss: 7.5151, grad_norm: 7.9095
2026-05-03 16:32:27,267 - mmdet - INFO - Epoch [11][1600/1652]	lr: 8.000e-03, eta: 2:45:26, time: 0.237, data_time: 0.016, memory: 8298, vote_loss: 3.8240, objectness_loss: 0.3956, semantic_loss: 0.4595, center_loss: 0.6165, dir_class_loss: 0.9776, dir_res_loss: 0.6650, size_class_loss: 0.4595, size_res_loss: 0.3249, loss: 7.7225, grad_norm: 7.6552
2026-05-03 16:32:39,245 - mmdet - INFO - Epoch [11][1650/1652]	lr: 8.000e-03, eta: 2:45:14, time: 0.240, data_time: 0.016, memory: 8298, vote_loss: 3.7082, objectness_loss: 0.4023, semantic_loss: 0.4074, center_loss: 0.4924, dir_class_loss: 1.0177, dir_res_loss: 0.7187, size_class_loss: 0.4074, size_res_loss: 0.2937, loss: 7.4477, grad_norm: 7.2274
2026-05-03 16:32:39,766 - mmdet - INFO - Saving checkpoint at 11 epochs
2026-05-03 16:32:54,686 - mmdet - INFO - Epoch [12][50/1652]	lr: 8.000e-03, eta: 2:45:07, time: 0.298, data_time: 0.074, memory: 8298, vote_loss: 3.6654, objectness_loss: 0.3942, semantic_loss: 0.3741, center_loss: 0.4810, dir_class_loss: 0.9845, dir_res_loss: 0.7623, size_class_loss: 0.3741, size_res_loss: 0.3092, loss: 7.3447, grad_norm: 8.1034
2026-05-03 16:33:06,663 - mmdet - INFO - Epoch [12][100/1652]	lr: 8.000e-03, eta: 2:44:55, time: 0.240, data_time: 0.016, memory: 8298, vote_loss: 3.8239, objectness_loss: 0.3797, semantic_loss: 0.4167, center_loss: 0.5654, dir_class_loss: 1.0700, dir_res_loss: 0.7259, size_class_loss: 0.4167, size_res_loss: 0.3064, loss: 7.7048, grad_norm: 8.1614
2026-05-03 16:33:18,568 - mmdet - INFO - Epoch [12][150/1652]	lr: 8.000e-03, eta: 2:44:43, time: 0.238, data_time: 0.016, memory: 8298, vote_loss: 3.7223, objectness_loss: 0.3900, semantic_loss: 0.4052, center_loss: 0.5380, dir_class_loss: 1.0037, dir_res_loss: 0.6474, size_class_loss: 0.4053, size_res_loss: 0.3131, loss: 7.4250, grad_norm: 7.4193
2026-05-03 16:33:30,429 - mmdet - INFO - Epoch [12][200/1652]	lr: 8.000e-03, eta: 2:44:30, time: 0.237, data_time: 0.016, memory: 8298, vote_loss: 3.7354, objectness_loss: 0.4153, semantic_loss: 0.4496, center_loss: 0.5088, dir_class_loss: 0.9864, dir_res_loss: 0.7641, size_class_loss: 0.4496, size_res_loss: 0.3355, loss: 7.6447, grad_norm: 7.8008
2026-05-03 16:33:42,306 - mmdet - INFO - Epoch [12][250/1652]	lr: 8.000e-03, eta: 2:44:18, time: 0.238, data_time: 0.016, memory: 8298, vote_loss: 3.6428, objectness_loss: 0.4079, semantic_loss: 0.4688, center_loss: 0.5064, dir_class_loss: 0.9710, dir_res_loss: 0.6983, size_class_loss: 0.4688, size_res_loss: 0.2679, loss: 7.4319, grad_norm: 8.1822
2026-05-03 16:33:54,100 - mmdet - INFO - Epoch [12][300/1652]	lr: 8.000e-03, eta: 2:44:05, time: 0.236, data_time: 0.016, memory: 8298, vote_loss: 3.6862, objectness_loss: 0.4008, semantic_loss: 0.4685, center_loss: 0.4902, dir_class_loss: 0.9837, dir_res_loss: 0.7804, size_class_loss: 0.4685, size_res_loss: 0.3066, loss: 7.5849, grad_norm: 8.4444
2026-05-03 16:34:06,012 - mmdet - INFO - Epoch [12][350/1652]	lr: 8.000e-03, eta: 2:43:53, time: 0.238, data_time: 0.016, memory: 8298, vote_loss: 3.6118, objectness_loss: 0.3971, semantic_loss: 0.4843, center_loss: 0.4838, dir_class_loss: 1.0259, dir_res_loss: 0.6998, size_class_loss: 0.4843, size_res_loss: 0.2697, loss: 7.4567, grad_norm: 7.6982
2026-05-03 16:34:18,119 - mmdet - INFO - Epoch [12][400/1652]	lr: 8.000e-03, eta: 2:43:41, time: 0.242, data_time: 0.017, memory: 8298, vote_loss: 3.8341, objectness_loss: 0.4108, semantic_loss: 0.4723, center_loss: 0.5229, dir_class_loss: 1.0471, dir_res_loss: 0.7699, size_class_loss: 0.4723, size_res_loss: 0.2868, loss: 7.8162, grad_norm: 7.6188
2026-05-03 16:34:29,985 - mmdet - INFO - Epoch [12][450/1652]	lr: 8.000e-03, eta: 2:43:29, time: 0.237, data_time: 0.016, memory: 8298, vote_loss: 3.7160, objectness_loss: 0.4032, semantic_loss: 0.4424, center_loss: 0.5079, dir_class_loss: 0.9299, dir_res_loss: 0.7597, size_class_loss: 0.4424, size_res_loss: 0.3058, loss: 7.5074, grad_norm: 8.1979
2026-05-03 16:34:41,942 - mmdet - INFO - Epoch [12][500/1652]	lr: 8.000e-03, eta: 2:43:17, time: 0.239, data_time: 0.016, memory: 8298, vote_loss: 3.8035, objectness_loss: 0.3953, semantic_loss: 0.4586, center_loss: 0.5358, dir_class_loss: 1.0292, dir_res_loss: 0.6493, size_class_loss: 0.4586, size_res_loss: 0.2922, loss: 7.6226, grad_norm: 8.1129
2026-05-03 16:34:53,922 - mmdet - INFO - Epoch [12][550/1652]	lr: 8.000e-03, eta: 2:43:05, time: 0.240, data_time: 0.016, memory: 8298, vote_loss: 3.6021, objectness_loss: 0.3893, semantic_loss: 0.3915, center_loss: 0.4744, dir_class_loss: 0.9523, dir_res_loss: 0.7014, size_class_loss: 0.3915, size_res_loss: 0.3371, loss: 7.2398, grad_norm: 7.3254
2026-05-03 16:35:05,879 - mmdet - INFO - Epoch [12][600/1652]	lr: 8.000e-03, eta: 2:42:53, time: 0.239, data_time: 0.016, memory: 8298, vote_loss: 3.7042, objectness_loss: 0.3769, semantic_loss: 0.4408, center_loss: 0.4854, dir_class_loss: 1.0442, dir_res_loss: 0.7097, size_class_loss: 0.4408, size_res_loss: 0.3087, loss: 7.5106, grad_norm: 7.4273
2026-05-03 16:35:17,868 - mmdet - INFO - Epoch [12][650/1652]	lr: 8.000e-03, eta: 2:42:41, time: 0.240, data_time: 0.016, memory: 8298, vote_loss: 3.6450, objectness_loss: 0.3859, semantic_loss: 0.3998, center_loss: 0.5035, dir_class_loss: 0.9940, dir_res_loss: 0.7678, size_class_loss: 0.3998, size_res_loss: 0.2864, loss: 7.3822, grad_norm: 8.3072
2026-05-03 16:35:29,831 - mmdet - INFO - Epoch [12][700/1652]	lr: 8.000e-03, eta: 2:42:29, time: 0.239, data_time: 0.016, memory: 8298, vote_loss: 3.6906, objectness_loss: 0.3792, semantic_loss: 0.3901, center_loss: 0.5981, dir_class_loss: 0.9427, dir_res_loss: 0.7033, size_class_loss: 0.3901, size_res_loss: 0.2856, loss: 7.3796, grad_norm: 8.6807
2026-05-03 16:35:41,691 - mmdet - INFO - Epoch [12][750/1652]	lr: 8.000e-03, eta: 2:42:16, time: 0.237, data_time: 0.016, memory: 8298, vote_loss: 3.6788, objectness_loss: 0.3805, semantic_loss: 0.4121, center_loss: 0.5238, dir_class_loss: 0.9915, dir_res_loss: 0.7245, size_class_loss: 0.4120, size_res_loss: 0.3006, loss: 7.4238, grad_norm: 7.6683
2026-05-03 16:35:53,619 - mmdet - INFO - Epoch [12][800/1652]	lr: 8.000e-03, eta: 2:42:04, time: 0.239, data_time: 0.016, memory: 8298, vote_loss: 3.8020, objectness_loss: 0.4138, semantic_loss: 0.5039, center_loss: 0.5446, dir_class_loss: 1.0391, dir_res_loss: 0.8176, size_class_loss: 0.5039, size_res_loss: 0.3278, loss: 7.9526, grad_norm: 8.0250
2026-05-03 16:36:05,733 - mmdet - INFO - Epoch [12][850/1652]	lr: 8.000e-03, eta: 2:41:52, time: 0.242, data_time: 0.020, memory: 8298, vote_loss: 3.7665, objectness_loss: 0.4066, semantic_loss: 0.4791, center_loss: 0.5153, dir_class_loss: 1.0294, dir_res_loss: 0.8549, size_class_loss: 0.4791, size_res_loss: 0.3206, loss: 7.8515, grad_norm: 7.6352
2026-05-03 16:36:17,675 - mmdet - INFO - Epoch [12][900/1652]	lr: 8.000e-03, eta: 2:41:40, time: 0.239, data_time: 0.016, memory: 8298, vote_loss: 3.8127, objectness_loss: 0.3922, semantic_loss: 0.4332, center_loss: 0.5296, dir_class_loss: 1.0662, dir_res_loss: 0.7632, size_class_loss: 0.4332, size_res_loss: 0.3054, loss: 7.7358, grad_norm: 7.4916
2026-05-03 16:36:29,615 - mmdet - INFO - Epoch [12][950/1652]	lr: 8.000e-03, eta: 2:41:28, time: 0.239, data_time: 0.016, memory: 8298, vote_loss: 3.5699, objectness_loss: 0.4041, semantic_loss: 0.4037, center_loss: 0.5247, dir_class_loss: 1.0043, dir_res_loss: 0.7515, size_class_loss: 0.4037, size_res_loss: 0.2744, loss: 7.3362, grad_norm: 8.0751
2026-05-03 16:36:41,504 - mmdet - INFO - Epoch [12][1000/1652]	lr: 8.000e-03, eta: 2:41:16, time: 0.238, data_time: 0.016, memory: 8298, vote_loss: 3.8892, objectness_loss: 0.3833, semantic_loss: 0.4609, center_loss: 0.5141, dir_class_loss: 0.9146, dir_res_loss: 0.7182, size_class_loss: 0.4609, size_res_loss: 0.3172, loss: 7.6584, grad_norm: 8.0442
2026-05-03 16:36:53,428 - mmdet - INFO - Epoch [12][1050/1652]	lr: 8.000e-03, eta: 2:41:04, time: 0.238, data_time: 0.016, memory: 8298, vote_loss: 3.6371, objectness_loss: 0.4128, semantic_loss: 0.4088, center_loss: 0.5338, dir_class_loss: 1.0216, dir_res_loss: 0.7137, size_class_loss: 0.4088, size_res_loss: 0.2997, loss: 7.4361, grad_norm: 8.0541
2026-05-03 16:37:05,321 - mmdet - INFO - Epoch [12][1100/1652]	lr: 8.000e-03, eta: 2:40:51, time: 0.238, data_time: 0.016, memory: 8298, vote_loss: 3.7710, objectness_loss: 0.3940, semantic_loss: 0.4592, center_loss: 0.5565, dir_class_loss: 0.9241, dir_res_loss: 0.6983, size_class_loss: 0.4591, size_res_loss: 0.2848, loss: 7.5469, grad_norm: 7.7192
2026-05-03 16:37:17,244 - mmdet - INFO - Epoch [12][1150/1652]	lr: 8.000e-03, eta: 2:40:39, time: 0.238, data_time: 0.016, memory: 8298, vote_loss: 3.7734, objectness_loss: 0.3552, semantic_loss: 0.3963, center_loss: 0.4900, dir_class_loss: 1.0404, dir_res_loss: 0.7350, size_class_loss: 0.3963, size_res_loss: 0.2972, loss: 7.4839, grad_norm: 7.0798
2026-05-03 16:37:29,128 - mmdet - INFO - Epoch [12][1200/1652]	lr: 8.000e-03, eta: 2:40:27, time: 0.238, data_time: 0.016, memory: 8298, vote_loss: 3.7041, objectness_loss: 0.3845, semantic_loss: 0.4188, center_loss: 0.5633, dir_class_loss: 0.9613, dir_res_loss: 0.7271, size_class_loss: 0.4188, size_res_loss: 0.3084, loss: 7.4864, grad_norm: 7.8880
2026-05-03 16:37:41,063 - mmdet - INFO - Epoch [12][1250/1652]	lr: 8.000e-03, eta: 2:40:15, time: 0.239, data_time: 0.016, memory: 8298, vote_loss: 3.7573, objectness_loss: 0.3877, semantic_loss: 0.4065, center_loss: 0.4774, dir_class_loss: 1.0022, dir_res_loss: 0.6504, size_class_loss: 0.4065, size_res_loss: 0.2808, loss: 7.3687, grad_norm: 7.8509
2026-05-03 16:37:53,041 - mmdet - INFO - Epoch [12][1300/1652]	lr: 8.000e-03, eta: 2:40:03, time: 0.240, data_time: 0.016, memory: 8298, vote_loss: 3.8541, objectness_loss: 0.4080, semantic_loss: 0.4473, center_loss: 0.4756, dir_class_loss: 1.0369, dir_res_loss: 0.7246, size_class_loss: 0.4473, size_res_loss: 0.3070, loss: 7.7008, grad_norm: 7.6336
2026-05-03 16:38:04,998 - mmdet - INFO - Epoch [12][1350/1652]	lr: 8.000e-03, eta: 2:39:51, time: 0.239, data_time: 0.016, memory: 8298, vote_loss: 3.5260, objectness_loss: 0.3650, semantic_loss: 0.4048, center_loss: 0.5232, dir_class_loss: 1.0152, dir_res_loss: 0.7606, size_class_loss: 0.4048, size_res_loss: 0.2841, loss: 7.2837, grad_norm: 8.8661
2026-05-03 16:38:16,940 - mmdet - INFO - Epoch [12][1400/1652]	lr: 8.000e-03, eta: 2:39:39, time: 0.239, data_time: 0.016, memory: 8298, vote_loss: 3.4714, objectness_loss: 0.3696, semantic_loss: 0.4183, center_loss: 0.5055, dir_class_loss: 0.9973, dir_res_loss: 0.6987, size_class_loss: 0.4183, size_res_loss: 0.2885, loss: 7.1677, grad_norm: 8.4126
2026-05-03 16:38:28,853 - mmdet - INFO - Epoch [12][1450/1652]	lr: 8.000e-03, eta: 2:39:26, time: 0.238, data_time: 0.016, memory: 8298, vote_loss: 3.7328, objectness_loss: 0.3758, semantic_loss: 0.4346, center_loss: 0.4917, dir_class_loss: 0.9331, dir_res_loss: 0.6612, size_class_loss: 0.4346, size_res_loss: 0.2965, loss: 7.3604, grad_norm: 7.7256
2026-05-03 16:38:40,680 - mmdet - INFO - Epoch [12][1500/1652]	lr: 8.000e-03, eta: 2:39:14, time: 0.237, data_time: 0.015, memory: 8298, vote_loss: 3.6375, objectness_loss: 0.3713, semantic_loss: 0.4187, center_loss: 0.4821, dir_class_loss: 0.9588, dir_res_loss: 0.7200, size_class_loss: 0.4187, size_res_loss: 0.2568, loss: 7.2637, grad_norm: 8.2039
2026-05-03 16:38:52,683 - mmdet - INFO - Epoch [12][1550/1652]	lr: 8.000e-03, eta: 2:39:02, time: 0.240, data_time: 0.017, memory: 8298, vote_loss: 3.6880, objectness_loss: 0.3791, semantic_loss: 0.3874, center_loss: 0.4821, dir_class_loss: 0.9361, dir_res_loss: 0.7186, size_class_loss: 0.3874, size_res_loss: 0.3544, loss: 7.3330, grad_norm: 7.4518
2026-05-03 16:39:04,610 - mmdet - INFO - Epoch [12][1600/1652]	lr: 8.000e-03, eta: 2:38:50, time: 0.239, data_time: 0.016, memory: 8298, vote_loss: 3.6271, objectness_loss: 0.3630, semantic_loss: 0.3910, center_loss: 0.4777, dir_class_loss: 0.9934, dir_res_loss: 0.7206, size_class_loss: 0.3910, size_res_loss: 0.3114, loss: 7.2751, grad_norm: 7.6628
2026-05-03 16:39:16,552 - mmdet - INFO - Epoch [12][1650/1652]	lr: 8.000e-03, eta: 2:38:38, time: 0.239, data_time: 0.016, memory: 8298, vote_loss: 3.6826, objectness_loss: 0.3685, semantic_loss: 0.4143, center_loss: 0.5448, dir_class_loss: 0.9597, dir_res_loss: 0.7396, size_class_loss: 0.4143, size_res_loss: 0.2844, loss: 7.4083, grad_norm: 8.1522
2026-05-03 16:39:17,074 - mmdet - INFO - Saving checkpoint at 12 epochs
2026-05-03 16:39:32,133 - mmdet - INFO - Epoch [13][50/1652]	lr: 8.000e-03, eta: 2:38:30, time: 0.300, data_time: 0.074, memory: 8298, vote_loss: 3.5787, objectness_loss: 0.3744, semantic_loss: 0.3947, center_loss: 0.4905, dir_class_loss: 1.0007, dir_res_loss: 0.7857, size_class_loss: 0.3947, size_res_loss: 0.2989, loss: 7.3183, grad_norm: 8.0765
2026-05-03 16:39:44,010 - mmdet - INFO - Epoch [13][100/1652]	lr: 8.000e-03, eta: 2:38:18, time: 0.238, data_time: 0.016, memory: 8298, vote_loss: 3.7841, objectness_loss: 0.3791, semantic_loss: 0.4273, center_loss: 0.4991, dir_class_loss: 0.9824, dir_res_loss: 0.7356, size_class_loss: 0.4273, size_res_loss: 0.2794, loss: 7.5142, grad_norm: 7.9886
2026-05-03 16:39:56,174 - mmdet - INFO - Epoch [13][150/1652]	lr: 8.000e-03, eta: 2:38:06, time: 0.243, data_time: 0.017, memory: 8298, vote_loss: 3.7790, objectness_loss: 0.3476, semantic_loss: 0.3916, center_loss: 0.5153, dir_class_loss: 1.0612, dir_res_loss: 0.8535, size_class_loss: 0.3917, size_res_loss: 0.2859, loss: 7.6258, grad_norm: 8.2019
2026-05-03 16:40:08,095 - mmdet - INFO - Epoch [13][200/1652]	lr: 8.000e-03, eta: 2:37:54, time: 0.238, data_time: 0.016, memory: 8298, vote_loss: 3.6793, objectness_loss: 0.3448, semantic_loss: 0.4048, center_loss: 0.4872, dir_class_loss: 0.9460, dir_res_loss: 0.6862, size_class_loss: 0.4048, size_res_loss: 0.3183, loss: 7.2714, grad_norm: 8.2399
2026-05-03 16:40:20,024 - mmdet - INFO - Epoch [13][250/1652]	lr: 8.000e-03, eta: 2:37:42, time: 0.239, data_time: 0.016, memory: 8298, vote_loss: 3.7714, objectness_loss: 0.4267, semantic_loss: 0.4107, center_loss: 0.5357, dir_class_loss: 1.0085, dir_res_loss: 0.8248, size_class_loss: 0.4107, size_res_loss: 0.3313, loss: 7.7199, grad_norm: 8.2321
2026-05-03 16:40:31,941 - mmdet - INFO - Epoch [13][300/1652]	lr: 8.000e-03, eta: 2:37:30, time: 0.238, data_time: 0.016, memory: 8298, vote_loss: 3.6206, objectness_loss: 0.3826, semantic_loss: 0.4306, center_loss: 0.5473, dir_class_loss: 1.0446, dir_res_loss: 0.7229, size_class_loss: 0.4306, size_res_loss: 0.2901, loss: 7.4692, grad_norm: 8.7500
2026-05-03 16:40:43,867 - mmdet - INFO - Epoch [13][350/1652]	lr: 8.000e-03, eta: 2:37:18, time: 0.239, data_time: 0.016, memory: 8298, vote_loss: 3.5149, objectness_loss: 0.3733, semantic_loss: 0.3907, center_loss: 0.4889, dir_class_loss: 0.9369, dir_res_loss: 0.7647, size_class_loss: 0.3907, size_res_loss: 0.3145, loss: 7.1746, grad_norm: 7.7361
2026-05-03 16:40:55,873 - mmdet - INFO - Epoch [13][400/1652]	lr: 8.000e-03, eta: 2:37:06, time: 0.240, data_time: 0.016, memory: 8298, vote_loss: 3.7772, objectness_loss: 0.3884, semantic_loss: 0.4037, center_loss: 0.5382, dir_class_loss: 0.9580, dir_res_loss: 0.7079, size_class_loss: 0.4037, size_res_loss: 0.2933, loss: 7.4704, grad_norm: 7.5692
2026-05-03 16:41:07,789 - mmdet - INFO - Epoch [13][450/1652]	lr: 8.000e-03, eta: 2:36:53, time: 0.238, data_time: 0.016, memory: 8298, vote_loss: 3.6522, objectness_loss: 0.3647, semantic_loss: 0.4430, center_loss: 0.4726, dir_class_loss: 1.0139, dir_res_loss: 0.8789, size_class_loss: 0.4429, size_res_loss: 0.3022, loss: 7.5703, grad_norm: 7.4962
2026-05-03 16:41:19,727 - mmdet - INFO - Epoch [13][500/1652]	lr: 8.000e-03, eta: 2:36:41, time: 0.239, data_time: 0.016, memory: 8298, vote_loss: 3.8595, objectness_loss: 0.4214, semantic_loss: 0.4806, center_loss: 0.5997, dir_class_loss: 0.9501, dir_res_loss: 0.7026, size_class_loss: 0.4806, size_res_loss: 0.3261, loss: 7.8206, grad_norm: 8.4445
2026-05-03 16:41:31,644 - mmdet - INFO - Epoch [13][550/1652]	lr: 8.000e-03, eta: 2:36:29, time: 0.238, data_time: 0.016, memory: 8298, vote_loss: 3.7106, objectness_loss: 0.3880, semantic_loss: 0.3965, center_loss: 0.5193, dir_class_loss: 0.9750, dir_res_loss: 0.7497, size_class_loss: 0.3965, size_res_loss: 0.3117, loss: 7.4473, grad_norm: 8.1922
2026-05-03 16:41:43,607 - mmdet - INFO - Epoch [13][600/1652]	lr: 8.000e-03, eta: 2:36:17, time: 0.239, data_time: 0.016, memory: 8298, vote_loss: 3.5967, objectness_loss: 0.3861, semantic_loss: 0.3962, center_loss: 0.4590, dir_class_loss: 0.9558, dir_res_loss: 0.6654, size_class_loss: 0.3962, size_res_loss: 0.2719, loss: 7.1272, grad_norm: 7.8070
2026-05-03 16:41:55,547 - mmdet - INFO - Epoch [13][650/1652]	lr: 8.000e-03, eta: 2:36:05, time: 0.239, data_time: 0.016, memory: 8298, vote_loss: 3.5825, objectness_loss: 0.3806, semantic_loss: 0.4198, center_loss: 0.4852, dir_class_loss: 1.0278, dir_res_loss: 0.7557, size_class_loss: 0.4198, size_res_loss: 0.2930, loss: 7.3644, grad_norm: 8.2022
2026-05-03 16:42:07,504 - mmdet - INFO - Epoch [13][700/1652]	lr: 8.000e-03, eta: 2:35:53, time: 0.239, data_time: 0.016, memory: 8298, vote_loss: 3.6229, objectness_loss: 0.3927, semantic_loss: 0.4429, center_loss: 0.5664, dir_class_loss: 0.9606, dir_res_loss: 0.7551, size_class_loss: 0.4429, size_res_loss: 0.2994, loss: 7.4828, grad_norm: 7.8567
2026-05-03 16:42:19,377 - mmdet - INFO - Epoch [13][750/1652]	lr: 8.000e-03, eta: 2:35:41, time: 0.237, data_time: 0.016, memory: 8298, vote_loss: 3.4651, objectness_loss: 0.3879, semantic_loss: 0.4077, center_loss: 0.4903, dir_class_loss: 0.9234, dir_res_loss: 0.6939, size_class_loss: 0.4077, size_res_loss: 0.2617, loss: 7.0378, grad_norm: 8.4046
2026-05-03 16:42:31,222 - mmdet - INFO - Epoch [13][800/1652]	lr: 8.000e-03, eta: 2:35:28, time: 0.237, data_time: 0.016, memory: 8298, vote_loss: 3.5741, objectness_loss: 0.3829, semantic_loss: 0.4028, center_loss: 0.5168, dir_class_loss: 0.9765, dir_res_loss: 0.7674, size_class_loss: 0.4028, size_res_loss: 0.3024, loss: 7.3255, grad_norm: 8.2619
2026-05-03 16:42:43,094 - mmdet - INFO - Epoch [13][850/1652]	lr: 8.000e-03, eta: 2:35:16, time: 0.237, data_time: 0.016, memory: 8298, vote_loss: 3.6659, objectness_loss: 0.3813, semantic_loss: 0.4798, center_loss: 0.4905, dir_class_loss: 0.9646, dir_res_loss: 0.7548, size_class_loss: 0.4798, size_res_loss: 0.2895, loss: 7.5061, grad_norm: 8.1816
2026-05-03 16:42:55,068 - mmdet - INFO - Epoch [13][900/1652]	lr: 8.000e-03, eta: 2:35:04, time: 0.239, data_time: 0.017, memory: 8298, vote_loss: 3.6572, objectness_loss: 0.3740, semantic_loss: 0.4271, center_loss: 0.5048, dir_class_loss: 1.0367, dir_res_loss: 0.7216, size_class_loss: 0.4271, size_res_loss: 0.2933, loss: 7.4418, grad_norm: 7.6901
2026-05-03 16:43:06,961 - mmdet - INFO - Epoch [13][950/1652]	lr: 8.000e-03, eta: 2:34:52, time: 0.238, data_time: 0.016, memory: 8298, vote_loss: 3.7434, objectness_loss: 0.3927, semantic_loss: 0.4508, center_loss: 0.5152, dir_class_loss: 0.9453, dir_res_loss: 0.7338, size_class_loss: 0.4508, size_res_loss: 0.2948, loss: 7.5268, grad_norm: 8.2084
2026-05-03 16:43:18,907 - mmdet - INFO - Epoch [13][1000/1652]	lr: 8.000e-03, eta: 2:34:40, time: 0.239, data_time: 0.016, memory: 8298, vote_loss: 3.6429, objectness_loss: 0.3826, semantic_loss: 0.3913, center_loss: 0.4771, dir_class_loss: 0.9521, dir_res_loss: 0.7568, size_class_loss: 0.3913, size_res_loss: 0.2722, loss: 7.2662, grad_norm: 8.1042
2026-05-03 16:43:30,890 - mmdet - INFO - Epoch [13][1050/1652]	lr: 8.000e-03, eta: 2:34:28, time: 0.240, data_time: 0.017, memory: 8298, vote_loss: 3.6096, objectness_loss: 0.3978, semantic_loss: 0.3929, center_loss: 0.4760, dir_class_loss: 0.9270, dir_res_loss: 0.7658, size_class_loss: 0.3929, size_res_loss: 0.2973, loss: 7.2592, grad_norm: 7.7659
2026-05-03 16:43:42,824 - mmdet - INFO - Epoch [13][1100/1652]	lr: 8.000e-03, eta: 2:34:15, time: 0.239, data_time: 0.016, memory: 8298, vote_loss: 3.6547, objectness_loss: 0.3721, semantic_loss: 0.4204, center_loss: 0.4806, dir_class_loss: 1.0138, dir_res_loss: 0.7922, size_class_loss: 0.4204, size_res_loss: 0.3022, loss: 7.4565, grad_norm: 7.2051
2026-05-03 16:43:54,760 - mmdet - INFO - Epoch [13][1150/1652]	lr: 8.000e-03, eta: 2:34:03, time: 0.239, data_time: 0.016, memory: 8298, vote_loss: 3.6966, objectness_loss: 0.3888, semantic_loss: 0.4398, center_loss: 0.5128, dir_class_loss: 1.0088, dir_res_loss: 0.7870, size_class_loss: 0.4398, size_res_loss: 0.3046, loss: 7.5782, grad_norm: 7.4980
2026-05-03 16:44:06,671 - mmdet - INFO - Epoch [13][1200/1652]	lr: 8.000e-03, eta: 2:33:51, time: 0.238, data_time: 0.016, memory: 8298, vote_loss: 3.7214, objectness_loss: 0.4179, semantic_loss: 0.3835, center_loss: 0.5474, dir_class_loss: 0.8709, dir_res_loss: 0.6620, size_class_loss: 0.3835, size_res_loss: 0.2949, loss: 7.2816, grad_norm: 8.0696
2026-05-03 16:44:18,499 - mmdet - INFO - Epoch [13][1250/1652]	lr: 8.000e-03, eta: 2:33:39, time: 0.237, data_time: 0.015, memory: 8298, vote_loss: 3.6970, objectness_loss: 0.4018, semantic_loss: 0.4632, center_loss: 0.5718, dir_class_loss: 0.9670, dir_res_loss: 0.6557, size_class_loss: 0.4632, size_res_loss: 0.3092, loss: 7.5289, grad_norm: 8.3586
2026-05-03 16:44:30,410 - mmdet - INFO - Epoch [13][1300/1652]	lr: 8.000e-03, eta: 2:33:27, time: 0.238, data_time: 0.015, memory: 8298, vote_loss: 3.6128, objectness_loss: 0.3815, semantic_loss: 0.4257, center_loss: 0.5339, dir_class_loss: 0.9490, dir_res_loss: 0.7066, size_class_loss: 0.4257, size_res_loss: 0.2697, loss: 7.3049, grad_norm: 7.6073
2026-05-03 16:44:42,339 - mmdet - INFO - Epoch [13][1350/1652]	lr: 8.000e-03, eta: 2:33:14, time: 0.239, data_time: 0.016, memory: 8298, vote_loss: 3.6927, objectness_loss: 0.3991, semantic_loss: 0.5255, center_loss: 0.5243, dir_class_loss: 1.0033, dir_res_loss: 0.7350, size_class_loss: 0.5255, size_res_loss: 0.3209, loss: 7.7262, grad_norm: 7.8575
2026-05-03 16:44:54,261 - mmdet - INFO - Epoch [13][1400/1652]	lr: 8.000e-03, eta: 2:33:02, time: 0.238, data_time: 0.016, memory: 8298, vote_loss: 3.7520, objectness_loss: 0.3966, semantic_loss: 0.4157, center_loss: 0.5157, dir_class_loss: 0.9850, dir_res_loss: 0.8097, size_class_loss: 0.4157, size_res_loss: 0.2999, loss: 7.5903, grad_norm: 7.8643
2026-05-03 16:45:06,158 - mmdet - INFO - Epoch [13][1450/1652]	lr: 8.000e-03, eta: 2:32:50, time: 0.238, data_time: 0.016, memory: 8298, vote_loss: 3.5830, objectness_loss: 0.3590, semantic_loss: 0.4212, center_loss: 0.5354, dir_class_loss: 1.0635, dir_res_loss: 0.8321, size_class_loss: 0.4212, size_res_loss: 0.3421, loss: 7.5573, grad_norm: 8.4254
2026-05-03 16:45:18,022 - mmdet - INFO - Epoch [13][1500/1652]	lr: 8.000e-03, eta: 2:32:38, time: 0.237, data_time: 0.015, memory: 8298, vote_loss: 3.6931, objectness_loss: 0.3688, semantic_loss: 0.4309, center_loss: 0.5301, dir_class_loss: 1.0084, dir_res_loss: 0.6931, size_class_loss: 0.4309, size_res_loss: 0.2879, loss: 7.4432, grad_norm: 8.4337
2026-05-03 16:45:29,847 - mmdet - INFO - Epoch [13][1550/1652]	lr: 8.000e-03, eta: 2:32:25, time: 0.237, data_time: 0.016, memory: 8298, vote_loss: 3.5410, objectness_loss: 0.3908, semantic_loss: 0.4574, center_loss: 0.5031, dir_class_loss: 1.0154, dir_res_loss: 0.7201, size_class_loss: 0.4574, size_res_loss: 0.2564, loss: 7.3417, grad_norm: 8.3569
2026-05-03 16:45:41,790 - mmdet - INFO - Epoch [13][1600/1652]	lr: 8.000e-03, eta: 2:32:13, time: 0.239, data_time: 0.016, memory: 8298, vote_loss: 3.7814, objectness_loss: 0.3645, semantic_loss: 0.4121, center_loss: 0.5271, dir_class_loss: 0.9842, dir_res_loss: 0.6881, size_class_loss: 0.4121, size_res_loss: 0.2893, loss: 7.4587, grad_norm: 7.4224
2026-05-03 16:45:53,664 - mmdet - INFO - Epoch [13][1650/1652]	lr: 8.000e-03, eta: 2:32:01, time: 0.237, data_time: 0.016, memory: 8298, vote_loss: 3.4271, objectness_loss: 0.3606, semantic_loss: 0.4369, center_loss: 0.4707, dir_class_loss: 0.9698, dir_res_loss: 0.7293, size_class_loss: 0.4369, size_res_loss: 0.2689, loss: 7.1003, grad_norm: 7.6740
2026-05-03 16:45:54,193 - mmdet - INFO - Saving checkpoint at 13 epochs
2026-05-03 16:46:08,939 - mmdet - INFO - Epoch [14][50/1652]	lr: 8.000e-03, eta: 2:31:53, time: 0.294, data_time: 0.071, memory: 8298, vote_loss: 3.5878, objectness_loss: 0.3649, semantic_loss: 0.4230, center_loss: 0.4727, dir_class_loss: 0.9859, dir_res_loss: 0.6660, size_class_loss: 0.4230, size_res_loss: 0.2849, loss: 7.2083, grad_norm: 7.9805
2026-05-03 16:46:20,856 - mmdet - INFO - Epoch [14][100/1652]	lr: 8.000e-03, eta: 2:31:40, time: 0.238, data_time: 0.016, memory: 8298, vote_loss: 3.7906, objectness_loss: 0.3954, semantic_loss: 0.4888, center_loss: 0.5229, dir_class_loss: 0.9575, dir_res_loss: 0.6859, size_class_loss: 0.4888, size_res_loss: 0.3188, loss: 7.6487, grad_norm: 7.9242
2026-05-03 16:46:32,808 - mmdet - INFO - Epoch [14][150/1652]	lr: 8.000e-03, eta: 2:31:28, time: 0.239, data_time: 0.016, memory: 8298, vote_loss: 3.8743, objectness_loss: 0.3860, semantic_loss: 0.4247, center_loss: 0.4923, dir_class_loss: 0.9595, dir_res_loss: 0.6740, size_class_loss: 0.4247, size_res_loss: 0.2647, loss: 7.5004, grad_norm: 7.2526
2026-05-03 16:46:44,918 - mmdet - INFO - Epoch [14][200/1652]	lr: 8.000e-03, eta: 2:31:16, time: 0.242, data_time: 0.020, memory: 8298, vote_loss: 3.5286, objectness_loss: 0.3799, semantic_loss: 0.3665, center_loss: 0.4980, dir_class_loss: 0.9573, dir_res_loss: 0.6240, size_class_loss: 0.3665, size_res_loss: 0.3253, loss: 7.0463, grad_norm: 8.1320
2026-05-03 16:46:56,746 - mmdet - INFO - Epoch [14][250/1652]	lr: 8.000e-03, eta: 2:31:04, time: 0.237, data_time: 0.015, memory: 8298, vote_loss: 3.6230, objectness_loss: 0.3681, semantic_loss: 0.4401, center_loss: 0.5142, dir_class_loss: 1.0122, dir_res_loss: 0.7702, size_class_loss: 0.4401, size_res_loss: 0.2966, loss: 7.4646, grad_norm: 9.0069
2026-05-03 16:47:08,641 - mmdet - INFO - Epoch [14][300/1652]	lr: 8.000e-03, eta: 2:30:52, time: 0.238, data_time: 0.015, memory: 8298, vote_loss: 3.7514, objectness_loss: 0.3348, semantic_loss: 0.4340, center_loss: 0.6037, dir_class_loss: 1.0098, dir_res_loss: 0.6854, size_class_loss: 0.4340, size_res_loss: 0.2993, loss: 7.5523, grad_norm: 8.1276
2026-05-03 16:47:20,551 - mmdet - INFO - Epoch [14][350/1652]	lr: 8.000e-03, eta: 2:30:40, time: 0.238, data_time: 0.015, memory: 8298, vote_loss: 3.5326, objectness_loss: 0.4061, semantic_loss: 0.4287, center_loss: 0.4709, dir_class_loss: 0.9331, dir_res_loss: 0.7143, size_class_loss: 0.4287, size_res_loss: 0.2765, loss: 7.1909, grad_norm: 7.7203
2026-05-03 16:47:32,506 - mmdet - INFO - Epoch [14][400/1652]	lr: 8.000e-03, eta: 2:30:28, time: 0.239, data_time: 0.016, memory: 8298, vote_loss: 3.6535, objectness_loss: 0.3640, semantic_loss: 0.4203, center_loss: 0.5086, dir_class_loss: 0.9438, dir_res_loss: 0.7357, size_class_loss: 0.4203, size_res_loss: 0.3021, loss: 7.3482, grad_norm: 7.7561
2026-05-03 16:47:44,377 - mmdet - INFO - Epoch [14][450/1652]	lr: 8.000e-03, eta: 2:30:15, time: 0.237, data_time: 0.016, memory: 8298, vote_loss: 3.7023, objectness_loss: 0.3735, semantic_loss: 0.4250, center_loss: 0.5204, dir_class_loss: 1.0436, dir_res_loss: 0.8358, size_class_loss: 0.4250, size_res_loss: 0.2735, loss: 7.5991, grad_norm: 8.3589
2026-05-03 16:47:56,332 - mmdet - INFO - Epoch [14][500/1652]	lr: 8.000e-03, eta: 2:30:03, time: 0.239, data_time: 0.016, memory: 8298, vote_loss: 3.6727, objectness_loss: 0.3860, semantic_loss: 0.4121, center_loss: 0.5991, dir_class_loss: 0.9508, dir_res_loss: 0.6708, size_class_loss: 0.4121, size_res_loss: 0.2902, loss: 7.3939, grad_norm: 7.5975
2026-05-03 16:48:08,276 - mmdet - INFO - Epoch [14][550/1652]	lr: 8.000e-03, eta: 2:29:51, time: 0.239, data_time: 0.016, memory: 8298, vote_loss: 3.5638, objectness_loss: 0.4251, semantic_loss: 0.3721, center_loss: 0.4605, dir_class_loss: 0.9500, dir_res_loss: 0.7324, size_class_loss: 0.3721, size_res_loss: 0.2790, loss: 7.1550, grad_norm: 8.1619
2026-05-03 16:48:20,184 - mmdet - INFO - Epoch [14][600/1652]	lr: 8.000e-03, eta: 2:29:39, time: 0.238, data_time: 0.016, memory: 8298, vote_loss: 3.4187, objectness_loss: 0.3903, semantic_loss: 0.3980, center_loss: 0.4602, dir_class_loss: 0.9448, dir_res_loss: 0.6392, size_class_loss: 0.3980, size_res_loss: 0.2740, loss: 6.9232, grad_norm: 7.7019
2026-05-03 16:48:32,088 - mmdet - INFO - Epoch [14][650/1652]	lr: 8.000e-03, eta: 2:29:27, time: 0.238, data_time: 0.016, memory: 8298, vote_loss: 3.6610, objectness_loss: 0.3917, semantic_loss: 0.4593, center_loss: 0.4914, dir_class_loss: 0.9863, dir_res_loss: 0.7593, size_class_loss: 0.4593, size_res_loss: 0.2846, loss: 7.4930, grad_norm: 7.7736
2026-05-03 16:48:44,049 - mmdet - INFO - Epoch [14][700/1652]	lr: 8.000e-03, eta: 2:29:15, time: 0.239, data_time: 0.016, memory: 8298, vote_loss: 3.5786, objectness_loss: 0.3654, semantic_loss: 0.3997, center_loss: 0.5513, dir_class_loss: 0.9417, dir_res_loss: 0.7164, size_class_loss: 0.3997, size_res_loss: 0.2933, loss: 7.2461, grad_norm: 8.2080
2026-05-03 16:48:55,931 - mmdet - INFO - Epoch [14][750/1652]	lr: 8.000e-03, eta: 2:29:03, time: 0.238, data_time: 0.016, memory: 8298, vote_loss: 3.6579, objectness_loss: 0.3669, semantic_loss: 0.4476, center_loss: 0.4953, dir_class_loss: 0.9621, dir_res_loss: 0.6563, size_class_loss: 0.4476, size_res_loss: 0.2779, loss: 7.3116, grad_norm: 8.3331
2026-05-03 16:49:07,818 - mmdet - INFO - Epoch [14][800/1652]	lr: 8.000e-03, eta: 2:28:50, time: 0.238, data_time: 0.016, memory: 8298, vote_loss: 3.7673, objectness_loss: 0.3778, semantic_loss: 0.4054, center_loss: 0.5220, dir_class_loss: 0.9809, dir_res_loss: 0.6107, size_class_loss: 0.4054, size_res_loss: 0.2984, loss: 7.3681, grad_norm: 7.9496
2026-05-03 16:49:19,788 - mmdet - INFO - Epoch [14][850/1652]	lr: 8.000e-03, eta: 2:28:38, time: 0.239, data_time: 0.016, memory: 8298, vote_loss: 3.6365, objectness_loss: 0.3891, semantic_loss: 0.5026, center_loss: 0.4829, dir_class_loss: 0.9305, dir_res_loss: 0.6751, size_class_loss: 0.5026, size_res_loss: 0.3049, loss: 7.4242, grad_norm: 7.6074
2026-05-03 16:49:31,703 - mmdet - INFO - Epoch [14][900/1652]	lr: 8.000e-03, eta: 2:28:26, time: 0.238, data_time: 0.016, memory: 8298, vote_loss: 3.6876, objectness_loss: 0.3728, semantic_loss: 0.4368, center_loss: 0.5348, dir_class_loss: 0.9409, dir_res_loss: 0.7268, size_class_loss: 0.4368, size_res_loss: 0.2991, loss: 7.4355, grad_norm: 8.4440
2026-05-03 16:49:43,628 - mmdet - INFO - Epoch [14][950/1652]	lr: 8.000e-03, eta: 2:28:14, time: 0.238, data_time: 0.016, memory: 8298, vote_loss: 3.6223, objectness_loss: 0.3612, semantic_loss: 0.4060, center_loss: 0.4708, dir_class_loss: 0.9711, dir_res_loss: 0.7539, size_class_loss: 0.4060, size_res_loss: 0.2734, loss: 7.2647, grad_norm: 7.9223
2026-05-03 16:49:55,561 - mmdet - INFO - Epoch [14][1000/1652]	lr: 8.000e-03, eta: 2:28:02, time: 0.239, data_time: 0.016, memory: 8298, vote_loss: 3.5236, objectness_loss: 0.3619, semantic_loss: 0.4182, center_loss: 0.5116, dir_class_loss: 0.9924, dir_res_loss: 0.7824, size_class_loss: 0.4182, size_res_loss: 0.2776, loss: 7.2858, grad_norm: 8.3323
2026-05-03 16:50:07,450 - mmdet - INFO - Epoch [14][1050/1652]	lr: 8.000e-03, eta: 2:27:50, time: 0.238, data_time: 0.016, memory: 8298, vote_loss: 3.7999, objectness_loss: 0.3706, semantic_loss: 0.4350, center_loss: 0.5185, dir_class_loss: 0.9771, dir_res_loss: 0.6797, size_class_loss: 0.4350, size_res_loss: 0.3189, loss: 7.5347, grad_norm: 8.2494
2026-05-03 16:50:19,441 - mmdet - INFO - Epoch [14][1100/1652]	lr: 8.000e-03, eta: 2:27:38, time: 0.240, data_time: 0.016, memory: 8298, vote_loss: 3.7209, objectness_loss: 0.3721, semantic_loss: 0.4454, center_loss: 0.5325, dir_class_loss: 0.9562, dir_res_loss: 0.6348, size_class_loss: 0.4453, size_res_loss: 0.2975, loss: 7.4048, grad_norm: 8.5492
2026-05-03 16:50:31,320 - mmdet - INFO - Epoch [14][1150/1652]	lr: 8.000e-03, eta: 2:27:25, time: 0.238, data_time: 0.015, memory: 8298, vote_loss: 3.6300, objectness_loss: 0.3727, semantic_loss: 0.4096, center_loss: 0.5214, dir_class_loss: 1.0115, dir_res_loss: 0.7534, size_class_loss: 0.4096, size_res_loss: 0.2924, loss: 7.4006, grad_norm: 8.0218
2026-05-03 16:50:43,249 - mmdet - INFO - Epoch [14][1200/1652]	lr: 8.000e-03, eta: 2:27:13, time: 0.239, data_time: 0.016, memory: 8298, vote_loss: 3.6408, objectness_loss: 0.3700, semantic_loss: 0.3795, center_loss: 0.4710, dir_class_loss: 0.9506, dir_res_loss: 0.7190, size_class_loss: 0.3795, size_res_loss: 0.2757, loss: 7.1861, grad_norm: 7.6269
2026-05-03 16:50:55,200 - mmdet - INFO - Epoch [14][1250/1652]	lr: 8.000e-03, eta: 2:27:01, time: 0.239, data_time: 0.016, memory: 8298, vote_loss: 3.4705, objectness_loss: 0.3727, semantic_loss: 0.4231, center_loss: 0.4398, dir_class_loss: 0.9463, dir_res_loss: 0.7717, size_class_loss: 0.4231, size_res_loss: 0.2805, loss: 7.1278, grad_norm: 7.0517
2026-05-03 16:51:07,061 - mmdet - INFO - Epoch [14][1300/1652]	lr: 8.000e-03, eta: 2:26:49, time: 0.237, data_time: 0.016, memory: 8298, vote_loss: 3.5836, objectness_loss: 0.3675, semantic_loss: 0.4996, center_loss: 0.5027, dir_class_loss: 0.9478, dir_res_loss: 0.6859, size_class_loss: 0.4996, size_res_loss: 0.2925, loss: 7.3792, grad_norm: 7.9044
2026-05-03 16:51:18,985 - mmdet - INFO - Epoch [14][1350/1652]	lr: 8.000e-03, eta: 2:26:37, time: 0.238, data_time: 0.016, memory: 8298, vote_loss: 3.9223, objectness_loss: 0.4168, semantic_loss: 0.4297, center_loss: 0.5858, dir_class_loss: 1.0005, dir_res_loss: 0.7417, size_class_loss: 0.4297, size_res_loss: 0.3661, loss: 7.8925, grad_norm: 8.8335
2026-05-03 16:51:30,834 - mmdet - INFO - Epoch [14][1400/1652]	lr: 8.000e-03, eta: 2:26:25, time: 0.237, data_time: 0.016, memory: 8298, vote_loss: 3.5329, objectness_loss: 0.3796, semantic_loss: 0.4127, center_loss: 0.4837, dir_class_loss: 1.0138, dir_res_loss: 0.7031, size_class_loss: 0.4127, size_res_loss: 0.2735, loss: 7.2120, grad_norm: 7.9794
2026-05-03 16:51:42,756 - mmdet - INFO - Epoch [14][1450/1652]	lr: 8.000e-03, eta: 2:26:13, time: 0.238, data_time: 0.016, memory: 8298, vote_loss: 3.6818, objectness_loss: 0.3863, semantic_loss: 0.4661, center_loss: 0.5037, dir_class_loss: 0.9873, dir_res_loss: 0.6708, size_class_loss: 0.4661, size_res_loss: 0.2999, loss: 7.4620, grad_norm: 7.8645
2026-05-03 16:51:54,678 - mmdet - INFO - Epoch [14][1500/1652]	lr: 8.000e-03, eta: 2:26:00, time: 0.238, data_time: 0.016, memory: 8298, vote_loss: 3.5072, objectness_loss: 0.3946, semantic_loss: 0.4000, center_loss: 0.4805, dir_class_loss: 0.9287, dir_res_loss: 0.6569, size_class_loss: 0.4000, size_res_loss: 0.2695, loss: 7.0375, grad_norm: 8.2156
2026-05-03 16:52:06,593 - mmdet - INFO - Epoch [14][1550/1652]	lr: 8.000e-03, eta: 2:25:48, time: 0.238, data_time: 0.016, memory: 8298, vote_loss: 3.8123, objectness_loss: 0.3829, semantic_loss: 0.3897, center_loss: 0.5067, dir_class_loss: 1.0218, dir_res_loss: 0.7008, size_class_loss: 0.3897, size_res_loss: 0.3080, loss: 7.5119, grad_norm: 8.6165
2026-05-03 16:52:18,548 - mmdet - INFO - Epoch [14][1600/1652]	lr: 8.000e-03, eta: 2:25:36, time: 0.239, data_time: 0.016, memory: 8298, vote_loss: 3.4417, objectness_loss: 0.3972, semantic_loss: 0.4486, center_loss: 0.5231, dir_class_loss: 1.0143, dir_res_loss: 0.7265, size_class_loss: 0.4486, size_res_loss: 0.2952, loss: 7.2951, grad_norm: 8.0458
2026-05-03 16:52:30,530 - mmdet - INFO - Epoch [14][1650/1652]	lr: 8.000e-03, eta: 2:25:24, time: 0.240, data_time: 0.016, memory: 8298, vote_loss: 3.6553, objectness_loss: 0.3885, semantic_loss: 0.3750, center_loss: 0.4820, dir_class_loss: 0.9404, dir_res_loss: 0.6496, size_class_loss: 0.3750, size_res_loss: 0.3271, loss: 7.1930, grad_norm: 7.2803
2026-05-03 16:52:31,046 - mmdet - INFO - Saving checkpoint at 14 epochs
2026-05-03 16:52:45,883 - mmdet - INFO - Epoch [15][50/1652]	lr: 8.000e-03, eta: 2:25:15, time: 0.296, data_time: 0.072, memory: 8298, vote_loss: 3.6060, objectness_loss: 0.3852, semantic_loss: 0.4305, center_loss: 0.4965, dir_class_loss: 0.8852, dir_res_loss: 0.6846, size_class_loss: 0.4305, size_res_loss: 0.2728, loss: 7.1912, grad_norm: 7.3488
2026-05-03 16:52:57,790 - mmdet - INFO - Epoch [15][100/1652]	lr: 8.000e-03, eta: 2:25:03, time: 0.238, data_time: 0.016, memory: 8298, vote_loss: 3.6915, objectness_loss: 0.3757, semantic_loss: 0.3947, center_loss: 0.4656, dir_class_loss: 0.9408, dir_res_loss: 0.6655, size_class_loss: 0.3947, size_res_loss: 0.2726, loss: 7.2011, grad_norm: 8.2717
2026-05-03 16:53:09,706 - mmdet - INFO - Epoch [15][150/1652]	lr: 8.000e-03, eta: 2:24:51, time: 0.238, data_time: 0.016, memory: 8298, vote_loss: 3.4950, objectness_loss: 0.3760, semantic_loss: 0.3506, center_loss: 0.4793, dir_class_loss: 0.9295, dir_res_loss: 0.6999, size_class_loss: 0.3506, size_res_loss: 0.2704, loss: 6.9511, grad_norm: 7.7583
2026-05-03 16:53:21,636 - mmdet - INFO - Epoch [15][200/1652]	lr: 8.000e-03, eta: 2:24:39, time: 0.239, data_time: 0.016, memory: 8298, vote_loss: 3.5797, objectness_loss: 0.3997, semantic_loss: 0.4022, center_loss: 0.5120, dir_class_loss: 0.9788, dir_res_loss: 0.7365, size_class_loss: 0.4022, size_res_loss: 0.2978, loss: 7.3088, grad_norm: 8.5114
2026-05-03 16:53:33,500 - mmdet - INFO - Epoch [15][250/1652]	lr: 8.000e-03, eta: 2:24:27, time: 0.237, data_time: 0.016, memory: 8298, vote_loss: 3.4796, objectness_loss: 0.3843, semantic_loss: 0.4238, center_loss: 0.4799, dir_class_loss: 1.0084, dir_res_loss: 0.7799, size_class_loss: 0.4238, size_res_loss: 0.2887, loss: 7.2683, grad_norm: 7.8288
2026-05-03 16:53:45,536 - mmdet - INFO - Epoch [15][300/1652]	lr: 8.000e-03, eta: 2:24:15, time: 0.241, data_time: 0.016, memory: 8298, vote_loss: 3.5929, objectness_loss: 0.3839, semantic_loss: 0.3569, center_loss: 0.5073, dir_class_loss: 0.9528, dir_res_loss: 0.8368, size_class_loss: 0.3569, size_res_loss: 0.3009, loss: 7.2883, grad_norm: 7.7050
2026-05-03 16:53:57,823 - mmdet - INFO - Epoch [15][350/1652]	lr: 8.000e-03, eta: 2:24:03, time: 0.246, data_time: 0.017, memory: 8298, vote_loss: 3.4810, objectness_loss: 0.3927, semantic_loss: 0.3996, center_loss: 0.4853, dir_class_loss: 0.9814, dir_res_loss: 0.7128, size_class_loss: 0.3996, size_res_loss: 0.2883, loss: 7.1408, grad_norm: 7.3770
2026-05-03 16:54:09,765 - mmdet - INFO - Epoch [15][400/1652]	lr: 8.000e-03, eta: 2:23:51, time: 0.239, data_time: 0.016, memory: 8298, vote_loss: 3.5564, objectness_loss: 0.3394, semantic_loss: 0.3783, center_loss: 0.4984, dir_class_loss: 0.9432, dir_res_loss: 0.7281, size_class_loss: 0.3783, size_res_loss: 0.2897, loss: 7.1118, grad_norm: 8.4356
2026-05-03 16:54:21,668 - mmdet - INFO - Epoch [15][450/1652]	lr: 8.000e-03, eta: 2:23:39, time: 0.238, data_time: 0.016, memory: 8298, vote_loss: 3.6056, objectness_loss: 0.3979, semantic_loss: 0.4022, center_loss: 0.5233, dir_class_loss: 0.9321, dir_res_loss: 0.7309, size_class_loss: 0.4022, size_res_loss: 0.3148, loss: 7.3091, grad_norm: 8.5898
2026-05-03 16:54:33,577 - mmdet - INFO - Epoch [15][500/1652]	lr: 8.000e-03, eta: 2:23:27, time: 0.238, data_time: 0.016, memory: 8298, vote_loss: 3.5278, objectness_loss: 0.3803, semantic_loss: 0.4290, center_loss: 0.5979, dir_class_loss: 0.9544, dir_res_loss: 0.6563, size_class_loss: 0.4290, size_res_loss: 0.2850, loss: 7.2596, grad_norm: 8.7171
2026-05-03 16:54:45,432 - mmdet - INFO - Epoch [15][550/1652]	lr: 8.000e-03, eta: 2:23:14, time: 0.237, data_time: 0.016, memory: 8298, vote_loss: 3.4873, objectness_loss: 0.3872, semantic_loss: 0.4106, center_loss: 0.4954, dir_class_loss: 0.9852, dir_res_loss: 0.6967, size_class_loss: 0.4106, size_res_loss: 0.2809, loss: 7.1541, grad_norm: 8.5379
2026-05-03 16:54:57,402 - mmdet - INFO - Epoch [15][600/1652]	lr: 8.000e-03, eta: 2:23:02, time: 0.239, data_time: 0.016, memory: 8298, vote_loss: 3.4991, objectness_loss: 0.3951, semantic_loss: 0.4037, center_loss: 0.4834, dir_class_loss: 0.9108, dir_res_loss: 0.6675, size_class_loss: 0.4037, size_res_loss: 0.2986, loss: 7.0619, grad_norm: 7.6398
2026-05-03 16:55:09,265 - mmdet - INFO - Epoch [15][650/1652]	lr: 8.000e-03, eta: 2:22:50, time: 0.237, data_time: 0.016, memory: 8298, vote_loss: 3.5484, objectness_loss: 0.3740, semantic_loss: 0.4226, center_loss: 0.4631, dir_class_loss: 0.9935, dir_res_loss: 0.6343, size_class_loss: 0.4226, size_res_loss: 0.3114, loss: 7.1697, grad_norm: 7.9157
2026-05-03 16:55:21,251 - mmdet - INFO - Epoch [15][700/1652]	lr: 8.000e-03, eta: 2:22:38, time: 0.240, data_time: 0.016, memory: 8298, vote_loss: 3.5847, objectness_loss: 0.3725, semantic_loss: 0.4004, center_loss: 0.4717, dir_class_loss: 0.9530, dir_res_loss: 0.6860, size_class_loss: 0.4004, size_res_loss: 0.2654, loss: 7.1341, grad_norm: 7.8633
2026-05-03 16:55:33,204 - mmdet - INFO - Epoch [15][750/1652]	lr: 8.000e-03, eta: 2:22:26, time: 0.239, data_time: 0.017, memory: 8298, vote_loss: 3.6285, objectness_loss: 0.3989, semantic_loss: 0.4783, center_loss: 0.4681, dir_class_loss: 0.9988, dir_res_loss: 0.6826, size_class_loss: 0.4783, size_res_loss: 0.3045, loss: 7.4380, grad_norm: 7.6572
2026-05-03 16:55:45,300 - mmdet - INFO - Epoch [15][800/1652]	lr: 8.000e-03, eta: 2:22:14, time: 0.242, data_time: 0.017, memory: 8298, vote_loss: 3.6474, objectness_loss: 0.3909, semantic_loss: 0.4175, center_loss: 0.4901, dir_class_loss: 0.9678, dir_res_loss: 0.6981, size_class_loss: 0.4175, size_res_loss: 0.2905, loss: 7.3197, grad_norm: 7.9687
2026-05-03 16:55:57,198 - mmdet - INFO - Epoch [15][850/1652]	lr: 8.000e-03, eta: 2:22:02, time: 0.238, data_time: 0.016, memory: 8298, vote_loss: 3.6449, objectness_loss: 0.3741, semantic_loss: 0.3744, center_loss: 0.4598, dir_class_loss: 0.9648, dir_res_loss: 0.7126, size_class_loss: 0.3744, size_res_loss: 0.2687, loss: 7.1738, grad_norm: 7.8952
2026-05-03 16:56:09,108 - mmdet - INFO - Epoch [15][900/1652]	lr: 8.000e-03, eta: 2:21:50, time: 0.238, data_time: 0.016, memory: 8298, vote_loss: 3.5744, objectness_loss: 0.4131, semantic_loss: 0.4709, center_loss: 0.4971, dir_class_loss: 0.9390, dir_res_loss: 0.6716, size_class_loss: 0.4709, size_res_loss: 0.2665, loss: 7.3035, grad_norm: 8.3552
2026-05-03 16:56:20,988 - mmdet - INFO - Epoch [15][950/1652]	lr: 8.000e-03, eta: 2:21:38, time: 0.238, data_time: 0.016, memory: 8298, vote_loss: 3.5307, objectness_loss: 0.3677, semantic_loss: 0.4091, center_loss: 0.5656, dir_class_loss: 0.9695, dir_res_loss: 0.7875, size_class_loss: 0.4091, size_res_loss: 0.2975, loss: 7.3366, grad_norm: 7.8181
2026-05-03 16:56:32,904 - mmdet - INFO - Epoch [15][1000/1652]	lr: 8.000e-03, eta: 2:21:26, time: 0.238, data_time: 0.016, memory: 8298, vote_loss: 3.7270, objectness_loss: 0.3564, semantic_loss: 0.4543, center_loss: 0.4926, dir_class_loss: 1.0150, dir_res_loss: 0.7190, size_class_loss: 0.4543, size_res_loss: 0.3098, loss: 7.5284, grad_norm: 8.0991
2026-05-03 16:56:44,767 - mmdet - INFO - Epoch [15][1050/1652]	lr: 8.000e-03, eta: 2:21:13, time: 0.237, data_time: 0.016, memory: 8298, vote_loss: 3.6404, objectness_loss: 0.3685, semantic_loss: 0.4208, center_loss: 0.4868, dir_class_loss: 1.0056, dir_res_loss: 0.7552, size_class_loss: 0.4208, size_res_loss: 0.3141, loss: 7.4123, grad_norm: 8.1371
2026-05-03 16:56:56,629 - mmdet - INFO - Epoch [15][1100/1652]	lr: 8.000e-03, eta: 2:21:01, time: 0.237, data_time: 0.016, memory: 8298, vote_loss: 3.7835, objectness_loss: 0.3922, semantic_loss: 0.4142, center_loss: 0.5506, dir_class_loss: 0.9644, dir_res_loss: 0.7583, size_class_loss: 0.4142, size_res_loss: 0.2760, loss: 7.5534, grad_norm: 8.1886
2026-05-03 16:57:08,501 - mmdet - INFO - Epoch [15][1150/1652]	lr: 8.000e-03, eta: 2:20:49, time: 0.237, data_time: 0.016, memory: 8298, vote_loss: 3.7652, objectness_loss: 0.3581, semantic_loss: 0.4014, center_loss: 0.4787, dir_class_loss: 0.9210, dir_res_loss: 0.6962, size_class_loss: 0.4014, size_res_loss: 0.3118, loss: 7.3338, grad_norm: 7.6744
2026-05-03 16:57:20,430 - mmdet - INFO - Epoch [15][1200/1652]	lr: 8.000e-03, eta: 2:20:37, time: 0.239, data_time: 0.016, memory: 8298, vote_loss: 3.6662, objectness_loss: 0.3754, semantic_loss: 0.4375, center_loss: 0.5027, dir_class_loss: 0.9861, dir_res_loss: 0.7007, size_class_loss: 0.4375, size_res_loss: 0.2629, loss: 7.3688, grad_norm: 7.3139
2026-05-03 16:57:32,314 - mmdet - INFO - Epoch [15][1250/1652]	lr: 8.000e-03, eta: 2:20:25, time: 0.238, data_time: 0.016, memory: 8298, vote_loss: 3.8163, objectness_loss: 0.3746, semantic_loss: 0.4148, center_loss: 0.5618, dir_class_loss: 0.9511, dir_res_loss: 0.6509, size_class_loss: 0.4148, size_res_loss: 0.2969, loss: 7.4814, grad_norm: 7.7162
2026-05-03 16:57:44,425 - mmdet - INFO - Epoch [15][1300/1652]	lr: 8.000e-03, eta: 2:20:13, time: 0.242, data_time: 0.020, memory: 8298, vote_loss: 3.4670, objectness_loss: 0.3858, semantic_loss: 0.3841, center_loss: 0.4763, dir_class_loss: 0.9886, dir_res_loss: 0.6652, size_class_loss: 0.3841, size_res_loss: 0.2909, loss: 7.0422, grad_norm: 7.4810
2026-05-03 16:57:56,319 - mmdet - INFO - Epoch [15][1350/1652]	lr: 8.000e-03, eta: 2:20:01, time: 0.238, data_time: 0.016, memory: 8298, vote_loss: 3.5063, objectness_loss: 0.3997, semantic_loss: 0.4395, center_loss: 0.4457, dir_class_loss: 1.0615, dir_res_loss: 0.7475, size_class_loss: 0.4395, size_res_loss: 0.2899, loss: 7.3295, grad_norm: 8.0397
2026-05-03 16:58:08,382 - mmdet - INFO - Epoch [15][1400/1652]	lr: 8.000e-03, eta: 2:19:49, time: 0.241, data_time: 0.017, memory: 8298, vote_loss: 3.6529, objectness_loss: 0.3803, semantic_loss: 0.3943, center_loss: 0.4714, dir_class_loss: 0.9632, dir_res_loss: 0.6302, size_class_loss: 0.3943, size_res_loss: 0.2664, loss: 7.1530, grad_norm: 7.9224
2026-05-03 16:58:20,202 - mmdet - INFO - Epoch [15][1450/1652]	lr: 8.000e-03, eta: 2:19:36, time: 0.236, data_time: 0.016, memory: 8298, vote_loss: 3.6441, objectness_loss: 0.3733, semantic_loss: 0.4272, center_loss: 0.5119, dir_class_loss: 0.9686, dir_res_loss: 0.6446, size_class_loss: 0.4272, size_res_loss: 0.2802, loss: 7.2771, grad_norm: 8.8351
2026-05-03 16:58:32,300 - mmdet - INFO - Epoch [15][1500/1652]	lr: 8.000e-03, eta: 2:19:25, time: 0.242, data_time: 0.017, memory: 8298, vote_loss: 3.4293, objectness_loss: 0.3782, semantic_loss: 0.4008, center_loss: 0.5035, dir_class_loss: 1.0055, dir_res_loss: 0.7192, size_class_loss: 0.4008, size_res_loss: 0.2713, loss: 7.1087, grad_norm: 8.6132
2026-05-03 16:58:44,211 - mmdet - INFO - Epoch [15][1550/1652]	lr: 8.000e-03, eta: 2:19:12, time: 0.238, data_time: 0.016, memory: 8298, vote_loss: 3.5967, objectness_loss: 0.3836, semantic_loss: 0.4687, center_loss: 0.4868, dir_class_loss: 1.0240, dir_res_loss: 0.8140, size_class_loss: 0.4687, size_res_loss: 0.2847, loss: 7.5270, grad_norm: 8.3861
2026-05-03 16:58:56,492 - mmdet - INFO - Epoch [15][1600/1652]	lr: 8.000e-03, eta: 2:19:01, time: 0.246, data_time: 0.017, memory: 8298, vote_loss: 3.6730, objectness_loss: 0.3684, semantic_loss: 0.4356, center_loss: 0.5160, dir_class_loss: 0.9789, dir_res_loss: 0.6426, size_class_loss: 0.4356, size_res_loss: 0.3040, loss: 7.3541, grad_norm: 8.1411
2026-05-03 16:59:08,384 - mmdet - INFO - Epoch [15][1650/1652]	lr: 8.000e-03, eta: 2:18:49, time: 0.238, data_time: 0.016, memory: 8298, vote_loss: 3.7361, objectness_loss: 0.4270, semantic_loss: 0.4235, center_loss: 0.5754, dir_class_loss: 0.9801, dir_res_loss: 0.7106, size_class_loss: 0.4235, size_res_loss: 0.3272, loss: 7.6035, grad_norm: 7.8609
2026-05-03 16:59:08,903 - mmdet - INFO - Saving checkpoint at 15 epochs
2026-05-03 16:59:23,584 - mmdet - INFO - Epoch [16][50/1652]	lr: 8.000e-03, eta: 2:18:39, time: 0.293, data_time: 0.070, memory: 8298, vote_loss: 3.4960, objectness_loss: 0.3848, semantic_loss: 0.3706, center_loss: 0.4580, dir_class_loss: 0.8875, dir_res_loss: 0.7023, size_class_loss: 0.3706, size_res_loss: 0.2636, loss: 6.9333, grad_norm: 7.5030
2026-05-03 16:59:35,526 - mmdet - INFO - Epoch [16][100/1652]	lr: 8.000e-03, eta: 2:18:27, time: 0.239, data_time: 0.016, memory: 8298, vote_loss: 3.5283, objectness_loss: 0.3937, semantic_loss: 0.3544, center_loss: 0.4672, dir_class_loss: 0.8953, dir_res_loss: 0.7029, size_class_loss: 0.3544, size_res_loss: 0.2640, loss: 6.9603, grad_norm: 7.5958
2026-05-03 16:59:47,832 - mmdet - INFO - Epoch [16][150/1652]	lr: 8.000e-03, eta: 2:18:15, time: 0.246, data_time: 0.017, memory: 8298, vote_loss: 3.5444, objectness_loss: 0.3568, semantic_loss: 0.3731, center_loss: 0.4773, dir_class_loss: 0.9464, dir_res_loss: 0.6145, size_class_loss: 0.3731, size_res_loss: 0.2871, loss: 6.9727, grad_norm: 7.7102
2026-05-03 16:59:59,721 - mmdet - INFO - Epoch [16][200/1652]	lr: 8.000e-03, eta: 2:18:03, time: 0.238, data_time: 0.016, memory: 8298, vote_loss: 3.5535, objectness_loss: 0.3979, semantic_loss: 0.4121, center_loss: 0.5274, dir_class_loss: 0.8745, dir_res_loss: 0.6270, size_class_loss: 0.4121, size_res_loss: 0.2855, loss: 7.0899, grad_norm: 8.7331
2026-05-03 17:00:11,802 - mmdet - INFO - Epoch [16][250/1652]	lr: 8.000e-03, eta: 2:17:51, time: 0.242, data_time: 0.017, memory: 8298, vote_loss: 3.5692, objectness_loss: 0.3761, semantic_loss: 0.3758, center_loss: 0.5156, dir_class_loss: 0.9231, dir_res_loss: 0.6585, size_class_loss: 0.3758, size_res_loss: 0.2866, loss: 7.0808, grad_norm: 7.9773
2026-05-03 17:00:23,706 - mmdet - INFO - Epoch [16][300/1652]	lr: 8.000e-03, eta: 2:17:39, time: 0.238, data_time: 0.016, memory: 8298, vote_loss: 3.5758, objectness_loss: 0.3648, semantic_loss: 0.4564, center_loss: 0.5017, dir_class_loss: 1.0021, dir_res_loss: 0.8663, size_class_loss: 0.4564, size_res_loss: 0.2977, loss: 7.5212, grad_norm: 7.5950
2026-05-03 17:00:35,626 - mmdet - INFO - Epoch [16][350/1652]	lr: 8.000e-03, eta: 2:17:27, time: 0.238, data_time: 0.016, memory: 8298, vote_loss: 3.5883, objectness_loss: 0.3692, semantic_loss: 0.3696, center_loss: 0.4831, dir_class_loss: 0.9447, dir_res_loss: 0.7195, size_class_loss: 0.3696, size_res_loss: 0.2912, loss: 7.1351, grad_norm: 8.1012
2026-05-03 17:00:47,503 - mmdet - INFO - Epoch [16][400/1652]	lr: 8.000e-03, eta: 2:17:15, time: 0.238, data_time: 0.016, memory: 8298, vote_loss: 3.6256, objectness_loss: 0.3613, semantic_loss: 0.4827, center_loss: 0.4965, dir_class_loss: 0.9474, dir_res_loss: 0.7191, size_class_loss: 0.4827, size_res_loss: 0.2731, loss: 7.3884, grad_norm: 8.3433
2026-05-03 17:00:59,412 - mmdet - INFO - Epoch [16][450/1652]	lr: 8.000e-03, eta: 2:17:03, time: 0.238, data_time: 0.016, memory: 8298, vote_loss: 3.4634, objectness_loss: 0.3954, semantic_loss: 0.4543, center_loss: 0.4730, dir_class_loss: 0.9935, dir_res_loss: 0.7279, size_class_loss: 0.4543, size_res_loss: 0.2844, loss: 7.2461, grad_norm: 8.2369
2026-05-03 17:01:11,311 - mmdet - INFO - Epoch [16][500/1652]	lr: 8.000e-03, eta: 2:16:51, time: 0.238, data_time: 0.016, memory: 8298, vote_loss: 3.8054, objectness_loss: 0.3453, semantic_loss: 0.4433, center_loss: 0.5181, dir_class_loss: 1.0605, dir_res_loss: 0.7616, size_class_loss: 0.4433, size_res_loss: 0.3375, loss: 7.7149, grad_norm: 8.3184
2026-05-03 17:01:23,244 - mmdet - INFO - Epoch [16][550/1652]	lr: 8.000e-03, eta: 2:16:39, time: 0.239, data_time: 0.016, memory: 8298, vote_loss: 3.4665, objectness_loss: 0.3479, semantic_loss: 0.3738, center_loss: 0.4831, dir_class_loss: 0.9637, dir_res_loss: 0.6984, size_class_loss: 0.3738, size_res_loss: 0.2723, loss: 6.9796, grad_norm: 7.1667
2026-05-03 17:01:35,169 - mmdet - INFO - Epoch [16][600/1652]	lr: 8.000e-03, eta: 2:16:26, time: 0.238, data_time: 0.016, memory: 8298, vote_loss: 3.4749, objectness_loss: 0.3607, semantic_loss: 0.3627, center_loss: 0.4419, dir_class_loss: 0.9169, dir_res_loss: 0.6919, size_class_loss: 0.3627, size_res_loss: 0.2538, loss: 6.8656, grad_norm: 7.4574
2026-05-03 17:01:47,059 - mmdet - INFO - Epoch [16][650/1652]	lr: 8.000e-03, eta: 2:16:14, time: 0.238, data_time: 0.016, memory: 8298, vote_loss: 3.6417, objectness_loss: 0.3717, semantic_loss: 0.4175, center_loss: 0.5086, dir_class_loss: 0.9467, dir_res_loss: 0.7940, size_class_loss: 0.4175, size_res_loss: 0.2924, loss: 7.3900, grad_norm: 7.7318
2026-05-03 17:01:58,987 - mmdet - INFO - Epoch [16][700/1652]	lr: 8.000e-03, eta: 2:16:02, time: 0.239, data_time: 0.016, memory: 8298, vote_loss: 3.5939, objectness_loss: 0.3477, semantic_loss: 0.3910, center_loss: 0.4938, dir_class_loss: 1.0264, dir_res_loss: 0.7256, size_class_loss: 0.3910, size_res_loss: 0.2821, loss: 7.2513, grad_norm: 7.6168
2026-05-03 17:02:10,897 - mmdet - INFO - Epoch [16][750/1652]	lr: 8.000e-03, eta: 2:15:50, time: 0.238, data_time: 0.016, memory: 8298, vote_loss: 3.5951, objectness_loss: 0.3442, semantic_loss: 0.3625, center_loss: 0.5122, dir_class_loss: 0.8542, dir_res_loss: 0.6550, size_class_loss: 0.3625, size_res_loss: 0.2743, loss: 6.9600, grad_norm: 8.0656
2026-05-03 17:02:22,860 - mmdet - INFO - Epoch [16][800/1652]	lr: 8.000e-03, eta: 2:15:38, time: 0.239, data_time: 0.017, memory: 8298, vote_loss: 3.8344, objectness_loss: 0.3832, semantic_loss: 0.4209, center_loss: 0.5011, dir_class_loss: 0.9652, dir_res_loss: 0.7433, size_class_loss: 0.4209, size_res_loss: 0.3207, loss: 7.5896, grad_norm: 7.6795
2026-05-03 17:02:34,772 - mmdet - INFO - Epoch [16][850/1652]	lr: 8.000e-03, eta: 2:15:26, time: 0.238, data_time: 0.016, memory: 8298, vote_loss: 3.4674, objectness_loss: 0.3737, semantic_loss: 0.3701, center_loss: 0.5105, dir_class_loss: 0.9502, dir_res_loss: 0.6739, size_class_loss: 0.3701, size_res_loss: 0.2994, loss: 7.0153, grad_norm: 8.3333
2026-05-03 17:02:46,635 - mmdet - INFO - Epoch [16][900/1652]	lr: 8.000e-03, eta: 2:15:14, time: 0.237, data_time: 0.016, memory: 8298, vote_loss: 3.5195, objectness_loss: 0.3745, semantic_loss: 0.4229, center_loss: 0.5370, dir_class_loss: 0.9134, dir_res_loss: 0.7474, size_class_loss: 0.4229, size_res_loss: 0.2658, loss: 7.2034, grad_norm: 8.5102
2026-05-03 17:02:58,544 - mmdet - INFO - Epoch [16][950/1652]	lr: 8.000e-03, eta: 2:15:01, time: 0.238, data_time: 0.016, memory: 8298, vote_loss: 3.5306, objectness_loss: 0.3751, semantic_loss: 0.4014, center_loss: 0.4828, dir_class_loss: 0.9449, dir_res_loss: 0.7143, size_class_loss: 0.4014, size_res_loss: 0.3060, loss: 7.1565, grad_norm: 7.9214
2026-05-03 17:03:10,502 - mmdet - INFO - Epoch [16][1000/1652]	lr: 8.000e-03, eta: 2:14:49, time: 0.239, data_time: 0.016, memory: 8298, vote_loss: 3.7110, objectness_loss: 0.3797, semantic_loss: 0.4255, center_loss: 0.4909, dir_class_loss: 1.0047, dir_res_loss: 0.6888, size_class_loss: 0.4255, size_res_loss: 0.3117, loss: 7.4378, grad_norm: 7.4916
2026-05-03 17:03:22,393 - mmdet - INFO - Epoch [16][1050/1652]	lr: 8.000e-03, eta: 2:14:37, time: 0.238, data_time: 0.016, memory: 8298, vote_loss: 3.4613, objectness_loss: 0.3563, semantic_loss: 0.3899, center_loss: 0.5044, dir_class_loss: 0.9002, dir_res_loss: 0.6726, size_class_loss: 0.3899, size_res_loss: 0.2783, loss: 6.9530, grad_norm: 8.2556
2026-05-03 17:03:34,482 - mmdet - INFO - Epoch [16][1100/1652]	lr: 8.000e-03, eta: 2:14:25, time: 0.242, data_time: 0.017, memory: 8298, vote_loss: 3.5015, objectness_loss: 0.3550, semantic_loss: 0.4078, center_loss: 0.4613, dir_class_loss: 0.9191, dir_res_loss: 0.6554, size_class_loss: 0.4078, size_res_loss: 0.2771, loss: 6.9850, grad_norm: 7.9232
2026-05-03 17:03:46,409 - mmdet - INFO - Epoch [16][1150/1652]	lr: 8.000e-03, eta: 2:14:13, time: 0.239, data_time: 0.016, memory: 8298, vote_loss: 3.5454, objectness_loss: 0.3550, semantic_loss: 0.4310, center_loss: 0.5023, dir_class_loss: 0.9718, dir_res_loss: 0.7293, size_class_loss: 0.4310, size_res_loss: 0.3098, loss: 7.2756, grad_norm: 7.7193
2026-05-03 17:03:58,475 - mmdet - INFO - Epoch [16][1200/1652]	lr: 8.000e-03, eta: 2:14:01, time: 0.241, data_time: 0.017, memory: 8298, vote_loss: 3.2815, objectness_loss: 0.3652, semantic_loss: 0.3643, center_loss: 0.4996, dir_class_loss: 0.9588, dir_res_loss: 0.6608, size_class_loss: 0.3643, size_res_loss: 0.2587, loss: 6.7530, grad_norm: 7.9102
2026-05-03 17:04:10,394 - mmdet - INFO - Epoch [16][1250/1652]	lr: 8.000e-03, eta: 2:13:49, time: 0.238, data_time: 0.016, memory: 8298, vote_loss: 3.6355, objectness_loss: 0.3580, semantic_loss: 0.4293, center_loss: 0.5160, dir_class_loss: 0.9915, dir_res_loss: 0.7227, size_class_loss: 0.4293, size_res_loss: 0.3388, loss: 7.4211, grad_norm: 8.2262
2026-05-03 17:04:22,262 - mmdet - INFO - Epoch [16][1300/1652]	lr: 8.000e-03, eta: 2:13:37, time: 0.237, data_time: 0.016, memory: 8298, vote_loss: 3.4339, objectness_loss: 0.4270, semantic_loss: 0.3974, center_loss: 0.5006, dir_class_loss: 0.9272, dir_res_loss: 0.6347, size_class_loss: 0.3974, size_res_loss: 0.2989, loss: 7.0172, grad_norm: 8.4165
2026-05-03 17:04:34,153 - mmdet - INFO - Epoch [16][1350/1652]	lr: 8.000e-03, eta: 2:13:25, time: 0.238, data_time: 0.016, memory: 8298, vote_loss: 3.6471, objectness_loss: 0.3620, semantic_loss: 0.3992, center_loss: 0.4899, dir_class_loss: 0.9597, dir_res_loss: 0.6577, size_class_loss: 0.3992, size_res_loss: 0.2837, loss: 7.1985, grad_norm: 8.2610
2026-05-03 17:04:46,091 - mmdet - INFO - Epoch [16][1400/1652]	lr: 8.000e-03, eta: 2:13:13, time: 0.239, data_time: 0.016, memory: 8298, vote_loss: 3.5669, objectness_loss: 0.3818, semantic_loss: 0.4211, center_loss: 0.5050, dir_class_loss: 0.9681, dir_res_loss: 0.7934, size_class_loss: 0.4211, size_res_loss: 0.2812, loss: 7.3387, grad_norm: 8.8203
2026-05-03 17:04:58,086 - mmdet - INFO - Epoch [16][1450/1652]	lr: 8.000e-03, eta: 2:13:01, time: 0.240, data_time: 0.016, memory: 8298, vote_loss: 3.6146, objectness_loss: 0.3820, semantic_loss: 0.4004, center_loss: 0.4797, dir_class_loss: 0.9867, dir_res_loss: 0.7814, size_class_loss: 0.4004, size_res_loss: 0.3021, loss: 7.3472, grad_norm: 7.9375
2026-05-03 17:05:09,967 - mmdet - INFO - Epoch [16][1500/1652]	lr: 8.000e-03, eta: 2:12:49, time: 0.238, data_time: 0.016, memory: 8298, vote_loss: 3.4871, objectness_loss: 0.3568, semantic_loss: 0.3812, center_loss: 0.4704, dir_class_loss: 0.8837, dir_res_loss: 0.7005, size_class_loss: 0.3812, size_res_loss: 0.2809, loss: 6.9418, grad_norm: 8.3177
2026-05-03 17:05:21,852 - mmdet - INFO - Epoch [16][1550/1652]	lr: 8.000e-03, eta: 2:12:36, time: 0.238, data_time: 0.016, memory: 8298, vote_loss: 3.6017, objectness_loss: 0.3674, semantic_loss: 0.3879, center_loss: 0.4477, dir_class_loss: 0.9608, dir_res_loss: 0.7211, size_class_loss: 0.3879, size_res_loss: 0.2823, loss: 7.1568, grad_norm: 7.6345
2026-05-03 17:05:33,737 - mmdet - INFO - Epoch [16][1600/1652]	lr: 8.000e-03, eta: 2:12:24, time: 0.238, data_time: 0.016, memory: 8298, vote_loss: 3.6036, objectness_loss: 0.3579, semantic_loss: 0.3823, center_loss: 0.5229, dir_class_loss: 0.9637, dir_res_loss: 0.7220, size_class_loss: 0.3823, size_res_loss: 0.2933, loss: 7.2280, grad_norm: 8.3911
2026-05-03 17:05:45,647 - mmdet - INFO - Epoch [16][1650/1652]	lr: 8.000e-03, eta: 2:12:12, time: 0.238, data_time: 0.016, memory: 8298, vote_loss: 3.5413, objectness_loss: 0.3704, semantic_loss: 0.4019, center_loss: 0.4830, dir_class_loss: 0.9758, dir_res_loss: 0.7115, size_class_loss: 0.4019, size_res_loss: 0.3078, loss: 7.1936, grad_norm: 8.1791
2026-05-03 17:05:46,163 - mmdet - INFO - Saving checkpoint at 16 epochs
2026-05-03 17:06:00,981 - mmdet - INFO - Epoch [17][50/1652]	lr: 8.000e-03, eta: 2:12:03, time: 0.296, data_time: 0.072, memory: 8298, vote_loss: 3.4927, objectness_loss: 0.3705, semantic_loss: 0.3791, center_loss: 0.4852, dir_class_loss: 1.0193, dir_res_loss: 0.6866, size_class_loss: 0.3791, size_res_loss: 0.2639, loss: 7.0766, grad_norm: 7.7743
2026-05-03 17:06:12,988 - mmdet - INFO - Epoch [17][100/1652]	lr: 8.000e-03, eta: 2:11:51, time: 0.240, data_time: 0.016, memory: 8298, vote_loss: 3.6276, objectness_loss: 0.3777, semantic_loss: 0.4174, center_loss: 0.5252, dir_class_loss: 0.9152, dir_res_loss: 0.5885, size_class_loss: 0.4174, size_res_loss: 0.3214, loss: 7.1905, grad_norm: 8.5732
2026-05-03 17:06:24,902 - mmdet - INFO - Epoch [17][150/1652]	lr: 8.000e-03, eta: 2:11:38, time: 0.238, data_time: 0.016, memory: 8298, vote_loss: 3.5982, objectness_loss: 0.3789, semantic_loss: 0.4480, center_loss: 0.4899, dir_class_loss: 0.9774, dir_res_loss: 0.6627, size_class_loss: 0.4480, size_res_loss: 0.2841, loss: 7.2871, grad_norm: 8.3424
2026-05-03 17:06:36,729 - mmdet - INFO - Epoch [17][200/1652]	lr: 8.000e-03, eta: 2:11:26, time: 0.237, data_time: 0.016, memory: 8298, vote_loss: 3.7113, objectness_loss: 0.3834, semantic_loss: 0.4379, center_loss: 0.5200, dir_class_loss: 1.0122, dir_res_loss: 0.7232, size_class_loss: 0.4379, size_res_loss: 0.3116, loss: 7.5375, grad_norm: 8.0310
2026-05-03 17:06:48,922 - mmdet - INFO - Epoch [17][250/1652]	lr: 8.000e-03, eta: 2:11:14, time: 0.244, data_time: 0.017, memory: 8298, vote_loss: 3.4670, objectness_loss: 0.3795, semantic_loss: 0.3705, center_loss: 0.5131, dir_class_loss: 0.9308, dir_res_loss: 0.7075, size_class_loss: 0.3705, size_res_loss: 0.2769, loss: 7.0157, grad_norm: 8.1098
2026-05-03 17:07:00,791 - mmdet - INFO - Epoch [17][300/1652]	lr: 8.000e-03, eta: 2:11:02, time: 0.237, data_time: 0.016, memory: 8298, vote_loss: 3.5227, objectness_loss: 0.3693, semantic_loss: 0.3952, center_loss: 0.4802, dir_class_loss: 0.9685, dir_res_loss: 0.6920, size_class_loss: 0.3952, size_res_loss: 0.3073, loss: 7.1303, grad_norm: 8.0163
2026-05-03 17:07:12,671 - mmdet - INFO - Epoch [17][350/1652]	lr: 8.000e-03, eta: 2:10:50, time: 0.238, data_time: 0.016, memory: 8298, vote_loss: 3.7258, objectness_loss: 0.3679, semantic_loss: 0.4336, center_loss: 0.6233, dir_class_loss: 0.9862, dir_res_loss: 0.6839, size_class_loss: 0.4336, size_res_loss: 0.2812, loss: 7.5355, grad_norm: 8.8602
2026-05-03 17:07:24,655 - mmdet - INFO - Epoch [17][400/1652]	lr: 8.000e-03, eta: 2:10:38, time: 0.240, data_time: 0.016, memory: 8298, vote_loss: 3.5817, objectness_loss: 0.3918, semantic_loss: 0.4255, center_loss: 0.5646, dir_class_loss: 0.9980, dir_res_loss: 0.7528, size_class_loss: 0.4255, size_res_loss: 0.2875, loss: 7.4273, grad_norm: 8.3094
2026-05-03 17:07:36,514 - mmdet - INFO - Epoch [17][450/1652]	lr: 8.000e-03, eta: 2:10:26, time: 0.237, data_time: 0.015, memory: 8298, vote_loss: 3.4677, objectness_loss: 0.3943, semantic_loss: 0.3659, center_loss: 0.4536, dir_class_loss: 0.9234, dir_res_loss: 0.7007, size_class_loss: 0.3659, size_res_loss: 0.2712, loss: 6.9427, grad_norm: 7.1434
2026-05-03 17:07:48,341 - mmdet - INFO - Epoch [17][500/1652]	lr: 8.000e-03, eta: 2:10:14, time: 0.237, data_time: 0.015, memory: 8298, vote_loss: 3.4438, objectness_loss: 0.3687, semantic_loss: 0.3515, center_loss: 0.4852, dir_class_loss: 0.9651, dir_res_loss: 0.7033, size_class_loss: 0.3515, size_res_loss: 0.2609, loss: 6.9300, grad_norm: 7.6499
2026-05-03 17:08:00,229 - mmdet - INFO - Epoch [17][550/1652]	lr: 8.000e-03, eta: 2:10:01, time: 0.238, data_time: 0.015, memory: 8298, vote_loss: 3.5624, objectness_loss: 0.3794, semantic_loss: 0.4187, center_loss: 0.5185, dir_class_loss: 0.8985, dir_res_loss: 0.6731, size_class_loss: 0.4187, size_res_loss: 0.2743, loss: 7.1436, grad_norm: 7.9684
2026-05-03 17:08:12,101 - mmdet - INFO - Epoch [17][600/1652]	lr: 8.000e-03, eta: 2:09:49, time: 0.237, data_time: 0.016, memory: 8298, vote_loss: 3.6181, objectness_loss: 0.3634, semantic_loss: 0.4237, center_loss: 0.5110, dir_class_loss: 0.9608, dir_res_loss: 0.6427, size_class_loss: 0.4237, size_res_loss: 0.3385, loss: 7.2819, grad_norm: 8.2251
2026-05-03 17:08:23,977 - mmdet - INFO - Epoch [17][650/1652]	lr: 8.000e-03, eta: 2:09:37, time: 0.238, data_time: 0.016, memory: 8298, vote_loss: 3.4416, objectness_loss: 0.3610, semantic_loss: 0.3893, center_loss: 0.4695, dir_class_loss: 0.9846, dir_res_loss: 0.7752, size_class_loss: 0.3893, size_res_loss: 0.2719, loss: 7.0823, grad_norm: 7.5763
2026-05-03 17:08:35,871 - mmdet - INFO - Epoch [17][700/1652]	lr: 8.000e-03, eta: 2:09:25, time: 0.238, data_time: 0.016, memory: 8298, vote_loss: 3.7988, objectness_loss: 0.3685, semantic_loss: 0.4037, center_loss: 0.5042, dir_class_loss: 0.9295, dir_res_loss: 0.6474, size_class_loss: 0.4037, size_res_loss: 0.2990, loss: 7.3548, grad_norm: 7.4060
2026-05-03 17:08:47,928 - mmdet - INFO - Epoch [17][750/1652]	lr: 8.000e-03, eta: 2:09:13, time: 0.241, data_time: 0.020, memory: 8298, vote_loss: 3.5938, objectness_loss: 0.3454, semantic_loss: 0.3826, center_loss: 0.4760, dir_class_loss: 0.9973, dir_res_loss: 0.7685, size_class_loss: 0.3826, size_res_loss: 0.3051, loss: 7.2511, grad_norm: 8.2475
2026-05-03 17:08:59,749 - mmdet - INFO - Epoch [17][800/1652]	lr: 8.000e-03, eta: 2:09:01, time: 0.236, data_time: 0.015, memory: 8298, vote_loss: 3.4431, objectness_loss: 0.3281, semantic_loss: 0.3721, center_loss: 0.4566, dir_class_loss: 1.0003, dir_res_loss: 0.7172, size_class_loss: 0.3721, size_res_loss: 0.2777, loss: 6.9673, grad_norm: 8.0925
2026-05-03 17:09:11,654 - mmdet - INFO - Epoch [17][850/1652]	lr: 8.000e-03, eta: 2:08:49, time: 0.238, data_time: 0.016, memory: 8298, vote_loss: 3.6232, objectness_loss: 0.3921, semantic_loss: 0.3926, center_loss: 0.4811, dir_class_loss: 1.0007, dir_res_loss: 0.7176, size_class_loss: 0.3926, size_res_loss: 0.3164, loss: 7.3165, grad_norm: 7.9176
2026-05-03 17:09:23,609 - mmdet - INFO - Epoch [17][900/1652]	lr: 8.000e-03, eta: 2:08:37, time: 0.239, data_time: 0.016, memory: 8298, vote_loss: 3.6344, objectness_loss: 0.3446, semantic_loss: 0.4189, center_loss: 0.4702, dir_class_loss: 0.9528, dir_res_loss: 0.6621, size_class_loss: 0.4189, size_res_loss: 0.2766, loss: 7.1785, grad_norm: 7.3764
2026-05-03 17:09:35,512 - mmdet - INFO - Epoch [17][950/1652]	lr: 8.000e-03, eta: 2:08:24, time: 0.238, data_time: 0.016, memory: 8298, vote_loss: 3.3641, objectness_loss: 0.3507, semantic_loss: 0.3949, center_loss: 0.4923, dir_class_loss: 0.9332, dir_res_loss: 0.6933, size_class_loss: 0.3949, size_res_loss: 0.2763, loss: 6.8997, grad_norm: 7.8093
2026-05-03 17:09:47,381 - mmdet - INFO - Epoch [17][1000/1652]	lr: 8.000e-03, eta: 2:08:12, time: 0.237, data_time: 0.015, memory: 8298, vote_loss: 3.7266, objectness_loss: 0.3748, semantic_loss: 0.4179, center_loss: 0.5070, dir_class_loss: 0.9780, dir_res_loss: 0.7301, size_class_loss: 0.4179, size_res_loss: 0.2778, loss: 7.4300, grad_norm: 8.5654
2026-05-03 17:09:59,211 - mmdet - INFO - Epoch [17][1050/1652]	lr: 8.000e-03, eta: 2:08:00, time: 0.237, data_time: 0.014, memory: 8298, vote_loss: 3.5978, objectness_loss: 0.3683, semantic_loss: 0.4262, center_loss: 0.4978, dir_class_loss: 0.9410, dir_res_loss: 0.7673, size_class_loss: 0.4261, size_res_loss: 0.2661, loss: 7.2905, grad_norm: 7.9752
2026-05-03 17:10:11,160 - mmdet - INFO - Epoch [17][1100/1652]	lr: 8.000e-03, eta: 2:07:48, time: 0.239, data_time: 0.016, memory: 8298, vote_loss: 3.4424, objectness_loss: 0.4022, semantic_loss: 0.4197, center_loss: 0.4641, dir_class_loss: 0.8856, dir_res_loss: 0.6096, size_class_loss: 0.4196, size_res_loss: 0.2789, loss: 6.9222, grad_norm: 8.2160
2026-05-03 17:10:23,106 - mmdet - INFO - Epoch [17][1150/1652]	lr: 8.000e-03, eta: 2:07:36, time: 0.239, data_time: 0.016, memory: 8298, vote_loss: 3.4814, objectness_loss: 0.3980, semantic_loss: 0.4360, center_loss: 0.4881, dir_class_loss: 0.9497, dir_res_loss: 0.7344, size_class_loss: 0.4360, size_res_loss: 0.2859, loss: 7.2096, grad_norm: 8.4881
2026-05-03 17:10:35,005 - mmdet - INFO - Epoch [17][1200/1652]	lr: 8.000e-03, eta: 2:07:24, time: 0.238, data_time: 0.016, memory: 8298, vote_loss: 3.6446, objectness_loss: 0.3985, semantic_loss: 0.3445, center_loss: 0.4962, dir_class_loss: 0.9341, dir_res_loss: 0.7213, size_class_loss: 0.3445, size_res_loss: 0.2856, loss: 7.1693, grad_norm: 7.6112
2026-05-03 17:10:46,856 - mmdet - INFO - Epoch [17][1250/1652]	lr: 8.000e-03, eta: 2:07:12, time: 0.237, data_time: 0.015, memory: 8298, vote_loss: 3.4556, objectness_loss: 0.3734, semantic_loss: 0.3516, center_loss: 0.4870, dir_class_loss: 1.0060, dir_res_loss: 0.6749, size_class_loss: 0.3516, size_res_loss: 0.2915, loss: 6.9916, grad_norm: 7.6966
2026-05-03 17:10:58,667 - mmdet - INFO - Epoch [17][1300/1652]	lr: 8.000e-03, eta: 2:06:59, time: 0.236, data_time: 0.015, memory: 8298, vote_loss: 3.5583, objectness_loss: 0.3773, semantic_loss: 0.4046, center_loss: 0.4981, dir_class_loss: 0.9518, dir_res_loss: 0.7467, size_class_loss: 0.4046, size_res_loss: 0.2954, loss: 7.2368, grad_norm: 7.6914
2026-05-03 17:11:10,464 - mmdet - INFO - Epoch [17][1350/1652]	lr: 8.000e-03, eta: 2:06:47, time: 0.236, data_time: 0.015, memory: 8298, vote_loss: 3.3783, objectness_loss: 0.3405, semantic_loss: 0.3664, center_loss: 0.4614, dir_class_loss: 0.9193, dir_res_loss: 0.7340, size_class_loss: 0.3664, size_res_loss: 0.3050, loss: 6.8713, grad_norm: 8.1202
2026-05-03 17:11:22,306 - mmdet - INFO - Epoch [17][1400/1652]	lr: 8.000e-03, eta: 2:06:35, time: 0.237, data_time: 0.016, memory: 8298, vote_loss: 3.4393, objectness_loss: 0.3658, semantic_loss: 0.4162, center_loss: 0.4987, dir_class_loss: 0.9449, dir_res_loss: 0.7195, size_class_loss: 0.4162, size_res_loss: 0.2952, loss: 7.0958, grad_norm: 8.1509
2026-05-03 17:11:34,158 - mmdet - INFO - Epoch [17][1450/1652]	lr: 8.000e-03, eta: 2:06:23, time: 0.237, data_time: 0.015, memory: 8298, vote_loss: 3.6712, objectness_loss: 0.3603, semantic_loss: 0.3579, center_loss: 0.4775, dir_class_loss: 0.9230, dir_res_loss: 0.6953, size_class_loss: 0.3579, size_res_loss: 0.2972, loss: 7.1403, grad_norm: 8.1501
2026-05-03 17:11:46,025 - mmdet - INFO - Epoch [17][1500/1652]	lr: 8.000e-03, eta: 2:06:11, time: 0.237, data_time: 0.015, memory: 8298, vote_loss: 3.6261, objectness_loss: 0.3730, semantic_loss: 0.3657, center_loss: 0.5131, dir_class_loss: 0.8850, dir_res_loss: 0.6518, size_class_loss: 0.3657, size_res_loss: 0.3058, loss: 7.0863, grad_norm: 8.9015
2026-05-03 17:11:57,914 - mmdet - INFO - Epoch [17][1550/1652]	lr: 8.000e-03, eta: 2:05:59, time: 0.238, data_time: 0.016, memory: 8298, vote_loss: 3.4018, objectness_loss: 0.3626, semantic_loss: 0.3699, center_loss: 0.4757, dir_class_loss: 0.9335, dir_res_loss: 0.6710, size_class_loss: 0.3699, size_res_loss: 0.2784, loss: 6.8630, grad_norm: 8.0389
2026-05-03 17:12:09,774 - mmdet - INFO - Epoch [17][1600/1652]	lr: 8.000e-03, eta: 2:05:46, time: 0.237, data_time: 0.016, memory: 8298, vote_loss: 3.6162, objectness_loss: 0.3552, semantic_loss: 0.4146, center_loss: 0.5069, dir_class_loss: 1.0401, dir_res_loss: 0.7348, size_class_loss: 0.4146, size_res_loss: 0.2849, loss: 7.3674, grad_norm: 8.4246
2026-05-03 17:12:21,706 - mmdet - INFO - Epoch [17][1650/1652]	lr: 8.000e-03, eta: 2:05:34, time: 0.239, data_time: 0.016, memory: 8298, vote_loss: 3.4515, objectness_loss: 0.3804, semantic_loss: 0.3859, center_loss: 0.4993, dir_class_loss: 0.9507, dir_res_loss: 0.6620, size_class_loss: 0.3859, size_res_loss: 0.2607, loss: 6.9762, grad_norm: 7.5511
2026-05-03 17:12:22,240 - mmdet - INFO - Saving checkpoint at 17 epochs
2026-05-03 17:12:37,031 - mmdet - INFO - Epoch [18][50/1652]	lr: 8.000e-03, eta: 2:05:24, time: 0.295, data_time: 0.072, memory: 8298, vote_loss: 3.4224, objectness_loss: 0.3480, semantic_loss: 0.3890, center_loss: 0.4502, dir_class_loss: 0.9506, dir_res_loss: 0.7036, size_class_loss: 0.3890, size_res_loss: 0.2854, loss: 6.9384, grad_norm: 7.4365
2026-05-03 17:12:49,017 - mmdet - INFO - Epoch [18][100/1652]	lr: 8.000e-03, eta: 2:05:12, time: 0.240, data_time: 0.016, memory: 8298, vote_loss: 3.5752, objectness_loss: 0.3670, semantic_loss: 0.3548, center_loss: 0.4465, dir_class_loss: 0.9431, dir_res_loss: 0.6705, size_class_loss: 0.3548, size_res_loss: 0.2928, loss: 7.0047, grad_norm: 7.6928
2026-05-03 17:13:00,914 - mmdet - INFO - Epoch [18][150/1652]	lr: 8.000e-03, eta: 2:05:00, time: 0.238, data_time: 0.016, memory: 8298, vote_loss: 3.4798, objectness_loss: 0.3588, semantic_loss: 0.3710, center_loss: 0.4846, dir_class_loss: 1.0147, dir_res_loss: 0.7497, size_class_loss: 0.3710, size_res_loss: 0.2850, loss: 7.1146, grad_norm: 8.0928
2026-05-03 17:13:12,869 - mmdet - INFO - Epoch [18][200/1652]	lr: 8.000e-03, eta: 2:04:48, time: 0.239, data_time: 0.016, memory: 8298, vote_loss: 3.5789, objectness_loss: 0.3544, semantic_loss: 0.3533, center_loss: 0.5003, dir_class_loss: 0.9723, dir_res_loss: 0.7073, size_class_loss: 0.3533, size_res_loss: 0.3105, loss: 7.1303, grad_norm: 8.2153
2026-05-03 17:13:24,788 - mmdet - INFO - Epoch [18][250/1652]	lr: 8.000e-03, eta: 2:04:36, time: 0.238, data_time: 0.015, memory: 8298, vote_loss: 3.4041, objectness_loss: 0.3467, semantic_loss: 0.3670, center_loss: 0.4660, dir_class_loss: 0.9326, dir_res_loss: 0.6415, size_class_loss: 0.3670, size_res_loss: 0.2827, loss: 6.8076, grad_norm: 7.6995
2026-05-03 17:13:36,755 - mmdet - INFO - Epoch [18][300/1652]	lr: 8.000e-03, eta: 2:04:24, time: 0.239, data_time: 0.016, memory: 8298, vote_loss: 3.5365, objectness_loss: 0.3693, semantic_loss: 0.3881, center_loss: 0.4793, dir_class_loss: 0.9818, dir_res_loss: 0.6568, size_class_loss: 0.3881, size_res_loss: 0.2780, loss: 7.0779, grad_norm: 7.9559
2026-05-03 17:13:48,731 - mmdet - INFO - Epoch [18][350/1652]	lr: 8.000e-03, eta: 2:04:12, time: 0.240, data_time: 0.016, memory: 8298, vote_loss: 3.5457, objectness_loss: 0.3860, semantic_loss: 0.4404, center_loss: 0.5099, dir_class_loss: 0.9559, dir_res_loss: 0.7168, size_class_loss: 0.4404, size_res_loss: 0.2533, loss: 7.2485, grad_norm: 8.0930
2026-05-03 17:14:00,634 - mmdet - INFO - Epoch [18][400/1652]	lr: 8.000e-03, eta: 2:04:00, time: 0.238, data_time: 0.016, memory: 8298, vote_loss: 3.4716, objectness_loss: 0.3532, semantic_loss: 0.3760, center_loss: 0.5271, dir_class_loss: 0.9591, dir_res_loss: 0.7397, size_class_loss: 0.3760, size_res_loss: 0.2756, loss: 7.0782, grad_norm: 7.6078
2026-05-03 17:14:12,518 - mmdet - INFO - Epoch [18][450/1652]	lr: 8.000e-03, eta: 2:03:48, time: 0.238, data_time: 0.016, memory: 8298, vote_loss: 3.4709, objectness_loss: 0.3559, semantic_loss: 0.4089, center_loss: 0.4598, dir_class_loss: 0.9575, dir_res_loss: 0.6540, size_class_loss: 0.4089, size_res_loss: 0.2722, loss: 6.9880, grad_norm: 8.0827
2026-05-03 17:14:24,493 - mmdet - INFO - Epoch [18][500/1652]	lr: 8.000e-03, eta: 2:03:36, time: 0.240, data_time: 0.016, memory: 8298, vote_loss: 3.4936, objectness_loss: 0.4010, semantic_loss: 0.4373, center_loss: 0.4758, dir_class_loss: 0.8621, dir_res_loss: 0.7565, size_class_loss: 0.4373, size_res_loss: 0.2569, loss: 7.1204, grad_norm: 8.0726
2026-05-03 17:14:36,414 - mmdet - INFO - Epoch [18][550/1652]	lr: 8.000e-03, eta: 2:03:24, time: 0.238, data_time: 0.016, memory: 8298, vote_loss: 3.5204, objectness_loss: 0.3533, semantic_loss: 0.3406, center_loss: 0.4841, dir_class_loss: 0.8962, dir_res_loss: 0.6317, size_class_loss: 0.3406, size_res_loss: 0.2696, loss: 6.8366, grad_norm: 7.9167
2026-05-03 17:14:48,267 - mmdet - INFO - Epoch [18][600/1652]	lr: 8.000e-03, eta: 2:03:11, time: 0.237, data_time: 0.015, memory: 8298, vote_loss: 3.6161, objectness_loss: 0.3627, semantic_loss: 0.4088, center_loss: 0.4927, dir_class_loss: 0.8889, dir_res_loss: 0.6599, size_class_loss: 0.4088, size_res_loss: 0.2857, loss: 7.1236, grad_norm: 8.5074
2026-05-03 17:15:00,156 - mmdet - INFO - Epoch [18][650/1652]	lr: 8.000e-03, eta: 2:02:59, time: 0.238, data_time: 0.015, memory: 8298, vote_loss: 3.6271, objectness_loss: 0.3509, semantic_loss: 0.4086, center_loss: 0.4769, dir_class_loss: 1.0064, dir_res_loss: 0.6616, size_class_loss: 0.4086, size_res_loss: 0.2918, loss: 7.2319, grad_norm: 8.0737
2026-05-03 17:15:12,077 - mmdet - INFO - Epoch [18][700/1652]	lr: 8.000e-03, eta: 2:02:47, time: 0.238, data_time: 0.016, memory: 8298, vote_loss: 3.4750, objectness_loss: 0.3599, semantic_loss: 0.4124, center_loss: 0.4606, dir_class_loss: 0.9232, dir_res_loss: 0.6886, size_class_loss: 0.4124, size_res_loss: 0.3188, loss: 7.0510, grad_norm: 8.0757
2026-05-03 17:15:24,037 - mmdet - INFO - Epoch [18][750/1652]	lr: 8.000e-03, eta: 2:02:35, time: 0.239, data_time: 0.016, memory: 8298, vote_loss: 3.6333, objectness_loss: 0.3655, semantic_loss: 0.4319, center_loss: 0.5356, dir_class_loss: 0.9796, dir_res_loss: 0.6793, size_class_loss: 0.4319, size_res_loss: 0.3075, loss: 7.3646, grad_norm: 7.6466
2026-05-03 17:15:35,942 - mmdet - INFO - Epoch [18][800/1652]	lr: 8.000e-03, eta: 2:02:23, time: 0.238, data_time: 0.016, memory: 8298, vote_loss: 3.5320, objectness_loss: 0.3548, semantic_loss: 0.3817, center_loss: 0.5146, dir_class_loss: 0.9610, dir_res_loss: 0.8296, size_class_loss: 0.3817, size_res_loss: 0.2780, loss: 7.2333, grad_norm: 8.4438
2026-05-03 17:15:47,903 - mmdet - INFO - Epoch [18][850/1652]	lr: 8.000e-03, eta: 2:02:11, time: 0.239, data_time: 0.016, memory: 8298, vote_loss: 3.5882, objectness_loss: 0.3438, semantic_loss: 0.4298, center_loss: 0.4864, dir_class_loss: 0.9657, dir_res_loss: 0.7073, size_class_loss: 0.4298, size_res_loss: 0.2860, loss: 7.2370, grad_norm: 7.6927
2026-05-03 17:15:59,816 - mmdet - INFO - Epoch [18][900/1652]	lr: 8.000e-03, eta: 2:01:59, time: 0.238, data_time: 0.016, memory: 8298, vote_loss: 3.4119, objectness_loss: 0.3815, semantic_loss: 0.3838, center_loss: 0.5043, dir_class_loss: 0.9716, dir_res_loss: 0.6564, size_class_loss: 0.3838, size_res_loss: 0.2696, loss: 6.9629, grad_norm: 8.2094
2026-05-03 17:16:11,723 - mmdet - INFO - Epoch [18][950/1652]	lr: 8.000e-03, eta: 2:01:47, time: 0.238, data_time: 0.016, memory: 8298, vote_loss: 3.5631, objectness_loss: 0.3495, semantic_loss: 0.3768, center_loss: 0.4567, dir_class_loss: 0.9775, dir_res_loss: 0.7610, size_class_loss: 0.3768, size_res_loss: 0.2691, loss: 7.1305, grad_norm: 7.7297
2026-05-03 17:16:23,645 - mmdet - INFO - Epoch [18][1000/1652]	lr: 8.000e-03, eta: 2:01:35, time: 0.238, data_time: 0.016, memory: 8298, vote_loss: 3.4441, objectness_loss: 0.3704, semantic_loss: 0.3906, center_loss: 0.4741, dir_class_loss: 0.9676, dir_res_loss: 0.7036, size_class_loss: 0.3906, size_res_loss: 0.2918, loss: 7.0329, grad_norm: 8.2324
2026-05-03 17:16:35,583 - mmdet - INFO - Epoch [18][1050/1652]	lr: 8.000e-03, eta: 2:01:23, time: 0.239, data_time: 0.016, memory: 8298, vote_loss: 3.7017, objectness_loss: 0.3321, semantic_loss: 0.4073, center_loss: 0.4738, dir_class_loss: 0.9500, dir_res_loss: 0.6962, size_class_loss: 0.4073, size_res_loss: 0.2770, loss: 7.2454, grad_norm: 8.1942
2026-05-03 17:16:47,516 - mmdet - INFO - Epoch [18][1100/1652]	lr: 8.000e-03, eta: 2:01:11, time: 0.239, data_time: 0.016, memory: 8298, vote_loss: 3.5414, objectness_loss: 0.3791, semantic_loss: 0.4306, center_loss: 0.4849, dir_class_loss: 0.9321, dir_res_loss: 0.7005, size_class_loss: 0.4306, size_res_loss: 0.2650, loss: 7.1642, grad_norm: 8.0182
2026-05-03 17:16:59,467 - mmdet - INFO - Epoch [18][1150/1652]	lr: 8.000e-03, eta: 2:00:58, time: 0.239, data_time: 0.016, memory: 8298, vote_loss: 3.4253, objectness_loss: 0.3637, semantic_loss: 0.3885, center_loss: 0.4416, dir_class_loss: 0.9630, dir_res_loss: 0.6672, size_class_loss: 0.3885, size_res_loss: 0.2980, loss: 6.9358, grad_norm: 8.0289
2026-05-03 17:17:11,472 - mmdet - INFO - Epoch [18][1200/1652]	lr: 8.000e-03, eta: 2:00:46, time: 0.240, data_time: 0.016, memory: 8298, vote_loss: 3.4848, objectness_loss: 0.3765, semantic_loss: 0.3742, center_loss: 0.5007, dir_class_loss: 0.9592, dir_res_loss: 0.7296, size_class_loss: 0.3742, size_res_loss: 0.2933, loss: 7.0925, grad_norm: 7.9095
2026-05-03 17:17:23,334 - mmdet - INFO - Epoch [18][1250/1652]	lr: 8.000e-03, eta: 2:00:34, time: 0.237, data_time: 0.016, memory: 8298, vote_loss: 3.7470, objectness_loss: 0.3569, semantic_loss: 0.4057, center_loss: 0.4971, dir_class_loss: 0.9718, dir_res_loss: 0.6929, size_class_loss: 0.4057, size_res_loss: 0.3020, loss: 7.3792, grad_norm: 7.7229
2026-05-03 17:17:35,265 - mmdet - INFO - Epoch [18][1300/1652]	lr: 8.000e-03, eta: 2:00:22, time: 0.239, data_time: 0.016, memory: 8298, vote_loss: 3.5155, objectness_loss: 0.3580, semantic_loss: 0.4131, center_loss: 0.4623, dir_class_loss: 0.9597, dir_res_loss: 0.7338, size_class_loss: 0.4131, size_res_loss: 0.3036, loss: 7.1590, grad_norm: 7.6392
2026-05-03 17:17:47,187 - mmdet - INFO - Epoch [18][1350/1652]	lr: 8.000e-03, eta: 2:00:10, time: 0.238, data_time: 0.016, memory: 8298, vote_loss: 3.5059, objectness_loss: 0.3642, semantic_loss: 0.4217, center_loss: 0.4852, dir_class_loss: 0.9361, dir_res_loss: 0.7132, size_class_loss: 0.4217, size_res_loss: 0.2831, loss: 7.1314, grad_norm: 8.0700
2026-05-03 17:17:59,166 - mmdet - INFO - Epoch [18][1400/1652]	lr: 8.000e-03, eta: 1:59:58, time: 0.240, data_time: 0.016, memory: 8298, vote_loss: 3.4389, objectness_loss: 0.3749, semantic_loss: 0.3630, center_loss: 0.4704, dir_class_loss: 0.9535, dir_res_loss: 0.6877, size_class_loss: 0.3630, size_res_loss: 0.2806, loss: 6.9321, grad_norm: 7.8315
2026-05-03 17:18:11,075 - mmdet - INFO - Epoch [18][1450/1652]	lr: 8.000e-03, eta: 1:59:46, time: 0.238, data_time: 0.016, memory: 8298, vote_loss: 3.4420, objectness_loss: 0.3605, semantic_loss: 0.3821, center_loss: 0.4746, dir_class_loss: 0.8280, dir_res_loss: 0.5919, size_class_loss: 0.3821, size_res_loss: 0.2867, loss: 6.7477, grad_norm: 7.9349
2026-05-03 17:18:22,965 - mmdet - INFO - Epoch [18][1500/1652]	lr: 8.000e-03, eta: 1:59:34, time: 0.238, data_time: 0.016, memory: 8298, vote_loss: 3.3504, objectness_loss: 0.3629, semantic_loss: 0.4210, center_loss: 0.4761, dir_class_loss: 0.9834, dir_res_loss: 0.7102, size_class_loss: 0.4210, size_res_loss: 0.2889, loss: 7.0140, grad_norm: 8.6767
2026-05-03 17:18:34,862 - mmdet - INFO - Epoch [18][1550/1652]	lr: 8.000e-03, eta: 1:59:22, time: 0.238, data_time: 0.016, memory: 8298, vote_loss: 3.5755, objectness_loss: 0.3734, semantic_loss: 0.4061, center_loss: 0.5071, dir_class_loss: 0.8992, dir_res_loss: 0.6849, size_class_loss: 0.4061, size_res_loss: 0.2750, loss: 7.1273, grad_norm: 8.9179
2026-05-03 17:18:46,750 - mmdet - INFO - Epoch [18][1600/1652]	lr: 8.000e-03, eta: 1:59:10, time: 0.238, data_time: 0.016, memory: 8298, vote_loss: 3.6719, objectness_loss: 0.3791, semantic_loss: 0.3972, center_loss: 0.4900, dir_class_loss: 0.9415, dir_res_loss: 0.6829, size_class_loss: 0.3972, size_res_loss: 0.2715, loss: 7.2313, grad_norm: 8.2608
2026-05-03 17:18:58,567 - mmdet - INFO - Epoch [18][1650/1652]	lr: 8.000e-03, eta: 1:58:58, time: 0.236, data_time: 0.015, memory: 8298, vote_loss: 3.5707, objectness_loss: 0.3867, semantic_loss: 0.4277, center_loss: 0.4966, dir_class_loss: 0.8975, dir_res_loss: 0.7074, size_class_loss: 0.4277, size_res_loss: 0.2923, loss: 7.2067, grad_norm: 8.6761
2026-05-03 17:18:59,088 - mmdet - INFO - Saving checkpoint at 18 epochs
2026-05-03 17:19:14,004 - mmdet - INFO - Epoch [19][50/1652]	lr: 8.000e-03, eta: 1:58:47, time: 0.297, data_time: 0.071, memory: 8298, vote_loss: 3.4638, objectness_loss: 0.3762, semantic_loss: 0.3960, center_loss: 0.4580, dir_class_loss: 0.8964, dir_res_loss: 0.6957, size_class_loss: 0.3960, size_res_loss: 0.3320, loss: 7.0142, grad_norm: 7.4024
2026-05-03 17:19:25,925 - mmdet - INFO - Epoch [19][100/1652]	lr: 8.000e-03, eta: 1:58:35, time: 0.238, data_time: 0.016, memory: 8298, vote_loss: 3.3851, objectness_loss: 0.3699, semantic_loss: 0.4052, center_loss: 0.4865, dir_class_loss: 0.9120, dir_res_loss: 0.6849, size_class_loss: 0.4052, size_res_loss: 0.2923, loss: 6.9410, grad_norm: 7.8390
2026-05-03 17:19:37,926 - mmdet - INFO - Epoch [19][150/1652]	lr: 8.000e-03, eta: 1:58:23, time: 0.240, data_time: 0.016, memory: 8298, vote_loss: 3.5678, objectness_loss: 0.3766, semantic_loss: 0.3961, center_loss: 0.4946, dir_class_loss: 0.9688, dir_res_loss: 0.7029, size_class_loss: 0.3961, size_res_loss: 0.2823, loss: 7.1852, grad_norm: 7.6846
2026-05-03 17:19:50,042 - mmdet - INFO - Epoch [19][200/1652]	lr: 8.000e-03, eta: 1:58:11, time: 0.242, data_time: 0.020, memory: 8298, vote_loss: 3.5213, objectness_loss: 0.3548, semantic_loss: 0.3711, center_loss: 0.4703, dir_class_loss: 0.8625, dir_res_loss: 0.6808, size_class_loss: 0.3711, size_res_loss: 0.2677, loss: 6.8996, grad_norm: 7.9281
2026-05-03 17:20:01,988 - mmdet - INFO - Epoch [19][250/1652]	lr: 8.000e-03, eta: 1:57:59, time: 0.239, data_time: 0.016, memory: 8298, vote_loss: 3.4045, objectness_loss: 0.3555, semantic_loss: 0.3600, center_loss: 0.4818, dir_class_loss: 0.9056, dir_res_loss: 0.6437, size_class_loss: 0.3600, size_res_loss: 0.2947, loss: 6.8057, grad_norm: 7.6187
2026-05-03 17:20:13,871 - mmdet - INFO - Epoch [19][300/1652]	lr: 8.000e-03, eta: 1:57:47, time: 0.238, data_time: 0.016, memory: 8298, vote_loss: 3.4427, objectness_loss: 0.3430, semantic_loss: 0.4107, center_loss: 0.4852, dir_class_loss: 0.9610, dir_res_loss: 0.7358, size_class_loss: 0.4106, size_res_loss: 0.2691, loss: 7.0581, grad_norm: 8.9654
2026-05-03 17:20:25,753 - mmdet - INFO - Epoch [19][350/1652]	lr: 8.000e-03, eta: 1:57:35, time: 0.238, data_time: 0.016, memory: 8298, vote_loss: 3.6763, objectness_loss: 0.3743, semantic_loss: 0.4353, center_loss: 0.5205, dir_class_loss: 1.0136, dir_res_loss: 0.7094, size_class_loss: 0.4353, size_res_loss: 0.2682, loss: 7.4328, grad_norm: 8.5661
2026-05-03 17:20:37,710 - mmdet - INFO - Epoch [19][400/1652]	lr: 8.000e-03, eta: 1:57:23, time: 0.239, data_time: 0.016, memory: 8298, vote_loss: 3.4770, objectness_loss: 0.3574, semantic_loss: 0.3505, center_loss: 0.5164, dir_class_loss: 0.9558, dir_res_loss: 0.7373, size_class_loss: 0.3505, size_res_loss: 0.2851, loss: 7.0298, grad_norm: 8.0615
2026-05-03 17:20:49,666 - mmdet - INFO - Epoch [19][450/1652]	lr: 8.000e-03, eta: 1:57:11, time: 0.239, data_time: 0.016, memory: 8298, vote_loss: 3.5161, objectness_loss: 0.3771, semantic_loss: 0.3653, center_loss: 0.4745, dir_class_loss: 0.9627, dir_res_loss: 0.6814, size_class_loss: 0.3653, size_res_loss: 0.2914, loss: 7.0339, grad_norm: 7.5787
2026-05-03 17:21:01,596 - mmdet - INFO - Epoch [19][500/1652]	lr: 8.000e-03, eta: 1:56:59, time: 0.239, data_time: 0.016, memory: 8298, vote_loss: 3.5776, objectness_loss: 0.3562, semantic_loss: 0.3614, center_loss: 0.4643, dir_class_loss: 0.9806, dir_res_loss: 0.6810, size_class_loss: 0.3614, size_res_loss: 0.2900, loss: 7.0725, grad_norm: 7.9742
2026-05-03 17:21:13,552 - mmdet - INFO - Epoch [19][550/1652]	lr: 8.000e-03, eta: 1:56:47, time: 0.239, data_time: 0.016, memory: 8298, vote_loss: 3.5796, objectness_loss: 0.3497, semantic_loss: 0.3835, center_loss: 0.4348, dir_class_loss: 0.8831, dir_res_loss: 0.6389, size_class_loss: 0.3835, size_res_loss: 0.2874, loss: 6.9403, grad_norm: 7.8524
2026-05-03 17:21:25,538 - mmdet - INFO - Epoch [19][600/1652]	lr: 8.000e-03, eta: 1:56:35, time: 0.240, data_time: 0.017, memory: 8298, vote_loss: 3.3574, objectness_loss: 0.3554, semantic_loss: 0.3752, center_loss: 0.4751, dir_class_loss: 0.8636, dir_res_loss: 0.7245, size_class_loss: 0.3752, size_res_loss: 0.3022, loss: 6.8286, grad_norm: 7.9805
2026-05-03 17:21:37,421 - mmdet - INFO - Epoch [19][650/1652]	lr: 8.000e-03, eta: 1:56:23, time: 0.238, data_time: 0.016, memory: 8298, vote_loss: 3.6646, objectness_loss: 0.3520, semantic_loss: 0.3500, center_loss: 0.4615, dir_class_loss: 1.0260, dir_res_loss: 0.7349, size_class_loss: 0.3500, size_res_loss: 0.2723, loss: 7.2113, grad_norm: 8.2261
2026-05-03 17:21:49,381 - mmdet - INFO - Epoch [19][700/1652]	lr: 8.000e-03, eta: 1:56:11, time: 0.239, data_time: 0.016, memory: 8298, vote_loss: 3.4238, objectness_loss: 0.3603, semantic_loss: 0.3482, center_loss: 0.4757, dir_class_loss: 0.9762, dir_res_loss: 0.7699, size_class_loss: 0.3482, size_res_loss: 0.2664, loss: 6.9688, grad_norm: 7.8179
2026-05-03 17:22:01,334 - mmdet - INFO - Epoch [19][750/1652]	lr: 8.000e-03, eta: 1:55:59, time: 0.239, data_time: 0.016, memory: 8298, vote_loss: 3.4380, objectness_loss: 0.3638, semantic_loss: 0.3402, center_loss: 0.4844, dir_class_loss: 0.9469, dir_res_loss: 0.7715, size_class_loss: 0.3402, size_res_loss: 0.2318, loss: 6.9168, grad_norm: 8.1748
2026-05-03 17:22:13,253 - mmdet - INFO - Epoch [19][800/1652]	lr: 8.000e-03, eta: 1:55:47, time: 0.238, data_time: 0.016, memory: 8298, vote_loss: 3.5836, objectness_loss: 0.3569, semantic_loss: 0.4166, center_loss: 0.4998, dir_class_loss: 0.9143, dir_res_loss: 0.5756, size_class_loss: 0.4166, size_res_loss: 0.3113, loss: 7.0746, grad_norm: 7.7354
2026-05-03 17:22:25,201 - mmdet - INFO - Epoch [19][850/1652]	lr: 8.000e-03, eta: 1:55:34, time: 0.239, data_time: 0.016, memory: 8298, vote_loss: 3.3039, objectness_loss: 0.3484, semantic_loss: 0.3537, center_loss: 0.4667, dir_class_loss: 0.9048, dir_res_loss: 0.7351, size_class_loss: 0.3537, size_res_loss: 0.2591, loss: 6.7253, grad_norm: 8.0505
2026-05-03 17:22:37,192 - mmdet - INFO - Epoch [19][900/1652]	lr: 8.000e-03, eta: 1:55:22, time: 0.240, data_time: 0.016, memory: 8298, vote_loss: 3.4354, objectness_loss: 0.3629, semantic_loss: 0.4025, center_loss: 0.4585, dir_class_loss: 0.9344, dir_res_loss: 0.7053, size_class_loss: 0.4025, size_res_loss: 0.2690, loss: 6.9704, grad_norm: 7.8497
2026-05-03 17:22:49,092 - mmdet - INFO - Epoch [19][950/1652]	lr: 8.000e-03, eta: 1:55:10, time: 0.238, data_time: 0.016, memory: 8298, vote_loss: 3.5382, objectness_loss: 0.3385, semantic_loss: 0.3382, center_loss: 0.4781, dir_class_loss: 0.9232, dir_res_loss: 0.6568, size_class_loss: 0.3382, size_res_loss: 0.2932, loss: 6.9044, grad_norm: 8.4512
2026-05-03 17:23:01,058 - mmdet - INFO - Epoch [19][1000/1652]	lr: 8.000e-03, eta: 1:54:58, time: 0.239, data_time: 0.016, memory: 8298, vote_loss: 3.4376, objectness_loss: 0.3527, semantic_loss: 0.3646, center_loss: 0.4896, dir_class_loss: 0.8944, dir_res_loss: 0.6429, size_class_loss: 0.3646, size_res_loss: 0.2816, loss: 6.8282, grad_norm: 8.1564
2026-05-03 17:23:13,013 - mmdet - INFO - Epoch [19][1050/1652]	lr: 8.000e-03, eta: 1:54:46, time: 0.239, data_time: 0.016, memory: 8298, vote_loss: 3.4868, objectness_loss: 0.3575, semantic_loss: 0.4027, center_loss: 0.4836, dir_class_loss: 0.9307, dir_res_loss: 0.6678, size_class_loss: 0.4027, size_res_loss: 0.2920, loss: 7.0238, grad_norm: 7.8081
2026-05-03 17:23:24,908 - mmdet - INFO - Epoch [19][1100/1652]	lr: 8.000e-03, eta: 1:54:34, time: 0.238, data_time: 0.016, memory: 8298, vote_loss: 3.4020, objectness_loss: 0.3683, semantic_loss: 0.4381, center_loss: 0.5576, dir_class_loss: 0.9434, dir_res_loss: 0.6637, size_class_loss: 0.4381, size_res_loss: 0.3019, loss: 7.1129, grad_norm: 7.8499
2026-05-03 17:23:36,766 - mmdet - INFO - Epoch [19][1150/1652]	lr: 8.000e-03, eta: 1:54:22, time: 0.237, data_time: 0.016, memory: 8298, vote_loss: 3.5518, objectness_loss: 0.3545, semantic_loss: 0.3804, center_loss: 0.5014, dir_class_loss: 0.8601, dir_res_loss: 0.6968, size_class_loss: 0.3804, size_res_loss: 0.2791, loss: 7.0046, grad_norm: 8.8394
2026-05-03 17:23:48,642 - mmdet - INFO - Epoch [19][1200/1652]	lr: 8.000e-03, eta: 1:54:10, time: 0.238, data_time: 0.016, memory: 8298, vote_loss: 3.4739, objectness_loss: 0.3778, semantic_loss: 0.3735, center_loss: 0.5067, dir_class_loss: 1.0118, dir_res_loss: 0.6792, size_class_loss: 0.3735, size_res_loss: 0.2776, loss: 7.0741, grad_norm: 7.9214
2026-05-03 17:24:00,508 - mmdet - INFO - Epoch [19][1250/1652]	lr: 8.000e-03, eta: 1:53:58, time: 0.237, data_time: 0.016, memory: 8298, vote_loss: 3.8271, objectness_loss: 0.3671, semantic_loss: 0.4143, center_loss: 0.5272, dir_class_loss: 0.9236, dir_res_loss: 0.6585, size_class_loss: 0.4143, size_res_loss: 0.3006, loss: 7.4327, grad_norm: 8.0288
2026-05-03 17:24:12,372 - mmdet - INFO - Epoch [19][1300/1652]	lr: 8.000e-03, eta: 1:53:46, time: 0.237, data_time: 0.016, memory: 8298, vote_loss: 3.5198, objectness_loss: 0.3516, semantic_loss: 0.4091, center_loss: 0.5002, dir_class_loss: 0.9154, dir_res_loss: 0.6746, size_class_loss: 0.4091, size_res_loss: 0.2655, loss: 7.0454, grad_norm: 8.1166
2026-05-03 17:24:24,290 - mmdet - INFO - Epoch [19][1350/1652]	lr: 8.000e-03, eta: 1:53:34, time: 0.238, data_time: 0.016, memory: 8298, vote_loss: 3.6630, objectness_loss: 0.3688, semantic_loss: 0.4076, center_loss: 0.4761, dir_class_loss: 0.9444, dir_res_loss: 0.6805, size_class_loss: 0.4076, size_res_loss: 0.2911, loss: 7.2392, grad_norm: 8.0432
2026-05-03 17:24:36,237 - mmdet - INFO - Epoch [19][1400/1652]	lr: 8.000e-03, eta: 1:53:22, time: 0.239, data_time: 0.016, memory: 8298, vote_loss: 3.5761, objectness_loss: 0.3568, semantic_loss: 0.4053, center_loss: 0.4597, dir_class_loss: 0.9675, dir_res_loss: 0.8071, size_class_loss: 0.4053, size_res_loss: 0.3169, loss: 7.2945, grad_norm: 7.6242
2026-05-03 17:24:48,146 - mmdet - INFO - Epoch [19][1450/1652]	lr: 8.000e-03, eta: 1:53:09, time: 0.238, data_time: 0.016, memory: 8298, vote_loss: 3.5664, objectness_loss: 0.3727, semantic_loss: 0.3823, center_loss: 0.5015, dir_class_loss: 0.8839, dir_res_loss: 0.6644, size_class_loss: 0.3823, size_res_loss: 0.2440, loss: 6.9973, grad_norm: 8.1334
2026-05-03 17:25:00,025 - mmdet - INFO - Epoch [19][1500/1652]	lr: 8.000e-03, eta: 1:52:57, time: 0.238, data_time: 0.016, memory: 8298, vote_loss: 3.3355, objectness_loss: 0.3883, semantic_loss: 0.3811, center_loss: 0.4581, dir_class_loss: 0.9523, dir_res_loss: 0.6298, size_class_loss: 0.3811, size_res_loss: 0.2821, loss: 6.8083, grad_norm: 7.5495
2026-05-03 17:25:11,897 - mmdet - INFO - Epoch [19][1550/1652]	lr: 8.000e-03, eta: 1:52:45, time: 0.237, data_time: 0.016, memory: 8298, vote_loss: 3.5281, objectness_loss: 0.3694, semantic_loss: 0.4332, center_loss: 0.4891, dir_class_loss: 0.9968, dir_res_loss: 0.6148, size_class_loss: 0.4332, size_res_loss: 0.3054, loss: 7.1700, grad_norm: 7.6195
2026-05-03 17:25:23,946 - mmdet - INFO - Epoch [19][1600/1652]	lr: 8.000e-03, eta: 1:52:33, time: 0.241, data_time: 0.017, memory: 8298, vote_loss: 3.5596, objectness_loss: 0.3740, semantic_loss: 0.4077, center_loss: 0.4843, dir_class_loss: 0.9215, dir_res_loss: 0.6622, size_class_loss: 0.4077, size_res_loss: 0.3137, loss: 7.1306, grad_norm: 8.2573
2026-05-03 17:25:35,839 - mmdet - INFO - Epoch [19][1650/1652]	lr: 8.000e-03, eta: 1:52:21, time: 0.238, data_time: 0.016, memory: 8298, vote_loss: 3.3327, objectness_loss: 0.3624, semantic_loss: 0.4214, center_loss: 0.4771, dir_class_loss: 0.9639, dir_res_loss: 0.6190, size_class_loss: 0.4214, size_res_loss: 0.2858, loss: 6.8838, grad_norm: 7.8786
2026-05-03 17:25:36,372 - mmdet - INFO - Saving checkpoint at 19 epochs
2026-05-03 17:25:51,066 - mmdet - INFO - Epoch [20][50/1652]	lr: 8.000e-03, eta: 1:52:11, time: 0.293, data_time: 0.070, memory: 8298, vote_loss: 3.4871, objectness_loss: 0.3532, semantic_loss: 0.3775, center_loss: 0.5046, dir_class_loss: 0.9455, dir_res_loss: 0.6810, size_class_loss: 0.3775, size_res_loss: 0.2822, loss: 7.0084, grad_norm: 7.8258
2026-05-03 17:26:03,023 - mmdet - INFO - Epoch [20][100/1652]	lr: 8.000e-03, eta: 1:51:59, time: 0.239, data_time: 0.017, memory: 8298, vote_loss: 3.4592, objectness_loss: 0.3605, semantic_loss: 0.3958, center_loss: 0.4648, dir_class_loss: 0.8925, dir_res_loss: 0.7067, size_class_loss: 0.3958, size_res_loss: 0.3077, loss: 6.9828, grad_norm: 7.6320
2026-05-03 17:26:14,948 - mmdet - INFO - Epoch [20][150/1652]	lr: 8.000e-03, eta: 1:51:46, time: 0.238, data_time: 0.016, memory: 8298, vote_loss: 3.4616, objectness_loss: 0.3364, semantic_loss: 0.3735, center_loss: 0.4439, dir_class_loss: 0.8790, dir_res_loss: 0.6483, size_class_loss: 0.3736, size_res_loss: 0.2982, loss: 6.8146, grad_norm: 7.9080
2026-05-03 17:26:26,949 - mmdet - INFO - Epoch [20][200/1652]	lr: 8.000e-03, eta: 1:51:34, time: 0.240, data_time: 0.016, memory: 8298, vote_loss: 3.4866, objectness_loss: 0.3392, semantic_loss: 0.3594, center_loss: 0.4353, dir_class_loss: 0.9014, dir_res_loss: 0.6447, size_class_loss: 0.3594, size_res_loss: 0.3034, loss: 6.8295, grad_norm: 7.2913
2026-05-03 17:26:38,866 - mmdet - INFO - Epoch [20][250/1652]	lr: 8.000e-03, eta: 1:51:22, time: 0.238, data_time: 0.016, memory: 8298, vote_loss: 3.4448, objectness_loss: 0.3472, semantic_loss: 0.3165, center_loss: 0.4854, dir_class_loss: 0.9066, dir_res_loss: 0.7066, size_class_loss: 0.3165, size_res_loss: 0.2544, loss: 6.7780, grad_norm: 8.5533
2026-05-03 17:26:50,800 - mmdet - INFO - Epoch [20][300/1652]	lr: 8.000e-03, eta: 1:51:10, time: 0.239, data_time: 0.016, memory: 8298, vote_loss: 3.4370, objectness_loss: 0.3492, semantic_loss: 0.4140, center_loss: 0.4687, dir_class_loss: 0.9069, dir_res_loss: 0.6625, size_class_loss: 0.4140, size_res_loss: 0.2601, loss: 6.9123, grad_norm: 7.8012
2026-05-03 17:27:02,810 - mmdet - INFO - Epoch [20][350/1652]	lr: 8.000e-03, eta: 1:50:58, time: 0.240, data_time: 0.016, memory: 8298, vote_loss: 3.5373, objectness_loss: 0.3852, semantic_loss: 0.3803, center_loss: 0.4846, dir_class_loss: 0.9224, dir_res_loss: 0.6858, size_class_loss: 0.3803, size_res_loss: 0.2616, loss: 7.0374, grad_norm: 7.9700
2026-05-03 17:27:14,780 - mmdet - INFO - Epoch [20][400/1652]	lr: 8.000e-03, eta: 1:50:46, time: 0.239, data_time: 0.016, memory: 8298, vote_loss: 3.3857, objectness_loss: 0.3725, semantic_loss: 0.4426, center_loss: 0.4754, dir_class_loss: 0.9927, dir_res_loss: 0.7399, size_class_loss: 0.4426, size_res_loss: 0.2618, loss: 7.1133, grad_norm: 7.9275
2026-05-03 17:27:26,691 - mmdet - INFO - Epoch [20][450/1652]	lr: 8.000e-03, eta: 1:50:34, time: 0.238, data_time: 0.016, memory: 8298, vote_loss: 3.3735, objectness_loss: 0.3748, semantic_loss: 0.3813, center_loss: 0.4359, dir_class_loss: 0.9896, dir_res_loss: 0.8405, size_class_loss: 0.3813, size_res_loss: 0.2561, loss: 7.0331, grad_norm: 7.3702
2026-05-03 17:27:38,627 - mmdet - INFO - Epoch [20][500/1652]	lr: 8.000e-03, eta: 1:50:22, time: 0.239, data_time: 0.016, memory: 8298, vote_loss: 3.4527, objectness_loss: 0.3523, semantic_loss: 0.4060, center_loss: 0.5296, dir_class_loss: 0.8813, dir_res_loss: 0.6628, size_class_loss: 0.4060, size_res_loss: 0.2748, loss: 6.9656, grad_norm: 8.0092
2026-05-03 17:27:50,606 - mmdet - INFO - Epoch [20][550/1652]	lr: 8.000e-03, eta: 1:50:10, time: 0.240, data_time: 0.016, memory: 8298, vote_loss: 3.6037, objectness_loss: 0.3571, semantic_loss: 0.4194, center_loss: 0.5200, dir_class_loss: 0.9634, dir_res_loss: 0.7284, size_class_loss: 0.4194, size_res_loss: 0.3016, loss: 7.3130, grad_norm: 8.2124
2026-05-03 17:28:02,522 - mmdet - INFO - Epoch [20][600/1652]	lr: 8.000e-03, eta: 1:49:58, time: 0.238, data_time: 0.016, memory: 8298, vote_loss: 3.4571, objectness_loss: 0.3465, semantic_loss: 0.3853, center_loss: 0.4659, dir_class_loss: 0.9301, dir_res_loss: 0.6768, size_class_loss: 0.3853, size_res_loss: 0.2505, loss: 6.8975, grad_norm: 7.3185
2026-05-03 17:28:14,346 - mmdet - INFO - Epoch [20][650/1652]	lr: 8.000e-03, eta: 1:49:46, time: 0.236, data_time: 0.016, memory: 8298, vote_loss: 3.4697, objectness_loss: 0.3564, semantic_loss: 0.3980, center_loss: 0.4933, dir_class_loss: 0.8814, dir_res_loss: 0.6211, size_class_loss: 0.3980, size_res_loss: 0.2914, loss: 6.9093, grad_norm: 7.8778
2026-05-03 17:28:26,307 - mmdet - INFO - Epoch [20][700/1652]	lr: 8.000e-03, eta: 1:49:34, time: 0.239, data_time: 0.016, memory: 8298, vote_loss: 3.4382, objectness_loss: 0.3739, semantic_loss: 0.4179, center_loss: 0.4560, dir_class_loss: 0.8995, dir_res_loss: 0.6944, size_class_loss: 0.4179, size_res_loss: 0.2616, loss: 6.9593, grad_norm: 7.6077
2026-05-03 17:28:38,223 - mmdet - INFO - Epoch [20][750/1652]	lr: 8.000e-03, eta: 1:49:22, time: 0.238, data_time: 0.016, memory: 8298, vote_loss: 3.4455, objectness_loss: 0.3672, semantic_loss: 0.3550, center_loss: 0.4577, dir_class_loss: 0.9591, dir_res_loss: 0.6352, size_class_loss: 0.3550, size_res_loss: 0.3059, loss: 6.8805, grad_norm: 7.8720
2026-05-03 17:28:50,224 - mmdet - INFO - Epoch [20][800/1652]	lr: 8.000e-03, eta: 1:49:10, time: 0.240, data_time: 0.017, memory: 8298, vote_loss: 3.4221, objectness_loss: 0.3541, semantic_loss: 0.3624, center_loss: 0.4674, dir_class_loss: 0.9409, dir_res_loss: 0.6864, size_class_loss: 0.3624, size_res_loss: 0.2714, loss: 6.8671, grad_norm: 8.3899
2026-05-03 17:29:02,138 - mmdet - INFO - Epoch [20][850/1652]	lr: 8.000e-03, eta: 1:48:58, time: 0.238, data_time: 0.017, memory: 8298, vote_loss: 3.4705, objectness_loss: 0.3835, semantic_loss: 0.3964, center_loss: 0.5878, dir_class_loss: 0.8265, dir_res_loss: 0.6629, size_class_loss: 0.3964, size_res_loss: 0.2631, loss: 6.9871, grad_norm: 8.2341
2026-05-03 17:29:14,051 - mmdet - INFO - Epoch [20][900/1652]	lr: 8.000e-03, eta: 1:48:46, time: 0.238, data_time: 0.016, memory: 8298, vote_loss: 3.6053, objectness_loss: 0.3380, semantic_loss: 0.3751, center_loss: 0.4608, dir_class_loss: 0.9376, dir_res_loss: 0.6253, size_class_loss: 0.3751, size_res_loss: 0.2815, loss: 6.9986, grad_norm: 7.2679
2026-05-03 17:29:25,996 - mmdet - INFO - Epoch [20][950/1652]	lr: 8.000e-03, eta: 1:48:34, time: 0.239, data_time: 0.016, memory: 8298, vote_loss: 3.4519, objectness_loss: 0.3749, semantic_loss: 0.4694, center_loss: 0.6332, dir_class_loss: 0.9440, dir_res_loss: 0.7002, size_class_loss: 0.4694, size_res_loss: 0.2608, loss: 7.3039, grad_norm: 8.3377
2026-05-03 17:29:37,924 - mmdet - INFO - Epoch [20][1000/1652]	lr: 8.000e-03, eta: 1:48:21, time: 0.239, data_time: 0.016, memory: 8298, vote_loss: 3.6122, objectness_loss: 0.3432, semantic_loss: 0.3703, center_loss: 0.4938, dir_class_loss: 0.8651, dir_res_loss: 0.6376, size_class_loss: 0.3703, size_res_loss: 0.2812, loss: 6.9737, grad_norm: 8.3762
2026-05-03 17:29:49,855 - mmdet - INFO - Epoch [20][1050/1652]	lr: 8.000e-03, eta: 1:48:09, time: 0.239, data_time: 0.016, memory: 8298, vote_loss: 3.5262, objectness_loss: 0.3575, semantic_loss: 0.3949, center_loss: 0.4771, dir_class_loss: 0.9077, dir_res_loss: 0.6800, size_class_loss: 0.3950, size_res_loss: 0.2879, loss: 7.0263, grad_norm: 8.3294
2026-05-03 17:30:01,702 - mmdet - INFO - Epoch [20][1100/1652]	lr: 8.000e-03, eta: 1:47:57, time: 0.237, data_time: 0.016, memory: 8298, vote_loss: 3.4448, objectness_loss: 0.3465, semantic_loss: 0.3705, center_loss: 0.4762, dir_class_loss: 0.9068, dir_res_loss: 0.6782, size_class_loss: 0.3705, size_res_loss: 0.2929, loss: 6.8863, grad_norm: 8.1417
2026-05-03 17:30:13,717 - mmdet - INFO - Epoch [20][1150/1652]	lr: 8.000e-03, eta: 1:47:45, time: 0.240, data_time: 0.016, memory: 8298, vote_loss: 3.5516, objectness_loss: 0.3466, semantic_loss: 0.4337, center_loss: 0.5002, dir_class_loss: 1.0038, dir_res_loss: 0.7379, size_class_loss: 0.4337, size_res_loss: 0.3083, loss: 7.3159, grad_norm: 8.0357
2026-05-03 17:30:25,668 - mmdet - INFO - Epoch [20][1200/1652]	lr: 8.000e-03, eta: 1:47:33, time: 0.239, data_time: 0.016, memory: 8298, vote_loss: 3.3824, objectness_loss: 0.3720, semantic_loss: 0.3426, center_loss: 0.4249, dir_class_loss: 0.8627, dir_res_loss: 0.6791, size_class_loss: 0.3426, size_res_loss: 0.2737, loss: 6.6801, grad_norm: 7.4269
2026-05-03 17:30:37,829 - mmdet - INFO - Epoch [20][1250/1652]	lr: 8.000e-03, eta: 1:47:21, time: 0.243, data_time: 0.020, memory: 8298, vote_loss: 3.3447, objectness_loss: 0.3513, semantic_loss: 0.3763, center_loss: 0.4296, dir_class_loss: 0.9604, dir_res_loss: 0.7103, size_class_loss: 0.3763, size_res_loss: 0.2707, loss: 6.8196, grad_norm: 7.5069
2026-05-03 17:30:49,748 - mmdet - INFO - Epoch [20][1300/1652]	lr: 8.000e-03, eta: 1:47:09, time: 0.238, data_time: 0.016, memory: 8298, vote_loss: 3.6400, objectness_loss: 0.3747, semantic_loss: 0.4013, center_loss: 0.4637, dir_class_loss: 0.9959, dir_res_loss: 0.6956, size_class_loss: 0.4013, size_res_loss: 0.2673, loss: 7.2399, grad_norm: 8.1280
2026-05-03 17:31:01,635 - mmdet - INFO - Epoch [20][1350/1652]	lr: 8.000e-03, eta: 1:46:57, time: 0.238, data_time: 0.016, memory: 8298, vote_loss: 3.6134, objectness_loss: 0.3694, semantic_loss: 0.4113, center_loss: 0.5102, dir_class_loss: 0.8769, dir_res_loss: 0.5713, size_class_loss: 0.4113, size_res_loss: 0.2904, loss: 7.0542, grad_norm: 8.4159
2026-05-03 17:31:13,509 - mmdet - INFO - Epoch [20][1400/1652]	lr: 8.000e-03, eta: 1:46:45, time: 0.237, data_time: 0.016, memory: 8298, vote_loss: 3.4272, objectness_loss: 0.3502, semantic_loss: 0.3800, center_loss: 0.4423, dir_class_loss: 0.9479, dir_res_loss: 0.6234, size_class_loss: 0.3800, size_res_loss: 0.2616, loss: 6.8126, grad_norm: 7.8807
2026-05-03 17:31:25,353 - mmdet - INFO - Epoch [20][1450/1652]	lr: 8.000e-03, eta: 1:46:33, time: 0.237, data_time: 0.016, memory: 8298, vote_loss: 3.3678, objectness_loss: 0.3305, semantic_loss: 0.3424, center_loss: 0.4450, dir_class_loss: 0.9411, dir_res_loss: 0.6764, size_class_loss: 0.3424, size_res_loss: 0.2808, loss: 6.7263, grad_norm: 8.0248
2026-05-03 17:31:37,181 - mmdet - INFO - Epoch [20][1500/1652]	lr: 8.000e-03, eta: 1:46:21, time: 0.237, data_time: 0.016, memory: 8298, vote_loss: 3.4156, objectness_loss: 0.3900, semantic_loss: 0.4301, center_loss: 0.4873, dir_class_loss: 0.8971, dir_res_loss: 0.6411, size_class_loss: 0.4301, size_res_loss: 0.2966, loss: 6.9879, grad_norm: 8.3762
2026-05-03 17:31:48,981 - mmdet - INFO - Epoch [20][1550/1652]	lr: 8.000e-03, eta: 1:46:09, time: 0.236, data_time: 0.016, memory: 8298, vote_loss: 3.3806, objectness_loss: 0.3499, semantic_loss: 0.4163, center_loss: 0.4488, dir_class_loss: 0.9529, dir_res_loss: 0.6101, size_class_loss: 0.4163, size_res_loss: 0.3061, loss: 6.8811, grad_norm: 8.3220
2026-05-03 17:32:00,869 - mmdet - INFO - Epoch [20][1600/1652]	lr: 8.000e-03, eta: 1:45:57, time: 0.238, data_time: 0.016, memory: 8298, vote_loss: 3.4921, objectness_loss: 0.3384, semantic_loss: 0.3835, center_loss: 0.4750, dir_class_loss: 0.8652, dir_res_loss: 0.7036, size_class_loss: 0.3835, size_res_loss: 0.2886, loss: 6.9299, grad_norm: 7.5670
2026-05-03 17:32:12,681 - mmdet - INFO - Epoch [20][1650/1652]	lr: 8.000e-03, eta: 1:45:44, time: 0.236, data_time: 0.016, memory: 8298, vote_loss: 3.4673, objectness_loss: 0.3577, semantic_loss: 0.3680, center_loss: 0.4459, dir_class_loss: 0.9712, dir_res_loss: 0.6561, size_class_loss: 0.3680, size_res_loss: 0.3140, loss: 6.9484, grad_norm: 7.2992
2026-05-03 17:32:13,192 - mmdet - INFO - Saving checkpoint at 20 epochs
2026-05-03 17:32:27,987 - mmdet - INFO - Epoch [21][50/1652]	lr: 8.000e-03, eta: 1:45:34, time: 0.295, data_time: 0.072, memory: 8298, vote_loss: 3.4188, objectness_loss: 0.3732, semantic_loss: 0.3393, center_loss: 0.4506, dir_class_loss: 0.8980, dir_res_loss: 0.7018, size_class_loss: 0.3393, size_res_loss: 0.2612, loss: 6.7823, grad_norm: 7.7615
2026-05-03 17:32:39,915 - mmdet - INFO - Epoch [21][100/1652]	lr: 8.000e-03, eta: 1:45:22, time: 0.239, data_time: 0.016, memory: 8298, vote_loss: 3.3970, objectness_loss: 0.3944, semantic_loss: 0.4504, center_loss: 0.5159, dir_class_loss: 0.9287, dir_res_loss: 0.6683, size_class_loss: 0.4504, size_res_loss: 0.2747, loss: 7.0800, grad_norm: 8.0307
2026-05-03 17:32:51,869 - mmdet - INFO - Epoch [21][150/1652]	lr: 8.000e-03, eta: 1:45:10, time: 0.239, data_time: 0.016, memory: 8298, vote_loss: 3.6505, objectness_loss: 0.3785, semantic_loss: 0.4583, center_loss: 0.5069, dir_class_loss: 0.9799, dir_res_loss: 0.6498, size_class_loss: 0.4583, size_res_loss: 0.2820, loss: 7.3642, grad_norm: 8.2278
2026-05-03 17:33:03,798 - mmdet - INFO - Epoch [21][200/1652]	lr: 8.000e-03, eta: 1:44:58, time: 0.239, data_time: 0.016, memory: 8298, vote_loss: 3.3490, objectness_loss: 0.3686, semantic_loss: 0.3665, center_loss: 0.4660, dir_class_loss: 0.9485, dir_res_loss: 0.7885, size_class_loss: 0.3665, size_res_loss: 0.2759, loss: 6.9295, grad_norm: 7.4865
2026-05-03 17:33:15,839 - mmdet - INFO - Epoch [21][250/1652]	lr: 8.000e-03, eta: 1:44:46, time: 0.241, data_time: 0.016, memory: 8298, vote_loss: 3.5223, objectness_loss: 0.3711, semantic_loss: 0.3770, center_loss: 0.5418, dir_class_loss: 0.9457, dir_res_loss: 0.6238, size_class_loss: 0.3770, size_res_loss: 0.2824, loss: 7.0410, grad_norm: 7.8305
2026-05-03 17:33:27,730 - mmdet - INFO - Epoch [21][300/1652]	lr: 8.000e-03, eta: 1:44:33, time: 0.238, data_time: 0.016, memory: 8298, vote_loss: 3.2958, objectness_loss: 0.3617, semantic_loss: 0.3662, center_loss: 0.4674, dir_class_loss: 0.9199, dir_res_loss: 0.6603, size_class_loss: 0.3662, size_res_loss: 0.2621, loss: 6.6995, grad_norm: 8.2030
2026-05-03 17:33:39,667 - mmdet - INFO - Epoch [21][350/1652]	lr: 8.000e-03, eta: 1:44:21, time: 0.239, data_time: 0.016, memory: 8298, vote_loss: 3.4412, objectness_loss: 0.3469, semantic_loss: 0.3554, center_loss: 0.4789, dir_class_loss: 0.8774, dir_res_loss: 0.6423, size_class_loss: 0.3554, size_res_loss: 0.2714, loss: 6.7689, grad_norm: 8.2488
2026-05-03 17:33:51,511 - mmdet - INFO - Epoch [21][400/1652]	lr: 8.000e-03, eta: 1:44:09, time: 0.237, data_time: 0.016, memory: 8298, vote_loss: 3.4295, objectness_loss: 0.3546, semantic_loss: 0.3746, center_loss: 0.4958, dir_class_loss: 0.9714, dir_res_loss: 0.6991, size_class_loss: 0.3746, size_res_loss: 0.2892, loss: 6.9887, grad_norm: 8.3971
2026-05-03 17:34:03,404 - mmdet - INFO - Epoch [21][450/1652]	lr: 8.000e-03, eta: 1:43:57, time: 0.238, data_time: 0.016, memory: 8298, vote_loss: 3.5425, objectness_loss: 0.3700, semantic_loss: 0.3744, center_loss: 0.4663, dir_class_loss: 0.9416, dir_res_loss: 0.7314, size_class_loss: 0.3744, size_res_loss: 0.2577, loss: 7.0583, grad_norm: 8.1996
2026-05-03 17:34:15,309 - mmdet - INFO - Epoch [21][500/1652]	lr: 8.000e-03, eta: 1:43:45, time: 0.238, data_time: 0.016, memory: 8298, vote_loss: 3.3675, objectness_loss: 0.3439, semantic_loss: 0.3715, center_loss: 0.4668, dir_class_loss: 0.8746, dir_res_loss: 0.6730, size_class_loss: 0.3715, size_res_loss: 0.3038, loss: 6.7726, grad_norm: 7.8815
2026-05-03 17:34:27,194 - mmdet - INFO - Epoch [21][550/1652]	lr: 8.000e-03, eta: 1:43:33, time: 0.238, data_time: 0.016, memory: 8298, vote_loss: 3.5606, objectness_loss: 0.3595, semantic_loss: 0.3751, center_loss: 0.5216, dir_class_loss: 0.9372, dir_res_loss: 0.7266, size_class_loss: 0.3751, size_res_loss: 0.2933, loss: 7.1489, grad_norm: 8.4157
2026-05-03 17:34:39,103 - mmdet - INFO - Epoch [21][600/1652]	lr: 8.000e-03, eta: 1:43:21, time: 0.238, data_time: 0.016, memory: 8298, vote_loss: 3.3855, objectness_loss: 0.3528, semantic_loss: 0.3371, center_loss: 0.4575, dir_class_loss: 0.9392, dir_res_loss: 0.6360, size_class_loss: 0.3371, size_res_loss: 0.2937, loss: 6.7390, grad_norm: 7.6666
2026-05-03 17:34:51,056 - mmdet - INFO - Epoch [21][650/1652]	lr: 8.000e-03, eta: 1:43:09, time: 0.239, data_time: 0.016, memory: 8298, vote_loss: 3.4224, objectness_loss: 0.3639, semantic_loss: 0.3535, center_loss: 0.4775, dir_class_loss: 0.9737, dir_res_loss: 0.6922, size_class_loss: 0.3535, size_res_loss: 0.2694, loss: 6.9061, grad_norm: 7.9107
2026-05-03 17:35:02,933 - mmdet - INFO - Epoch [21][700/1652]	lr: 8.000e-03, eta: 1:42:57, time: 0.238, data_time: 0.016, memory: 8298, vote_loss: 3.5557, objectness_loss: 0.3759, semantic_loss: 0.4039, center_loss: 0.4986, dir_class_loss: 0.9620, dir_res_loss: 0.7487, size_class_loss: 0.4039, size_res_loss: 0.2823, loss: 7.2308, grad_norm: 8.1582
2026-05-03 17:35:14,762 - mmdet - INFO - Epoch [21][750/1652]	lr: 8.000e-03, eta: 1:42:45, time: 0.237, data_time: 0.016, memory: 8298, vote_loss: 3.3436, objectness_loss: 0.3428, semantic_loss: 0.3791, center_loss: 0.4240, dir_class_loss: 0.9342, dir_res_loss: 0.6533, size_class_loss: 0.3791, size_res_loss: 0.2762, loss: 6.7324, grad_norm: 7.9319
2026-05-03 17:35:26,689 - mmdet - INFO - Epoch [21][800/1652]	lr: 8.000e-03, eta: 1:42:33, time: 0.239, data_time: 0.016, memory: 8298, vote_loss: 3.4551, objectness_loss: 0.3713, semantic_loss: 0.4010, center_loss: 0.5032, dir_class_loss: 0.8944, dir_res_loss: 0.6372, size_class_loss: 0.4010, size_res_loss: 0.2699, loss: 6.9331, grad_norm: 8.2857
2026-05-03 17:35:38,604 - mmdet - INFO - Epoch [21][850/1652]	lr: 8.000e-03, eta: 1:42:21, time: 0.238, data_time: 0.016, memory: 8298, vote_loss: 3.6176, objectness_loss: 0.3198, semantic_loss: 0.3761, center_loss: 0.4893, dir_class_loss: 0.9434, dir_res_loss: 0.6935, size_class_loss: 0.3761, size_res_loss: 0.2842, loss: 7.1000, grad_norm: 8.2482
2026-05-03 17:35:50,509 - mmdet - INFO - Epoch [21][900/1652]	lr: 8.000e-03, eta: 1:42:08, time: 0.238, data_time: 0.016, memory: 8298, vote_loss: 3.5217, objectness_loss: 0.3251, semantic_loss: 0.3474, center_loss: 0.4571, dir_class_loss: 0.9082, dir_res_loss: 0.6193, size_class_loss: 0.3474, size_res_loss: 0.2625, loss: 6.7886, grad_norm: 7.7652
2026-05-03 17:36:02,469 - mmdet - INFO - Epoch [21][950/1652]	lr: 8.000e-03, eta: 1:41:56, time: 0.239, data_time: 0.016, memory: 8298, vote_loss: 3.4950, objectness_loss: 0.3692, semantic_loss: 0.3879, center_loss: 0.4633, dir_class_loss: 0.9425, dir_res_loss: 0.6733, size_class_loss: 0.3879, size_res_loss: 0.3275, loss: 7.0464, grad_norm: 7.6479
2026-05-03 17:36:14,383 - mmdet - INFO - Epoch [21][1000/1652]	lr: 8.000e-03, eta: 1:41:44, time: 0.238, data_time: 0.016, memory: 8298, vote_loss: 3.6044, objectness_loss: 0.3739, semantic_loss: 0.4208, center_loss: 0.5044, dir_class_loss: 0.9327, dir_res_loss: 0.7804, size_class_loss: 0.4208, size_res_loss: 0.2959, loss: 7.3334, grad_norm: 8.3141
2026-05-03 17:36:26,327 - mmdet - INFO - Epoch [21][1050/1652]	lr: 8.000e-03, eta: 1:41:32, time: 0.239, data_time: 0.016, memory: 8298, vote_loss: 3.5042, objectness_loss: 0.3830, semantic_loss: 0.3706, center_loss: 0.5101, dir_class_loss: 0.9440, dir_res_loss: 0.6928, size_class_loss: 0.3706, size_res_loss: 0.2854, loss: 7.0606, grad_norm: 8.8650
2026-05-03 17:36:38,231 - mmdet - INFO - Epoch [21][1100/1652]	lr: 8.000e-03, eta: 1:41:20, time: 0.238, data_time: 0.016, memory: 8298, vote_loss: 3.7017, objectness_loss: 0.3702, semantic_loss: 0.4505, center_loss: 0.5333, dir_class_loss: 0.9305, dir_res_loss: 0.6545, size_class_loss: 0.4505, size_res_loss: 0.3257, loss: 7.4170, grad_norm: 8.2616
2026-05-03 17:36:50,197 - mmdet - INFO - Epoch [21][1150/1652]	lr: 8.000e-03, eta: 1:41:08, time: 0.239, data_time: 0.016, memory: 8298, vote_loss: 3.3871, objectness_loss: 0.3637, semantic_loss: 0.3300, center_loss: 0.4693, dir_class_loss: 0.9215, dir_res_loss: 0.6503, size_class_loss: 0.3300, size_res_loss: 0.2691, loss: 6.7209, grad_norm: 7.1833
2026-05-03 17:37:02,098 - mmdet - INFO - Epoch [21][1200/1652]	lr: 8.000e-03, eta: 1:40:56, time: 0.238, data_time: 0.016, memory: 8298, vote_loss: 3.4419, objectness_loss: 0.3656, semantic_loss: 0.3714, center_loss: 0.5367, dir_class_loss: 0.8796, dir_res_loss: 0.6368, size_class_loss: 0.3714, size_res_loss: 0.2980, loss: 6.9015, grad_norm: 8.2103
2026-05-03 17:37:13,966 - mmdet - INFO - Epoch [21][1250/1652]	lr: 8.000e-03, eta: 1:40:44, time: 0.237, data_time: 0.016, memory: 8298, vote_loss: 3.5535, objectness_loss: 0.3648, semantic_loss: 0.3807, center_loss: 0.4801, dir_class_loss: 0.9294, dir_res_loss: 0.6827, size_class_loss: 0.3807, size_res_loss: 0.2823, loss: 7.0544, grad_norm: 8.5074
2026-05-03 17:37:25,876 - mmdet - INFO - Epoch [21][1300/1652]	lr: 8.000e-03, eta: 1:40:32, time: 0.238, data_time: 0.015, memory: 8298, vote_loss: 3.4719, objectness_loss: 0.3682, semantic_loss: 0.3739, center_loss: 0.4612, dir_class_loss: 0.9108, dir_res_loss: 0.6365, size_class_loss: 0.3739, size_res_loss: 0.2653, loss: 6.8615, grad_norm: 7.5665
2026-05-03 17:37:37,746 - mmdet - INFO - Epoch [21][1350/1652]	lr: 8.000e-03, eta: 1:40:20, time: 0.237, data_time: 0.016, memory: 8298, vote_loss: 3.5240, objectness_loss: 0.3447, semantic_loss: 0.3756, center_loss: 0.4814, dir_class_loss: 0.9180, dir_res_loss: 0.6300, size_class_loss: 0.3756, size_res_loss: 0.2809, loss: 6.9302, grad_norm: 7.6313
2026-05-03 17:37:49,844 - mmdet - INFO - Epoch [21][1400/1652]	lr: 8.000e-03, eta: 1:40:08, time: 0.242, data_time: 0.016, memory: 8298, vote_loss: 3.4310, objectness_loss: 0.3377, semantic_loss: 0.3928, center_loss: 0.4658, dir_class_loss: 0.9123, dir_res_loss: 0.6886, size_class_loss: 0.3928, size_res_loss: 0.2850, loss: 6.9060, grad_norm: 8.1572
2026-05-03 17:38:01,782 - mmdet - INFO - Epoch [21][1450/1652]	lr: 8.000e-03, eta: 1:39:56, time: 0.239, data_time: 0.016, memory: 8298, vote_loss: 3.4444, objectness_loss: 0.3483, semantic_loss: 0.3489, center_loss: 0.4683, dir_class_loss: 0.9593, dir_res_loss: 0.7282, size_class_loss: 0.3489, size_res_loss: 0.2621, loss: 6.9083, grad_norm: 8.1393
2026-05-03 17:38:13,697 - mmdet - INFO - Epoch [21][1500/1652]	lr: 8.000e-03, eta: 1:39:44, time: 0.238, data_time: 0.016, memory: 8298, vote_loss: 3.5108, objectness_loss: 0.3651, semantic_loss: 0.3996, center_loss: 0.4858, dir_class_loss: 1.0220, dir_res_loss: 0.7455, size_class_loss: 0.3996, size_res_loss: 0.3076, loss: 7.2361, grad_norm: 8.1650
2026-05-03 17:38:25,665 - mmdet - INFO - Epoch [21][1550/1652]	lr: 8.000e-03, eta: 1:39:32, time: 0.239, data_time: 0.016, memory: 8298, vote_loss: 3.3488, objectness_loss: 0.3659, semantic_loss: 0.3994, center_loss: 0.4306, dir_class_loss: 0.8781, dir_res_loss: 0.6216, size_class_loss: 0.3994, size_res_loss: 0.2828, loss: 6.7266, grad_norm: 7.1549
2026-05-03 17:38:37,543 - mmdet - INFO - Epoch [21][1600/1652]	lr: 8.000e-03, eta: 1:39:20, time: 0.238, data_time: 0.016, memory: 8298, vote_loss: 3.5267, objectness_loss: 0.3719, semantic_loss: 0.3847, center_loss: 0.5437, dir_class_loss: 0.9585, dir_res_loss: 0.7419, size_class_loss: 0.3847, size_res_loss: 0.2762, loss: 7.1883, grad_norm: 8.7203
2026-05-03 17:38:49,343 - mmdet - INFO - Epoch [21][1650/1652]	lr: 8.000e-03, eta: 1:39:08, time: 0.236, data_time: 0.016, memory: 8298, vote_loss: 3.4285, objectness_loss: 0.3456, semantic_loss: 0.3809, center_loss: 0.4514, dir_class_loss: 0.9047, dir_res_loss: 0.7259, size_class_loss: 0.3809, size_res_loss: 0.2784, loss: 6.8962, grad_norm: 8.3347
2026-05-03 17:38:49,893 - mmdet - INFO - Saving checkpoint at 21 epochs
2026-05-03 17:39:05,081 - mmdet - INFO - Epoch [22][50/1652]	lr: 8.000e-03, eta: 1:38:57, time: 0.303, data_time: 0.074, memory: 8298, vote_loss: 3.1800, objectness_loss: 0.3703, semantic_loss: 0.3310, center_loss: 0.4518, dir_class_loss: 0.9118, dir_res_loss: 0.7304, size_class_loss: 0.3310, size_res_loss: 0.2563, loss: 6.5626, grad_norm: 7.9730
2026-05-03 17:39:17,125 - mmdet - INFO - Epoch [22][100/1652]	lr: 8.000e-03, eta: 1:38:45, time: 0.241, data_time: 0.016, memory: 8298, vote_loss: 3.4141, objectness_loss: 0.3437, semantic_loss: 0.3752, center_loss: 0.4731, dir_class_loss: 0.8961, dir_res_loss: 0.7023, size_class_loss: 0.3752, size_res_loss: 0.2941, loss: 6.8738, grad_norm: 7.5772
2026-05-03 17:39:29,054 - mmdet - INFO - Epoch [22][150/1652]	lr: 8.000e-03, eta: 1:38:33, time: 0.239, data_time: 0.016, memory: 8298, vote_loss: 3.4131, objectness_loss: 0.3561, semantic_loss: 0.3416, center_loss: 0.4593, dir_class_loss: 0.9590, dir_res_loss: 0.7061, size_class_loss: 0.3416, size_res_loss: 0.2676, loss: 6.8444, grad_norm: 7.9537
2026-05-03 17:39:40,993 - mmdet - INFO - Epoch [22][200/1652]	lr: 8.000e-03, eta: 1:38:21, time: 0.239, data_time: 0.016, memory: 8298, vote_loss: 3.3660, objectness_loss: 0.3521, semantic_loss: 0.3290, center_loss: 0.5090, dir_class_loss: 0.9405, dir_res_loss: 0.6469, size_class_loss: 0.3290, size_res_loss: 0.2506, loss: 6.7230, grad_norm: 7.7933
2026-05-03 17:39:52,911 - mmdet - INFO - Epoch [22][250/1652]	lr: 8.000e-03, eta: 1:38:09, time: 0.238, data_time: 0.016, memory: 8298, vote_loss: 3.5164, objectness_loss: 0.3847, semantic_loss: 0.3652, center_loss: 0.5100, dir_class_loss: 0.9160, dir_res_loss: 0.7460, size_class_loss: 0.3652, size_res_loss: 0.3236, loss: 7.1271, grad_norm: 8.1083
2026-05-03 17:40:04,898 - mmdet - INFO - Epoch [22][300/1652]	lr: 8.000e-03, eta: 1:37:57, time: 0.240, data_time: 0.016, memory: 8298, vote_loss: 3.5384, objectness_loss: 0.3833, semantic_loss: 0.3746, center_loss: 0.4825, dir_class_loss: 0.9416, dir_res_loss: 0.7449, size_class_loss: 0.3746, size_res_loss: 0.2612, loss: 7.1011, grad_norm: 8.5483
2026-05-03 17:40:16,839 - mmdet - INFO - Epoch [22][350/1652]	lr: 8.000e-03, eta: 1:37:45, time: 0.239, data_time: 0.016, memory: 8298, vote_loss: 3.5165, objectness_loss: 0.3688, semantic_loss: 0.3799, center_loss: 0.5210, dir_class_loss: 0.9341, dir_res_loss: 0.5934, size_class_loss: 0.3799, size_res_loss: 0.2731, loss: 6.9667, grad_norm: 8.3003
2026-05-03 17:40:28,701 - mmdet - INFO - Epoch [22][400/1652]	lr: 8.000e-03, eta: 1:37:33, time: 0.237, data_time: 0.016, memory: 8298, vote_loss: 3.4114, objectness_loss: 0.3912, semantic_loss: 0.4082, center_loss: 0.4684, dir_class_loss: 0.8923, dir_res_loss: 0.6244, size_class_loss: 0.4082, size_res_loss: 0.2806, loss: 6.8847, grad_norm: 8.2524
2026-05-03 17:40:40,594 - mmdet - INFO - Epoch [22][450/1652]	lr: 8.000e-03, eta: 1:37:21, time: 0.238, data_time: 0.016, memory: 8298, vote_loss: 3.4516, objectness_loss: 0.3338, semantic_loss: 0.3721, center_loss: 0.4754, dir_class_loss: 0.9194, dir_res_loss: 0.7030, size_class_loss: 0.3721, size_res_loss: 0.2624, loss: 6.8898, grad_norm: 7.7571
2026-05-03 17:40:52,488 - mmdet - INFO - Epoch [22][500/1652]	lr: 8.000e-03, eta: 1:37:08, time: 0.238, data_time: 0.016, memory: 8298, vote_loss: 3.4529, objectness_loss: 0.3857, semantic_loss: 0.3947, center_loss: 0.4585, dir_class_loss: 0.8761, dir_res_loss: 0.6516, size_class_loss: 0.3947, size_res_loss: 0.2752, loss: 6.8894, grad_norm: 7.9706
2026-05-03 17:41:04,384 - mmdet - INFO - Epoch [22][550/1652]	lr: 8.000e-03, eta: 1:36:56, time: 0.238, data_time: 0.016, memory: 8298, vote_loss: 3.5338, objectness_loss: 0.3583, semantic_loss: 0.3503, center_loss: 0.5127, dir_class_loss: 0.9382, dir_res_loss: 0.6939, size_class_loss: 0.3503, size_res_loss: 0.2637, loss: 7.0012, grad_norm: 8.3614
2026-05-03 17:41:16,348 - mmdet - INFO - Epoch [22][600/1652]	lr: 8.000e-03, eta: 1:36:44, time: 0.239, data_time: 0.016, memory: 8298, vote_loss: 3.3575, objectness_loss: 0.3573, semantic_loss: 0.3863, center_loss: 0.4910, dir_class_loss: 1.0147, dir_res_loss: 0.6398, size_class_loss: 0.3863, size_res_loss: 0.2811, loss: 6.9139, grad_norm: 8.3036
2026-05-03 17:41:28,489 - mmdet - INFO - Epoch [22][650/1652]	lr: 8.000e-03, eta: 1:36:32, time: 0.243, data_time: 0.020, memory: 8298, vote_loss: 3.3202, objectness_loss: 0.3491, semantic_loss: 0.3669, center_loss: 0.4459, dir_class_loss: 0.9424, dir_res_loss: 0.6900, size_class_loss: 0.3669, size_res_loss: 0.2665, loss: 6.7477, grad_norm: 7.5527
2026-05-03 17:41:40,499 - mmdet - INFO - Epoch [22][700/1652]	lr: 8.000e-03, eta: 1:36:20, time: 0.240, data_time: 0.016, memory: 8298, vote_loss: 3.4239, objectness_loss: 0.3566, semantic_loss: 0.4411, center_loss: 0.4355, dir_class_loss: 0.9204, dir_res_loss: 0.7320, size_class_loss: 0.4411, size_res_loss: 0.2576, loss: 7.0080, grad_norm: 7.6138
2026-05-03 17:41:52,428 - mmdet - INFO - Epoch [22][750/1652]	lr: 8.000e-03, eta: 1:36:08, time: 0.239, data_time: 0.016, memory: 8298, vote_loss: 3.4758, objectness_loss: 0.3439, semantic_loss: 0.3366, center_loss: 0.5117, dir_class_loss: 0.9314, dir_res_loss: 0.6588, size_class_loss: 0.3366, size_res_loss: 0.2723, loss: 6.8670, grad_norm: 7.8721
2026-05-03 17:42:04,439 - mmdet - INFO - Epoch [22][800/1652]	lr: 8.000e-03, eta: 1:35:56, time: 0.240, data_time: 0.016, memory: 8298, vote_loss: 3.6714, objectness_loss: 0.3593, semantic_loss: 0.3767, center_loss: 0.4435, dir_class_loss: 0.8541, dir_res_loss: 0.6567, size_class_loss: 0.3767, size_res_loss: 0.2844, loss: 7.0228, grad_norm: 7.5918
2026-05-03 17:42:16,461 - mmdet - INFO - Epoch [22][850/1652]	lr: 8.000e-03, eta: 1:35:44, time: 0.240, data_time: 0.016, memory: 8298, vote_loss: 3.5333, objectness_loss: 0.3526, semantic_loss: 0.4110, center_loss: 0.4632, dir_class_loss: 0.8827, dir_res_loss: 0.6395, size_class_loss: 0.4110, size_res_loss: 0.2727, loss: 6.9659, grad_norm: 8.3763
2026-05-03 17:42:28,366 - mmdet - INFO - Epoch [22][900/1652]	lr: 8.000e-03, eta: 1:35:32, time: 0.238, data_time: 0.015, memory: 8298, vote_loss: 3.4375, objectness_loss: 0.3577, semantic_loss: 0.4444, center_loss: 0.4563, dir_class_loss: 0.9126, dir_res_loss: 0.6394, size_class_loss: 0.4444, size_res_loss: 0.2754, loss: 6.9676, grad_norm: 7.8367
2026-05-03 17:42:40,284 - mmdet - INFO - Epoch [22][950/1652]	lr: 8.000e-03, eta: 1:35:20, time: 0.238, data_time: 0.016, memory: 8298, vote_loss: 3.4210, objectness_loss: 0.3660, semantic_loss: 0.3252, center_loss: 0.4803, dir_class_loss: 0.8528, dir_res_loss: 0.6522, size_class_loss: 0.3252, size_res_loss: 0.2698, loss: 6.6925, grad_norm: 8.3363
2026-05-03 17:42:52,245 - mmdet - INFO - Epoch [22][1000/1652]	lr: 8.000e-03, eta: 1:35:08, time: 0.239, data_time: 0.016, memory: 8298, vote_loss: 3.3500, objectness_loss: 0.3478, semantic_loss: 0.3533, center_loss: 0.4444, dir_class_loss: 0.8482, dir_res_loss: 0.6048, size_class_loss: 0.3533, size_res_loss: 0.2703, loss: 6.5722, grad_norm: 7.9900
2026-05-03 17:43:04,095 - mmdet - INFO - Epoch [22][1050/1652]	lr: 8.000e-03, eta: 1:34:56, time: 0.237, data_time: 0.016, memory: 8298, vote_loss: 3.3181, objectness_loss: 0.3555, semantic_loss: 0.3878, center_loss: 0.4724, dir_class_loss: 0.8805, dir_res_loss: 0.6589, size_class_loss: 0.3878, size_res_loss: 0.2934, loss: 6.7544, grad_norm: 8.3195
2026-05-03 17:43:15,949 - mmdet - INFO - Epoch [22][1100/1652]	lr: 8.000e-03, eta: 1:34:44, time: 0.237, data_time: 0.015, memory: 8298, vote_loss: 3.4799, objectness_loss: 0.3467, semantic_loss: 0.3370, center_loss: 0.6273, dir_class_loss: 0.9194, dir_res_loss: 0.6520, size_class_loss: 0.3370, size_res_loss: 0.3226, loss: 7.0220, grad_norm: 8.7810
2026-05-03 17:43:27,859 - mmdet - INFO - Epoch [22][1150/1652]	lr: 8.000e-03, eta: 1:34:32, time: 0.238, data_time: 0.016, memory: 8298, vote_loss: 3.5044, objectness_loss: 0.3437, semantic_loss: 0.3852, center_loss: 0.4673, dir_class_loss: 0.9698, dir_res_loss: 0.7632, size_class_loss: 0.3852, size_res_loss: 0.2790, loss: 7.0976, grad_norm: 7.9017
2026-05-03 17:43:39,814 - mmdet - INFO - Epoch [22][1200/1652]	lr: 8.000e-03, eta: 1:34:20, time: 0.239, data_time: 0.016, memory: 8298, vote_loss: 3.6001, objectness_loss: 0.3740, semantic_loss: 0.4118, center_loss: 0.4921, dir_class_loss: 1.0013, dir_res_loss: 0.7019, size_class_loss: 0.4118, size_res_loss: 0.2966, loss: 7.2895, grad_norm: 8.5938
2026-05-03 17:43:51,763 - mmdet - INFO - Epoch [22][1250/1652]	lr: 8.000e-03, eta: 1:34:08, time: 0.239, data_time: 0.016, memory: 8298, vote_loss: 3.4708, objectness_loss: 0.3473, semantic_loss: 0.3738, center_loss: 0.4667, dir_class_loss: 0.9755, dir_res_loss: 0.6613, size_class_loss: 0.3738, size_res_loss: 0.3140, loss: 6.9830, grad_norm: 7.9862
2026-05-03 17:44:03,743 - mmdet - INFO - Epoch [22][1300/1652]	lr: 8.000e-03, eta: 1:33:56, time: 0.240, data_time: 0.016, memory: 8298, vote_loss: 3.5306, objectness_loss: 0.3526, semantic_loss: 0.4078, center_loss: 0.4604, dir_class_loss: 0.9714, dir_res_loss: 0.6503, size_class_loss: 0.4078, size_res_loss: 0.2920, loss: 7.0729, grad_norm: 8.2829
2026-05-03 17:44:15,638 - mmdet - INFO - Epoch [22][1350/1652]	lr: 8.000e-03, eta: 1:33:44, time: 0.238, data_time: 0.015, memory: 8298, vote_loss: 3.3603, objectness_loss: 0.3653, semantic_loss: 0.4258, center_loss: 0.4928, dir_class_loss: 0.9588, dir_res_loss: 0.6847, size_class_loss: 0.4258, size_res_loss: 0.2731, loss: 6.9867, grad_norm: 8.2462
2026-05-03 17:44:27,573 - mmdet - INFO - Epoch [22][1400/1652]	lr: 8.000e-03, eta: 1:33:32, time: 0.239, data_time: 0.016, memory: 8298, vote_loss: 3.4398, objectness_loss: 0.3489, semantic_loss: 0.3793, center_loss: 0.4715, dir_class_loss: 0.9631, dir_res_loss: 0.7615, size_class_loss: 0.3793, size_res_loss: 0.2772, loss: 7.0206, grad_norm: 7.3599
2026-05-03 17:44:39,466 - mmdet - INFO - Epoch [22][1450/1652]	lr: 8.000e-03, eta: 1:33:20, time: 0.238, data_time: 0.015, memory: 8298, vote_loss: 3.4466, objectness_loss: 0.3450, semantic_loss: 0.3401, center_loss: 0.4399, dir_class_loss: 0.9318, dir_res_loss: 0.6636, size_class_loss: 0.3401, size_res_loss: 0.2686, loss: 6.7757, grad_norm: 7.9433
2026-05-03 17:44:51,338 - mmdet - INFO - Epoch [22][1500/1652]	lr: 8.000e-03, eta: 1:33:08, time: 0.237, data_time: 0.015, memory: 8298, vote_loss: 3.3928, objectness_loss: 0.3792, semantic_loss: 0.4275, center_loss: 0.4766, dir_class_loss: 0.9731, dir_res_loss: 0.7098, size_class_loss: 0.4275, size_res_loss: 0.3064, loss: 7.0928, grad_norm: 8.2956
2026-05-03 17:45:03,215 - mmdet - INFO - Epoch [22][1550/1652]	lr: 8.000e-03, eta: 1:32:56, time: 0.238, data_time: 0.015, memory: 8298, vote_loss: 3.4124, objectness_loss: 0.3676, semantic_loss: 0.4873, center_loss: 0.4790, dir_class_loss: 0.9374, dir_res_loss: 0.5917, size_class_loss: 0.4873, size_res_loss: 0.2949, loss: 7.0576, grad_norm: 7.8380
2026-05-03 17:45:15,097 - mmdet - INFO - Epoch [22][1600/1652]	lr: 8.000e-03, eta: 1:32:43, time: 0.238, data_time: 0.015, memory: 8298, vote_loss: 3.4980, objectness_loss: 0.3554, semantic_loss: 0.3710, center_loss: 0.4698, dir_class_loss: 0.9075, dir_res_loss: 0.6471, size_class_loss: 0.3710, size_res_loss: 0.2647, loss: 6.8844, grad_norm: 7.7172
2026-05-03 17:45:27,011 - mmdet - INFO - Epoch [22][1650/1652]	lr: 8.000e-03, eta: 1:32:31, time: 0.238, data_time: 0.016, memory: 8298, vote_loss: 3.6326, objectness_loss: 0.3366, semantic_loss: 0.3213, center_loss: 0.4785, dir_class_loss: 0.9288, dir_res_loss: 0.7108, size_class_loss: 0.3213, size_res_loss: 0.2989, loss: 7.0286, grad_norm: 8.1574
2026-05-03 17:45:27,526 - mmdet - INFO - Saving checkpoint at 22 epochs
2026-05-03 17:45:42,127 - mmdet - INFO - Epoch [23][50/1652]	lr: 8.000e-03, eta: 1:32:20, time: 0.291, data_time: 0.068, memory: 8298, vote_loss: 3.6199, objectness_loss: 0.3324, semantic_loss: 0.3632, center_loss: 0.5138, dir_class_loss: 0.9580, dir_res_loss: 0.7354, size_class_loss: 0.3632, size_res_loss: 0.2839, loss: 7.1698, grad_norm: 8.6180
2026-05-03 17:45:54,095 - mmdet - INFO - Epoch [23][100/1652]	lr: 8.000e-03, eta: 1:32:08, time: 0.239, data_time: 0.015, memory: 8298, vote_loss: 3.3912, objectness_loss: 0.3666, semantic_loss: 0.3321, center_loss: 0.4608, dir_class_loss: 0.9392, dir_res_loss: 0.6881, size_class_loss: 0.3321, size_res_loss: 0.2819, loss: 6.7921, grad_norm: 7.4641
2026-05-03 17:46:05,967 - mmdet - INFO - Epoch [23][150/1652]	lr: 8.000e-03, eta: 1:31:56, time: 0.237, data_time: 0.015, memory: 8298, vote_loss: 3.4796, objectness_loss: 0.3561, semantic_loss: 0.3875, center_loss: 0.4312, dir_class_loss: 1.0271, dir_res_loss: 0.7321, size_class_loss: 0.3875, size_res_loss: 0.2805, loss: 7.0815, grad_norm: 8.4165
2026-05-03 17:46:17,856 - mmdet - INFO - Epoch [23][200/1652]	lr: 8.000e-03, eta: 1:31:44, time: 0.238, data_time: 0.015, memory: 8298, vote_loss: 3.3027, objectness_loss: 0.3678, semantic_loss: 0.3746, center_loss: 0.4533, dir_class_loss: 0.8832, dir_res_loss: 0.6467, size_class_loss: 0.3746, size_res_loss: 0.2625, loss: 6.6654, grad_norm: 7.5922
2026-05-03 17:46:29,812 - mmdet - INFO - Epoch [23][250/1652]	lr: 8.000e-03, eta: 1:31:32, time: 0.239, data_time: 0.015, memory: 8298, vote_loss: 3.5216, objectness_loss: 0.3412, semantic_loss: 0.3843, center_loss: 0.5387, dir_class_loss: 0.8329, dir_res_loss: 0.6242, size_class_loss: 0.3843, size_res_loss: 0.2874, loss: 6.9146, grad_norm: 8.1891
2026-05-03 17:46:41,696 - mmdet - INFO - Epoch [23][300/1652]	lr: 8.000e-03, eta: 1:31:20, time: 0.238, data_time: 0.015, memory: 8298, vote_loss: 3.5161, objectness_loss: 0.3479, semantic_loss: 0.3746, center_loss: 0.4813, dir_class_loss: 0.8965, dir_res_loss: 0.6925, size_class_loss: 0.3746, size_res_loss: 0.2586, loss: 6.9420, grad_norm: 8.0302
2026-05-03 17:46:53,671 - mmdet - INFO - Epoch [23][350/1652]	lr: 8.000e-03, eta: 1:31:08, time: 0.239, data_time: 0.016, memory: 8298, vote_loss: 3.3904, objectness_loss: 0.3756, semantic_loss: 0.3450, center_loss: 0.4254, dir_class_loss: 0.8720, dir_res_loss: 0.6709, size_class_loss: 0.3450, size_res_loss: 0.2714, loss: 6.6958, grad_norm: 8.0818
2026-05-03 17:47:05,558 - mmdet - INFO - Epoch [23][400/1652]	lr: 8.000e-03, eta: 1:30:56, time: 0.238, data_time: 0.016, memory: 8298, vote_loss: 3.4980, objectness_loss: 0.3580, semantic_loss: 0.3997, center_loss: 0.4794, dir_class_loss: 0.8585, dir_res_loss: 0.6922, size_class_loss: 0.3997, size_res_loss: 0.2864, loss: 6.9719, grad_norm: 7.7829
2026-05-03 17:47:17,533 - mmdet - INFO - Epoch [23][450/1652]	lr: 8.000e-03, eta: 1:30:44, time: 0.239, data_time: 0.016, memory: 8298, vote_loss: 3.4312, objectness_loss: 0.3591, semantic_loss: 0.3344, center_loss: 0.4872, dir_class_loss: 0.8850, dir_res_loss: 0.6078, size_class_loss: 0.3344, size_res_loss: 0.2852, loss: 6.7244, grad_norm: 8.8422
2026-05-03 17:47:29,454 - mmdet - INFO - Epoch [23][500/1652]	lr: 8.000e-03, eta: 1:30:32, time: 0.238, data_time: 0.016, memory: 8298, vote_loss: 3.4236, objectness_loss: 0.3524, semantic_loss: 0.3234, center_loss: 0.4435, dir_class_loss: 1.0073, dir_res_loss: 0.7384, size_class_loss: 0.3233, size_res_loss: 0.2795, loss: 6.8914, grad_norm: 7.8562
2026-05-03 17:47:41,338 - mmdet - INFO - Epoch [23][550/1652]	lr: 8.000e-03, eta: 1:30:20, time: 0.238, data_time: 0.016, memory: 8298, vote_loss: 3.4844, objectness_loss: 0.3411, semantic_loss: 0.3691, center_loss: 0.5167, dir_class_loss: 0.9491, dir_res_loss: 0.7527, size_class_loss: 0.3691, size_res_loss: 0.2616, loss: 7.0439, grad_norm: 8.4196
2026-05-03 17:47:53,463 - mmdet - INFO - Epoch [23][600/1652]	lr: 8.000e-03, eta: 1:30:08, time: 0.242, data_time: 0.017, memory: 8298, vote_loss: 3.3094, objectness_loss: 0.3674, semantic_loss: 0.3866, center_loss: 0.4725, dir_class_loss: 0.9350, dir_res_loss: 0.6789, size_class_loss: 0.3866, size_res_loss: 0.2709, loss: 6.8075, grad_norm: 8.5326
2026-05-03 17:48:05,339 - mmdet - INFO - Epoch [23][650/1652]	lr: 8.000e-03, eta: 1:29:56, time: 0.238, data_time: 0.015, memory: 8298, vote_loss: 3.4625, objectness_loss: 0.3658, semantic_loss: 0.3879, center_loss: 0.5084, dir_class_loss: 0.9149, dir_res_loss: 0.6886, size_class_loss: 0.3879, size_res_loss: 0.2726, loss: 6.9886, grad_norm: 8.0787
2026-05-03 17:48:17,307 - mmdet - INFO - Epoch [23][700/1652]	lr: 8.000e-03, eta: 1:29:44, time: 0.239, data_time: 0.015, memory: 8298, vote_loss: 3.5549, objectness_loss: 0.3585, semantic_loss: 0.3669, center_loss: 0.4723, dir_class_loss: 0.9473, dir_res_loss: 0.7018, size_class_loss: 0.3669, size_res_loss: 0.2851, loss: 7.0535, grad_norm: 8.3143
2026-05-03 17:48:29,268 - mmdet - INFO - Epoch [23][750/1652]	lr: 8.000e-03, eta: 1:29:32, time: 0.239, data_time: 0.015, memory: 8298, vote_loss: 3.3960, objectness_loss: 0.3698, semantic_loss: 0.3633, center_loss: 0.4796, dir_class_loss: 1.0030, dir_res_loss: 0.7030, size_class_loss: 0.3633, size_res_loss: 0.2925, loss: 6.9707, grad_norm: 7.8745
2026-05-03 17:48:41,169 - mmdet - INFO - Epoch [23][800/1652]	lr: 8.000e-03, eta: 1:29:20, time: 0.238, data_time: 0.015, memory: 8298, vote_loss: 3.5140, objectness_loss: 0.3489, semantic_loss: 0.4002, center_loss: 0.5014, dir_class_loss: 0.9150, dir_res_loss: 0.6555, size_class_loss: 0.4002, size_res_loss: 0.2565, loss: 6.9917, grad_norm: 8.7647
2026-05-03 17:48:53,047 - mmdet - INFO - Epoch [23][850/1652]	lr: 8.000e-03, eta: 1:29:07, time: 0.238, data_time: 0.015, memory: 8298, vote_loss: 3.2943, objectness_loss: 0.3469, semantic_loss: 0.3368, center_loss: 0.4713, dir_class_loss: 0.8945, dir_res_loss: 0.6220, size_class_loss: 0.3368, size_res_loss: 0.2987, loss: 6.6012, grad_norm: 7.9040
2026-05-03 17:49:04,935 - mmdet - INFO - Epoch [23][900/1652]	lr: 8.000e-03, eta: 1:28:55, time: 0.238, data_time: 0.016, memory: 8298, vote_loss: 3.4437, objectness_loss: 0.3495, semantic_loss: 0.3745, center_loss: 0.4821, dir_class_loss: 0.9398, dir_res_loss: 0.7048, size_class_loss: 0.3745, size_res_loss: 0.2599, loss: 6.9288, grad_norm: 8.4112
2026-05-03 17:49:16,828 - mmdet - INFO - Epoch [23][950/1652]	lr: 8.000e-03, eta: 1:28:43, time: 0.238, data_time: 0.016, memory: 8298, vote_loss: 3.4052, objectness_loss: 0.3741, semantic_loss: 0.3479, center_loss: 0.5571, dir_class_loss: 0.9453, dir_res_loss: 0.6945, size_class_loss: 0.3479, size_res_loss: 0.2721, loss: 6.9441, grad_norm: 8.8287
2026-05-03 17:49:28,732 - mmdet - INFO - Epoch [23][1000/1652]	lr: 8.000e-03, eta: 1:28:31, time: 0.238, data_time: 0.016, memory: 8298, vote_loss: 3.3708, objectness_loss: 0.3343, semantic_loss: 0.3330, center_loss: 0.4810, dir_class_loss: 0.9300, dir_res_loss: 0.6679, size_class_loss: 0.3330, size_res_loss: 0.2540, loss: 6.7039, grad_norm: 8.3797
2026-05-03 17:49:40,649 - mmdet - INFO - Epoch [23][1050/1652]	lr: 8.000e-03, eta: 1:28:19, time: 0.238, data_time: 0.016, memory: 8298, vote_loss: 3.5019, objectness_loss: 0.3536, semantic_loss: 0.3602, center_loss: 0.4576, dir_class_loss: 0.8960, dir_res_loss: 0.6545, size_class_loss: 0.3602, size_res_loss: 0.2861, loss: 6.8700, grad_norm: 7.9481
2026-05-03 17:49:52,523 - mmdet - INFO - Epoch [23][1100/1652]	lr: 8.000e-03, eta: 1:28:07, time: 0.237, data_time: 0.016, memory: 8298, vote_loss: 3.4255, objectness_loss: 0.3637, semantic_loss: 0.3341, center_loss: 0.4572, dir_class_loss: 0.9904, dir_res_loss: 0.6578, size_class_loss: 0.3341, size_res_loss: 0.2549, loss: 6.8177, grad_norm: 9.0239
2026-05-03 17:50:04,397 - mmdet - INFO - Epoch [23][1150/1652]	lr: 8.000e-03, eta: 1:27:55, time: 0.237, data_time: 0.016, memory: 8298, vote_loss: 3.4479, objectness_loss: 0.3721, semantic_loss: 0.3855, center_loss: 0.5421, dir_class_loss: 0.8666, dir_res_loss: 0.6286, size_class_loss: 0.3855, size_res_loss: 0.2817, loss: 6.9101, grad_norm: 8.5762
2026-05-03 17:50:16,282 - mmdet - INFO - Epoch [23][1200/1652]	lr: 8.000e-03, eta: 1:27:43, time: 0.238, data_time: 0.016, memory: 8298, vote_loss: 3.3328, objectness_loss: 0.3455, semantic_loss: 0.3811, center_loss: 0.4546, dir_class_loss: 0.8414, dir_res_loss: 0.5873, size_class_loss: 0.3811, size_res_loss: 0.2413, loss: 6.5650, grad_norm: 7.3312
2026-05-03 17:50:28,156 - mmdet - INFO - Epoch [23][1250/1652]	lr: 8.000e-03, eta: 1:27:31, time: 0.237, data_time: 0.016, memory: 8298, vote_loss: 3.6580, objectness_loss: 0.3622, semantic_loss: 0.4419, center_loss: 0.5067, dir_class_loss: 0.9150, dir_res_loss: 0.6831, size_class_loss: 0.4419, size_res_loss: 0.3238, loss: 7.3326, grad_norm: 8.4447
2026-05-03 17:50:40,087 - mmdet - INFO - Epoch [23][1300/1652]	lr: 8.000e-03, eta: 1:27:19, time: 0.239, data_time: 0.016, memory: 8298, vote_loss: 3.4773, objectness_loss: 0.3478, semantic_loss: 0.3987, center_loss: 0.4696, dir_class_loss: 0.9659, dir_res_loss: 0.6967, size_class_loss: 0.3987, size_res_loss: 0.2789, loss: 7.0337, grad_norm: 8.3149
2026-05-03 17:50:51,959 - mmdet - INFO - Epoch [23][1350/1652]	lr: 8.000e-03, eta: 1:27:07, time: 0.237, data_time: 0.016, memory: 8298, vote_loss: 3.4175, objectness_loss: 0.3418, semantic_loss: 0.4224, center_loss: 0.4765, dir_class_loss: 0.9648, dir_res_loss: 0.6597, size_class_loss: 0.4224, size_res_loss: 0.2656, loss: 6.9708, grad_norm: 8.4457
2026-05-03 17:51:03,853 - mmdet - INFO - Epoch [23][1400/1652]	lr: 8.000e-03, eta: 1:26:55, time: 0.238, data_time: 0.016, memory: 8298, vote_loss: 3.5626, objectness_loss: 0.3835, semantic_loss: 0.4664, center_loss: 0.4816, dir_class_loss: 0.9495, dir_res_loss: 0.7546, size_class_loss: 0.4664, size_res_loss: 0.3066, loss: 7.3711, grad_norm: 7.7729
2026-05-03 17:51:15,654 - mmdet - INFO - Epoch [23][1450/1652]	lr: 8.000e-03, eta: 1:26:43, time: 0.236, data_time: 0.015, memory: 8298, vote_loss: 3.4170, objectness_loss: 0.3346, semantic_loss: 0.3596, center_loss: 0.4570, dir_class_loss: 0.9132, dir_res_loss: 0.7613, size_class_loss: 0.3596, size_res_loss: 0.2945, loss: 6.8970, grad_norm: 7.4504
2026-05-03 17:51:27,481 - mmdet - INFO - Epoch [23][1500/1652]	lr: 8.000e-03, eta: 1:26:31, time: 0.237, data_time: 0.015, memory: 8298, vote_loss: 3.4930, objectness_loss: 0.3874, semantic_loss: 0.3638, center_loss: 0.4716, dir_class_loss: 0.8986, dir_res_loss: 0.7455, size_class_loss: 0.3638, size_res_loss: 0.3176, loss: 7.0413, grad_norm: 8.5324
2026-05-03 17:51:39,339 - mmdet - INFO - Epoch [23][1550/1652]	lr: 8.000e-03, eta: 1:26:18, time: 0.237, data_time: 0.016, memory: 8298, vote_loss: 3.5826, objectness_loss: 0.3487, semantic_loss: 0.3860, center_loss: 0.5237, dir_class_loss: 0.9377, dir_res_loss: 0.7150, size_class_loss: 0.3860, size_res_loss: 0.2774, loss: 7.1571, grad_norm: 8.3001
2026-05-03 17:51:51,257 - mmdet - INFO - Epoch [23][1600/1652]	lr: 8.000e-03, eta: 1:26:06, time: 0.238, data_time: 0.016, memory: 8298, vote_loss: 3.5058, objectness_loss: 0.4199, semantic_loss: 0.3977, center_loss: 0.5077, dir_class_loss: 0.9384, dir_res_loss: 0.7471, size_class_loss: 0.3977, size_res_loss: 0.2874, loss: 7.2019, grad_norm: 7.8238
2026-05-03 17:52:03,183 - mmdet - INFO - Epoch [23][1650/1652]	lr: 8.000e-03, eta: 1:25:54, time: 0.239, data_time: 0.016, memory: 8298, vote_loss: 3.3732, objectness_loss: 0.3720, semantic_loss: 0.3723, center_loss: 0.4369, dir_class_loss: 0.9547, dir_res_loss: 0.7282, size_class_loss: 0.3723, size_res_loss: 0.2845, loss: 6.8941, grad_norm: 8.0753
2026-05-03 17:52:03,705 - mmdet - INFO - Saving checkpoint at 23 epochs
2026-05-03 17:52:18,562 - mmdet - INFO - Epoch [24][50/1652]	lr: 8.000e-03, eta: 1:25:43, time: 0.296, data_time: 0.072, memory: 8298, vote_loss: 3.3928, objectness_loss: 0.3428, semantic_loss: 0.3410, center_loss: 0.4891, dir_class_loss: 0.9358, dir_res_loss: 0.6895, size_class_loss: 0.3410, size_res_loss: 0.3101, loss: 6.8419, grad_norm: 8.4110
2026-05-03 17:52:30,408 - mmdet - INFO - Epoch [24][100/1652]	lr: 8.000e-03, eta: 1:25:31, time: 0.237, data_time: 0.016, memory: 8298, vote_loss: 3.3578, objectness_loss: 0.3539, semantic_loss: 0.3258, center_loss: 0.4126, dir_class_loss: 0.9379, dir_res_loss: 0.6346, size_class_loss: 0.3258, size_res_loss: 0.2614, loss: 6.6097, grad_norm: 8.2216
2026-05-03 17:52:42,389 - mmdet - INFO - Epoch [24][150/1652]	lr: 8.000e-03, eta: 1:25:19, time: 0.240, data_time: 0.019, memory: 8298, vote_loss: 3.1878, objectness_loss: 0.3419, semantic_loss: 0.3591, center_loss: 0.4207, dir_class_loss: 0.8760, dir_res_loss: 0.5903, size_class_loss: 0.3591, size_res_loss: 0.2826, loss: 6.4176, grad_norm: 7.8844
2026-05-03 17:52:54,311 - mmdet - INFO - Epoch [24][200/1652]	lr: 8.000e-03, eta: 1:25:07, time: 0.238, data_time: 0.015, memory: 8298, vote_loss: 3.3281, objectness_loss: 0.3651, semantic_loss: 0.3495, center_loss: 0.4036, dir_class_loss: 0.8644, dir_res_loss: 0.7633, size_class_loss: 0.3495, size_res_loss: 0.2836, loss: 6.7071, grad_norm: 7.5718
2026-05-03 17:53:06,309 - mmdet - INFO - Epoch [24][250/1652]	lr: 8.000e-03, eta: 1:24:55, time: 0.240, data_time: 0.016, memory: 8298, vote_loss: 3.2518, objectness_loss: 0.3331, semantic_loss: 0.3415, center_loss: 0.4745, dir_class_loss: 0.9073, dir_res_loss: 0.7033, size_class_loss: 0.3415, size_res_loss: 0.2754, loss: 6.6285, grad_norm: 7.7570
2026-05-03 17:53:18,262 - mmdet - INFO - Epoch [24][300/1652]	lr: 8.000e-03, eta: 1:24:43, time: 0.239, data_time: 0.016, memory: 8298, vote_loss: 3.4232, objectness_loss: 0.3469, semantic_loss: 0.3686, center_loss: 0.4614, dir_class_loss: 0.8807, dir_res_loss: 0.6711, size_class_loss: 0.3686, size_res_loss: 0.2577, loss: 6.7783, grad_norm: 7.9084
2026-05-03 17:53:30,196 - mmdet - INFO - Epoch [24][350/1652]	lr: 8.000e-03, eta: 1:24:31, time: 0.239, data_time: 0.016, memory: 8298, vote_loss: 3.3789, objectness_loss: 0.3517, semantic_loss: 0.3357, center_loss: 0.4487, dir_class_loss: 0.9899, dir_res_loss: 0.6780, size_class_loss: 0.3357, size_res_loss: 0.2987, loss: 6.8175, grad_norm: 8.1129
2026-05-03 17:53:42,073 - mmdet - INFO - Epoch [24][400/1652]	lr: 8.000e-03, eta: 1:24:19, time: 0.238, data_time: 0.016, memory: 8298, vote_loss: 3.6745, objectness_loss: 0.3658, semantic_loss: 0.3941, center_loss: 0.5170, dir_class_loss: 0.9331, dir_res_loss: 0.6452, size_class_loss: 0.3941, size_res_loss: 0.2777, loss: 7.2015, grad_norm: 8.0444
2026-05-03 17:53:54,087 - mmdet - INFO - Epoch [24][450/1652]	lr: 8.000e-03, eta: 1:24:07, time: 0.240, data_time: 0.017, memory: 8298, vote_loss: 3.5008, objectness_loss: 0.3563, semantic_loss: 0.4037, center_loss: 0.5026, dir_class_loss: 0.9106, dir_res_loss: 0.6976, size_class_loss: 0.4037, size_res_loss: 0.2871, loss: 7.0624, grad_norm: 8.1199
2026-05-03 17:54:06,041 - mmdet - INFO - Epoch [24][500/1652]	lr: 8.000e-03, eta: 1:23:55, time: 0.239, data_time: 0.016, memory: 8298, vote_loss: 3.3559, objectness_loss: 0.3420, semantic_loss: 0.3426, center_loss: 0.5053, dir_class_loss: 0.8194, dir_res_loss: 0.6594, size_class_loss: 0.3426, size_res_loss: 0.2720, loss: 6.6392, grad_norm: 8.3713
2026-05-03 17:54:18,000 - mmdet - INFO - Epoch [24][550/1652]	lr: 8.000e-03, eta: 1:23:43, time: 0.239, data_time: 0.016, memory: 8298, vote_loss: 3.4758, objectness_loss: 0.3459, semantic_loss: 0.4225, center_loss: 0.4599, dir_class_loss: 0.9805, dir_res_loss: 0.7004, size_class_loss: 0.4225, size_res_loss: 0.2769, loss: 7.0844, grad_norm: 8.0017
2026-05-03 17:54:30,165 - mmdet - INFO - Epoch [24][600/1652]	lr: 8.000e-03, eta: 1:23:31, time: 0.243, data_time: 0.017, memory: 8298, vote_loss: 3.2706, objectness_loss: 0.3418, semantic_loss: 0.3777, center_loss: 0.4853, dir_class_loss: 0.9299, dir_res_loss: 0.7043, size_class_loss: 0.3777, size_res_loss: 0.2509, loss: 6.7381, grad_norm: 8.4562
2026-05-03 17:54:42,342 - mmdet - INFO - Epoch [24][650/1652]	lr: 8.000e-03, eta: 1:23:19, time: 0.244, data_time: 0.017, memory: 8298, vote_loss: 3.4708, objectness_loss: 0.3429, semantic_loss: 0.3701, center_loss: 0.4894, dir_class_loss: 0.9129, dir_res_loss: 0.6157, size_class_loss: 0.3701, size_res_loss: 0.2709, loss: 6.8426, grad_norm: 8.1072
2026-05-03 17:54:54,378 - mmdet - INFO - Epoch [24][700/1652]	lr: 8.000e-03, eta: 1:23:07, time: 0.241, data_time: 0.016, memory: 8298, vote_loss: 3.3421, objectness_loss: 0.3610, semantic_loss: 0.4263, center_loss: 0.4417, dir_class_loss: 0.9762, dir_res_loss: 0.6918, size_class_loss: 0.4263, size_res_loss: 0.2794, loss: 6.9449, grad_norm: 7.8529
2026-05-03 17:55:06,258 - mmdet - INFO - Epoch [24][750/1652]	lr: 8.000e-03, eta: 1:22:55, time: 0.238, data_time: 0.016, memory: 8298, vote_loss: 3.4825, objectness_loss: 0.3290, semantic_loss: 0.3378, center_loss: 0.4572, dir_class_loss: 0.9629, dir_res_loss: 0.6568, size_class_loss: 0.3378, size_res_loss: 0.2891, loss: 6.8531, grad_norm: 7.8392
2026-05-03 17:55:18,501 - mmdet - INFO - Epoch [24][800/1652]	lr: 8.000e-03, eta: 1:22:43, time: 0.245, data_time: 0.017, memory: 8298, vote_loss: 3.4859, objectness_loss: 0.3519, semantic_loss: 0.4269, center_loss: 0.4754, dir_class_loss: 0.8664, dir_res_loss: 0.6878, size_class_loss: 0.4268, size_res_loss: 0.3088, loss: 7.0299, grad_norm: 8.1407
2026-05-03 17:55:30,471 - mmdet - INFO - Epoch [24][850/1652]	lr: 8.000e-03, eta: 1:22:31, time: 0.239, data_time: 0.016, memory: 8298, vote_loss: 3.5293, objectness_loss: 0.3613, semantic_loss: 0.3862, center_loss: 0.4479, dir_class_loss: 0.9079, dir_res_loss: 0.6961, size_class_loss: 0.3862, size_res_loss: 0.2810, loss: 6.9959, grad_norm: 7.5519
2026-05-03 17:55:42,393 - mmdet - INFO - Epoch [24][900/1652]	lr: 8.000e-03, eta: 1:22:19, time: 0.238, data_time: 0.016, memory: 8298, vote_loss: 3.2528, objectness_loss: 0.3501, semantic_loss: 0.3494, center_loss: 0.5048, dir_class_loss: 0.9604, dir_res_loss: 0.6477, size_class_loss: 0.3494, size_res_loss: 0.2712, loss: 6.6857, grad_norm: 8.0478
2026-05-03 17:55:54,318 - mmdet - INFO - Epoch [24][950/1652]	lr: 8.000e-03, eta: 1:22:07, time: 0.239, data_time: 0.016, memory: 8298, vote_loss: 3.4096, objectness_loss: 0.3317, semantic_loss: 0.4115, center_loss: 0.4966, dir_class_loss: 0.9094, dir_res_loss: 0.6375, size_class_loss: 0.4115, size_res_loss: 0.2731, loss: 6.8809, grad_norm: 9.0441
2026-05-03 17:56:06,247 - mmdet - INFO - Epoch [24][1000/1652]	lr: 8.000e-03, eta: 1:21:55, time: 0.239, data_time: 0.016, memory: 8298, vote_loss: 3.4758, objectness_loss: 0.3654, semantic_loss: 0.4581, center_loss: 0.5388, dir_class_loss: 0.9462, dir_res_loss: 0.6308, size_class_loss: 0.4581, size_res_loss: 0.2866, loss: 7.1598, grad_norm: 8.1633
2026-05-03 17:56:18,158 - mmdet - INFO - Epoch [24][1050/1652]	lr: 8.000e-03, eta: 1:21:43, time: 0.238, data_time: 0.016, memory: 8298, vote_loss: 3.6284, objectness_loss: 0.3355, semantic_loss: 0.4039, center_loss: 0.4972, dir_class_loss: 0.9675, dir_res_loss: 0.7007, size_class_loss: 0.4038, size_res_loss: 0.2677, loss: 7.2047, grad_norm: 7.8132
2026-05-03 17:56:30,116 - mmdet - INFO - Epoch [24][1100/1652]	lr: 8.000e-03, eta: 1:21:31, time: 0.239, data_time: 0.016, memory: 8298, vote_loss: 3.6490, objectness_loss: 0.3728, semantic_loss: 0.3221, center_loss: 0.5234, dir_class_loss: 0.8529, dir_res_loss: 0.6304, size_class_loss: 0.3221, size_res_loss: 0.2986, loss: 6.9715, grad_norm: 8.8332
2026-05-03 17:56:41,996 - mmdet - INFO - Epoch [24][1150/1652]	lr: 8.000e-03, eta: 1:21:19, time: 0.238, data_time: 0.016, memory: 8298, vote_loss: 3.6641, objectness_loss: 0.3496, semantic_loss: 0.3933, center_loss: 0.4668, dir_class_loss: 0.8924, dir_res_loss: 0.6611, size_class_loss: 0.3933, size_res_loss: 0.2939, loss: 7.1145, grad_norm: 8.2106
2026-05-03 17:56:53,953 - mmdet - INFO - Epoch [24][1200/1652]	lr: 8.000e-03, eta: 1:21:07, time: 0.239, data_time: 0.016, memory: 8298, vote_loss: 3.5134, objectness_loss: 0.3880, semantic_loss: 0.3926, center_loss: 0.4933, dir_class_loss: 0.9760, dir_res_loss: 0.7987, size_class_loss: 0.3926, size_res_loss: 0.2574, loss: 7.2118, grad_norm: 8.4022
2026-05-03 17:57:05,917 - mmdet - INFO - Epoch [24][1250/1652]	lr: 8.000e-03, eta: 1:20:55, time: 0.239, data_time: 0.016, memory: 8298, vote_loss: 3.3698, objectness_loss: 0.3624, semantic_loss: 0.3370, center_loss: 0.4511, dir_class_loss: 0.8199, dir_res_loss: 0.6228, size_class_loss: 0.3370, size_res_loss: 0.2767, loss: 6.5767, grad_norm: 7.7200
2026-05-03 17:57:17,860 - mmdet - INFO - Epoch [24][1300/1652]	lr: 8.000e-03, eta: 1:20:43, time: 0.239, data_time: 0.016, memory: 8298, vote_loss: 3.5534, objectness_loss: 0.3324, semantic_loss: 0.3376, center_loss: 0.4423, dir_class_loss: 0.8565, dir_res_loss: 0.6088, size_class_loss: 0.3376, size_res_loss: 0.2918, loss: 6.7604, grad_norm: 7.6278
2026-05-03 17:57:29,814 - mmdet - INFO - Epoch [24][1350/1652]	lr: 8.000e-03, eta: 1:20:31, time: 0.239, data_time: 0.016, memory: 8298, vote_loss: 3.2421, objectness_loss: 0.3434, semantic_loss: 0.3959, center_loss: 0.4580, dir_class_loss: 0.9219, dir_res_loss: 0.6743, size_class_loss: 0.3959, size_res_loss: 0.2639, loss: 6.6954, grad_norm: 8.1916
2026-05-03 17:57:41,717 - mmdet - INFO - Epoch [24][1400/1652]	lr: 8.000e-03, eta: 1:20:19, time: 0.238, data_time: 0.016, memory: 8298, vote_loss: 3.4424, objectness_loss: 0.3360, semantic_loss: 0.3754, center_loss: 0.4825, dir_class_loss: 0.9294, dir_res_loss: 0.6499, size_class_loss: 0.3754, size_res_loss: 0.2866, loss: 6.8776, grad_norm: 8.0301
2026-05-03 17:57:53,633 - mmdet - INFO - Epoch [24][1450/1652]	lr: 8.000e-03, eta: 1:20:07, time: 0.238, data_time: 0.016, memory: 8298, vote_loss: 3.3228, objectness_loss: 0.3323, semantic_loss: 0.3597, center_loss: 0.4825, dir_class_loss: 0.9718, dir_res_loss: 0.6745, size_class_loss: 0.3597, size_res_loss: 0.2857, loss: 6.7891, grad_norm: 8.5276
2026-05-03 17:58:05,498 - mmdet - INFO - Epoch [24][1500/1652]	lr: 8.000e-03, eta: 1:19:55, time: 0.237, data_time: 0.016, memory: 8298, vote_loss: 3.3652, objectness_loss: 0.3113, semantic_loss: 0.3210, center_loss: 0.5150, dir_class_loss: 0.9604, dir_res_loss: 0.6724, size_class_loss: 0.3210, size_res_loss: 0.2769, loss: 6.7433, grad_norm: 7.6393
2026-05-03 17:58:17,414 - mmdet - INFO - Epoch [24][1550/1652]	lr: 8.000e-03, eta: 1:19:42, time: 0.238, data_time: 0.016, memory: 8298, vote_loss: 3.3348, objectness_loss: 0.3523, semantic_loss: 0.3969, center_loss: 0.4742, dir_class_loss: 0.9268, dir_res_loss: 0.6960, size_class_loss: 0.3969, size_res_loss: 0.2723, loss: 6.8502, grad_norm: 7.7119
2026-05-03 17:58:29,263 - mmdet - INFO - Epoch [24][1600/1652]	lr: 8.000e-03, eta: 1:19:30, time: 0.237, data_time: 0.015, memory: 8298, vote_loss: 3.4397, objectness_loss: 0.3641, semantic_loss: 0.3806, center_loss: 0.4734, dir_class_loss: 0.8669, dir_res_loss: 0.6900, size_class_loss: 0.3806, size_res_loss: 0.2711, loss: 6.8663, grad_norm: 9.1531
2026-05-03 17:58:41,135 - mmdet - INFO - Epoch [24][1650/1652]	lr: 8.000e-03, eta: 1:19:18, time: 0.237, data_time: 0.015, memory: 8298, vote_loss: 3.3743, objectness_loss: 0.3644, semantic_loss: 0.3694, center_loss: 0.4650, dir_class_loss: 0.9433, dir_res_loss: 0.7159, size_class_loss: 0.3694, size_res_loss: 0.2698, loss: 6.8716, grad_norm: 8.0028
2026-05-03 17:58:41,672 - mmdet - INFO - Saving checkpoint at 24 epochs
2026-05-03 17:58:56,520 - mmdet - INFO - Epoch [25][50/1652]	lr: 8.000e-04, eta: 1:19:07, time: 0.296, data_time: 0.073, memory: 8298, vote_loss: 3.4019, objectness_loss: 0.3145, semantic_loss: 0.3228, center_loss: 0.4168, dir_class_loss: 0.8734, dir_res_loss: 0.5631, size_class_loss: 0.3228, size_res_loss: 0.2551, loss: 6.4703, grad_norm: 6.7012
2026-05-03 17:59:08,372 - mmdet - INFO - Epoch [25][100/1652]	lr: 8.000e-04, eta: 1:18:55, time: 0.237, data_time: 0.016, memory: 8298, vote_loss: 3.1240, objectness_loss: 0.3310, semantic_loss: 0.3242, center_loss: 0.4107, dir_class_loss: 0.8347, dir_res_loss: 0.5830, size_class_loss: 0.3242, size_res_loss: 0.2519, loss: 6.1837, grad_norm: 7.2598
2026-05-03 17:59:20,308 - mmdet - INFO - Epoch [25][150/1652]	lr: 8.000e-04, eta: 1:18:43, time: 0.239, data_time: 0.016, memory: 8298, vote_loss: 2.9127, objectness_loss: 0.3552, semantic_loss: 0.2916, center_loss: 0.3951, dir_class_loss: 0.7629, dir_res_loss: 0.5911, size_class_loss: 0.2916, size_res_loss: 0.2189, loss: 5.8189, grad_norm: 6.9178
2026-05-03 17:59:32,534 - mmdet - INFO - Epoch [25][200/1652]	lr: 8.000e-04, eta: 1:18:31, time: 0.245, data_time: 0.018, memory: 8298, vote_loss: 3.3005, objectness_loss: 0.3205, semantic_loss: 0.3151, center_loss: 0.4175, dir_class_loss: 0.8206, dir_res_loss: 0.5268, size_class_loss: 0.3151, size_res_loss: 0.2600, loss: 6.2761, grad_norm: 6.7876
2026-05-03 17:59:44,465 - mmdet - INFO - Epoch [25][250/1652]	lr: 8.000e-04, eta: 1:18:19, time: 0.239, data_time: 0.016, memory: 8298, vote_loss: 3.0393, objectness_loss: 0.3242, semantic_loss: 0.3074, center_loss: 0.4134, dir_class_loss: 0.7947, dir_res_loss: 0.5535, size_class_loss: 0.3074, size_res_loss: 0.2462, loss: 5.9861, grad_norm: 6.6657
2026-05-03 17:59:56,476 - mmdet - INFO - Epoch [25][300/1652]	lr: 8.000e-04, eta: 1:18:07, time: 0.240, data_time: 0.016, memory: 8298, vote_loss: 3.0407, objectness_loss: 0.3082, semantic_loss: 0.2849, center_loss: 0.3826, dir_class_loss: 0.8004, dir_res_loss: 0.5350, size_class_loss: 0.2849, size_res_loss: 0.2510, loss: 5.8877, grad_norm: 6.6934
2026-05-03 18:00:08,380 - mmdet - INFO - Epoch [25][350/1652]	lr: 8.000e-04, eta: 1:17:55, time: 0.238, data_time: 0.017, memory: 8298, vote_loss: 2.9754, objectness_loss: 0.3211, semantic_loss: 0.2927, center_loss: 0.3684, dir_class_loss: 0.8776, dir_res_loss: 0.5609, size_class_loss: 0.2927, size_res_loss: 0.2498, loss: 5.9386, grad_norm: 6.9537
2026-05-03 18:00:20,241 - mmdet - INFO - Epoch [25][400/1652]	lr: 8.000e-04, eta: 1:17:43, time: 0.237, data_time: 0.015, memory: 8298, vote_loss: 2.9947, objectness_loss: 0.2934, semantic_loss: 0.2795, center_loss: 0.3554, dir_class_loss: 0.8158, dir_res_loss: 0.5719, size_class_loss: 0.2796, size_res_loss: 0.2228, loss: 5.8131, grad_norm: 6.9028
2026-05-03 18:00:32,074 - mmdet - INFO - Epoch [25][450/1652]	lr: 8.000e-04, eta: 1:17:31, time: 0.237, data_time: 0.015, memory: 8298, vote_loss: 3.1044, objectness_loss: 0.3063, semantic_loss: 0.2781, center_loss: 0.3726, dir_class_loss: 0.8022, dir_res_loss: 0.5489, size_class_loss: 0.2781, size_res_loss: 0.2494, loss: 5.9401, grad_norm: 7.1536
2026-05-03 18:00:43,967 - mmdet - INFO - Epoch [25][500/1652]	lr: 8.000e-04, eta: 1:17:19, time: 0.238, data_time: 0.016, memory: 8298, vote_loss: 3.1750, objectness_loss: 0.3134, semantic_loss: 0.2654, center_loss: 0.3706, dir_class_loss: 0.7398, dir_res_loss: 0.5250, size_class_loss: 0.2654, size_res_loss: 0.2411, loss: 5.8958, grad_norm: 6.6646
2026-05-03 18:00:56,048 - mmdet - INFO - Epoch [25][550/1652]	lr: 8.000e-04, eta: 1:17:07, time: 0.242, data_time: 0.016, memory: 8298, vote_loss: 3.2442, objectness_loss: 0.3274, semantic_loss: 0.3147, center_loss: 0.3865, dir_class_loss: 0.7869, dir_res_loss: 0.5301, size_class_loss: 0.3147, size_res_loss: 0.2462, loss: 6.1506, grad_norm: 6.6093
2026-05-03 18:01:08,021 - mmdet - INFO - Epoch [25][600/1652]	lr: 8.000e-04, eta: 1:16:55, time: 0.239, data_time: 0.017, memory: 8298, vote_loss: 3.1159, objectness_loss: 0.3073, semantic_loss: 0.2789, center_loss: 0.3787, dir_class_loss: 0.8133, dir_res_loss: 0.5483, size_class_loss: 0.2789, size_res_loss: 0.2477, loss: 5.9689, grad_norm: 6.6085
2026-05-03 18:01:19,894 - mmdet - INFO - Epoch [25][650/1652]	lr: 8.000e-04, eta: 1:16:43, time: 0.237, data_time: 0.016, memory: 8298, vote_loss: 3.2361, objectness_loss: 0.2946, semantic_loss: 0.2551, center_loss: 0.3629, dir_class_loss: 0.7933, dir_res_loss: 0.5439, size_class_loss: 0.2551, size_res_loss: 0.2415, loss: 5.9826, grad_norm: 7.1136
2026-05-03 18:01:31,876 - mmdet - INFO - Epoch [25][700/1652]	lr: 8.000e-04, eta: 1:16:31, time: 0.240, data_time: 0.016, memory: 8298, vote_loss: 3.1477, objectness_loss: 0.3303, semantic_loss: 0.3186, center_loss: 0.4048, dir_class_loss: 0.7591, dir_res_loss: 0.4950, size_class_loss: 0.3186, size_res_loss: 0.2570, loss: 6.0311, grad_norm: 6.6329
2026-05-03 18:01:43,887 - mmdet - INFO - Epoch [25][750/1652]	lr: 8.000e-04, eta: 1:16:19, time: 0.240, data_time: 0.017, memory: 8298, vote_loss: 3.1034, objectness_loss: 0.3165, semantic_loss: 0.2848, center_loss: 0.3763, dir_class_loss: 0.8276, dir_res_loss: 0.5271, size_class_loss: 0.2848, size_res_loss: 0.2342, loss: 5.9545, grad_norm: 6.9867
2026-05-03 18:01:55,816 - mmdet - INFO - Epoch [25][800/1652]	lr: 8.000e-04, eta: 1:16:07, time: 0.239, data_time: 0.014, memory: 8298, vote_loss: 2.9241, objectness_loss: 0.3220, semantic_loss: 0.3110, center_loss: 0.3655, dir_class_loss: 0.7859, dir_res_loss: 0.4924, size_class_loss: 0.3111, size_res_loss: 0.2343, loss: 5.7462, grad_norm: 6.4364
2026-05-03 18:02:07,647 - mmdet - INFO - Epoch [25][850/1652]	lr: 8.000e-04, eta: 1:15:54, time: 0.237, data_time: 0.015, memory: 8298, vote_loss: 2.9138, objectness_loss: 0.3065, semantic_loss: 0.2753, center_loss: 0.3631, dir_class_loss: 0.7182, dir_res_loss: 0.5157, size_class_loss: 0.2753, size_res_loss: 0.2246, loss: 5.5926, grad_norm: 6.8827
2026-05-03 18:02:19,506 - mmdet - INFO - Epoch [25][900/1652]	lr: 8.000e-04, eta: 1:15:42, time: 0.237, data_time: 0.015, memory: 8298, vote_loss: 2.8885, objectness_loss: 0.2988, semantic_loss: 0.2814, center_loss: 0.3755, dir_class_loss: 0.8144, dir_res_loss: 0.5368, size_class_loss: 0.2815, size_res_loss: 0.1994, loss: 5.6763, grad_norm: 6.8627
2026-05-03 18:02:31,451 - mmdet - INFO - Epoch [25][950/1652]	lr: 8.000e-04, eta: 1:15:30, time: 0.239, data_time: 0.016, memory: 8298, vote_loss: 2.9211, objectness_loss: 0.3181, semantic_loss: 0.3031, center_loss: 0.3751, dir_class_loss: 0.7724, dir_res_loss: 0.5150, size_class_loss: 0.3031, size_res_loss: 0.2457, loss: 5.7536, grad_norm: 6.9591
2026-05-03 18:02:43,389 - mmdet - INFO - Epoch [25][1000/1652]	lr: 8.000e-04, eta: 1:15:18, time: 0.239, data_time: 0.016, memory: 8298, vote_loss: 2.9499, objectness_loss: 0.3283, semantic_loss: 0.2867, center_loss: 0.3700, dir_class_loss: 0.7739, dir_res_loss: 0.5419, size_class_loss: 0.2867, size_res_loss: 0.2415, loss: 5.7789, grad_norm: 6.7028
2026-05-03 18:02:55,317 - mmdet - INFO - Epoch [25][1050/1652]	lr: 8.000e-04, eta: 1:15:06, time: 0.239, data_time: 0.016, memory: 8298, vote_loss: 3.0016, objectness_loss: 0.2848, semantic_loss: 0.2654, center_loss: 0.3855, dir_class_loss: 0.8338, dir_res_loss: 0.5778, size_class_loss: 0.2654, size_res_loss: 0.2396, loss: 5.8539, grad_norm: 6.8013
2026-05-03 18:03:07,284 - mmdet - INFO - Epoch [25][1100/1652]	lr: 8.000e-04, eta: 1:14:54, time: 0.239, data_time: 0.016, memory: 8298, vote_loss: 2.8765, objectness_loss: 0.2871, semantic_loss: 0.2821, center_loss: 0.3993, dir_class_loss: 0.7879, dir_res_loss: 0.5355, size_class_loss: 0.2821, size_res_loss: 0.2207, loss: 5.6711, grad_norm: 6.7291
2026-05-03 18:03:19,363 - mmdet - INFO - Epoch [25][1150/1652]	lr: 8.000e-04, eta: 1:14:42, time: 0.242, data_time: 0.020, memory: 8298, vote_loss: 2.9418, objectness_loss: 0.3049, semantic_loss: 0.2596, center_loss: 0.4082, dir_class_loss: 0.7704, dir_res_loss: 0.5390, size_class_loss: 0.2595, size_res_loss: 0.2054, loss: 5.6887, grad_norm: 7.2402
2026-05-03 18:03:31,130 - mmdet - INFO - Epoch [25][1200/1652]	lr: 8.000e-04, eta: 1:14:30, time: 0.235, data_time: 0.016, memory: 8298, vote_loss: 2.8861, objectness_loss: 0.2934, semantic_loss: 0.2560, center_loss: 0.3618, dir_class_loss: 0.7186, dir_res_loss: 0.4478, size_class_loss: 0.2560, size_res_loss: 0.2296, loss: 5.4492, grad_norm: 6.9509
2026-05-03 18:03:43,033 - mmdet - INFO - Epoch [25][1250/1652]	lr: 8.000e-04, eta: 1:14:18, time: 0.238, data_time: 0.016, memory: 8298, vote_loss: 3.0603, objectness_loss: 0.3072, semantic_loss: 0.2780, center_loss: 0.3750, dir_class_loss: 0.6504, dir_res_loss: 0.5020, size_class_loss: 0.2780, size_res_loss: 0.2421, loss: 5.6930, grad_norm: 7.2117
2026-05-03 18:03:54,924 - mmdet - INFO - Epoch [25][1300/1652]	lr: 8.000e-04, eta: 1:14:06, time: 0.238, data_time: 0.016, memory: 8298, vote_loss: 3.0435, objectness_loss: 0.3034, semantic_loss: 0.2760, center_loss: 0.3782, dir_class_loss: 0.8114, dir_res_loss: 0.5007, size_class_loss: 0.2760, size_res_loss: 0.2470, loss: 5.8361, grad_norm: 6.8050
2026-05-03 18:04:06,892 - mmdet - INFO - Epoch [25][1350/1652]	lr: 8.000e-04, eta: 1:13:54, time: 0.239, data_time: 0.016, memory: 8298, vote_loss: 2.9167, objectness_loss: 0.2854, semantic_loss: 0.2709, center_loss: 0.4221, dir_class_loss: 0.7522, dir_res_loss: 0.5030, size_class_loss: 0.2709, size_res_loss: 0.2025, loss: 5.6239, grad_norm: 6.3642
2026-05-03 18:04:18,826 - mmdet - INFO - Epoch [25][1400/1652]	lr: 8.000e-04, eta: 1:13:42, time: 0.239, data_time: 0.016, memory: 8298, vote_loss: 3.0042, objectness_loss: 0.3314, semantic_loss: 0.2470, center_loss: 0.3636, dir_class_loss: 0.7993, dir_res_loss: 0.5408, size_class_loss: 0.2470, size_res_loss: 0.2167, loss: 5.7500, grad_norm: 6.4636
2026-05-03 18:04:30,746 - mmdet - INFO - Epoch [25][1450/1652]	lr: 8.000e-04, eta: 1:13:30, time: 0.238, data_time: 0.016, memory: 8298, vote_loss: 2.9182, objectness_loss: 0.3037, semantic_loss: 0.2486, center_loss: 0.3611, dir_class_loss: 0.8083, dir_res_loss: 0.5194, size_class_loss: 0.2486, size_res_loss: 0.2597, loss: 5.6677, grad_norm: 7.2666
2026-05-03 18:04:42,593 - mmdet - INFO - Epoch [25][1500/1652]	lr: 8.000e-04, eta: 1:13:18, time: 0.237, data_time: 0.015, memory: 8298, vote_loss: 3.0672, objectness_loss: 0.3032, semantic_loss: 0.2584, center_loss: 0.3689, dir_class_loss: 0.8087, dir_res_loss: 0.4941, size_class_loss: 0.2584, size_res_loss: 0.2508, loss: 5.8097, grad_norm: 6.5329
2026-05-03 18:04:54,584 - mmdet - INFO - Epoch [25][1550/1652]	lr: 8.000e-04, eta: 1:13:06, time: 0.240, data_time: 0.016, memory: 8298, vote_loss: 3.0551, objectness_loss: 0.3208, semantic_loss: 0.2467, center_loss: 0.3949, dir_class_loss: 0.7262, dir_res_loss: 0.4902, size_class_loss: 0.2467, size_res_loss: 0.2213, loss: 5.7019, grad_norm: 6.8154
2026-05-03 18:05:06,553 - mmdet - INFO - Epoch [25][1600/1652]	lr: 8.000e-04, eta: 1:12:54, time: 0.239, data_time: 0.016, memory: 8298, vote_loss: 3.0030, objectness_loss: 0.2885, semantic_loss: 0.2854, center_loss: 0.3736, dir_class_loss: 0.8011, dir_res_loss: 0.5184, size_class_loss: 0.2854, size_res_loss: 0.2291, loss: 5.7844, grad_norm: 6.9963
2026-05-03 18:05:18,447 - mmdet - INFO - Epoch [25][1650/1652]	lr: 8.000e-04, eta: 1:12:42, time: 0.238, data_time: 0.016, memory: 8298, vote_loss: 3.0685, objectness_loss: 0.3007, semantic_loss: 0.3114, center_loss: 0.3976, dir_class_loss: 0.8249, dir_res_loss: 0.5035, size_class_loss: 0.3114, size_res_loss: 0.2577, loss: 5.9756, grad_norm: 7.0311
2026-05-03 18:05:18,981 - mmdet - INFO - Saving checkpoint at 25 epochs
2026-05-03 18:05:33,744 - mmdet - INFO - Epoch [26][50/1652]	lr: 8.000e-04, eta: 1:12:30, time: 0.295, data_time: 0.070, memory: 8298, vote_loss: 2.9718, objectness_loss: 0.2950, semantic_loss: 0.2440, center_loss: 0.3514, dir_class_loss: 0.8351, dir_res_loss: 0.4944, size_class_loss: 0.2441, size_res_loss: 0.2194, loss: 5.6553, grad_norm: 6.8843
2026-05-03 18:05:45,689 - mmdet - INFO - Epoch [26][100/1652]	lr: 8.000e-04, eta: 1:12:18, time: 0.239, data_time: 0.016, memory: 8298, vote_loss: 2.9940, objectness_loss: 0.3075, semantic_loss: 0.2874, center_loss: 0.3611, dir_class_loss: 0.8461, dir_res_loss: 0.5370, size_class_loss: 0.2874, size_res_loss: 0.2310, loss: 5.8514, grad_norm: 6.8196
2026-05-03 18:05:57,661 - mmdet - INFO - Epoch [26][150/1652]	lr: 8.000e-04, eta: 1:12:06, time: 0.239, data_time: 0.016, memory: 8298, vote_loss: 3.0966, objectness_loss: 0.2996, semantic_loss: 0.2755, center_loss: 0.3480, dir_class_loss: 0.7612, dir_res_loss: 0.4565, size_class_loss: 0.2755, size_res_loss: 0.2167, loss: 5.7297, grad_norm: 6.7385
2026-05-03 18:06:09,581 - mmdet - INFO - Epoch [26][200/1652]	lr: 8.000e-04, eta: 1:11:54, time: 0.238, data_time: 0.016, memory: 8298, vote_loss: 2.9485, objectness_loss: 0.2969, semantic_loss: 0.2672, center_loss: 0.3524, dir_class_loss: 0.7426, dir_res_loss: 0.5337, size_class_loss: 0.2672, size_res_loss: 0.2166, loss: 5.6251, grad_norm: 7.1896
2026-05-03 18:06:21,555 - mmdet - INFO - Epoch [26][250/1652]	lr: 8.000e-04, eta: 1:11:42, time: 0.239, data_time: 0.016, memory: 8298, vote_loss: 2.9970, objectness_loss: 0.3097, semantic_loss: 0.2701, center_loss: 0.3519, dir_class_loss: 0.8008, dir_res_loss: 0.4775, size_class_loss: 0.2701, size_res_loss: 0.2495, loss: 5.7265, grad_norm: 6.4611
2026-05-03 18:06:33,557 - mmdet - INFO - Epoch [26][300/1652]	lr: 8.000e-04, eta: 1:11:30, time: 0.240, data_time: 0.016, memory: 8298, vote_loss: 2.9512, objectness_loss: 0.3048, semantic_loss: 0.2337, center_loss: 0.3692, dir_class_loss: 0.7594, dir_res_loss: 0.4519, size_class_loss: 0.2337, size_res_loss: 0.2335, loss: 5.5374, grad_norm: 6.1756
2026-05-03 18:06:45,449 - mmdet - INFO - Epoch [26][350/1652]	lr: 8.000e-04, eta: 1:11:18, time: 0.238, data_time: 0.016, memory: 8298, vote_loss: 3.0748, objectness_loss: 0.3075, semantic_loss: 0.2829, center_loss: 0.3670, dir_class_loss: 0.8172, dir_res_loss: 0.5479, size_class_loss: 0.2829, size_res_loss: 0.2429, loss: 5.9230, grad_norm: 7.0704
2026-05-03 18:06:57,365 - mmdet - INFO - Epoch [26][400/1652]	lr: 8.000e-04, eta: 1:11:06, time: 0.238, data_time: 0.015, memory: 8298, vote_loss: 2.8962, objectness_loss: 0.3049, semantic_loss: 0.3019, center_loss: 0.3369, dir_class_loss: 0.8481, dir_res_loss: 0.5247, size_class_loss: 0.3019, size_res_loss: 0.2170, loss: 5.7315, grad_norm: 6.1462
2026-05-03 18:07:09,260 - mmdet - INFO - Epoch [26][450/1652]	lr: 8.000e-04, eta: 1:10:54, time: 0.238, data_time: 0.015, memory: 8298, vote_loss: 3.0186, objectness_loss: 0.2993, semantic_loss: 0.2342, center_loss: 0.3626, dir_class_loss: 0.7548, dir_res_loss: 0.5355, size_class_loss: 0.2342, size_res_loss: 0.2303, loss: 5.6695, grad_norm: 6.7288
2026-05-03 18:07:21,139 - mmdet - INFO - Epoch [26][500/1652]	lr: 8.000e-04, eta: 1:10:42, time: 0.238, data_time: 0.016, memory: 8298, vote_loss: 2.8938, objectness_loss: 0.2905, semantic_loss: 0.2341, center_loss: 0.3616, dir_class_loss: 0.7041, dir_res_loss: 0.4955, size_class_loss: 0.2341, size_res_loss: 0.2049, loss: 5.4187, grad_norm: 7.0460
2026-05-03 18:07:33,043 - mmdet - INFO - Epoch [26][550/1652]	lr: 8.000e-04, eta: 1:10:30, time: 0.238, data_time: 0.016, memory: 8298, vote_loss: 2.9364, objectness_loss: 0.3025, semantic_loss: 0.2565, center_loss: 0.3769, dir_class_loss: 0.7522, dir_res_loss: 0.5005, size_class_loss: 0.2565, size_res_loss: 0.2372, loss: 5.6186, grad_norm: 6.7681
2026-05-03 18:07:45,050 - mmdet - INFO - Epoch [26][600/1652]	lr: 8.000e-04, eta: 1:10:18, time: 0.240, data_time: 0.016, memory: 8298, vote_loss: 2.9216, objectness_loss: 0.2973, semantic_loss: 0.2728, center_loss: 0.4018, dir_class_loss: 0.7837, dir_res_loss: 0.4984, size_class_loss: 0.2728, size_res_loss: 0.2532, loss: 5.7017, grad_norm: 6.7922
2026-05-03 18:07:56,926 - mmdet - INFO - Epoch [26][650/1652]	lr: 8.000e-04, eta: 1:10:06, time: 0.238, data_time: 0.016, memory: 8298, vote_loss: 2.9333, objectness_loss: 0.3054, semantic_loss: 0.2749, center_loss: 0.3667, dir_class_loss: 0.7405, dir_res_loss: 0.5395, size_class_loss: 0.2749, size_res_loss: 0.2213, loss: 5.6565, grad_norm: 7.4903
2026-05-03 18:08:08,805 - mmdet - INFO - Exp name: votenet_16x8_sunrgbd-3d-10class.py
2026-05-03 18:08:08,805 - mmdet - INFO - Epoch [26][700/1652]	lr: 8.000e-04, eta: 1:09:54, time: 0.238, data_time: 0.016, memory: 8298, vote_loss: 2.8549, objectness_loss: 0.3170, semantic_loss: 0.2904, center_loss: 0.3640, dir_class_loss: 0.7144, dir_res_loss: 0.4504, size_class_loss: 0.2904, size_res_loss: 0.2085, loss: 5.4900, grad_norm: 7.2331
2026-05-03 18:08:20,714 - mmdet - INFO - Epoch [26][750/1652]	lr: 8.000e-04, eta: 1:09:42, time: 0.238, data_time: 0.016, memory: 8298, vote_loss: 2.8798, objectness_loss: 0.3011, semantic_loss: 0.2531, center_loss: 0.4003, dir_class_loss: 0.7736, dir_res_loss: 0.4962, size_class_loss: 0.2531, size_res_loss: 0.2161, loss: 5.5733, grad_norm: 7.0958
2026-05-03 18:08:32,737 - mmdet - INFO - Epoch [26][800/1652]	lr: 8.000e-04, eta: 1:09:30, time: 0.240, data_time: 0.016, memory: 8298, vote_loss: 2.9482, objectness_loss: 0.2966, semantic_loss: 0.2525, center_loss: 0.3686, dir_class_loss: 0.7345, dir_res_loss: 0.5062, size_class_loss: 0.2525, size_res_loss: 0.2107, loss: 5.5698, grad_norm: 6.8292
2026-05-03 18:08:44,589 - mmdet - INFO - Epoch [26][850/1652]	lr: 8.000e-04, eta: 1:09:18, time: 0.237, data_time: 0.015, memory: 8298, vote_loss: 2.9686, objectness_loss: 0.2858, semantic_loss: 0.2668, center_loss: 0.3538, dir_class_loss: 0.7855, dir_res_loss: 0.5181, size_class_loss: 0.2668, size_res_loss: 0.2667, loss: 5.7121, grad_norm: 6.9795
2026-05-03 18:08:56,506 - mmdet - INFO - Epoch [26][900/1652]	lr: 8.000e-04, eta: 1:09:06, time: 0.238, data_time: 0.016, memory: 8298, vote_loss: 2.9435, objectness_loss: 0.2925, semantic_loss: 0.2590, center_loss: 0.3519, dir_class_loss: 0.7408, dir_res_loss: 0.5341, size_class_loss: 0.2590, size_res_loss: 0.2234, loss: 5.6043, grad_norm: 6.7729
2026-05-03 18:09:08,430 - mmdet - INFO - Epoch [26][950/1652]	lr: 8.000e-04, eta: 1:08:54, time: 0.238, data_time: 0.016, memory: 8298, vote_loss: 2.7754, objectness_loss: 0.3037, semantic_loss: 0.2524, center_loss: 0.3712, dir_class_loss: 0.7236, dir_res_loss: 0.4798, size_class_loss: 0.2524, size_res_loss: 0.2229, loss: 5.3815, grad_norm: 6.2487
2026-05-03 18:09:20,358 - mmdet - INFO - Epoch [26][1000/1652]	lr: 8.000e-04, eta: 1:08:42, time: 0.239, data_time: 0.016, memory: 8298, vote_loss: 2.9908, objectness_loss: 0.3305, semantic_loss: 0.2801, center_loss: 0.3364, dir_class_loss: 0.7249, dir_res_loss: 0.4678, size_class_loss: 0.2801, size_res_loss: 0.2189, loss: 5.6295, grad_norm: 6.7907
2026-05-03 18:09:32,291 - mmdet - INFO - Epoch [26][1050/1652]	lr: 8.000e-04, eta: 1:08:30, time: 0.239, data_time: 0.016, memory: 8298, vote_loss: 2.9083, objectness_loss: 0.3102, semantic_loss: 0.2619, center_loss: 0.3499, dir_class_loss: 0.7469, dir_res_loss: 0.5414, size_class_loss: 0.2619, size_res_loss: 0.2202, loss: 5.6008, grad_norm: 6.5668
2026-05-03 18:09:44,195 - mmdet - INFO - Epoch [26][1100/1652]	lr: 8.000e-04, eta: 1:08:18, time: 0.238, data_time: 0.016, memory: 8298, vote_loss: 2.9398, objectness_loss: 0.3113, semantic_loss: 0.2852, center_loss: 0.3863, dir_class_loss: 0.7805, dir_res_loss: 0.4766, size_class_loss: 0.2852, size_res_loss: 0.2374, loss: 5.7022, grad_norm: 7.2981
2026-05-03 18:09:56,156 - mmdet - INFO - Epoch [26][1150/1652]	lr: 8.000e-04, eta: 1:08:06, time: 0.239, data_time: 0.016, memory: 8298, vote_loss: 2.9084, objectness_loss: 0.2936, semantic_loss: 0.2739, center_loss: 0.3455, dir_class_loss: 0.7166, dir_res_loss: 0.4966, size_class_loss: 0.2739, size_res_loss: 0.1940, loss: 5.5025, grad_norm: 6.7973
2026-05-03 18:10:08,108 - mmdet - INFO - Epoch [26][1200/1652]	lr: 8.000e-04, eta: 1:07:54, time: 0.239, data_time: 0.016, memory: 8298, vote_loss: 2.8742, objectness_loss: 0.2918, semantic_loss: 0.2600, center_loss: 0.3912, dir_class_loss: 0.7813, dir_res_loss: 0.5068, size_class_loss: 0.2600, size_res_loss: 0.2292, loss: 5.5944, grad_norm: 7.0580
2026-05-03 18:10:20,089 - mmdet - INFO - Epoch [26][1250/1652]	lr: 8.000e-04, eta: 1:07:42, time: 0.240, data_time: 0.017, memory: 8298, vote_loss: 2.9938, objectness_loss: 0.2992, semantic_loss: 0.2738, center_loss: 0.3623, dir_class_loss: 0.7844, dir_res_loss: 0.5722, size_class_loss: 0.2738, size_res_loss: 0.2257, loss: 5.7852, grad_norm: 6.9891
2026-05-03 18:10:31,931 - mmdet - INFO - Epoch [26][1300/1652]	lr: 8.000e-04, eta: 1:07:30, time: 0.237, data_time: 0.016, memory: 8298, vote_loss: 2.9291, objectness_loss: 0.3354, semantic_loss: 0.2470, center_loss: 0.4136, dir_class_loss: 0.6851, dir_res_loss: 0.4716, size_class_loss: 0.2470, size_res_loss: 0.2454, loss: 5.5740, grad_norm: 7.8607
2026-05-03 18:10:43,832 - mmdet - INFO - Epoch [26][1350/1652]	lr: 8.000e-04, eta: 1:07:17, time: 0.238, data_time: 0.016, memory: 8298, vote_loss: 3.0003, objectness_loss: 0.2854, semantic_loss: 0.2793, center_loss: 0.3722, dir_class_loss: 0.7728, dir_res_loss: 0.4937, size_class_loss: 0.2793, size_res_loss: 0.2495, loss: 5.7325, grad_norm: 7.1250
2026-05-03 18:10:55,753 - mmdet - INFO - Epoch [26][1400/1652]	lr: 8.000e-04, eta: 1:07:05, time: 0.238, data_time: 0.016, memory: 8298, vote_loss: 2.8639, objectness_loss: 0.2928, semantic_loss: 0.2460, center_loss: 0.3528, dir_class_loss: 0.8505, dir_res_loss: 0.5488, size_class_loss: 0.2460, size_res_loss: 0.2204, loss: 5.6211, grad_norm: 6.9496
2026-05-03 18:11:07,670 - mmdet - INFO - Epoch [26][1450/1652]	lr: 8.000e-04, eta: 1:06:53, time: 0.238, data_time: 0.016, memory: 8298, vote_loss: 2.9626, objectness_loss: 0.3117, semantic_loss: 0.2465, center_loss: 0.3961, dir_class_loss: 0.7651, dir_res_loss: 0.4799, size_class_loss: 0.2465, size_res_loss: 0.2461, loss: 5.6545, grad_norm: 7.4120
2026-05-03 18:11:19,569 - mmdet - INFO - Epoch [26][1500/1652]	lr: 8.000e-04, eta: 1:06:41, time: 0.238, data_time: 0.016, memory: 8298, vote_loss: 2.9624, objectness_loss: 0.2943, semantic_loss: 0.2393, center_loss: 0.3603, dir_class_loss: 0.7690, dir_res_loss: 0.5135, size_class_loss: 0.2393, size_res_loss: 0.2436, loss: 5.6218, grad_norm: 6.9941
2026-05-03 18:11:31,459 - mmdet - INFO - Epoch [26][1550/1652]	lr: 8.000e-04, eta: 1:06:29, time: 0.238, data_time: 0.016, memory: 8298, vote_loss: 2.8671, objectness_loss: 0.2924, semantic_loss: 0.2172, center_loss: 0.3701, dir_class_loss: 0.7768, dir_res_loss: 0.4924, size_class_loss: 0.2172, size_res_loss: 0.2324, loss: 5.4658, grad_norm: 6.9158
2026-05-03 18:11:43,293 - mmdet - INFO - Epoch [26][1600/1652]	lr: 8.000e-04, eta: 1:06:17, time: 0.237, data_time: 0.016, memory: 8298, vote_loss: 2.8398, objectness_loss: 0.3009, semantic_loss: 0.2478, center_loss: 0.3460, dir_class_loss: 0.7779, dir_res_loss: 0.5131, size_class_loss: 0.2478, size_res_loss: 0.2260, loss: 5.4993, grad_norm: 6.7108
2026-05-03 18:11:55,233 - mmdet - INFO - Epoch [26][1650/1652]	lr: 8.000e-04, eta: 1:06:05, time: 0.239, data_time: 0.016, memory: 8298, vote_loss: 2.8850, objectness_loss: 0.2871, semantic_loss: 0.2505, center_loss: 0.3459, dir_class_loss: 0.7294, dir_res_loss: 0.4879, size_class_loss: 0.2505, size_res_loss: 0.2194, loss: 5.4557, grad_norm: 6.5905
2026-05-03 18:11:55,761 - mmdet - INFO - Saving checkpoint at 26 epochs
2026-05-03 18:12:10,559 - mmdet - INFO - Epoch [27][50/1652]	lr: 8.000e-04, eta: 1:05:54, time: 0.295, data_time: 0.072, memory: 8298, vote_loss: 2.9204, objectness_loss: 0.3001, semantic_loss: 0.2723, center_loss: 0.3386, dir_class_loss: 0.7700, dir_res_loss: 0.5178, size_class_loss: 0.2723, size_res_loss: 0.2253, loss: 5.6169, grad_norm: 6.5948
2026-05-03 18:12:22,474 - mmdet - INFO - Epoch [27][100/1652]	lr: 8.000e-04, eta: 1:05:42, time: 0.238, data_time: 0.016, memory: 8298, vote_loss: 3.0060, objectness_loss: 0.2846, semantic_loss: 0.2400, center_loss: 0.3764, dir_class_loss: 0.7097, dir_res_loss: 0.5121, size_class_loss: 0.2400, size_res_loss: 0.2417, loss: 5.6105, grad_norm: 6.7030
2026-05-03 18:12:34,409 - mmdet - INFO - Epoch [27][150/1652]	lr: 8.000e-04, eta: 1:05:30, time: 0.239, data_time: 0.016, memory: 8298, vote_loss: 2.8393, objectness_loss: 0.2860, semantic_loss: 0.2175, center_loss: 0.3573, dir_class_loss: 0.7598, dir_res_loss: 0.4971, size_class_loss: 0.2175, size_res_loss: 0.2206, loss: 5.3954, grad_norm: 6.8214
2026-05-03 18:12:46,330 - mmdet - INFO - Epoch [27][200/1652]	lr: 8.000e-04, eta: 1:05:18, time: 0.238, data_time: 0.016, memory: 8298, vote_loss: 2.9031, objectness_loss: 0.2780, semantic_loss: 0.2186, center_loss: 0.3894, dir_class_loss: 0.7572, dir_res_loss: 0.4835, size_class_loss: 0.2186, size_res_loss: 0.2216, loss: 5.4698, grad_norm: 6.7790
2026-05-03 18:12:58,315 - mmdet - INFO - Epoch [27][250/1652]	lr: 8.000e-04, eta: 1:05:05, time: 0.240, data_time: 0.016, memory: 8298, vote_loss: 2.9294, objectness_loss: 0.2863, semantic_loss: 0.2389, center_loss: 0.3200, dir_class_loss: 0.7168, dir_res_loss: 0.5144, size_class_loss: 0.2389, size_res_loss: 0.2301, loss: 5.4749, grad_norm: 6.4693
2026-05-03 18:13:10,225 - mmdet - INFO - Epoch [27][300/1652]	lr: 8.000e-04, eta: 1:04:53, time: 0.238, data_time: 0.015, memory: 8298, vote_loss: 3.0149, objectness_loss: 0.2875, semantic_loss: 0.2488, center_loss: 0.3643, dir_class_loss: 0.7837, dir_res_loss: 0.5641, size_class_loss: 0.2488, size_res_loss: 0.2350, loss: 5.7472, grad_norm: 6.9961
2026-05-03 18:13:22,128 - mmdet - INFO - Epoch [27][350/1652]	lr: 8.000e-04, eta: 1:04:41, time: 0.238, data_time: 0.016, memory: 8298, vote_loss: 2.9169, objectness_loss: 0.2889, semantic_loss: 0.2611, center_loss: 0.3557, dir_class_loss: 0.7618, dir_res_loss: 0.5261, size_class_loss: 0.2611, size_res_loss: 0.2208, loss: 5.5924, grad_norm: 7.2374
2026-05-03 18:13:33,980 - mmdet - INFO - Epoch [27][400/1652]	lr: 8.000e-04, eta: 1:04:29, time: 0.237, data_time: 0.016, memory: 8298, vote_loss: 2.8940, objectness_loss: 0.2826, semantic_loss: 0.2668, center_loss: 0.3349, dir_class_loss: 0.7137, dir_res_loss: 0.5173, size_class_loss: 0.2668, size_res_loss: 0.2083, loss: 5.4844, grad_norm: 7.1487
2026-05-03 18:13:45,814 - mmdet - INFO - Epoch [27][450/1652]	lr: 8.000e-04, eta: 1:04:17, time: 0.237, data_time: 0.015, memory: 8298, vote_loss: 2.8672, objectness_loss: 0.2977, semantic_loss: 0.2687, center_loss: 0.3653, dir_class_loss: 0.7706, dir_res_loss: 0.4595, size_class_loss: 0.2687, size_res_loss: 0.2341, loss: 5.5319, grad_norm: 7.2114
2026-05-03 18:13:57,954 - mmdet - INFO - Epoch [27][500/1652]	lr: 8.000e-04, eta: 1:04:05, time: 0.243, data_time: 0.019, memory: 8298, vote_loss: 3.0244, objectness_loss: 0.3017, semantic_loss: 0.2487, center_loss: 0.3827, dir_class_loss: 0.7017, dir_res_loss: 0.4909, size_class_loss: 0.2487, size_res_loss: 0.2387, loss: 5.6376, grad_norm: 7.1464
2026-05-03 18:14:09,870 - mmdet - INFO - Epoch [27][550/1652]	lr: 8.000e-04, eta: 1:03:53, time: 0.238, data_time: 0.016, memory: 8298, vote_loss: 3.0647, objectness_loss: 0.2938, semantic_loss: 0.2810, center_loss: 0.3274, dir_class_loss: 0.7227, dir_res_loss: 0.5334, size_class_loss: 0.2810, size_res_loss: 0.2286, loss: 5.7326, grad_norm: 6.7028
2026-05-03 18:14:21,762 - mmdet - INFO - Epoch [27][600/1652]	lr: 8.000e-04, eta: 1:03:41, time: 0.238, data_time: 0.016, memory: 8298, vote_loss: 2.8427, objectness_loss: 0.3034, semantic_loss: 0.2224, center_loss: 0.3518, dir_class_loss: 0.8319, dir_res_loss: 0.4654, size_class_loss: 0.2224, size_res_loss: 0.2185, loss: 5.4585, grad_norm: 7.1168
2026-05-03 18:14:33,589 - mmdet - INFO - Epoch [27][650/1652]	lr: 8.000e-04, eta: 1:03:29, time: 0.237, data_time: 0.016, memory: 8298, vote_loss: 2.8964, objectness_loss: 0.2857, semantic_loss: 0.2613, center_loss: 0.3450, dir_class_loss: 0.6757, dir_res_loss: 0.4702, size_class_loss: 0.2613, size_res_loss: 0.2425, loss: 5.4381, grad_norm: 7.0728
2026-05-03 18:14:45,433 - mmdet - INFO - Epoch [27][700/1652]	lr: 8.000e-04, eta: 1:03:17, time: 0.237, data_time: 0.016, memory: 8298, vote_loss: 2.8448, objectness_loss: 0.2917, semantic_loss: 0.2758, center_loss: 0.3647, dir_class_loss: 0.7127, dir_res_loss: 0.5046, size_class_loss: 0.2758, size_res_loss: 0.2238, loss: 5.4938, grad_norm: 6.4606
2026-05-03 18:14:57,623 - mmdet - INFO - Epoch [27][750/1652]	lr: 8.000e-04, eta: 1:03:05, time: 0.244, data_time: 0.017, memory: 8298, vote_loss: 2.9055, objectness_loss: 0.2792, semantic_loss: 0.2742, center_loss: 0.3261, dir_class_loss: 0.7631, dir_res_loss: 0.5427, size_class_loss: 0.2742, size_res_loss: 0.2467, loss: 5.6117, grad_norm: 6.8213
2026-05-03 18:15:09,610 - mmdet - INFO - Epoch [27][800/1652]	lr: 8.000e-04, eta: 1:02:53, time: 0.240, data_time: 0.016, memory: 8298, vote_loss: 3.0169, objectness_loss: 0.2849, semantic_loss: 0.2702, center_loss: 0.3531, dir_class_loss: 0.8104, dir_res_loss: 0.5200, size_class_loss: 0.2702, size_res_loss: 0.2334, loss: 5.7592, grad_norm: 6.7912
2026-05-03 18:15:21,589 - mmdet - INFO - Epoch [27][850/1652]	lr: 8.000e-04, eta: 1:02:41, time: 0.240, data_time: 0.016, memory: 8298, vote_loss: 2.9066, objectness_loss: 0.2933, semantic_loss: 0.2671, center_loss: 0.3644, dir_class_loss: 0.7440, dir_res_loss: 0.5173, size_class_loss: 0.2671, size_res_loss: 0.2137, loss: 5.5735, grad_norm: 6.4974
2026-05-03 18:15:33,501 - mmdet - INFO - Epoch [27][900/1652]	lr: 8.000e-04, eta: 1:02:29, time: 0.238, data_time: 0.016, memory: 8298, vote_loss: 2.9480, objectness_loss: 0.2907, semantic_loss: 0.2707, center_loss: 0.3644, dir_class_loss: 0.7381, dir_res_loss: 0.4913, size_class_loss: 0.2707, size_res_loss: 0.2288, loss: 5.6027, grad_norm: 6.5294
2026-05-03 18:15:45,521 - mmdet - INFO - Epoch [27][950/1652]	lr: 8.000e-04, eta: 1:02:17, time: 0.240, data_time: 0.016, memory: 8298, vote_loss: 2.8697, objectness_loss: 0.2983, semantic_loss: 0.2444, center_loss: 0.3411, dir_class_loss: 0.6895, dir_res_loss: 0.5013, size_class_loss: 0.2444, size_res_loss: 0.2172, loss: 5.4059, grad_norm: 7.4908
2026-05-03 18:15:57,404 - mmdet - INFO - Epoch [27][1000/1652]	lr: 8.000e-04, eta: 1:02:05, time: 0.238, data_time: 0.016, memory: 8298, vote_loss: 2.7570, objectness_loss: 0.2942, semantic_loss: 0.2424, center_loss: 0.3550, dir_class_loss: 0.6985, dir_res_loss: 0.4709, size_class_loss: 0.2424, size_res_loss: 0.2147, loss: 5.2751, grad_norm: 7.0807
2026-05-03 18:16:09,383 - mmdet - INFO - Epoch [27][1050/1652]	lr: 8.000e-04, eta: 1:01:53, time: 0.240, data_time: 0.016, memory: 8298, vote_loss: 2.8648, objectness_loss: 0.3099, semantic_loss: 0.2588, center_loss: 0.3482, dir_class_loss: 0.7536, dir_res_loss: 0.5089, size_class_loss: 0.2588, size_res_loss: 0.2240, loss: 5.5270, grad_norm: 6.3813
2026-05-03 18:16:21,296 - mmdet - INFO - Epoch [27][1100/1652]	lr: 8.000e-04, eta: 1:01:41, time: 0.238, data_time: 0.016, memory: 8298, vote_loss: 2.8922, objectness_loss: 0.2877, semantic_loss: 0.2069, center_loss: 0.3189, dir_class_loss: 0.7337, dir_res_loss: 0.4739, size_class_loss: 0.2069, size_res_loss: 0.1984, loss: 5.3185, grad_norm: 6.9122
2026-05-03 18:16:33,177 - mmdet - INFO - Epoch [27][1150/1652]	lr: 8.000e-04, eta: 1:01:29, time: 0.238, data_time: 0.016, memory: 8298, vote_loss: 2.9275, objectness_loss: 0.2989, semantic_loss: 0.2458, center_loss: 0.3652, dir_class_loss: 0.7142, dir_res_loss: 0.5194, size_class_loss: 0.2458, size_res_loss: 0.2211, loss: 5.5379, grad_norm: 6.9877
2026-05-03 18:16:45,084 - mmdet - INFO - Epoch [27][1200/1652]	lr: 8.000e-04, eta: 1:01:17, time: 0.238, data_time: 0.015, memory: 8298, vote_loss: 3.1449, objectness_loss: 0.2880, semantic_loss: 0.2501, center_loss: 0.4042, dir_class_loss: 0.7513, dir_res_loss: 0.4601, size_class_loss: 0.2501, size_res_loss: 0.2576, loss: 5.8062, grad_norm: 7.2431
2026-05-03 18:16:56,968 - mmdet - INFO - Epoch [27][1250/1652]	lr: 8.000e-04, eta: 1:01:05, time: 0.238, data_time: 0.016, memory: 8298, vote_loss: 2.8687, objectness_loss: 0.3249, semantic_loss: 0.2518, center_loss: 0.3661, dir_class_loss: 0.7320, dir_res_loss: 0.4611, size_class_loss: 0.2518, size_res_loss: 0.2329, loss: 5.4893, grad_norm: 6.6895
2026-05-03 18:17:08,930 - mmdet - INFO - Epoch [27][1300/1652]	lr: 8.000e-04, eta: 1:00:53, time: 0.239, data_time: 0.016, memory: 8298, vote_loss: 2.8944, objectness_loss: 0.2671, semantic_loss: 0.2243, center_loss: 0.3426, dir_class_loss: 0.6919, dir_res_loss: 0.5106, size_class_loss: 0.2243, size_res_loss: 0.1828, loss: 5.3380, grad_norm: 6.9058
2026-05-03 18:17:20,808 - mmdet - INFO - Epoch [27][1350/1652]	lr: 8.000e-04, eta: 1:00:41, time: 0.238, data_time: 0.016, memory: 8298, vote_loss: 3.0116, objectness_loss: 0.2973, semantic_loss: 0.2329, center_loss: 0.3757, dir_class_loss: 0.7423, dir_res_loss: 0.4820, size_class_loss: 0.2329, size_res_loss: 0.2349, loss: 5.6096, grad_norm: 7.5000
2026-05-03 18:17:32,735 - mmdet - INFO - Epoch [27][1400/1652]	lr: 8.000e-04, eta: 1:00:29, time: 0.239, data_time: 0.016, memory: 8298, vote_loss: 2.8914, objectness_loss: 0.3032, semantic_loss: 0.2672, center_loss: 0.4505, dir_class_loss: 0.7658, dir_res_loss: 0.5235, size_class_loss: 0.2672, size_res_loss: 0.2260, loss: 5.6948, grad_norm: 7.4025
2026-05-03 18:17:44,725 - mmdet - INFO - Epoch [27][1450/1652]	lr: 8.000e-04, eta: 1:00:17, time: 0.240, data_time: 0.016, memory: 8298, vote_loss: 2.9161, objectness_loss: 0.3137, semantic_loss: 0.2681, center_loss: 0.3417, dir_class_loss: 0.7707, dir_res_loss: 0.5317, size_class_loss: 0.2681, size_res_loss: 0.2449, loss: 5.6551, grad_norm: 6.7412
2026-05-03 18:17:56,627 - mmdet - INFO - Epoch [27][1500/1652]	lr: 8.000e-04, eta: 1:00:05, time: 0.238, data_time: 0.016, memory: 8298, vote_loss: 2.7625, objectness_loss: 0.3022, semantic_loss: 0.2449, center_loss: 0.3539, dir_class_loss: 0.7526, dir_res_loss: 0.4874, size_class_loss: 0.2449, size_res_loss: 0.2054, loss: 5.3538, grad_norm: 6.8381
2026-05-03 18:18:08,566 - mmdet - INFO - Epoch [27][1550/1652]	lr: 8.000e-04, eta: 0:59:53, time: 0.239, data_time: 0.016, memory: 8298, vote_loss: 2.8866, objectness_loss: 0.2874, semantic_loss: 0.2530, center_loss: 0.3525, dir_class_loss: 0.8134, dir_res_loss: 0.4712, size_class_loss: 0.2530, size_res_loss: 0.2255, loss: 5.5428, grad_norm: 6.8182
2026-05-03 18:18:20,492 - mmdet - INFO - Epoch [27][1600/1652]	lr: 8.000e-04, eta: 0:59:41, time: 0.239, data_time: 0.016, memory: 8298, vote_loss: 2.9152, objectness_loss: 0.3016, semantic_loss: 0.2423, center_loss: 0.3766, dir_class_loss: 0.7358, dir_res_loss: 0.4888, size_class_loss: 0.2423, size_res_loss: 0.2478, loss: 5.5505, grad_norm: 6.8070
2026-05-03 18:18:32,433 - mmdet - INFO - Epoch [27][1650/1652]	lr: 8.000e-04, eta: 0:59:29, time: 0.239, data_time: 0.017, memory: 8298, vote_loss: 2.8631, objectness_loss: 0.3071, semantic_loss: 0.2323, center_loss: 0.3579, dir_class_loss: 0.7275, dir_res_loss: 0.4656, size_class_loss: 0.2323, size_res_loss: 0.2128, loss: 5.3986, grad_norm: 7.2662
2026-05-03 18:18:32,977 - mmdet - INFO - Saving checkpoint at 27 epochs
2026-05-03 18:18:47,844 - mmdet - INFO - Epoch [28][50/1652]	lr: 8.000e-04, eta: 0:59:17, time: 0.297, data_time: 0.073, memory: 8298, vote_loss: 2.8740, objectness_loss: 0.2806, semantic_loss: 0.2322, center_loss: 0.3393, dir_class_loss: 0.7059, dir_res_loss: 0.5131, size_class_loss: 0.2322, size_res_loss: 0.2525, loss: 5.4298, grad_norm: 6.7741
2026-05-03 18:18:59,706 - mmdet - INFO - Epoch [28][100/1652]	lr: 8.000e-04, eta: 0:59:05, time: 0.237, data_time: 0.016, memory: 8298, vote_loss: 3.0493, objectness_loss: 0.3131, semantic_loss: 0.2318, center_loss: 0.3631, dir_class_loss: 0.7204, dir_res_loss: 0.4705, size_class_loss: 0.2318, size_res_loss: 0.2384, loss: 5.6183, grad_norm: 7.3299
2026-05-03 18:19:11,701 - mmdet - INFO - Epoch [28][150/1652]	lr: 8.000e-04, eta: 0:58:53, time: 0.240, data_time: 0.016, memory: 8298, vote_loss: 2.8634, objectness_loss: 0.2951, semantic_loss: 0.2566, center_loss: 0.3671, dir_class_loss: 0.7744, dir_res_loss: 0.5635, size_class_loss: 0.2566, size_res_loss: 0.2002, loss: 5.5770, grad_norm: 6.7704
2026-05-03 18:19:23,600 - mmdet - INFO - Epoch [28][200/1652]	lr: 8.000e-04, eta: 0:58:41, time: 0.238, data_time: 0.016, memory: 8298, vote_loss: 2.7419, objectness_loss: 0.3079, semantic_loss: 0.2489, center_loss: 0.3355, dir_class_loss: 0.7294, dir_res_loss: 0.4739, size_class_loss: 0.2489, size_res_loss: 0.2159, loss: 5.3024, grad_norm: 7.3201
2026-05-03 18:19:35,786 - mmdet - INFO - Epoch [28][250/1652]	lr: 8.000e-04, eta: 0:58:29, time: 0.244, data_time: 0.017, memory: 8298, vote_loss: 2.7967, objectness_loss: 0.2953, semantic_loss: 0.2727, center_loss: 0.3798, dir_class_loss: 0.7873, dir_res_loss: 0.5532, size_class_loss: 0.2727, size_res_loss: 0.2181, loss: 5.5757, grad_norm: 6.9776
2026-05-03 18:19:47,716 - mmdet - INFO - Epoch [28][300/1652]	lr: 8.000e-04, eta: 0:58:17, time: 0.239, data_time: 0.016, memory: 8298, vote_loss: 2.9302, objectness_loss: 0.2954, semantic_loss: 0.2375, center_loss: 0.3652, dir_class_loss: 0.6926, dir_res_loss: 0.4372, size_class_loss: 0.2375, size_res_loss: 0.2230, loss: 5.4186, grad_norm: 6.9217
2026-05-03 18:19:59,577 - mmdet - INFO - Epoch [28][350/1652]	lr: 8.000e-04, eta: 0:58:05, time: 0.237, data_time: 0.016, memory: 8298, vote_loss: 2.7843, objectness_loss: 0.2772, semantic_loss: 0.2484, center_loss: 0.3391, dir_class_loss: 0.7599, dir_res_loss: 0.4893, size_class_loss: 0.2484, size_res_loss: 0.1963, loss: 5.3430, grad_norm: 6.7228
2026-05-03 18:20:11,484 - mmdet - INFO - Epoch [28][400/1652]	lr: 8.000e-04, eta: 0:57:53, time: 0.238, data_time: 0.016, memory: 8298, vote_loss: 2.9670, objectness_loss: 0.3135, semantic_loss: 0.2677, center_loss: 0.3493, dir_class_loss: 0.7138, dir_res_loss: 0.4795, size_class_loss: 0.2677, size_res_loss: 0.2458, loss: 5.6043, grad_norm: 6.7725
2026-05-03 18:20:23,372 - mmdet - INFO - Epoch [28][450/1652]	lr: 8.000e-04, eta: 0:57:41, time: 0.238, data_time: 0.016, memory: 8298, vote_loss: 2.9879, objectness_loss: 0.3101, semantic_loss: 0.2438, center_loss: 0.3584, dir_class_loss: 0.7503, dir_res_loss: 0.4698, size_class_loss: 0.2438, size_res_loss: 0.2240, loss: 5.5880, grad_norm: 6.9587
2026-05-03 18:20:35,339 - mmdet - INFO - Epoch [28][500/1652]	lr: 8.000e-04, eta: 0:57:29, time: 0.239, data_time: 0.016, memory: 8298, vote_loss: 2.9581, objectness_loss: 0.2909, semantic_loss: 0.2883, center_loss: 0.3519, dir_class_loss: 0.6973, dir_res_loss: 0.4646, size_class_loss: 0.2883, size_res_loss: 0.2132, loss: 5.5528, grad_norm: 6.7278
2026-05-03 18:20:47,223 - mmdet - INFO - Epoch [28][550/1652]	lr: 8.000e-04, eta: 0:57:17, time: 0.238, data_time: 0.016, memory: 8298, vote_loss: 2.8634, objectness_loss: 0.2755, semantic_loss: 0.2548, center_loss: 0.3403, dir_class_loss: 0.7337, dir_res_loss: 0.4642, size_class_loss: 0.2548, size_res_loss: 0.2063, loss: 5.3928, grad_norm: 6.9042
2026-05-03 18:20:59,165 - mmdet - INFO - Epoch [28][600/1652]	lr: 8.000e-04, eta: 0:57:05, time: 0.239, data_time: 0.016, memory: 8298, vote_loss: 2.8233, objectness_loss: 0.2944, semantic_loss: 0.2317, center_loss: 0.3335, dir_class_loss: 0.7266, dir_res_loss: 0.4742, size_class_loss: 0.2317, size_res_loss: 0.2082, loss: 5.3236, grad_norm: 6.8921
2026-05-03 18:21:11,190 - mmdet - INFO - Epoch [28][650/1652]	lr: 8.000e-04, eta: 0:56:53, time: 0.240, data_time: 0.015, memory: 8298, vote_loss: 2.8897, objectness_loss: 0.3141, semantic_loss: 0.2221, center_loss: 0.3583, dir_class_loss: 0.6854, dir_res_loss: 0.4537, size_class_loss: 0.2221, size_res_loss: 0.2403, loss: 5.3858, grad_norm: 6.9987
2026-05-03 18:21:23,070 - mmdet - INFO - Epoch [28][700/1652]	lr: 8.000e-04, eta: 0:56:41, time: 0.238, data_time: 0.016, memory: 8298, vote_loss: 2.9203, objectness_loss: 0.3063, semantic_loss: 0.2339, center_loss: 0.3798, dir_class_loss: 0.7914, dir_res_loss: 0.5303, size_class_loss: 0.2339, size_res_loss: 0.2260, loss: 5.6218, grad_norm: 7.1596
2026-05-03 18:21:34,966 - mmdet - INFO - Epoch [28][750/1652]	lr: 8.000e-04, eta: 0:56:29, time: 0.238, data_time: 0.016, memory: 8298, vote_loss: 2.8704, objectness_loss: 0.2932, semantic_loss: 0.2548, center_loss: 0.3485, dir_class_loss: 0.7397, dir_res_loss: 0.4468, size_class_loss: 0.2548, size_res_loss: 0.2270, loss: 5.4352, grad_norm: 7.1154
2026-05-03 18:21:46,875 - mmdet - INFO - Epoch [28][800/1652]	lr: 8.000e-04, eta: 0:56:17, time: 0.238, data_time: 0.016, memory: 8298, vote_loss: 3.0898, objectness_loss: 0.2762, semantic_loss: 0.2557, center_loss: 0.3596, dir_class_loss: 0.7351, dir_res_loss: 0.4956, size_class_loss: 0.2557, size_res_loss: 0.2288, loss: 5.6965, grad_norm: 6.7627
2026-05-03 18:21:58,766 - mmdet - INFO - Epoch [28][850/1652]	lr: 8.000e-04, eta: 0:56:05, time: 0.238, data_time: 0.016, memory: 8298, vote_loss: 2.9106, objectness_loss: 0.2862, semantic_loss: 0.2421, center_loss: 0.3709, dir_class_loss: 0.8102, dir_res_loss: 0.4451, size_class_loss: 0.2421, size_res_loss: 0.2382, loss: 5.5452, grad_norm: 6.7601
2026-05-03 18:22:10,620 - mmdet - INFO - Epoch [28][900/1652]	lr: 8.000e-04, eta: 0:55:53, time: 0.237, data_time: 0.016, memory: 8298, vote_loss: 2.8728, objectness_loss: 0.2872, semantic_loss: 0.2517, center_loss: 0.3567, dir_class_loss: 0.7600, dir_res_loss: 0.4966, size_class_loss: 0.2517, size_res_loss: 0.2356, loss: 5.5124, grad_norm: 6.7497
2026-05-03 18:22:22,608 - mmdet - INFO - Epoch [28][950/1652]	lr: 8.000e-04, eta: 0:55:41, time: 0.240, data_time: 0.017, memory: 8298, vote_loss: 2.9702, objectness_loss: 0.2992, semantic_loss: 0.2369, center_loss: 0.4014, dir_class_loss: 0.7410, dir_res_loss: 0.4823, size_class_loss: 0.2369, size_res_loss: 0.2364, loss: 5.6042, grad_norm: 6.7996
2026-05-03 18:22:34,499 - mmdet - INFO - Epoch [28][1000/1652]	lr: 8.000e-04, eta: 0:55:29, time: 0.238, data_time: 0.016, memory: 8298, vote_loss: 2.8915, objectness_loss: 0.2972, semantic_loss: 0.2657, center_loss: 0.3366, dir_class_loss: 0.7336, dir_res_loss: 0.4878, size_class_loss: 0.2657, size_res_loss: 0.2396, loss: 5.5177, grad_norm: 6.8845
2026-05-03 18:22:46,388 - mmdet - INFO - Epoch [28][1050/1652]	lr: 8.000e-04, eta: 0:55:16, time: 0.238, data_time: 0.016, memory: 8298, vote_loss: 2.8795, objectness_loss: 0.2808, semantic_loss: 0.2421, center_loss: 0.4101, dir_class_loss: 0.7505, dir_res_loss: 0.5303, size_class_loss: 0.2421, size_res_loss: 0.2326, loss: 5.5680, grad_norm: 6.6866
2026-05-03 18:22:58,243 - mmdet - INFO - Epoch [28][1100/1652]	lr: 8.000e-04, eta: 0:55:04, time: 0.237, data_time: 0.016, memory: 8298, vote_loss: 2.8727, objectness_loss: 0.2865, semantic_loss: 0.2141, center_loss: 0.3390, dir_class_loss: 0.7861, dir_res_loss: 0.4974, size_class_loss: 0.2141, size_res_loss: 0.2376, loss: 5.4474, grad_norm: 6.9069
2026-05-03 18:23:10,094 - mmdet - INFO - Epoch [28][1150/1652]	lr: 8.000e-04, eta: 0:54:52, time: 0.237, data_time: 0.016, memory: 8298, vote_loss: 2.8322, objectness_loss: 0.2990, semantic_loss: 0.2619, center_loss: 0.3310, dir_class_loss: 0.8004, dir_res_loss: 0.5253, size_class_loss: 0.2619, size_res_loss: 0.2221, loss: 5.5338, grad_norm: 6.9392
2026-05-03 18:23:22,025 - mmdet - INFO - Epoch [28][1200/1652]	lr: 8.000e-04, eta: 0:54:40, time: 0.239, data_time: 0.017, memory: 8298, vote_loss: 2.9202, objectness_loss: 0.2873, semantic_loss: 0.2325, center_loss: 0.3359, dir_class_loss: 0.7268, dir_res_loss: 0.4678, size_class_loss: 0.2325, size_res_loss: 0.2076, loss: 5.4106, grad_norm: 6.8884
2026-05-03 18:23:33,901 - mmdet - INFO - Epoch [28][1250/1652]	lr: 8.000e-04, eta: 0:54:28, time: 0.238, data_time: 0.016, memory: 8298, vote_loss: 2.7778, objectness_loss: 0.2866, semantic_loss: 0.2245, center_loss: 0.3362, dir_class_loss: 0.6459, dir_res_loss: 0.4300, size_class_loss: 0.2245, size_res_loss: 0.2020, loss: 5.1274, grad_norm: 6.8809
2026-05-03 18:23:45,816 - mmdet - INFO - Epoch [28][1300/1652]	lr: 8.000e-04, eta: 0:54:16, time: 0.238, data_time: 0.016, memory: 8298, vote_loss: 2.8090, objectness_loss: 0.2635, semantic_loss: 0.2149, center_loss: 0.3379, dir_class_loss: 0.7052, dir_res_loss: 0.5412, size_class_loss: 0.2149, size_res_loss: 0.2036, loss: 5.2904, grad_norm: 6.3651
2026-05-03 18:23:57,722 - mmdet - INFO - Epoch [28][1350/1652]	lr: 8.000e-04, eta: 0:54:04, time: 0.238, data_time: 0.016, memory: 8298, vote_loss: 2.9552, objectness_loss: 0.2986, semantic_loss: 0.2595, center_loss: 0.3392, dir_class_loss: 0.6804, dir_res_loss: 0.4549, size_class_loss: 0.2595, size_res_loss: 0.2177, loss: 5.4649, grad_norm: 6.7832
2026-05-03 18:24:09,661 - mmdet - INFO - Epoch [28][1400/1652]	lr: 8.000e-04, eta: 0:53:52, time: 0.239, data_time: 0.016, memory: 8298, vote_loss: 2.9702, objectness_loss: 0.2940, semantic_loss: 0.2481, center_loss: 0.3360, dir_class_loss: 0.7640, dir_res_loss: 0.4998, size_class_loss: 0.2481, size_res_loss: 0.2213, loss: 5.5814, grad_norm: 6.6796
2026-05-03 18:24:21,647 - mmdet - INFO - Epoch [28][1450/1652]	lr: 8.000e-04, eta: 0:53:40, time: 0.240, data_time: 0.016, memory: 8298, vote_loss: 2.8896, objectness_loss: 0.2962, semantic_loss: 0.2280, center_loss: 0.3859, dir_class_loss: 0.7274, dir_res_loss: 0.4625, size_class_loss: 0.2280, size_res_loss: 0.2242, loss: 5.4417, grad_norm: 7.5392
2026-05-03 18:24:33,672 - mmdet - INFO - Epoch [28][1500/1652]	lr: 8.000e-04, eta: 0:53:28, time: 0.240, data_time: 0.016, memory: 8298, vote_loss: 2.9047, objectness_loss: 0.2683, semantic_loss: 0.2291, center_loss: 0.3508, dir_class_loss: 0.6763, dir_res_loss: 0.5201, size_class_loss: 0.2291, size_res_loss: 0.2238, loss: 5.4022, grad_norm: 6.9903
2026-05-03 18:24:45,623 - mmdet - INFO - Epoch [28][1550/1652]	lr: 8.000e-04, eta: 0:53:16, time: 0.239, data_time: 0.016, memory: 8298, vote_loss: 3.0105, objectness_loss: 0.2951, semantic_loss: 0.2678, center_loss: 0.3517, dir_class_loss: 0.7961, dir_res_loss: 0.4718, size_class_loss: 0.2678, size_res_loss: 0.2554, loss: 5.7162, grad_norm: 7.1222
2026-05-03 18:24:57,616 - mmdet - INFO - Epoch [28][1600/1652]	lr: 8.000e-04, eta: 0:53:04, time: 0.240, data_time: 0.016, memory: 8298, vote_loss: 2.7291, objectness_loss: 0.2877, semantic_loss: 0.2382, center_loss: 0.3189, dir_class_loss: 0.7168, dir_res_loss: 0.5184, size_class_loss: 0.2382, size_res_loss: 0.2132, loss: 5.2606, grad_norm: 6.6182
2026-05-03 18:25:09,797 - mmdet - INFO - Epoch [28][1650/1652]	lr: 8.000e-04, eta: 0:52:52, time: 0.244, data_time: 0.020, memory: 8298, vote_loss: 2.8217, objectness_loss: 0.2679, semantic_loss: 0.2460, center_loss: 0.3310, dir_class_loss: 0.7130, dir_res_loss: 0.5150, size_class_loss: 0.2460, size_res_loss: 0.2083, loss: 5.3489, grad_norm: 7.0537
2026-05-03 18:25:10,322 - mmdet - INFO - Saving checkpoint at 28 epochs
2026-05-03 18:25:25,320 - mmdet - INFO - Epoch [29][50/1652]	lr: 8.000e-04, eta: 0:52:40, time: 0.299, data_time: 0.073, memory: 8298, vote_loss: 2.8991, objectness_loss: 0.2822, semantic_loss: 0.2563, center_loss: 0.3535, dir_class_loss: 0.6845, dir_res_loss: 0.4382, size_class_loss: 0.2563, size_res_loss: 0.2375, loss: 5.4075, grad_norm: 7.0046
2026-05-03 18:25:37,254 - mmdet - INFO - Epoch [29][100/1652]	lr: 8.000e-04, eta: 0:52:28, time: 0.239, data_time: 0.016, memory: 8298, vote_loss: 3.0133, objectness_loss: 0.2621, semantic_loss: 0.2677, center_loss: 0.3526, dir_class_loss: 0.7806, dir_res_loss: 0.5589, size_class_loss: 0.2677, size_res_loss: 0.2319, loss: 5.7346, grad_norm: 6.7528
2026-05-03 18:25:49,163 - mmdet - INFO - Epoch [29][150/1652]	lr: 8.000e-04, eta: 0:52:16, time: 0.238, data_time: 0.016, memory: 8298, vote_loss: 2.8910, objectness_loss: 0.2718, semantic_loss: 0.2290, center_loss: 0.3481, dir_class_loss: 0.7341, dir_res_loss: 0.4949, size_class_loss: 0.2290, size_res_loss: 0.2254, loss: 5.4233, grad_norm: 7.0960
2026-05-03 18:26:01,067 - mmdet - INFO - Epoch [29][200/1652]	lr: 8.000e-04, eta: 0:52:04, time: 0.238, data_time: 0.015, memory: 8298, vote_loss: 2.8646, objectness_loss: 0.2856, semantic_loss: 0.2266, center_loss: 0.3331, dir_class_loss: 0.7561, dir_res_loss: 0.4757, size_class_loss: 0.2266, size_res_loss: 0.2272, loss: 5.3955, grad_norm: 6.6649
2026-05-03 18:26:12,969 - mmdet - INFO - Epoch [29][250/1652]	lr: 8.000e-04, eta: 0:51:52, time: 0.238, data_time: 0.016, memory: 8298, vote_loss: 2.8660, objectness_loss: 0.3022, semantic_loss: 0.2473, center_loss: 0.3547, dir_class_loss: 0.7097, dir_res_loss: 0.5480, size_class_loss: 0.2473, size_res_loss: 0.2111, loss: 5.4863, grad_norm: 7.2627
2026-05-03 18:26:24,876 - mmdet - INFO - Epoch [29][300/1652]	lr: 8.000e-04, eta: 0:51:40, time: 0.238, data_time: 0.016, memory: 8298, vote_loss: 2.9602, objectness_loss: 0.2990, semantic_loss: 0.2581, center_loss: 0.3416, dir_class_loss: 0.7476, dir_res_loss: 0.4962, size_class_loss: 0.2581, size_res_loss: 0.2450, loss: 5.6058, grad_norm: 7.0853
2026-05-03 18:26:36,807 - mmdet - INFO - Epoch [29][350/1652]	lr: 8.000e-04, eta: 0:51:28, time: 0.239, data_time: 0.016, memory: 8298, vote_loss: 2.8924, objectness_loss: 0.2753, semantic_loss: 0.2300, center_loss: 0.3651, dir_class_loss: 0.6711, dir_res_loss: 0.5007, size_class_loss: 0.2300, size_res_loss: 0.2312, loss: 5.3959, grad_norm: 7.4101
2026-05-03 18:26:48,742 - mmdet - INFO - Epoch [29][400/1652]	lr: 8.000e-04, eta: 0:51:16, time: 0.239, data_time: 0.016, memory: 8298, vote_loss: 2.8485, objectness_loss: 0.2774, semantic_loss: 0.2490, center_loss: 0.3538, dir_class_loss: 0.7449, dir_res_loss: 0.4660, size_class_loss: 0.2490, size_res_loss: 0.2172, loss: 5.4058, grad_norm: 6.9770
2026-05-03 18:27:00,598 - mmdet - INFO - Epoch [29][450/1652]	lr: 8.000e-04, eta: 0:51:04, time: 0.237, data_time: 0.016, memory: 8298, vote_loss: 2.8632, objectness_loss: 0.3114, semantic_loss: 0.2187, center_loss: 0.3284, dir_class_loss: 0.6582, dir_res_loss: 0.4480, size_class_loss: 0.2187, size_res_loss: 0.2028, loss: 5.2495, grad_norm: 7.1130
2026-05-03 18:27:12,804 - mmdet - INFO - Epoch [29][500/1652]	lr: 8.000e-04, eta: 0:50:52, time: 0.244, data_time: 0.017, memory: 8298, vote_loss: 2.8764, objectness_loss: 0.2981, semantic_loss: 0.2641, center_loss: 0.3569, dir_class_loss: 0.7174, dir_res_loss: 0.5154, size_class_loss: 0.2641, size_res_loss: 0.2337, loss: 5.5262, grad_norm: 7.1234
2026-05-03 18:27:24,704 - mmdet - INFO - Epoch [29][550/1652]	lr: 8.000e-04, eta: 0:50:40, time: 0.238, data_time: 0.016, memory: 8298, vote_loss: 2.8779, objectness_loss: 0.2756, semantic_loss: 0.2407, center_loss: 0.3507, dir_class_loss: 0.7214, dir_res_loss: 0.4588, size_class_loss: 0.2407, size_res_loss: 0.2283, loss: 5.3942, grad_norm: 6.8618
2026-05-03 18:27:36,625 - mmdet - INFO - Epoch [29][600/1652]	lr: 8.000e-04, eta: 0:50:28, time: 0.238, data_time: 0.016, memory: 8298, vote_loss: 2.7909, objectness_loss: 0.2942, semantic_loss: 0.2321, center_loss: 0.3402, dir_class_loss: 0.7505, dir_res_loss: 0.4364, size_class_loss: 0.2321, size_res_loss: 0.2167, loss: 5.2931, grad_norm: 7.0317
2026-05-03 18:27:48,587 - mmdet - INFO - Epoch [29][650/1652]	lr: 8.000e-04, eta: 0:50:16, time: 0.239, data_time: 0.016, memory: 8298, vote_loss: 2.8678, objectness_loss: 0.3122, semantic_loss: 0.2450, center_loss: 0.3430, dir_class_loss: 0.7969, dir_res_loss: 0.5163, size_class_loss: 0.2450, size_res_loss: 0.2418, loss: 5.5680, grad_norm: 7.1492
2026-05-03 18:28:00,455 - mmdet - INFO - Epoch [29][700/1652]	lr: 8.000e-04, eta: 0:50:04, time: 0.237, data_time: 0.016, memory: 8298, vote_loss: 2.9793, objectness_loss: 0.2740, semantic_loss: 0.2420, center_loss: 0.3509, dir_class_loss: 0.7227, dir_res_loss: 0.4686, size_class_loss: 0.2420, size_res_loss: 0.2152, loss: 5.4947, grad_norm: 6.9691
2026-05-03 18:28:12,380 - mmdet - INFO - Epoch [29][750/1652]	lr: 8.000e-04, eta: 0:49:52, time: 0.239, data_time: 0.015, memory: 8298, vote_loss: 2.7147, objectness_loss: 0.2751, semantic_loss: 0.2355, center_loss: 0.3108, dir_class_loss: 0.7054, dir_res_loss: 0.4915, size_class_loss: 0.2355, size_res_loss: 0.2029, loss: 5.1715, grad_norm: 6.0342
2026-05-03 18:28:24,239 - mmdet - INFO - Epoch [29][800/1652]	lr: 8.000e-04, eta: 0:49:40, time: 0.237, data_time: 0.015, memory: 8298, vote_loss: 2.9473, objectness_loss: 0.3156, semantic_loss: 0.2451, center_loss: 0.4053, dir_class_loss: 0.7259, dir_res_loss: 0.5102, size_class_loss: 0.2451, size_res_loss: 0.2321, loss: 5.6265, grad_norm: 7.1686
2026-05-03 18:28:36,061 - mmdet - INFO - Epoch [29][850/1652]	lr: 8.000e-04, eta: 0:49:28, time: 0.236, data_time: 0.015, memory: 8298, vote_loss: 2.7067, objectness_loss: 0.2627, semantic_loss: 0.2425, center_loss: 0.3083, dir_class_loss: 0.6880, dir_res_loss: 0.4421, size_class_loss: 0.2425, size_res_loss: 0.2043, loss: 5.0971, grad_norm: 6.8373
2026-05-03 18:28:48,229 - mmdet - INFO - Epoch [29][900/1652]	lr: 8.000e-04, eta: 0:49:16, time: 0.243, data_time: 0.017, memory: 8298, vote_loss: 2.8262, objectness_loss: 0.2914, semantic_loss: 0.2738, center_loss: 0.3912, dir_class_loss: 0.7870, dir_res_loss: 0.5172, size_class_loss: 0.2738, size_res_loss: 0.2222, loss: 5.5829, grad_norm: 7.0792
2026-05-03 18:29:00,169 - mmdet - INFO - Epoch [29][950/1652]	lr: 8.000e-04, eta: 0:49:04, time: 0.239, data_time: 0.016, memory: 8298, vote_loss: 2.8421, objectness_loss: 0.2978, semantic_loss: 0.2457, center_loss: 0.3747, dir_class_loss: 0.6858, dir_res_loss: 0.4674, size_class_loss: 0.2457, size_res_loss: 0.2247, loss: 5.3841, grad_norm: 7.0492
2026-05-03 18:29:12,078 - mmdet - INFO - Epoch [29][1000/1652]	lr: 8.000e-04, eta: 0:48:52, time: 0.238, data_time: 0.016, memory: 8298, vote_loss: 2.8745, objectness_loss: 0.3083, semantic_loss: 0.2324, center_loss: 0.3537, dir_class_loss: 0.7027, dir_res_loss: 0.4476, size_class_loss: 0.2324, size_res_loss: 0.2091, loss: 5.3607, grad_norm: 6.9654
2026-05-03 18:29:23,991 - mmdet - INFO - Epoch [29][1050/1652]	lr: 8.000e-04, eta: 0:48:40, time: 0.238, data_time: 0.016, memory: 8298, vote_loss: 2.7735, objectness_loss: 0.2707, semantic_loss: 0.2236, center_loss: 0.3131, dir_class_loss: 0.7879, dir_res_loss: 0.4428, size_class_loss: 0.2236, size_res_loss: 0.2169, loss: 5.2520, grad_norm: 6.9700
2026-05-03 18:29:35,842 - mmdet - INFO - Epoch [29][1100/1652]	lr: 8.000e-04, eta: 0:48:28, time: 0.237, data_time: 0.015, memory: 8298, vote_loss: 2.8496, objectness_loss: 0.2514, semantic_loss: 0.2689, center_loss: 0.3534, dir_class_loss: 0.7648, dir_res_loss: 0.4962, size_class_loss: 0.2689, size_res_loss: 0.2236, loss: 5.4768, grad_norm: 7.3611
2026-05-03 18:29:47,740 - mmdet - INFO - Epoch [29][1150/1652]	lr: 8.000e-04, eta: 0:48:16, time: 0.238, data_time: 0.015, memory: 8298, vote_loss: 2.9580, objectness_loss: 0.3043, semantic_loss: 0.2400, center_loss: 0.3787, dir_class_loss: 0.7384, dir_res_loss: 0.4714, size_class_loss: 0.2400, size_res_loss: 0.2255, loss: 5.5564, grad_norm: 6.8612
2026-05-03 18:29:59,664 - mmdet - INFO - Epoch [29][1200/1652]	lr: 8.000e-04, eta: 0:48:04, time: 0.238, data_time: 0.016, memory: 8298, vote_loss: 2.9075, objectness_loss: 0.2752, semantic_loss: 0.2622, center_loss: 0.3361, dir_class_loss: 0.7488, dir_res_loss: 0.4947, size_class_loss: 0.2622, size_res_loss: 0.1938, loss: 5.4806, grad_norm: 6.9436
2026-05-03 18:30:11,523 - mmdet - INFO - Epoch [29][1250/1652]	lr: 8.000e-04, eta: 0:47:52, time: 0.237, data_time: 0.016, memory: 8298, vote_loss: 2.8371, objectness_loss: 0.2881, semantic_loss: 0.2521, center_loss: 0.3856, dir_class_loss: 0.7161, dir_res_loss: 0.4330, size_class_loss: 0.2521, size_res_loss: 0.2394, loss: 5.4036, grad_norm: 6.7232
2026-05-03 18:30:23,397 - mmdet - INFO - Epoch [29][1300/1652]	lr: 8.000e-04, eta: 0:47:40, time: 0.237, data_time: 0.015, memory: 8298, vote_loss: 2.8806, objectness_loss: 0.3037, semantic_loss: 0.2251, center_loss: 0.3430, dir_class_loss: 0.7302, dir_res_loss: 0.5052, size_class_loss: 0.2251, size_res_loss: 0.2285, loss: 5.4413, grad_norm: 7.1991
2026-05-03 18:30:35,296 - mmdet - INFO - Epoch [29][1350/1652]	lr: 8.000e-04, eta: 0:47:28, time: 0.238, data_time: 0.015, memory: 8298, vote_loss: 2.7304, objectness_loss: 0.2878, semantic_loss: 0.2303, center_loss: 0.3332, dir_class_loss: 0.7209, dir_res_loss: 0.4938, size_class_loss: 0.2303, size_res_loss: 0.2177, loss: 5.2444, grad_norm: 6.8504
2026-05-03 18:30:47,202 - mmdet - INFO - Epoch [29][1400/1652]	lr: 8.000e-04, eta: 0:47:16, time: 0.238, data_time: 0.016, memory: 8298, vote_loss: 2.7075, objectness_loss: 0.2862, semantic_loss: 0.2415, center_loss: 0.3250, dir_class_loss: 0.7095, dir_res_loss: 0.4604, size_class_loss: 0.2415, size_res_loss: 0.1983, loss: 5.1700, grad_norm: 6.7543
2026-05-03 18:30:59,085 - mmdet - INFO - Epoch [29][1450/1652]	lr: 8.000e-04, eta: 0:47:04, time: 0.238, data_time: 0.016, memory: 8298, vote_loss: 2.9158, objectness_loss: 0.2918, semantic_loss: 0.2537, center_loss: 0.3376, dir_class_loss: 0.7576, dir_res_loss: 0.4673, size_class_loss: 0.2537, size_res_loss: 0.2267, loss: 5.5041, grad_norm: 6.9947
2026-05-03 18:31:11,039 - mmdet - INFO - Epoch [29][1500/1652]	lr: 8.000e-04, eta: 0:46:52, time: 0.239, data_time: 0.016, memory: 8298, vote_loss: 2.8959, objectness_loss: 0.2893, semantic_loss: 0.2466, center_loss: 0.3488, dir_class_loss: 0.6971, dir_res_loss: 0.4473, size_class_loss: 0.2465, size_res_loss: 0.2281, loss: 5.3996, grad_norm: 6.5811
2026-05-03 18:31:23,023 - mmdet - INFO - Epoch [29][1550/1652]	lr: 8.000e-04, eta: 0:46:40, time: 0.240, data_time: 0.016, memory: 8298, vote_loss: 2.7052, objectness_loss: 0.2963, semantic_loss: 0.2714, center_loss: 0.3325, dir_class_loss: 0.7308, dir_res_loss: 0.5240, size_class_loss: 0.2714, size_res_loss: 0.2192, loss: 5.3509, grad_norm: 6.7732
2026-05-03 18:31:34,907 - mmdet - INFO - Epoch [29][1600/1652]	lr: 8.000e-04, eta: 0:46:28, time: 0.238, data_time: 0.016, memory: 8298, vote_loss: 2.8181, objectness_loss: 0.2803, semantic_loss: 0.2420, center_loss: 0.3811, dir_class_loss: 0.7256, dir_res_loss: 0.4883, size_class_loss: 0.2420, size_res_loss: 0.2029, loss: 5.3804, grad_norm: 7.5550
2026-05-03 18:31:46,779 - mmdet - INFO - Epoch [29][1650/1652]	lr: 8.000e-04, eta: 0:46:16, time: 0.237, data_time: 0.016, memory: 8298, vote_loss: 2.8818, objectness_loss: 0.2825, semantic_loss: 0.2143, center_loss: 0.3563, dir_class_loss: 0.7238, dir_res_loss: 0.4930, size_class_loss: 0.2143, size_res_loss: 0.2389, loss: 5.4049, grad_norm: 7.1134
2026-05-03 18:31:47,300 - mmdet - INFO - Saving checkpoint at 29 epochs
2026-05-03 18:32:02,128 - mmdet - INFO - Epoch [30][50/1652]	lr: 8.000e-04, eta: 0:46:04, time: 0.296, data_time: 0.071, memory: 8298, vote_loss: 2.8906, objectness_loss: 0.3028, semantic_loss: 0.2422, center_loss: 0.3368, dir_class_loss: 0.7621, dir_res_loss: 0.5046, size_class_loss: 0.2422, size_res_loss: 0.2546, loss: 5.5358, grad_norm: 6.6522
2026-05-03 18:32:14,026 - mmdet - INFO - Epoch [30][100/1652]	lr: 8.000e-04, eta: 0:45:52, time: 0.238, data_time: 0.016, memory: 8298, vote_loss: 2.7554, objectness_loss: 0.2958, semantic_loss: 0.2282, center_loss: 0.3289, dir_class_loss: 0.7354, dir_res_loss: 0.4888, size_class_loss: 0.2282, size_res_loss: 0.2132, loss: 5.2740, grad_norm: 6.8602
2026-05-03 18:32:26,014 - mmdet - INFO - Epoch [30][150/1652]	lr: 8.000e-04, eta: 0:45:40, time: 0.240, data_time: 0.016, memory: 8298, vote_loss: 2.8197, objectness_loss: 0.2787, semantic_loss: 0.2399, center_loss: 0.3598, dir_class_loss: 0.7264, dir_res_loss: 0.4784, size_class_loss: 0.2399, size_res_loss: 0.2138, loss: 5.3565, grad_norm: 6.9253
2026-05-03 18:32:37,947 - mmdet - INFO - Epoch [30][200/1652]	lr: 8.000e-04, eta: 0:45:28, time: 0.239, data_time: 0.016, memory: 8298, vote_loss: 2.6810, objectness_loss: 0.2757, semantic_loss: 0.2381, center_loss: 0.3706, dir_class_loss: 0.7091, dir_res_loss: 0.5247, size_class_loss: 0.2381, size_res_loss: 0.2182, loss: 5.2554, grad_norm: 7.3669
2026-05-03 18:32:49,856 - mmdet - INFO - Epoch [30][250/1652]	lr: 8.000e-04, eta: 0:45:16, time: 0.238, data_time: 0.016, memory: 8298, vote_loss: 2.7981, objectness_loss: 0.2725, semantic_loss: 0.2269, center_loss: 0.3481, dir_class_loss: 0.7550, dir_res_loss: 0.5147, size_class_loss: 0.2269, size_res_loss: 0.2154, loss: 5.3576, grad_norm: 6.7313
2026-05-03 18:33:01,796 - mmdet - INFO - Epoch [30][300/1652]	lr: 8.000e-04, eta: 0:45:04, time: 0.239, data_time: 0.016, memory: 8298, vote_loss: 2.8278, objectness_loss: 0.2844, semantic_loss: 0.2250, center_loss: 0.3352, dir_class_loss: 0.6968, dir_res_loss: 0.4650, size_class_loss: 0.2250, size_res_loss: 0.2135, loss: 5.2728, grad_norm: 7.0072
2026-05-03 18:33:13,620 - mmdet - INFO - Epoch [30][350/1652]	lr: 8.000e-04, eta: 0:44:52, time: 0.236, data_time: 0.016, memory: 8298, vote_loss: 2.8411, objectness_loss: 0.2921, semantic_loss: 0.2329, center_loss: 0.3340, dir_class_loss: 0.7007, dir_res_loss: 0.4347, size_class_loss: 0.2329, size_res_loss: 0.2210, loss: 5.2894, grad_norm: 6.8471
2026-05-03 18:33:25,564 - mmdet - INFO - Epoch [30][400/1652]	lr: 8.000e-04, eta: 0:44:40, time: 0.239, data_time: 0.017, memory: 8298, vote_loss: 2.6985, objectness_loss: 0.2824, semantic_loss: 0.2299, center_loss: 0.3305, dir_class_loss: 0.6947, dir_res_loss: 0.4783, size_class_loss: 0.2299, size_res_loss: 0.2100, loss: 5.1542, grad_norm: 6.6617
2026-05-03 18:33:37,526 - mmdet - INFO - Epoch [30][450/1652]	lr: 8.000e-04, eta: 0:44:28, time: 0.239, data_time: 0.016, memory: 8298, vote_loss: 2.8912, objectness_loss: 0.2557, semantic_loss: 0.2114, center_loss: 0.3377, dir_class_loss: 0.7740, dir_res_loss: 0.4683, size_class_loss: 0.2114, size_res_loss: 0.2174, loss: 5.3670, grad_norm: 7.2551
2026-05-03 18:33:49,419 - mmdet - INFO - Epoch [30][500/1652]	lr: 8.000e-04, eta: 0:44:16, time: 0.238, data_time: 0.016, memory: 8298, vote_loss: 2.8685, objectness_loss: 0.2802, semantic_loss: 0.2639, center_loss: 0.3891, dir_class_loss: 0.7670, dir_res_loss: 0.5121, size_class_loss: 0.2639, size_res_loss: 0.2254, loss: 5.5700, grad_norm: 7.4000
2026-05-03 18:34:01,297 - mmdet - INFO - Epoch [30][550/1652]	lr: 8.000e-04, eta: 0:44:04, time: 0.238, data_time: 0.016, memory: 8298, vote_loss: 2.8686, objectness_loss: 0.2584, semantic_loss: 0.2459, center_loss: 0.3281, dir_class_loss: 0.6751, dir_res_loss: 0.5015, size_class_loss: 0.2459, size_res_loss: 0.2166, loss: 5.3399, grad_norm: 7.1457
2026-05-03 18:34:13,264 - mmdet - INFO - Epoch [30][600/1652]	lr: 8.000e-04, eta: 0:43:52, time: 0.239, data_time: 0.016, memory: 8298, vote_loss: 2.7678, objectness_loss: 0.2874, semantic_loss: 0.2495, center_loss: 0.3310, dir_class_loss: 0.7104, dir_res_loss: 0.4757, size_class_loss: 0.2495, size_res_loss: 0.2347, loss: 5.3059, grad_norm: 6.5388
2026-05-03 18:34:25,402 - mmdet - INFO - Epoch [30][650/1652]	lr: 8.000e-04, eta: 0:43:40, time: 0.243, data_time: 0.016, memory: 8298, vote_loss: 3.1400, objectness_loss: 0.2853, semantic_loss: 0.2711, center_loss: 0.3786, dir_class_loss: 0.7615, dir_res_loss: 0.4753, size_class_loss: 0.2711, size_res_loss: 0.2578, loss: 5.8407, grad_norm: 7.5232
2026-05-03 18:34:37,327 - mmdet - INFO - Epoch [30][700/1652]	lr: 8.000e-04, eta: 0:43:28, time: 0.238, data_time: 0.016, memory: 8298, vote_loss: 2.9365, objectness_loss: 0.2639, semantic_loss: 0.2516, center_loss: 0.3889, dir_class_loss: 0.6722, dir_res_loss: 0.4359, size_class_loss: 0.2516, size_res_loss: 0.2296, loss: 5.4303, grad_norm: 6.8716
2026-05-03 18:34:49,213 - mmdet - INFO - Epoch [30][750/1652]	lr: 8.000e-04, eta: 0:43:16, time: 0.238, data_time: 0.016, memory: 8298, vote_loss: 2.7047, objectness_loss: 0.2860, semantic_loss: 0.2206, center_loss: 0.3133, dir_class_loss: 0.7031, dir_res_loss: 0.4219, size_class_loss: 0.2206, size_res_loss: 0.2115, loss: 5.0815, grad_norm: 6.5151
2026-05-03 18:35:01,216 - mmdet - INFO - Epoch [30][800/1652]	lr: 8.000e-04, eta: 0:43:04, time: 0.240, data_time: 0.016, memory: 8298, vote_loss: 2.9907, objectness_loss: 0.2923, semantic_loss: 0.2190, center_loss: 0.3304, dir_class_loss: 0.7269, dir_res_loss: 0.5420, size_class_loss: 0.2190, size_res_loss: 0.2358, loss: 5.5560, grad_norm: 6.6437
2026-05-03 18:35:13,153 - mmdet - INFO - Epoch [30][850/1652]	lr: 8.000e-04, eta: 0:42:51, time: 0.239, data_time: 0.016, memory: 8298, vote_loss: 2.8946, objectness_loss: 0.2925, semantic_loss: 0.2424, center_loss: 0.3517, dir_class_loss: 0.6895, dir_res_loss: 0.4529, size_class_loss: 0.2424, size_res_loss: 0.2378, loss: 5.4039, grad_norm: 7.2351
2026-05-03 18:35:25,081 - mmdet - INFO - Epoch [30][900/1652]	lr: 8.000e-04, eta: 0:42:39, time: 0.239, data_time: 0.016, memory: 8298, vote_loss: 2.8987, objectness_loss: 0.2732, semantic_loss: 0.2884, center_loss: 0.3589, dir_class_loss: 0.7658, dir_res_loss: 0.4535, size_class_loss: 0.2884, size_res_loss: 0.2093, loss: 5.5361, grad_norm: 7.2022
2026-05-03 18:35:36,984 - mmdet - INFO - Epoch [30][950/1652]	lr: 8.000e-04, eta: 0:42:27, time: 0.238, data_time: 0.015, memory: 8298, vote_loss: 2.8323, objectness_loss: 0.2884, semantic_loss: 0.2376, center_loss: 0.3488, dir_class_loss: 0.7459, dir_res_loss: 0.4457, size_class_loss: 0.2376, size_res_loss: 0.2180, loss: 5.3541, grad_norm: 6.7860
2026-05-03 18:35:49,092 - mmdet - INFO - Epoch [30][1000/1652]	lr: 8.000e-04, eta: 0:42:15, time: 0.242, data_time: 0.020, memory: 8298, vote_loss: 2.8029, objectness_loss: 0.2759, semantic_loss: 0.2380, center_loss: 0.3411, dir_class_loss: 0.7016, dir_res_loss: 0.4246, size_class_loss: 0.2380, size_res_loss: 0.2230, loss: 5.2451, grad_norm: 7.1141
2026-05-03 18:36:01,228 - mmdet - INFO - Epoch [30][1050/1652]	lr: 8.000e-04, eta: 0:42:03, time: 0.243, data_time: 0.016, memory: 8298, vote_loss: 2.8569, objectness_loss: 0.3004, semantic_loss: 0.2703, center_loss: 0.3421, dir_class_loss: 0.7423, dir_res_loss: 0.4525, size_class_loss: 0.2703, size_res_loss: 0.2238, loss: 5.4584, grad_norm: 6.7520
2026-05-03 18:36:13,070 - mmdet - INFO - Epoch [30][1100/1652]	lr: 8.000e-04, eta: 0:41:51, time: 0.237, data_time: 0.015, memory: 8298, vote_loss: 2.7356, objectness_loss: 0.2804, semantic_loss: 0.2406, center_loss: 0.3222, dir_class_loss: 0.7289, dir_res_loss: 0.4277, size_class_loss: 0.2406, size_res_loss: 0.2058, loss: 5.1817, grad_norm: 6.9260
2026-05-03 18:36:24,897 - mmdet - INFO - Epoch [30][1150/1652]	lr: 8.000e-04, eta: 0:41:39, time: 0.237, data_time: 0.015, memory: 8298, vote_loss: 2.9310, objectness_loss: 0.2869, semantic_loss: 0.2509, center_loss: 0.3549, dir_class_loss: 0.7942, dir_res_loss: 0.4681, size_class_loss: 0.2509, size_res_loss: 0.2494, loss: 5.5863, grad_norm: 7.0638
2026-05-03 18:36:36,675 - mmdet - INFO - Epoch [30][1200/1652]	lr: 8.000e-04, eta: 0:41:27, time: 0.236, data_time: 0.014, memory: 8298, vote_loss: 2.7963, objectness_loss: 0.2884, semantic_loss: 0.2106, center_loss: 0.3366, dir_class_loss: 0.6907, dir_res_loss: 0.4668, size_class_loss: 0.2106, size_res_loss: 0.2098, loss: 5.2099, grad_norm: 6.6319
2026-05-03 18:36:48,541 - mmdet - INFO - Epoch [30][1250/1652]	lr: 8.000e-04, eta: 0:41:15, time: 0.237, data_time: 0.015, memory: 8298, vote_loss: 2.9326, objectness_loss: 0.2747, semantic_loss: 0.2300, center_loss: 0.3233, dir_class_loss: 0.6744, dir_res_loss: 0.4783, size_class_loss: 0.2300, size_res_loss: 0.2184, loss: 5.3616, grad_norm: 6.4935
2026-05-03 18:37:00,482 - mmdet - INFO - Epoch [30][1300/1652]	lr: 8.000e-04, eta: 0:41:03, time: 0.239, data_time: 0.016, memory: 8298, vote_loss: 2.8590, objectness_loss: 0.2829, semantic_loss: 0.2198, center_loss: 0.3486, dir_class_loss: 0.6846, dir_res_loss: 0.4600, size_class_loss: 0.2198, size_res_loss: 0.2190, loss: 5.2937, grad_norm: 7.0447
2026-05-03 18:37:12,365 - mmdet - INFO - Epoch [30][1350/1652]	lr: 8.000e-04, eta: 0:40:51, time: 0.238, data_time: 0.016, memory: 8298, vote_loss: 2.8704, objectness_loss: 0.2832, semantic_loss: 0.2436, center_loss: 0.3390, dir_class_loss: 0.7071, dir_res_loss: 0.4408, size_class_loss: 0.2436, size_res_loss: 0.2264, loss: 5.3540, grad_norm: 6.9383
2026-05-03 18:37:24,279 - mmdet - INFO - Epoch [30][1400/1652]	lr: 8.000e-04, eta: 0:40:39, time: 0.238, data_time: 0.016, memory: 8298, vote_loss: 2.8037, objectness_loss: 0.2813, semantic_loss: 0.2464, center_loss: 0.3824, dir_class_loss: 0.7569, dir_res_loss: 0.5254, size_class_loss: 0.2464, size_res_loss: 0.2099, loss: 5.4523, grad_norm: 7.0450
2026-05-03 18:37:36,168 - mmdet - INFO - Epoch [30][1450/1652]	lr: 8.000e-04, eta: 0:40:27, time: 0.238, data_time: 0.016, memory: 8298, vote_loss: 2.7005, objectness_loss: 0.2739, semantic_loss: 0.2261, center_loss: 0.3112, dir_class_loss: 0.6608, dir_res_loss: 0.4527, size_class_loss: 0.2261, size_res_loss: 0.1938, loss: 5.0451, grad_norm: 6.4384
2026-05-03 18:37:48,093 - mmdet - INFO - Epoch [30][1500/1652]	lr: 8.000e-04, eta: 0:40:15, time: 0.238, data_time: 0.015, memory: 8298, vote_loss: 2.9402, objectness_loss: 0.2935, semantic_loss: 0.2323, center_loss: 0.3532, dir_class_loss: 0.7713, dir_res_loss: 0.4679, size_class_loss: 0.2323, size_res_loss: 0.2368, loss: 5.5275, grad_norm: 6.6260
2026-05-03 18:37:59,922 - mmdet - INFO - Epoch [30][1550/1652]	lr: 8.000e-04, eta: 0:40:03, time: 0.237, data_time: 0.014, memory: 8298, vote_loss: 2.6684, objectness_loss: 0.2776, semantic_loss: 0.2270, center_loss: 0.3416, dir_class_loss: 0.7631, dir_res_loss: 0.4782, size_class_loss: 0.2270, size_res_loss: 0.1881, loss: 5.1710, grad_norm: 7.4108
2026-05-03 18:38:11,756 - mmdet - INFO - Epoch [30][1600/1652]	lr: 8.000e-04, eta: 0:39:51, time: 0.237, data_time: 0.015, memory: 8298, vote_loss: 2.8823, objectness_loss: 0.2981, semantic_loss: 0.2123, center_loss: 0.4143, dir_class_loss: 0.7174, dir_res_loss: 0.4597, size_class_loss: 0.2123, size_res_loss: 0.2294, loss: 5.4257, grad_norm: 6.7905
2026-05-03 18:38:23,594 - mmdet - INFO - Epoch [30][1650/1652]	lr: 8.000e-04, eta: 0:39:39, time: 0.237, data_time: 0.015, memory: 8298, vote_loss: 2.7067, objectness_loss: 0.2682, semantic_loss: 0.2444, center_loss: 0.3307, dir_class_loss: 0.7037, dir_res_loss: 0.4822, size_class_loss: 0.2444, size_res_loss: 0.2124, loss: 5.1928, grad_norm: 7.2210
2026-05-03 18:38:24,128 - mmdet - INFO - Saving checkpoint at 30 epochs
2026-05-03 18:38:39,074 - mmdet - INFO - Epoch [31][50/1652]	lr: 8.000e-04, eta: 0:39:27, time: 0.298, data_time: 0.073, memory: 8298, vote_loss: 2.8839, objectness_loss: 0.2956, semantic_loss: 0.2347, center_loss: 0.3978, dir_class_loss: 0.6947, dir_res_loss: 0.4761, size_class_loss: 0.2347, size_res_loss: 0.2202, loss: 5.4377, grad_norm: 6.8769
2026-05-03 18:38:50,945 - mmdet - INFO - Epoch [31][100/1652]	lr: 8.000e-04, eta: 0:39:15, time: 0.237, data_time: 0.016, memory: 8298, vote_loss: 2.8870, objectness_loss: 0.2709, semantic_loss: 0.2429, center_loss: 0.3536, dir_class_loss: 0.7450, dir_res_loss: 0.4964, size_class_loss: 0.2429, size_res_loss: 0.2292, loss: 5.4680, grad_norm: 7.1110
2026-05-03 18:39:02,876 - mmdet - INFO - Epoch [31][150/1652]	lr: 8.000e-04, eta: 0:39:03, time: 0.239, data_time: 0.016, memory: 8298, vote_loss: 2.8127, objectness_loss: 0.2888, semantic_loss: 0.2389, center_loss: 0.3621, dir_class_loss: 0.6944, dir_res_loss: 0.4304, size_class_loss: 0.2389, size_res_loss: 0.2176, loss: 5.2839, grad_norm: 6.9320
2026-05-03 18:39:14,815 - mmdet - INFO - Epoch [31][200/1652]	lr: 8.000e-04, eta: 0:38:51, time: 0.239, data_time: 0.016, memory: 8298, vote_loss: 2.9288, objectness_loss: 0.2734, semantic_loss: 0.2665, center_loss: 0.3409, dir_class_loss: 0.7649, dir_res_loss: 0.5000, size_class_loss: 0.2665, size_res_loss: 0.2309, loss: 5.5717, grad_norm: 6.6094
2026-05-03 18:39:26,800 - mmdet - INFO - Epoch [31][250/1652]	lr: 8.000e-04, eta: 0:38:39, time: 0.240, data_time: 0.016, memory: 8298, vote_loss: 2.8479, objectness_loss: 0.2782, semantic_loss: 0.2375, center_loss: 0.3571, dir_class_loss: 0.7906, dir_res_loss: 0.4550, size_class_loss: 0.2375, size_res_loss: 0.2376, loss: 5.4415, grad_norm: 6.8004
2026-05-03 18:39:38,777 - mmdet - INFO - Epoch [31][300/1652]	lr: 8.000e-04, eta: 0:38:27, time: 0.240, data_time: 0.016, memory: 8298, vote_loss: 2.8527, objectness_loss: 0.2729, semantic_loss: 0.2064, center_loss: 0.3285, dir_class_loss: 0.7890, dir_res_loss: 0.4964, size_class_loss: 0.2064, size_res_loss: 0.2272, loss: 5.3795, grad_norm: 7.2053
2026-05-03 18:39:50,652 - mmdet - INFO - Epoch [31][350/1652]	lr: 8.000e-04, eta: 0:38:15, time: 0.237, data_time: 0.016, memory: 8298, vote_loss: 2.7900, objectness_loss: 0.2907, semantic_loss: 0.2134, center_loss: 0.4018, dir_class_loss: 0.7561, dir_res_loss: 0.5213, size_class_loss: 0.2134, size_res_loss: 0.2035, loss: 5.3902, grad_norm: 7.6967
2026-05-03 18:40:02,453 - mmdet - INFO - Epoch [31][400/1652]	lr: 8.000e-04, eta: 0:38:03, time: 0.236, data_time: 0.015, memory: 8298, vote_loss: 2.7774, objectness_loss: 0.2745, semantic_loss: 0.2074, center_loss: 0.3521, dir_class_loss: 0.6555, dir_res_loss: 0.4580, size_class_loss: 0.2074, size_res_loss: 0.1910, loss: 5.1235, grad_norm: 7.0353
2026-05-03 18:40:14,348 - mmdet - INFO - Epoch [31][450/1652]	lr: 8.000e-04, eta: 0:37:51, time: 0.238, data_time: 0.016, memory: 8298, vote_loss: 2.6776, objectness_loss: 0.2829, semantic_loss: 0.2418, center_loss: 0.3329, dir_class_loss: 0.6904, dir_res_loss: 0.4617, size_class_loss: 0.2418, size_res_loss: 0.2132, loss: 5.1422, grad_norm: 6.9103
2026-05-03 18:40:26,245 - mmdet - INFO - Epoch [31][500/1652]	lr: 8.000e-04, eta: 0:37:39, time: 0.238, data_time: 0.016, memory: 8298, vote_loss: 2.8671, objectness_loss: 0.2838, semantic_loss: 0.2482, center_loss: 0.3260, dir_class_loss: 0.7139, dir_res_loss: 0.4802, size_class_loss: 0.2482, size_res_loss: 0.2205, loss: 5.3878, grad_norm: 7.1045
2026-05-03 18:40:38,070 - mmdet - INFO - Epoch [31][550/1652]	lr: 8.000e-04, eta: 0:37:27, time: 0.237, data_time: 0.015, memory: 8298, vote_loss: 2.8109, objectness_loss: 0.2697, semantic_loss: 0.2337, center_loss: 0.3177, dir_class_loss: 0.7056, dir_res_loss: 0.4585, size_class_loss: 0.2337, size_res_loss: 0.2456, loss: 5.2755, grad_norm: 6.6564
2026-05-03 18:40:49,897 - mmdet - INFO - Epoch [31][600/1652]	lr: 8.000e-04, eta: 0:37:15, time: 0.237, data_time: 0.015, memory: 8298, vote_loss: 2.8850, objectness_loss: 0.2726, semantic_loss: 0.2284, center_loss: 0.3477, dir_class_loss: 0.6690, dir_res_loss: 0.4558, size_class_loss: 0.2284, size_res_loss: 0.2053, loss: 5.2922, grad_norm: 7.3916
2026-05-03 18:41:01,814 - mmdet - INFO - Epoch [31][650/1652]	lr: 8.000e-04, eta: 0:37:03, time: 0.238, data_time: 0.015, memory: 8298, vote_loss: 2.7931, objectness_loss: 0.2816, semantic_loss: 0.2382, center_loss: 0.3373, dir_class_loss: 0.7046, dir_res_loss: 0.5155, size_class_loss: 0.2382, size_res_loss: 0.2294, loss: 5.3379, grad_norm: 6.5473
2026-05-03 18:41:13,827 - mmdet - INFO - Epoch [31][700/1652]	lr: 8.000e-04, eta: 0:36:51, time: 0.240, data_time: 0.015, memory: 8298, vote_loss: 2.8378, objectness_loss: 0.3043, semantic_loss: 0.2417, center_loss: 0.3357, dir_class_loss: 0.7512, dir_res_loss: 0.4683, size_class_loss: 0.2417, size_res_loss: 0.2198, loss: 5.4004, grad_norm: 6.9177
2026-05-03 18:41:25,690 - mmdet - INFO - Epoch [31][750/1652]	lr: 8.000e-04, eta: 0:36:39, time: 0.237, data_time: 0.015, memory: 8298, vote_loss: 2.9009, objectness_loss: 0.2847, semantic_loss: 0.2280, center_loss: 0.3704, dir_class_loss: 0.6991, dir_res_loss: 0.4995, size_class_loss: 0.2280, size_res_loss: 0.2789, loss: 5.4894, grad_norm: 7.2919
2026-05-03 18:41:37,582 - mmdet - INFO - Epoch [31][800/1652]	lr: 8.000e-04, eta: 0:36:27, time: 0.238, data_time: 0.015, memory: 8298, vote_loss: 2.7342, objectness_loss: 0.2509, semantic_loss: 0.2323, center_loss: 0.3551, dir_class_loss: 0.7178, dir_res_loss: 0.4776, size_class_loss: 0.2323, size_res_loss: 0.1980, loss: 5.1982, grad_norm: 7.3512
2026-05-03 18:41:49,482 - mmdet - INFO - Epoch [31][850/1652]	lr: 8.000e-04, eta: 0:36:15, time: 0.238, data_time: 0.016, memory: 8298, vote_loss: 2.9127, objectness_loss: 0.2722, semantic_loss: 0.2257, center_loss: 0.3253, dir_class_loss: 0.7270, dir_res_loss: 0.5263, size_class_loss: 0.2257, size_res_loss: 0.2433, loss: 5.4583, grad_norm: 7.2586
2026-05-03 18:42:01,399 - mmdet - INFO - Epoch [31][900/1652]	lr: 8.000e-04, eta: 0:36:03, time: 0.238, data_time: 0.016, memory: 8298, vote_loss: 2.6537, objectness_loss: 0.2782, semantic_loss: 0.2177, center_loss: 0.3220, dir_class_loss: 0.6369, dir_res_loss: 0.4526, size_class_loss: 0.2176, size_res_loss: 0.1988, loss: 4.9776, grad_norm: 6.5389
2026-05-03 18:42:13,282 - mmdet - INFO - Epoch [31][950/1652]	lr: 8.000e-04, eta: 0:35:51, time: 0.238, data_time: 0.016, memory: 8298, vote_loss: 2.8291, objectness_loss: 0.2737, semantic_loss: 0.2123, center_loss: 0.3336, dir_class_loss: 0.6853, dir_res_loss: 0.4068, size_class_loss: 0.2123, size_res_loss: 0.2234, loss: 5.1764, grad_norm: 6.9019
2026-05-03 18:42:25,208 - mmdet - INFO - Epoch [31][1000/1652]	lr: 8.000e-04, eta: 0:35:39, time: 0.239, data_time: 0.016, memory: 8298, vote_loss: 2.8853, objectness_loss: 0.2905, semantic_loss: 0.2672, center_loss: 0.3485, dir_class_loss: 0.7685, dir_res_loss: 0.5204, size_class_loss: 0.2672, size_res_loss: 0.2179, loss: 5.5655, grad_norm: 6.8491
2026-05-03 18:42:37,164 - mmdet - INFO - Epoch [31][1050/1652]	lr: 8.000e-04, eta: 0:35:27, time: 0.239, data_time: 0.016, memory: 8298, vote_loss: 2.9447, objectness_loss: 0.2955, semantic_loss: 0.2583, center_loss: 0.3446, dir_class_loss: 0.7146, dir_res_loss: 0.4556, size_class_loss: 0.2583, size_res_loss: 0.2257, loss: 5.4971, grad_norm: 6.7279
2026-05-03 18:42:49,043 - mmdet - INFO - Epoch [31][1100/1652]	lr: 8.000e-04, eta: 0:35:15, time: 0.238, data_time: 0.016, memory: 8298, vote_loss: 2.8029, objectness_loss: 0.2846, semantic_loss: 0.2054, center_loss: 0.3384, dir_class_loss: 0.7016, dir_res_loss: 0.4844, size_class_loss: 0.2054, size_res_loss: 0.2043, loss: 5.2270, grad_norm: 6.9524
2026-05-03 18:43:00,969 - mmdet - INFO - Epoch [31][1150/1652]	lr: 8.000e-04, eta: 0:35:03, time: 0.239, data_time: 0.016, memory: 8298, vote_loss: 2.8031, objectness_loss: 0.2719, semantic_loss: 0.2288, center_loss: 0.3352, dir_class_loss: 0.7225, dir_res_loss: 0.4769, size_class_loss: 0.2288, size_res_loss: 0.2173, loss: 5.2846, grad_norm: 6.3564
2026-05-03 18:43:12,931 - mmdet - INFO - Epoch [31][1200/1652]	lr: 8.000e-04, eta: 0:34:51, time: 0.239, data_time: 0.016, memory: 8298, vote_loss: 2.6200, objectness_loss: 0.2908, semantic_loss: 0.2321, center_loss: 0.3276, dir_class_loss: 0.7732, dir_res_loss: 0.4591, size_class_loss: 0.2321, size_res_loss: 0.1954, loss: 5.1304, grad_norm: 6.9244
2026-05-03 18:43:24,829 - mmdet - INFO - Epoch [31][1250/1652]	lr: 8.000e-04, eta: 0:34:39, time: 0.238, data_time: 0.016, memory: 8298, vote_loss: 2.9554, objectness_loss: 0.2725, semantic_loss: 0.2275, center_loss: 0.3405, dir_class_loss: 0.6956, dir_res_loss: 0.4933, size_class_loss: 0.2275, size_res_loss: 0.2331, loss: 5.4454, grad_norm: 7.1599
2026-05-03 18:43:36,881 - mmdet - INFO - Epoch [31][1300/1652]	lr: 8.000e-04, eta: 0:34:27, time: 0.241, data_time: 0.016, memory: 8298, vote_loss: 2.7222, objectness_loss: 0.2922, semantic_loss: 0.2131, center_loss: 0.3177, dir_class_loss: 0.7726, dir_res_loss: 0.4992, size_class_loss: 0.2131, size_res_loss: 0.2103, loss: 5.2404, grad_norm: 6.2818
2026-05-03 18:43:48,787 - mmdet - INFO - Epoch [31][1350/1652]	lr: 8.000e-04, eta: 0:34:15, time: 0.238, data_time: 0.016, memory: 8298, vote_loss: 2.7893, objectness_loss: 0.2788, semantic_loss: 0.2406, center_loss: 0.3559, dir_class_loss: 0.6552, dir_res_loss: 0.4639, size_class_loss: 0.2406, size_res_loss: 0.2221, loss: 5.2464, grad_norm: 7.1272
2026-05-03 18:44:00,709 - mmdet - INFO - Epoch [31][1400/1652]	lr: 8.000e-04, eta: 0:34:03, time: 0.238, data_time: 0.016, memory: 8298, vote_loss: 2.8127, objectness_loss: 0.2841, semantic_loss: 0.2403, center_loss: 0.3343, dir_class_loss: 0.6939, dir_res_loss: 0.5676, size_class_loss: 0.2403, size_res_loss: 0.2217, loss: 5.3949, grad_norm: 6.9206
2026-05-03 18:44:12,590 - mmdet - INFO - Epoch [31][1450/1652]	lr: 8.000e-04, eta: 0:33:51, time: 0.238, data_time: 0.016, memory: 8298, vote_loss: 2.7866, objectness_loss: 0.2609, semantic_loss: 0.2268, center_loss: 0.3897, dir_class_loss: 0.6563, dir_res_loss: 0.4419, size_class_loss: 0.2268, size_res_loss: 0.2111, loss: 5.2000, grad_norm: 7.3055
2026-05-03 18:44:24,553 - mmdet - INFO - Epoch [31][1500/1652]	lr: 8.000e-04, eta: 0:33:39, time: 0.239, data_time: 0.016, memory: 8298, vote_loss: 2.7894, objectness_loss: 0.3059, semantic_loss: 0.2509, center_loss: 0.3756, dir_class_loss: 0.7198, dir_res_loss: 0.4986, size_class_loss: 0.2509, size_res_loss: 0.2166, loss: 5.4077, grad_norm: 7.2671
2026-05-03 18:44:36,523 - mmdet - INFO - Epoch [31][1550/1652]	lr: 8.000e-04, eta: 0:33:27, time: 0.239, data_time: 0.016, memory: 8298, vote_loss: 2.7978, objectness_loss: 0.2773, semantic_loss: 0.2331, center_loss: 0.3521, dir_class_loss: 0.7655, dir_res_loss: 0.5326, size_class_loss: 0.2331, size_res_loss: 0.2070, loss: 5.3985, grad_norm: 6.6316
2026-05-03 18:44:48,406 - mmdet - INFO - Epoch [31][1600/1652]	lr: 8.000e-04, eta: 0:33:15, time: 0.238, data_time: 0.016, memory: 8298, vote_loss: 2.6736, objectness_loss: 0.2802, semantic_loss: 0.2176, center_loss: 0.3125, dir_class_loss: 0.7063, dir_res_loss: 0.5043, size_class_loss: 0.2176, size_res_loss: 0.2177, loss: 5.1297, grad_norm: 7.0512
2026-05-03 18:45:00,280 - mmdet - INFO - Epoch [31][1650/1652]	lr: 8.000e-04, eta: 0:33:03, time: 0.237, data_time: 0.016, memory: 8298, vote_loss: 2.8972, objectness_loss: 0.2554, semantic_loss: 0.2387, center_loss: 0.3363, dir_class_loss: 0.7771, dir_res_loss: 0.4386, size_class_loss: 0.2387, size_res_loss: 0.2000, loss: 5.3820, grad_norm: 7.0834
2026-05-03 18:45:00,803 - mmdet - INFO - Saving checkpoint at 31 epochs
2026-05-03 18:45:15,486 - mmdet - INFO - Epoch [32][50/1652]	lr: 8.000e-04, eta: 0:32:50, time: 0.293, data_time: 0.070, memory: 8298, vote_loss: 2.8521, objectness_loss: 0.2657, semantic_loss: 0.2193, center_loss: 0.3375, dir_class_loss: 0.6702, dir_res_loss: 0.4448, size_class_loss: 0.2193, size_res_loss: 0.2186, loss: 5.2276, grad_norm: 7.2777
2026-05-03 18:45:27,405 - mmdet - INFO - Epoch [32][100/1652]	lr: 8.000e-04, eta: 0:32:38, time: 0.238, data_time: 0.016, memory: 8298, vote_loss: 2.8693, objectness_loss: 0.2730, semantic_loss: 0.2440, center_loss: 0.3741, dir_class_loss: 0.7573, dir_res_loss: 0.4851, size_class_loss: 0.2440, size_res_loss: 0.2512, loss: 5.4979, grad_norm: 7.0374
2026-05-03 18:45:39,323 - mmdet - INFO - Epoch [32][150/1652]	lr: 8.000e-04, eta: 0:32:26, time: 0.238, data_time: 0.016, memory: 8298, vote_loss: 2.7895, objectness_loss: 0.2698, semantic_loss: 0.2301, center_loss: 0.3315, dir_class_loss: 0.7273, dir_res_loss: 0.4480, size_class_loss: 0.2301, size_res_loss: 0.1990, loss: 5.2253, grad_norm: 7.1435
2026-05-03 18:45:51,299 - mmdet - INFO - Epoch [32][200/1652]	lr: 8.000e-04, eta: 0:32:14, time: 0.240, data_time: 0.017, memory: 8298, vote_loss: 2.8264, objectness_loss: 0.2733, semantic_loss: 0.2071, center_loss: 0.3443, dir_class_loss: 0.6924, dir_res_loss: 0.5109, size_class_loss: 0.2071, size_res_loss: 0.2110, loss: 5.2727, grad_norm: 6.8817
2026-05-03 18:46:03,260 - mmdet - INFO - Epoch [32][250/1652]	lr: 8.000e-04, eta: 0:32:02, time: 0.239, data_time: 0.016, memory: 8298, vote_loss: 2.7224, objectness_loss: 0.2811, semantic_loss: 0.2290, center_loss: 0.3171, dir_class_loss: 0.7446, dir_res_loss: 0.5455, size_class_loss: 0.2290, size_res_loss: 0.2138, loss: 5.2825, grad_norm: 6.9910
2026-05-03 18:46:15,140 - mmdet - INFO - Epoch [32][300/1652]	lr: 8.000e-04, eta: 0:31:50, time: 0.238, data_time: 0.016, memory: 8298, vote_loss: 2.7414, objectness_loss: 0.2848, semantic_loss: 0.2148, center_loss: 0.3441, dir_class_loss: 0.7249, dir_res_loss: 0.4474, size_class_loss: 0.2148, size_res_loss: 0.2147, loss: 5.1869, grad_norm: 7.0389
2026-05-03 18:46:27,066 - mmdet - INFO - Epoch [32][350/1652]	lr: 8.000e-04, eta: 0:31:38, time: 0.239, data_time: 0.016, memory: 8298, vote_loss: 2.7487, objectness_loss: 0.2824, semantic_loss: 0.2215, center_loss: 0.3302, dir_class_loss: 0.6545, dir_res_loss: 0.4891, size_class_loss: 0.2214, size_res_loss: 0.2059, loss: 5.1537, grad_norm: 7.0112
2026-05-03 18:46:39,207 - mmdet - INFO - Epoch [32][400/1652]	lr: 8.000e-04, eta: 0:31:26, time: 0.243, data_time: 0.020, memory: 8298, vote_loss: 2.7780, objectness_loss: 0.2581, semantic_loss: 0.2437, center_loss: 0.3339, dir_class_loss: 0.7296, dir_res_loss: 0.5013, size_class_loss: 0.2437, size_res_loss: 0.2150, loss: 5.3034, grad_norm: 6.4460
2026-05-03 18:46:51,055 - mmdet - INFO - Epoch [32][450/1652]	lr: 8.000e-04, eta: 0:31:14, time: 0.237, data_time: 0.016, memory: 8298, vote_loss: 2.8533, objectness_loss: 0.2880, semantic_loss: 0.2397, center_loss: 0.3401, dir_class_loss: 0.7435, dir_res_loss: 0.4866, size_class_loss: 0.2397, size_res_loss: 0.2166, loss: 5.4075, grad_norm: 6.9091
2026-05-03 18:47:02,964 - mmdet - INFO - Epoch [32][500/1652]	lr: 8.000e-04, eta: 0:31:02, time: 0.238, data_time: 0.016, memory: 8298, vote_loss: 2.5806, objectness_loss: 0.2719, semantic_loss: 0.2293, center_loss: 0.3004, dir_class_loss: 0.7149, dir_res_loss: 0.4409, size_class_loss: 0.2293, size_res_loss: 0.2283, loss: 4.9957, grad_norm: 6.5960
2026-05-03 18:47:14,836 - mmdet - INFO - Epoch [32][550/1652]	lr: 8.000e-04, eta: 0:30:50, time: 0.237, data_time: 0.016, memory: 8298, vote_loss: 2.8192, objectness_loss: 0.3004, semantic_loss: 0.2449, center_loss: 0.3578, dir_class_loss: 0.7171, dir_res_loss: 0.4257, size_class_loss: 0.2449, size_res_loss: 0.2252, loss: 5.3352, grad_norm: 6.6058
2026-05-03 18:47:26,716 - mmdet - INFO - Epoch [32][600/1652]	lr: 8.000e-04, eta: 0:30:38, time: 0.238, data_time: 0.016, memory: 8298, vote_loss: 2.9368, objectness_loss: 0.2829, semantic_loss: 0.2442, center_loss: 0.2963, dir_class_loss: 0.6577, dir_res_loss: 0.4786, size_class_loss: 0.2442, size_res_loss: 0.2180, loss: 5.3587, grad_norm: 6.6562
2026-05-03 18:47:38,533 - mmdet - INFO - Epoch [32][650/1652]	lr: 8.000e-04, eta: 0:30:26, time: 0.236, data_time: 0.016, memory: 8298, vote_loss: 2.7767, objectness_loss: 0.2592, semantic_loss: 0.2087, center_loss: 0.3503, dir_class_loss: 0.6495, dir_res_loss: 0.4532, size_class_loss: 0.2087, size_res_loss: 0.2214, loss: 5.1276, grad_norm: 7.5555
2026-05-03 18:47:50,422 - mmdet - INFO - Epoch [32][700/1652]	lr: 8.000e-04, eta: 0:30:14, time: 0.238, data_time: 0.016, memory: 8298, vote_loss: 2.8212, objectness_loss: 0.2729, semantic_loss: 0.2085, center_loss: 0.3521, dir_class_loss: 0.7216, dir_res_loss: 0.5017, size_class_loss: 0.2085, size_res_loss: 0.2113, loss: 5.2978, grad_norm: 7.0811
2026-05-03 18:48:02,309 - mmdet - INFO - Epoch [32][750/1652]	lr: 8.000e-04, eta: 0:30:02, time: 0.238, data_time: 0.016, memory: 8298, vote_loss: 2.6780, objectness_loss: 0.2628, semantic_loss: 0.2138, center_loss: 0.3317, dir_class_loss: 0.7126, dir_res_loss: 0.4987, size_class_loss: 0.2138, size_res_loss: 0.1936, loss: 5.1049, grad_norm: 6.6310
2026-05-03 18:48:14,194 - mmdet - INFO - Epoch [32][800/1652]	lr: 8.000e-04, eta: 0:29:50, time: 0.238, data_time: 0.016, memory: 8298, vote_loss: 2.8377, objectness_loss: 0.2704, semantic_loss: 0.2302, center_loss: 0.3365, dir_class_loss: 0.7345, dir_res_loss: 0.4923, size_class_loss: 0.2302, size_res_loss: 0.2221, loss: 5.3540, grad_norm: 6.9688
2026-05-03 18:48:26,057 - mmdet - INFO - Epoch [32][850/1652]	lr: 8.000e-04, eta: 0:29:38, time: 0.237, data_time: 0.016, memory: 8298, vote_loss: 2.8381, objectness_loss: 0.2734, semantic_loss: 0.1969, center_loss: 0.3264, dir_class_loss: 0.6826, dir_res_loss: 0.4286, size_class_loss: 0.1969, size_res_loss: 0.1864, loss: 5.1292, grad_norm: 7.3083
2026-05-03 18:48:38,000 - mmdet - INFO - Epoch [32][900/1652]	lr: 8.000e-04, eta: 0:29:26, time: 0.239, data_time: 0.016, memory: 8298, vote_loss: 2.8118, objectness_loss: 0.2845, semantic_loss: 0.2649, center_loss: 0.3406, dir_class_loss: 0.7722, dir_res_loss: 0.5104, size_class_loss: 0.2649, size_res_loss: 0.2128, loss: 5.4621, grad_norm: 6.6599
2026-05-03 18:48:49,942 - mmdet - INFO - Epoch [32][950/1652]	lr: 8.000e-04, eta: 0:29:14, time: 0.239, data_time: 0.016, memory: 8298, vote_loss: 2.8077, objectness_loss: 0.2584, semantic_loss: 0.2013, center_loss: 0.3086, dir_class_loss: 0.6586, dir_res_loss: 0.4554, size_class_loss: 0.2013, size_res_loss: 0.2096, loss: 5.1010, grad_norm: 6.9788
2026-05-03 18:49:01,824 - mmdet - INFO - Epoch [32][1000/1652]	lr: 8.000e-04, eta: 0:29:02, time: 0.238, data_time: 0.015, memory: 8298, vote_loss: 2.9798, objectness_loss: 0.2831, semantic_loss: 0.2440, center_loss: 0.3452, dir_class_loss: 0.7921, dir_res_loss: 0.5234, size_class_loss: 0.2440, size_res_loss: 0.2402, loss: 5.6517, grad_norm: 7.0909
2026-05-03 18:49:13,800 - mmdet - INFO - Epoch [32][1050/1652]	lr: 8.000e-04, eta: 0:28:50, time: 0.240, data_time: 0.016, memory: 8298, vote_loss: 2.7653, objectness_loss: 0.2695, semantic_loss: 0.2104, center_loss: 0.3174, dir_class_loss: 0.6327, dir_res_loss: 0.4228, size_class_loss: 0.2104, size_res_loss: 0.2047, loss: 5.0332, grad_norm: 6.6844
2026-05-03 18:49:25,789 - mmdet - INFO - Epoch [32][1100/1652]	lr: 8.000e-04, eta: 0:28:38, time: 0.240, data_time: 0.016, memory: 8298, vote_loss: 2.7529, objectness_loss: 0.2515, semantic_loss: 0.2216, center_loss: 0.3240, dir_class_loss: 0.8109, dir_res_loss: 0.5048, size_class_loss: 0.2216, size_res_loss: 0.2318, loss: 5.3190, grad_norm: 7.1682
2026-05-03 18:49:37,658 - mmdet - INFO - Epoch [32][1150/1652]	lr: 8.000e-04, eta: 0:28:26, time: 0.237, data_time: 0.015, memory: 8298, vote_loss: 2.7948, objectness_loss: 0.2592, semantic_loss: 0.2276, center_loss: 0.3089, dir_class_loss: 0.6994, dir_res_loss: 0.5119, size_class_loss: 0.2276, size_res_loss: 0.2235, loss: 5.2528, grad_norm: 7.0051
2026-05-03 18:49:49,566 - mmdet - INFO - Epoch [32][1200/1652]	lr: 8.000e-04, eta: 0:28:14, time: 0.238, data_time: 0.016, memory: 8298, vote_loss: 2.7459, objectness_loss: 0.2778, semantic_loss: 0.2095, center_loss: 0.3708, dir_class_loss: 0.7021, dir_res_loss: 0.5358, size_class_loss: 0.2095, size_res_loss: 0.2100, loss: 5.2615, grad_norm: 7.2132
2026-05-03 18:50:01,521 - mmdet - INFO - Epoch [32][1250/1652]	lr: 8.000e-04, eta: 0:28:02, time: 0.239, data_time: 0.016, memory: 8298, vote_loss: 2.8319, objectness_loss: 0.2785, semantic_loss: 0.2444, center_loss: 0.3423, dir_class_loss: 0.7275, dir_res_loss: 0.4304, size_class_loss: 0.2444, size_res_loss: 0.2183, loss: 5.3176, grad_norm: 6.6253
2026-05-03 18:50:13,366 - mmdet - INFO - Epoch [32][1300/1652]	lr: 8.000e-04, eta: 0:27:50, time: 0.237, data_time: 0.016, memory: 8298, vote_loss: 2.7572, objectness_loss: 0.2755, semantic_loss: 0.2120, center_loss: 0.3951, dir_class_loss: 0.7083, dir_res_loss: 0.4685, size_class_loss: 0.2120, size_res_loss: 0.2093, loss: 5.2379, grad_norm: 7.1105
2026-05-03 18:50:25,264 - mmdet - INFO - Epoch [32][1350/1652]	lr: 8.000e-04, eta: 0:27:38, time: 0.238, data_time: 0.016, memory: 8298, vote_loss: 2.8642, objectness_loss: 0.2708, semantic_loss: 0.2329, center_loss: 0.3802, dir_class_loss: 0.7062, dir_res_loss: 0.4443, size_class_loss: 0.2329, size_res_loss: 0.2044, loss: 5.3359, grad_norm: 7.0525
2026-05-03 18:50:37,152 - mmdet - INFO - Epoch [32][1400/1652]	lr: 8.000e-04, eta: 0:27:26, time: 0.238, data_time: 0.016, memory: 8298, vote_loss: 2.7449, objectness_loss: 0.2990, semantic_loss: 0.2621, center_loss: 0.3438, dir_class_loss: 0.7301, dir_res_loss: 0.4606, size_class_loss: 0.2621, size_res_loss: 0.2162, loss: 5.3186, grad_norm: 7.2234
2026-05-03 18:50:49,082 - mmdet - INFO - Epoch [32][1450/1652]	lr: 8.000e-04, eta: 0:27:14, time: 0.239, data_time: 0.016, memory: 8298, vote_loss: 2.7294, objectness_loss: 0.2783, semantic_loss: 0.2600, center_loss: 0.3755, dir_class_loss: 0.6662, dir_res_loss: 0.5373, size_class_loss: 0.2600, size_res_loss: 0.2230, loss: 5.3297, grad_norm: 7.4106
2026-05-03 18:51:00,993 - mmdet - INFO - Epoch [32][1500/1652]	lr: 8.000e-04, eta: 0:27:02, time: 0.238, data_time: 0.016, memory: 8298, vote_loss: 2.9497, objectness_loss: 0.2860, semantic_loss: 0.2202, center_loss: 0.3351, dir_class_loss: 0.6578, dir_res_loss: 0.4441, size_class_loss: 0.2202, size_res_loss: 0.2306, loss: 5.3437, grad_norm: 7.3042
2026-05-03 18:51:12,890 - mmdet - INFO - Epoch [32][1550/1652]	lr: 8.000e-04, eta: 0:26:50, time: 0.238, data_time: 0.016, memory: 8298, vote_loss: 2.8688, objectness_loss: 0.2845, semantic_loss: 0.2500, center_loss: 0.3303, dir_class_loss: 0.6916, dir_res_loss: 0.4758, size_class_loss: 0.2500, size_res_loss: 0.2385, loss: 5.3894, grad_norm: 6.8827
2026-05-03 18:51:24,750 - mmdet - INFO - Epoch [32][1600/1652]	lr: 8.000e-04, eta: 0:26:38, time: 0.237, data_time: 0.016, memory: 8298, vote_loss: 2.8645, objectness_loss: 0.2934, semantic_loss: 0.2286, center_loss: 0.3304, dir_class_loss: 0.7037, dir_res_loss: 0.4265, size_class_loss: 0.2286, size_res_loss: 0.2356, loss: 5.3114, grad_norm: 7.3356
2026-05-03 18:51:36,680 - mmdet - INFO - Epoch [32][1650/1652]	lr: 8.000e-04, eta: 0:26:26, time: 0.239, data_time: 0.016, memory: 8298, vote_loss: 2.8006, objectness_loss: 0.3001, semantic_loss: 0.2329, center_loss: 0.3505, dir_class_loss: 0.6654, dir_res_loss: 0.4528, size_class_loss: 0.2329, size_res_loss: 0.2282, loss: 5.2633, grad_norm: 6.7662
2026-05-03 18:51:37,222 - mmdet - INFO - Saving checkpoint at 32 epochs
2026-05-03 18:51:52,248 - mmdet - INFO - Epoch [33][50/1652]	lr: 8.000e-05, eta: 0:26:14, time: 0.300, data_time: 0.074, memory: 8298, vote_loss: 2.8976, objectness_loss: 0.2919, semantic_loss: 0.2283, center_loss: 0.3538, dir_class_loss: 0.7428, dir_res_loss: 0.4720, size_class_loss: 0.2283, size_res_loss: 0.2330, loss: 5.4478, grad_norm: 6.6353
2026-05-03 18:52:04,243 - mmdet - INFO - Epoch [33][100/1652]	lr: 8.000e-05, eta: 0:26:02, time: 0.240, data_time: 0.016, memory: 8298, vote_loss: 2.8544, objectness_loss: 0.2846, semantic_loss: 0.2526, center_loss: 0.3406, dir_class_loss: 0.6991, dir_res_loss: 0.4678, size_class_loss: 0.2526, size_res_loss: 0.2321, loss: 5.3837, grad_norm: 6.3119
2026-05-03 18:52:16,221 - mmdet - INFO - Epoch [33][150/1652]	lr: 8.000e-05, eta: 0:25:50, time: 0.240, data_time: 0.016, memory: 8298, vote_loss: 2.7047, objectness_loss: 0.2817, semantic_loss: 0.2220, center_loss: 0.3247, dir_class_loss: 0.6864, dir_res_loss: 0.3900, size_class_loss: 0.2220, size_res_loss: 0.1975, loss: 5.0291, grad_norm: 6.5508
2026-05-03 18:52:28,191 - mmdet - INFO - Epoch [33][200/1652]	lr: 8.000e-05, eta: 0:25:38, time: 0.239, data_time: 0.016, memory: 8298, vote_loss: 2.7907, objectness_loss: 0.2761, semantic_loss: 0.2113, center_loss: 0.3225, dir_class_loss: 0.7693, dir_res_loss: 0.4894, size_class_loss: 0.2113, size_res_loss: 0.2154, loss: 5.2861, grad_norm: 6.5327
2026-05-03 18:52:40,138 - mmdet - INFO - Epoch [33][250/1652]	lr: 8.000e-05, eta: 0:25:26, time: 0.239, data_time: 0.015, memory: 8298, vote_loss: 2.7502, objectness_loss: 0.2693, semantic_loss: 0.2046, center_loss: 0.3543, dir_class_loss: 0.6400, dir_res_loss: 0.4217, size_class_loss: 0.2046, size_res_loss: 0.2147, loss: 5.0594, grad_norm: 7.1737
2026-05-03 18:52:52,117 - mmdet - INFO - Epoch [33][300/1652]	lr: 8.000e-05, eta: 0:25:14, time: 0.240, data_time: 0.016, memory: 8298, vote_loss: 2.7840, objectness_loss: 0.2727, semantic_loss: 0.1979, center_loss: 0.4093, dir_class_loss: 0.6982, dir_res_loss: 0.4975, size_class_loss: 0.1979, size_res_loss: 0.2003, loss: 5.2579, grad_norm: 7.0478
2026-05-03 18:53:04,128 - mmdet - INFO - Epoch [33][350/1652]	lr: 8.000e-05, eta: 0:25:02, time: 0.240, data_time: 0.016, memory: 8298, vote_loss: 2.7621, objectness_loss: 0.2733, semantic_loss: 0.2140, center_loss: 0.3494, dir_class_loss: 0.7090, dir_res_loss: 0.4731, size_class_loss: 0.2140, size_res_loss: 0.2195, loss: 5.2145, grad_norm: 6.7295
2026-05-03 18:53:16,096 - mmdet - INFO - Epoch [33][400/1652]	lr: 8.000e-05, eta: 0:24:50, time: 0.239, data_time: 0.016, memory: 8298, vote_loss: 2.5956, objectness_loss: 0.2573, semantic_loss: 0.2349, center_loss: 0.3084, dir_class_loss: 0.8012, dir_res_loss: 0.4671, size_class_loss: 0.2349, size_res_loss: 0.1918, loss: 5.0911, grad_norm: 6.7183
2026-05-03 18:53:28,124 - mmdet - INFO - Epoch [33][450/1652]	lr: 8.000e-05, eta: 0:24:38, time: 0.241, data_time: 0.016, memory: 8298, vote_loss: 2.7373, objectness_loss: 0.2767, semantic_loss: 0.2209, center_loss: 0.3491, dir_class_loss: 0.6944, dir_res_loss: 0.4806, size_class_loss: 0.2209, size_res_loss: 0.2092, loss: 5.1892, grad_norm: 6.9057
2026-05-03 18:53:40,029 - mmdet - INFO - Epoch [33][500/1652]	lr: 8.000e-05, eta: 0:24:26, time: 0.238, data_time: 0.016, memory: 8298, vote_loss: 2.8450, objectness_loss: 0.2724, semantic_loss: 0.2060, center_loss: 0.3260, dir_class_loss: 0.6628, dir_res_loss: 0.5011, size_class_loss: 0.2060, size_res_loss: 0.2245, loss: 5.2438, grad_norm: 6.9912
2026-05-03 18:53:51,934 - mmdet - INFO - Epoch [33][550/1652]	lr: 8.000e-05, eta: 0:24:14, time: 0.238, data_time: 0.016, memory: 8298, vote_loss: 2.7721, objectness_loss: 0.2522, semantic_loss: 0.2110, center_loss: 0.3111, dir_class_loss: 0.6454, dir_res_loss: 0.4738, size_class_loss: 0.2110, size_res_loss: 0.2183, loss: 5.0949, grad_norm: 6.3896
2026-05-03 18:54:03,830 - mmdet - INFO - Epoch [33][600/1652]	lr: 8.000e-05, eta: 0:24:02, time: 0.238, data_time: 0.016, memory: 8298, vote_loss: 2.7268, objectness_loss: 0.2714, semantic_loss: 0.2478, center_loss: 0.3185, dir_class_loss: 0.6836, dir_res_loss: 0.4369, size_class_loss: 0.2478, size_res_loss: 0.2120, loss: 5.1448, grad_norm: 6.9877
2026-05-03 18:54:15,758 - mmdet - INFO - Epoch [33][650/1652]	lr: 8.000e-05, eta: 0:23:50, time: 0.239, data_time: 0.016, memory: 8298, vote_loss: 2.6810, objectness_loss: 0.2847, semantic_loss: 0.1966, center_loss: 0.3293, dir_class_loss: 0.6633, dir_res_loss: 0.4141, size_class_loss: 0.1966, size_res_loss: 0.2028, loss: 4.9683, grad_norm: 6.5628
2026-05-03 18:54:27,697 - mmdet - INFO - Epoch [33][700/1652]	lr: 8.000e-05, eta: 0:23:38, time: 0.239, data_time: 0.016, memory: 8298, vote_loss: 2.8243, objectness_loss: 0.2686, semantic_loss: 0.2418, center_loss: 0.3782, dir_class_loss: 0.7449, dir_res_loss: 0.5006, size_class_loss: 0.2418, size_res_loss: 0.2123, loss: 5.4126, grad_norm: 6.8827
2026-05-03 18:54:39,599 - mmdet - INFO - Epoch [33][750/1652]	lr: 8.000e-05, eta: 0:23:26, time: 0.238, data_time: 0.016, memory: 8298, vote_loss: 2.7557, objectness_loss: 0.2773, semantic_loss: 0.2370, center_loss: 0.3172, dir_class_loss: 0.6929, dir_res_loss: 0.4556, size_class_loss: 0.2370, size_res_loss: 0.2097, loss: 5.1823, grad_norm: 6.8699
2026-05-03 18:54:51,521 - mmdet - INFO - Epoch [33][800/1652]	lr: 8.000e-05, eta: 0:23:14, time: 0.238, data_time: 0.016, memory: 8298, vote_loss: 2.7913, objectness_loss: 0.2854, semantic_loss: 0.2214, center_loss: 0.3362, dir_class_loss: 0.6896, dir_res_loss: 0.4307, size_class_loss: 0.2214, size_res_loss: 0.2071, loss: 5.1828, grad_norm: 6.9350
2026-05-03 18:55:03,468 - mmdet - INFO - Epoch [33][850/1652]	lr: 8.000e-05, eta: 0:23:02, time: 0.239, data_time: 0.016, memory: 8298, vote_loss: 2.6339, objectness_loss: 0.2608, semantic_loss: 0.2138, center_loss: 0.3016, dir_class_loss: 0.6613, dir_res_loss: 0.4752, size_class_loss: 0.2138, size_res_loss: 0.1887, loss: 4.9491, grad_norm: 6.5025
2026-05-03 18:55:15,490 - mmdet - INFO - Epoch [33][900/1652]	lr: 8.000e-05, eta: 0:22:50, time: 0.240, data_time: 0.016, memory: 8298, vote_loss: 2.7403, objectness_loss: 0.2704, semantic_loss: 0.2184, center_loss: 0.3250, dir_class_loss: 0.7276, dir_res_loss: 0.4658, size_class_loss: 0.2184, size_res_loss: 0.2403, loss: 5.2063, grad_norm: 7.0808
2026-05-03 18:55:27,440 - mmdet - INFO - Epoch [33][950/1652]	lr: 8.000e-05, eta: 0:22:38, time: 0.239, data_time: 0.016, memory: 8298, vote_loss: 2.6645, objectness_loss: 0.2696, semantic_loss: 0.2090, center_loss: 0.3229, dir_class_loss: 0.6775, dir_res_loss: 0.4404, size_class_loss: 0.2090, size_res_loss: 0.2127, loss: 5.0056, grad_norm: 6.5406
2026-05-03 18:55:39,293 - mmdet - INFO - Epoch [33][1000/1652]	lr: 8.000e-05, eta: 0:22:26, time: 0.237, data_time: 0.015, memory: 8298, vote_loss: 2.7536, objectness_loss: 0.2691, semantic_loss: 0.2285, center_loss: 0.3428, dir_class_loss: 0.7554, dir_res_loss: 0.5058, size_class_loss: 0.2285, size_res_loss: 0.2086, loss: 5.2921, grad_norm: 7.0940
2026-05-03 18:55:51,545 - mmdet - INFO - Epoch [33][1050/1652]	lr: 8.000e-05, eta: 0:22:14, time: 0.245, data_time: 0.017, memory: 8298, vote_loss: 2.9401, objectness_loss: 0.2680, semantic_loss: 0.2201, center_loss: 0.3188, dir_class_loss: 0.7591, dir_res_loss: 0.5224, size_class_loss: 0.2201, size_res_loss: 0.2131, loss: 5.4617, grad_norm: 6.7149
2026-05-03 18:56:03,514 - mmdet - INFO - Epoch [33][1100/1652]	lr: 8.000e-05, eta: 0:22:02, time: 0.239, data_time: 0.016, memory: 8298, vote_loss: 2.7938, objectness_loss: 0.2725, semantic_loss: 0.2244, center_loss: 0.3375, dir_class_loss: 0.6567, dir_res_loss: 0.4662, size_class_loss: 0.2244, size_res_loss: 0.2096, loss: 5.1849, grad_norm: 6.6410
2026-05-03 18:56:15,494 - mmdet - INFO - Epoch [33][1150/1652]	lr: 8.000e-05, eta: 0:21:50, time: 0.240, data_time: 0.016, memory: 8298, vote_loss: 2.7346, objectness_loss: 0.2732, semantic_loss: 0.2132, center_loss: 0.3311, dir_class_loss: 0.7656, dir_res_loss: 0.4827, size_class_loss: 0.2132, size_res_loss: 0.2268, loss: 5.2404, grad_norm: 6.6953
2026-05-03 18:56:27,352 - mmdet - INFO - Epoch [33][1200/1652]	lr: 8.000e-05, eta: 0:21:38, time: 0.237, data_time: 0.016, memory: 8298, vote_loss: 2.7742, objectness_loss: 0.2856, semantic_loss: 0.2308, center_loss: 0.3284, dir_class_loss: 0.6459, dir_res_loss: 0.4418, size_class_loss: 0.2308, size_res_loss: 0.2154, loss: 5.1529, grad_norm: 6.6737
2026-05-03 18:56:39,307 - mmdet - INFO - Epoch [33][1250/1652]	lr: 8.000e-05, eta: 0:21:26, time: 0.239, data_time: 0.016, memory: 8298, vote_loss: 2.8170, objectness_loss: 0.2932, semantic_loss: 0.2196, center_loss: 0.3090, dir_class_loss: 0.6923, dir_res_loss: 0.4821, size_class_loss: 0.2196, size_res_loss: 0.2169, loss: 5.2498, grad_norm: 6.9284
2026-05-03 18:56:51,216 - mmdet - INFO - Epoch [33][1300/1652]	lr: 8.000e-05, eta: 0:21:14, time: 0.238, data_time: 0.016, memory: 8298, vote_loss: 2.8718, objectness_loss: 0.2496, semantic_loss: 0.1855, center_loss: 0.3154, dir_class_loss: 0.6660, dir_res_loss: 0.4991, size_class_loss: 0.1855, size_res_loss: 0.1984, loss: 5.1713, grad_norm: 6.8345
2026-05-03 18:57:03,130 - mmdet - INFO - Epoch [33][1350/1652]	lr: 8.000e-05, eta: 0:21:02, time: 0.238, data_time: 0.016, memory: 8298, vote_loss: 2.8844, objectness_loss: 0.3104, semantic_loss: 0.2279, center_loss: 0.3104, dir_class_loss: 0.6945, dir_res_loss: 0.4601, size_class_loss: 0.2279, size_res_loss: 0.2058, loss: 5.3213, grad_norm: 6.5957
2026-05-03 18:57:14,959 - mmdet - INFO - Epoch [33][1400/1652]	lr: 8.000e-05, eta: 0:20:50, time: 0.237, data_time: 0.015, memory: 8298, vote_loss: 2.7756, objectness_loss: 0.2721, semantic_loss: 0.2056, center_loss: 0.3523, dir_class_loss: 0.6932, dir_res_loss: 0.4599, size_class_loss: 0.2056, size_res_loss: 0.1958, loss: 5.1600, grad_norm: 7.1851
2026-05-03 18:57:26,839 - mmdet - INFO - Epoch [33][1450/1652]	lr: 8.000e-05, eta: 0:20:38, time: 0.238, data_time: 0.016, memory: 8298, vote_loss: 2.7071, objectness_loss: 0.2819, semantic_loss: 0.2211, center_loss: 0.3207, dir_class_loss: 0.6663, dir_res_loss: 0.4649, size_class_loss: 0.2211, size_res_loss: 0.2170, loss: 5.1001, grad_norm: 6.8001
2026-05-03 18:57:38,889 - mmdet - INFO - Epoch [33][1500/1652]	lr: 8.000e-05, eta: 0:20:26, time: 0.241, data_time: 0.020, memory: 8298, vote_loss: 2.7873, objectness_loss: 0.2638, semantic_loss: 0.2146, center_loss: 0.3372, dir_class_loss: 0.6762, dir_res_loss: 0.4394, size_class_loss: 0.2146, size_res_loss: 0.2248, loss: 5.1579, grad_norm: 6.8406
2026-05-03 18:57:50,885 - mmdet - INFO - Epoch [33][1550/1652]	lr: 8.000e-05, eta: 0:20:14, time: 0.240, data_time: 0.017, memory: 8298, vote_loss: 2.6777, objectness_loss: 0.2703, semantic_loss: 0.2196, center_loss: 0.3278, dir_class_loss: 0.6450, dir_res_loss: 0.4110, size_class_loss: 0.2196, size_res_loss: 0.1969, loss: 4.9679, grad_norm: 6.3010
2026-05-03 18:58:02,836 - mmdet - INFO - Epoch [33][1600/1652]	lr: 8.000e-05, eta: 0:20:02, time: 0.239, data_time: 0.016, memory: 8298, vote_loss: 2.5868, objectness_loss: 0.2601, semantic_loss: 0.2071, center_loss: 0.3087, dir_class_loss: 0.6191, dir_res_loss: 0.4192, size_class_loss: 0.2071, size_res_loss: 0.2125, loss: 4.8208, grad_norm: 6.4074
2026-05-03 18:58:14,788 - mmdet - INFO - Epoch [33][1650/1652]	lr: 8.000e-05, eta: 0:19:50, time: 0.239, data_time: 0.017, memory: 8298, vote_loss: 2.7172, objectness_loss: 0.2824, semantic_loss: 0.1919, center_loss: 0.3401, dir_class_loss: 0.6913, dir_res_loss: 0.4380, size_class_loss: 0.1919, size_res_loss: 0.2328, loss: 5.0855, grad_norm: 7.1583
2026-05-03 18:58:15,324 - mmdet - INFO - Saving checkpoint at 33 epochs
2026-05-03 18:58:30,156 - mmdet - INFO - Epoch [34][50/1652]	lr: 8.000e-05, eta: 0:19:37, time: 0.296, data_time: 0.070, memory: 8298, vote_loss: 2.9572, objectness_loss: 0.2579, semantic_loss: 0.2016, center_loss: 0.3448, dir_class_loss: 0.7156, dir_res_loss: 0.4527, size_class_loss: 0.2016, size_res_loss: 0.2234, loss: 5.3546, grad_norm: 7.5221
2026-05-03 18:58:42,145 - mmdet - INFO - Epoch [34][100/1652]	lr: 8.000e-05, eta: 0:19:25, time: 0.240, data_time: 0.016, memory: 8298, vote_loss: 2.7332, objectness_loss: 0.2737, semantic_loss: 0.2279, center_loss: 0.3188, dir_class_loss: 0.6789, dir_res_loss: 0.4507, size_class_loss: 0.2279, size_res_loss: 0.2075, loss: 5.1186, grad_norm: 6.7931
2026-05-03 18:58:54,000 - mmdet - INFO - Epoch [34][150/1652]	lr: 8.000e-05, eta: 0:19:13, time: 0.237, data_time: 0.016, memory: 8298, vote_loss: 2.6243, objectness_loss: 0.2699, semantic_loss: 0.2133, center_loss: 0.3188, dir_class_loss: 0.6245, dir_res_loss: 0.4042, size_class_loss: 0.2133, size_res_loss: 0.2108, loss: 4.8791, grad_norm: 6.7955
2026-05-03 18:59:05,941 - mmdet - INFO - Epoch [34][200/1652]	lr: 8.000e-05, eta: 0:19:01, time: 0.239, data_time: 0.016, memory: 8298, vote_loss: 2.8602, objectness_loss: 0.2858, semantic_loss: 0.2495, center_loss: 0.3413, dir_class_loss: 0.7269, dir_res_loss: 0.4103, size_class_loss: 0.2495, size_res_loss: 0.2233, loss: 5.3468, grad_norm: 6.7100
2026-05-03 18:59:17,849 - mmdet - INFO - Epoch [34][250/1652]	lr: 8.000e-05, eta: 0:18:49, time: 0.238, data_time: 0.016, memory: 8298, vote_loss: 2.6870, objectness_loss: 0.2658, semantic_loss: 0.1900, center_loss: 0.3721, dir_class_loss: 0.7293, dir_res_loss: 0.4093, size_class_loss: 0.1900, size_res_loss: 0.1936, loss: 5.0370, grad_norm: 6.8638
2026-05-03 18:59:29,792 - mmdet - INFO - Epoch [34][300/1652]	lr: 8.000e-05, eta: 0:18:37, time: 0.239, data_time: 0.016, memory: 8298, vote_loss: 2.7859, objectness_loss: 0.2805, semantic_loss: 0.2113, center_loss: 0.3206, dir_class_loss: 0.6680, dir_res_loss: 0.4567, size_class_loss: 0.2113, size_res_loss: 0.2195, loss: 5.1540, grad_norm: 6.4580
2026-05-03 18:59:41,683 - mmdet - INFO - Epoch [34][350/1652]	lr: 8.000e-05, eta: 0:18:25, time: 0.238, data_time: 0.016, memory: 8298, vote_loss: 2.7057, objectness_loss: 0.2568, semantic_loss: 0.2280, center_loss: 0.3184, dir_class_loss: 0.6767, dir_res_loss: 0.4497, size_class_loss: 0.2280, size_res_loss: 0.1930, loss: 5.0562, grad_norm: 6.9802
2026-05-03 18:59:53,612 - mmdet - INFO - Epoch [34][400/1652]	lr: 8.000e-05, eta: 0:18:13, time: 0.239, data_time: 0.016, memory: 8298, vote_loss: 2.7111, objectness_loss: 0.2853, semantic_loss: 0.2038, center_loss: 0.3170, dir_class_loss: 0.6590, dir_res_loss: 0.4240, size_class_loss: 0.2038, size_res_loss: 0.2051, loss: 5.0092, grad_norm: 6.5451
2026-05-03 19:00:05,578 - mmdet - INFO - Epoch [34][450/1652]	lr: 8.000e-05, eta: 0:18:01, time: 0.239, data_time: 0.016, memory: 8298, vote_loss: 2.7365, objectness_loss: 0.2813, semantic_loss: 0.2026, center_loss: 0.3073, dir_class_loss: 0.6620, dir_res_loss: 0.4574, size_class_loss: 0.2026, size_res_loss: 0.2063, loss: 5.0559, grad_norm: 6.4859
2026-05-03 19:00:17,510 - mmdet - INFO - Epoch [34][500/1652]	lr: 8.000e-05, eta: 0:17:49, time: 0.239, data_time: 0.016, memory: 8298, vote_loss: 2.6823, objectness_loss: 0.2684, semantic_loss: 0.2023, center_loss: 0.3195, dir_class_loss: 0.6955, dir_res_loss: 0.4104, size_class_loss: 0.2023, size_res_loss: 0.1995, loss: 4.9803, grad_norm: 6.5193
2026-05-03 19:00:29,356 - mmdet - INFO - Epoch [34][550/1652]	lr: 8.000e-05, eta: 0:17:37, time: 0.237, data_time: 0.016, memory: 8298, vote_loss: 2.8162, objectness_loss: 0.2684, semantic_loss: 0.1947, center_loss: 0.3260, dir_class_loss: 0.6237, dir_res_loss: 0.4286, size_class_loss: 0.1947, size_res_loss: 0.1995, loss: 5.0517, grad_norm: 6.6355
2026-05-03 19:00:41,275 - mmdet - INFO - Epoch [34][600/1652]	lr: 8.000e-05, eta: 0:17:25, time: 0.238, data_time: 0.016, memory: 8298, vote_loss: 2.7535, objectness_loss: 0.2750, semantic_loss: 0.1980, center_loss: 0.3151, dir_class_loss: 0.7125, dir_res_loss: 0.4307, size_class_loss: 0.1980, size_res_loss: 0.2118, loss: 5.0946, grad_norm: 6.4992
2026-05-03 19:00:53,133 - mmdet - INFO - Epoch [34][650/1652]	lr: 8.000e-05, eta: 0:17:13, time: 0.237, data_time: 0.016, memory: 8298, vote_loss: 2.8395, objectness_loss: 0.2760, semantic_loss: 0.2105, center_loss: 0.3153, dir_class_loss: 0.6785, dir_res_loss: 0.4510, size_class_loss: 0.2105, size_res_loss: 0.2010, loss: 5.1823, grad_norm: 7.0931
2026-05-03 19:01:05,020 - mmdet - INFO - Epoch [34][700/1652]	lr: 8.000e-05, eta: 0:17:01, time: 0.238, data_time: 0.016, memory: 8298, vote_loss: 2.7282, objectness_loss: 0.2610, semantic_loss: 0.2378, center_loss: 0.3325, dir_class_loss: 0.6757, dir_res_loss: 0.4846, size_class_loss: 0.2378, size_res_loss: 0.1907, loss: 5.1482, grad_norm: 6.9981
2026-05-03 19:01:16,992 - mmdet - INFO - Epoch [34][750/1652]	lr: 8.000e-05, eta: 0:16:49, time: 0.239, data_time: 0.016, memory: 8298, vote_loss: 2.6789, objectness_loss: 0.2683, semantic_loss: 0.2009, center_loss: 0.3068, dir_class_loss: 0.6951, dir_res_loss: 0.4808, size_class_loss: 0.2009, size_res_loss: 0.2059, loss: 5.0375, grad_norm: 6.7019
2026-05-03 19:01:28,937 - mmdet - INFO - Epoch [34][800/1652]	lr: 8.000e-05, eta: 0:16:37, time: 0.239, data_time: 0.016, memory: 8298, vote_loss: 2.6728, objectness_loss: 0.2997, semantic_loss: 0.2164, center_loss: 0.3405, dir_class_loss: 0.6440, dir_res_loss: 0.4298, size_class_loss: 0.2164, size_res_loss: 0.1955, loss: 5.0151, grad_norm: 6.8269
2026-05-03 19:01:40,840 - mmdet - INFO - Epoch [34][850/1652]	lr: 8.000e-05, eta: 0:16:25, time: 0.238, data_time: 0.016, memory: 8298, vote_loss: 2.8006, objectness_loss: 0.2799, semantic_loss: 0.2458, center_loss: 0.3251, dir_class_loss: 0.7066, dir_res_loss: 0.4627, size_class_loss: 0.2458, size_res_loss: 0.2401, loss: 5.3066, grad_norm: 6.5084
2026-05-03 19:01:52,829 - mmdet - INFO - Epoch [34][900/1652]	lr: 8.000e-05, eta: 0:16:13, time: 0.240, data_time: 0.016, memory: 8298, vote_loss: 2.7489, objectness_loss: 0.2576, semantic_loss: 0.2272, center_loss: 0.3426, dir_class_loss: 0.6668, dir_res_loss: 0.4455, size_class_loss: 0.2272, size_res_loss: 0.2040, loss: 5.1198, grad_norm: 6.6132
2026-05-03 19:02:04,719 - mmdet - INFO - Epoch [34][950/1652]	lr: 8.000e-05, eta: 0:16:01, time: 0.238, data_time: 0.016, memory: 8298, vote_loss: 2.8170, objectness_loss: 0.2840, semantic_loss: 0.2073, center_loss: 0.3257, dir_class_loss: 0.7779, dir_res_loss: 0.4630, size_class_loss: 0.2073, size_res_loss: 0.2043, loss: 5.2865, grad_norm: 6.6716
2026-05-03 19:02:16,590 - mmdet - INFO - Epoch [34][1000/1652]	lr: 8.000e-05, eta: 0:15:49, time: 0.237, data_time: 0.016, memory: 8298, vote_loss: 2.6657, objectness_loss: 0.2608, semantic_loss: 0.1940, center_loss: 0.3255, dir_class_loss: 0.6709, dir_res_loss: 0.4177, size_class_loss: 0.1940, size_res_loss: 0.2208, loss: 4.9493, grad_norm: 6.7802
2026-05-03 19:02:28,504 - mmdet - INFO - Epoch [34][1050/1652]	lr: 8.000e-05, eta: 0:15:37, time: 0.238, data_time: 0.016, memory: 8298, vote_loss: 2.7078, objectness_loss: 0.2834, semantic_loss: 0.2219, center_loss: 0.3624, dir_class_loss: 0.7224, dir_res_loss: 0.4577, size_class_loss: 0.2219, size_res_loss: 0.2277, loss: 5.2052, grad_norm: 7.1734
2026-05-03 19:02:40,403 - mmdet - INFO - Epoch [34][1100/1652]	lr: 8.000e-05, eta: 0:15:25, time: 0.238, data_time: 0.016, memory: 8298, vote_loss: 2.7576, objectness_loss: 0.2408, semantic_loss: 0.2168, center_loss: 0.3275, dir_class_loss: 0.7422, dir_res_loss: 0.4911, size_class_loss: 0.2168, size_res_loss: 0.2187, loss: 5.2116, grad_norm: 6.8681
2026-05-03 19:02:52,256 - mmdet - INFO - Epoch [34][1150/1652]	lr: 8.000e-05, eta: 0:15:13, time: 0.237, data_time: 0.016, memory: 8298, vote_loss: 2.6960, objectness_loss: 0.2380, semantic_loss: 0.2047, center_loss: 0.3091, dir_class_loss: 0.6954, dir_res_loss: 0.4286, size_class_loss: 0.2047, size_res_loss: 0.2125, loss: 4.9890, grad_norm: 6.7308
2026-05-03 19:03:04,150 - mmdet - INFO - Epoch [34][1200/1652]	lr: 8.000e-05, eta: 0:15:01, time: 0.238, data_time: 0.016, memory: 8298, vote_loss: 2.6792, objectness_loss: 0.2606, semantic_loss: 0.1898, center_loss: 0.3114, dir_class_loss: 0.6635, dir_res_loss: 0.5055, size_class_loss: 0.1898, size_res_loss: 0.1906, loss: 4.9903, grad_norm: 6.6630
2026-05-03 19:03:15,951 - mmdet - INFO - Epoch [34][1250/1652]	lr: 8.000e-05, eta: 0:14:49, time: 0.236, data_time: 0.016, memory: 8298, vote_loss: 2.7877, objectness_loss: 0.2739, semantic_loss: 0.2154, center_loss: 0.3106, dir_class_loss: 0.6835, dir_res_loss: 0.3908, size_class_loss: 0.2154, size_res_loss: 0.2307, loss: 5.1081, grad_norm: 6.5708
2026-05-03 19:03:27,885 - mmdet - INFO - Epoch [34][1300/1652]	lr: 8.000e-05, eta: 0:14:37, time: 0.239, data_time: 0.016, memory: 8298, vote_loss: 2.7693, objectness_loss: 0.2593, semantic_loss: 0.2046, center_loss: 0.3247, dir_class_loss: 0.6653, dir_res_loss: 0.4493, size_class_loss: 0.2046, size_res_loss: 0.2084, loss: 5.0853, grad_norm: 6.5657
2026-05-03 19:03:39,879 - mmdet - INFO - Epoch [34][1350/1652]	lr: 8.000e-05, eta: 0:14:25, time: 0.240, data_time: 0.017, memory: 8298, vote_loss: 2.7029, objectness_loss: 0.2743, semantic_loss: 0.2064, center_loss: 0.3317, dir_class_loss: 0.7017, dir_res_loss: 0.4755, size_class_loss: 0.2064, size_res_loss: 0.2213, loss: 5.1202, grad_norm: 7.0694
2026-05-03 19:03:51,794 - mmdet - INFO - Epoch [34][1400/1652]	lr: 8.000e-05, eta: 0:14:13, time: 0.238, data_time: 0.016, memory: 8298, vote_loss: 2.6951, objectness_loss: 0.2799, semantic_loss: 0.2297, center_loss: 0.4225, dir_class_loss: 0.7110, dir_res_loss: 0.5020, size_class_loss: 0.2297, size_res_loss: 0.1965, loss: 5.2665, grad_norm: 6.9041
2026-05-03 19:04:03,701 - mmdet - INFO - Epoch [34][1450/1652]	lr: 8.000e-05, eta: 0:14:01, time: 0.238, data_time: 0.016, memory: 8298, vote_loss: 2.6823, objectness_loss: 0.2874, semantic_loss: 0.2258, center_loss: 0.3163, dir_class_loss: 0.6885, dir_res_loss: 0.4990, size_class_loss: 0.2258, size_res_loss: 0.2100, loss: 5.1350, grad_norm: 6.5136
2026-05-03 19:04:15,659 - mmdet - INFO - Epoch [34][1500/1652]	lr: 8.000e-05, eta: 0:13:49, time: 0.239, data_time: 0.016, memory: 8298, vote_loss: 2.7175, objectness_loss: 0.2689, semantic_loss: 0.2372, center_loss: 0.3230, dir_class_loss: 0.6915, dir_res_loss: 0.4923, size_class_loss: 0.2372, size_res_loss: 0.2132, loss: 5.1809, grad_norm: 6.4668
2026-05-03 19:04:27,448 - mmdet - INFO - Epoch [34][1550/1652]	lr: 8.000e-05, eta: 0:13:37, time: 0.236, data_time: 0.014, memory: 8298, vote_loss: 2.8592, objectness_loss: 0.2689, semantic_loss: 0.2048, center_loss: 0.3107, dir_class_loss: 0.7102, dir_res_loss: 0.4772, size_class_loss: 0.2048, size_res_loss: 0.2476, loss: 5.2834, grad_norm: 6.7663
2026-05-03 19:04:39,326 - mmdet - INFO - Epoch [34][1600/1652]	lr: 8.000e-05, eta: 0:13:25, time: 0.238, data_time: 0.015, memory: 8298, vote_loss: 2.7826, objectness_loss: 0.2680, semantic_loss: 0.2001, center_loss: 0.2998, dir_class_loss: 0.7376, dir_res_loss: 0.4285, size_class_loss: 0.2001, size_res_loss: 0.2322, loss: 5.1488, grad_norm: 6.5696
2026-05-03 19:04:51,225 - mmdet - INFO - Epoch [34][1650/1652]	lr: 8.000e-05, eta: 0:13:13, time: 0.238, data_time: 0.015, memory: 8298, vote_loss: 2.7728, objectness_loss: 0.2764, semantic_loss: 0.2457, center_loss: 0.3380, dir_class_loss: 0.7081, dir_res_loss: 0.4736, size_class_loss: 0.2457, size_res_loss: 0.1897, loss: 5.2501, grad_norm: 6.9840
2026-05-03 19:04:51,744 - mmdet - INFO - Saving checkpoint at 34 epochs
2026-05-03 19:05:06,554 - mmdet - INFO - Epoch [35][50/1652]	lr: 8.000e-05, eta: 0:13:01, time: 0.295, data_time: 0.072, memory: 8298, vote_loss: 2.7940, objectness_loss: 0.2708, semantic_loss: 0.2145, center_loss: 0.3252, dir_class_loss: 0.6922, dir_res_loss: 0.4098, size_class_loss: 0.2145, size_res_loss: 0.2240, loss: 5.1451, grad_norm: 6.7589
2026-05-03 19:05:18,536 - mmdet - INFO - Epoch [35][100/1652]	lr: 8.000e-05, eta: 0:12:49, time: 0.240, data_time: 0.016, memory: 8298, vote_loss: 2.7752, objectness_loss: 0.2854, semantic_loss: 0.1950, center_loss: 0.3225, dir_class_loss: 0.6891, dir_res_loss: 0.4810, size_class_loss: 0.1950, size_res_loss: 0.2113, loss: 5.1544, grad_norm: 6.1860
2026-05-03 19:05:30,501 - mmdet - INFO - Epoch [35][150/1652]	lr: 8.000e-05, eta: 0:12:37, time: 0.239, data_time: 0.016, memory: 8298, vote_loss: 2.7540, objectness_loss: 0.2772, semantic_loss: 0.2579, center_loss: 0.3549, dir_class_loss: 0.7833, dir_res_loss: 0.4732, size_class_loss: 0.2579, size_res_loss: 0.2239, loss: 5.3823, grad_norm: 6.6654
2026-05-03 19:05:42,428 - mmdet - INFO - Epoch [35][200/1652]	lr: 8.000e-05, eta: 0:12:25, time: 0.239, data_time: 0.016, memory: 8298, vote_loss: 2.7634, objectness_loss: 0.2606, semantic_loss: 0.1973, center_loss: 0.3334, dir_class_loss: 0.6730, dir_res_loss: 0.4162, size_class_loss: 0.1973, size_res_loss: 0.2162, loss: 5.0574, grad_norm: 6.4444
2026-05-03 19:05:54,337 - mmdet - INFO - Epoch [35][250/1652]	lr: 8.000e-05, eta: 0:12:13, time: 0.238, data_time: 0.016, memory: 8298, vote_loss: 2.7803, objectness_loss: 0.2545, semantic_loss: 0.2068, center_loss: 0.3475, dir_class_loss: 0.7112, dir_res_loss: 0.4807, size_class_loss: 0.2068, size_res_loss: 0.1953, loss: 5.1831, grad_norm: 7.2266
2026-05-03 19:06:06,232 - mmdet - INFO - Epoch [35][300/1652]	lr: 8.000e-05, eta: 0:12:01, time: 0.238, data_time: 0.016, memory: 8298, vote_loss: 2.7237, objectness_loss: 0.2668, semantic_loss: 0.2147, center_loss: 0.3228, dir_class_loss: 0.6936, dir_res_loss: 0.4107, size_class_loss: 0.2147, size_res_loss: 0.2204, loss: 5.0674, grad_norm: 6.6215
2026-05-03 19:06:18,287 - mmdet - INFO - Epoch [35][350/1652]	lr: 8.000e-05, eta: 0:11:49, time: 0.241, data_time: 0.016, memory: 8298, vote_loss: 2.6540, objectness_loss: 0.2668, semantic_loss: 0.2125, center_loss: 0.3702, dir_class_loss: 0.6649, dir_res_loss: 0.4573, size_class_loss: 0.2125, size_res_loss: 0.1938, loss: 5.0318, grad_norm: 6.6100
2026-05-03 19:06:30,146 - mmdet - INFO - Epoch [35][400/1652]	lr: 8.000e-05, eta: 0:11:37, time: 0.237, data_time: 0.015, memory: 8298, vote_loss: 2.7378, objectness_loss: 0.2674, semantic_loss: 0.2200, center_loss: 0.3115, dir_class_loss: 0.7187, dir_res_loss: 0.4844, size_class_loss: 0.2200, size_res_loss: 0.1866, loss: 5.1463, grad_norm: 7.0543
2026-05-03 19:06:42,036 - mmdet - INFO - Epoch [35][450/1652]	lr: 8.000e-05, eta: 0:11:25, time: 0.238, data_time: 0.016, memory: 8298, vote_loss: 2.6897, objectness_loss: 0.2767, semantic_loss: 0.2106, center_loss: 0.3018, dir_class_loss: 0.7673, dir_res_loss: 0.4562, size_class_loss: 0.2106, size_res_loss: 0.2164, loss: 5.1293, grad_norm: 6.8500
2026-05-03 19:06:53,920 - mmdet - INFO - Epoch [35][500/1652]	lr: 8.000e-05, eta: 0:11:13, time: 0.238, data_time: 0.015, memory: 8298, vote_loss: 2.8044, objectness_loss: 0.2816, semantic_loss: 0.2156, center_loss: 0.3266, dir_class_loss: 0.6901, dir_res_loss: 0.4050, size_class_loss: 0.2156, size_res_loss: 0.1946, loss: 5.1336, grad_norm: 6.5285
2026-05-03 19:07:05,778 - mmdet - INFO - Epoch [35][550/1652]	lr: 8.000e-05, eta: 0:11:01, time: 0.237, data_time: 0.016, memory: 8298, vote_loss: 2.7378, objectness_loss: 0.2834, semantic_loss: 0.2184, center_loss: 0.3126, dir_class_loss: 0.7022, dir_res_loss: 0.4443, size_class_loss: 0.2183, size_res_loss: 0.2081, loss: 5.1252, grad_norm: 6.6221
2026-05-03 19:07:17,722 - mmdet - INFO - Epoch [35][600/1652]	lr: 8.000e-05, eta: 0:10:49, time: 0.239, data_time: 0.016, memory: 8298, vote_loss: 2.7579, objectness_loss: 0.2487, semantic_loss: 0.1847, center_loss: 0.3137, dir_class_loss: 0.6516, dir_res_loss: 0.4352, size_class_loss: 0.1847, size_res_loss: 0.2345, loss: 5.0112, grad_norm: 6.7423
2026-05-03 19:07:29,626 - mmdet - INFO - Epoch [35][650/1652]	lr: 8.000e-05, eta: 0:10:37, time: 0.238, data_time: 0.017, memory: 8298, vote_loss: 2.6778, objectness_loss: 0.3185, semantic_loss: 0.1843, center_loss: 0.3185, dir_class_loss: 0.7331, dir_res_loss: 0.4671, size_class_loss: 0.1843, size_res_loss: 0.2059, loss: 5.0895, grad_norm: 6.7176
2026-05-03 19:07:41,522 - mmdet - INFO - Epoch [35][700/1652]	lr: 8.000e-05, eta: 0:10:25, time: 0.238, data_time: 0.016, memory: 8298, vote_loss: 2.7900, objectness_loss: 0.2933, semantic_loss: 0.2111, center_loss: 0.3267, dir_class_loss: 0.6745, dir_res_loss: 0.4968, size_class_loss: 0.2111, size_res_loss: 0.2473, loss: 5.2510, grad_norm: 6.5518
2026-05-03 19:07:53,346 - mmdet - INFO - Epoch [35][750/1652]	lr: 8.000e-05, eta: 0:10:13, time: 0.236, data_time: 0.015, memory: 8298, vote_loss: 2.6579, objectness_loss: 0.2804, semantic_loss: 0.2127, center_loss: 0.3283, dir_class_loss: 0.7395, dir_res_loss: 0.5091, size_class_loss: 0.2127, size_res_loss: 0.2154, loss: 5.1559, grad_norm: 6.5657
2026-05-03 19:08:05,290 - mmdet - INFO - Epoch [35][800/1652]	lr: 8.000e-05, eta: 0:10:01, time: 0.239, data_time: 0.016, memory: 8298, vote_loss: 2.7990, objectness_loss: 0.2714, semantic_loss: 0.2103, center_loss: 0.3257, dir_class_loss: 0.7182, dir_res_loss: 0.4590, size_class_loss: 0.2103, size_res_loss: 0.2589, loss: 5.2526, grad_norm: 6.9920
2026-05-03 19:08:17,334 - mmdet - INFO - Epoch [35][850/1652]	lr: 8.000e-05, eta: 0:09:49, time: 0.241, data_time: 0.017, memory: 8298, vote_loss: 2.7759, objectness_loss: 0.2820, semantic_loss: 0.2178, center_loss: 0.3278, dir_class_loss: 0.6517, dir_res_loss: 0.4159, size_class_loss: 0.2178, size_res_loss: 0.2190, loss: 5.1079, grad_norm: 7.0895
2026-05-03 19:08:29,236 - mmdet - INFO - Epoch [35][900/1652]	lr: 8.000e-05, eta: 0:09:37, time: 0.238, data_time: 0.016, memory: 8298, vote_loss: 2.7585, objectness_loss: 0.2779, semantic_loss: 0.2107, center_loss: 0.3375, dir_class_loss: 0.6436, dir_res_loss: 0.4331, size_class_loss: 0.2107, size_res_loss: 0.1909, loss: 5.0630, grad_norm: 6.5702
2026-05-03 19:08:41,364 - mmdet - INFO - Epoch [35][950/1652]	lr: 8.000e-05, eta: 0:09:25, time: 0.243, data_time: 0.020, memory: 8298, vote_loss: 2.6715, objectness_loss: 0.2580, semantic_loss: 0.2252, center_loss: 0.3141, dir_class_loss: 0.6725, dir_res_loss: 0.4237, size_class_loss: 0.2252, size_res_loss: 0.2067, loss: 4.9969, grad_norm: 6.6637
2026-05-03 19:08:53,227 - mmdet - INFO - Epoch [35][1000/1652]	lr: 8.000e-05, eta: 0:09:13, time: 0.237, data_time: 0.016, memory: 8298, vote_loss: 2.7314, objectness_loss: 0.2745, semantic_loss: 0.2171, center_loss: 0.3374, dir_class_loss: 0.6764, dir_res_loss: 0.4401, size_class_loss: 0.2171, size_res_loss: 0.2127, loss: 5.1066, grad_norm: 7.2380
2026-05-03 19:09:05,056 - mmdet - INFO - Epoch [35][1050/1652]	lr: 8.000e-05, eta: 0:09:01, time: 0.237, data_time: 0.016, memory: 8298, vote_loss: 2.8162, objectness_loss: 0.2578, semantic_loss: 0.2228, center_loss: 0.3236, dir_class_loss: 0.7539, dir_res_loss: 0.4894, size_class_loss: 0.2228, size_res_loss: 0.2238, loss: 5.3103, grad_norm: 7.2167
2026-05-03 19:09:17,014 - mmdet - INFO - Epoch [35][1100/1652]	lr: 8.000e-05, eta: 0:08:49, time: 0.239, data_time: 0.016, memory: 8298, vote_loss: 2.7843, objectness_loss: 0.2727, semantic_loss: 0.2242, center_loss: 0.3142, dir_class_loss: 0.7088, dir_res_loss: 0.4510, size_class_loss: 0.2242, size_res_loss: 0.2030, loss: 5.1825, grad_norm: 6.5068
2026-05-03 19:09:28,924 - mmdet - INFO - Epoch [35][1150/1652]	lr: 8.000e-05, eta: 0:08:37, time: 0.238, data_time: 0.015, memory: 8298, vote_loss: 2.7810, objectness_loss: 0.2650, semantic_loss: 0.2004, center_loss: 0.3356, dir_class_loss: 0.7304, dir_res_loss: 0.4571, size_class_loss: 0.2004, size_res_loss: 0.2265, loss: 5.1964, grad_norm: 6.9710
2026-05-03 19:09:40,812 - mmdet - INFO - Epoch [35][1200/1652]	lr: 8.000e-05, eta: 0:08:25, time: 0.238, data_time: 0.016, memory: 8298, vote_loss: 2.7173, objectness_loss: 0.2710, semantic_loss: 0.2245, center_loss: 0.3190, dir_class_loss: 0.6987, dir_res_loss: 0.4454, size_class_loss: 0.2245, size_res_loss: 0.2105, loss: 5.1110, grad_norm: 6.4679
2026-05-03 19:09:52,691 - mmdet - INFO - Epoch [35][1250/1652]	lr: 8.000e-05, eta: 0:08:12, time: 0.238, data_time: 0.016, memory: 8298, vote_loss: 2.6694, objectness_loss: 0.2602, semantic_loss: 0.2077, center_loss: 0.3148, dir_class_loss: 0.7081, dir_res_loss: 0.4960, size_class_loss: 0.2077, size_res_loss: 0.2225, loss: 5.0863, grad_norm: 6.8735
2026-05-03 19:10:04,494 - mmdet - INFO - Epoch [35][1300/1652]	lr: 8.000e-05, eta: 0:08:00, time: 0.236, data_time: 0.014, memory: 8298, vote_loss: 2.7822, objectness_loss: 0.2541, semantic_loss: 0.1845, center_loss: 0.3531, dir_class_loss: 0.6750, dir_res_loss: 0.4955, size_class_loss: 0.1845, size_res_loss: 0.2348, loss: 5.1638, grad_norm: 6.9856
2026-05-03 19:10:16,406 - mmdet - INFO - Epoch [35][1350/1652]	lr: 8.000e-05, eta: 0:07:48, time: 0.238, data_time: 0.016, memory: 8298, vote_loss: 2.5803, objectness_loss: 0.2671, semantic_loss: 0.2291, center_loss: 0.3455, dir_class_loss: 0.7130, dir_res_loss: 0.4757, size_class_loss: 0.2290, size_res_loss: 0.2133, loss: 5.0529, grad_norm: 7.0627
2026-05-03 19:10:28,338 - mmdet - INFO - Epoch [35][1400/1652]	lr: 8.000e-05, eta: 0:07:36, time: 0.239, data_time: 0.016, memory: 8298, vote_loss: 2.7556, objectness_loss: 0.2805, semantic_loss: 0.2127, center_loss: 0.3104, dir_class_loss: 0.7067, dir_res_loss: 0.4594, size_class_loss: 0.2127, size_res_loss: 0.2134, loss: 5.1514, grad_norm: 6.6548
2026-05-03 19:10:40,156 - mmdet - INFO - Epoch [35][1450/1652]	lr: 8.000e-05, eta: 0:07:24, time: 0.236, data_time: 0.015, memory: 8298, vote_loss: 2.6779, objectness_loss: 0.2493, semantic_loss: 0.2084, center_loss: 0.3113, dir_class_loss: 0.6693, dir_res_loss: 0.4339, size_class_loss: 0.2084, size_res_loss: 0.1913, loss: 4.9499, grad_norm: 6.7757
2026-05-03 19:10:52,008 - mmdet - INFO - Epoch [35][1500/1652]	lr: 8.000e-05, eta: 0:07:12, time: 0.237, data_time: 0.015, memory: 8298, vote_loss: 2.7413, objectness_loss: 0.2631, semantic_loss: 0.2261, center_loss: 0.3275, dir_class_loss: 0.7308, dir_res_loss: 0.4718, size_class_loss: 0.2261, size_res_loss: 0.1996, loss: 5.1863, grad_norm: 6.7005
2026-05-03 19:11:03,947 - mmdet - INFO - Epoch [35][1550/1652]	lr: 8.000e-05, eta: 0:07:00, time: 0.239, data_time: 0.016, memory: 8298, vote_loss: 2.6966, objectness_loss: 0.3023, semantic_loss: 0.2405, center_loss: 0.3306, dir_class_loss: 0.7005, dir_res_loss: 0.4270, size_class_loss: 0.2405, size_res_loss: 0.2089, loss: 5.1469, grad_norm: 6.9126
2026-05-03 19:11:15,861 - mmdet - INFO - Epoch [35][1600/1652]	lr: 8.000e-05, eta: 0:06:48, time: 0.238, data_time: 0.016, memory: 8298, vote_loss: 2.6523, objectness_loss: 0.2654, semantic_loss: 0.1999, center_loss: 0.3105, dir_class_loss: 0.6441, dir_res_loss: 0.4770, size_class_loss: 0.1999, size_res_loss: 0.1976, loss: 4.9466, grad_norm: 6.6773
2026-05-03 19:11:27,958 - mmdet - INFO - Epoch [35][1650/1652]	lr: 8.000e-05, eta: 0:06:36, time: 0.242, data_time: 0.017, memory: 8298, vote_loss: 2.8889, objectness_loss: 0.2772, semantic_loss: 0.2028, center_loss: 0.3321, dir_class_loss: 0.7232, dir_res_loss: 0.4531, size_class_loss: 0.2028, size_res_loss: 0.2286, loss: 5.3087, grad_norm: 6.9571
2026-05-03 19:11:28,487 - mmdet - INFO - Saving checkpoint at 35 epochs
2026-05-03 19:11:43,138 - mmdet - INFO - Epoch [36][50/1652]	lr: 8.000e-05, eta: 0:06:24, time: 0.292, data_time: 0.071, memory: 8298, vote_loss: 2.7711, objectness_loss: 0.2726, semantic_loss: 0.2315, center_loss: 0.3310, dir_class_loss: 0.6778, dir_res_loss: 0.4606, size_class_loss: 0.2315, size_res_loss: 0.1916, loss: 5.1677, grad_norm: 6.9658
2026-05-03 19:11:54,977 - mmdet - INFO - Epoch [36][100/1652]	lr: 8.000e-05, eta: 0:06:12, time: 0.237, data_time: 0.016, memory: 8298, vote_loss: 2.6567, objectness_loss: 0.2608, semantic_loss: 0.2298, center_loss: 0.3860, dir_class_loss: 0.6981, dir_res_loss: 0.4328, size_class_loss: 0.2298, size_res_loss: 0.2117, loss: 5.1056, grad_norm: 6.9624
2026-05-03 19:12:06,867 - mmdet - INFO - Epoch [36][150/1652]	lr: 8.000e-05, eta: 0:06:00, time: 0.238, data_time: 0.016, memory: 8298, vote_loss: 2.8018, objectness_loss: 0.2497, semantic_loss: 0.2061, center_loss: 0.3200, dir_class_loss: 0.6972, dir_res_loss: 0.4436, size_class_loss: 0.2061, size_res_loss: 0.2070, loss: 5.1314, grad_norm: 7.2069
2026-05-03 19:12:18,763 - mmdet - INFO - Epoch [36][200/1652]	lr: 8.000e-05, eta: 0:05:48, time: 0.238, data_time: 0.016, memory: 8298, vote_loss: 2.6991, objectness_loss: 0.2691, semantic_loss: 0.2232, center_loss: 0.3141, dir_class_loss: 0.7227, dir_res_loss: 0.4641, size_class_loss: 0.2232, size_res_loss: 0.2234, loss: 5.1390, grad_norm: 7.0552
2026-05-03 19:12:30,735 - mmdet - INFO - Epoch [36][250/1652]	lr: 8.000e-05, eta: 0:05:36, time: 0.239, data_time: 0.016, memory: 8298, vote_loss: 2.7723, objectness_loss: 0.2677, semantic_loss: 0.2447, center_loss: 0.3465, dir_class_loss: 0.6760, dir_res_loss: 0.4104, size_class_loss: 0.2447, size_res_loss: 0.2045, loss: 5.1666, grad_norm: 6.6613
2026-05-03 19:12:42,653 - mmdet - INFO - Epoch [36][300/1652]	lr: 8.000e-05, eta: 0:05:24, time: 0.238, data_time: 0.016, memory: 8298, vote_loss: 2.7620, objectness_loss: 0.2743, semantic_loss: 0.2066, center_loss: 0.3214, dir_class_loss: 0.7281, dir_res_loss: 0.4433, size_class_loss: 0.2066, size_res_loss: 0.2123, loss: 5.1547, grad_norm: 6.6523
2026-05-03 19:12:54,602 - mmdet - INFO - Epoch [36][350/1652]	lr: 8.000e-05, eta: 0:05:12, time: 0.239, data_time: 0.016, memory: 8298, vote_loss: 2.7059, objectness_loss: 0.2745, semantic_loss: 0.2102, center_loss: 0.3282, dir_class_loss: 0.6606, dir_res_loss: 0.3958, size_class_loss: 0.2102, size_res_loss: 0.1918, loss: 4.9772, grad_norm: 6.6099
2026-05-03 19:13:06,463 - mmdet - INFO - Epoch [36][400/1652]	lr: 8.000e-05, eta: 0:05:00, time: 0.237, data_time: 0.016, memory: 8298, vote_loss: 2.7003, objectness_loss: 0.2811, semantic_loss: 0.2225, center_loss: 0.2997, dir_class_loss: 0.7278, dir_res_loss: 0.4769, size_class_loss: 0.2225, size_res_loss: 0.2027, loss: 5.1336, grad_norm: 7.0972
2026-05-03 19:13:18,365 - mmdet - INFO - Epoch [36][450/1652]	lr: 8.000e-05, eta: 0:04:48, time: 0.238, data_time: 0.016, memory: 8298, vote_loss: 2.9046, objectness_loss: 0.2705, semantic_loss: 0.2418, center_loss: 0.3256, dir_class_loss: 0.7181, dir_res_loss: 0.4617, size_class_loss: 0.2418, size_res_loss: 0.2354, loss: 5.3996, grad_norm: 6.6131
2026-05-03 19:13:30,314 - mmdet - INFO - Epoch [36][500/1652]	lr: 8.000e-05, eta: 0:04:36, time: 0.239, data_time: 0.016, memory: 8298, vote_loss: 2.7625, objectness_loss: 0.2782, semantic_loss: 0.2047, center_loss: 0.3034, dir_class_loss: 0.7735, dir_res_loss: 0.4661, size_class_loss: 0.2047, size_res_loss: 0.1927, loss: 5.1858, grad_norm: 6.8537
2026-05-03 19:13:42,209 - mmdet - INFO - Epoch [36][550/1652]	lr: 8.000e-05, eta: 0:04:24, time: 0.238, data_time: 0.016, memory: 8298, vote_loss: 2.6701, objectness_loss: 0.2872, semantic_loss: 0.2096, center_loss: 0.3006, dir_class_loss: 0.6738, dir_res_loss: 0.4312, size_class_loss: 0.2096, size_res_loss: 0.2046, loss: 4.9867, grad_norm: 6.7927
2026-05-03 19:13:54,151 - mmdet - INFO - Epoch [36][600/1652]	lr: 8.000e-05, eta: 0:04:12, time: 0.239, data_time: 0.016, memory: 8298, vote_loss: 2.9018, objectness_loss: 0.2788, semantic_loss: 0.2194, center_loss: 0.3220, dir_class_loss: 0.7186, dir_res_loss: 0.4414, size_class_loss: 0.2194, size_res_loss: 0.2174, loss: 5.3188, grad_norm: 6.3998
2026-05-03 19:14:06,099 - mmdet - INFO - Epoch [36][650/1652]	lr: 8.000e-05, eta: 0:04:00, time: 0.239, data_time: 0.016, memory: 8298, vote_loss: 2.7265, objectness_loss: 0.2754, semantic_loss: 0.2011, center_loss: 0.3173, dir_class_loss: 0.6874, dir_res_loss: 0.4783, size_class_loss: 0.2011, size_res_loss: 0.1854, loss: 5.0725, grad_norm: 6.6431
2026-05-03 19:14:17,952 - mmdet - INFO - Epoch [36][700/1652]	lr: 8.000e-05, eta: 0:03:48, time: 0.237, data_time: 0.016, memory: 8298, vote_loss: 2.7590, objectness_loss: 0.2521, semantic_loss: 0.2073, center_loss: 0.3055, dir_class_loss: 0.7271, dir_res_loss: 0.4211, size_class_loss: 0.2073, size_res_loss: 0.2277, loss: 5.1071, grad_norm: 6.8692
2026-05-03 19:14:29,868 - mmdet - INFO - Epoch [36][750/1652]	lr: 8.000e-05, eta: 0:03:36, time: 0.238, data_time: 0.016, memory: 8298, vote_loss: 2.8359, objectness_loss: 0.2926, semantic_loss: 0.1964, center_loss: 0.3410, dir_class_loss: 0.6956, dir_res_loss: 0.4587, size_class_loss: 0.1964, size_res_loss: 0.2323, loss: 5.2487, grad_norm: 6.8535
2026-05-03 19:14:41,852 - mmdet - INFO - Epoch [36][800/1652]	lr: 8.000e-05, eta: 0:03:24, time: 0.240, data_time: 0.017, memory: 8298, vote_loss: 2.6382, objectness_loss: 0.2657, semantic_loss: 0.2344, center_loss: 0.3285, dir_class_loss: 0.6926, dir_res_loss: 0.4626, size_class_loss: 0.2344, size_res_loss: 0.1941, loss: 5.0503, grad_norm: 7.1518
2026-05-03 19:14:53,764 - mmdet - INFO - Epoch [36][850/1652]	lr: 8.000e-05, eta: 0:03:12, time: 0.238, data_time: 0.015, memory: 8298, vote_loss: 2.6631, objectness_loss: 0.2704, semantic_loss: 0.1934, center_loss: 0.3125, dir_class_loss: 0.6494, dir_res_loss: 0.4168, size_class_loss: 0.1934, size_res_loss: 0.2115, loss: 4.9106, grad_norm: 7.1760
2026-05-03 19:15:05,582 - mmdet - INFO - Epoch [36][900/1652]	lr: 8.000e-05, eta: 0:03:00, time: 0.236, data_time: 0.015, memory: 8298, vote_loss: 2.8776, objectness_loss: 0.2634, semantic_loss: 0.2011, center_loss: 0.3249, dir_class_loss: 0.7686, dir_res_loss: 0.4753, size_class_loss: 0.2011, size_res_loss: 0.2128, loss: 5.3249, grad_norm: 6.8801
2026-05-03 19:15:17,511 - mmdet - INFO - Epoch [36][950/1652]	lr: 8.000e-05, eta: 0:02:48, time: 0.239, data_time: 0.016, memory: 8298, vote_loss: 2.7750, objectness_loss: 0.2773, semantic_loss: 0.2420, center_loss: 0.3292, dir_class_loss: 0.6987, dir_res_loss: 0.4922, size_class_loss: 0.2420, size_res_loss: 0.2198, loss: 5.2762, grad_norm: 6.6793
2026-05-03 19:15:29,372 - mmdet - INFO - Epoch [36][1000/1652]	lr: 8.000e-05, eta: 0:02:36, time: 0.237, data_time: 0.016, memory: 8298, vote_loss: 2.6871, objectness_loss: 0.2604, semantic_loss: 0.2023, center_loss: 0.3191, dir_class_loss: 0.6913, dir_res_loss: 0.4729, size_class_loss: 0.2023, size_res_loss: 0.2182, loss: 5.0536, grad_norm: 7.1265
2026-05-03 19:15:41,318 - mmdet - INFO - Epoch [36][1050/1652]	lr: 8.000e-05, eta: 0:02:24, time: 0.239, data_time: 0.016, memory: 8298, vote_loss: 2.6692, objectness_loss: 0.2470, semantic_loss: 0.1935, center_loss: 0.3388, dir_class_loss: 0.6902, dir_res_loss: 0.4467, size_class_loss: 0.1935, size_res_loss: 0.2028, loss: 4.9818, grad_norm: 6.4530
2026-05-03 19:15:53,202 - mmdet - INFO - Epoch [36][1100/1652]	lr: 8.000e-05, eta: 0:02:12, time: 0.238, data_time: 0.016, memory: 8298, vote_loss: 2.7756, objectness_loss: 0.2677, semantic_loss: 0.2199, center_loss: 0.3377, dir_class_loss: 0.7253, dir_res_loss: 0.4812, size_class_loss: 0.2199, size_res_loss: 0.2158, loss: 5.2429, grad_norm: 6.8224
2026-05-03 19:16:05,073 - mmdet - INFO - Epoch [36][1150/1652]	lr: 8.000e-05, eta: 0:02:00, time: 0.237, data_time: 0.015, memory: 8298, vote_loss: 2.7322, objectness_loss: 0.2569, semantic_loss: 0.2199, center_loss: 0.3285, dir_class_loss: 0.7175, dir_res_loss: 0.4800, size_class_loss: 0.2199, size_res_loss: 0.2210, loss: 5.1757, grad_norm: 6.7731
2026-05-03 19:16:16,890 - mmdet - INFO - Epoch [36][1200/1652]	lr: 8.000e-05, eta: 0:01:48, time: 0.236, data_time: 0.014, memory: 8298, vote_loss: 2.8115, objectness_loss: 0.2746, semantic_loss: 0.1994, center_loss: 0.3278, dir_class_loss: 0.6569, dir_res_loss: 0.4124, size_class_loss: 0.1994, size_res_loss: 0.2676, loss: 5.1497, grad_norm: 7.0111
2026-05-03 19:16:28,868 - mmdet - INFO - Epoch [36][1250/1652]	lr: 8.000e-05, eta: 0:01:36, time: 0.240, data_time: 0.015, memory: 8298, vote_loss: 2.7692, objectness_loss: 0.2668, semantic_loss: 0.2307, center_loss: 0.3226, dir_class_loss: 0.6698, dir_res_loss: 0.4822, size_class_loss: 0.2307, size_res_loss: 0.2083, loss: 5.1804, grad_norm: 6.9108
2026-05-03 19:16:40,732 - mmdet - INFO - Epoch [36][1300/1652]	lr: 8.000e-05, eta: 0:01:24, time: 0.237, data_time: 0.015, memory: 8298, vote_loss: 2.6779, objectness_loss: 0.2743, semantic_loss: 0.2053, center_loss: 0.3085, dir_class_loss: 0.7094, dir_res_loss: 0.4101, size_class_loss: 0.2053, size_res_loss: 0.2179, loss: 5.0086, grad_norm: 6.4474
2026-05-03 19:16:52,580 - mmdet - INFO - Epoch [36][1350/1652]	lr: 8.000e-05, eta: 0:01:12, time: 0.237, data_time: 0.015, memory: 8298, vote_loss: 2.8016, objectness_loss: 0.2573, semantic_loss: 0.2356, center_loss: 0.4170, dir_class_loss: 0.6529, dir_res_loss: 0.5116, size_class_loss: 0.2356, size_res_loss: 0.2018, loss: 5.3135, grad_norm: 6.9211
2026-05-03 19:17:04,427 - mmdet - INFO - Epoch [36][1400/1652]	lr: 8.000e-05, eta: 0:01:00, time: 0.237, data_time: 0.015, memory: 8298, vote_loss: 2.6773, objectness_loss: 0.2906, semantic_loss: 0.1947, center_loss: 0.3173, dir_class_loss: 0.6550, dir_res_loss: 0.4749, size_class_loss: 0.1947, size_res_loss: 0.2120, loss: 5.0163, grad_norm: 6.4282
2026-05-03 19:17:16,290 - mmdet - INFO - Epoch [36][1450/1652]	lr: 8.000e-05, eta: 0:00:48, time: 0.237, data_time: 0.015, memory: 8298, vote_loss: 2.7089, objectness_loss: 0.2716, semantic_loss: 0.1683, center_loss: 0.3078, dir_class_loss: 0.6570, dir_res_loss: 0.4800, size_class_loss: 0.1683, size_res_loss: 0.2005, loss: 4.9624, grad_norm: 6.5009
2026-05-03 19:17:28,199 - mmdet - INFO - Epoch [36][1500/1652]	lr: 8.000e-05, eta: 0:00:36, time: 0.238, data_time: 0.016, memory: 8298, vote_loss: 2.7079, objectness_loss: 0.2679, semantic_loss: 0.1971, center_loss: 0.3195, dir_class_loss: 0.6336, dir_res_loss: 0.4142, size_class_loss: 0.1971, size_res_loss: 0.2063, loss: 4.9435, grad_norm: 6.7502
2026-05-03 19:17:40,125 - mmdet - INFO - Epoch [36][1550/1652]	lr: 8.000e-05, eta: 0:00:24, time: 0.239, data_time: 0.016, memory: 8298, vote_loss: 2.7731, objectness_loss: 0.2486, semantic_loss: 0.2271, center_loss: 0.3187, dir_class_loss: 0.7365, dir_res_loss: 0.4853, size_class_loss: 0.2271, size_res_loss: 0.2129, loss: 5.2292, grad_norm: 6.4723
2026-05-03 19:17:52,065 - mmdet - INFO - Epoch [36][1600/1652]	lr: 8.000e-05, eta: 0:00:12, time: 0.239, data_time: 0.016, memory: 8298, vote_loss: 2.7594, objectness_loss: 0.2490, semantic_loss: 0.1982, center_loss: 0.3567, dir_class_loss: 0.6668, dir_res_loss: 0.4178, size_class_loss: 0.1982, size_res_loss: 0.2197, loss: 5.0657, grad_norm: 7.1496
2026-05-03 19:18:04,016 - mmdet - INFO - Epoch [36][1650/1652]	lr: 8.000e-05, eta: 0:00:00, time: 0.239, data_time: 0.016, memory: 8298, vote_loss: 2.8563, objectness_loss: 0.3018, semantic_loss: 0.2083, center_loss: 0.3415, dir_class_loss: 0.6862, dir_res_loss: 0.4750, size_class_loss: 0.2083, size_res_loss: 0.2226, loss: 5.3001, grad_norm: 6.5888
2026-05-03 19:18:04,530 - mmdet - INFO - Saving checkpoint at 36 epochs
2026-05-03 19:24:59,031 - mmdet - INFO - 
+-------------+---------+---------+---------+---------+
| classes     | AP_0.25 | AR_0.25 | AP_0.50 | AR_0.50 |
+-------------+---------+---------+---------+---------+
| bed         | 0.8488  | 0.9728  | 0.5581  | 0.6854  |
| table       | 0.5064  | 0.8680  | 0.1909  | 0.4152  |
| sofa        | 0.6663  | 0.9059  | 0.5017  | 0.6667  |
| chair       | 0.7775  | 0.8967  | 0.5687  | 0.6909  |
| toilet      | 0.8831  | 0.9724  | 0.6756  | 0.7862  |
| desk        | 0.2557  | 0.8177  | 0.0543  | 0.2944  |
| dresser     | 0.2805  | 0.8028  | 0.1580  | 0.4908  |
| night_stand | 0.6475  | 0.8824  | 0.4197  | 0.6118  |
| bookshelf   | 0.3419  | 0.7092  | 0.0824  | 0.2376  |
| bathtub     | 0.7601  | 0.8776  | 0.3336  | 0.5102  |
+-------------+---------+---------+---------+---------+
| Overall     | 0.5968  | 0.8705  | 0.3543  | 0.5389  |
+-------------+---------+---------+---------+---------+
2026-05-03 19:24:59,510 - mmdet - INFO - Exp name: votenet_16x8_sunrgbd-3d-10class.py
2026-05-03 19:24:59,510 - mmdet - INFO - Epoch(val) [36][5050]	bed_AP_0.25: 0.8488, table_AP_0.25: 0.5064, sofa_AP_0.25: 0.6663, chair_AP_0.25: 0.7775, toilet_AP_0.25: 0.8831, desk_AP_0.25: 0.2557, dresser_AP_0.25: 0.2805, night_stand_AP_0.25: 0.6475, bookshelf_AP_0.25: 0.3419, bathtub_AP_0.25: 0.7601, mAP_0.25: 0.5968, bed_rec_0.25: 0.9728, table_rec_0.25: 0.8680, sofa_rec_0.25: 0.9059, chair_rec_0.25: 0.8967, toilet_rec_0.25: 0.9724, desk_rec_0.25: 0.8177, dresser_rec_0.25: 0.8028, night_stand_rec_0.25: 0.8824, bookshelf_rec_0.25: 0.7092, bathtub_rec_0.25: 0.8776, mAR_0.25: 0.8705, bed_AP_0.50: 0.5581, table_AP_0.50: 0.1909, sofa_AP_0.50: 0.5017, chair_AP_0.50: 0.5687, toilet_AP_0.50: 0.6756, desk_AP_0.50: 0.0543, dresser_AP_0.50: 0.1580, night_stand_AP_0.50: 0.4197, bookshelf_AP_0.50: 0.0824, bathtub_AP_0.50: 0.3336, mAP_0.50: 0.3543, bed_rec_0.50: 0.6854, table_rec_0.50: 0.4152, sofa_rec_0.50: 0.6667, chair_rec_0.50: 0.6909, toilet_rec_0.50: 0.7862, desk_rec_0.50: 0.2944, dresser_rec_0.50: 0.4908, night_stand_rec_0.50: 0.6118, bookshelf_rec_0.50: 0.2376, bathtub_rec_0.50: 0.5102, mAR_0.50: 0.5389
