2026-06-04 01:54:31,002 - mmdet - INFO - Environment info:
------------------------------------------------------------
sys.platform: linux
Python: 3.9.25 (main, Nov  3 2025, 22:33:05) [GCC 11.2.0]
CUDA available: True
GPU 0: NVIDIA L40
CUDA_HOME: /usr/local/cuda-11.8
NVCC: Cuda compilation tools, release 11.8, V11.8.89
GCC: gcc (Ubuntu 11.4.0-1ubuntu1~22.04.3) 11.4.0
PyTorch: 2.0.0+cu118
PyTorch compiling details: PyTorch built with:
  - GCC 9.3
  - C++ Version: 201703
  - Intel(R) oneAPI Math Kernel Library Version 2022.2-Product Build 20220804 for Intel(R) 64 architecture applications
  - Intel(R) MKL-DNN v2.7.3 (Git Hash 6dbeffbae1f23cbbeae17adb7b5b13f1f37c080e)
  - OpenMP 201511 (a.k.a. OpenMP 4.5)
  - LAPACK is enabled (usually provided by MKL)
  - NNPACK is enabled
  - CPU capability usage: AVX2
  - CUDA Runtime 11.8
  - NVCC architecture flags: -gencode;arch=compute_37,code=sm_37;-gencode;arch=compute_50,code=sm_50;-gencode;arch=compute_60,code=sm_60;-gencode;arch=compute_70,code=sm_70;-gencode;arch=compute_75,code=sm_75;-gencode;arch=compute_80,code=sm_80;-gencode;arch=compute_86,code=sm_86;-gencode;arch=compute_90,code=sm_90
  - CuDNN 8.7
  - Magma 2.6.1
  - Build settings: BLAS_INFO=mkl, BUILD_TYPE=Release, CUDA_VERSION=11.8, CUDNN_VERSION=8.7.0, CXX_COMPILER=/opt/rh/devtoolset-9/root/usr/bin/c++, CXX_FLAGS= -D_GLIBCXX_USE_CXX11_ABI=0 -fabi-version=11 -Wno-deprecated -fvisibility-inlines-hidden -DUSE_PTHREADPOOL -DNDEBUG -DUSE_KINETO -DLIBKINETO_NOROCTRACER -DUSE_FBGEMM -DUSE_QNNPACK -DUSE_PYTORCH_QNNPACK -DUSE_XNNPACK -DSYMBOLICATE_MOBILE_DEBUG_HANDLE -O2 -fPIC -Wall -Wextra -Werror=return-type -Werror=non-virtual-dtor -Werror=bool-operation -Wnarrowing -Wno-missing-field-initializers -Wno-type-limits -Wno-array-bounds -Wno-unknown-pragmas -Wunused-local-typedefs -Wno-unused-parameter -Wno-unused-function -Wno-unused-result -Wno-strict-overflow -Wno-strict-aliasing -Wno-error=deprecated-declarations -Wno-stringop-overflow -Wno-psabi -Wno-error=pedantic -Wno-error=redundant-decls -Wno-error=old-style-cast -fdiagnostics-color=always -faligned-new -Wno-unused-but-set-variable -Wno-maybe-uninitialized -fno-math-errno -fno-trapping-math -Werror=format -Werror=cast-function-type -Wno-stringop-overflow, LAPACK_INFO=mkl, PERF_WITH_AVX=1, PERF_WITH_AVX2=1, PERF_WITH_AVX512=1, TORCH_DISABLE_GPU_ASSERTS=ON, TORCH_VERSION=2.0.0, USE_CUDA=ON, USE_CUDNN=ON, USE_EXCEPTION_PTR=1, USE_GFLAGS=OFF, USE_GLOG=OFF, USE_MKL=ON, USE_MKLDNN=ON, USE_MPI=OFF, USE_NCCL=1, USE_NNPACK=ON, USE_OPENMP=ON, USE_ROCM=OFF, 

TorchVision: 0.15.1+cu118
OpenCV: 4.8.1
MMCV: 1.6.0
MMCV Compiler: GCC 11.4
MMCV CUDA Compiler: 11.8
MMDetection: 2.25.1
MMSegmentation: 0.25.0
MMDetection3D: 1.0.0rc3+ffc9f99
spconv2.0: False
------------------------------------------------------------

2026-06-04 01:54:31,818 - mmdet - INFO - Distributed training: False
2026-06-04 01:54:32,705 - mmdet - INFO - Config:
voxel_size = 0.01
model = dict(
    type='TR3DFF3DDetector',
    img_backbone=dict(
        type='ResNet',
        depth=50,
        num_stages=4,
        out_indices=(0, 1, 2, 3),
        frozen_stages=1,
        norm_cfg=dict(type='BN', requires_grad=False),
        norm_eval=True,
        style='caffe'),
    img_neck=dict(
        type='FPN',
        in_channels=[256, 512, 1024, 2048],
        out_channels=256,
        num_outs=5),
    backbone=dict(
        type='MinkFFResNet',
        in_channels=3,
        max_channels=128,
        depth=34,
        norm='batch'),
    neck=dict(
        type='TR3DNeck', in_channels=(64, 128, 128, 128), out_channels=128),
    head=dict(
        type='TR3DHead',
        in_channels=128,
        n_reg_outs=8,
        n_classes=10,
        voxel_size=0.01,
        assigner=dict(
            type='TR3DAssigner',
            top_pts_threshold=6,
            label2level=[1, 1, 1, 0, 0, 1, 0, 0, 1, 0]),
        bbox_loss=dict(type='RotatedIoU3DLoss', mode='diou',
                       reduction='none')),
    voxel_size=0.01,
    train_cfg=dict(),
    test_cfg=dict(nms_pre=1000, iou_thr=0.5, score_thr=0.01))
optimizer = dict(type='AdamW', lr=0.001, weight_decay=0.0001)
optimizer_config = dict(grad_clip=dict(max_norm=10, norm_type=2))
lr_config = dict(policy='step', warmup=None, step=[8, 11])
runner = dict(type='EpochBasedRunner', max_epochs=12)
evaluation = dict(interval=12)
custom_hooks = [dict(type='EmptyCacheHook', after_iter=True)]
checkpoint_config = dict(interval=1, max_keep_ckpts=1)
log_config = dict(interval=50, hooks=[dict(type='TextLoggerHook')])
dist_params = dict(backend='nccl')
log_level = 'INFO'
work_dir = '/home/zero/USER/HEYU/tr3d/work_dirs/NN/DFF/DFF_TR3D_FF_FIG6_3/3'
load_from = '/home/zero/USER/HEYU/MODEL/imvotenet_faster_rcnn_r50_fpn_2x4_sunrgbd-3d-10class_20210819_225618-62eba6ce.pth'
resume_from = None
workflow = [('train', 1)]
dataset_type = 'SUNRGBDDataset'
data_root = '/home/zero/USER/HEYU/DATA/sunrgbd_matlab/'
class_names = ('bed', 'table', 'sofa', 'chair', 'toilet', 'desk', 'dresser',
               'night_stand', 'bookshelf', 'bathtub')
img_norm_cfg = dict(
    mean=[103.53, 116.28, 123.675], std=[1.0, 1.0, 1.0], to_rgb=False)
train_pipeline = [
    dict(
        type='LoadPointsFromFile',
        coord_type='DEPTH',
        shift_height=False,
        use_color=True,
        load_dim=6,
        use_dim=[0, 1, 2, 3, 4, 5]),
    dict(type='LoadImageFromFile'),
    dict(type='LoadAnnotations3D'),
    dict(
        type='Resize',
        img_scale=[(1333, 480), (1333, 504), (1333, 528), (1333, 552),
                   (1333, 576), (1333, 600)],
        multiscale_mode='value',
        keep_ratio=True),
    dict(
        type='Normalize',
        mean=[103.53, 116.28, 123.675],
        std=[1.0, 1.0, 1.0],
        to_rgb=False),
    dict(type='Pad', size_divisor=32),
    dict(
        type='RandomFlip3D',
        sync_2d=False,
        flip_ratio_bev_horizontal=0.5,
        flip_ratio_bev_vertical=0.0),
    dict(
        type='GlobalRotScaleTrans',
        rot_range=[-0.523599, 0.523599],
        scale_ratio_range=[0.85, 1.15],
        translation_std=[0.1, 0.1, 0.1],
        shift_height=False),
    dict(
        type='DefaultFormatBundle3D',
        class_names=('bed', 'table', 'sofa', 'chair', 'toilet', 'desk',
                     'dresser', 'night_stand', 'bookshelf', 'bathtub')),
    dict(
        type='Collect3D',
        keys=['points', 'img', 'gt_bboxes_3d', 'gt_labels_3d'])
]
test_pipeline = [
    dict(
        type='LoadPointsFromFile',
        coord_type='DEPTH',
        shift_height=False,
        use_color=True,
        load_dim=6,
        use_dim=[0, 1, 2, 3, 4, 5]),
    dict(type='LoadImageFromFile'),
    dict(
        type='MultiScaleFlipAug3D',
        img_scale=(1333, 600),
        pts_scale_ratio=1,
        flip=False,
        transforms=[
            dict(type='Resize', multiscale_mode='value', keep_ratio=True),
            dict(
                type='Normalize',
                mean=[103.53, 116.28, 123.675],
                std=[1.0, 1.0, 1.0],
                to_rgb=False),
            dict(type='Pad', size_divisor=32),
            dict(
                type='DefaultFormatBundle3D',
                class_names=('bed', 'table', 'sofa', 'chair', 'toilet', 'desk',
                             'dresser', 'night_stand', 'bookshelf', 'bathtub'),
                with_label=False),
            dict(type='Collect3D', keys=['points', 'img'])
        ])
]
data = dict(
    samples_per_gpu=16,
    workers_per_gpu=4,
    train=dict(
        type='RepeatDataset',
        times=5,
        dataset=dict(
            type='SUNRGBDDataset',
            modality=dict(use_camera=True, use_lidar=True),
            data_root='/home/zero/USER/HEYU/DATA/sunrgbd_matlab/',
            ann_file=
            '/home/zero/USER/HEYU/DATA/sunrgbd_matlab/sunrgbd_infos_train.pkl',
            pipeline=[
                dict(
                    type='LoadPointsFromFile',
                    coord_type='DEPTH',
                    shift_height=False,
                    use_color=True,
                    load_dim=6,
                    use_dim=[0, 1, 2, 3, 4, 5]),
                dict(type='LoadImageFromFile'),
                dict(type='LoadAnnotations3D'),
                dict(
                    type='Resize',
                    img_scale=[(1333, 480), (1333, 504), (1333, 528),
                               (1333, 552), (1333, 576), (1333, 600)],
                    multiscale_mode='value',
                    keep_ratio=True),
                dict(
                    type='Normalize',
                    mean=[103.53, 116.28, 123.675],
                    std=[1.0, 1.0, 1.0],
                    to_rgb=False),
                dict(type='Pad', size_divisor=32),
                dict(
                    type='RandomFlip3D',
                    sync_2d=False,
                    flip_ratio_bev_horizontal=0.5,
                    flip_ratio_bev_vertical=0.0),
                dict(
                    type='GlobalRotScaleTrans',
                    rot_range=[-0.523599, 0.523599],
                    scale_ratio_range=[0.85, 1.15],
                    translation_std=[0.1, 0.1, 0.1],
                    shift_height=False),
                dict(
                    type='DefaultFormatBundle3D',
                    class_names=('bed', 'table', 'sofa', 'chair', 'toilet',
                                 'desk', 'dresser', 'night_stand', 'bookshelf',
                                 'bathtub')),
                dict(
                    type='Collect3D',
                    keys=['points', 'img', 'gt_bboxes_3d', 'gt_labels_3d'])
            ],
            filter_empty_gt=False,
            classes=('bed', 'table', 'sofa', 'chair', 'toilet', 'desk',
                     'dresser', 'night_stand', 'bookshelf', 'bathtub'),
            box_type_3d='Depth')),
    val=dict(
        type='SUNRGBDDataset',
        modality=dict(use_camera=True, use_lidar=True),
        data_root='/home/zero/USER/HEYU/DATA/sunrgbd_matlab/',
        ann_file=
        '/home/zero/USER/HEYU/DATA/sunrgbd_matlab/sunrgbd_infos_val.pkl',
        pipeline=[
            dict(
                type='LoadPointsFromFile',
                coord_type='DEPTH',
                shift_height=False,
                use_color=True,
                load_dim=6,
                use_dim=[0, 1, 2, 3, 4, 5]),
            dict(type='LoadImageFromFile'),
            dict(
                type='MultiScaleFlipAug3D',
                img_scale=(1333, 600),
                pts_scale_ratio=1,
                flip=False,
                transforms=[
                    dict(
                        type='Resize',
                        multiscale_mode='value',
                        keep_ratio=True),
                    dict(
                        type='Normalize',
                        mean=[103.53, 116.28, 123.675],
                        std=[1.0, 1.0, 1.0],
                        to_rgb=False),
                    dict(type='Pad', size_divisor=32),
                    dict(
                        type='DefaultFormatBundle3D',
                        class_names=('bed', 'table', 'sofa', 'chair', 'toilet',
                                     'desk', 'dresser', 'night_stand',
                                     'bookshelf', 'bathtub'),
                        with_label=False),
                    dict(type='Collect3D', keys=['points', 'img'])
                ])
        ],
        classes=('bed', 'table', 'sofa', 'chair', 'toilet', 'desk', 'dresser',
                 'night_stand', 'bookshelf', 'bathtub'),
        test_mode=True,
        box_type_3d='Depth'),
    test=dict(
        type='SUNRGBDDataset',
        modality=dict(use_camera=True, use_lidar=True),
        data_root='/home/zero/USER/HEYU/DATA/sunrgbd_matlab/',
        ann_file=
        '/home/zero/USER/HEYU/DATA/sunrgbd_matlab/sunrgbd_infos_val.pkl',
        pipeline=[
            dict(
                type='LoadPointsFromFile',
                coord_type='DEPTH',
                shift_height=False,
                use_color=True,
                load_dim=6,
                use_dim=[0, 1, 2, 3, 4, 5]),
            dict(type='LoadImageFromFile'),
            dict(
                type='MultiScaleFlipAug3D',
                img_scale=(1333, 600),
                pts_scale_ratio=1,
                flip=False,
                transforms=[
                    dict(
                        type='Resize',
                        multiscale_mode='value',
                        keep_ratio=True),
                    dict(
                        type='Normalize',
                        mean=[103.53, 116.28, 123.675],
                        std=[1.0, 1.0, 1.0],
                        to_rgb=False),
                    dict(type='Pad', size_divisor=32),
                    dict(
                        type='DefaultFormatBundle3D',
                        class_names=('bed', 'table', 'sofa', 'chair', 'toilet',
                                     'desk', 'dresser', 'night_stand',
                                     'bookshelf', 'bathtub'),
                        with_label=False),
                    dict(type='Collect3D', keys=['points', 'img'])
                ])
        ],
        classes=('bed', 'table', 'sofa', 'chair', 'toilet', 'desk', 'dresser',
                 'night_stand', 'bookshelf', 'bathtub'),
        test_mode=True,
        box_type_3d='Depth'))
gpu_ids = [0]

2026-06-04 01:54:32,705 - mmdet - INFO - Set random seed to 0, deterministic: False
2026-06-04 01:54:32,988 - mmdet - INFO - Model:
TR3DFF3DDetector(
  (img_backbone): ResNet(
    (conv1): Conv2d(3, 64, kernel_size=(7, 7), stride=(2, 2), padding=(3, 3), bias=False)
    (bn1): BatchNorm2d(64, eps=1e-05, momentum=0.1, affine=True, track_running_stats=True)
    (relu): ReLU(inplace=True)
    (maxpool): MaxPool2d(kernel_size=3, stride=2, padding=1, dilation=1, ceil_mode=False)
    (layer1): ResLayer(
      (0): Bottleneck(
        (conv1): Conv2d(64, 64, kernel_size=(1, 1), stride=(1, 1), bias=False)
        (bn1): BatchNorm2d(64, eps=1e-05, momentum=0.1, affine=True, track_running_stats=True)
        (conv2): Conv2d(64, 64, kernel_size=(3, 3), stride=(1, 1), padding=(1, 1), bias=False)
        (bn2): BatchNorm2d(64, eps=1e-05, momentum=0.1, affine=True, track_running_stats=True)
        (conv3): Conv2d(64, 256, kernel_size=(1, 1), stride=(1, 1), bias=False)
        (bn3): BatchNorm2d(256, eps=1e-05, momentum=0.1, affine=True, track_running_stats=True)
        (relu): ReLU(inplace=True)
        (downsample): Sequential(
          (0): Conv2d(64, 256, kernel_size=(1, 1), stride=(1, 1), bias=False)
          (1): BatchNorm2d(256, eps=1e-05, momentum=0.1, affine=True, track_running_stats=True)
        )
      )
      init_cfg={'type': 'Constant', 'val': 0, 'override': {'name': 'norm3'}}
      (1): Bottleneck(
        (conv1): Conv2d(256, 64, kernel_size=(1, 1), stride=(1, 1), bias=False)
        (bn1): BatchNorm2d(64, eps=1e-05, momentum=0.1, affine=True, track_running_stats=True)
        (conv2): Conv2d(64, 64, kernel_size=(3, 3), stride=(1, 1), padding=(1, 1), bias=False)
        (bn2): BatchNorm2d(64, eps=1e-05, momentum=0.1, affine=True, track_running_stats=True)
        (conv3): Conv2d(64, 256, kernel_size=(1, 1), stride=(1, 1), bias=False)
        (bn3): BatchNorm2d(256, eps=1e-05, momentum=0.1, affine=True, track_running_stats=True)
        (relu): ReLU(inplace=True)
      )
      init_cfg={'type': 'Constant', 'val': 0, 'override': {'name': 'norm3'}}
      (2): Bottleneck(
        (conv1): Conv2d(256, 64, kernel_size=(1, 1), stride=(1, 1), bias=False)
        (bn1): BatchNorm2d(64, eps=1e-05, momentum=0.1, affine=True, track_running_stats=True)
        (conv2): Conv2d(64, 64, kernel_size=(3, 3), stride=(1, 1), padding=(1, 1), bias=False)
        (bn2): BatchNorm2d(64, eps=1e-05, momentum=0.1, affine=True, track_running_stats=True)
        (conv3): Conv2d(64, 256, kernel_size=(1, 1), stride=(1, 1), bias=False)
        (bn3): BatchNorm2d(256, eps=1e-05, momentum=0.1, affine=True, track_running_stats=True)
        (relu): ReLU(inplace=True)
      )
      init_cfg={'type': 'Constant', 'val': 0, 'override': {'name': 'norm3'}}
    )
    (layer2): ResLayer(
      (0): Bottleneck(
        (conv1): Conv2d(256, 128, kernel_size=(1, 1), stride=(2, 2), bias=False)
        (bn1): BatchNorm2d(128, eps=1e-05, momentum=0.1, affine=True, track_running_stats=True)
        (conv2): Conv2d(128, 128, kernel_size=(3, 3), stride=(1, 1), padding=(1, 1), bias=False)
        (bn2): BatchNorm2d(128, eps=1e-05, momentum=0.1, affine=True, track_running_stats=True)
        (conv3): Conv2d(128, 512, kernel_size=(1, 1), stride=(1, 1), bias=False)
        (bn3): BatchNorm2d(512, eps=1e-05, momentum=0.1, affine=True, track_running_stats=True)
        (relu): ReLU(inplace=True)
        (downsample): Sequential(
          (0): Conv2d(256, 512, kernel_size=(1, 1), stride=(2, 2), bias=False)
          (1): BatchNorm2d(512, eps=1e-05, momentum=0.1, affine=True, track_running_stats=True)
        )
      )
      init_cfg={'type': 'Constant', 'val': 0, 'override': {'name': 'norm3'}}
      (1): Bottleneck(
        (conv1): Conv2d(512, 128, kernel_size=(1, 1), stride=(1, 1), bias=False)
        (bn1): BatchNorm2d(128, eps=1e-05, momentum=0.1, affine=True, track_running_stats=True)
        (conv2): Conv2d(128, 128, kernel_size=(3, 3), stride=(1, 1), padding=(1, 1), bias=False)
        (bn2): BatchNorm2d(128, eps=1e-05, momentum=0.1, affine=True, track_running_stats=True)
        (conv3): Conv2d(128, 512, kernel_size=(1, 1), stride=(1, 1), bias=False)
        (bn3): BatchNorm2d(512, eps=1e-05, momentum=0.1, affine=True, track_running_stats=True)
        (relu): ReLU(inplace=True)
      )
      init_cfg={'type': 'Constant', 'val': 0, 'override': {'name': 'norm3'}}
      (2): Bottleneck(
        (conv1): Conv2d(512, 128, kernel_size=(1, 1), stride=(1, 1), bias=False)
        (bn1): BatchNorm2d(128, eps=1e-05, momentum=0.1, affine=True, track_running_stats=True)
        (conv2): Conv2d(128, 128, kernel_size=(3, 3), stride=(1, 1), padding=(1, 1), bias=False)
        (bn2): BatchNorm2d(128, eps=1e-05, momentum=0.1, affine=True, track_running_stats=True)
        (conv3): Conv2d(128, 512, kernel_size=(1, 1), stride=(1, 1), bias=False)
        (bn3): BatchNorm2d(512, eps=1e-05, momentum=0.1, affine=True, track_running_stats=True)
        (relu): ReLU(inplace=True)
      )
      init_cfg={'type': 'Constant', 'val': 0, 'override': {'name': 'norm3'}}
      (3): Bottleneck(
        (conv1): Conv2d(512, 128, kernel_size=(1, 1), stride=(1, 1), bias=False)
        (bn1): BatchNorm2d(128, eps=1e-05, momentum=0.1, affine=True, track_running_stats=True)
        (conv2): Conv2d(128, 128, kernel_size=(3, 3), stride=(1, 1), padding=(1, 1), bias=False)
        (bn2): BatchNorm2d(128, eps=1e-05, momentum=0.1, affine=True, track_running_stats=True)
        (conv3): Conv2d(128, 512, kernel_size=(1, 1), stride=(1, 1), bias=False)
        (bn3): BatchNorm2d(512, eps=1e-05, momentum=0.1, affine=True, track_running_stats=True)
        (relu): ReLU(inplace=True)
      )
      init_cfg={'type': 'Constant', 'val': 0, 'override': {'name': 'norm3'}}
    )
    (layer3): ResLayer(
      (0): Bottleneck(
        (conv1): Conv2d(512, 256, kernel_size=(1, 1), stride=(2, 2), bias=False)
        (bn1): BatchNorm2d(256, eps=1e-05, momentum=0.1, affine=True, track_running_stats=True)
        (conv2): Conv2d(256, 256, kernel_size=(3, 3), stride=(1, 1), padding=(1, 1), bias=False)
        (bn2): BatchNorm2d(256, eps=1e-05, momentum=0.1, affine=True, track_running_stats=True)
        (conv3): Conv2d(256, 1024, kernel_size=(1, 1), stride=(1, 1), bias=False)
        (bn3): BatchNorm2d(1024, eps=1e-05, momentum=0.1, affine=True, track_running_stats=True)
        (relu): ReLU(inplace=True)
        (downsample): Sequential(
          (0): Conv2d(512, 1024, kernel_size=(1, 1), stride=(2, 2), bias=False)
          (1): BatchNorm2d(1024, eps=1e-05, momentum=0.1, affine=True, track_running_stats=True)
        )
      )
      init_cfg={'type': 'Constant', 'val': 0, 'override': {'name': 'norm3'}}
      (1): Bottleneck(
        (conv1): Conv2d(1024, 256, kernel_size=(1, 1), stride=(1, 1), bias=False)
        (bn1): BatchNorm2d(256, eps=1e-05, momentum=0.1, affine=True, track_running_stats=True)
        (conv2): Conv2d(256, 256, kernel_size=(3, 3), stride=(1, 1), padding=(1, 1), bias=False)
        (bn2): BatchNorm2d(256, eps=1e-05, momentum=0.1, affine=True, track_running_stats=True)
        (conv3): Conv2d(256, 1024, kernel_size=(1, 1), stride=(1, 1), bias=False)
        (bn3): BatchNorm2d(1024, eps=1e-05, momentum=0.1, affine=True, track_running_stats=True)
        (relu): ReLU(inplace=True)
      )
      init_cfg={'type': 'Constant', 'val': 0, 'override': {'name': 'norm3'}}
      (2): Bottleneck(
        (conv1): Conv2d(1024, 256, kernel_size=(1, 1), stride=(1, 1), bias=False)
        (bn1): BatchNorm2d(256, eps=1e-05, momentum=0.1, affine=True, track_running_stats=True)
        (conv2): Conv2d(256, 256, kernel_size=(3, 3), stride=(1, 1), padding=(1, 1), bias=False)
        (bn2): BatchNorm2d(256, eps=1e-05, momentum=0.1, affine=True, track_running_stats=True)
        (conv3): Conv2d(256, 1024, kernel_size=(1, 1), stride=(1, 1), bias=False)
        (bn3): BatchNorm2d(1024, eps=1e-05, momentum=0.1, affine=True, track_running_stats=True)
        (relu): ReLU(inplace=True)
      )
      init_cfg={'type': 'Constant', 'val': 0, 'override': {'name': 'norm3'}}
      (3): Bottleneck(
        (conv1): Conv2d(1024, 256, kernel_size=(1, 1), stride=(1, 1), bias=False)
        (bn1): BatchNorm2d(256, eps=1e-05, momentum=0.1, affine=True, track_running_stats=True)
        (conv2): Conv2d(256, 256, kernel_size=(3, 3), stride=(1, 1), padding=(1, 1), bias=False)
        (bn2): BatchNorm2d(256, eps=1e-05, momentum=0.1, affine=True, track_running_stats=True)
        (conv3): Conv2d(256, 1024, kernel_size=(1, 1), stride=(1, 1), bias=False)
        (bn3): BatchNorm2d(1024, eps=1e-05, momentum=0.1, affine=True, track_running_stats=True)
        (relu): ReLU(inplace=True)
      )
      init_cfg={'type': 'Constant', 'val': 0, 'override': {'name': 'norm3'}}
      (4): Bottleneck(
        (conv1): Conv2d(1024, 256, kernel_size=(1, 1), stride=(1, 1), bias=False)
        (bn1): BatchNorm2d(256, eps=1e-05, momentum=0.1, affine=True, track_running_stats=True)
        (conv2): Conv2d(256, 256, kernel_size=(3, 3), stride=(1, 1), padding=(1, 1), bias=False)
        (bn2): BatchNorm2d(256, eps=1e-05, momentum=0.1, affine=True, track_running_stats=True)
        (conv3): Conv2d(256, 1024, kernel_size=(1, 1), stride=(1, 1), bias=False)
        (bn3): BatchNorm2d(1024, eps=1e-05, momentum=0.1, affine=True, track_running_stats=True)
        (relu): ReLU(inplace=True)
      )
      init_cfg={'type': 'Constant', 'val': 0, 'override': {'name': 'norm3'}}
      (5): Bottleneck(
        (conv1): Conv2d(1024, 256, kernel_size=(1, 1), stride=(1, 1), bias=False)
        (bn1): BatchNorm2d(256, eps=1e-05, momentum=0.1, affine=True, track_running_stats=True)
        (conv2): Conv2d(256, 256, kernel_size=(3, 3), stride=(1, 1), padding=(1, 1), bias=False)
        (bn2): BatchNorm2d(256, eps=1e-05, momentum=0.1, affine=True, track_running_stats=True)
        (conv3): Conv2d(256, 1024, kernel_size=(1, 1), stride=(1, 1), bias=False)
        (bn3): BatchNorm2d(1024, eps=1e-05, momentum=0.1, affine=True, track_running_stats=True)
        (relu): ReLU(inplace=True)
      )
      init_cfg={'type': 'Constant', 'val': 0, 'override': {'name': 'norm3'}}
    )
    (layer4): ResLayer(
      (0): Bottleneck(
        (conv1): Conv2d(1024, 512, kernel_size=(1, 1), stride=(2, 2), bias=False)
        (bn1): BatchNorm2d(512, eps=1e-05, momentum=0.1, affine=True, track_running_stats=True)
        (conv2): Conv2d(512, 512, kernel_size=(3, 3), stride=(1, 1), padding=(1, 1), bias=False)
        (bn2): BatchNorm2d(512, eps=1e-05, momentum=0.1, affine=True, track_running_stats=True)
        (conv3): Conv2d(512, 2048, kernel_size=(1, 1), stride=(1, 1), bias=False)
        (bn3): BatchNorm2d(2048, eps=1e-05, momentum=0.1, affine=True, track_running_stats=True)
        (relu): ReLU(inplace=True)
        (downsample): Sequential(
          (0): Conv2d(1024, 2048, kernel_size=(1, 1), stride=(2, 2), bias=False)
          (1): BatchNorm2d(2048, eps=1e-05, momentum=0.1, affine=True, track_running_stats=True)
        )
      )
      init_cfg={'type': 'Constant', 'val': 0, 'override': {'name': 'norm3'}}
      (1): Bottleneck(
        (conv1): Conv2d(2048, 512, kernel_size=(1, 1), stride=(1, 1), bias=False)
        (bn1): BatchNorm2d(512, eps=1e-05, momentum=0.1, affine=True, track_running_stats=True)
        (conv2): Conv2d(512, 512, kernel_size=(3, 3), stride=(1, 1), padding=(1, 1), bias=False)
        (bn2): BatchNorm2d(512, eps=1e-05, momentum=0.1, affine=True, track_running_stats=True)
        (conv3): Conv2d(512, 2048, kernel_size=(1, 1), stride=(1, 1), bias=False)
        (bn3): BatchNorm2d(2048, eps=1e-05, momentum=0.1, affine=True, track_running_stats=True)
        (relu): ReLU(inplace=True)
      )
      init_cfg={'type': 'Constant', 'val': 0, 'override': {'name': 'norm3'}}
      (2): Bottleneck(
        (conv1): Conv2d(2048, 512, kernel_size=(1, 1), stride=(1, 1), bias=False)
        (bn1): BatchNorm2d(512, eps=1e-05, momentum=0.1, affine=True, track_running_stats=True)
        (conv2): Conv2d(512, 512, kernel_size=(3, 3), stride=(1, 1), padding=(1, 1), bias=False)
        (bn2): BatchNorm2d(512, eps=1e-05, momentum=0.1, affine=True, track_running_stats=True)
        (conv3): Conv2d(512, 2048, kernel_size=(1, 1), stride=(1, 1), bias=False)
        (bn3): BatchNorm2d(2048, eps=1e-05, momentum=0.1, affine=True, track_running_stats=True)
        (relu): ReLU(inplace=True)
      )
      init_cfg={'type': 'Constant', 'val': 0, 'override': {'name': 'norm3'}}
    )
  )
  init_cfg=[{'type': 'Kaiming', 'layer': 'Conv2d'}, {'type': 'Constant', 'val': 1, 'layer': ['_BatchNorm', 'GroupNorm']}]
  (img_neck): FPN(
    (lateral_convs): ModuleList(
      (0): ConvModule(
        (conv): Conv2d(256, 256, kernel_size=(1, 1), stride=(1, 1))
      )
      (1): ConvModule(
        (conv): Conv2d(512, 256, kernel_size=(1, 1), stride=(1, 1))
      )
      (2): ConvModule(
        (conv): Conv2d(1024, 256, kernel_size=(1, 1), stride=(1, 1))
      )
      (3): ConvModule(
        (conv): Conv2d(2048, 256, kernel_size=(1, 1), stride=(1, 1))
      )
    )
    (fpn_convs): ModuleList(
      (0-3): 4 x ConvModule(
        (conv): Conv2d(256, 256, kernel_size=(3, 3), stride=(1, 1), padding=(1, 1))
      )
    )
  )
  init_cfg={'type': 'Xavier', 'layer': 'Conv2d', 'distribution': 'uniform'}
  (backbone): MinkFFResNet(
    (conv1): MinkowskiConvolution(in=3, out=64, kernel_size=[3, 3, 3], stride=[2, 2, 2], dilation=[1, 1, 1])
    (norm1): MinkowskiBatchNorm(64, eps=1e-05, momentum=0.1, affine=True, track_running_stats=True)
    (relu): MinkowskiReLU()
    (maxpool): MinkowskiMaxPooling(kernel_size=[2, 2, 2], stride=[2, 2, 2], dilation=[1, 1, 1])
    (layer1): Sequential(
      (0): BasicBlock(
        (conv1): MinkowskiConvolution(in=64, out=64, kernel_size=[3, 3, 3], stride=[2, 2, 2], dilation=[1, 1, 1])
        (norm1): MinkowskiBatchNorm(64, eps=1e-05, momentum=0.1, affine=True, track_running_stats=True)
        (conv2): MinkowskiConvolution(in=64, out=64, kernel_size=[3, 3, 3], stride=[1, 1, 1], dilation=[1, 1, 1])
        (norm2): MinkowskiBatchNorm(64, eps=1e-05, momentum=0.1, affine=True, track_running_stats=True)
        (relu): MinkowskiReLU()
        (downsample): Sequential(
          (0): MinkowskiConvolution(in=64, out=64, kernel_size=[1, 1, 1], stride=[2, 2, 2], dilation=[1, 1, 1])
          (1): MinkowskiBatchNorm(64, eps=1e-05, momentum=0.1, affine=True, track_running_stats=True)
        )
      )
      (1): BasicBlock(
        (conv1): MinkowskiConvolution(in=64, out=64, kernel_size=[3, 3, 3], stride=[1, 1, 1], dilation=[1, 1, 1])
        (norm1): MinkowskiBatchNorm(64, eps=1e-05, momentum=0.1, affine=True, track_running_stats=True)
        (conv2): MinkowskiConvolution(in=64, out=64, kernel_size=[3, 3, 3], stride=[1, 1, 1], dilation=[1, 1, 1])
        (norm2): MinkowskiBatchNorm(64, eps=1e-05, momentum=0.1, affine=True, track_running_stats=True)
        (relu): MinkowskiReLU()
      )
      (2): BasicBlock(
        (conv1): MinkowskiConvolution(in=64, out=64, kernel_size=[3, 3, 3], stride=[1, 1, 1], dilation=[1, 1, 1])
        (norm1): MinkowskiBatchNorm(64, eps=1e-05, momentum=0.1, affine=True, track_running_stats=True)
        (conv2): MinkowskiConvolution(in=64, out=64, kernel_size=[3, 3, 3], stride=[1, 1, 1], dilation=[1, 1, 1])
        (norm2): MinkowskiBatchNorm(64, eps=1e-05, momentum=0.1, affine=True, track_running_stats=True)
        (relu): MinkowskiReLU()
      )
    )
    (layer2): Sequential(
      (0): BasicBlock(
        (conv1): MinkowskiConvolution(in=64, out=128, kernel_size=[3, 3, 3], stride=[2, 2, 2], dilation=[1, 1, 1])
        (norm1): MinkowskiBatchNorm(128, eps=1e-05, momentum=0.1, affine=True, track_running_stats=True)
        (conv2): MinkowskiConvolution(in=128, out=128, kernel_size=[3, 3, 3], stride=[1, 1, 1], dilation=[1, 1, 1])
        (norm2): MinkowskiBatchNorm(128, eps=1e-05, momentum=0.1, affine=True, track_running_stats=True)
        (relu): MinkowskiReLU()
        (downsample): Sequential(
          (0): MinkowskiConvolution(in=64, out=128, kernel_size=[1, 1, 1], stride=[2, 2, 2], dilation=[1, 1, 1])
          (1): MinkowskiBatchNorm(128, eps=1e-05, momentum=0.1, affine=True, track_running_stats=True)
        )
      )
      (1): BasicBlock(
        (conv1): MinkowskiConvolution(in=128, out=128, kernel_size=[3, 3, 3], stride=[1, 1, 1], dilation=[1, 1, 1])
        (norm1): MinkowskiBatchNorm(128, eps=1e-05, momentum=0.1, affine=True, track_running_stats=True)
        (conv2): MinkowskiConvolution(in=128, out=128, kernel_size=[3, 3, 3], stride=[1, 1, 1], dilation=[1, 1, 1])
        (norm2): MinkowskiBatchNorm(128, eps=1e-05, momentum=0.1, affine=True, track_running_stats=True)
        (relu): MinkowskiReLU()
      )
      (2): BasicBlock(
        (conv1): MinkowskiConvolution(in=128, out=128, kernel_size=[3, 3, 3], stride=[1, 1, 1], dilation=[1, 1, 1])
        (norm1): MinkowskiBatchNorm(128, eps=1e-05, momentum=0.1, affine=True, track_running_stats=True)
        (conv2): MinkowskiConvolution(in=128, out=128, kernel_size=[3, 3, 3], stride=[1, 1, 1], dilation=[1, 1, 1])
        (norm2): MinkowskiBatchNorm(128, eps=1e-05, momentum=0.1, affine=True, track_running_stats=True)
        (relu): MinkowskiReLU()
      )
      (3): BasicBlock(
        (conv1): MinkowskiConvolution(in=128, out=128, kernel_size=[3, 3, 3], stride=[1, 1, 1], dilation=[1, 1, 1])
        (norm1): MinkowskiBatchNorm(128, eps=1e-05, momentum=0.1, affine=True, track_running_stats=True)
        (conv2): MinkowskiConvolution(in=128, out=128, kernel_size=[3, 3, 3], stride=[1, 1, 1], dilation=[1, 1, 1])
        (norm2): MinkowskiBatchNorm(128, eps=1e-05, momentum=0.1, affine=True, track_running_stats=True)
        (relu): MinkowskiReLU()
      )
    )
    (layer3): Sequential(
      (0): BasicBlock(
        (conv1): MinkowskiConvolution(in=128, out=128, kernel_size=[3, 3, 3], stride=[2, 2, 2], dilation=[1, 1, 1])
        (norm1): MinkowskiBatchNorm(128, eps=1e-05, momentum=0.1, affine=True, track_running_stats=True)
        (conv2): MinkowskiConvolution(in=128, out=128, kernel_size=[3, 3, 3], stride=[1, 1, 1], dilation=[1, 1, 1])
        (norm2): MinkowskiBatchNorm(128, eps=1e-05, momentum=0.1, affine=True, track_running_stats=True)
        (relu): MinkowskiReLU()
        (downsample): Sequential(
          (0): MinkowskiConvolution(in=128, out=128, kernel_size=[1, 1, 1], stride=[2, 2, 2], dilation=[1, 1, 1])
          (1): MinkowskiBatchNorm(128, eps=1e-05, momentum=0.1, affine=True, track_running_stats=True)
        )
      )
      (1): BasicBlock(
        (conv1): MinkowskiConvolution(in=128, out=128, kernel_size=[3, 3, 3], stride=[1, 1, 1], dilation=[1, 1, 1])
        (norm1): MinkowskiBatchNorm(128, eps=1e-05, momentum=0.1, affine=True, track_running_stats=True)
        (conv2): MinkowskiConvolution(in=128, out=128, kernel_size=[3, 3, 3], stride=[1, 1, 1], dilation=[1, 1, 1])
        (norm2): MinkowskiBatchNorm(128, eps=1e-05, momentum=0.1, affine=True, track_running_stats=True)
        (relu): MinkowskiReLU()
      )
      (2): BasicBlock(
        (conv1): MinkowskiConvolution(in=128, out=128, kernel_size=[3, 3, 3], stride=[1, 1, 1], dilation=[1, 1, 1])
        (norm1): MinkowskiBatchNorm(128, eps=1e-05, momentum=0.1, affine=True, track_running_stats=True)
        (conv2): MinkowskiConvolution(in=128, out=128, kernel_size=[3, 3, 3], stride=[1, 1, 1], dilation=[1, 1, 1])
        (norm2): MinkowskiBatchNorm(128, eps=1e-05, momentum=0.1, affine=True, track_running_stats=True)
        (relu): MinkowskiReLU()
      )
      (3): BasicBlock(
        (conv1): MinkowskiConvolution(in=128, out=128, kernel_size=[3, 3, 3], stride=[1, 1, 1], dilation=[1, 1, 1])
        (norm1): MinkowskiBatchNorm(128, eps=1e-05, momentum=0.1, affine=True, track_running_stats=True)
        (conv2): MinkowskiConvolution(in=128, out=128, kernel_size=[3, 3, 3], stride=[1, 1, 1], dilation=[1, 1, 1])
        (norm2): MinkowskiBatchNorm(128, eps=1e-05, momentum=0.1, affine=True, track_running_stats=True)
        (relu): MinkowskiReLU()
      )
      (4): BasicBlock(
        (conv1): MinkowskiConvolution(in=128, out=128, kernel_size=[3, 3, 3], stride=[1, 1, 1], dilation=[1, 1, 1])
        (norm1): MinkowskiBatchNorm(128, eps=1e-05, momentum=0.1, affine=True, track_running_stats=True)
        (conv2): MinkowskiConvolution(in=128, out=128, kernel_size=[3, 3, 3], stride=[1, 1, 1], dilation=[1, 1, 1])
        (norm2): MinkowskiBatchNorm(128, eps=1e-05, momentum=0.1, affine=True, track_running_stats=True)
        (relu): MinkowskiReLU()
      )
      (5): BasicBlock(
        (conv1): MinkowskiConvolution(in=128, out=128, kernel_size=[3, 3, 3], stride=[1, 1, 1], dilation=[1, 1, 1])
        (norm1): MinkowskiBatchNorm(128, eps=1e-05, momentum=0.1, affine=True, track_running_stats=True)
        (conv2): MinkowskiConvolution(in=128, out=128, kernel_size=[3, 3, 3], stride=[1, 1, 1], dilation=[1, 1, 1])
        (norm2): MinkowskiBatchNorm(128, eps=1e-05, momentum=0.1, affine=True, track_running_stats=True)
        (relu): MinkowskiReLU()
      )
    )
    (layer4): Sequential(
      (0): BasicBlock(
        (conv1): MinkowskiConvolution(in=128, out=128, kernel_size=[3, 3, 3], stride=[2, 2, 2], dilation=[1, 1, 1])
        (norm1): MinkowskiBatchNorm(128, eps=1e-05, momentum=0.1, affine=True, track_running_stats=True)
        (conv2): MinkowskiConvolution(in=128, out=128, kernel_size=[3, 3, 3], stride=[1, 1, 1], dilation=[1, 1, 1])
        (norm2): MinkowskiBatchNorm(128, eps=1e-05, momentum=0.1, affine=True, track_running_stats=True)
        (relu): MinkowskiReLU()
        (downsample): Sequential(
          (0): MinkowskiConvolution(in=128, out=128, kernel_size=[1, 1, 1], stride=[2, 2, 2], dilation=[1, 1, 1])
          (1): MinkowskiBatchNorm(128, eps=1e-05, momentum=0.1, affine=True, track_running_stats=True)
        )
      )
      (1): BasicBlock(
        (conv1): MinkowskiConvolution(in=128, out=128, kernel_size=[3, 3, 3], stride=[1, 1, 1], dilation=[1, 1, 1])
        (norm1): MinkowskiBatchNorm(128, eps=1e-05, momentum=0.1, affine=True, track_running_stats=True)
        (conv2): MinkowskiConvolution(in=128, out=128, kernel_size=[3, 3, 3], stride=[1, 1, 1], dilation=[1, 1, 1])
        (norm2): MinkowskiBatchNorm(128, eps=1e-05, momentum=0.1, affine=True, track_running_stats=True)
        (relu): MinkowskiReLU()
      )
      (2): BasicBlock(
        (conv1): MinkowskiConvolution(in=128, out=128, kernel_size=[3, 3, 3], stride=[1, 1, 1], dilation=[1, 1, 1])
        (norm1): MinkowskiBatchNorm(128, eps=1e-05, momentum=0.1, affine=True, track_running_stats=True)
        (conv2): MinkowskiConvolution(in=128, out=128, kernel_size=[3, 3, 3], stride=[1, 1, 1], dilation=[1, 1, 1])
        (norm2): MinkowskiBatchNorm(128, eps=1e-05, momentum=0.1, affine=True, track_running_stats=True)
        (relu): MinkowskiReLU()
      )
    )
  )
  (neck): TR3DNeck(
    (lateral_block_0): Sequential(
      (0): MinkowskiConvolution(in=128, out=128, kernel_size=[3, 3, 3], stride=[1, 1, 1], dilation=[1, 1, 1])
      (1): MinkowskiBatchNorm(128, eps=1e-05, momentum=0.1, affine=True, track_running_stats=True)
      (2): MinkowskiReLU()
    )
    (out_block_0): Sequential(
      (0): MinkowskiConvolution(in=128, out=128, kernel_size=[3, 3, 3], stride=[1, 1, 1], dilation=[1, 1, 1])
      (1): MinkowskiBatchNorm(128, eps=1e-05, momentum=0.1, affine=True, track_running_stats=True)
      (2): MinkowskiReLU()
    )
    (up_block_1): Sequential(
      (0): MinkowskiGenerativeConvolutionTranspose(in=128, out=128, kernel_size=[3, 3, 3], stride=[2, 2, 2], dilation=[1, 1, 1])
      (1): MinkowskiBatchNorm(128, eps=1e-05, momentum=0.1, affine=True, track_running_stats=True)
      (2): MinkowskiReLU()
    )
    (lateral_block_1): Sequential(
      (0): MinkowskiConvolution(in=128, out=128, kernel_size=[3, 3, 3], stride=[1, 1, 1], dilation=[1, 1, 1])
      (1): MinkowskiBatchNorm(128, eps=1e-05, momentum=0.1, affine=True, track_running_stats=True)
      (2): MinkowskiReLU()
    )
    (out_block_1): Sequential(
      (0): MinkowskiConvolution(in=128, out=128, kernel_size=[3, 3, 3], stride=[1, 1, 1], dilation=[1, 1, 1])
      (1): MinkowskiBatchNorm(128, eps=1e-05, momentum=0.1, affine=True, track_running_stats=True)
      (2): MinkowskiReLU()
    )
    (up_block_2): Sequential(
      (0): MinkowskiGenerativeConvolutionTranspose(in=128, out=128, kernel_size=[3, 3, 3], stride=[2, 2, 2], dilation=[1, 1, 1])
      (1): MinkowskiBatchNorm(128, eps=1e-05, momentum=0.1, affine=True, track_running_stats=True)
      (2): MinkowskiReLU()
    )
  )
  (head): TR3DHead(
    (bbox_loss): RotatedIoU3DLoss()
    (cls_loss): FocalLoss()
    (bbox_conv): MinkowskiConvolution(in=128, out=8, kernel_size=[1, 1, 1], stride=[1, 1, 1], dilation=[1, 1, 1])
    (cls_conv): MinkowskiConvolution(in=128, out=10, kernel_size=[1, 1, 1], stride=[1, 1, 1], dilation=[1, 1, 1])
  )
  (conv): Sequential(
    (0): MinkowskiConvolution(in=256, out=64, kernel_size=[1, 1, 1], stride=[1, 1, 1], dilation=[1, 1, 1])
    (1): MinkowskiBatchNorm(64, eps=1e-05, momentum=0.1, affine=True, track_running_stats=True)
    (2): MinkowskiReLU()
  )
  (keep_ratio_predictor_MLPNET): KeepRatioPredictorMLPNet(
    (net): Sequential(
      (0): Linear(in_features=6, out_features=128, bias=True)
      (1): ReLU()
      (2): Linear(in_features=128, out_features=2, bias=True)
      (3): Tanh()
    )
  )
)
2026-06-04 01:54:34,438 - mmdet - INFO - load checkpoint from local path: /home/zero/USER/HEYU/MODEL/imvotenet_faster_rcnn_r50_fpn_2x4_sunrgbd-3d-10class_20210819_225618-62eba6ce.pth
2026-06-04 01:54:34,543 - mmdet - WARNING - The model and loaded state dict do not match exactly

unexpected key in source state_dict: img_rpn_head.rpn_conv.weight, img_rpn_head.rpn_conv.bias, img_rpn_head.rpn_cls.weight, img_rpn_head.rpn_cls.bias, img_rpn_head.rpn_reg.weight, img_rpn_head.rpn_reg.bias, img_roi_head.bbox_head.fc_cls.weight, img_roi_head.bbox_head.fc_cls.bias, img_roi_head.bbox_head.fc_reg.weight, img_roi_head.bbox_head.fc_reg.bias, img_roi_head.bbox_head.shared_fcs.0.weight, img_roi_head.bbox_head.shared_fcs.0.bias, img_roi_head.bbox_head.shared_fcs.1.weight, img_roi_head.bbox_head.shared_fcs.1.bias

missing keys in source state_dict: backbone.conv1.kernel, backbone.norm1.bn.weight, backbone.norm1.bn.bias, backbone.norm1.bn.running_mean, backbone.norm1.bn.running_var, backbone.layer1.0.conv1.kernel, backbone.layer1.0.norm1.bn.weight, backbone.layer1.0.norm1.bn.bias, backbone.layer1.0.norm1.bn.running_mean, backbone.layer1.0.norm1.bn.running_var, backbone.layer1.0.conv2.kernel, backbone.layer1.0.norm2.bn.weight, backbone.layer1.0.norm2.bn.bias, backbone.layer1.0.norm2.bn.running_mean, backbone.layer1.0.norm2.bn.running_var, backbone.layer1.0.downsample.0.kernel, backbone.layer1.0.downsample.1.bn.weight, backbone.layer1.0.downsample.1.bn.bias, backbone.layer1.0.downsample.1.bn.running_mean, backbone.layer1.0.downsample.1.bn.running_var, backbone.layer1.1.conv1.kernel, backbone.layer1.1.norm1.bn.weight, backbone.layer1.1.norm1.bn.bias, backbone.layer1.1.norm1.bn.running_mean, backbone.layer1.1.norm1.bn.running_var, backbone.layer1.1.conv2.kernel, backbone.layer1.1.norm2.bn.weight, backbone.layer1.1.norm2.bn.bias, backbone.layer1.1.norm2.bn.running_mean, backbone.layer1.1.norm2.bn.running_var, backbone.layer1.2.conv1.kernel, backbone.layer1.2.norm1.bn.weight, backbone.layer1.2.norm1.bn.bias, backbone.layer1.2.norm1.bn.running_mean, backbone.layer1.2.norm1.bn.running_var, backbone.layer1.2.conv2.kernel, backbone.layer1.2.norm2.bn.weight, backbone.layer1.2.norm2.bn.bias, backbone.layer1.2.norm2.bn.running_mean, backbone.layer1.2.norm2.bn.running_var, backbone.layer2.0.conv1.kernel, backbone.layer2.0.norm1.bn.weight, backbone.layer2.0.norm1.bn.bias, backbone.layer2.0.norm1.bn.running_mean, backbone.layer2.0.norm1.bn.running_var, backbone.layer2.0.conv2.kernel, backbone.layer2.0.norm2.bn.weight, backbone.layer2.0.norm2.bn.bias, backbone.layer2.0.norm2.bn.running_mean, backbone.layer2.0.norm2.bn.running_var, backbone.layer2.0.downsample.0.kernel, backbone.layer2.0.downsample.1.bn.weight, backbone.layer2.0.downsample.1.bn.bias, backbone.layer2.0.downsample.1.bn.running_mean, backbone.layer2.0.downsample.1.bn.running_var, backbone.layer2.1.conv1.kernel, backbone.layer2.1.norm1.bn.weight, backbone.layer2.1.norm1.bn.bias, backbone.layer2.1.norm1.bn.running_mean, backbone.layer2.1.norm1.bn.running_var, backbone.layer2.1.conv2.kernel, backbone.layer2.1.norm2.bn.weight, backbone.layer2.1.norm2.bn.bias, backbone.layer2.1.norm2.bn.running_mean, backbone.layer2.1.norm2.bn.running_var, backbone.layer2.2.conv1.kernel, backbone.layer2.2.norm1.bn.weight, backbone.layer2.2.norm1.bn.bias, backbone.layer2.2.norm1.bn.running_mean, backbone.layer2.2.norm1.bn.running_var, backbone.layer2.2.conv2.kernel, backbone.layer2.2.norm2.bn.weight, backbone.layer2.2.norm2.bn.bias, backbone.layer2.2.norm2.bn.running_mean, backbone.layer2.2.norm2.bn.running_var, backbone.layer2.3.conv1.kernel, backbone.layer2.3.norm1.bn.weight, backbone.layer2.3.norm1.bn.bias, backbone.layer2.3.norm1.bn.running_mean, backbone.layer2.3.norm1.bn.running_var, backbone.layer2.3.conv2.kernel, backbone.layer2.3.norm2.bn.weight, backbone.layer2.3.norm2.bn.bias, backbone.layer2.3.norm2.bn.running_mean, backbone.layer2.3.norm2.bn.running_var, backbone.layer3.0.conv1.kernel, backbone.layer3.0.norm1.bn.weight, backbone.layer3.0.norm1.bn.bias, backbone.layer3.0.norm1.bn.running_mean, backbone.layer3.0.norm1.bn.running_var, backbone.layer3.0.conv2.kernel, backbone.layer3.0.norm2.bn.weight, backbone.layer3.0.norm2.bn.bias, backbone.layer3.0.norm2.bn.running_mean, backbone.layer3.0.norm2.bn.running_var, backbone.layer3.0.downsample.0.kernel, backbone.layer3.0.downsample.1.bn.weight, backbone.layer3.0.downsample.1.bn.bias, backbone.layer3.0.downsample.1.bn.running_mean, backbone.layer3.0.downsample.1.bn.running_var, backbone.layer3.1.conv1.kernel, backbone.layer3.1.norm1.bn.weight, backbone.layer3.1.norm1.bn.bias, backbone.layer3.1.norm1.bn.running_mean, backbone.layer3.1.norm1.bn.running_var, backbone.layer3.1.conv2.kernel, backbone.layer3.1.norm2.bn.weight, backbone.layer3.1.norm2.bn.bias, backbone.layer3.1.norm2.bn.running_mean, backbone.layer3.1.norm2.bn.running_var, backbone.layer3.2.conv1.kernel, backbone.layer3.2.norm1.bn.weight, backbone.layer3.2.norm1.bn.bias, backbone.layer3.2.norm1.bn.running_mean, backbone.layer3.2.norm1.bn.running_var, backbone.layer3.2.conv2.kernel, backbone.layer3.2.norm2.bn.weight, backbone.layer3.2.norm2.bn.bias, backbone.layer3.2.norm2.bn.running_mean, backbone.layer3.2.norm2.bn.running_var, backbone.layer3.3.conv1.kernel, backbone.layer3.3.norm1.bn.weight, backbone.layer3.3.norm1.bn.bias, backbone.layer3.3.norm1.bn.running_mean, backbone.layer3.3.norm1.bn.running_var, backbone.layer3.3.conv2.kernel, backbone.layer3.3.norm2.bn.weight, backbone.layer3.3.norm2.bn.bias, backbone.layer3.3.norm2.bn.running_mean, backbone.layer3.3.norm2.bn.running_var, backbone.layer3.4.conv1.kernel, backbone.layer3.4.norm1.bn.weight, backbone.layer3.4.norm1.bn.bias, backbone.layer3.4.norm1.bn.running_mean, backbone.layer3.4.norm1.bn.running_var, backbone.layer3.4.conv2.kernel, backbone.layer3.4.norm2.bn.weight, backbone.layer3.4.norm2.bn.bias, backbone.layer3.4.norm2.bn.running_mean, backbone.layer3.4.norm2.bn.running_var, backbone.layer3.5.conv1.kernel, backbone.layer3.5.norm1.bn.weight, backbone.layer3.5.norm1.bn.bias, backbone.layer3.5.norm1.bn.running_mean, backbone.layer3.5.norm1.bn.running_var, backbone.layer3.5.conv2.kernel, backbone.layer3.5.norm2.bn.weight, backbone.layer3.5.norm2.bn.bias, backbone.layer3.5.norm2.bn.running_mean, backbone.layer3.5.norm2.bn.running_var, backbone.layer4.0.conv1.kernel, backbone.layer4.0.norm1.bn.weight, backbone.layer4.0.norm1.bn.bias, backbone.layer4.0.norm1.bn.running_mean, backbone.layer4.0.norm1.bn.running_var, backbone.layer4.0.conv2.kernel, backbone.layer4.0.norm2.bn.weight, backbone.layer4.0.norm2.bn.bias, backbone.layer4.0.norm2.bn.running_mean, backbone.layer4.0.norm2.bn.running_var, backbone.layer4.0.downsample.0.kernel, backbone.layer4.0.downsample.1.bn.weight, backbone.layer4.0.downsample.1.bn.bias, backbone.layer4.0.downsample.1.bn.running_mean, backbone.layer4.0.downsample.1.bn.running_var, backbone.layer4.1.conv1.kernel, backbone.layer4.1.norm1.bn.weight, backbone.layer4.1.norm1.bn.bias, backbone.layer4.1.norm1.bn.running_mean, backbone.layer4.1.norm1.bn.running_var, backbone.layer4.1.conv2.kernel, backbone.layer4.1.norm2.bn.weight, backbone.layer4.1.norm2.bn.bias, backbone.layer4.1.norm2.bn.running_mean, backbone.layer4.1.norm2.bn.running_var, backbone.layer4.2.conv1.kernel, backbone.layer4.2.norm1.bn.weight, backbone.layer4.2.norm1.bn.bias, backbone.layer4.2.norm1.bn.running_mean, backbone.layer4.2.norm1.bn.running_var, backbone.layer4.2.conv2.kernel, backbone.layer4.2.norm2.bn.weight, backbone.layer4.2.norm2.bn.bias, backbone.layer4.2.norm2.bn.running_mean, backbone.layer4.2.norm2.bn.running_var, neck.lateral_block_0.0.kernel, neck.lateral_block_0.1.bn.weight, neck.lateral_block_0.1.bn.bias, neck.lateral_block_0.1.bn.running_mean, neck.lateral_block_0.1.bn.running_var, neck.out_block_0.0.kernel, neck.out_block_0.1.bn.weight, neck.out_block_0.1.bn.bias, neck.out_block_0.1.bn.running_mean, neck.out_block_0.1.bn.running_var, neck.up_block_1.0.kernel, neck.up_block_1.1.bn.weight, neck.up_block_1.1.bn.bias, neck.up_block_1.1.bn.running_mean, neck.up_block_1.1.bn.running_var, neck.lateral_block_1.0.kernel, neck.lateral_block_1.1.bn.weight, neck.lateral_block_1.1.bn.bias, neck.lateral_block_1.1.bn.running_mean, neck.lateral_block_1.1.bn.running_var, neck.out_block_1.0.kernel, neck.out_block_1.1.bn.weight, neck.out_block_1.1.bn.bias, neck.out_block_1.1.bn.running_mean, neck.out_block_1.1.bn.running_var, neck.up_block_2.0.kernel, neck.up_block_2.1.bn.weight, neck.up_block_2.1.bn.bias, neck.up_block_2.1.bn.running_mean, neck.up_block_2.1.bn.running_var, head.bbox_conv.kernel, head.bbox_conv.bias, head.cls_conv.kernel, head.cls_conv.bias, conv.0.kernel, conv.1.bn.weight, conv.1.bn.bias, conv.1.bn.running_mean, conv.1.bn.running_var, keep_ratio_predictor_MLPNET.net.0.weight, keep_ratio_predictor_MLPNET.net.0.bias, keep_ratio_predictor_MLPNET.net.2.weight, keep_ratio_predictor_MLPNET.net.2.bias

2026-06-04 01:54:34,548 - mmdet - INFO - Start running, host: zero@l40server, work_dir: /home/zero/USER/HEYU/tr3d/work_dirs/NN/DFF/DFF_TR3D_FF_FIG6_3/3
2026-06-04 01:54:34,548 - mmdet - INFO - Hooks will be executed in the following order:
before_run:
(VERY_HIGH   ) StepLrUpdaterHook                  
(NORMAL      ) CheckpointHook                     
(LOW         ) EvalHook                           
(VERY_LOW    ) TextLoggerHook                     
 -------------------- 
before_train_epoch:
(VERY_HIGH   ) StepLrUpdaterHook                  
(NORMAL      ) EmptyCacheHook                     
(LOW         ) IterTimerHook                      
(LOW         ) EvalHook                           
(VERY_LOW    ) TextLoggerHook                     
 -------------------- 
before_train_iter:
(VERY_HIGH   ) StepLrUpdaterHook                  
(LOW         ) IterTimerHook                      
(LOW         ) EvalHook                           
 -------------------- 
after_train_iter:
(ABOVE_NORMAL) OptimizerHook                      
(NORMAL      ) CheckpointHook                     
(NORMAL      ) EmptyCacheHook                     
(LOW         ) IterTimerHook                      
(LOW         ) EvalHook                           
(VERY_LOW    ) TextLoggerHook                     
 -------------------- 
after_train_epoch:
(NORMAL      ) CheckpointHook                     
(NORMAL      ) EmptyCacheHook                     
(LOW         ) EvalHook                           
(VERY_LOW    ) TextLoggerHook                     
 -------------------- 
before_val_epoch:
(NORMAL      ) EmptyCacheHook                     
(LOW         ) IterTimerHook                      
(VERY_LOW    ) TextLoggerHook                     
 -------------------- 
before_val_iter:
(LOW         ) IterTimerHook                      
 -------------------- 
after_val_iter:
(NORMAL      ) EmptyCacheHook                     
(LOW         ) IterTimerHook                      
 -------------------- 
after_val_epoch:
(NORMAL      ) EmptyCacheHook                     
(VERY_LOW    ) TextLoggerHook                     
 -------------------- 
after_run:
(VERY_LOW    ) TextLoggerHook                     
 -------------------- 
2026-06-04 01:54:34,548 - mmdet - INFO - workflow: [('train', 1)], max: 12 epochs
2026-06-04 01:54:34,548 - mmdet - INFO - Checkpoints will be saved to /home/zero/USER/HEYU/tr3d/work_dirs/NN/DFF/DFF_TR3D_FF_FIG6_3/3 by HardDiskBackend.
2026-06-04 01:55:10,567 - mmdet - INFO - Epoch [1][50/1652]	lr: 1.000e-03, eta: 3:57:22, time: 0.720, data_time: 0.098, memory: 5793, bbox_loss: 0.6398, cls_loss: 0.6810, loss: 1.3209, grad_norm: 6.8038
2026-06-04 01:55:43,197 - mmdet - INFO - Epoch [1][100/1652]	lr: 1.000e-03, eta: 3:45:39, time: 0.653, data_time: 0.054, memory: 5793, bbox_loss: 0.5796, cls_loss: 0.4891, loss: 1.0687, grad_norm: 7.8966
2026-06-04 01:56:15,657 - mmdet - INFO - Epoch [1][150/1652]	lr: 1.000e-03, eta: 3:41:00, time: 0.649, data_time: 0.052, memory: 5793, bbox_loss: 0.5789, cls_loss: 0.4504, loss: 1.0293, grad_norm: 7.3987
2026-06-04 01:56:49,222 - mmdet - INFO - Epoch [1][200/1652]	lr: 1.000e-03, eta: 3:40:13, time: 0.671, data_time: 0.057, memory: 5793, bbox_loss: 0.5591, cls_loss: 0.4303, loss: 0.9894, grad_norm: 7.9493
2026-06-04 01:57:22,444 - mmdet - INFO - Epoch [1][250/1652]	lr: 1.000e-03, eta: 3:39:05, time: 0.664, data_time: 0.056, memory: 5793, bbox_loss: 0.5484, cls_loss: 0.4184, loss: 0.9669, grad_norm: 7.7264
2026-06-04 01:57:56,616 - mmdet - INFO - Epoch [1][300/1652]	lr: 1.000e-03, eta: 3:39:10, time: 0.683, data_time: 0.059, memory: 5793, bbox_loss: 0.5400, cls_loss: 0.4113, loss: 0.9512, grad_norm: 6.9925
2026-06-04 01:58:29,471 - mmdet - INFO - Epoch [1][350/1652]	lr: 1.000e-03, eta: 3:37:50, time: 0.657, data_time: 0.058, memory: 5793, bbox_loss: 0.5293, cls_loss: 0.3885, loss: 0.9178, grad_norm: 6.9138
2026-06-04 01:59:02,611 - mmdet - INFO - Epoch [1][400/1652]	lr: 1.000e-03, eta: 3:36:56, time: 0.663, data_time: 0.060, memory: 5793, bbox_loss: 0.5346, cls_loss: 0.3810, loss: 0.9156, grad_norm: 6.4057
2026-06-04 01:59:35,856 - mmdet - INFO - Epoch [1][450/1652]	lr: 1.000e-03, eta: 3:36:11, time: 0.665, data_time: 0.057, memory: 5793, bbox_loss: 0.5198, cls_loss: 0.3722, loss: 0.8920, grad_norm: 6.3023
2026-06-04 02:00:08,041 - mmdet - INFO - Epoch [1][500/1652]	lr: 1.000e-03, eta: 3:34:48, time: 0.644, data_time: 0.057, memory: 5793, bbox_loss: 0.5263, cls_loss: 0.3668, loss: 0.8931, grad_norm: 7.6200
2026-06-04 02:00:41,807 - mmdet - INFO - Epoch [1][550/1652]	lr: 1.000e-03, eta: 3:34:29, time: 0.675, data_time: 0.058, memory: 5793, bbox_loss: 0.5153, cls_loss: 0.3633, loss: 0.8786, grad_norm: 5.7705
2026-06-04 02:01:16,685 - mmdet - INFO - Epoch [1][600/1652]	lr: 1.000e-03, eta: 3:34:44, time: 0.698, data_time: 0.061, memory: 5793, bbox_loss: 0.5099, cls_loss: 0.3480, loss: 0.8580, grad_norm: 6.3804
2026-06-04 02:01:50,560 - mmdet - INFO - Epoch [1][650/1652]	lr: 1.000e-03, eta: 3:34:21, time: 0.677, data_time: 0.059, memory: 5793, bbox_loss: 0.5090, cls_loss: 0.3526, loss: 0.8616, grad_norm: 6.1389
2026-06-04 02:02:24,002 - mmdet - INFO - Epoch [1][700/1652]	lr: 1.000e-03, eta: 3:33:45, time: 0.669, data_time: 0.058, memory: 5793, bbox_loss: 0.4995, cls_loss: 0.3507, loss: 0.8502, grad_norm: 5.7131
2026-06-04 02:02:57,384 - mmdet - INFO - Epoch [1][750/1652]	lr: 1.000e-03, eta: 3:33:07, time: 0.668, data_time: 0.056, memory: 5793, bbox_loss: 0.5050, cls_loss: 0.3232, loss: 0.8282, grad_norm: 5.8049
2026-06-04 02:03:31,027 - mmdet - INFO - Epoch [1][800/1652]	lr: 1.000e-03, eta: 3:32:37, time: 0.673, data_time: 0.058, memory: 5793, bbox_loss: 0.4960, cls_loss: 0.3507, loss: 0.8467, grad_norm: 5.6383
2026-06-04 02:04:05,235 - mmdet - INFO - Epoch [1][850/1652]	lr: 1.000e-03, eta: 3:32:18, time: 0.684, data_time: 0.060, memory: 5793, bbox_loss: 0.4992, cls_loss: 0.3424, loss: 0.8416, grad_norm: 5.2406
2026-06-04 02:04:39,000 - mmdet - INFO - Epoch [1][900/1652]	lr: 1.000e-03, eta: 3:31:49, time: 0.675, data_time: 0.058, memory: 5793, bbox_loss: 0.4968, cls_loss: 0.3238, loss: 0.8206, grad_norm: 5.5910
2026-06-04 02:05:13,267 - mmdet - INFO - Epoch [1][950/1652]	lr: 1.000e-03, eta: 3:31:29, time: 0.685, data_time: 0.060, memory: 5835, bbox_loss: 0.4940, cls_loss: 0.3223, loss: 0.8163, grad_norm: 5.1002
2026-06-04 02:05:47,534 - mmdet - INFO - Exp name: tr3d-ff_sunrgbd-3d-10class.py
2026-06-04 02:05:47,534 - mmdet - INFO - Epoch [1][1000/1652]	lr: 1.000e-03, eta: 3:31:07, time: 0.685, data_time: 0.058, memory: 5835, bbox_loss: 0.4976, cls_loss: 0.3436, loss: 0.8412, grad_norm: 4.4486
2026-06-04 02:06:21,356 - mmdet - INFO - Epoch [1][1050/1652]	lr: 1.000e-03, eta: 3:30:37, time: 0.676, data_time: 0.057, memory: 5835, bbox_loss: 0.4931, cls_loss: 0.3286, loss: 0.8217, grad_norm: 5.1419
2026-06-04 02:06:55,625 - mmdet - INFO - Epoch [1][1100/1652]	lr: 1.000e-03, eta: 3:30:14, time: 0.685, data_time: 0.059, memory: 5835, bbox_loss: 0.4890, cls_loss: 0.3264, loss: 0.8154, grad_norm: 4.3553
2026-06-04 02:07:29,958 - mmdet - INFO - Epoch [1][1150/1652]	lr: 1.000e-03, eta: 3:29:51, time: 0.687, data_time: 0.060, memory: 5835, bbox_loss: 0.4860, cls_loss: 0.3218, loss: 0.8079, grad_norm: 4.8216
2026-06-04 02:08:01,834 - mmdet - INFO - Epoch [1][1200/1652]	lr: 1.000e-03, eta: 3:28:48, time: 0.638, data_time: 0.059, memory: 6023, bbox_loss: 0.4923, cls_loss: 0.3208, loss: 0.8131, grad_norm: 4.6534
2026-06-04 02:08:33,428 - mmdet - INFO - Epoch [1][1250/1652]	lr: 1.000e-03, eta: 3:27:44, time: 0.632, data_time: 0.059, memory: 6023, bbox_loss: 0.4708, cls_loss: 0.3042, loss: 0.7750, grad_norm: 4.9248
2026-06-04 02:09:05,664 - mmdet - INFO - Epoch [1][1300/1652]	lr: 1.000e-03, eta: 3:26:52, time: 0.645, data_time: 0.058, memory: 6023, bbox_loss: 0.4806, cls_loss: 0.3154, loss: 0.7960, grad_norm: 4.7610
2026-06-04 02:09:37,487 - mmdet - INFO - Epoch [1][1350/1652]	lr: 1.000e-03, eta: 3:25:55, time: 0.636, data_time: 0.057, memory: 6023, bbox_loss: 0.4757, cls_loss: 0.3051, loss: 0.7808, grad_norm: 5.3494
2026-06-04 02:10:09,268 - mmdet - INFO - Epoch [1][1400/1652]	lr: 1.000e-03, eta: 3:25:00, time: 0.636, data_time: 0.057, memory: 6023, bbox_loss: 0.4756, cls_loss: 0.3097, loss: 0.7853, grad_norm: 4.4588
2026-06-04 02:10:41,416 - mmdet - INFO - Epoch [1][1450/1652]	lr: 1.000e-03, eta: 3:24:11, time: 0.643, data_time: 0.060, memory: 6023, bbox_loss: 0.4725, cls_loss: 0.3038, loss: 0.7763, grad_norm: 4.5846
2026-06-04 02:11:13,017 - mmdet - INFO - Epoch [1][1500/1652]	lr: 1.000e-03, eta: 3:23:17, time: 0.632, data_time: 0.056, memory: 6023, bbox_loss: 0.4680, cls_loss: 0.3086, loss: 0.7767, grad_norm: 4.9163
2026-06-04 02:11:45,103 - mmdet - INFO - Epoch [1][1550/1652]	lr: 1.000e-03, eta: 3:22:29, time: 0.642, data_time: 0.059, memory: 6023, bbox_loss: 0.4827, cls_loss: 0.3076, loss: 0.7903, grad_norm: 4.3543
2026-06-04 02:12:17,275 - mmdet - INFO - Epoch [1][1600/1652]	lr: 1.000e-03, eta: 3:21:44, time: 0.643, data_time: 0.058, memory: 6023, bbox_loss: 0.4744, cls_loss: 0.3020, loss: 0.7764, grad_norm: 4.2711
2026-06-04 02:12:49,091 - mmdet - INFO - Epoch [1][1650/1652]	lr: 1.000e-03, eta: 3:20:55, time: 0.636, data_time: 0.058, memory: 6023, bbox_loss: 0.4803, cls_loss: 0.3158, loss: 0.7961, grad_norm: 4.0983
2026-06-04 02:12:50,493 - mmdet - INFO - Saving checkpoint at 1 epochs
2026-06-04 02:13:26,540 - mmdet - INFO - Epoch [2][50/1652]	lr: 1.000e-03, eta: 3:20:30, time: 0.707, data_time: 0.104, memory: 6023, bbox_loss: 0.4724, cls_loss: 0.2993, loss: 0.7718, grad_norm: 4.4522
2026-06-04 02:13:59,420 - mmdet - INFO - Epoch [2][100/1652]	lr: 1.000e-03, eta: 3:19:53, time: 0.658, data_time: 0.054, memory: 6023, bbox_loss: 0.4730, cls_loss: 0.3115, loss: 0.7846, grad_norm: 4.0458
2026-06-04 02:14:33,412 - mmdet - INFO - Epoch [2][150/1652]	lr: 1.000e-03, eta: 3:19:28, time: 0.680, data_time: 0.055, memory: 6023, bbox_loss: 0.4722, cls_loss: 0.2924, loss: 0.7646, grad_norm: 4.2192
2026-06-04 02:15:05,968 - mmdet - INFO - Epoch [2][200/1652]	lr: 1.000e-03, eta: 3:18:49, time: 0.651, data_time: 0.052, memory: 6023, bbox_loss: 0.4711, cls_loss: 0.2993, loss: 0.7704, grad_norm: 3.9838
2026-06-04 02:15:37,248 - mmdet - INFO - Epoch [2][250/1652]	lr: 1.000e-03, eta: 3:17:57, time: 0.626, data_time: 0.053, memory: 6023, bbox_loss: 0.4671, cls_loss: 0.3026, loss: 0.7697, grad_norm: 3.7128
2026-06-04 02:16:08,988 - mmdet - INFO - Epoch [2][300/1652]	lr: 1.000e-03, eta: 3:17:11, time: 0.635, data_time: 0.054, memory: 6023, bbox_loss: 0.4623, cls_loss: 0.2905, loss: 0.7528, grad_norm: 3.6804
2026-06-04 02:16:41,042 - mmdet - INFO - Epoch [2][350/1652]	lr: 1.000e-03, eta: 3:16:29, time: 0.641, data_time: 0.057, memory: 6023, bbox_loss: 0.4694, cls_loss: 0.3015, loss: 0.7709, grad_norm: 4.1368
2026-06-04 02:17:12,325 - mmdet - INFO - Epoch [2][400/1652]	lr: 1.000e-03, eta: 3:15:40, time: 0.626, data_time: 0.053, memory: 6023, bbox_loss: 0.4703, cls_loss: 0.3024, loss: 0.7727, grad_norm: 4.3697
2026-06-04 02:17:44,028 - mmdet - INFO - Epoch [2][450/1652]	lr: 1.000e-03, eta: 3:14:56, time: 0.634, data_time: 0.055, memory: 6023, bbox_loss: 0.4620, cls_loss: 0.2909, loss: 0.7529, grad_norm: 3.9511
2026-06-04 02:18:16,051 - mmdet - INFO - Epoch [2][500/1652]	lr: 1.000e-03, eta: 3:14:15, time: 0.640, data_time: 0.056, memory: 6023, bbox_loss: 0.4577, cls_loss: 0.2923, loss: 0.7501, grad_norm: 4.4333
2026-06-04 02:18:47,429 - mmdet - INFO - Epoch [2][550/1652]	lr: 1.000e-03, eta: 3:13:29, time: 0.628, data_time: 0.055, memory: 6023, bbox_loss: 0.4491, cls_loss: 0.2866, loss: 0.7357, grad_norm: 4.1745
2026-06-04 02:19:19,040 - mmdet - INFO - Epoch [2][600/1652]	lr: 1.000e-03, eta: 3:12:46, time: 0.632, data_time: 0.055, memory: 6023, bbox_loss: 0.4687, cls_loss: 0.3057, loss: 0.7745, grad_norm: 3.7422
2026-06-04 02:19:50,561 - mmdet - INFO - Epoch [2][650/1652]	lr: 1.000e-03, eta: 3:12:02, time: 0.630, data_time: 0.053, memory: 6023, bbox_loss: 0.4619, cls_loss: 0.2963, loss: 0.7583, grad_norm: 3.6846
2026-06-04 02:20:22,183 - mmdet - INFO - Epoch [2][700/1652]	lr: 1.000e-03, eta: 3:11:20, time: 0.632, data_time: 0.053, memory: 6023, bbox_loss: 0.4603, cls_loss: 0.2921, loss: 0.7524, grad_norm: 4.2099
2026-06-04 02:20:54,081 - mmdet - INFO - Epoch [2][750/1652]	lr: 1.000e-03, eta: 3:10:40, time: 0.638, data_time: 0.053, memory: 6023, bbox_loss: 0.4627, cls_loss: 0.2903, loss: 0.7530, grad_norm: 3.7707
2026-06-04 02:21:25,604 - mmdet - INFO - Epoch [2][800/1652]	lr: 1.000e-03, eta: 3:09:58, time: 0.630, data_time: 0.056, memory: 6023, bbox_loss: 0.4575, cls_loss: 0.2806, loss: 0.7381, grad_norm: 3.9387
2026-06-04 02:21:57,208 - mmdet - INFO - Epoch [2][850/1652]	lr: 1.000e-03, eta: 3:09:17, time: 0.632, data_time: 0.052, memory: 6023, bbox_loss: 0.4626, cls_loss: 0.2982, loss: 0.7608, grad_norm: 3.4932
2026-06-04 02:22:29,105 - mmdet - INFO - Epoch [2][900/1652]	lr: 1.000e-03, eta: 3:08:38, time: 0.638, data_time: 0.053, memory: 6023, bbox_loss: 0.4613, cls_loss: 0.2934, loss: 0.7546, grad_norm: 3.4633
2026-06-04 02:23:01,226 - mmdet - INFO - Epoch [2][950/1652]	lr: 1.000e-03, eta: 3:08:01, time: 0.642, data_time: 0.055, memory: 6023, bbox_loss: 0.4579, cls_loss: 0.2805, loss: 0.7384, grad_norm: 3.5456
2026-06-04 02:23:32,907 - mmdet - INFO - Epoch [2][1000/1652]	lr: 1.000e-03, eta: 3:07:22, time: 0.634, data_time: 0.055, memory: 6023, bbox_loss: 0.4548, cls_loss: 0.2817, loss: 0.7365, grad_norm: 3.7085
2026-06-04 02:24:04,676 - mmdet - INFO - Epoch [2][1050/1652]	lr: 1.000e-03, eta: 3:06:43, time: 0.635, data_time: 0.056, memory: 6023, bbox_loss: 0.4593, cls_loss: 0.2901, loss: 0.7493, grad_norm: 3.5599
2026-06-04 02:24:36,649 - mmdet - INFO - Epoch [2][1100/1652]	lr: 1.000e-03, eta: 3:06:05, time: 0.639, data_time: 0.056, memory: 6023, bbox_loss: 0.4624, cls_loss: 0.2840, loss: 0.7464, grad_norm: 3.1923
2026-06-04 02:25:08,313 - mmdet - INFO - Epoch [2][1150/1652]	lr: 1.000e-03, eta: 3:05:26, time: 0.633, data_time: 0.054, memory: 6023, bbox_loss: 0.4575, cls_loss: 0.2838, loss: 0.7413, grad_norm: 3.6181
2026-06-04 02:25:40,025 - mmdet - INFO - Epoch [2][1200/1652]	lr: 1.000e-03, eta: 3:04:48, time: 0.634, data_time: 0.054, memory: 6023, bbox_loss: 0.4543, cls_loss: 0.2810, loss: 0.7354, grad_norm: 3.9167
2026-06-04 02:26:12,126 - mmdet - INFO - Epoch [2][1250/1652]	lr: 1.000e-03, eta: 3:04:12, time: 0.642, data_time: 0.056, memory: 6023, bbox_loss: 0.4475, cls_loss: 0.2783, loss: 0.7258, grad_norm: 3.6700
2026-06-04 02:26:43,889 - mmdet - INFO - Epoch [2][1300/1652]	lr: 1.000e-03, eta: 3:03:34, time: 0.635, data_time: 0.054, memory: 6023, bbox_loss: 0.4416, cls_loss: 0.2847, loss: 0.7264, grad_norm: 2.9409
2026-06-04 02:27:15,863 - mmdet - INFO - Epoch [2][1350/1652]	lr: 1.000e-03, eta: 3:02:58, time: 0.639, data_time: 0.057, memory: 6023, bbox_loss: 0.4468, cls_loss: 0.2711, loss: 0.7178, grad_norm: 3.5595
2026-06-04 02:27:47,797 - mmdet - INFO - Epoch [2][1400/1652]	lr: 1.000e-03, eta: 3:02:21, time: 0.639, data_time: 0.055, memory: 6023, bbox_loss: 0.4486, cls_loss: 0.2786, loss: 0.7272, grad_norm: 3.5515
2026-06-04 02:28:19,826 - mmdet - INFO - Epoch [2][1450/1652]	lr: 1.000e-03, eta: 3:01:46, time: 0.641, data_time: 0.055, memory: 6023, bbox_loss: 0.4437, cls_loss: 0.2714, loss: 0.7151, grad_norm: 3.4083
2026-06-04 02:28:50,994 - mmdet - INFO - Epoch [2][1500/1652]	lr: 1.000e-03, eta: 3:01:05, time: 0.623, data_time: 0.053, memory: 6023, bbox_loss: 0.4491, cls_loss: 0.2728, loss: 0.7219, grad_norm: 3.7642
2026-06-04 02:29:22,297 - mmdet - INFO - Epoch [2][1550/1652]	lr: 1.000e-03, eta: 3:00:26, time: 0.626, data_time: 0.054, memory: 6023, bbox_loss: 0.4537, cls_loss: 0.2858, loss: 0.7396, grad_norm: 3.3032
2026-06-04 02:29:54,264 - mmdet - INFO - Epoch [2][1600/1652]	lr: 1.000e-03, eta: 2:59:50, time: 0.639, data_time: 0.054, memory: 6023, bbox_loss: 0.4491, cls_loss: 0.2732, loss: 0.7222, grad_norm: 3.5028
2026-06-04 02:30:26,026 - mmdet - INFO - Epoch [2][1650/1652]	lr: 1.000e-03, eta: 2:59:14, time: 0.635, data_time: 0.053, memory: 6023, bbox_loss: 0.4427, cls_loss: 0.2772, loss: 0.7199, grad_norm: 3.5401
2026-06-04 02:30:27,443 - mmdet - INFO - Saving checkpoint at 2 epochs
2026-06-04 02:31:02,892 - mmdet - INFO - Epoch [3][50/1652]	lr: 1.000e-03, eta: 2:58:45, time: 0.697, data_time: 0.105, memory: 6023, bbox_loss: 0.4458, cls_loss: 0.2764, loss: 0.7222, grad_norm: 3.1630
2026-06-04 02:31:34,513 - mmdet - INFO - Epoch [3][100/1652]	lr: 1.000e-03, eta: 2:58:08, time: 0.632, data_time: 0.054, memory: 6023, bbox_loss: 0.4506, cls_loss: 0.2868, loss: 0.7375, grad_norm: 3.2458
2026-06-04 02:32:06,552 - mmdet - INFO - Epoch [3][150/1652]	lr: 1.000e-03, eta: 2:57:33, time: 0.641, data_time: 0.053, memory: 6023, bbox_loss: 0.4492, cls_loss: 0.2770, loss: 0.7262, grad_norm: 3.3840
2026-06-04 02:32:38,555 - mmdet - INFO - Epoch [3][200/1652]	lr: 1.000e-03, eta: 2:56:58, time: 0.640, data_time: 0.054, memory: 6023, bbox_loss: 0.4480, cls_loss: 0.2652, loss: 0.7132, grad_norm: 3.8376
2026-06-04 02:33:10,728 - mmdet - INFO - Epoch [3][250/1652]	lr: 1.000e-03, eta: 2:56:24, time: 0.643, data_time: 0.054, memory: 6023, bbox_loss: 0.4461, cls_loss: 0.2789, loss: 0.7250, grad_norm: 3.3341
2026-06-04 02:33:43,212 - mmdet - INFO - Epoch [3][300/1652]	lr: 1.000e-03, eta: 2:55:51, time: 0.650, data_time: 0.054, memory: 6023, bbox_loss: 0.4416, cls_loss: 0.2742, loss: 0.7158, grad_norm: 3.2853
2026-06-04 02:34:15,442 - mmdet - INFO - Epoch [3][350/1652]	lr: 1.000e-03, eta: 2:55:17, time: 0.645, data_time: 0.057, memory: 6023, bbox_loss: 0.4317, cls_loss: 0.2661, loss: 0.6979, grad_norm: 3.2127
2026-06-04 02:34:47,064 - mmdet - INFO - Epoch [3][400/1652]	lr: 1.000e-03, eta: 2:54:41, time: 0.632, data_time: 0.054, memory: 6023, bbox_loss: 0.4548, cls_loss: 0.2741, loss: 0.7288, grad_norm: 3.0407
2026-06-04 02:35:18,762 - mmdet - INFO - Epoch [3][450/1652]	lr: 1.000e-03, eta: 2:54:05, time: 0.634, data_time: 0.054, memory: 6023, bbox_loss: 0.4489, cls_loss: 0.2743, loss: 0.7233, grad_norm: 3.6380
2026-06-04 02:35:50,615 - mmdet - INFO - Epoch [3][500/1652]	lr: 1.000e-03, eta: 2:53:30, time: 0.637, data_time: 0.056, memory: 6023, bbox_loss: 0.4333, cls_loss: 0.2749, loss: 0.7082, grad_norm: 3.6032
2026-06-04 02:36:23,012 - mmdet - INFO - Epoch [3][550/1652]	lr: 1.000e-03, eta: 2:52:57, time: 0.648, data_time: 0.054, memory: 6023, bbox_loss: 0.4368, cls_loss: 0.2632, loss: 0.6999, grad_norm: 4.1600
2026-06-04 02:36:54,616 - mmdet - INFO - Epoch [3][600/1652]	lr: 1.000e-03, eta: 2:52:21, time: 0.632, data_time: 0.055, memory: 6023, bbox_loss: 0.4347, cls_loss: 0.2659, loss: 0.7006, grad_norm: 3.1835
2026-06-04 02:37:28,784 - mmdet - INFO - Epoch [3][650/1652]	lr: 1.000e-03, eta: 2:51:55, time: 0.683, data_time: 0.055, memory: 6023, bbox_loss: 0.4272, cls_loss: 0.2654, loss: 0.6926, grad_norm: 3.1661
2026-06-04 02:38:01,990 - mmdet - INFO - Epoch [3][700/1652]	lr: 1.000e-03, eta: 2:51:25, time: 0.664, data_time: 0.057, memory: 6023, bbox_loss: 0.4346, cls_loss: 0.2693, loss: 0.7039, grad_norm: 3.0162
2026-06-04 02:38:35,675 - mmdet - INFO - Epoch [3][750/1652]	lr: 1.000e-03, eta: 2:50:57, time: 0.674, data_time: 0.054, memory: 6023, bbox_loss: 0.4498, cls_loss: 0.2765, loss: 0.7263, grad_norm: 3.4254
2026-06-04 02:39:09,431 - mmdet - INFO - Epoch [3][800/1652]	lr: 1.000e-03, eta: 2:50:29, time: 0.675, data_time: 0.055, memory: 6023, bbox_loss: 0.4404, cls_loss: 0.2777, loss: 0.7181, grad_norm: 2.9680
2026-06-04 02:39:42,757 - mmdet - INFO - Epoch [3][850/1652]	lr: 1.000e-03, eta: 2:50:00, time: 0.666, data_time: 0.056, memory: 6023, bbox_loss: 0.4364, cls_loss: 0.2724, loss: 0.7087, grad_norm: 3.1886
2026-06-04 02:40:16,416 - mmdet - INFO - Epoch [3][900/1652]	lr: 1.000e-03, eta: 2:49:31, time: 0.673, data_time: 0.054, memory: 6023, bbox_loss: 0.4298, cls_loss: 0.2620, loss: 0.6918, grad_norm: 3.2536
2026-06-04 02:40:50,287 - mmdet - INFO - Epoch [3][950/1652]	lr: 1.000e-03, eta: 2:49:04, time: 0.677, data_time: 0.054, memory: 6023, bbox_loss: 0.4410, cls_loss: 0.2679, loss: 0.7088, grad_norm: 3.1667
2026-06-04 02:41:23,559 - mmdet - INFO - Epoch [3][1000/1652]	lr: 1.000e-03, eta: 2:48:34, time: 0.665, data_time: 0.053, memory: 6023, bbox_loss: 0.4270, cls_loss: 0.2627, loss: 0.6897, grad_norm: 3.3132
2026-06-04 02:41:57,518 - mmdet - INFO - Epoch [3][1050/1652]	lr: 1.000e-03, eta: 2:48:06, time: 0.679, data_time: 0.057, memory: 6023, bbox_loss: 0.4377, cls_loss: 0.2737, loss: 0.7114, grad_norm: 2.9818
2026-06-04 02:42:31,964 - mmdet - INFO - Epoch [3][1100/1652]	lr: 1.000e-03, eta: 2:47:40, time: 0.689, data_time: 0.055, memory: 6023, bbox_loss: 0.4279, cls_loss: 0.2708, loss: 0.6987, grad_norm: 3.4437
2026-06-04 02:43:05,473 - mmdet - INFO - Epoch [3][1150/1652]	lr: 1.000e-03, eta: 2:47:10, time: 0.670, data_time: 0.054, memory: 6023, bbox_loss: 0.4302, cls_loss: 0.2654, loss: 0.6956, grad_norm: 3.3409
2026-06-04 02:43:38,779 - mmdet - INFO - Epoch [3][1200/1652]	lr: 1.000e-03, eta: 2:46:40, time: 0.666, data_time: 0.055, memory: 6023, bbox_loss: 0.4273, cls_loss: 0.2662, loss: 0.6936, grad_norm: 3.0768
2026-06-04 02:44:12,964 - mmdet - INFO - Epoch [3][1250/1652]	lr: 1.000e-03, eta: 2:46:12, time: 0.684, data_time: 0.054, memory: 6023, bbox_loss: 0.4304, cls_loss: 0.2679, loss: 0.6983, grad_norm: 2.9772
2026-06-04 02:44:47,435 - mmdet - INFO - Epoch [3][1300/1652]	lr: 1.000e-03, eta: 2:45:46, time: 0.689, data_time: 0.055, memory: 6023, bbox_loss: 0.4236, cls_loss: 0.2630, loss: 0.6867, grad_norm: 3.2429
2026-06-04 02:45:21,130 - mmdet - INFO - Epoch [3][1350/1652]	lr: 1.000e-03, eta: 2:45:16, time: 0.674, data_time: 0.054, memory: 6023, bbox_loss: 0.4333, cls_loss: 0.2641, loss: 0.6974, grad_norm: 3.2031
2026-06-04 02:45:53,729 - mmdet - INFO - Epoch [3][1400/1652]	lr: 1.000e-03, eta: 2:44:43, time: 0.652, data_time: 0.056, memory: 6023, bbox_loss: 0.4229, cls_loss: 0.2583, loss: 0.6812, grad_norm: 3.5573
2026-06-04 02:46:26,369 - mmdet - INFO - Epoch [3][1450/1652]	lr: 1.000e-03, eta: 2:44:11, time: 0.653, data_time: 0.055, memory: 6023, bbox_loss: 0.4281, cls_loss: 0.2604, loss: 0.6885, grad_norm: 3.0770
2026-06-04 02:46:59,023 - mmdet - INFO - Epoch [3][1500/1652]	lr: 1.000e-03, eta: 2:43:38, time: 0.653, data_time: 0.055, memory: 6023, bbox_loss: 0.4207, cls_loss: 0.2503, loss: 0.6711, grad_norm: 2.9435
2026-06-04 02:47:31,473 - mmdet - INFO - Epoch [3][1550/1652]	lr: 1.000e-03, eta: 2:43:04, time: 0.649, data_time: 0.055, memory: 6023, bbox_loss: 0.4293, cls_loss: 0.2662, loss: 0.6955, grad_norm: 3.0749
2026-06-04 02:48:04,964 - mmdet - INFO - Epoch [3][1600/1652]	lr: 1.000e-03, eta: 2:42:34, time: 0.670, data_time: 0.056, memory: 6023, bbox_loss: 0.4195, cls_loss: 0.2656, loss: 0.6850, grad_norm: 2.8990
2026-06-04 02:48:38,946 - mmdet - INFO - Epoch [3][1650/1652]	lr: 1.000e-03, eta: 2:42:05, time: 0.680, data_time: 0.055, memory: 6023, bbox_loss: 0.4337, cls_loss: 0.2724, loss: 0.7060, grad_norm: 2.8983
2026-06-04 02:48:40,412 - mmdet - INFO - Saving checkpoint at 3 epochs
2026-06-04 02:49:17,920 - mmdet - INFO - Epoch [4][50/1652]	lr: 1.000e-03, eta: 2:41:39, time: 0.735, data_time: 0.109, memory: 6023, bbox_loss: 0.4255, cls_loss: 0.2632, loss: 0.6887, grad_norm: 3.0610
2026-06-04 02:49:52,253 - mmdet - INFO - Epoch [4][100/1652]	lr: 1.000e-03, eta: 2:41:11, time: 0.687, data_time: 0.054, memory: 6023, bbox_loss: 0.4291, cls_loss: 0.2627, loss: 0.6918, grad_norm: 2.7010
2026-06-04 02:50:25,555 - mmdet - INFO - Epoch [4][150/1652]	lr: 1.000e-03, eta: 2:40:40, time: 0.666, data_time: 0.055, memory: 6023, bbox_loss: 0.4209, cls_loss: 0.2601, loss: 0.6810, grad_norm: 2.9261
2026-06-04 02:50:58,296 - mmdet - INFO - Epoch [4][200/1652]	lr: 1.000e-03, eta: 2:40:07, time: 0.655, data_time: 0.053, memory: 6023, bbox_loss: 0.4215, cls_loss: 0.2572, loss: 0.6788, grad_norm: 2.8939
2026-06-04 02:51:30,103 - mmdet - INFO - Epoch [4][250/1652]	lr: 1.000e-03, eta: 2:39:32, time: 0.636, data_time: 0.055, memory: 6023, bbox_loss: 0.4277, cls_loss: 0.2655, loss: 0.6933, grad_norm: 3.1324
2026-06-04 02:52:01,913 - mmdet - INFO - Epoch [4][300/1652]	lr: 1.000e-03, eta: 2:38:57, time: 0.636, data_time: 0.053, memory: 6023, bbox_loss: 0.4134, cls_loss: 0.2513, loss: 0.6647, grad_norm: 2.8908
2026-06-04 02:52:33,447 - mmdet - INFO - Epoch [4][350/1652]	lr: 1.000e-03, eta: 2:38:21, time: 0.631, data_time: 0.052, memory: 6023, bbox_loss: 0.4202, cls_loss: 0.2589, loss: 0.6791, grad_norm: 3.1355
2026-06-04 02:53:05,147 - mmdet - INFO - Epoch [4][400/1652]	lr: 1.000e-03, eta: 2:37:45, time: 0.634, data_time: 0.052, memory: 6023, bbox_loss: 0.4302, cls_loss: 0.2635, loss: 0.6937, grad_norm: 3.0426
2026-06-04 02:53:36,799 - mmdet - INFO - Epoch [4][450/1652]	lr: 1.000e-03, eta: 2:37:10, time: 0.633, data_time: 0.055, memory: 6023, bbox_loss: 0.4100, cls_loss: 0.2516, loss: 0.6616, grad_norm: 3.0169
2026-06-04 02:54:07,857 - mmdet - INFO - Epoch [4][500/1652]	lr: 1.000e-03, eta: 2:36:33, time: 0.621, data_time: 0.052, memory: 6023, bbox_loss: 0.4213, cls_loss: 0.2537, loss: 0.6750, grad_norm: 2.9930
2026-06-04 02:54:40,148 - mmdet - INFO - Epoch [4][550/1652]	lr: 1.000e-03, eta: 2:35:59, time: 0.646, data_time: 0.054, memory: 6023, bbox_loss: 0.4115, cls_loss: 0.2475, loss: 0.6590, grad_norm: 3.3904
2026-06-04 02:55:11,595 - mmdet - INFO - Epoch [4][600/1652]	lr: 1.000e-03, eta: 2:35:23, time: 0.629, data_time: 0.054, memory: 6023, bbox_loss: 0.4162, cls_loss: 0.2655, loss: 0.6818, grad_norm: 3.1129
2026-06-04 02:55:43,387 - mmdet - INFO - Epoch [4][650/1652]	lr: 1.000e-03, eta: 2:34:48, time: 0.636, data_time: 0.054, memory: 6023, bbox_loss: 0.4184, cls_loss: 0.2537, loss: 0.6722, grad_norm: 3.1300
2026-06-04 02:56:15,262 - mmdet - INFO - Epoch [4][700/1652]	lr: 1.000e-03, eta: 2:34:14, time: 0.637, data_time: 0.053, memory: 6023, bbox_loss: 0.4182, cls_loss: 0.2560, loss: 0.6742, grad_norm: 2.7725
2026-06-04 02:56:47,249 - mmdet - INFO - Epoch [4][750/1652]	lr: 1.000e-03, eta: 2:33:39, time: 0.640, data_time: 0.056, memory: 6023, bbox_loss: 0.4280, cls_loss: 0.2622, loss: 0.6902, grad_norm: 2.9503
2026-06-04 02:57:19,065 - mmdet - INFO - Epoch [4][800/1652]	lr: 1.000e-03, eta: 2:33:05, time: 0.636, data_time: 0.055, memory: 6023, bbox_loss: 0.4171, cls_loss: 0.2725, loss: 0.6896, grad_norm: 3.3609
2026-06-04 02:57:51,087 - mmdet - INFO - Epoch [4][850/1652]	lr: 1.000e-03, eta: 2:32:30, time: 0.640, data_time: 0.052, memory: 6023, bbox_loss: 0.4100, cls_loss: 0.2500, loss: 0.6600, grad_norm: 3.2342
2026-06-04 02:58:24,276 - mmdet - INFO - Epoch [4][900/1652]	lr: 1.000e-03, eta: 2:31:59, time: 0.664, data_time: 0.052, memory: 6023, bbox_loss: 0.4176, cls_loss: 0.2616, loss: 0.6793, grad_norm: 3.3524
2026-06-04 02:58:57,736 - mmdet - INFO - Epoch [4][950/1652]	lr: 1.000e-03, eta: 2:31:28, time: 0.669, data_time: 0.051, memory: 6023, bbox_loss: 0.4043, cls_loss: 0.2461, loss: 0.6505, grad_norm: 3.2638
2026-06-04 02:59:31,222 - mmdet - INFO - Epoch [4][1000/1652]	lr: 1.000e-03, eta: 2:30:58, time: 0.670, data_time: 0.054, memory: 6023, bbox_loss: 0.4116, cls_loss: 0.2493, loss: 0.6609, grad_norm: 3.0532
2026-06-04 03:00:02,983 - mmdet - INFO - Epoch [4][1050/1652]	lr: 1.000e-03, eta: 2:30:23, time: 0.635, data_time: 0.053, memory: 6023, bbox_loss: 0.4094, cls_loss: 0.2574, loss: 0.6668, grad_norm: 2.8489
2026-06-04 03:00:35,596 - mmdet - INFO - Epoch [4][1100/1652]	lr: 1.000e-03, eta: 2:29:50, time: 0.652, data_time: 0.056, memory: 6023, bbox_loss: 0.4085, cls_loss: 0.2544, loss: 0.6630, grad_norm: 2.8549
2026-06-04 03:01:06,763 - mmdet - INFO - Epoch [4][1150/1652]	lr: 1.000e-03, eta: 2:29:14, time: 0.623, data_time: 0.053, memory: 6023, bbox_loss: 0.4096, cls_loss: 0.2478, loss: 0.6574, grad_norm: 2.8045
2026-06-04 03:01:38,049 - mmdet - INFO - Epoch [4][1200/1652]	lr: 1.000e-03, eta: 2:28:39, time: 0.626, data_time: 0.054, memory: 6023, bbox_loss: 0.3968, cls_loss: 0.2495, loss: 0.6462, grad_norm: 2.9440
2026-06-04 03:02:09,933 - mmdet - INFO - Epoch [4][1250/1652]	lr: 1.000e-03, eta: 2:28:04, time: 0.638, data_time: 0.054, memory: 6023, bbox_loss: 0.4024, cls_loss: 0.2453, loss: 0.6477, grad_norm: 2.8812
2026-06-04 03:02:41,276 - mmdet - INFO - Epoch [4][1300/1652]	lr: 1.000e-03, eta: 2:27:29, time: 0.627, data_time: 0.051, memory: 6023, bbox_loss: 0.4109, cls_loss: 0.2495, loss: 0.6604, grad_norm: 2.8976
2026-06-04 03:03:12,727 - mmdet - INFO - Epoch [4][1350/1652]	lr: 1.000e-03, eta: 2:26:54, time: 0.629, data_time: 0.052, memory: 6023, bbox_loss: 0.4124, cls_loss: 0.2514, loss: 0.6637, grad_norm: 3.2625
2026-06-04 03:03:44,841 - mmdet - INFO - Epoch [4][1400/1652]	lr: 1.000e-03, eta: 2:26:20, time: 0.642, data_time: 0.052, memory: 6023, bbox_loss: 0.4050, cls_loss: 0.2565, loss: 0.6615, grad_norm: 2.9408
2026-06-04 03:04:16,709 - mmdet - INFO - Epoch [4][1450/1652]	lr: 1.000e-03, eta: 2:25:46, time: 0.637, data_time: 0.057, memory: 6023, bbox_loss: 0.4089, cls_loss: 0.2583, loss: 0.6672, grad_norm: 2.8496
2026-06-04 03:04:48,048 - mmdet - INFO - Epoch [4][1500/1652]	lr: 1.000e-03, eta: 2:25:11, time: 0.627, data_time: 0.052, memory: 6023, bbox_loss: 0.4115, cls_loss: 0.2507, loss: 0.6622, grad_norm: 2.8845
2026-06-04 03:05:20,386 - mmdet - INFO - Epoch [4][1550/1652]	lr: 1.000e-03, eta: 2:24:38, time: 0.647, data_time: 0.053, memory: 6023, bbox_loss: 0.4108, cls_loss: 0.2545, loss: 0.6653, grad_norm: 2.5746
2026-06-04 03:05:52,397 - mmdet - INFO - Epoch [4][1600/1652]	lr: 1.000e-03, eta: 2:24:04, time: 0.640, data_time: 0.053, memory: 6023, bbox_loss: 0.4022, cls_loss: 0.2401, loss: 0.6423, grad_norm: 2.9517
2026-06-04 03:06:24,347 - mmdet - INFO - Epoch [4][1650/1652]	lr: 1.000e-03, eta: 2:23:30, time: 0.639, data_time: 0.052, memory: 6023, bbox_loss: 0.4062, cls_loss: 0.2515, loss: 0.6577, grad_norm: 2.8007
2026-06-04 03:06:25,785 - mmdet - INFO - Saving checkpoint at 4 epochs
2026-06-04 03:07:00,861 - mmdet - INFO - Epoch [5][50/1652]	lr: 1.000e-03, eta: 2:22:57, time: 0.687, data_time: 0.103, memory: 6023, bbox_loss: 0.4077, cls_loss: 0.2433, loss: 0.6510, grad_norm: 2.8739
2026-06-04 03:07:33,398 - mmdet - INFO - Epoch [5][100/1652]	lr: 1.000e-03, eta: 2:22:25, time: 0.651, data_time: 0.052, memory: 6023, bbox_loss: 0.4100, cls_loss: 0.2447, loss: 0.6548, grad_norm: 3.3064
2026-06-04 03:08:04,797 - mmdet - INFO - Epoch [5][150/1652]	lr: 1.000e-03, eta: 2:21:50, time: 0.628, data_time: 0.053, memory: 6023, bbox_loss: 0.3994, cls_loss: 0.2448, loss: 0.6442, grad_norm: 2.7437
2026-06-04 03:08:36,867 - mmdet - INFO - Epoch [5][200/1652]	lr: 1.000e-03, eta: 2:21:16, time: 0.641, data_time: 0.056, memory: 6023, bbox_loss: 0.4050, cls_loss: 0.2498, loss: 0.6548, grad_norm: 2.6700
2026-06-04 03:09:08,663 - mmdet - INFO - Epoch [5][250/1652]	lr: 1.000e-03, eta: 2:20:42, time: 0.636, data_time: 0.055, memory: 6023, bbox_loss: 0.4017, cls_loss: 0.2509, loss: 0.6527, grad_norm: 2.6754
2026-06-04 03:09:40,208 - mmdet - INFO - Epoch [5][300/1652]	lr: 1.000e-03, eta: 2:20:08, time: 0.631, data_time: 0.053, memory: 6023, bbox_loss: 0.3997, cls_loss: 0.2432, loss: 0.6429, grad_norm: 2.6415
2026-06-04 03:10:11,703 - mmdet - INFO - Epoch [5][350/1652]	lr: 1.000e-03, eta: 2:19:33, time: 0.630, data_time: 0.053, memory: 6023, bbox_loss: 0.3988, cls_loss: 0.2454, loss: 0.6442, grad_norm: 2.5930
2026-06-04 03:10:43,148 - mmdet - INFO - Epoch [5][400/1652]	lr: 1.000e-03, eta: 2:18:59, time: 0.629, data_time: 0.054, memory: 6023, bbox_loss: 0.4080, cls_loss: 0.2402, loss: 0.6482, grad_norm: 2.7503
2026-06-04 03:11:14,576 - mmdet - INFO - Epoch [5][450/1652]	lr: 1.000e-03, eta: 2:18:24, time: 0.629, data_time: 0.052, memory: 6023, bbox_loss: 0.3981, cls_loss: 0.2426, loss: 0.6407, grad_norm: 2.6467
2026-06-04 03:11:46,355 - mmdet - INFO - Epoch [5][500/1652]	lr: 1.000e-03, eta: 2:17:50, time: 0.636, data_time: 0.054, memory: 6023, bbox_loss: 0.4066, cls_loss: 0.2482, loss: 0.6548, grad_norm: 2.7956
2026-06-04 03:12:18,041 - mmdet - INFO - Epoch [5][550/1652]	lr: 1.000e-03, eta: 2:17:16, time: 0.634, data_time: 0.055, memory: 6023, bbox_loss: 0.3998, cls_loss: 0.2495, loss: 0.6493, grad_norm: 2.8127
2026-06-04 03:12:49,579 - mmdet - INFO - Epoch [5][600/1652]	lr: 1.000e-03, eta: 2:16:42, time: 0.631, data_time: 0.053, memory: 6023, bbox_loss: 0.4037, cls_loss: 0.2548, loss: 0.6584, grad_norm: 2.7335
2026-06-04 03:13:22,618 - mmdet - INFO - Epoch [5][650/1652]	lr: 1.000e-03, eta: 2:16:10, time: 0.661, data_time: 0.053, memory: 6023, bbox_loss: 0.3988, cls_loss: 0.2545, loss: 0.6532, grad_norm: 2.7645
2026-06-04 03:13:55,557 - mmdet - INFO - Epoch [5][700/1652]	lr: 1.000e-03, eta: 2:15:39, time: 0.659, data_time: 0.054, memory: 6023, bbox_loss: 0.3979, cls_loss: 0.2428, loss: 0.6407, grad_norm: 2.7215
2026-06-04 03:14:28,512 - mmdet - INFO - Epoch [5][750/1652]	lr: 1.000e-03, eta: 2:15:07, time: 0.659, data_time: 0.055, memory: 6023, bbox_loss: 0.4049, cls_loss: 0.2471, loss: 0.6520, grad_norm: 2.3752
2026-06-04 03:15:00,959 - mmdet - INFO - Epoch [5][800/1652]	lr: 1.000e-03, eta: 2:14:34, time: 0.649, data_time: 0.053, memory: 6023, bbox_loss: 0.4077, cls_loss: 0.2542, loss: 0.6619, grad_norm: 2.4843
2026-06-04 03:15:32,098 - mmdet - INFO - Epoch [5][850/1652]	lr: 1.000e-03, eta: 2:13:59, time: 0.623, data_time: 0.053, memory: 6023, bbox_loss: 0.3856, cls_loss: 0.2362, loss: 0.6218, grad_norm: 2.8736
2026-06-04 03:16:03,918 - mmdet - INFO - Epoch [5][900/1652]	lr: 1.000e-03, eta: 2:13:26, time: 0.636, data_time: 0.054, memory: 6023, bbox_loss: 0.3981, cls_loss: 0.2517, loss: 0.6498, grad_norm: 2.6004
2026-06-04 03:16:35,886 - mmdet - INFO - Epoch [5][950/1652]	lr: 1.000e-03, eta: 2:12:52, time: 0.639, data_time: 0.055, memory: 6023, bbox_loss: 0.3970, cls_loss: 0.2435, loss: 0.6404, grad_norm: 2.7885
2026-06-04 03:17:07,393 - mmdet - INFO - Epoch [5][1000/1652]	lr: 1.000e-03, eta: 2:12:18, time: 0.630, data_time: 0.052, memory: 6023, bbox_loss: 0.3946, cls_loss: 0.2378, loss: 0.6324, grad_norm: 3.2061
2026-06-04 03:17:38,831 - mmdet - INFO - Epoch [5][1050/1652]	lr: 1.000e-03, eta: 2:11:44, time: 0.629, data_time: 0.055, memory: 6023, bbox_loss: 0.3989, cls_loss: 0.2398, loss: 0.6387, grad_norm: 2.7101
2026-06-04 03:18:11,343 - mmdet - INFO - Epoch [5][1100/1652]	lr: 1.000e-03, eta: 2:11:12, time: 0.650, data_time: 0.055, memory: 6023, bbox_loss: 0.3946, cls_loss: 0.2406, loss: 0.6352, grad_norm: 2.6539
2026-06-04 03:18:43,040 - mmdet - INFO - Epoch [5][1150/1652]	lr: 1.000e-03, eta: 2:10:38, time: 0.634, data_time: 0.054, memory: 6023, bbox_loss: 0.4030, cls_loss: 0.2330, loss: 0.6360, grad_norm: 2.7163
2026-06-04 03:19:14,214 - mmdet - INFO - Epoch [5][1200/1652]	lr: 1.000e-03, eta: 2:10:03, time: 0.623, data_time: 0.055, memory: 6023, bbox_loss: 0.3999, cls_loss: 0.2444, loss: 0.6444, grad_norm: 2.6908
2026-06-04 03:19:45,652 - mmdet - INFO - Epoch [5][1250/1652]	lr: 1.000e-03, eta: 2:09:29, time: 0.629, data_time: 0.054, memory: 6023, bbox_loss: 0.3947, cls_loss: 0.2424, loss: 0.6371, grad_norm: 2.8233
2026-06-04 03:20:17,731 - mmdet - INFO - Epoch [5][1300/1652]	lr: 1.000e-03, eta: 2:08:56, time: 0.642, data_time: 0.053, memory: 6023, bbox_loss: 0.3959, cls_loss: 0.2471, loss: 0.6430, grad_norm: 2.4519
2026-06-04 03:20:49,291 - mmdet - INFO - Epoch [5][1350/1652]	lr: 1.000e-03, eta: 2:08:23, time: 0.631, data_time: 0.053, memory: 6023, bbox_loss: 0.3981, cls_loss: 0.2334, loss: 0.6315, grad_norm: 2.6691
2026-06-04 03:21:21,110 - mmdet - INFO - Epoch [5][1400/1652]	lr: 1.000e-03, eta: 2:07:49, time: 0.636, data_time: 0.052, memory: 6023, bbox_loss: 0.3915, cls_loss: 0.2388, loss: 0.6303, grad_norm: 2.7507
2026-06-04 03:21:54,089 - mmdet - INFO - Epoch [5][1450/1652]	lr: 1.000e-03, eta: 2:07:17, time: 0.660, data_time: 0.053, memory: 6023, bbox_loss: 0.3972, cls_loss: 0.2468, loss: 0.6440, grad_norm: 2.5278
2026-06-04 03:22:27,959 - mmdet - INFO - Epoch [5][1500/1652]	lr: 1.000e-03, eta: 2:06:47, time: 0.677, data_time: 0.054, memory: 6023, bbox_loss: 0.4043, cls_loss: 0.2494, loss: 0.6538, grad_norm: 2.4092
2026-06-04 03:23:01,747 - mmdet - INFO - Epoch [5][1550/1652]	lr: 1.000e-03, eta: 2:06:16, time: 0.676, data_time: 0.054, memory: 6023, bbox_loss: 0.3872, cls_loss: 0.2334, loss: 0.6207, grad_norm: 2.6486
2026-06-04 03:23:35,241 - mmdet - INFO - Epoch [5][1600/1652]	lr: 1.000e-03, eta: 2:05:45, time: 0.670, data_time: 0.053, memory: 6023, bbox_loss: 0.3973, cls_loss: 0.2458, loss: 0.6432, grad_norm: 2.3845
2026-06-04 03:24:08,632 - mmdet - INFO - Epoch [5][1650/1652]	lr: 1.000e-03, eta: 2:05:14, time: 0.668, data_time: 0.054, memory: 6023, bbox_loss: 0.3912, cls_loss: 0.2425, loss: 0.6337, grad_norm: 2.2730
2026-06-04 03:24:10,109 - mmdet - INFO - Saving checkpoint at 5 epochs
2026-06-04 03:24:46,390 - mmdet - INFO - Epoch [6][50/1652]	lr: 1.000e-03, eta: 2:04:43, time: 0.712, data_time: 0.105, memory: 6023, bbox_loss: 0.3901, cls_loss: 0.2321, loss: 0.6222, grad_norm: 2.3885
2026-06-04 03:25:18,169 - mmdet - INFO - Epoch [6][100/1652]	lr: 1.000e-03, eta: 2:04:09, time: 0.636, data_time: 0.054, memory: 6023, bbox_loss: 0.4010, cls_loss: 0.2458, loss: 0.6468, grad_norm: 2.2272
2026-06-04 03:25:50,455 - mmdet - INFO - Epoch [6][150/1652]	lr: 1.000e-03, eta: 2:03:37, time: 0.646, data_time: 0.055, memory: 6023, bbox_loss: 0.3900, cls_loss: 0.2340, loss: 0.6241, grad_norm: 2.5197
2026-06-04 03:26:23,429 - mmdet - INFO - Epoch [6][200/1652]	lr: 1.000e-03, eta: 2:03:05, time: 0.659, data_time: 0.053, memory: 6023, bbox_loss: 0.3878, cls_loss: 0.2295, loss: 0.6174, grad_norm: 2.5747
2026-06-04 03:26:56,278 - mmdet - INFO - Epoch [6][250/1652]	lr: 1.000e-03, eta: 2:02:33, time: 0.657, data_time: 0.053, memory: 6023, bbox_loss: 0.3933, cls_loss: 0.2323, loss: 0.6257, grad_norm: 2.6025
2026-06-04 03:27:28,939 - mmdet - INFO - Epoch [6][300/1652]	lr: 1.000e-03, eta: 2:02:01, time: 0.653, data_time: 0.053, memory: 6023, bbox_loss: 0.3887, cls_loss: 0.2340, loss: 0.6227, grad_norm: 2.7223
2026-06-04 03:28:02,472 - mmdet - INFO - Epoch [6][350/1652]	lr: 1.000e-03, eta: 2:01:29, time: 0.671, data_time: 0.053, memory: 6023, bbox_loss: 0.3995, cls_loss: 0.2377, loss: 0.6371, grad_norm: 2.6069
2026-06-04 03:28:35,048 - mmdet - INFO - Epoch [6][400/1652]	lr: 1.000e-03, eta: 2:00:57, time: 0.651, data_time: 0.055, memory: 6023, bbox_loss: 0.3839, cls_loss: 0.2260, loss: 0.6099, grad_norm: 2.7918
2026-06-04 03:29:07,911 - mmdet - INFO - Epoch [6][450/1652]	lr: 1.000e-03, eta: 2:00:25, time: 0.657, data_time: 0.055, memory: 6023, bbox_loss: 0.3932, cls_loss: 0.2339, loss: 0.6271, grad_norm: 2.7395
2026-06-04 03:29:41,356 - mmdet - INFO - Epoch [6][500/1652]	lr: 1.000e-03, eta: 1:59:54, time: 0.669, data_time: 0.057, memory: 6023, bbox_loss: 0.3975, cls_loss: 0.2486, loss: 0.6461, grad_norm: 2.3609
2026-06-04 03:30:15,972 - mmdet - INFO - Epoch [6][550/1652]	lr: 1.000e-03, eta: 1:59:24, time: 0.692, data_time: 0.056, memory: 6023, bbox_loss: 0.3870, cls_loss: 0.2329, loss: 0.6199, grad_norm: 2.6045
2026-06-04 03:30:50,497 - mmdet - INFO - Epoch [6][600/1652]	lr: 1.000e-03, eta: 1:58:54, time: 0.690, data_time: 0.052, memory: 6023, bbox_loss: 0.3960, cls_loss: 0.2339, loss: 0.6299, grad_norm: 2.3551
2026-06-04 03:31:25,038 - mmdet - INFO - Epoch [6][650/1652]	lr: 1.000e-03, eta: 1:58:24, time: 0.691, data_time: 0.054, memory: 6023, bbox_loss: 0.3944, cls_loss: 0.2350, loss: 0.6294, grad_norm: 2.5556
2026-06-04 03:31:57,567 - mmdet - INFO - Epoch [6][700/1652]	lr: 1.000e-03, eta: 1:57:51, time: 0.651, data_time: 0.055, memory: 6023, bbox_loss: 0.3929, cls_loss: 0.2383, loss: 0.6312, grad_norm: 2.6565
2026-06-04 03:32:32,242 - mmdet - INFO - Epoch [6][750/1652]	lr: 1.000e-03, eta: 1:57:21, time: 0.693, data_time: 0.055, memory: 6023, bbox_loss: 0.3879, cls_loss: 0.2364, loss: 0.6244, grad_norm: 2.3638
2026-06-04 03:33:05,838 - mmdet - INFO - Epoch [6][800/1652]	lr: 1.000e-03, eta: 1:56:50, time: 0.672, data_time: 0.054, memory: 6023, bbox_loss: 0.3871, cls_loss: 0.2378, loss: 0.6248, grad_norm: 2.1568
2026-06-04 03:33:39,103 - mmdet - INFO - Epoch [6][850/1652]	lr: 1.000e-03, eta: 1:56:18, time: 0.665, data_time: 0.052, memory: 6023, bbox_loss: 0.3942, cls_loss: 0.2320, loss: 0.6262, grad_norm: 2.6457
2026-06-04 03:34:10,735 - mmdet - INFO - Epoch [6][900/1652]	lr: 1.000e-03, eta: 1:55:44, time: 0.633, data_time: 0.054, memory: 6023, bbox_loss: 0.3912, cls_loss: 0.2346, loss: 0.6258, grad_norm: 2.4310
2026-06-04 03:34:42,525 - mmdet - INFO - Epoch [6][950/1652]	lr: 1.000e-03, eta: 1:55:11, time: 0.636, data_time: 0.053, memory: 6023, bbox_loss: 0.3845, cls_loss: 0.2267, loss: 0.6112, grad_norm: 2.8167
2026-06-04 03:35:14,381 - mmdet - INFO - Epoch [6][1000/1652]	lr: 1.000e-03, eta: 1:54:38, time: 0.637, data_time: 0.053, memory: 6023, bbox_loss: 0.3836, cls_loss: 0.2293, loss: 0.6129, grad_norm: 2.4542
2026-06-04 03:35:46,941 - mmdet - INFO - Epoch [6][1050/1652]	lr: 1.000e-03, eta: 1:54:05, time: 0.651, data_time: 0.055, memory: 6023, bbox_loss: 0.3971, cls_loss: 0.2426, loss: 0.6397, grad_norm: 2.1485
2026-06-04 03:36:21,025 - mmdet - INFO - Epoch [6][1100/1652]	lr: 1.000e-03, eta: 1:53:34, time: 0.682, data_time: 0.053, memory: 6023, bbox_loss: 0.3955, cls_loss: 0.2384, loss: 0.6339, grad_norm: 2.4695
2026-06-04 03:36:52,682 - mmdet - INFO - Epoch [6][1150/1652]	lr: 1.000e-03, eta: 1:53:01, time: 0.633, data_time: 0.054, memory: 6023, bbox_loss: 0.3920, cls_loss: 0.2339, loss: 0.6260, grad_norm: 2.4900
2026-06-04 03:37:24,476 - mmdet - INFO - Epoch [6][1200/1652]	lr: 1.000e-03, eta: 1:52:27, time: 0.636, data_time: 0.053, memory: 6023, bbox_loss: 0.3895, cls_loss: 0.2390, loss: 0.6285, grad_norm: 2.3432
2026-06-04 03:37:56,648 - mmdet - INFO - Epoch [6][1250/1652]	lr: 1.000e-03, eta: 1:51:54, time: 0.643, data_time: 0.055, memory: 6023, bbox_loss: 0.3892, cls_loss: 0.2281, loss: 0.6173, grad_norm: 2.2284
2026-06-04 03:38:28,868 - mmdet - INFO - Epoch [6][1300/1652]	lr: 1.000e-03, eta: 1:51:21, time: 0.644, data_time: 0.053, memory: 6023, bbox_loss: 0.3946, cls_loss: 0.2428, loss: 0.6373, grad_norm: 2.3310
2026-06-04 03:39:01,756 - mmdet - INFO - Epoch [6][1350/1652]	lr: 1.000e-03, eta: 1:50:49, time: 0.658, data_time: 0.055, memory: 6023, bbox_loss: 0.3873, cls_loss: 0.2297, loss: 0.6170, grad_norm: 2.2122
2026-06-04 03:39:36,146 - mmdet - INFO - Epoch [6][1400/1652]	lr: 1.000e-03, eta: 1:50:18, time: 0.688, data_time: 0.054, memory: 6023, bbox_loss: 0.3815, cls_loss: 0.2304, loss: 0.6119, grad_norm: 2.4071
2026-06-04 03:40:08,907 - mmdet - INFO - Epoch [6][1450/1652]	lr: 1.000e-03, eta: 1:49:46, time: 0.655, data_time: 0.054, memory: 6023, bbox_loss: 0.3814, cls_loss: 0.2362, loss: 0.6177, grad_norm: 2.3451
2026-06-04 03:40:40,828 - mmdet - INFO - Epoch [6][1500/1652]	lr: 1.000e-03, eta: 1:49:13, time: 0.638, data_time: 0.057, memory: 6023, bbox_loss: 0.3825, cls_loss: 0.2283, loss: 0.6108, grad_norm: 2.5343
2026-06-04 03:41:12,600 - mmdet - INFO - Epoch [6][1550/1652]	lr: 1.000e-03, eta: 1:48:40, time: 0.635, data_time: 0.053, memory: 6023, bbox_loss: 0.3778, cls_loss: 0.2269, loss: 0.6047, grad_norm: 2.4753
2026-06-04 03:41:44,647 - mmdet - INFO - Epoch [6][1600/1652]	lr: 1.000e-03, eta: 1:48:06, time: 0.641, data_time: 0.053, memory: 6023, bbox_loss: 0.3903, cls_loss: 0.2308, loss: 0.6210, grad_norm: 2.3249
2026-06-04 03:42:17,332 - mmdet - INFO - Epoch [6][1650/1652]	lr: 1.000e-03, eta: 1:47:34, time: 0.654, data_time: 0.055, memory: 6023, bbox_loss: 0.3790, cls_loss: 0.2276, loss: 0.6066, grad_norm: 2.3516
2026-06-04 03:42:18,788 - mmdet - INFO - Saving checkpoint at 6 epochs
2026-06-04 03:42:54,706 - mmdet - INFO - Epoch [7][50/1652]	lr: 1.000e-03, eta: 1:47:02, time: 0.703, data_time: 0.102, memory: 6023, bbox_loss: 0.3868, cls_loss: 0.2357, loss: 0.6225, grad_norm: 2.0718
2026-06-04 03:43:27,154 - mmdet - INFO - Epoch [7][100/1652]	lr: 1.000e-03, eta: 1:46:29, time: 0.649, data_time: 0.056, memory: 6023, bbox_loss: 0.3864, cls_loss: 0.2407, loss: 0.6271, grad_norm: 2.3744
2026-06-04 03:43:58,415 - mmdet - INFO - Epoch [7][150/1652]	lr: 1.000e-03, eta: 1:45:55, time: 0.625, data_time: 0.053, memory: 6023, bbox_loss: 0.3786, cls_loss: 0.2164, loss: 0.5950, grad_norm: 2.5480
2026-06-04 03:44:30,431 - mmdet - INFO - Epoch [7][200/1652]	lr: 1.000e-03, eta: 1:45:22, time: 0.640, data_time: 0.054, memory: 6023, bbox_loss: 0.3830, cls_loss: 0.2243, loss: 0.6073, grad_norm: 2.3051
2026-06-04 03:45:02,498 - mmdet - INFO - Epoch [7][250/1652]	lr: 1.000e-03, eta: 1:44:49, time: 0.641, data_time: 0.055, memory: 6023, bbox_loss: 0.3821, cls_loss: 0.2294, loss: 0.6114, grad_norm: 2.2023
2026-06-04 03:45:34,278 - mmdet - INFO - Epoch [7][300/1652]	lr: 1.000e-03, eta: 1:44:16, time: 0.636, data_time: 0.054, memory: 6023, bbox_loss: 0.3835, cls_loss: 0.2263, loss: 0.6098, grad_norm: 2.5672
2026-06-04 03:46:06,514 - mmdet - INFO - Epoch [7][350/1652]	lr: 1.000e-03, eta: 1:43:43, time: 0.645, data_time: 0.056, memory: 6023, bbox_loss: 0.3727, cls_loss: 0.2246, loss: 0.5973, grad_norm: 2.3721
2026-06-04 03:46:38,686 - mmdet - INFO - Epoch [7][400/1652]	lr: 1.000e-03, eta: 1:43:10, time: 0.643, data_time: 0.054, memory: 6023, bbox_loss: 0.3878, cls_loss: 0.2357, loss: 0.6236, grad_norm: 2.0600
2026-06-04 03:47:10,377 - mmdet - INFO - Epoch [7][450/1652]	lr: 1.000e-03, eta: 1:42:37, time: 0.634, data_time: 0.054, memory: 6023, bbox_loss: 0.3834, cls_loss: 0.2331, loss: 0.6165, grad_norm: 2.0727
2026-06-04 03:47:41,915 - mmdet - INFO - Epoch [7][500/1652]	lr: 1.000e-03, eta: 1:42:03, time: 0.631, data_time: 0.054, memory: 6023, bbox_loss: 0.3776, cls_loss: 0.2223, loss: 0.5999, grad_norm: 2.3522
2026-06-04 03:48:13,748 - mmdet - INFO - Epoch [7][550/1652]	lr: 1.000e-03, eta: 1:41:30, time: 0.637, data_time: 0.055, memory: 6023, bbox_loss: 0.3783, cls_loss: 0.2192, loss: 0.5975, grad_norm: 2.4420
2026-06-04 03:48:45,687 - mmdet - INFO - Epoch [7][600/1652]	lr: 1.000e-03, eta: 1:40:57, time: 0.639, data_time: 0.054, memory: 6023, bbox_loss: 0.3820, cls_loss: 0.2323, loss: 0.6143, grad_norm: 2.1777
2026-06-04 03:49:17,449 - mmdet - INFO - Epoch [7][650/1652]	lr: 1.000e-03, eta: 1:40:24, time: 0.635, data_time: 0.056, memory: 6023, bbox_loss: 0.3815, cls_loss: 0.2276, loss: 0.6091, grad_norm: 2.2046
2026-06-04 03:49:49,565 - mmdet - INFO - Epoch [7][700/1652]	lr: 1.000e-03, eta: 1:39:51, time: 0.642, data_time: 0.053, memory: 6023, bbox_loss: 0.3880, cls_loss: 0.2296, loss: 0.6176, grad_norm: 2.2282
2026-06-04 03:50:21,421 - mmdet - INFO - Epoch [7][750/1652]	lr: 1.000e-03, eta: 1:39:18, time: 0.637, data_time: 0.054, memory: 6023, bbox_loss: 0.3814, cls_loss: 0.2281, loss: 0.6096, grad_norm: 2.2160
2026-06-04 03:50:53,415 - mmdet - INFO - Epoch [7][800/1652]	lr: 1.000e-03, eta: 1:38:45, time: 0.640, data_time: 0.055, memory: 6023, bbox_loss: 0.3858, cls_loss: 0.2283, loss: 0.6141, grad_norm: 2.3004
2026-06-04 03:51:25,556 - mmdet - INFO - Epoch [7][850/1652]	lr: 1.000e-03, eta: 1:38:12, time: 0.643, data_time: 0.055, memory: 6023, bbox_loss: 0.3803, cls_loss: 0.2294, loss: 0.6097, grad_norm: 2.1065
2026-06-04 03:51:57,499 - mmdet - INFO - Epoch [7][900/1652]	lr: 1.000e-03, eta: 1:37:39, time: 0.639, data_time: 0.057, memory: 6023, bbox_loss: 0.3782, cls_loss: 0.2153, loss: 0.5935, grad_norm: 2.3415
2026-06-04 03:52:29,514 - mmdet - INFO - Epoch [7][950/1652]	lr: 1.000e-03, eta: 1:37:06, time: 0.640, data_time: 0.055, memory: 6023, bbox_loss: 0.3807, cls_loss: 0.2267, loss: 0.6074, grad_norm: 2.3390
2026-06-04 03:53:01,612 - mmdet - INFO - Epoch [7][1000/1652]	lr: 1.000e-03, eta: 1:36:33, time: 0.642, data_time: 0.055, memory: 6023, bbox_loss: 0.3739, cls_loss: 0.2197, loss: 0.5936, grad_norm: 2.1541
2026-06-04 03:53:33,155 - mmdet - INFO - Epoch [7][1050/1652]	lr: 1.000e-03, eta: 1:36:00, time: 0.631, data_time: 0.054, memory: 6023, bbox_loss: 0.3831, cls_loss: 0.2264, loss: 0.6095, grad_norm: 2.3177
2026-06-04 03:54:05,227 - mmdet - INFO - Epoch [7][1100/1652]	lr: 1.000e-03, eta: 1:35:27, time: 0.641, data_time: 0.052, memory: 6023, bbox_loss: 0.3867, cls_loss: 0.2339, loss: 0.6206, grad_norm: 2.3411
2026-06-04 03:54:37,063 - mmdet - INFO - Epoch [7][1150/1652]	lr: 1.000e-03, eta: 1:34:54, time: 0.637, data_time: 0.054, memory: 6023, bbox_loss: 0.3844, cls_loss: 0.2365, loss: 0.6209, grad_norm: 2.2541
2026-06-04 03:55:09,038 - mmdet - INFO - Epoch [7][1200/1652]	lr: 1.000e-03, eta: 1:34:21, time: 0.639, data_time: 0.055, memory: 6023, bbox_loss: 0.3768, cls_loss: 0.2228, loss: 0.5995, grad_norm: 2.2460
2026-06-04 03:55:40,909 - mmdet - INFO - Epoch [7][1250/1652]	lr: 1.000e-03, eta: 1:33:48, time: 0.637, data_time: 0.054, memory: 6023, bbox_loss: 0.3843, cls_loss: 0.2306, loss: 0.6149, grad_norm: 2.2765
2026-06-04 03:56:12,996 - mmdet - INFO - Epoch [7][1300/1652]	lr: 1.000e-03, eta: 1:33:15, time: 0.642, data_time: 0.054, memory: 6023, bbox_loss: 0.3710, cls_loss: 0.2177, loss: 0.5887, grad_norm: 1.9063
2026-06-04 03:56:44,718 - mmdet - INFO - Epoch [7][1350/1652]	lr: 1.000e-03, eta: 1:32:42, time: 0.634, data_time: 0.054, memory: 6023, bbox_loss: 0.3761, cls_loss: 0.2208, loss: 0.5969, grad_norm: 2.2612
2026-06-04 03:57:17,024 - mmdet - INFO - Epoch [7][1400/1652]	lr: 1.000e-03, eta: 1:32:10, time: 0.646, data_time: 0.055, memory: 6023, bbox_loss: 0.3776, cls_loss: 0.2227, loss: 0.6003, grad_norm: 2.2878
2026-06-04 03:57:48,635 - mmdet - INFO - Epoch [7][1450/1652]	lr: 1.000e-03, eta: 1:31:37, time: 0.632, data_time: 0.053, memory: 6023, bbox_loss: 0.3849, cls_loss: 0.2334, loss: 0.6183, grad_norm: 2.2652
2026-06-04 03:58:20,965 - mmdet - INFO - Epoch [7][1500/1652]	lr: 1.000e-03, eta: 1:31:04, time: 0.647, data_time: 0.054, memory: 6023, bbox_loss: 0.3811, cls_loss: 0.2209, loss: 0.6020, grad_norm: 2.1008
2026-06-04 03:58:54,503 - mmdet - INFO - Epoch [7][1550/1652]	lr: 1.000e-03, eta: 1:30:32, time: 0.671, data_time: 0.054, memory: 6023, bbox_loss: 0.3878, cls_loss: 0.2268, loss: 0.6145, grad_norm: 2.3499
2026-06-04 03:59:26,070 - mmdet - INFO - Epoch [7][1600/1652]	lr: 1.000e-03, eta: 1:29:59, time: 0.631, data_time: 0.053, memory: 6023, bbox_loss: 0.3834, cls_loss: 0.2269, loss: 0.6103, grad_norm: 1.7487
2026-06-04 03:59:58,158 - mmdet - INFO - Epoch [7][1650/1652]	lr: 1.000e-03, eta: 1:29:26, time: 0.642, data_time: 0.055, memory: 6023, bbox_loss: 0.3828, cls_loss: 0.2260, loss: 0.6087, grad_norm: 1.9552
2026-06-04 03:59:59,639 - mmdet - INFO - Saving checkpoint at 7 epochs
2026-06-04 04:00:37,311 - mmdet - INFO - Epoch [8][50/1652]	lr: 1.000e-03, eta: 1:28:55, time: 0.742, data_time: 0.107, memory: 6023, bbox_loss: 0.3746, cls_loss: 0.2224, loss: 0.5970, grad_norm: 2.1107
2026-06-04 04:01:09,632 - mmdet - INFO - Epoch [8][100/1652]	lr: 1.000e-03, eta: 1:28:22, time: 0.646, data_time: 0.053, memory: 6023, bbox_loss: 0.3777, cls_loss: 0.2159, loss: 0.5936, grad_norm: 2.2003
2026-06-04 04:01:41,864 - mmdet - INFO - Epoch [8][150/1652]	lr: 1.000e-03, eta: 1:27:50, time: 0.645, data_time: 0.053, memory: 6023, bbox_loss: 0.3728, cls_loss: 0.2211, loss: 0.5939, grad_norm: 2.1184
2026-06-04 04:02:13,366 - mmdet - INFO - Epoch [8][200/1652]	lr: 1.000e-03, eta: 1:27:17, time: 0.630, data_time: 0.053, memory: 6023, bbox_loss: 0.3788, cls_loss: 0.2264, loss: 0.6052, grad_norm: 2.1474
2026-06-04 04:02:45,696 - mmdet - INFO - Epoch [8][250/1652]	lr: 1.000e-03, eta: 1:26:44, time: 0.647, data_time: 0.053, memory: 6023, bbox_loss: 0.3805, cls_loss: 0.2195, loss: 0.5999, grad_norm: 1.9791
2026-06-04 04:03:17,827 - mmdet - INFO - Epoch [8][300/1652]	lr: 1.000e-03, eta: 1:26:11, time: 0.643, data_time: 0.053, memory: 6023, bbox_loss: 0.3709, cls_loss: 0.2185, loss: 0.5894, grad_norm: 2.0709
2026-06-04 04:03:50,459 - mmdet - INFO - Epoch [8][350/1652]	lr: 1.000e-03, eta: 1:25:39, time: 0.653, data_time: 0.055, memory: 6023, bbox_loss: 0.3854, cls_loss: 0.2273, loss: 0.6127, grad_norm: 1.9069
2026-06-04 04:04:22,140 - mmdet - INFO - Epoch [8][400/1652]	lr: 1.000e-03, eta: 1:25:06, time: 0.634, data_time: 0.056, memory: 6023, bbox_loss: 0.3912, cls_loss: 0.2253, loss: 0.6166, grad_norm: 2.3826
2026-06-04 04:04:53,393 - mmdet - INFO - Epoch [8][450/1652]	lr: 1.000e-03, eta: 1:24:32, time: 0.625, data_time: 0.054, memory: 6023, bbox_loss: 0.3727, cls_loss: 0.2129, loss: 0.5856, grad_norm: 1.9670
2026-06-04 04:05:24,944 - mmdet - INFO - Epoch [8][500/1652]	lr: 1.000e-03, eta: 1:23:59, time: 0.631, data_time: 0.053, memory: 6023, bbox_loss: 0.3780, cls_loss: 0.2231, loss: 0.6011, grad_norm: 1.8768
2026-06-04 04:05:56,788 - mmdet - INFO - Epoch [8][550/1652]	lr: 1.000e-03, eta: 1:23:27, time: 0.637, data_time: 0.054, memory: 6023, bbox_loss: 0.3779, cls_loss: 0.2236, loss: 0.6015, grad_norm: 1.7999
2026-06-04 04:06:28,662 - mmdet - INFO - Epoch [8][600/1652]	lr: 1.000e-03, eta: 1:22:54, time: 0.637, data_time: 0.054, memory: 6023, bbox_loss: 0.3720, cls_loss: 0.2157, loss: 0.5877, grad_norm: 2.1074
2026-06-04 04:07:00,404 - mmdet - INFO - Epoch [8][650/1652]	lr: 1.000e-03, eta: 1:22:21, time: 0.635, data_time: 0.050, memory: 6023, bbox_loss: 0.3692, cls_loss: 0.2186, loss: 0.5878, grad_norm: 2.3634
2026-06-04 04:07:32,197 - mmdet - INFO - Epoch [8][700/1652]	lr: 1.000e-03, eta: 1:21:48, time: 0.636, data_time: 0.052, memory: 6023, bbox_loss: 0.3780, cls_loss: 0.2174, loss: 0.5953, grad_norm: 2.0713
2026-06-04 04:08:03,407 - mmdet - INFO - Epoch [8][750/1652]	lr: 1.000e-03, eta: 1:21:15, time: 0.624, data_time: 0.053, memory: 6023, bbox_loss: 0.3646, cls_loss: 0.2145, loss: 0.5791, grad_norm: 2.2848
2026-06-04 04:08:34,811 - mmdet - INFO - Epoch [8][800/1652]	lr: 1.000e-03, eta: 1:20:42, time: 0.628, data_time: 0.052, memory: 6023, bbox_loss: 0.3754, cls_loss: 0.2226, loss: 0.5980, grad_norm: 2.0487
2026-06-04 04:09:06,724 - mmdet - INFO - Epoch [8][850/1652]	lr: 1.000e-03, eta: 1:20:09, time: 0.638, data_time: 0.053, memory: 6023, bbox_loss: 0.3799, cls_loss: 0.2254, loss: 0.6053, grad_norm: 2.1956
2026-06-04 04:09:38,635 - mmdet - INFO - Epoch [8][900/1652]	lr: 1.000e-03, eta: 1:19:36, time: 0.638, data_time: 0.054, memory: 6023, bbox_loss: 0.3755, cls_loss: 0.2171, loss: 0.5925, grad_norm: 2.1093
2026-06-04 04:10:10,880 - mmdet - INFO - Epoch [8][950/1652]	lr: 1.000e-03, eta: 1:19:03, time: 0.645, data_time: 0.054, memory: 6023, bbox_loss: 0.3758, cls_loss: 0.2175, loss: 0.5933, grad_norm: 2.0336
2026-06-04 04:10:42,633 - mmdet - INFO - Epoch [8][1000/1652]	lr: 1.000e-03, eta: 1:18:31, time: 0.635, data_time: 0.053, memory: 6023, bbox_loss: 0.3771, cls_loss: 0.2224, loss: 0.5994, grad_norm: 1.8389
2026-06-04 04:11:14,807 - mmdet - INFO - Epoch [8][1050/1652]	lr: 1.000e-03, eta: 1:17:58, time: 0.643, data_time: 0.054, memory: 6023, bbox_loss: 0.3891, cls_loss: 0.2288, loss: 0.6180, grad_norm: 1.8743
2026-06-04 04:11:46,828 - mmdet - INFO - Epoch [8][1100/1652]	lr: 1.000e-03, eta: 1:17:25, time: 0.640, data_time: 0.054, memory: 6023, bbox_loss: 0.3799, cls_loss: 0.2231, loss: 0.6031, grad_norm: 1.9102
2026-06-04 04:12:18,372 - mmdet - INFO - Epoch [8][1150/1652]	lr: 1.000e-03, eta: 1:16:52, time: 0.631, data_time: 0.053, memory: 6023, bbox_loss: 0.3743, cls_loss: 0.2187, loss: 0.5930, grad_norm: 2.0073
2026-06-04 04:12:50,665 - mmdet - INFO - Epoch [8][1200/1652]	lr: 1.000e-03, eta: 1:16:20, time: 0.646, data_time: 0.055, memory: 6023, bbox_loss: 0.3722, cls_loss: 0.2204, loss: 0.5926, grad_norm: 2.0076
2026-06-04 04:13:23,001 - mmdet - INFO - Epoch [8][1250/1652]	lr: 1.000e-03, eta: 1:15:47, time: 0.647, data_time: 0.055, memory: 6023, bbox_loss: 0.3754, cls_loss: 0.2292, loss: 0.6047, grad_norm: 1.9636
2026-06-04 04:13:55,010 - mmdet - INFO - Epoch [8][1300/1652]	lr: 1.000e-03, eta: 1:15:15, time: 0.640, data_time: 0.054, memory: 6023, bbox_loss: 0.3673, cls_loss: 0.2122, loss: 0.5795, grad_norm: 2.2454
2026-06-04 04:14:28,329 - mmdet - INFO - Epoch [8][1350/1652]	lr: 1.000e-03, eta: 1:14:43, time: 0.666, data_time: 0.054, memory: 6023, bbox_loss: 0.3754, cls_loss: 0.2125, loss: 0.5880, grad_norm: 2.2346
2026-06-04 04:15:02,848 - mmdet - INFO - Epoch [8][1400/1652]	lr: 1.000e-03, eta: 1:14:11, time: 0.690, data_time: 0.055, memory: 6023, bbox_loss: 0.3618, cls_loss: 0.2126, loss: 0.5745, grad_norm: 1.9628
2026-06-04 04:15:35,833 - mmdet - INFO - Epoch [8][1450/1652]	lr: 1.000e-03, eta: 1:13:39, time: 0.660, data_time: 0.054, memory: 6023, bbox_loss: 0.3737, cls_loss: 0.2166, loss: 0.5904, grad_norm: 1.9973
2026-06-04 04:16:07,979 - mmdet - INFO - Epoch [8][1500/1652]	lr: 1.000e-03, eta: 1:13:07, time: 0.643, data_time: 0.055, memory: 6023, bbox_loss: 0.3740, cls_loss: 0.2162, loss: 0.5902, grad_norm: 2.0222
2026-06-04 04:16:40,317 - mmdet - INFO - Epoch [8][1550/1652]	lr: 1.000e-03, eta: 1:12:34, time: 0.647, data_time: 0.054, memory: 6023, bbox_loss: 0.3697, cls_loss: 0.2187, loss: 0.5884, grad_norm: 2.0581
2026-06-04 04:17:13,850 - mmdet - INFO - Epoch [8][1600/1652]	lr: 1.000e-03, eta: 1:12:02, time: 0.671, data_time: 0.059, memory: 6023, bbox_loss: 0.3787, cls_loss: 0.2207, loss: 0.5995, grad_norm: 2.0080
2026-06-04 04:17:47,698 - mmdet - INFO - Epoch [8][1650/1652]	lr: 1.000e-03, eta: 1:11:30, time: 0.677, data_time: 0.054, memory: 6023, bbox_loss: 0.3858, cls_loss: 0.2199, loss: 0.6056, grad_norm: 2.1586
2026-06-04 04:17:49,081 - mmdet - INFO - Saving checkpoint at 8 epochs
2026-06-04 04:18:26,397 - mmdet - INFO - Epoch [9][50/1652]	lr: 1.000e-04, eta: 1:10:58, time: 0.732, data_time: 0.106, memory: 6023, bbox_loss: 0.3733, cls_loss: 0.2131, loss: 0.5864, grad_norm: 1.6679
2026-06-04 04:19:00,086 - mmdet - INFO - Epoch [9][100/1652]	lr: 1.000e-04, eta: 1:10:26, time: 0.674, data_time: 0.051, memory: 6023, bbox_loss: 0.3515, cls_loss: 0.2032, loss: 0.5547, grad_norm: 1.5622
2026-06-04 04:19:33,749 - mmdet - INFO - Epoch [9][150/1652]	lr: 1.000e-04, eta: 1:09:54, time: 0.673, data_time: 0.055, memory: 6023, bbox_loss: 0.3612, cls_loss: 0.2140, loss: 0.5752, grad_norm: 1.5061
2026-06-04 04:20:05,477 - mmdet - INFO - Epoch [9][200/1652]	lr: 1.000e-04, eta: 1:09:21, time: 0.635, data_time: 0.052, memory: 6023, bbox_loss: 0.3599, cls_loss: 0.2046, loss: 0.5645, grad_norm: 1.6232
2026-06-04 04:20:37,115 - mmdet - INFO - Epoch [9][250/1652]	lr: 1.000e-04, eta: 1:08:49, time: 0.633, data_time: 0.052, memory: 6023, bbox_loss: 0.3615, cls_loss: 0.2072, loss: 0.5687, grad_norm: 1.5040
2026-06-04 04:21:09,255 - mmdet - INFO - Epoch [9][300/1652]	lr: 1.000e-04, eta: 1:08:16, time: 0.643, data_time: 0.052, memory: 6023, bbox_loss: 0.3653, cls_loss: 0.2115, loss: 0.5768, grad_norm: 1.5843
2026-06-04 04:21:40,542 - mmdet - INFO - Epoch [9][350/1652]	lr: 1.000e-04, eta: 1:07:43, time: 0.626, data_time: 0.052, memory: 6023, bbox_loss: 0.3599, cls_loss: 0.2042, loss: 0.5640, grad_norm: 1.6897
2026-06-04 04:22:12,379 - mmdet - INFO - Epoch [9][400/1652]	lr: 1.000e-04, eta: 1:07:10, time: 0.637, data_time: 0.053, memory: 6023, bbox_loss: 0.3497, cls_loss: 0.2057, loss: 0.5554, grad_norm: 1.5175
2026-06-04 04:22:44,195 - mmdet - INFO - Epoch [9][450/1652]	lr: 1.000e-04, eta: 1:06:37, time: 0.636, data_time: 0.054, memory: 6023, bbox_loss: 0.3546, cls_loss: 0.2041, loss: 0.5586, grad_norm: 1.6450
2026-06-04 04:23:16,078 - mmdet - INFO - Epoch [9][500/1652]	lr: 1.000e-04, eta: 1:06:05, time: 0.638, data_time: 0.054, memory: 6023, bbox_loss: 0.3521, cls_loss: 0.2046, loss: 0.5567, grad_norm: 1.6319
2026-06-04 04:23:48,091 - mmdet - INFO - Epoch [9][550/1652]	lr: 1.000e-04, eta: 1:05:32, time: 0.640, data_time: 0.053, memory: 6023, bbox_loss: 0.3502, cls_loss: 0.2010, loss: 0.5513, grad_norm: 1.5829
2026-06-04 04:24:20,376 - mmdet - INFO - Epoch [9][600/1652]	lr: 1.000e-04, eta: 1:05:00, time: 0.646, data_time: 0.054, memory: 6023, bbox_loss: 0.3558, cls_loss: 0.2048, loss: 0.5606, grad_norm: 1.5624
2026-06-04 04:24:52,160 - mmdet - INFO - Epoch [9][650/1652]	lr: 1.000e-04, eta: 1:04:27, time: 0.636, data_time: 0.053, memory: 6023, bbox_loss: 0.3506, cls_loss: 0.1958, loss: 0.5464, grad_norm: 1.6345
2026-06-04 04:25:23,746 - mmdet - INFO - Epoch [9][700/1652]	lr: 1.000e-04, eta: 1:03:54, time: 0.632, data_time: 0.052, memory: 6023, bbox_loss: 0.3484, cls_loss: 0.1971, loss: 0.5456, grad_norm: 1.6996
2026-06-04 04:25:55,104 - mmdet - INFO - Epoch [9][750/1652]	lr: 1.000e-04, eta: 1:03:21, time: 0.627, data_time: 0.053, memory: 6023, bbox_loss: 0.3524, cls_loss: 0.2025, loss: 0.5549, grad_norm: 1.7349
2026-06-04 04:26:27,605 - mmdet - INFO - Epoch [9][800/1652]	lr: 1.000e-04, eta: 1:02:49, time: 0.650, data_time: 0.056, memory: 6023, bbox_loss: 0.3540, cls_loss: 0.1985, loss: 0.5526, grad_norm: 1.6027
2026-06-04 04:26:59,554 - mmdet - INFO - Epoch [9][850/1652]	lr: 1.000e-04, eta: 1:02:16, time: 0.639, data_time: 0.052, memory: 6023, bbox_loss: 0.3553, cls_loss: 0.2025, loss: 0.5579, grad_norm: 1.7069
2026-06-04 04:27:31,569 - mmdet - INFO - Epoch [9][900/1652]	lr: 1.000e-04, eta: 1:01:43, time: 0.640, data_time: 0.054, memory: 6023, bbox_loss: 0.3450, cls_loss: 0.1956, loss: 0.5406, grad_norm: 1.7313
2026-06-04 04:28:04,968 - mmdet - INFO - Epoch [9][950/1652]	lr: 1.000e-04, eta: 1:01:11, time: 0.668, data_time: 0.053, memory: 6023, bbox_loss: 0.3494, cls_loss: 0.1944, loss: 0.5438, grad_norm: 1.5967
2026-06-04 04:28:37,164 - mmdet - INFO - Epoch [9][1000/1652]	lr: 1.000e-04, eta: 1:00:39, time: 0.644, data_time: 0.054, memory: 6023, bbox_loss: 0.3523, cls_loss: 0.2037, loss: 0.5560, grad_norm: 1.6422
2026-06-04 04:29:09,436 - mmdet - INFO - Epoch [9][1050/1652]	lr: 1.000e-04, eta: 1:00:06, time: 0.645, data_time: 0.054, memory: 6023, bbox_loss: 0.3485, cls_loss: 0.1959, loss: 0.5445, grad_norm: 1.6909
2026-06-04 04:29:41,283 - mmdet - INFO - Epoch [9][1100/1652]	lr: 1.000e-04, eta: 0:59:34, time: 0.637, data_time: 0.054, memory: 6023, bbox_loss: 0.3530, cls_loss: 0.2026, loss: 0.5556, grad_norm: 1.7018
2026-06-04 04:30:12,880 - mmdet - INFO - Epoch [9][1150/1652]	lr: 1.000e-04, eta: 0:59:01, time: 0.632, data_time: 0.054, memory: 6023, bbox_loss: 0.3561, cls_loss: 0.2017, loss: 0.5578, grad_norm: 1.6911
2026-06-04 04:30:44,411 - mmdet - INFO - Epoch [9][1200/1652]	lr: 1.000e-04, eta: 0:58:28, time: 0.631, data_time: 0.054, memory: 6023, bbox_loss: 0.3486, cls_loss: 0.1987, loss: 0.5473, grad_norm: 1.7247
2026-06-04 04:31:16,473 - mmdet - INFO - Epoch [9][1250/1652]	lr: 1.000e-04, eta: 0:57:55, time: 0.641, data_time: 0.054, memory: 6023, bbox_loss: 0.3515, cls_loss: 0.2002, loss: 0.5518, grad_norm: 1.8293
2026-06-04 04:31:48,462 - mmdet - INFO - Epoch [9][1300/1652]	lr: 1.000e-04, eta: 0:57:23, time: 0.640, data_time: 0.054, memory: 6023, bbox_loss: 0.3461, cls_loss: 0.1974, loss: 0.5435, grad_norm: 1.7221
2026-06-04 04:32:20,515 - mmdet - INFO - Epoch [9][1350/1652]	lr: 1.000e-04, eta: 0:56:50, time: 0.641, data_time: 0.054, memory: 6023, bbox_loss: 0.3608, cls_loss: 0.2072, loss: 0.5680, grad_norm: 1.6191
2026-06-04 04:32:51,961 - mmdet - INFO - Epoch [9][1400/1652]	lr: 1.000e-04, eta: 0:56:17, time: 0.629, data_time: 0.055, memory: 6023, bbox_loss: 0.3557, cls_loss: 0.2014, loss: 0.5571, grad_norm: 1.6316
2026-06-04 04:33:24,534 - mmdet - INFO - Epoch [9][1450/1652]	lr: 1.000e-04, eta: 0:55:45, time: 0.651, data_time: 0.056, memory: 6023, bbox_loss: 0.3538, cls_loss: 0.2038, loss: 0.5576, grad_norm: 1.7904
2026-06-04 04:33:56,465 - mmdet - INFO - Epoch [9][1500/1652]	lr: 1.000e-04, eta: 0:55:12, time: 0.639, data_time: 0.054, memory: 6023, bbox_loss: 0.3579, cls_loss: 0.2031, loss: 0.5609, grad_norm: 1.6438
2026-06-04 04:34:28,195 - mmdet - INFO - Epoch [9][1550/1652]	lr: 1.000e-04, eta: 0:54:40, time: 0.635, data_time: 0.056, memory: 6023, bbox_loss: 0.3552, cls_loss: 0.2031, loss: 0.5582, grad_norm: 1.9616
2026-06-04 04:35:00,220 - mmdet - INFO - Epoch [9][1600/1652]	lr: 1.000e-04, eta: 0:54:07, time: 0.640, data_time: 0.056, memory: 6023, bbox_loss: 0.3529, cls_loss: 0.2020, loss: 0.5548, grad_norm: 1.7765
2026-06-04 04:35:32,068 - mmdet - INFO - Epoch [9][1650/1652]	lr: 1.000e-04, eta: 0:53:35, time: 0.637, data_time: 0.052, memory: 6023, bbox_loss: 0.3561, cls_loss: 0.2022, loss: 0.5583, grad_norm: 1.7676
2026-06-04 04:35:33,377 - mmdet - INFO - Saving checkpoint at 9 epochs
2026-06-04 04:36:09,725 - mmdet - INFO - Epoch [10][50/1652]	lr: 1.000e-04, eta: 0:53:02, time: 0.716, data_time: 0.102, memory: 6023, bbox_loss: 0.3522, cls_loss: 0.1963, loss: 0.5485, grad_norm: 1.6877
2026-06-04 04:36:43,783 - mmdet - INFO - Epoch [10][100/1652]	lr: 1.000e-04, eta: 0:52:30, time: 0.681, data_time: 0.054, memory: 6023, bbox_loss: 0.3469, cls_loss: 0.1928, loss: 0.5397, grad_norm: 1.7371
2026-06-04 04:37:17,667 - mmdet - INFO - Epoch [10][150/1652]	lr: 1.000e-04, eta: 0:51:58, time: 0.678, data_time: 0.052, memory: 6023, bbox_loss: 0.3457, cls_loss: 0.1910, loss: 0.5367, grad_norm: 1.7342
2026-06-04 04:37:51,903 - mmdet - INFO - Epoch [10][200/1652]	lr: 1.000e-04, eta: 0:51:26, time: 0.685, data_time: 0.053, memory: 6023, bbox_loss: 0.3493, cls_loss: 0.1991, loss: 0.5484, grad_norm: 1.7521
2026-06-04 04:38:25,337 - mmdet - INFO - Epoch [10][250/1652]	lr: 1.000e-04, eta: 0:50:54, time: 0.669, data_time: 0.054, memory: 6023, bbox_loss: 0.3428, cls_loss: 0.1920, loss: 0.5348, grad_norm: 1.7594
2026-06-04 04:38:59,490 - mmdet - INFO - Epoch [10][300/1652]	lr: 1.000e-04, eta: 0:50:22, time: 0.683, data_time: 0.059, memory: 6023, bbox_loss: 0.3463, cls_loss: 0.1944, loss: 0.5408, grad_norm: 1.7536
2026-06-04 04:39:33,415 - mmdet - INFO - Epoch [10][350/1652]	lr: 1.000e-04, eta: 0:49:50, time: 0.679, data_time: 0.053, memory: 6023, bbox_loss: 0.3554, cls_loss: 0.2081, loss: 0.5635, grad_norm: 1.6645
2026-06-04 04:40:06,889 - mmdet - INFO - Epoch [10][400/1652]	lr: 1.000e-04, eta: 0:49:18, time: 0.669, data_time: 0.052, memory: 6023, bbox_loss: 0.3475, cls_loss: 0.1965, loss: 0.5440, grad_norm: 1.6378
2026-06-04 04:40:39,711 - mmdet - INFO - Epoch [10][450/1652]	lr: 1.000e-04, eta: 0:48:45, time: 0.656, data_time: 0.053, memory: 6023, bbox_loss: 0.3370, cls_loss: 0.1904, loss: 0.5274, grad_norm: 1.7982
2026-06-04 04:41:11,515 - mmdet - INFO - Epoch [10][500/1652]	lr: 1.000e-04, eta: 0:48:13, time: 0.636, data_time: 0.055, memory: 6023, bbox_loss: 0.3502, cls_loss: 0.1982, loss: 0.5484, grad_norm: 1.9499
2026-06-04 04:41:43,117 - mmdet - INFO - Epoch [10][550/1652]	lr: 1.000e-04, eta: 0:47:40, time: 0.632, data_time: 0.054, memory: 6023, bbox_loss: 0.3496, cls_loss: 0.1997, loss: 0.5493, grad_norm: 1.7703
2026-06-04 04:42:15,460 - mmdet - INFO - Epoch [10][600/1652]	lr: 1.000e-04, eta: 0:47:07, time: 0.647, data_time: 0.053, memory: 6023, bbox_loss: 0.3451, cls_loss: 0.1952, loss: 0.5403, grad_norm: 1.7302
2026-06-04 04:42:48,499 - mmdet - INFO - Epoch [10][650/1652]	lr: 1.000e-04, eta: 0:46:35, time: 0.661, data_time: 0.058, memory: 6023, bbox_loss: 0.3529, cls_loss: 0.2007, loss: 0.5536, grad_norm: 1.6588
2026-06-04 04:43:22,699 - mmdet - INFO - Epoch [10][700/1652]	lr: 1.000e-04, eta: 0:46:03, time: 0.684, data_time: 0.055, memory: 6023, bbox_loss: 0.3505, cls_loss: 0.1949, loss: 0.5454, grad_norm: 1.7384
2026-06-04 04:43:55,234 - mmdet - INFO - Epoch [10][750/1652]	lr: 1.000e-04, eta: 0:45:31, time: 0.651, data_time: 0.054, memory: 6023, bbox_loss: 0.3504, cls_loss: 0.2009, loss: 0.5513, grad_norm: 1.5960
2026-06-04 04:44:27,169 - mmdet - INFO - Epoch [10][800/1652]	lr: 1.000e-04, eta: 0:44:58, time: 0.639, data_time: 0.054, memory: 6023, bbox_loss: 0.3600, cls_loss: 0.2077, loss: 0.5677, grad_norm: 1.8009
2026-06-04 04:44:58,986 - mmdet - INFO - Epoch [10][850/1652]	lr: 1.000e-04, eta: 0:44:25, time: 0.636, data_time: 0.052, memory: 6023, bbox_loss: 0.3559, cls_loss: 0.2004, loss: 0.5563, grad_norm: 1.7127
2026-06-04 04:45:30,968 - mmdet - INFO - Epoch [10][900/1652]	lr: 1.000e-04, eta: 0:43:53, time: 0.640, data_time: 0.053, memory: 6023, bbox_loss: 0.3465, cls_loss: 0.1924, loss: 0.5389, grad_norm: 1.7181
2026-06-04 04:46:02,915 - mmdet - INFO - Epoch [10][950/1652]	lr: 1.000e-04, eta: 0:43:20, time: 0.639, data_time: 0.055, memory: 6023, bbox_loss: 0.3469, cls_loss: 0.2000, loss: 0.5469, grad_norm: 1.7511
2026-06-04 04:46:34,899 - mmdet - INFO - Epoch [10][1000/1652]	lr: 1.000e-04, eta: 0:42:48, time: 0.640, data_time: 0.054, memory: 6023, bbox_loss: 0.3368, cls_loss: 0.1916, loss: 0.5284, grad_norm: 1.6868
2026-06-04 04:47:07,133 - mmdet - INFO - Epoch [10][1050/1652]	lr: 1.000e-04, eta: 0:42:15, time: 0.645, data_time: 0.055, memory: 6023, bbox_loss: 0.3511, cls_loss: 0.1966, loss: 0.5476, grad_norm: 1.6435
2026-06-04 04:47:40,809 - mmdet - INFO - Epoch [10][1100/1652]	lr: 1.000e-04, eta: 0:41:43, time: 0.674, data_time: 0.054, memory: 6023, bbox_loss: 0.3503, cls_loss: 0.2026, loss: 0.5529, grad_norm: 1.6940
2026-06-04 04:48:14,897 - mmdet - INFO - Epoch [10][1150/1652]	lr: 1.000e-04, eta: 0:41:11, time: 0.682, data_time: 0.053, memory: 6023, bbox_loss: 0.3501, cls_loss: 0.1955, loss: 0.5456, grad_norm: 1.7051
2026-06-04 04:48:46,789 - mmdet - INFO - Epoch [10][1200/1652]	lr: 1.000e-04, eta: 0:40:38, time: 0.638, data_time: 0.054, memory: 6023, bbox_loss: 0.3566, cls_loss: 0.1971, loss: 0.5537, grad_norm: 1.7345
2026-06-04 04:49:19,220 - mmdet - INFO - Epoch [10][1250/1652]	lr: 1.000e-04, eta: 0:40:06, time: 0.649, data_time: 0.054, memory: 6023, bbox_loss: 0.3492, cls_loss: 0.2016, loss: 0.5507, grad_norm: 1.7777
2026-06-04 04:49:51,657 - mmdet - INFO - Epoch [10][1300/1652]	lr: 1.000e-04, eta: 0:39:33, time: 0.649, data_time: 0.055, memory: 6023, bbox_loss: 0.3466, cls_loss: 0.1972, loss: 0.5438, grad_norm: 1.9414
2026-06-04 04:50:24,835 - mmdet - INFO - Epoch [10][1350/1652]	lr: 1.000e-04, eta: 0:39:01, time: 0.664, data_time: 0.055, memory: 6023, bbox_loss: 0.3396, cls_loss: 0.1915, loss: 0.5311, grad_norm: 1.6657
2026-06-04 04:50:57,952 - mmdet - INFO - Epoch [10][1400/1652]	lr: 1.000e-04, eta: 0:38:29, time: 0.662, data_time: 0.053, memory: 6023, bbox_loss: 0.3516, cls_loss: 0.1973, loss: 0.5489, grad_norm: 1.7122
2026-06-04 04:51:30,136 - mmdet - INFO - Epoch [10][1450/1652]	lr: 1.000e-04, eta: 0:37:56, time: 0.644, data_time: 0.056, memory: 6023, bbox_loss: 0.3441, cls_loss: 0.1913, loss: 0.5354, grad_norm: 1.8105
2026-06-04 04:52:02,061 - mmdet - INFO - Epoch [10][1500/1652]	lr: 1.000e-04, eta: 0:37:24, time: 0.638, data_time: 0.053, memory: 6023, bbox_loss: 0.3487, cls_loss: 0.1959, loss: 0.5446, grad_norm: 1.7162
2026-06-04 04:52:33,728 - mmdet - INFO - Epoch [10][1550/1652]	lr: 1.000e-04, eta: 0:36:51, time: 0.633, data_time: 0.054, memory: 6023, bbox_loss: 0.3431, cls_loss: 0.1955, loss: 0.5386, grad_norm: 1.7281
2026-06-04 04:53:05,324 - mmdet - INFO - Epoch [10][1600/1652]	lr: 1.000e-04, eta: 0:36:18, time: 0.632, data_time: 0.055, memory: 6023, bbox_loss: 0.3503, cls_loss: 0.1953, loss: 0.5456, grad_norm: 1.9834
2026-06-04 04:53:36,770 - mmdet - INFO - Epoch [10][1650/1652]	lr: 1.000e-04, eta: 0:35:46, time: 0.629, data_time: 0.053, memory: 6023, bbox_loss: 0.3566, cls_loss: 0.1997, loss: 0.5563, grad_norm: 1.8058
2026-06-04 04:53:38,054 - mmdet - INFO - Saving checkpoint at 10 epochs
2026-06-04 04:54:13,500 - mmdet - INFO - Epoch [11][50/1652]	lr: 1.000e-04, eta: 0:35:12, time: 0.697, data_time: 0.104, memory: 6023, bbox_loss: 0.3476, cls_loss: 0.1973, loss: 0.5449, grad_norm: 1.6000
2026-06-04 04:54:44,958 - mmdet - INFO - Epoch [11][100/1652]	lr: 1.000e-04, eta: 0:34:39, time: 0.629, data_time: 0.056, memory: 6023, bbox_loss: 0.3575, cls_loss: 0.2002, loss: 0.5577, grad_norm: 1.6611
2026-06-04 04:55:17,028 - mmdet - INFO - Epoch [11][150/1652]	lr: 1.000e-04, eta: 0:34:07, time: 0.641, data_time: 0.053, memory: 6023, bbox_loss: 0.3485, cls_loss: 0.1941, loss: 0.5426, grad_norm: 1.7831
2026-06-04 04:55:49,517 - mmdet - INFO - Epoch [11][200/1652]	lr: 1.000e-04, eta: 0:33:34, time: 0.650, data_time: 0.054, memory: 6023, bbox_loss: 0.3482, cls_loss: 0.1941, loss: 0.5423, grad_norm: 1.8581
2026-06-04 04:56:21,532 - mmdet - INFO - Epoch [11][250/1652]	lr: 1.000e-04, eta: 0:33:02, time: 0.640, data_time: 0.053, memory: 6023, bbox_loss: 0.3486, cls_loss: 0.1943, loss: 0.5429, grad_norm: 1.7258
2026-06-04 04:56:53,353 - mmdet - INFO - Epoch [11][300/1652]	lr: 1.000e-04, eta: 0:32:29, time: 0.636, data_time: 0.052, memory: 6023, bbox_loss: 0.3469, cls_loss: 0.2005, loss: 0.5474, grad_norm: 1.7701
2026-06-04 04:57:25,291 - mmdet - INFO - Epoch [11][350/1652]	lr: 1.000e-04, eta: 0:31:57, time: 0.639, data_time: 0.057, memory: 6023, bbox_loss: 0.3477, cls_loss: 0.1975, loss: 0.5452, grad_norm: 1.6801
2026-06-04 04:57:57,157 - mmdet - INFO - Epoch [11][400/1652]	lr: 1.000e-04, eta: 0:31:24, time: 0.637, data_time: 0.053, memory: 6023, bbox_loss: 0.3462, cls_loss: 0.1997, loss: 0.5459, grad_norm: 1.6835
2026-06-04 04:58:29,054 - mmdet - INFO - Epoch [11][450/1652]	lr: 1.000e-04, eta: 0:30:52, time: 0.638, data_time: 0.055, memory: 6023, bbox_loss: 0.3462, cls_loss: 0.1918, loss: 0.5380, grad_norm: 1.6748
2026-06-04 04:59:01,819 - mmdet - INFO - Epoch [11][500/1652]	lr: 1.000e-04, eta: 0:30:19, time: 0.655, data_time: 0.053, memory: 6023, bbox_loss: 0.3454, cls_loss: 0.1948, loss: 0.5402, grad_norm: 1.5160
2026-06-04 04:59:34,374 - mmdet - INFO - Epoch [11][550/1652]	lr: 1.000e-04, eta: 0:29:47, time: 0.651, data_time: 0.054, memory: 6023, bbox_loss: 0.3370, cls_loss: 0.1885, loss: 0.5255, grad_norm: 1.6302
2026-06-04 05:00:06,272 - mmdet - INFO - Epoch [11][600/1652]	lr: 1.000e-04, eta: 0:29:14, time: 0.638, data_time: 0.053, memory: 6023, bbox_loss: 0.3566, cls_loss: 0.2054, loss: 0.5619, grad_norm: 1.6895
2026-06-04 05:00:37,542 - mmdet - INFO - Epoch [11][650/1652]	lr: 1.000e-04, eta: 0:28:42, time: 0.625, data_time: 0.053, memory: 6023, bbox_loss: 0.3426, cls_loss: 0.1953, loss: 0.5379, grad_norm: 1.7465
2026-06-04 05:01:10,171 - mmdet - INFO - Epoch [11][700/1652]	lr: 1.000e-04, eta: 0:28:09, time: 0.653, data_time: 0.055, memory: 6023, bbox_loss: 0.3473, cls_loss: 0.1938, loss: 0.5411, grad_norm: 1.7884
2026-06-04 05:01:41,891 - mmdet - INFO - Epoch [11][750/1652]	lr: 1.000e-04, eta: 0:27:37, time: 0.634, data_time: 0.052, memory: 6023, bbox_loss: 0.3494, cls_loss: 0.1936, loss: 0.5430, grad_norm: 1.7524
2026-06-04 05:02:13,518 - mmdet - INFO - Epoch [11][800/1652]	lr: 1.000e-04, eta: 0:27:04, time: 0.633, data_time: 0.053, memory: 6023, bbox_loss: 0.3441, cls_loss: 0.1924, loss: 0.5365, grad_norm: 1.6798
2026-06-04 05:02:44,828 - mmdet - INFO - Epoch [11][850/1652]	lr: 1.000e-04, eta: 0:26:32, time: 0.626, data_time: 0.053, memory: 6023, bbox_loss: 0.3398, cls_loss: 0.1922, loss: 0.5320, grad_norm: 1.6905
2026-06-04 05:03:16,540 - mmdet - INFO - Epoch [11][900/1652]	lr: 1.000e-04, eta: 0:25:59, time: 0.634, data_time: 0.052, memory: 6023, bbox_loss: 0.3474, cls_loss: 0.1933, loss: 0.5407, grad_norm: 1.8704
2026-06-04 05:03:48,172 - mmdet - INFO - Epoch [11][950/1652]	lr: 1.000e-04, eta: 0:25:27, time: 0.633, data_time: 0.054, memory: 6023, bbox_loss: 0.3420, cls_loss: 0.1967, loss: 0.5387, grad_norm: 1.8294
2026-06-04 05:04:19,744 - mmdet - INFO - Epoch [11][1000/1652]	lr: 1.000e-04, eta: 0:24:54, time: 0.631, data_time: 0.053, memory: 6023, bbox_loss: 0.3440, cls_loss: 0.2037, loss: 0.5477, grad_norm: 1.7784
2026-06-04 05:04:51,667 - mmdet - INFO - Epoch [11][1050/1652]	lr: 1.000e-04, eta: 0:24:21, time: 0.638, data_time: 0.053, memory: 6023, bbox_loss: 0.3535, cls_loss: 0.1930, loss: 0.5465, grad_norm: 1.8271
2026-06-04 05:05:23,236 - mmdet - INFO - Epoch [11][1100/1652]	lr: 1.000e-04, eta: 0:23:49, time: 0.631, data_time: 0.052, memory: 6023, bbox_loss: 0.3369, cls_loss: 0.1876, loss: 0.5244, grad_norm: 1.7773
2026-06-04 05:05:54,878 - mmdet - INFO - Epoch [11][1150/1652]	lr: 1.000e-04, eta: 0:23:16, time: 0.633, data_time: 0.053, memory: 6023, bbox_loss: 0.3482, cls_loss: 0.1949, loss: 0.5430, grad_norm: 1.7942
2026-06-04 05:06:26,930 - mmdet - INFO - Epoch [11][1200/1652]	lr: 1.000e-04, eta: 0:22:44, time: 0.641, data_time: 0.052, memory: 6023, bbox_loss: 0.3491, cls_loss: 0.1925, loss: 0.5415, grad_norm: 1.7573
2026-06-04 05:06:59,173 - mmdet - INFO - Epoch [11][1250/1652]	lr: 1.000e-04, eta: 0:22:11, time: 0.645, data_time: 0.055, memory: 6023, bbox_loss: 0.3464, cls_loss: 0.1924, loss: 0.5388, grad_norm: 1.7268
2026-06-04 05:07:31,272 - mmdet - INFO - Epoch [11][1300/1652]	lr: 1.000e-04, eta: 0:21:39, time: 0.642, data_time: 0.057, memory: 6023, bbox_loss: 0.3449, cls_loss: 0.1971, loss: 0.5420, grad_norm: 1.6166
2026-06-04 05:08:03,196 - mmdet - INFO - Epoch [11][1350/1652]	lr: 1.000e-04, eta: 0:21:07, time: 0.638, data_time: 0.057, memory: 6023, bbox_loss: 0.3419, cls_loss: 0.1905, loss: 0.5324, grad_norm: 1.7387
2026-06-04 05:08:35,653 - mmdet - INFO - Epoch [11][1400/1652]	lr: 1.000e-04, eta: 0:20:34, time: 0.649, data_time: 0.055, memory: 6023, bbox_loss: 0.3350, cls_loss: 0.1886, loss: 0.5236, grad_norm: 1.8186
2026-06-04 05:09:07,600 - mmdet - INFO - Epoch [11][1450/1652]	lr: 1.000e-04, eta: 0:20:02, time: 0.639, data_time: 0.054, memory: 6023, bbox_loss: 0.3409, cls_loss: 0.1936, loss: 0.5345, grad_norm: 1.7139
2026-06-04 05:09:39,118 - mmdet - INFO - Epoch [11][1500/1652]	lr: 1.000e-04, eta: 0:19:29, time: 0.630, data_time: 0.053, memory: 6023, bbox_loss: 0.3419, cls_loss: 0.1940, loss: 0.5359, grad_norm: 1.8247
2026-06-04 05:10:11,400 - mmdet - INFO - Epoch [11][1550/1652]	lr: 1.000e-04, eta: 0:18:57, time: 0.646, data_time: 0.056, memory: 6023, bbox_loss: 0.3329, cls_loss: 0.1881, loss: 0.5210, grad_norm: 1.8420
2026-06-04 05:10:42,935 - mmdet - INFO - Epoch [11][1600/1652]	lr: 1.000e-04, eta: 0:18:24, time: 0.631, data_time: 0.052, memory: 6023, bbox_loss: 0.3537, cls_loss: 0.2003, loss: 0.5541, grad_norm: 1.8819
2026-06-04 05:11:15,018 - mmdet - INFO - Epoch [11][1650/1652]	lr: 1.000e-04, eta: 0:17:52, time: 0.642, data_time: 0.055, memory: 6023, bbox_loss: 0.3433, cls_loss: 0.1906, loss: 0.5339, grad_norm: 1.7516
2026-06-04 05:11:16,381 - mmdet - INFO - Saving checkpoint at 11 epochs
2026-06-04 05:11:51,690 - mmdet - INFO - Epoch [12][50/1652]	lr: 1.000e-05, eta: 0:17:18, time: 0.695, data_time: 0.104, memory: 6023, bbox_loss: 0.3394, cls_loss: 0.1879, loss: 0.5274, grad_norm: 1.6266
2026-06-04 05:12:23,539 - mmdet - INFO - Epoch [12][100/1652]	lr: 1.000e-05, eta: 0:16:46, time: 0.637, data_time: 0.051, memory: 6023, bbox_loss: 0.3428, cls_loss: 0.1927, loss: 0.5355, grad_norm: 1.6790
2026-06-04 05:12:55,272 - mmdet - INFO - Epoch [12][150/1652]	lr: 1.000e-05, eta: 0:16:13, time: 0.635, data_time: 0.053, memory: 6023, bbox_loss: 0.3492, cls_loss: 0.1947, loss: 0.5439, grad_norm: 1.7636
2026-06-04 05:13:26,902 - mmdet - INFO - Epoch [12][200/1652]	lr: 1.000e-05, eta: 0:15:41, time: 0.633, data_time: 0.050, memory: 6023, bbox_loss: 0.3437, cls_loss: 0.1917, loss: 0.5354, grad_norm: 1.6271
2026-06-04 05:13:58,523 - mmdet - INFO - Epoch [12][250/1652]	lr: 1.000e-05, eta: 0:15:08, time: 0.632, data_time: 0.053, memory: 6023, bbox_loss: 0.3382, cls_loss: 0.1878, loss: 0.5261, grad_norm: 1.8000
2026-06-04 05:14:30,347 - mmdet - INFO - Epoch [12][300/1652]	lr: 1.000e-05, eta: 0:14:36, time: 0.636, data_time: 0.053, memory: 6023, bbox_loss: 0.3394, cls_loss: 0.1866, loss: 0.5260, grad_norm: 1.6117
2026-06-04 05:15:02,616 - mmdet - INFO - Epoch [12][350/1652]	lr: 1.000e-05, eta: 0:14:03, time: 0.645, data_time: 0.057, memory: 6023, bbox_loss: 0.3385, cls_loss: 0.1862, loss: 0.5247, grad_norm: 1.7095
2026-06-04 05:15:34,791 - mmdet - INFO - Epoch [12][400/1652]	lr: 1.000e-05, eta: 0:13:31, time: 0.643, data_time: 0.054, memory: 6023, bbox_loss: 0.3445, cls_loss: 0.1956, loss: 0.5401, grad_norm: 1.6649
2026-06-04 05:16:06,430 - mmdet - INFO - Epoch [12][450/1652]	lr: 1.000e-05, eta: 0:12:59, time: 0.633, data_time: 0.055, memory: 6023, bbox_loss: 0.3440, cls_loss: 0.1890, loss: 0.5330, grad_norm: 1.6490
2026-06-04 05:16:38,639 - mmdet - INFO - Epoch [12][500/1652]	lr: 1.000e-05, eta: 0:12:26, time: 0.644, data_time: 0.054, memory: 6023, bbox_loss: 0.3569, cls_loss: 0.1970, loss: 0.5539, grad_norm: 1.6192
2026-06-04 05:17:10,771 - mmdet - INFO - Epoch [12][550/1652]	lr: 1.000e-05, eta: 0:11:54, time: 0.643, data_time: 0.053, memory: 6023, bbox_loss: 0.3400, cls_loss: 0.1863, loss: 0.5262, grad_norm: 1.6795
2026-06-04 05:17:42,432 - mmdet - INFO - Epoch [12][600/1652]	lr: 1.000e-05, eta: 0:11:21, time: 0.633, data_time: 0.053, memory: 6023, bbox_loss: 0.3489, cls_loss: 0.1882, loss: 0.5371, grad_norm: 1.7624
2026-06-04 05:18:14,848 - mmdet - INFO - Epoch [12][650/1652]	lr: 1.000e-05, eta: 0:10:49, time: 0.648, data_time: 0.057, memory: 6078, bbox_loss: 0.3442, cls_loss: 0.1923, loss: 0.5365, grad_norm: 1.6218
2026-06-04 05:18:47,079 - mmdet - INFO - Epoch [12][700/1652]	lr: 1.000e-05, eta: 0:10:16, time: 0.645, data_time: 0.055, memory: 6078, bbox_loss: 0.3476, cls_loss: 0.1896, loss: 0.5371, grad_norm: 1.6420
2026-06-04 05:19:18,995 - mmdet - INFO - Epoch [12][750/1652]	lr: 1.000e-05, eta: 0:09:44, time: 0.638, data_time: 0.053, memory: 6078, bbox_loss: 0.3445, cls_loss: 0.1955, loss: 0.5400, grad_norm: 1.7946
2026-06-04 05:19:51,050 - mmdet - INFO - Epoch [12][800/1652]	lr: 1.000e-05, eta: 0:09:12, time: 0.641, data_time: 0.055, memory: 6078, bbox_loss: 0.3479, cls_loss: 0.1970, loss: 0.5448, grad_norm: 1.6489
2026-06-04 05:20:22,902 - mmdet - INFO - Epoch [12][850/1652]	lr: 1.000e-05, eta: 0:08:39, time: 0.637, data_time: 0.053, memory: 6078, bbox_loss: 0.3476, cls_loss: 0.1958, loss: 0.5433, grad_norm: 1.6112
2026-06-04 05:20:55,386 - mmdet - INFO - Epoch [12][900/1652]	lr: 1.000e-05, eta: 0:08:07, time: 0.650, data_time: 0.055, memory: 6078, bbox_loss: 0.3425, cls_loss: 0.1927, loss: 0.5352, grad_norm: 1.6647
2026-06-04 05:21:27,399 - mmdet - INFO - Epoch [12][950/1652]	lr: 1.000e-05, eta: 0:07:34, time: 0.640, data_time: 0.055, memory: 6078, bbox_loss: 0.3419, cls_loss: 0.1930, loss: 0.5349, grad_norm: 1.6224
2026-06-04 05:21:59,686 - mmdet - INFO - Epoch [12][1000/1652]	lr: 1.000e-05, eta: 0:07:02, time: 0.646, data_time: 0.054, memory: 6078, bbox_loss: 0.3378, cls_loss: 0.1846, loss: 0.5224, grad_norm: 1.6721
2026-06-04 05:22:31,827 - mmdet - INFO - Epoch [12][1050/1652]	lr: 1.000e-05, eta: 0:06:30, time: 0.643, data_time: 0.055, memory: 6078, bbox_loss: 0.3494, cls_loss: 0.1977, loss: 0.5471, grad_norm: 1.6599
2026-06-04 05:23:03,809 - mmdet - INFO - Epoch [12][1100/1652]	lr: 1.000e-05, eta: 0:05:57, time: 0.640, data_time: 0.055, memory: 6078, bbox_loss: 0.3426, cls_loss: 0.1943, loss: 0.5368, grad_norm: 1.7315
2026-06-04 05:23:36,331 - mmdet - INFO - Epoch [12][1150/1652]	lr: 1.000e-05, eta: 0:05:25, time: 0.650, data_time: 0.056, memory: 6078, bbox_loss: 0.3437, cls_loss: 0.1872, loss: 0.5309, grad_norm: 1.6586
2026-06-04 05:24:08,305 - mmdet - INFO - Epoch [12][1200/1652]	lr: 1.000e-05, eta: 0:04:52, time: 0.639, data_time: 0.052, memory: 6078, bbox_loss: 0.3414, cls_loss: 0.1978, loss: 0.5392, grad_norm: 1.7635
2026-06-04 05:24:40,306 - mmdet - INFO - Epoch [12][1250/1652]	lr: 1.000e-05, eta: 0:04:20, time: 0.640, data_time: 0.053, memory: 6078, bbox_loss: 0.3444, cls_loss: 0.1901, loss: 0.5345, grad_norm: 1.5907
2026-06-04 05:25:12,281 - mmdet - INFO - Epoch [12][1300/1652]	lr: 1.000e-05, eta: 0:03:48, time: 0.639, data_time: 0.053, memory: 6078, bbox_loss: 0.3421, cls_loss: 0.1901, loss: 0.5322, grad_norm: 1.7314
2026-06-04 05:25:44,216 - mmdet - INFO - Epoch [12][1350/1652]	lr: 1.000e-05, eta: 0:03:15, time: 0.639, data_time: 0.055, memory: 6078, bbox_loss: 0.3434, cls_loss: 0.1899, loss: 0.5333, grad_norm: 2.8601
2026-06-04 05:26:17,943 - mmdet - INFO - Epoch [12][1400/1652]	lr: 1.000e-05, eta: 0:02:43, time: 0.675, data_time: 0.054, memory: 6078, bbox_loss: 0.3371, cls_loss: 0.1853, loss: 0.5224, grad_norm: 1.7001
2026-06-04 05:26:51,043 - mmdet - INFO - Epoch [12][1450/1652]	lr: 1.000e-05, eta: 0:02:10, time: 0.662, data_time: 0.055, memory: 6078, bbox_loss: 0.3405, cls_loss: 0.1882, loss: 0.5288, grad_norm: 1.6999
2026-06-04 05:27:24,479 - mmdet - INFO - Epoch [12][1500/1652]	lr: 1.000e-05, eta: 0:01:38, time: 0.669, data_time: 0.055, memory: 6078, bbox_loss: 0.3418, cls_loss: 0.1890, loss: 0.5308, grad_norm: 1.7448
2026-06-04 05:27:56,269 - mmdet - INFO - Epoch [12][1550/1652]	lr: 1.000e-05, eta: 0:01:06, time: 0.636, data_time: 0.052, memory: 6078, bbox_loss: 0.3536, cls_loss: 0.1873, loss: 0.5409, grad_norm: 1.6429
2026-06-04 05:28:27,622 - mmdet - INFO - Epoch [12][1600/1652]	lr: 1.000e-05, eta: 0:00:33, time: 0.627, data_time: 0.053, memory: 6078, bbox_loss: 0.3320, cls_loss: 0.1881, loss: 0.5201, grad_norm: 1.7833
2026-06-04 05:29:01,041 - mmdet - INFO - Epoch [12][1650/1652]	lr: 1.000e-05, eta: 0:00:01, time: 0.668, data_time: 0.055, memory: 6078, bbox_loss: 0.3453, cls_loss: 0.1927, loss: 0.5380, grad_norm: 1.5708
2026-06-04 05:29:02,349 - mmdet - INFO - Saving checkpoint at 12 epochs
2026-06-04 05:33:27,153 - mmdet - INFO - 
+-------------+---------+---------+---------+---------+
| classes     | AP_0.25 | AR_0.25 | AP_0.50 | AR_0.50 |
+-------------+---------+---------+---------+---------+
| bed         | 0.8878  | 0.9903  | 0.7239  | 0.8388  |
| table       | 0.5828  | 0.9753  | 0.3993  | 0.7509  |
| sofa        | 0.7336  | 0.9904  | 0.6235  | 0.8437  |
| chair       | 0.8483  | 0.9763  | 0.7316  | 0.8850  |
| toilet      | 0.9529  | 1.0000  | 0.8083  | 0.9103  |
| desk        | 0.4648  | 0.9548  | 0.2584  | 0.6769  |
| dresser     | 0.4566  | 0.9450  | 0.3384  | 0.7569  |
| night_stand | 0.7325  | 0.9686  | 0.6224  | 0.8706  |
| bookshelf   | 0.4381  | 0.9043  | 0.1542  | 0.4539  |
| bathtub     | 0.7499  | 0.9796  | 0.6351  | 0.7551  |
+-------------+---------+---------+---------+---------+
| Overall     | 0.6847  | 0.9685  | 0.5295  | 0.7742  |
+-------------+---------+---------+---------+---------+
2026-06-04 05:33:28,262 - mmdet - INFO - Exp name: tr3d-ff_sunrgbd-3d-10class.py
2026-06-04 05:33:28,262 - mmdet - INFO - Epoch(val) [12][5050]	bed_AP_0.25: 0.8878, table_AP_0.25: 0.5828, sofa_AP_0.25: 0.7336, chair_AP_0.25: 0.8483, toilet_AP_0.25: 0.9529, desk_AP_0.25: 0.4648, dresser_AP_0.25: 0.4566, night_stand_AP_0.25: 0.7325, bookshelf_AP_0.25: 0.4381, bathtub_AP_0.25: 0.7499, mAP_0.25: 0.6847, bed_rec_0.25: 0.9903, table_rec_0.25: 0.9753, sofa_rec_0.25: 0.9904, chair_rec_0.25: 0.9763, toilet_rec_0.25: 1.0000, desk_rec_0.25: 0.9548, dresser_rec_0.25: 0.9450, night_stand_rec_0.25: 0.9686, bookshelf_rec_0.25: 0.9043, bathtub_rec_0.25: 0.9796, mAR_0.25: 0.9685, bed_AP_0.50: 0.7239, table_AP_0.50: 0.3993, sofa_AP_0.50: 0.6235, chair_AP_0.50: 0.7316, toilet_AP_0.50: 0.8083, desk_AP_0.50: 0.2584, dresser_AP_0.50: 0.3384, night_stand_AP_0.50: 0.6224, bookshelf_AP_0.50: 0.1542, bathtub_AP_0.50: 0.6351, mAP_0.50: 0.5295, bed_rec_0.50: 0.8388, table_rec_0.50: 0.7509, sofa_rec_0.50: 0.8437, chair_rec_0.50: 0.8850, toilet_rec_0.50: 0.9103, desk_rec_0.50: 0.6769, dresser_rec_0.50: 0.7569, night_stand_rec_0.50: 0.8706, bookshelf_rec_0.50: 0.4539, bathtub_rec_0.50: 0.7551, mAR_0.50: 0.7742
