2026-06-08 09:11:55,233 - mmdet - INFO - Environment info:
------------------------------------------------------------
sys.platform: linux
Python: 3.9.25 (main, Nov  3 2025, 22:33:05) [GCC 11.2.0]
CUDA available: True
GPU 0: NVIDIA L40
CUDA_HOME: /usr/local/cuda-11.8
NVCC: Cuda compilation tools, release 11.8, V11.8.89
GCC: gcc (Ubuntu 11.4.0-1ubuntu1~22.04.3) 11.4.0
PyTorch: 2.0.0+cu118
PyTorch compiling details: PyTorch built with:
  - GCC 9.3
  - C++ Version: 201703
  - Intel(R) oneAPI Math Kernel Library Version 2022.2-Product Build 20220804 for Intel(R) 64 architecture applications
  - Intel(R) MKL-DNN v2.7.3 (Git Hash 6dbeffbae1f23cbbeae17adb7b5b13f1f37c080e)
  - OpenMP 201511 (a.k.a. OpenMP 4.5)
  - LAPACK is enabled (usually provided by MKL)
  - NNPACK is enabled
  - CPU capability usage: AVX2
  - CUDA Runtime 11.8
  - NVCC architecture flags: -gencode;arch=compute_37,code=sm_37;-gencode;arch=compute_50,code=sm_50;-gencode;arch=compute_60,code=sm_60;-gencode;arch=compute_70,code=sm_70;-gencode;arch=compute_75,code=sm_75;-gencode;arch=compute_80,code=sm_80;-gencode;arch=compute_86,code=sm_86;-gencode;arch=compute_90,code=sm_90
  - CuDNN 8.7
  - Magma 2.6.1
  - Build settings: BLAS_INFO=mkl, BUILD_TYPE=Release, CUDA_VERSION=11.8, CUDNN_VERSION=8.7.0, CXX_COMPILER=/opt/rh/devtoolset-9/root/usr/bin/c++, CXX_FLAGS= -D_GLIBCXX_USE_CXX11_ABI=0 -fabi-version=11 -Wno-deprecated -fvisibility-inlines-hidden -DUSE_PTHREADPOOL -DNDEBUG -DUSE_KINETO -DLIBKINETO_NOROCTRACER -DUSE_FBGEMM -DUSE_QNNPACK -DUSE_PYTORCH_QNNPACK -DUSE_XNNPACK -DSYMBOLICATE_MOBILE_DEBUG_HANDLE -O2 -fPIC -Wall -Wextra -Werror=return-type -Werror=non-virtual-dtor -Werror=bool-operation -Wnarrowing -Wno-missing-field-initializers -Wno-type-limits -Wno-array-bounds -Wno-unknown-pragmas -Wunused-local-typedefs -Wno-unused-parameter -Wno-unused-function -Wno-unused-result -Wno-strict-overflow -Wno-strict-aliasing -Wno-error=deprecated-declarations -Wno-stringop-overflow -Wno-psabi -Wno-error=pedantic -Wno-error=redundant-decls -Wno-error=old-style-cast -fdiagnostics-color=always -faligned-new -Wno-unused-but-set-variable -Wno-maybe-uninitialized -fno-math-errno -fno-trapping-math -Werror=format -Werror=cast-function-type -Wno-stringop-overflow, LAPACK_INFO=mkl, PERF_WITH_AVX=1, PERF_WITH_AVX2=1, PERF_WITH_AVX512=1, TORCH_DISABLE_GPU_ASSERTS=ON, TORCH_VERSION=2.0.0, USE_CUDA=ON, USE_CUDNN=ON, USE_EXCEPTION_PTR=1, USE_GFLAGS=OFF, USE_GLOG=OFF, USE_MKL=ON, USE_MKLDNN=ON, USE_MPI=OFF, USE_NCCL=1, USE_NNPACK=ON, USE_OPENMP=ON, USE_ROCM=OFF, 

TorchVision: 0.15.1+cu118
OpenCV: 4.8.1
MMCV: 1.6.0
MMCV Compiler: GCC 11.4
MMCV CUDA Compiler: 11.8
MMDetection: 2.25.1
MMSegmentation: 0.25.0
MMDetection3D: 1.0.0rc3+ffc9f99
spconv2.0: False
------------------------------------------------------------

2026-06-08 09:11:55,968 - mmdet - INFO - Distributed training: False
2026-06-08 09:11:56,766 - mmdet - INFO - Config:
voxel_size = 0.01
model = dict(
    type='TR3DFF3DDetector',
    img_backbone=dict(
        type='ResNet',
        depth=50,
        num_stages=4,
        out_indices=(0, 1, 2, 3),
        frozen_stages=1,
        norm_cfg=dict(type='BN', requires_grad=False),
        norm_eval=True,
        style='caffe'),
    img_neck=dict(
        type='FPN',
        in_channels=[256, 512, 1024, 2048],
        out_channels=256,
        num_outs=5),
    backbone=dict(
        type='MinkFFResNet',
        in_channels=3,
        max_channels=128,
        depth=34,
        norm='batch'),
    neck=dict(
        type='TR3DNeck', in_channels=(64, 128, 128, 128), out_channels=128),
    head=dict(
        type='TR3DHead',
        in_channels=128,
        n_reg_outs=8,
        n_classes=10,
        voxel_size=0.01,
        assigner=dict(
            type='TR3DAssigner',
            top_pts_threshold=6,
            label2level=[1, 1, 1, 0, 0, 1, 0, 0, 1, 0]),
        bbox_loss=dict(type='RotatedIoU3DLoss', mode='diou',
                       reduction='none')),
    voxel_size=0.01,
    train_cfg=dict(),
    test_cfg=dict(nms_pre=1000, iou_thr=0.5, score_thr=0.01))
optimizer = dict(type='AdamW', lr=0.001, weight_decay=0.0001)
optimizer_config = dict(grad_clip=dict(max_norm=10, norm_type=2))
lr_config = dict(policy='step', warmup=None, step=[8, 11])
runner = dict(type='EpochBasedRunner', max_epochs=12)
evaluation = dict(interval=12)
custom_hooks = [dict(type='EmptyCacheHook', after_iter=True)]
checkpoint_config = dict(interval=1, max_keep_ckpts=1)
log_config = dict(interval=50, hooks=[dict(type='TextLoggerHook')])
dist_params = dict(backend='nccl')
log_level = 'INFO'
work_dir = '/home/zero/USER/HEYU/tr3d/work_dirs/NN/DFF/DFF_TR3D_FF_FIG6_Ture_FZ/4'
load_from = '/home/zero/USER/HEYU/MODEL/imvotenet_faster_rcnn_r50_fpn_2x4_sunrgbd-3d-10class_20210819_225618-62eba6ce.pth'
resume_from = None
workflow = [('train', 1)]
dataset_type = 'SUNRGBDDataset'
data_root = '/home/zero/USER/HEYU/DATA/sunrgbd_matlab/'
class_names = ('bed', 'table', 'sofa', 'chair', 'toilet', 'desk', 'dresser',
               'night_stand', 'bookshelf', 'bathtub')
img_norm_cfg = dict(
    mean=[103.53, 116.28, 123.675], std=[1.0, 1.0, 1.0], to_rgb=False)
train_pipeline = [
    dict(
        type='LoadPointsFromFile',
        coord_type='DEPTH',
        shift_height=False,
        use_color=True,
        load_dim=6,
        use_dim=[0, 1, 2, 3, 4, 5]),
    dict(type='LoadImageFromFile'),
    dict(type='LoadAnnotations3D'),
    dict(
        type='Resize',
        img_scale=[(1333, 480), (1333, 504), (1333, 528), (1333, 552),
                   (1333, 576), (1333, 600)],
        multiscale_mode='value',
        keep_ratio=True),
    dict(
        type='Normalize',
        mean=[103.53, 116.28, 123.675],
        std=[1.0, 1.0, 1.0],
        to_rgb=False),
    dict(type='Pad', size_divisor=32),
    dict(
        type='RandomFlip3D',
        sync_2d=False,
        flip_ratio_bev_horizontal=0.5,
        flip_ratio_bev_vertical=0.0),
    dict(
        type='GlobalRotScaleTrans',
        rot_range=[-0.523599, 0.523599],
        scale_ratio_range=[0.85, 1.15],
        translation_std=[0.1, 0.1, 0.1],
        shift_height=False),
    dict(
        type='DefaultFormatBundle3D',
        class_names=('bed', 'table', 'sofa', 'chair', 'toilet', 'desk',
                     'dresser', 'night_stand', 'bookshelf', 'bathtub')),
    dict(
        type='Collect3D',
        keys=['points', 'img', 'gt_bboxes_3d', 'gt_labels_3d'])
]
test_pipeline = [
    dict(
        type='LoadPointsFromFile',
        coord_type='DEPTH',
        shift_height=False,
        use_color=True,
        load_dim=6,
        use_dim=[0, 1, 2, 3, 4, 5]),
    dict(type='LoadImageFromFile'),
    dict(
        type='MultiScaleFlipAug3D',
        img_scale=(1333, 600),
        pts_scale_ratio=1,
        flip=False,
        transforms=[
            dict(type='Resize', multiscale_mode='value', keep_ratio=True),
            dict(
                type='Normalize',
                mean=[103.53, 116.28, 123.675],
                std=[1.0, 1.0, 1.0],
                to_rgb=False),
            dict(type='Pad', size_divisor=32),
            dict(
                type='DefaultFormatBundle3D',
                class_names=('bed', 'table', 'sofa', 'chair', 'toilet', 'desk',
                             'dresser', 'night_stand', 'bookshelf', 'bathtub'),
                with_label=False),
            dict(type='Collect3D', keys=['points', 'img'])
        ])
]
data = dict(
    samples_per_gpu=16,
    workers_per_gpu=4,
    train=dict(
        type='RepeatDataset',
        times=5,
        dataset=dict(
            type='SUNRGBDDataset',
            modality=dict(use_camera=True, use_lidar=True),
            data_root='/home/zero/USER/HEYU/DATA/sunrgbd_matlab/',
            ann_file=
            '/home/zero/USER/HEYU/DATA/sunrgbd_matlab/sunrgbd_infos_train.pkl',
            pipeline=[
                dict(
                    type='LoadPointsFromFile',
                    coord_type='DEPTH',
                    shift_height=False,
                    use_color=True,
                    load_dim=6,
                    use_dim=[0, 1, 2, 3, 4, 5]),
                dict(type='LoadImageFromFile'),
                dict(type='LoadAnnotations3D'),
                dict(
                    type='Resize',
                    img_scale=[(1333, 480), (1333, 504), (1333, 528),
                               (1333, 552), (1333, 576), (1333, 600)],
                    multiscale_mode='value',
                    keep_ratio=True),
                dict(
                    type='Normalize',
                    mean=[103.53, 116.28, 123.675],
                    std=[1.0, 1.0, 1.0],
                    to_rgb=False),
                dict(type='Pad', size_divisor=32),
                dict(
                    type='RandomFlip3D',
                    sync_2d=False,
                    flip_ratio_bev_horizontal=0.5,
                    flip_ratio_bev_vertical=0.0),
                dict(
                    type='GlobalRotScaleTrans',
                    rot_range=[-0.523599, 0.523599],
                    scale_ratio_range=[0.85, 1.15],
                    translation_std=[0.1, 0.1, 0.1],
                    shift_height=False),
                dict(
                    type='DefaultFormatBundle3D',
                    class_names=('bed', 'table', 'sofa', 'chair', 'toilet',
                                 'desk', 'dresser', 'night_stand', 'bookshelf',
                                 'bathtub')),
                dict(
                    type='Collect3D',
                    keys=['points', 'img', 'gt_bboxes_3d', 'gt_labels_3d'])
            ],
            filter_empty_gt=False,
            classes=('bed', 'table', 'sofa', 'chair', 'toilet', 'desk',
                     'dresser', 'night_stand', 'bookshelf', 'bathtub'),
            box_type_3d='Depth')),
    val=dict(
        type='SUNRGBDDataset',
        modality=dict(use_camera=True, use_lidar=True),
        data_root='/home/zero/USER/HEYU/DATA/sunrgbd_matlab/',
        ann_file=
        '/home/zero/USER/HEYU/DATA/sunrgbd_matlab/sunrgbd_infos_val.pkl',
        pipeline=[
            dict(
                type='LoadPointsFromFile',
                coord_type='DEPTH',
                shift_height=False,
                use_color=True,
                load_dim=6,
                use_dim=[0, 1, 2, 3, 4, 5]),
            dict(type='LoadImageFromFile'),
            dict(
                type='MultiScaleFlipAug3D',
                img_scale=(1333, 600),
                pts_scale_ratio=1,
                flip=False,
                transforms=[
                    dict(
                        type='Resize',
                        multiscale_mode='value',
                        keep_ratio=True),
                    dict(
                        type='Normalize',
                        mean=[103.53, 116.28, 123.675],
                        std=[1.0, 1.0, 1.0],
                        to_rgb=False),
                    dict(type='Pad', size_divisor=32),
                    dict(
                        type='DefaultFormatBundle3D',
                        class_names=('bed', 'table', 'sofa', 'chair', 'toilet',
                                     'desk', 'dresser', 'night_stand',
                                     'bookshelf', 'bathtub'),
                        with_label=False),
                    dict(type='Collect3D', keys=['points', 'img'])
                ])
        ],
        classes=('bed', 'table', 'sofa', 'chair', 'toilet', 'desk', 'dresser',
                 'night_stand', 'bookshelf', 'bathtub'),
        test_mode=True,
        box_type_3d='Depth'),
    test=dict(
        type='SUNRGBDDataset',
        modality=dict(use_camera=True, use_lidar=True),
        data_root='/home/zero/USER/HEYU/DATA/sunrgbd_matlab/',
        ann_file=
        '/home/zero/USER/HEYU/DATA/sunrgbd_matlab/sunrgbd_infos_val.pkl',
        pipeline=[
            dict(
                type='LoadPointsFromFile',
                coord_type='DEPTH',
                shift_height=False,
                use_color=True,
                load_dim=6,
                use_dim=[0, 1, 2, 3, 4, 5]),
            dict(type='LoadImageFromFile'),
            dict(
                type='MultiScaleFlipAug3D',
                img_scale=(1333, 600),
                pts_scale_ratio=1,
                flip=False,
                transforms=[
                    dict(
                        type='Resize',
                        multiscale_mode='value',
                        keep_ratio=True),
                    dict(
                        type='Normalize',
                        mean=[103.53, 116.28, 123.675],
                        std=[1.0, 1.0, 1.0],
                        to_rgb=False),
                    dict(type='Pad', size_divisor=32),
                    dict(
                        type='DefaultFormatBundle3D',
                        class_names=('bed', 'table', 'sofa', 'chair', 'toilet',
                                     'desk', 'dresser', 'night_stand',
                                     'bookshelf', 'bathtub'),
                        with_label=False),
                    dict(type='Collect3D', keys=['points', 'img'])
                ])
        ],
        classes=('bed', 'table', 'sofa', 'chair', 'toilet', 'desk', 'dresser',
                 'night_stand', 'bookshelf', 'bathtub'),
        test_mode=True,
        box_type_3d='Depth'))
gpu_ids = [0]

2026-06-08 09:11:56,766 - mmdet - INFO - Set random seed to 0, deterministic: False
2026-06-08 09:11:57,024 - mmdet - INFO - Model:
TR3DFF3DDetector(
  (img_backbone): ResNet(
    (conv1): Conv2d(3, 64, kernel_size=(7, 7), stride=(2, 2), padding=(3, 3), bias=False)
    (bn1): BatchNorm2d(64, eps=1e-05, momentum=0.1, affine=True, track_running_stats=True)
    (relu): ReLU(inplace=True)
    (maxpool): MaxPool2d(kernel_size=3, stride=2, padding=1, dilation=1, ceil_mode=False)
    (layer1): ResLayer(
      (0): Bottleneck(
        (conv1): Conv2d(64, 64, kernel_size=(1, 1), stride=(1, 1), bias=False)
        (bn1): BatchNorm2d(64, eps=1e-05, momentum=0.1, affine=True, track_running_stats=True)
        (conv2): Conv2d(64, 64, kernel_size=(3, 3), stride=(1, 1), padding=(1, 1), bias=False)
        (bn2): BatchNorm2d(64, eps=1e-05, momentum=0.1, affine=True, track_running_stats=True)
        (conv3): Conv2d(64, 256, kernel_size=(1, 1), stride=(1, 1), bias=False)
        (bn3): BatchNorm2d(256, eps=1e-05, momentum=0.1, affine=True, track_running_stats=True)
        (relu): ReLU(inplace=True)
        (downsample): Sequential(
          (0): Conv2d(64, 256, kernel_size=(1, 1), stride=(1, 1), bias=False)
          (1): BatchNorm2d(256, eps=1e-05, momentum=0.1, affine=True, track_running_stats=True)
        )
      )
      init_cfg={'type': 'Constant', 'val': 0, 'override': {'name': 'norm3'}}
      (1): Bottleneck(
        (conv1): Conv2d(256, 64, kernel_size=(1, 1), stride=(1, 1), bias=False)
        (bn1): BatchNorm2d(64, eps=1e-05, momentum=0.1, affine=True, track_running_stats=True)
        (conv2): Conv2d(64, 64, kernel_size=(3, 3), stride=(1, 1), padding=(1, 1), bias=False)
        (bn2): BatchNorm2d(64, eps=1e-05, momentum=0.1, affine=True, track_running_stats=True)
        (conv3): Conv2d(64, 256, kernel_size=(1, 1), stride=(1, 1), bias=False)
        (bn3): BatchNorm2d(256, eps=1e-05, momentum=0.1, affine=True, track_running_stats=True)
        (relu): ReLU(inplace=True)
      )
      init_cfg={'type': 'Constant', 'val': 0, 'override': {'name': 'norm3'}}
      (2): Bottleneck(
        (conv1): Conv2d(256, 64, kernel_size=(1, 1), stride=(1, 1), bias=False)
        (bn1): BatchNorm2d(64, eps=1e-05, momentum=0.1, affine=True, track_running_stats=True)
        (conv2): Conv2d(64, 64, kernel_size=(3, 3), stride=(1, 1), padding=(1, 1), bias=False)
        (bn2): BatchNorm2d(64, eps=1e-05, momentum=0.1, affine=True, track_running_stats=True)
        (conv3): Conv2d(64, 256, kernel_size=(1, 1), stride=(1, 1), bias=False)
        (bn3): BatchNorm2d(256, eps=1e-05, momentum=0.1, affine=True, track_running_stats=True)
        (relu): ReLU(inplace=True)
      )
      init_cfg={'type': 'Constant', 'val': 0, 'override': {'name': 'norm3'}}
    )
    (layer2): ResLayer(
      (0): Bottleneck(
        (conv1): Conv2d(256, 128, kernel_size=(1, 1), stride=(2, 2), bias=False)
        (bn1): BatchNorm2d(128, eps=1e-05, momentum=0.1, affine=True, track_running_stats=True)
        (conv2): Conv2d(128, 128, kernel_size=(3, 3), stride=(1, 1), padding=(1, 1), bias=False)
        (bn2): BatchNorm2d(128, eps=1e-05, momentum=0.1, affine=True, track_running_stats=True)
        (conv3): Conv2d(128, 512, kernel_size=(1, 1), stride=(1, 1), bias=False)
        (bn3): BatchNorm2d(512, eps=1e-05, momentum=0.1, affine=True, track_running_stats=True)
        (relu): ReLU(inplace=True)
        (downsample): Sequential(
          (0): Conv2d(256, 512, kernel_size=(1, 1), stride=(2, 2), bias=False)
          (1): BatchNorm2d(512, eps=1e-05, momentum=0.1, affine=True, track_running_stats=True)
        )
      )
      init_cfg={'type': 'Constant', 'val': 0, 'override': {'name': 'norm3'}}
      (1): Bottleneck(
        (conv1): Conv2d(512, 128, kernel_size=(1, 1), stride=(1, 1), bias=False)
        (bn1): BatchNorm2d(128, eps=1e-05, momentum=0.1, affine=True, track_running_stats=True)
        (conv2): Conv2d(128, 128, kernel_size=(3, 3), stride=(1, 1), padding=(1, 1), bias=False)
        (bn2): BatchNorm2d(128, eps=1e-05, momentum=0.1, affine=True, track_running_stats=True)
        (conv3): Conv2d(128, 512, kernel_size=(1, 1), stride=(1, 1), bias=False)
        (bn3): BatchNorm2d(512, eps=1e-05, momentum=0.1, affine=True, track_running_stats=True)
        (relu): ReLU(inplace=True)
      )
      init_cfg={'type': 'Constant', 'val': 0, 'override': {'name': 'norm3'}}
      (2): Bottleneck(
        (conv1): Conv2d(512, 128, kernel_size=(1, 1), stride=(1, 1), bias=False)
        (bn1): BatchNorm2d(128, eps=1e-05, momentum=0.1, affine=True, track_running_stats=True)
        (conv2): Conv2d(128, 128, kernel_size=(3, 3), stride=(1, 1), padding=(1, 1), bias=False)
        (bn2): BatchNorm2d(128, eps=1e-05, momentum=0.1, affine=True, track_running_stats=True)
        (conv3): Conv2d(128, 512, kernel_size=(1, 1), stride=(1, 1), bias=False)
        (bn3): BatchNorm2d(512, eps=1e-05, momentum=0.1, affine=True, track_running_stats=True)
        (relu): ReLU(inplace=True)
      )
      init_cfg={'type': 'Constant', 'val': 0, 'override': {'name': 'norm3'}}
      (3): Bottleneck(
        (conv1): Conv2d(512, 128, kernel_size=(1, 1), stride=(1, 1), bias=False)
        (bn1): BatchNorm2d(128, eps=1e-05, momentum=0.1, affine=True, track_running_stats=True)
        (conv2): Conv2d(128, 128, kernel_size=(3, 3), stride=(1, 1), padding=(1, 1), bias=False)
        (bn2): BatchNorm2d(128, eps=1e-05, momentum=0.1, affine=True, track_running_stats=True)
        (conv3): Conv2d(128, 512, kernel_size=(1, 1), stride=(1, 1), bias=False)
        (bn3): BatchNorm2d(512, eps=1e-05, momentum=0.1, affine=True, track_running_stats=True)
        (relu): ReLU(inplace=True)
      )
      init_cfg={'type': 'Constant', 'val': 0, 'override': {'name': 'norm3'}}
    )
    (layer3): ResLayer(
      (0): Bottleneck(
        (conv1): Conv2d(512, 256, kernel_size=(1, 1), stride=(2, 2), bias=False)
        (bn1): BatchNorm2d(256, eps=1e-05, momentum=0.1, affine=True, track_running_stats=True)
        (conv2): Conv2d(256, 256, kernel_size=(3, 3), stride=(1, 1), padding=(1, 1), bias=False)
        (bn2): BatchNorm2d(256, eps=1e-05, momentum=0.1, affine=True, track_running_stats=True)
        (conv3): Conv2d(256, 1024, kernel_size=(1, 1), stride=(1, 1), bias=False)
        (bn3): BatchNorm2d(1024, eps=1e-05, momentum=0.1, affine=True, track_running_stats=True)
        (relu): ReLU(inplace=True)
        (downsample): Sequential(
          (0): Conv2d(512, 1024, kernel_size=(1, 1), stride=(2, 2), bias=False)
          (1): BatchNorm2d(1024, eps=1e-05, momentum=0.1, affine=True, track_running_stats=True)
        )
      )
      init_cfg={'type': 'Constant', 'val': 0, 'override': {'name': 'norm3'}}
      (1): Bottleneck(
        (conv1): Conv2d(1024, 256, kernel_size=(1, 1), stride=(1, 1), bias=False)
        (bn1): BatchNorm2d(256, eps=1e-05, momentum=0.1, affine=True, track_running_stats=True)
        (conv2): Conv2d(256, 256, kernel_size=(3, 3), stride=(1, 1), padding=(1, 1), bias=False)
        (bn2): BatchNorm2d(256, eps=1e-05, momentum=0.1, affine=True, track_running_stats=True)
        (conv3): Conv2d(256, 1024, kernel_size=(1, 1), stride=(1, 1), bias=False)
        (bn3): BatchNorm2d(1024, eps=1e-05, momentum=0.1, affine=True, track_running_stats=True)
        (relu): ReLU(inplace=True)
      )
      init_cfg={'type': 'Constant', 'val': 0, 'override': {'name': 'norm3'}}
      (2): Bottleneck(
        (conv1): Conv2d(1024, 256, kernel_size=(1, 1), stride=(1, 1), bias=False)
        (bn1): BatchNorm2d(256, eps=1e-05, momentum=0.1, affine=True, track_running_stats=True)
        (conv2): Conv2d(256, 256, kernel_size=(3, 3), stride=(1, 1), padding=(1, 1), bias=False)
        (bn2): BatchNorm2d(256, eps=1e-05, momentum=0.1, affine=True, track_running_stats=True)
        (conv3): Conv2d(256, 1024, kernel_size=(1, 1), stride=(1, 1), bias=False)
        (bn3): BatchNorm2d(1024, eps=1e-05, momentum=0.1, affine=True, track_running_stats=True)
        (relu): ReLU(inplace=True)
      )
      init_cfg={'type': 'Constant', 'val': 0, 'override': {'name': 'norm3'}}
      (3): Bottleneck(
        (conv1): Conv2d(1024, 256, kernel_size=(1, 1), stride=(1, 1), bias=False)
        (bn1): BatchNorm2d(256, eps=1e-05, momentum=0.1, affine=True, track_running_stats=True)
        (conv2): Conv2d(256, 256, kernel_size=(3, 3), stride=(1, 1), padding=(1, 1), bias=False)
        (bn2): BatchNorm2d(256, eps=1e-05, momentum=0.1, affine=True, track_running_stats=True)
        (conv3): Conv2d(256, 1024, kernel_size=(1, 1), stride=(1, 1), bias=False)
        (bn3): BatchNorm2d(1024, eps=1e-05, momentum=0.1, affine=True, track_running_stats=True)
        (relu): ReLU(inplace=True)
      )
      init_cfg={'type': 'Constant', 'val': 0, 'override': {'name': 'norm3'}}
      (4): Bottleneck(
        (conv1): Conv2d(1024, 256, kernel_size=(1, 1), stride=(1, 1), bias=False)
        (bn1): BatchNorm2d(256, eps=1e-05, momentum=0.1, affine=True, track_running_stats=True)
        (conv2): Conv2d(256, 256, kernel_size=(3, 3), stride=(1, 1), padding=(1, 1), bias=False)
        (bn2): BatchNorm2d(256, eps=1e-05, momentum=0.1, affine=True, track_running_stats=True)
        (conv3): Conv2d(256, 1024, kernel_size=(1, 1), stride=(1, 1), bias=False)
        (bn3): BatchNorm2d(1024, eps=1e-05, momentum=0.1, affine=True, track_running_stats=True)
        (relu): ReLU(inplace=True)
      )
      init_cfg={'type': 'Constant', 'val': 0, 'override': {'name': 'norm3'}}
      (5): Bottleneck(
        (conv1): Conv2d(1024, 256, kernel_size=(1, 1), stride=(1, 1), bias=False)
        (bn1): BatchNorm2d(256, eps=1e-05, momentum=0.1, affine=True, track_running_stats=True)
        (conv2): Conv2d(256, 256, kernel_size=(3, 3), stride=(1, 1), padding=(1, 1), bias=False)
        (bn2): BatchNorm2d(256, eps=1e-05, momentum=0.1, affine=True, track_running_stats=True)
        (conv3): Conv2d(256, 1024, kernel_size=(1, 1), stride=(1, 1), bias=False)
        (bn3): BatchNorm2d(1024, eps=1e-05, momentum=0.1, affine=True, track_running_stats=True)
        (relu): ReLU(inplace=True)
      )
      init_cfg={'type': 'Constant', 'val': 0, 'override': {'name': 'norm3'}}
    )
    (layer4): ResLayer(
      (0): Bottleneck(
        (conv1): Conv2d(1024, 512, kernel_size=(1, 1), stride=(2, 2), bias=False)
        (bn1): BatchNorm2d(512, eps=1e-05, momentum=0.1, affine=True, track_running_stats=True)
        (conv2): Conv2d(512, 512, kernel_size=(3, 3), stride=(1, 1), padding=(1, 1), bias=False)
        (bn2): BatchNorm2d(512, eps=1e-05, momentum=0.1, affine=True, track_running_stats=True)
        (conv3): Conv2d(512, 2048, kernel_size=(1, 1), stride=(1, 1), bias=False)
        (bn3): BatchNorm2d(2048, eps=1e-05, momentum=0.1, affine=True, track_running_stats=True)
        (relu): ReLU(inplace=True)
        (downsample): Sequential(
          (0): Conv2d(1024, 2048, kernel_size=(1, 1), stride=(2, 2), bias=False)
          (1): BatchNorm2d(2048, eps=1e-05, momentum=0.1, affine=True, track_running_stats=True)
        )
      )
      init_cfg={'type': 'Constant', 'val': 0, 'override': {'name': 'norm3'}}
      (1): Bottleneck(
        (conv1): Conv2d(2048, 512, kernel_size=(1, 1), stride=(1, 1), bias=False)
        (bn1): BatchNorm2d(512, eps=1e-05, momentum=0.1, affine=True, track_running_stats=True)
        (conv2): Conv2d(512, 512, kernel_size=(3, 3), stride=(1, 1), padding=(1, 1), bias=False)
        (bn2): BatchNorm2d(512, eps=1e-05, momentum=0.1, affine=True, track_running_stats=True)
        (conv3): Conv2d(512, 2048, kernel_size=(1, 1), stride=(1, 1), bias=False)
        (bn3): BatchNorm2d(2048, eps=1e-05, momentum=0.1, affine=True, track_running_stats=True)
        (relu): ReLU(inplace=True)
      )
      init_cfg={'type': 'Constant', 'val': 0, 'override': {'name': 'norm3'}}
      (2): Bottleneck(
        (conv1): Conv2d(2048, 512, kernel_size=(1, 1), stride=(1, 1), bias=False)
        (bn1): BatchNorm2d(512, eps=1e-05, momentum=0.1, affine=True, track_running_stats=True)
        (conv2): Conv2d(512, 512, kernel_size=(3, 3), stride=(1, 1), padding=(1, 1), bias=False)
        (bn2): BatchNorm2d(512, eps=1e-05, momentum=0.1, affine=True, track_running_stats=True)
        (conv3): Conv2d(512, 2048, kernel_size=(1, 1), stride=(1, 1), bias=False)
        (bn3): BatchNorm2d(2048, eps=1e-05, momentum=0.1, affine=True, track_running_stats=True)
        (relu): ReLU(inplace=True)
      )
      init_cfg={'type': 'Constant', 'val': 0, 'override': {'name': 'norm3'}}
    )
  )
  init_cfg=[{'type': 'Kaiming', 'layer': 'Conv2d'}, {'type': 'Constant', 'val': 1, 'layer': ['_BatchNorm', 'GroupNorm']}]
  (img_neck): FPN(
    (lateral_convs): ModuleList(
      (0): ConvModule(
        (conv): Conv2d(256, 256, kernel_size=(1, 1), stride=(1, 1))
      )
      (1): ConvModule(
        (conv): Conv2d(512, 256, kernel_size=(1, 1), stride=(1, 1))
      )
      (2): ConvModule(
        (conv): Conv2d(1024, 256, kernel_size=(1, 1), stride=(1, 1))
      )
      (3): ConvModule(
        (conv): Conv2d(2048, 256, kernel_size=(1, 1), stride=(1, 1))
      )
    )
    (fpn_convs): ModuleList(
      (0-3): 4 x ConvModule(
        (conv): Conv2d(256, 256, kernel_size=(3, 3), stride=(1, 1), padding=(1, 1))
      )
    )
  )
  init_cfg={'type': 'Xavier', 'layer': 'Conv2d', 'distribution': 'uniform'}
  (backbone): MinkFFResNet(
    (conv1): MinkowskiConvolution(in=3, out=64, kernel_size=[3, 3, 3], stride=[2, 2, 2], dilation=[1, 1, 1])
    (norm1): MinkowskiBatchNorm(64, eps=1e-05, momentum=0.1, affine=True, track_running_stats=True)
    (relu): MinkowskiReLU()
    (maxpool): MinkowskiMaxPooling(kernel_size=[2, 2, 2], stride=[2, 2, 2], dilation=[1, 1, 1])
    (layer1): Sequential(
      (0): BasicBlock(
        (conv1): MinkowskiConvolution(in=64, out=64, kernel_size=[3, 3, 3], stride=[2, 2, 2], dilation=[1, 1, 1])
        (norm1): MinkowskiBatchNorm(64, eps=1e-05, momentum=0.1, affine=True, track_running_stats=True)
        (conv2): MinkowskiConvolution(in=64, out=64, kernel_size=[3, 3, 3], stride=[1, 1, 1], dilation=[1, 1, 1])
        (norm2): MinkowskiBatchNorm(64, eps=1e-05, momentum=0.1, affine=True, track_running_stats=True)
        (relu): MinkowskiReLU()
        (downsample): Sequential(
          (0): MinkowskiConvolution(in=64, out=64, kernel_size=[1, 1, 1], stride=[2, 2, 2], dilation=[1, 1, 1])
          (1): MinkowskiBatchNorm(64, eps=1e-05, momentum=0.1, affine=True, track_running_stats=True)
        )
      )
      (1): BasicBlock(
        (conv1): MinkowskiConvolution(in=64, out=64, kernel_size=[3, 3, 3], stride=[1, 1, 1], dilation=[1, 1, 1])
        (norm1): MinkowskiBatchNorm(64, eps=1e-05, momentum=0.1, affine=True, track_running_stats=True)
        (conv2): MinkowskiConvolution(in=64, out=64, kernel_size=[3, 3, 3], stride=[1, 1, 1], dilation=[1, 1, 1])
        (norm2): MinkowskiBatchNorm(64, eps=1e-05, momentum=0.1, affine=True, track_running_stats=True)
        (relu): MinkowskiReLU()
      )
      (2): BasicBlock(
        (conv1): MinkowskiConvolution(in=64, out=64, kernel_size=[3, 3, 3], stride=[1, 1, 1], dilation=[1, 1, 1])
        (norm1): MinkowskiBatchNorm(64, eps=1e-05, momentum=0.1, affine=True, track_running_stats=True)
        (conv2): MinkowskiConvolution(in=64, out=64, kernel_size=[3, 3, 3], stride=[1, 1, 1], dilation=[1, 1, 1])
        (norm2): MinkowskiBatchNorm(64, eps=1e-05, momentum=0.1, affine=True, track_running_stats=True)
        (relu): MinkowskiReLU()
      )
    )
    (layer2): Sequential(
      (0): BasicBlock(
        (conv1): MinkowskiConvolution(in=64, out=128, kernel_size=[3, 3, 3], stride=[2, 2, 2], dilation=[1, 1, 1])
        (norm1): MinkowskiBatchNorm(128, eps=1e-05, momentum=0.1, affine=True, track_running_stats=True)
        (conv2): MinkowskiConvolution(in=128, out=128, kernel_size=[3, 3, 3], stride=[1, 1, 1], dilation=[1, 1, 1])
        (norm2): MinkowskiBatchNorm(128, eps=1e-05, momentum=0.1, affine=True, track_running_stats=True)
        (relu): MinkowskiReLU()
        (downsample): Sequential(
          (0): MinkowskiConvolution(in=64, out=128, kernel_size=[1, 1, 1], stride=[2, 2, 2], dilation=[1, 1, 1])
          (1): MinkowskiBatchNorm(128, eps=1e-05, momentum=0.1, affine=True, track_running_stats=True)
        )
      )
      (1): BasicBlock(
        (conv1): MinkowskiConvolution(in=128, out=128, kernel_size=[3, 3, 3], stride=[1, 1, 1], dilation=[1, 1, 1])
        (norm1): MinkowskiBatchNorm(128, eps=1e-05, momentum=0.1, affine=True, track_running_stats=True)
        (conv2): MinkowskiConvolution(in=128, out=128, kernel_size=[3, 3, 3], stride=[1, 1, 1], dilation=[1, 1, 1])
        (norm2): MinkowskiBatchNorm(128, eps=1e-05, momentum=0.1, affine=True, track_running_stats=True)
        (relu): MinkowskiReLU()
      )
      (2): BasicBlock(
        (conv1): MinkowskiConvolution(in=128, out=128, kernel_size=[3, 3, 3], stride=[1, 1, 1], dilation=[1, 1, 1])
        (norm1): MinkowskiBatchNorm(128, eps=1e-05, momentum=0.1, affine=True, track_running_stats=True)
        (conv2): MinkowskiConvolution(in=128, out=128, kernel_size=[3, 3, 3], stride=[1, 1, 1], dilation=[1, 1, 1])
        (norm2): MinkowskiBatchNorm(128, eps=1e-05, momentum=0.1, affine=True, track_running_stats=True)
        (relu): MinkowskiReLU()
      )
      (3): BasicBlock(
        (conv1): MinkowskiConvolution(in=128, out=128, kernel_size=[3, 3, 3], stride=[1, 1, 1], dilation=[1, 1, 1])
        (norm1): MinkowskiBatchNorm(128, eps=1e-05, momentum=0.1, affine=True, track_running_stats=True)
        (conv2): MinkowskiConvolution(in=128, out=128, kernel_size=[3, 3, 3], stride=[1, 1, 1], dilation=[1, 1, 1])
        (norm2): MinkowskiBatchNorm(128, eps=1e-05, momentum=0.1, affine=True, track_running_stats=True)
        (relu): MinkowskiReLU()
      )
    )
    (layer3): Sequential(
      (0): BasicBlock(
        (conv1): MinkowskiConvolution(in=128, out=128, kernel_size=[3, 3, 3], stride=[2, 2, 2], dilation=[1, 1, 1])
        (norm1): MinkowskiBatchNorm(128, eps=1e-05, momentum=0.1, affine=True, track_running_stats=True)
        (conv2): MinkowskiConvolution(in=128, out=128, kernel_size=[3, 3, 3], stride=[1, 1, 1], dilation=[1, 1, 1])
        (norm2): MinkowskiBatchNorm(128, eps=1e-05, momentum=0.1, affine=True, track_running_stats=True)
        (relu): MinkowskiReLU()
        (downsample): Sequential(
          (0): MinkowskiConvolution(in=128, out=128, kernel_size=[1, 1, 1], stride=[2, 2, 2], dilation=[1, 1, 1])
          (1): MinkowskiBatchNorm(128, eps=1e-05, momentum=0.1, affine=True, track_running_stats=True)
        )
      )
      (1): BasicBlock(
        (conv1): MinkowskiConvolution(in=128, out=128, kernel_size=[3, 3, 3], stride=[1, 1, 1], dilation=[1, 1, 1])
        (norm1): MinkowskiBatchNorm(128, eps=1e-05, momentum=0.1, affine=True, track_running_stats=True)
        (conv2): MinkowskiConvolution(in=128, out=128, kernel_size=[3, 3, 3], stride=[1, 1, 1], dilation=[1, 1, 1])
        (norm2): MinkowskiBatchNorm(128, eps=1e-05, momentum=0.1, affine=True, track_running_stats=True)
        (relu): MinkowskiReLU()
      )
      (2): BasicBlock(
        (conv1): MinkowskiConvolution(in=128, out=128, kernel_size=[3, 3, 3], stride=[1, 1, 1], dilation=[1, 1, 1])
        (norm1): MinkowskiBatchNorm(128, eps=1e-05, momentum=0.1, affine=True, track_running_stats=True)
        (conv2): MinkowskiConvolution(in=128, out=128, kernel_size=[3, 3, 3], stride=[1, 1, 1], dilation=[1, 1, 1])
        (norm2): MinkowskiBatchNorm(128, eps=1e-05, momentum=0.1, affine=True, track_running_stats=True)
        (relu): MinkowskiReLU()
      )
      (3): BasicBlock(
        (conv1): MinkowskiConvolution(in=128, out=128, kernel_size=[3, 3, 3], stride=[1, 1, 1], dilation=[1, 1, 1])
        (norm1): MinkowskiBatchNorm(128, eps=1e-05, momentum=0.1, affine=True, track_running_stats=True)
        (conv2): MinkowskiConvolution(in=128, out=128, kernel_size=[3, 3, 3], stride=[1, 1, 1], dilation=[1, 1, 1])
        (norm2): MinkowskiBatchNorm(128, eps=1e-05, momentum=0.1, affine=True, track_running_stats=True)
        (relu): MinkowskiReLU()
      )
      (4): BasicBlock(
        (conv1): MinkowskiConvolution(in=128, out=128, kernel_size=[3, 3, 3], stride=[1, 1, 1], dilation=[1, 1, 1])
        (norm1): MinkowskiBatchNorm(128, eps=1e-05, momentum=0.1, affine=True, track_running_stats=True)
        (conv2): MinkowskiConvolution(in=128, out=128, kernel_size=[3, 3, 3], stride=[1, 1, 1], dilation=[1, 1, 1])
        (norm2): MinkowskiBatchNorm(128, eps=1e-05, momentum=0.1, affine=True, track_running_stats=True)
        (relu): MinkowskiReLU()
      )
      (5): BasicBlock(
        (conv1): MinkowskiConvolution(in=128, out=128, kernel_size=[3, 3, 3], stride=[1, 1, 1], dilation=[1, 1, 1])
        (norm1): MinkowskiBatchNorm(128, eps=1e-05, momentum=0.1, affine=True, track_running_stats=True)
        (conv2): MinkowskiConvolution(in=128, out=128, kernel_size=[3, 3, 3], stride=[1, 1, 1], dilation=[1, 1, 1])
        (norm2): MinkowskiBatchNorm(128, eps=1e-05, momentum=0.1, affine=True, track_running_stats=True)
        (relu): MinkowskiReLU()
      )
    )
    (layer4): Sequential(
      (0): BasicBlock(
        (conv1): MinkowskiConvolution(in=128, out=128, kernel_size=[3, 3, 3], stride=[2, 2, 2], dilation=[1, 1, 1])
        (norm1): MinkowskiBatchNorm(128, eps=1e-05, momentum=0.1, affine=True, track_running_stats=True)
        (conv2): MinkowskiConvolution(in=128, out=128, kernel_size=[3, 3, 3], stride=[1, 1, 1], dilation=[1, 1, 1])
        (norm2): MinkowskiBatchNorm(128, eps=1e-05, momentum=0.1, affine=True, track_running_stats=True)
        (relu): MinkowskiReLU()
        (downsample): Sequential(
          (0): MinkowskiConvolution(in=128, out=128, kernel_size=[1, 1, 1], stride=[2, 2, 2], dilation=[1, 1, 1])
          (1): MinkowskiBatchNorm(128, eps=1e-05, momentum=0.1, affine=True, track_running_stats=True)
        )
      )
      (1): BasicBlock(
        (conv1): MinkowskiConvolution(in=128, out=128, kernel_size=[3, 3, 3], stride=[1, 1, 1], dilation=[1, 1, 1])
        (norm1): MinkowskiBatchNorm(128, eps=1e-05, momentum=0.1, affine=True, track_running_stats=True)
        (conv2): MinkowskiConvolution(in=128, out=128, kernel_size=[3, 3, 3], stride=[1, 1, 1], dilation=[1, 1, 1])
        (norm2): MinkowskiBatchNorm(128, eps=1e-05, momentum=0.1, affine=True, track_running_stats=True)
        (relu): MinkowskiReLU()
      )
      (2): BasicBlock(
        (conv1): MinkowskiConvolution(in=128, out=128, kernel_size=[3, 3, 3], stride=[1, 1, 1], dilation=[1, 1, 1])
        (norm1): MinkowskiBatchNorm(128, eps=1e-05, momentum=0.1, affine=True, track_running_stats=True)
        (conv2): MinkowskiConvolution(in=128, out=128, kernel_size=[3, 3, 3], stride=[1, 1, 1], dilation=[1, 1, 1])
        (norm2): MinkowskiBatchNorm(128, eps=1e-05, momentum=0.1, affine=True, track_running_stats=True)
        (relu): MinkowskiReLU()
      )
    )
  )
  (neck): TR3DNeck(
    (lateral_block_0): Sequential(
      (0): MinkowskiConvolution(in=128, out=128, kernel_size=[3, 3, 3], stride=[1, 1, 1], dilation=[1, 1, 1])
      (1): MinkowskiBatchNorm(128, eps=1e-05, momentum=0.1, affine=True, track_running_stats=True)
      (2): MinkowskiReLU()
    )
    (out_block_0): Sequential(
      (0): MinkowskiConvolution(in=128, out=128, kernel_size=[3, 3, 3], stride=[1, 1, 1], dilation=[1, 1, 1])
      (1): MinkowskiBatchNorm(128, eps=1e-05, momentum=0.1, affine=True, track_running_stats=True)
      (2): MinkowskiReLU()
    )
    (up_block_1): Sequential(
      (0): MinkowskiGenerativeConvolutionTranspose(in=128, out=128, kernel_size=[3, 3, 3], stride=[2, 2, 2], dilation=[1, 1, 1])
      (1): MinkowskiBatchNorm(128, eps=1e-05, momentum=0.1, affine=True, track_running_stats=True)
      (2): MinkowskiReLU()
    )
    (lateral_block_1): Sequential(
      (0): MinkowskiConvolution(in=128, out=128, kernel_size=[3, 3, 3], stride=[1, 1, 1], dilation=[1, 1, 1])
      (1): MinkowskiBatchNorm(128, eps=1e-05, momentum=0.1, affine=True, track_running_stats=True)
      (2): MinkowskiReLU()
    )
    (out_block_1): Sequential(
      (0): MinkowskiConvolution(in=128, out=128, kernel_size=[3, 3, 3], stride=[1, 1, 1], dilation=[1, 1, 1])
      (1): MinkowskiBatchNorm(128, eps=1e-05, momentum=0.1, affine=True, track_running_stats=True)
      (2): MinkowskiReLU()
    )
    (up_block_2): Sequential(
      (0): MinkowskiGenerativeConvolutionTranspose(in=128, out=128, kernel_size=[3, 3, 3], stride=[2, 2, 2], dilation=[1, 1, 1])
      (1): MinkowskiBatchNorm(128, eps=1e-05, momentum=0.1, affine=True, track_running_stats=True)
      (2): MinkowskiReLU()
    )
  )
  (head): TR3DHead(
    (bbox_loss): RotatedIoU3DLoss()
    (cls_loss): FocalLoss()
    (bbox_conv): MinkowskiConvolution(in=128, out=8, kernel_size=[1, 1, 1], stride=[1, 1, 1], dilation=[1, 1, 1])
    (cls_conv): MinkowskiConvolution(in=128, out=10, kernel_size=[1, 1, 1], stride=[1, 1, 1], dilation=[1, 1, 1])
  )
  (conv): Sequential(
    (0): MinkowskiConvolution(in=256, out=64, kernel_size=[1, 1, 1], stride=[1, 1, 1], dilation=[1, 1, 1])
    (1): MinkowskiBatchNorm(64, eps=1e-05, momentum=0.1, affine=True, track_running_stats=True)
    (2): MinkowskiReLU()
  )
  (keep_ratio_predictor_MLPNET): KeepRatioPredictorMLPNet(
    (net): Sequential(
      (0): Linear(in_features=6, out_features=128, bias=True)
      (1): ReLU()
      (2): Linear(in_features=128, out_features=2, bias=True)
      (3): Tanh()
    )
  )
)
2026-06-08 09:11:58,435 - mmdet - INFO - load checkpoint from local path: /home/zero/USER/HEYU/MODEL/imvotenet_faster_rcnn_r50_fpn_2x4_sunrgbd-3d-10class_20210819_225618-62eba6ce.pth
2026-06-08 09:11:58,548 - mmdet - WARNING - The model and loaded state dict do not match exactly

unexpected key in source state_dict: img_rpn_head.rpn_conv.weight, img_rpn_head.rpn_conv.bias, img_rpn_head.rpn_cls.weight, img_rpn_head.rpn_cls.bias, img_rpn_head.rpn_reg.weight, img_rpn_head.rpn_reg.bias, img_roi_head.bbox_head.fc_cls.weight, img_roi_head.bbox_head.fc_cls.bias, img_roi_head.bbox_head.fc_reg.weight, img_roi_head.bbox_head.fc_reg.bias, img_roi_head.bbox_head.shared_fcs.0.weight, img_roi_head.bbox_head.shared_fcs.0.bias, img_roi_head.bbox_head.shared_fcs.1.weight, img_roi_head.bbox_head.shared_fcs.1.bias

missing keys in source state_dict: backbone.conv1.kernel, backbone.norm1.bn.weight, backbone.norm1.bn.bias, backbone.norm1.bn.running_mean, backbone.norm1.bn.running_var, backbone.layer1.0.conv1.kernel, backbone.layer1.0.norm1.bn.weight, backbone.layer1.0.norm1.bn.bias, backbone.layer1.0.norm1.bn.running_mean, backbone.layer1.0.norm1.bn.running_var, backbone.layer1.0.conv2.kernel, backbone.layer1.0.norm2.bn.weight, backbone.layer1.0.norm2.bn.bias, backbone.layer1.0.norm2.bn.running_mean, backbone.layer1.0.norm2.bn.running_var, backbone.layer1.0.downsample.0.kernel, backbone.layer1.0.downsample.1.bn.weight, backbone.layer1.0.downsample.1.bn.bias, backbone.layer1.0.downsample.1.bn.running_mean, backbone.layer1.0.downsample.1.bn.running_var, backbone.layer1.1.conv1.kernel, backbone.layer1.1.norm1.bn.weight, backbone.layer1.1.norm1.bn.bias, backbone.layer1.1.norm1.bn.running_mean, backbone.layer1.1.norm1.bn.running_var, backbone.layer1.1.conv2.kernel, backbone.layer1.1.norm2.bn.weight, backbone.layer1.1.norm2.bn.bias, backbone.layer1.1.norm2.bn.running_mean, backbone.layer1.1.norm2.bn.running_var, backbone.layer1.2.conv1.kernel, backbone.layer1.2.norm1.bn.weight, backbone.layer1.2.norm1.bn.bias, backbone.layer1.2.norm1.bn.running_mean, backbone.layer1.2.norm1.bn.running_var, backbone.layer1.2.conv2.kernel, backbone.layer1.2.norm2.bn.weight, backbone.layer1.2.norm2.bn.bias, backbone.layer1.2.norm2.bn.running_mean, backbone.layer1.2.norm2.bn.running_var, backbone.layer2.0.conv1.kernel, backbone.layer2.0.norm1.bn.weight, backbone.layer2.0.norm1.bn.bias, backbone.layer2.0.norm1.bn.running_mean, backbone.layer2.0.norm1.bn.running_var, backbone.layer2.0.conv2.kernel, backbone.layer2.0.norm2.bn.weight, backbone.layer2.0.norm2.bn.bias, backbone.layer2.0.norm2.bn.running_mean, backbone.layer2.0.norm2.bn.running_var, backbone.layer2.0.downsample.0.kernel, backbone.layer2.0.downsample.1.bn.weight, backbone.layer2.0.downsample.1.bn.bias, backbone.layer2.0.downsample.1.bn.running_mean, backbone.layer2.0.downsample.1.bn.running_var, backbone.layer2.1.conv1.kernel, backbone.layer2.1.norm1.bn.weight, backbone.layer2.1.norm1.bn.bias, backbone.layer2.1.norm1.bn.running_mean, backbone.layer2.1.norm1.bn.running_var, backbone.layer2.1.conv2.kernel, backbone.layer2.1.norm2.bn.weight, backbone.layer2.1.norm2.bn.bias, backbone.layer2.1.norm2.bn.running_mean, backbone.layer2.1.norm2.bn.running_var, backbone.layer2.2.conv1.kernel, backbone.layer2.2.norm1.bn.weight, backbone.layer2.2.norm1.bn.bias, backbone.layer2.2.norm1.bn.running_mean, backbone.layer2.2.norm1.bn.running_var, backbone.layer2.2.conv2.kernel, backbone.layer2.2.norm2.bn.weight, backbone.layer2.2.norm2.bn.bias, backbone.layer2.2.norm2.bn.running_mean, backbone.layer2.2.norm2.bn.running_var, backbone.layer2.3.conv1.kernel, backbone.layer2.3.norm1.bn.weight, backbone.layer2.3.norm1.bn.bias, backbone.layer2.3.norm1.bn.running_mean, backbone.layer2.3.norm1.bn.running_var, backbone.layer2.3.conv2.kernel, backbone.layer2.3.norm2.bn.weight, backbone.layer2.3.norm2.bn.bias, backbone.layer2.3.norm2.bn.running_mean, backbone.layer2.3.norm2.bn.running_var, backbone.layer3.0.conv1.kernel, backbone.layer3.0.norm1.bn.weight, backbone.layer3.0.norm1.bn.bias, backbone.layer3.0.norm1.bn.running_mean, backbone.layer3.0.norm1.bn.running_var, backbone.layer3.0.conv2.kernel, backbone.layer3.0.norm2.bn.weight, backbone.layer3.0.norm2.bn.bias, backbone.layer3.0.norm2.bn.running_mean, backbone.layer3.0.norm2.bn.running_var, backbone.layer3.0.downsample.0.kernel, backbone.layer3.0.downsample.1.bn.weight, backbone.layer3.0.downsample.1.bn.bias, backbone.layer3.0.downsample.1.bn.running_mean, backbone.layer3.0.downsample.1.bn.running_var, backbone.layer3.1.conv1.kernel, backbone.layer3.1.norm1.bn.weight, backbone.layer3.1.norm1.bn.bias, backbone.layer3.1.norm1.bn.running_mean, backbone.layer3.1.norm1.bn.running_var, backbone.layer3.1.conv2.kernel, backbone.layer3.1.norm2.bn.weight, backbone.layer3.1.norm2.bn.bias, backbone.layer3.1.norm2.bn.running_mean, backbone.layer3.1.norm2.bn.running_var, backbone.layer3.2.conv1.kernel, backbone.layer3.2.norm1.bn.weight, backbone.layer3.2.norm1.bn.bias, backbone.layer3.2.norm1.bn.running_mean, backbone.layer3.2.norm1.bn.running_var, backbone.layer3.2.conv2.kernel, backbone.layer3.2.norm2.bn.weight, backbone.layer3.2.norm2.bn.bias, backbone.layer3.2.norm2.bn.running_mean, backbone.layer3.2.norm2.bn.running_var, backbone.layer3.3.conv1.kernel, backbone.layer3.3.norm1.bn.weight, backbone.layer3.3.norm1.bn.bias, backbone.layer3.3.norm1.bn.running_mean, backbone.layer3.3.norm1.bn.running_var, backbone.layer3.3.conv2.kernel, backbone.layer3.3.norm2.bn.weight, backbone.layer3.3.norm2.bn.bias, backbone.layer3.3.norm2.bn.running_mean, backbone.layer3.3.norm2.bn.running_var, backbone.layer3.4.conv1.kernel, backbone.layer3.4.norm1.bn.weight, backbone.layer3.4.norm1.bn.bias, backbone.layer3.4.norm1.bn.running_mean, backbone.layer3.4.norm1.bn.running_var, backbone.layer3.4.conv2.kernel, backbone.layer3.4.norm2.bn.weight, backbone.layer3.4.norm2.bn.bias, backbone.layer3.4.norm2.bn.running_mean, backbone.layer3.4.norm2.bn.running_var, backbone.layer3.5.conv1.kernel, backbone.layer3.5.norm1.bn.weight, backbone.layer3.5.norm1.bn.bias, backbone.layer3.5.norm1.bn.running_mean, backbone.layer3.5.norm1.bn.running_var, backbone.layer3.5.conv2.kernel, backbone.layer3.5.norm2.bn.weight, backbone.layer3.5.norm2.bn.bias, backbone.layer3.5.norm2.bn.running_mean, backbone.layer3.5.norm2.bn.running_var, backbone.layer4.0.conv1.kernel, backbone.layer4.0.norm1.bn.weight, backbone.layer4.0.norm1.bn.bias, backbone.layer4.0.norm1.bn.running_mean, backbone.layer4.0.norm1.bn.running_var, backbone.layer4.0.conv2.kernel, backbone.layer4.0.norm2.bn.weight, backbone.layer4.0.norm2.bn.bias, backbone.layer4.0.norm2.bn.running_mean, backbone.layer4.0.norm2.bn.running_var, backbone.layer4.0.downsample.0.kernel, backbone.layer4.0.downsample.1.bn.weight, backbone.layer4.0.downsample.1.bn.bias, backbone.layer4.0.downsample.1.bn.running_mean, backbone.layer4.0.downsample.1.bn.running_var, backbone.layer4.1.conv1.kernel, backbone.layer4.1.norm1.bn.weight, backbone.layer4.1.norm1.bn.bias, backbone.layer4.1.norm1.bn.running_mean, backbone.layer4.1.norm1.bn.running_var, backbone.layer4.1.conv2.kernel, backbone.layer4.1.norm2.bn.weight, backbone.layer4.1.norm2.bn.bias, backbone.layer4.1.norm2.bn.running_mean, backbone.layer4.1.norm2.bn.running_var, backbone.layer4.2.conv1.kernel, backbone.layer4.2.norm1.bn.weight, backbone.layer4.2.norm1.bn.bias, backbone.layer4.2.norm1.bn.running_mean, backbone.layer4.2.norm1.bn.running_var, backbone.layer4.2.conv2.kernel, backbone.layer4.2.norm2.bn.weight, backbone.layer4.2.norm2.bn.bias, backbone.layer4.2.norm2.bn.running_mean, backbone.layer4.2.norm2.bn.running_var, neck.lateral_block_0.0.kernel, neck.lateral_block_0.1.bn.weight, neck.lateral_block_0.1.bn.bias, neck.lateral_block_0.1.bn.running_mean, neck.lateral_block_0.1.bn.running_var, neck.out_block_0.0.kernel, neck.out_block_0.1.bn.weight, neck.out_block_0.1.bn.bias, neck.out_block_0.1.bn.running_mean, neck.out_block_0.1.bn.running_var, neck.up_block_1.0.kernel, neck.up_block_1.1.bn.weight, neck.up_block_1.1.bn.bias, neck.up_block_1.1.bn.running_mean, neck.up_block_1.1.bn.running_var, neck.lateral_block_1.0.kernel, neck.lateral_block_1.1.bn.weight, neck.lateral_block_1.1.bn.bias, neck.lateral_block_1.1.bn.running_mean, neck.lateral_block_1.1.bn.running_var, neck.out_block_1.0.kernel, neck.out_block_1.1.bn.weight, neck.out_block_1.1.bn.bias, neck.out_block_1.1.bn.running_mean, neck.out_block_1.1.bn.running_var, neck.up_block_2.0.kernel, neck.up_block_2.1.bn.weight, neck.up_block_2.1.bn.bias, neck.up_block_2.1.bn.running_mean, neck.up_block_2.1.bn.running_var, head.bbox_conv.kernel, head.bbox_conv.bias, head.cls_conv.kernel, head.cls_conv.bias, conv.0.kernel, conv.1.bn.weight, conv.1.bn.bias, conv.1.bn.running_mean, conv.1.bn.running_var, keep_ratio_predictor_MLPNET.net.0.weight, keep_ratio_predictor_MLPNET.net.0.bias, keep_ratio_predictor_MLPNET.net.2.weight, keep_ratio_predictor_MLPNET.net.2.bias

2026-06-08 09:11:58,555 - mmdet - INFO - Start running, host: zero@l40server, work_dir: /home/zero/USER/HEYU/tr3d/work_dirs/NN/DFF/DFF_TR3D_FF_FIG6_Ture_FZ/4
2026-06-08 09:11:58,555 - mmdet - INFO - Hooks will be executed in the following order:
before_run:
(VERY_HIGH   ) StepLrUpdaterHook                  
(NORMAL      ) CheckpointHook                     
(LOW         ) EvalHook                           
(VERY_LOW    ) TextLoggerHook                     
 -------------------- 
before_train_epoch:
(VERY_HIGH   ) StepLrUpdaterHook                  
(NORMAL      ) EmptyCacheHook                     
(LOW         ) IterTimerHook                      
(LOW         ) EvalHook                           
(VERY_LOW    ) TextLoggerHook                     
 -------------------- 
before_train_iter:
(VERY_HIGH   ) StepLrUpdaterHook                  
(LOW         ) IterTimerHook                      
(LOW         ) EvalHook                           
 -------------------- 
after_train_iter:
(ABOVE_NORMAL) OptimizerHook                      
(NORMAL      ) CheckpointHook                     
(NORMAL      ) EmptyCacheHook                     
(LOW         ) IterTimerHook                      
(LOW         ) EvalHook                           
(VERY_LOW    ) TextLoggerHook                     
 -------------------- 
after_train_epoch:
(NORMAL      ) CheckpointHook                     
(NORMAL      ) EmptyCacheHook                     
(LOW         ) EvalHook                           
(VERY_LOW    ) TextLoggerHook                     
 -------------------- 
before_val_epoch:
(NORMAL      ) EmptyCacheHook                     
(LOW         ) IterTimerHook                      
(VERY_LOW    ) TextLoggerHook                     
 -------------------- 
before_val_iter:
(LOW         ) IterTimerHook                      
 -------------------- 
after_val_iter:
(NORMAL      ) EmptyCacheHook                     
(LOW         ) IterTimerHook                      
 -------------------- 
after_val_epoch:
(NORMAL      ) EmptyCacheHook                     
(VERY_LOW    ) TextLoggerHook                     
 -------------------- 
after_run:
(VERY_LOW    ) TextLoggerHook                     
 -------------------- 
2026-06-08 09:11:58,556 - mmdet - INFO - workflow: [('train', 1)], max: 12 epochs
2026-06-08 09:11:58,556 - mmdet - INFO - Checkpoints will be saved to /home/zero/USER/HEYU/tr3d/work_dirs/NN/DFF/DFF_TR3D_FF_FIG6_Ture_FZ/4 by HardDiskBackend.
2026-06-08 09:12:26,307 - mmdet - INFO - Epoch [1][50/1652]	lr: 1.000e-03, eta: 3:02:53, time: 0.555, data_time: 0.092, memory: 3825, bbox_loss: 0.6328, cls_loss: 0.6471, loss: 1.2800, grad_norm: 7.2185
2026-06-08 09:12:51,266 - mmdet - INFO - Epoch [1][100/1652]	lr: 1.000e-03, eta: 2:53:15, time: 0.499, data_time: 0.043, memory: 3907, bbox_loss: 0.5772, cls_loss: 0.4649, loss: 1.0421, grad_norm: 8.9010
2026-06-08 09:13:14,945 - mmdet - INFO - Epoch [1][150/1652]	lr: 1.000e-03, eta: 2:46:58, time: 0.474, data_time: 0.044, memory: 3907, bbox_loss: 0.5740, cls_loss: 0.4314, loss: 1.0055, grad_norm: 6.8077
2026-06-08 09:13:38,724 - mmdet - INFO - Epoch [1][200/1652]	lr: 1.000e-03, eta: 2:43:48, time: 0.476, data_time: 0.043, memory: 3907, bbox_loss: 0.5561, cls_loss: 0.4099, loss: 0.9660, grad_norm: 7.4374
2026-06-08 09:14:01,879 - mmdet - INFO - Epoch [1][250/1652]	lr: 1.000e-03, eta: 2:40:55, time: 0.463, data_time: 0.041, memory: 3907, bbox_loss: 0.5437, cls_loss: 0.3958, loss: 0.9394, grad_norm: 6.7905
2026-06-08 09:14:25,849 - mmdet - INFO - Epoch [1][300/1652]	lr: 1.000e-03, eta: 2:39:45, time: 0.479, data_time: 0.041, memory: 4000, bbox_loss: 0.5432, cls_loss: 0.3942, loss: 0.9374, grad_norm: 6.6479
2026-06-08 09:14:50,397 - mmdet - INFO - Epoch [1][350/1652]	lr: 1.000e-03, eta: 2:39:20, time: 0.491, data_time: 0.042, memory: 4000, bbox_loss: 0.5238, cls_loss: 0.3771, loss: 0.9009, grad_norm: 6.3534
2026-06-08 09:15:15,117 - mmdet - INFO - Epoch [1][400/1652]	lr: 1.000e-03, eta: 2:39:04, time: 0.494, data_time: 0.042, memory: 4000, bbox_loss: 0.5329, cls_loss: 0.3671, loss: 0.9001, grad_norm: 5.8766
2026-06-08 09:15:39,527 - mmdet - INFO - Epoch [1][450/1652]	lr: 1.000e-03, eta: 2:38:33, time: 0.488, data_time: 0.044, memory: 4000, bbox_loss: 0.5198, cls_loss: 0.3548, loss: 0.8747, grad_norm: 6.4922
2026-06-08 09:16:03,968 - mmdet - INFO - Epoch [1][500/1652]	lr: 1.000e-03, eta: 2:38:04, time: 0.489, data_time: 0.043, memory: 4000, bbox_loss: 0.5253, cls_loss: 0.3529, loss: 0.8782, grad_norm: 7.2451
2026-06-08 09:16:28,123 - mmdet - INFO - Epoch [1][550/1652]	lr: 1.000e-03, eta: 2:37:26, time: 0.483, data_time: 0.042, memory: 4000, bbox_loss: 0.5137, cls_loss: 0.3505, loss: 0.8642, grad_norm: 5.5216
2026-06-08 09:16:53,825 - mmdet - INFO - Epoch [1][600/1652]	lr: 1.000e-03, eta: 2:37:40, time: 0.514, data_time: 0.044, memory: 4000, bbox_loss: 0.5045, cls_loss: 0.3328, loss: 0.8373, grad_norm: 6.5906
2026-06-08 09:17:19,955 - mmdet - INFO - Epoch [1][650/1652]	lr: 1.000e-03, eta: 2:38:00, time: 0.523, data_time: 0.047, memory: 4000, bbox_loss: 0.5038, cls_loss: 0.3411, loss: 0.8448, grad_norm: 6.0660
2026-06-08 09:17:45,864 - mmdet - INFO - Epoch [1][700/1652]	lr: 1.000e-03, eta: 2:38:08, time: 0.518, data_time: 0.043, memory: 4000, bbox_loss: 0.4948, cls_loss: 0.3301, loss: 0.8249, grad_norm: 5.8081
2026-06-08 09:18:11,758 - mmdet - INFO - Epoch [1][750/1652]	lr: 1.000e-03, eta: 2:38:11, time: 0.518, data_time: 0.044, memory: 4000, bbox_loss: 0.4977, cls_loss: 0.3106, loss: 0.8083, grad_norm: 5.5947
2026-06-08 09:18:37,466 - mmdet - INFO - Epoch [1][800/1652]	lr: 1.000e-03, eta: 2:38:05, time: 0.514, data_time: 0.045, memory: 4000, bbox_loss: 0.4909, cls_loss: 0.3332, loss: 0.8242, grad_norm: 5.6239
2026-06-08 09:19:01,842 - mmdet - INFO - Epoch [1][850/1652]	lr: 1.000e-03, eta: 2:37:28, time: 0.488, data_time: 0.043, memory: 4000, bbox_loss: 0.4979, cls_loss: 0.3283, loss: 0.8262, grad_norm: 4.9342
2026-06-08 09:19:25,257 - mmdet - INFO - Epoch [1][900/1652]	lr: 1.000e-03, eta: 2:36:32, time: 0.468, data_time: 0.041, memory: 4000, bbox_loss: 0.4966, cls_loss: 0.3056, loss: 0.8022, grad_norm: 5.5684
2026-06-08 09:19:51,318 - mmdet - INFO - Epoch [1][950/1652]	lr: 1.000e-03, eta: 2:36:32, time: 0.521, data_time: 0.043, memory: 4000, bbox_loss: 0.4911, cls_loss: 0.3062, loss: 0.7974, grad_norm: 4.8408
2026-06-08 09:20:17,684 - mmdet - INFO - Exp name: tr3d-ff_sunrgbd-3d-10class.py
2026-06-08 09:20:17,684 - mmdet - INFO - Epoch [1][1000/1652]	lr: 1.000e-03, eta: 2:36:35, time: 0.527, data_time: 0.043, memory: 4000, bbox_loss: 0.4960, cls_loss: 0.3257, loss: 0.8217, grad_norm: 4.4449
2026-06-08 09:20:44,095 - mmdet - INFO - Epoch [1][1050/1652]	lr: 1.000e-03, eta: 2:36:36, time: 0.528, data_time: 0.044, memory: 4000, bbox_loss: 0.4941, cls_loss: 0.3132, loss: 0.8073, grad_norm: 4.8062
2026-06-08 09:21:10,608 - mmdet - INFO - Epoch [1][1100/1652]	lr: 1.000e-03, eta: 2:36:36, time: 0.530, data_time: 0.043, memory: 4000, bbox_loss: 0.4913, cls_loss: 0.3107, loss: 0.8021, grad_norm: 4.5549
2026-06-08 09:21:36,976 - mmdet - INFO - Epoch [1][1150/1652]	lr: 1.000e-03, eta: 2:36:32, time: 0.527, data_time: 0.044, memory: 4000, bbox_loss: 0.4912, cls_loss: 0.3075, loss: 0.7988, grad_norm: 4.5916
2026-06-08 09:22:01,595 - mmdet - INFO - Epoch [1][1200/1652]	lr: 1.000e-03, eta: 2:35:58, time: 0.492, data_time: 0.043, memory: 4000, bbox_loss: 0.4909, cls_loss: 0.3052, loss: 0.7961, grad_norm: 5.0179
2026-06-08 09:22:25,336 - mmdet - INFO - Epoch [1][1250/1652]	lr: 1.000e-03, eta: 2:35:13, time: 0.475, data_time: 0.044, memory: 4000, bbox_loss: 0.4719, cls_loss: 0.2861, loss: 0.7581, grad_norm: 5.3034
2026-06-08 09:22:49,901 - mmdet - INFO - Epoch [1][1300/1652]	lr: 1.000e-03, eta: 2:34:40, time: 0.491, data_time: 0.041, memory: 4000, bbox_loss: 0.4773, cls_loss: 0.2927, loss: 0.7699, grad_norm: 4.7404
2026-06-08 09:23:15,104 - mmdet - INFO - Epoch [1][1350/1652]	lr: 1.000e-03, eta: 2:34:17, time: 0.504, data_time: 0.043, memory: 4000, bbox_loss: 0.4738, cls_loss: 0.2919, loss: 0.7657, grad_norm: 4.7912
2026-06-08 09:23:40,660 - mmdet - INFO - Epoch [1][1400/1652]	lr: 1.000e-03, eta: 2:33:59, time: 0.511, data_time: 0.044, memory: 4000, bbox_loss: 0.4760, cls_loss: 0.2962, loss: 0.7721, grad_norm: 4.4035
2026-06-08 09:24:06,023 - mmdet - INFO - Epoch [1][1450/1652]	lr: 1.000e-03, eta: 2:33:38, time: 0.507, data_time: 0.044, memory: 4000, bbox_loss: 0.4775, cls_loss: 0.2883, loss: 0.7658, grad_norm: 4.7350
2026-06-08 09:24:31,199 - mmdet - INFO - Epoch [1][1500/1652]	lr: 1.000e-03, eta: 2:33:14, time: 0.504, data_time: 0.043, memory: 4000, bbox_loss: 0.4690, cls_loss: 0.2905, loss: 0.7595, grad_norm: 4.1342
2026-06-08 09:24:56,607 - mmdet - INFO - Epoch [1][1550/1652]	lr: 1.000e-03, eta: 2:32:52, time: 0.508, data_time: 0.044, memory: 4000, bbox_loss: 0.4798, cls_loss: 0.2908, loss: 0.7706, grad_norm: 4.0004
2026-06-08 09:25:21,986 - mmdet - INFO - Epoch [1][1600/1652]	lr: 1.000e-03, eta: 2:32:30, time: 0.508, data_time: 0.045, memory: 4000, bbox_loss: 0.4694, cls_loss: 0.2828, loss: 0.7522, grad_norm: 3.9106
2026-06-08 09:25:46,215 - mmdet - INFO - Epoch [1][1650/1652]	lr: 1.000e-03, eta: 2:31:56, time: 0.485, data_time: 0.043, memory: 4000, bbox_loss: 0.4822, cls_loss: 0.2986, loss: 0.7808, grad_norm: 4.1405
2026-06-08 09:25:47,213 - mmdet - INFO - Saving checkpoint at 1 epochs
2026-06-08 09:26:16,044 - mmdet - INFO - Epoch [2][50/1652]	lr: 1.000e-03, eta: 2:31:51, time: 0.562, data_time: 0.098, memory: 4000, bbox_loss: 0.4724, cls_loss: 0.2826, loss: 0.7550, grad_norm: 4.3679
2026-06-08 09:26:40,717 - mmdet - INFO - Epoch [2][100/1652]	lr: 1.000e-03, eta: 2:31:21, time: 0.493, data_time: 0.043, memory: 4000, bbox_loss: 0.4758, cls_loss: 0.2930, loss: 0.7688, grad_norm: 3.8506
2026-06-08 09:27:05,997 - mmdet - INFO - Epoch [2][150/1652]	lr: 1.000e-03, eta: 2:30:58, time: 0.506, data_time: 0.044, memory: 4000, bbox_loss: 0.4700, cls_loss: 0.2777, loss: 0.7477, grad_norm: 4.3342
2026-06-08 09:27:30,519 - mmdet - INFO - Epoch [2][200/1652]	lr: 1.000e-03, eta: 2:30:27, time: 0.490, data_time: 0.043, memory: 4000, bbox_loss: 0.4743, cls_loss: 0.2857, loss: 0.7601, grad_norm: 4.2200
2026-06-08 09:27:54,413 - mmdet - INFO - Epoch [2][250/1652]	lr: 1.000e-03, eta: 2:29:50, time: 0.478, data_time: 0.044, memory: 4000, bbox_loss: 0.4747, cls_loss: 0.2876, loss: 0.7623, grad_norm: 3.5154
2026-06-08 09:28:19,960 - mmdet - INFO - Epoch [2][300/1652]	lr: 1.000e-03, eta: 2:29:29, time: 0.511, data_time: 0.044, memory: 4000, bbox_loss: 0.4617, cls_loss: 0.2742, loss: 0.7359, grad_norm: 3.6314
2026-06-08 09:28:45,567 - mmdet - INFO - Epoch [2][350/1652]	lr: 1.000e-03, eta: 2:29:09, time: 0.512, data_time: 0.045, memory: 4000, bbox_loss: 0.4706, cls_loss: 0.2866, loss: 0.7572, grad_norm: 4.1634
2026-06-08 09:29:11,315 - mmdet - INFO - Epoch [2][400/1652]	lr: 1.000e-03, eta: 2:28:49, time: 0.515, data_time: 0.045, memory: 4000, bbox_loss: 0.4713, cls_loss: 0.2837, loss: 0.7549, grad_norm: 3.9004
2026-06-08 09:29:36,946 - mmdet - INFO - Epoch [2][450/1652]	lr: 1.000e-03, eta: 2:28:28, time: 0.513, data_time: 0.045, memory: 4000, bbox_loss: 0.4633, cls_loss: 0.2771, loss: 0.7404, grad_norm: 3.5627
2026-06-08 09:30:01,580 - mmdet - INFO - Epoch [2][500/1652]	lr: 1.000e-03, eta: 2:27:59, time: 0.493, data_time: 0.044, memory: 4000, bbox_loss: 0.4582, cls_loss: 0.2773, loss: 0.7355, grad_norm: 4.2091
2026-06-08 09:30:25,594 - mmdet - INFO - Epoch [2][550/1652]	lr: 1.000e-03, eta: 2:27:25, time: 0.480, data_time: 0.047, memory: 4000, bbox_loss: 0.4519, cls_loss: 0.2719, loss: 0.7238, grad_norm: 4.3860
2026-06-08 09:30:49,452 - mmdet - INFO - Epoch [2][600/1652]	lr: 1.000e-03, eta: 2:26:50, time: 0.477, data_time: 0.044, memory: 4000, bbox_loss: 0.4694, cls_loss: 0.2912, loss: 0.7606, grad_norm: 3.6096
2026-06-08 09:31:13,469 - mmdet - INFO - Epoch [2][650/1652]	lr: 1.000e-03, eta: 2:26:17, time: 0.480, data_time: 0.044, memory: 4000, bbox_loss: 0.4644, cls_loss: 0.2759, loss: 0.7402, grad_norm: 3.5848
2026-06-08 09:31:37,925 - mmdet - INFO - Epoch [2][700/1652]	lr: 1.000e-03, eta: 2:25:48, time: 0.489, data_time: 0.045, memory: 4000, bbox_loss: 0.4586, cls_loss: 0.2793, loss: 0.7379, grad_norm: 3.9494
2026-06-08 09:32:03,551 - mmdet - INFO - Epoch [2][750/1652]	lr: 1.000e-03, eta: 2:25:27, time: 0.513, data_time: 0.044, memory: 4000, bbox_loss: 0.4597, cls_loss: 0.2740, loss: 0.7337, grad_norm: 3.7129
2026-06-08 09:32:28,877 - mmdet - INFO - Epoch [2][800/1652]	lr: 1.000e-03, eta: 2:25:04, time: 0.507, data_time: 0.043, memory: 4000, bbox_loss: 0.4600, cls_loss: 0.2640, loss: 0.7240, grad_norm: 4.3006
2026-06-08 09:32:53,207 - mmdet - INFO - Epoch [2][850/1652]	lr: 1.000e-03, eta: 2:24:34, time: 0.487, data_time: 0.043, memory: 4016, bbox_loss: 0.4635, cls_loss: 0.2786, loss: 0.7421, grad_norm: 3.9012
2026-06-08 09:33:18,586 - mmdet - INFO - Epoch [2][900/1652]	lr: 1.000e-03, eta: 2:24:11, time: 0.508, data_time: 0.044, memory: 4016, bbox_loss: 0.4616, cls_loss: 0.2713, loss: 0.7329, grad_norm: 3.3991
2026-06-08 09:33:44,157 - mmdet - INFO - Epoch [2][950/1652]	lr: 1.000e-03, eta: 2:23:49, time: 0.511, data_time: 0.044, memory: 4016, bbox_loss: 0.4567, cls_loss: 0.2628, loss: 0.7196, grad_norm: 3.5909
2026-06-08 09:34:09,521 - mmdet - INFO - Epoch [2][1000/1652]	lr: 1.000e-03, eta: 2:23:26, time: 0.507, data_time: 0.045, memory: 4016, bbox_loss: 0.4532, cls_loss: 0.2666, loss: 0.7198, grad_norm: 3.3576
2026-06-08 09:34:34,855 - mmdet - INFO - Epoch [2][1050/1652]	lr: 1.000e-03, eta: 2:23:03, time: 0.507, data_time: 0.043, memory: 4016, bbox_loss: 0.4592, cls_loss: 0.2711, loss: 0.7303, grad_norm: 3.6100
2026-06-08 09:35:00,573 - mmdet - INFO - Epoch [2][1100/1652]	lr: 1.000e-03, eta: 2:22:42, time: 0.514, data_time: 0.044, memory: 4016, bbox_loss: 0.4656, cls_loss: 0.2648, loss: 0.7305, grad_norm: 3.2764
2026-06-08 09:35:26,071 - mmdet - INFO - Epoch [2][1150/1652]	lr: 1.000e-03, eta: 2:22:20, time: 0.510, data_time: 0.045, memory: 4016, bbox_loss: 0.4611, cls_loss: 0.2684, loss: 0.7295, grad_norm: 3.6789
2026-06-08 09:35:51,504 - mmdet - INFO - Epoch [2][1200/1652]	lr: 1.000e-03, eta: 2:21:57, time: 0.509, data_time: 0.045, memory: 4016, bbox_loss: 0.4534, cls_loss: 0.2625, loss: 0.7158, grad_norm: 3.4831
2026-06-08 09:36:17,001 - mmdet - INFO - Epoch [2][1250/1652]	lr: 1.000e-03, eta: 2:21:34, time: 0.510, data_time: 0.044, memory: 4016, bbox_loss: 0.4480, cls_loss: 0.2566, loss: 0.7045, grad_norm: 3.9655
2026-06-08 09:36:42,552 - mmdet - INFO - Epoch [2][1300/1652]	lr: 1.000e-03, eta: 2:21:11, time: 0.511, data_time: 0.045, memory: 4016, bbox_loss: 0.4446, cls_loss: 0.2676, loss: 0.7123, grad_norm: 3.0352
2026-06-08 09:37:07,900 - mmdet - INFO - Epoch [2][1350/1652]	lr: 1.000e-03, eta: 2:20:48, time: 0.507, data_time: 0.044, memory: 4016, bbox_loss: 0.4478, cls_loss: 0.2544, loss: 0.7022, grad_norm: 3.3661
2026-06-08 09:37:33,293 - mmdet - INFO - Epoch [2][1400/1652]	lr: 1.000e-03, eta: 2:20:24, time: 0.508, data_time: 0.045, memory: 4016, bbox_loss: 0.4507, cls_loss: 0.2628, loss: 0.7136, grad_norm: 3.4694
2026-06-08 09:37:59,043 - mmdet - INFO - Epoch [2][1450/1652]	lr: 1.000e-03, eta: 2:20:02, time: 0.515, data_time: 0.049, memory: 4016, bbox_loss: 0.4433, cls_loss: 0.2559, loss: 0.6992, grad_norm: 3.2163
2026-06-08 09:38:23,991 - mmdet - INFO - Epoch [2][1500/1652]	lr: 1.000e-03, eta: 2:19:36, time: 0.499, data_time: 0.044, memory: 4016, bbox_loss: 0.4494, cls_loss: 0.2568, loss: 0.7062, grad_norm: 3.7410
2026-06-08 09:38:49,227 - mmdet - INFO - Epoch [2][1550/1652]	lr: 1.000e-03, eta: 2:19:12, time: 0.505, data_time: 0.045, memory: 4016, bbox_loss: 0.4544, cls_loss: 0.2716, loss: 0.7260, grad_norm: 3.1983
2026-06-08 09:39:14,785 - mmdet - INFO - Epoch [2][1600/1652]	lr: 1.000e-03, eta: 2:18:49, time: 0.511, data_time: 0.045, memory: 4016, bbox_loss: 0.4509, cls_loss: 0.2568, loss: 0.7078, grad_norm: 3.2007
2026-06-08 09:39:40,023 - mmdet - INFO - Epoch [2][1650/1652]	lr: 1.000e-03, eta: 2:18:24, time: 0.505, data_time: 0.043, memory: 4016, bbox_loss: 0.4450, cls_loss: 0.2568, loss: 0.7018, grad_norm: 3.4019
2026-06-08 09:39:41,162 - mmdet - INFO - Saving checkpoint at 2 epochs
2026-06-08 09:40:09,739 - mmdet - INFO - Epoch [3][50/1652]	lr: 1.000e-03, eta: 2:18:07, time: 0.557, data_time: 0.093, memory: 4016, bbox_loss: 0.4468, cls_loss: 0.2576, loss: 0.7043, grad_norm: 2.9374
2026-06-08 09:40:35,012 - mmdet - INFO - Epoch [3][100/1652]	lr: 1.000e-03, eta: 2:17:42, time: 0.505, data_time: 0.043, memory: 4016, bbox_loss: 0.4509, cls_loss: 0.2654, loss: 0.7163, grad_norm: 3.1318
2026-06-08 09:41:00,571 - mmdet - INFO - Epoch [3][150/1652]	lr: 1.000e-03, eta: 2:17:19, time: 0.511, data_time: 0.045, memory: 4016, bbox_loss: 0.4554, cls_loss: 0.2611, loss: 0.7165, grad_norm: 3.4883
2026-06-08 09:41:25,589 - mmdet - INFO - Epoch [3][200/1652]	lr: 1.000e-03, eta: 2:16:53, time: 0.500, data_time: 0.043, memory: 4016, bbox_loss: 0.4462, cls_loss: 0.2476, loss: 0.6939, grad_norm: 3.6324
2026-06-08 09:41:51,071 - mmdet - INFO - Epoch [3][250/1652]	lr: 1.000e-03, eta: 2:16:29, time: 0.510, data_time: 0.045, memory: 4016, bbox_loss: 0.4467, cls_loss: 0.2618, loss: 0.7084, grad_norm: 3.3515
2026-06-08 09:42:16,360 - mmdet - INFO - Epoch [3][300/1652]	lr: 1.000e-03, eta: 2:16:04, time: 0.506, data_time: 0.044, memory: 4016, bbox_loss: 0.4405, cls_loss: 0.2566, loss: 0.6971, grad_norm: 3.2350
2026-06-08 09:42:41,941 - mmdet - INFO - Epoch [3][350/1652]	lr: 1.000e-03, eta: 2:15:41, time: 0.512, data_time: 0.044, memory: 4016, bbox_loss: 0.4316, cls_loss: 0.2497, loss: 0.6813, grad_norm: 3.3142
2026-06-08 09:43:06,286 - mmdet - INFO - Epoch [3][400/1652]	lr: 1.000e-03, eta: 2:15:12, time: 0.487, data_time: 0.044, memory: 4016, bbox_loss: 0.4611, cls_loss: 0.2633, loss: 0.7244, grad_norm: 2.7258
2026-06-08 09:43:30,112 - mmdet - INFO - Epoch [3][450/1652]	lr: 1.000e-03, eta: 2:14:41, time: 0.477, data_time: 0.044, memory: 4016, bbox_loss: 0.4495, cls_loss: 0.2567, loss: 0.7062, grad_norm: 3.1336
2026-06-08 09:43:53,862 - mmdet - INFO - Epoch [3][500/1652]	lr: 1.000e-03, eta: 2:14:10, time: 0.475, data_time: 0.043, memory: 4016, bbox_loss: 0.4394, cls_loss: 0.2551, loss: 0.6945, grad_norm: 3.1749
2026-06-08 09:44:17,371 - mmdet - INFO - Epoch [3][550/1652]	lr: 1.000e-03, eta: 2:13:39, time: 0.470, data_time: 0.043, memory: 4016, bbox_loss: 0.4394, cls_loss: 0.2498, loss: 0.6892, grad_norm: 3.7541
2026-06-08 09:44:41,236 - mmdet - INFO - Epoch [3][600/1652]	lr: 1.000e-03, eta: 2:13:08, time: 0.477, data_time: 0.044, memory: 4016, bbox_loss: 0.4402, cls_loss: 0.2523, loss: 0.6925, grad_norm: 3.1026
2026-06-08 09:45:05,142 - mmdet - INFO - Epoch [3][650/1652]	lr: 1.000e-03, eta: 2:12:39, time: 0.478, data_time: 0.044, memory: 4017, bbox_loss: 0.4326, cls_loss: 0.2479, loss: 0.6804, grad_norm: 3.1295
2026-06-08 09:45:28,699 - mmdet - INFO - Epoch [3][700/1652]	lr: 1.000e-03, eta: 2:12:07, time: 0.471, data_time: 0.042, memory: 4017, bbox_loss: 0.4379, cls_loss: 0.2506, loss: 0.6885, grad_norm: 2.8758
2026-06-08 09:45:52,596 - mmdet - INFO - Epoch [3][750/1652]	lr: 1.000e-03, eta: 2:11:38, time: 0.478, data_time: 0.043, memory: 4017, bbox_loss: 0.4419, cls_loss: 0.2546, loss: 0.6965, grad_norm: 2.9209
2026-06-08 09:46:16,570 - mmdet - INFO - Epoch [3][800/1652]	lr: 1.000e-03, eta: 2:11:09, time: 0.479, data_time: 0.043, memory: 4017, bbox_loss: 0.4390, cls_loss: 0.2580, loss: 0.6970, grad_norm: 2.9228
2026-06-08 09:46:40,408 - mmdet - INFO - Epoch [3][850/1652]	lr: 1.000e-03, eta: 2:10:39, time: 0.477, data_time: 0.044, memory: 4017, bbox_loss: 0.4365, cls_loss: 0.2524, loss: 0.6889, grad_norm: 3.1326
2026-06-08 09:47:04,210 - mmdet - INFO - Epoch [3][900/1652]	lr: 1.000e-03, eta: 2:10:10, time: 0.476, data_time: 0.042, memory: 4017, bbox_loss: 0.4334, cls_loss: 0.2485, loss: 0.6820, grad_norm: 2.9702
2026-06-08 09:47:27,950 - mmdet - INFO - Epoch [3][950/1652]	lr: 1.000e-03, eta: 2:09:40, time: 0.475, data_time: 0.041, memory: 4017, bbox_loss: 0.4418, cls_loss: 0.2487, loss: 0.6905, grad_norm: 2.8135
2026-06-08 09:47:51,445 - mmdet - INFO - Epoch [3][1000/1652]	lr: 1.000e-03, eta: 2:09:10, time: 0.470, data_time: 0.043, memory: 4017, bbox_loss: 0.4295, cls_loss: 0.2471, loss: 0.6766, grad_norm: 3.1104
2026-06-08 09:48:15,352 - mmdet - INFO - Epoch [3][1050/1652]	lr: 1.000e-03, eta: 2:08:41, time: 0.478, data_time: 0.043, memory: 4020, bbox_loss: 0.4378, cls_loss: 0.2540, loss: 0.6918, grad_norm: 3.0732
2026-06-08 09:48:39,394 - mmdet - INFO - Epoch [3][1100/1652]	lr: 1.000e-03, eta: 2:08:13, time: 0.481, data_time: 0.043, memory: 4020, bbox_loss: 0.4311, cls_loss: 0.2539, loss: 0.6851, grad_norm: 3.2717
2026-06-08 09:49:02,963 - mmdet - INFO - Epoch [3][1150/1652]	lr: 1.000e-03, eta: 2:07:43, time: 0.471, data_time: 0.043, memory: 4020, bbox_loss: 0.4304, cls_loss: 0.2505, loss: 0.6809, grad_norm: 3.4261
2026-06-08 09:49:26,556 - mmdet - INFO - Epoch [3][1200/1652]	lr: 1.000e-03, eta: 2:07:14, time: 0.472, data_time: 0.041, memory: 4020, bbox_loss: 0.4250, cls_loss: 0.2485, loss: 0.6735, grad_norm: 3.1097
2026-06-08 09:49:50,264 - mmdet - INFO - Epoch [3][1250/1652]	lr: 1.000e-03, eta: 2:06:45, time: 0.474, data_time: 0.041, memory: 4020, bbox_loss: 0.4398, cls_loss: 0.2515, loss: 0.6912, grad_norm: 2.8724
2026-06-08 09:50:13,893 - mmdet - INFO - Epoch [3][1300/1652]	lr: 1.000e-03, eta: 2:06:16, time: 0.473, data_time: 0.041, memory: 4020, bbox_loss: 0.4286, cls_loss: 0.2468, loss: 0.6754, grad_norm: 3.2278
2026-06-08 09:50:37,911 - mmdet - INFO - Epoch [3][1350/1652]	lr: 1.000e-03, eta: 2:05:48, time: 0.480, data_time: 0.042, memory: 4020, bbox_loss: 0.4335, cls_loss: 0.2478, loss: 0.6813, grad_norm: 3.0230
2026-06-08 09:51:01,472 - mmdet - INFO - Epoch [3][1400/1652]	lr: 1.000e-03, eta: 2:05:19, time: 0.471, data_time: 0.042, memory: 4020, bbox_loss: 0.4200, cls_loss: 0.2417, loss: 0.6616, grad_norm: 3.2407
2026-06-08 09:51:25,186 - mmdet - INFO - Epoch [3][1450/1652]	lr: 1.000e-03, eta: 2:04:50, time: 0.474, data_time: 0.042, memory: 4020, bbox_loss: 0.4292, cls_loss: 0.2403, loss: 0.6695, grad_norm: 3.1312
2026-06-08 09:51:49,138 - mmdet - INFO - Epoch [3][1500/1652]	lr: 1.000e-03, eta: 2:04:23, time: 0.479, data_time: 0.043, memory: 4020, bbox_loss: 0.4261, cls_loss: 0.2382, loss: 0.6643, grad_norm: 3.1545
2026-06-08 09:52:12,842 - mmdet - INFO - Epoch [3][1550/1652]	lr: 1.000e-03, eta: 2:03:54, time: 0.474, data_time: 0.041, memory: 4020, bbox_loss: 0.4309, cls_loss: 0.2473, loss: 0.6782, grad_norm: 3.2530
2026-06-08 09:52:36,585 - mmdet - INFO - Epoch [3][1600/1652]	lr: 1.000e-03, eta: 2:03:26, time: 0.475, data_time: 0.041, memory: 4020, bbox_loss: 0.4200, cls_loss: 0.2481, loss: 0.6681, grad_norm: 2.9322
2026-06-08 09:52:59,971 - mmdet - INFO - Epoch [3][1650/1652]	lr: 1.000e-03, eta: 2:02:57, time: 0.468, data_time: 0.039, memory: 4020, bbox_loss: 0.4327, cls_loss: 0.2600, loss: 0.6927, grad_norm: 2.7385
2026-06-08 09:53:01,000 - mmdet - INFO - Saving checkpoint at 3 epochs
2026-06-08 09:53:29,536 - mmdet - INFO - Epoch [4][50/1652]	lr: 1.000e-03, eta: 2:02:38, time: 0.560, data_time: 0.093, memory: 4020, bbox_loss: 0.4251, cls_loss: 0.2489, loss: 0.6740, grad_norm: 2.9446
2026-06-08 09:53:55,234 - mmdet - INFO - Epoch [4][100/1652]	lr: 1.000e-03, eta: 2:02:15, time: 0.514, data_time: 0.045, memory: 4020, bbox_loss: 0.4264, cls_loss: 0.2452, loss: 0.6716, grad_norm: 2.7065
2026-06-08 09:54:20,831 - mmdet - INFO - Epoch [4][150/1652]	lr: 1.000e-03, eta: 2:01:53, time: 0.512, data_time: 0.049, memory: 4020, bbox_loss: 0.4208, cls_loss: 0.2468, loss: 0.6675, grad_norm: 3.0784
2026-06-08 09:54:46,301 - mmdet - INFO - Epoch [4][200/1652]	lr: 1.000e-03, eta: 2:01:30, time: 0.509, data_time: 0.045, memory: 4020, bbox_loss: 0.4213, cls_loss: 0.2404, loss: 0.6617, grad_norm: 2.6554
2026-06-08 09:55:11,559 - mmdet - INFO - Epoch [4][250/1652]	lr: 1.000e-03, eta: 2:01:06, time: 0.505, data_time: 0.044, memory: 4020, bbox_loss: 0.4263, cls_loss: 0.2515, loss: 0.6778, grad_norm: 2.8377
2026-06-08 09:55:37,168 - mmdet - INFO - Epoch [4][300/1652]	lr: 1.000e-03, eta: 2:00:43, time: 0.512, data_time: 0.045, memory: 4020, bbox_loss: 0.4112, cls_loss: 0.2366, loss: 0.6477, grad_norm: 2.9265
2026-06-08 09:56:02,182 - mmdet - INFO - Epoch [4][350/1652]	lr: 1.000e-03, eta: 2:00:19, time: 0.500, data_time: 0.044, memory: 4020, bbox_loss: 0.4173, cls_loss: 0.2406, loss: 0.6579, grad_norm: 3.3594
2026-06-08 09:56:25,788 - mmdet - INFO - Epoch [4][400/1652]	lr: 1.000e-03, eta: 1:59:50, time: 0.472, data_time: 0.044, memory: 4020, bbox_loss: 0.4284, cls_loss: 0.2441, loss: 0.6725, grad_norm: 3.0090
2026-06-08 09:56:49,692 - mmdet - INFO - Epoch [4][450/1652]	lr: 1.000e-03, eta: 1:59:23, time: 0.478, data_time: 0.044, memory: 4020, bbox_loss: 0.4065, cls_loss: 0.2351, loss: 0.6416, grad_norm: 2.8882
2026-06-08 09:57:13,283 - mmdet - INFO - Epoch [4][500/1652]	lr: 1.000e-03, eta: 1:58:55, time: 0.472, data_time: 0.046, memory: 4020, bbox_loss: 0.4208, cls_loss: 0.2375, loss: 0.6583, grad_norm: 3.1189
2026-06-08 09:57:37,477 - mmdet - INFO - Epoch [4][550/1652]	lr: 1.000e-03, eta: 1:58:28, time: 0.484, data_time: 0.045, memory: 4020, bbox_loss: 0.4127, cls_loss: 0.2329, loss: 0.6456, grad_norm: 3.0284
2026-06-08 09:58:01,567 - mmdet - INFO - Epoch [4][600/1652]	lr: 1.000e-03, eta: 1:58:02, time: 0.482, data_time: 0.045, memory: 4020, bbox_loss: 0.4123, cls_loss: 0.2462, loss: 0.6585, grad_norm: 2.8777
2026-06-08 09:58:26,726 - mmdet - INFO - Epoch [4][650/1652]	lr: 1.000e-03, eta: 1:57:38, time: 0.503, data_time: 0.044, memory: 4020, bbox_loss: 0.4181, cls_loss: 0.2418, loss: 0.6599, grad_norm: 2.7534
2026-06-08 09:58:52,071 - mmdet - INFO - Epoch [4][700/1652]	lr: 1.000e-03, eta: 1:57:14, time: 0.507, data_time: 0.043, memory: 4020, bbox_loss: 0.4208, cls_loss: 0.2392, loss: 0.6601, grad_norm: 2.9588
2026-06-08 09:59:17,403 - mmdet - INFO - Epoch [4][750/1652]	lr: 1.000e-03, eta: 1:56:51, time: 0.507, data_time: 0.045, memory: 4020, bbox_loss: 0.4268, cls_loss: 0.2427, loss: 0.6695, grad_norm: 2.8805
2026-06-08 09:59:42,569 - mmdet - INFO - Epoch [4][800/1652]	lr: 1.000e-03, eta: 1:56:27, time: 0.503, data_time: 0.044, memory: 4020, bbox_loss: 0.4177, cls_loss: 0.2503, loss: 0.6680, grad_norm: 3.2616
2026-06-08 10:00:08,026 - mmdet - INFO - Epoch [4][850/1652]	lr: 1.000e-03, eta: 1:56:03, time: 0.509, data_time: 0.044, memory: 4020, bbox_loss: 0.4076, cls_loss: 0.2341, loss: 0.6417, grad_norm: 3.0621
2026-06-08 10:00:33,322 - mmdet - INFO - Epoch [4][900/1652]	lr: 1.000e-03, eta: 1:55:40, time: 0.506, data_time: 0.045, memory: 4020, bbox_loss: 0.4186, cls_loss: 0.2426, loss: 0.6612, grad_norm: 3.1518
2026-06-08 10:00:58,810 - mmdet - INFO - Epoch [4][950/1652]	lr: 1.000e-03, eta: 1:55:16, time: 0.510, data_time: 0.045, memory: 4020, bbox_loss: 0.4056, cls_loss: 0.2284, loss: 0.6340, grad_norm: 3.0891
2026-06-08 10:01:24,220 - mmdet - INFO - Epoch [4][1000/1652]	lr: 1.000e-03, eta: 1:54:53, time: 0.508, data_time: 0.042, memory: 4020, bbox_loss: 0.4117, cls_loss: 0.2318, loss: 0.6435, grad_norm: 3.0305
2026-06-08 10:01:49,634 - mmdet - INFO - Epoch [4][1050/1652]	lr: 1.000e-03, eta: 1:54:29, time: 0.508, data_time: 0.044, memory: 4020, bbox_loss: 0.4123, cls_loss: 0.2412, loss: 0.6535, grad_norm: 2.8153
2026-06-08 10:02:15,372 - mmdet - INFO - Epoch [4][1100/1652]	lr: 1.000e-03, eta: 1:54:06, time: 0.515, data_time: 0.044, memory: 4020, bbox_loss: 0.4110, cls_loss: 0.2400, loss: 0.6510, grad_norm: 2.6850
2026-06-08 10:02:40,744 - mmdet - INFO - Epoch [4][1150/1652]	lr: 1.000e-03, eta: 1:53:43, time: 0.507, data_time: 0.045, memory: 4020, bbox_loss: 0.4123, cls_loss: 0.2342, loss: 0.6465, grad_norm: 2.7514
2026-06-08 10:03:05,927 - mmdet - INFO - Epoch [4][1200/1652]	lr: 1.000e-03, eta: 1:53:18, time: 0.504, data_time: 0.045, memory: 4020, bbox_loss: 0.4024, cls_loss: 0.2314, loss: 0.6337, grad_norm: 3.1852
2026-06-08 10:03:31,506 - mmdet - INFO - Epoch [4][1250/1652]	lr: 1.000e-03, eta: 1:52:55, time: 0.512, data_time: 0.046, memory: 4020, bbox_loss: 0.4018, cls_loss: 0.2300, loss: 0.6318, grad_norm: 2.9342
2026-06-08 10:03:56,650 - mmdet - INFO - Epoch [4][1300/1652]	lr: 1.000e-03, eta: 1:52:31, time: 0.503, data_time: 0.045, memory: 4020, bbox_loss: 0.4139, cls_loss: 0.2327, loss: 0.6466, grad_norm: 2.8192
2026-06-08 10:04:21,665 - mmdet - INFO - Epoch [4][1350/1652]	lr: 1.000e-03, eta: 1:52:06, time: 0.500, data_time: 0.045, memory: 4020, bbox_loss: 0.4116, cls_loss: 0.2329, loss: 0.6444, grad_norm: 2.9665
2026-06-08 10:04:47,354 - mmdet - INFO - Epoch [4][1400/1652]	lr: 1.000e-03, eta: 1:51:43, time: 0.514, data_time: 0.044, memory: 4020, bbox_loss: 0.4134, cls_loss: 0.2405, loss: 0.6539, grad_norm: 3.2100
2026-06-08 10:05:12,494 - mmdet - INFO - Epoch [4][1450/1652]	lr: 1.000e-03, eta: 1:51:19, time: 0.503, data_time: 0.043, memory: 4020, bbox_loss: 0.4076, cls_loss: 0.2372, loss: 0.6448, grad_norm: 2.6347
2026-06-08 10:05:37,369 - mmdet - INFO - Epoch [4][1500/1652]	lr: 1.000e-03, eta: 1:50:54, time: 0.497, data_time: 0.042, memory: 4020, bbox_loss: 0.4106, cls_loss: 0.2321, loss: 0.6427, grad_norm: 2.7693
2026-06-08 10:06:02,705 - mmdet - INFO - Epoch [4][1550/1652]	lr: 1.000e-03, eta: 1:50:30, time: 0.507, data_time: 0.045, memory: 4020, bbox_loss: 0.4149, cls_loss: 0.2376, loss: 0.6524, grad_norm: 2.6273
2026-06-08 10:06:28,234 - mmdet - INFO - Epoch [4][1600/1652]	lr: 1.000e-03, eta: 1:50:06, time: 0.511, data_time: 0.046, memory: 4020, bbox_loss: 0.4047, cls_loss: 0.2253, loss: 0.6300, grad_norm: 2.7573
2026-06-08 10:06:53,203 - mmdet - INFO - Epoch [4][1650/1652]	lr: 1.000e-03, eta: 1:49:41, time: 0.499, data_time: 0.043, memory: 4020, bbox_loss: 0.4091, cls_loss: 0.2363, loss: 0.6454, grad_norm: 2.5084
2026-06-08 10:06:54,255 - mmdet - INFO - Saving checkpoint at 4 epochs
2026-06-08 10:07:23,046 - mmdet - INFO - Epoch [5][50/1652]	lr: 1.000e-03, eta: 1:49:20, time: 0.561, data_time: 0.093, memory: 4020, bbox_loss: 0.4070, cls_loss: 0.2271, loss: 0.6342, grad_norm: 2.7974
2026-06-08 10:07:49,076 - mmdet - INFO - Epoch [5][100/1652]	lr: 1.000e-03, eta: 1:48:57, time: 0.521, data_time: 0.045, memory: 4020, bbox_loss: 0.4113, cls_loss: 0.2304, loss: 0.6418, grad_norm: 3.2601
2026-06-08 10:08:14,118 - mmdet - INFO - Epoch [5][150/1652]	lr: 1.000e-03, eta: 1:48:32, time: 0.501, data_time: 0.043, memory: 4020, bbox_loss: 0.4045, cls_loss: 0.2276, loss: 0.6320, grad_norm: 2.7537
2026-06-08 10:08:39,886 - mmdet - INFO - Epoch [5][200/1652]	lr: 1.000e-03, eta: 1:48:09, time: 0.515, data_time: 0.045, memory: 4020, bbox_loss: 0.4074, cls_loss: 0.2342, loss: 0.6416, grad_norm: 2.6195
2026-06-08 10:09:05,174 - mmdet - INFO - Epoch [5][250/1652]	lr: 1.000e-03, eta: 1:47:45, time: 0.506, data_time: 0.045, memory: 4020, bbox_loss: 0.4046, cls_loss: 0.2335, loss: 0.6381, grad_norm: 2.5125
2026-06-08 10:09:30,550 - mmdet - INFO - Epoch [5][300/1652]	lr: 1.000e-03, eta: 1:47:21, time: 0.508, data_time: 0.044, memory: 4020, bbox_loss: 0.3989, cls_loss: 0.2261, loss: 0.6250, grad_norm: 2.8379
2026-06-08 10:09:55,765 - mmdet - INFO - Epoch [5][350/1652]	lr: 1.000e-03, eta: 1:46:56, time: 0.504, data_time: 0.044, memory: 4020, bbox_loss: 0.4004, cls_loss: 0.2281, loss: 0.6285, grad_norm: 2.6518
2026-06-08 10:10:21,035 - mmdet - INFO - Epoch [5][400/1652]	lr: 1.000e-03, eta: 1:46:32, time: 0.505, data_time: 0.044, memory: 4020, bbox_loss: 0.4060, cls_loss: 0.2257, loss: 0.6317, grad_norm: 2.4495
2026-06-08 10:10:46,263 - mmdet - INFO - Epoch [5][450/1652]	lr: 1.000e-03, eta: 1:46:08, time: 0.505, data_time: 0.044, memory: 4020, bbox_loss: 0.3981, cls_loss: 0.2263, loss: 0.6244, grad_norm: 2.5392
2026-06-08 10:11:11,996 - mmdet - INFO - Epoch [5][500/1652]	lr: 1.000e-03, eta: 1:45:44, time: 0.515, data_time: 0.045, memory: 4020, bbox_loss: 0.4102, cls_loss: 0.2338, loss: 0.6441, grad_norm: 2.6607
2026-06-08 10:11:37,276 - mmdet - INFO - Epoch [5][550/1652]	lr: 1.000e-03, eta: 1:45:20, time: 0.506, data_time: 0.045, memory: 4020, bbox_loss: 0.4037, cls_loss: 0.2332, loss: 0.6369, grad_norm: 2.7040
2026-06-08 10:12:02,552 - mmdet - INFO - Epoch [5][600/1652]	lr: 1.000e-03, eta: 1:44:55, time: 0.506, data_time: 0.043, memory: 4020, bbox_loss: 0.4042, cls_loss: 0.2359, loss: 0.6401, grad_norm: 2.5471
2026-06-08 10:12:27,843 - mmdet - INFO - Epoch [5][650/1652]	lr: 1.000e-03, eta: 1:44:31, time: 0.506, data_time: 0.042, memory: 4020, bbox_loss: 0.4028, cls_loss: 0.2366, loss: 0.6394, grad_norm: 2.6377
2026-06-08 10:12:53,528 - mmdet - INFO - Epoch [5][700/1652]	lr: 1.000e-03, eta: 1:44:07, time: 0.514, data_time: 0.044, memory: 4020, bbox_loss: 0.4017, cls_loss: 0.2271, loss: 0.6288, grad_norm: 2.5974
2026-06-08 10:13:18,841 - mmdet - INFO - Epoch [5][750/1652]	lr: 1.000e-03, eta: 1:43:43, time: 0.506, data_time: 0.043, memory: 4020, bbox_loss: 0.4084, cls_loss: 0.2344, loss: 0.6429, grad_norm: 2.3941
2026-06-08 10:13:44,289 - mmdet - INFO - Epoch [5][800/1652]	lr: 1.000e-03, eta: 1:43:19, time: 0.509, data_time: 0.044, memory: 4020, bbox_loss: 0.4104, cls_loss: 0.2361, loss: 0.6465, grad_norm: 2.4350
2026-06-08 10:14:09,785 - mmdet - INFO - Epoch [5][850/1652]	lr: 1.000e-03, eta: 1:42:55, time: 0.510, data_time: 0.043, memory: 4020, bbox_loss: 0.3873, cls_loss: 0.2210, loss: 0.6083, grad_norm: 2.6561
2026-06-08 10:14:35,589 - mmdet - INFO - Epoch [5][900/1652]	lr: 1.000e-03, eta: 1:42:31, time: 0.516, data_time: 0.043, memory: 4028, bbox_loss: 0.3983, cls_loss: 0.2332, loss: 0.6315, grad_norm: 2.4473
2026-06-08 10:15:01,328 - mmdet - INFO - Epoch [5][950/1652]	lr: 1.000e-03, eta: 1:42:07, time: 0.515, data_time: 0.044, memory: 4028, bbox_loss: 0.4015, cls_loss: 0.2249, loss: 0.6265, grad_norm: 2.7298
2026-06-08 10:15:26,704 - mmdet - INFO - Epoch [5][1000/1652]	lr: 1.000e-03, eta: 1:41:43, time: 0.508, data_time: 0.044, memory: 4028, bbox_loss: 0.3940, cls_loss: 0.2184, loss: 0.6124, grad_norm: 2.7440
2026-06-08 10:15:52,060 - mmdet - INFO - Epoch [5][1050/1652]	lr: 1.000e-03, eta: 1:41:19, time: 0.507, data_time: 0.043, memory: 4028, bbox_loss: 0.4052, cls_loss: 0.2254, loss: 0.6306, grad_norm: 2.6335
2026-06-08 10:16:18,015 - mmdet - INFO - Epoch [5][1100/1652]	lr: 1.000e-03, eta: 1:40:55, time: 0.519, data_time: 0.043, memory: 4028, bbox_loss: 0.3946, cls_loss: 0.2247, loss: 0.6193, grad_norm: 2.3346
2026-06-08 10:16:43,269 - mmdet - INFO - Epoch [5][1150/1652]	lr: 1.000e-03, eta: 1:40:31, time: 0.505, data_time: 0.042, memory: 4028, bbox_loss: 0.4081, cls_loss: 0.2199, loss: 0.6281, grad_norm: 2.5169
2026-06-08 10:17:08,641 - mmdet - INFO - Epoch [5][1200/1652]	lr: 1.000e-03, eta: 1:40:06, time: 0.507, data_time: 0.044, memory: 4028, bbox_loss: 0.4034, cls_loss: 0.2288, loss: 0.6322, grad_norm: 2.3614
2026-06-08 10:17:33,531 - mmdet - INFO - Epoch [5][1250/1652]	lr: 1.000e-03, eta: 1:39:41, time: 0.498, data_time: 0.041, memory: 4028, bbox_loss: 0.3952, cls_loss: 0.2258, loss: 0.6209, grad_norm: 2.4556
2026-06-08 10:17:58,701 - mmdet - INFO - Epoch [5][1300/1652]	lr: 1.000e-03, eta: 1:39:16, time: 0.503, data_time: 0.042, memory: 4028, bbox_loss: 0.3996, cls_loss: 0.2307, loss: 0.6303, grad_norm: 2.3776
2026-06-08 10:18:23,815 - mmdet - INFO - Epoch [5][1350/1652]	lr: 1.000e-03, eta: 1:38:51, time: 0.502, data_time: 0.042, memory: 4028, bbox_loss: 0.4035, cls_loss: 0.2170, loss: 0.6205, grad_norm: 2.5055
2026-06-08 10:18:49,307 - mmdet - INFO - Epoch [5][1400/1652]	lr: 1.000e-03, eta: 1:38:27, time: 0.510, data_time: 0.043, memory: 4028, bbox_loss: 0.3949, cls_loss: 0.2218, loss: 0.6167, grad_norm: 2.7199
2026-06-08 10:19:13,908 - mmdet - INFO - Epoch [5][1450/1652]	lr: 1.000e-03, eta: 1:38:02, time: 0.492, data_time: 0.042, memory: 4028, bbox_loss: 0.4008, cls_loss: 0.2333, loss: 0.6342, grad_norm: 2.3269
2026-06-08 10:19:38,020 - mmdet - INFO - Epoch [5][1500/1652]	lr: 1.000e-03, eta: 1:37:35, time: 0.482, data_time: 0.044, memory: 4028, bbox_loss: 0.4068, cls_loss: 0.2316, loss: 0.6384, grad_norm: 2.4101
2026-06-08 10:20:02,384 - mmdet - INFO - Epoch [5][1550/1652]	lr: 1.000e-03, eta: 1:37:09, time: 0.487, data_time: 0.045, memory: 4028, bbox_loss: 0.3905, cls_loss: 0.2198, loss: 0.6102, grad_norm: 2.4097
2026-06-08 10:20:27,726 - mmdet - INFO - Epoch [5][1600/1652]	lr: 1.000e-03, eta: 1:36:45, time: 0.507, data_time: 0.045, memory: 4028, bbox_loss: 0.3989, cls_loss: 0.2271, loss: 0.6260, grad_norm: 2.3124
2026-06-08 10:20:53,370 - mmdet - INFO - Epoch [5][1650/1652]	lr: 1.000e-03, eta: 1:36:21, time: 0.513, data_time: 0.046, memory: 4028, bbox_loss: 0.3960, cls_loss: 0.2250, loss: 0.6210, grad_norm: 2.2743
2026-06-08 10:20:54,485 - mmdet - INFO - Saving checkpoint at 5 epochs
2026-06-08 10:21:22,966 - mmdet - INFO - Epoch [6][50/1652]	lr: 1.000e-03, eta: 1:35:57, time: 0.555, data_time: 0.092, memory: 4028, bbox_loss: 0.3954, cls_loss: 0.2188, loss: 0.6142, grad_norm: 2.2263
2026-06-08 10:21:48,101 - mmdet - INFO - Epoch [6][100/1652]	lr: 1.000e-03, eta: 1:35:32, time: 0.503, data_time: 0.043, memory: 4028, bbox_loss: 0.4056, cls_loss: 0.2294, loss: 0.6350, grad_norm: 2.1466
2026-06-08 10:22:12,954 - mmdet - INFO - Epoch [6][150/1652]	lr: 1.000e-03, eta: 1:35:07, time: 0.497, data_time: 0.044, memory: 4028, bbox_loss: 0.3925, cls_loss: 0.2181, loss: 0.6106, grad_norm: 2.4124
2026-06-08 10:22:36,818 - mmdet - INFO - Epoch [6][200/1652]	lr: 1.000e-03, eta: 1:34:41, time: 0.477, data_time: 0.042, memory: 4028, bbox_loss: 0.3938, cls_loss: 0.2183, loss: 0.6120, grad_norm: 2.4756
2026-06-08 10:23:02,159 - mmdet - INFO - Epoch [6][250/1652]	lr: 1.000e-03, eta: 1:34:16, time: 0.507, data_time: 0.044, memory: 4028, bbox_loss: 0.3959, cls_loss: 0.2191, loss: 0.6150, grad_norm: 2.5626
2026-06-08 10:23:28,101 - mmdet - INFO - Epoch [6][300/1652]	lr: 1.000e-03, eta: 1:33:52, time: 0.519, data_time: 0.045, memory: 4028, bbox_loss: 0.3944, cls_loss: 0.2221, loss: 0.6166, grad_norm: 2.6586
2026-06-08 10:23:53,562 - mmdet - INFO - Epoch [6][350/1652]	lr: 1.000e-03, eta: 1:33:28, time: 0.509, data_time: 0.043, memory: 4028, bbox_loss: 0.4007, cls_loss: 0.2226, loss: 0.6233, grad_norm: 2.3372
2026-06-08 10:24:19,027 - mmdet - INFO - Epoch [6][400/1652]	lr: 1.000e-03, eta: 1:33:04, time: 0.509, data_time: 0.044, memory: 4028, bbox_loss: 0.3879, cls_loss: 0.2148, loss: 0.6026, grad_norm: 2.6327
2026-06-08 10:24:44,265 - mmdet - INFO - Epoch [6][450/1652]	lr: 1.000e-03, eta: 1:32:39, time: 0.505, data_time: 0.042, memory: 4028, bbox_loss: 0.3946, cls_loss: 0.2177, loss: 0.6123, grad_norm: 2.3090
2026-06-08 10:25:09,715 - mmdet - INFO - Epoch [6][500/1652]	lr: 1.000e-03, eta: 1:32:14, time: 0.509, data_time: 0.044, memory: 4028, bbox_loss: 0.3993, cls_loss: 0.2250, loss: 0.6243, grad_norm: 2.0917
2026-06-08 10:25:35,103 - mmdet - INFO - Epoch [6][550/1652]	lr: 1.000e-03, eta: 1:31:50, time: 0.508, data_time: 0.044, memory: 4028, bbox_loss: 0.3903, cls_loss: 0.2197, loss: 0.6100, grad_norm: 2.2089
2026-06-08 10:26:00,349 - mmdet - INFO - Epoch [6][600/1652]	lr: 1.000e-03, eta: 1:31:25, time: 0.505, data_time: 0.044, memory: 4028, bbox_loss: 0.3992, cls_loss: 0.2202, loss: 0.6193, grad_norm: 2.1378
2026-06-08 10:26:25,410 - mmdet - INFO - Epoch [6][650/1652]	lr: 1.000e-03, eta: 1:31:00, time: 0.501, data_time: 0.043, memory: 4028, bbox_loss: 0.3959, cls_loss: 0.2190, loss: 0.6149, grad_norm: 2.4884
2026-06-08 10:26:50,497 - mmdet - INFO - Epoch [6][700/1652]	lr: 1.000e-03, eta: 1:30:35, time: 0.502, data_time: 0.042, memory: 4028, bbox_loss: 0.3960, cls_loss: 0.2242, loss: 0.6202, grad_norm: 2.4415
2026-06-08 10:27:16,104 - mmdet - INFO - Epoch [6][750/1652]	lr: 1.000e-03, eta: 1:30:11, time: 0.512, data_time: 0.044, memory: 4028, bbox_loss: 0.3920, cls_loss: 0.2241, loss: 0.6161, grad_norm: 2.3297
2026-06-08 10:27:41,506 - mmdet - INFO - Epoch [6][800/1652]	lr: 1.000e-03, eta: 1:29:46, time: 0.508, data_time: 0.044, memory: 4028, bbox_loss: 0.3918, cls_loss: 0.2178, loss: 0.6095, grad_norm: 2.0943
2026-06-08 10:28:06,794 - mmdet - INFO - Epoch [6][850/1652]	lr: 1.000e-03, eta: 1:29:22, time: 0.506, data_time: 0.043, memory: 4028, bbox_loss: 0.3952, cls_loss: 0.2166, loss: 0.6118, grad_norm: 2.3803
2026-06-08 10:28:32,355 - mmdet - INFO - Epoch [6][900/1652]	lr: 1.000e-03, eta: 1:28:57, time: 0.511, data_time: 0.043, memory: 4028, bbox_loss: 0.3956, cls_loss: 0.2224, loss: 0.6180, grad_norm: 2.4410
2026-06-08 10:28:57,724 - mmdet - INFO - Epoch [6][950/1652]	lr: 1.000e-03, eta: 1:28:33, time: 0.507, data_time: 0.043, memory: 4028, bbox_loss: 0.3861, cls_loss: 0.2098, loss: 0.5960, grad_norm: 2.3723
2026-06-08 10:29:23,247 - mmdet - INFO - Epoch [6][1000/1652]	lr: 1.000e-03, eta: 1:28:08, time: 0.510, data_time: 0.044, memory: 4028, bbox_loss: 0.3859, cls_loss: 0.2111, loss: 0.5970, grad_norm: 2.5098
2026-06-08 10:29:48,754 - mmdet - INFO - Epoch [6][1050/1652]	lr: 1.000e-03, eta: 1:27:44, time: 0.510, data_time: 0.044, memory: 4028, bbox_loss: 0.4012, cls_loss: 0.2257, loss: 0.6269, grad_norm: 1.9915
2026-06-08 10:30:14,743 - mmdet - INFO - Epoch [6][1100/1652]	lr: 1.000e-03, eta: 1:27:20, time: 0.520, data_time: 0.045, memory: 4028, bbox_loss: 0.3966, cls_loss: 0.2248, loss: 0.6215, grad_norm: 2.3761
2026-06-08 10:30:38,722 - mmdet - INFO - Epoch [6][1150/1652]	lr: 1.000e-03, eta: 1:26:53, time: 0.480, data_time: 0.043, memory: 4028, bbox_loss: 0.3999, cls_loss: 0.2190, loss: 0.6189, grad_norm: 2.2632
2026-06-08 10:31:02,563 - mmdet - INFO - Epoch [6][1200/1652]	lr: 1.000e-03, eta: 1:26:27, time: 0.477, data_time: 0.044, memory: 4028, bbox_loss: 0.3954, cls_loss: 0.2223, loss: 0.6177, grad_norm: 2.2021
2026-06-08 10:31:26,314 - mmdet - INFO - Epoch [6][1250/1652]	lr: 1.000e-03, eta: 1:26:01, time: 0.475, data_time: 0.042, memory: 4028, bbox_loss: 0.3907, cls_loss: 0.2138, loss: 0.6045, grad_norm: 2.0657
2026-06-08 10:31:50,108 - mmdet - INFO - Epoch [6][1300/1652]	lr: 1.000e-03, eta: 1:25:34, time: 0.476, data_time: 0.043, memory: 4028, bbox_loss: 0.3949, cls_loss: 0.2273, loss: 0.6222, grad_norm: 2.1722
2026-06-08 10:32:14,008 - mmdet - INFO - Epoch [6][1350/1652]	lr: 1.000e-03, eta: 1:25:08, time: 0.478, data_time: 0.043, memory: 4028, bbox_loss: 0.3948, cls_loss: 0.2156, loss: 0.6104, grad_norm: 2.1031
2026-06-08 10:32:38,084 - mmdet - INFO - Epoch [6][1400/1652]	lr: 1.000e-03, eta: 1:24:42, time: 0.482, data_time: 0.045, memory: 4028, bbox_loss: 0.3869, cls_loss: 0.2158, loss: 0.6028, grad_norm: 2.2333
2026-06-08 10:33:02,394 - mmdet - INFO - Epoch [6][1450/1652]	lr: 1.000e-03, eta: 1:24:16, time: 0.486, data_time: 0.042, memory: 4028, bbox_loss: 0.3857, cls_loss: 0.2224, loss: 0.6081, grad_norm: 2.0514
2026-06-08 10:33:28,047 - mmdet - INFO - Epoch [6][1500/1652]	lr: 1.000e-03, eta: 1:23:52, time: 0.513, data_time: 0.046, memory: 4028, bbox_loss: 0.3862, cls_loss: 0.2136, loss: 0.5998, grad_norm: 2.3479
2026-06-08 10:33:53,726 - mmdet - INFO - Epoch [6][1550/1652]	lr: 1.000e-03, eta: 1:23:28, time: 0.514, data_time: 0.044, memory: 4028, bbox_loss: 0.3838, cls_loss: 0.2105, loss: 0.5944, grad_norm: 2.2425
2026-06-08 10:34:18,849 - mmdet - INFO - Epoch [6][1600/1652]	lr: 1.000e-03, eta: 1:23:03, time: 0.502, data_time: 0.047, memory: 4028, bbox_loss: 0.3961, cls_loss: 0.2191, loss: 0.6151, grad_norm: 2.3267
2026-06-08 10:34:42,932 - mmdet - INFO - Epoch [6][1650/1652]	lr: 1.000e-03, eta: 1:22:37, time: 0.482, data_time: 0.043, memory: 4028, bbox_loss: 0.3831, cls_loss: 0.2151, loss: 0.5982, grad_norm: 2.1792
2026-06-08 10:34:44,004 - mmdet - INFO - Saving checkpoint at 6 epochs
2026-06-08 10:35:12,622 - mmdet - INFO - Epoch [7][50/1652]	lr: 1.000e-03, eta: 1:22:13, time: 0.562, data_time: 0.093, memory: 4028, bbox_loss: 0.3897, cls_loss: 0.2184, loss: 0.6081, grad_norm: 2.0193
2026-06-08 10:35:38,501 - mmdet - INFO - Epoch [7][100/1652]	lr: 1.000e-03, eta: 1:21:49, time: 0.518, data_time: 0.045, memory: 4028, bbox_loss: 0.3866, cls_loss: 0.2211, loss: 0.6077, grad_norm: 2.0578
2026-06-08 10:36:03,916 - mmdet - INFO - Epoch [7][150/1652]	lr: 1.000e-03, eta: 1:21:24, time: 0.508, data_time: 0.046, memory: 4028, bbox_loss: 0.3813, cls_loss: 0.2011, loss: 0.5824, grad_norm: 2.3283
2026-06-08 10:36:29,464 - mmdet - INFO - Epoch [7][200/1652]	lr: 1.000e-03, eta: 1:21:00, time: 0.511, data_time: 0.044, memory: 4028, bbox_loss: 0.3850, cls_loss: 0.2114, loss: 0.5964, grad_norm: 2.2029
2026-06-08 10:36:55,545 - mmdet - INFO - Epoch [7][250/1652]	lr: 1.000e-03, eta: 1:20:36, time: 0.522, data_time: 0.044, memory: 4028, bbox_loss: 0.3856, cls_loss: 0.2112, loss: 0.5969, grad_norm: 2.0287
2026-06-08 10:37:21,292 - mmdet - INFO - Epoch [7][300/1652]	lr: 1.000e-03, eta: 1:20:11, time: 0.515, data_time: 0.046, memory: 4028, bbox_loss: 0.3862, cls_loss: 0.2103, loss: 0.5965, grad_norm: 2.3330
2026-06-08 10:37:47,070 - mmdet - INFO - Epoch [7][350/1652]	lr: 1.000e-03, eta: 1:19:47, time: 0.516, data_time: 0.045, memory: 4028, bbox_loss: 0.3780, cls_loss: 0.2121, loss: 0.5900, grad_norm: 2.1727
2026-06-08 10:38:12,865 - mmdet - INFO - Epoch [7][400/1652]	lr: 1.000e-03, eta: 1:19:23, time: 0.516, data_time: 0.044, memory: 4028, bbox_loss: 0.3957, cls_loss: 0.2248, loss: 0.6205, grad_norm: 1.9799
2026-06-08 10:38:38,150 - mmdet - INFO - Epoch [7][450/1652]	lr: 1.000e-03, eta: 1:18:58, time: 0.506, data_time: 0.043, memory: 4028, bbox_loss: 0.3913, cls_loss: 0.2183, loss: 0.6096, grad_norm: 2.0414
2026-06-08 10:39:03,877 - mmdet - INFO - Epoch [7][500/1652]	lr: 1.000e-03, eta: 1:18:33, time: 0.515, data_time: 0.046, memory: 4028, bbox_loss: 0.3824, cls_loss: 0.2105, loss: 0.5929, grad_norm: 2.0271
2026-06-08 10:39:29,379 - mmdet - INFO - Epoch [7][550/1652]	lr: 1.000e-03, eta: 1:18:09, time: 0.510, data_time: 0.043, memory: 4028, bbox_loss: 0.3808, cls_loss: 0.2047, loss: 0.5855, grad_norm: 2.1523
2026-06-08 10:39:54,615 - mmdet - INFO - Epoch [7][600/1652]	lr: 1.000e-03, eta: 1:17:44, time: 0.505, data_time: 0.043, memory: 4028, bbox_loss: 0.3843, cls_loss: 0.2185, loss: 0.6028, grad_norm: 1.9300
2026-06-08 10:40:18,820 - mmdet - INFO - Epoch [7][650/1652]	lr: 1.000e-03, eta: 1:17:18, time: 0.484, data_time: 0.045, memory: 4028, bbox_loss: 0.3831, cls_loss: 0.2080, loss: 0.5910, grad_norm: 1.9834
2026-06-08 10:40:43,613 - mmdet - INFO - Epoch [7][700/1652]	lr: 1.000e-03, eta: 1:16:53, time: 0.496, data_time: 0.045, memory: 4028, bbox_loss: 0.3897, cls_loss: 0.2121, loss: 0.6018, grad_norm: 1.9775
2026-06-08 10:41:07,391 - mmdet - INFO - Epoch [7][750/1652]	lr: 1.000e-03, eta: 1:16:27, time: 0.476, data_time: 0.043, memory: 4028, bbox_loss: 0.3873, cls_loss: 0.2142, loss: 0.6016, grad_norm: 2.1402
2026-06-08 10:41:31,423 - mmdet - INFO - Epoch [7][800/1652]	lr: 1.000e-03, eta: 1:16:01, time: 0.481, data_time: 0.045, memory: 4028, bbox_loss: 0.3899, cls_loss: 0.2117, loss: 0.6015, grad_norm: 2.0587
2026-06-08 10:41:55,171 - mmdet - INFO - Epoch [7][850/1652]	lr: 1.000e-03, eta: 1:15:35, time: 0.475, data_time: 0.043, memory: 4028, bbox_loss: 0.3843, cls_loss: 0.2096, loss: 0.5939, grad_norm: 1.9065
2026-06-08 10:42:19,048 - mmdet - INFO - Epoch [7][900/1652]	lr: 1.000e-03, eta: 1:15:09, time: 0.478, data_time: 0.044, memory: 4028, bbox_loss: 0.3791, cls_loss: 0.2021, loss: 0.5813, grad_norm: 2.0905
2026-06-08 10:42:43,035 - mmdet - INFO - Epoch [7][950/1652]	lr: 1.000e-03, eta: 1:14:43, time: 0.480, data_time: 0.048, memory: 4028, bbox_loss: 0.3834, cls_loss: 0.2101, loss: 0.5935, grad_norm: 2.1283
2026-06-08 10:43:07,026 - mmdet - INFO - Epoch [7][1000/1652]	lr: 1.000e-03, eta: 1:14:17, time: 0.480, data_time: 0.043, memory: 4028, bbox_loss: 0.3800, cls_loss: 0.2068, loss: 0.5868, grad_norm: 2.0481
2026-06-08 10:43:30,812 - mmdet - INFO - Epoch [7][1050/1652]	lr: 1.000e-03, eta: 1:13:51, time: 0.476, data_time: 0.043, memory: 4028, bbox_loss: 0.3877, cls_loss: 0.2108, loss: 0.5984, grad_norm: 2.1574
2026-06-08 10:43:55,084 - mmdet - INFO - Epoch [7][1100/1652]	lr: 1.000e-03, eta: 1:13:26, time: 0.485, data_time: 0.044, memory: 4028, bbox_loss: 0.3913, cls_loss: 0.2178, loss: 0.6091, grad_norm: 2.1299
2026-06-08 10:44:19,262 - mmdet - INFO - Epoch [7][1150/1652]	lr: 1.000e-03, eta: 1:13:00, time: 0.484, data_time: 0.045, memory: 4028, bbox_loss: 0.3864, cls_loss: 0.2184, loss: 0.6048, grad_norm: 1.9738
2026-06-08 10:44:43,410 - mmdet - INFO - Epoch [7][1200/1652]	lr: 1.000e-03, eta: 1:12:34, time: 0.483, data_time: 0.046, memory: 4028, bbox_loss: 0.3793, cls_loss: 0.2060, loss: 0.5853, grad_norm: 2.1026
2026-06-08 10:45:07,300 - mmdet - INFO - Epoch [7][1250/1652]	lr: 1.000e-03, eta: 1:12:08, time: 0.478, data_time: 0.042, memory: 4028, bbox_loss: 0.3859, cls_loss: 0.2141, loss: 0.6000, grad_norm: 1.9949
2026-06-08 10:45:31,763 - mmdet - INFO - Epoch [7][1300/1652]	lr: 1.000e-03, eta: 1:11:43, time: 0.489, data_time: 0.045, memory: 4028, bbox_loss: 0.3748, cls_loss: 0.2045, loss: 0.5792, grad_norm: 1.8892
2026-06-08 10:45:55,840 - mmdet - INFO - Epoch [7][1350/1652]	lr: 1.000e-03, eta: 1:11:17, time: 0.482, data_time: 0.045, memory: 4028, bbox_loss: 0.3777, cls_loss: 0.2022, loss: 0.5799, grad_norm: 2.0511
2026-06-08 10:46:19,797 - mmdet - INFO - Epoch [7][1400/1652]	lr: 1.000e-03, eta: 1:10:52, time: 0.479, data_time: 0.042, memory: 4028, bbox_loss: 0.3787, cls_loss: 0.2064, loss: 0.5851, grad_norm: 2.2511
2026-06-08 10:46:43,730 - mmdet - INFO - Epoch [7][1450/1652]	lr: 1.000e-03, eta: 1:10:26, time: 0.479, data_time: 0.042, memory: 4028, bbox_loss: 0.3857, cls_loss: 0.2176, loss: 0.6033, grad_norm: 2.1367
2026-06-08 10:47:07,360 - mmdet - INFO - Epoch [7][1500/1652]	lr: 1.000e-03, eta: 1:10:00, time: 0.473, data_time: 0.044, memory: 4028, bbox_loss: 0.3852, cls_loss: 0.2021, loss: 0.5873, grad_norm: 2.1329
2026-06-08 10:47:31,610 - mmdet - INFO - Epoch [7][1550/1652]	lr: 1.000e-03, eta: 1:09:34, time: 0.485, data_time: 0.043, memory: 4028, bbox_loss: 0.3944, cls_loss: 0.2168, loss: 0.6112, grad_norm: 2.0236
2026-06-08 10:47:56,027 - mmdet - INFO - Epoch [7][1600/1652]	lr: 1.000e-03, eta: 1:09:09, time: 0.488, data_time: 0.045, memory: 4028, bbox_loss: 0.3895, cls_loss: 0.2090, loss: 0.5985, grad_norm: 1.7728
2026-06-08 10:48:21,605 - mmdet - INFO - Epoch [7][1650/1652]	lr: 1.000e-03, eta: 1:08:44, time: 0.512, data_time: 0.044, memory: 4028, bbox_loss: 0.3903, cls_loss: 0.2129, loss: 0.6032, grad_norm: 1.8340
2026-06-08 10:48:22,706 - mmdet - INFO - Saving checkpoint at 7 epochs
2026-06-08 10:48:51,564 - mmdet - INFO - Epoch [8][50/1652]	lr: 1.000e-03, eta: 1:08:20, time: 0.562, data_time: 0.093, memory: 4028, bbox_loss: 0.3814, cls_loss: 0.2096, loss: 0.5910, grad_norm: 1.9237
2026-06-08 10:49:17,147 - mmdet - INFO - Epoch [8][100/1652]	lr: 1.000e-03, eta: 1:07:55, time: 0.512, data_time: 0.045, memory: 4028, bbox_loss: 0.3771, cls_loss: 0.2041, loss: 0.5811, grad_norm: 1.9439
2026-06-08 10:49:41,620 - mmdet - INFO - Epoch [8][150/1652]	lr: 1.000e-03, eta: 1:07:30, time: 0.489, data_time: 0.044, memory: 4028, bbox_loss: 0.3806, cls_loss: 0.2097, loss: 0.5903, grad_norm: 1.9156
2026-06-08 10:50:05,321 - mmdet - INFO - Epoch [8][200/1652]	lr: 1.000e-03, eta: 1:07:04, time: 0.474, data_time: 0.042, memory: 4028, bbox_loss: 0.3844, cls_loss: 0.2112, loss: 0.5957, grad_norm: 2.0029
2026-06-08 10:50:29,166 - mmdet - INFO - Epoch [8][250/1652]	lr: 1.000e-03, eta: 1:06:39, time: 0.477, data_time: 0.043, memory: 4028, bbox_loss: 0.3899, cls_loss: 0.2068, loss: 0.5967, grad_norm: 1.9172
2026-06-08 10:50:53,588 - mmdet - INFO - Epoch [8][300/1652]	lr: 1.000e-03, eta: 1:06:13, time: 0.488, data_time: 0.045, memory: 4028, bbox_loss: 0.3781, cls_loss: 0.2039, loss: 0.5820, grad_norm: 1.9493
2026-06-08 10:51:17,591 - mmdet - INFO - Epoch [8][350/1652]	lr: 1.000e-03, eta: 1:05:48, time: 0.480, data_time: 0.044, memory: 4028, bbox_loss: 0.3881, cls_loss: 0.2133, loss: 0.6014, grad_norm: 1.8038
2026-06-08 10:51:41,114 - mmdet - INFO - Epoch [8][400/1652]	lr: 1.000e-03, eta: 1:05:22, time: 0.470, data_time: 0.042, memory: 4028, bbox_loss: 0.3905, cls_loss: 0.2104, loss: 0.6009, grad_norm: 2.0456
2026-06-08 10:52:04,864 - mmdet - INFO - Epoch [8][450/1652]	lr: 1.000e-03, eta: 1:04:56, time: 0.475, data_time: 0.044, memory: 4028, bbox_loss: 0.3746, cls_loss: 0.1990, loss: 0.5736, grad_norm: 1.8931
2026-06-08 10:52:28,488 - mmdet - INFO - Epoch [8][500/1652]	lr: 1.000e-03, eta: 1:04:30, time: 0.472, data_time: 0.043, memory: 4028, bbox_loss: 0.3793, cls_loss: 0.2067, loss: 0.5861, grad_norm: 1.7943
2026-06-08 10:52:52,352 - mmdet - INFO - Epoch [8][550/1652]	lr: 1.000e-03, eta: 1:04:05, time: 0.477, data_time: 0.044, memory: 4028, bbox_loss: 0.3846, cls_loss: 0.2046, loss: 0.5891, grad_norm: 1.9701
2026-06-08 10:53:16,167 - mmdet - INFO - Epoch [8][600/1652]	lr: 1.000e-03, eta: 1:03:39, time: 0.476, data_time: 0.044, memory: 4028, bbox_loss: 0.3778, cls_loss: 0.1998, loss: 0.5776, grad_norm: 1.9009
2026-06-08 10:53:40,131 - mmdet - INFO - Epoch [8][650/1652]	lr: 1.000e-03, eta: 1:03:13, time: 0.479, data_time: 0.044, memory: 4028, bbox_loss: 0.3722, cls_loss: 0.2043, loss: 0.5765, grad_norm: 1.9938
2026-06-08 10:54:04,034 - mmdet - INFO - Epoch [8][700/1652]	lr: 1.000e-03, eta: 1:02:48, time: 0.478, data_time: 0.044, memory: 4028, bbox_loss: 0.3797, cls_loss: 0.2033, loss: 0.5830, grad_norm: 1.9039
2026-06-08 10:54:27,734 - mmdet - INFO - Epoch [8][750/1652]	lr: 1.000e-03, eta: 1:02:22, time: 0.474, data_time: 0.044, memory: 4028, bbox_loss: 0.3705, cls_loss: 0.2012, loss: 0.5717, grad_norm: 2.0679
2026-06-08 10:54:51,579 - mmdet - INFO - Epoch [8][800/1652]	lr: 1.000e-03, eta: 1:01:57, time: 0.477, data_time: 0.044, memory: 4028, bbox_loss: 0.3785, cls_loss: 0.2100, loss: 0.5885, grad_norm: 1.8560
2026-06-08 10:55:15,331 - mmdet - INFO - Epoch [8][850/1652]	lr: 1.000e-03, eta: 1:01:31, time: 0.475, data_time: 0.043, memory: 4028, bbox_loss: 0.3840, cls_loss: 0.2134, loss: 0.5974, grad_norm: 1.9555
2026-06-08 10:55:39,187 - mmdet - INFO - Epoch [8][900/1652]	lr: 1.000e-03, eta: 1:01:05, time: 0.477, data_time: 0.045, memory: 4028, bbox_loss: 0.3796, cls_loss: 0.2055, loss: 0.5851, grad_norm: 1.8196
2026-06-08 10:56:02,923 - mmdet - INFO - Epoch [8][950/1652]	lr: 1.000e-03, eta: 1:00:40, time: 0.475, data_time: 0.043, memory: 4028, bbox_loss: 0.3831, cls_loss: 0.2038, loss: 0.5869, grad_norm: 2.1219
2026-06-08 10:56:26,865 - mmdet - INFO - Epoch [8][1000/1652]	lr: 1.000e-03, eta: 1:00:14, time: 0.479, data_time: 0.045, memory: 4028, bbox_loss: 0.3868, cls_loss: 0.2107, loss: 0.5975, grad_norm: 1.6658
2026-06-08 10:56:51,087 - mmdet - INFO - Epoch [8][1050/1652]	lr: 1.000e-03, eta: 0:59:49, time: 0.484, data_time: 0.045, memory: 4028, bbox_loss: 0.3946, cls_loss: 0.2110, loss: 0.6056, grad_norm: 1.8238
2026-06-08 10:57:15,282 - mmdet - INFO - Epoch [8][1100/1652]	lr: 1.000e-03, eta: 0:59:24, time: 0.484, data_time: 0.045, memory: 4028, bbox_loss: 0.3828, cls_loss: 0.2078, loss: 0.5906, grad_norm: 1.7880
2026-06-08 10:57:39,005 - mmdet - INFO - Epoch [8][1150/1652]	lr: 1.000e-03, eta: 0:58:58, time: 0.474, data_time: 0.043, memory: 4028, bbox_loss: 0.3790, cls_loss: 0.2059, loss: 0.5849, grad_norm: 1.7717
2026-06-08 10:58:03,358 - mmdet - INFO - Epoch [8][1200/1652]	lr: 1.000e-03, eta: 0:58:33, time: 0.487, data_time: 0.044, memory: 4028, bbox_loss: 0.3791, cls_loss: 0.2063, loss: 0.5855, grad_norm: 1.9743
2026-06-08 10:58:28,761 - mmdet - INFO - Epoch [8][1250/1652]	lr: 1.000e-03, eta: 0:58:09, time: 0.508, data_time: 0.044, memory: 4028, bbox_loss: 0.3815, cls_loss: 0.2131, loss: 0.5946, grad_norm: 1.8231
2026-06-08 10:58:54,325 - mmdet - INFO - Epoch [8][1300/1652]	lr: 1.000e-03, eta: 0:57:44, time: 0.511, data_time: 0.045, memory: 4028, bbox_loss: 0.3678, cls_loss: 0.1986, loss: 0.5664, grad_norm: 1.8537
2026-06-08 10:59:19,764 - mmdet - INFO - Epoch [8][1350/1652]	lr: 1.000e-03, eta: 0:57:19, time: 0.509, data_time: 0.043, memory: 4028, bbox_loss: 0.3800, cls_loss: 0.1987, loss: 0.5787, grad_norm: 1.8645
2026-06-08 10:59:44,957 - mmdet - INFO - Epoch [8][1400/1652]	lr: 1.000e-03, eta: 0:56:55, time: 0.504, data_time: 0.044, memory: 4028, bbox_loss: 0.3644, cls_loss: 0.1976, loss: 0.5620, grad_norm: 1.7581
2026-06-08 11:00:08,959 - mmdet - INFO - Epoch [8][1450/1652]	lr: 1.000e-03, eta: 0:56:29, time: 0.480, data_time: 0.044, memory: 4028, bbox_loss: 0.3781, cls_loss: 0.2058, loss: 0.5839, grad_norm: 1.6948
2026-06-08 11:00:33,274 - mmdet - INFO - Epoch [8][1500/1652]	lr: 1.000e-03, eta: 0:56:04, time: 0.486, data_time: 0.046, memory: 4028, bbox_loss: 0.3768, cls_loss: 0.2030, loss: 0.5798, grad_norm: 1.8385
2026-06-08 11:00:57,296 - mmdet - INFO - Epoch [8][1550/1652]	lr: 1.000e-03, eta: 0:55:39, time: 0.480, data_time: 0.045, memory: 4028, bbox_loss: 0.3745, cls_loss: 0.2039, loss: 0.5784, grad_norm: 1.9358
2026-06-08 11:01:21,312 - mmdet - INFO - Epoch [8][1600/1652]	lr: 1.000e-03, eta: 0:55:14, time: 0.480, data_time: 0.043, memory: 4028, bbox_loss: 0.3857, cls_loss: 0.2081, loss: 0.5938, grad_norm: 1.7714
2026-06-08 11:01:46,912 - mmdet - INFO - Epoch [8][1650/1652]	lr: 1.000e-03, eta: 0:54:49, time: 0.512, data_time: 0.043, memory: 4028, bbox_loss: 0.3853, cls_loss: 0.2054, loss: 0.5907, grad_norm: 1.9716
2026-06-08 11:01:47,950 - mmdet - INFO - Saving checkpoint at 8 epochs
2026-06-08 11:02:16,552 - mmdet - INFO - Epoch [9][50/1652]	lr: 1.000e-04, eta: 0:54:24, time: 0.557, data_time: 0.092, memory: 4028, bbox_loss: 0.3749, cls_loss: 0.1981, loss: 0.5730, grad_norm: 1.5059
2026-06-08 11:02:40,733 - mmdet - INFO - Epoch [9][100/1652]	lr: 1.000e-04, eta: 0:53:59, time: 0.484, data_time: 0.045, memory: 4028, bbox_loss: 0.3528, cls_loss: 0.1904, loss: 0.5432, grad_norm: 1.4899
2026-06-08 11:03:05,058 - mmdet - INFO - Epoch [9][150/1652]	lr: 1.000e-04, eta: 0:53:34, time: 0.486, data_time: 0.044, memory: 4028, bbox_loss: 0.3635, cls_loss: 0.2005, loss: 0.5640, grad_norm: 1.4378
2026-06-08 11:03:28,786 - mmdet - INFO - Epoch [9][200/1652]	lr: 1.000e-04, eta: 0:53:08, time: 0.475, data_time: 0.043, memory: 4028, bbox_loss: 0.3615, cls_loss: 0.1915, loss: 0.5530, grad_norm: 1.5669
2026-06-08 11:03:53,049 - mmdet - INFO - Epoch [9][250/1652]	lr: 1.000e-04, eta: 0:52:43, time: 0.485, data_time: 0.044, memory: 4028, bbox_loss: 0.3662, cls_loss: 0.1963, loss: 0.5625, grad_norm: 1.6067
2026-06-08 11:04:18,468 - mmdet - INFO - Epoch [9][300/1652]	lr: 1.000e-04, eta: 0:52:18, time: 0.508, data_time: 0.044, memory: 4028, bbox_loss: 0.3712, cls_loss: 0.1998, loss: 0.5710, grad_norm: 1.5398
2026-06-08 11:04:43,787 - mmdet - INFO - Epoch [9][350/1652]	lr: 1.000e-04, eta: 0:51:54, time: 0.506, data_time: 0.044, memory: 4028, bbox_loss: 0.3677, cls_loss: 0.1924, loss: 0.5601, grad_norm: 1.5806
2026-06-08 11:05:09,334 - mmdet - INFO - Epoch [9][400/1652]	lr: 1.000e-04, eta: 0:51:29, time: 0.511, data_time: 0.043, memory: 4028, bbox_loss: 0.3553, cls_loss: 0.1933, loss: 0.5487, grad_norm: 1.5839
2026-06-08 11:05:35,008 - mmdet - INFO - Epoch [9][450/1652]	lr: 1.000e-04, eta: 0:51:05, time: 0.513, data_time: 0.043, memory: 4028, bbox_loss: 0.3570, cls_loss: 0.1895, loss: 0.5465, grad_norm: 1.5662
2026-06-08 11:06:00,341 - mmdet - INFO - Epoch [9][500/1652]	lr: 1.000e-04, eta: 0:50:40, time: 0.507, data_time: 0.045, memory: 4028, bbox_loss: 0.3566, cls_loss: 0.1927, loss: 0.5493, grad_norm: 1.5802
2026-06-08 11:06:25,841 - mmdet - INFO - Epoch [9][550/1652]	lr: 1.000e-04, eta: 0:50:15, time: 0.510, data_time: 0.044, memory: 4028, bbox_loss: 0.3551, cls_loss: 0.1869, loss: 0.5420, grad_norm: 1.5459
2026-06-08 11:06:51,575 - mmdet - INFO - Epoch [9][600/1652]	lr: 1.000e-04, eta: 0:49:51, time: 0.515, data_time: 0.044, memory: 4028, bbox_loss: 0.3582, cls_loss: 0.1921, loss: 0.5503, grad_norm: 1.5723
2026-06-08 11:07:16,805 - mmdet - INFO - Epoch [9][650/1652]	lr: 1.000e-04, eta: 0:49:26, time: 0.505, data_time: 0.045, memory: 4028, bbox_loss: 0.3552, cls_loss: 0.1864, loss: 0.5416, grad_norm: 1.6079
2026-06-08 11:07:41,726 - mmdet - INFO - Epoch [9][700/1652]	lr: 1.000e-04, eta: 0:49:01, time: 0.498, data_time: 0.044, memory: 4028, bbox_loss: 0.3540, cls_loss: 0.1860, loss: 0.5400, grad_norm: 1.5814
2026-06-08 11:08:05,568 - mmdet - INFO - Epoch [9][750/1652]	lr: 1.000e-04, eta: 0:48:36, time: 0.477, data_time: 0.042, memory: 4028, bbox_loss: 0.3576, cls_loss: 0.1899, loss: 0.5475, grad_norm: 1.6316
2026-06-08 11:08:29,759 - mmdet - INFO - Epoch [9][800/1652]	lr: 1.000e-04, eta: 0:48:11, time: 0.484, data_time: 0.044, memory: 4028, bbox_loss: 0.3596, cls_loss: 0.1901, loss: 0.5497, grad_norm: 1.4896
2026-06-08 11:08:53,676 - mmdet - INFO - Epoch [9][850/1652]	lr: 1.000e-04, eta: 0:47:45, time: 0.478, data_time: 0.043, memory: 4028, bbox_loss: 0.3584, cls_loss: 0.1901, loss: 0.5485, grad_norm: 1.5284
2026-06-08 11:09:17,614 - mmdet - INFO - Epoch [9][900/1652]	lr: 1.000e-04, eta: 0:47:20, time: 0.479, data_time: 0.043, memory: 4028, bbox_loss: 0.3482, cls_loss: 0.1806, loss: 0.5287, grad_norm: 1.6236
2026-06-08 11:09:42,528 - mmdet - INFO - Epoch [9][950/1652]	lr: 1.000e-04, eta: 0:46:55, time: 0.498, data_time: 0.044, memory: 4028, bbox_loss: 0.3542, cls_loss: 0.1833, loss: 0.5375, grad_norm: 1.5534
2026-06-08 11:10:08,109 - mmdet - INFO - Epoch [9][1000/1652]	lr: 1.000e-04, eta: 0:46:31, time: 0.512, data_time: 0.045, memory: 4028, bbox_loss: 0.3571, cls_loss: 0.1931, loss: 0.5502, grad_norm: 1.5173
2026-06-08 11:10:33,604 - mmdet - INFO - Epoch [9][1050/1652]	lr: 1.000e-04, eta: 0:46:06, time: 0.510, data_time: 0.043, memory: 4028, bbox_loss: 0.3503, cls_loss: 0.1848, loss: 0.5351, grad_norm: 1.5375
2026-06-08 11:10:57,644 - mmdet - INFO - Epoch [9][1100/1652]	lr: 1.000e-04, eta: 0:45:41, time: 0.481, data_time: 0.045, memory: 4028, bbox_loss: 0.3582, cls_loss: 0.1908, loss: 0.5489, grad_norm: 1.5212
2026-06-08 11:11:21,311 - mmdet - INFO - Epoch [9][1150/1652]	lr: 1.000e-04, eta: 0:45:15, time: 0.473, data_time: 0.043, memory: 4028, bbox_loss: 0.3606, cls_loss: 0.1841, loss: 0.5447, grad_norm: 1.5107
2026-06-08 11:11:44,979 - mmdet - INFO - Epoch [9][1200/1652]	lr: 1.000e-04, eta: 0:44:50, time: 0.473, data_time: 0.043, memory: 4028, bbox_loss: 0.3538, cls_loss: 0.1855, loss: 0.5393, grad_norm: 1.6296
2026-06-08 11:12:09,138 - mmdet - INFO - Epoch [9][1250/1652]	lr: 1.000e-04, eta: 0:44:25, time: 0.483, data_time: 0.044, memory: 4028, bbox_loss: 0.3577, cls_loss: 0.1873, loss: 0.5450, grad_norm: 1.6927
2026-06-08 11:12:33,222 - mmdet - INFO - Epoch [9][1300/1652]	lr: 1.000e-04, eta: 0:44:00, time: 0.482, data_time: 0.045, memory: 4028, bbox_loss: 0.3520, cls_loss: 0.1823, loss: 0.5343, grad_norm: 1.6321
2026-06-08 11:12:57,263 - mmdet - INFO - Epoch [9][1350/1652]	lr: 1.000e-04, eta: 0:43:35, time: 0.481, data_time: 0.047, memory: 4028, bbox_loss: 0.3677, cls_loss: 0.1938, loss: 0.5615, grad_norm: 1.5214
2026-06-08 11:13:20,783 - mmdet - INFO - Epoch [9][1400/1652]	lr: 1.000e-04, eta: 0:43:09, time: 0.470, data_time: 0.042, memory: 4028, bbox_loss: 0.3610, cls_loss: 0.1911, loss: 0.5520, grad_norm: 1.5821
2026-06-08 11:13:44,786 - mmdet - INFO - Epoch [9][1450/1652]	lr: 1.000e-04, eta: 0:42:44, time: 0.480, data_time: 0.045, memory: 4028, bbox_loss: 0.3608, cls_loss: 0.1912, loss: 0.5520, grad_norm: 1.6407
2026-06-08 11:14:09,104 - mmdet - INFO - Epoch [9][1500/1652]	lr: 1.000e-04, eta: 0:42:19, time: 0.486, data_time: 0.044, memory: 4028, bbox_loss: 0.3623, cls_loss: 0.1921, loss: 0.5544, grad_norm: 1.5542
2026-06-08 11:14:32,685 - mmdet - INFO - Epoch [9][1550/1652]	lr: 1.000e-04, eta: 0:41:54, time: 0.472, data_time: 0.041, memory: 4028, bbox_loss: 0.3605, cls_loss: 0.1887, loss: 0.5492, grad_norm: 1.6158
2026-06-08 11:14:56,714 - mmdet - INFO - Epoch [9][1600/1652]	lr: 1.000e-04, eta: 0:41:29, time: 0.481, data_time: 0.043, memory: 4028, bbox_loss: 0.3590, cls_loss: 0.1877, loss: 0.5467, grad_norm: 1.6566
2026-06-08 11:15:20,710 - mmdet - INFO - Epoch [9][1650/1652]	lr: 1.000e-04, eta: 0:41:03, time: 0.480, data_time: 0.044, memory: 4028, bbox_loss: 0.3617, cls_loss: 0.1910, loss: 0.5527, grad_norm: 1.5560
2026-06-08 11:15:21,744 - mmdet - INFO - Saving checkpoint at 9 epochs
2026-06-08 11:15:49,908 - mmdet - INFO - Epoch [10][50/1652]	lr: 1.000e-04, eta: 0:40:38, time: 0.552, data_time: 0.096, memory: 4028, bbox_loss: 0.3569, cls_loss: 0.1840, loss: 0.5409, grad_norm: 1.6574
2026-06-08 11:16:15,566 - mmdet - INFO - Epoch [10][100/1652]	lr: 1.000e-04, eta: 0:40:14, time: 0.513, data_time: 0.046, memory: 4028, bbox_loss: 0.3532, cls_loss: 0.1845, loss: 0.5377, grad_norm: 1.5870
2026-06-08 11:16:41,174 - mmdet - INFO - Epoch [10][150/1652]	lr: 1.000e-04, eta: 0:39:49, time: 0.512, data_time: 0.045, memory: 4028, bbox_loss: 0.3508, cls_loss: 0.1808, loss: 0.5317, grad_norm: 1.5973
2026-06-08 11:17:07,003 - mmdet - INFO - Epoch [10][200/1652]	lr: 1.000e-04, eta: 0:39:24, time: 0.517, data_time: 0.045, memory: 4028, bbox_loss: 0.3541, cls_loss: 0.1864, loss: 0.5405, grad_norm: 1.6741
2026-06-08 11:17:32,400 - mmdet - INFO - Epoch [10][250/1652]	lr: 1.000e-04, eta: 0:39:00, time: 0.508, data_time: 0.045, memory: 4028, bbox_loss: 0.3480, cls_loss: 0.1800, loss: 0.5280, grad_norm: 1.6235
2026-06-08 11:17:57,911 - mmdet - INFO - Epoch [10][300/1652]	lr: 1.000e-04, eta: 0:38:35, time: 0.510, data_time: 0.044, memory: 4028, bbox_loss: 0.3508, cls_loss: 0.1827, loss: 0.5336, grad_norm: 1.7081
2026-06-08 11:18:23,287 - mmdet - INFO - Epoch [10][350/1652]	lr: 1.000e-04, eta: 0:38:10, time: 0.507, data_time: 0.043, memory: 4028, bbox_loss: 0.3596, cls_loss: 0.1958, loss: 0.5554, grad_norm: 1.5701
2026-06-08 11:18:49,002 - mmdet - INFO - Epoch [10][400/1652]	lr: 1.000e-04, eta: 0:37:46, time: 0.514, data_time: 0.045, memory: 4028, bbox_loss: 0.3523, cls_loss: 0.1849, loss: 0.5373, grad_norm: 1.5986
2026-06-08 11:19:14,655 - mmdet - INFO - Epoch [10][450/1652]	lr: 1.000e-04, eta: 0:37:21, time: 0.513, data_time: 0.046, memory: 4028, bbox_loss: 0.3441, cls_loss: 0.1788, loss: 0.5229, grad_norm: 1.6318
2026-06-08 11:19:40,077 - mmdet - INFO - Epoch [10][500/1652]	lr: 1.000e-04, eta: 0:36:56, time: 0.508, data_time: 0.044, memory: 4028, bbox_loss: 0.3557, cls_loss: 0.1881, loss: 0.5438, grad_norm: 1.6147
2026-06-08 11:20:05,276 - mmdet - INFO - Epoch [10][550/1652]	lr: 1.000e-04, eta: 0:36:32, time: 0.504, data_time: 0.044, memory: 4028, bbox_loss: 0.3545, cls_loss: 0.1883, loss: 0.5428, grad_norm: 2.2170
2026-06-08 11:20:31,240 - mmdet - INFO - Epoch [10][600/1652]	lr: 1.000e-04, eta: 0:36:07, time: 0.519, data_time: 0.045, memory: 4028, bbox_loss: 0.3470, cls_loss: 0.1810, loss: 0.5280, grad_norm: 1.5960
2026-06-08 11:20:56,866 - mmdet - INFO - Epoch [10][650/1652]	lr: 1.000e-04, eta: 0:35:42, time: 0.513, data_time: 0.043, memory: 4028, bbox_loss: 0.3572, cls_loss: 0.1916, loss: 0.5488, grad_norm: 1.5434
2026-06-08 11:21:22,277 - mmdet - INFO - Epoch [10][700/1652]	lr: 1.000e-04, eta: 0:35:18, time: 0.508, data_time: 0.045, memory: 4028, bbox_loss: 0.3555, cls_loss: 0.1817, loss: 0.5372, grad_norm: 1.5776
2026-06-08 11:21:48,156 - mmdet - INFO - Epoch [10][750/1652]	lr: 1.000e-04, eta: 0:34:53, time: 0.518, data_time: 0.045, memory: 4028, bbox_loss: 0.3559, cls_loss: 0.1873, loss: 0.5433, grad_norm: 1.4665
2026-06-08 11:22:13,576 - mmdet - INFO - Epoch [10][800/1652]	lr: 1.000e-04, eta: 0:34:28, time: 0.508, data_time: 0.043, memory: 4028, bbox_loss: 0.3638, cls_loss: 0.1928, loss: 0.5566, grad_norm: 1.5696
2026-06-08 11:22:39,092 - mmdet - INFO - Epoch [10][850/1652]	lr: 1.000e-04, eta: 0:34:04, time: 0.510, data_time: 0.044, memory: 4028, bbox_loss: 0.3616, cls_loss: 0.1896, loss: 0.5511, grad_norm: 1.6321
2026-06-08 11:23:04,733 - mmdet - INFO - Epoch [10][900/1652]	lr: 1.000e-04, eta: 0:33:39, time: 0.513, data_time: 0.045, memory: 4028, bbox_loss: 0.3503, cls_loss: 0.1826, loss: 0.5329, grad_norm: 1.5506
2026-06-08 11:23:30,228 - mmdet - INFO - Epoch [10][950/1652]	lr: 1.000e-04, eta: 0:33:14, time: 0.510, data_time: 0.043, memory: 4028, bbox_loss: 0.3522, cls_loss: 0.1900, loss: 0.5422, grad_norm: 1.5855
2026-06-08 11:23:55,739 - mmdet - INFO - Epoch [10][1000/1652]	lr: 1.000e-04, eta: 0:32:49, time: 0.510, data_time: 0.045, memory: 4028, bbox_loss: 0.3426, cls_loss: 0.1796, loss: 0.5222, grad_norm: 1.6286
2026-06-08 11:24:21,324 - mmdet - INFO - Epoch [10][1050/1652]	lr: 1.000e-04, eta: 0:32:25, time: 0.512, data_time: 0.043, memory: 4028, bbox_loss: 0.3564, cls_loss: 0.1865, loss: 0.5429, grad_norm: 1.5456
2026-06-08 11:24:46,486 - mmdet - INFO - Epoch [10][1100/1652]	lr: 1.000e-04, eta: 0:32:00, time: 0.503, data_time: 0.044, memory: 4028, bbox_loss: 0.3574, cls_loss: 0.1912, loss: 0.5486, grad_norm: 1.5588
2026-06-08 11:25:11,987 - mmdet - INFO - Epoch [10][1150/1652]	lr: 1.000e-04, eta: 0:31:35, time: 0.510, data_time: 0.044, memory: 4028, bbox_loss: 0.3570, cls_loss: 0.1863, loss: 0.5433, grad_norm: 1.6020
2026-06-08 11:25:37,168 - mmdet - INFO - Epoch [10][1200/1652]	lr: 1.000e-04, eta: 0:31:10, time: 0.504, data_time: 0.043, memory: 4028, bbox_loss: 0.3619, cls_loss: 0.1874, loss: 0.5494, grad_norm: 1.4862
2026-06-08 11:26:02,809 - mmdet - INFO - Epoch [10][1250/1652]	lr: 1.000e-04, eta: 0:30:45, time: 0.513, data_time: 0.043, memory: 4028, bbox_loss: 0.3514, cls_loss: 0.1902, loss: 0.5415, grad_norm: 1.5873
2026-06-08 11:26:28,377 - mmdet - INFO - Epoch [10][1300/1652]	lr: 1.000e-04, eta: 0:30:21, time: 0.511, data_time: 0.044, memory: 4028, bbox_loss: 0.3512, cls_loss: 0.1841, loss: 0.5353, grad_norm: 1.9047
2026-06-08 11:26:54,101 - mmdet - INFO - Epoch [10][1350/1652]	lr: 1.000e-04, eta: 0:29:56, time: 0.514, data_time: 0.044, memory: 4028, bbox_loss: 0.3446, cls_loss: 0.1793, loss: 0.5239, grad_norm: 1.5816
2026-06-08 11:27:19,832 - mmdet - INFO - Epoch [10][1400/1652]	lr: 1.000e-04, eta: 0:29:31, time: 0.515, data_time: 0.042, memory: 4028, bbox_loss: 0.3570, cls_loss: 0.1853, loss: 0.5423, grad_norm: 1.5995
2026-06-08 11:27:44,675 - mmdet - INFO - Epoch [10][1450/1652]	lr: 1.000e-04, eta: 0:29:06, time: 0.497, data_time: 0.043, memory: 4028, bbox_loss: 0.3481, cls_loss: 0.1785, loss: 0.5266, grad_norm: 1.5933
2026-06-08 11:28:08,817 - mmdet - INFO - Epoch [10][1500/1652]	lr: 1.000e-04, eta: 0:28:41, time: 0.483, data_time: 0.045, memory: 4028, bbox_loss: 0.3550, cls_loss: 0.1873, loss: 0.5422, grad_norm: 1.5524
2026-06-08 11:28:32,526 - mmdet - INFO - Epoch [10][1550/1652]	lr: 1.000e-04, eta: 0:28:16, time: 0.474, data_time: 0.043, memory: 4028, bbox_loss: 0.3492, cls_loss: 0.1852, loss: 0.5344, grad_norm: 1.5083
2026-06-08 11:28:56,156 - mmdet - INFO - Epoch [10][1600/1652]	lr: 1.000e-04, eta: 0:27:51, time: 0.473, data_time: 0.043, memory: 4028, bbox_loss: 0.3540, cls_loss: 0.1800, loss: 0.5340, grad_norm: 1.5949
2026-06-08 11:29:19,704 - mmdet - INFO - Epoch [10][1650/1652]	lr: 1.000e-04, eta: 0:27:26, time: 0.471, data_time: 0.043, memory: 4028, bbox_loss: 0.3595, cls_loss: 0.1864, loss: 0.5459, grad_norm: 1.6266
2026-06-08 11:29:20,709 - mmdet - INFO - Saving checkpoint at 10 epochs
2026-06-08 11:29:49,040 - mmdet - INFO - Epoch [11][50/1652]	lr: 1.000e-04, eta: 0:27:00, time: 0.555, data_time: 0.092, memory: 4028, bbox_loss: 0.3553, cls_loss: 0.1871, loss: 0.5424, grad_norm: 1.5143
2026-06-08 11:30:13,873 - mmdet - INFO - Epoch [11][100/1652]	lr: 1.000e-04, eta: 0:26:35, time: 0.497, data_time: 0.048, memory: 4028, bbox_loss: 0.3616, cls_loss: 0.1880, loss: 0.5496, grad_norm: 1.6593
2026-06-08 11:30:39,794 - mmdet - INFO - Epoch [11][150/1652]	lr: 1.000e-04, eta: 0:26:11, time: 0.518, data_time: 0.045, memory: 4028, bbox_loss: 0.3530, cls_loss: 0.1809, loss: 0.5339, grad_norm: 1.6522
2026-06-08 11:31:04,663 - mmdet - INFO - Epoch [11][200/1652]	lr: 1.000e-04, eta: 0:25:46, time: 0.497, data_time: 0.044, memory: 4028, bbox_loss: 0.3520, cls_loss: 0.1842, loss: 0.5363, grad_norm: 1.6544
2026-06-08 11:31:28,840 - mmdet - INFO - Epoch [11][250/1652]	lr: 1.000e-04, eta: 0:25:21, time: 0.484, data_time: 0.044, memory: 4028, bbox_loss: 0.3523, cls_loss: 0.1798, loss: 0.5321, grad_norm: 1.5206
2026-06-08 11:31:52,849 - mmdet - INFO - Epoch [11][300/1652]	lr: 1.000e-04, eta: 0:24:56, time: 0.480, data_time: 0.043, memory: 4028, bbox_loss: 0.3508, cls_loss: 0.1852, loss: 0.5360, grad_norm: 1.6242
2026-06-08 11:32:17,683 - mmdet - INFO - Epoch [11][350/1652]	lr: 1.000e-04, eta: 0:24:31, time: 0.497, data_time: 0.043, memory: 4028, bbox_loss: 0.3526, cls_loss: 0.1841, loss: 0.5368, grad_norm: 1.5710
2026-06-08 11:32:43,176 - mmdet - INFO - Epoch [11][400/1652]	lr: 1.000e-04, eta: 0:24:06, time: 0.510, data_time: 0.043, memory: 4028, bbox_loss: 0.3511, cls_loss: 0.1873, loss: 0.5384, grad_norm: 1.5590
2026-06-08 11:33:08,492 - mmdet - INFO - Epoch [11][450/1652]	lr: 1.000e-04, eta: 0:23:41, time: 0.506, data_time: 0.046, memory: 4028, bbox_loss: 0.3493, cls_loss: 0.1803, loss: 0.5296, grad_norm: 1.6480
2026-06-08 11:33:34,068 - mmdet - INFO - Epoch [11][500/1652]	lr: 1.000e-04, eta: 0:23:16, time: 0.512, data_time: 0.043, memory: 4028, bbox_loss: 0.3517, cls_loss: 0.1834, loss: 0.5351, grad_norm: 1.5396
2026-06-08 11:33:59,817 - mmdet - INFO - Epoch [11][550/1652]	lr: 1.000e-04, eta: 0:22:51, time: 0.515, data_time: 0.042, memory: 4028, bbox_loss: 0.3448, cls_loss: 0.1758, loss: 0.5206, grad_norm: 1.5289
2026-06-08 11:34:25,371 - mmdet - INFO - Epoch [11][600/1652]	lr: 1.000e-04, eta: 0:22:27, time: 0.511, data_time: 0.044, memory: 4028, bbox_loss: 0.3626, cls_loss: 0.1950, loss: 0.5576, grad_norm: 1.6167
2026-06-08 11:34:50,855 - mmdet - INFO - Epoch [11][650/1652]	lr: 1.000e-04, eta: 0:22:02, time: 0.510, data_time: 0.044, memory: 4028, bbox_loss: 0.3483, cls_loss: 0.1821, loss: 0.5304, grad_norm: 1.6372
2026-06-08 11:35:14,931 - mmdet - INFO - Epoch [11][700/1652]	lr: 1.000e-04, eta: 0:21:37, time: 0.482, data_time: 0.042, memory: 4028, bbox_loss: 0.3514, cls_loss: 0.1873, loss: 0.5387, grad_norm: 1.6183
2026-06-08 11:35:38,731 - mmdet - INFO - Epoch [11][750/1652]	lr: 1.000e-04, eta: 0:21:12, time: 0.476, data_time: 0.043, memory: 4028, bbox_loss: 0.3568, cls_loss: 0.1805, loss: 0.5373, grad_norm: 1.6907
2026-06-08 11:36:02,899 - mmdet - INFO - Epoch [11][800/1652]	lr: 1.000e-04, eta: 0:20:47, time: 0.483, data_time: 0.044, memory: 4028, bbox_loss: 0.3495, cls_loss: 0.1818, loss: 0.5312, grad_norm: 1.5819
2026-06-08 11:36:26,724 - mmdet - INFO - Epoch [11][850/1652]	lr: 1.000e-04, eta: 0:20:22, time: 0.476, data_time: 0.042, memory: 4028, bbox_loss: 0.3465, cls_loss: 0.1796, loss: 0.5261, grad_norm: 1.7453
2026-06-08 11:36:51,018 - mmdet - INFO - Epoch [11][900/1652]	lr: 1.000e-04, eta: 0:19:57, time: 0.486, data_time: 0.044, memory: 4028, bbox_loss: 0.3524, cls_loss: 0.1810, loss: 0.5335, grad_norm: 1.6445
2026-06-08 11:37:14,910 - mmdet - INFO - Epoch [11][950/1652]	lr: 1.000e-04, eta: 0:19:32, time: 0.478, data_time: 0.043, memory: 4028, bbox_loss: 0.3484, cls_loss: 0.1805, loss: 0.5289, grad_norm: 1.6497
2026-06-08 11:37:38,847 - mmdet - INFO - Epoch [11][1000/1652]	lr: 1.000e-04, eta: 0:19:07, time: 0.479, data_time: 0.045, memory: 4028, bbox_loss: 0.3499, cls_loss: 0.1894, loss: 0.5393, grad_norm: 1.5863
2026-06-08 11:38:02,999 - mmdet - INFO - Epoch [11][1050/1652]	lr: 1.000e-04, eta: 0:18:42, time: 0.483, data_time: 0.045, memory: 4028, bbox_loss: 0.3594, cls_loss: 0.1867, loss: 0.5461, grad_norm: 1.6721
2026-06-08 11:38:26,994 - mmdet - INFO - Epoch [11][1100/1652]	lr: 1.000e-04, eta: 0:18:17, time: 0.480, data_time: 0.044, memory: 4028, bbox_loss: 0.3415, cls_loss: 0.1745, loss: 0.5161, grad_norm: 1.7198
2026-06-08 11:38:50,979 - mmdet - INFO - Epoch [11][1150/1652]	lr: 1.000e-04, eta: 0:17:52, time: 0.480, data_time: 0.046, memory: 4028, bbox_loss: 0.3533, cls_loss: 0.1806, loss: 0.5338, grad_norm: 1.7254
2026-06-08 11:39:15,173 - mmdet - INFO - Epoch [11][1200/1652]	lr: 1.000e-04, eta: 0:17:27, time: 0.484, data_time: 0.044, memory: 4028, bbox_loss: 0.3518, cls_loss: 0.1823, loss: 0.5341, grad_norm: 1.5466
2026-06-08 11:39:39,317 - mmdet - INFO - Epoch [11][1250/1652]	lr: 1.000e-04, eta: 0:17:02, time: 0.483, data_time: 0.045, memory: 4028, bbox_loss: 0.3530, cls_loss: 0.1875, loss: 0.5405, grad_norm: 1.5434
2026-06-08 11:40:03,398 - mmdet - INFO - Epoch [11][1300/1652]	lr: 1.000e-04, eta: 0:16:37, time: 0.482, data_time: 0.042, memory: 4028, bbox_loss: 0.3513, cls_loss: 0.1853, loss: 0.5367, grad_norm: 1.5357
2026-06-08 11:40:28,397 - mmdet - INFO - Epoch [11][1350/1652]	lr: 1.000e-04, eta: 0:16:12, time: 0.500, data_time: 0.045, memory: 4028, bbox_loss: 0.3479, cls_loss: 0.1809, loss: 0.5288, grad_norm: 1.6730
2026-06-08 11:40:53,687 - mmdet - INFO - Epoch [11][1400/1652]	lr: 1.000e-04, eta: 0:15:47, time: 0.506, data_time: 0.045, memory: 4028, bbox_loss: 0.3420, cls_loss: 0.1806, loss: 0.5225, grad_norm: 1.7496
2026-06-08 11:41:19,248 - mmdet - INFO - Epoch [11][1450/1652]	lr: 1.000e-04, eta: 0:15:22, time: 0.511, data_time: 0.043, memory: 4028, bbox_loss: 0.3456, cls_loss: 0.1830, loss: 0.5286, grad_norm: 1.5900
2026-06-08 11:41:45,011 - mmdet - INFO - Epoch [11][1500/1652]	lr: 1.000e-04, eta: 0:14:57, time: 0.515, data_time: 0.045, memory: 4028, bbox_loss: 0.3459, cls_loss: 0.1824, loss: 0.5283, grad_norm: 1.7613
2026-06-08 11:42:11,065 - mmdet - INFO - Epoch [11][1550/1652]	lr: 1.000e-04, eta: 0:14:33, time: 0.521, data_time: 0.047, memory: 4028, bbox_loss: 0.3382, cls_loss: 0.1748, loss: 0.5131, grad_norm: 1.6507
2026-06-08 11:42:36,483 - mmdet - INFO - Epoch [11][1600/1652]	lr: 1.000e-04, eta: 0:14:08, time: 0.508, data_time: 0.044, memory: 4028, bbox_loss: 0.3569, cls_loss: 0.1865, loss: 0.5434, grad_norm: 1.7476
2026-06-08 11:43:02,215 - mmdet - INFO - Epoch [11][1650/1652]	lr: 1.000e-04, eta: 0:13:43, time: 0.515, data_time: 0.043, memory: 4028, bbox_loss: 0.3465, cls_loss: 0.1787, loss: 0.5252, grad_norm: 1.5787
2026-06-08 11:43:03,319 - mmdet - INFO - Saving checkpoint at 11 epochs
2026-06-08 11:43:32,085 - mmdet - INFO - Epoch [12][50/1652]	lr: 1.000e-05, eta: 0:13:17, time: 0.561, data_time: 0.094, memory: 4028, bbox_loss: 0.3463, cls_loss: 0.1763, loss: 0.5226, grad_norm: 1.4788
2026-06-08 11:43:57,817 - mmdet - INFO - Epoch [12][100/1652]	lr: 1.000e-05, eta: 0:12:52, time: 0.515, data_time: 0.044, memory: 4028, bbox_loss: 0.3507, cls_loss: 0.1796, loss: 0.5304, grad_norm: 1.7931
2026-06-08 11:44:23,581 - mmdet - INFO - Epoch [12][150/1652]	lr: 1.000e-05, eta: 0:12:28, time: 0.515, data_time: 0.049, memory: 4028, bbox_loss: 0.3554, cls_loss: 0.1850, loss: 0.5404, grad_norm: 1.6361
2026-06-08 11:44:47,519 - mmdet - INFO - Epoch [12][200/1652]	lr: 1.000e-05, eta: 0:12:03, time: 0.479, data_time: 0.044, memory: 4028, bbox_loss: 0.3498, cls_loss: 0.1795, loss: 0.5293, grad_norm: 1.5802
2026-06-08 11:45:11,283 - mmdet - INFO - Epoch [12][250/1652]	lr: 1.000e-05, eta: 0:11:38, time: 0.475, data_time: 0.043, memory: 4028, bbox_loss: 0.3449, cls_loss: 0.1789, loss: 0.5238, grad_norm: 1.6994
2026-06-08 11:45:35,353 - mmdet - INFO - Epoch [12][300/1652]	lr: 1.000e-05, eta: 0:11:13, time: 0.481, data_time: 0.045, memory: 4028, bbox_loss: 0.3444, cls_loss: 0.1752, loss: 0.5196, grad_norm: 1.5263
2026-06-08 11:45:59,724 - mmdet - INFO - Epoch [12][350/1652]	lr: 1.000e-05, eta: 0:10:48, time: 0.487, data_time: 0.043, memory: 4028, bbox_loss: 0.3427, cls_loss: 0.1757, loss: 0.5184, grad_norm: 1.5737
2026-06-08 11:46:23,650 - mmdet - INFO - Epoch [12][400/1652]	lr: 1.000e-05, eta: 0:10:23, time: 0.479, data_time: 0.043, memory: 4028, bbox_loss: 0.3523, cls_loss: 0.1842, loss: 0.5365, grad_norm: 1.5027
2026-06-08 11:46:49,212 - mmdet - INFO - Epoch [12][450/1652]	lr: 1.000e-05, eta: 0:09:58, time: 0.511, data_time: 0.045, memory: 4028, bbox_loss: 0.3487, cls_loss: 0.1805, loss: 0.5292, grad_norm: 1.5544
2026-06-08 11:47:15,404 - mmdet - INFO - Epoch [12][500/1652]	lr: 1.000e-05, eta: 0:09:33, time: 0.524, data_time: 0.043, memory: 4028, bbox_loss: 0.3607, cls_loss: 0.1859, loss: 0.5466, grad_norm: 1.4888
2026-06-08 11:47:41,415 - mmdet - INFO - Epoch [12][550/1652]	lr: 1.000e-05, eta: 0:09:08, time: 0.520, data_time: 0.045, memory: 4028, bbox_loss: 0.3456, cls_loss: 0.1777, loss: 0.5233, grad_norm: 1.5780
2026-06-08 11:48:06,023 - mmdet - INFO - Epoch [12][600/1652]	lr: 1.000e-05, eta: 0:08:43, time: 0.492, data_time: 0.042, memory: 4028, bbox_loss: 0.3525, cls_loss: 0.1815, loss: 0.5340, grad_norm: 1.6206
2026-06-08 11:48:29,881 - mmdet - INFO - Epoch [12][650/1652]	lr: 1.000e-05, eta: 0:08:18, time: 0.477, data_time: 0.043, memory: 4028, bbox_loss: 0.3513, cls_loss: 0.1824, loss: 0.5337, grad_norm: 1.4401
2026-06-08 11:48:53,751 - mmdet - INFO - Epoch [12][700/1652]	lr: 1.000e-05, eta: 0:07:53, time: 0.477, data_time: 0.044, memory: 4028, bbox_loss: 0.3535, cls_loss: 0.1833, loss: 0.5368, grad_norm: 1.5244
2026-06-08 11:49:17,781 - mmdet - INFO - Epoch [12][750/1652]	lr: 1.000e-05, eta: 0:07:29, time: 0.481, data_time: 0.043, memory: 4028, bbox_loss: 0.3510, cls_loss: 0.1844, loss: 0.5354, grad_norm: 1.5845
2026-06-08 11:49:41,545 - mmdet - INFO - Epoch [12][800/1652]	lr: 1.000e-05, eta: 0:07:04, time: 0.475, data_time: 0.042, memory: 4028, bbox_loss: 0.3519, cls_loss: 0.1876, loss: 0.5395, grad_norm: 1.5844
2026-06-08 11:50:05,566 - mmdet - INFO - Epoch [12][850/1652]	lr: 1.000e-05, eta: 0:06:39, time: 0.480, data_time: 0.043, memory: 4028, bbox_loss: 0.3521, cls_loss: 0.1830, loss: 0.5351, grad_norm: 1.4915
2026-06-08 11:50:29,417 - mmdet - INFO - Epoch [12][900/1652]	lr: 1.000e-05, eta: 0:06:14, time: 0.477, data_time: 0.043, memory: 4028, bbox_loss: 0.3469, cls_loss: 0.1782, loss: 0.5252, grad_norm: 1.6926
2026-06-08 11:50:53,497 - mmdet - INFO - Epoch [12][950/1652]	lr: 1.000e-05, eta: 0:05:49, time: 0.482, data_time: 0.045, memory: 4028, bbox_loss: 0.3483, cls_loss: 0.1791, loss: 0.5274, grad_norm: 1.5916
2026-06-08 11:51:17,690 - mmdet - INFO - Epoch [12][1000/1652]	lr: 1.000e-05, eta: 0:05:24, time: 0.484, data_time: 0.046, memory: 4028, bbox_loss: 0.3434, cls_loss: 0.1744, loss: 0.5179, grad_norm: 1.5354
2026-06-08 11:51:43,229 - mmdet - INFO - Epoch [12][1050/1652]	lr: 1.000e-05, eta: 0:04:59, time: 0.511, data_time: 0.045, memory: 4028, bbox_loss: 0.3544, cls_loss: 0.1865, loss: 0.5409, grad_norm: 1.5454
2026-06-08 11:52:08,839 - mmdet - INFO - Epoch [12][1100/1652]	lr: 1.000e-05, eta: 0:04:34, time: 0.512, data_time: 0.044, memory: 4028, bbox_loss: 0.3500, cls_loss: 0.1845, loss: 0.5345, grad_norm: 1.6166
2026-06-08 11:52:34,782 - mmdet - INFO - Epoch [12][1150/1652]	lr: 1.000e-05, eta: 0:04:09, time: 0.519, data_time: 0.045, memory: 4028, bbox_loss: 0.3476, cls_loss: 0.1756, loss: 0.5232, grad_norm: 1.5542
2026-06-08 11:53:00,401 - mmdet - INFO - Epoch [12][1200/1652]	lr: 1.000e-05, eta: 0:03:44, time: 0.512, data_time: 0.045, memory: 4028, bbox_loss: 0.3470, cls_loss: 0.1833, loss: 0.5304, grad_norm: 1.6168
2026-06-08 11:53:26,173 - mmdet - INFO - Epoch [12][1250/1652]	lr: 1.000e-05, eta: 0:03:20, time: 0.515, data_time: 0.045, memory: 4028, bbox_loss: 0.3486, cls_loss: 0.1770, loss: 0.5255, grad_norm: 1.5066
2026-06-08 11:53:52,091 - mmdet - INFO - Epoch [12][1300/1652]	lr: 1.000e-05, eta: 0:02:55, time: 0.518, data_time: 0.045, memory: 4028, bbox_loss: 0.3487, cls_loss: 0.1829, loss: 0.5316, grad_norm: 1.5902
2026-06-08 11:54:17,689 - mmdet - INFO - Epoch [12][1350/1652]	lr: 1.000e-05, eta: 0:02:30, time: 0.512, data_time: 0.047, memory: 4028, bbox_loss: 0.3504, cls_loss: 0.1810, loss: 0.5314, grad_norm: 1.5975
2026-06-08 11:54:42,387 - mmdet - INFO - Epoch [12][1400/1652]	lr: 1.000e-05, eta: 0:02:05, time: 0.494, data_time: 0.043, memory: 4028, bbox_loss: 0.3435, cls_loss: 0.1740, loss: 0.5175, grad_norm: 1.5381
2026-06-08 11:55:06,146 - mmdet - INFO - Epoch [12][1450/1652]	lr: 1.000e-05, eta: 0:01:40, time: 0.475, data_time: 0.045, memory: 4028, bbox_loss: 0.3452, cls_loss: 0.1773, loss: 0.5225, grad_norm: 1.5546
2026-06-08 11:55:30,143 - mmdet - INFO - Epoch [12][1500/1652]	lr: 1.000e-05, eta: 0:01:15, time: 0.480, data_time: 0.044, memory: 4028, bbox_loss: 0.3469, cls_loss: 0.1777, loss: 0.5246, grad_norm: 1.6614
2026-06-08 11:55:55,036 - mmdet - INFO - Epoch [12][1550/1652]	lr: 1.000e-05, eta: 0:00:50, time: 0.498, data_time: 0.045, memory: 4028, bbox_loss: 0.3559, cls_loss: 0.1771, loss: 0.5330, grad_norm: 1.5318
2026-06-08 11:56:20,332 - mmdet - INFO - Epoch [12][1600/1652]	lr: 1.000e-05, eta: 0:00:25, time: 0.506, data_time: 0.044, memory: 4028, bbox_loss: 0.3384, cls_loss: 0.1751, loss: 0.5136, grad_norm: 1.6733
2026-06-08 11:56:46,016 - mmdet - INFO - Epoch [12][1650/1652]	lr: 1.000e-05, eta: 0:00:00, time: 0.514, data_time: 0.044, memory: 4028, bbox_loss: 0.3482, cls_loss: 0.1815, loss: 0.5297, grad_norm: 1.5938
2026-06-08 11:56:47,119 - mmdet - INFO - Saving checkpoint at 12 epochs
2026-06-08 12:00:42,829 - mmdet - INFO - 
+-------------+---------+---------+---------+---------+
| classes     | AP_0.25 | AR_0.25 | AP_0.50 | AR_0.50 |
+-------------+---------+---------+---------+---------+
| bed         | 0.9300  | 0.9942  | 0.7648  | 0.8427  |
| table       | 0.6904  | 0.9774  | 0.4753  | 0.7709  |
| sofa        | 0.8524  | 0.9841  | 0.7305  | 0.8469  |
| chair       | 0.8969  | 0.9802  | 0.7621  | 0.8873  |
| toilet      | 0.9820  | 1.0000  | 0.7897  | 0.8552  |
| desk        | 0.5683  | 0.9671  | 0.3393  | 0.7030  |
| dresser     | 0.6728  | 0.9587  | 0.4891  | 0.7982  |
| night_stand | 0.8115  | 0.9804  | 0.6799  | 0.8824  |
| bookshelf   | 0.7144  | 0.9113  | 0.2576  | 0.5142  |
| bathtub     | 0.8263  | 0.9592  | 0.5990  | 0.7143  |
+-------------+---------+---------+---------+---------+
| Overall     | 0.7945  | 0.9713  | 0.5887  | 0.7815  |
+-------------+---------+---------+---------+---------+
2026-06-08 12:00:43,815 - mmdet - INFO - Exp name: tr3d-ff_sunrgbd-3d-10class.py
2026-06-08 12:00:43,815 - mmdet - INFO - Epoch(val) [12][5050]	bed_AP_0.25: 0.9300, table_AP_0.25: 0.6904, sofa_AP_0.25: 0.8524, chair_AP_0.25: 0.8969, toilet_AP_0.25: 0.9820, desk_AP_0.25: 0.5683, dresser_AP_0.25: 0.6728, night_stand_AP_0.25: 0.8115, bookshelf_AP_0.25: 0.7144, bathtub_AP_0.25: 0.8263, mAP_0.25: 0.7945, bed_rec_0.25: 0.9942, table_rec_0.25: 0.9774, sofa_rec_0.25: 0.9841, chair_rec_0.25: 0.9802, toilet_rec_0.25: 1.0000, desk_rec_0.25: 0.9671, dresser_rec_0.25: 0.9587, night_stand_rec_0.25: 0.9804, bookshelf_rec_0.25: 0.9113, bathtub_rec_0.25: 0.9592, mAR_0.25: 0.9713, bed_AP_0.50: 0.7648, table_AP_0.50: 0.4753, sofa_AP_0.50: 0.7305, chair_AP_0.50: 0.7621, toilet_AP_0.50: 0.7897, desk_AP_0.50: 0.3393, dresser_AP_0.50: 0.4891, night_stand_AP_0.50: 0.6799, bookshelf_AP_0.50: 0.2576, bathtub_AP_0.50: 0.5990, mAP_0.50: 0.5887, bed_rec_0.50: 0.8427, table_rec_0.50: 0.7709, sofa_rec_0.50: 0.8469, chair_rec_0.50: 0.8873, toilet_rec_0.50: 0.8552, desk_rec_0.50: 0.7030, dresser_rec_0.50: 0.7982, night_stand_rec_0.50: 0.8824, bookshelf_rec_0.50: 0.5142, bathtub_rec_0.50: 0.7143, mAR_0.50: 0.7815
