2026-06-04 18:11:42,234 - mmdet - INFO - Environment info:
------------------------------------------------------------
sys.platform: linux
Python: 3.9.25 (main, Nov  3 2025, 22:33:05) [GCC 11.2.0]
CUDA available: True
GPU 0: NVIDIA L40
CUDA_HOME: /usr/local/cuda-11.8
NVCC: Cuda compilation tools, release 11.8, V11.8.89
GCC: gcc (Ubuntu 11.4.0-1ubuntu1~22.04.3) 11.4.0
PyTorch: 2.0.0+cu118
PyTorch compiling details: PyTorch built with:
  - GCC 9.3
  - C++ Version: 201703
  - Intel(R) oneAPI Math Kernel Library Version 2022.2-Product Build 20220804 for Intel(R) 64 architecture applications
  - Intel(R) MKL-DNN v2.7.3 (Git Hash 6dbeffbae1f23cbbeae17adb7b5b13f1f37c080e)
  - OpenMP 201511 (a.k.a. OpenMP 4.5)
  - LAPACK is enabled (usually provided by MKL)
  - NNPACK is enabled
  - CPU capability usage: AVX2
  - CUDA Runtime 11.8
  - NVCC architecture flags: -gencode;arch=compute_37,code=sm_37;-gencode;arch=compute_50,code=sm_50;-gencode;arch=compute_60,code=sm_60;-gencode;arch=compute_70,code=sm_70;-gencode;arch=compute_75,code=sm_75;-gencode;arch=compute_80,code=sm_80;-gencode;arch=compute_86,code=sm_86;-gencode;arch=compute_90,code=sm_90
  - CuDNN 8.7
  - Magma 2.6.1
  - Build settings: BLAS_INFO=mkl, BUILD_TYPE=Release, CUDA_VERSION=11.8, CUDNN_VERSION=8.7.0, CXX_COMPILER=/opt/rh/devtoolset-9/root/usr/bin/c++, CXX_FLAGS= -D_GLIBCXX_USE_CXX11_ABI=0 -fabi-version=11 -Wno-deprecated -fvisibility-inlines-hidden -DUSE_PTHREADPOOL -DNDEBUG -DUSE_KINETO -DLIBKINETO_NOROCTRACER -DUSE_FBGEMM -DUSE_QNNPACK -DUSE_PYTORCH_QNNPACK -DUSE_XNNPACK -DSYMBOLICATE_MOBILE_DEBUG_HANDLE -O2 -fPIC -Wall -Wextra -Werror=return-type -Werror=non-virtual-dtor -Werror=bool-operation -Wnarrowing -Wno-missing-field-initializers -Wno-type-limits -Wno-array-bounds -Wno-unknown-pragmas -Wunused-local-typedefs -Wno-unused-parameter -Wno-unused-function -Wno-unused-result -Wno-strict-overflow -Wno-strict-aliasing -Wno-error=deprecated-declarations -Wno-stringop-overflow -Wno-psabi -Wno-error=pedantic -Wno-error=redundant-decls -Wno-error=old-style-cast -fdiagnostics-color=always -faligned-new -Wno-unused-but-set-variable -Wno-maybe-uninitialized -fno-math-errno -fno-trapping-math -Werror=format -Werror=cast-function-type -Wno-stringop-overflow, LAPACK_INFO=mkl, PERF_WITH_AVX=1, PERF_WITH_AVX2=1, PERF_WITH_AVX512=1, TORCH_DISABLE_GPU_ASSERTS=ON, TORCH_VERSION=2.0.0, USE_CUDA=ON, USE_CUDNN=ON, USE_EXCEPTION_PTR=1, USE_GFLAGS=OFF, USE_GLOG=OFF, USE_MKL=ON, USE_MKLDNN=ON, USE_MPI=OFF, USE_NCCL=1, USE_NNPACK=ON, USE_OPENMP=ON, USE_ROCM=OFF, 

TorchVision: 0.15.1+cu118
OpenCV: 4.8.1
MMCV: 1.6.0
MMCV Compiler: GCC 11.4
MMCV CUDA Compiler: 11.8
MMDetection: 2.25.1
MMSegmentation: 0.25.0
MMDetection3D: 1.0.0rc3+ffc9f99
spconv2.0: False
------------------------------------------------------------

2026-06-04 18:11:43,393 - mmdet - INFO - Distributed training: False
2026-06-04 18:11:44,611 - mmdet - INFO - Config:
voxel_size = 0.01
model = dict(
    type='TR3DFF3DDetector',
    img_backbone=dict(
        type='ResNet',
        depth=50,
        num_stages=4,
        out_indices=(0, 1, 2, 3),
        frozen_stages=1,
        norm_cfg=dict(type='BN', requires_grad=False),
        norm_eval=True,
        style='caffe'),
    img_neck=dict(
        type='FPN',
        in_channels=[256, 512, 1024, 2048],
        out_channels=256,
        num_outs=5),
    backbone=dict(
        type='MinkFFResNet',
        in_channels=3,
        max_channels=128,
        depth=34,
        norm='batch'),
    neck=dict(
        type='TR3DNeck', in_channels=(64, 128, 128, 128), out_channels=128),
    head=dict(
        type='TR3DHead',
        in_channels=128,
        n_reg_outs=8,
        n_classes=10,
        voxel_size=0.01,
        assigner=dict(
            type='TR3DAssigner',
            top_pts_threshold=6,
            label2level=[1, 1, 1, 0, 0, 1, 0, 0, 1, 0]),
        bbox_loss=dict(type='RotatedIoU3DLoss', mode='diou',
                       reduction='none')),
    voxel_size=0.01,
    train_cfg=dict(),
    test_cfg=dict(nms_pre=1000, iou_thr=0.5, score_thr=0.01))
optimizer = dict(type='AdamW', lr=0.001, weight_decay=0.0001)
optimizer_config = dict(grad_clip=dict(max_norm=10, norm_type=2))
lr_config = dict(policy='step', warmup=None, step=[8, 11])
runner = dict(type='EpochBasedRunner', max_epochs=12)
evaluation = dict(interval=12)
custom_hooks = [dict(type='EmptyCacheHook', after_iter=True)]
checkpoint_config = dict(interval=1, max_keep_ckpts=1)
log_config = dict(interval=50, hooks=[dict(type='TextLoggerHook')])
dist_params = dict(backend='nccl')
log_level = 'INFO'
work_dir = '/home/zero/USER/HEYU/tr3d/work_dirs/NN/DFF/DFF_TR3D_FF_FIG6_6/0'
load_from = '/home/zero/USER/HEYU/MODEL/imvotenet_faster_rcnn_r50_fpn_2x4_sunrgbd-3d-10class_20210819_225618-62eba6ce.pth'
resume_from = None
workflow = [('train', 1)]
dataset_type = 'SUNRGBDDataset'
data_root = '/home/zero/USER/HEYU/DATA/sunrgbd_matlab/'
class_names = ('bed', 'table', 'sofa', 'chair', 'toilet', 'desk', 'dresser',
               'night_stand', 'bookshelf', 'bathtub')
img_norm_cfg = dict(
    mean=[103.53, 116.28, 123.675], std=[1.0, 1.0, 1.0], to_rgb=False)
train_pipeline = [
    dict(
        type='LoadPointsFromFile',
        coord_type='DEPTH',
        shift_height=False,
        use_color=True,
        load_dim=6,
        use_dim=[0, 1, 2, 3, 4, 5]),
    dict(type='LoadImageFromFile'),
    dict(type='LoadAnnotations3D'),
    dict(
        type='Resize',
        img_scale=[(1333, 480), (1333, 504), (1333, 528), (1333, 552),
                   (1333, 576), (1333, 600)],
        multiscale_mode='value',
        keep_ratio=True),
    dict(
        type='Normalize',
        mean=[103.53, 116.28, 123.675],
        std=[1.0, 1.0, 1.0],
        to_rgb=False),
    dict(type='Pad', size_divisor=32),
    dict(
        type='RandomFlip3D',
        sync_2d=False,
        flip_ratio_bev_horizontal=0.5,
        flip_ratio_bev_vertical=0.0),
    dict(
        type='GlobalRotScaleTrans',
        rot_range=[-0.523599, 0.523599],
        scale_ratio_range=[0.85, 1.15],
        translation_std=[0.1, 0.1, 0.1],
        shift_height=False),
    dict(
        type='DefaultFormatBundle3D',
        class_names=('bed', 'table', 'sofa', 'chair', 'toilet', 'desk',
                     'dresser', 'night_stand', 'bookshelf', 'bathtub')),
    dict(
        type='Collect3D',
        keys=['points', 'img', 'gt_bboxes_3d', 'gt_labels_3d'])
]
test_pipeline = [
    dict(
        type='LoadPointsFromFile',
        coord_type='DEPTH',
        shift_height=False,
        use_color=True,
        load_dim=6,
        use_dim=[0, 1, 2, 3, 4, 5]),
    dict(type='LoadImageFromFile'),
    dict(
        type='MultiScaleFlipAug3D',
        img_scale=(1333, 600),
        pts_scale_ratio=1,
        flip=False,
        transforms=[
            dict(type='Resize', multiscale_mode='value', keep_ratio=True),
            dict(
                type='Normalize',
                mean=[103.53, 116.28, 123.675],
                std=[1.0, 1.0, 1.0],
                to_rgb=False),
            dict(type='Pad', size_divisor=32),
            dict(
                type='DefaultFormatBundle3D',
                class_names=('bed', 'table', 'sofa', 'chair', 'toilet', 'desk',
                             'dresser', 'night_stand', 'bookshelf', 'bathtub'),
                with_label=False),
            dict(type='Collect3D', keys=['points', 'img'])
        ])
]
data = dict(
    samples_per_gpu=16,
    workers_per_gpu=4,
    train=dict(
        type='RepeatDataset',
        times=5,
        dataset=dict(
            type='SUNRGBDDataset',
            modality=dict(use_camera=True, use_lidar=True),
            data_root='/home/zero/USER/HEYU/DATA/sunrgbd_matlab/',
            ann_file=
            '/home/zero/USER/HEYU/DATA/sunrgbd_matlab/sunrgbd_infos_train.pkl',
            pipeline=[
                dict(
                    type='LoadPointsFromFile',
                    coord_type='DEPTH',
                    shift_height=False,
                    use_color=True,
                    load_dim=6,
                    use_dim=[0, 1, 2, 3, 4, 5]),
                dict(type='LoadImageFromFile'),
                dict(type='LoadAnnotations3D'),
                dict(
                    type='Resize',
                    img_scale=[(1333, 480), (1333, 504), (1333, 528),
                               (1333, 552), (1333, 576), (1333, 600)],
                    multiscale_mode='value',
                    keep_ratio=True),
                dict(
                    type='Normalize',
                    mean=[103.53, 116.28, 123.675],
                    std=[1.0, 1.0, 1.0],
                    to_rgb=False),
                dict(type='Pad', size_divisor=32),
                dict(
                    type='RandomFlip3D',
                    sync_2d=False,
                    flip_ratio_bev_horizontal=0.5,
                    flip_ratio_bev_vertical=0.0),
                dict(
                    type='GlobalRotScaleTrans',
                    rot_range=[-0.523599, 0.523599],
                    scale_ratio_range=[0.85, 1.15],
                    translation_std=[0.1, 0.1, 0.1],
                    shift_height=False),
                dict(
                    type='DefaultFormatBundle3D',
                    class_names=('bed', 'table', 'sofa', 'chair', 'toilet',
                                 'desk', 'dresser', 'night_stand', 'bookshelf',
                                 'bathtub')),
                dict(
                    type='Collect3D',
                    keys=['points', 'img', 'gt_bboxes_3d', 'gt_labels_3d'])
            ],
            filter_empty_gt=False,
            classes=('bed', 'table', 'sofa', 'chair', 'toilet', 'desk',
                     'dresser', 'night_stand', 'bookshelf', 'bathtub'),
            box_type_3d='Depth')),
    val=dict(
        type='SUNRGBDDataset',
        modality=dict(use_camera=True, use_lidar=True),
        data_root='/home/zero/USER/HEYU/DATA/sunrgbd_matlab/',
        ann_file=
        '/home/zero/USER/HEYU/DATA/sunrgbd_matlab/sunrgbd_infos_val.pkl',
        pipeline=[
            dict(
                type='LoadPointsFromFile',
                coord_type='DEPTH',
                shift_height=False,
                use_color=True,
                load_dim=6,
                use_dim=[0, 1, 2, 3, 4, 5]),
            dict(type='LoadImageFromFile'),
            dict(
                type='MultiScaleFlipAug3D',
                img_scale=(1333, 600),
                pts_scale_ratio=1,
                flip=False,
                transforms=[
                    dict(
                        type='Resize',
                        multiscale_mode='value',
                        keep_ratio=True),
                    dict(
                        type='Normalize',
                        mean=[103.53, 116.28, 123.675],
                        std=[1.0, 1.0, 1.0],
                        to_rgb=False),
                    dict(type='Pad', size_divisor=32),
                    dict(
                        type='DefaultFormatBundle3D',
                        class_names=('bed', 'table', 'sofa', 'chair', 'toilet',
                                     'desk', 'dresser', 'night_stand',
                                     'bookshelf', 'bathtub'),
                        with_label=False),
                    dict(type='Collect3D', keys=['points', 'img'])
                ])
        ],
        classes=('bed', 'table', 'sofa', 'chair', 'toilet', 'desk', 'dresser',
                 'night_stand', 'bookshelf', 'bathtub'),
        test_mode=True,
        box_type_3d='Depth'),
    test=dict(
        type='SUNRGBDDataset',
        modality=dict(use_camera=True, use_lidar=True),
        data_root='/home/zero/USER/HEYU/DATA/sunrgbd_matlab/',
        ann_file=
        '/home/zero/USER/HEYU/DATA/sunrgbd_matlab/sunrgbd_infos_val.pkl',
        pipeline=[
            dict(
                type='LoadPointsFromFile',
                coord_type='DEPTH',
                shift_height=False,
                use_color=True,
                load_dim=6,
                use_dim=[0, 1, 2, 3, 4, 5]),
            dict(type='LoadImageFromFile'),
            dict(
                type='MultiScaleFlipAug3D',
                img_scale=(1333, 600),
                pts_scale_ratio=1,
                flip=False,
                transforms=[
                    dict(
                        type='Resize',
                        multiscale_mode='value',
                        keep_ratio=True),
                    dict(
                        type='Normalize',
                        mean=[103.53, 116.28, 123.675],
                        std=[1.0, 1.0, 1.0],
                        to_rgb=False),
                    dict(type='Pad', size_divisor=32),
                    dict(
                        type='DefaultFormatBundle3D',
                        class_names=('bed', 'table', 'sofa', 'chair', 'toilet',
                                     'desk', 'dresser', 'night_stand',
                                     'bookshelf', 'bathtub'),
                        with_label=False),
                    dict(type='Collect3D', keys=['points', 'img'])
                ])
        ],
        classes=('bed', 'table', 'sofa', 'chair', 'toilet', 'desk', 'dresser',
                 'night_stand', 'bookshelf', 'bathtub'),
        test_mode=True,
        box_type_3d='Depth'))
gpu_ids = [0]

2026-06-04 18:11:44,611 - mmdet - INFO - Set random seed to 0, deterministic: False
2026-06-04 18:11:44,995 - mmdet - INFO - Model:
TR3DFF3DDetector(
  (img_backbone): ResNet(
    (conv1): Conv2d(3, 64, kernel_size=(7, 7), stride=(2, 2), padding=(3, 3), bias=False)
    (bn1): BatchNorm2d(64, eps=1e-05, momentum=0.1, affine=True, track_running_stats=True)
    (relu): ReLU(inplace=True)
    (maxpool): MaxPool2d(kernel_size=3, stride=2, padding=1, dilation=1, ceil_mode=False)
    (layer1): ResLayer(
      (0): Bottleneck(
        (conv1): Conv2d(64, 64, kernel_size=(1, 1), stride=(1, 1), bias=False)
        (bn1): BatchNorm2d(64, eps=1e-05, momentum=0.1, affine=True, track_running_stats=True)
        (conv2): Conv2d(64, 64, kernel_size=(3, 3), stride=(1, 1), padding=(1, 1), bias=False)
        (bn2): BatchNorm2d(64, eps=1e-05, momentum=0.1, affine=True, track_running_stats=True)
        (conv3): Conv2d(64, 256, kernel_size=(1, 1), stride=(1, 1), bias=False)
        (bn3): BatchNorm2d(256, eps=1e-05, momentum=0.1, affine=True, track_running_stats=True)
        (relu): ReLU(inplace=True)
        (downsample): Sequential(
          (0): Conv2d(64, 256, kernel_size=(1, 1), stride=(1, 1), bias=False)
          (1): BatchNorm2d(256, eps=1e-05, momentum=0.1, affine=True, track_running_stats=True)
        )
      )
      init_cfg={'type': 'Constant', 'val': 0, 'override': {'name': 'norm3'}}
      (1): Bottleneck(
        (conv1): Conv2d(256, 64, kernel_size=(1, 1), stride=(1, 1), bias=False)
        (bn1): BatchNorm2d(64, eps=1e-05, momentum=0.1, affine=True, track_running_stats=True)
        (conv2): Conv2d(64, 64, kernel_size=(3, 3), stride=(1, 1), padding=(1, 1), bias=False)
        (bn2): BatchNorm2d(64, eps=1e-05, momentum=0.1, affine=True, track_running_stats=True)
        (conv3): Conv2d(64, 256, kernel_size=(1, 1), stride=(1, 1), bias=False)
        (bn3): BatchNorm2d(256, eps=1e-05, momentum=0.1, affine=True, track_running_stats=True)
        (relu): ReLU(inplace=True)
      )
      init_cfg={'type': 'Constant', 'val': 0, 'override': {'name': 'norm3'}}
      (2): Bottleneck(
        (conv1): Conv2d(256, 64, kernel_size=(1, 1), stride=(1, 1), bias=False)
        (bn1): BatchNorm2d(64, eps=1e-05, momentum=0.1, affine=True, track_running_stats=True)
        (conv2): Conv2d(64, 64, kernel_size=(3, 3), stride=(1, 1), padding=(1, 1), bias=False)
        (bn2): BatchNorm2d(64, eps=1e-05, momentum=0.1, affine=True, track_running_stats=True)
        (conv3): Conv2d(64, 256, kernel_size=(1, 1), stride=(1, 1), bias=False)
        (bn3): BatchNorm2d(256, eps=1e-05, momentum=0.1, affine=True, track_running_stats=True)
        (relu): ReLU(inplace=True)
      )
      init_cfg={'type': 'Constant', 'val': 0, 'override': {'name': 'norm3'}}
    )
    (layer2): ResLayer(
      (0): Bottleneck(
        (conv1): Conv2d(256, 128, kernel_size=(1, 1), stride=(2, 2), bias=False)
        (bn1): BatchNorm2d(128, eps=1e-05, momentum=0.1, affine=True, track_running_stats=True)
        (conv2): Conv2d(128, 128, kernel_size=(3, 3), stride=(1, 1), padding=(1, 1), bias=False)
        (bn2): BatchNorm2d(128, eps=1e-05, momentum=0.1, affine=True, track_running_stats=True)
        (conv3): Conv2d(128, 512, kernel_size=(1, 1), stride=(1, 1), bias=False)
        (bn3): BatchNorm2d(512, eps=1e-05, momentum=0.1, affine=True, track_running_stats=True)
        (relu): ReLU(inplace=True)
        (downsample): Sequential(
          (0): Conv2d(256, 512, kernel_size=(1, 1), stride=(2, 2), bias=False)
          (1): BatchNorm2d(512, eps=1e-05, momentum=0.1, affine=True, track_running_stats=True)
        )
      )
      init_cfg={'type': 'Constant', 'val': 0, 'override': {'name': 'norm3'}}
      (1): Bottleneck(
        (conv1): Conv2d(512, 128, kernel_size=(1, 1), stride=(1, 1), bias=False)
        (bn1): BatchNorm2d(128, eps=1e-05, momentum=0.1, affine=True, track_running_stats=True)
        (conv2): Conv2d(128, 128, kernel_size=(3, 3), stride=(1, 1), padding=(1, 1), bias=False)
        (bn2): BatchNorm2d(128, eps=1e-05, momentum=0.1, affine=True, track_running_stats=True)
        (conv3): Conv2d(128, 512, kernel_size=(1, 1), stride=(1, 1), bias=False)
        (bn3): BatchNorm2d(512, eps=1e-05, momentum=0.1, affine=True, track_running_stats=True)
        (relu): ReLU(inplace=True)
      )
      init_cfg={'type': 'Constant', 'val': 0, 'override': {'name': 'norm3'}}
      (2): Bottleneck(
        (conv1): Conv2d(512, 128, kernel_size=(1, 1), stride=(1, 1), bias=False)
        (bn1): BatchNorm2d(128, eps=1e-05, momentum=0.1, affine=True, track_running_stats=True)
        (conv2): Conv2d(128, 128, kernel_size=(3, 3), stride=(1, 1), padding=(1, 1), bias=False)
        (bn2): BatchNorm2d(128, eps=1e-05, momentum=0.1, affine=True, track_running_stats=True)
        (conv3): Conv2d(128, 512, kernel_size=(1, 1), stride=(1, 1), bias=False)
        (bn3): BatchNorm2d(512, eps=1e-05, momentum=0.1, affine=True, track_running_stats=True)
        (relu): ReLU(inplace=True)
      )
      init_cfg={'type': 'Constant', 'val': 0, 'override': {'name': 'norm3'}}
      (3): Bottleneck(
        (conv1): Conv2d(512, 128, kernel_size=(1, 1), stride=(1, 1), bias=False)
        (bn1): BatchNorm2d(128, eps=1e-05, momentum=0.1, affine=True, track_running_stats=True)
        (conv2): Conv2d(128, 128, kernel_size=(3, 3), stride=(1, 1), padding=(1, 1), bias=False)
        (bn2): BatchNorm2d(128, eps=1e-05, momentum=0.1, affine=True, track_running_stats=True)
        (conv3): Conv2d(128, 512, kernel_size=(1, 1), stride=(1, 1), bias=False)
        (bn3): BatchNorm2d(512, eps=1e-05, momentum=0.1, affine=True, track_running_stats=True)
        (relu): ReLU(inplace=True)
      )
      init_cfg={'type': 'Constant', 'val': 0, 'override': {'name': 'norm3'}}
    )
    (layer3): ResLayer(
      (0): Bottleneck(
        (conv1): Conv2d(512, 256, kernel_size=(1, 1), stride=(2, 2), bias=False)
        (bn1): BatchNorm2d(256, eps=1e-05, momentum=0.1, affine=True, track_running_stats=True)
        (conv2): Conv2d(256, 256, kernel_size=(3, 3), stride=(1, 1), padding=(1, 1), bias=False)
        (bn2): BatchNorm2d(256, eps=1e-05, momentum=0.1, affine=True, track_running_stats=True)
        (conv3): Conv2d(256, 1024, kernel_size=(1, 1), stride=(1, 1), bias=False)
        (bn3): BatchNorm2d(1024, eps=1e-05, momentum=0.1, affine=True, track_running_stats=True)
        (relu): ReLU(inplace=True)
        (downsample): Sequential(
          (0): Conv2d(512, 1024, kernel_size=(1, 1), stride=(2, 2), bias=False)
          (1): BatchNorm2d(1024, eps=1e-05, momentum=0.1, affine=True, track_running_stats=True)
        )
      )
      init_cfg={'type': 'Constant', 'val': 0, 'override': {'name': 'norm3'}}
      (1): Bottleneck(
        (conv1): Conv2d(1024, 256, kernel_size=(1, 1), stride=(1, 1), bias=False)
        (bn1): BatchNorm2d(256, eps=1e-05, momentum=0.1, affine=True, track_running_stats=True)
        (conv2): Conv2d(256, 256, kernel_size=(3, 3), stride=(1, 1), padding=(1, 1), bias=False)
        (bn2): BatchNorm2d(256, eps=1e-05, momentum=0.1, affine=True, track_running_stats=True)
        (conv3): Conv2d(256, 1024, kernel_size=(1, 1), stride=(1, 1), bias=False)
        (bn3): BatchNorm2d(1024, eps=1e-05, momentum=0.1, affine=True, track_running_stats=True)
        (relu): ReLU(inplace=True)
      )
      init_cfg={'type': 'Constant', 'val': 0, 'override': {'name': 'norm3'}}
      (2): Bottleneck(
        (conv1): Conv2d(1024, 256, kernel_size=(1, 1), stride=(1, 1), bias=False)
        (bn1): BatchNorm2d(256, eps=1e-05, momentum=0.1, affine=True, track_running_stats=True)
        (conv2): Conv2d(256, 256, kernel_size=(3, 3), stride=(1, 1), padding=(1, 1), bias=False)
        (bn2): BatchNorm2d(256, eps=1e-05, momentum=0.1, affine=True, track_running_stats=True)
        (conv3): Conv2d(256, 1024, kernel_size=(1, 1), stride=(1, 1), bias=False)
        (bn3): BatchNorm2d(1024, eps=1e-05, momentum=0.1, affine=True, track_running_stats=True)
        (relu): ReLU(inplace=True)
      )
      init_cfg={'type': 'Constant', 'val': 0, 'override': {'name': 'norm3'}}
      (3): Bottleneck(
        (conv1): Conv2d(1024, 256, kernel_size=(1, 1), stride=(1, 1), bias=False)
        (bn1): BatchNorm2d(256, eps=1e-05, momentum=0.1, affine=True, track_running_stats=True)
        (conv2): Conv2d(256, 256, kernel_size=(3, 3), stride=(1, 1), padding=(1, 1), bias=False)
        (bn2): BatchNorm2d(256, eps=1e-05, momentum=0.1, affine=True, track_running_stats=True)
        (conv3): Conv2d(256, 1024, kernel_size=(1, 1), stride=(1, 1), bias=False)
        (bn3): BatchNorm2d(1024, eps=1e-05, momentum=0.1, affine=True, track_running_stats=True)
        (relu): ReLU(inplace=True)
      )
      init_cfg={'type': 'Constant', 'val': 0, 'override': {'name': 'norm3'}}
      (4): Bottleneck(
        (conv1): Conv2d(1024, 256, kernel_size=(1, 1), stride=(1, 1), bias=False)
        (bn1): BatchNorm2d(256, eps=1e-05, momentum=0.1, affine=True, track_running_stats=True)
        (conv2): Conv2d(256, 256, kernel_size=(3, 3), stride=(1, 1), padding=(1, 1), bias=False)
        (bn2): BatchNorm2d(256, eps=1e-05, momentum=0.1, affine=True, track_running_stats=True)
        (conv3): Conv2d(256, 1024, kernel_size=(1, 1), stride=(1, 1), bias=False)
        (bn3): BatchNorm2d(1024, eps=1e-05, momentum=0.1, affine=True, track_running_stats=True)
        (relu): ReLU(inplace=True)
      )
      init_cfg={'type': 'Constant', 'val': 0, 'override': {'name': 'norm3'}}
      (5): Bottleneck(
        (conv1): Conv2d(1024, 256, kernel_size=(1, 1), stride=(1, 1), bias=False)
        (bn1): BatchNorm2d(256, eps=1e-05, momentum=0.1, affine=True, track_running_stats=True)
        (conv2): Conv2d(256, 256, kernel_size=(3, 3), stride=(1, 1), padding=(1, 1), bias=False)
        (bn2): BatchNorm2d(256, eps=1e-05, momentum=0.1, affine=True, track_running_stats=True)
        (conv3): Conv2d(256, 1024, kernel_size=(1, 1), stride=(1, 1), bias=False)
        (bn3): BatchNorm2d(1024, eps=1e-05, momentum=0.1, affine=True, track_running_stats=True)
        (relu): ReLU(inplace=True)
      )
      init_cfg={'type': 'Constant', 'val': 0, 'override': {'name': 'norm3'}}
    )
    (layer4): ResLayer(
      (0): Bottleneck(
        (conv1): Conv2d(1024, 512, kernel_size=(1, 1), stride=(2, 2), bias=False)
        (bn1): BatchNorm2d(512, eps=1e-05, momentum=0.1, affine=True, track_running_stats=True)
        (conv2): Conv2d(512, 512, kernel_size=(3, 3), stride=(1, 1), padding=(1, 1), bias=False)
        (bn2): BatchNorm2d(512, eps=1e-05, momentum=0.1, affine=True, track_running_stats=True)
        (conv3): Conv2d(512, 2048, kernel_size=(1, 1), stride=(1, 1), bias=False)
        (bn3): BatchNorm2d(2048, eps=1e-05, momentum=0.1, affine=True, track_running_stats=True)
        (relu): ReLU(inplace=True)
        (downsample): Sequential(
          (0): Conv2d(1024, 2048, kernel_size=(1, 1), stride=(2, 2), bias=False)
          (1): BatchNorm2d(2048, eps=1e-05, momentum=0.1, affine=True, track_running_stats=True)
        )
      )
      init_cfg={'type': 'Constant', 'val': 0, 'override': {'name': 'norm3'}}
      (1): Bottleneck(
        (conv1): Conv2d(2048, 512, kernel_size=(1, 1), stride=(1, 1), bias=False)
        (bn1): BatchNorm2d(512, eps=1e-05, momentum=0.1, affine=True, track_running_stats=True)
        (conv2): Conv2d(512, 512, kernel_size=(3, 3), stride=(1, 1), padding=(1, 1), bias=False)
        (bn2): BatchNorm2d(512, eps=1e-05, momentum=0.1, affine=True, track_running_stats=True)
        (conv3): Conv2d(512, 2048, kernel_size=(1, 1), stride=(1, 1), bias=False)
        (bn3): BatchNorm2d(2048, eps=1e-05, momentum=0.1, affine=True, track_running_stats=True)
        (relu): ReLU(inplace=True)
      )
      init_cfg={'type': 'Constant', 'val': 0, 'override': {'name': 'norm3'}}
      (2): Bottleneck(
        (conv1): Conv2d(2048, 512, kernel_size=(1, 1), stride=(1, 1), bias=False)
        (bn1): BatchNorm2d(512, eps=1e-05, momentum=0.1, affine=True, track_running_stats=True)
        (conv2): Conv2d(512, 512, kernel_size=(3, 3), stride=(1, 1), padding=(1, 1), bias=False)
        (bn2): BatchNorm2d(512, eps=1e-05, momentum=0.1, affine=True, track_running_stats=True)
        (conv3): Conv2d(512, 2048, kernel_size=(1, 1), stride=(1, 1), bias=False)
        (bn3): BatchNorm2d(2048, eps=1e-05, momentum=0.1, affine=True, track_running_stats=True)
        (relu): ReLU(inplace=True)
      )
      init_cfg={'type': 'Constant', 'val': 0, 'override': {'name': 'norm3'}}
    )
  )
  init_cfg=[{'type': 'Kaiming', 'layer': 'Conv2d'}, {'type': 'Constant', 'val': 1, 'layer': ['_BatchNorm', 'GroupNorm']}]
  (img_neck): FPN(
    (lateral_convs): ModuleList(
      (0): ConvModule(
        (conv): Conv2d(256, 256, kernel_size=(1, 1), stride=(1, 1))
      )
      (1): ConvModule(
        (conv): Conv2d(512, 256, kernel_size=(1, 1), stride=(1, 1))
      )
      (2): ConvModule(
        (conv): Conv2d(1024, 256, kernel_size=(1, 1), stride=(1, 1))
      )
      (3): ConvModule(
        (conv): Conv2d(2048, 256, kernel_size=(1, 1), stride=(1, 1))
      )
    )
    (fpn_convs): ModuleList(
      (0-3): 4 x ConvModule(
        (conv): Conv2d(256, 256, kernel_size=(3, 3), stride=(1, 1), padding=(1, 1))
      )
    )
  )
  init_cfg={'type': 'Xavier', 'layer': 'Conv2d', 'distribution': 'uniform'}
  (backbone): MinkFFResNet(
    (conv1): MinkowskiConvolution(in=3, out=64, kernel_size=[3, 3, 3], stride=[2, 2, 2], dilation=[1, 1, 1])
    (norm1): MinkowskiBatchNorm(64, eps=1e-05, momentum=0.1, affine=True, track_running_stats=True)
    (relu): MinkowskiReLU()
    (maxpool): MinkowskiMaxPooling(kernel_size=[2, 2, 2], stride=[2, 2, 2], dilation=[1, 1, 1])
    (layer1): Sequential(
      (0): BasicBlock(
        (conv1): MinkowskiConvolution(in=64, out=64, kernel_size=[3, 3, 3], stride=[2, 2, 2], dilation=[1, 1, 1])
        (norm1): MinkowskiBatchNorm(64, eps=1e-05, momentum=0.1, affine=True, track_running_stats=True)
        (conv2): MinkowskiConvolution(in=64, out=64, kernel_size=[3, 3, 3], stride=[1, 1, 1], dilation=[1, 1, 1])
        (norm2): MinkowskiBatchNorm(64, eps=1e-05, momentum=0.1, affine=True, track_running_stats=True)
        (relu): MinkowskiReLU()
        (downsample): Sequential(
          (0): MinkowskiConvolution(in=64, out=64, kernel_size=[1, 1, 1], stride=[2, 2, 2], dilation=[1, 1, 1])
          (1): MinkowskiBatchNorm(64, eps=1e-05, momentum=0.1, affine=True, track_running_stats=True)
        )
      )
      (1): BasicBlock(
        (conv1): MinkowskiConvolution(in=64, out=64, kernel_size=[3, 3, 3], stride=[1, 1, 1], dilation=[1, 1, 1])
        (norm1): MinkowskiBatchNorm(64, eps=1e-05, momentum=0.1, affine=True, track_running_stats=True)
        (conv2): MinkowskiConvolution(in=64, out=64, kernel_size=[3, 3, 3], stride=[1, 1, 1], dilation=[1, 1, 1])
        (norm2): MinkowskiBatchNorm(64, eps=1e-05, momentum=0.1, affine=True, track_running_stats=True)
        (relu): MinkowskiReLU()
      )
      (2): BasicBlock(
        (conv1): MinkowskiConvolution(in=64, out=64, kernel_size=[3, 3, 3], stride=[1, 1, 1], dilation=[1, 1, 1])
        (norm1): MinkowskiBatchNorm(64, eps=1e-05, momentum=0.1, affine=True, track_running_stats=True)
        (conv2): MinkowskiConvolution(in=64, out=64, kernel_size=[3, 3, 3], stride=[1, 1, 1], dilation=[1, 1, 1])
        (norm2): MinkowskiBatchNorm(64, eps=1e-05, momentum=0.1, affine=True, track_running_stats=True)
        (relu): MinkowskiReLU()
      )
    )
    (layer2): Sequential(
      (0): BasicBlock(
        (conv1): MinkowskiConvolution(in=64, out=128, kernel_size=[3, 3, 3], stride=[2, 2, 2], dilation=[1, 1, 1])
        (norm1): MinkowskiBatchNorm(128, eps=1e-05, momentum=0.1, affine=True, track_running_stats=True)
        (conv2): MinkowskiConvolution(in=128, out=128, kernel_size=[3, 3, 3], stride=[1, 1, 1], dilation=[1, 1, 1])
        (norm2): MinkowskiBatchNorm(128, eps=1e-05, momentum=0.1, affine=True, track_running_stats=True)
        (relu): MinkowskiReLU()
        (downsample): Sequential(
          (0): MinkowskiConvolution(in=64, out=128, kernel_size=[1, 1, 1], stride=[2, 2, 2], dilation=[1, 1, 1])
          (1): MinkowskiBatchNorm(128, eps=1e-05, momentum=0.1, affine=True, track_running_stats=True)
        )
      )
      (1): BasicBlock(
        (conv1): MinkowskiConvolution(in=128, out=128, kernel_size=[3, 3, 3], stride=[1, 1, 1], dilation=[1, 1, 1])
        (norm1): MinkowskiBatchNorm(128, eps=1e-05, momentum=0.1, affine=True, track_running_stats=True)
        (conv2): MinkowskiConvolution(in=128, out=128, kernel_size=[3, 3, 3], stride=[1, 1, 1], dilation=[1, 1, 1])
        (norm2): MinkowskiBatchNorm(128, eps=1e-05, momentum=0.1, affine=True, track_running_stats=True)
        (relu): MinkowskiReLU()
      )
      (2): BasicBlock(
        (conv1): MinkowskiConvolution(in=128, out=128, kernel_size=[3, 3, 3], stride=[1, 1, 1], dilation=[1, 1, 1])
        (norm1): MinkowskiBatchNorm(128, eps=1e-05, momentum=0.1, affine=True, track_running_stats=True)
        (conv2): MinkowskiConvolution(in=128, out=128, kernel_size=[3, 3, 3], stride=[1, 1, 1], dilation=[1, 1, 1])
        (norm2): MinkowskiBatchNorm(128, eps=1e-05, momentum=0.1, affine=True, track_running_stats=True)
        (relu): MinkowskiReLU()
      )
      (3): BasicBlock(
        (conv1): MinkowskiConvolution(in=128, out=128, kernel_size=[3, 3, 3], stride=[1, 1, 1], dilation=[1, 1, 1])
        (norm1): MinkowskiBatchNorm(128, eps=1e-05, momentum=0.1, affine=True, track_running_stats=True)
        (conv2): MinkowskiConvolution(in=128, out=128, kernel_size=[3, 3, 3], stride=[1, 1, 1], dilation=[1, 1, 1])
        (norm2): MinkowskiBatchNorm(128, eps=1e-05, momentum=0.1, affine=True, track_running_stats=True)
        (relu): MinkowskiReLU()
      )
    )
    (layer3): Sequential(
      (0): BasicBlock(
        (conv1): MinkowskiConvolution(in=128, out=128, kernel_size=[3, 3, 3], stride=[2, 2, 2], dilation=[1, 1, 1])
        (norm1): MinkowskiBatchNorm(128, eps=1e-05, momentum=0.1, affine=True, track_running_stats=True)
        (conv2): MinkowskiConvolution(in=128, out=128, kernel_size=[3, 3, 3], stride=[1, 1, 1], dilation=[1, 1, 1])
        (norm2): MinkowskiBatchNorm(128, eps=1e-05, momentum=0.1, affine=True, track_running_stats=True)
        (relu): MinkowskiReLU()
        (downsample): Sequential(
          (0): MinkowskiConvolution(in=128, out=128, kernel_size=[1, 1, 1], stride=[2, 2, 2], dilation=[1, 1, 1])
          (1): MinkowskiBatchNorm(128, eps=1e-05, momentum=0.1, affine=True, track_running_stats=True)
        )
      )
      (1): BasicBlock(
        (conv1): MinkowskiConvolution(in=128, out=128, kernel_size=[3, 3, 3], stride=[1, 1, 1], dilation=[1, 1, 1])
        (norm1): MinkowskiBatchNorm(128, eps=1e-05, momentum=0.1, affine=True, track_running_stats=True)
        (conv2): MinkowskiConvolution(in=128, out=128, kernel_size=[3, 3, 3], stride=[1, 1, 1], dilation=[1, 1, 1])
        (norm2): MinkowskiBatchNorm(128, eps=1e-05, momentum=0.1, affine=True, track_running_stats=True)
        (relu): MinkowskiReLU()
      )
      (2): BasicBlock(
        (conv1): MinkowskiConvolution(in=128, out=128, kernel_size=[3, 3, 3], stride=[1, 1, 1], dilation=[1, 1, 1])
        (norm1): MinkowskiBatchNorm(128, eps=1e-05, momentum=0.1, affine=True, track_running_stats=True)
        (conv2): MinkowskiConvolution(in=128, out=128, kernel_size=[3, 3, 3], stride=[1, 1, 1], dilation=[1, 1, 1])
        (norm2): MinkowskiBatchNorm(128, eps=1e-05, momentum=0.1, affine=True, track_running_stats=True)
        (relu): MinkowskiReLU()
      )
      (3): BasicBlock(
        (conv1): MinkowskiConvolution(in=128, out=128, kernel_size=[3, 3, 3], stride=[1, 1, 1], dilation=[1, 1, 1])
        (norm1): MinkowskiBatchNorm(128, eps=1e-05, momentum=0.1, affine=True, track_running_stats=True)
        (conv2): MinkowskiConvolution(in=128, out=128, kernel_size=[3, 3, 3], stride=[1, 1, 1], dilation=[1, 1, 1])
        (norm2): MinkowskiBatchNorm(128, eps=1e-05, momentum=0.1, affine=True, track_running_stats=True)
        (relu): MinkowskiReLU()
      )
      (4): BasicBlock(
        (conv1): MinkowskiConvolution(in=128, out=128, kernel_size=[3, 3, 3], stride=[1, 1, 1], dilation=[1, 1, 1])
        (norm1): MinkowskiBatchNorm(128, eps=1e-05, momentum=0.1, affine=True, track_running_stats=True)
        (conv2): MinkowskiConvolution(in=128, out=128, kernel_size=[3, 3, 3], stride=[1, 1, 1], dilation=[1, 1, 1])
        (norm2): MinkowskiBatchNorm(128, eps=1e-05, momentum=0.1, affine=True, track_running_stats=True)
        (relu): MinkowskiReLU()
      )
      (5): BasicBlock(
        (conv1): MinkowskiConvolution(in=128, out=128, kernel_size=[3, 3, 3], stride=[1, 1, 1], dilation=[1, 1, 1])
        (norm1): MinkowskiBatchNorm(128, eps=1e-05, momentum=0.1, affine=True, track_running_stats=True)
        (conv2): MinkowskiConvolution(in=128, out=128, kernel_size=[3, 3, 3], stride=[1, 1, 1], dilation=[1, 1, 1])
        (norm2): MinkowskiBatchNorm(128, eps=1e-05, momentum=0.1, affine=True, track_running_stats=True)
        (relu): MinkowskiReLU()
      )
    )
    (layer4): Sequential(
      (0): BasicBlock(
        (conv1): MinkowskiConvolution(in=128, out=128, kernel_size=[3, 3, 3], stride=[2, 2, 2], dilation=[1, 1, 1])
        (norm1): MinkowskiBatchNorm(128, eps=1e-05, momentum=0.1, affine=True, track_running_stats=True)
        (conv2): MinkowskiConvolution(in=128, out=128, kernel_size=[3, 3, 3], stride=[1, 1, 1], dilation=[1, 1, 1])
        (norm2): MinkowskiBatchNorm(128, eps=1e-05, momentum=0.1, affine=True, track_running_stats=True)
        (relu): MinkowskiReLU()
        (downsample): Sequential(
          (0): MinkowskiConvolution(in=128, out=128, kernel_size=[1, 1, 1], stride=[2, 2, 2], dilation=[1, 1, 1])
          (1): MinkowskiBatchNorm(128, eps=1e-05, momentum=0.1, affine=True, track_running_stats=True)
        )
      )
      (1): BasicBlock(
        (conv1): MinkowskiConvolution(in=128, out=128, kernel_size=[3, 3, 3], stride=[1, 1, 1], dilation=[1, 1, 1])
        (norm1): MinkowskiBatchNorm(128, eps=1e-05, momentum=0.1, affine=True, track_running_stats=True)
        (conv2): MinkowskiConvolution(in=128, out=128, kernel_size=[3, 3, 3], stride=[1, 1, 1], dilation=[1, 1, 1])
        (norm2): MinkowskiBatchNorm(128, eps=1e-05, momentum=0.1, affine=True, track_running_stats=True)
        (relu): MinkowskiReLU()
      )
      (2): BasicBlock(
        (conv1): MinkowskiConvolution(in=128, out=128, kernel_size=[3, 3, 3], stride=[1, 1, 1], dilation=[1, 1, 1])
        (norm1): MinkowskiBatchNorm(128, eps=1e-05, momentum=0.1, affine=True, track_running_stats=True)
        (conv2): MinkowskiConvolution(in=128, out=128, kernel_size=[3, 3, 3], stride=[1, 1, 1], dilation=[1, 1, 1])
        (norm2): MinkowskiBatchNorm(128, eps=1e-05, momentum=0.1, affine=True, track_running_stats=True)
        (relu): MinkowskiReLU()
      )
    )
  )
  (neck): TR3DNeck(
    (lateral_block_0): Sequential(
      (0): MinkowskiConvolution(in=128, out=128, kernel_size=[3, 3, 3], stride=[1, 1, 1], dilation=[1, 1, 1])
      (1): MinkowskiBatchNorm(128, eps=1e-05, momentum=0.1, affine=True, track_running_stats=True)
      (2): MinkowskiReLU()
    )
    (out_block_0): Sequential(
      (0): MinkowskiConvolution(in=128, out=128, kernel_size=[3, 3, 3], stride=[1, 1, 1], dilation=[1, 1, 1])
      (1): MinkowskiBatchNorm(128, eps=1e-05, momentum=0.1, affine=True, track_running_stats=True)
      (2): MinkowskiReLU()
    )
    (up_block_1): Sequential(
      (0): MinkowskiGenerativeConvolutionTranspose(in=128, out=128, kernel_size=[3, 3, 3], stride=[2, 2, 2], dilation=[1, 1, 1])
      (1): MinkowskiBatchNorm(128, eps=1e-05, momentum=0.1, affine=True, track_running_stats=True)
      (2): MinkowskiReLU()
    )
    (lateral_block_1): Sequential(
      (0): MinkowskiConvolution(in=128, out=128, kernel_size=[3, 3, 3], stride=[1, 1, 1], dilation=[1, 1, 1])
      (1): MinkowskiBatchNorm(128, eps=1e-05, momentum=0.1, affine=True, track_running_stats=True)
      (2): MinkowskiReLU()
    )
    (out_block_1): Sequential(
      (0): MinkowskiConvolution(in=128, out=128, kernel_size=[3, 3, 3], stride=[1, 1, 1], dilation=[1, 1, 1])
      (1): MinkowskiBatchNorm(128, eps=1e-05, momentum=0.1, affine=True, track_running_stats=True)
      (2): MinkowskiReLU()
    )
    (up_block_2): Sequential(
      (0): MinkowskiGenerativeConvolutionTranspose(in=128, out=128, kernel_size=[3, 3, 3], stride=[2, 2, 2], dilation=[1, 1, 1])
      (1): MinkowskiBatchNorm(128, eps=1e-05, momentum=0.1, affine=True, track_running_stats=True)
      (2): MinkowskiReLU()
    )
  )
  (head): TR3DHead(
    (bbox_loss): RotatedIoU3DLoss()
    (cls_loss): FocalLoss()
    (bbox_conv): MinkowskiConvolution(in=128, out=8, kernel_size=[1, 1, 1], stride=[1, 1, 1], dilation=[1, 1, 1])
    (cls_conv): MinkowskiConvolution(in=128, out=10, kernel_size=[1, 1, 1], stride=[1, 1, 1], dilation=[1, 1, 1])
  )
  (conv): Sequential(
    (0): MinkowskiConvolution(in=256, out=64, kernel_size=[1, 1, 1], stride=[1, 1, 1], dilation=[1, 1, 1])
    (1): MinkowskiBatchNorm(64, eps=1e-05, momentum=0.1, affine=True, track_running_stats=True)
    (2): MinkowskiReLU()
  )
  (keep_ratio_predictor_MLPNET): KeepRatioPredictorMLPNet(
    (net): Sequential(
      (0): Linear(in_features=6, out_features=128, bias=True)
      (1): ReLU()
      (2): Linear(in_features=128, out_features=2, bias=True)
      (3): Tanh()
    )
  )
)
2026-06-04 18:11:46,638 - mmdet - INFO - load checkpoint from local path: /home/zero/USER/HEYU/MODEL/imvotenet_faster_rcnn_r50_fpn_2x4_sunrgbd-3d-10class_20210819_225618-62eba6ce.pth
2026-06-04 18:11:46,735 - mmdet - WARNING - The model and loaded state dict do not match exactly

unexpected key in source state_dict: img_rpn_head.rpn_conv.weight, img_rpn_head.rpn_conv.bias, img_rpn_head.rpn_cls.weight, img_rpn_head.rpn_cls.bias, img_rpn_head.rpn_reg.weight, img_rpn_head.rpn_reg.bias, img_roi_head.bbox_head.fc_cls.weight, img_roi_head.bbox_head.fc_cls.bias, img_roi_head.bbox_head.fc_reg.weight, img_roi_head.bbox_head.fc_reg.bias, img_roi_head.bbox_head.shared_fcs.0.weight, img_roi_head.bbox_head.shared_fcs.0.bias, img_roi_head.bbox_head.shared_fcs.1.weight, img_roi_head.bbox_head.shared_fcs.1.bias

missing keys in source state_dict: backbone.conv1.kernel, backbone.norm1.bn.weight, backbone.norm1.bn.bias, backbone.norm1.bn.running_mean, backbone.norm1.bn.running_var, backbone.layer1.0.conv1.kernel, backbone.layer1.0.norm1.bn.weight, backbone.layer1.0.norm1.bn.bias, backbone.layer1.0.norm1.bn.running_mean, backbone.layer1.0.norm1.bn.running_var, backbone.layer1.0.conv2.kernel, backbone.layer1.0.norm2.bn.weight, backbone.layer1.0.norm2.bn.bias, backbone.layer1.0.norm2.bn.running_mean, backbone.layer1.0.norm2.bn.running_var, backbone.layer1.0.downsample.0.kernel, backbone.layer1.0.downsample.1.bn.weight, backbone.layer1.0.downsample.1.bn.bias, backbone.layer1.0.downsample.1.bn.running_mean, backbone.layer1.0.downsample.1.bn.running_var, backbone.layer1.1.conv1.kernel, backbone.layer1.1.norm1.bn.weight, backbone.layer1.1.norm1.bn.bias, backbone.layer1.1.norm1.bn.running_mean, backbone.layer1.1.norm1.bn.running_var, backbone.layer1.1.conv2.kernel, backbone.layer1.1.norm2.bn.weight, backbone.layer1.1.norm2.bn.bias, backbone.layer1.1.norm2.bn.running_mean, backbone.layer1.1.norm2.bn.running_var, backbone.layer1.2.conv1.kernel, backbone.layer1.2.norm1.bn.weight, backbone.layer1.2.norm1.bn.bias, backbone.layer1.2.norm1.bn.running_mean, backbone.layer1.2.norm1.bn.running_var, backbone.layer1.2.conv2.kernel, backbone.layer1.2.norm2.bn.weight, backbone.layer1.2.norm2.bn.bias, backbone.layer1.2.norm2.bn.running_mean, backbone.layer1.2.norm2.bn.running_var, backbone.layer2.0.conv1.kernel, backbone.layer2.0.norm1.bn.weight, backbone.layer2.0.norm1.bn.bias, backbone.layer2.0.norm1.bn.running_mean, backbone.layer2.0.norm1.bn.running_var, backbone.layer2.0.conv2.kernel, backbone.layer2.0.norm2.bn.weight, backbone.layer2.0.norm2.bn.bias, backbone.layer2.0.norm2.bn.running_mean, backbone.layer2.0.norm2.bn.running_var, backbone.layer2.0.downsample.0.kernel, backbone.layer2.0.downsample.1.bn.weight, backbone.layer2.0.downsample.1.bn.bias, backbone.layer2.0.downsample.1.bn.running_mean, backbone.layer2.0.downsample.1.bn.running_var, backbone.layer2.1.conv1.kernel, backbone.layer2.1.norm1.bn.weight, backbone.layer2.1.norm1.bn.bias, backbone.layer2.1.norm1.bn.running_mean, backbone.layer2.1.norm1.bn.running_var, backbone.layer2.1.conv2.kernel, backbone.layer2.1.norm2.bn.weight, backbone.layer2.1.norm2.bn.bias, backbone.layer2.1.norm2.bn.running_mean, backbone.layer2.1.norm2.bn.running_var, backbone.layer2.2.conv1.kernel, backbone.layer2.2.norm1.bn.weight, backbone.layer2.2.norm1.bn.bias, backbone.layer2.2.norm1.bn.running_mean, backbone.layer2.2.norm1.bn.running_var, backbone.layer2.2.conv2.kernel, backbone.layer2.2.norm2.bn.weight, backbone.layer2.2.norm2.bn.bias, backbone.layer2.2.norm2.bn.running_mean, backbone.layer2.2.norm2.bn.running_var, backbone.layer2.3.conv1.kernel, backbone.layer2.3.norm1.bn.weight, backbone.layer2.3.norm1.bn.bias, backbone.layer2.3.norm1.bn.running_mean, backbone.layer2.3.norm1.bn.running_var, backbone.layer2.3.conv2.kernel, backbone.layer2.3.norm2.bn.weight, backbone.layer2.3.norm2.bn.bias, backbone.layer2.3.norm2.bn.running_mean, backbone.layer2.3.norm2.bn.running_var, backbone.layer3.0.conv1.kernel, backbone.layer3.0.norm1.bn.weight, backbone.layer3.0.norm1.bn.bias, backbone.layer3.0.norm1.bn.running_mean, backbone.layer3.0.norm1.bn.running_var, backbone.layer3.0.conv2.kernel, backbone.layer3.0.norm2.bn.weight, backbone.layer3.0.norm2.bn.bias, backbone.layer3.0.norm2.bn.running_mean, backbone.layer3.0.norm2.bn.running_var, backbone.layer3.0.downsample.0.kernel, backbone.layer3.0.downsample.1.bn.weight, backbone.layer3.0.downsample.1.bn.bias, backbone.layer3.0.downsample.1.bn.running_mean, backbone.layer3.0.downsample.1.bn.running_var, backbone.layer3.1.conv1.kernel, backbone.layer3.1.norm1.bn.weight, backbone.layer3.1.norm1.bn.bias, backbone.layer3.1.norm1.bn.running_mean, backbone.layer3.1.norm1.bn.running_var, backbone.layer3.1.conv2.kernel, backbone.layer3.1.norm2.bn.weight, backbone.layer3.1.norm2.bn.bias, backbone.layer3.1.norm2.bn.running_mean, backbone.layer3.1.norm2.bn.running_var, backbone.layer3.2.conv1.kernel, backbone.layer3.2.norm1.bn.weight, backbone.layer3.2.norm1.bn.bias, backbone.layer3.2.norm1.bn.running_mean, backbone.layer3.2.norm1.bn.running_var, backbone.layer3.2.conv2.kernel, backbone.layer3.2.norm2.bn.weight, backbone.layer3.2.norm2.bn.bias, backbone.layer3.2.norm2.bn.running_mean, backbone.layer3.2.norm2.bn.running_var, backbone.layer3.3.conv1.kernel, backbone.layer3.3.norm1.bn.weight, backbone.layer3.3.norm1.bn.bias, backbone.layer3.3.norm1.bn.running_mean, backbone.layer3.3.norm1.bn.running_var, backbone.layer3.3.conv2.kernel, backbone.layer3.3.norm2.bn.weight, backbone.layer3.3.norm2.bn.bias, backbone.layer3.3.norm2.bn.running_mean, backbone.layer3.3.norm2.bn.running_var, backbone.layer3.4.conv1.kernel, backbone.layer3.4.norm1.bn.weight, backbone.layer3.4.norm1.bn.bias, backbone.layer3.4.norm1.bn.running_mean, backbone.layer3.4.norm1.bn.running_var, backbone.layer3.4.conv2.kernel, backbone.layer3.4.norm2.bn.weight, backbone.layer3.4.norm2.bn.bias, backbone.layer3.4.norm2.bn.running_mean, backbone.layer3.4.norm2.bn.running_var, backbone.layer3.5.conv1.kernel, backbone.layer3.5.norm1.bn.weight, backbone.layer3.5.norm1.bn.bias, backbone.layer3.5.norm1.bn.running_mean, backbone.layer3.5.norm1.bn.running_var, backbone.layer3.5.conv2.kernel, backbone.layer3.5.norm2.bn.weight, backbone.layer3.5.norm2.bn.bias, backbone.layer3.5.norm2.bn.running_mean, backbone.layer3.5.norm2.bn.running_var, backbone.layer4.0.conv1.kernel, backbone.layer4.0.norm1.bn.weight, backbone.layer4.0.norm1.bn.bias, backbone.layer4.0.norm1.bn.running_mean, backbone.layer4.0.norm1.bn.running_var, backbone.layer4.0.conv2.kernel, backbone.layer4.0.norm2.bn.weight, backbone.layer4.0.norm2.bn.bias, backbone.layer4.0.norm2.bn.running_mean, backbone.layer4.0.norm2.bn.running_var, backbone.layer4.0.downsample.0.kernel, backbone.layer4.0.downsample.1.bn.weight, backbone.layer4.0.downsample.1.bn.bias, backbone.layer4.0.downsample.1.bn.running_mean, backbone.layer4.0.downsample.1.bn.running_var, backbone.layer4.1.conv1.kernel, backbone.layer4.1.norm1.bn.weight, backbone.layer4.1.norm1.bn.bias, backbone.layer4.1.norm1.bn.running_mean, backbone.layer4.1.norm1.bn.running_var, backbone.layer4.1.conv2.kernel, backbone.layer4.1.norm2.bn.weight, backbone.layer4.1.norm2.bn.bias, backbone.layer4.1.norm2.bn.running_mean, backbone.layer4.1.norm2.bn.running_var, backbone.layer4.2.conv1.kernel, backbone.layer4.2.norm1.bn.weight, backbone.layer4.2.norm1.bn.bias, backbone.layer4.2.norm1.bn.running_mean, backbone.layer4.2.norm1.bn.running_var, backbone.layer4.2.conv2.kernel, backbone.layer4.2.norm2.bn.weight, backbone.layer4.2.norm2.bn.bias, backbone.layer4.2.norm2.bn.running_mean, backbone.layer4.2.norm2.bn.running_var, neck.lateral_block_0.0.kernel, neck.lateral_block_0.1.bn.weight, neck.lateral_block_0.1.bn.bias, neck.lateral_block_0.1.bn.running_mean, neck.lateral_block_0.1.bn.running_var, neck.out_block_0.0.kernel, neck.out_block_0.1.bn.weight, neck.out_block_0.1.bn.bias, neck.out_block_0.1.bn.running_mean, neck.out_block_0.1.bn.running_var, neck.up_block_1.0.kernel, neck.up_block_1.1.bn.weight, neck.up_block_1.1.bn.bias, neck.up_block_1.1.bn.running_mean, neck.up_block_1.1.bn.running_var, neck.lateral_block_1.0.kernel, neck.lateral_block_1.1.bn.weight, neck.lateral_block_1.1.bn.bias, neck.lateral_block_1.1.bn.running_mean, neck.lateral_block_1.1.bn.running_var, neck.out_block_1.0.kernel, neck.out_block_1.1.bn.weight, neck.out_block_1.1.bn.bias, neck.out_block_1.1.bn.running_mean, neck.out_block_1.1.bn.running_var, neck.up_block_2.0.kernel, neck.up_block_2.1.bn.weight, neck.up_block_2.1.bn.bias, neck.up_block_2.1.bn.running_mean, neck.up_block_2.1.bn.running_var, head.bbox_conv.kernel, head.bbox_conv.bias, head.cls_conv.kernel, head.cls_conv.bias, conv.0.kernel, conv.1.bn.weight, conv.1.bn.bias, conv.1.bn.running_mean, conv.1.bn.running_var, keep_ratio_predictor_MLPNET.net.0.weight, keep_ratio_predictor_MLPNET.net.0.bias, keep_ratio_predictor_MLPNET.net.2.weight, keep_ratio_predictor_MLPNET.net.2.bias

2026-06-04 18:11:46,739 - mmdet - INFO - Start running, host: zero@l40server, work_dir: /home/zero/USER/HEYU/tr3d/work_dirs/NN/DFF/DFF_TR3D_FF_FIG6_6/0
2026-06-04 18:11:46,740 - mmdet - INFO - Hooks will be executed in the following order:
before_run:
(VERY_HIGH   ) StepLrUpdaterHook                  
(NORMAL      ) CheckpointHook                     
(LOW         ) EvalHook                           
(VERY_LOW    ) TextLoggerHook                     
 -------------------- 
before_train_epoch:
(VERY_HIGH   ) StepLrUpdaterHook                  
(NORMAL      ) EmptyCacheHook                     
(LOW         ) IterTimerHook                      
(LOW         ) EvalHook                           
(VERY_LOW    ) TextLoggerHook                     
 -------------------- 
before_train_iter:
(VERY_HIGH   ) StepLrUpdaterHook                  
(LOW         ) IterTimerHook                      
(LOW         ) EvalHook                           
 -------------------- 
after_train_iter:
(ABOVE_NORMAL) OptimizerHook                      
(NORMAL      ) CheckpointHook                     
(NORMAL      ) EmptyCacheHook                     
(LOW         ) IterTimerHook                      
(LOW         ) EvalHook                           
(VERY_LOW    ) TextLoggerHook                     
 -------------------- 
after_train_epoch:
(NORMAL      ) CheckpointHook                     
(NORMAL      ) EmptyCacheHook                     
(LOW         ) EvalHook                           
(VERY_LOW    ) TextLoggerHook                     
 -------------------- 
before_val_epoch:
(NORMAL      ) EmptyCacheHook                     
(LOW         ) IterTimerHook                      
(VERY_LOW    ) TextLoggerHook                     
 -------------------- 
before_val_iter:
(LOW         ) IterTimerHook                      
 -------------------- 
after_val_iter:
(NORMAL      ) EmptyCacheHook                     
(LOW         ) IterTimerHook                      
 -------------------- 
after_val_epoch:
(NORMAL      ) EmptyCacheHook                     
(VERY_LOW    ) TextLoggerHook                     
 -------------------- 
after_run:
(VERY_LOW    ) TextLoggerHook                     
 -------------------- 
2026-06-04 18:11:46,740 - mmdet - INFO - workflow: [('train', 1)], max: 12 epochs
2026-06-04 18:11:46,740 - mmdet - INFO - Checkpoints will be saved to /home/zero/USER/HEYU/tr3d/work_dirs/NN/DFF/DFF_TR3D_FF_FIG6_6/0 by HardDiskBackend.
2026-06-04 18:12:18,094 - mmdet - INFO - Epoch [1][50/1652]	lr: 1.000e-03, eta: 3:26:38, time: 0.627, data_time: 0.089, memory: 4446, bbox_loss: 0.6448, cls_loss: 0.6827, loss: 1.3276, grad_norm: 6.9044
2026-06-04 18:12:46,942 - mmdet - INFO - Epoch [1][100/1652]	lr: 1.000e-03, eta: 3:17:53, time: 0.577, data_time: 0.040, memory: 4446, bbox_loss: 0.5766, cls_loss: 0.4836, loss: 1.0602, grad_norm: 7.7555
2026-06-04 18:13:16,204 - mmdet - INFO - Epoch [1][150/1652]	lr: 1.000e-03, eta: 3:15:33, time: 0.585, data_time: 0.042, memory: 4446, bbox_loss: 0.5773, cls_loss: 0.4647, loss: 1.0420, grad_norm: 7.8251
2026-06-04 18:13:45,681 - mmdet - INFO - Epoch [1][200/1652]	lr: 1.000e-03, eta: 3:14:30, time: 0.590, data_time: 0.041, memory: 4446, bbox_loss: 0.5603, cls_loss: 0.4298, loss: 0.9901, grad_norm: 7.8339
2026-06-04 18:14:13,622 - mmdet - INFO - Epoch [1][250/1652]	lr: 1.000e-03, eta: 3:11:39, time: 0.559, data_time: 0.041, memory: 4446, bbox_loss: 0.5499, cls_loss: 0.4134, loss: 0.9633, grad_norm: 7.8696
2026-06-04 18:14:43,350 - mmdet - INFO - Epoch [1][300/1652]	lr: 1.000e-03, eta: 3:11:33, time: 0.595, data_time: 0.042, memory: 4446, bbox_loss: 0.5477, cls_loss: 0.4120, loss: 0.9597, grad_norm: 6.8792
2026-06-04 18:15:12,624 - mmdet - INFO - Epoch [1][350/1652]	lr: 1.000e-03, eta: 3:10:54, time: 0.585, data_time: 0.042, memory: 4446, bbox_loss: 0.5312, cls_loss: 0.3903, loss: 0.9215, grad_norm: 6.6062
2026-06-04 18:15:42,319 - mmdet - INFO - Epoch [1][400/1652]	lr: 1.000e-03, eta: 3:10:39, time: 0.594, data_time: 0.042, memory: 4446, bbox_loss: 0.5357, cls_loss: 0.3793, loss: 0.9150, grad_norm: 6.1035
2026-06-04 18:16:11,358 - mmdet - INFO - Epoch [1][450/1652]	lr: 1.000e-03, eta: 3:09:52, time: 0.581, data_time: 0.043, memory: 4446, bbox_loss: 0.5209, cls_loss: 0.3705, loss: 0.8915, grad_norm: 6.7360
2026-06-04 18:16:38,853 - mmdet - INFO - Epoch [1][500/1652]	lr: 1.000e-03, eta: 3:08:09, time: 0.550, data_time: 0.043, memory: 4446, bbox_loss: 0.5276, cls_loss: 0.3681, loss: 0.8957, grad_norm: 6.7154
2026-06-04 18:17:06,933 - mmdet - INFO - Epoch [1][550/1652]	lr: 1.000e-03, eta: 3:07:00, time: 0.562, data_time: 0.043, memory: 4446, bbox_loss: 0.5195, cls_loss: 0.3632, loss: 0.8827, grad_norm: 6.0385
2026-06-04 18:17:36,822 - mmdet - INFO - Epoch [1][600/1652]	lr: 1.000e-03, eta: 3:06:56, time: 0.598, data_time: 0.044, memory: 4446, bbox_loss: 0.5131, cls_loss: 0.3448, loss: 0.8579, grad_norm: 7.4797
2026-06-04 18:18:05,840 - mmdet - INFO - Epoch [1][650/1652]	lr: 1.000e-03, eta: 3:06:22, time: 0.580, data_time: 0.046, memory: 4446, bbox_loss: 0.5071, cls_loss: 0.3507, loss: 0.8578, grad_norm: 6.2148
2026-06-04 18:18:34,259 - mmdet - INFO - Epoch [1][700/1652]	lr: 1.000e-03, eta: 3:05:33, time: 0.568, data_time: 0.042, memory: 4446, bbox_loss: 0.4960, cls_loss: 0.3494, loss: 0.8455, grad_norm: 5.8742
2026-06-04 18:19:01,734 - mmdet - INFO - Epoch [1][750/1652]	lr: 1.000e-03, eta: 3:04:22, time: 0.549, data_time: 0.042, memory: 4446, bbox_loss: 0.5009, cls_loss: 0.3219, loss: 0.8227, grad_norm: 5.5173
2026-06-04 18:19:29,275 - mmdet - INFO - Epoch [1][800/1652]	lr: 1.000e-03, eta: 3:03:18, time: 0.551, data_time: 0.042, memory: 4446, bbox_loss: 0.4970, cls_loss: 0.3505, loss: 0.8476, grad_norm: 5.6257
2026-06-04 18:19:57,192 - mmdet - INFO - Epoch [1][850/1652]	lr: 1.000e-03, eta: 3:02:27, time: 0.558, data_time: 0.044, memory: 4446, bbox_loss: 0.5027, cls_loss: 0.3439, loss: 0.8466, grad_norm: 5.1830
2026-06-04 18:20:24,415 - mmdet - INFO - Epoch [1][900/1652]	lr: 1.000e-03, eta: 3:01:24, time: 0.544, data_time: 0.042, memory: 4446, bbox_loss: 0.4995, cls_loss: 0.3237, loss: 0.8231, grad_norm: 5.6373
2026-06-04 18:20:52,525 - mmdet - INFO - Epoch [1][950/1652]	lr: 1.000e-03, eta: 3:00:43, time: 0.562, data_time: 0.046, memory: 4504, bbox_loss: 0.4945, cls_loss: 0.3211, loss: 0.8155, grad_norm: 5.0485
2026-06-04 18:21:20,671 - mmdet - INFO - Exp name: tr3d-ff_sunrgbd-3d-10class.py
2026-06-04 18:21:20,672 - mmdet - INFO - Epoch [1][1000/1652]	lr: 1.000e-03, eta: 3:00:03, time: 0.563, data_time: 0.046, memory: 4504, bbox_loss: 0.4976, cls_loss: 0.3407, loss: 0.8383, grad_norm: 4.6120
2026-06-04 18:21:48,348 - mmdet - INFO - Epoch [1][1050/1652]	lr: 1.000e-03, eta: 2:59:16, time: 0.554, data_time: 0.044, memory: 4504, bbox_loss: 0.4915, cls_loss: 0.3254, loss: 0.8170, grad_norm: 4.9857
2026-06-04 18:22:16,887 - mmdet - INFO - Epoch [1][1100/1652]	lr: 1.000e-03, eta: 2:58:45, time: 0.571, data_time: 0.042, memory: 4504, bbox_loss: 0.4937, cls_loss: 0.3232, loss: 0.8170, grad_norm: 4.9431
2026-06-04 18:22:46,559 - mmdet - INFO - Epoch [1][1150/1652]	lr: 1.000e-03, eta: 2:58:34, time: 0.593, data_time: 0.043, memory: 4504, bbox_loss: 0.4883, cls_loss: 0.3202, loss: 0.8085, grad_norm: 5.0032
2026-06-04 18:23:14,657 - mmdet - INFO - Epoch [1][1200/1652]	lr: 1.000e-03, eta: 2:57:56, time: 0.562, data_time: 0.044, memory: 4729, bbox_loss: 0.4908, cls_loss: 0.3228, loss: 0.8136, grad_norm: 4.8774
2026-06-04 18:23:42,254 - mmdet - INFO - Epoch [1][1250/1652]	lr: 1.000e-03, eta: 2:57:11, time: 0.552, data_time: 0.043, memory: 4729, bbox_loss: 0.4716, cls_loss: 0.3030, loss: 0.7747, grad_norm: 5.2866
2026-06-04 18:24:10,178 - mmdet - INFO - Epoch [1][1300/1652]	lr: 1.000e-03, eta: 2:56:33, time: 0.558, data_time: 0.042, memory: 4729, bbox_loss: 0.4791, cls_loss: 0.3111, loss: 0.7902, grad_norm: 5.0137
2026-06-04 18:24:38,296 - mmdet - INFO - Epoch [1][1350/1652]	lr: 1.000e-03, eta: 2:55:58, time: 0.562, data_time: 0.044, memory: 4729, bbox_loss: 0.4790, cls_loss: 0.3077, loss: 0.7867, grad_norm: 4.9868
2026-06-04 18:25:07,697 - mmdet - INFO - Epoch [1][1400/1652]	lr: 1.000e-03, eta: 2:55:40, time: 0.588, data_time: 0.043, memory: 4729, bbox_loss: 0.4804, cls_loss: 0.3135, loss: 0.7939, grad_norm: 4.4775
2026-06-04 18:25:37,279 - mmdet - INFO - Epoch [1][1450/1652]	lr: 1.000e-03, eta: 2:55:24, time: 0.592, data_time: 0.044, memory: 4729, bbox_loss: 0.4759, cls_loss: 0.3063, loss: 0.7822, grad_norm: 4.6965
2026-06-04 18:26:06,599 - mmdet - INFO - Epoch [1][1500/1652]	lr: 1.000e-03, eta: 2:55:03, time: 0.586, data_time: 0.045, memory: 4729, bbox_loss: 0.4749, cls_loss: 0.3071, loss: 0.7820, grad_norm: 4.3774
2026-06-04 18:26:36,108 - mmdet - INFO - Epoch [1][1550/1652]	lr: 1.000e-03, eta: 2:54:45, time: 0.590, data_time: 0.043, memory: 4729, bbox_loss: 0.4769, cls_loss: 0.3067, loss: 0.7836, grad_norm: 4.0549
2026-06-04 18:27:06,036 - mmdet - INFO - Epoch [1][1600/1652]	lr: 1.000e-03, eta: 2:54:30, time: 0.599, data_time: 0.044, memory: 4729, bbox_loss: 0.4737, cls_loss: 0.3019, loss: 0.7756, grad_norm: 4.0874
2026-06-04 18:27:35,407 - mmdet - INFO - Epoch [1][1650/1652]	lr: 1.000e-03, eta: 2:54:08, time: 0.587, data_time: 0.043, memory: 4729, bbox_loss: 0.4821, cls_loss: 0.3161, loss: 0.7983, grad_norm: 4.3496
2026-06-04 18:27:36,722 - mmdet - INFO - Saving checkpoint at 1 epochs
2026-06-04 18:28:09,553 - mmdet - INFO - Epoch [2][50/1652]	lr: 1.000e-03, eta: 2:54:01, time: 0.640, data_time: 0.091, memory: 4729, bbox_loss: 0.4768, cls_loss: 0.3025, loss: 0.7793, grad_norm: 4.7890
2026-06-04 18:28:38,276 - mmdet - INFO - Epoch [2][100/1652]	lr: 1.000e-03, eta: 2:53:31, time: 0.574, data_time: 0.044, memory: 4729, bbox_loss: 0.4718, cls_loss: 0.3105, loss: 0.7823, grad_norm: 4.0805
2026-06-04 18:29:07,757 - mmdet - INFO - Epoch [2][150/1652]	lr: 1.000e-03, eta: 2:53:09, time: 0.590, data_time: 0.042, memory: 4729, bbox_loss: 0.4732, cls_loss: 0.2928, loss: 0.7661, grad_norm: 4.3754
2026-06-04 18:29:36,616 - mmdet - INFO - Epoch [2][200/1652]	lr: 1.000e-03, eta: 2:52:41, time: 0.577, data_time: 0.043, memory: 4729, bbox_loss: 0.4739, cls_loss: 0.3019, loss: 0.7758, grad_norm: 3.9880
2026-06-04 18:30:05,815 - mmdet - INFO - Epoch [2][250/1652]	lr: 1.000e-03, eta: 2:52:15, time: 0.584, data_time: 0.044, memory: 4729, bbox_loss: 0.4721, cls_loss: 0.3025, loss: 0.7747, grad_norm: 3.8103
2026-06-04 18:30:35,515 - mmdet - INFO - Epoch [2][300/1652]	lr: 1.000e-03, eta: 2:51:54, time: 0.594, data_time: 0.045, memory: 4729, bbox_loss: 0.4635, cls_loss: 0.2887, loss: 0.7523, grad_norm: 4.2354
2026-06-04 18:31:05,501 - mmdet - INFO - Epoch [2][350/1652]	lr: 1.000e-03, eta: 2:51:36, time: 0.600, data_time: 0.044, memory: 4729, bbox_loss: 0.4731, cls_loss: 0.2998, loss: 0.7729, grad_norm: 4.5416
2026-06-04 18:31:34,406 - mmdet - INFO - Epoch [2][400/1652]	lr: 1.000e-03, eta: 2:51:07, time: 0.578, data_time: 0.043, memory: 4729, bbox_loss: 0.4708, cls_loss: 0.3013, loss: 0.7720, grad_norm: 4.0108
2026-06-04 18:32:03,358 - mmdet - INFO - Epoch [2][450/1652]	lr: 1.000e-03, eta: 2:50:38, time: 0.579, data_time: 0.042, memory: 4729, bbox_loss: 0.4647, cls_loss: 0.2928, loss: 0.7575, grad_norm: 3.9822
2026-06-04 18:32:33,081 - mmdet - INFO - Epoch [2][500/1652]	lr: 1.000e-03, eta: 2:50:16, time: 0.594, data_time: 0.043, memory: 4729, bbox_loss: 0.4620, cls_loss: 0.2935, loss: 0.7555, grad_norm: 4.6451
2026-06-04 18:33:02,165 - mmdet - INFO - Epoch [2][550/1652]	lr: 1.000e-03, eta: 2:49:49, time: 0.582, data_time: 0.043, memory: 4729, bbox_loss: 0.4516, cls_loss: 0.2839, loss: 0.7355, grad_norm: 4.3126
2026-06-04 18:33:31,662 - mmdet - INFO - Epoch [2][600/1652]	lr: 1.000e-03, eta: 2:49:25, time: 0.590, data_time: 0.043, memory: 4729, bbox_loss: 0.4703, cls_loss: 0.3065, loss: 0.7768, grad_norm: 3.9227
2026-06-04 18:34:01,237 - mmdet - INFO - Epoch [2][650/1652]	lr: 1.000e-03, eta: 2:49:01, time: 0.591, data_time: 0.043, memory: 4729, bbox_loss: 0.4622, cls_loss: 0.2938, loss: 0.7561, grad_norm: 3.7498
2026-06-04 18:34:30,889 - mmdet - INFO - Epoch [2][700/1652]	lr: 1.000e-03, eta: 2:48:37, time: 0.593, data_time: 0.044, memory: 4729, bbox_loss: 0.4618, cls_loss: 0.2927, loss: 0.7545, grad_norm: 4.3161
2026-06-04 18:35:00,746 - mmdet - INFO - Epoch [2][750/1652]	lr: 1.000e-03, eta: 2:48:15, time: 0.597, data_time: 0.044, memory: 4729, bbox_loss: 0.4614, cls_loss: 0.2920, loss: 0.7534, grad_norm: 3.9744
2026-06-04 18:35:28,424 - mmdet - INFO - Epoch [2][800/1652]	lr: 1.000e-03, eta: 2:47:36, time: 0.554, data_time: 0.044, memory: 4729, bbox_loss: 0.4620, cls_loss: 0.2808, loss: 0.7429, grad_norm: 3.8696
2026-06-04 18:35:56,215 - mmdet - INFO - Epoch [2][850/1652]	lr: 1.000e-03, eta: 2:46:59, time: 0.556, data_time: 0.043, memory: 4729, bbox_loss: 0.4634, cls_loss: 0.2983, loss: 0.7618, grad_norm: 3.8815
2026-06-04 18:36:24,104 - mmdet - INFO - Epoch [2][900/1652]	lr: 1.000e-03, eta: 2:46:24, time: 0.558, data_time: 0.041, memory: 4729, bbox_loss: 0.4615, cls_loss: 0.2948, loss: 0.7564, grad_norm: 3.8437
2026-06-04 18:36:52,082 - mmdet - INFO - Epoch [2][950/1652]	lr: 1.000e-03, eta: 2:45:49, time: 0.560, data_time: 0.042, memory: 4729, bbox_loss: 0.4583, cls_loss: 0.2796, loss: 0.7379, grad_norm: 3.8313
2026-06-04 18:37:20,038 - mmdet - INFO - Epoch [2][1000/1652]	lr: 1.000e-03, eta: 2:45:14, time: 0.559, data_time: 0.042, memory: 4729, bbox_loss: 0.4538, cls_loss: 0.2815, loss: 0.7353, grad_norm: 3.5929
2026-06-04 18:37:47,780 - mmdet - INFO - Epoch [2][1050/1652]	lr: 1.000e-03, eta: 2:44:38, time: 0.555, data_time: 0.041, memory: 4729, bbox_loss: 0.4585, cls_loss: 0.2895, loss: 0.7480, grad_norm: 3.6640
2026-06-04 18:38:16,326 - mmdet - INFO - Epoch [2][1100/1652]	lr: 1.000e-03, eta: 2:44:07, time: 0.571, data_time: 0.042, memory: 4729, bbox_loss: 0.4642, cls_loss: 0.2825, loss: 0.7467, grad_norm: 3.4879
2026-06-04 18:38:46,098 - mmdet - INFO - Epoch [2][1150/1652]	lr: 1.000e-03, eta: 2:43:44, time: 0.595, data_time: 0.043, memory: 4729, bbox_loss: 0.4600, cls_loss: 0.2831, loss: 0.7431, grad_norm: 3.3199
2026-06-04 18:39:15,547 - mmdet - INFO - Epoch [2][1200/1652]	lr: 1.000e-03, eta: 2:43:18, time: 0.589, data_time: 0.043, memory: 4729, bbox_loss: 0.4519, cls_loss: 0.2833, loss: 0.7352, grad_norm: 3.6945
2026-06-04 18:39:45,359 - mmdet - INFO - Epoch [2][1250/1652]	lr: 1.000e-03, eta: 2:42:55, time: 0.596, data_time: 0.044, memory: 4729, bbox_loss: 0.4498, cls_loss: 0.2739, loss: 0.7237, grad_norm: 3.6805
2026-06-04 18:40:15,077 - mmdet - INFO - Epoch [2][1300/1652]	lr: 1.000e-03, eta: 2:42:31, time: 0.594, data_time: 0.043, memory: 4729, bbox_loss: 0.4442, cls_loss: 0.2863, loss: 0.7305, grad_norm: 3.0718
2026-06-04 18:40:44,734 - mmdet - INFO - Epoch [2][1350/1652]	lr: 1.000e-03, eta: 2:42:06, time: 0.593, data_time: 0.044, memory: 4729, bbox_loss: 0.4498, cls_loss: 0.2721, loss: 0.7219, grad_norm: 3.5197
2026-06-04 18:41:14,240 - mmdet - INFO - Epoch [2][1400/1652]	lr: 1.000e-03, eta: 2:41:41, time: 0.590, data_time: 0.043, memory: 4729, bbox_loss: 0.4512, cls_loss: 0.2799, loss: 0.7310, grad_norm: 3.3391
2026-06-04 18:41:44,015 - mmdet - INFO - Epoch [2][1450/1652]	lr: 1.000e-03, eta: 2:41:16, time: 0.595, data_time: 0.045, memory: 4729, bbox_loss: 0.4447, cls_loss: 0.2723, loss: 0.7170, grad_norm: 3.3364
2026-06-04 18:42:12,908 - mmdet - INFO - Epoch [2][1500/1652]	lr: 1.000e-03, eta: 2:40:47, time: 0.578, data_time: 0.042, memory: 4729, bbox_loss: 0.4516, cls_loss: 0.2723, loss: 0.7239, grad_norm: 3.9556
2026-06-04 18:42:41,647 - mmdet - INFO - Epoch [2][1550/1652]	lr: 1.000e-03, eta: 2:40:17, time: 0.575, data_time: 0.043, memory: 4729, bbox_loss: 0.4565, cls_loss: 0.2897, loss: 0.7462, grad_norm: 3.3436
2026-06-04 18:43:09,944 - mmdet - INFO - Epoch [2][1600/1652]	lr: 1.000e-03, eta: 2:39:45, time: 0.566, data_time: 0.044, memory: 4729, bbox_loss: 0.4530, cls_loss: 0.2740, loss: 0.7270, grad_norm: 3.3290
2026-06-04 18:43:38,107 - mmdet - INFO - Epoch [2][1650/1652]	lr: 1.000e-03, eta: 2:39:12, time: 0.563, data_time: 0.043, memory: 4729, bbox_loss: 0.4440, cls_loss: 0.2763, loss: 0.7202, grad_norm: 3.6764
2026-06-04 18:43:39,413 - mmdet - INFO - Saving checkpoint at 2 epochs
2026-06-04 18:44:12,132 - mmdet - INFO - Epoch [3][50/1652]	lr: 1.000e-03, eta: 2:38:51, time: 0.636, data_time: 0.092, memory: 4729, bbox_loss: 0.4461, cls_loss: 0.2761, loss: 0.7222, grad_norm: 3.2804
2026-06-04 18:44:40,954 - mmdet - INFO - Epoch [3][100/1652]	lr: 1.000e-03, eta: 2:38:21, time: 0.576, data_time: 0.043, memory: 4729, bbox_loss: 0.4473, cls_loss: 0.2848, loss: 0.7321, grad_norm: 3.0810
2026-06-04 18:45:09,609 - mmdet - INFO - Epoch [3][150/1652]	lr: 1.000e-03, eta: 2:37:51, time: 0.573, data_time: 0.043, memory: 4729, bbox_loss: 0.4526, cls_loss: 0.2754, loss: 0.7280, grad_norm: 3.5506
2026-06-04 18:45:38,337 - mmdet - INFO - Epoch [3][200/1652]	lr: 1.000e-03, eta: 2:37:21, time: 0.575, data_time: 0.042, memory: 4729, bbox_loss: 0.4438, cls_loss: 0.2643, loss: 0.7081, grad_norm: 3.5225
2026-06-04 18:46:08,406 - mmdet - INFO - Epoch [3][250/1652]	lr: 1.000e-03, eta: 2:36:58, time: 0.601, data_time: 0.043, memory: 4729, bbox_loss: 0.4451, cls_loss: 0.2802, loss: 0.7253, grad_norm: 3.3402
2026-06-04 18:46:38,518 - mmdet - INFO - Epoch [3][300/1652]	lr: 1.000e-03, eta: 2:36:34, time: 0.602, data_time: 0.043, memory: 4729, bbox_loss: 0.4396, cls_loss: 0.2736, loss: 0.7132, grad_norm: 3.2860
2026-06-04 18:47:08,701 - mmdet - INFO - Epoch [3][350/1652]	lr: 1.000e-03, eta: 2:36:10, time: 0.604, data_time: 0.042, memory: 4729, bbox_loss: 0.4347, cls_loss: 0.2650, loss: 0.6997, grad_norm: 3.0650
2026-06-04 18:47:38,355 - mmdet - INFO - Epoch [3][400/1652]	lr: 1.000e-03, eta: 2:35:44, time: 0.593, data_time: 0.044, memory: 4729, bbox_loss: 0.4561, cls_loss: 0.2715, loss: 0.7277, grad_norm: 2.9605
2026-06-04 18:48:07,833 - mmdet - INFO - Epoch [3][450/1652]	lr: 1.000e-03, eta: 2:35:17, time: 0.590, data_time: 0.043, memory: 4729, bbox_loss: 0.4490, cls_loss: 0.2734, loss: 0.7224, grad_norm: 3.3660
2026-06-04 18:48:37,132 - mmdet - INFO - Epoch [3][500/1652]	lr: 1.000e-03, eta: 2:34:50, time: 0.586, data_time: 0.042, memory: 4729, bbox_loss: 0.4364, cls_loss: 0.2737, loss: 0.7101, grad_norm: 3.1617
2026-06-04 18:49:06,596 - mmdet - INFO - Epoch [3][550/1652]	lr: 1.000e-03, eta: 2:34:23, time: 0.589, data_time: 0.045, memory: 4729, bbox_loss: 0.4409, cls_loss: 0.2618, loss: 0.7026, grad_norm: 3.6505
2026-06-04 18:49:35,708 - mmdet - INFO - Epoch [3][600/1652]	lr: 1.000e-03, eta: 2:33:54, time: 0.582, data_time: 0.044, memory: 4729, bbox_loss: 0.4397, cls_loss: 0.2683, loss: 0.7079, grad_norm: 2.8831
2026-06-04 18:50:05,874 - mmdet - INFO - Epoch [3][650/1652]	lr: 1.000e-03, eta: 2:33:30, time: 0.603, data_time: 0.043, memory: 4729, bbox_loss: 0.4308, cls_loss: 0.2643, loss: 0.6951, grad_norm: 3.2478
2026-06-04 18:50:34,971 - mmdet - INFO - Epoch [3][700/1652]	lr: 1.000e-03, eta: 2:33:01, time: 0.582, data_time: 0.045, memory: 4729, bbox_loss: 0.4402, cls_loss: 0.2685, loss: 0.7087, grad_norm: 3.0628
2026-06-04 18:51:04,661 - mmdet - INFO - Epoch [3][750/1652]	lr: 1.000e-03, eta: 2:32:35, time: 0.594, data_time: 0.044, memory: 4729, bbox_loss: 0.4452, cls_loss: 0.2727, loss: 0.7178, grad_norm: 3.2313
2026-06-04 18:51:34,314 - mmdet - INFO - Epoch [3][800/1652]	lr: 1.000e-03, eta: 2:32:08, time: 0.593, data_time: 0.043, memory: 4729, bbox_loss: 0.4417, cls_loss: 0.2747, loss: 0.7165, grad_norm: 3.1528
2026-06-04 18:52:04,189 - mmdet - INFO - Epoch [3][850/1652]	lr: 1.000e-03, eta: 2:31:42, time: 0.598, data_time: 0.044, memory: 4729, bbox_loss: 0.4427, cls_loss: 0.2718, loss: 0.7145, grad_norm: 2.9009
2026-06-04 18:52:33,805 - mmdet - INFO - Epoch [3][900/1652]	lr: 1.000e-03, eta: 2:31:15, time: 0.592, data_time: 0.043, memory: 4729, bbox_loss: 0.4339, cls_loss: 0.2646, loss: 0.6985, grad_norm: 3.1026
2026-06-04 18:53:03,703 - mmdet - INFO - Epoch [3][950/1652]	lr: 1.000e-03, eta: 2:30:49, time: 0.598, data_time: 0.045, memory: 4729, bbox_loss: 0.4445, cls_loss: 0.2670, loss: 0.7116, grad_norm: 3.0279
2026-06-04 18:53:32,829 - mmdet - INFO - Epoch [3][1000/1652]	lr: 1.000e-03, eta: 2:30:20, time: 0.583, data_time: 0.044, memory: 4729, bbox_loss: 0.4295, cls_loss: 0.2639, loss: 0.6934, grad_norm: 3.1942
2026-06-04 18:54:02,742 - mmdet - INFO - Epoch [3][1050/1652]	lr: 1.000e-03, eta: 2:29:54, time: 0.598, data_time: 0.044, memory: 4729, bbox_loss: 0.4363, cls_loss: 0.2732, loss: 0.7096, grad_norm: 3.0598
2026-06-04 18:54:32,721 - mmdet - INFO - Epoch [3][1100/1652]	lr: 1.000e-03, eta: 2:29:29, time: 0.600, data_time: 0.044, memory: 4729, bbox_loss: 0.4333, cls_loss: 0.2691, loss: 0.7024, grad_norm: 3.4300
2026-06-04 18:55:02,101 - mmdet - INFO - Epoch [3][1150/1652]	lr: 1.000e-03, eta: 2:29:00, time: 0.588, data_time: 0.044, memory: 4729, bbox_loss: 0.4340, cls_loss: 0.2650, loss: 0.6990, grad_norm: 3.2926
2026-06-04 18:55:30,398 - mmdet - INFO - Epoch [3][1200/1652]	lr: 1.000e-03, eta: 2:28:29, time: 0.566, data_time: 0.043, memory: 4729, bbox_loss: 0.4269, cls_loss: 0.2652, loss: 0.6922, grad_norm: 2.9479
2026-06-04 18:55:58,791 - mmdet - INFO - Epoch [3][1250/1652]	lr: 1.000e-03, eta: 2:27:57, time: 0.568, data_time: 0.044, memory: 4729, bbox_loss: 0.4326, cls_loss: 0.2680, loss: 0.7006, grad_norm: 2.9634
2026-06-04 18:56:26,907 - mmdet - INFO - Epoch [3][1300/1652]	lr: 1.000e-03, eta: 2:27:25, time: 0.562, data_time: 0.043, memory: 4729, bbox_loss: 0.4282, cls_loss: 0.2637, loss: 0.6919, grad_norm: 3.2705
2026-06-04 18:56:55,420 - mmdet - INFO - Epoch [3][1350/1652]	lr: 1.000e-03, eta: 2:26:54, time: 0.570, data_time: 0.044, memory: 4729, bbox_loss: 0.4348, cls_loss: 0.2625, loss: 0.6973, grad_norm: 3.1411
2026-06-04 18:57:23,419 - mmdet - INFO - Epoch [3][1400/1652]	lr: 1.000e-03, eta: 2:26:22, time: 0.560, data_time: 0.045, memory: 4729, bbox_loss: 0.4221, cls_loss: 0.2595, loss: 0.6815, grad_norm: 3.7856
2026-06-04 18:57:51,131 - mmdet - INFO - Epoch [3][1450/1652]	lr: 1.000e-03, eta: 2:25:49, time: 0.554, data_time: 0.042, memory: 4729, bbox_loss: 0.4291, cls_loss: 0.2572, loss: 0.6863, grad_norm: 2.9982
2026-06-04 18:58:18,860 - mmdet - INFO - Epoch [3][1500/1652]	lr: 1.000e-03, eta: 2:25:15, time: 0.555, data_time: 0.044, memory: 4729, bbox_loss: 0.4208, cls_loss: 0.2524, loss: 0.6732, grad_norm: 2.9562
2026-06-04 18:58:46,578 - mmdet - INFO - Epoch [3][1550/1652]	lr: 1.000e-03, eta: 2:24:42, time: 0.554, data_time: 0.043, memory: 4729, bbox_loss: 0.4289, cls_loss: 0.2641, loss: 0.6930, grad_norm: 2.9944
2026-06-04 18:59:14,334 - mmdet - INFO - Epoch [3][1600/1652]	lr: 1.000e-03, eta: 2:24:10, time: 0.555, data_time: 0.044, memory: 4729, bbox_loss: 0.4202, cls_loss: 0.2654, loss: 0.6856, grad_norm: 2.7855
2026-06-04 18:59:41,620 - mmdet - INFO - Epoch [3][1650/1652]	lr: 1.000e-03, eta: 2:23:36, time: 0.546, data_time: 0.043, memory: 4729, bbox_loss: 0.4310, cls_loss: 0.2732, loss: 0.7043, grad_norm: 2.8483
2026-06-04 18:59:42,825 - mmdet - INFO - Saving checkpoint at 3 epochs
2026-06-04 19:00:15,880 - mmdet - INFO - Epoch [4][50/1652]	lr: 1.000e-03, eta: 2:23:12, time: 0.649, data_time: 0.093, memory: 4729, bbox_loss: 0.4226, cls_loss: 0.2643, loss: 0.6869, grad_norm: 2.9962
2026-06-04 19:00:46,042 - mmdet - INFO - Epoch [4][100/1652]	lr: 1.000e-03, eta: 2:22:47, time: 0.603, data_time: 0.043, memory: 4729, bbox_loss: 0.4283, cls_loss: 0.2636, loss: 0.6919, grad_norm: 2.8007
2026-06-04 19:01:15,607 - mmdet - INFO - Epoch [4][150/1652]	lr: 1.000e-03, eta: 2:22:19, time: 0.591, data_time: 0.043, memory: 4729, bbox_loss: 0.4225, cls_loss: 0.2613, loss: 0.6839, grad_norm: 2.9965
2026-06-04 19:01:45,651 - mmdet - INFO - Epoch [4][200/1652]	lr: 1.000e-03, eta: 2:21:53, time: 0.601, data_time: 0.043, memory: 4729, bbox_loss: 0.4190, cls_loss: 0.2587, loss: 0.6777, grad_norm: 2.8604
2026-06-04 19:02:15,477 - mmdet - INFO - Epoch [4][250/1652]	lr: 1.000e-03, eta: 2:21:27, time: 0.596, data_time: 0.045, memory: 4729, bbox_loss: 0.4242, cls_loss: 0.2651, loss: 0.6893, grad_norm: 3.1452
2026-06-04 19:02:45,411 - mmdet - INFO - Epoch [4][300/1652]	lr: 1.000e-03, eta: 2:21:00, time: 0.599, data_time: 0.044, memory: 4729, bbox_loss: 0.4195, cls_loss: 0.2539, loss: 0.6734, grad_norm: 2.8940
2026-06-04 19:03:15,153 - mmdet - INFO - Epoch [4][350/1652]	lr: 1.000e-03, eta: 2:20:33, time: 0.595, data_time: 0.043, memory: 4729, bbox_loss: 0.4184, cls_loss: 0.2600, loss: 0.6784, grad_norm: 3.0879
2026-06-04 19:03:44,873 - mmdet - INFO - Epoch [4][400/1652]	lr: 1.000e-03, eta: 2:20:06, time: 0.594, data_time: 0.047, memory: 4729, bbox_loss: 0.4295, cls_loss: 0.2624, loss: 0.6919, grad_norm: 3.1545
2026-06-04 19:04:14,359 - mmdet - INFO - Epoch [4][450/1652]	lr: 1.000e-03, eta: 2:19:38, time: 0.590, data_time: 0.043, memory: 4729, bbox_loss: 0.4076, cls_loss: 0.2531, loss: 0.6607, grad_norm: 3.0476
2026-06-04 19:04:42,589 - mmdet - INFO - Epoch [4][500/1652]	lr: 1.000e-03, eta: 2:19:07, time: 0.565, data_time: 0.041, memory: 4729, bbox_loss: 0.4212, cls_loss: 0.2538, loss: 0.6750, grad_norm: 3.1403
2026-06-04 19:05:11,730 - mmdet - INFO - Epoch [4][550/1652]	lr: 1.000e-03, eta: 2:18:38, time: 0.583, data_time: 0.043, memory: 4729, bbox_loss: 0.4158, cls_loss: 0.2487, loss: 0.6645, grad_norm: 2.9662
2026-06-04 19:05:40,083 - mmdet - INFO - Epoch [4][600/1652]	lr: 1.000e-03, eta: 2:18:07, time: 0.567, data_time: 0.044, memory: 4729, bbox_loss: 0.4156, cls_loss: 0.2663, loss: 0.6819, grad_norm: 2.9445
2026-06-04 19:06:09,892 - mmdet - INFO - Epoch [4][650/1652]	lr: 1.000e-03, eta: 2:17:40, time: 0.596, data_time: 0.045, memory: 4729, bbox_loss: 0.4191, cls_loss: 0.2557, loss: 0.6748, grad_norm: 3.1609
2026-06-04 19:06:38,077 - mmdet - INFO - Epoch [4][700/1652]	lr: 1.000e-03, eta: 2:17:09, time: 0.564, data_time: 0.042, memory: 4729, bbox_loss: 0.4168, cls_loss: 0.2566, loss: 0.6733, grad_norm: 2.6806
2026-06-04 19:07:07,020 - mmdet - INFO - Epoch [4][750/1652]	lr: 1.000e-03, eta: 2:16:39, time: 0.579, data_time: 0.043, memory: 4729, bbox_loss: 0.4255, cls_loss: 0.2625, loss: 0.6880, grad_norm: 2.9364
2026-06-04 19:07:35,026 - mmdet - INFO - Epoch [4][800/1652]	lr: 1.000e-03, eta: 2:16:08, time: 0.560, data_time: 0.044, memory: 4729, bbox_loss: 0.4169, cls_loss: 0.2705, loss: 0.6875, grad_norm: 3.2736
2026-06-04 19:08:03,318 - mmdet - INFO - Epoch [4][850/1652]	lr: 1.000e-03, eta: 2:15:37, time: 0.566, data_time: 0.044, memory: 4729, bbox_loss: 0.4090, cls_loss: 0.2498, loss: 0.6589, grad_norm: 3.2752
2026-06-04 19:08:30,968 - mmdet - INFO - Epoch [4][900/1652]	lr: 1.000e-03, eta: 2:15:05, time: 0.553, data_time: 0.043, memory: 4729, bbox_loss: 0.4154, cls_loss: 0.2622, loss: 0.6776, grad_norm: 3.1160
2026-06-04 19:08:59,075 - mmdet - INFO - Epoch [4][950/1652]	lr: 1.000e-03, eta: 2:14:33, time: 0.562, data_time: 0.042, memory: 4729, bbox_loss: 0.4022, cls_loss: 0.2473, loss: 0.6496, grad_norm: 3.0002
2026-06-04 19:09:27,219 - mmdet - INFO - Epoch [4][1000/1652]	lr: 1.000e-03, eta: 2:14:02, time: 0.563, data_time: 0.041, memory: 4729, bbox_loss: 0.4118, cls_loss: 0.2481, loss: 0.6599, grad_norm: 2.9899
2026-06-04 19:09:55,337 - mmdet - INFO - Epoch [4][1050/1652]	lr: 1.000e-03, eta: 2:13:31, time: 0.562, data_time: 0.042, memory: 4729, bbox_loss: 0.4135, cls_loss: 0.2597, loss: 0.6732, grad_norm: 2.7013
2026-06-04 19:10:24,360 - mmdet - INFO - Epoch [4][1100/1652]	lr: 1.000e-03, eta: 2:13:02, time: 0.580, data_time: 0.049, memory: 4729, bbox_loss: 0.4075, cls_loss: 0.2557, loss: 0.6633, grad_norm: 2.6222
2026-06-04 19:10:52,185 - mmdet - INFO - Epoch [4][1150/1652]	lr: 1.000e-03, eta: 2:12:31, time: 0.556, data_time: 0.044, memory: 4729, bbox_loss: 0.4131, cls_loss: 0.2485, loss: 0.6616, grad_norm: 3.0332
2026-06-04 19:11:19,769 - mmdet - INFO - Epoch [4][1200/1652]	lr: 1.000e-03, eta: 2:11:59, time: 0.552, data_time: 0.043, memory: 4729, bbox_loss: 0.3986, cls_loss: 0.2494, loss: 0.6481, grad_norm: 2.6837
2026-06-04 19:11:47,927 - mmdet - INFO - Epoch [4][1250/1652]	lr: 1.000e-03, eta: 2:11:28, time: 0.563, data_time: 0.044, memory: 4729, bbox_loss: 0.4031, cls_loss: 0.2461, loss: 0.6491, grad_norm: 2.9842
2026-06-04 19:12:15,785 - mmdet - INFO - Epoch [4][1300/1652]	lr: 1.000e-03, eta: 2:10:57, time: 0.557, data_time: 0.045, memory: 4729, bbox_loss: 0.4112, cls_loss: 0.2506, loss: 0.6618, grad_norm: 2.7240
2026-06-04 19:12:43,690 - mmdet - INFO - Epoch [4][1350/1652]	lr: 1.000e-03, eta: 2:10:25, time: 0.558, data_time: 0.044, memory: 4729, bbox_loss: 0.4112, cls_loss: 0.2517, loss: 0.6629, grad_norm: 2.9082
2026-06-04 19:13:11,972 - mmdet - INFO - Epoch [4][1400/1652]	lr: 1.000e-03, eta: 2:09:55, time: 0.566, data_time: 0.046, memory: 4729, bbox_loss: 0.4061, cls_loss: 0.2577, loss: 0.6638, grad_norm: 2.9409
2026-06-04 19:13:40,189 - mmdet - INFO - Epoch [4][1450/1652]	lr: 1.000e-03, eta: 2:09:25, time: 0.564, data_time: 0.042, memory: 4729, bbox_loss: 0.4104, cls_loss: 0.2573, loss: 0.6678, grad_norm: 2.8123
2026-06-04 19:14:08,103 - mmdet - INFO - Epoch [4][1500/1652]	lr: 1.000e-03, eta: 2:08:54, time: 0.558, data_time: 0.044, memory: 4729, bbox_loss: 0.4119, cls_loss: 0.2519, loss: 0.6638, grad_norm: 2.7245
2026-06-04 19:14:35,840 - mmdet - INFO - Epoch [4][1550/1652]	lr: 1.000e-03, eta: 2:08:22, time: 0.555, data_time: 0.043, memory: 4729, bbox_loss: 0.4106, cls_loss: 0.2537, loss: 0.6644, grad_norm: 2.4835
2026-06-04 19:15:03,816 - mmdet - INFO - Epoch [4][1600/1652]	lr: 1.000e-03, eta: 2:07:51, time: 0.560, data_time: 0.044, memory: 4729, bbox_loss: 0.3998, cls_loss: 0.2388, loss: 0.6386, grad_norm: 2.7553
2026-06-04 19:15:31,614 - mmdet - INFO - Epoch [4][1650/1652]	lr: 1.000e-03, eta: 2:07:20, time: 0.556, data_time: 0.042, memory: 4729, bbox_loss: 0.4065, cls_loss: 0.2508, loss: 0.6573, grad_norm: 2.5648
2026-06-04 19:15:32,815 - mmdet - INFO - Saving checkpoint at 4 epochs
2026-06-04 19:16:05,788 - mmdet - INFO - Epoch [5][50/1652]	lr: 1.000e-03, eta: 2:06:55, time: 0.648, data_time: 0.094, memory: 4729, bbox_loss: 0.4043, cls_loss: 0.2433, loss: 0.6476, grad_norm: 2.7157
2026-06-04 19:16:34,642 - mmdet - INFO - Epoch [5][100/1652]	lr: 1.000e-03, eta: 2:06:26, time: 0.577, data_time: 0.044, memory: 4729, bbox_loss: 0.4088, cls_loss: 0.2468, loss: 0.6556, grad_norm: 3.0999
2026-06-04 19:17:02,255 - mmdet - INFO - Epoch [5][150/1652]	lr: 1.000e-03, eta: 2:05:54, time: 0.552, data_time: 0.043, memory: 4729, bbox_loss: 0.3998, cls_loss: 0.2476, loss: 0.6473, grad_norm: 2.7461
2026-06-04 19:17:30,565 - mmdet - INFO - Epoch [5][200/1652]	lr: 1.000e-03, eta: 2:05:24, time: 0.566, data_time: 0.043, memory: 4729, bbox_loss: 0.4055, cls_loss: 0.2498, loss: 0.6553, grad_norm: 2.6824
2026-06-04 19:17:58,446 - mmdet - INFO - Epoch [5][250/1652]	lr: 1.000e-03, eta: 2:04:53, time: 0.558, data_time: 0.042, memory: 4729, bbox_loss: 0.4025, cls_loss: 0.2510, loss: 0.6535, grad_norm: 2.4945
2026-06-04 19:18:26,276 - mmdet - INFO - Epoch [5][300/1652]	lr: 1.000e-03, eta: 2:04:23, time: 0.557, data_time: 0.043, memory: 4729, bbox_loss: 0.3972, cls_loss: 0.2439, loss: 0.6411, grad_norm: 2.6738
2026-06-04 19:18:54,159 - mmdet - INFO - Epoch [5][350/1652]	lr: 1.000e-03, eta: 2:03:52, time: 0.558, data_time: 0.043, memory: 4729, bbox_loss: 0.3981, cls_loss: 0.2466, loss: 0.6446, grad_norm: 2.7602
2026-06-04 19:19:21,835 - mmdet - INFO - Epoch [5][400/1652]	lr: 1.000e-03, eta: 2:03:21, time: 0.554, data_time: 0.043, memory: 4729, bbox_loss: 0.4175, cls_loss: 0.2411, loss: 0.6587, grad_norm: 2.3953
2026-06-04 19:19:49,748 - mmdet - INFO - Epoch [5][450/1652]	lr: 1.000e-03, eta: 2:02:50, time: 0.558, data_time: 0.044, memory: 4729, bbox_loss: 0.4001, cls_loss: 0.2446, loss: 0.6447, grad_norm: 2.4655
2026-06-04 19:20:17,793 - mmdet - INFO - Epoch [5][500/1652]	lr: 1.000e-03, eta: 2:02:20, time: 0.561, data_time: 0.043, memory: 4729, bbox_loss: 0.4051, cls_loss: 0.2509, loss: 0.6561, grad_norm: 2.5515
2026-06-04 19:20:45,581 - mmdet - INFO - Epoch [5][550/1652]	lr: 1.000e-03, eta: 2:01:49, time: 0.556, data_time: 0.043, memory: 4729, bbox_loss: 0.4001, cls_loss: 0.2502, loss: 0.6502, grad_norm: 2.6361
2026-06-04 19:21:13,330 - mmdet - INFO - Epoch [5][600/1652]	lr: 1.000e-03, eta: 2:01:18, time: 0.555, data_time: 0.042, memory: 4729, bbox_loss: 0.4012, cls_loss: 0.2525, loss: 0.6536, grad_norm: 2.7852
2026-06-04 19:21:41,385 - mmdet - INFO - Epoch [5][650/1652]	lr: 1.000e-03, eta: 2:00:48, time: 0.561, data_time: 0.041, memory: 4729, bbox_loss: 0.4014, cls_loss: 0.2547, loss: 0.6561, grad_norm: 2.8046
2026-06-04 19:22:09,559 - mmdet - INFO - Epoch [5][700/1652]	lr: 1.000e-03, eta: 2:00:18, time: 0.563, data_time: 0.042, memory: 4729, bbox_loss: 0.3975, cls_loss: 0.2432, loss: 0.6407, grad_norm: 2.6892
2026-06-04 19:22:37,564 - mmdet - INFO - Epoch [5][750/1652]	lr: 1.000e-03, eta: 1:59:48, time: 0.560, data_time: 0.043, memory: 4729, bbox_loss: 0.4042, cls_loss: 0.2464, loss: 0.6506, grad_norm: 2.3442
2026-06-04 19:23:07,279 - mmdet - INFO - Epoch [5][800/1652]	lr: 1.000e-03, eta: 1:59:20, time: 0.594, data_time: 0.044, memory: 4729, bbox_loss: 0.4074, cls_loss: 0.2518, loss: 0.6591, grad_norm: 2.5487
2026-06-04 19:23:36,350 - mmdet - INFO - Epoch [5][850/1652]	lr: 1.000e-03, eta: 1:58:52, time: 0.581, data_time: 0.042, memory: 4729, bbox_loss: 0.3872, cls_loss: 0.2393, loss: 0.6265, grad_norm: 2.6656
2026-06-04 19:24:06,117 - mmdet - INFO - Epoch [5][900/1652]	lr: 1.000e-03, eta: 1:58:25, time: 0.595, data_time: 0.043, memory: 4729, bbox_loss: 0.4037, cls_loss: 0.2528, loss: 0.6565, grad_norm: 2.5860
2026-06-04 19:24:36,083 - mmdet - INFO - Epoch [5][950/1652]	lr: 1.000e-03, eta: 1:57:58, time: 0.599, data_time: 0.044, memory: 4729, bbox_loss: 0.3987, cls_loss: 0.2439, loss: 0.6427, grad_norm: 2.5893
2026-06-04 19:25:05,514 - mmdet - INFO - Epoch [5][1000/1652]	lr: 1.000e-03, eta: 1:57:30, time: 0.589, data_time: 0.043, memory: 4729, bbox_loss: 0.3924, cls_loss: 0.2362, loss: 0.6287, grad_norm: 2.9734
2026-06-04 19:25:34,785 - mmdet - INFO - Epoch [5][1050/1652]	lr: 1.000e-03, eta: 1:57:01, time: 0.585, data_time: 0.044, memory: 4729, bbox_loss: 0.4003, cls_loss: 0.2440, loss: 0.6443, grad_norm: 2.5890
2026-06-04 19:26:05,065 - mmdet - INFO - Epoch [5][1100/1652]	lr: 1.000e-03, eta: 1:56:35, time: 0.606, data_time: 0.043, memory: 4729, bbox_loss: 0.3933, cls_loss: 0.2413, loss: 0.6345, grad_norm: 2.4762
2026-06-04 19:26:34,549 - mmdet - INFO - Epoch [5][1150/1652]	lr: 1.000e-03, eta: 1:56:07, time: 0.590, data_time: 0.043, memory: 4729, bbox_loss: 0.4077, cls_loss: 0.2351, loss: 0.6428, grad_norm: 2.7786
2026-06-04 19:27:03,662 - mmdet - INFO - Epoch [5][1200/1652]	lr: 1.000e-03, eta: 1:55:38, time: 0.582, data_time: 0.044, memory: 4729, bbox_loss: 0.4054, cls_loss: 0.2474, loss: 0.6528, grad_norm: 2.2727
2026-06-04 19:27:32,097 - mmdet - INFO - Epoch [5][1250/1652]	lr: 1.000e-03, eta: 1:55:09, time: 0.569, data_time: 0.043, memory: 4729, bbox_loss: 0.3955, cls_loss: 0.2436, loss: 0.6391, grad_norm: 2.6765
2026-06-04 19:28:00,239 - mmdet - INFO - Epoch [5][1300/1652]	lr: 1.000e-03, eta: 1:54:39, time: 0.563, data_time: 0.042, memory: 4729, bbox_loss: 0.3978, cls_loss: 0.2485, loss: 0.6463, grad_norm: 2.3761
2026-06-04 19:28:28,001 - mmdet - INFO - Epoch [5][1350/1652]	lr: 1.000e-03, eta: 1:54:08, time: 0.555, data_time: 0.043, memory: 4729, bbox_loss: 0.3998, cls_loss: 0.2346, loss: 0.6344, grad_norm: 2.5002
2026-06-04 19:28:56,174 - mmdet - INFO - Epoch [5][1400/1652]	lr: 1.000e-03, eta: 1:53:38, time: 0.563, data_time: 0.043, memory: 4729, bbox_loss: 0.3910, cls_loss: 0.2386, loss: 0.6296, grad_norm: 2.6613
2026-06-04 19:29:24,351 - mmdet - INFO - Epoch [5][1450/1652]	lr: 1.000e-03, eta: 1:53:09, time: 0.564, data_time: 0.042, memory: 4729, bbox_loss: 0.3985, cls_loss: 0.2470, loss: 0.6455, grad_norm: 2.4396
2026-06-04 19:29:52,329 - mmdet - INFO - Epoch [5][1500/1652]	lr: 1.000e-03, eta: 1:52:39, time: 0.560, data_time: 0.042, memory: 4729, bbox_loss: 0.4056, cls_loss: 0.2512, loss: 0.6568, grad_norm: 2.3791
2026-06-04 19:30:20,305 - mmdet - INFO - Epoch [5][1550/1652]	lr: 1.000e-03, eta: 1:52:08, time: 0.560, data_time: 0.043, memory: 4729, bbox_loss: 0.3878, cls_loss: 0.2325, loss: 0.6204, grad_norm: 2.6117
2026-06-04 19:30:48,274 - mmdet - INFO - Epoch [5][1600/1652]	lr: 1.000e-03, eta: 1:51:38, time: 0.559, data_time: 0.043, memory: 4729, bbox_loss: 0.3970, cls_loss: 0.2443, loss: 0.6413, grad_norm: 2.2842
2026-06-04 19:31:16,525 - mmdet - INFO - Epoch [5][1650/1652]	lr: 1.000e-03, eta: 1:51:09, time: 0.565, data_time: 0.042, memory: 4729, bbox_loss: 0.3921, cls_loss: 0.2437, loss: 0.6358, grad_norm: 2.3759
2026-06-04 19:31:17,738 - mmdet - INFO - Saving checkpoint at 5 epochs
2026-06-04 19:31:48,828 - mmdet - INFO - Epoch [6][50/1652]	lr: 1.000e-03, eta: 1:50:40, time: 0.611, data_time: 0.093, memory: 4729, bbox_loss: 0.3895, cls_loss: 0.2342, loss: 0.6237, grad_norm: 2.2186
2026-06-04 19:32:16,843 - mmdet - INFO - Epoch [6][100/1652]	lr: 1.000e-03, eta: 1:50:10, time: 0.560, data_time: 0.044, memory: 4729, bbox_loss: 0.4037, cls_loss: 0.2431, loss: 0.6468, grad_norm: 2.3274
2026-06-04 19:32:44,976 - mmdet - INFO - Epoch [6][150/1652]	lr: 1.000e-03, eta: 1:49:40, time: 0.563, data_time: 0.047, memory: 4729, bbox_loss: 0.3881, cls_loss: 0.2343, loss: 0.6224, grad_norm: 2.2543
2026-06-04 19:33:14,222 - mmdet - INFO - Epoch [6][200/1652]	lr: 1.000e-03, eta: 1:49:12, time: 0.585, data_time: 0.045, memory: 4729, bbox_loss: 0.3902, cls_loss: 0.2317, loss: 0.6219, grad_norm: 2.5997
2026-06-04 19:33:43,665 - mmdet - INFO - Epoch [6][250/1652]	lr: 1.000e-03, eta: 1:48:44, time: 0.589, data_time: 0.044, memory: 4729, bbox_loss: 0.3945, cls_loss: 0.2361, loss: 0.6306, grad_norm: 2.4599
2026-06-04 19:34:12,294 - mmdet - INFO - Epoch [6][300/1652]	lr: 1.000e-03, eta: 1:48:14, time: 0.573, data_time: 0.043, memory: 4729, bbox_loss: 0.3937, cls_loss: 0.2365, loss: 0.6302, grad_norm: 2.8645
2026-06-04 19:34:40,219 - mmdet - INFO - Epoch [6][350/1652]	lr: 1.000e-03, eta: 1:47:44, time: 0.558, data_time: 0.043, memory: 4729, bbox_loss: 0.3991, cls_loss: 0.2359, loss: 0.6350, grad_norm: 2.4404
2026-06-04 19:35:07,908 - mmdet - INFO - Epoch [6][400/1652]	lr: 1.000e-03, eta: 1:47:14, time: 0.554, data_time: 0.043, memory: 4729, bbox_loss: 0.3853, cls_loss: 0.2280, loss: 0.6133, grad_norm: 2.6883
2026-06-04 19:35:36,046 - mmdet - INFO - Epoch [6][450/1652]	lr: 1.000e-03, eta: 1:46:44, time: 0.563, data_time: 0.043, memory: 4729, bbox_loss: 0.3924, cls_loss: 0.2356, loss: 0.6280, grad_norm: 2.4801
2026-06-04 19:36:04,341 - mmdet - INFO - Epoch [6][500/1652]	lr: 1.000e-03, eta: 1:46:15, time: 0.566, data_time: 0.043, memory: 4729, bbox_loss: 0.3977, cls_loss: 0.2483, loss: 0.6460, grad_norm: 2.2240
2026-06-04 19:36:32,099 - mmdet - INFO - Epoch [6][550/1652]	lr: 1.000e-03, eta: 1:45:45, time: 0.555, data_time: 0.043, memory: 4729, bbox_loss: 0.3923, cls_loss: 0.2359, loss: 0.6282, grad_norm: 2.4764
2026-06-04 19:36:59,915 - mmdet - INFO - Epoch [6][600/1652]	lr: 1.000e-03, eta: 1:45:15, time: 0.556, data_time: 0.044, memory: 4729, bbox_loss: 0.3969, cls_loss: 0.2338, loss: 0.6308, grad_norm: 2.2020
2026-06-04 19:37:27,593 - mmdet - INFO - Epoch [6][650/1652]	lr: 1.000e-03, eta: 1:44:45, time: 0.554, data_time: 0.044, memory: 4729, bbox_loss: 0.3919, cls_loss: 0.2356, loss: 0.6275, grad_norm: 2.4559
2026-06-04 19:37:54,995 - mmdet - INFO - Epoch [6][700/1652]	lr: 1.000e-03, eta: 1:44:14, time: 0.548, data_time: 0.043, memory: 4729, bbox_loss: 0.3941, cls_loss: 0.2376, loss: 0.6317, grad_norm: 2.6683
2026-06-04 19:38:23,586 - mmdet - INFO - Epoch [6][750/1652]	lr: 1.000e-03, eta: 1:43:45, time: 0.572, data_time: 0.043, memory: 4729, bbox_loss: 0.3929, cls_loss: 0.2401, loss: 0.6329, grad_norm: 2.4618
2026-06-04 19:38:51,508 - mmdet - INFO - Epoch [6][800/1652]	lr: 1.000e-03, eta: 1:43:15, time: 0.558, data_time: 0.042, memory: 4729, bbox_loss: 0.3875, cls_loss: 0.2381, loss: 0.6256, grad_norm: 2.1022
2026-06-04 19:39:19,606 - mmdet - INFO - Epoch [6][850/1652]	lr: 1.000e-03, eta: 1:42:46, time: 0.562, data_time: 0.042, memory: 4729, bbox_loss: 0.3949, cls_loss: 0.2338, loss: 0.6287, grad_norm: 2.5038
2026-06-04 19:39:47,302 - mmdet - INFO - Epoch [6][900/1652]	lr: 1.000e-03, eta: 1:42:16, time: 0.554, data_time: 0.044, memory: 4729, bbox_loss: 0.3946, cls_loss: 0.2381, loss: 0.6326, grad_norm: 2.2854
2026-06-04 19:40:15,370 - mmdet - INFO - Epoch [6][950/1652]	lr: 1.000e-03, eta: 1:41:46, time: 0.561, data_time: 0.043, memory: 4729, bbox_loss: 0.3854, cls_loss: 0.2268, loss: 0.6122, grad_norm: 2.6143
2026-06-04 19:40:43,443 - mmdet - INFO - Epoch [6][1000/1652]	lr: 1.000e-03, eta: 1:41:17, time: 0.561, data_time: 0.043, memory: 4729, bbox_loss: 0.3840, cls_loss: 0.2286, loss: 0.6126, grad_norm: 2.3307
2026-06-04 19:41:11,639 - mmdet - INFO - Epoch [6][1050/1652]	lr: 1.000e-03, eta: 1:40:47, time: 0.564, data_time: 0.043, memory: 4729, bbox_loss: 0.3961, cls_loss: 0.2441, loss: 0.6402, grad_norm: 2.0621
2026-06-04 19:41:40,206 - mmdet - INFO - Epoch [6][1100/1652]	lr: 1.000e-03, eta: 1:40:18, time: 0.571, data_time: 0.044, memory: 4729, bbox_loss: 0.3964, cls_loss: 0.2406, loss: 0.6370, grad_norm: 2.5030
2026-06-04 19:42:08,086 - mmdet - INFO - Epoch [6][1150/1652]	lr: 1.000e-03, eta: 1:39:48, time: 0.558, data_time: 0.043, memory: 4729, bbox_loss: 0.3958, cls_loss: 0.2361, loss: 0.6319, grad_norm: 2.3679
2026-06-04 19:42:36,109 - mmdet - INFO - Epoch [6][1200/1652]	lr: 1.000e-03, eta: 1:39:19, time: 0.560, data_time: 0.043, memory: 4729, bbox_loss: 0.3896, cls_loss: 0.2416, loss: 0.6311, grad_norm: 2.2561
2026-06-04 19:43:04,397 - mmdet - INFO - Epoch [6][1250/1652]	lr: 1.000e-03, eta: 1:38:50, time: 0.566, data_time: 0.042, memory: 4729, bbox_loss: 0.3887, cls_loss: 0.2276, loss: 0.6162, grad_norm: 2.2103
2026-06-04 19:43:32,803 - mmdet - INFO - Epoch [6][1300/1652]	lr: 1.000e-03, eta: 1:38:21, time: 0.568, data_time: 0.044, memory: 4729, bbox_loss: 0.3935, cls_loss: 0.2435, loss: 0.6370, grad_norm: 2.3993
2026-06-04 19:44:01,048 - mmdet - INFO - Epoch [6][1350/1652]	lr: 1.000e-03, eta: 1:37:51, time: 0.565, data_time: 0.043, memory: 4729, bbox_loss: 0.3898, cls_loss: 0.2303, loss: 0.6201, grad_norm: 2.2351
2026-06-04 19:44:29,355 - mmdet - INFO - Epoch [6][1400/1652]	lr: 1.000e-03, eta: 1:37:22, time: 0.566, data_time: 0.043, memory: 4729, bbox_loss: 0.3836, cls_loss: 0.2315, loss: 0.6151, grad_norm: 2.3972
2026-06-04 19:44:57,338 - mmdet - INFO - Epoch [6][1450/1652]	lr: 1.000e-03, eta: 1:36:53, time: 0.560, data_time: 0.043, memory: 4729, bbox_loss: 0.3818, cls_loss: 0.2355, loss: 0.6173, grad_norm: 2.2281
2026-06-04 19:45:25,335 - mmdet - INFO - Epoch [6][1500/1652]	lr: 1.000e-03, eta: 1:36:23, time: 0.560, data_time: 0.043, memory: 4729, bbox_loss: 0.3807, cls_loss: 0.2287, loss: 0.6093, grad_norm: 2.3680
2026-06-04 19:45:53,287 - mmdet - INFO - Epoch [6][1550/1652]	lr: 1.000e-03, eta: 1:35:53, time: 0.559, data_time: 0.044, memory: 4729, bbox_loss: 0.3790, cls_loss: 0.2277, loss: 0.6067, grad_norm: 2.4256
2026-06-04 19:46:21,319 - mmdet - INFO - Epoch [6][1600/1652]	lr: 1.000e-03, eta: 1:35:24, time: 0.561, data_time: 0.043, memory: 4729, bbox_loss: 0.3901, cls_loss: 0.2317, loss: 0.6218, grad_norm: 2.3257
2026-06-04 19:46:49,458 - mmdet - INFO - Epoch [6][1650/1652]	lr: 1.000e-03, eta: 1:34:55, time: 0.563, data_time: 0.043, memory: 4729, bbox_loss: 0.3808, cls_loss: 0.2283, loss: 0.6091, grad_norm: 2.3681
2026-06-04 19:46:50,613 - mmdet - INFO - Saving checkpoint at 6 epochs
2026-06-04 19:47:23,424 - mmdet - INFO - Epoch [7][50/1652]	lr: 1.000e-03, eta: 1:34:27, time: 0.645, data_time: 0.091, memory: 4729, bbox_loss: 0.3844, cls_loss: 0.2367, loss: 0.6211, grad_norm: 2.0034
2026-06-04 19:47:53,394 - mmdet - INFO - Epoch [7][100/1652]	lr: 1.000e-03, eta: 1:34:00, time: 0.599, data_time: 0.043, memory: 4729, bbox_loss: 0.3872, cls_loss: 0.2396, loss: 0.6268, grad_norm: 2.2839
2026-06-04 19:48:22,722 - mmdet - INFO - Epoch [7][150/1652]	lr: 1.000e-03, eta: 1:33:31, time: 0.587, data_time: 0.044, memory: 4729, bbox_loss: 0.3802, cls_loss: 0.2187, loss: 0.5989, grad_norm: 2.4209
2026-06-04 19:48:52,453 - mmdet - INFO - Epoch [7][200/1652]	lr: 1.000e-03, eta: 1:33:04, time: 0.595, data_time: 0.045, memory: 4729, bbox_loss: 0.3828, cls_loss: 0.2262, loss: 0.6090, grad_norm: 2.2858
2026-06-04 19:49:22,045 - mmdet - INFO - Epoch [7][250/1652]	lr: 1.000e-03, eta: 1:32:36, time: 0.592, data_time: 0.043, memory: 4729, bbox_loss: 0.3825, cls_loss: 0.2282, loss: 0.6107, grad_norm: 2.1686
2026-06-04 19:49:51,720 - mmdet - INFO - Epoch [7][300/1652]	lr: 1.000e-03, eta: 1:32:08, time: 0.593, data_time: 0.044, memory: 4729, bbox_loss: 0.3843, cls_loss: 0.2286, loss: 0.6130, grad_norm: 2.4744
2026-06-04 19:50:20,986 - mmdet - INFO - Epoch [7][350/1652]	lr: 1.000e-03, eta: 1:31:40, time: 0.585, data_time: 0.044, memory: 4729, bbox_loss: 0.3756, cls_loss: 0.2258, loss: 0.6014, grad_norm: 2.2716
2026-06-04 19:50:49,278 - mmdet - INFO - Epoch [7][400/1652]	lr: 1.000e-03, eta: 1:31:10, time: 0.566, data_time: 0.043, memory: 4729, bbox_loss: 0.3905, cls_loss: 0.2385, loss: 0.6290, grad_norm: 2.0002
2026-06-04 19:51:17,055 - mmdet - INFO - Epoch [7][450/1652]	lr: 1.000e-03, eta: 1:30:41, time: 0.556, data_time: 0.044, memory: 4729, bbox_loss: 0.3853, cls_loss: 0.2339, loss: 0.6191, grad_norm: 2.1221
2026-06-04 19:51:45,067 - mmdet - INFO - Epoch [7][500/1652]	lr: 1.000e-03, eta: 1:30:11, time: 0.560, data_time: 0.044, memory: 4729, bbox_loss: 0.3794, cls_loss: 0.2246, loss: 0.6040, grad_norm: 2.2292
2026-06-04 19:52:13,408 - mmdet - INFO - Epoch [7][550/1652]	lr: 1.000e-03, eta: 1:29:42, time: 0.567, data_time: 0.042, memory: 4729, bbox_loss: 0.3787, cls_loss: 0.2205, loss: 0.5992, grad_norm: 2.4692
2026-06-04 19:52:43,119 - mmdet - INFO - Epoch [7][600/1652]	lr: 1.000e-03, eta: 1:29:14, time: 0.594, data_time: 0.043, memory: 4729, bbox_loss: 0.3844, cls_loss: 0.2332, loss: 0.6176, grad_norm: 2.2227
2026-06-04 19:53:12,429 - mmdet - INFO - Epoch [7][650/1652]	lr: 1.000e-03, eta: 1:28:46, time: 0.586, data_time: 0.043, memory: 4729, bbox_loss: 0.3822, cls_loss: 0.2283, loss: 0.6105, grad_norm: 2.2512
2026-06-04 19:53:40,802 - mmdet - INFO - Epoch [7][700/1652]	lr: 1.000e-03, eta: 1:28:17, time: 0.567, data_time: 0.043, memory: 4729, bbox_loss: 0.3864, cls_loss: 0.2302, loss: 0.6166, grad_norm: 2.2242
2026-06-04 19:54:10,092 - mmdet - INFO - Epoch [7][750/1652]	lr: 1.000e-03, eta: 1:27:49, time: 0.586, data_time: 0.044, memory: 4729, bbox_loss: 0.3821, cls_loss: 0.2293, loss: 0.6113, grad_norm: 2.0862
2026-06-04 19:54:39,647 - mmdet - INFO - Epoch [7][800/1652]	lr: 1.000e-03, eta: 1:27:21, time: 0.591, data_time: 0.043, memory: 4729, bbox_loss: 0.3872, cls_loss: 0.2278, loss: 0.6150, grad_norm: 2.1994
2026-06-04 19:55:09,711 - mmdet - INFO - Epoch [7][850/1652]	lr: 1.000e-03, eta: 1:26:53, time: 0.601, data_time: 0.043, memory: 4729, bbox_loss: 0.3823, cls_loss: 0.2311, loss: 0.6135, grad_norm: 1.9720
2026-06-04 19:55:38,982 - mmdet - INFO - Epoch [7][900/1652]	lr: 1.000e-03, eta: 1:26:25, time: 0.585, data_time: 0.043, memory: 4729, bbox_loss: 0.3809, cls_loss: 0.2166, loss: 0.5975, grad_norm: 2.1395
2026-06-04 19:56:07,049 - mmdet - INFO - Epoch [7][950/1652]	lr: 1.000e-03, eta: 1:25:55, time: 0.561, data_time: 0.043, memory: 4729, bbox_loss: 0.3832, cls_loss: 0.2262, loss: 0.6094, grad_norm: 2.2326
2026-06-04 19:56:35,289 - mmdet - INFO - Epoch [7][1000/1652]	lr: 1.000e-03, eta: 1:25:26, time: 0.565, data_time: 0.043, memory: 4729, bbox_loss: 0.3793, cls_loss: 0.2228, loss: 0.6021, grad_norm: 2.1219
2026-06-04 19:57:03,057 - mmdet - INFO - Epoch [7][1050/1652]	lr: 1.000e-03, eta: 1:24:56, time: 0.555, data_time: 0.042, memory: 4729, bbox_loss: 0.3834, cls_loss: 0.2276, loss: 0.6111, grad_norm: 2.2690
2026-06-04 19:57:31,427 - mmdet - INFO - Epoch [7][1100/1652]	lr: 1.000e-03, eta: 1:24:27, time: 0.567, data_time: 0.043, memory: 4729, bbox_loss: 0.3910, cls_loss: 0.2373, loss: 0.6283, grad_norm: 35.2271
2026-06-04 19:57:59,581 - mmdet - INFO - Epoch [7][1150/1652]	lr: 1.000e-03, eta: 1:23:58, time: 0.563, data_time: 0.043, memory: 4729, bbox_loss: 0.3865, cls_loss: 0.2375, loss: 0.6240, grad_norm: 2.2055
2026-06-04 19:58:28,019 - mmdet - INFO - Epoch [7][1200/1652]	lr: 1.000e-03, eta: 1:23:29, time: 0.569, data_time: 0.048, memory: 4729, bbox_loss: 0.3806, cls_loss: 0.2247, loss: 0.6053, grad_norm: 2.0589
2026-06-04 19:58:55,953 - mmdet - INFO - Epoch [7][1250/1652]	lr: 1.000e-03, eta: 1:23:00, time: 0.559, data_time: 0.044, memory: 4729, bbox_loss: 0.3832, cls_loss: 0.2316, loss: 0.6148, grad_norm: 2.1171
2026-06-04 19:59:24,115 - mmdet - INFO - Epoch [7][1300/1652]	lr: 1.000e-03, eta: 1:22:31, time: 0.563, data_time: 0.043, memory: 4729, bbox_loss: 0.3707, cls_loss: 0.2190, loss: 0.5897, grad_norm: 1.9888
2026-06-04 19:59:52,184 - mmdet - INFO - Epoch [7][1350/1652]	lr: 1.000e-03, eta: 1:22:01, time: 0.561, data_time: 0.044, memory: 4729, bbox_loss: 0.3782, cls_loss: 0.2213, loss: 0.5995, grad_norm: 2.2231
2026-06-04 20:00:20,531 - mmdet - INFO - Epoch [7][1400/1652]	lr: 1.000e-03, eta: 1:21:32, time: 0.567, data_time: 0.042, memory: 4729, bbox_loss: 0.3780, cls_loss: 0.2213, loss: 0.5994, grad_norm: 2.3466
2026-06-04 20:00:48,363 - mmdet - INFO - Epoch [7][1450/1652]	lr: 1.000e-03, eta: 1:21:03, time: 0.557, data_time: 0.043, memory: 4729, bbox_loss: 0.3875, cls_loss: 0.2343, loss: 0.6218, grad_norm: 2.1510
2026-06-04 20:01:16,304 - mmdet - INFO - Epoch [7][1500/1652]	lr: 1.000e-03, eta: 1:20:34, time: 0.559, data_time: 0.043, memory: 4729, bbox_loss: 0.3821, cls_loss: 0.2209, loss: 0.6030, grad_norm: 2.0890
2026-06-04 20:01:44,795 - mmdet - INFO - Epoch [7][1550/1652]	lr: 1.000e-03, eta: 1:20:05, time: 0.570, data_time: 0.043, memory: 4729, bbox_loss: 0.3881, cls_loss: 0.2288, loss: 0.6168, grad_norm: 2.1915
2026-06-04 20:02:13,744 - mmdet - INFO - Epoch [7][1600/1652]	lr: 1.000e-03, eta: 1:19:36, time: 0.579, data_time: 0.042, memory: 4729, bbox_loss: 0.3832, cls_loss: 0.2282, loss: 0.6114, grad_norm: 1.9244
2026-06-04 20:02:43,699 - mmdet - INFO - Epoch [7][1650/1652]	lr: 1.000e-03, eta: 1:19:08, time: 0.599, data_time: 0.044, memory: 4729, bbox_loss: 0.3840, cls_loss: 0.2254, loss: 0.6094, grad_norm: 1.9503
2026-06-04 20:02:45,070 - mmdet - INFO - Saving checkpoint at 7 epochs
2026-06-04 20:03:18,397 - mmdet - INFO - Epoch [8][50/1652]	lr: 1.000e-03, eta: 1:18:40, time: 0.652, data_time: 0.094, memory: 4729, bbox_loss: 0.3769, cls_loss: 0.2248, loss: 0.6017, grad_norm: 2.0157
2026-06-04 20:03:47,916 - mmdet - INFO - Epoch [8][100/1652]	lr: 1.000e-03, eta: 1:18:12, time: 0.590, data_time: 0.044, memory: 4729, bbox_loss: 0.3730, cls_loss: 0.2165, loss: 0.5895, grad_norm: 2.0425
2026-06-04 20:04:16,876 - mmdet - INFO - Epoch [8][150/1652]	lr: 1.000e-03, eta: 1:17:43, time: 0.579, data_time: 0.042, memory: 4729, bbox_loss: 0.3747, cls_loss: 0.2208, loss: 0.5955, grad_norm: 2.0627
2026-06-04 20:04:46,343 - mmdet - INFO - Epoch [8][200/1652]	lr: 1.000e-03, eta: 1:17:15, time: 0.589, data_time: 0.046, memory: 4729, bbox_loss: 0.3859, cls_loss: 0.2299, loss: 0.6158, grad_norm: 2.3425
2026-06-04 20:05:16,198 - mmdet - INFO - Epoch [8][250/1652]	lr: 1.000e-03, eta: 1:16:47, time: 0.597, data_time: 0.045, memory: 4729, bbox_loss: 0.3828, cls_loss: 0.2206, loss: 0.6034, grad_norm: 1.9658
2026-06-04 20:05:46,489 - mmdet - INFO - Epoch [8][300/1652]	lr: 1.000e-03, eta: 1:16:19, time: 0.606, data_time: 0.044, memory: 4729, bbox_loss: 0.3737, cls_loss: 0.2183, loss: 0.5920, grad_norm: 1.9500
2026-06-04 20:06:16,597 - mmdet - INFO - Epoch [8][350/1652]	lr: 1.000e-03, eta: 1:15:52, time: 0.602, data_time: 0.044, memory: 4729, bbox_loss: 0.3853, cls_loss: 0.2297, loss: 0.6150, grad_norm: 1.8438
2026-06-04 20:06:46,240 - mmdet - INFO - Epoch [8][400/1652]	lr: 1.000e-03, eta: 1:15:23, time: 0.593, data_time: 0.044, memory: 4729, bbox_loss: 0.3864, cls_loss: 0.2254, loss: 0.6119, grad_norm: 2.1038
2026-06-04 20:07:15,608 - mmdet - INFO - Epoch [8][450/1652]	lr: 1.000e-03, eta: 1:14:55, time: 0.587, data_time: 0.044, memory: 4729, bbox_loss: 0.3757, cls_loss: 0.2132, loss: 0.5889, grad_norm: 2.0015
2026-06-04 20:07:45,052 - mmdet - INFO - Epoch [8][500/1652]	lr: 1.000e-03, eta: 1:14:27, time: 0.589, data_time: 0.043, memory: 4729, bbox_loss: 0.3779, cls_loss: 0.2239, loss: 0.6018, grad_norm: 1.8754
2026-06-04 20:08:14,932 - mmdet - INFO - Epoch [8][550/1652]	lr: 1.000e-03, eta: 1:13:58, time: 0.598, data_time: 0.044, memory: 4729, bbox_loss: 0.3797, cls_loss: 0.2201, loss: 0.5998, grad_norm: 1.9525
2026-06-04 20:08:44,358 - mmdet - INFO - Epoch [8][600/1652]	lr: 1.000e-03, eta: 1:13:30, time: 0.588, data_time: 0.042, memory: 4729, bbox_loss: 0.3747, cls_loss: 0.2185, loss: 0.5932, grad_norm: 2.0423
2026-06-04 20:09:14,036 - mmdet - INFO - Epoch [8][650/1652]	lr: 1.000e-03, eta: 1:13:02, time: 0.594, data_time: 0.042, memory: 4729, bbox_loss: 0.3694, cls_loss: 0.2191, loss: 0.5884, grad_norm: 2.2653
2026-06-04 20:09:43,865 - mmdet - INFO - Epoch [8][700/1652]	lr: 1.000e-03, eta: 1:12:34, time: 0.597, data_time: 0.044, memory: 4729, bbox_loss: 0.3771, cls_loss: 0.2199, loss: 0.5970, grad_norm: 1.9344
2026-06-04 20:10:13,108 - mmdet - INFO - Epoch [8][750/1652]	lr: 1.000e-03, eta: 1:12:05, time: 0.585, data_time: 0.044, memory: 4729, bbox_loss: 0.3673, cls_loss: 0.2175, loss: 0.5848, grad_norm: 2.0740
2026-06-04 20:10:42,758 - mmdet - INFO - Epoch [8][800/1652]	lr: 1.000e-03, eta: 1:11:37, time: 0.593, data_time: 0.044, memory: 4729, bbox_loss: 0.3759, cls_loss: 0.2264, loss: 0.6023, grad_norm: 2.0847
2026-06-04 20:11:12,655 - mmdet - INFO - Epoch [8][850/1652]	lr: 1.000e-03, eta: 1:11:09, time: 0.598, data_time: 0.044, memory: 4729, bbox_loss: 0.3801, cls_loss: 0.2239, loss: 0.6040, grad_norm: 2.1647
2026-06-04 20:11:42,468 - mmdet - INFO - Epoch [8][900/1652]	lr: 1.000e-03, eta: 1:10:41, time: 0.596, data_time: 0.046, memory: 4729, bbox_loss: 0.3767, cls_loss: 0.2193, loss: 0.5960, grad_norm: 1.9430
2026-06-04 20:12:12,519 - mmdet - INFO - Epoch [8][950/1652]	lr: 1.000e-03, eta: 1:10:12, time: 0.601, data_time: 0.043, memory: 4729, bbox_loss: 0.3776, cls_loss: 0.2193, loss: 0.5969, grad_norm: 2.2003
2026-06-04 20:12:42,272 - mmdet - INFO - Epoch [8][1000/1652]	lr: 1.000e-03, eta: 1:09:44, time: 0.595, data_time: 0.042, memory: 4729, bbox_loss: 0.3814, cls_loss: 0.2245, loss: 0.6059, grad_norm: 1.8966
2026-06-04 20:13:12,191 - mmdet - INFO - Epoch [8][1050/1652]	lr: 1.000e-03, eta: 1:09:16, time: 0.598, data_time: 0.044, memory: 4729, bbox_loss: 0.3903, cls_loss: 0.2281, loss: 0.6184, grad_norm: 1.8717
2026-06-04 20:13:42,277 - mmdet - INFO - Epoch [8][1100/1652]	lr: 1.000e-03, eta: 1:08:48, time: 0.602, data_time: 0.044, memory: 4729, bbox_loss: 0.3830, cls_loss: 0.2253, loss: 0.6083, grad_norm: 1.9626
2026-06-04 20:14:11,919 - mmdet - INFO - Epoch [8][1150/1652]	lr: 1.000e-03, eta: 1:08:19, time: 0.593, data_time: 0.043, memory: 4729, bbox_loss: 0.3763, cls_loss: 0.2197, loss: 0.5960, grad_norm: 1.9592
2026-06-04 20:14:41,815 - mmdet - INFO - Epoch [8][1200/1652]	lr: 1.000e-03, eta: 1:07:51, time: 0.598, data_time: 0.043, memory: 4729, bbox_loss: 0.3800, cls_loss: 0.2228, loss: 0.6028, grad_norm: 2.1040
2026-06-04 20:15:12,004 - mmdet - INFO - Epoch [8][1250/1652]	lr: 1.000e-03, eta: 1:07:23, time: 0.604, data_time: 0.043, memory: 4729, bbox_loss: 0.3779, cls_loss: 0.2309, loss: 0.6089, grad_norm: 1.8867
2026-06-04 20:15:41,797 - mmdet - INFO - Epoch [8][1300/1652]	lr: 1.000e-03, eta: 1:06:55, time: 0.596, data_time: 0.043, memory: 4729, bbox_loss: 0.3645, cls_loss: 0.2120, loss: 0.5765, grad_norm: 2.0151
2026-06-04 20:16:11,396 - mmdet - INFO - Epoch [8][1350/1652]	lr: 1.000e-03, eta: 1:06:26, time: 0.592, data_time: 0.044, memory: 4729, bbox_loss: 0.3743, cls_loss: 0.2163, loss: 0.5906, grad_norm: 2.1356
2026-06-04 20:16:41,466 - mmdet - INFO - Epoch [8][1400/1652]	lr: 1.000e-03, eta: 1:05:58, time: 0.601, data_time: 0.044, memory: 4729, bbox_loss: 0.3637, cls_loss: 0.2154, loss: 0.5791, grad_norm: 2.0278
2026-06-04 20:17:11,483 - mmdet - INFO - Epoch [8][1450/1652]	lr: 1.000e-03, eta: 1:05:30, time: 0.600, data_time: 0.044, memory: 4729, bbox_loss: 0.3734, cls_loss: 0.2195, loss: 0.5929, grad_norm: 1.9200
2026-06-04 20:17:40,851 - mmdet - INFO - Epoch [8][1500/1652]	lr: 1.000e-03, eta: 1:05:01, time: 0.587, data_time: 0.043, memory: 4729, bbox_loss: 0.3729, cls_loss: 0.2179, loss: 0.5908, grad_norm: 2.0024
2026-06-04 20:18:09,704 - mmdet - INFO - Epoch [8][1550/1652]	lr: 1.000e-03, eta: 1:04:32, time: 0.577, data_time: 0.044, memory: 4729, bbox_loss: 0.3724, cls_loss: 0.2191, loss: 0.5915, grad_norm: 2.0460
2026-06-04 20:18:39,534 - mmdet - INFO - Epoch [8][1600/1652]	lr: 1.000e-03, eta: 1:04:04, time: 0.597, data_time: 0.044, memory: 4729, bbox_loss: 0.3798, cls_loss: 0.2231, loss: 0.6029, grad_norm: 1.9726
2026-06-04 20:19:09,312 - mmdet - INFO - Epoch [8][1650/1652]	lr: 1.000e-03, eta: 1:03:36, time: 0.596, data_time: 0.044, memory: 4729, bbox_loss: 0.3830, cls_loss: 0.2210, loss: 0.6039, grad_norm: 1.9917
2026-06-04 20:19:10,496 - mmdet - INFO - Saving checkpoint at 8 epochs
2026-06-04 20:19:44,254 - mmdet - INFO - Epoch [9][50/1652]	lr: 1.000e-04, eta: 1:03:07, time: 0.660, data_time: 0.094, memory: 4729, bbox_loss: 0.3734, cls_loss: 0.2160, loss: 0.5894, grad_norm: 1.6820
2026-06-04 20:20:14,546 - mmdet - INFO - Epoch [9][100/1652]	lr: 1.000e-04, eta: 1:02:39, time: 0.606, data_time: 0.044, memory: 4729, bbox_loss: 0.3503, cls_loss: 0.2036, loss: 0.5538, grad_norm: 1.5966
2026-06-04 20:20:44,795 - mmdet - INFO - Epoch [9][150/1652]	lr: 1.000e-04, eta: 1:02:11, time: 0.605, data_time: 0.043, memory: 4729, bbox_loss: 0.3636, cls_loss: 0.2171, loss: 0.5807, grad_norm: 1.5260
2026-06-04 20:21:14,380 - mmdet - INFO - Epoch [9][200/1652]	lr: 1.000e-04, eta: 1:01:42, time: 0.592, data_time: 0.043, memory: 4729, bbox_loss: 0.3596, cls_loss: 0.2049, loss: 0.5645, grad_norm: 1.5697
2026-06-04 20:21:43,870 - mmdet - INFO - Epoch [9][250/1652]	lr: 1.000e-04, eta: 1:01:14, time: 0.590, data_time: 0.043, memory: 4729, bbox_loss: 0.3624, cls_loss: 0.2104, loss: 0.5727, grad_norm: 1.5446
2026-06-04 20:22:13,856 - mmdet - INFO - Epoch [9][300/1652]	lr: 1.000e-04, eta: 1:00:45, time: 0.600, data_time: 0.044, memory: 4729, bbox_loss: 0.3668, cls_loss: 0.2117, loss: 0.5785, grad_norm: 1.6320
2026-06-04 20:22:43,263 - mmdet - INFO - Epoch [9][350/1652]	lr: 1.000e-04, eta: 1:00:17, time: 0.588, data_time: 0.044, memory: 4729, bbox_loss: 0.3613, cls_loss: 0.2069, loss: 0.5682, grad_norm: 1.6583
2026-06-04 20:23:11,813 - mmdet - INFO - Epoch [9][400/1652]	lr: 1.000e-04, eta: 0:59:47, time: 0.571, data_time: 0.043, memory: 4729, bbox_loss: 0.3513, cls_loss: 0.2062, loss: 0.5575, grad_norm: 1.5972
2026-06-04 20:23:39,869 - mmdet - INFO - Epoch [9][450/1652]	lr: 1.000e-04, eta: 0:59:18, time: 0.561, data_time: 0.043, memory: 4729, bbox_loss: 0.3530, cls_loss: 0.2042, loss: 0.5572, grad_norm: 1.6497
2026-06-04 20:24:08,148 - mmdet - INFO - Epoch [9][500/1652]	lr: 1.000e-04, eta: 0:58:49, time: 0.566, data_time: 0.043, memory: 4729, bbox_loss: 0.3527, cls_loss: 0.2056, loss: 0.5583, grad_norm: 1.6138
2026-06-04 20:24:36,270 - mmdet - INFO - Epoch [9][550/1652]	lr: 1.000e-04, eta: 0:58:20, time: 0.562, data_time: 0.041, memory: 4729, bbox_loss: 0.3501, cls_loss: 0.2023, loss: 0.5525, grad_norm: 1.6239
2026-06-04 20:25:04,846 - mmdet - INFO - Epoch [9][600/1652]	lr: 1.000e-04, eta: 0:57:51, time: 0.571, data_time: 0.042, memory: 4729, bbox_loss: 0.3565, cls_loss: 0.2057, loss: 0.5623, grad_norm: 1.5676
2026-06-04 20:25:32,764 - mmdet - INFO - Epoch [9][650/1652]	lr: 1.000e-04, eta: 0:57:21, time: 0.558, data_time: 0.042, memory: 4729, bbox_loss: 0.3516, cls_loss: 0.1972, loss: 0.5488, grad_norm: 1.6928
2026-06-04 20:26:00,836 - mmdet - INFO - Epoch [9][700/1652]	lr: 1.000e-04, eta: 0:56:52, time: 0.561, data_time: 0.044, memory: 4729, bbox_loss: 0.3503, cls_loss: 0.1985, loss: 0.5487, grad_norm: 1.6517
2026-06-04 20:26:28,780 - mmdet - INFO - Epoch [9][750/1652]	lr: 1.000e-04, eta: 0:56:23, time: 0.559, data_time: 0.043, memory: 4729, bbox_loss: 0.3522, cls_loss: 0.2029, loss: 0.5551, grad_norm: 1.7811
2026-06-04 20:26:57,345 - mmdet - INFO - Epoch [9][800/1652]	lr: 1.000e-04, eta: 0:55:54, time: 0.571, data_time: 0.044, memory: 4729, bbox_loss: 0.3560, cls_loss: 0.2016, loss: 0.5576, grad_norm: 1.6310
2026-06-04 20:27:25,626 - mmdet - INFO - Epoch [9][850/1652]	lr: 1.000e-04, eta: 0:55:25, time: 0.566, data_time: 0.043, memory: 4729, bbox_loss: 0.3538, cls_loss: 0.2035, loss: 0.5574, grad_norm: 1.6206
2026-06-04 20:27:53,761 - mmdet - INFO - Epoch [9][900/1652]	lr: 1.000e-04, eta: 0:54:56, time: 0.563, data_time: 0.042, memory: 4729, bbox_loss: 0.3479, cls_loss: 0.1977, loss: 0.5456, grad_norm: 1.7454
2026-06-04 20:28:22,386 - mmdet - INFO - Epoch [9][950/1652]	lr: 1.000e-04, eta: 0:54:27, time: 0.573, data_time: 0.044, memory: 4729, bbox_loss: 0.3496, cls_loss: 0.1949, loss: 0.5445, grad_norm: 1.6010
2026-06-04 20:28:50,919 - mmdet - INFO - Epoch [9][1000/1652]	lr: 1.000e-04, eta: 0:53:58, time: 0.571, data_time: 0.045, memory: 4729, bbox_loss: 0.3537, cls_loss: 0.2055, loss: 0.5592, grad_norm: 1.6078
2026-06-04 20:29:19,253 - mmdet - INFO - Epoch [9][1050/1652]	lr: 1.000e-04, eta: 0:53:29, time: 0.567, data_time: 0.042, memory: 4729, bbox_loss: 0.3481, cls_loss: 0.1993, loss: 0.5473, grad_norm: 1.6750
2026-06-04 20:29:47,415 - mmdet - INFO - Epoch [9][1100/1652]	lr: 1.000e-04, eta: 0:52:59, time: 0.563, data_time: 0.043, memory: 4729, bbox_loss: 0.3548, cls_loss: 0.2056, loss: 0.5604, grad_norm: 1.6353
2026-06-04 20:30:15,377 - mmdet - INFO - Epoch [9][1150/1652]	lr: 1.000e-04, eta: 0:52:30, time: 0.559, data_time: 0.043, memory: 4729, bbox_loss: 0.3577, cls_loss: 0.2031, loss: 0.5608, grad_norm: 1.5964
2026-06-04 20:30:43,035 - mmdet - INFO - Epoch [9][1200/1652]	lr: 1.000e-04, eta: 0:52:01, time: 0.553, data_time: 0.041, memory: 4729, bbox_loss: 0.3506, cls_loss: 0.2015, loss: 0.5521, grad_norm: 1.7007
2026-06-04 20:31:11,211 - mmdet - INFO - Epoch [9][1250/1652]	lr: 1.000e-04, eta: 0:51:32, time: 0.564, data_time: 0.041, memory: 4729, bbox_loss: 0.3539, cls_loss: 0.2026, loss: 0.5564, grad_norm: 2.1226
2026-06-04 20:31:39,465 - mmdet - INFO - Epoch [9][1300/1652]	lr: 1.000e-04, eta: 0:51:03, time: 0.565, data_time: 0.043, memory: 4729, bbox_loss: 0.3477, cls_loss: 0.2015, loss: 0.5492, grad_norm: 1.7724
2026-06-04 20:32:07,824 - mmdet - INFO - Epoch [9][1350/1652]	lr: 1.000e-04, eta: 0:50:34, time: 0.567, data_time: 0.044, memory: 4729, bbox_loss: 0.3633, cls_loss: 0.2092, loss: 0.5725, grad_norm: 1.6346
2026-06-04 20:32:35,454 - mmdet - INFO - Epoch [9][1400/1652]	lr: 1.000e-04, eta: 0:50:04, time: 0.553, data_time: 0.042, memory: 4729, bbox_loss: 0.3564, cls_loss: 0.2030, loss: 0.5594, grad_norm: 1.6276
2026-06-04 20:33:04,058 - mmdet - INFO - Epoch [9][1450/1652]	lr: 1.000e-04, eta: 0:49:35, time: 0.572, data_time: 0.044, memory: 4729, bbox_loss: 0.3564, cls_loss: 0.2048, loss: 0.5612, grad_norm: 1.6781
2026-06-04 20:33:32,260 - mmdet - INFO - Epoch [9][1500/1652]	lr: 1.000e-04, eta: 0:49:06, time: 0.564, data_time: 0.043, memory: 4729, bbox_loss: 0.3570, cls_loss: 0.2047, loss: 0.5617, grad_norm: 1.5992
2026-06-04 20:34:00,224 - mmdet - INFO - Epoch [9][1550/1652]	lr: 1.000e-04, eta: 0:48:37, time: 0.559, data_time: 0.044, memory: 4729, bbox_loss: 0.3549, cls_loss: 0.2069, loss: 0.5618, grad_norm: 1.7274
2026-06-04 20:34:28,426 - mmdet - INFO - Epoch [9][1600/1652]	lr: 1.000e-04, eta: 0:48:08, time: 0.564, data_time: 0.044, memory: 4729, bbox_loss: 0.3550, cls_loss: 0.2030, loss: 0.5580, grad_norm: 1.8141
2026-06-04 20:34:56,715 - mmdet - INFO - Epoch [9][1650/1652]	lr: 1.000e-04, eta: 0:47:39, time: 0.566, data_time: 0.042, memory: 4729, bbox_loss: 0.3585, cls_loss: 0.2064, loss: 0.5649, grad_norm: 1.7200
2026-06-04 20:34:57,963 - mmdet - INFO - Saving checkpoint at 9 epochs
2026-06-04 20:35:31,054 - mmdet - INFO - Epoch [10][50/1652]	lr: 1.000e-04, eta: 0:47:10, time: 0.647, data_time: 0.093, memory: 4729, bbox_loss: 0.3527, cls_loss: 0.1984, loss: 0.5511, grad_norm: 1.6895
2026-06-04 20:36:00,987 - mmdet - INFO - Epoch [10][100/1652]	lr: 1.000e-04, eta: 0:46:41, time: 0.599, data_time: 0.043, memory: 4729, bbox_loss: 0.3463, cls_loss: 0.1959, loss: 0.5423, grad_norm: 1.6885
2026-06-04 20:36:30,660 - mmdet - INFO - Epoch [10][150/1652]	lr: 1.000e-04, eta: 0:46:13, time: 0.593, data_time: 0.043, memory: 4729, bbox_loss: 0.3456, cls_loss: 0.1941, loss: 0.5397, grad_norm: 1.6255
2026-06-04 20:37:00,687 - mmdet - INFO - Epoch [10][200/1652]	lr: 1.000e-04, eta: 0:45:44, time: 0.601, data_time: 0.043, memory: 4729, bbox_loss: 0.3496, cls_loss: 0.2015, loss: 0.5511, grad_norm: 1.6844
2026-06-04 20:37:30,053 - mmdet - INFO - Epoch [10][250/1652]	lr: 1.000e-04, eta: 0:45:16, time: 0.587, data_time: 0.044, memory: 4729, bbox_loss: 0.3434, cls_loss: 0.1933, loss: 0.5367, grad_norm: 1.7381
2026-06-04 20:37:59,901 - mmdet - INFO - Epoch [10][300/1652]	lr: 1.000e-04, eta: 0:44:47, time: 0.597, data_time: 0.043, memory: 4729, bbox_loss: 0.3478, cls_loss: 0.1965, loss: 0.5444, grad_norm: 1.8081
2026-06-04 20:38:29,721 - mmdet - INFO - Epoch [10][350/1652]	lr: 1.000e-04, eta: 0:44:19, time: 0.596, data_time: 0.044, memory: 4729, bbox_loss: 0.3560, cls_loss: 0.2122, loss: 0.5682, grad_norm: 1.6524
2026-06-04 20:38:59,198 - mmdet - INFO - Epoch [10][400/1652]	lr: 1.000e-04, eta: 0:43:50, time: 0.590, data_time: 0.042, memory: 4729, bbox_loss: 0.3481, cls_loss: 0.1988, loss: 0.5469, grad_norm: 1.5960
2026-06-04 20:39:28,719 - mmdet - INFO - Epoch [10][450/1652]	lr: 1.000e-04, eta: 0:43:21, time: 0.590, data_time: 0.042, memory: 4729, bbox_loss: 0.3393, cls_loss: 0.1916, loss: 0.5310, grad_norm: 1.7113
2026-06-04 20:39:58,434 - mmdet - INFO - Epoch [10][500/1652]	lr: 1.000e-04, eta: 0:42:53, time: 0.594, data_time: 0.043, memory: 4729, bbox_loss: 0.3530, cls_loss: 0.2001, loss: 0.5531, grad_norm: 1.7184
2026-06-04 20:40:27,863 - mmdet - INFO - Epoch [10][550/1652]	lr: 1.000e-04, eta: 0:42:24, time: 0.589, data_time: 0.043, memory: 4729, bbox_loss: 0.3498, cls_loss: 0.2030, loss: 0.5528, grad_norm: 2.0913
2026-06-04 20:40:58,015 - mmdet - INFO - Epoch [10][600/1652]	lr: 1.000e-04, eta: 0:41:55, time: 0.603, data_time: 0.043, memory: 4729, bbox_loss: 0.3465, cls_loss: 0.1973, loss: 0.5439, grad_norm: 1.7184
2026-06-04 20:41:27,966 - mmdet - INFO - Epoch [10][650/1652]	lr: 1.000e-04, eta: 0:41:27, time: 0.599, data_time: 0.048, memory: 4729, bbox_loss: 0.3549, cls_loss: 0.2043, loss: 0.5592, grad_norm: 1.6667
2026-06-04 20:41:57,990 - mmdet - INFO - Epoch [10][700/1652]	lr: 1.000e-04, eta: 0:40:58, time: 0.600, data_time: 0.043, memory: 4729, bbox_loss: 0.3531, cls_loss: 0.1981, loss: 0.5512, grad_norm: 1.7078
2026-06-04 20:42:28,130 - mmdet - INFO - Epoch [10][750/1652]	lr: 1.000e-04, eta: 0:40:30, time: 0.603, data_time: 0.044, memory: 4729, bbox_loss: 0.3512, cls_loss: 0.2017, loss: 0.5529, grad_norm: 1.6038
2026-06-04 20:42:57,766 - mmdet - INFO - Epoch [10][800/1652]	lr: 1.000e-04, eta: 0:40:01, time: 0.593, data_time: 0.044, memory: 4729, bbox_loss: 0.3623, cls_loss: 0.2091, loss: 0.5714, grad_norm: 1.6945
2026-06-04 20:43:25,577 - mmdet - INFO - Epoch [10][850/1652]	lr: 1.000e-04, eta: 0:39:32, time: 0.556, data_time: 0.043, memory: 4729, bbox_loss: 0.3586, cls_loss: 0.2027, loss: 0.5613, grad_norm: 1.6933
2026-06-04 20:43:53,767 - mmdet - INFO - Epoch [10][900/1652]	lr: 1.000e-04, eta: 0:39:03, time: 0.564, data_time: 0.044, memory: 4729, bbox_loss: 0.3490, cls_loss: 0.1952, loss: 0.5443, grad_norm: 1.5989
2026-06-04 20:44:21,808 - mmdet - INFO - Epoch [10][950/1652]	lr: 1.000e-04, eta: 0:38:34, time: 0.561, data_time: 0.043, memory: 4729, bbox_loss: 0.3482, cls_loss: 0.2042, loss: 0.5524, grad_norm: 1.6372
2026-06-04 20:44:49,829 - mmdet - INFO - Epoch [10][1000/1652]	lr: 1.000e-04, eta: 0:38:05, time: 0.560, data_time: 0.042, memory: 4729, bbox_loss: 0.3382, cls_loss: 0.1942, loss: 0.5324, grad_norm: 1.7041
2026-06-04 20:45:18,259 - mmdet - INFO - Epoch [10][1050/1652]	lr: 1.000e-04, eta: 0:37:36, time: 0.569, data_time: 0.043, memory: 4729, bbox_loss: 0.3527, cls_loss: 0.1982, loss: 0.5509, grad_norm: 1.5692
2026-06-04 20:45:46,731 - mmdet - INFO - Epoch [10][1100/1652]	lr: 1.000e-04, eta: 0:37:07, time: 0.569, data_time: 0.042, memory: 4729, bbox_loss: 0.3525, cls_loss: 0.2050, loss: 0.5575, grad_norm: 1.6113
2026-06-04 20:46:15,026 - mmdet - INFO - Epoch [10][1150/1652]	lr: 1.000e-04, eta: 0:36:38, time: 0.566, data_time: 0.044, memory: 4729, bbox_loss: 0.3522, cls_loss: 0.1970, loss: 0.5493, grad_norm: 1.6311
2026-06-04 20:46:42,834 - mmdet - INFO - Epoch [10][1200/1652]	lr: 1.000e-04, eta: 0:36:08, time: 0.556, data_time: 0.042, memory: 4729, bbox_loss: 0.3581, cls_loss: 0.2007, loss: 0.5588, grad_norm: 1.7020
2026-06-04 20:47:11,072 - mmdet - INFO - Epoch [10][1250/1652]	lr: 1.000e-04, eta: 0:35:39, time: 0.565, data_time: 0.042, memory: 4729, bbox_loss: 0.3498, cls_loss: 0.2047, loss: 0.5544, grad_norm: 1.7689
2026-06-04 20:47:39,453 - mmdet - INFO - Epoch [10][1300/1652]	lr: 1.000e-04, eta: 0:35:10, time: 0.568, data_time: 0.042, memory: 4729, bbox_loss: 0.3484, cls_loss: 0.1984, loss: 0.5467, grad_norm: 1.8082
2026-06-04 20:48:07,903 - mmdet - INFO - Epoch [10][1350/1652]	lr: 1.000e-04, eta: 0:34:41, time: 0.569, data_time: 0.044, memory: 4729, bbox_loss: 0.3406, cls_loss: 0.1924, loss: 0.5331, grad_norm: 1.6130
2026-06-04 20:48:36,310 - mmdet - INFO - Epoch [10][1400/1652]	lr: 1.000e-04, eta: 0:34:12, time: 0.568, data_time: 0.043, memory: 4729, bbox_loss: 0.3527, cls_loss: 0.2017, loss: 0.5545, grad_norm: 1.6046
2026-06-04 20:49:04,527 - mmdet - INFO - Epoch [10][1450/1652]	lr: 1.000e-04, eta: 0:33:43, time: 0.564, data_time: 0.043, memory: 4729, bbox_loss: 0.3447, cls_loss: 0.1941, loss: 0.5388, grad_norm: 1.8213
2026-06-04 20:49:32,522 - mmdet - INFO - Epoch [10][1500/1652]	lr: 1.000e-04, eta: 0:33:14, time: 0.560, data_time: 0.041, memory: 4729, bbox_loss: 0.3514, cls_loss: 0.2011, loss: 0.5525, grad_norm: 1.6971
2026-06-04 20:50:00,899 - mmdet - INFO - Epoch [10][1550/1652]	lr: 1.000e-04, eta: 0:32:45, time: 0.568, data_time: 0.043, memory: 4729, bbox_loss: 0.3453, cls_loss: 0.1988, loss: 0.5441, grad_norm: 1.6509
2026-06-04 20:50:28,687 - mmdet - INFO - Epoch [10][1600/1652]	lr: 1.000e-04, eta: 0:32:16, time: 0.556, data_time: 0.042, memory: 4729, bbox_loss: 0.3517, cls_loss: 0.1989, loss: 0.5507, grad_norm: 1.7867
2026-06-04 20:50:57,529 - mmdet - INFO - Epoch [10][1650/1652]	lr: 1.000e-04, eta: 0:31:48, time: 0.577, data_time: 0.042, memory: 4729, bbox_loss: 0.3578, cls_loss: 0.2020, loss: 0.5597, grad_norm: 1.7075
2026-06-04 20:50:58,705 - mmdet - INFO - Saving checkpoint at 10 epochs
2026-06-04 20:51:31,665 - mmdet - INFO - Epoch [11][50/1652]	lr: 1.000e-04, eta: 0:31:18, time: 0.645, data_time: 0.090, memory: 4729, bbox_loss: 0.3495, cls_loss: 0.2005, loss: 0.5501, grad_norm: 1.6911
2026-06-04 20:51:59,509 - mmdet - INFO - Epoch [11][100/1652]	lr: 1.000e-04, eta: 0:30:49, time: 0.557, data_time: 0.044, memory: 4729, bbox_loss: 0.3586, cls_loss: 0.2040, loss: 0.5626, grad_norm: 1.6776
2026-06-04 20:52:27,671 - mmdet - INFO - Epoch [11][150/1652]	lr: 1.000e-04, eta: 0:30:20, time: 0.563, data_time: 0.042, memory: 4729, bbox_loss: 0.3483, cls_loss: 0.1964, loss: 0.5447, grad_norm: 1.6936
2026-06-04 20:52:56,472 - mmdet - INFO - Epoch [11][200/1652]	lr: 1.000e-04, eta: 0:29:51, time: 0.576, data_time: 0.043, memory: 4729, bbox_loss: 0.3483, cls_loss: 0.1951, loss: 0.5434, grad_norm: 1.7157
2026-06-04 20:53:24,850 - mmdet - INFO - Epoch [11][250/1652]	lr: 1.000e-04, eta: 0:29:22, time: 0.568, data_time: 0.044, memory: 4729, bbox_loss: 0.3511, cls_loss: 0.1965, loss: 0.5476, grad_norm: 1.7005
2026-06-04 20:53:53,098 - mmdet - INFO - Epoch [11][300/1652]	lr: 1.000e-04, eta: 0:28:53, time: 0.565, data_time: 0.044, memory: 4729, bbox_loss: 0.3480, cls_loss: 0.2030, loss: 0.5510, grad_norm: 1.6138
2026-06-04 20:54:21,410 - mmdet - INFO - Epoch [11][350/1652]	lr: 1.000e-04, eta: 0:28:24, time: 0.566, data_time: 0.047, memory: 4729, bbox_loss: 0.3485, cls_loss: 0.1995, loss: 0.5480, grad_norm: 1.6812
2026-06-04 20:54:50,116 - mmdet - INFO - Epoch [11][400/1652]	lr: 1.000e-04, eta: 0:27:55, time: 0.574, data_time: 0.044, memory: 4729, bbox_loss: 0.3485, cls_loss: 0.2020, loss: 0.5505, grad_norm: 1.6063
2026-06-04 20:55:19,674 - mmdet - INFO - Epoch [11][450/1652]	lr: 1.000e-04, eta: 0:27:27, time: 0.591, data_time: 0.043, memory: 4729, bbox_loss: 0.3464, cls_loss: 0.1933, loss: 0.5397, grad_norm: 1.7727
2026-06-04 20:55:49,802 - mmdet - INFO - Epoch [11][500/1652]	lr: 1.000e-04, eta: 0:26:58, time: 0.603, data_time: 0.044, memory: 4729, bbox_loss: 0.3475, cls_loss: 0.1948, loss: 0.5423, grad_norm: 1.6285
2026-06-04 20:56:20,065 - mmdet - INFO - Epoch [11][550/1652]	lr: 1.000e-04, eta: 0:26:29, time: 0.605, data_time: 0.044, memory: 4729, bbox_loss: 0.3408, cls_loss: 0.1895, loss: 0.5303, grad_norm: 1.6215
2026-06-04 20:56:50,340 - mmdet - INFO - Epoch [11][600/1652]	lr: 1.000e-04, eta: 0:26:01, time: 0.605, data_time: 0.043, memory: 4729, bbox_loss: 0.3602, cls_loss: 0.2070, loss: 0.5672, grad_norm: 1.7234
2026-06-04 20:57:20,219 - mmdet - INFO - Epoch [11][650/1652]	lr: 1.000e-04, eta: 0:25:32, time: 0.598, data_time: 0.046, memory: 4729, bbox_loss: 0.3444, cls_loss: 0.1962, loss: 0.5406, grad_norm: 1.7045
2026-06-04 20:57:51,040 - mmdet - INFO - Epoch [11][700/1652]	lr: 1.000e-04, eta: 0:25:03, time: 0.616, data_time: 0.042, memory: 4729, bbox_loss: 0.3480, cls_loss: 0.1964, loss: 0.5444, grad_norm: 1.6255
2026-06-04 20:58:19,622 - mmdet - INFO - Epoch [11][750/1652]	lr: 1.000e-04, eta: 0:24:34, time: 0.572, data_time: 0.044, memory: 4729, bbox_loss: 0.3519, cls_loss: 0.1959, loss: 0.5478, grad_norm: 1.7801
2026-06-04 20:58:47,896 - mmdet - INFO - Epoch [11][800/1652]	lr: 1.000e-04, eta: 0:24:05, time: 0.565, data_time: 0.042, memory: 4729, bbox_loss: 0.3476, cls_loss: 0.1963, loss: 0.5439, grad_norm: 1.6029
2026-06-04 20:59:17,112 - mmdet - INFO - Epoch [11][850/1652]	lr: 1.000e-04, eta: 0:23:37, time: 0.584, data_time: 0.043, memory: 4729, bbox_loss: 0.3425, cls_loss: 0.1946, loss: 0.5371, grad_norm: 1.7006
2026-06-04 20:59:46,845 - mmdet - INFO - Epoch [11][900/1652]	lr: 1.000e-04, eta: 0:23:08, time: 0.595, data_time: 0.042, memory: 4729, bbox_loss: 0.3496, cls_loss: 0.1944, loss: 0.5440, grad_norm: 1.7775
2026-06-04 21:00:15,579 - mmdet - INFO - Epoch [11][950/1652]	lr: 1.000e-04, eta: 0:22:39, time: 0.575, data_time: 0.044, memory: 4729, bbox_loss: 0.3451, cls_loss: 0.1969, loss: 0.5420, grad_norm: 1.7214
2026-06-04 21:00:43,482 - mmdet - INFO - Epoch [11][1000/1652]	lr: 1.000e-04, eta: 0:22:10, time: 0.558, data_time: 0.043, memory: 4729, bbox_loss: 0.3460, cls_loss: 0.2051, loss: 0.5510, grad_norm: 1.6912
2026-06-04 21:01:12,035 - mmdet - INFO - Epoch [11][1050/1652]	lr: 1.000e-04, eta: 0:21:41, time: 0.571, data_time: 0.043, memory: 4729, bbox_loss: 0.3545, cls_loss: 0.1969, loss: 0.5513, grad_norm: 1.7969
2026-06-04 21:01:40,560 - mmdet - INFO - Epoch [11][1100/1652]	lr: 1.000e-04, eta: 0:21:12, time: 0.571, data_time: 0.044, memory: 4729, bbox_loss: 0.3386, cls_loss: 0.1906, loss: 0.5292, grad_norm: 1.7322
2026-06-04 21:02:08,370 - mmdet - INFO - Epoch [11][1150/1652]	lr: 1.000e-04, eta: 0:20:43, time: 0.556, data_time: 0.044, memory: 4729, bbox_loss: 0.3521, cls_loss: 0.1954, loss: 0.5475, grad_norm: 1.8189
2026-06-04 21:02:36,734 - mmdet - INFO - Epoch [11][1200/1652]	lr: 1.000e-04, eta: 0:20:14, time: 0.567, data_time: 0.042, memory: 4729, bbox_loss: 0.3496, cls_loss: 0.1935, loss: 0.5431, grad_norm: 1.7605
2026-06-04 21:03:05,065 - mmdet - INFO - Epoch [11][1250/1652]	lr: 1.000e-04, eta: 0:19:45, time: 0.567, data_time: 0.043, memory: 4729, bbox_loss: 0.3463, cls_loss: 0.1936, loss: 0.5399, grad_norm: 1.6678
2026-06-04 21:03:34,128 - mmdet - INFO - Epoch [11][1300/1652]	lr: 1.000e-04, eta: 0:19:16, time: 0.581, data_time: 0.045, memory: 4729, bbox_loss: 0.3462, cls_loss: 0.1983, loss: 0.5444, grad_norm: 1.6541
2026-06-04 21:04:04,062 - mmdet - INFO - Epoch [11][1350/1652]	lr: 1.000e-04, eta: 0:18:48, time: 0.599, data_time: 0.044, memory: 4729, bbox_loss: 0.3429, cls_loss: 0.1939, loss: 0.5368, grad_norm: 1.7104
2026-06-04 21:04:34,565 - mmdet - INFO - Epoch [11][1400/1652]	lr: 1.000e-04, eta: 0:18:19, time: 0.610, data_time: 0.045, memory: 4729, bbox_loss: 0.3362, cls_loss: 0.1909, loss: 0.5270, grad_norm: 1.7657
2026-06-04 21:05:04,420 - mmdet - INFO - Epoch [11][1450/1652]	lr: 1.000e-04, eta: 0:17:50, time: 0.597, data_time: 0.045, memory: 4729, bbox_loss: 0.3442, cls_loss: 0.1969, loss: 0.5411, grad_norm: 1.6753
2026-06-04 21:05:34,171 - mmdet - INFO - Epoch [11][1500/1652]	lr: 1.000e-04, eta: 0:17:21, time: 0.595, data_time: 0.044, memory: 4729, bbox_loss: 0.3428, cls_loss: 0.1954, loss: 0.5382, grad_norm: 1.8422
2026-06-04 21:06:03,273 - mmdet - INFO - Epoch [11][1550/1652]	lr: 1.000e-04, eta: 0:16:53, time: 0.582, data_time: 0.045, memory: 4729, bbox_loss: 0.3357, cls_loss: 0.1900, loss: 0.5257, grad_norm: 1.7067
2026-06-04 21:06:31,104 - mmdet - INFO - Epoch [11][1600/1652]	lr: 1.000e-04, eta: 0:16:24, time: 0.557, data_time: 0.043, memory: 4729, bbox_loss: 0.3546, cls_loss: 0.2012, loss: 0.5558, grad_norm: 1.9281
2026-06-04 21:06:59,608 - mmdet - INFO - Epoch [11][1650/1652]	lr: 1.000e-04, eta: 0:15:55, time: 0.570, data_time: 0.042, memory: 4729, bbox_loss: 0.3476, cls_loss: 0.1934, loss: 0.5410, grad_norm: 1.6663
2026-06-04 21:07:00,892 - mmdet - INFO - Saving checkpoint at 11 epochs
2026-06-04 21:07:34,404 - mmdet - INFO - Epoch [12][50/1652]	lr: 1.000e-05, eta: 0:15:25, time: 0.656, data_time: 0.093, memory: 4729, bbox_loss: 0.3433, cls_loss: 0.1918, loss: 0.5350, grad_norm: 1.5919
2026-06-04 21:08:04,481 - mmdet - INFO - Epoch [12][100/1652]	lr: 1.000e-05, eta: 0:14:56, time: 0.602, data_time: 0.043, memory: 4729, bbox_loss: 0.3465, cls_loss: 0.1945, loss: 0.5410, grad_norm: 1.6336
2026-06-04 21:08:34,315 - mmdet - INFO - Epoch [12][150/1652]	lr: 1.000e-05, eta: 0:14:27, time: 0.597, data_time: 0.044, memory: 4729, bbox_loss: 0.3522, cls_loss: 0.1989, loss: 0.5511, grad_norm: 1.7252
2026-06-04 21:09:04,095 - mmdet - INFO - Epoch [12][200/1652]	lr: 1.000e-05, eta: 0:13:59, time: 0.596, data_time: 0.043, memory: 4729, bbox_loss: 0.3454, cls_loss: 0.1940, loss: 0.5394, grad_norm: 1.6309
2026-06-04 21:09:33,671 - mmdet - INFO - Epoch [12][250/1652]	lr: 1.000e-05, eta: 0:13:30, time: 0.591, data_time: 0.044, memory: 4729, bbox_loss: 0.3401, cls_loss: 0.1916, loss: 0.5317, grad_norm: 1.7498
2026-06-04 21:10:03,522 - mmdet - INFO - Epoch [12][300/1652]	lr: 1.000e-05, eta: 0:13:01, time: 0.597, data_time: 0.044, memory: 4729, bbox_loss: 0.3419, cls_loss: 0.1889, loss: 0.5308, grad_norm: 1.6053
2026-06-04 21:10:33,820 - mmdet - INFO - Epoch [12][350/1652]	lr: 1.000e-05, eta: 0:12:32, time: 0.606, data_time: 0.043, memory: 4729, bbox_loss: 0.3408, cls_loss: 0.1908, loss: 0.5315, grad_norm: 1.6058
2026-06-04 21:11:03,817 - mmdet - INFO - Epoch [12][400/1652]	lr: 1.000e-05, eta: 0:12:03, time: 0.600, data_time: 0.043, memory: 4729, bbox_loss: 0.3466, cls_loss: 0.1953, loss: 0.5419, grad_norm: 1.6691
2026-06-04 21:11:32,935 - mmdet - INFO - Epoch [12][450/1652]	lr: 1.000e-05, eta: 0:11:34, time: 0.582, data_time: 0.043, memory: 4729, bbox_loss: 0.3459, cls_loss: 0.1925, loss: 0.5384, grad_norm: 1.6226
2026-06-04 21:12:03,016 - mmdet - INFO - Epoch [12][500/1652]	lr: 1.000e-05, eta: 0:11:06, time: 0.602, data_time: 0.043, memory: 4729, bbox_loss: 0.3578, cls_loss: 0.1992, loss: 0.5570, grad_norm: 1.4900
2026-06-04 21:12:33,176 - mmdet - INFO - Epoch [12][550/1652]	lr: 1.000e-05, eta: 0:10:37, time: 0.603, data_time: 0.044, memory: 4729, bbox_loss: 0.3414, cls_loss: 0.1884, loss: 0.5298, grad_norm: 1.7123
2026-06-04 21:13:01,819 - mmdet - INFO - Epoch [12][600/1652]	lr: 1.000e-05, eta: 0:10:08, time: 0.573, data_time: 0.042, memory: 4729, bbox_loss: 0.3491, cls_loss: 0.1930, loss: 0.5421, grad_norm: 1.6924
2026-06-04 21:13:30,323 - mmdet - INFO - Epoch [12][650/1652]	lr: 1.000e-05, eta: 0:09:39, time: 0.570, data_time: 0.042, memory: 4729, bbox_loss: 0.3460, cls_loss: 0.1935, loss: 0.5395, grad_norm: 1.7711
2026-06-04 21:13:58,783 - mmdet - INFO - Epoch [12][700/1652]	lr: 1.000e-05, eta: 0:09:10, time: 0.569, data_time: 0.043, memory: 4729, bbox_loss: 0.3493, cls_loss: 0.1936, loss: 0.5428, grad_norm: 2.0344
2026-06-04 21:14:27,079 - mmdet - INFO - Epoch [12][750/1652]	lr: 1.000e-05, eta: 0:08:41, time: 0.566, data_time: 0.043, memory: 4729, bbox_loss: 0.3471, cls_loss: 0.2011, loss: 0.5482, grad_norm: 1.7872
2026-06-04 21:14:55,372 - mmdet - INFO - Epoch [12][800/1652]	lr: 1.000e-05, eta: 0:08:12, time: 0.566, data_time: 0.042, memory: 4729, bbox_loss: 0.3480, cls_loss: 0.2013, loss: 0.5493, grad_norm: 1.6342
2026-06-04 21:15:23,561 - mmdet - INFO - Epoch [12][850/1652]	lr: 1.000e-05, eta: 0:07:43, time: 0.564, data_time: 0.043, memory: 4729, bbox_loss: 0.3483, cls_loss: 0.1984, loss: 0.5467, grad_norm: 1.5367
2026-06-04 21:15:52,327 - mmdet - INFO - Epoch [12][900/1652]	lr: 1.000e-05, eta: 0:07:14, time: 0.575, data_time: 0.043, memory: 4729, bbox_loss: 0.3422, cls_loss: 0.1943, loss: 0.5365, grad_norm: 1.5652
2026-06-04 21:16:20,603 - mmdet - INFO - Epoch [12][950/1652]	lr: 1.000e-05, eta: 0:06:45, time: 0.566, data_time: 0.043, memory: 4729, bbox_loss: 0.3451, cls_loss: 0.1972, loss: 0.5423, grad_norm: 1.6335
2026-06-04 21:16:49,260 - mmdet - INFO - Epoch [12][1000/1652]	lr: 1.000e-05, eta: 0:06:16, time: 0.573, data_time: 0.045, memory: 4729, bbox_loss: 0.3397, cls_loss: 0.1869, loss: 0.5266, grad_norm: 1.5960
2026-06-04 21:17:17,736 - mmdet - INFO - Epoch [12][1050/1652]	lr: 1.000e-05, eta: 0:05:47, time: 0.570, data_time: 0.043, memory: 4729, bbox_loss: 0.3493, cls_loss: 0.2021, loss: 0.5514, grad_norm: 1.7831
2026-06-04 21:17:46,068 - mmdet - INFO - Epoch [12][1100/1652]	lr: 1.000e-05, eta: 0:05:19, time: 0.567, data_time: 0.044, memory: 4729, bbox_loss: 0.3449, cls_loss: 0.1993, loss: 0.5442, grad_norm: 1.6654
2026-06-04 21:18:14,909 - mmdet - INFO - Epoch [12][1150/1652]	lr: 1.000e-05, eta: 0:04:50, time: 0.577, data_time: 0.043, memory: 4729, bbox_loss: 0.3446, cls_loss: 0.1892, loss: 0.5338, grad_norm: 1.6661
2026-06-04 21:18:43,432 - mmdet - INFO - Epoch [12][1200/1652]	lr: 1.000e-05, eta: 0:04:21, time: 0.570, data_time: 0.045, memory: 4729, bbox_loss: 0.3438, cls_loss: 0.1992, loss: 0.5430, grad_norm: 1.7506
2026-06-04 21:19:11,699 - mmdet - INFO - Epoch [12][1250/1652]	lr: 1.000e-05, eta: 0:03:52, time: 0.565, data_time: 0.043, memory: 4729, bbox_loss: 0.3456, cls_loss: 0.1917, loss: 0.5374, grad_norm: 1.5602
2026-06-04 21:19:40,065 - mmdet - INFO - Epoch [12][1300/1652]	lr: 1.000e-05, eta: 0:03:23, time: 0.567, data_time: 0.044, memory: 4729, bbox_loss: 0.3442, cls_loss: 0.1923, loss: 0.5365, grad_norm: 1.6446
2026-06-04 21:20:08,123 - mmdet - INFO - Epoch [12][1350/1652]	lr: 1.000e-05, eta: 0:02:54, time: 0.561, data_time: 0.043, memory: 4729, bbox_loss: 0.3466, cls_loss: 0.1937, loss: 0.5403, grad_norm: 1.6331
2026-06-04 21:20:36,833 - mmdet - INFO - Epoch [12][1400/1652]	lr: 1.000e-05, eta: 0:02:25, time: 0.574, data_time: 0.044, memory: 4729, bbox_loss: 0.3394, cls_loss: 0.1878, loss: 0.5272, grad_norm: 1.5831
2026-06-04 21:21:04,772 - mmdet - INFO - Epoch [12][1450/1652]	lr: 1.000e-05, eta: 0:01:56, time: 0.559, data_time: 0.044, memory: 4729, bbox_loss: 0.3415, cls_loss: 0.1897, loss: 0.5312, grad_norm: 1.6793
2026-06-04 21:21:32,643 - mmdet - INFO - Epoch [12][1500/1652]	lr: 1.000e-05, eta: 0:01:27, time: 0.557, data_time: 0.043, memory: 4729, bbox_loss: 0.3421, cls_loss: 0.1894, loss: 0.5315, grad_norm: 1.7594
2026-06-04 21:22:01,009 - mmdet - INFO - Epoch [12][1550/1652]	lr: 1.000e-05, eta: 0:00:58, time: 0.567, data_time: 0.044, memory: 4729, bbox_loss: 0.3548, cls_loss: 0.1889, loss: 0.5438, grad_norm: 1.6251
2026-06-04 21:22:28,690 - mmdet - INFO - Epoch [12][1600/1652]	lr: 1.000e-05, eta: 0:00:30, time: 0.554, data_time: 0.043, memory: 4729, bbox_loss: 0.3365, cls_loss: 0.1911, loss: 0.5276, grad_norm: 1.6911
2026-06-04 21:22:58,095 - mmdet - INFO - Epoch [12][1650/1652]	lr: 1.000e-05, eta: 0:00:01, time: 0.588, data_time: 0.044, memory: 4729, bbox_loss: 0.3461, cls_loss: 0.1941, loss: 0.5402, grad_norm: 1.5901
2026-06-04 21:22:59,283 - mmdet - INFO - Saving checkpoint at 12 epochs
2026-06-04 21:27:06,727 - mmdet - INFO - 
+-------------+---------+---------+---------+---------+
| classes     | AP_0.25 | AR_0.25 | AP_0.50 | AR_0.50 |
+-------------+---------+---------+---------+---------+
| bed         | 0.8987  | 0.9883  | 0.7399  | 0.8388  |
| table       | 0.5938  | 0.9715  | 0.4110  | 0.7551  |
| sofa        | 0.7430  | 0.9841  | 0.6321  | 0.8293  |
| chair       | 0.8487  | 0.9751  | 0.7301  | 0.8861  |
| toilet      | 0.9832  | 0.9931  | 0.8009  | 0.8690  |
| desk        | 0.4701  | 0.9527  | 0.2577  | 0.6759  |
| dresser     | 0.4666  | 0.9312  | 0.3490  | 0.7477  |
| night_stand | 0.7225  | 0.9804  | 0.6433  | 0.8549  |
| bookshelf   | 0.4548  | 0.8723  | 0.1715  | 0.4716  |
| bathtub     | 0.7447  | 0.9592  | 0.6292  | 0.7551  |
+-------------+---------+---------+---------+---------+
| Overall     | 0.6926  | 0.9608  | 0.5365  | 0.7684  |
+-------------+---------+---------+---------+---------+
2026-06-04 21:27:07,895 - mmdet - INFO - Exp name: tr3d-ff_sunrgbd-3d-10class.py
2026-06-04 21:27:07,895 - mmdet - INFO - Epoch(val) [12][5050]	bed_AP_0.25: 0.8987, table_AP_0.25: 0.5938, sofa_AP_0.25: 0.7430, chair_AP_0.25: 0.8487, toilet_AP_0.25: 0.9832, desk_AP_0.25: 0.4701, dresser_AP_0.25: 0.4666, night_stand_AP_0.25: 0.7225, bookshelf_AP_0.25: 0.4548, bathtub_AP_0.25: 0.7447, mAP_0.25: 0.6926, bed_rec_0.25: 0.9883, table_rec_0.25: 0.9715, sofa_rec_0.25: 0.9841, chair_rec_0.25: 0.9751, toilet_rec_0.25: 0.9931, desk_rec_0.25: 0.9527, dresser_rec_0.25: 0.9312, night_stand_rec_0.25: 0.9804, bookshelf_rec_0.25: 0.8723, bathtub_rec_0.25: 0.9592, mAR_0.25: 0.9608, bed_AP_0.50: 0.7399, table_AP_0.50: 0.4110, sofa_AP_0.50: 0.6321, chair_AP_0.50: 0.7301, toilet_AP_0.50: 0.8009, desk_AP_0.50: 0.2577, dresser_AP_0.50: 0.3490, night_stand_AP_0.50: 0.6433, bookshelf_AP_0.50: 0.1715, bathtub_AP_0.50: 0.6292, mAP_0.50: 0.5365, bed_rec_0.50: 0.8388, table_rec_0.50: 0.7551, sofa_rec_0.50: 0.8293, chair_rec_0.50: 0.8861, toilet_rec_0.50: 0.8690, desk_rec_0.50: 0.6759, dresser_rec_0.50: 0.7477, night_stand_rec_0.50: 0.8549, bookshelf_rec_0.50: 0.4716, bathtub_rec_0.50: 0.7551, mAR_0.50: 0.7684
