2026-05-18 11:19:15,317 - mmdet - INFO - Environment info:
------------------------------------------------------------
sys.platform: linux
Python: 3.9.25 (main, Nov  3 2025, 22:33:05) [GCC 11.2.0]
CUDA available: True
GPU 0: NVIDIA L40
CUDA_HOME: /usr/local/cuda-11.8
NVCC: Cuda compilation tools, release 11.8, V11.8.89
GCC: gcc (Ubuntu 11.4.0-1ubuntu1~22.04.3) 11.4.0
PyTorch: 2.0.0+cu118
PyTorch compiling details: PyTorch built with:
  - GCC 9.3
  - C++ Version: 201703
  - Intel(R) oneAPI Math Kernel Library Version 2022.2-Product Build 20220804 for Intel(R) 64 architecture applications
  - Intel(R) MKL-DNN v2.7.3 (Git Hash 6dbeffbae1f23cbbeae17adb7b5b13f1f37c080e)
  - OpenMP 201511 (a.k.a. OpenMP 4.5)
  - LAPACK is enabled (usually provided by MKL)
  - NNPACK is enabled
  - CPU capability usage: AVX2
  - CUDA Runtime 11.8
  - NVCC architecture flags: -gencode;arch=compute_37,code=sm_37;-gencode;arch=compute_50,code=sm_50;-gencode;arch=compute_60,code=sm_60;-gencode;arch=compute_70,code=sm_70;-gencode;arch=compute_75,code=sm_75;-gencode;arch=compute_80,code=sm_80;-gencode;arch=compute_86,code=sm_86;-gencode;arch=compute_90,code=sm_90
  - CuDNN 8.7
  - Magma 2.6.1
  - Build settings: BLAS_INFO=mkl, BUILD_TYPE=Release, CUDA_VERSION=11.8, CUDNN_VERSION=8.7.0, CXX_COMPILER=/opt/rh/devtoolset-9/root/usr/bin/c++, CXX_FLAGS= -D_GLIBCXX_USE_CXX11_ABI=0 -fabi-version=11 -Wno-deprecated -fvisibility-inlines-hidden -DUSE_PTHREADPOOL -DNDEBUG -DUSE_KINETO -DLIBKINETO_NOROCTRACER -DUSE_FBGEMM -DUSE_QNNPACK -DUSE_PYTORCH_QNNPACK -DUSE_XNNPACK -DSYMBOLICATE_MOBILE_DEBUG_HANDLE -O2 -fPIC -Wall -Wextra -Werror=return-type -Werror=non-virtual-dtor -Werror=bool-operation -Wnarrowing -Wno-missing-field-initializers -Wno-type-limits -Wno-array-bounds -Wno-unknown-pragmas -Wunused-local-typedefs -Wno-unused-parameter -Wno-unused-function -Wno-unused-result -Wno-strict-overflow -Wno-strict-aliasing -Wno-error=deprecated-declarations -Wno-stringop-overflow -Wno-psabi -Wno-error=pedantic -Wno-error=redundant-decls -Wno-error=old-style-cast -fdiagnostics-color=always -faligned-new -Wno-unused-but-set-variable -Wno-maybe-uninitialized -fno-math-errno -fno-trapping-math -Werror=format -Werror=cast-function-type -Wno-stringop-overflow, LAPACK_INFO=mkl, PERF_WITH_AVX=1, PERF_WITH_AVX2=1, PERF_WITH_AVX512=1, TORCH_DISABLE_GPU_ASSERTS=ON, TORCH_VERSION=2.0.0, USE_CUDA=ON, USE_CUDNN=ON, USE_EXCEPTION_PTR=1, USE_GFLAGS=OFF, USE_GLOG=OFF, USE_MKL=ON, USE_MKLDNN=ON, USE_MPI=OFF, USE_NCCL=1, USE_NNPACK=ON, USE_OPENMP=ON, USE_ROCM=OFF, 

TorchVision: 0.15.1+cu118
OpenCV: 4.8.1
MMCV: 1.6.0
MMCV Compiler: GCC 11.4
MMCV CUDA Compiler: 11.8
MMDetection: 2.25.1
MMSegmentation: 0.25.0
MMDetection3D: 1.0.0rc3+ffc9f99
spconv2.0: False
------------------------------------------------------------

2026-05-18 11:19:16,765 - mmdet - INFO - Distributed training: False
2026-05-18 11:19:18,212 - mmdet - INFO - Config:
lr = 0.008
optimizer = dict(type='AdamW', lr=0.008, weight_decay=0.01)
optimizer_config = dict(grad_clip=dict(max_norm=10, norm_type=2))
lr_config = dict(policy='step', warmup=None, step=[24, 32])
runner = dict(type='EpochBasedRunner', max_epochs=36)
evaluation = dict(
    interval=36,
    pipeline=[
        dict(
            type='LoadPointsFromFile',
            coord_type='DEPTH',
            shift_height=False,
            load_dim=6,
            use_dim=[0, 1, 2]),
        dict(
            type='DefaultFormatBundle3D',
            class_names=('bed', 'table', 'sofa', 'chair', 'toilet', 'desk',
                         'dresser', 'night_stand', 'bookshelf', 'bathtub'),
            with_label=False),
        dict(type='Collect3D', keys=['points'])
    ])
model = dict(
    type='VoteNetFF',
    img_backbone=dict(
        type='ResNet',
        depth=50,
        num_stages=4,
        out_indices=(0, 1, 2, 3),
        frozen_stages=1,
        norm_cfg=dict(type='BN', requires_grad=False),
        norm_eval=True,
        style='caffe'),
    img_neck=dict(
        type='FPN',
        in_channels=[256, 512, 1024, 2048],
        out_channels=256,
        num_outs=5),
    backbone=dict(
        type='RgbdPointNet2SASSG',
        in_channels=4,
        num_points=(2048, 1024, 512, 256),
        radius=(0.2, 0.4, 0.8, 1.2),
        num_samples=(64, 32, 16, 16),
        sa_channels=((64, 64, 128), (128, 128, 256), (128, 128, 256),
                     (128, 128, 256)),
        fp_channels=((256, 256), (256, 256)),
        norm_cfg=dict(type='BN2d'),
        sa_cfg=dict(
            type='PointSAModule',
            pool_mod='max',
            use_xyz=True,
            normalize_xyz=True)),
    bbox_head=dict(
        type='VoteHead',
        num_classes=10,
        bbox_coder=dict(
            type='PartialBinBasedBBoxCoder',
            num_sizes=10,
            num_dir_bins=12,
            with_rot=True,
            mean_sizes=[[2.114256, 1.6203, 0.927272],
                        [0.791118, 1.279516, 0.718182],
                        [0.923508, 1.867419, 0.845495],
                        [0.591958, 0.552978, 0.827272],
                        [0.699104, 0.454178, 0.75625],
                        [0.69519, 1.346299, 0.736364],
                        [0.528526, 1.002642, 1.172878],
                        [0.500618, 0.632163, 0.683424],
                        [0.404671, 1.071108, 1.688889],
                        [0.76584, 1.398258, 0.472728]]),
        vote_module_cfg=dict(
            in_channels=256,
            vote_per_seed=1,
            gt_per_seed=3,
            conv_channels=(256, 256),
            conv_cfg=dict(type='Conv1d'),
            norm_cfg=dict(type='BN1d'),
            norm_feats=True,
            vote_loss=dict(
                type='ChamferDistance',
                mode='l1',
                reduction='none',
                loss_dst_weight=10.0)),
        vote_aggregation_cfg=dict(
            type='PointSAModule',
            num_point=256,
            radius=0.3,
            num_sample=16,
            mlp_channels=[256, 128, 128, 128],
            use_xyz=True,
            normalize_xyz=True),
        pred_layer_cfg=dict(
            in_channels=128, shared_conv_channels=(128, 128), bias=True),
        conv_cfg=dict(type='Conv1d'),
        norm_cfg=dict(type='BN1d'),
        objectness_loss=dict(
            type='CrossEntropyLoss',
            class_weight=[0.2, 0.8],
            reduction='sum',
            loss_weight=5.0),
        center_loss=dict(
            type='ChamferDistance',
            mode='l2',
            reduction='sum',
            loss_src_weight=10.0,
            loss_dst_weight=10.0),
        dir_class_loss=dict(
            type='CrossEntropyLoss', reduction='sum', loss_weight=1.0),
        dir_res_loss=dict(
            type='SmoothL1Loss', reduction='sum', loss_weight=10.0),
        size_class_loss=dict(
            type='CrossEntropyLoss', reduction='sum', loss_weight=1.0),
        size_res_loss=dict(
            type='SmoothL1Loss',
            reduction='sum',
            loss_weight=3.3333333333333335),
        semantic_loss=dict(
            type='CrossEntropyLoss', reduction='sum', loss_weight=1.0)),
    train_cfg=dict(
        pos_distance_thr=0.3, neg_distance_thr=0.6, sample_mod='vote'),
    test_cfg=dict(
        sample_mod='seed',
        nms_thr=0.25,
        score_thr=0.05,
        per_class_proposal=True))
dataset_type = 'SUNRGBDDataset'
data_root = '/home/zero/USER/HEYU/DATA/sunrgbd_matlab/'
class_names = ('bed', 'table', 'sofa', 'chair', 'toilet', 'desk', 'dresser',
               'night_stand', 'bookshelf', 'bathtub')
img_norm_cfg = dict(
    mean=[103.53, 116.28, 123.675], std=[1.0, 1.0, 1.0], to_rgb=False)
train_pipeline = [
    dict(
        type='LoadPointsFromFile',
        coord_type='DEPTH',
        shift_height=True,
        load_dim=6,
        use_dim=[0, 1, 2]),
    dict(type='LoadImageFromFile'),
    dict(type='LoadAnnotations3D'),
    dict(
        type='Resize',
        img_scale=[(1333, 480), (1333, 504), (1333, 528), (1333, 552),
                   (1333, 576), (1333, 600)],
        multiscale_mode='value',
        keep_ratio=True),
    dict(
        type='Normalize',
        mean=[103.53, 116.28, 123.675],
        std=[1.0, 1.0, 1.0],
        to_rgb=False),
    dict(type='Pad', size_divisor=32),
    dict(type='RandomFlip3D', sync_2d=False, flip_ratio_bev_horizontal=0.5),
    dict(
        type='GlobalRotScaleTrans',
        rot_range=[-0.523599, 0.523599],
        scale_ratio_range=[0.85, 1.15],
        shift_height=True),
    dict(type='PointSample', num_points=20000),
    dict(
        type='RandomFlip3D',
        sync_2d=False,
        flip_ratio_bev_horizontal=0.5,
        flip_ratio_bev_vertical=0.0),
    dict(
        type='DefaultFormatBundle3D',
        class_names=('bed', 'table', 'sofa', 'chair', 'toilet', 'desk',
                     'dresser', 'night_stand', 'bookshelf', 'bathtub')),
    dict(
        type='Collect3D',
        keys=['points', 'img', 'gt_bboxes_3d', 'gt_labels_3d'])
]
test_pipeline = [
    dict(
        type='LoadPointsFromFile',
        coord_type='DEPTH',
        shift_height=True,
        load_dim=6,
        use_dim=[0, 1, 2]),
    dict(type='LoadImageFromFile'),
    dict(
        type='MultiScaleFlipAug3D',
        img_scale=(1333, 600),
        pts_scale_ratio=1,
        flip=False,
        transforms=[
            dict(type='Resize', multiscale_mode='value', keep_ratio=True),
            dict(
                type='Normalize',
                mean=[103.53, 116.28, 123.675],
                std=[1.0, 1.0, 1.0],
                to_rgb=False),
            dict(type='Pad', size_divisor=32),
            dict(
                type='GlobalRotScaleTrans',
                rot_range=[0, 0],
                scale_ratio_range=[1.0, 1.0],
                translation_std=[0, 0, 0]),
            dict(
                type='RandomFlip3D',
                sync_2d=False,
                flip_ratio_bev_horizontal=0.5),
            dict(type='PointSample', num_points=20000),
            dict(
                type='DefaultFormatBundle3D',
                class_names=('bed', 'table', 'sofa', 'chair', 'toilet', 'desk',
                             'dresser', 'night_stand', 'bookshelf', 'bathtub'),
                with_label=False),
            dict(type='Collect3D', keys=['points', 'img'])
        ])
]
eval_pipeline = [
    dict(
        type='LoadPointsFromFile',
        coord_type='DEPTH',
        shift_height=False,
        load_dim=6,
        use_dim=[0, 1, 2]),
    dict(
        type='DefaultFormatBundle3D',
        class_names=('bed', 'table', 'sofa', 'chair', 'toilet', 'desk',
                     'dresser', 'night_stand', 'bookshelf', 'bathtub'),
        with_label=False),
    dict(type='Collect3D', keys=['points'])
]
data = dict(
    samples_per_gpu=16,
    workers_per_gpu=4,
    train=dict(
        type='RepeatDataset',
        times=5,
        dataset=dict(
            type='SUNRGBDDataset',
            modality=dict(use_camera=True, use_lidar=True),
            data_root='/home/zero/USER/HEYU/DATA/sunrgbd_matlab/',
            ann_file=
            '/home/zero/USER/HEYU/DATA/sunrgbd_matlab/sunrgbd_infos_train.pkl',
            pipeline=[
                dict(
                    type='LoadPointsFromFile',
                    coord_type='DEPTH',
                    shift_height=True,
                    load_dim=6,
                    use_dim=[0, 1, 2]),
                dict(type='LoadImageFromFile'),
                dict(type='LoadAnnotations3D'),
                dict(
                    type='Resize',
                    img_scale=[(1333, 480), (1333, 504), (1333, 528),
                               (1333, 552), (1333, 576), (1333, 600)],
                    multiscale_mode='value',
                    keep_ratio=True),
                dict(
                    type='Normalize',
                    mean=[103.53, 116.28, 123.675],
                    std=[1.0, 1.0, 1.0],
                    to_rgb=False),
                dict(type='Pad', size_divisor=32),
                dict(
                    type='RandomFlip3D',
                    sync_2d=False,
                    flip_ratio_bev_horizontal=0.5),
                dict(
                    type='GlobalRotScaleTrans',
                    rot_range=[-0.523599, 0.523599],
                    scale_ratio_range=[0.85, 1.15],
                    shift_height=True),
                dict(type='PointSample', num_points=20000),
                dict(
                    type='RandomFlip3D',
                    sync_2d=False,
                    flip_ratio_bev_horizontal=0.5,
                    flip_ratio_bev_vertical=0.0),
                dict(
                    type='DefaultFormatBundle3D',
                    class_names=('bed', 'table', 'sofa', 'chair', 'toilet',
                                 'desk', 'dresser', 'night_stand', 'bookshelf',
                                 'bathtub')),
                dict(
                    type='Collect3D',
                    keys=['points', 'img', 'gt_bboxes_3d', 'gt_labels_3d'])
            ],
            classes=('bed', 'table', 'sofa', 'chair', 'toilet', 'desk',
                     'dresser', 'night_stand', 'bookshelf', 'bathtub'),
            filter_empty_gt=False,
            box_type_3d='Depth')),
    val=dict(
        type='SUNRGBDDataset',
        modality=dict(use_camera=True, use_lidar=True),
        data_root='/home/zero/USER/HEYU/DATA/sunrgbd_matlab/',
        ann_file=
        '/home/zero/USER/HEYU/DATA/sunrgbd_matlab/sunrgbd_infos_val.pkl',
        pipeline=[
            dict(
                type='LoadPointsFromFile',
                coord_type='DEPTH',
                shift_height=True,
                load_dim=6,
                use_dim=[0, 1, 2]),
            dict(type='LoadImageFromFile'),
            dict(
                type='MultiScaleFlipAug3D',
                img_scale=(1333, 600),
                pts_scale_ratio=1,
                flip=False,
                transforms=[
                    dict(
                        type='Resize',
                        multiscale_mode='value',
                        keep_ratio=True),
                    dict(
                        type='Normalize',
                        mean=[103.53, 116.28, 123.675],
                        std=[1.0, 1.0, 1.0],
                        to_rgb=False),
                    dict(type='Pad', size_divisor=32),
                    dict(
                        type='GlobalRotScaleTrans',
                        rot_range=[0, 0],
                        scale_ratio_range=[1.0, 1.0],
                        translation_std=[0, 0, 0]),
                    dict(
                        type='RandomFlip3D',
                        sync_2d=False,
                        flip_ratio_bev_horizontal=0.5),
                    dict(type='PointSample', num_points=20000),
                    dict(
                        type='DefaultFormatBundle3D',
                        class_names=('bed', 'table', 'sofa', 'chair', 'toilet',
                                     'desk', 'dresser', 'night_stand',
                                     'bookshelf', 'bathtub'),
                        with_label=False),
                    dict(type='Collect3D', keys=['points', 'img'])
                ])
        ],
        classes=('bed', 'table', 'sofa', 'chair', 'toilet', 'desk', 'dresser',
                 'night_stand', 'bookshelf', 'bathtub'),
        test_mode=True,
        box_type_3d='Depth'),
    test=dict(
        type='SUNRGBDDataset',
        modality=dict(use_camera=True, use_lidar=True),
        data_root='/home/zero/USER/HEYU/DATA/sunrgbd_matlab/',
        ann_file=
        '/home/zero/USER/HEYU/DATA/sunrgbd_matlab/sunrgbd_infos_val.pkl',
        pipeline=[
            dict(
                type='LoadPointsFromFile',
                coord_type='DEPTH',
                shift_height=True,
                load_dim=6,
                use_dim=[0, 1, 2]),
            dict(type='LoadImageFromFile'),
            dict(
                type='MultiScaleFlipAug3D',
                img_scale=(1333, 600),
                pts_scale_ratio=1,
                flip=False,
                transforms=[
                    dict(
                        type='Resize',
                        multiscale_mode='value',
                        keep_ratio=True),
                    dict(
                        type='Normalize',
                        mean=[103.53, 116.28, 123.675],
                        std=[1.0, 1.0, 1.0],
                        to_rgb=False),
                    dict(type='Pad', size_divisor=32),
                    dict(
                        type='GlobalRotScaleTrans',
                        rot_range=[0, 0],
                        scale_ratio_range=[1.0, 1.0],
                        translation_std=[0, 0, 0]),
                    dict(
                        type='RandomFlip3D',
                        sync_2d=False,
                        flip_ratio_bev_horizontal=0.5),
                    dict(type='PointSample', num_points=20000),
                    dict(
                        type='DefaultFormatBundle3D',
                        class_names=('bed', 'table', 'sofa', 'chair', 'toilet',
                                     'desk', 'dresser', 'night_stand',
                                     'bookshelf', 'bathtub'),
                        with_label=False),
                    dict(type='Collect3D', keys=['points', 'img'])
                ])
        ],
        classes=('bed', 'table', 'sofa', 'chair', 'toilet', 'desk', 'dresser',
                 'night_stand', 'bookshelf', 'bathtub'),
        test_mode=True,
        box_type_3d='Depth'))
checkpoint_config = dict(interval=1, max_keep_ckpts=1)
log_config = dict(interval=50, hooks=[dict(type='TextLoggerHook')])
dist_params = dict(backend='nccl')
log_level = 'INFO'
work_dir = '/home/zero/USER/HEYU/tr3d/work_dirs/DFF_RFDETR_VoteNet_FF/3'
load_from = '/home/zero/USER/HEYU/MODEL/imvotenet_faster_rcnn_r50_fpn_2x4_sunrgbd-3d-10class_20210819_225618-62eba6ce.pth'
resume_from = None
workflow = [('train', 1)]
opencv_num_threads = 0
mp_start_method = 'fork'
gpu_ids = [0]

2026-05-18 11:19:18,213 - mmdet - INFO - Set random seed to 0, deterministic: False
Name of parameter - Initialization information

SA_modules.0.mlps.0.layer0.conv.weight - torch.Size([64, 4, 1, 1]): 
The value is the same before and after calling `init_weights` of RgbdPointNet2SASSG  

SA_modules.0.mlps.0.layer0.bn.weight - torch.Size([64]): 
The value is the same before and after calling `init_weights` of RgbdPointNet2SASSG  

SA_modules.0.mlps.0.layer0.bn.bias - torch.Size([64]): 
The value is the same before and after calling `init_weights` of RgbdPointNet2SASSG  

SA_modules.0.mlps.0.layer1.conv.weight - torch.Size([64, 64, 1, 1]): 
The value is the same before and after calling `init_weights` of RgbdPointNet2SASSG  

SA_modules.0.mlps.0.layer1.bn.weight - torch.Size([64]): 
The value is the same before and after calling `init_weights` of RgbdPointNet2SASSG  

SA_modules.0.mlps.0.layer1.bn.bias - torch.Size([64]): 
The value is the same before and after calling `init_weights` of RgbdPointNet2SASSG  

SA_modules.0.mlps.0.layer2.conv.weight - torch.Size([128, 64, 1, 1]): 
The value is the same before and after calling `init_weights` of RgbdPointNet2SASSG  

SA_modules.0.mlps.0.layer2.bn.weight - torch.Size([128]): 
The value is the same before and after calling `init_weights` of RgbdPointNet2SASSG  

SA_modules.0.mlps.0.layer2.bn.bias - torch.Size([128]): 
The value is the same before and after calling `init_weights` of RgbdPointNet2SASSG  

SA_modules.1.mlps.0.layer0.conv.weight - torch.Size([128, 131, 1, 1]): 
The value is the same before and after calling `init_weights` of RgbdPointNet2SASSG  

SA_modules.1.mlps.0.layer0.bn.weight - torch.Size([128]): 
The value is the same before and after calling `init_weights` of RgbdPointNet2SASSG  

SA_modules.1.mlps.0.layer0.bn.bias - torch.Size([128]): 
The value is the same before and after calling `init_weights` of RgbdPointNet2SASSG  

SA_modules.1.mlps.0.layer1.conv.weight - torch.Size([128, 128, 1, 1]): 
The value is the same before and after calling `init_weights` of RgbdPointNet2SASSG  

SA_modules.1.mlps.0.layer1.bn.weight - torch.Size([128]): 
The value is the same before and after calling `init_weights` of RgbdPointNet2SASSG  

SA_modules.1.mlps.0.layer1.bn.bias - torch.Size([128]): 
The value is the same before and after calling `init_weights` of RgbdPointNet2SASSG  

SA_modules.1.mlps.0.layer2.conv.weight - torch.Size([256, 128, 1, 1]): 
The value is the same before and after calling `init_weights` of RgbdPointNet2SASSG  

SA_modules.1.mlps.0.layer2.bn.weight - torch.Size([256]): 
The value is the same before and after calling `init_weights` of RgbdPointNet2SASSG  

SA_modules.1.mlps.0.layer2.bn.bias - torch.Size([256]): 
The value is the same before and after calling `init_weights` of RgbdPointNet2SASSG  

SA_modules.2.mlps.0.layer0.conv.weight - torch.Size([128, 259, 1, 1]): 
The value is the same before and after calling `init_weights` of RgbdPointNet2SASSG  

SA_modules.2.mlps.0.layer0.bn.weight - torch.Size([128]): 
The value is the same before and after calling `init_weights` of RgbdPointNet2SASSG  

SA_modules.2.mlps.0.layer0.bn.bias - torch.Size([128]): 
The value is the same before and after calling `init_weights` of RgbdPointNet2SASSG  

SA_modules.2.mlps.0.layer1.conv.weight - torch.Size([128, 128, 1, 1]): 
The value is the same before and after calling `init_weights` of RgbdPointNet2SASSG  

SA_modules.2.mlps.0.layer1.bn.weight - torch.Size([128]): 
The value is the same before and after calling `init_weights` of RgbdPointNet2SASSG  

SA_modules.2.mlps.0.layer1.bn.bias - torch.Size([128]): 
The value is the same before and after calling `init_weights` of RgbdPointNet2SASSG  

SA_modules.2.mlps.0.layer2.conv.weight - torch.Size([256, 128, 1, 1]): 
The value is the same before and after calling `init_weights` of RgbdPointNet2SASSG  

SA_modules.2.mlps.0.layer2.bn.weight - torch.Size([256]): 
The value is the same before and after calling `init_weights` of RgbdPointNet2SASSG  

SA_modules.2.mlps.0.layer2.bn.bias - torch.Size([256]): 
The value is the same before and after calling `init_weights` of RgbdPointNet2SASSG  

SA_modules.3.mlps.0.layer0.conv.weight - torch.Size([128, 259, 1, 1]): 
The value is the same before and after calling `init_weights` of RgbdPointNet2SASSG  

SA_modules.3.mlps.0.layer0.bn.weight - torch.Size([128]): 
The value is the same before and after calling `init_weights` of RgbdPointNet2SASSG  

SA_modules.3.mlps.0.layer0.bn.bias - torch.Size([128]): 
The value is the same before and after calling `init_weights` of RgbdPointNet2SASSG  

SA_modules.3.mlps.0.layer1.conv.weight - torch.Size([128, 128, 1, 1]): 
The value is the same before and after calling `init_weights` of RgbdPointNet2SASSG  

SA_modules.3.mlps.0.layer1.bn.weight - torch.Size([128]): 
The value is the same before and after calling `init_weights` of RgbdPointNet2SASSG  

SA_modules.3.mlps.0.layer1.bn.bias - torch.Size([128]): 
The value is the same before and after calling `init_weights` of RgbdPointNet2SASSG  

SA_modules.3.mlps.0.layer2.conv.weight - torch.Size([256, 128, 1, 1]): 
The value is the same before and after calling `init_weights` of RgbdPointNet2SASSG  

SA_modules.3.mlps.0.layer2.bn.weight - torch.Size([256]): 
The value is the same before and after calling `init_weights` of RgbdPointNet2SASSG  

SA_modules.3.mlps.0.layer2.bn.bias - torch.Size([256]): 
The value is the same before and after calling `init_weights` of RgbdPointNet2SASSG  

FP_modules.0.mlps.layer0.conv.weight - torch.Size([256, 512, 1, 1]): 
The value is the same before and after calling `init_weights` of RgbdPointNet2SASSG  

FP_modules.0.mlps.layer0.bn.weight - torch.Size([256]): 
The value is the same before and after calling `init_weights` of RgbdPointNet2SASSG  

FP_modules.0.mlps.layer0.bn.bias - torch.Size([256]): 
The value is the same before and after calling `init_weights` of RgbdPointNet2SASSG  

FP_modules.0.mlps.layer1.conv.weight - torch.Size([256, 256, 1, 1]): 
The value is the same before and after calling `init_weights` of RgbdPointNet2SASSG  

FP_modules.0.mlps.layer1.bn.weight - torch.Size([256]): 
The value is the same before and after calling `init_weights` of RgbdPointNet2SASSG  

FP_modules.0.mlps.layer1.bn.bias - torch.Size([256]): 
The value is the same before and after calling `init_weights` of RgbdPointNet2SASSG  

FP_modules.1.mlps.layer0.conv.weight - torch.Size([256, 512, 1, 1]): 
The value is the same before and after calling `init_weights` of RgbdPointNet2SASSG  

FP_modules.1.mlps.layer0.bn.weight - torch.Size([256]): 
The value is the same before and after calling `init_weights` of RgbdPointNet2SASSG  

FP_modules.1.mlps.layer0.bn.bias - torch.Size([256]): 
The value is the same before and after calling `init_weights` of RgbdPointNet2SASSG  

FP_modules.1.mlps.layer1.conv.weight - torch.Size([256, 256, 1, 1]): 
The value is the same before and after calling `init_weights` of RgbdPointNet2SASSG  

FP_modules.1.mlps.layer1.bn.weight - torch.Size([256]): 
The value is the same before and after calling `init_weights` of RgbdPointNet2SASSG  

FP_modules.1.mlps.layer1.bn.bias - torch.Size([256]): 
The value is the same before and after calling `init_weights` of RgbdPointNet2SASSG  
Name of parameter - Initialization information

vote_module.vote_conv.0.conv.weight - torch.Size([256, 256, 1]): 
The value is the same before and after calling `init_weights` of VoteHead  

vote_module.vote_conv.0.conv.bias - torch.Size([256]): 
The value is the same before and after calling `init_weights` of VoteHead  

vote_module.vote_conv.0.bn.weight - torch.Size([256]): 
The value is the same before and after calling `init_weights` of VoteHead  

vote_module.vote_conv.0.bn.bias - torch.Size([256]): 
The value is the same before and after calling `init_weights` of VoteHead  

vote_module.vote_conv.1.conv.weight - torch.Size([256, 256, 1]): 
The value is the same before and after calling `init_weights` of VoteHead  

vote_module.vote_conv.1.conv.bias - torch.Size([256]): 
The value is the same before and after calling `init_weights` of VoteHead  

vote_module.vote_conv.1.bn.weight - torch.Size([256]): 
The value is the same before and after calling `init_weights` of VoteHead  

vote_module.vote_conv.1.bn.bias - torch.Size([256]): 
The value is the same before and after calling `init_weights` of VoteHead  

vote_module.conv_out.weight - torch.Size([259, 256, 1]): 
The value is the same before and after calling `init_weights` of VoteHead  

vote_module.conv_out.bias - torch.Size([259]): 
The value is the same before and after calling `init_weights` of VoteHead  

vote_aggregation.mlps.0.layer0.conv.weight - torch.Size([128, 259, 1, 1]): 
The value is the same before and after calling `init_weights` of VoteHead  

vote_aggregation.mlps.0.layer0.bn.weight - torch.Size([128]): 
The value is the same before and after calling `init_weights` of VoteHead  

vote_aggregation.mlps.0.layer0.bn.bias - torch.Size([128]): 
The value is the same before and after calling `init_weights` of VoteHead  

vote_aggregation.mlps.0.layer1.conv.weight - torch.Size([128, 128, 1, 1]): 
The value is the same before and after calling `init_weights` of VoteHead  

vote_aggregation.mlps.0.layer1.bn.weight - torch.Size([128]): 
The value is the same before and after calling `init_weights` of VoteHead  

vote_aggregation.mlps.0.layer1.bn.bias - torch.Size([128]): 
The value is the same before and after calling `init_weights` of VoteHead  

vote_aggregation.mlps.0.layer2.conv.weight - torch.Size([128, 128, 1, 1]): 
The value is the same before and after calling `init_weights` of VoteHead  

vote_aggregation.mlps.0.layer2.bn.weight - torch.Size([128]): 
The value is the same before and after calling `init_weights` of VoteHead  

vote_aggregation.mlps.0.layer2.bn.bias - torch.Size([128]): 
The value is the same before and after calling `init_weights` of VoteHead  

conv_pred.shared_convs.layer0.conv.weight - torch.Size([128, 128, 1]): 
The value is the same before and after calling `init_weights` of VoteHead  

conv_pred.shared_convs.layer0.conv.bias - torch.Size([128]): 
The value is the same before and after calling `init_weights` of VoteHead  

conv_pred.shared_convs.layer0.bn.weight - torch.Size([128]): 
The value is the same before and after calling `init_weights` of VoteHead  

conv_pred.shared_convs.layer0.bn.bias - torch.Size([128]): 
The value is the same before and after calling `init_weights` of VoteHead  

conv_pred.shared_convs.layer1.conv.weight - torch.Size([128, 128, 1]): 
The value is the same before and after calling `init_weights` of VoteHead  

conv_pred.shared_convs.layer1.conv.bias - torch.Size([128]): 
The value is the same before and after calling `init_weights` of VoteHead  

conv_pred.shared_convs.layer1.bn.weight - torch.Size([128]): 
The value is the same before and after calling `init_weights` of VoteHead  

conv_pred.shared_convs.layer1.bn.bias - torch.Size([128]): 
The value is the same before and after calling `init_weights` of VoteHead  

conv_pred.conv_cls.weight - torch.Size([12, 128, 1]): 
The value is the same before and after calling `init_weights` of VoteHead  

conv_pred.conv_cls.bias - torch.Size([12]): 
The value is the same before and after calling `init_weights` of VoteHead  

conv_pred.conv_reg.weight - torch.Size([67, 128, 1]): 
The value is the same before and after calling `init_weights` of VoteHead  

conv_pred.conv_reg.bias - torch.Size([67]): 
The value is the same before and after calling `init_weights` of VoteHead  
2026-05-18 11:19:18,399 - mmdet - INFO - Model:
VoteNetFF(
  (backbone): RgbdPointNet2SASSG(
    (SA_modules): ModuleList(
      (0): PointSAModule(
        (groupers): ModuleList(
          (0): QueryAndGroup()
        )
        (mlps): ModuleList(
          (0): Sequential(
            (layer0): ConvModule(
              (conv): Conv2d(4, 64, kernel_size=(1, 1), stride=(1, 1), bias=False)
              (bn): BatchNorm2d(64, eps=1e-05, momentum=0.1, affine=True, track_running_stats=True)
              (activate): ReLU(inplace=True)
            )
            (layer1): ConvModule(
              (conv): Conv2d(64, 64, kernel_size=(1, 1), stride=(1, 1), bias=False)
              (bn): BatchNorm2d(64, eps=1e-05, momentum=0.1, affine=True, track_running_stats=True)
              (activate): ReLU(inplace=True)
            )
            (layer2): ConvModule(
              (conv): Conv2d(64, 128, kernel_size=(1, 1), stride=(1, 1), bias=False)
              (bn): BatchNorm2d(128, eps=1e-05, momentum=0.1, affine=True, track_running_stats=True)
              (activate): ReLU(inplace=True)
            )
          )
        )
        (points_sampler): PointsSampler(
          (samplers): ModuleList(
            (0): DFPSSampler()
          )
        )
      )
      (1): PointSAModule(
        (groupers): ModuleList(
          (0): QueryAndGroup()
        )
        (mlps): ModuleList(
          (0): Sequential(
            (layer0): ConvModule(
              (conv): Conv2d(131, 128, kernel_size=(1, 1), stride=(1, 1), bias=False)
              (bn): BatchNorm2d(128, eps=1e-05, momentum=0.1, affine=True, track_running_stats=True)
              (activate): ReLU(inplace=True)
            )
            (layer1): ConvModule(
              (conv): Conv2d(128, 128, kernel_size=(1, 1), stride=(1, 1), bias=False)
              (bn): BatchNorm2d(128, eps=1e-05, momentum=0.1, affine=True, track_running_stats=True)
              (activate): ReLU(inplace=True)
            )
            (layer2): ConvModule(
              (conv): Conv2d(128, 256, kernel_size=(1, 1), stride=(1, 1), bias=False)
              (bn): BatchNorm2d(256, eps=1e-05, momentum=0.1, affine=True, track_running_stats=True)
              (activate): ReLU(inplace=True)
            )
          )
        )
        (points_sampler): PointsSampler(
          (samplers): ModuleList(
            (0): DFPSSampler()
          )
        )
      )
      (2-3): 2 x PointSAModule(
        (groupers): ModuleList(
          (0): QueryAndGroup()
        )
        (mlps): ModuleList(
          (0): Sequential(
            (layer0): ConvModule(
              (conv): Conv2d(259, 128, kernel_size=(1, 1), stride=(1, 1), bias=False)
              (bn): BatchNorm2d(128, eps=1e-05, momentum=0.1, affine=True, track_running_stats=True)
              (activate): ReLU(inplace=True)
            )
            (layer1): ConvModule(
              (conv): Conv2d(128, 128, kernel_size=(1, 1), stride=(1, 1), bias=False)
              (bn): BatchNorm2d(128, eps=1e-05, momentum=0.1, affine=True, track_running_stats=True)
              (activate): ReLU(inplace=True)
            )
            (layer2): ConvModule(
              (conv): Conv2d(128, 256, kernel_size=(1, 1), stride=(1, 1), bias=False)
              (bn): BatchNorm2d(256, eps=1e-05, momentum=0.1, affine=True, track_running_stats=True)
              (activate): ReLU(inplace=True)
            )
          )
        )
        (points_sampler): PointsSampler(
          (samplers): ModuleList(
            (0): DFPSSampler()
          )
        )
      )
    )
    (FP_modules): ModuleList(
      (0-1): 2 x PointFPModule(
        (mlps): Sequential(
          (layer0): ConvModule(
            (conv): Conv2d(512, 256, kernel_size=(1, 1), stride=(1, 1), bias=False)
            (bn): BatchNorm2d(256, eps=1e-05, momentum=0.1, affine=True, track_running_stats=True)
            (activate): ReLU(inplace=True)
          )
          (layer1): ConvModule(
            (conv): Conv2d(256, 256, kernel_size=(1, 1), stride=(1, 1), bias=False)
            (bn): BatchNorm2d(256, eps=1e-05, momentum=0.1, affine=True, track_running_stats=True)
            (activate): ReLU(inplace=True)
          )
        )
      )
    )
  )
  (bbox_head): VoteHead(
    (objectness_loss): CrossEntropyLoss(avg_non_ignore=False)
    (center_loss): ChamferDistance()
    (dir_res_loss): SmoothL1Loss()
    (dir_class_loss): CrossEntropyLoss(avg_non_ignore=False)
    (size_res_loss): SmoothL1Loss()
    (size_class_loss): CrossEntropyLoss(avg_non_ignore=False)
    (semantic_loss): CrossEntropyLoss(avg_non_ignore=False)
    (vote_module): VoteModule(
      (vote_loss): ChamferDistance()
      (vote_conv): Sequential(
        (0): ConvModule(
          (conv): Conv1d(256, 256, kernel_size=(1,), stride=(1,))
          (bn): BatchNorm1d(256, eps=1e-05, momentum=0.1, affine=True, track_running_stats=True)
          (activate): ReLU(inplace=True)
        )
        (1): ConvModule(
          (conv): Conv1d(256, 256, kernel_size=(1,), stride=(1,))
          (bn): BatchNorm1d(256, eps=1e-05, momentum=0.1, affine=True, track_running_stats=True)
          (activate): ReLU(inplace=True)
        )
      )
      (conv_out): Conv1d(256, 259, kernel_size=(1,), stride=(1,))
    )
    (vote_aggregation): PointSAModule(
      (groupers): ModuleList(
        (0): QueryAndGroup()
      )
      (mlps): ModuleList(
        (0): Sequential(
          (layer0): ConvModule(
            (conv): Conv2d(259, 128, kernel_size=(1, 1), stride=(1, 1), bias=False)
            (bn): BatchNorm2d(128, eps=1e-05, momentum=0.1, affine=True, track_running_stats=True)
            (activate): ReLU(inplace=True)
          )
          (layer1): ConvModule(
            (conv): Conv2d(128, 128, kernel_size=(1, 1), stride=(1, 1), bias=False)
            (bn): BatchNorm2d(128, eps=1e-05, momentum=0.1, affine=True, track_running_stats=True)
            (activate): ReLU(inplace=True)
          )
          (layer2): ConvModule(
            (conv): Conv2d(128, 128, kernel_size=(1, 1), stride=(1, 1), bias=False)
            (bn): BatchNorm2d(128, eps=1e-05, momentum=0.1, affine=True, track_running_stats=True)
            (activate): ReLU(inplace=True)
          )
        )
      )
      (points_sampler): PointsSampler(
        (samplers): ModuleList(
          (0): DFPSSampler()
        )
      )
    )
    (conv_pred): BaseConvBboxHead(
      (shared_convs): Sequential(
        (layer0): ConvModule(
          (conv): Conv1d(128, 128, kernel_size=(1,), stride=(1,))
          (bn): BatchNorm1d(128, eps=1e-05, momentum=0.1, affine=True, track_running_stats=True)
          (activate): ReLU(inplace=True)
        )
        (layer1): ConvModule(
          (conv): Conv1d(128, 128, kernel_size=(1,), stride=(1,))
          (bn): BatchNorm1d(128, eps=1e-05, momentum=0.1, affine=True, track_running_stats=True)
          (activate): ReLU(inplace=True)
        )
      )
      (conv_cls): Conv1d(128, 12, kernel_size=(1,), stride=(1,))
      (conv_reg): Conv1d(128, 67, kernel_size=(1,), stride=(1,))
    )
  )
  (img_backbone): ResNet(
    (conv1): Conv2d(3, 64, kernel_size=(7, 7), stride=(2, 2), padding=(3, 3), bias=False)
    (bn1): BatchNorm2d(64, eps=1e-05, momentum=0.1, affine=True, track_running_stats=True)
    (relu): ReLU(inplace=True)
    (maxpool): MaxPool2d(kernel_size=3, stride=2, padding=1, dilation=1, ceil_mode=False)
    (layer1): ResLayer(
      (0): Bottleneck(
        (conv1): Conv2d(64, 64, kernel_size=(1, 1), stride=(1, 1), bias=False)
        (bn1): BatchNorm2d(64, eps=1e-05, momentum=0.1, affine=True, track_running_stats=True)
        (conv2): Conv2d(64, 64, kernel_size=(3, 3), stride=(1, 1), padding=(1, 1), bias=False)
        (bn2): BatchNorm2d(64, eps=1e-05, momentum=0.1, affine=True, track_running_stats=True)
        (conv3): Conv2d(64, 256, kernel_size=(1, 1), stride=(1, 1), bias=False)
        (bn3): BatchNorm2d(256, eps=1e-05, momentum=0.1, affine=True, track_running_stats=True)
        (relu): ReLU(inplace=True)
        (downsample): Sequential(
          (0): Conv2d(64, 256, kernel_size=(1, 1), stride=(1, 1), bias=False)
          (1): BatchNorm2d(256, eps=1e-05, momentum=0.1, affine=True, track_running_stats=True)
        )
      )
      init_cfg={'type': 'Constant', 'val': 0, 'override': {'name': 'norm3'}}
      (1): Bottleneck(
        (conv1): Conv2d(256, 64, kernel_size=(1, 1), stride=(1, 1), bias=False)
        (bn1): BatchNorm2d(64, eps=1e-05, momentum=0.1, affine=True, track_running_stats=True)
        (conv2): Conv2d(64, 64, kernel_size=(3, 3), stride=(1, 1), padding=(1, 1), bias=False)
        (bn2): BatchNorm2d(64, eps=1e-05, momentum=0.1, affine=True, track_running_stats=True)
        (conv3): Conv2d(64, 256, kernel_size=(1, 1), stride=(1, 1), bias=False)
        (bn3): BatchNorm2d(256, eps=1e-05, momentum=0.1, affine=True, track_running_stats=True)
        (relu): ReLU(inplace=True)
      )
      init_cfg={'type': 'Constant', 'val': 0, 'override': {'name': 'norm3'}}
      (2): Bottleneck(
        (conv1): Conv2d(256, 64, kernel_size=(1, 1), stride=(1, 1), bias=False)
        (bn1): BatchNorm2d(64, eps=1e-05, momentum=0.1, affine=True, track_running_stats=True)
        (conv2): Conv2d(64, 64, kernel_size=(3, 3), stride=(1, 1), padding=(1, 1), bias=False)
        (bn2): BatchNorm2d(64, eps=1e-05, momentum=0.1, affine=True, track_running_stats=True)
        (conv3): Conv2d(64, 256, kernel_size=(1, 1), stride=(1, 1), bias=False)
        (bn3): BatchNorm2d(256, eps=1e-05, momentum=0.1, affine=True, track_running_stats=True)
        (relu): ReLU(inplace=True)
      )
      init_cfg={'type': 'Constant', 'val': 0, 'override': {'name': 'norm3'}}
    )
    (layer2): ResLayer(
      (0): Bottleneck(
        (conv1): Conv2d(256, 128, kernel_size=(1, 1), stride=(2, 2), bias=False)
        (bn1): BatchNorm2d(128, eps=1e-05, momentum=0.1, affine=True, track_running_stats=True)
        (conv2): Conv2d(128, 128, kernel_size=(3, 3), stride=(1, 1), padding=(1, 1), bias=False)
        (bn2): BatchNorm2d(128, eps=1e-05, momentum=0.1, affine=True, track_running_stats=True)
        (conv3): Conv2d(128, 512, kernel_size=(1, 1), stride=(1, 1), bias=False)
        (bn3): BatchNorm2d(512, eps=1e-05, momentum=0.1, affine=True, track_running_stats=True)
        (relu): ReLU(inplace=True)
        (downsample): Sequential(
          (0): Conv2d(256, 512, kernel_size=(1, 1), stride=(2, 2), bias=False)
          (1): BatchNorm2d(512, eps=1e-05, momentum=0.1, affine=True, track_running_stats=True)
        )
      )
      init_cfg={'type': 'Constant', 'val': 0, 'override': {'name': 'norm3'}}
      (1): Bottleneck(
        (conv1): Conv2d(512, 128, kernel_size=(1, 1), stride=(1, 1), bias=False)
        (bn1): BatchNorm2d(128, eps=1e-05, momentum=0.1, affine=True, track_running_stats=True)
        (conv2): Conv2d(128, 128, kernel_size=(3, 3), stride=(1, 1), padding=(1, 1), bias=False)
        (bn2): BatchNorm2d(128, eps=1e-05, momentum=0.1, affine=True, track_running_stats=True)
        (conv3): Conv2d(128, 512, kernel_size=(1, 1), stride=(1, 1), bias=False)
        (bn3): BatchNorm2d(512, eps=1e-05, momentum=0.1, affine=True, track_running_stats=True)
        (relu): ReLU(inplace=True)
      )
      init_cfg={'type': 'Constant', 'val': 0, 'override': {'name': 'norm3'}}
      (2): Bottleneck(
        (conv1): Conv2d(512, 128, kernel_size=(1, 1), stride=(1, 1), bias=False)
        (bn1): BatchNorm2d(128, eps=1e-05, momentum=0.1, affine=True, track_running_stats=True)
        (conv2): Conv2d(128, 128, kernel_size=(3, 3), stride=(1, 1), padding=(1, 1), bias=False)
        (bn2): BatchNorm2d(128, eps=1e-05, momentum=0.1, affine=True, track_running_stats=True)
        (conv3): Conv2d(128, 512, kernel_size=(1, 1), stride=(1, 1), bias=False)
        (bn3): BatchNorm2d(512, eps=1e-05, momentum=0.1, affine=True, track_running_stats=True)
        (relu): ReLU(inplace=True)
      )
      init_cfg={'type': 'Constant', 'val': 0, 'override': {'name': 'norm3'}}
      (3): Bottleneck(
        (conv1): Conv2d(512, 128, kernel_size=(1, 1), stride=(1, 1), bias=False)
        (bn1): BatchNorm2d(128, eps=1e-05, momentum=0.1, affine=True, track_running_stats=True)
        (conv2): Conv2d(128, 128, kernel_size=(3, 3), stride=(1, 1), padding=(1, 1), bias=False)
        (bn2): BatchNorm2d(128, eps=1e-05, momentum=0.1, affine=True, track_running_stats=True)
        (conv3): Conv2d(128, 512, kernel_size=(1, 1), stride=(1, 1), bias=False)
        (bn3): BatchNorm2d(512, eps=1e-05, momentum=0.1, affine=True, track_running_stats=True)
        (relu): ReLU(inplace=True)
      )
      init_cfg={'type': 'Constant', 'val': 0, 'override': {'name': 'norm3'}}
    )
    (layer3): ResLayer(
      (0): Bottleneck(
        (conv1): Conv2d(512, 256, kernel_size=(1, 1), stride=(2, 2), bias=False)
        (bn1): BatchNorm2d(256, eps=1e-05, momentum=0.1, affine=True, track_running_stats=True)
        (conv2): Conv2d(256, 256, kernel_size=(3, 3), stride=(1, 1), padding=(1, 1), bias=False)
        (bn2): BatchNorm2d(256, eps=1e-05, momentum=0.1, affine=True, track_running_stats=True)
        (conv3): Conv2d(256, 1024, kernel_size=(1, 1), stride=(1, 1), bias=False)
        (bn3): BatchNorm2d(1024, eps=1e-05, momentum=0.1, affine=True, track_running_stats=True)
        (relu): ReLU(inplace=True)
        (downsample): Sequential(
          (0): Conv2d(512, 1024, kernel_size=(1, 1), stride=(2, 2), bias=False)
          (1): BatchNorm2d(1024, eps=1e-05, momentum=0.1, affine=True, track_running_stats=True)
        )
      )
      init_cfg={'type': 'Constant', 'val': 0, 'override': {'name': 'norm3'}}
      (1): Bottleneck(
        (conv1): Conv2d(1024, 256, kernel_size=(1, 1), stride=(1, 1), bias=False)
        (bn1): BatchNorm2d(256, eps=1e-05, momentum=0.1, affine=True, track_running_stats=True)
        (conv2): Conv2d(256, 256, kernel_size=(3, 3), stride=(1, 1), padding=(1, 1), bias=False)
        (bn2): BatchNorm2d(256, eps=1e-05, momentum=0.1, affine=True, track_running_stats=True)
        (conv3): Conv2d(256, 1024, kernel_size=(1, 1), stride=(1, 1), bias=False)
        (bn3): BatchNorm2d(1024, eps=1e-05, momentum=0.1, affine=True, track_running_stats=True)
        (relu): ReLU(inplace=True)
      )
      init_cfg={'type': 'Constant', 'val': 0, 'override': {'name': 'norm3'}}
      (2): Bottleneck(
        (conv1): Conv2d(1024, 256, kernel_size=(1, 1), stride=(1, 1), bias=False)
        (bn1): BatchNorm2d(256, eps=1e-05, momentum=0.1, affine=True, track_running_stats=True)
        (conv2): Conv2d(256, 256, kernel_size=(3, 3), stride=(1, 1), padding=(1, 1), bias=False)
        (bn2): BatchNorm2d(256, eps=1e-05, momentum=0.1, affine=True, track_running_stats=True)
        (conv3): Conv2d(256, 1024, kernel_size=(1, 1), stride=(1, 1), bias=False)
        (bn3): BatchNorm2d(1024, eps=1e-05, momentum=0.1, affine=True, track_running_stats=True)
        (relu): ReLU(inplace=True)
      )
      init_cfg={'type': 'Constant', 'val': 0, 'override': {'name': 'norm3'}}
      (3): Bottleneck(
        (conv1): Conv2d(1024, 256, kernel_size=(1, 1), stride=(1, 1), bias=False)
        (bn1): BatchNorm2d(256, eps=1e-05, momentum=0.1, affine=True, track_running_stats=True)
        (conv2): Conv2d(256, 256, kernel_size=(3, 3), stride=(1, 1), padding=(1, 1), bias=False)
        (bn2): BatchNorm2d(256, eps=1e-05, momentum=0.1, affine=True, track_running_stats=True)
        (conv3): Conv2d(256, 1024, kernel_size=(1, 1), stride=(1, 1), bias=False)
        (bn3): BatchNorm2d(1024, eps=1e-05, momentum=0.1, affine=True, track_running_stats=True)
        (relu): ReLU(inplace=True)
      )
      init_cfg={'type': 'Constant', 'val': 0, 'override': {'name': 'norm3'}}
      (4): Bottleneck(
        (conv1): Conv2d(1024, 256, kernel_size=(1, 1), stride=(1, 1), bias=False)
        (bn1): BatchNorm2d(256, eps=1e-05, momentum=0.1, affine=True, track_running_stats=True)
        (conv2): Conv2d(256, 256, kernel_size=(3, 3), stride=(1, 1), padding=(1, 1), bias=False)
        (bn2): BatchNorm2d(256, eps=1e-05, momentum=0.1, affine=True, track_running_stats=True)
        (conv3): Conv2d(256, 1024, kernel_size=(1, 1), stride=(1, 1), bias=False)
        (bn3): BatchNorm2d(1024, eps=1e-05, momentum=0.1, affine=True, track_running_stats=True)
        (relu): ReLU(inplace=True)
      )
      init_cfg={'type': 'Constant', 'val': 0, 'override': {'name': 'norm3'}}
      (5): Bottleneck(
        (conv1): Conv2d(1024, 256, kernel_size=(1, 1), stride=(1, 1), bias=False)
        (bn1): BatchNorm2d(256, eps=1e-05, momentum=0.1, affine=True, track_running_stats=True)
        (conv2): Conv2d(256, 256, kernel_size=(3, 3), stride=(1, 1), padding=(1, 1), bias=False)
        (bn2): BatchNorm2d(256, eps=1e-05, momentum=0.1, affine=True, track_running_stats=True)
        (conv3): Conv2d(256, 1024, kernel_size=(1, 1), stride=(1, 1), bias=False)
        (bn3): BatchNorm2d(1024, eps=1e-05, momentum=0.1, affine=True, track_running_stats=True)
        (relu): ReLU(inplace=True)
      )
      init_cfg={'type': 'Constant', 'val': 0, 'override': {'name': 'norm3'}}
    )
    (layer4): ResLayer(
      (0): Bottleneck(
        (conv1): Conv2d(1024, 512, kernel_size=(1, 1), stride=(2, 2), bias=False)
        (bn1): BatchNorm2d(512, eps=1e-05, momentum=0.1, affine=True, track_running_stats=True)
        (conv2): Conv2d(512, 512, kernel_size=(3, 3), stride=(1, 1), padding=(1, 1), bias=False)
        (bn2): BatchNorm2d(512, eps=1e-05, momentum=0.1, affine=True, track_running_stats=True)
        (conv3): Conv2d(512, 2048, kernel_size=(1, 1), stride=(1, 1), bias=False)
        (bn3): BatchNorm2d(2048, eps=1e-05, momentum=0.1, affine=True, track_running_stats=True)
        (relu): ReLU(inplace=True)
        (downsample): Sequential(
          (0): Conv2d(1024, 2048, kernel_size=(1, 1), stride=(2, 2), bias=False)
          (1): BatchNorm2d(2048, eps=1e-05, momentum=0.1, affine=True, track_running_stats=True)
        )
      )
      init_cfg={'type': 'Constant', 'val': 0, 'override': {'name': 'norm3'}}
      (1): Bottleneck(
        (conv1): Conv2d(2048, 512, kernel_size=(1, 1), stride=(1, 1), bias=False)
        (bn1): BatchNorm2d(512, eps=1e-05, momentum=0.1, affine=True, track_running_stats=True)
        (conv2): Conv2d(512, 512, kernel_size=(3, 3), stride=(1, 1), padding=(1, 1), bias=False)
        (bn2): BatchNorm2d(512, eps=1e-05, momentum=0.1, affine=True, track_running_stats=True)
        (conv3): Conv2d(512, 2048, kernel_size=(1, 1), stride=(1, 1), bias=False)
        (bn3): BatchNorm2d(2048, eps=1e-05, momentum=0.1, affine=True, track_running_stats=True)
        (relu): ReLU(inplace=True)
      )
      init_cfg={'type': 'Constant', 'val': 0, 'override': {'name': 'norm3'}}
      (2): Bottleneck(
        (conv1): Conv2d(2048, 512, kernel_size=(1, 1), stride=(1, 1), bias=False)
        (bn1): BatchNorm2d(512, eps=1e-05, momentum=0.1, affine=True, track_running_stats=True)
        (conv2): Conv2d(512, 512, kernel_size=(3, 3), stride=(1, 1), padding=(1, 1), bias=False)
        (bn2): BatchNorm2d(512, eps=1e-05, momentum=0.1, affine=True, track_running_stats=True)
        (conv3): Conv2d(512, 2048, kernel_size=(1, 1), stride=(1, 1), bias=False)
        (bn3): BatchNorm2d(2048, eps=1e-05, momentum=0.1, affine=True, track_running_stats=True)
        (relu): ReLU(inplace=True)
      )
      init_cfg={'type': 'Constant', 'val': 0, 'override': {'name': 'norm3'}}
    )
  )
  init_cfg=[{'type': 'Kaiming', 'layer': 'Conv2d'}, {'type': 'Constant', 'val': 1, 'layer': ['_BatchNorm', 'GroupNorm']}]
  (img_neck): FPN(
    (lateral_convs): ModuleList(
      (0): ConvModule(
        (conv): Conv2d(256, 256, kernel_size=(1, 1), stride=(1, 1))
      )
      (1): ConvModule(
        (conv): Conv2d(512, 256, kernel_size=(1, 1), stride=(1, 1))
      )
      (2): ConvModule(
        (conv): Conv2d(1024, 256, kernel_size=(1, 1), stride=(1, 1))
      )
      (3): ConvModule(
        (conv): Conv2d(2048, 256, kernel_size=(1, 1), stride=(1, 1))
      )
    )
    (fpn_convs): ModuleList(
      (0-3): 4 x ConvModule(
        (conv): Conv2d(256, 256, kernel_size=(3, 3), stride=(1, 1), padding=(1, 1))
      )
    )
  )
  init_cfg={'type': 'Xavier', 'layer': 'Conv2d', 'distribution': 'uniform'}
  (conv): Sequential(
    (0): Conv1d(256, 128, kernel_size=(1,), stride=(1,))
    (1): BatchNorm1d(128, eps=1e-05, momentum=0.1, affine=True, track_running_stats=True)
    (2): ReLU(inplace=True)
  )
  (keep_ratio_predictor_MLPNET): KeepRatioPredictorMLPNet(
    (net): Sequential(
      (0): Linear(in_features=6, out_features=128, bias=True)
      (1): ReLU()
      (2): Linear(in_features=128, out_features=2, bias=True)
      (3): Tanh()
    )
  )
)
2026-05-18 11:19:20,176 - mmdet - INFO - load checkpoint from local path: /home/zero/USER/HEYU/MODEL/imvotenet_faster_rcnn_r50_fpn_2x4_sunrgbd-3d-10class_20210819_225618-62eba6ce.pth
2026-05-18 11:19:20,282 - mmdet - WARNING - The model and loaded state dict do not match exactly

unexpected key in source state_dict: img_rpn_head.rpn_conv.weight, img_rpn_head.rpn_conv.bias, img_rpn_head.rpn_cls.weight, img_rpn_head.rpn_cls.bias, img_rpn_head.rpn_reg.weight, img_rpn_head.rpn_reg.bias, img_roi_head.bbox_head.fc_cls.weight, img_roi_head.bbox_head.fc_cls.bias, img_roi_head.bbox_head.fc_reg.weight, img_roi_head.bbox_head.fc_reg.bias, img_roi_head.bbox_head.shared_fcs.0.weight, img_roi_head.bbox_head.shared_fcs.0.bias, img_roi_head.bbox_head.shared_fcs.1.weight, img_roi_head.bbox_head.shared_fcs.1.bias

missing keys in source state_dict: backbone.SA_modules.0.mlps.0.layer0.conv.weight, backbone.SA_modules.0.mlps.0.layer0.bn.weight, backbone.SA_modules.0.mlps.0.layer0.bn.bias, backbone.SA_modules.0.mlps.0.layer0.bn.running_mean, backbone.SA_modules.0.mlps.0.layer0.bn.running_var, backbone.SA_modules.0.mlps.0.layer1.conv.weight, backbone.SA_modules.0.mlps.0.layer1.bn.weight, backbone.SA_modules.0.mlps.0.layer1.bn.bias, backbone.SA_modules.0.mlps.0.layer1.bn.running_mean, backbone.SA_modules.0.mlps.0.layer1.bn.running_var, backbone.SA_modules.0.mlps.0.layer2.conv.weight, backbone.SA_modules.0.mlps.0.layer2.bn.weight, backbone.SA_modules.0.mlps.0.layer2.bn.bias, backbone.SA_modules.0.mlps.0.layer2.bn.running_mean, backbone.SA_modules.0.mlps.0.layer2.bn.running_var, backbone.SA_modules.1.mlps.0.layer0.conv.weight, backbone.SA_modules.1.mlps.0.layer0.bn.weight, backbone.SA_modules.1.mlps.0.layer0.bn.bias, backbone.SA_modules.1.mlps.0.layer0.bn.running_mean, backbone.SA_modules.1.mlps.0.layer0.bn.running_var, backbone.SA_modules.1.mlps.0.layer1.conv.weight, backbone.SA_modules.1.mlps.0.layer1.bn.weight, backbone.SA_modules.1.mlps.0.layer1.bn.bias, backbone.SA_modules.1.mlps.0.layer1.bn.running_mean, backbone.SA_modules.1.mlps.0.layer1.bn.running_var, backbone.SA_modules.1.mlps.0.layer2.conv.weight, backbone.SA_modules.1.mlps.0.layer2.bn.weight, backbone.SA_modules.1.mlps.0.layer2.bn.bias, backbone.SA_modules.1.mlps.0.layer2.bn.running_mean, backbone.SA_modules.1.mlps.0.layer2.bn.running_var, backbone.SA_modules.2.mlps.0.layer0.conv.weight, backbone.SA_modules.2.mlps.0.layer0.bn.weight, backbone.SA_modules.2.mlps.0.layer0.bn.bias, backbone.SA_modules.2.mlps.0.layer0.bn.running_mean, backbone.SA_modules.2.mlps.0.layer0.bn.running_var, backbone.SA_modules.2.mlps.0.layer1.conv.weight, backbone.SA_modules.2.mlps.0.layer1.bn.weight, backbone.SA_modules.2.mlps.0.layer1.bn.bias, backbone.SA_modules.2.mlps.0.layer1.bn.running_mean, backbone.SA_modules.2.mlps.0.layer1.bn.running_var, backbone.SA_modules.2.mlps.0.layer2.conv.weight, backbone.SA_modules.2.mlps.0.layer2.bn.weight, backbone.SA_modules.2.mlps.0.layer2.bn.bias, backbone.SA_modules.2.mlps.0.layer2.bn.running_mean, backbone.SA_modules.2.mlps.0.layer2.bn.running_var, backbone.SA_modules.3.mlps.0.layer0.conv.weight, backbone.SA_modules.3.mlps.0.layer0.bn.weight, backbone.SA_modules.3.mlps.0.layer0.bn.bias, backbone.SA_modules.3.mlps.0.layer0.bn.running_mean, backbone.SA_modules.3.mlps.0.layer0.bn.running_var, backbone.SA_modules.3.mlps.0.layer1.conv.weight, backbone.SA_modules.3.mlps.0.layer1.bn.weight, backbone.SA_modules.3.mlps.0.layer1.bn.bias, backbone.SA_modules.3.mlps.0.layer1.bn.running_mean, backbone.SA_modules.3.mlps.0.layer1.bn.running_var, backbone.SA_modules.3.mlps.0.layer2.conv.weight, backbone.SA_modules.3.mlps.0.layer2.bn.weight, backbone.SA_modules.3.mlps.0.layer2.bn.bias, backbone.SA_modules.3.mlps.0.layer2.bn.running_mean, backbone.SA_modules.3.mlps.0.layer2.bn.running_var, backbone.FP_modules.0.mlps.layer0.conv.weight, backbone.FP_modules.0.mlps.layer0.bn.weight, backbone.FP_modules.0.mlps.layer0.bn.bias, backbone.FP_modules.0.mlps.layer0.bn.running_mean, backbone.FP_modules.0.mlps.layer0.bn.running_var, backbone.FP_modules.0.mlps.layer1.conv.weight, backbone.FP_modules.0.mlps.layer1.bn.weight, backbone.FP_modules.0.mlps.layer1.bn.bias, backbone.FP_modules.0.mlps.layer1.bn.running_mean, backbone.FP_modules.0.mlps.layer1.bn.running_var, backbone.FP_modules.1.mlps.layer0.conv.weight, backbone.FP_modules.1.mlps.layer0.bn.weight, backbone.FP_modules.1.mlps.layer0.bn.bias, backbone.FP_modules.1.mlps.layer0.bn.running_mean, backbone.FP_modules.1.mlps.layer0.bn.running_var, backbone.FP_modules.1.mlps.layer1.conv.weight, backbone.FP_modules.1.mlps.layer1.bn.weight, backbone.FP_modules.1.mlps.layer1.bn.bias, backbone.FP_modules.1.mlps.layer1.bn.running_mean, backbone.FP_modules.1.mlps.layer1.bn.running_var, bbox_head.vote_module.vote_conv.0.conv.weight, bbox_head.vote_module.vote_conv.0.conv.bias, bbox_head.vote_module.vote_conv.0.bn.weight, bbox_head.vote_module.vote_conv.0.bn.bias, bbox_head.vote_module.vote_conv.0.bn.running_mean, bbox_head.vote_module.vote_conv.0.bn.running_var, bbox_head.vote_module.vote_conv.1.conv.weight, bbox_head.vote_module.vote_conv.1.conv.bias, bbox_head.vote_module.vote_conv.1.bn.weight, bbox_head.vote_module.vote_conv.1.bn.bias, bbox_head.vote_module.vote_conv.1.bn.running_mean, bbox_head.vote_module.vote_conv.1.bn.running_var, bbox_head.vote_module.conv_out.weight, bbox_head.vote_module.conv_out.bias, bbox_head.vote_aggregation.mlps.0.layer0.conv.weight, bbox_head.vote_aggregation.mlps.0.layer0.bn.weight, bbox_head.vote_aggregation.mlps.0.layer0.bn.bias, bbox_head.vote_aggregation.mlps.0.layer0.bn.running_mean, bbox_head.vote_aggregation.mlps.0.layer0.bn.running_var, bbox_head.vote_aggregation.mlps.0.layer1.conv.weight, bbox_head.vote_aggregation.mlps.0.layer1.bn.weight, bbox_head.vote_aggregation.mlps.0.layer1.bn.bias, bbox_head.vote_aggregation.mlps.0.layer1.bn.running_mean, bbox_head.vote_aggregation.mlps.0.layer1.bn.running_var, bbox_head.vote_aggregation.mlps.0.layer2.conv.weight, bbox_head.vote_aggregation.mlps.0.layer2.bn.weight, bbox_head.vote_aggregation.mlps.0.layer2.bn.bias, bbox_head.vote_aggregation.mlps.0.layer2.bn.running_mean, bbox_head.vote_aggregation.mlps.0.layer2.bn.running_var, bbox_head.conv_pred.shared_convs.layer0.conv.weight, bbox_head.conv_pred.shared_convs.layer0.conv.bias, bbox_head.conv_pred.shared_convs.layer0.bn.weight, bbox_head.conv_pred.shared_convs.layer0.bn.bias, bbox_head.conv_pred.shared_convs.layer0.bn.running_mean, bbox_head.conv_pred.shared_convs.layer0.bn.running_var, bbox_head.conv_pred.shared_convs.layer1.conv.weight, bbox_head.conv_pred.shared_convs.layer1.conv.bias, bbox_head.conv_pred.shared_convs.layer1.bn.weight, bbox_head.conv_pred.shared_convs.layer1.bn.bias, bbox_head.conv_pred.shared_convs.layer1.bn.running_mean, bbox_head.conv_pred.shared_convs.layer1.bn.running_var, bbox_head.conv_pred.conv_cls.weight, bbox_head.conv_pred.conv_cls.bias, bbox_head.conv_pred.conv_reg.weight, bbox_head.conv_pred.conv_reg.bias, conv.0.weight, conv.0.bias, conv.1.weight, conv.1.bias, conv.1.running_mean, conv.1.running_var

2026-05-18 11:19:20,288 - mmdet - INFO - Start running, host: zero@l40server, work_dir: /home/zero/USER/HEYU/tr3d/work_dirs/DFF_RFDETR_VoteNet_FF/3
2026-05-18 11:19:20,288 - mmdet - INFO - Hooks will be executed in the following order:
before_run:
(VERY_HIGH   ) StepLrUpdaterHook                  
(NORMAL      ) CheckpointHook                     
(LOW         ) EvalHook                           
(VERY_LOW    ) TextLoggerHook                     
 -------------------- 
before_train_epoch:
(VERY_HIGH   ) StepLrUpdaterHook                  
(LOW         ) IterTimerHook                      
(LOW         ) EvalHook                           
(VERY_LOW    ) TextLoggerHook                     
 -------------------- 
before_train_iter:
(VERY_HIGH   ) StepLrUpdaterHook                  
(LOW         ) IterTimerHook                      
(LOW         ) EvalHook                           
 -------------------- 
after_train_iter:
(ABOVE_NORMAL) OptimizerHook                      
(NORMAL      ) CheckpointHook                     
(LOW         ) IterTimerHook                      
(LOW         ) EvalHook                           
(VERY_LOW    ) TextLoggerHook                     
 -------------------- 
after_train_epoch:
(NORMAL      ) CheckpointHook                     
(LOW         ) EvalHook                           
(VERY_LOW    ) TextLoggerHook                     
 -------------------- 
before_val_epoch:
(LOW         ) IterTimerHook                      
(VERY_LOW    ) TextLoggerHook                     
 -------------------- 
before_val_iter:
(LOW         ) IterTimerHook                      
 -------------------- 
after_val_iter:
(LOW         ) IterTimerHook                      
 -------------------- 
after_val_epoch:
(VERY_LOW    ) TextLoggerHook                     
 -------------------- 
after_run:
(VERY_LOW    ) TextLoggerHook                     
 -------------------- 
2026-05-18 11:19:20,288 - mmdet - INFO - workflow: [('train', 1)], max: 36 epochs
2026-05-18 11:19:20,288 - mmdet - INFO - Checkpoints will be saved to /home/zero/USER/HEYU/tr3d/work_dirs/DFF_RFDETR_VoteNet_FF/3 by HardDiskBackend.
2026-05-18 11:19:39,819 - mmdet - INFO - Epoch [1][50/1652]	lr: 8.000e-03, eta: 6:26:46, time: 0.391, data_time: 0.076, memory: 9507, vote_loss: 9.8518, objectness_loss: 0.4866, semantic_loss: 1.4721, center_loss: 2.2259, dir_class_loss: 2.4299, dir_res_loss: 2.0865, size_class_loss: 1.4851, size_res_loss: 0.5930, loss: 20.6308, grad_norm: 269.2382
2026-05-18 11:19:56,488 - mmdet - INFO - Epoch [1][100/1652]	lr: 8.000e-03, eta: 5:58:10, time: 0.333, data_time: 0.025, memory: 9507, vote_loss: 7.2882, objectness_loss: 0.5292, semantic_loss: 1.3070, center_loss: 1.1174, dir_class_loss: 2.3425, dir_res_loss: 1.7048, size_class_loss: 1.3026, size_res_loss: 0.3718, loss: 15.9636, grad_norm: 14.3476
2026-05-18 11:20:13,471 - mmdet - INFO - Epoch [1][150/1652]	lr: 8.000e-03, eta: 5:50:31, time: 0.340, data_time: 0.027, memory: 9507, vote_loss: 6.7312, objectness_loss: 0.5126, semantic_loss: 1.1575, center_loss: 0.9743, dir_class_loss: 2.3439, dir_res_loss: 1.8560, size_class_loss: 1.1562, size_res_loss: 0.3886, loss: 15.1202, grad_norm: 12.1553
2026-05-18 11:20:30,018 - mmdet - INFO - Epoch [1][200/1652]	lr: 8.000e-03, eta: 5:44:24, time: 0.331, data_time: 0.026, memory: 9507, vote_loss: 7.0120, objectness_loss: 0.4598, semantic_loss: 1.0929, center_loss: 0.9792, dir_class_loss: 2.3642, dir_res_loss: 1.7397, size_class_loss: 1.0909, size_res_loss: 0.3826, loss: 15.1213, grad_norm: 11.5332
2026-05-18 11:20:46,617 - mmdet - INFO - Epoch [1][250/1652]	lr: 8.000e-03, eta: 5:40:49, time: 0.332, data_time: 0.027, memory: 9507, vote_loss: 6.6632, objectness_loss: 0.4593, semantic_loss: 1.1258, center_loss: 0.8410, dir_class_loss: 2.2754, dir_res_loss: 1.8019, size_class_loss: 1.1221, size_res_loss: 0.3365, loss: 14.6253, grad_norm: 8.7372
2026-05-18 11:21:03,303 - mmdet - INFO - Epoch [1][300/1652]	lr: 8.000e-03, eta: 5:38:37, time: 0.334, data_time: 0.026, memory: 9507, vote_loss: 6.6860, objectness_loss: 0.4770, semantic_loss: 1.0567, center_loss: 0.9206, dir_class_loss: 2.3079, dir_res_loss: 1.7735, size_class_loss: 1.0543, size_res_loss: 0.4145, loss: 14.6907, grad_norm: 8.7655
2026-05-18 11:21:19,912 - mmdet - INFO - Epoch [1][350/1652]	lr: 8.000e-03, eta: 5:36:46, time: 0.332, data_time: 0.026, memory: 9507, vote_loss: 6.6383, objectness_loss: 0.4846, semantic_loss: 0.9709, center_loss: 0.8500, dir_class_loss: 2.2994, dir_res_loss: 1.6505, size_class_loss: 0.9706, size_res_loss: 0.3621, loss: 14.2265, grad_norm: 8.1251
2026-05-18 11:21:36,581 - mmdet - INFO - Epoch [1][400/1652]	lr: 8.000e-03, eta: 5:35:27, time: 0.333, data_time: 0.026, memory: 9507, vote_loss: 6.3650, objectness_loss: 0.5047, semantic_loss: 1.0021, center_loss: 0.8814, dir_class_loss: 2.2492, dir_res_loss: 1.5762, size_class_loss: 0.9993, size_res_loss: 0.3654, loss: 13.9434, grad_norm: 8.1964
2026-05-18 11:21:53,024 - mmdet - INFO - Epoch [1][450/1652]	lr: 8.000e-03, eta: 5:33:52, time: 0.329, data_time: 0.025, memory: 9507, vote_loss: 6.3218, objectness_loss: 0.5133, semantic_loss: 0.9245, center_loss: 0.8520, dir_class_loss: 2.2567, dir_res_loss: 1.6750, size_class_loss: 0.9232, size_res_loss: 0.3308, loss: 13.7973, grad_norm: 7.3941
2026-05-18 11:22:09,378 - mmdet - INFO - Epoch [1][500/1652]	lr: 8.000e-03, eta: 5:32:22, time: 0.327, data_time: 0.024, memory: 9507, vote_loss: 6.2841, objectness_loss: 0.4930, semantic_loss: 0.8790, center_loss: 0.9242, dir_class_loss: 2.1946, dir_res_loss: 1.7283, size_class_loss: 0.8798, size_res_loss: 0.3575, loss: 13.7405, grad_norm: 8.1684
2026-05-18 11:22:25,761 - mmdet - INFO - Epoch [1][550/1652]	lr: 8.000e-03, eta: 5:31:09, time: 0.328, data_time: 0.024, memory: 9507, vote_loss: 6.3396, objectness_loss: 0.4966, semantic_loss: 0.9434, center_loss: 0.9081, dir_class_loss: 2.1749, dir_res_loss: 1.6510, size_class_loss: 0.9439, size_res_loss: 0.3462, loss: 13.8037, grad_norm: 9.7483
2026-05-18 11:22:42,164 - mmdet - INFO - Epoch [1][600/1652]	lr: 8.000e-03, eta: 5:30:07, time: 0.328, data_time: 0.025, memory: 9507, vote_loss: 6.3741, objectness_loss: 0.4564, semantic_loss: 0.8929, center_loss: 0.8454, dir_class_loss: 2.1831, dir_res_loss: 1.7583, size_class_loss: 0.8915, size_res_loss: 0.3456, loss: 13.7472, grad_norm: 7.4576
2026-05-18 11:22:58,600 - mmdet - INFO - Epoch [1][650/1652]	lr: 8.000e-03, eta: 5:29:15, time: 0.329, data_time: 0.025, memory: 9507, vote_loss: 6.3364, objectness_loss: 0.4512, semantic_loss: 0.8850, center_loss: 0.8043, dir_class_loss: 2.1362, dir_res_loss: 1.7210, size_class_loss: 0.8842, size_res_loss: 0.2941, loss: 13.5124, grad_norm: 8.3066
2026-05-18 11:23:15,134 - mmdet - INFO - Epoch [1][700/1652]	lr: 8.000e-03, eta: 5:28:37, time: 0.331, data_time: 0.026, memory: 9507, vote_loss: 6.3488, objectness_loss: 0.4636, semantic_loss: 0.7956, center_loss: 0.8829, dir_class_loss: 2.1898, dir_res_loss: 1.6913, size_class_loss: 0.7951, size_res_loss: 0.3073, loss: 13.4743, grad_norm: 9.4029
2026-05-18 11:23:31,686 - mmdet - INFO - Epoch [1][750/1652]	lr: 8.000e-03, eta: 5:28:02, time: 0.331, data_time: 0.025, memory: 9507, vote_loss: 5.9530, objectness_loss: 0.4359, semantic_loss: 0.7360, center_loss: 0.7848, dir_class_loss: 2.1894, dir_res_loss: 1.8993, size_class_loss: 0.7357, size_res_loss: 0.3135, loss: 13.0476, grad_norm: 8.5446
2026-05-18 11:23:48,436 - mmdet - INFO - Epoch [1][800/1652]	lr: 8.000e-03, eta: 5:27:45, time: 0.335, data_time: 0.027, memory: 9507, vote_loss: 6.4336, objectness_loss: 0.4623, semantic_loss: 0.8117, center_loss: 0.8091, dir_class_loss: 2.1734, dir_res_loss: 1.7504, size_class_loss: 0.8119, size_res_loss: 0.3414, loss: 13.5939, grad_norm: 7.6340
2026-05-18 11:24:04,946 - mmdet - INFO - Epoch [1][850/1652]	lr: 8.000e-03, eta: 5:27:11, time: 0.330, data_time: 0.027, memory: 9507, vote_loss: 6.1799, objectness_loss: 0.4734, semantic_loss: 0.8528, center_loss: 0.8307, dir_class_loss: 2.1663, dir_res_loss: 1.6668, size_class_loss: 0.8527, size_res_loss: 0.3450, loss: 13.3676, grad_norm: 7.6519
2026-05-18 11:24:21,447 - mmdet - INFO - Epoch [1][900/1652]	lr: 8.000e-03, eta: 5:26:39, time: 0.330, data_time: 0.026, memory: 9507, vote_loss: 6.2384, objectness_loss: 0.4614, semantic_loss: 0.8057, center_loss: 0.7919, dir_class_loss: 2.1544, dir_res_loss: 1.6789, size_class_loss: 0.8055, size_res_loss: 0.3623, loss: 13.2986, grad_norm: 8.3403
2026-05-18 11:24:37,988 - mmdet - INFO - Epoch [1][950/1652]	lr: 8.000e-03, eta: 5:26:10, time: 0.331, data_time: 0.027, memory: 9507, vote_loss: 6.1682, objectness_loss: 0.4531, semantic_loss: 0.7774, center_loss: 0.8140, dir_class_loss: 2.1321, dir_res_loss: 1.6376, size_class_loss: 0.7765, size_res_loss: 0.3461, loss: 13.1050, grad_norm: 7.4615
2026-05-18 11:24:54,645 - mmdet - INFO - Exp name: votenet-ff_16x8_sunrgbd-3d-10class.py
2026-05-18 11:24:54,645 - mmdet - INFO - Epoch [1][1000/1652]	lr: 8.000e-03, eta: 5:25:50, time: 0.333, data_time: 0.027, memory: 9507, vote_loss: 6.2284, objectness_loss: 0.4491, semantic_loss: 0.7659, center_loss: 0.8443, dir_class_loss: 2.1160, dir_res_loss: 1.6465, size_class_loss: 0.7661, size_res_loss: 0.3495, loss: 13.1657, grad_norm: 7.9570
2026-05-18 11:25:11,220 - mmdet - INFO - Epoch [1][1050/1652]	lr: 8.000e-03, eta: 5:25:25, time: 0.332, data_time: 0.026, memory: 9507, vote_loss: 6.1728, objectness_loss: 0.4276, semantic_loss: 0.7432, center_loss: 0.7859, dir_class_loss: 2.0803, dir_res_loss: 1.6960, size_class_loss: 0.7432, size_res_loss: 0.3494, loss: 12.9984, grad_norm: 7.3583
2026-05-18 11:25:27,841 - mmdet - INFO - Epoch [1][1100/1652]	lr: 8.000e-03, eta: 5:25:03, time: 0.332, data_time: 0.026, memory: 9507, vote_loss: 6.0714, objectness_loss: 0.4189, semantic_loss: 0.6994, center_loss: 0.8492, dir_class_loss: 2.1341, dir_res_loss: 1.7161, size_class_loss: 0.6990, size_res_loss: 0.3454, loss: 12.9334, grad_norm: 8.2174
2026-05-18 11:25:44,416 - mmdet - INFO - Epoch [1][1150/1652]	lr: 8.000e-03, eta: 5:24:40, time: 0.331, data_time: 0.026, memory: 9507, vote_loss: 6.0921, objectness_loss: 0.4569, semantic_loss: 0.7299, center_loss: 0.8066, dir_class_loss: 2.1054, dir_res_loss: 1.6973, size_class_loss: 0.7302, size_res_loss: 0.3091, loss: 12.9274, grad_norm: 7.5921
2026-05-18 11:26:00,961 - mmdet - INFO - Epoch [1][1200/1652]	lr: 8.000e-03, eta: 5:24:16, time: 0.331, data_time: 0.027, memory: 9507, vote_loss: 6.1426, objectness_loss: 0.4681, semantic_loss: 0.7763, center_loss: 0.7791, dir_class_loss: 2.0905, dir_res_loss: 1.7413, size_class_loss: 0.7767, size_res_loss: 0.3300, loss: 13.1046, grad_norm: 7.5101
2026-05-18 11:26:17,589 - mmdet - INFO - Epoch [1][1250/1652]	lr: 8.000e-03, eta: 5:23:56, time: 0.333, data_time: 0.027, memory: 9507, vote_loss: 5.7449, objectness_loss: 0.4683, semantic_loss: 0.6864, center_loss: 0.7348, dir_class_loss: 2.1046, dir_res_loss: 1.7362, size_class_loss: 0.6862, size_res_loss: 0.3095, loss: 12.4709, grad_norm: 7.0878
2026-05-18 11:26:34,183 - mmdet - INFO - Epoch [1][1300/1652]	lr: 8.000e-03, eta: 5:23:35, time: 0.332, data_time: 0.026, memory: 9507, vote_loss: 5.9989, objectness_loss: 0.4630, semantic_loss: 0.6868, center_loss: 0.7892, dir_class_loss: 2.1155, dir_res_loss: 1.7172, size_class_loss: 0.6869, size_res_loss: 0.3538, loss: 12.8113, grad_norm: 7.9012
2026-05-18 11:26:50,753 - mmdet - INFO - Epoch [1][1350/1652]	lr: 8.000e-03, eta: 5:23:13, time: 0.331, data_time: 0.026, memory: 9507, vote_loss: 5.8254, objectness_loss: 0.4494, semantic_loss: 0.6844, center_loss: 0.7455, dir_class_loss: 2.0454, dir_res_loss: 1.6691, size_class_loss: 0.6848, size_res_loss: 0.3326, loss: 12.4366, grad_norm: 7.6236
2026-05-18 11:27:07,239 - mmdet - INFO - Epoch [1][1400/1652]	lr: 8.000e-03, eta: 5:22:48, time: 0.330, data_time: 0.025, memory: 9507, vote_loss: 5.8693, objectness_loss: 0.4607, semantic_loss: 0.6855, center_loss: 0.7670, dir_class_loss: 2.0589, dir_res_loss: 1.8008, size_class_loss: 0.6856, size_res_loss: 0.3027, loss: 12.6306, grad_norm: 6.9925
2026-05-18 11:27:23,889 - mmdet - INFO - Epoch [1][1450/1652]	lr: 8.000e-03, eta: 5:22:31, time: 0.333, data_time: 0.026, memory: 9507, vote_loss: 5.6820, objectness_loss: 0.4288, semantic_loss: 0.6637, center_loss: 0.7701, dir_class_loss: 2.0540, dir_res_loss: 1.6289, size_class_loss: 0.6639, size_res_loss: 0.3321, loss: 12.2237, grad_norm: 7.2577
2026-05-18 11:27:40,483 - mmdet - INFO - Epoch [1][1500/1652]	lr: 8.000e-03, eta: 5:22:11, time: 0.332, data_time: 0.026, memory: 9507, vote_loss: 5.8842, objectness_loss: 0.4255, semantic_loss: 0.5965, center_loss: 0.7752, dir_class_loss: 1.9619, dir_res_loss: 1.6294, size_class_loss: 0.5963, size_res_loss: 0.3303, loss: 12.1992, grad_norm: 7.8413
2026-05-18 11:27:57,166 - mmdet - INFO - Epoch [1][1550/1652]	lr: 8.000e-03, eta: 5:21:54, time: 0.334, data_time: 0.027, memory: 9507, vote_loss: 5.7376, objectness_loss: 0.4759, semantic_loss: 0.6043, center_loss: 0.8252, dir_class_loss: 1.9911, dir_res_loss: 1.7222, size_class_loss: 0.6037, size_res_loss: 0.3266, loss: 12.2867, grad_norm: 7.0515
2026-05-18 11:28:13,771 - mmdet - INFO - Epoch [1][1600/1652]	lr: 8.000e-03, eta: 5:21:35, time: 0.332, data_time: 0.026, memory: 9507, vote_loss: 5.8936, objectness_loss: 0.4690, semantic_loss: 0.6226, center_loss: 0.7803, dir_class_loss: 1.9603, dir_res_loss: 1.7008, size_class_loss: 0.6226, size_res_loss: 0.3124, loss: 12.3618, grad_norm: 7.1114
2026-05-18 11:28:30,329 - mmdet - INFO - Epoch [1][1650/1652]	lr: 8.000e-03, eta: 5:21:15, time: 0.331, data_time: 0.026, memory: 9507, vote_loss: 5.9443, objectness_loss: 0.4649, semantic_loss: 0.6810, center_loss: 0.7951, dir_class_loss: 1.9534, dir_res_loss: 1.6736, size_class_loss: 0.6803, size_res_loss: 0.3474, loss: 12.5401, grad_norm: 6.9324
2026-05-18 11:28:31,056 - mmdet - INFO - Saving checkpoint at 1 epochs
2026-05-18 11:28:50,478 - mmdet - INFO - Epoch [2][50/1652]	lr: 8.000e-03, eta: 5:21:58, time: 0.383, data_time: 0.077, memory: 9507, vote_loss: 5.7808, objectness_loss: 0.4733, semantic_loss: 0.6600, center_loss: 0.7811, dir_class_loss: 1.9315, dir_res_loss: 1.6135, size_class_loss: 0.6600, size_res_loss: 0.3364, loss: 12.2367, grad_norm: 7.4088
2026-05-18 11:29:06,773 - mmdet - INFO - Epoch [2][100/1652]	lr: 8.000e-03, eta: 5:21:28, time: 0.326, data_time: 0.023, memory: 9507, vote_loss: 5.5492, objectness_loss: 0.4561, semantic_loss: 0.6446, center_loss: 0.7897, dir_class_loss: 1.8918, dir_res_loss: 1.5300, size_class_loss: 0.6449, size_res_loss: 0.3243, loss: 11.8305, grad_norm: 7.2042
2026-05-18 11:29:23,292 - mmdet - INFO - Epoch [2][150/1652]	lr: 8.000e-03, eta: 5:21:05, time: 0.330, data_time: 0.027, memory: 9507, vote_loss: 5.8563, objectness_loss: 0.4680, semantic_loss: 0.6865, center_loss: 0.7662, dir_class_loss: 1.8936, dir_res_loss: 1.6380, size_class_loss: 0.6869, size_res_loss: 0.3224, loss: 12.3179, grad_norm: 7.7800
2026-05-18 11:29:39,574 - mmdet - INFO - Epoch [2][200/1652]	lr: 8.000e-03, eta: 5:20:35, time: 0.326, data_time: 0.023, memory: 9507, vote_loss: 5.8561, objectness_loss: 0.4460, semantic_loss: 0.6488, center_loss: 0.7840, dir_class_loss: 1.9191, dir_res_loss: 1.6375, size_class_loss: 0.6490, size_res_loss: 0.3293, loss: 12.2697, grad_norm: 7.3195
2026-05-18 11:29:55,871 - mmdet - INFO - Epoch [2][250/1652]	lr: 8.000e-03, eta: 5:20:06, time: 0.326, data_time: 0.023, memory: 9507, vote_loss: 5.7517, objectness_loss: 0.4342, semantic_loss: 0.6126, center_loss: 0.7617, dir_class_loss: 1.8616, dir_res_loss: 1.6997, size_class_loss: 0.6127, size_res_loss: 0.2933, loss: 12.0276, grad_norm: 7.6342
2026-05-18 11:30:12,242 - mmdet - INFO - Epoch [2][300/1652]	lr: 8.000e-03, eta: 5:19:41, time: 0.327, data_time: 0.024, memory: 9507, vote_loss: 5.9471, objectness_loss: 0.4497, semantic_loss: 0.5977, center_loss: 0.7353, dir_class_loss: 1.8562, dir_res_loss: 1.6480, size_class_loss: 0.5974, size_res_loss: 0.3480, loss: 12.1793, grad_norm: 8.0878
2026-05-18 11:30:28,602 - mmdet - INFO - Epoch [2][350/1652]	lr: 8.000e-03, eta: 5:19:15, time: 0.327, data_time: 0.024, memory: 9507, vote_loss: 5.6161, objectness_loss: 0.4184, semantic_loss: 0.6353, center_loss: 0.7585, dir_class_loss: 1.8669, dir_res_loss: 1.6078, size_class_loss: 0.6354, size_res_loss: 0.3245, loss: 11.8629, grad_norm: 8.2357
2026-05-18 11:30:44,932 - mmdet - INFO - Epoch [2][400/1652]	lr: 8.000e-03, eta: 5:18:49, time: 0.327, data_time: 0.024, memory: 9507, vote_loss: 5.8705, objectness_loss: 0.4182, semantic_loss: 0.6253, center_loss: 0.7505, dir_class_loss: 1.8893, dir_res_loss: 1.6794, size_class_loss: 0.6256, size_res_loss: 0.3639, loss: 12.2226, grad_norm: 8.4419
2026-05-18 11:31:01,380 - mmdet - INFO - Epoch [2][450/1652]	lr: 8.000e-03, eta: 5:18:27, time: 0.329, data_time: 0.024, memory: 9507, vote_loss: 5.7825, objectness_loss: 0.4418, semantic_loss: 0.6199, center_loss: 0.7332, dir_class_loss: 1.8103, dir_res_loss: 1.6305, size_class_loss: 0.6202, size_res_loss: 0.3101, loss: 11.9484, grad_norm: 7.5833
2026-05-18 11:31:17,724 - mmdet - INFO - Epoch [2][500/1652]	lr: 8.000e-03, eta: 5:18:02, time: 0.327, data_time: 0.024, memory: 9507, vote_loss: 5.9312, objectness_loss: 0.4359, semantic_loss: 0.5823, center_loss: 0.7202, dir_class_loss: 1.8153, dir_res_loss: 1.5868, size_class_loss: 0.5817, size_res_loss: 0.3453, loss: 11.9987, grad_norm: 7.6407
2026-05-18 11:31:34,129 - mmdet - INFO - Epoch [2][550/1652]	lr: 8.000e-03, eta: 5:17:39, time: 0.328, data_time: 0.024, memory: 9507, vote_loss: 5.7385, objectness_loss: 0.4459, semantic_loss: 0.6125, center_loss: 0.7022, dir_class_loss: 1.8151, dir_res_loss: 1.6198, size_class_loss: 0.6126, size_res_loss: 0.3394, loss: 11.8861, grad_norm: 7.0862
2026-05-18 11:31:50,545 - mmdet - INFO - Epoch [2][600/1652]	lr: 8.000e-03, eta: 5:17:16, time: 0.328, data_time: 0.025, memory: 9507, vote_loss: 5.7418, objectness_loss: 0.4441, semantic_loss: 0.5937, center_loss: 0.7336, dir_class_loss: 1.8455, dir_res_loss: 1.5723, size_class_loss: 0.5938, size_res_loss: 0.3393, loss: 11.8641, grad_norm: 7.3338
2026-05-18 11:32:06,890 - mmdet - INFO - Epoch [2][650/1652]	lr: 8.000e-03, eta: 5:16:53, time: 0.327, data_time: 0.024, memory: 9507, vote_loss: 5.8457, objectness_loss: 0.4530, semantic_loss: 0.6603, center_loss: 0.6944, dir_class_loss: 1.8677, dir_res_loss: 1.6477, size_class_loss: 0.6602, size_res_loss: 0.3580, loss: 12.1870, grad_norm: 6.7248
2026-05-18 11:32:23,262 - mmdet - INFO - Epoch [2][700/1652]	lr: 8.000e-03, eta: 5:16:30, time: 0.327, data_time: 0.024, memory: 9507, vote_loss: 5.6921, objectness_loss: 0.4683, semantic_loss: 0.6373, center_loss: 0.7385, dir_class_loss: 1.7783, dir_res_loss: 1.5503, size_class_loss: 0.6371, size_res_loss: 0.3058, loss: 11.8077, grad_norm: 6.9902
2026-05-18 11:32:39,632 - mmdet - INFO - Epoch [2][750/1652]	lr: 8.000e-03, eta: 5:16:07, time: 0.327, data_time: 0.024, memory: 9507, vote_loss: 5.8700, objectness_loss: 0.4395, semantic_loss: 0.6264, center_loss: 0.7028, dir_class_loss: 1.8989, dir_res_loss: 1.6114, size_class_loss: 0.6262, size_res_loss: 0.3529, loss: 12.1280, grad_norm: 6.8206
2026-05-18 11:32:55,988 - mmdet - INFO - Epoch [2][800/1652]	lr: 8.000e-03, eta: 5:15:44, time: 0.327, data_time: 0.024, memory: 9507, vote_loss: 5.7636, objectness_loss: 0.4399, semantic_loss: 0.5269, center_loss: 0.7105, dir_class_loss: 1.7791, dir_res_loss: 1.5744, size_class_loss: 0.5268, size_res_loss: 0.3428, loss: 11.6640, grad_norm: 7.8121
2026-05-18 11:33:12,373 - mmdet - INFO - Epoch [2][850/1652]	lr: 8.000e-03, eta: 5:15:23, time: 0.328, data_time: 0.024, memory: 9507, vote_loss: 5.7765, objectness_loss: 0.4114, semantic_loss: 0.5001, center_loss: 0.7401, dir_class_loss: 1.8144, dir_res_loss: 1.4994, size_class_loss: 0.5002, size_res_loss: 0.2994, loss: 11.5414, grad_norm: 7.3497
2026-05-18 11:33:28,673 - mmdet - INFO - Epoch [2][900/1652]	lr: 8.000e-03, eta: 5:14:59, time: 0.326, data_time: 0.024, memory: 9507, vote_loss: 5.7506, objectness_loss: 0.4058, semantic_loss: 0.5568, center_loss: 0.7380, dir_class_loss: 1.7578, dir_res_loss: 1.5699, size_class_loss: 0.5570, size_res_loss: 0.3411, loss: 11.6769, grad_norm: 7.0799
2026-05-18 11:33:45,067 - mmdet - INFO - Epoch [2][950/1652]	lr: 8.000e-03, eta: 5:14:38, time: 0.328, data_time: 0.024, memory: 9507, vote_loss: 5.6498, objectness_loss: 0.3968, semantic_loss: 0.5270, center_loss: 0.6988, dir_class_loss: 1.7374, dir_res_loss: 1.5282, size_class_loss: 0.5269, size_res_loss: 0.3649, loss: 11.4296, grad_norm: 7.1400
2026-05-18 11:34:01,448 - mmdet - INFO - Epoch [2][1000/1652]	lr: 8.000e-03, eta: 5:14:17, time: 0.328, data_time: 0.024, memory: 9507, vote_loss: 5.4558, objectness_loss: 0.4367, semantic_loss: 0.5601, center_loss: 0.6992, dir_class_loss: 1.7297, dir_res_loss: 1.5838, size_class_loss: 0.5602, size_res_loss: 0.3207, loss: 11.3462, grad_norm: 7.0803
2026-05-18 11:34:17,760 - mmdet - INFO - Epoch [2][1050/1652]	lr: 8.000e-03, eta: 5:13:54, time: 0.326, data_time: 0.024, memory: 9507, vote_loss: 5.8136, objectness_loss: 0.4473, semantic_loss: 0.5022, center_loss: 0.7240, dir_class_loss: 1.6859, dir_res_loss: 1.6447, size_class_loss: 0.5022, size_res_loss: 0.3374, loss: 11.6572, grad_norm: 7.8794
2026-05-18 11:34:34,096 - mmdet - INFO - Epoch [2][1100/1652]	lr: 8.000e-03, eta: 5:13:32, time: 0.327, data_time: 0.024, memory: 9507, vote_loss: 5.6944, objectness_loss: 0.4271, semantic_loss: 0.5845, center_loss: 0.7146, dir_class_loss: 1.7301, dir_res_loss: 1.6935, size_class_loss: 0.5845, size_res_loss: 0.3367, loss: 11.7653, grad_norm: 7.5389
2026-05-18 11:34:50,514 - mmdet - INFO - Epoch [2][1150/1652]	lr: 8.000e-03, eta: 5:13:12, time: 0.328, data_time: 0.024, memory: 9507, vote_loss: 5.6852, objectness_loss: 0.4399, semantic_loss: 0.5818, center_loss: 0.6927, dir_class_loss: 1.7138, dir_res_loss: 1.5829, size_class_loss: 0.5819, size_res_loss: 0.3537, loss: 11.6318, grad_norm: 7.2711
2026-05-18 11:35:06,903 - mmdet - INFO - Epoch [2][1200/1652]	lr: 8.000e-03, eta: 5:12:52, time: 0.328, data_time: 0.025, memory: 9507, vote_loss: 5.8167, objectness_loss: 0.4425, semantic_loss: 0.5915, center_loss: 0.6584, dir_class_loss: 1.7122, dir_res_loss: 1.5693, size_class_loss: 0.5912, size_res_loss: 0.4200, loss: 11.8019, grad_norm: 7.5549
2026-05-18 11:35:23,271 - mmdet - INFO - Epoch [2][1250/1652]	lr: 8.000e-03, eta: 5:12:31, time: 0.327, data_time: 0.024, memory: 9507, vote_loss: 5.6490, objectness_loss: 0.4281, semantic_loss: 0.5879, center_loss: 0.6461, dir_class_loss: 1.7780, dir_res_loss: 1.5866, size_class_loss: 0.5877, size_res_loss: 0.3038, loss: 11.5671, grad_norm: 7.1724
2026-05-18 11:35:39,604 - mmdet - INFO - Epoch [2][1300/1652]	lr: 8.000e-03, eta: 5:12:10, time: 0.327, data_time: 0.024, memory: 9507, vote_loss: 5.6780, objectness_loss: 0.4143, semantic_loss: 0.5485, center_loss: 0.6631, dir_class_loss: 1.6641, dir_res_loss: 1.5135, size_class_loss: 0.5485, size_res_loss: 0.3228, loss: 11.3529, grad_norm: 6.5782
2026-05-18 11:35:55,960 - mmdet - INFO - Epoch [2][1350/1652]	lr: 8.000e-03, eta: 5:11:50, time: 0.327, data_time: 0.024, memory: 9507, vote_loss: 5.5717, objectness_loss: 0.4365, semantic_loss: 0.5378, center_loss: 0.7526, dir_class_loss: 1.7238, dir_res_loss: 1.5796, size_class_loss: 0.5378, size_res_loss: 0.3319, loss: 11.4716, grad_norm: 7.7695
2026-05-18 11:36:12,295 - mmdet - INFO - Epoch [2][1400/1652]	lr: 8.000e-03, eta: 5:11:29, time: 0.327, data_time: 0.024, memory: 9507, vote_loss: 5.4218, objectness_loss: 0.4556, semantic_loss: 0.5489, center_loss: 0.6994, dir_class_loss: 1.6449, dir_res_loss: 1.5124, size_class_loss: 0.5489, size_res_loss: 0.3346, loss: 11.1665, grad_norm: 7.1832
2026-05-18 11:36:28,676 - mmdet - INFO - Epoch [2][1450/1652]	lr: 8.000e-03, eta: 5:11:09, time: 0.328, data_time: 0.024, memory: 9507, vote_loss: 5.6333, objectness_loss: 0.4182, semantic_loss: 0.5598, center_loss: 0.6658, dir_class_loss: 1.7059, dir_res_loss: 1.5081, size_class_loss: 0.5600, size_res_loss: 0.3625, loss: 11.4137, grad_norm: 7.0244
2026-05-18 11:36:44,984 - mmdet - INFO - Epoch [2][1500/1652]	lr: 8.000e-03, eta: 5:10:48, time: 0.326, data_time: 0.024, memory: 9507, vote_loss: 5.4792, objectness_loss: 0.4378, semantic_loss: 0.5568, center_loss: 0.6540, dir_class_loss: 1.5929, dir_res_loss: 1.4288, size_class_loss: 0.5568, size_res_loss: 0.3278, loss: 11.0342, grad_norm: 7.5044
2026-05-18 11:37:01,325 - mmdet - INFO - Epoch [2][1550/1652]	lr: 8.000e-03, eta: 5:10:27, time: 0.327, data_time: 0.024, memory: 9507, vote_loss: 5.6411, objectness_loss: 0.4195, semantic_loss: 0.5494, center_loss: 0.7095, dir_class_loss: 1.6282, dir_res_loss: 1.3574, size_class_loss: 0.5493, size_res_loss: 0.3299, loss: 11.1841, grad_norm: 7.7041
2026-05-18 11:37:17,694 - mmdet - INFO - Epoch [2][1600/1652]	lr: 8.000e-03, eta: 5:10:08, time: 0.327, data_time: 0.024, memory: 9507, vote_loss: 5.5736, objectness_loss: 0.4182, semantic_loss: 0.4922, center_loss: 0.6913, dir_class_loss: 1.6034, dir_res_loss: 1.4212, size_class_loss: 0.4924, size_res_loss: 0.3312, loss: 11.0234, grad_norm: 7.4981
2026-05-18 11:37:34,039 - mmdet - INFO - Epoch [2][1650/1652]	lr: 8.000e-03, eta: 5:09:48, time: 0.327, data_time: 0.025, memory: 9507, vote_loss: 5.5414, objectness_loss: 0.4129, semantic_loss: 0.5395, center_loss: 0.6596, dir_class_loss: 1.5714, dir_res_loss: 1.4416, size_class_loss: 0.5395, size_res_loss: 0.3551, loss: 11.0610, grad_norm: 7.7647
2026-05-18 11:37:34,765 - mmdet - INFO - Saving checkpoint at 2 epochs
2026-05-18 11:37:54,123 - mmdet - INFO - Epoch [3][50/1652]	lr: 8.000e-03, eta: 5:10:02, time: 0.382, data_time: 0.078, memory: 9507, vote_loss: 5.5880, objectness_loss: 0.4336, semantic_loss: 0.4816, center_loss: 0.7087, dir_class_loss: 1.6135, dir_res_loss: 1.3599, size_class_loss: 0.4817, size_res_loss: 0.3432, loss: 11.0101, grad_norm: 6.9874
2026-05-18 11:38:10,476 - mmdet - INFO - Epoch [3][100/1652]	lr: 8.000e-03, eta: 5:09:42, time: 0.327, data_time: 0.025, memory: 9507, vote_loss: 5.4963, objectness_loss: 0.4041, semantic_loss: 0.5296, center_loss: 0.8058, dir_class_loss: 1.6226, dir_res_loss: 1.4796, size_class_loss: 0.5294, size_res_loss: 0.3308, loss: 11.1982, grad_norm: 7.9077
2026-05-18 11:38:27,049 - mmdet - INFO - Epoch [3][150/1652]	lr: 8.000e-03, eta: 5:09:25, time: 0.331, data_time: 0.026, memory: 9507, vote_loss: 5.3791, objectness_loss: 0.4015, semantic_loss: 0.4939, center_loss: 0.6605, dir_class_loss: 1.5482, dir_res_loss: 1.5714, size_class_loss: 0.4939, size_res_loss: 0.3633, loss: 10.9119, grad_norm: 7.2323
2026-05-18 11:38:43,574 - mmdet - INFO - Epoch [3][200/1652]	lr: 8.000e-03, eta: 5:09:08, time: 0.331, data_time: 0.028, memory: 9507, vote_loss: 5.4252, objectness_loss: 0.3951, semantic_loss: 0.4976, center_loss: 0.6824, dir_class_loss: 1.6091, dir_res_loss: 1.3850, size_class_loss: 0.4974, size_res_loss: 0.3286, loss: 10.8204, grad_norm: 7.7779
2026-05-18 11:38:59,939 - mmdet - INFO - Epoch [3][250/1652]	lr: 8.000e-03, eta: 5:08:48, time: 0.327, data_time: 0.024, memory: 9507, vote_loss: 5.7203, objectness_loss: 0.4173, semantic_loss: 0.5551, center_loss: 0.6774, dir_class_loss: 1.6408, dir_res_loss: 1.4636, size_class_loss: 0.5551, size_res_loss: 0.3841, loss: 11.4137, grad_norm: 7.3643
2026-05-18 11:39:16,342 - mmdet - INFO - Epoch [3][300/1652]	lr: 8.000e-03, eta: 5:08:29, time: 0.328, data_time: 0.025, memory: 9507, vote_loss: 5.7183, objectness_loss: 0.4271, semantic_loss: 0.5351, center_loss: 0.6618, dir_class_loss: 1.6441, dir_res_loss: 1.4483, size_class_loss: 0.5351, size_res_loss: 0.3632, loss: 11.3329, grad_norm: 6.9557
2026-05-18 11:39:32,694 - mmdet - INFO - Epoch [3][350/1652]	lr: 8.000e-03, eta: 5:08:09, time: 0.327, data_time: 0.024, memory: 9507, vote_loss: 5.7476, objectness_loss: 0.4121, semantic_loss: 0.5232, center_loss: 0.6520, dir_class_loss: 1.5958, dir_res_loss: 1.4566, size_class_loss: 0.5232, size_res_loss: 0.3224, loss: 11.2328, grad_norm: 7.4714
2026-05-18 11:39:49,102 - mmdet - INFO - Epoch [3][400/1652]	lr: 8.000e-03, eta: 5:07:50, time: 0.328, data_time: 0.024, memory: 9507, vote_loss: 5.5657, objectness_loss: 0.4307, semantic_loss: 0.5494, center_loss: 0.6828, dir_class_loss: 1.5370, dir_res_loss: 1.4414, size_class_loss: 0.5492, size_res_loss: 0.3369, loss: 11.0929, grad_norm: 6.8076
2026-05-18 11:40:05,484 - mmdet - INFO - Epoch [3][450/1652]	lr: 8.000e-03, eta: 5:07:31, time: 0.328, data_time: 0.024, memory: 9507, vote_loss: 5.6321, objectness_loss: 0.4161, semantic_loss: 0.5195, center_loss: 0.6788, dir_class_loss: 1.6053, dir_res_loss: 1.4806, size_class_loss: 0.5194, size_res_loss: 0.3334, loss: 11.1852, grad_norm: 7.4149
2026-05-18 11:40:21,828 - mmdet - INFO - Epoch [3][500/1652]	lr: 8.000e-03, eta: 5:07:11, time: 0.327, data_time: 0.024, memory: 9507, vote_loss: 5.5223, objectness_loss: 0.3908, semantic_loss: 0.5082, center_loss: 0.7041, dir_class_loss: 1.6077, dir_res_loss: 1.4585, size_class_loss: 0.5081, size_res_loss: 0.3072, loss: 11.0070, grad_norm: 8.8734
2026-05-18 11:40:38,185 - mmdet - INFO - Epoch [3][550/1652]	lr: 8.000e-03, eta: 5:06:52, time: 0.327, data_time: 0.024, memory: 9507, vote_loss: 5.4131, objectness_loss: 0.3821, semantic_loss: 0.4901, center_loss: 0.6508, dir_class_loss: 1.5885, dir_res_loss: 1.3923, size_class_loss: 0.4900, size_res_loss: 0.3206, loss: 10.7276, grad_norm: 7.5413
2026-05-18 11:40:54,591 - mmdet - INFO - Epoch [3][600/1652]	lr: 8.000e-03, eta: 5:06:33, time: 0.328, data_time: 0.025, memory: 9507, vote_loss: 5.5059, objectness_loss: 0.4566, semantic_loss: 0.5020, center_loss: 0.6180, dir_class_loss: 1.5582, dir_res_loss: 1.4313, size_class_loss: 0.5021, size_res_loss: 0.3311, loss: 10.9053, grad_norm: 6.5337
2026-05-18 11:41:10,948 - mmdet - INFO - Epoch [3][650/1652]	lr: 8.000e-03, eta: 5:06:14, time: 0.327, data_time: 0.024, memory: 9507, vote_loss: 5.6252, objectness_loss: 0.4023, semantic_loss: 0.4927, center_loss: 0.6535, dir_class_loss: 1.6006, dir_res_loss: 1.4451, size_class_loss: 0.4927, size_res_loss: 0.3107, loss: 11.0228, grad_norm: 6.7152
2026-05-18 11:41:27,370 - mmdet - INFO - Epoch [3][700/1652]	lr: 8.000e-03, eta: 5:05:56, time: 0.328, data_time: 0.025, memory: 9507, vote_loss: 5.5063, objectness_loss: 0.4238, semantic_loss: 0.5269, center_loss: 0.6531, dir_class_loss: 1.5363, dir_res_loss: 1.3561, size_class_loss: 0.5267, size_res_loss: 0.3453, loss: 10.8745, grad_norm: 7.4345
2026-05-18 11:41:43,766 - mmdet - INFO - Epoch [3][750/1652]	lr: 8.000e-03, eta: 5:05:37, time: 0.328, data_time: 0.024, memory: 9507, vote_loss: 5.6278, objectness_loss: 0.4136, semantic_loss: 0.4740, center_loss: 0.6911, dir_class_loss: 1.5061, dir_res_loss: 1.3646, size_class_loss: 0.4739, size_res_loss: 0.3250, loss: 10.8760, grad_norm: 8.3754
2026-05-18 11:42:00,144 - mmdet - INFO - Epoch [3][800/1652]	lr: 8.000e-03, eta: 5:05:18, time: 0.328, data_time: 0.025, memory: 9507, vote_loss: 5.5951, objectness_loss: 0.4281, semantic_loss: 0.5926, center_loss: 0.6368, dir_class_loss: 1.5189, dir_res_loss: 1.3476, size_class_loss: 0.5926, size_res_loss: 0.3568, loss: 11.0684, grad_norm: 7.7406
2026-05-18 11:42:16,481 - mmdet - INFO - Epoch [3][850/1652]	lr: 8.000e-03, eta: 5:04:59, time: 0.327, data_time: 0.024, memory: 9507, vote_loss: 5.6320, objectness_loss: 0.4031, semantic_loss: 0.5049, center_loss: 0.7063, dir_class_loss: 1.5333, dir_res_loss: 1.4323, size_class_loss: 0.5048, size_res_loss: 0.2937, loss: 11.0104, grad_norm: 7.7756
2026-05-18 11:42:32,842 - mmdet - INFO - Epoch [3][900/1652]	lr: 8.000e-03, eta: 5:04:40, time: 0.327, data_time: 0.024, memory: 9507, vote_loss: 5.5954, objectness_loss: 0.3847, semantic_loss: 0.5547, center_loss: 0.6752, dir_class_loss: 1.5293, dir_res_loss: 1.2832, size_class_loss: 0.5546, size_res_loss: 0.3675, loss: 10.9447, grad_norm: 7.6766
2026-05-18 11:42:49,215 - mmdet - INFO - Epoch [3][950/1652]	lr: 8.000e-03, eta: 5:04:21, time: 0.327, data_time: 0.025, memory: 9507, vote_loss: 5.5099, objectness_loss: 0.4347, semantic_loss: 0.5307, center_loss: 0.6483, dir_class_loss: 1.5886, dir_res_loss: 1.2998, size_class_loss: 0.5307, size_res_loss: 0.3292, loss: 10.8719, grad_norm: 6.6484
2026-05-18 11:43:05,575 - mmdet - INFO - Epoch [3][1000/1652]	lr: 8.000e-03, eta: 5:04:03, time: 0.327, data_time: 0.024, memory: 9507, vote_loss: 5.5623, objectness_loss: 0.4283, semantic_loss: 0.4738, center_loss: 0.6324, dir_class_loss: 1.5165, dir_res_loss: 1.2147, size_class_loss: 0.4739, size_res_loss: 0.2987, loss: 10.6006, grad_norm: 7.3037
2026-05-18 11:43:21,933 - mmdet - INFO - Epoch [3][1050/1652]	lr: 8.000e-03, eta: 5:03:44, time: 0.327, data_time: 0.024, memory: 9507, vote_loss: 5.4633, objectness_loss: 0.4044, semantic_loss: 0.4987, center_loss: 0.6371, dir_class_loss: 1.5564, dir_res_loss: 1.2662, size_class_loss: 0.4988, size_res_loss: 0.3365, loss: 10.6614, grad_norm: 7.1527
2026-05-18 11:43:38,349 - mmdet - INFO - Epoch [3][1100/1652]	lr: 8.000e-03, eta: 5:03:26, time: 0.328, data_time: 0.025, memory: 9507, vote_loss: 5.4578, objectness_loss: 0.3819, semantic_loss: 0.5324, center_loss: 0.6476, dir_class_loss: 1.5656, dir_res_loss: 1.3392, size_class_loss: 0.5324, size_res_loss: 0.3222, loss: 10.7791, grad_norm: 6.8401
2026-05-18 11:43:54,783 - mmdet - INFO - Epoch [3][1150/1652]	lr: 8.000e-03, eta: 5:03:08, time: 0.329, data_time: 0.024, memory: 9507, vote_loss: 5.5111, objectness_loss: 0.3714, semantic_loss: 0.4859, center_loss: 0.6808, dir_class_loss: 1.4648, dir_res_loss: 1.3407, size_class_loss: 0.4860, size_res_loss: 0.3242, loss: 10.6648, grad_norm: 7.4040
2026-05-18 11:44:11,223 - mmdet - INFO - Epoch [3][1200/1652]	lr: 8.000e-03, eta: 5:02:50, time: 0.329, data_time: 0.025, memory: 9507, vote_loss: 5.5380, objectness_loss: 0.3904, semantic_loss: 0.4830, center_loss: 0.6217, dir_class_loss: 1.5673, dir_res_loss: 1.4986, size_class_loss: 0.4830, size_res_loss: 0.3399, loss: 10.9219, grad_norm: 7.4459
2026-05-18 11:44:27,631 - mmdet - INFO - Epoch [3][1250/1652]	lr: 8.000e-03, eta: 5:02:32, time: 0.328, data_time: 0.024, memory: 9507, vote_loss: 5.4367, objectness_loss: 0.3839, semantic_loss: 0.4693, center_loss: 0.6597, dir_class_loss: 1.5692, dir_res_loss: 1.3870, size_class_loss: 0.4692, size_res_loss: 0.3393, loss: 10.7143, grad_norm: 7.2498
2026-05-18 11:44:44,058 - mmdet - INFO - Epoch [3][1300/1652]	lr: 8.000e-03, eta: 5:02:15, time: 0.329, data_time: 0.024, memory: 9507, vote_loss: 5.5164, objectness_loss: 0.3920, semantic_loss: 0.4360, center_loss: 0.6261, dir_class_loss: 1.5168, dir_res_loss: 1.2753, size_class_loss: 0.4361, size_res_loss: 0.3340, loss: 10.5328, grad_norm: 6.8005
2026-05-18 11:45:00,590 - mmdet - INFO - Epoch [3][1350/1652]	lr: 8.000e-03, eta: 5:01:58, time: 0.331, data_time: 0.025, memory: 9507, vote_loss: 5.3372, objectness_loss: 0.4405, semantic_loss: 0.5156, center_loss: 0.6279, dir_class_loss: 1.4785, dir_res_loss: 1.3286, size_class_loss: 0.5155, size_res_loss: 0.3303, loss: 10.5741, grad_norm: 6.7267
2026-05-18 11:45:16,997 - mmdet - INFO - Epoch [3][1400/1652]	lr: 8.000e-03, eta: 5:01:40, time: 0.328, data_time: 0.025, memory: 9507, vote_loss: 5.5914, objectness_loss: 0.4176, semantic_loss: 0.5544, center_loss: 0.6374, dir_class_loss: 1.5265, dir_res_loss: 1.3134, size_class_loss: 0.5544, size_res_loss: 0.3482, loss: 10.9432, grad_norm: 7.2799
2026-05-18 11:45:33,354 - mmdet - INFO - Epoch [3][1450/1652]	lr: 8.000e-03, eta: 5:01:22, time: 0.327, data_time: 0.025, memory: 9507, vote_loss: 5.5258, objectness_loss: 0.3843, semantic_loss: 0.5293, center_loss: 0.6145, dir_class_loss: 1.5253, dir_res_loss: 1.2932, size_class_loss: 0.5292, size_res_loss: 0.3166, loss: 10.7183, grad_norm: 7.4540
2026-05-18 11:45:49,746 - mmdet - INFO - Epoch [3][1500/1652]	lr: 8.000e-03, eta: 5:01:04, time: 0.328, data_time: 0.024, memory: 9507, vote_loss: 5.6147, objectness_loss: 0.4156, semantic_loss: 0.5154, center_loss: 0.6043, dir_class_loss: 1.4891, dir_res_loss: 1.2338, size_class_loss: 0.5154, size_res_loss: 0.3527, loss: 10.7410, grad_norm: 6.9910
2026-05-18 11:46:06,104 - mmdet - INFO - Epoch [3][1550/1652]	lr: 8.000e-03, eta: 5:00:46, time: 0.327, data_time: 0.025, memory: 9507, vote_loss: 5.3276, objectness_loss: 0.4186, semantic_loss: 0.5000, center_loss: 0.6385, dir_class_loss: 1.5468, dir_res_loss: 1.2648, size_class_loss: 0.5000, size_res_loss: 0.3283, loss: 10.5246, grad_norm: 7.7945
2026-05-18 11:46:22,449 - mmdet - INFO - Epoch [3][1600/1652]	lr: 8.000e-03, eta: 5:00:27, time: 0.327, data_time: 0.024, memory: 9507, vote_loss: 5.7529, objectness_loss: 0.4141, semantic_loss: 0.5124, center_loss: 0.6272, dir_class_loss: 1.4973, dir_res_loss: 1.3168, size_class_loss: 0.5123, size_res_loss: 0.3321, loss: 10.9651, grad_norm: 7.5221
2026-05-18 11:46:38,750 - mmdet - INFO - Epoch [3][1650/1652]	lr: 8.000e-03, eta: 5:00:08, time: 0.326, data_time: 0.024, memory: 9507, vote_loss: 5.5035, objectness_loss: 0.4149, semantic_loss: 0.5310, center_loss: 0.7213, dir_class_loss: 1.5044, dir_res_loss: 1.2661, size_class_loss: 0.5310, size_res_loss: 0.3417, loss: 10.8138, grad_norm: 7.8172
2026-05-18 11:46:39,467 - mmdet - INFO - Saving checkpoint at 3 epochs
2026-05-18 11:46:58,888 - mmdet - INFO - Epoch [4][50/1652]	lr: 8.000e-03, eta: 5:00:12, time: 0.382, data_time: 0.078, memory: 9507, vote_loss: 5.7011, objectness_loss: 0.3988, semantic_loss: 0.5539, center_loss: 0.6102, dir_class_loss: 1.4912, dir_res_loss: 1.2548, size_class_loss: 0.5538, size_res_loss: 0.3461, loss: 10.9097, grad_norm: 7.0403
2026-05-18 11:47:15,274 - mmdet - INFO - Epoch [4][100/1652]	lr: 8.000e-03, eta: 4:59:54, time: 0.328, data_time: 0.024, memory: 9507, vote_loss: 5.6040, objectness_loss: 0.4125, semantic_loss: 0.4933, center_loss: 0.6265, dir_class_loss: 1.5268, dir_res_loss: 1.2896, size_class_loss: 0.4934, size_res_loss: 0.3766, loss: 10.8227, grad_norm: 6.7217
2026-05-18 11:47:31,593 - mmdet - INFO - Epoch [4][150/1652]	lr: 8.000e-03, eta: 4:59:35, time: 0.326, data_time: 0.024, memory: 9507, vote_loss: 5.5615, objectness_loss: 0.4147, semantic_loss: 0.4838, center_loss: 0.6308, dir_class_loss: 1.4860, dir_res_loss: 1.2164, size_class_loss: 0.4838, size_res_loss: 0.3378, loss: 10.6147, grad_norm: 7.6233
2026-05-18 11:47:47,951 - mmdet - INFO - Epoch [4][200/1652]	lr: 8.000e-03, eta: 4:59:17, time: 0.327, data_time: 0.025, memory: 9507, vote_loss: 5.4693, objectness_loss: 0.3823, semantic_loss: 0.4871, center_loss: 0.6124, dir_class_loss: 1.5314, dir_res_loss: 1.3495, size_class_loss: 0.4871, size_res_loss: 0.3592, loss: 10.6784, grad_norm: 7.1896
2026-05-18 11:48:04,347 - mmdet - INFO - Epoch [4][250/1652]	lr: 8.000e-03, eta: 4:58:59, time: 0.328, data_time: 0.024, memory: 9507, vote_loss: 5.6368, objectness_loss: 0.3880, semantic_loss: 0.5116, center_loss: 0.6833, dir_class_loss: 1.5261, dir_res_loss: 1.2318, size_class_loss: 0.5116, size_res_loss: 0.3471, loss: 10.8363, grad_norm: 7.2002
2026-05-18 11:48:20,896 - mmdet - INFO - Epoch [4][300/1652]	lr: 8.000e-03, eta: 4:58:43, time: 0.331, data_time: 0.027, memory: 9507, vote_loss: 5.3998, objectness_loss: 0.4121, semantic_loss: 0.4242, center_loss: 0.6087, dir_class_loss: 1.4154, dir_res_loss: 1.1741, size_class_loss: 0.4241, size_res_loss: 0.3230, loss: 10.1814, grad_norm: 5.8423
2026-05-18 11:48:37,267 - mmdet - INFO - Epoch [4][350/1652]	lr: 8.000e-03, eta: 4:58:24, time: 0.327, data_time: 0.025, memory: 9507, vote_loss: 5.5862, objectness_loss: 0.3926, semantic_loss: 0.4580, center_loss: 0.6360, dir_class_loss: 1.4836, dir_res_loss: 1.3157, size_class_loss: 0.4580, size_res_loss: 0.3116, loss: 10.6418, grad_norm: 7.6682
2026-05-18 11:48:53,656 - mmdet - INFO - Epoch [4][400/1652]	lr: 8.000e-03, eta: 4:58:06, time: 0.328, data_time: 0.024, memory: 9507, vote_loss: 5.5862, objectness_loss: 0.3882, semantic_loss: 0.5051, center_loss: 0.6580, dir_class_loss: 1.5175, dir_res_loss: 1.3700, size_class_loss: 0.5051, size_res_loss: 0.3314, loss: 10.8615, grad_norm: 6.6967
2026-05-18 11:49:10,055 - mmdet - INFO - Epoch [4][450/1652]	lr: 8.000e-03, eta: 4:57:49, time: 0.328, data_time: 0.024, memory: 9507, vote_loss: 5.4043, objectness_loss: 0.3900, semantic_loss: 0.4477, center_loss: 0.6103, dir_class_loss: 1.4566, dir_res_loss: 1.2264, size_class_loss: 0.4477, size_res_loss: 0.3123, loss: 10.2953, grad_norm: 6.9281
2026-05-18 11:49:26,371 - mmdet - INFO - Epoch [4][500/1652]	lr: 8.000e-03, eta: 4:57:30, time: 0.326, data_time: 0.024, memory: 9507, vote_loss: 5.3581, objectness_loss: 0.3991, semantic_loss: 0.4916, center_loss: 0.5913, dir_class_loss: 1.3950, dir_res_loss: 1.2195, size_class_loss: 0.4916, size_res_loss: 0.3042, loss: 10.2505, grad_norm: 7.4048
2026-05-18 11:49:42,760 - mmdet - INFO - Epoch [4][550/1652]	lr: 8.000e-03, eta: 4:57:12, time: 0.328, data_time: 0.024, memory: 9507, vote_loss: 5.5321, objectness_loss: 0.3846, semantic_loss: 0.4953, center_loss: 0.5994, dir_class_loss: 1.4174, dir_res_loss: 1.2257, size_class_loss: 0.4952, size_res_loss: 0.3193, loss: 10.4690, grad_norm: 7.3079
2026-05-18 11:49:59,105 - mmdet - INFO - Epoch [4][600/1652]	lr: 8.000e-03, eta: 4:56:54, time: 0.327, data_time: 0.025, memory: 9507, vote_loss: 5.5529, objectness_loss: 0.4351, semantic_loss: 0.4909, center_loss: 0.6289, dir_class_loss: 1.4967, dir_res_loss: 1.1355, size_class_loss: 0.4909, size_res_loss: 0.3260, loss: 10.5568, grad_norm: 7.0578
2026-05-18 11:50:15,345 - mmdet - INFO - Epoch [4][650/1652]	lr: 8.000e-03, eta: 4:56:35, time: 0.325, data_time: 0.023, memory: 9507, vote_loss: 5.6572, objectness_loss: 0.3726, semantic_loss: 0.5071, center_loss: 0.6176, dir_class_loss: 1.5131, dir_res_loss: 1.3083, size_class_loss: 0.5071, size_res_loss: 0.3381, loss: 10.8212, grad_norm: 7.7066
2026-05-18 11:50:31,714 - mmdet - INFO - Epoch [4][700/1652]	lr: 8.000e-03, eta: 4:56:17, time: 0.327, data_time: 0.024, memory: 9507, vote_loss: 5.3757, objectness_loss: 0.3995, semantic_loss: 0.4617, center_loss: 0.5840, dir_class_loss: 1.4539, dir_res_loss: 1.2640, size_class_loss: 0.4617, size_res_loss: 0.3370, loss: 10.3375, grad_norm: 6.8468
2026-05-18 11:50:48,062 - mmdet - INFO - Epoch [4][750/1652]	lr: 8.000e-03, eta: 4:55:59, time: 0.327, data_time: 0.024, memory: 9507, vote_loss: 5.4061, objectness_loss: 0.3773, semantic_loss: 0.5036, center_loss: 0.7116, dir_class_loss: 1.4609, dir_res_loss: 1.2508, size_class_loss: 0.5036, size_res_loss: 0.3617, loss: 10.5755, grad_norm: 7.4688
2026-05-18 11:51:04,359 - mmdet - INFO - Epoch [4][800/1652]	lr: 8.000e-03, eta: 4:55:40, time: 0.326, data_time: 0.025, memory: 9507, vote_loss: 5.5347, objectness_loss: 0.4070, semantic_loss: 0.4929, center_loss: 0.6166, dir_class_loss: 1.4672, dir_res_loss: 1.1225, size_class_loss: 0.4928, size_res_loss: 0.3268, loss: 10.4605, grad_norm: 7.5448
2026-05-18 11:51:20,718 - mmdet - INFO - Epoch [4][850/1652]	lr: 8.000e-03, eta: 4:55:22, time: 0.327, data_time: 0.024, memory: 9507, vote_loss: 5.2775, objectness_loss: 0.3949, semantic_loss: 0.5099, center_loss: 0.5897, dir_class_loss: 1.4581, dir_res_loss: 1.1359, size_class_loss: 0.5101, size_res_loss: 0.3202, loss: 10.1962, grad_norm: 7.0721
2026-05-18 11:51:37,083 - mmdet - INFO - Epoch [4][900/1652]	lr: 8.000e-03, eta: 4:55:04, time: 0.327, data_time: 0.025, memory: 9507, vote_loss: 5.5418, objectness_loss: 0.3859, semantic_loss: 0.5366, center_loss: 0.6380, dir_class_loss: 1.4464, dir_res_loss: 1.3075, size_class_loss: 0.5366, size_res_loss: 0.3233, loss: 10.7161, grad_norm: 7.3050
2026-05-18 11:51:53,436 - mmdet - INFO - Epoch [4][950/1652]	lr: 8.000e-03, eta: 4:54:46, time: 0.327, data_time: 0.024, memory: 9507, vote_loss: 5.1663, objectness_loss: 0.4105, semantic_loss: 0.4397, center_loss: 0.5788, dir_class_loss: 1.4022, dir_res_loss: 1.1434, size_class_loss: 0.4398, size_res_loss: 0.3334, loss: 9.9142, grad_norm: 6.9652
2026-05-18 11:52:09,779 - mmdet - INFO - Epoch [4][1000/1652]	lr: 8.000e-03, eta: 4:54:28, time: 0.327, data_time: 0.024, memory: 9507, vote_loss: 5.3414, objectness_loss: 0.4006, semantic_loss: 0.4429, center_loss: 0.6525, dir_class_loss: 1.4220, dir_res_loss: 1.0939, size_class_loss: 0.4429, size_res_loss: 0.3259, loss: 10.1222, grad_norm: 7.5648
2026-05-18 11:52:26,206 - mmdet - INFO - Epoch [4][1050/1652]	lr: 8.000e-03, eta: 4:54:11, time: 0.329, data_time: 0.025, memory: 9507, vote_loss: 5.4051, objectness_loss: 0.3723, semantic_loss: 0.4405, center_loss: 0.6647, dir_class_loss: 1.4234, dir_res_loss: 1.2650, size_class_loss: 0.4405, size_res_loss: 0.3353, loss: 10.3469, grad_norm: 7.6934
2026-05-18 11:52:42,595 - mmdet - INFO - Epoch [4][1100/1652]	lr: 8.000e-03, eta: 4:53:54, time: 0.328, data_time: 0.024, memory: 9507, vote_loss: 5.4789, objectness_loss: 0.3879, semantic_loss: 0.4620, center_loss: 0.6949, dir_class_loss: 1.4439, dir_res_loss: 1.0585, size_class_loss: 0.4620, size_res_loss: 0.3578, loss: 10.3458, grad_norm: 6.8763
2026-05-18 11:52:59,032 - mmdet - INFO - Epoch [4][1150/1652]	lr: 8.000e-03, eta: 4:53:37, time: 0.329, data_time: 0.025, memory: 9507, vote_loss: 5.2789, objectness_loss: 0.3949, semantic_loss: 0.4368, center_loss: 0.6003, dir_class_loss: 1.4264, dir_res_loss: 1.0724, size_class_loss: 0.4368, size_res_loss: 0.3129, loss: 9.9595, grad_norm: 7.3140
2026-05-18 11:53:15,438 - mmdet - INFO - Epoch [4][1200/1652]	lr: 8.000e-03, eta: 4:53:19, time: 0.328, data_time: 0.025, memory: 9507, vote_loss: 5.2278, objectness_loss: 0.4107, semantic_loss: 0.4563, center_loss: 0.5764, dir_class_loss: 1.3773, dir_res_loss: 1.1866, size_class_loss: 0.4563, size_res_loss: 0.2772, loss: 9.9686, grad_norm: 7.4866
2026-05-18 11:53:31,910 - mmdet - INFO - Epoch [4][1250/1652]	lr: 8.000e-03, eta: 4:53:02, time: 0.329, data_time: 0.025, memory: 9507, vote_loss: 5.4353, objectness_loss: 0.3893, semantic_loss: 0.4754, center_loss: 0.5572, dir_class_loss: 1.3635, dir_res_loss: 1.1191, size_class_loss: 0.4754, size_res_loss: 0.3018, loss: 10.1170, grad_norm: 6.5124
2026-05-18 11:53:48,270 - mmdet - INFO - Epoch [4][1300/1652]	lr: 8.000e-03, eta: 4:52:45, time: 0.327, data_time: 0.025, memory: 9507, vote_loss: 5.4525, objectness_loss: 0.3826, semantic_loss: 0.4124, center_loss: 0.5958, dir_class_loss: 1.3341, dir_res_loss: 1.1224, size_class_loss: 0.4124, size_res_loss: 0.3146, loss: 10.0268, grad_norm: 7.2331
2026-05-18 11:54:04,598 - mmdet - INFO - Epoch [4][1350/1652]	lr: 8.000e-03, eta: 4:52:27, time: 0.327, data_time: 0.025, memory: 9507, vote_loss: 5.4501, objectness_loss: 0.3850, semantic_loss: 0.4521, center_loss: 0.6178, dir_class_loss: 1.3315, dir_res_loss: 1.1540, size_class_loss: 0.4521, size_res_loss: 0.3315, loss: 10.1740, grad_norm: 7.7329
2026-05-18 11:54:20,950 - mmdet - INFO - Epoch [4][1400/1652]	lr: 8.000e-03, eta: 4:52:09, time: 0.327, data_time: 0.024, memory: 9507, vote_loss: 5.6151, objectness_loss: 0.4031, semantic_loss: 0.4556, center_loss: 0.6547, dir_class_loss: 1.3801, dir_res_loss: 1.2471, size_class_loss: 0.4555, size_res_loss: 0.3488, loss: 10.5599, grad_norm: 7.2720
2026-05-18 11:54:37,299 - mmdet - INFO - Epoch [4][1450/1652]	lr: 8.000e-03, eta: 4:51:51, time: 0.327, data_time: 0.024, memory: 9507, vote_loss: 5.2544, objectness_loss: 0.3845, semantic_loss: 0.4342, center_loss: 0.6253, dir_class_loss: 1.4389, dir_res_loss: 1.1719, size_class_loss: 0.4342, size_res_loss: 0.3282, loss: 10.0715, grad_norm: 7.5964
2026-05-18 11:54:53,698 - mmdet - INFO - Epoch [4][1500/1652]	lr: 8.000e-03, eta: 4:51:34, time: 0.328, data_time: 0.024, memory: 9507, vote_loss: 5.2732, objectness_loss: 0.3852, semantic_loss: 0.4433, center_loss: 0.5836, dir_class_loss: 1.4354, dir_res_loss: 1.1351, size_class_loss: 0.4433, size_res_loss: 0.3162, loss: 10.0154, grad_norm: 7.4806
2026-05-18 11:55:10,017 - mmdet - INFO - Epoch [4][1550/1652]	lr: 8.000e-03, eta: 4:51:16, time: 0.326, data_time: 0.024, memory: 9507, vote_loss: 5.4638, objectness_loss: 0.3922, semantic_loss: 0.4499, center_loss: 0.6749, dir_class_loss: 1.3731, dir_res_loss: 1.1158, size_class_loss: 0.4499, size_res_loss: 0.3654, loss: 10.2850, grad_norm: 7.5991
2026-05-18 11:55:26,444 - mmdet - INFO - Epoch [4][1600/1652]	lr: 8.000e-03, eta: 4:50:59, time: 0.329, data_time: 0.025, memory: 9507, vote_loss: 5.4279, objectness_loss: 0.4258, semantic_loss: 0.4186, center_loss: 0.5781, dir_class_loss: 1.3471, dir_res_loss: 1.0955, size_class_loss: 0.4187, size_res_loss: 0.3209, loss: 10.0326, grad_norm: 6.8296
2026-05-18 11:55:42,855 - mmdet - INFO - Epoch [4][1650/1652]	lr: 8.000e-03, eta: 4:50:42, time: 0.328, data_time: 0.025, memory: 9507, vote_loss: 5.4357, objectness_loss: 0.3925, semantic_loss: 0.4560, center_loss: 0.5937, dir_class_loss: 1.3762, dir_res_loss: 1.1535, size_class_loss: 0.4561, size_res_loss: 0.3586, loss: 10.2224, grad_norm: 6.9237
2026-05-18 11:55:43,598 - mmdet - INFO - Saving checkpoint at 4 epochs
2026-05-18 11:56:02,888 - mmdet - INFO - Epoch [5][50/1652]	lr: 8.000e-03, eta: 4:50:39, time: 0.380, data_time: 0.076, memory: 9507, vote_loss: 5.5274, objectness_loss: 0.3968, semantic_loss: 0.4562, center_loss: 0.5839, dir_class_loss: 1.4367, dir_res_loss: 0.9641, size_class_loss: 0.4563, size_res_loss: 0.3360, loss: 10.1574, grad_norm: 6.7142
2026-05-18 11:56:19,333 - mmdet - INFO - Epoch [5][100/1652]	lr: 8.000e-03, eta: 4:50:22, time: 0.329, data_time: 0.025, memory: 9507, vote_loss: 5.5220, objectness_loss: 0.4203, semantic_loss: 0.4854, center_loss: 0.5980, dir_class_loss: 1.4313, dir_res_loss: 1.1251, size_class_loss: 0.4855, size_res_loss: 0.3145, loss: 10.3820, grad_norm: 7.2257
2026-05-18 11:56:35,742 - mmdet - INFO - Epoch [5][150/1652]	lr: 8.000e-03, eta: 4:50:05, time: 0.328, data_time: 0.025, memory: 9507, vote_loss: 5.3192, objectness_loss: 0.3669, semantic_loss: 0.4124, center_loss: 0.5658, dir_class_loss: 1.3873, dir_res_loss: 1.0748, size_class_loss: 0.4125, size_res_loss: 0.3369, loss: 9.8759, grad_norm: 7.4127
2026-05-18 11:56:52,117 - mmdet - INFO - Epoch [5][200/1652]	lr: 8.000e-03, eta: 4:49:47, time: 0.327, data_time: 0.025, memory: 9507, vote_loss: 5.2699, objectness_loss: 0.3944, semantic_loss: 0.4850, center_loss: 0.6110, dir_class_loss: 1.3711, dir_res_loss: 1.1167, size_class_loss: 0.4849, size_res_loss: 0.3411, loss: 10.0742, grad_norm: 7.3336
2026-05-18 11:57:08,475 - mmdet - INFO - Epoch [5][250/1652]	lr: 8.000e-03, eta: 4:49:30, time: 0.327, data_time: 0.024, memory: 9507, vote_loss: 5.2666, objectness_loss: 0.3964, semantic_loss: 0.4990, center_loss: 0.6645, dir_class_loss: 1.3905, dir_res_loss: 1.0616, size_class_loss: 0.4989, size_res_loss: 0.3330, loss: 10.1105, grad_norm: 7.4828
2026-05-18 11:57:24,846 - mmdet - INFO - Epoch [5][300/1652]	lr: 8.000e-03, eta: 4:49:12, time: 0.327, data_time: 0.025, memory: 9507, vote_loss: 5.2178, objectness_loss: 0.3797, semantic_loss: 0.4101, center_loss: 0.5569, dir_class_loss: 1.3642, dir_res_loss: 1.0244, size_class_loss: 0.4102, size_res_loss: 0.3083, loss: 9.6716, grad_norm: 6.6711
2026-05-18 11:57:41,206 - mmdet - INFO - Epoch [5][350/1652]	lr: 8.000e-03, eta: 4:48:54, time: 0.327, data_time: 0.024, memory: 9507, vote_loss: 5.2263, objectness_loss: 0.3772, semantic_loss: 0.4217, center_loss: 0.5613, dir_class_loss: 1.3877, dir_res_loss: 1.0531, size_class_loss: 0.4217, size_res_loss: 0.3036, loss: 9.7527, grad_norm: 6.8267
2026-05-18 11:57:57,842 - mmdet - INFO - Epoch [5][400/1652]	lr: 8.000e-03, eta: 4:48:39, time: 0.333, data_time: 0.028, memory: 9507, vote_loss: 5.2512, objectness_loss: 0.3792, semantic_loss: 0.3868, center_loss: 0.5897, dir_class_loss: 1.3738, dir_res_loss: 1.1389, size_class_loss: 0.3868, size_res_loss: 0.3441, loss: 9.8504, grad_norm: 7.4387
2026-05-18 11:58:14,231 - mmdet - INFO - Epoch [5][450/1652]	lr: 8.000e-03, eta: 4:48:22, time: 0.328, data_time: 0.025, memory: 9507, vote_loss: 5.0607, objectness_loss: 0.3911, semantic_loss: 0.4803, center_loss: 0.5523, dir_class_loss: 1.3347, dir_res_loss: 1.1123, size_class_loss: 0.4803, size_res_loss: 0.2927, loss: 9.7046, grad_norm: 6.9428
2026-05-18 11:58:30,623 - mmdet - INFO - Epoch [5][500/1652]	lr: 8.000e-03, eta: 4:48:04, time: 0.328, data_time: 0.025, memory: 9507, vote_loss: 4.9319, objectness_loss: 0.4500, semantic_loss: 0.4917, center_loss: 0.6241, dir_class_loss: 1.3832, dir_res_loss: 1.0700, size_class_loss: 0.4917, size_res_loss: 0.3237, loss: 9.7663, grad_norm: 7.6894
2026-05-18 11:58:46,977 - mmdet - INFO - Epoch [5][550/1652]	lr: 8.000e-03, eta: 4:47:47, time: 0.327, data_time: 0.025, memory: 9507, vote_loss: 4.8095, objectness_loss: 0.3698, semantic_loss: 0.4208, center_loss: 0.6175, dir_class_loss: 1.3946, dir_res_loss: 1.1097, size_class_loss: 0.4208, size_res_loss: 0.3052, loss: 9.4479, grad_norm: 7.5033
2026-05-18 11:59:03,335 - mmdet - INFO - Epoch [5][600/1652]	lr: 8.000e-03, eta: 4:47:29, time: 0.327, data_time: 0.024, memory: 9507, vote_loss: 4.8545, objectness_loss: 0.3924, semantic_loss: 0.4977, center_loss: 0.6068, dir_class_loss: 1.3698, dir_res_loss: 1.1329, size_class_loss: 0.4977, size_res_loss: 0.3161, loss: 9.6678, grad_norm: 7.4662
2026-05-18 11:59:19,712 - mmdet - INFO - Epoch [5][650/1652]	lr: 8.000e-03, eta: 4:47:12, time: 0.328, data_time: 0.025, memory: 9507, vote_loss: 4.8049, objectness_loss: 0.3901, semantic_loss: 0.4707, center_loss: 0.6661, dir_class_loss: 1.3435, dir_res_loss: 1.1449, size_class_loss: 0.4707, size_res_loss: 0.3133, loss: 9.6044, grad_norm: 7.9381
2026-05-18 11:59:36,098 - mmdet - INFO - Epoch [5][700/1652]	lr: 8.000e-03, eta: 4:46:54, time: 0.328, data_time: 0.024, memory: 9507, vote_loss: 4.6197, objectness_loss: 0.3874, semantic_loss: 0.4700, center_loss: 0.6090, dir_class_loss: 1.3229, dir_res_loss: 1.0077, size_class_loss: 0.4700, size_res_loss: 0.3090, loss: 9.1957, grad_norm: 7.7191
2026-05-18 11:59:52,492 - mmdet - INFO - Epoch [5][750/1652]	lr: 8.000e-03, eta: 4:46:37, time: 0.328, data_time: 0.025, memory: 9507, vote_loss: 4.5866, objectness_loss: 0.4015, semantic_loss: 0.4645, center_loss: 0.6295, dir_class_loss: 1.3937, dir_res_loss: 1.0343, size_class_loss: 0.4645, size_res_loss: 0.3272, loss: 9.3019, grad_norm: 7.0230
2026-05-18 12:00:08,905 - mmdet - INFO - Epoch [5][800/1652]	lr: 8.000e-03, eta: 4:46:20, time: 0.328, data_time: 0.025, memory: 9507, vote_loss: 4.6536, objectness_loss: 0.4043, semantic_loss: 0.4890, center_loss: 0.6900, dir_class_loss: 1.3763, dir_res_loss: 1.0573, size_class_loss: 0.4891, size_res_loss: 0.3374, loss: 9.4970, grad_norm: 7.6279
2026-05-18 12:00:25,292 - mmdet - INFO - Epoch [5][850/1652]	lr: 8.000e-03, eta: 4:46:03, time: 0.328, data_time: 0.025, memory: 9507, vote_loss: 4.4214, objectness_loss: 0.4191, semantic_loss: 0.4511, center_loss: 0.5883, dir_class_loss: 1.3599, dir_res_loss: 1.0838, size_class_loss: 0.4511, size_res_loss: 0.2844, loss: 9.0590, grad_norm: 7.7589
2026-05-18 12:00:41,670 - mmdet - INFO - Epoch [5][900/1652]	lr: 8.000e-03, eta: 4:45:45, time: 0.328, data_time: 0.025, memory: 9507, vote_loss: 4.5937, objectness_loss: 0.4110, semantic_loss: 0.4817, center_loss: 0.6102, dir_class_loss: 1.3341, dir_res_loss: 1.0103, size_class_loss: 0.4817, size_res_loss: 0.3480, loss: 9.2708, grad_norm: 7.6516
2026-05-18 12:00:58,097 - mmdet - INFO - Epoch [5][950/1652]	lr: 8.000e-03, eta: 4:45:28, time: 0.329, data_time: 0.025, memory: 9507, vote_loss: 4.8770, objectness_loss: 0.3875, semantic_loss: 0.5188, center_loss: 0.6433, dir_class_loss: 1.3345, dir_res_loss: 0.9202, size_class_loss: 0.5188, size_res_loss: 0.3692, loss: 9.5693, grad_norm: 8.3496
2026-05-18 12:01:14,434 - mmdet - INFO - Epoch [5][1000/1652]	lr: 8.000e-03, eta: 4:45:11, time: 0.327, data_time: 0.024, memory: 9507, vote_loss: 4.3134, objectness_loss: 0.3746, semantic_loss: 0.5160, center_loss: 0.6002, dir_class_loss: 1.3987, dir_res_loss: 1.0089, size_class_loss: 0.5160, size_res_loss: 0.3282, loss: 9.0560, grad_norm: 8.9406
2026-05-18 12:01:30,780 - mmdet - INFO - Epoch [5][1050/1652]	lr: 8.000e-03, eta: 4:44:53, time: 0.327, data_time: 0.024, memory: 9507, vote_loss: 4.3817, objectness_loss: 0.4120, semantic_loss: 0.4303, center_loss: 0.5904, dir_class_loss: 1.2927, dir_res_loss: 1.1342, size_class_loss: 0.4303, size_res_loss: 0.2967, loss: 8.9683, grad_norm: 7.6556
2026-05-18 12:01:47,167 - mmdet - INFO - Epoch [5][1100/1652]	lr: 8.000e-03, eta: 4:44:36, time: 0.328, data_time: 0.025, memory: 9507, vote_loss: 4.7333, objectness_loss: 0.3636, semantic_loss: 0.4345, center_loss: 0.6343, dir_class_loss: 1.3659, dir_res_loss: 1.0716, size_class_loss: 0.4345, size_res_loss: 0.3257, loss: 9.3634, grad_norm: 8.6200
2026-05-18 12:02:03,561 - mmdet - INFO - Epoch [5][1150/1652]	lr: 8.000e-03, eta: 4:44:19, time: 0.328, data_time: 0.024, memory: 9507, vote_loss: 4.5040, objectness_loss: 0.3951, semantic_loss: 0.4135, center_loss: 0.6138, dir_class_loss: 1.3232, dir_res_loss: 1.0599, size_class_loss: 0.4134, size_res_loss: 0.3298, loss: 9.0528, grad_norm: 7.7219
2026-05-18 12:02:19,970 - mmdet - INFO - Epoch [5][1200/1652]	lr: 8.000e-03, eta: 4:44:02, time: 0.328, data_time: 0.025, memory: 9507, vote_loss: 4.5008, objectness_loss: 0.4168, semantic_loss: 0.4517, center_loss: 0.6442, dir_class_loss: 1.3414, dir_res_loss: 1.0270, size_class_loss: 0.4516, size_res_loss: 0.3382, loss: 9.1718, grad_norm: 9.7949
2026-05-18 12:02:36,530 - mmdet - INFO - Epoch [5][1250/1652]	lr: 8.000e-03, eta: 4:43:46, time: 0.331, data_time: 0.025, memory: 9507, vote_loss: 4.5475, objectness_loss: 0.3727, semantic_loss: 0.4389, center_loss: 0.5968, dir_class_loss: 1.3213, dir_res_loss: 1.0858, size_class_loss: 0.4389, size_res_loss: 0.3331, loss: 9.1350, grad_norm: 7.7403
2026-05-18 12:02:52,869 - mmdet - INFO - Epoch [5][1300/1652]	lr: 8.000e-03, eta: 4:43:28, time: 0.327, data_time: 0.024, memory: 9507, vote_loss: 4.3834, objectness_loss: 0.3742, semantic_loss: 0.4601, center_loss: 0.6483, dir_class_loss: 1.2950, dir_res_loss: 1.1241, size_class_loss: 0.4601, size_res_loss: 0.3353, loss: 9.0806, grad_norm: 8.2366
2026-05-18 12:03:09,312 - mmdet - INFO - Epoch [5][1350/1652]	lr: 8.000e-03, eta: 4:43:11, time: 0.329, data_time: 0.024, memory: 9507, vote_loss: 4.1679, objectness_loss: 0.3754, semantic_loss: 0.4646, center_loss: 0.6133, dir_class_loss: 1.2811, dir_res_loss: 1.0120, size_class_loss: 0.4646, size_res_loss: 0.3443, loss: 8.7231, grad_norm: 8.2549
2026-05-18 12:03:25,659 - mmdet - INFO - Epoch [5][1400/1652]	lr: 8.000e-03, eta: 4:42:54, time: 0.327, data_time: 0.023, memory: 9507, vote_loss: 4.1873, objectness_loss: 0.4011, semantic_loss: 0.4750, center_loss: 0.5927, dir_class_loss: 1.2994, dir_res_loss: 1.0537, size_class_loss: 0.4750, size_res_loss: 0.3157, loss: 8.8000, grad_norm: 8.1812
2026-05-18 12:03:41,967 - mmdet - INFO - Epoch [5][1450/1652]	lr: 8.000e-03, eta: 4:42:36, time: 0.326, data_time: 0.023, memory: 9507, vote_loss: 4.3609, objectness_loss: 0.3786, semantic_loss: 0.4785, center_loss: 0.6154, dir_class_loss: 1.3849, dir_res_loss: 1.0671, size_class_loss: 0.4785, size_res_loss: 0.3516, loss: 9.1155, grad_norm: 7.8061
2026-05-18 12:03:58,312 - mmdet - INFO - Epoch [5][1500/1652]	lr: 8.000e-03, eta: 4:42:19, time: 0.327, data_time: 0.024, memory: 9507, vote_loss: 4.4044, objectness_loss: 0.3806, semantic_loss: 0.4548, center_loss: 0.6452, dir_class_loss: 1.3607, dir_res_loss: 1.1381, size_class_loss: 0.4548, size_res_loss: 0.3379, loss: 9.1764, grad_norm: 9.0060
2026-05-18 12:04:14,650 - mmdet - INFO - Epoch [5][1550/1652]	lr: 8.000e-03, eta: 4:42:01, time: 0.327, data_time: 0.024, memory: 9507, vote_loss: 4.2758, objectness_loss: 0.3695, semantic_loss: 0.4382, center_loss: 0.6075, dir_class_loss: 1.2873, dir_res_loss: 1.0261, size_class_loss: 0.4381, size_res_loss: 0.3115, loss: 8.7541, grad_norm: 7.6906
2026-05-18 12:04:31,036 - mmdet - INFO - Epoch [5][1600/1652]	lr: 8.000e-03, eta: 4:41:44, time: 0.328, data_time: 0.025, memory: 9507, vote_loss: 4.2582, objectness_loss: 0.3861, semantic_loss: 0.4391, center_loss: 0.6004, dir_class_loss: 1.3712, dir_res_loss: 1.0083, size_class_loss: 0.4391, size_res_loss: 0.3201, loss: 8.8224, grad_norm: 8.2447
2026-05-18 12:04:47,439 - mmdet - INFO - Epoch [5][1650/1652]	lr: 8.000e-03, eta: 4:41:27, time: 0.328, data_time: 0.025, memory: 9507, vote_loss: 4.4740, objectness_loss: 0.3843, semantic_loss: 0.4203, center_loss: 0.6472, dir_class_loss: 1.2806, dir_res_loss: 0.9910, size_class_loss: 0.4203, size_res_loss: 0.3085, loss: 8.9262, grad_norm: 8.0890
2026-05-18 12:04:48,167 - mmdet - INFO - Saving checkpoint at 5 epochs
2026-05-18 12:05:07,521 - mmdet - INFO - Epoch [6][50/1652]	lr: 8.000e-03, eta: 4:41:22, time: 0.381, data_time: 0.079, memory: 9507, vote_loss: 4.1719, objectness_loss: 0.3945, semantic_loss: 0.4533, center_loss: 0.6085, dir_class_loss: 1.2700, dir_res_loss: 1.0279, size_class_loss: 0.4533, size_res_loss: 0.2981, loss: 8.6773, grad_norm: 7.6475
2026-05-18 12:05:23,789 - mmdet - INFO - Epoch [6][100/1652]	lr: 8.000e-03, eta: 4:41:04, time: 0.325, data_time: 0.024, memory: 9507, vote_loss: 4.1587, objectness_loss: 0.3904, semantic_loss: 0.4712, center_loss: 0.6163, dir_class_loss: 1.3690, dir_res_loss: 1.0178, size_class_loss: 0.4712, size_res_loss: 0.3588, loss: 8.8533, grad_norm: 8.0938
2026-05-18 12:05:40,102 - mmdet - INFO - Epoch [6][150/1652]	lr: 8.000e-03, eta: 4:40:46, time: 0.326, data_time: 0.024, memory: 9507, vote_loss: 4.0566, objectness_loss: 0.4048, semantic_loss: 0.4472, center_loss: 0.5406, dir_class_loss: 1.2429, dir_res_loss: 1.0374, size_class_loss: 0.4472, size_res_loss: 0.3238, loss: 8.5006, grad_norm: 7.3463
2026-05-18 12:05:56,395 - mmdet - INFO - Epoch [6][200/1652]	lr: 8.000e-03, eta: 4:40:29, time: 0.326, data_time: 0.024, memory: 9507, vote_loss: 4.3972, objectness_loss: 0.3911, semantic_loss: 0.4596, center_loss: 0.5847, dir_class_loss: 1.3467, dir_res_loss: 1.0444, size_class_loss: 0.4596, size_res_loss: 0.3287, loss: 9.0121, grad_norm: 7.9860
2026-05-18 12:06:12,706 - mmdet - INFO - Epoch [6][250/1652]	lr: 8.000e-03, eta: 4:40:11, time: 0.326, data_time: 0.024, memory: 9507, vote_loss: 4.2968, objectness_loss: 0.3861, semantic_loss: 0.4434, center_loss: 0.5907, dir_class_loss: 1.3127, dir_res_loss: 1.0368, size_class_loss: 0.4435, size_res_loss: 0.3390, loss: 8.8491, grad_norm: 7.9978
2026-05-18 12:06:29,166 - mmdet - INFO - Epoch [6][300/1652]	lr: 8.000e-03, eta: 4:39:54, time: 0.329, data_time: 0.024, memory: 9507, vote_loss: 4.1214, objectness_loss: 0.3859, semantic_loss: 0.4244, center_loss: 0.6189, dir_class_loss: 1.2644, dir_res_loss: 0.9577, size_class_loss: 0.4243, size_res_loss: 0.3153, loss: 8.5124, grad_norm: 8.7720
2026-05-18 12:06:45,510 - mmdet - INFO - Epoch [6][350/1652]	lr: 8.000e-03, eta: 4:39:37, time: 0.327, data_time: 0.025, memory: 9507, vote_loss: 4.1480, objectness_loss: 0.3900, semantic_loss: 0.4243, center_loss: 0.6216, dir_class_loss: 1.3019, dir_res_loss: 0.9458, size_class_loss: 0.4243, size_res_loss: 0.3108, loss: 8.5667, grad_norm: 7.5286
2026-05-18 12:07:01,876 - mmdet - INFO - Epoch [6][400/1652]	lr: 8.000e-03, eta: 4:39:20, time: 0.327, data_time: 0.024, memory: 9507, vote_loss: 4.1259, objectness_loss: 0.4239, semantic_loss: 0.4271, center_loss: 0.5574, dir_class_loss: 1.2234, dir_res_loss: 0.9599, size_class_loss: 0.4271, size_res_loss: 0.3053, loss: 8.4500, grad_norm: 8.0665
2026-05-18 12:07:18,264 - mmdet - INFO - Epoch [6][450/1652]	lr: 8.000e-03, eta: 4:39:03, time: 0.328, data_time: 0.025, memory: 9507, vote_loss: 3.9188, objectness_loss: 0.3942, semantic_loss: 0.4597, center_loss: 0.6059, dir_class_loss: 1.3993, dir_res_loss: 1.0207, size_class_loss: 0.4597, size_res_loss: 0.3198, loss: 8.5780, grad_norm: 8.0907
2026-05-18 12:07:34,861 - mmdet - INFO - Epoch [6][500/1652]	lr: 8.000e-03, eta: 4:38:47, time: 0.332, data_time: 0.029, memory: 9507, vote_loss: 4.2482, objectness_loss: 0.4426, semantic_loss: 0.4381, center_loss: 0.6214, dir_class_loss: 1.3496, dir_res_loss: 0.9985, size_class_loss: 0.4381, size_res_loss: 0.3367, loss: 8.8733, grad_norm: 7.9944
2026-05-18 12:07:51,201 - mmdet - INFO - Epoch [6][550/1652]	lr: 8.000e-03, eta: 4:38:29, time: 0.327, data_time: 0.025, memory: 9507, vote_loss: 4.4022, objectness_loss: 0.3875, semantic_loss: 0.4375, center_loss: 0.5668, dir_class_loss: 1.2245, dir_res_loss: 0.9502, size_class_loss: 0.4376, size_res_loss: 0.3302, loss: 8.7366, grad_norm: 8.6130
2026-05-18 12:08:07,567 - mmdet - INFO - Epoch [6][600/1652]	lr: 8.000e-03, eta: 4:38:12, time: 0.327, data_time: 0.024, memory: 9507, vote_loss: 4.2014, objectness_loss: 0.3882, semantic_loss: 0.4320, center_loss: 0.6397, dir_class_loss: 1.1944, dir_res_loss: 0.8340, size_class_loss: 0.4320, size_res_loss: 0.3186, loss: 8.4402, grad_norm: 8.2653
2026-05-18 12:08:23,933 - mmdet - INFO - Epoch [6][650/1652]	lr: 8.000e-03, eta: 4:37:55, time: 0.327, data_time: 0.024, memory: 9507, vote_loss: 3.9721, objectness_loss: 0.4093, semantic_loss: 0.4477, center_loss: 0.5609, dir_class_loss: 1.2308, dir_res_loss: 0.9770, size_class_loss: 0.4477, size_res_loss: 0.3075, loss: 8.3531, grad_norm: 8.1952
2026-05-18 12:08:40,256 - mmdet - INFO - Epoch [6][700/1652]	lr: 8.000e-03, eta: 4:37:38, time: 0.326, data_time: 0.024, memory: 9507, vote_loss: 4.0877, objectness_loss: 0.3984, semantic_loss: 0.5017, center_loss: 0.5735, dir_class_loss: 1.1757, dir_res_loss: 0.8660, size_class_loss: 0.5017, size_res_loss: 0.3044, loss: 8.4091, grad_norm: 8.0474
2026-05-18 12:08:56,664 - mmdet - INFO - Epoch [6][750/1652]	lr: 8.000e-03, eta: 4:37:21, time: 0.328, data_time: 0.025, memory: 9507, vote_loss: 4.1486, objectness_loss: 0.3698, semantic_loss: 0.4321, center_loss: 0.6070, dir_class_loss: 1.1432, dir_res_loss: 0.9942, size_class_loss: 0.4321, size_res_loss: 0.3393, loss: 8.4663, grad_norm: 8.2007
2026-05-18 12:09:12,979 - mmdet - INFO - Epoch [6][800/1652]	lr: 8.000e-03, eta: 4:37:03, time: 0.326, data_time: 0.024, memory: 9507, vote_loss: 4.2906, objectness_loss: 0.3504, semantic_loss: 0.4127, center_loss: 0.5910, dir_class_loss: 1.1965, dir_res_loss: 0.8552, size_class_loss: 0.4127, size_res_loss: 0.3369, loss: 8.4461, grad_norm: 7.8171
2026-05-18 12:09:29,265 - mmdet - INFO - Epoch [6][850/1652]	lr: 8.000e-03, eta: 4:36:46, time: 0.326, data_time: 0.024, memory: 9507, vote_loss: 4.2242, objectness_loss: 0.3593, semantic_loss: 0.4309, center_loss: 0.6292, dir_class_loss: 1.1696, dir_res_loss: 0.9581, size_class_loss: 0.4309, size_res_loss: 0.3470, loss: 8.5494, grad_norm: 8.2792
2026-05-18 12:09:45,612 - mmdet - INFO - Epoch [6][900/1652]	lr: 8.000e-03, eta: 4:36:28, time: 0.327, data_time: 0.025, memory: 9507, vote_loss: 4.1048, objectness_loss: 0.3427, semantic_loss: 0.4424, center_loss: 0.5957, dir_class_loss: 1.2676, dir_res_loss: 0.8744, size_class_loss: 0.4424, size_res_loss: 0.3358, loss: 8.4059, grad_norm: 7.8029
2026-05-18 12:10:02,087 - mmdet - INFO - Epoch [6][950/1652]	lr: 8.000e-03, eta: 4:36:12, time: 0.329, data_time: 0.025, memory: 9507, vote_loss: 3.8016, objectness_loss: 0.3827, semantic_loss: 0.3968, center_loss: 0.5458, dir_class_loss: 1.1983, dir_res_loss: 0.9298, size_class_loss: 0.3968, size_res_loss: 0.2992, loss: 7.9509, grad_norm: 7.7582
2026-05-18 12:10:18,447 - mmdet - INFO - Epoch [6][1000/1652]	lr: 8.000e-03, eta: 4:35:55, time: 0.327, data_time: 0.024, memory: 9507, vote_loss: 4.0036, objectness_loss: 0.3920, semantic_loss: 0.4353, center_loss: 0.5526, dir_class_loss: 1.1425, dir_res_loss: 0.9460, size_class_loss: 0.4353, size_res_loss: 0.3408, loss: 8.2482, grad_norm: 8.5235
2026-05-18 12:10:34,716 - mmdet - INFO - Epoch [6][1050/1652]	lr: 8.000e-03, eta: 4:35:37, time: 0.325, data_time: 0.024, memory: 9507, vote_loss: 4.1023, objectness_loss: 0.3625, semantic_loss: 0.4602, center_loss: 0.6097, dir_class_loss: 1.2174, dir_res_loss: 0.9988, size_class_loss: 0.4602, size_res_loss: 0.3023, loss: 8.5135, grad_norm: 9.0166
2026-05-18 12:10:51,143 - mmdet - INFO - Epoch [6][1100/1652]	lr: 8.000e-03, eta: 4:35:20, time: 0.329, data_time: 0.024, memory: 9507, vote_loss: 4.0482, objectness_loss: 0.3928, semantic_loss: 0.3988, center_loss: 0.6094, dir_class_loss: 1.1461, dir_res_loss: 0.9643, size_class_loss: 0.3988, size_res_loss: 0.3450, loss: 8.3034, grad_norm: 8.4242
2026-05-18 12:11:07,507 - mmdet - INFO - Epoch [6][1150/1652]	lr: 8.000e-03, eta: 4:35:03, time: 0.327, data_time: 0.024, memory: 9507, vote_loss: 3.9124, objectness_loss: 0.3616, semantic_loss: 0.4708, center_loss: 0.5819, dir_class_loss: 1.1580, dir_res_loss: 0.9098, size_class_loss: 0.4708, size_res_loss: 0.3171, loss: 8.1824, grad_norm: 7.1399
2026-05-18 12:11:23,761 - mmdet - INFO - Epoch [6][1200/1652]	lr: 8.000e-03, eta: 4:34:45, time: 0.325, data_time: 0.023, memory: 9507, vote_loss: 4.2278, objectness_loss: 0.3674, semantic_loss: 0.3912, center_loss: 0.6580, dir_class_loss: 1.1173, dir_res_loss: 0.9437, size_class_loss: 0.3912, size_res_loss: 0.3545, loss: 8.4511, grad_norm: 8.6299
2026-05-18 12:11:40,128 - mmdet - INFO - Epoch [6][1250/1652]	lr: 8.000e-03, eta: 4:34:28, time: 0.327, data_time: 0.024, memory: 9507, vote_loss: 3.8698, objectness_loss: 0.3917, semantic_loss: 0.4322, center_loss: 0.5646, dir_class_loss: 1.1330, dir_res_loss: 0.8926, size_class_loss: 0.4322, size_res_loss: 0.3161, loss: 8.0322, grad_norm: 8.2954
2026-05-18 12:11:56,463 - mmdet - INFO - Epoch [6][1300/1652]	lr: 8.000e-03, eta: 4:34:11, time: 0.327, data_time: 0.024, memory: 9507, vote_loss: 4.0247, objectness_loss: 0.3800, semantic_loss: 0.4638, center_loss: 0.6189, dir_class_loss: 1.2123, dir_res_loss: 0.9342, size_class_loss: 0.4638, size_res_loss: 0.3619, loss: 8.4597, grad_norm: 8.2021
2026-05-18 12:12:12,890 - mmdet - INFO - Epoch [6][1350/1652]	lr: 8.000e-03, eta: 4:33:54, time: 0.329, data_time: 0.024, memory: 9507, vote_loss: 4.0517, objectness_loss: 0.3994, semantic_loss: 0.4170, center_loss: 0.5570, dir_class_loss: 1.1720, dir_res_loss: 0.9051, size_class_loss: 0.4170, size_res_loss: 0.3069, loss: 8.2261, grad_norm: 7.3254
2026-05-18 12:12:29,282 - mmdet - INFO - Epoch [6][1400/1652]	lr: 8.000e-03, eta: 4:33:37, time: 0.328, data_time: 0.024, memory: 9507, vote_loss: 3.9767, objectness_loss: 0.3816, semantic_loss: 0.4075, center_loss: 0.5914, dir_class_loss: 1.1039, dir_res_loss: 1.0149, size_class_loss: 0.4075, size_res_loss: 0.3075, loss: 8.1911, grad_norm: 7.9982
2026-05-18 12:12:45,611 - mmdet - INFO - Epoch [6][1450/1652]	lr: 8.000e-03, eta: 4:33:20, time: 0.327, data_time: 0.024, memory: 9507, vote_loss: 3.9763, objectness_loss: 0.3488, semantic_loss: 0.4384, center_loss: 0.6167, dir_class_loss: 1.2494, dir_res_loss: 0.9517, size_class_loss: 0.4384, size_res_loss: 0.3154, loss: 8.3351, grad_norm: 8.3783
2026-05-18 12:13:01,960 - mmdet - INFO - Epoch [6][1500/1652]	lr: 8.000e-03, eta: 4:33:03, time: 0.327, data_time: 0.024, memory: 9507, vote_loss: 3.7286, objectness_loss: 0.3727, semantic_loss: 0.4197, center_loss: 0.5470, dir_class_loss: 1.1819, dir_res_loss: 0.9198, size_class_loss: 0.4197, size_res_loss: 0.3173, loss: 7.9066, grad_norm: 7.9844
2026-05-18 12:13:18,327 - mmdet - INFO - Epoch [6][1550/1652]	lr: 8.000e-03, eta: 4:32:46, time: 0.327, data_time: 0.025, memory: 9507, vote_loss: 3.8359, objectness_loss: 0.3897, semantic_loss: 0.3825, center_loss: 0.5312, dir_class_loss: 1.1457, dir_res_loss: 0.7840, size_class_loss: 0.3825, size_res_loss: 0.3166, loss: 7.7681, grad_norm: 7.7451
2026-05-18 12:13:34,714 - mmdet - INFO - Epoch [6][1600/1652]	lr: 8.000e-03, eta: 4:32:29, time: 0.328, data_time: 0.024, memory: 9507, vote_loss: 4.0860, objectness_loss: 0.4042, semantic_loss: 0.4431, center_loss: 0.5706, dir_class_loss: 1.1304, dir_res_loss: 0.8947, size_class_loss: 0.4431, size_res_loss: 0.3589, loss: 8.3310, grad_norm: 8.1300
2026-05-18 12:13:51,124 - mmdet - INFO - Epoch [6][1650/1652]	lr: 8.000e-03, eta: 4:32:12, time: 0.328, data_time: 0.024, memory: 9507, vote_loss: 3.9443, objectness_loss: 0.3716, semantic_loss: 0.4299, center_loss: 0.6031, dir_class_loss: 1.1367, dir_res_loss: 0.8480, size_class_loss: 0.4299, size_res_loss: 0.2820, loss: 8.0454, grad_norm: 8.4458
2026-05-18 12:13:51,852 - mmdet - INFO - Saving checkpoint at 6 epochs
2026-05-18 12:14:11,174 - mmdet - INFO - Epoch [7][50/1652]	lr: 8.000e-03, eta: 4:32:04, time: 0.381, data_time: 0.077, memory: 9507, vote_loss: 3.9050, objectness_loss: 0.3881, semantic_loss: 0.3990, center_loss: 0.5589, dir_class_loss: 1.1842, dir_res_loss: 0.9712, size_class_loss: 0.3991, size_res_loss: 0.3063, loss: 8.1117, grad_norm: 8.2694
2026-05-18 12:14:27,609 - mmdet - INFO - Epoch [7][100/1652]	lr: 8.000e-03, eta: 4:31:48, time: 0.329, data_time: 0.025, memory: 9507, vote_loss: 3.9838, objectness_loss: 0.3818, semantic_loss: 0.4784, center_loss: 0.5994, dir_class_loss: 1.2372, dir_res_loss: 0.8709, size_class_loss: 0.4785, size_res_loss: 0.3215, loss: 8.3514, grad_norm: 8.0525
2026-05-18 12:14:43,986 - mmdet - INFO - Epoch [7][150/1652]	lr: 8.000e-03, eta: 4:31:31, time: 0.328, data_time: 0.024, memory: 9507, vote_loss: 3.9796, objectness_loss: 0.4050, semantic_loss: 0.4710, center_loss: 0.5448, dir_class_loss: 1.1921, dir_res_loss: 0.9177, size_class_loss: 0.4710, size_res_loss: 0.3313, loss: 8.3124, grad_norm: 7.8134
2026-05-18 12:15:00,381 - mmdet - INFO - Epoch [7][200/1652]	lr: 8.000e-03, eta: 4:31:14, time: 0.328, data_time: 0.025, memory: 9507, vote_loss: 3.9598, objectness_loss: 0.4104, semantic_loss: 0.4600, center_loss: 0.5367, dir_class_loss: 1.1249, dir_res_loss: 0.9192, size_class_loss: 0.4600, size_res_loss: 0.3197, loss: 8.1908, grad_norm: 8.2117
2026-05-18 12:15:16,800 - mmdet - INFO - Epoch [7][250/1652]	lr: 8.000e-03, eta: 4:30:57, time: 0.328, data_time: 0.024, memory: 9507, vote_loss: 4.2173, objectness_loss: 0.3972, semantic_loss: 0.4724, center_loss: 0.5993, dir_class_loss: 1.1838, dir_res_loss: 0.9068, size_class_loss: 0.4724, size_res_loss: 0.3415, loss: 8.5907, grad_norm: 7.5759
2026-05-18 12:15:33,137 - mmdet - INFO - Epoch [7][300/1652]	lr: 8.000e-03, eta: 4:30:40, time: 0.327, data_time: 0.024, memory: 9507, vote_loss: 3.9958, objectness_loss: 0.3510, semantic_loss: 0.4014, center_loss: 0.5843, dir_class_loss: 1.1480, dir_res_loss: 1.0017, size_class_loss: 0.4014, size_res_loss: 0.3486, loss: 8.2321, grad_norm: 8.9381
2026-05-18 12:15:49,463 - mmdet - INFO - Epoch [7][350/1652]	lr: 8.000e-03, eta: 4:30:23, time: 0.327, data_time: 0.024, memory: 9507, vote_loss: 3.8387, objectness_loss: 0.3946, semantic_loss: 0.3821, center_loss: 0.5530, dir_class_loss: 1.0409, dir_res_loss: 0.8100, size_class_loss: 0.3821, size_res_loss: 0.3300, loss: 7.7312, grad_norm: 9.1998
2026-05-18 12:16:05,813 - mmdet - INFO - Epoch [7][400/1652]	lr: 8.000e-03, eta: 4:30:05, time: 0.327, data_time: 0.024, memory: 9507, vote_loss: 4.0709, objectness_loss: 0.3914, semantic_loss: 0.4086, center_loss: 0.6789, dir_class_loss: 1.1909, dir_res_loss: 0.8641, size_class_loss: 0.4086, size_res_loss: 0.3039, loss: 8.3174, grad_norm: 8.6809
2026-05-18 12:16:22,064 - mmdet - INFO - Epoch [7][450/1652]	lr: 8.000e-03, eta: 4:29:48, time: 0.325, data_time: 0.024, memory: 9507, vote_loss: 3.9210, objectness_loss: 0.3757, semantic_loss: 0.4656, center_loss: 0.5634, dir_class_loss: 1.1915, dir_res_loss: 0.9401, size_class_loss: 0.4656, size_res_loss: 0.2899, loss: 8.2127, grad_norm: 8.0644
2026-05-18 12:16:38,402 - mmdet - INFO - Epoch [7][500/1652]	lr: 8.000e-03, eta: 4:29:31, time: 0.327, data_time: 0.024, memory: 9507, vote_loss: 3.9132, objectness_loss: 0.3673, semantic_loss: 0.4136, center_loss: 0.5444, dir_class_loss: 1.1635, dir_res_loss: 0.8981, size_class_loss: 0.4135, size_res_loss: 0.3330, loss: 8.0466, grad_norm: 7.9450
2026-05-18 12:16:54,789 - mmdet - INFO - Epoch [7][550/1652]	lr: 8.000e-03, eta: 4:29:14, time: 0.328, data_time: 0.024, memory: 9507, vote_loss: 3.8020, objectness_loss: 0.3859, semantic_loss: 0.4229, center_loss: 0.5362, dir_class_loss: 1.1139, dir_res_loss: 0.8397, size_class_loss: 0.4229, size_res_loss: 0.3063, loss: 7.8298, grad_norm: 8.0746
2026-05-18 12:17:11,144 - mmdet - INFO - Epoch [7][600/1652]	lr: 8.000e-03, eta: 4:28:57, time: 0.327, data_time: 0.024, memory: 9507, vote_loss: 4.0777, objectness_loss: 0.3952, semantic_loss: 0.4180, center_loss: 0.6204, dir_class_loss: 1.1491, dir_res_loss: 0.9274, size_class_loss: 0.4180, size_res_loss: 0.3232, loss: 8.3289, grad_norm: 8.5408
2026-05-18 12:17:27,727 - mmdet - INFO - Epoch [7][650/1652]	lr: 8.000e-03, eta: 4:28:41, time: 0.332, data_time: 0.028, memory: 9507, vote_loss: 3.9441, objectness_loss: 0.3921, semantic_loss: 0.3952, center_loss: 0.5252, dir_class_loss: 1.1757, dir_res_loss: 0.9132, size_class_loss: 0.3952, size_res_loss: 0.3275, loss: 8.0681, grad_norm: 7.9065
2026-05-18 12:17:44,061 - mmdet - INFO - Epoch [7][700/1652]	lr: 8.000e-03, eta: 4:28:23, time: 0.327, data_time: 0.024, memory: 9507, vote_loss: 3.9837, objectness_loss: 0.3690, semantic_loss: 0.4373, center_loss: 0.5485, dir_class_loss: 1.1358, dir_res_loss: 0.9252, size_class_loss: 0.4373, size_res_loss: 0.3314, loss: 8.1684, grad_norm: 7.9415
2026-05-18 12:18:00,383 - mmdet - INFO - Epoch [7][750/1652]	lr: 8.000e-03, eta: 4:28:06, time: 0.326, data_time: 0.024, memory: 9507, vote_loss: 3.9262, objectness_loss: 0.3542, semantic_loss: 0.4204, center_loss: 0.5428, dir_class_loss: 1.1032, dir_res_loss: 0.8258, size_class_loss: 0.4204, size_res_loss: 0.3151, loss: 7.9081, grad_norm: 7.4305
2026-05-18 12:18:16,740 - mmdet - INFO - Epoch [7][800/1652]	lr: 8.000e-03, eta: 4:27:49, time: 0.327, data_time: 0.024, memory: 9507, vote_loss: 3.6953, objectness_loss: 0.3602, semantic_loss: 0.3828, center_loss: 0.5226, dir_class_loss: 1.1478, dir_res_loss: 0.8117, size_class_loss: 0.3828, size_res_loss: 0.2996, loss: 7.6028, grad_norm: 7.7465
2026-05-18 12:18:33,030 - mmdet - INFO - Epoch [7][850/1652]	lr: 8.000e-03, eta: 4:27:32, time: 0.326, data_time: 0.024, memory: 9507, vote_loss: 3.8466, objectness_loss: 0.3684, semantic_loss: 0.4080, center_loss: 0.5409, dir_class_loss: 1.1832, dir_res_loss: 0.8468, size_class_loss: 0.4080, size_res_loss: 0.3160, loss: 7.9178, grad_norm: 7.6734
2026-05-18 12:18:49,315 - mmdet - INFO - Epoch [7][900/1652]	lr: 8.000e-03, eta: 4:27:15, time: 0.326, data_time: 0.024, memory: 9507, vote_loss: 3.7528, objectness_loss: 0.3786, semantic_loss: 0.4434, center_loss: 0.5462, dir_class_loss: 1.1462, dir_res_loss: 0.8791, size_class_loss: 0.4434, size_res_loss: 0.3323, loss: 7.9220, grad_norm: 8.1919
2026-05-18 12:19:05,665 - mmdet - INFO - Epoch [7][950/1652]	lr: 8.000e-03, eta: 4:26:58, time: 0.327, data_time: 0.024, memory: 9507, vote_loss: 3.8919, objectness_loss: 0.3512, semantic_loss: 0.4446, center_loss: 0.5231, dir_class_loss: 1.1537, dir_res_loss: 0.8521, size_class_loss: 0.4446, size_res_loss: 0.3394, loss: 8.0006, grad_norm: 7.6155
2026-05-18 12:19:21,994 - mmdet - INFO - Epoch [7][1000/1652]	lr: 8.000e-03, eta: 4:26:40, time: 0.327, data_time: 0.024, memory: 9507, vote_loss: 3.7537, objectness_loss: 0.3696, semantic_loss: 0.4219, center_loss: 0.5518, dir_class_loss: 1.0813, dir_res_loss: 0.8169, size_class_loss: 0.4219, size_res_loss: 0.2912, loss: 7.7084, grad_norm: 7.7910
2026-05-18 12:19:38,293 - mmdet - INFO - Epoch [7][1050/1652]	lr: 8.000e-03, eta: 4:26:23, time: 0.326, data_time: 0.024, memory: 9507, vote_loss: 4.1519, objectness_loss: 0.4082, semantic_loss: 0.4557, center_loss: 0.5747, dir_class_loss: 1.1744, dir_res_loss: 0.8833, size_class_loss: 0.4557, size_res_loss: 0.3686, loss: 8.4725, grad_norm: 9.0361
2026-05-18 12:19:54,660 - mmdet - INFO - Epoch [7][1100/1652]	lr: 8.000e-03, eta: 4:26:06, time: 0.327, data_time: 0.024, memory: 9507, vote_loss: 3.8766, objectness_loss: 0.3982, semantic_loss: 0.4280, center_loss: 0.5610, dir_class_loss: 1.1275, dir_res_loss: 0.8316, size_class_loss: 0.4279, size_res_loss: 0.3089, loss: 7.9598, grad_norm: 8.7611
2026-05-18 12:20:10,939 - mmdet - INFO - Epoch [7][1150/1652]	lr: 8.000e-03, eta: 4:25:49, time: 0.326, data_time: 0.023, memory: 9507, vote_loss: 4.0181, objectness_loss: 0.3895, semantic_loss: 0.4183, center_loss: 0.5750, dir_class_loss: 1.1453, dir_res_loss: 0.8718, size_class_loss: 0.4183, size_res_loss: 0.3186, loss: 8.1549, grad_norm: 8.2638
2026-05-18 12:20:27,243 - mmdet - INFO - Epoch [7][1200/1652]	lr: 8.000e-03, eta: 4:25:32, time: 0.326, data_time: 0.024, memory: 9507, vote_loss: 3.8127, objectness_loss: 0.3768, semantic_loss: 0.3686, center_loss: 0.5615, dir_class_loss: 1.0724, dir_res_loss: 0.8269, size_class_loss: 0.3686, size_res_loss: 0.3003, loss: 7.6879, grad_norm: 8.4614
2026-05-18 12:20:43,551 - mmdet - INFO - Epoch [7][1250/1652]	lr: 8.000e-03, eta: 4:25:14, time: 0.326, data_time: 0.024, memory: 9507, vote_loss: 4.1436, objectness_loss: 0.3802, semantic_loss: 0.4033, center_loss: 0.5820, dir_class_loss: 1.1463, dir_res_loss: 1.0174, size_class_loss: 0.4033, size_res_loss: 0.3267, loss: 8.4027, grad_norm: 8.5078
2026-05-18 12:21:00,024 - mmdet - INFO - Epoch [7][1300/1652]	lr: 8.000e-03, eta: 4:24:58, time: 0.329, data_time: 0.024, memory: 9507, vote_loss: 3.6324, objectness_loss: 0.3951, semantic_loss: 0.4075, center_loss: 0.5254, dir_class_loss: 1.1193, dir_res_loss: 0.8015, size_class_loss: 0.4075, size_res_loss: 0.3014, loss: 7.5902, grad_norm: 7.2834
2026-05-18 12:21:16,480 - mmdet - INFO - Epoch [7][1350/1652]	lr: 8.000e-03, eta: 4:24:41, time: 0.329, data_time: 0.025, memory: 9507, vote_loss: 3.7762, objectness_loss: 0.3730, semantic_loss: 0.3816, center_loss: 0.4843, dir_class_loss: 1.0572, dir_res_loss: 0.8401, size_class_loss: 0.3815, size_res_loss: 0.3305, loss: 7.6244, grad_norm: 7.8699
2026-05-18 12:21:32,913 - mmdet - INFO - Epoch [7][1400/1652]	lr: 8.000e-03, eta: 4:24:25, time: 0.329, data_time: 0.024, memory: 9507, vote_loss: 3.7601, objectness_loss: 0.3574, semantic_loss: 0.3929, center_loss: 0.5647, dir_class_loss: 1.1349, dir_res_loss: 0.9046, size_class_loss: 0.3929, size_res_loss: 0.2774, loss: 7.7849, grad_norm: 8.5679
2026-05-18 12:21:49,262 - mmdet - INFO - Epoch [7][1450/1652]	lr: 8.000e-03, eta: 4:24:08, time: 0.327, data_time: 0.024, memory: 9507, vote_loss: 3.6829, objectness_loss: 0.3617, semantic_loss: 0.4286, center_loss: 0.6527, dir_class_loss: 1.0688, dir_res_loss: 0.8770, size_class_loss: 0.4286, size_res_loss: 0.2895, loss: 7.7899, grad_norm: 7.8270
2026-05-18 12:22:05,549 - mmdet - INFO - Epoch [7][1500/1652]	lr: 8.000e-03, eta: 4:23:51, time: 0.326, data_time: 0.024, memory: 9507, vote_loss: 3.7422, objectness_loss: 0.3647, semantic_loss: 0.4144, center_loss: 0.5321, dir_class_loss: 1.1194, dir_res_loss: 0.8718, size_class_loss: 0.4144, size_res_loss: 0.3207, loss: 7.7798, grad_norm: 8.4802
2026-05-18 12:22:22,007 - mmdet - INFO - Epoch [7][1550/1652]	lr: 8.000e-03, eta: 4:23:34, time: 0.329, data_time: 0.025, memory: 9507, vote_loss: 3.9969, objectness_loss: 0.3531, semantic_loss: 0.3528, center_loss: 0.5737, dir_class_loss: 1.1411, dir_res_loss: 0.8589, size_class_loss: 0.3528, size_res_loss: 0.3161, loss: 7.9453, grad_norm: 8.5193
2026-05-18 12:22:38,338 - mmdet - INFO - Epoch [7][1600/1652]	lr: 8.000e-03, eta: 4:23:17, time: 0.327, data_time: 0.024, memory: 9507, vote_loss: 3.8483, objectness_loss: 0.3926, semantic_loss: 0.4366, center_loss: 0.5673, dir_class_loss: 1.1531, dir_res_loss: 0.8710, size_class_loss: 0.4366, size_res_loss: 0.3001, loss: 8.0056, grad_norm: 8.5372
2026-05-18 12:22:54,688 - mmdet - INFO - Epoch [7][1650/1652]	lr: 8.000e-03, eta: 4:23:00, time: 0.327, data_time: 0.024, memory: 9507, vote_loss: 3.9166, objectness_loss: 0.3884, semantic_loss: 0.4447, center_loss: 0.5624, dir_class_loss: 1.1377, dir_res_loss: 0.7684, size_class_loss: 0.4447, size_res_loss: 0.3252, loss: 7.9881, grad_norm: 7.9318
2026-05-18 12:22:55,415 - mmdet - INFO - Saving checkpoint at 7 epochs
2026-05-18 12:23:14,697 - mmdet - INFO - Epoch [8][50/1652]	lr: 8.000e-03, eta: 4:22:51, time: 0.379, data_time: 0.076, memory: 9507, vote_loss: 3.7794, objectness_loss: 0.3582, semantic_loss: 0.4295, center_loss: 0.5259, dir_class_loss: 1.1307, dir_res_loss: 0.8128, size_class_loss: 0.4295, size_res_loss: 0.3092, loss: 7.7751, grad_norm: 8.5007
2026-05-18 12:23:31,158 - mmdet - INFO - Epoch [8][100/1652]	lr: 8.000e-03, eta: 4:22:34, time: 0.329, data_time: 0.025, memory: 9507, vote_loss: 3.7975, objectness_loss: 0.3912, semantic_loss: 0.4238, center_loss: 0.5437, dir_class_loss: 1.1024, dir_res_loss: 0.8876, size_class_loss: 0.4238, size_res_loss: 0.2972, loss: 7.8672, grad_norm: 8.4079
2026-05-18 12:23:47,566 - mmdet - INFO - Epoch [8][150/1652]	lr: 8.000e-03, eta: 4:22:17, time: 0.328, data_time: 0.025, memory: 9507, vote_loss: 3.6296, objectness_loss: 0.3675, semantic_loss: 0.4476, center_loss: 0.5109, dir_class_loss: 1.1856, dir_res_loss: 1.0117, size_class_loss: 0.4476, size_res_loss: 0.3216, loss: 7.9220, grad_norm: 7.5943
2026-05-18 12:24:03,993 - mmdet - INFO - Epoch [8][200/1652]	lr: 8.000e-03, eta: 4:22:01, time: 0.329, data_time: 0.025, memory: 9507, vote_loss: 4.0238, objectness_loss: 0.3726, semantic_loss: 0.4160, center_loss: 0.5757, dir_class_loss: 1.1016, dir_res_loss: 0.7937, size_class_loss: 0.4160, size_res_loss: 0.3112, loss: 8.0107, grad_norm: 8.7527
2026-05-18 12:24:20,519 - mmdet - INFO - Epoch [8][250/1652]	lr: 8.000e-03, eta: 4:21:44, time: 0.331, data_time: 0.025, memory: 9507, vote_loss: 3.7093, objectness_loss: 0.3784, semantic_loss: 0.4374, center_loss: 0.5235, dir_class_loss: 1.1502, dir_res_loss: 0.8070, size_class_loss: 0.4374, size_res_loss: 0.3127, loss: 7.7560, grad_norm: 7.7171
2026-05-18 12:24:36,864 - mmdet - INFO - Epoch [8][300/1652]	lr: 8.000e-03, eta: 4:21:27, time: 0.327, data_time: 0.024, memory: 9507, vote_loss: 3.8902, objectness_loss: 0.3588, semantic_loss: 0.3959, center_loss: 0.5468, dir_class_loss: 1.1074, dir_res_loss: 0.8726, size_class_loss: 0.3958, size_res_loss: 0.3281, loss: 7.8956, grad_norm: 8.6138
2026-05-18 12:24:53,306 - mmdet - INFO - Epoch [8][350/1652]	lr: 8.000e-03, eta: 4:21:11, time: 0.329, data_time: 0.025, memory: 9507, vote_loss: 3.8825, objectness_loss: 0.3440, semantic_loss: 0.3887, center_loss: 0.5700, dir_class_loss: 1.1870, dir_res_loss: 0.7991, size_class_loss: 0.3887, size_res_loss: 0.3003, loss: 7.8603, grad_norm: 8.2409
2026-05-18 12:25:09,621 - mmdet - INFO - Epoch [8][400/1652]	lr: 8.000e-03, eta: 4:20:54, time: 0.326, data_time: 0.024, memory: 9507, vote_loss: 3.7374, objectness_loss: 0.3475, semantic_loss: 0.4096, center_loss: 0.5292, dir_class_loss: 1.0216, dir_res_loss: 0.7989, size_class_loss: 0.4096, size_res_loss: 0.3172, loss: 7.5710, grad_norm: 8.6806
2026-05-18 12:25:25,930 - mmdet - INFO - Epoch [8][450/1652]	lr: 8.000e-03, eta: 4:20:36, time: 0.326, data_time: 0.024, memory: 9507, vote_loss: 3.8211, objectness_loss: 0.3833, semantic_loss: 0.3900, center_loss: 0.5097, dir_class_loss: 1.1345, dir_res_loss: 0.8889, size_class_loss: 0.3900, size_res_loss: 0.3158, loss: 7.8333, grad_norm: 8.4797
2026-05-18 12:25:42,197 - mmdet - INFO - Epoch [8][500/1652]	lr: 8.000e-03, eta: 4:20:19, time: 0.325, data_time: 0.023, memory: 9507, vote_loss: 3.6205, objectness_loss: 0.3697, semantic_loss: 0.3642, center_loss: 0.5280, dir_class_loss: 1.1723, dir_res_loss: 0.8701, size_class_loss: 0.3642, size_res_loss: 0.3011, loss: 7.5901, grad_norm: 8.0197
2026-05-18 12:25:58,541 - mmdet - INFO - Epoch [8][550/1652]	lr: 8.000e-03, eta: 4:20:02, time: 0.327, data_time: 0.025, memory: 9507, vote_loss: 3.8862, objectness_loss: 0.3719, semantic_loss: 0.4296, center_loss: 0.5555, dir_class_loss: 1.0126, dir_res_loss: 0.8248, size_class_loss: 0.4296, size_res_loss: 0.3360, loss: 7.8461, grad_norm: 8.2394
2026-05-18 12:26:14,818 - mmdet - INFO - Epoch [8][600/1652]	lr: 8.000e-03, eta: 4:19:45, time: 0.326, data_time: 0.024, memory: 9507, vote_loss: 3.6503, objectness_loss: 0.4063, semantic_loss: 0.3934, center_loss: 0.5379, dir_class_loss: 1.0894, dir_res_loss: 0.8910, size_class_loss: 0.3934, size_res_loss: 0.3031, loss: 7.6648, grad_norm: 8.4014
2026-05-18 12:26:31,075 - mmdet - INFO - Epoch [8][650/1652]	lr: 8.000e-03, eta: 4:19:28, time: 0.325, data_time: 0.024, memory: 9507, vote_loss: 3.8732, objectness_loss: 0.3515, semantic_loss: 0.3577, center_loss: 0.5150, dir_class_loss: 1.0673, dir_res_loss: 0.8509, size_class_loss: 0.3577, size_res_loss: 0.3286, loss: 7.7018, grad_norm: 8.1973
2026-05-18 12:26:47,440 - mmdet - INFO - Epoch [8][700/1652]	lr: 8.000e-03, eta: 4:19:11, time: 0.327, data_time: 0.025, memory: 9507, vote_loss: 3.6937, objectness_loss: 0.3503, semantic_loss: 0.3357, center_loss: 0.5769, dir_class_loss: 1.1214, dir_res_loss: 0.8834, size_class_loss: 0.3357, size_res_loss: 0.2963, loss: 7.5935, grad_norm: 8.3525
2026-05-18 12:27:03,796 - mmdet - INFO - Epoch [8][750/1652]	lr: 8.000e-03, eta: 4:18:54, time: 0.327, data_time: 0.024, memory: 9507, vote_loss: 3.6087, objectness_loss: 0.3622, semantic_loss: 0.3642, center_loss: 0.5014, dir_class_loss: 1.0166, dir_res_loss: 0.7996, size_class_loss: 0.3641, size_res_loss: 0.2767, loss: 7.2937, grad_norm: 7.7734
2026-05-18 12:27:20,163 - mmdet - INFO - Epoch [8][800/1652]	lr: 8.000e-03, eta: 4:18:37, time: 0.327, data_time: 0.026, memory: 9507, vote_loss: 3.9032, objectness_loss: 0.4261, semantic_loss: 0.4126, center_loss: 0.5098, dir_class_loss: 1.0726, dir_res_loss: 0.9872, size_class_loss: 0.4126, size_res_loss: 0.3165, loss: 8.0406, grad_norm: 8.1301
2026-05-18 12:27:36,604 - mmdet - INFO - Epoch [8][850/1652]	lr: 8.000e-03, eta: 4:18:20, time: 0.329, data_time: 0.028, memory: 9507, vote_loss: 3.8478, objectness_loss: 0.3887, semantic_loss: 0.3943, center_loss: 0.5681, dir_class_loss: 1.1247, dir_res_loss: 0.7520, size_class_loss: 0.3943, size_res_loss: 0.3159, loss: 7.7858, grad_norm: 8.1892
2026-05-18 12:27:52,963 - mmdet - INFO - Epoch [8][900/1652]	lr: 8.000e-03, eta: 4:18:03, time: 0.327, data_time: 0.025, memory: 9507, vote_loss: 3.7371, objectness_loss: 0.3524, semantic_loss: 0.3859, center_loss: 0.5418, dir_class_loss: 1.0947, dir_res_loss: 0.9065, size_class_loss: 0.3859, size_res_loss: 0.3096, loss: 7.7138, grad_norm: 8.3173
2026-05-18 12:28:09,336 - mmdet - INFO - Epoch [8][950/1652]	lr: 8.000e-03, eta: 4:17:47, time: 0.327, data_time: 0.025, memory: 9507, vote_loss: 3.7834, objectness_loss: 0.3668, semantic_loss: 0.3927, center_loss: 0.5136, dir_class_loss: 1.0861, dir_res_loss: 0.8204, size_class_loss: 0.3927, size_res_loss: 0.3435, loss: 7.6992, grad_norm: 7.6070
2026-05-18 12:28:25,667 - mmdet - INFO - Epoch [8][1000/1652]	lr: 8.000e-03, eta: 4:17:30, time: 0.327, data_time: 0.025, memory: 9507, vote_loss: 3.7340, objectness_loss: 0.3749, semantic_loss: 0.4482, center_loss: 0.5368, dir_class_loss: 1.0745, dir_res_loss: 0.7443, size_class_loss: 0.4482, size_res_loss: 0.2958, loss: 7.6567, grad_norm: 8.4936
2026-05-18 12:28:41,992 - mmdet - INFO - Epoch [8][1050/1652]	lr: 8.000e-03, eta: 4:17:13, time: 0.326, data_time: 0.024, memory: 9507, vote_loss: 3.8305, objectness_loss: 0.3616, semantic_loss: 0.4841, center_loss: 0.5600, dir_class_loss: 1.1035, dir_res_loss: 0.8268, size_class_loss: 0.4841, size_res_loss: 0.3326, loss: 7.9830, grad_norm: 8.4817
2026-05-18 12:28:58,460 - mmdet - INFO - Epoch [8][1100/1652]	lr: 8.000e-03, eta: 4:16:56, time: 0.329, data_time: 0.025, memory: 9507, vote_loss: 3.6734, objectness_loss: 0.3898, semantic_loss: 0.3864, center_loss: 0.5223, dir_class_loss: 1.0978, dir_res_loss: 0.8136, size_class_loss: 0.3865, size_res_loss: 0.3174, loss: 7.5871, grad_norm: 7.7276
2026-05-18 12:29:14,816 - mmdet - INFO - Epoch [8][1150/1652]	lr: 8.000e-03, eta: 4:16:39, time: 0.327, data_time: 0.025, memory: 9507, vote_loss: 3.6838, objectness_loss: 0.3446, semantic_loss: 0.4279, center_loss: 0.5478, dir_class_loss: 1.0259, dir_res_loss: 0.7874, size_class_loss: 0.4279, size_res_loss: 0.3486, loss: 7.5939, grad_norm: 8.9212
2026-05-18 12:29:31,173 - mmdet - INFO - Epoch [8][1200/1652]	lr: 8.000e-03, eta: 4:16:22, time: 0.327, data_time: 0.024, memory: 9507, vote_loss: 3.9290, objectness_loss: 0.3414, semantic_loss: 0.3961, center_loss: 0.5563, dir_class_loss: 1.1317, dir_res_loss: 0.8144, size_class_loss: 0.3961, size_res_loss: 0.3333, loss: 7.8983, grad_norm: 8.6054
2026-05-18 12:29:47,546 - mmdet - INFO - Epoch [8][1250/1652]	lr: 8.000e-03, eta: 4:16:06, time: 0.327, data_time: 0.024, memory: 9507, vote_loss: 3.8252, objectness_loss: 0.3633, semantic_loss: 0.4203, center_loss: 0.5664, dir_class_loss: 1.0898, dir_res_loss: 0.8670, size_class_loss: 0.4203, size_res_loss: 0.3272, loss: 7.8796, grad_norm: 8.8945
2026-05-18 12:30:03,885 - mmdet - INFO - Epoch [8][1300/1652]	lr: 8.000e-03, eta: 4:15:49, time: 0.327, data_time: 0.024, memory: 9507, vote_loss: 3.7314, objectness_loss: 0.3655, semantic_loss: 0.3757, center_loss: 0.4897, dir_class_loss: 1.0243, dir_res_loss: 0.8241, size_class_loss: 0.3757, size_res_loss: 0.2963, loss: 7.4826, grad_norm: 7.7081
2026-05-18 12:30:20,164 - mmdet - INFO - Epoch [8][1350/1652]	lr: 8.000e-03, eta: 4:15:32, time: 0.326, data_time: 0.024, memory: 9507, vote_loss: 3.7915, objectness_loss: 0.3555, semantic_loss: 0.4004, center_loss: 0.5008, dir_class_loss: 1.0408, dir_res_loss: 0.8860, size_class_loss: 0.4004, size_res_loss: 0.3035, loss: 7.6788, grad_norm: 8.2809
2026-05-18 12:30:36,551 - mmdet - INFO - Epoch [8][1400/1652]	lr: 8.000e-03, eta: 4:15:15, time: 0.328, data_time: 0.025, memory: 9507, vote_loss: 3.7104, objectness_loss: 0.3740, semantic_loss: 0.3830, center_loss: 0.4807, dir_class_loss: 1.0493, dir_res_loss: 0.8216, size_class_loss: 0.3830, size_res_loss: 0.2881, loss: 7.4903, grad_norm: 7.9228
2026-05-18 12:30:52,989 - mmdet - INFO - Epoch [8][1450/1652]	lr: 8.000e-03, eta: 4:14:58, time: 0.329, data_time: 0.025, memory: 9507, vote_loss: 3.7116, objectness_loss: 0.3811, semantic_loss: 0.3901, center_loss: 0.5446, dir_class_loss: 1.1413, dir_res_loss: 0.8270, size_class_loss: 0.3901, size_res_loss: 0.2833, loss: 7.6689, grad_norm: 7.9379
2026-05-18 12:31:09,622 - mmdet - INFO - Epoch [8][1500/1652]	lr: 8.000e-03, eta: 4:14:42, time: 0.333, data_time: 0.026, memory: 9507, vote_loss: 3.7117, objectness_loss: 0.3610, semantic_loss: 0.4161, center_loss: 0.5082, dir_class_loss: 1.1282, dir_res_loss: 0.8420, size_class_loss: 0.4161, size_res_loss: 0.3220, loss: 7.7053, grad_norm: 7.7863
2026-05-18 12:31:26,047 - mmdet - INFO - Epoch [8][1550/1652]	lr: 8.000e-03, eta: 4:14:26, time: 0.329, data_time: 0.025, memory: 9507, vote_loss: 3.6481, objectness_loss: 0.3662, semantic_loss: 0.3647, center_loss: 0.4891, dir_class_loss: 1.1134, dir_res_loss: 0.8348, size_class_loss: 0.3646, size_res_loss: 0.2780, loss: 7.4590, grad_norm: 7.6995
2026-05-18 12:31:42,369 - mmdet - INFO - Epoch [8][1600/1652]	lr: 8.000e-03, eta: 4:14:09, time: 0.326, data_time: 0.024, memory: 9507, vote_loss: 3.8325, objectness_loss: 0.3500, semantic_loss: 0.3996, center_loss: 0.6050, dir_class_loss: 1.1220, dir_res_loss: 0.8542, size_class_loss: 0.3996, size_res_loss: 0.2964, loss: 7.8594, grad_norm: 8.3696
2026-05-18 12:31:58,700 - mmdet - INFO - Epoch [8][1650/1652]	lr: 8.000e-03, eta: 4:13:52, time: 0.327, data_time: 0.024, memory: 9507, vote_loss: 3.8115, objectness_loss: 0.3699, semantic_loss: 0.4325, center_loss: 0.5612, dir_class_loss: 1.1480, dir_res_loss: 0.8734, size_class_loss: 0.4325, size_res_loss: 0.2791, loss: 7.9081, grad_norm: 9.1915
2026-05-18 12:31:59,432 - mmdet - INFO - Saving checkpoint at 8 epochs
2026-05-18 12:32:18,934 - mmdet - INFO - Epoch [9][50/1652]	lr: 8.000e-03, eta: 4:13:42, time: 0.384, data_time: 0.080, memory: 9507, vote_loss: 3.5233, objectness_loss: 0.3430, semantic_loss: 0.3593, center_loss: 0.5076, dir_class_loss: 1.0163, dir_res_loss: 0.7851, size_class_loss: 0.3593, size_res_loss: 0.2937, loss: 7.1877, grad_norm: 7.7229
2026-05-18 12:32:35,379 - mmdet - INFO - Epoch [9][100/1652]	lr: 8.000e-03, eta: 4:13:25, time: 0.329, data_time: 0.025, memory: 9507, vote_loss: 3.6797, objectness_loss: 0.3613, semantic_loss: 0.4224, center_loss: 0.4881, dir_class_loss: 0.9940, dir_res_loss: 0.6967, size_class_loss: 0.4224, size_res_loss: 0.2744, loss: 7.3391, grad_norm: 7.8935
2026-05-18 12:32:51,769 - mmdet - INFO - Epoch [9][150/1652]	lr: 8.000e-03, eta: 4:13:09, time: 0.328, data_time: 0.025, memory: 9507, vote_loss: 3.7500, objectness_loss: 0.3783, semantic_loss: 0.3839, center_loss: 0.5619, dir_class_loss: 1.0347, dir_res_loss: 0.7748, size_class_loss: 0.3839, size_res_loss: 0.3436, loss: 7.6111, grad_norm: 8.9199
2026-05-18 12:33:08,209 - mmdet - INFO - Epoch [9][200/1652]	lr: 8.000e-03, eta: 4:12:52, time: 0.329, data_time: 0.025, memory: 9507, vote_loss: 3.7318, objectness_loss: 0.3743, semantic_loss: 0.4154, center_loss: 0.5169, dir_class_loss: 1.0918, dir_res_loss: 0.7272, size_class_loss: 0.4154, size_res_loss: 0.3099, loss: 7.5827, grad_norm: 7.6482
2026-05-18 12:33:24,537 - mmdet - INFO - Epoch [9][250/1652]	lr: 8.000e-03, eta: 4:12:35, time: 0.327, data_time: 0.024, memory: 9507, vote_loss: 3.6861, objectness_loss: 0.3543, semantic_loss: 0.4556, center_loss: 0.5519, dir_class_loss: 1.0750, dir_res_loss: 0.9165, size_class_loss: 0.4556, size_res_loss: 0.3006, loss: 7.7955, grad_norm: 8.7607
2026-05-18 12:33:40,895 - mmdet - INFO - Epoch [9][300/1652]	lr: 8.000e-03, eta: 4:12:18, time: 0.327, data_time: 0.025, memory: 9507, vote_loss: 3.6400, objectness_loss: 0.3665, semantic_loss: 0.4326, center_loss: 0.5272, dir_class_loss: 1.0919, dir_res_loss: 0.8257, size_class_loss: 0.4326, size_res_loss: 0.2832, loss: 7.5996, grad_norm: 8.2896
2026-05-18 12:33:57,256 - mmdet - INFO - Epoch [9][350/1652]	lr: 8.000e-03, eta: 4:12:01, time: 0.327, data_time: 0.025, memory: 9507, vote_loss: 3.6743, objectness_loss: 0.3763, semantic_loss: 0.3772, center_loss: 0.5391, dir_class_loss: 1.0107, dir_res_loss: 0.7442, size_class_loss: 0.3772, size_res_loss: 0.3146, loss: 7.4137, grad_norm: 8.1034
2026-05-18 12:34:13,609 - mmdet - INFO - Epoch [9][400/1652]	lr: 8.000e-03, eta: 4:11:44, time: 0.327, data_time: 0.025, memory: 9507, vote_loss: 3.7462, objectness_loss: 0.3667, semantic_loss: 0.3660, center_loss: 0.5289, dir_class_loss: 1.0389, dir_res_loss: 0.7822, size_class_loss: 0.3660, size_res_loss: 0.3027, loss: 7.4976, grad_norm: 8.0914
2026-05-18 12:34:29,994 - mmdet - INFO - Epoch [9][450/1652]	lr: 8.000e-03, eta: 4:11:28, time: 0.328, data_time: 0.024, memory: 9507, vote_loss: 3.7483, objectness_loss: 0.3753, semantic_loss: 0.4139, center_loss: 0.5070, dir_class_loss: 1.1677, dir_res_loss: 0.7745, size_class_loss: 0.4139, size_res_loss: 0.3185, loss: 7.7190, grad_norm: 7.8589
2026-05-18 12:34:46,313 - mmdet - INFO - Epoch [9][500/1652]	lr: 8.000e-03, eta: 4:11:11, time: 0.326, data_time: 0.024, memory: 9507, vote_loss: 3.5261, objectness_loss: 0.3645, semantic_loss: 0.4262, center_loss: 0.5254, dir_class_loss: 1.0122, dir_res_loss: 0.7553, size_class_loss: 0.4262, size_res_loss: 0.3036, loss: 7.3396, grad_norm: 9.0724
2026-05-18 12:35:02,668 - mmdet - INFO - Epoch [9][550/1652]	lr: 8.000e-03, eta: 4:10:54, time: 0.327, data_time: 0.024, memory: 9507, vote_loss: 3.6929, objectness_loss: 0.3567, semantic_loss: 0.3667, center_loss: 0.5022, dir_class_loss: 1.0880, dir_res_loss: 0.7962, size_class_loss: 0.3667, size_res_loss: 0.2967, loss: 7.4659, grad_norm: 8.2109
2026-05-18 12:35:19,046 - mmdet - INFO - Epoch [9][600/1652]	lr: 8.000e-03, eta: 4:10:37, time: 0.328, data_time: 0.024, memory: 9507, vote_loss: 3.8626, objectness_loss: 0.3706, semantic_loss: 0.4177, center_loss: 0.5233, dir_class_loss: 1.1140, dir_res_loss: 0.7457, size_class_loss: 0.4178, size_res_loss: 0.3457, loss: 7.7974, grad_norm: 7.8218
2026-05-18 12:35:35,363 - mmdet - INFO - Epoch [9][650/1652]	lr: 8.000e-03, eta: 4:10:20, time: 0.326, data_time: 0.025, memory: 9507, vote_loss: 3.4982, objectness_loss: 0.3671, semantic_loss: 0.3901, center_loss: 0.4629, dir_class_loss: 1.0809, dir_res_loss: 0.8560, size_class_loss: 0.3901, size_res_loss: 0.2704, loss: 7.3159, grad_norm: 7.7608
2026-05-18 12:35:51,666 - mmdet - INFO - Epoch [9][700/1652]	lr: 8.000e-03, eta: 4:10:03, time: 0.326, data_time: 0.024, memory: 9507, vote_loss: 3.6546, objectness_loss: 0.3651, semantic_loss: 0.3831, center_loss: 0.4707, dir_class_loss: 1.0232, dir_res_loss: 0.6950, size_class_loss: 0.3831, size_res_loss: 0.2798, loss: 7.2545, grad_norm: 8.7048
2026-05-18 12:36:07,973 - mmdet - INFO - Epoch [9][750/1652]	lr: 8.000e-03, eta: 4:09:46, time: 0.326, data_time: 0.024, memory: 9507, vote_loss: 3.7565, objectness_loss: 0.3668, semantic_loss: 0.3511, center_loss: 0.5629, dir_class_loss: 1.0289, dir_res_loss: 0.7766, size_class_loss: 0.3511, size_res_loss: 0.3005, loss: 7.4944, grad_norm: 8.5088
2026-05-18 12:36:24,347 - mmdet - INFO - Epoch [9][800/1652]	lr: 8.000e-03, eta: 4:09:29, time: 0.327, data_time: 0.024, memory: 9507, vote_loss: 3.4910, objectness_loss: 0.3504, semantic_loss: 0.3854, center_loss: 0.5663, dir_class_loss: 1.0516, dir_res_loss: 0.7494, size_class_loss: 0.3854, size_res_loss: 0.2970, loss: 7.2764, grad_norm: 8.5192
2026-05-18 12:36:40,767 - mmdet - INFO - Epoch [9][850/1652]	lr: 8.000e-03, eta: 4:09:13, time: 0.328, data_time: 0.025, memory: 9507, vote_loss: 3.5877, objectness_loss: 0.3529, semantic_loss: 0.3593, center_loss: 0.5097, dir_class_loss: 1.0176, dir_res_loss: 0.8364, size_class_loss: 0.3594, size_res_loss: 0.2862, loss: 7.3092, grad_norm: 8.1664
2026-05-18 12:36:57,167 - mmdet - INFO - Epoch [9][900/1652]	lr: 8.000e-03, eta: 4:08:56, time: 0.328, data_time: 0.025, memory: 9507, vote_loss: 3.6163, objectness_loss: 0.3265, semantic_loss: 0.3327, center_loss: 0.4650, dir_class_loss: 0.9677, dir_res_loss: 0.7345, size_class_loss: 0.3327, size_res_loss: 0.2753, loss: 7.0507, grad_norm: 7.3549
2026-05-18 12:37:13,541 - mmdet - INFO - Epoch [9][950/1652]	lr: 8.000e-03, eta: 4:08:39, time: 0.327, data_time: 0.025, memory: 9507, vote_loss: 3.5774, objectness_loss: 0.3740, semantic_loss: 0.3337, center_loss: 0.5184, dir_class_loss: 1.0399, dir_res_loss: 0.8884, size_class_loss: 0.3337, size_res_loss: 0.2643, loss: 7.3298, grad_norm: 7.7849
2026-05-18 12:37:30,071 - mmdet - INFO - Epoch [9][1000/1652]	lr: 8.000e-03, eta: 4:08:23, time: 0.331, data_time: 0.024, memory: 9507, vote_loss: 3.5772, objectness_loss: 0.3508, semantic_loss: 0.3708, center_loss: 0.5115, dir_class_loss: 1.0002, dir_res_loss: 0.6923, size_class_loss: 0.3708, size_res_loss: 0.2953, loss: 7.1688, grad_norm: 7.6898
2026-05-18 12:37:46,441 - mmdet - INFO - Epoch [9][1050/1652]	lr: 8.000e-03, eta: 4:08:06, time: 0.327, data_time: 0.025, memory: 9507, vote_loss: 3.6260, objectness_loss: 0.3615, semantic_loss: 0.4116, center_loss: 0.5137, dir_class_loss: 1.0767, dir_res_loss: 0.7040, size_class_loss: 0.4116, size_res_loss: 0.2765, loss: 7.3817, grad_norm: 8.9083
2026-05-18 12:38:02,794 - mmdet - INFO - Epoch [9][1100/1652]	lr: 8.000e-03, eta: 4:07:50, time: 0.327, data_time: 0.024, memory: 9507, vote_loss: 3.6683, objectness_loss: 0.3716, semantic_loss: 0.4257, center_loss: 0.5632, dir_class_loss: 0.9532, dir_res_loss: 0.7788, size_class_loss: 0.4256, size_res_loss: 0.2897, loss: 7.4760, grad_norm: 8.4377
2026-05-18 12:38:19,162 - mmdet - INFO - Epoch [9][1150/1652]	lr: 8.000e-03, eta: 4:07:33, time: 0.327, data_time: 0.024, memory: 9507, vote_loss: 3.8966, objectness_loss: 0.3490, semantic_loss: 0.3939, center_loss: 0.5244, dir_class_loss: 1.0799, dir_res_loss: 0.8372, size_class_loss: 0.3939, size_res_loss: 0.3499, loss: 7.8248, grad_norm: 8.5335
2026-05-18 12:38:35,493 - mmdet - INFO - Epoch [9][1200/1652]	lr: 8.000e-03, eta: 4:07:16, time: 0.327, data_time: 0.025, memory: 9507, vote_loss: 3.5475, objectness_loss: 0.3682, semantic_loss: 0.3730, center_loss: 0.5282, dir_class_loss: 1.0492, dir_res_loss: 0.7713, size_class_loss: 0.3730, size_res_loss: 0.3009, loss: 7.3113, grad_norm: 8.3306
2026-05-18 12:38:51,921 - mmdet - INFO - Epoch [9][1250/1652]	lr: 8.000e-03, eta: 4:06:59, time: 0.329, data_time: 0.025, memory: 9507, vote_loss: 3.7742, objectness_loss: 0.3672, semantic_loss: 0.4100, center_loss: 0.5441, dir_class_loss: 1.0917, dir_res_loss: 0.8033, size_class_loss: 0.4100, size_res_loss: 0.3142, loss: 7.7146, grad_norm: 9.0731
2026-05-18 12:39:08,212 - mmdet - INFO - Epoch [9][1300/1652]	lr: 8.000e-03, eta: 4:06:42, time: 0.326, data_time: 0.024, memory: 9507, vote_loss: 3.6392, objectness_loss: 0.3725, semantic_loss: 0.4032, center_loss: 0.4869, dir_class_loss: 1.0972, dir_res_loss: 0.7740, size_class_loss: 0.4032, size_res_loss: 0.2954, loss: 7.4717, grad_norm: 8.1453
2026-05-18 12:39:24,551 - mmdet - INFO - Epoch [9][1350/1652]	lr: 8.000e-03, eta: 4:06:25, time: 0.327, data_time: 0.024, memory: 9507, vote_loss: 3.7310, objectness_loss: 0.3698, semantic_loss: 0.5465, center_loss: 0.5424, dir_class_loss: 1.1712, dir_res_loss: 0.8322, size_class_loss: 0.5465, size_res_loss: 0.3306, loss: 8.0703, grad_norm: 8.1667
2026-05-18 12:39:41,016 - mmdet - INFO - Epoch [9][1400/1652]	lr: 8.000e-03, eta: 4:06:09, time: 0.329, data_time: 0.025, memory: 9507, vote_loss: 3.7129, objectness_loss: 0.3680, semantic_loss: 0.4079, center_loss: 0.4904, dir_class_loss: 1.1089, dir_res_loss: 0.8104, size_class_loss: 0.4080, size_res_loss: 0.3092, loss: 7.6156, grad_norm: 8.0036
2026-05-18 12:39:57,354 - mmdet - INFO - Epoch [9][1450/1652]	lr: 8.000e-03, eta: 4:05:52, time: 0.327, data_time: 0.024, memory: 9507, vote_loss: 3.7494, objectness_loss: 0.3548, semantic_loss: 0.3973, center_loss: 0.5355, dir_class_loss: 1.1039, dir_res_loss: 0.6894, size_class_loss: 0.3973, size_res_loss: 0.2822, loss: 7.5099, grad_norm: 7.5043
2026-05-18 12:40:13,705 - mmdet - INFO - Epoch [9][1500/1652]	lr: 8.000e-03, eta: 4:05:35, time: 0.327, data_time: 0.025, memory: 9507, vote_loss: 3.5582, objectness_loss: 0.3565, semantic_loss: 0.3906, center_loss: 0.5343, dir_class_loss: 1.0586, dir_res_loss: 0.8156, size_class_loss: 0.3906, size_res_loss: 0.3128, loss: 7.4172, grad_norm: 8.7866
2026-05-18 12:40:30,020 - mmdet - INFO - Epoch [9][1550/1652]	lr: 8.000e-03, eta: 4:05:18, time: 0.326, data_time: 0.024, memory: 9507, vote_loss: 3.6878, objectness_loss: 0.3647, semantic_loss: 0.3797, center_loss: 0.5512, dir_class_loss: 1.1111, dir_res_loss: 0.7845, size_class_loss: 0.3797, size_res_loss: 0.2972, loss: 7.5559, grad_norm: 8.6179
2026-05-18 12:40:46,336 - mmdet - INFO - Epoch [9][1600/1652]	lr: 8.000e-03, eta: 4:05:02, time: 0.326, data_time: 0.023, memory: 9507, vote_loss: 3.5271, objectness_loss: 0.3797, semantic_loss: 0.4515, center_loss: 0.5044, dir_class_loss: 1.1180, dir_res_loss: 0.8558, size_class_loss: 0.4515, size_res_loss: 0.2877, loss: 7.5757, grad_norm: 8.0297
2026-05-18 12:41:02,686 - mmdet - INFO - Epoch [9][1650/1652]	lr: 8.000e-03, eta: 4:04:45, time: 0.327, data_time: 0.024, memory: 9507, vote_loss: 3.5883, objectness_loss: 0.3651, semantic_loss: 0.4751, center_loss: 0.5702, dir_class_loss: 1.0826, dir_res_loss: 0.8952, size_class_loss: 0.4751, size_res_loss: 0.3044, loss: 7.7561, grad_norm: 8.9371
2026-05-18 12:41:03,407 - mmdet - INFO - Saving checkpoint at 9 epochs
2026-05-18 12:41:22,834 - mmdet - INFO - Epoch [10][50/1652]	lr: 8.000e-03, eta: 4:04:34, time: 0.383, data_time: 0.077, memory: 9507, vote_loss: 3.6582, objectness_loss: 0.3407, semantic_loss: 0.3508, center_loss: 0.5070, dir_class_loss: 1.1136, dir_res_loss: 0.7759, size_class_loss: 0.3507, size_res_loss: 0.2896, loss: 7.3866, grad_norm: 8.1229
2026-05-18 12:41:39,229 - mmdet - INFO - Epoch [10][100/1652]	lr: 8.000e-03, eta: 4:04:17, time: 0.328, data_time: 0.025, memory: 9507, vote_loss: 3.5487, objectness_loss: 0.3454, semantic_loss: 0.3835, center_loss: 0.4982, dir_class_loss: 1.1033, dir_res_loss: 0.8180, size_class_loss: 0.3835, size_res_loss: 0.2859, loss: 7.3666, grad_norm: 9.2745
2026-05-18 12:41:55,605 - mmdet - INFO - Epoch [10][150/1652]	lr: 8.000e-03, eta: 4:04:00, time: 0.328, data_time: 0.024, memory: 9507, vote_loss: 3.6516, objectness_loss: 0.3425, semantic_loss: 0.3507, center_loss: 0.4965, dir_class_loss: 1.0402, dir_res_loss: 0.8777, size_class_loss: 0.3507, size_res_loss: 0.2799, loss: 7.3898, grad_norm: 8.5695
2026-05-18 12:42:11,983 - mmdet - INFO - Epoch [10][200/1652]	lr: 8.000e-03, eta: 4:03:44, time: 0.328, data_time: 0.025, memory: 9507, vote_loss: 3.5987, objectness_loss: 0.3603, semantic_loss: 0.4133, center_loss: 0.5356, dir_class_loss: 1.0392, dir_res_loss: 0.7775, size_class_loss: 0.4133, size_res_loss: 0.3053, loss: 7.4431, grad_norm: 9.0998
2026-05-18 12:42:28,358 - mmdet - INFO - Epoch [10][250/1652]	lr: 8.000e-03, eta: 4:03:27, time: 0.327, data_time: 0.024, memory: 9507, vote_loss: 3.4118, objectness_loss: 0.3655, semantic_loss: 0.3352, center_loss: 0.4813, dir_class_loss: 1.0438, dir_res_loss: 0.7909, size_class_loss: 0.3352, size_res_loss: 0.2979, loss: 7.0616, grad_norm: 7.9402
2026-05-18 12:42:44,735 - mmdet - INFO - Epoch [10][300/1652]	lr: 8.000e-03, eta: 4:03:10, time: 0.328, data_time: 0.025, memory: 9507, vote_loss: 3.5972, objectness_loss: 0.3595, semantic_loss: 0.4068, center_loss: 0.4988, dir_class_loss: 1.0047, dir_res_loss: 0.8193, size_class_loss: 0.4068, size_res_loss: 0.2955, loss: 7.3887, grad_norm: 8.2560
2026-05-18 12:43:01,093 - mmdet - INFO - Epoch [10][350/1652]	lr: 8.000e-03, eta: 4:02:53, time: 0.327, data_time: 0.025, memory: 9507, vote_loss: 3.6458, objectness_loss: 0.3527, semantic_loss: 0.3995, center_loss: 0.5400, dir_class_loss: 1.1246, dir_res_loss: 0.7855, size_class_loss: 0.3995, size_res_loss: 0.3250, loss: 7.5726, grad_norm: 8.7386
2026-05-18 12:43:17,433 - mmdet - INFO - Epoch [10][400/1652]	lr: 8.000e-03, eta: 4:02:36, time: 0.327, data_time: 0.024, memory: 9507, vote_loss: 3.6653, objectness_loss: 0.3805, semantic_loss: 0.4221, center_loss: 0.4944, dir_class_loss: 0.9908, dir_res_loss: 0.7971, size_class_loss: 0.4221, size_res_loss: 0.3062, loss: 7.4784, grad_norm: 7.9070
2026-05-18 12:43:33,877 - mmdet - INFO - Epoch [10][450/1652]	lr: 8.000e-03, eta: 4:02:20, time: 0.329, data_time: 0.025, memory: 9507, vote_loss: 3.6013, objectness_loss: 0.3822, semantic_loss: 0.3813, center_loss: 0.4467, dir_class_loss: 1.0402, dir_res_loss: 0.7883, size_class_loss: 0.3813, size_res_loss: 0.2557, loss: 7.2770, grad_norm: 7.4876
2026-05-18 12:43:50,214 - mmdet - INFO - Epoch [10][500/1652]	lr: 8.000e-03, eta: 4:02:03, time: 0.327, data_time: 0.024, memory: 9507, vote_loss: 3.5554, objectness_loss: 0.3874, semantic_loss: 0.3377, center_loss: 0.4705, dir_class_loss: 1.0062, dir_res_loss: 0.7546, size_class_loss: 0.3377, size_res_loss: 0.2795, loss: 7.1289, grad_norm: 7.9182
2026-05-18 12:44:06,525 - mmdet - INFO - Epoch [10][550/1652]	lr: 8.000e-03, eta: 4:01:46, time: 0.326, data_time: 0.024, memory: 9507, vote_loss: 3.6169, objectness_loss: 0.3552, semantic_loss: 0.3982, center_loss: 0.5455, dir_class_loss: 1.0670, dir_res_loss: 0.7436, size_class_loss: 0.3982, size_res_loss: 0.3153, loss: 7.4399, grad_norm: 8.4712
2026-05-18 12:44:22,813 - mmdet - INFO - Epoch [10][600/1652]	lr: 8.000e-03, eta: 4:01:29, time: 0.326, data_time: 0.024, memory: 9507, vote_loss: 3.6451, objectness_loss: 0.3557, semantic_loss: 0.3800, center_loss: 0.4723, dir_class_loss: 0.9773, dir_res_loss: 0.6755, size_class_loss: 0.3800, size_res_loss: 0.3079, loss: 7.1939, grad_norm: 8.2686
2026-05-18 12:44:39,110 - mmdet - INFO - Epoch [10][650/1652]	lr: 8.000e-03, eta: 4:01:12, time: 0.326, data_time: 0.024, memory: 9507, vote_loss: 3.4340, objectness_loss: 0.3373, semantic_loss: 0.3688, center_loss: 0.5033, dir_class_loss: 1.0605, dir_res_loss: 0.7532, size_class_loss: 0.3688, size_res_loss: 0.2821, loss: 7.1080, grad_norm: 8.3711
2026-05-18 12:44:55,511 - mmdet - INFO - Epoch [10][700/1652]	lr: 8.000e-03, eta: 4:00:56, time: 0.328, data_time: 0.025, memory: 9507, vote_loss: 3.5149, objectness_loss: 0.3645, semantic_loss: 0.3800, center_loss: 0.4950, dir_class_loss: 1.0624, dir_res_loss: 0.7571, size_class_loss: 0.3800, size_res_loss: 0.3067, loss: 7.2607, grad_norm: 8.5961
2026-05-18 12:45:11,925 - mmdet - INFO - Epoch [10][750/1652]	lr: 8.000e-03, eta: 4:00:39, time: 0.328, data_time: 0.025, memory: 9507, vote_loss: 3.6255, objectness_loss: 0.3406, semantic_loss: 0.4034, center_loss: 0.5014, dir_class_loss: 1.0118, dir_res_loss: 0.8458, size_class_loss: 0.4034, size_res_loss: 0.3023, loss: 7.4342, grad_norm: 7.9647
2026-05-18 12:45:28,266 - mmdet - INFO - Epoch [10][800/1652]	lr: 8.000e-03, eta: 4:00:22, time: 0.327, data_time: 0.025, memory: 9507, vote_loss: 3.8733, objectness_loss: 0.3613, semantic_loss: 0.3921, center_loss: 0.5903, dir_class_loss: 1.0358, dir_res_loss: 0.7249, size_class_loss: 0.3921, size_res_loss: 0.3162, loss: 7.6860, grad_norm: 8.6781
2026-05-18 12:45:44,578 - mmdet - INFO - Epoch [10][850/1652]	lr: 8.000e-03, eta: 4:00:05, time: 0.326, data_time: 0.024, memory: 9507, vote_loss: 3.7752, objectness_loss: 0.3722, semantic_loss: 0.3912, center_loss: 0.5151, dir_class_loss: 1.0222, dir_res_loss: 0.7741, size_class_loss: 0.3912, size_res_loss: 0.3281, loss: 7.5692, grad_norm: 7.9730
2026-05-18 12:46:00,952 - mmdet - INFO - Epoch [10][900/1652]	lr: 8.000e-03, eta: 3:59:49, time: 0.327, data_time: 0.024, memory: 9507, vote_loss: 3.4601, objectness_loss: 0.3835, semantic_loss: 0.3555, center_loss: 0.5315, dir_class_loss: 1.0198, dir_res_loss: 0.7235, size_class_loss: 0.3555, size_res_loss: 0.3228, loss: 7.1521, grad_norm: 7.8391
2026-05-18 12:46:17,321 - mmdet - INFO - Epoch [10][950/1652]	lr: 8.000e-03, eta: 3:59:32, time: 0.327, data_time: 0.025, memory: 9507, vote_loss: 3.4735, objectness_loss: 0.3584, semantic_loss: 0.3898, center_loss: 0.5300, dir_class_loss: 1.0725, dir_res_loss: 0.7734, size_class_loss: 0.3898, size_res_loss: 0.2723, loss: 7.2597, grad_norm: 8.9512
2026-05-18 12:46:33,690 - mmdet - INFO - Epoch [10][1000/1652]	lr: 8.000e-03, eta: 3:59:15, time: 0.327, data_time: 0.024, memory: 9507, vote_loss: 3.4772, objectness_loss: 0.3635, semantic_loss: 0.4045, center_loss: 0.4963, dir_class_loss: 1.0327, dir_res_loss: 0.7652, size_class_loss: 0.4045, size_res_loss: 0.2570, loss: 7.2010, grad_norm: 8.4227
2026-05-18 12:46:50,094 - mmdet - INFO - Epoch [10][1050/1652]	lr: 8.000e-03, eta: 3:58:59, time: 0.328, data_time: 0.025, memory: 9507, vote_loss: 3.5723, objectness_loss: 0.3800, semantic_loss: 0.3904, center_loss: 0.5007, dir_class_loss: 1.0416, dir_res_loss: 0.7415, size_class_loss: 0.3904, size_res_loss: 0.3142, loss: 7.3312, grad_norm: 8.2468
2026-05-18 12:47:06,626 - mmdet - INFO - Epoch [10][1100/1652]	lr: 8.000e-03, eta: 3:58:42, time: 0.331, data_time: 0.028, memory: 9507, vote_loss: 3.5660, objectness_loss: 0.3818, semantic_loss: 0.3828, center_loss: 0.5818, dir_class_loss: 0.9413, dir_res_loss: 0.6839, size_class_loss: 0.3828, size_res_loss: 0.2951, loss: 7.2155, grad_norm: 8.6025
2026-05-18 12:47:22,969 - mmdet - INFO - Epoch [10][1150/1652]	lr: 8.000e-03, eta: 3:58:26, time: 0.327, data_time: 0.024, memory: 9507, vote_loss: 3.5562, objectness_loss: 0.3331, semantic_loss: 0.3649, center_loss: 0.6292, dir_class_loss: 1.0582, dir_res_loss: 0.8460, size_class_loss: 0.3649, size_res_loss: 0.2834, loss: 7.4360, grad_norm: 9.4830
2026-05-18 12:47:39,287 - mmdet - INFO - Epoch [10][1200/1652]	lr: 8.000e-03, eta: 3:58:09, time: 0.326, data_time: 0.024, memory: 9507, vote_loss: 3.7512, objectness_loss: 0.3573, semantic_loss: 0.3710, center_loss: 0.5115, dir_class_loss: 1.0602, dir_res_loss: 0.7589, size_class_loss: 0.3710, size_res_loss: 0.2938, loss: 7.4748, grad_norm: 8.2215
2026-05-18 12:47:55,551 - mmdet - INFO - Epoch [10][1250/1652]	lr: 8.000e-03, eta: 3:57:52, time: 0.325, data_time: 0.023, memory: 9507, vote_loss: 3.6216, objectness_loss: 0.3839, semantic_loss: 0.4360, center_loss: 0.5129, dir_class_loss: 0.9998, dir_res_loss: 0.8425, size_class_loss: 0.4360, size_res_loss: 0.3146, loss: 7.5473, grad_norm: 8.5076
2026-05-18 12:48:11,866 - mmdet - INFO - Epoch [10][1300/1652]	lr: 8.000e-03, eta: 3:57:35, time: 0.326, data_time: 0.024, memory: 9507, vote_loss: 3.5023, objectness_loss: 0.3292, semantic_loss: 0.3575, center_loss: 0.4983, dir_class_loss: 1.0401, dir_res_loss: 0.8179, size_class_loss: 0.3575, size_res_loss: 0.2942, loss: 7.1971, grad_norm: 8.2975
2026-05-18 12:48:28,262 - mmdet - INFO - Epoch [10][1350/1652]	lr: 8.000e-03, eta: 3:57:18, time: 0.328, data_time: 0.024, memory: 9507, vote_loss: 3.3596, objectness_loss: 0.3505, semantic_loss: 0.3450, center_loss: 0.5513, dir_class_loss: 1.0091, dir_res_loss: 0.7742, size_class_loss: 0.3450, size_res_loss: 0.2909, loss: 7.0256, grad_norm: 8.1996
2026-05-18 12:48:44,637 - mmdet - INFO - Epoch [10][1400/1652]	lr: 8.000e-03, eta: 3:57:02, time: 0.327, data_time: 0.024, memory: 9507, vote_loss: 3.5274, objectness_loss: 0.3511, semantic_loss: 0.4009, center_loss: 0.5012, dir_class_loss: 1.0754, dir_res_loss: 0.7891, size_class_loss: 0.4009, size_res_loss: 0.2934, loss: 7.3394, grad_norm: 8.2003
2026-05-18 12:49:00,932 - mmdet - INFO - Epoch [10][1450/1652]	lr: 8.000e-03, eta: 3:56:45, time: 0.326, data_time: 0.024, memory: 9507, vote_loss: 3.6311, objectness_loss: 0.3486, semantic_loss: 0.3475, center_loss: 0.5096, dir_class_loss: 1.0039, dir_res_loss: 0.7378, size_class_loss: 0.3475, size_res_loss: 0.2839, loss: 7.2100, grad_norm: 8.2847
2026-05-18 12:49:17,261 - mmdet - INFO - Epoch [10][1500/1652]	lr: 8.000e-03, eta: 3:56:28, time: 0.327, data_time: 0.024, memory: 9507, vote_loss: 3.6888, objectness_loss: 0.3644, semantic_loss: 0.4447, center_loss: 0.5202, dir_class_loss: 1.0363, dir_res_loss: 0.7262, size_class_loss: 0.4447, size_res_loss: 0.3017, loss: 7.5270, grad_norm: 8.0183
2026-05-18 12:49:33,631 - mmdet - INFO - Epoch [10][1550/1652]	lr: 8.000e-03, eta: 3:56:11, time: 0.327, data_time: 0.025, memory: 9507, vote_loss: 3.3232, objectness_loss: 0.3642, semantic_loss: 0.3830, center_loss: 0.5054, dir_class_loss: 0.9986, dir_res_loss: 0.7502, size_class_loss: 0.3830, size_res_loss: 0.2707, loss: 6.9784, grad_norm: 7.9718
2026-05-18 12:49:49,948 - mmdet - INFO - Epoch [10][1600/1652]	lr: 8.000e-03, eta: 3:55:54, time: 0.326, data_time: 0.023, memory: 9507, vote_loss: 3.5505, objectness_loss: 0.3436, semantic_loss: 0.3946, center_loss: 0.5175, dir_class_loss: 1.0239, dir_res_loss: 0.7418, size_class_loss: 0.3946, size_res_loss: 0.2894, loss: 7.2559, grad_norm: 8.6132
2026-05-18 12:50:06,287 - mmdet - INFO - Epoch [10][1650/1652]	lr: 8.000e-03, eta: 3:55:38, time: 0.327, data_time: 0.024, memory: 9507, vote_loss: 3.5381, objectness_loss: 0.3553, semantic_loss: 0.3866, center_loss: 0.5252, dir_class_loss: 1.0066, dir_res_loss: 0.5981, size_class_loss: 0.3866, size_res_loss: 0.2945, loss: 7.0909, grad_norm: 8.5767
2026-05-18 12:50:07,015 - mmdet - INFO - Saving checkpoint at 10 epochs
2026-05-18 12:50:26,232 - mmdet - INFO - Epoch [11][50/1652]	lr: 8.000e-03, eta: 3:55:25, time: 0.378, data_time: 0.075, memory: 9507, vote_loss: 3.4754, objectness_loss: 0.3560, semantic_loss: 0.4136, center_loss: 0.5030, dir_class_loss: 1.0533, dir_res_loss: 0.7880, size_class_loss: 0.4136, size_res_loss: 0.3030, loss: 7.3059, grad_norm: 8.0900
2026-05-18 12:50:42,575 - mmdet - INFO - Epoch [11][100/1652]	lr: 8.000e-03, eta: 3:55:08, time: 0.327, data_time: 0.024, memory: 9507, vote_loss: 3.7167, objectness_loss: 0.3817, semantic_loss: 0.3819, center_loss: 0.5254, dir_class_loss: 1.0274, dir_res_loss: 0.7588, size_class_loss: 0.3819, size_res_loss: 0.3268, loss: 7.5005, grad_norm: 7.9153
2026-05-18 12:50:58,917 - mmdet - INFO - Epoch [11][150/1652]	lr: 8.000e-03, eta: 3:54:52, time: 0.327, data_time: 0.024, memory: 9507, vote_loss: 3.4560, objectness_loss: 0.3661, semantic_loss: 0.3731, center_loss: 0.4840, dir_class_loss: 1.0493, dir_res_loss: 0.7489, size_class_loss: 0.3731, size_res_loss: 0.3144, loss: 7.1648, grad_norm: 8.3844
2026-05-18 12:51:15,522 - mmdet - INFO - Epoch [11][200/1652]	lr: 8.000e-03, eta: 3:54:35, time: 0.332, data_time: 0.026, memory: 9507, vote_loss: 3.4377, objectness_loss: 0.3422, semantic_loss: 0.3525, center_loss: 0.4772, dir_class_loss: 1.0449, dir_res_loss: 0.6880, size_class_loss: 0.3525, size_res_loss: 0.3042, loss: 6.9993, grad_norm: 8.2327
2026-05-18 12:51:31,902 - mmdet - INFO - Epoch [11][250/1652]	lr: 8.000e-03, eta: 3:54:19, time: 0.328, data_time: 0.025, memory: 9507, vote_loss: 3.5091, objectness_loss: 0.3624, semantic_loss: 0.3731, center_loss: 0.4857, dir_class_loss: 0.9774, dir_res_loss: 0.7750, size_class_loss: 0.3731, size_res_loss: 0.2954, loss: 7.1513, grad_norm: 8.0274
2026-05-18 12:51:48,197 - mmdet - INFO - Epoch [11][300/1652]	lr: 8.000e-03, eta: 3:54:02, time: 0.326, data_time: 0.024, memory: 9507, vote_loss: 3.5739, objectness_loss: 0.3854, semantic_loss: 0.4082, center_loss: 0.5251, dir_class_loss: 0.9803, dir_res_loss: 0.6911, size_class_loss: 0.4082, size_res_loss: 0.3023, loss: 7.2745, grad_norm: 8.5844
2026-05-18 12:52:04,549 - mmdet - INFO - Epoch [11][350/1652]	lr: 8.000e-03, eta: 3:53:45, time: 0.327, data_time: 0.025, memory: 9507, vote_loss: 3.5097, objectness_loss: 0.3453, semantic_loss: 0.3179, center_loss: 0.5319, dir_class_loss: 0.9661, dir_res_loss: 0.7627, size_class_loss: 0.3179, size_res_loss: 0.2865, loss: 7.0380, grad_norm: 7.7521
2026-05-18 12:52:20,845 - mmdet - INFO - Epoch [11][400/1652]	lr: 8.000e-03, eta: 3:53:28, time: 0.326, data_time: 0.024, memory: 9507, vote_loss: 3.5558, objectness_loss: 0.3359, semantic_loss: 0.3680, center_loss: 0.4969, dir_class_loss: 1.1027, dir_res_loss: 0.8628, size_class_loss: 0.3680, size_res_loss: 0.2915, loss: 7.3817, grad_norm: 7.9389
2026-05-18 12:52:37,194 - mmdet - INFO - Epoch [11][450/1652]	lr: 8.000e-03, eta: 3:53:12, time: 0.327, data_time: 0.024, memory: 9507, vote_loss: 3.3922, objectness_loss: 0.3662, semantic_loss: 0.3688, center_loss: 0.4829, dir_class_loss: 1.0366, dir_res_loss: 0.7855, size_class_loss: 0.3688, size_res_loss: 0.3010, loss: 7.1019, grad_norm: 8.4344
2026-05-18 12:52:53,546 - mmdet - INFO - Epoch [11][500/1652]	lr: 8.000e-03, eta: 3:52:55, time: 0.327, data_time: 0.025, memory: 9507, vote_loss: 3.6030, objectness_loss: 0.3770, semantic_loss: 0.4085, center_loss: 0.5164, dir_class_loss: 1.0736, dir_res_loss: 0.7492, size_class_loss: 0.4085, size_res_loss: 0.2838, loss: 7.4200, grad_norm: 9.1492
2026-05-18 12:53:09,963 - mmdet - INFO - Epoch [11][550/1652]	lr: 8.000e-03, eta: 3:52:38, time: 0.328, data_time: 0.025, memory: 9507, vote_loss: 3.4046, objectness_loss: 0.3617, semantic_loss: 0.3358, center_loss: 0.4968, dir_class_loss: 0.9711, dir_res_loss: 0.8304, size_class_loss: 0.3358, size_res_loss: 0.2931, loss: 7.0294, grad_norm: 7.8216
2026-05-18 12:53:26,289 - mmdet - INFO - Epoch [11][600/1652]	lr: 8.000e-03, eta: 3:52:21, time: 0.327, data_time: 0.024, memory: 9507, vote_loss: 3.5050, objectness_loss: 0.3658, semantic_loss: 0.4402, center_loss: 0.5639, dir_class_loss: 0.9849, dir_res_loss: 0.7447, size_class_loss: 0.4402, size_res_loss: 0.2929, loss: 7.3376, grad_norm: 9.1315
2026-05-18 12:53:42,592 - mmdet - INFO - Epoch [11][650/1652]	lr: 8.000e-03, eta: 3:52:05, time: 0.326, data_time: 0.024, memory: 9507, vote_loss: 3.4307, objectness_loss: 0.3603, semantic_loss: 0.3729, center_loss: 0.5049, dir_class_loss: 0.9774, dir_res_loss: 0.7390, size_class_loss: 0.3729, size_res_loss: 0.2605, loss: 7.0185, grad_norm: 8.9528
2026-05-18 12:53:58,988 - mmdet - INFO - Epoch [11][700/1652]	lr: 8.000e-03, eta: 3:51:48, time: 0.328, data_time: 0.024, memory: 9507, vote_loss: 3.7512, objectness_loss: 0.3465, semantic_loss: 0.3651, center_loss: 0.4909, dir_class_loss: 1.0562, dir_res_loss: 0.7649, size_class_loss: 0.3651, size_res_loss: 0.3064, loss: 7.4464, grad_norm: 7.4752
2026-05-18 12:54:15,218 - mmdet - INFO - Epoch [11][750/1652]	lr: 8.000e-03, eta: 3:51:31, time: 0.325, data_time: 0.023, memory: 9507, vote_loss: 3.4908, objectness_loss: 0.3478, semantic_loss: 0.3645, center_loss: 0.4701, dir_class_loss: 1.0261, dir_res_loss: 0.7169, size_class_loss: 0.3646, size_res_loss: 0.3122, loss: 7.0930, grad_norm: 7.7174
2026-05-18 12:54:31,452 - mmdet - INFO - Epoch [11][800/1652]	lr: 8.000e-03, eta: 3:51:14, time: 0.325, data_time: 0.023, memory: 9507, vote_loss: 3.4696, objectness_loss: 0.3318, semantic_loss: 0.3445, center_loss: 0.5249, dir_class_loss: 0.9416, dir_res_loss: 0.6885, size_class_loss: 0.3445, size_res_loss: 0.2671, loss: 6.9125, grad_norm: 8.3346
2026-05-18 12:54:47,703 - mmdet - INFO - Epoch [11][850/1652]	lr: 8.000e-03, eta: 3:50:57, time: 0.325, data_time: 0.024, memory: 9507, vote_loss: 3.5574, objectness_loss: 0.3612, semantic_loss: 0.3704, center_loss: 0.5294, dir_class_loss: 0.9173, dir_res_loss: 0.7428, size_class_loss: 0.3704, size_res_loss: 0.2649, loss: 7.1139, grad_norm: 8.5568
2026-05-18 12:55:04,056 - mmdet - INFO - Epoch [11][900/1652]	lr: 8.000e-03, eta: 3:50:40, time: 0.327, data_time: 0.024, memory: 9507, vote_loss: 3.5304, objectness_loss: 0.3305, semantic_loss: 0.3946, center_loss: 0.5035, dir_class_loss: 0.9524, dir_res_loss: 0.6527, size_class_loss: 0.3946, size_res_loss: 0.2927, loss: 7.0514, grad_norm: 8.1810
2026-05-18 12:55:20,302 - mmdet - INFO - Epoch [11][950/1652]	lr: 8.000e-03, eta: 3:50:23, time: 0.325, data_time: 0.024, memory: 9507, vote_loss: 3.5498, objectness_loss: 0.3481, semantic_loss: 0.4751, center_loss: 0.5517, dir_class_loss: 1.0808, dir_res_loss: 0.7231, size_class_loss: 0.4751, size_res_loss: 0.3040, loss: 7.5076, grad_norm: 9.0489
2026-05-18 12:55:36,645 - mmdet - INFO - Epoch [11][1000/1652]	lr: 8.000e-03, eta: 3:50:07, time: 0.327, data_time: 0.024, memory: 9507, vote_loss: 3.3510, objectness_loss: 0.3570, semantic_loss: 0.3746, center_loss: 0.6181, dir_class_loss: 1.0890, dir_res_loss: 0.7293, size_class_loss: 0.3746, size_res_loss: 0.3030, loss: 7.1967, grad_norm: 8.6750
2026-05-18 12:55:53,067 - mmdet - INFO - Epoch [11][1050/1652]	lr: 8.000e-03, eta: 3:49:50, time: 0.328, data_time: 0.024, memory: 9507, vote_loss: 3.6705, objectness_loss: 0.3506, semantic_loss: 0.3857, center_loss: 0.5665, dir_class_loss: 1.0650, dir_res_loss: 0.7490, size_class_loss: 0.3857, size_res_loss: 0.3061, loss: 7.4792, grad_norm: 9.6714
2026-05-18 12:56:09,409 - mmdet - INFO - Epoch [11][1100/1652]	lr: 8.000e-03, eta: 3:49:33, time: 0.327, data_time: 0.024, memory: 9507, vote_loss: 3.4555, objectness_loss: 0.3645, semantic_loss: 0.3827, center_loss: 0.4611, dir_class_loss: 0.9988, dir_res_loss: 0.8019, size_class_loss: 0.3827, size_res_loss: 0.2821, loss: 7.1293, grad_norm: 8.3102
2026-05-18 12:56:25,768 - mmdet - INFO - Epoch [11][1150/1652]	lr: 8.000e-03, eta: 3:49:17, time: 0.327, data_time: 0.024, memory: 9507, vote_loss: 3.6676, objectness_loss: 0.3509, semantic_loss: 0.3790, center_loss: 0.4987, dir_class_loss: 1.0348, dir_res_loss: 0.8679, size_class_loss: 0.3790, size_res_loss: 0.3231, loss: 7.5010, grad_norm: 7.9721
2026-05-18 12:56:42,263 - mmdet - INFO - Epoch [11][1200/1652]	lr: 8.000e-03, eta: 3:49:00, time: 0.330, data_time: 0.027, memory: 9507, vote_loss: 3.6534, objectness_loss: 0.3451, semantic_loss: 0.3864, center_loss: 0.4967, dir_class_loss: 1.0209, dir_res_loss: 0.7611, size_class_loss: 0.3865, size_res_loss: 0.2993, loss: 7.3495, grad_norm: 8.3405
2026-05-18 12:56:58,580 - mmdet - INFO - Epoch [11][1250/1652]	lr: 8.000e-03, eta: 3:48:43, time: 0.326, data_time: 0.023, memory: 9507, vote_loss: 3.5413, objectness_loss: 0.3499, semantic_loss: 0.4210, center_loss: 0.5703, dir_class_loss: 1.0079, dir_res_loss: 0.7870, size_class_loss: 0.4210, size_res_loss: 0.2820, loss: 7.3804, grad_norm: 8.1453
2026-05-18 12:57:14,928 - mmdet - INFO - Epoch [11][1300/1652]	lr: 8.000e-03, eta: 3:48:27, time: 0.327, data_time: 0.024, memory: 9507, vote_loss: 3.5257, objectness_loss: 0.3469, semantic_loss: 0.3816, center_loss: 0.4871, dir_class_loss: 1.0161, dir_res_loss: 0.7212, size_class_loss: 0.3816, size_res_loss: 0.2929, loss: 7.1531, grad_norm: 7.7496
2026-05-18 12:57:31,311 - mmdet - INFO - Epoch [11][1350/1652]	lr: 8.000e-03, eta: 3:48:10, time: 0.328, data_time: 0.024, memory: 9507, vote_loss: 3.4774, objectness_loss: 0.3496, semantic_loss: 0.3549, center_loss: 0.4953, dir_class_loss: 1.0134, dir_res_loss: 0.7954, size_class_loss: 0.3549, size_res_loss: 0.2923, loss: 7.1333, grad_norm: 8.5405
2026-05-18 12:57:47,716 - mmdet - INFO - Epoch [11][1400/1652]	lr: 8.000e-03, eta: 3:47:54, time: 0.328, data_time: 0.025, memory: 9507, vote_loss: 3.3256, objectness_loss: 0.3608, semantic_loss: 0.3413, center_loss: 0.4840, dir_class_loss: 1.0115, dir_res_loss: 0.7953, size_class_loss: 0.3413, size_res_loss: 0.2689, loss: 6.9288, grad_norm: 8.2381
2026-05-18 12:58:04,133 - mmdet - INFO - Epoch [11][1450/1652]	lr: 8.000e-03, eta: 3:47:37, time: 0.328, data_time: 0.025, memory: 9507, vote_loss: 3.3631, objectness_loss: 0.3624, semantic_loss: 0.3716, center_loss: 0.4858, dir_class_loss: 1.0697, dir_res_loss: 0.7524, size_class_loss: 0.3716, size_res_loss: 0.2902, loss: 7.0667, grad_norm: 7.9436
2026-05-18 12:58:20,451 - mmdet - INFO - Epoch [11][1500/1652]	lr: 8.000e-03, eta: 3:47:20, time: 0.326, data_time: 0.024, memory: 9507, vote_loss: 3.4934, objectness_loss: 0.3737, semantic_loss: 0.3829, center_loss: 0.5317, dir_class_loss: 1.0278, dir_res_loss: 0.7236, size_class_loss: 0.3829, size_res_loss: 0.2915, loss: 7.2075, grad_norm: 9.1316
2026-05-18 12:58:36,763 - mmdet - INFO - Epoch [11][1550/1652]	lr: 8.000e-03, eta: 3:47:04, time: 0.326, data_time: 0.023, memory: 9507, vote_loss: 3.3511, objectness_loss: 0.3521, semantic_loss: 0.3596, center_loss: 0.4743, dir_class_loss: 1.0354, dir_res_loss: 0.7044, size_class_loss: 0.3596, size_res_loss: 0.2818, loss: 6.9183, grad_norm: 8.7794
2026-05-18 12:58:52,938 - mmdet - INFO - Epoch [11][1600/1652]	lr: 8.000e-03, eta: 3:46:46, time: 0.323, data_time: 0.023, memory: 9507, vote_loss: 3.6258, objectness_loss: 0.3489, semantic_loss: 0.3892, center_loss: 0.5780, dir_class_loss: 1.0050, dir_res_loss: 0.7229, size_class_loss: 0.3892, size_res_loss: 0.3190, loss: 7.3780, grad_norm: 8.8316
2026-05-18 12:59:09,236 - mmdet - INFO - Epoch [11][1650/1652]	lr: 8.000e-03, eta: 3:46:30, time: 0.326, data_time: 0.023, memory: 9507, vote_loss: 3.5093, objectness_loss: 0.3519, semantic_loss: 0.3567, center_loss: 0.4823, dir_class_loss: 1.0357, dir_res_loss: 0.7066, size_class_loss: 0.3568, size_res_loss: 0.2708, loss: 7.0701, grad_norm: 7.6171
2026-05-18 12:59:09,949 - mmdet - INFO - Saving checkpoint at 11 epochs
2026-05-18 12:59:29,196 - mmdet - INFO - Epoch [12][50/1652]	lr: 8.000e-03, eta: 3:46:17, time: 0.379, data_time: 0.075, memory: 9507, vote_loss: 3.4060, objectness_loss: 0.3623, semantic_loss: 0.3323, center_loss: 0.4567, dir_class_loss: 1.0255, dir_res_loss: 0.7237, size_class_loss: 0.3323, size_res_loss: 0.3058, loss: 6.9446, grad_norm: 7.9452
2026-05-18 12:59:45,515 - mmdet - INFO - Epoch [12][100/1652]	lr: 8.000e-03, eta: 3:46:00, time: 0.326, data_time: 0.024, memory: 9507, vote_loss: 3.4430, objectness_loss: 0.3407, semantic_loss: 0.3274, center_loss: 0.5336, dir_class_loss: 1.0269, dir_res_loss: 0.7451, size_class_loss: 0.3274, size_res_loss: 0.2875, loss: 7.0317, grad_norm: 8.4480
2026-05-18 13:00:01,831 - mmdet - INFO - Epoch [12][150/1652]	lr: 8.000e-03, eta: 3:45:43, time: 0.326, data_time: 0.024, memory: 9507, vote_loss: 3.5660, objectness_loss: 0.3606, semantic_loss: 0.4053, center_loss: 0.5247, dir_class_loss: 0.9892, dir_res_loss: 0.8057, size_class_loss: 0.4053, size_res_loss: 0.2824, loss: 7.3394, grad_norm: 8.5588
2026-05-18 13:00:18,153 - mmdet - INFO - Epoch [12][200/1652]	lr: 8.000e-03, eta: 3:45:26, time: 0.326, data_time: 0.024, memory: 9507, vote_loss: 3.5201, objectness_loss: 0.3590, semantic_loss: 0.4362, center_loss: 0.5124, dir_class_loss: 1.0551, dir_res_loss: 0.7742, size_class_loss: 0.4362, size_res_loss: 0.2954, loss: 7.3887, grad_norm: 8.4126
2026-05-18 13:00:34,410 - mmdet - INFO - Epoch [12][250/1652]	lr: 8.000e-03, eta: 3:45:09, time: 0.325, data_time: 0.023, memory: 9507, vote_loss: 3.5036, objectness_loss: 0.3680, semantic_loss: 0.3568, center_loss: 0.5152, dir_class_loss: 1.0022, dir_res_loss: 0.7901, size_class_loss: 0.3568, size_res_loss: 0.2740, loss: 7.1666, grad_norm: 8.4367
2026-05-18 13:00:50,668 - mmdet - INFO - Epoch [12][300/1652]	lr: 8.000e-03, eta: 3:44:53, time: 0.325, data_time: 0.024, memory: 9507, vote_loss: 3.5378, objectness_loss: 0.3349, semantic_loss: 0.4029, center_loss: 0.4627, dir_class_loss: 1.0024, dir_res_loss: 0.7684, size_class_loss: 0.4029, size_res_loss: 0.3012, loss: 7.2132, grad_norm: 8.4760
2026-05-18 13:01:06,983 - mmdet - INFO - Epoch [12][350/1652]	lr: 8.000e-03, eta: 3:44:36, time: 0.326, data_time: 0.024, memory: 9507, vote_loss: 3.3823, objectness_loss: 0.3541, semantic_loss: 0.4585, center_loss: 0.4762, dir_class_loss: 1.0069, dir_res_loss: 0.7734, size_class_loss: 0.4585, size_res_loss: 0.2714, loss: 7.1813, grad_norm: 9.4112
2026-05-18 13:01:23,458 - mmdet - INFO - Epoch [12][400/1652]	lr: 8.000e-03, eta: 3:44:19, time: 0.329, data_time: 0.025, memory: 9507, vote_loss: 3.5751, objectness_loss: 0.3691, semantic_loss: 0.4319, center_loss: 0.4890, dir_class_loss: 1.0792, dir_res_loss: 0.7851, size_class_loss: 0.4319, size_res_loss: 0.2698, loss: 7.4311, grad_norm: 8.2656
2026-05-18 13:01:39,802 - mmdet - INFO - Epoch [12][450/1652]	lr: 8.000e-03, eta: 3:44:03, time: 0.327, data_time: 0.025, memory: 9507, vote_loss: 3.4877, objectness_loss: 0.3663, semantic_loss: 0.3825, center_loss: 0.4732, dir_class_loss: 0.9911, dir_res_loss: 0.7739, size_class_loss: 0.3825, size_res_loss: 0.2823, loss: 7.1396, grad_norm: 8.4991
2026-05-18 13:01:56,163 - mmdet - INFO - Epoch [12][500/1652]	lr: 8.000e-03, eta: 3:43:46, time: 0.327, data_time: 0.024, memory: 9507, vote_loss: 3.5604, objectness_loss: 0.3681, semantic_loss: 0.4145, center_loss: 0.5227, dir_class_loss: 1.0372, dir_res_loss: 0.6317, size_class_loss: 0.4145, size_res_loss: 0.2995, loss: 7.2487, grad_norm: 8.3454
2026-05-18 13:02:12,523 - mmdet - INFO - Epoch [12][550/1652]	lr: 8.000e-03, eta: 3:43:29, time: 0.327, data_time: 0.024, memory: 9507, vote_loss: 3.3974, objectness_loss: 0.3585, semantic_loss: 0.3863, center_loss: 0.4918, dir_class_loss: 1.0174, dir_res_loss: 0.7377, size_class_loss: 0.3864, size_res_loss: 0.3563, loss: 7.1319, grad_norm: 8.5085
2026-05-18 13:02:28,932 - mmdet - INFO - Epoch [12][600/1652]	lr: 8.000e-03, eta: 3:43:13, time: 0.328, data_time: 0.024, memory: 9507, vote_loss: 3.4650, objectness_loss: 0.3411, semantic_loss: 0.3953, center_loss: 0.5080, dir_class_loss: 1.0159, dir_res_loss: 0.8219, size_class_loss: 0.3953, size_res_loss: 0.3274, loss: 7.2700, grad_norm: 8.9127
2026-05-18 13:02:45,262 - mmdet - INFO - Epoch [12][650/1652]	lr: 8.000e-03, eta: 3:42:56, time: 0.327, data_time: 0.024, memory: 9507, vote_loss: 3.3999, objectness_loss: 0.3235, semantic_loss: 0.3254, center_loss: 0.4864, dir_class_loss: 0.9583, dir_res_loss: 0.7263, size_class_loss: 0.3254, size_res_loss: 0.2616, loss: 6.8068, grad_norm: 8.1720
2026-05-18 13:03:01,605 - mmdet - INFO - Epoch [12][700/1652]	lr: 8.000e-03, eta: 3:42:39, time: 0.327, data_time: 0.024, memory: 9507, vote_loss: 3.3908, objectness_loss: 0.3391, semantic_loss: 0.3368, center_loss: 0.5743, dir_class_loss: 0.9264, dir_res_loss: 0.6993, size_class_loss: 0.3368, size_res_loss: 0.2862, loss: 6.8896, grad_norm: 8.4255
2026-05-18 13:03:17,901 - mmdet - INFO - Epoch [12][750/1652]	lr: 8.000e-03, eta: 3:42:23, time: 0.326, data_time: 0.023, memory: 9507, vote_loss: 3.3744, objectness_loss: 0.3650, semantic_loss: 0.3635, center_loss: 0.4962, dir_class_loss: 0.9819, dir_res_loss: 0.7791, size_class_loss: 0.3635, size_res_loss: 0.2836, loss: 7.0072, grad_norm: 7.7486
2026-05-18 13:03:34,208 - mmdet - INFO - Epoch [12][800/1652]	lr: 8.000e-03, eta: 3:42:06, time: 0.326, data_time: 0.023, memory: 9507, vote_loss: 3.5067, objectness_loss: 0.3519, semantic_loss: 0.3678, center_loss: 0.5178, dir_class_loss: 1.0364, dir_res_loss: 0.8069, size_class_loss: 0.3679, size_res_loss: 0.3053, loss: 7.2607, grad_norm: 8.4925
2026-05-18 13:03:50,588 - mmdet - INFO - Epoch [12][850/1652]	lr: 8.000e-03, eta: 3:41:49, time: 0.328, data_time: 0.025, memory: 9507, vote_loss: 3.4168, objectness_loss: 0.3798, semantic_loss: 0.3597, center_loss: 0.4801, dir_class_loss: 1.0247, dir_res_loss: 0.6987, size_class_loss: 0.3597, size_res_loss: 0.2901, loss: 7.0096, grad_norm: 8.2112
2026-05-18 13:04:06,938 - mmdet - INFO - Epoch [12][900/1652]	lr: 8.000e-03, eta: 3:41:33, time: 0.327, data_time: 0.024, memory: 9507, vote_loss: 3.5501, objectness_loss: 0.3697, semantic_loss: 0.3990, center_loss: 0.5064, dir_class_loss: 1.0091, dir_res_loss: 0.7627, size_class_loss: 0.3990, size_res_loss: 0.2951, loss: 7.2911, grad_norm: 7.7689
2026-05-18 13:04:23,300 - mmdet - INFO - Epoch [12][950/1652]	lr: 8.000e-03, eta: 3:41:16, time: 0.327, data_time: 0.024, memory: 9507, vote_loss: 3.3693, objectness_loss: 0.3853, semantic_loss: 0.3452, center_loss: 0.5071, dir_class_loss: 1.0126, dir_res_loss: 0.7195, size_class_loss: 0.3452, size_res_loss: 0.2888, loss: 6.9728, grad_norm: 7.9936
2026-05-18 13:04:39,566 - mmdet - INFO - Epoch [12][1000/1652]	lr: 8.000e-03, eta: 3:40:59, time: 0.325, data_time: 0.024, memory: 9507, vote_loss: 3.5205, objectness_loss: 0.3535, semantic_loss: 0.4159, center_loss: 0.4801, dir_class_loss: 0.9325, dir_res_loss: 0.6671, size_class_loss: 0.4159, size_res_loss: 0.2993, loss: 7.0848, grad_norm: 7.7680
2026-05-18 13:04:56,216 - mmdet - INFO - Epoch [12][1050/1652]	lr: 8.000e-03, eta: 3:40:43, time: 0.333, data_time: 0.026, memory: 9507, vote_loss: 3.3888, objectness_loss: 0.3990, semantic_loss: 0.3348, center_loss: 0.4958, dir_class_loss: 1.0254, dir_res_loss: 0.7252, size_class_loss: 0.3348, size_res_loss: 0.2988, loss: 7.0028, grad_norm: 8.5649
2026-05-18 13:05:12,586 - mmdet - INFO - Epoch [12][1100/1652]	lr: 8.000e-03, eta: 3:40:26, time: 0.327, data_time: 0.025, memory: 9507, vote_loss: 3.5307, objectness_loss: 0.3348, semantic_loss: 0.3579, center_loss: 0.5233, dir_class_loss: 0.9526, dir_res_loss: 0.6867, size_class_loss: 0.3579, size_res_loss: 0.2707, loss: 7.0147, grad_norm: 7.7534
2026-05-18 13:05:28,986 - mmdet - INFO - Epoch [12][1150/1652]	lr: 8.000e-03, eta: 3:40:10, time: 0.328, data_time: 0.025, memory: 9507, vote_loss: 3.4910, objectness_loss: 0.3443, semantic_loss: 0.3383, center_loss: 0.4796, dir_class_loss: 1.0144, dir_res_loss: 0.7694, size_class_loss: 0.3383, size_res_loss: 0.2806, loss: 7.0560, grad_norm: 7.8965
2026-05-18 13:05:45,366 - mmdet - INFO - Epoch [12][1200/1652]	lr: 8.000e-03, eta: 3:39:53, time: 0.328, data_time: 0.025, memory: 9507, vote_loss: 3.4688, objectness_loss: 0.3520, semantic_loss: 0.3479, center_loss: 0.5194, dir_class_loss: 0.9547, dir_res_loss: 0.8195, size_class_loss: 0.3479, size_res_loss: 0.3016, loss: 7.1117, grad_norm: 8.6025
2026-05-18 13:06:01,770 - mmdet - INFO - Epoch [12][1250/1652]	lr: 8.000e-03, eta: 3:39:37, time: 0.328, data_time: 0.024, memory: 9507, vote_loss: 3.5181, objectness_loss: 0.3646, semantic_loss: 0.3155, center_loss: 0.4670, dir_class_loss: 1.0144, dir_res_loss: 0.6864, size_class_loss: 0.3155, size_res_loss: 0.2842, loss: 6.9656, grad_norm: 8.2895
2026-05-18 13:06:18,348 - mmdet - INFO - Epoch [12][1300/1652]	lr: 8.000e-03, eta: 3:39:21, time: 0.332, data_time: 0.029, memory: 9507, vote_loss: 3.4701, objectness_loss: 0.3767, semantic_loss: 0.3648, center_loss: 0.4555, dir_class_loss: 1.0372, dir_res_loss: 0.7475, size_class_loss: 0.3648, size_res_loss: 0.2946, loss: 7.1114, grad_norm: 7.8275
2026-05-18 13:06:34,707 - mmdet - INFO - Epoch [12][1350/1652]	lr: 8.000e-03, eta: 3:39:04, time: 0.327, data_time: 0.024, memory: 9507, vote_loss: 3.3121, objectness_loss: 0.3194, semantic_loss: 0.2945, center_loss: 0.4840, dir_class_loss: 0.9798, dir_res_loss: 0.7168, size_class_loss: 0.2945, size_res_loss: 0.2805, loss: 6.6816, grad_norm: 7.8440
2026-05-18 13:06:51,014 - mmdet - INFO - Epoch [12][1400/1652]	lr: 8.000e-03, eta: 3:38:47, time: 0.326, data_time: 0.024, memory: 9507, vote_loss: 3.2251, objectness_loss: 0.3323, semantic_loss: 0.3270, center_loss: 0.4675, dir_class_loss: 0.9818, dir_res_loss: 0.6681, size_class_loss: 0.3270, size_res_loss: 0.2891, loss: 6.6179, grad_norm: 8.1070
2026-05-18 13:07:07,473 - mmdet - INFO - Epoch [12][1450/1652]	lr: 8.000e-03, eta: 3:38:31, time: 0.329, data_time: 0.026, memory: 9507, vote_loss: 3.4604, objectness_loss: 0.3419, semantic_loss: 0.3808, center_loss: 0.4745, dir_class_loss: 0.8973, dir_res_loss: 0.7010, size_class_loss: 0.3808, size_res_loss: 0.2605, loss: 6.8973, grad_norm: 8.0866
2026-05-18 13:07:23,805 - mmdet - INFO - Epoch [12][1500/1652]	lr: 8.000e-03, eta: 3:38:14, time: 0.327, data_time: 0.025, memory: 9507, vote_loss: 3.3370, objectness_loss: 0.3477, semantic_loss: 0.3794, center_loss: 0.4630, dir_class_loss: 0.9844, dir_res_loss: 0.7496, size_class_loss: 0.3794, size_res_loss: 0.2475, loss: 6.8878, grad_norm: 8.6028
2026-05-18 13:07:40,143 - mmdet - INFO - Epoch [12][1550/1652]	lr: 8.000e-03, eta: 3:37:57, time: 0.327, data_time: 0.024, memory: 9507, vote_loss: 3.4893, objectness_loss: 0.3521, semantic_loss: 0.3470, center_loss: 0.5022, dir_class_loss: 0.9930, dir_res_loss: 0.7021, size_class_loss: 0.3470, size_res_loss: 0.3228, loss: 7.0556, grad_norm: 8.7228
2026-05-18 13:07:56,493 - mmdet - INFO - Epoch [12][1600/1652]	lr: 8.000e-03, eta: 3:37:41, time: 0.327, data_time: 0.025, memory: 9507, vote_loss: 3.4387, objectness_loss: 0.3655, semantic_loss: 0.3617, center_loss: 0.5117, dir_class_loss: 0.9484, dir_res_loss: 0.6671, size_class_loss: 0.3617, size_res_loss: 0.2794, loss: 6.9342, grad_norm: 8.6223
2026-05-18 13:08:12,829 - mmdet - INFO - Epoch [12][1650/1652]	lr: 8.000e-03, eta: 3:37:24, time: 0.327, data_time: 0.025, memory: 9507, vote_loss: 3.3831, objectness_loss: 0.3542, semantic_loss: 0.3456, center_loss: 0.5127, dir_class_loss: 0.9532, dir_res_loss: 0.7337, size_class_loss: 0.3456, size_res_loss: 0.2748, loss: 6.9027, grad_norm: 8.5320
2026-05-18 13:08:13,542 - mmdet - INFO - Saving checkpoint at 12 epochs
2026-05-18 13:08:32,875 - mmdet - INFO - Epoch [13][50/1652]	lr: 8.000e-03, eta: 3:37:11, time: 0.381, data_time: 0.078, memory: 9507, vote_loss: 3.4667, objectness_loss: 0.3454, semantic_loss: 0.3501, center_loss: 0.4930, dir_class_loss: 1.0117, dir_res_loss: 0.6935, size_class_loss: 0.3501, size_res_loss: 0.2808, loss: 6.9913, grad_norm: 8.2926
2026-05-18 13:08:49,279 - mmdet - INFO - Epoch [13][100/1652]	lr: 8.000e-03, eta: 3:36:54, time: 0.328, data_time: 0.026, memory: 9507, vote_loss: 3.6343, objectness_loss: 0.3307, semantic_loss: 0.3384, center_loss: 0.5008, dir_class_loss: 0.9473, dir_res_loss: 0.7452, size_class_loss: 0.3384, size_res_loss: 0.2849, loss: 7.1201, grad_norm: 8.3167
2026-05-18 13:09:05,583 - mmdet - INFO - Epoch [13][150/1652]	lr: 8.000e-03, eta: 3:36:37, time: 0.326, data_time: 0.024, memory: 9507, vote_loss: 3.5601, objectness_loss: 0.3391, semantic_loss: 0.3188, center_loss: 0.4891, dir_class_loss: 1.0974, dir_res_loss: 0.7647, size_class_loss: 0.3188, size_res_loss: 0.2688, loss: 7.1568, grad_norm: 8.6517
2026-05-18 13:09:21,941 - mmdet - INFO - Epoch [13][200/1652]	lr: 8.000e-03, eta: 3:36:21, time: 0.327, data_time: 0.024, memory: 9507, vote_loss: 3.3328, objectness_loss: 0.3183, semantic_loss: 0.3294, center_loss: 0.4609, dir_class_loss: 0.9558, dir_res_loss: 0.7268, size_class_loss: 0.3294, size_res_loss: 0.2964, loss: 6.7498, grad_norm: 8.4330
2026-05-18 13:09:38,312 - mmdet - INFO - Epoch [13][250/1652]	lr: 8.000e-03, eta: 3:36:04, time: 0.327, data_time: 0.024, memory: 9507, vote_loss: 3.4590, objectness_loss: 0.3610, semantic_loss: 0.3906, center_loss: 0.4953, dir_class_loss: 0.9455, dir_res_loss: 0.7238, size_class_loss: 0.3906, size_res_loss: 0.3224, loss: 7.0883, grad_norm: 8.1816
2026-05-18 13:09:54,671 - mmdet - INFO - Epoch [13][300/1652]	lr: 8.000e-03, eta: 3:35:48, time: 0.327, data_time: 0.024, memory: 9507, vote_loss: 3.2999, objectness_loss: 0.3479, semantic_loss: 0.3417, center_loss: 0.5262, dir_class_loss: 1.0238, dir_res_loss: 0.6933, size_class_loss: 0.3417, size_res_loss: 0.2840, loss: 6.8586, grad_norm: 9.4562
2026-05-18 13:10:11,033 - mmdet - INFO - Epoch [13][350/1652]	lr: 8.000e-03, eta: 3:35:31, time: 0.327, data_time: 0.024, memory: 9507, vote_loss: 3.3103, objectness_loss: 0.3213, semantic_loss: 0.3205, center_loss: 0.4974, dir_class_loss: 0.9661, dir_res_loss: 0.7891, size_class_loss: 0.3205, size_res_loss: 0.3023, loss: 6.8276, grad_norm: 8.4907
2026-05-18 13:10:27,478 - mmdet - INFO - Epoch [13][400/1652]	lr: 8.000e-03, eta: 3:35:14, time: 0.329, data_time: 0.025, memory: 9507, vote_loss: 3.5985, objectness_loss: 0.3523, semantic_loss: 0.3296, center_loss: 0.5119, dir_class_loss: 0.9359, dir_res_loss: 0.6514, size_class_loss: 0.3296, size_res_loss: 0.2970, loss: 7.0063, grad_norm: 8.0428
2026-05-18 13:10:43,797 - mmdet - INFO - Epoch [13][450/1652]	lr: 8.000e-03, eta: 3:34:58, time: 0.326, data_time: 0.025, memory: 9507, vote_loss: 3.3330, objectness_loss: 0.3604, semantic_loss: 0.3480, center_loss: 0.4584, dir_class_loss: 0.9878, dir_res_loss: 0.7643, size_class_loss: 0.3480, size_res_loss: 0.2907, loss: 6.8905, grad_norm: 8.2065
2026-05-18 13:11:00,119 - mmdet - INFO - Epoch [13][500/1652]	lr: 8.000e-03, eta: 3:34:41, time: 0.326, data_time: 0.024, memory: 9507, vote_loss: 3.5683, objectness_loss: 0.3800, semantic_loss: 0.3919, center_loss: 0.6313, dir_class_loss: 0.8850, dir_res_loss: 0.7362, size_class_loss: 0.3919, size_res_loss: 0.2782, loss: 7.2626, grad_norm: 8.8736
2026-05-18 13:11:16,458 - mmdet - INFO - Epoch [13][550/1652]	lr: 8.000e-03, eta: 3:34:24, time: 0.327, data_time: 0.024, memory: 9507, vote_loss: 3.4663, objectness_loss: 0.3647, semantic_loss: 0.3566, center_loss: 0.5316, dir_class_loss: 0.9565, dir_res_loss: 0.6974, size_class_loss: 0.3566, size_res_loss: 0.2782, loss: 7.0078, grad_norm: 9.2502
2026-05-18 13:11:32,800 - mmdet - INFO - Epoch [13][600/1652]	lr: 8.000e-03, eta: 3:34:08, time: 0.327, data_time: 0.025, memory: 9507, vote_loss: 3.4334, objectness_loss: 0.3558, semantic_loss: 0.3156, center_loss: 0.5092, dir_class_loss: 0.9795, dir_res_loss: 0.7716, size_class_loss: 0.3156, size_res_loss: 0.2856, loss: 6.9664, grad_norm: 8.5120
2026-05-18 13:11:49,146 - mmdet - INFO - Epoch [13][650/1652]	lr: 8.000e-03, eta: 3:33:51, time: 0.327, data_time: 0.024, memory: 9507, vote_loss: 3.2962, objectness_loss: 0.3539, semantic_loss: 0.3278, center_loss: 0.4446, dir_class_loss: 1.0210, dir_res_loss: 0.6655, size_class_loss: 0.3278, size_res_loss: 0.2916, loss: 6.7284, grad_norm: 7.7029
2026-05-18 13:12:05,521 - mmdet - INFO - Epoch [13][700/1652]	lr: 8.000e-03, eta: 3:33:34, time: 0.328, data_time: 0.025, memory: 9507, vote_loss: 3.3544, objectness_loss: 0.3627, semantic_loss: 0.4374, center_loss: 0.5169, dir_class_loss: 0.9487, dir_res_loss: 0.7857, size_class_loss: 0.4374, size_res_loss: 0.2973, loss: 7.1404, grad_norm: 8.8011
2026-05-18 13:12:21,825 - mmdet - INFO - Epoch [13][750/1652]	lr: 8.000e-03, eta: 3:33:18, time: 0.326, data_time: 0.024, memory: 9507, vote_loss: 3.3560, objectness_loss: 0.3484, semantic_loss: 0.3609, center_loss: 0.4631, dir_class_loss: 0.9056, dir_res_loss: 0.7166, size_class_loss: 0.3609, size_res_loss: 0.2538, loss: 6.7653, grad_norm: 8.9403
2026-05-18 13:12:38,122 - mmdet - INFO - Epoch [13][800/1652]	lr: 8.000e-03, eta: 3:33:01, time: 0.326, data_time: 0.025, memory: 9507, vote_loss: 3.2538, objectness_loss: 0.3580, semantic_loss: 0.3579, center_loss: 0.4657, dir_class_loss: 0.9641, dir_res_loss: 0.7463, size_class_loss: 0.3579, size_res_loss: 0.2968, loss: 6.8004, grad_norm: 8.5891
2026-05-18 13:12:54,396 - mmdet - INFO - Epoch [13][850/1652]	lr: 8.000e-03, eta: 3:32:44, time: 0.325, data_time: 0.025, memory: 9507, vote_loss: 3.4378, objectness_loss: 0.3315, semantic_loss: 0.3850, center_loss: 0.4823, dir_class_loss: 0.9629, dir_res_loss: 0.7116, size_class_loss: 0.3850, size_res_loss: 0.2849, loss: 6.9810, grad_norm: 8.0732
2026-05-18 13:13:10,735 - mmdet - INFO - Epoch [13][900/1652]	lr: 8.000e-03, eta: 3:32:28, time: 0.327, data_time: 0.024, memory: 9507, vote_loss: 3.4498, objectness_loss: 0.3518, semantic_loss: 0.3509, center_loss: 0.4749, dir_class_loss: 0.9995, dir_res_loss: 0.7902, size_class_loss: 0.3509, size_res_loss: 0.2825, loss: 7.0505, grad_norm: 8.0954
2026-05-18 13:13:27,043 - mmdet - INFO - Epoch [13][950/1652]	lr: 8.000e-03, eta: 3:32:11, time: 0.326, data_time: 0.024, memory: 9507, vote_loss: 3.4606, objectness_loss: 0.3530, semantic_loss: 0.4041, center_loss: 0.5208, dir_class_loss: 0.9074, dir_res_loss: 0.7527, size_class_loss: 0.4041, size_res_loss: 0.2854, loss: 7.0879, grad_norm: 9.1115
2026-05-18 13:13:43,454 - mmdet - INFO - Epoch [13][1000/1652]	lr: 8.000e-03, eta: 3:31:54, time: 0.328, data_time: 0.025, memory: 9507, vote_loss: 3.3027, objectness_loss: 0.3525, semantic_loss: 0.3411, center_loss: 0.4743, dir_class_loss: 0.9113, dir_res_loss: 0.6847, size_class_loss: 0.3411, size_res_loss: 0.2892, loss: 6.6969, grad_norm: 8.4790
2026-05-18 13:13:59,897 - mmdet - INFO - Epoch [13][1050/1652]	lr: 8.000e-03, eta: 3:31:38, time: 0.329, data_time: 0.025, memory: 9507, vote_loss: 3.3662, objectness_loss: 0.3645, semantic_loss: 0.3401, center_loss: 0.4764, dir_class_loss: 0.9575, dir_res_loss: 0.7451, size_class_loss: 0.3401, size_res_loss: 0.2933, loss: 6.8831, grad_norm: 8.1834
2026-05-18 13:14:16,270 - mmdet - INFO - Epoch [13][1100/1652]	lr: 8.000e-03, eta: 3:31:21, time: 0.327, data_time: 0.025, memory: 9507, vote_loss: 3.3820, objectness_loss: 0.3289, semantic_loss: 0.3063, center_loss: 0.4611, dir_class_loss: 1.0142, dir_res_loss: 0.7197, size_class_loss: 0.3063, size_res_loss: 0.3011, loss: 6.8194, grad_norm: 8.1566
2026-05-18 13:14:32,678 - mmdet - INFO - Epoch [13][1150/1652]	lr: 8.000e-03, eta: 3:31:05, time: 0.328, data_time: 0.024, memory: 9507, vote_loss: 3.4405, objectness_loss: 0.3436, semantic_loss: 0.3731, center_loss: 0.5076, dir_class_loss: 0.9738, dir_res_loss: 0.7285, size_class_loss: 0.3731, size_res_loss: 0.3206, loss: 7.0607, grad_norm: 8.3516
2026-05-18 13:14:49,040 - mmdet - INFO - Epoch [13][1200/1652]	lr: 8.000e-03, eta: 3:30:48, time: 0.327, data_time: 0.024, memory: 9507, vote_loss: 3.4714, objectness_loss: 0.3607, semantic_loss: 0.3343, center_loss: 0.5031, dir_class_loss: 0.9239, dir_res_loss: 0.6135, size_class_loss: 0.3343, size_res_loss: 0.2869, loss: 6.8281, grad_norm: 8.8117
2026-05-18 13:15:05,414 - mmdet - INFO - Epoch [13][1250/1652]	lr: 8.000e-03, eta: 3:30:32, time: 0.327, data_time: 0.025, memory: 9507, vote_loss: 3.4249, objectness_loss: 0.3670, semantic_loss: 0.4243, center_loss: 0.5315, dir_class_loss: 1.0004, dir_res_loss: 0.6599, size_class_loss: 0.4243, size_res_loss: 0.2915, loss: 7.1236, grad_norm: 8.5077
2026-05-18 13:15:21,812 - mmdet - INFO - Epoch [13][1300/1652]	lr: 8.000e-03, eta: 3:30:15, time: 0.328, data_time: 0.025, memory: 9507, vote_loss: 3.2459, objectness_loss: 0.3173, semantic_loss: 0.3520, center_loss: 0.4992, dir_class_loss: 0.9119, dir_res_loss: 0.7016, size_class_loss: 0.3520, size_res_loss: 0.2469, loss: 6.6268, grad_norm: 7.6094
2026-05-18 13:15:38,178 - mmdet - INFO - Epoch [13][1350/1652]	lr: 8.000e-03, eta: 3:29:58, time: 0.327, data_time: 0.025, memory: 9507, vote_loss: 3.4377, objectness_loss: 0.3152, semantic_loss: 0.3850, center_loss: 0.4766, dir_class_loss: 0.9511, dir_res_loss: 0.7783, size_class_loss: 0.3850, size_res_loss: 0.3365, loss: 7.0653, grad_norm: 7.9037
2026-05-18 13:15:54,524 - mmdet - INFO - Epoch [13][1400/1652]	lr: 8.000e-03, eta: 3:29:42, time: 0.327, data_time: 0.024, memory: 9507, vote_loss: 3.4250, objectness_loss: 0.3386, semantic_loss: 0.3484, center_loss: 0.4795, dir_class_loss: 0.9443, dir_res_loss: 0.7110, size_class_loss: 0.3484, size_res_loss: 0.2891, loss: 6.8844, grad_norm: 8.0118
2026-05-18 13:16:11,035 - mmdet - INFO - Epoch [13][1450/1652]	lr: 8.000e-03, eta: 3:29:25, time: 0.330, data_time: 0.028, memory: 9507, vote_loss: 3.4514, objectness_loss: 0.3179, semantic_loss: 0.3799, center_loss: 0.5566, dir_class_loss: 0.9776, dir_res_loss: 0.8266, size_class_loss: 0.3799, size_res_loss: 0.3447, loss: 7.2345, grad_norm: 9.0535
2026-05-18 13:16:27,366 - mmdet - INFO - Epoch [13][1500/1652]	lr: 8.000e-03, eta: 3:29:09, time: 0.327, data_time: 0.024, memory: 9507, vote_loss: 3.4850, objectness_loss: 0.3429, semantic_loss: 0.4553, center_loss: 0.5302, dir_class_loss: 1.0078, dir_res_loss: 0.7412, size_class_loss: 0.4553, size_res_loss: 0.2928, loss: 7.3105, grad_norm: 9.3680
2026-05-18 13:16:43,629 - mmdet - INFO - Epoch [13][1550/1652]	lr: 8.000e-03, eta: 3:28:52, time: 0.325, data_time: 0.024, memory: 9507, vote_loss: 3.2553, objectness_loss: 0.3348, semantic_loss: 0.3682, center_loss: 0.4666, dir_class_loss: 1.0128, dir_res_loss: 0.7090, size_class_loss: 0.3682, size_res_loss: 0.2589, loss: 6.7739, grad_norm: 8.4516
2026-05-18 13:17:00,060 - mmdet - INFO - Epoch [13][1600/1652]	lr: 8.000e-03, eta: 3:28:36, time: 0.329, data_time: 0.025, memory: 9507, vote_loss: 3.5661, objectness_loss: 0.3168, semantic_loss: 0.3480, center_loss: 0.5035, dir_class_loss: 0.9485, dir_res_loss: 0.6202, size_class_loss: 0.3480, size_res_loss: 0.2907, loss: 6.9419, grad_norm: 7.9196
2026-05-18 13:17:16,365 - mmdet - INFO - Epoch [13][1650/1652]	lr: 8.000e-03, eta: 3:28:19, time: 0.326, data_time: 0.024, memory: 9507, vote_loss: 3.2048, objectness_loss: 0.3308, semantic_loss: 0.3550, center_loss: 0.4780, dir_class_loss: 1.0136, dir_res_loss: 0.7057, size_class_loss: 0.3550, size_res_loss: 0.2486, loss: 6.6915, grad_norm: 8.6756
2026-05-18 13:17:17,070 - mmdet - INFO - Saving checkpoint at 13 epochs
2026-05-18 13:17:36,440 - mmdet - INFO - Epoch [14][50/1652]	lr: 8.000e-03, eta: 3:28:05, time: 0.382, data_time: 0.079, memory: 9507, vote_loss: 3.3212, objectness_loss: 0.3219, semantic_loss: 0.3228, center_loss: 0.4667, dir_class_loss: 0.9237, dir_res_loss: 0.6932, size_class_loss: 0.3228, size_res_loss: 0.2843, loss: 6.6566, grad_norm: 8.2949
2026-05-18 13:17:52,777 - mmdet - INFO - Epoch [14][100/1652]	lr: 8.000e-03, eta: 3:27:49, time: 0.327, data_time: 0.025, memory: 9507, vote_loss: 3.4131, objectness_loss: 0.3466, semantic_loss: 0.3601, center_loss: 0.4778, dir_class_loss: 0.9878, dir_res_loss: 0.6571, size_class_loss: 0.3601, size_res_loss: 0.2904, loss: 6.8930, grad_norm: 8.4137
2026-05-18 13:18:09,132 - mmdet - INFO - Epoch [14][150/1652]	lr: 8.000e-03, eta: 3:27:32, time: 0.327, data_time: 0.024, memory: 9507, vote_loss: 3.4587, objectness_loss: 0.3534, semantic_loss: 0.3710, center_loss: 0.4561, dir_class_loss: 0.9944, dir_res_loss: 0.7229, size_class_loss: 0.3710, size_res_loss: 0.2699, loss: 6.9973, grad_norm: 8.1677
2026-05-18 13:18:25,504 - mmdet - INFO - Epoch [14][200/1652]	lr: 8.000e-03, eta: 3:27:15, time: 0.327, data_time: 0.025, memory: 9507, vote_loss: 3.3270, objectness_loss: 0.3600, semantic_loss: 0.3461, center_loss: 0.4978, dir_class_loss: 0.9642, dir_res_loss: 0.6713, size_class_loss: 0.3461, size_res_loss: 0.2922, loss: 6.8047, grad_norm: 8.4596
2026-05-18 13:18:41,841 - mmdet - INFO - Epoch [14][250/1652]	lr: 8.000e-03, eta: 3:26:59, time: 0.327, data_time: 0.024, memory: 9507, vote_loss: 3.3239, objectness_loss: 0.3254, semantic_loss: 0.4041, center_loss: 0.4693, dir_class_loss: 1.0413, dir_res_loss: 0.7148, size_class_loss: 0.4041, size_res_loss: 0.2781, loss: 6.9610, grad_norm: 8.7906
2026-05-18 13:18:58,219 - mmdet - INFO - Epoch [14][300/1652]	lr: 8.000e-03, eta: 3:26:42, time: 0.328, data_time: 0.024, memory: 9507, vote_loss: 3.5504, objectness_loss: 0.3468, semantic_loss: 0.4095, center_loss: 0.5822, dir_class_loss: 1.0053, dir_res_loss: 0.7458, size_class_loss: 0.4095, size_res_loss: 0.2796, loss: 7.3289, grad_norm: 8.8627
2026-05-18 13:19:14,603 - mmdet - INFO - Epoch [14][350/1652]	lr: 8.000e-03, eta: 3:26:26, time: 0.328, data_time: 0.025, memory: 9507, vote_loss: 3.3443, objectness_loss: 0.3889, semantic_loss: 0.4036, center_loss: 0.4803, dir_class_loss: 0.9796, dir_res_loss: 0.7167, size_class_loss: 0.4035, size_res_loss: 0.2605, loss: 6.9774, grad_norm: 8.2612
2026-05-18 13:19:31,028 - mmdet - INFO - Epoch [14][400/1652]	lr: 8.000e-03, eta: 3:26:09, time: 0.328, data_time: 0.024, memory: 9507, vote_loss: 3.3800, objectness_loss: 0.3245, semantic_loss: 0.3495, center_loss: 0.4973, dir_class_loss: 1.0187, dir_res_loss: 0.7065, size_class_loss: 0.3495, size_res_loss: 0.2630, loss: 6.8891, grad_norm: 8.6416
2026-05-18 13:19:47,383 - mmdet - INFO - Epoch [14][450/1652]	lr: 8.000e-03, eta: 3:25:52, time: 0.327, data_time: 0.024, memory: 9507, vote_loss: 3.4255, objectness_loss: 0.3373, semantic_loss: 0.3691, center_loss: 0.5104, dir_class_loss: 0.9336, dir_res_loss: 0.6809, size_class_loss: 0.3691, size_res_loss: 0.2607, loss: 6.8864, grad_norm: 8.9428
2026-05-18 13:20:03,773 - mmdet - INFO - Epoch [14][500/1652]	lr: 8.000e-03, eta: 3:25:36, time: 0.328, data_time: 0.024, memory: 9507, vote_loss: 3.3909, objectness_loss: 0.3376, semantic_loss: 0.3520, center_loss: 0.5932, dir_class_loss: 0.9524, dir_res_loss: 0.6842, size_class_loss: 0.3520, size_res_loss: 0.2773, loss: 6.9394, grad_norm: 8.6854
2026-05-18 13:20:20,129 - mmdet - INFO - Epoch [14][550/1652]	lr: 8.000e-03, eta: 3:25:19, time: 0.327, data_time: 0.025, memory: 9507, vote_loss: 3.3367, objectness_loss: 0.3726, semantic_loss: 0.3111, center_loss: 0.4666, dir_class_loss: 0.9582, dir_res_loss: 0.7919, size_class_loss: 0.3111, size_res_loss: 0.2725, loss: 6.8207, grad_norm: 8.9208
2026-05-18 13:20:36,417 - mmdet - INFO - Epoch [14][600/1652]	lr: 8.000e-03, eta: 3:25:03, time: 0.326, data_time: 0.024, memory: 9507, vote_loss: 3.2536, objectness_loss: 0.3512, semantic_loss: 0.3827, center_loss: 0.4797, dir_class_loss: 0.9914, dir_res_loss: 0.6163, size_class_loss: 0.3827, size_res_loss: 0.2637, loss: 6.7214, grad_norm: 8.7847
2026-05-18 13:20:52,748 - mmdet - INFO - Epoch [14][650/1652]	lr: 8.000e-03, eta: 3:24:46, time: 0.327, data_time: 0.025, memory: 9507, vote_loss: 3.3357, objectness_loss: 0.3324, semantic_loss: 0.3947, center_loss: 0.4731, dir_class_loss: 1.0330, dir_res_loss: 0.8415, size_class_loss: 0.3947, size_res_loss: 0.2913, loss: 7.0965, grad_norm: 8.4202
2026-05-18 13:21:09,113 - mmdet - INFO - Epoch [14][700/1652]	lr: 8.000e-03, eta: 3:24:29, time: 0.327, data_time: 0.024, memory: 9507, vote_loss: 3.3392, objectness_loss: 0.3500, semantic_loss: 0.3166, center_loss: 0.5299, dir_class_loss: 0.9404, dir_res_loss: 0.7279, size_class_loss: 0.3166, size_res_loss: 0.2751, loss: 6.7956, grad_norm: 8.3658
2026-05-18 13:21:25,426 - mmdet - INFO - Epoch [14][750/1652]	lr: 8.000e-03, eta: 3:24:13, time: 0.326, data_time: 0.024, memory: 9507, vote_loss: 3.4179, objectness_loss: 0.3519, semantic_loss: 0.3011, center_loss: 0.5016, dir_class_loss: 0.9585, dir_res_loss: 0.6985, size_class_loss: 0.3011, size_res_loss: 0.2576, loss: 6.7880, grad_norm: 8.8500
2026-05-18 13:21:41,708 - mmdet - INFO - Epoch [14][800/1652]	lr: 8.000e-03, eta: 3:23:56, time: 0.326, data_time: 0.024, memory: 9507, vote_loss: 3.5392, objectness_loss: 0.3441, semantic_loss: 0.3411, center_loss: 0.4971, dir_class_loss: 0.9701, dir_res_loss: 0.7285, size_class_loss: 0.3411, size_res_loss: 0.2836, loss: 7.0449, grad_norm: 8.2748
2026-05-18 13:21:58,086 - mmdet - INFO - Epoch [14][850/1652]	lr: 8.000e-03, eta: 3:23:39, time: 0.328, data_time: 0.025, memory: 9507, vote_loss: 3.3488, objectness_loss: 0.3645, semantic_loss: 0.3468, center_loss: 0.4521, dir_class_loss: 0.9193, dir_res_loss: 0.7258, size_class_loss: 0.3468, size_res_loss: 0.2868, loss: 6.7910, grad_norm: 8.1497
2026-05-18 13:22:14,414 - mmdet - INFO - Epoch [14][900/1652]	lr: 8.000e-03, eta: 3:23:23, time: 0.327, data_time: 0.025, memory: 9507, vote_loss: 3.3698, objectness_loss: 0.3716, semantic_loss: 0.3829, center_loss: 0.5277, dir_class_loss: 0.9506, dir_res_loss: 0.7148, size_class_loss: 0.3829, size_res_loss: 0.2891, loss: 6.9893, grad_norm: 8.5077
2026-05-18 13:22:30,777 - mmdet - INFO - Epoch [14][950/1652]	lr: 8.000e-03, eta: 3:23:06, time: 0.327, data_time: 0.024, memory: 9507, vote_loss: 3.3443, objectness_loss: 0.3404, semantic_loss: 0.3477, center_loss: 0.4463, dir_class_loss: 0.9759, dir_res_loss: 0.7823, size_class_loss: 0.3477, size_res_loss: 0.2667, loss: 6.8513, grad_norm: 8.1869
2026-05-18 13:22:47,162 - mmdet - INFO - Epoch [14][1000/1652]	lr: 8.000e-03, eta: 3:22:50, time: 0.328, data_time: 0.025, memory: 9507, vote_loss: 3.4197, objectness_loss: 0.3499, semantic_loss: 0.3951, center_loss: 0.5352, dir_class_loss: 1.0120, dir_res_loss: 0.7457, size_class_loss: 0.3951, size_res_loss: 0.2577, loss: 7.1102, grad_norm: 9.1722
2026-05-18 13:23:03,434 - mmdet - INFO - Epoch [14][1050/1652]	lr: 8.000e-03, eta: 3:22:33, time: 0.325, data_time: 0.024, memory: 9507, vote_loss: 3.5688, objectness_loss: 0.3646, semantic_loss: 0.3806, center_loss: 0.5045, dir_class_loss: 1.0260, dir_res_loss: 0.7179, size_class_loss: 0.3806, size_res_loss: 0.3088, loss: 7.2517, grad_norm: 9.0685
2026-05-18 13:23:19,789 - mmdet - INFO - Epoch [14][1100/1652]	lr: 8.000e-03, eta: 3:22:16, time: 0.327, data_time: 0.025, memory: 9507, vote_loss: 3.5330, objectness_loss: 0.3663, semantic_loss: 0.3738, center_loss: 0.5061, dir_class_loss: 0.9237, dir_res_loss: 0.7511, size_class_loss: 0.3738, size_res_loss: 0.2889, loss: 7.1165, grad_norm: 8.2662
2026-05-18 13:23:36,139 - mmdet - INFO - Epoch [14][1150/1652]	lr: 8.000e-03, eta: 3:22:00, time: 0.327, data_time: 0.025, memory: 9507, vote_loss: 3.3087, objectness_loss: 0.3237, semantic_loss: 0.3030, center_loss: 0.5235, dir_class_loss: 0.9456, dir_res_loss: 0.6260, size_class_loss: 0.3030, size_res_loss: 0.2754, loss: 6.6088, grad_norm: 8.3642
2026-05-18 13:23:52,471 - mmdet - INFO - Epoch [14][1200/1652]	lr: 8.000e-03, eta: 3:21:43, time: 0.327, data_time: 0.024, memory: 9507, vote_loss: 3.3659, objectness_loss: 0.3848, semantic_loss: 0.3361, center_loss: 0.4691, dir_class_loss: 0.9642, dir_res_loss: 0.7108, size_class_loss: 0.3361, size_res_loss: 0.2908, loss: 6.8579, grad_norm: 8.4859
2026-05-18 13:24:08,932 - mmdet - INFO - Epoch [14][1250/1652]	lr: 8.000e-03, eta: 3:21:27, time: 0.329, data_time: 0.025, memory: 9507, vote_loss: 3.1323, objectness_loss: 0.3284, semantic_loss: 0.3962, center_loss: 0.4561, dir_class_loss: 0.9383, dir_res_loss: 0.6886, size_class_loss: 0.3962, size_res_loss: 0.2763, loss: 6.6125, grad_norm: 7.8946
2026-05-18 13:24:25,296 - mmdet - INFO - Epoch [14][1300/1652]	lr: 8.000e-03, eta: 3:21:10, time: 0.327, data_time: 0.025, memory: 9507, vote_loss: 3.2391, objectness_loss: 0.3430, semantic_loss: 0.3837, center_loss: 0.4884, dir_class_loss: 0.9266, dir_res_loss: 0.6401, size_class_loss: 0.3837, size_res_loss: 0.2695, loss: 6.6741, grad_norm: 8.8683
2026-05-18 13:24:41,693 - mmdet - INFO - Epoch [14][1350/1652]	lr: 8.000e-03, eta: 3:20:53, time: 0.328, data_time: 0.025, memory: 9507, vote_loss: 3.5143, objectness_loss: 0.3614, semantic_loss: 0.2918, center_loss: 0.5210, dir_class_loss: 0.9809, dir_res_loss: 0.6251, size_class_loss: 0.2918, size_res_loss: 0.3493, loss: 6.9355, grad_norm: 8.8082
2026-05-18 13:24:57,949 - mmdet - INFO - Epoch [14][1400/1652]	lr: 8.000e-03, eta: 3:20:37, time: 0.325, data_time: 0.024, memory: 9507, vote_loss: 3.2569, objectness_loss: 0.3475, semantic_loss: 0.3298, center_loss: 0.4457, dir_class_loss: 0.9660, dir_res_loss: 0.7271, size_class_loss: 0.3298, size_res_loss: 0.2797, loss: 6.6825, grad_norm: 7.9837
2026-05-18 13:25:14,228 - mmdet - INFO - Epoch [14][1450/1652]	lr: 8.000e-03, eta: 3:20:20, time: 0.326, data_time: 0.024, memory: 9507, vote_loss: 3.3463, objectness_loss: 0.3478, semantic_loss: 0.3463, center_loss: 0.4838, dir_class_loss: 1.0151, dir_res_loss: 0.6621, size_class_loss: 0.3463, size_res_loss: 0.3025, loss: 6.8501, grad_norm: 8.1961
2026-05-18 13:25:30,592 - mmdet - INFO - Epoch [14][1500/1652]	lr: 8.000e-03, eta: 3:20:03, time: 0.327, data_time: 0.024, memory: 9507, vote_loss: 3.2482, objectness_loss: 0.3450, semantic_loss: 0.3216, center_loss: 0.4543, dir_class_loss: 0.8829, dir_res_loss: 0.7261, size_class_loss: 0.3216, size_res_loss: 0.2585, loss: 6.5583, grad_norm: 8.6800
2026-05-18 13:25:47,135 - mmdet - INFO - Epoch [14][1550/1652]	lr: 8.000e-03, eta: 3:19:47, time: 0.331, data_time: 0.028, memory: 9507, vote_loss: 3.4609, objectness_loss: 0.3506, semantic_loss: 0.3118, center_loss: 0.4942, dir_class_loss: 0.9591, dir_res_loss: 0.7293, size_class_loss: 0.3118, size_res_loss: 0.3032, loss: 6.9209, grad_norm: 9.0032
2026-05-18 13:26:03,491 - mmdet - INFO - Epoch [14][1600/1652]	lr: 8.000e-03, eta: 3:19:31, time: 0.327, data_time: 0.024, memory: 9507, vote_loss: 3.3085, objectness_loss: 0.3501, semantic_loss: 0.3428, center_loss: 0.5177, dir_class_loss: 1.0061, dir_res_loss: 0.7206, size_class_loss: 0.3428, size_res_loss: 0.2586, loss: 6.8473, grad_norm: 8.5133
2026-05-18 13:26:19,880 - mmdet - INFO - Epoch [14][1650/1652]	lr: 8.000e-03, eta: 3:19:14, time: 0.328, data_time: 0.024, memory: 9507, vote_loss: 3.4529, objectness_loss: 0.3284, semantic_loss: 0.2948, center_loss: 0.4729, dir_class_loss: 0.8900, dir_res_loss: 0.7205, size_class_loss: 0.2948, size_res_loss: 0.3090, loss: 6.7632, grad_norm: 8.2129
2026-05-18 13:26:20,604 - mmdet - INFO - Saving checkpoint at 14 epochs
2026-05-18 13:26:39,933 - mmdet - INFO - Epoch [15][50/1652]	lr: 8.000e-03, eta: 3:19:00, time: 0.381, data_time: 0.078, memory: 9507, vote_loss: 3.2060, objectness_loss: 0.3289, semantic_loss: 0.3550, center_loss: 0.4780, dir_class_loss: 0.8756, dir_res_loss: 0.6584, size_class_loss: 0.3550, size_res_loss: 0.2551, loss: 6.5120, grad_norm: 7.8211
2026-05-18 13:26:56,202 - mmdet - INFO - Epoch [15][100/1652]	lr: 8.000e-03, eta: 3:18:43, time: 0.325, data_time: 0.024, memory: 9507, vote_loss: 3.3062, objectness_loss: 0.3468, semantic_loss: 0.3644, center_loss: 0.4571, dir_class_loss: 0.9021, dir_res_loss: 0.7342, size_class_loss: 0.3644, size_res_loss: 0.2557, loss: 6.7309, grad_norm: 8.7089
2026-05-18 13:27:12,565 - mmdet - INFO - Epoch [15][150/1652]	lr: 8.000e-03, eta: 3:18:27, time: 0.327, data_time: 0.024, memory: 9507, vote_loss: 3.2153, objectness_loss: 0.3514, semantic_loss: 0.3264, center_loss: 0.4520, dir_class_loss: 0.9689, dir_res_loss: 0.7083, size_class_loss: 0.3264, size_res_loss: 0.2571, loss: 6.6059, grad_norm: 8.5217
2026-05-18 13:27:28,870 - mmdet - INFO - Epoch [15][200/1652]	lr: 8.000e-03, eta: 3:18:10, time: 0.326, data_time: 0.024, memory: 9507, vote_loss: 3.3795, objectness_loss: 0.3593, semantic_loss: 0.3538, center_loss: 0.4913, dir_class_loss: 0.9774, dir_res_loss: 0.7150, size_class_loss: 0.3538, size_res_loss: 0.2956, loss: 6.9257, grad_norm: 9.0621
2026-05-18 13:27:45,092 - mmdet - INFO - Epoch [15][250/1652]	lr: 8.000e-03, eta: 3:17:53, time: 0.324, data_time: 0.023, memory: 9507, vote_loss: 3.2191, objectness_loss: 0.3254, semantic_loss: 0.3723, center_loss: 0.4595, dir_class_loss: 1.0541, dir_res_loss: 0.7675, size_class_loss: 0.3724, size_res_loss: 0.2912, loss: 6.8614, grad_norm: 8.3775
2026-05-18 13:28:01,444 - mmdet - INFO - Epoch [15][300/1652]	lr: 8.000e-03, eta: 3:17:37, time: 0.327, data_time: 0.024, memory: 9507, vote_loss: 3.3693, objectness_loss: 0.3505, semantic_loss: 0.3156, center_loss: 0.5034, dir_class_loss: 0.9809, dir_res_loss: 0.7745, size_class_loss: 0.3156, size_res_loss: 0.2810, loss: 6.8908, grad_norm: 8.0299
2026-05-18 13:28:17,904 - mmdet - INFO - Epoch [15][350/1652]	lr: 8.000e-03, eta: 3:17:20, time: 0.329, data_time: 0.025, memory: 9507, vote_loss: 3.2565, objectness_loss: 0.3643, semantic_loss: 0.3388, center_loss: 0.4631, dir_class_loss: 0.9482, dir_res_loss: 0.7204, size_class_loss: 0.3388, size_res_loss: 0.2598, loss: 6.6899, grad_norm: 7.5468
2026-05-18 13:28:34,145 - mmdet - INFO - Epoch [15][400/1652]	lr: 8.000e-03, eta: 3:17:03, time: 0.325, data_time: 0.023, memory: 9507, vote_loss: 3.2887, objectness_loss: 0.3093, semantic_loss: 0.3058, center_loss: 0.4673, dir_class_loss: 0.9155, dir_res_loss: 0.7094, size_class_loss: 0.3058, size_res_loss: 0.2855, loss: 6.5874, grad_norm: 7.5621
2026-05-18 13:28:50,447 - mmdet - INFO - Epoch [15][450/1652]	lr: 8.000e-03, eta: 3:16:47, time: 0.326, data_time: 0.024, memory: 9507, vote_loss: 3.4664, objectness_loss: 0.3501, semantic_loss: 0.3027, center_loss: 0.5123, dir_class_loss: 0.8873, dir_res_loss: 0.6693, size_class_loss: 0.3027, size_res_loss: 0.2687, loss: 6.7595, grad_norm: 9.0466
2026-05-18 13:29:06,783 - mmdet - INFO - Epoch [15][500/1652]	lr: 8.000e-03, eta: 3:16:30, time: 0.327, data_time: 0.024, memory: 9507, vote_loss: 3.2210, objectness_loss: 0.3409, semantic_loss: 0.3167, center_loss: 0.5384, dir_class_loss: 1.0082, dir_res_loss: 0.6279, size_class_loss: 0.3167, size_res_loss: 0.2595, loss: 6.6294, grad_norm: 8.1467
2026-05-18 13:29:23,072 - mmdet - INFO - Epoch [15][550/1652]	lr: 8.000e-03, eta: 3:16:13, time: 0.326, data_time: 0.024, memory: 9507, vote_loss: 3.2525, objectness_loss: 0.3557, semantic_loss: 0.3709, center_loss: 0.4922, dir_class_loss: 0.9493, dir_res_loss: 0.7728, size_class_loss: 0.3709, size_res_loss: 0.2732, loss: 6.8375, grad_norm: 8.6755
2026-05-18 13:29:39,515 - mmdet - INFO - Epoch [15][600/1652]	lr: 8.000e-03, eta: 3:15:57, time: 0.329, data_time: 0.025, memory: 9507, vote_loss: 3.2725, objectness_loss: 0.3623, semantic_loss: 0.3514, center_loss: 0.4746, dir_class_loss: 0.9416, dir_res_loss: 0.6688, size_class_loss: 0.3514, size_res_loss: 0.2995, loss: 6.7222, grad_norm: 8.4803
2026-05-18 13:29:55,912 - mmdet - INFO - Epoch [15][650/1652]	lr: 8.000e-03, eta: 3:15:40, time: 0.328, data_time: 0.025, memory: 9507, vote_loss: 3.2520, objectness_loss: 0.3261, semantic_loss: 0.3504, center_loss: 0.4522, dir_class_loss: 0.9384, dir_res_loss: 0.6363, size_class_loss: 0.3504, size_res_loss: 0.2978, loss: 6.6037, grad_norm: 7.9491
2026-05-18 13:30:12,374 - mmdet - INFO - Epoch [15][700/1652]	lr: 8.000e-03, eta: 3:15:24, time: 0.329, data_time: 0.025, memory: 9507, vote_loss: 3.3089, objectness_loss: 0.3336, semantic_loss: 0.3628, center_loss: 0.4529, dir_class_loss: 0.9535, dir_res_loss: 0.7302, size_class_loss: 0.3628, size_res_loss: 0.2653, loss: 6.7701, grad_norm: 8.1656
2026-05-18 13:30:28,787 - mmdet - INFO - Epoch [15][750/1652]	lr: 8.000e-03, eta: 3:15:08, time: 0.328, data_time: 0.025, memory: 9507, vote_loss: 3.4302, objectness_loss: 0.3896, semantic_loss: 0.4527, center_loss: 0.4655, dir_class_loss: 0.9595, dir_res_loss: 0.6890, size_class_loss: 0.4527, size_res_loss: 0.2884, loss: 7.1276, grad_norm: 8.2963
2026-05-18 13:30:45,151 - mmdet - INFO - Epoch [15][800/1652]	lr: 8.000e-03, eta: 3:14:51, time: 0.327, data_time: 0.024, memory: 9507, vote_loss: 3.4631, objectness_loss: 0.3575, semantic_loss: 0.3302, center_loss: 0.4599, dir_class_loss: 0.9475, dir_res_loss: 0.6634, size_class_loss: 0.3302, size_res_loss: 0.2644, loss: 6.8162, grad_norm: 7.9131
2026-05-18 13:31:01,501 - mmdet - INFO - Epoch [15][850/1652]	lr: 8.000e-03, eta: 3:14:34, time: 0.327, data_time: 0.025, memory: 9507, vote_loss: 3.3842, objectness_loss: 0.3491, semantic_loss: 0.3074, center_loss: 0.4781, dir_class_loss: 0.8737, dir_res_loss: 0.6921, size_class_loss: 0.3074, size_res_loss: 0.2563, loss: 6.6483, grad_norm: 8.7063
2026-05-18 13:31:17,838 - mmdet - INFO - Epoch [15][900/1652]	lr: 8.000e-03, eta: 3:14:18, time: 0.327, data_time: 0.024, memory: 9507, vote_loss: 3.2414, objectness_loss: 0.3684, semantic_loss: 0.3496, center_loss: 0.4479, dir_class_loss: 0.8982, dir_res_loss: 0.7130, size_class_loss: 0.3496, size_res_loss: 0.2801, loss: 6.6481, grad_norm: 7.9018
2026-05-18 13:31:34,181 - mmdet - INFO - Epoch [15][950/1652]	lr: 8.000e-03, eta: 3:14:01, time: 0.327, data_time: 0.025, memory: 9507, vote_loss: 3.2005, objectness_loss: 0.3506, semantic_loss: 0.3794, center_loss: 0.5548, dir_class_loss: 1.0098, dir_res_loss: 0.8398, size_class_loss: 0.3794, size_res_loss: 0.2767, loss: 6.9912, grad_norm: 8.5670
2026-05-18 13:31:50,551 - mmdet - INFO - Epoch [15][1000/1652]	lr: 8.000e-03, eta: 3:13:45, time: 0.327, data_time: 0.025, memory: 9507, vote_loss: 3.5450, objectness_loss: 0.3435, semantic_loss: 0.3997, center_loss: 0.5011, dir_class_loss: 0.9747, dir_res_loss: 0.7293, size_class_loss: 0.3997, size_res_loss: 0.3059, loss: 7.1990, grad_norm: 8.8754
2026-05-18 13:32:06,854 - mmdet - INFO - Epoch [15][1050/1652]	lr: 8.000e-03, eta: 3:13:28, time: 0.326, data_time: 0.024, memory: 9507, vote_loss: 3.3993, objectness_loss: 0.3231, semantic_loss: 0.3216, center_loss: 0.4755, dir_class_loss: 1.0150, dir_res_loss: 0.7505, size_class_loss: 0.3216, size_res_loss: 0.2939, loss: 6.9005, grad_norm: 8.6082
2026-05-18 13:32:23,167 - mmdet - INFO - Epoch [15][1100/1652]	lr: 8.000e-03, eta: 3:13:11, time: 0.326, data_time: 0.025, memory: 9507, vote_loss: 3.5676, objectness_loss: 0.3566, semantic_loss: 0.3414, center_loss: 0.5617, dir_class_loss: 0.9803, dir_res_loss: 0.6739, size_class_loss: 0.3414, size_res_loss: 0.2573, loss: 7.0802, grad_norm: 8.5547
2026-05-18 13:32:39,489 - mmdet - INFO - Epoch [15][1150/1652]	lr: 8.000e-03, eta: 3:12:55, time: 0.326, data_time: 0.024, memory: 9507, vote_loss: 3.4685, objectness_loss: 0.3433, semantic_loss: 0.3621, center_loss: 0.4773, dir_class_loss: 0.8993, dir_res_loss: 0.6854, size_class_loss: 0.3621, size_res_loss: 0.2943, loss: 6.8923, grad_norm: 9.1905
2026-05-18 13:32:55,939 - mmdet - INFO - Epoch [15][1200/1652]	lr: 8.000e-03, eta: 3:12:38, time: 0.329, data_time: 0.025, memory: 9507, vote_loss: 3.3843, objectness_loss: 0.3193, semantic_loss: 0.3479, center_loss: 0.5164, dir_class_loss: 1.0181, dir_res_loss: 0.7773, size_class_loss: 0.3479, size_res_loss: 0.2488, loss: 6.9601, grad_norm: 7.7930
2026-05-18 13:33:12,259 - mmdet - INFO - Epoch [15][1250/1652]	lr: 8.000e-03, eta: 3:12:22, time: 0.326, data_time: 0.024, memory: 9507, vote_loss: 3.5239, objectness_loss: 0.3601, semantic_loss: 0.3171, center_loss: 0.5727, dir_class_loss: 0.9177, dir_res_loss: 0.7126, size_class_loss: 0.3171, size_res_loss: 0.3060, loss: 7.0272, grad_norm: 8.2660
2026-05-18 13:33:28,641 - mmdet - INFO - Epoch [15][1300/1652]	lr: 8.000e-03, eta: 3:12:05, time: 0.328, data_time: 0.024, memory: 9507, vote_loss: 3.2968, objectness_loss: 0.3558, semantic_loss: 0.3589, center_loss: 0.4525, dir_class_loss: 0.9406, dir_res_loss: 0.7362, size_class_loss: 0.3589, size_res_loss: 0.2866, loss: 6.7863, grad_norm: 8.3617
2026-05-18 13:33:45,017 - mmdet - INFO - Epoch [15][1350/1652]	lr: 8.000e-03, eta: 3:11:49, time: 0.328, data_time: 0.024, memory: 9507, vote_loss: 3.2214, objectness_loss: 0.3489, semantic_loss: 0.3954, center_loss: 0.4682, dir_class_loss: 1.0057, dir_res_loss: 0.7067, size_class_loss: 0.3954, size_res_loss: 0.2837, loss: 6.8255, grad_norm: 8.3923
2026-05-18 13:34:01,389 - mmdet - INFO - Epoch [15][1400/1652]	lr: 8.000e-03, eta: 3:11:32, time: 0.327, data_time: 0.024, memory: 9507, vote_loss: 3.3593, objectness_loss: 0.3366, semantic_loss: 0.3350, center_loss: 0.4794, dir_class_loss: 0.9870, dir_res_loss: 0.6450, size_class_loss: 0.3350, size_res_loss: 0.2792, loss: 6.7564, grad_norm: 8.5236
2026-05-18 13:34:17,675 - mmdet - INFO - Epoch [15][1450/1652]	lr: 8.000e-03, eta: 3:11:15, time: 0.326, data_time: 0.024, memory: 9507, vote_loss: 3.3926, objectness_loss: 0.3256, semantic_loss: 0.3348, center_loss: 0.5307, dir_class_loss: 0.9030, dir_res_loss: 0.6669, size_class_loss: 0.3348, size_res_loss: 0.2863, loss: 6.7748, grad_norm: 8.9577
2026-05-18 13:34:34,175 - mmdet - INFO - Epoch [15][1500/1652]	lr: 8.000e-03, eta: 3:10:59, time: 0.330, data_time: 0.025, memory: 9507, vote_loss: 3.2823, objectness_loss: 0.3433, semantic_loss: 0.4143, center_loss: 0.4916, dir_class_loss: 0.9660, dir_res_loss: 0.6797, size_class_loss: 0.4143, size_res_loss: 0.2725, loss: 6.8640, grad_norm: 9.0899
2026-05-18 13:34:50,490 - mmdet - INFO - Epoch [15][1550/1652]	lr: 8.000e-03, eta: 3:10:42, time: 0.326, data_time: 0.024, memory: 9507, vote_loss: 3.4047, objectness_loss: 0.3666, semantic_loss: 0.4276, center_loss: 0.4974, dir_class_loss: 1.0541, dir_res_loss: 0.7119, size_class_loss: 0.4276, size_res_loss: 0.2916, loss: 7.1815, grad_norm: 8.8733
2026-05-18 13:35:06,846 - mmdet - INFO - Epoch [15][1600/1652]	lr: 8.000e-03, eta: 3:10:26, time: 0.327, data_time: 0.024, memory: 9507, vote_loss: 3.3288, objectness_loss: 0.3449, semantic_loss: 0.3511, center_loss: 0.4980, dir_class_loss: 0.9768, dir_res_loss: 0.7330, size_class_loss: 0.3511, size_res_loss: 0.2771, loss: 6.8608, grad_norm: 8.2022
2026-05-18 13:35:23,144 - mmdet - INFO - Epoch [15][1650/1652]	lr: 8.000e-03, eta: 3:10:09, time: 0.326, data_time: 0.024, memory: 9507, vote_loss: 3.4196, objectness_loss: 0.3966, semantic_loss: 0.3940, center_loss: 0.5404, dir_class_loss: 1.0124, dir_res_loss: 0.6818, size_class_loss: 0.3940, size_res_loss: 0.3038, loss: 7.1427, grad_norm: 8.4164
2026-05-18 13:35:23,880 - mmdet - INFO - Saving checkpoint at 15 epochs
2026-05-18 13:35:43,425 - mmdet - INFO - Epoch [16][50/1652]	lr: 8.000e-03, eta: 3:09:55, time: 0.385, data_time: 0.082, memory: 9507, vote_loss: 3.2502, objectness_loss: 0.3254, semantic_loss: 0.3166, center_loss: 0.4545, dir_class_loss: 0.9185, dir_res_loss: 0.6778, size_class_loss: 0.3166, size_res_loss: 0.2750, loss: 6.5347, grad_norm: 7.7977
2026-05-18 13:35:59,779 - mmdet - INFO - Epoch [16][100/1652]	lr: 8.000e-03, eta: 3:09:38, time: 0.327, data_time: 0.025, memory: 9507, vote_loss: 3.4017, objectness_loss: 0.3534, semantic_loss: 0.3215, center_loss: 0.4772, dir_class_loss: 0.9102, dir_res_loss: 0.6887, size_class_loss: 0.3215, size_res_loss: 0.2514, loss: 6.7256, grad_norm: 8.8965
2026-05-18 13:36:16,283 - mmdet - INFO - Epoch [16][150/1652]	lr: 8.000e-03, eta: 3:09:22, time: 0.330, data_time: 0.025, memory: 9507, vote_loss: 3.2541, objectness_loss: 0.3571, semantic_loss: 0.3308, center_loss: 0.4623, dir_class_loss: 1.0233, dir_res_loss: 0.7221, size_class_loss: 0.3308, size_res_loss: 0.2720, loss: 6.7526, grad_norm: 8.1150
2026-05-18 13:36:32,568 - mmdet - INFO - Epoch [16][200/1652]	lr: 8.000e-03, eta: 3:09:05, time: 0.326, data_time: 0.023, memory: 9507, vote_loss: 3.2586, objectness_loss: 0.3402, semantic_loss: 0.3096, center_loss: 0.5019, dir_class_loss: 0.8609, dir_res_loss: 0.5879, size_class_loss: 0.3096, size_res_loss: 0.2698, loss: 6.4384, grad_norm: 8.6211
2026-05-18 13:36:48,870 - mmdet - INFO - Epoch [16][250/1652]	lr: 8.000e-03, eta: 3:08:49, time: 0.326, data_time: 0.024, memory: 9507, vote_loss: 3.2863, objectness_loss: 0.3349, semantic_loss: 0.3002, center_loss: 0.4751, dir_class_loss: 0.9469, dir_res_loss: 0.6326, size_class_loss: 0.3002, size_res_loss: 0.2794, loss: 6.5555, grad_norm: 8.4726
2026-05-18 13:37:05,202 - mmdet - INFO - Epoch [16][300/1652]	lr: 8.000e-03, eta: 3:08:32, time: 0.327, data_time: 0.025, memory: 9507, vote_loss: 3.3974, objectness_loss: 0.3618, semantic_loss: 0.3547, center_loss: 0.5565, dir_class_loss: 0.9821, dir_res_loss: 0.6467, size_class_loss: 0.3547, size_res_loss: 0.2705, loss: 6.9245, grad_norm: 8.4545
2026-05-18 13:37:21,507 - mmdet - INFO - Epoch [16][350/1652]	lr: 8.000e-03, eta: 3:08:16, time: 0.326, data_time: 0.024, memory: 9507, vote_loss: 3.3730, objectness_loss: 0.3308, semantic_loss: 0.3087, center_loss: 0.4596, dir_class_loss: 0.9450, dir_res_loss: 0.7277, size_class_loss: 0.3087, size_res_loss: 0.2782, loss: 6.7316, grad_norm: 8.5051
2026-05-18 13:37:37,868 - mmdet - INFO - Epoch [16][400/1652]	lr: 8.000e-03, eta: 3:07:59, time: 0.327, data_time: 0.025, memory: 9507, vote_loss: 3.3613, objectness_loss: 0.3340, semantic_loss: 0.3870, center_loss: 0.5078, dir_class_loss: 0.9283, dir_res_loss: 0.7696, size_class_loss: 0.3870, size_res_loss: 0.2777, loss: 6.9526, grad_norm: 8.8240
2026-05-18 13:37:54,235 - mmdet - INFO - Epoch [16][450/1652]	lr: 8.000e-03, eta: 3:07:42, time: 0.327, data_time: 0.025, memory: 9507, vote_loss: 3.1737, objectness_loss: 0.3373, semantic_loss: 0.3595, center_loss: 0.4752, dir_class_loss: 0.8901, dir_res_loss: 0.6433, size_class_loss: 0.3595, size_res_loss: 0.2603, loss: 6.4990, grad_norm: 8.8786
2026-05-18 13:38:10,522 - mmdet - INFO - Epoch [16][500/1652]	lr: 8.000e-03, eta: 3:07:26, time: 0.326, data_time: 0.024, memory: 9507, vote_loss: 3.5552, objectness_loss: 0.3532, semantic_loss: 0.3614, center_loss: 0.5119, dir_class_loss: 1.0143, dir_res_loss: 0.7406, size_class_loss: 0.3614, size_res_loss: 0.3182, loss: 7.2161, grad_norm: 8.5000
2026-05-18 13:38:26,945 - mmdet - INFO - Epoch [16][550/1652]	lr: 8.000e-03, eta: 3:07:09, time: 0.328, data_time: 0.025, memory: 9507, vote_loss: 3.2455, objectness_loss: 0.3309, semantic_loss: 0.3714, center_loss: 0.5053, dir_class_loss: 0.9909, dir_res_loss: 0.6542, size_class_loss: 0.3714, size_res_loss: 0.2630, loss: 6.7325, grad_norm: 8.4237
2026-05-18 13:38:43,362 - mmdet - INFO - Epoch [16][600/1652]	lr: 8.000e-03, eta: 3:06:53, time: 0.328, data_time: 0.025, memory: 9507, vote_loss: 3.2813, objectness_loss: 0.3371, semantic_loss: 0.3455, center_loss: 0.4537, dir_class_loss: 0.9543, dir_res_loss: 0.6836, size_class_loss: 0.3455, size_res_loss: 0.2493, loss: 6.6503, grad_norm: 8.8206
2026-05-18 13:38:59,722 - mmdet - INFO - Epoch [16][650/1652]	lr: 8.000e-03, eta: 3:06:36, time: 0.327, data_time: 0.024, memory: 9507, vote_loss: 3.3847, objectness_loss: 0.3544, semantic_loss: 0.3660, center_loss: 0.4974, dir_class_loss: 0.9302, dir_res_loss: 0.7156, size_class_loss: 0.3660, size_res_loss: 0.2652, loss: 6.8797, grad_norm: 8.4422
2026-05-18 13:39:16,128 - mmdet - INFO - Epoch [16][700/1652]	lr: 8.000e-03, eta: 3:06:20, time: 0.328, data_time: 0.025, memory: 9507, vote_loss: 3.3293, objectness_loss: 0.3377, semantic_loss: 0.3715, center_loss: 0.4834, dir_class_loss: 1.0110, dir_res_loss: 0.6869, size_class_loss: 0.3715, size_res_loss: 0.2757, loss: 6.8669, grad_norm: 8.8789
2026-05-18 13:39:32,489 - mmdet - INFO - Epoch [16][750/1652]	lr: 8.000e-03, eta: 3:06:03, time: 0.327, data_time: 0.024, memory: 9507, vote_loss: 3.4070, objectness_loss: 0.3406, semantic_loss: 0.3195, center_loss: 0.5032, dir_class_loss: 0.8722, dir_res_loss: 0.6413, size_class_loss: 0.3195, size_res_loss: 0.2727, loss: 6.6760, grad_norm: 8.6112
2026-05-18 13:39:48,849 - mmdet - INFO - Epoch [16][800/1652]	lr: 8.000e-03, eta: 3:05:47, time: 0.327, data_time: 0.024, memory: 9507, vote_loss: 3.5264, objectness_loss: 0.3318, semantic_loss: 0.3261, center_loss: 0.4886, dir_class_loss: 0.9156, dir_res_loss: 0.6784, size_class_loss: 0.3261, size_res_loss: 0.3046, loss: 6.8975, grad_norm: 8.3843
2026-05-18 13:40:05,209 - mmdet - INFO - Epoch [16][850/1652]	lr: 8.000e-03, eta: 3:05:30, time: 0.327, data_time: 0.025, memory: 9507, vote_loss: 3.2799, objectness_loss: 0.3587, semantic_loss: 0.3209, center_loss: 0.4540, dir_class_loss: 0.8876, dir_res_loss: 0.6511, size_class_loss: 0.3209, size_res_loss: 0.2767, loss: 6.5498, grad_norm: 8.4862
2026-05-18 13:40:21,507 - mmdet - INFO - Epoch [16][900/1652]	lr: 8.000e-03, eta: 3:05:13, time: 0.326, data_time: 0.025, memory: 9507, vote_loss: 3.1520, objectness_loss: 0.3245, semantic_loss: 0.3586, center_loss: 0.5359, dir_class_loss: 0.9567, dir_res_loss: 0.6346, size_class_loss: 0.3586, size_res_loss: 0.2450, loss: 6.5660, grad_norm: 9.1068
2026-05-18 13:40:37,909 - mmdet - INFO - Epoch [16][950/1652]	lr: 8.000e-03, eta: 3:04:57, time: 0.328, data_time: 0.025, memory: 9507, vote_loss: 3.3178, objectness_loss: 0.3389, semantic_loss: 0.3294, center_loss: 0.4707, dir_class_loss: 0.9665, dir_res_loss: 0.7677, size_class_loss: 0.3294, size_res_loss: 0.2988, loss: 6.8191, grad_norm: 8.2211
2026-05-18 13:40:54,315 - mmdet - INFO - Epoch [16][1000/1652]	lr: 8.000e-03, eta: 3:04:40, time: 0.328, data_time: 0.024, memory: 9507, vote_loss: 3.4141, objectness_loss: 0.3397, semantic_loss: 0.3203, center_loss: 0.4732, dir_class_loss: 0.9222, dir_res_loss: 0.6330, size_class_loss: 0.3203, size_res_loss: 0.2957, loss: 6.7186, grad_norm: 7.6370
2026-05-18 13:41:10,631 - mmdet - INFO - Epoch [16][1050/1652]	lr: 8.000e-03, eta: 3:04:24, time: 0.326, data_time: 0.024, memory: 9507, vote_loss: 3.2813, objectness_loss: 0.3305, semantic_loss: 0.3615, center_loss: 0.5110, dir_class_loss: 0.9103, dir_res_loss: 0.6667, size_class_loss: 0.3615, size_res_loss: 0.2827, loss: 6.7055, grad_norm: 8.5986
2026-05-18 13:41:27,052 - mmdet - INFO - Epoch [16][1100/1652]	lr: 8.000e-03, eta: 3:04:07, time: 0.328, data_time: 0.025, memory: 9507, vote_loss: 3.2106, objectness_loss: 0.3283, semantic_loss: 0.3370, center_loss: 0.4572, dir_class_loss: 0.9273, dir_res_loss: 0.6362, size_class_loss: 0.3370, size_res_loss: 0.2596, loss: 6.4932, grad_norm: 8.1225
2026-05-18 13:41:43,393 - mmdet - INFO - Epoch [16][1150/1652]	lr: 8.000e-03, eta: 3:03:51, time: 0.327, data_time: 0.024, memory: 9507, vote_loss: 3.3023, objectness_loss: 0.3417, semantic_loss: 0.3977, center_loss: 0.5043, dir_class_loss: 0.9329, dir_res_loss: 0.7597, size_class_loss: 0.3977, size_res_loss: 0.2924, loss: 6.9286, grad_norm: 8.7722
2026-05-18 13:41:59,799 - mmdet - INFO - Epoch [16][1200/1652]	lr: 8.000e-03, eta: 3:03:34, time: 0.328, data_time: 0.025, memory: 9507, vote_loss: 3.0181, objectness_loss: 0.3322, semantic_loss: 0.2991, center_loss: 0.4929, dir_class_loss: 0.9281, dir_res_loss: 0.6837, size_class_loss: 0.2991, size_res_loss: 0.2315, loss: 6.2846, grad_norm: 8.5160
2026-05-18 13:42:16,193 - mmdet - INFO - Epoch [16][1250/1652]	lr: 8.000e-03, eta: 3:03:18, time: 0.328, data_time: 0.025, memory: 9507, vote_loss: 3.3860, objectness_loss: 0.3045, semantic_loss: 0.3564, center_loss: 0.4977, dir_class_loss: 0.9605, dir_res_loss: 0.6971, size_class_loss: 0.3564, size_res_loss: 0.3169, loss: 6.8756, grad_norm: 8.1935
2026-05-18 13:42:32,812 - mmdet - INFO - Epoch [16][1300/1652]	lr: 8.000e-03, eta: 3:03:02, time: 0.332, data_time: 0.026, memory: 9507, vote_loss: 3.2523, objectness_loss: 0.3744, semantic_loss: 0.3310, center_loss: 0.4599, dir_class_loss: 0.8904, dir_res_loss: 0.6964, size_class_loss: 0.3310, size_res_loss: 0.2871, loss: 6.6225, grad_norm: 8.5016
2026-05-18 13:42:49,175 - mmdet - INFO - Epoch [16][1350/1652]	lr: 8.000e-03, eta: 3:02:45, time: 0.327, data_time: 0.025, memory: 9507, vote_loss: 3.3642, objectness_loss: 0.3312, semantic_loss: 0.3485, center_loss: 0.4689, dir_class_loss: 0.9700, dir_res_loss: 0.6794, size_class_loss: 0.3485, size_res_loss: 0.2920, loss: 6.8026, grad_norm: 8.3205
2026-05-18 13:43:05,511 - mmdet - INFO - Epoch [16][1400/1652]	lr: 8.000e-03, eta: 3:02:28, time: 0.327, data_time: 0.024, memory: 9507, vote_loss: 3.4130, objectness_loss: 0.3361, semantic_loss: 0.3966, center_loss: 0.4761, dir_class_loss: 0.9912, dir_res_loss: 0.7065, size_class_loss: 0.3966, size_res_loss: 0.2604, loss: 6.9766, grad_norm: 9.1439
2026-05-18 13:43:21,952 - mmdet - INFO - Epoch [16][1450/1652]	lr: 8.000e-03, eta: 3:02:12, time: 0.329, data_time: 0.025, memory: 9507, vote_loss: 3.3113, objectness_loss: 0.3475, semantic_loss: 0.3243, center_loss: 0.4497, dir_class_loss: 0.9414, dir_res_loss: 0.7550, size_class_loss: 0.3243, size_res_loss: 0.2801, loss: 6.7337, grad_norm: 8.4246
2026-05-18 13:43:38,299 - mmdet - INFO - Epoch [16][1500/1652]	lr: 8.000e-03, eta: 3:01:55, time: 0.327, data_time: 0.024, memory: 9507, vote_loss: 3.2670, objectness_loss: 0.3312, semantic_loss: 0.3289, center_loss: 0.4661, dir_class_loss: 0.8982, dir_res_loss: 0.6403, size_class_loss: 0.3289, size_res_loss: 0.2676, loss: 6.5283, grad_norm: 8.6650
2026-05-18 13:43:54,631 - mmdet - INFO - Epoch [16][1550/1652]	lr: 8.000e-03, eta: 3:01:39, time: 0.327, data_time: 0.024, memory: 9507, vote_loss: 3.3492, objectness_loss: 0.3222, semantic_loss: 0.3229, center_loss: 0.4678, dir_class_loss: 0.9859, dir_res_loss: 0.7070, size_class_loss: 0.3229, size_res_loss: 0.2923, loss: 6.7702, grad_norm: 8.5449
2026-05-18 13:44:11,048 - mmdet - INFO - Epoch [16][1600/1652]	lr: 8.000e-03, eta: 3:01:22, time: 0.328, data_time: 0.024, memory: 9507, vote_loss: 3.4163, objectness_loss: 0.3208, semantic_loss: 0.3473, center_loss: 0.4948, dir_class_loss: 0.9750, dir_res_loss: 0.7216, size_class_loss: 0.3473, size_res_loss: 0.2863, loss: 6.9094, grad_norm: 9.0846
2026-05-18 13:44:27,362 - mmdet - INFO - Epoch [16][1650/1652]	lr: 8.000e-03, eta: 3:01:06, time: 0.326, data_time: 0.024, memory: 9507, vote_loss: 3.2409, objectness_loss: 0.3401, semantic_loss: 0.3557, center_loss: 0.4645, dir_class_loss: 0.9346, dir_res_loss: 0.7586, size_class_loss: 0.3557, size_res_loss: 0.3028, loss: 6.7530, grad_norm: 8.4114
2026-05-18 13:44:28,087 - mmdet - INFO - Saving checkpoint at 16 epochs
2026-05-18 13:44:47,338 - mmdet - INFO - Epoch [17][50/1652]	lr: 8.000e-03, eta: 3:00:51, time: 0.380, data_time: 0.077, memory: 9507, vote_loss: 3.2716, objectness_loss: 0.3370, semantic_loss: 0.3494, center_loss: 0.4899, dir_class_loss: 0.9537, dir_res_loss: 0.7389, size_class_loss: 0.3494, size_res_loss: 0.2622, loss: 6.7521, grad_norm: 8.2042
2026-05-18 13:45:03,694 - mmdet - INFO - Epoch [17][100/1652]	lr: 8.000e-03, eta: 3:00:34, time: 0.327, data_time: 0.025, memory: 9507, vote_loss: 3.3669, objectness_loss: 0.3599, semantic_loss: 0.3633, center_loss: 0.5190, dir_class_loss: 0.9101, dir_res_loss: 0.6456, size_class_loss: 0.3633, size_res_loss: 0.3217, loss: 6.8499, grad_norm: 8.9954
2026-05-18 13:45:20,198 - mmdet - INFO - Epoch [17][150/1652]	lr: 8.000e-03, eta: 3:00:18, time: 0.330, data_time: 0.027, memory: 9507, vote_loss: 3.3871, objectness_loss: 0.3362, semantic_loss: 0.3008, center_loss: 0.4907, dir_class_loss: 0.8712, dir_res_loss: 0.7464, size_class_loss: 0.3008, size_res_loss: 0.2877, loss: 6.7210, grad_norm: 8.7565
2026-05-18 13:45:36,563 - mmdet - INFO - Epoch [17][200/1652]	lr: 8.000e-03, eta: 3:00:01, time: 0.327, data_time: 0.024, memory: 9507, vote_loss: 3.4302, objectness_loss: 0.3526, semantic_loss: 0.3691, center_loss: 0.5061, dir_class_loss: 0.9340, dir_res_loss: 0.7660, size_class_loss: 0.3691, size_res_loss: 0.2884, loss: 7.0154, grad_norm: 8.8545
2026-05-18 13:45:52,890 - mmdet - INFO - Epoch [17][250/1652]	lr: 8.000e-03, eta: 2:59:45, time: 0.327, data_time: 0.024, memory: 9507, vote_loss: 3.3239, objectness_loss: 0.3310, semantic_loss: 0.3096, center_loss: 0.5162, dir_class_loss: 0.9218, dir_res_loss: 0.6226, size_class_loss: 0.3096, size_res_loss: 0.2641, loss: 6.5988, grad_norm: 8.1822
2026-05-18 13:46:09,174 - mmdet - INFO - Epoch [17][300/1652]	lr: 8.000e-03, eta: 2:59:28, time: 0.326, data_time: 0.024, memory: 9507, vote_loss: 3.2916, objectness_loss: 0.3377, semantic_loss: 0.3496, center_loss: 0.4671, dir_class_loss: 0.9715, dir_res_loss: 0.6062, size_class_loss: 0.3496, size_res_loss: 0.3196, loss: 6.6929, grad_norm: 7.8082
2026-05-18 13:46:25,460 - mmdet - INFO - Epoch [17][350/1652]	lr: 8.000e-03, eta: 2:59:12, time: 0.326, data_time: 0.024, memory: 9507, vote_loss: 3.4235, objectness_loss: 0.3395, semantic_loss: 0.3365, center_loss: 0.4961, dir_class_loss: 0.9773, dir_res_loss: 0.7142, size_class_loss: 0.3365, size_res_loss: 0.2771, loss: 6.9008, grad_norm: 8.1751
2026-05-18 13:46:41,752 - mmdet - INFO - Epoch [17][400/1652]	lr: 8.000e-03, eta: 2:58:55, time: 0.326, data_time: 0.023, memory: 9507, vote_loss: 3.2748, objectness_loss: 0.3482, semantic_loss: 0.3653, center_loss: 0.5428, dir_class_loss: 0.9410, dir_res_loss: 0.7370, size_class_loss: 0.3653, size_res_loss: 0.2881, loss: 6.8625, grad_norm: 8.7066
2026-05-18 13:46:58,066 - mmdet - INFO - Epoch [17][450/1652]	lr: 8.000e-03, eta: 2:58:38, time: 0.326, data_time: 0.024, memory: 9507, vote_loss: 3.2049, objectness_loss: 0.3589, semantic_loss: 0.3114, center_loss: 0.4236, dir_class_loss: 0.9306, dir_res_loss: 0.7151, size_class_loss: 0.3114, size_res_loss: 0.2533, loss: 6.5092, grad_norm: 8.3365
2026-05-18 13:47:14,378 - mmdet - INFO - Epoch [17][500/1652]	lr: 8.000e-03, eta: 2:58:22, time: 0.326, data_time: 0.024, memory: 9507, vote_loss: 3.1868, objectness_loss: 0.3336, semantic_loss: 0.3193, center_loss: 0.4543, dir_class_loss: 0.9278, dir_res_loss: 0.6618, size_class_loss: 0.3193, size_res_loss: 0.2428, loss: 6.4458, grad_norm: 8.5212
2026-05-18 13:47:30,764 - mmdet - INFO - Epoch [17][550/1652]	lr: 8.000e-03, eta: 2:58:05, time: 0.328, data_time: 0.025, memory: 9507, vote_loss: 3.2595, objectness_loss: 0.3285, semantic_loss: 0.3839, center_loss: 0.4868, dir_class_loss: 0.9269, dir_res_loss: 0.6496, size_class_loss: 0.3839, size_res_loss: 0.2545, loss: 6.6735, grad_norm: 8.3274
2026-05-18 13:47:47,042 - mmdet - INFO - Epoch [17][600/1652]	lr: 8.000e-03, eta: 2:57:49, time: 0.326, data_time: 0.024, memory: 9507, vote_loss: 3.4079, objectness_loss: 0.3137, semantic_loss: 0.3834, center_loss: 0.4822, dir_class_loss: 0.8888, dir_res_loss: 0.7096, size_class_loss: 0.3834, size_res_loss: 0.2897, loss: 6.8585, grad_norm: 8.5075
2026-05-18 13:48:03,287 - mmdet - INFO - Epoch [17][650/1652]	lr: 8.000e-03, eta: 2:57:32, time: 0.325, data_time: 0.024, memory: 9507, vote_loss: 3.2301, objectness_loss: 0.3395, semantic_loss: 0.3488, center_loss: 0.4629, dir_class_loss: 0.9710, dir_res_loss: 0.7070, size_class_loss: 0.3488, size_res_loss: 0.2791, loss: 6.6870, grad_norm: 7.9499
2026-05-18 13:48:19,589 - mmdet - INFO - Epoch [17][700/1652]	lr: 8.000e-03, eta: 2:57:15, time: 0.326, data_time: 0.024, memory: 9507, vote_loss: 3.4073, objectness_loss: 0.3056, semantic_loss: 0.3395, center_loss: 0.4750, dir_class_loss: 0.8663, dir_res_loss: 0.6471, size_class_loss: 0.3395, size_res_loss: 0.2760, loss: 6.6562, grad_norm: 7.9555
2026-05-18 13:48:35,888 - mmdet - INFO - Epoch [17][750/1652]	lr: 8.000e-03, eta: 2:56:59, time: 0.326, data_time: 0.024, memory: 9507, vote_loss: 3.3958, objectness_loss: 0.2957, semantic_loss: 0.3548, center_loss: 0.4972, dir_class_loss: 0.9887, dir_res_loss: 0.7377, size_class_loss: 0.3548, size_res_loss: 0.3057, loss: 6.9304, grad_norm: 9.2914
2026-05-18 13:48:52,183 - mmdet - INFO - Epoch [17][800/1652]	lr: 8.000e-03, eta: 2:56:42, time: 0.326, data_time: 0.024, memory: 9507, vote_loss: 3.2854, objectness_loss: 0.3168, semantic_loss: 0.3280, center_loss: 0.4441, dir_class_loss: 0.9868, dir_res_loss: 0.6361, size_class_loss: 0.3280, size_res_loss: 0.2617, loss: 6.5869, grad_norm: 8.7081
2026-05-18 13:49:08,532 - mmdet - INFO - Epoch [17][850/1652]	lr: 8.000e-03, eta: 2:56:26, time: 0.327, data_time: 0.025, memory: 9507, vote_loss: 3.2663, objectness_loss: 0.3334, semantic_loss: 0.3064, center_loss: 0.4544, dir_class_loss: 0.9193, dir_res_loss: 0.6119, size_class_loss: 0.3064, size_res_loss: 0.2821, loss: 6.4803, grad_norm: 7.6436
2026-05-18 13:49:24,869 - mmdet - INFO - Epoch [17][900/1652]	lr: 8.000e-03, eta: 2:56:09, time: 0.327, data_time: 0.024, memory: 9507, vote_loss: 3.3571, objectness_loss: 0.3479, semantic_loss: 0.3633, center_loss: 0.4445, dir_class_loss: 0.9028, dir_res_loss: 0.7147, size_class_loss: 0.3633, size_res_loss: 0.2888, loss: 6.7823, grad_norm: 8.2483
2026-05-18 13:49:41,165 - mmdet - INFO - Epoch [17][950/1652]	lr: 8.000e-03, eta: 2:55:52, time: 0.326, data_time: 0.024, memory: 9507, vote_loss: 3.1520, objectness_loss: 0.3244, semantic_loss: 0.3233, center_loss: 0.5096, dir_class_loss: 0.8709, dir_res_loss: 0.7195, size_class_loss: 0.3233, size_res_loss: 0.2609, loss: 6.4839, grad_norm: 8.5586
2026-05-18 13:49:57,450 - mmdet - INFO - Epoch [17][1000/1652]	lr: 8.000e-03, eta: 2:55:36, time: 0.326, data_time: 0.024, memory: 9507, vote_loss: 3.4350, objectness_loss: 0.3494, semantic_loss: 0.3959, center_loss: 0.5035, dir_class_loss: 0.9666, dir_res_loss: 0.7341, size_class_loss: 0.3959, size_res_loss: 0.2521, loss: 7.0325, grad_norm: 8.9849
2026-05-18 13:50:13,821 - mmdet - INFO - Epoch [17][1050/1652]	lr: 8.000e-03, eta: 2:55:19, time: 0.327, data_time: 0.024, memory: 9507, vote_loss: 3.3537, objectness_loss: 0.3480, semantic_loss: 0.3884, center_loss: 0.4732, dir_class_loss: 1.0339, dir_res_loss: 0.7553, size_class_loss: 0.3884, size_res_loss: 0.2593, loss: 7.0002, grad_norm: 8.4297
2026-05-18 13:50:30,227 - mmdet - INFO - Epoch [17][1100/1652]	lr: 8.000e-03, eta: 2:55:03, time: 0.328, data_time: 0.025, memory: 9507, vote_loss: 3.2110, objectness_loss: 0.3634, semantic_loss: 0.3285, center_loss: 0.4408, dir_class_loss: 0.8741, dir_res_loss: 0.6618, size_class_loss: 0.3285, size_res_loss: 0.2728, loss: 6.4809, grad_norm: 8.1500
2026-05-18 13:50:46,613 - mmdet - INFO - Epoch [17][1150/1652]	lr: 8.000e-03, eta: 2:54:46, time: 0.328, data_time: 0.024, memory: 9507, vote_loss: 3.1538, objectness_loss: 0.3649, semantic_loss: 0.3387, center_loss: 0.4511, dir_class_loss: 0.9134, dir_res_loss: 0.6728, size_class_loss: 0.3387, size_res_loss: 0.2845, loss: 6.5179, grad_norm: 8.1368
2026-05-18 13:51:02,984 - mmdet - INFO - Epoch [17][1200/1652]	lr: 8.000e-03, eta: 2:54:30, time: 0.327, data_time: 0.024, memory: 9507, vote_loss: 3.3515, objectness_loss: 0.3723, semantic_loss: 0.3038, center_loss: 0.4845, dir_class_loss: 0.9213, dir_res_loss: 0.7338, size_class_loss: 0.3038, size_res_loss: 0.2608, loss: 6.7317, grad_norm: 8.3460
2026-05-18 13:51:19,310 - mmdet - INFO - Epoch [17][1250/1652]	lr: 8.000e-03, eta: 2:54:13, time: 0.327, data_time: 0.024, memory: 9507, vote_loss: 3.2368, objectness_loss: 0.3349, semantic_loss: 0.3234, center_loss: 0.4810, dir_class_loss: 0.9981, dir_res_loss: 0.6760, size_class_loss: 0.3234, size_res_loss: 0.2718, loss: 6.6454, grad_norm: 8.6766
2026-05-18 13:51:35,670 - mmdet - INFO - Epoch [17][1300/1652]	lr: 8.000e-03, eta: 2:53:57, time: 0.327, data_time: 0.025, memory: 9507, vote_loss: 3.2774, objectness_loss: 0.3306, semantic_loss: 0.3335, center_loss: 0.4642, dir_class_loss: 0.9144, dir_res_loss: 0.8231, size_class_loss: 0.3335, size_res_loss: 0.2581, loss: 6.7350, grad_norm: 8.3753
2026-05-18 13:51:51,913 - mmdet - INFO - Epoch [17][1350/1652]	lr: 8.000e-03, eta: 2:53:40, time: 0.325, data_time: 0.024, memory: 9507, vote_loss: 3.1121, objectness_loss: 0.3228, semantic_loss: 0.3313, center_loss: 0.4411, dir_class_loss: 0.9228, dir_res_loss: 0.6615, size_class_loss: 0.3313, size_res_loss: 0.2908, loss: 6.4138, grad_norm: 8.6505
2026-05-18 13:52:08,246 - mmdet - INFO - Epoch [17][1400/1652]	lr: 8.000e-03, eta: 2:53:23, time: 0.327, data_time: 0.024, memory: 9507, vote_loss: 3.2100, objectness_loss: 0.2979, semantic_loss: 0.3559, center_loss: 0.4935, dir_class_loss: 0.9755, dir_res_loss: 0.7726, size_class_loss: 0.3559, size_res_loss: 0.2913, loss: 6.7527, grad_norm: 8.8457
2026-05-18 13:52:24,575 - mmdet - INFO - Epoch [17][1450/1652]	lr: 8.000e-03, eta: 2:53:07, time: 0.327, data_time: 0.024, memory: 9507, vote_loss: 3.3298, objectness_loss: 0.3328, semantic_loss: 0.2806, center_loss: 0.4525, dir_class_loss: 0.8781, dir_res_loss: 0.6078, size_class_loss: 0.2806, size_res_loss: 0.3048, loss: 6.4670, grad_norm: 8.0707
2026-05-18 13:52:40,920 - mmdet - INFO - Epoch [17][1500/1652]	lr: 8.000e-03, eta: 2:52:50, time: 0.327, data_time: 0.024, memory: 9507, vote_loss: 3.3191, objectness_loss: 0.3201, semantic_loss: 0.2645, center_loss: 0.5407, dir_class_loss: 0.8439, dir_res_loss: 0.5514, size_class_loss: 0.2645, size_res_loss: 0.2923, loss: 6.3966, grad_norm: 9.7969
2026-05-18 13:52:57,269 - mmdet - INFO - Epoch [17][1550/1652]	lr: 8.000e-03, eta: 2:52:34, time: 0.327, data_time: 0.024, memory: 9507, vote_loss: 3.1206, objectness_loss: 0.3179, semantic_loss: 0.3234, center_loss: 0.4778, dir_class_loss: 0.9230, dir_res_loss: 0.6807, size_class_loss: 0.3234, size_res_loss: 0.2693, loss: 6.4362, grad_norm: 8.3930
2026-05-18 13:53:13,559 - mmdet - INFO - Epoch [17][1600/1652]	lr: 8.000e-03, eta: 2:52:17, time: 0.326, data_time: 0.024, memory: 9507, vote_loss: 3.2958, objectness_loss: 0.3268, semantic_loss: 0.3486, center_loss: 0.4264, dir_class_loss: 0.8999, dir_res_loss: 0.7063, size_class_loss: 0.3486, size_res_loss: 0.2812, loss: 6.6336, grad_norm: 8.1896
2026-05-18 13:53:29,928 - mmdet - INFO - Epoch [17][1650/1652]	lr: 8.000e-03, eta: 2:52:01, time: 0.327, data_time: 0.024, memory: 9507, vote_loss: 3.2266, objectness_loss: 0.3445, semantic_loss: 0.3454, center_loss: 0.4971, dir_class_loss: 0.9414, dir_res_loss: 0.7181, size_class_loss: 0.3454, size_res_loss: 0.2528, loss: 6.6713, grad_norm: 8.4305
2026-05-18 13:53:30,658 - mmdet - INFO - Saving checkpoint at 17 epochs
2026-05-18 13:53:49,963 - mmdet - INFO - Epoch [18][50/1652]	lr: 8.000e-03, eta: 2:51:46, time: 0.381, data_time: 0.077, memory: 9507, vote_loss: 3.1593, objectness_loss: 0.3143, semantic_loss: 0.3056, center_loss: 0.4616, dir_class_loss: 0.9552, dir_res_loss: 0.6823, size_class_loss: 0.3056, size_res_loss: 0.2833, loss: 6.4671, grad_norm: 8.1981
2026-05-18 13:54:06,307 - mmdet - INFO - Epoch [18][100/1652]	lr: 8.000e-03, eta: 2:51:29, time: 0.327, data_time: 0.024, memory: 9507, vote_loss: 3.3193, objectness_loss: 0.3393, semantic_loss: 0.3253, center_loss: 0.4529, dir_class_loss: 0.9564, dir_res_loss: 0.6894, size_class_loss: 0.3253, size_res_loss: 0.2801, loss: 6.6880, grad_norm: 8.0524
2026-05-18 13:54:22,571 - mmdet - INFO - Epoch [18][150/1652]	lr: 8.000e-03, eta: 2:51:12, time: 0.325, data_time: 0.023, memory: 9507, vote_loss: 3.2244, objectness_loss: 0.3234, semantic_loss: 0.3229, center_loss: 0.4721, dir_class_loss: 0.9001, dir_res_loss: 0.6419, size_class_loss: 0.3229, size_res_loss: 0.2793, loss: 6.4871, grad_norm: 8.5629
2026-05-18 13:54:38,939 - mmdet - INFO - Epoch [18][200/1652]	lr: 8.000e-03, eta: 2:50:56, time: 0.327, data_time: 0.024, memory: 9507, vote_loss: 3.2346, objectness_loss: 0.3478, semantic_loss: 0.3177, center_loss: 0.4630, dir_class_loss: 1.0326, dir_res_loss: 0.7227, size_class_loss: 0.3177, size_res_loss: 0.2830, loss: 6.7191, grad_norm: 8.4580
2026-05-18 13:54:55,258 - mmdet - INFO - Epoch [18][250/1652]	lr: 8.000e-03, eta: 2:50:39, time: 0.326, data_time: 0.024, memory: 9507, vote_loss: 3.2233, objectness_loss: 0.3267, semantic_loss: 0.3300, center_loss: 0.4522, dir_class_loss: 0.9541, dir_res_loss: 0.7153, size_class_loss: 0.3300, size_res_loss: 0.2524, loss: 6.5841, grad_norm: 8.0511
2026-05-18 13:55:11,818 - mmdet - INFO - Epoch [18][300/1652]	lr: 8.000e-03, eta: 2:50:23, time: 0.331, data_time: 0.028, memory: 9507, vote_loss: 3.3172, objectness_loss: 0.3493, semantic_loss: 0.3790, center_loss: 0.4837, dir_class_loss: 0.9509, dir_res_loss: 0.6741, size_class_loss: 0.3790, size_res_loss: 0.2761, loss: 6.8093, grad_norm: 9.1548
2026-05-18 13:55:28,130 - mmdet - INFO - Epoch [18][350/1652]	lr: 8.000e-03, eta: 2:50:06, time: 0.326, data_time: 0.023, memory: 9507, vote_loss: 3.2637, objectness_loss: 0.3496, semantic_loss: 0.3520, center_loss: 0.4791, dir_class_loss: 0.9087, dir_res_loss: 0.7249, size_class_loss: 0.3520, size_res_loss: 0.2640, loss: 6.6941, grad_norm: 8.7947
2026-05-18 13:55:44,388 - mmdet - INFO - Epoch [18][400/1652]	lr: 8.000e-03, eta: 2:49:50, time: 0.325, data_time: 0.023, memory: 9507, vote_loss: 3.2189, objectness_loss: 0.3226, semantic_loss: 0.3569, center_loss: 0.5146, dir_class_loss: 0.9635, dir_res_loss: 0.7367, size_class_loss: 0.3569, size_res_loss: 0.2725, loss: 6.7425, grad_norm: 9.1807
2026-05-18 13:56:00,634 - mmdet - INFO - Epoch [18][450/1652]	lr: 8.000e-03, eta: 2:49:33, time: 0.325, data_time: 0.022, memory: 9507, vote_loss: 3.2899, objectness_loss: 0.3210, semantic_loss: 0.3803, center_loss: 0.4883, dir_class_loss: 0.9552, dir_res_loss: 0.6625, size_class_loss: 0.3804, size_res_loss: 0.2853, loss: 6.7629, grad_norm: 9.6927
2026-05-18 13:56:16,894 - mmdet - INFO - Epoch [18][500/1652]	lr: 8.000e-03, eta: 2:49:16, time: 0.325, data_time: 0.022, memory: 9507, vote_loss: 3.1929, objectness_loss: 0.3510, semantic_loss: 0.3518, center_loss: 0.4642, dir_class_loss: 0.8721, dir_res_loss: 0.6516, size_class_loss: 0.3518, size_res_loss: 0.2569, loss: 6.4923, grad_norm: 8.4674
2026-05-18 13:56:33,168 - mmdet - INFO - Epoch [18][550/1652]	lr: 8.000e-03, eta: 2:49:00, time: 0.325, data_time: 0.023, memory: 9507, vote_loss: 3.2891, objectness_loss: 0.3137, semantic_loss: 0.2957, center_loss: 0.4507, dir_class_loss: 0.8452, dir_res_loss: 0.7288, size_class_loss: 0.2957, size_res_loss: 0.2664, loss: 6.4851, grad_norm: 7.7458
2026-05-18 13:56:49,442 - mmdet - INFO - Epoch [18][600/1652]	lr: 8.000e-03, eta: 2:48:43, time: 0.325, data_time: 0.024, memory: 9507, vote_loss: 3.3614, objectness_loss: 0.3113, semantic_loss: 0.3597, center_loss: 0.5073, dir_class_loss: 0.8772, dir_res_loss: 0.7001, size_class_loss: 0.3597, size_res_loss: 0.2646, loss: 6.7412, grad_norm: 9.0542
2026-05-18 13:57:05,784 - mmdet - INFO - Epoch [18][650/1652]	lr: 8.000e-03, eta: 2:48:27, time: 0.327, data_time: 0.024, memory: 9507, vote_loss: 3.4031, objectness_loss: 0.3126, semantic_loss: 0.3285, center_loss: 0.4868, dir_class_loss: 1.0017, dir_res_loss: 0.7027, size_class_loss: 0.3285, size_res_loss: 0.3000, loss: 6.8639, grad_norm: 8.8810
2026-05-18 13:57:22,064 - mmdet - INFO - Epoch [18][700/1652]	lr: 8.000e-03, eta: 2:48:10, time: 0.326, data_time: 0.024, memory: 9507, vote_loss: 3.1659, objectness_loss: 0.3244, semantic_loss: 0.3352, center_loss: 0.4265, dir_class_loss: 0.8824, dir_res_loss: 0.5866, size_class_loss: 0.3352, size_res_loss: 0.2840, loss: 6.3401, grad_norm: 7.9174
2026-05-18 13:57:38,466 - mmdet - INFO - Epoch [18][750/1652]	lr: 8.000e-03, eta: 2:47:54, time: 0.328, data_time: 0.024, memory: 9507, vote_loss: 3.2675, objectness_loss: 0.3418, semantic_loss: 0.3160, center_loss: 0.5075, dir_class_loss: 0.9290, dir_res_loss: 0.5855, size_class_loss: 0.3160, size_res_loss: 0.2638, loss: 6.5271, grad_norm: 7.9363
2026-05-18 13:57:54,781 - mmdet - INFO - Epoch [18][800/1652]	lr: 8.000e-03, eta: 2:47:37, time: 0.326, data_time: 0.024, memory: 9507, vote_loss: 3.3350, objectness_loss: 0.3118, semantic_loss: 0.3513, center_loss: 0.5219, dir_class_loss: 0.9490, dir_res_loss: 0.8098, size_class_loss: 0.3513, size_res_loss: 0.2585, loss: 6.8885, grad_norm: 9.1167
2026-05-18 13:58:11,156 - mmdet - INFO - Epoch [18][850/1652]	lr: 8.000e-03, eta: 2:47:20, time: 0.327, data_time: 0.025, memory: 9507, vote_loss: 3.4640, objectness_loss: 0.3475, semantic_loss: 0.3831, center_loss: 0.4939, dir_class_loss: 1.0130, dir_res_loss: 0.6916, size_class_loss: 0.3831, size_res_loss: 0.2709, loss: 7.0470, grad_norm: 7.8913
2026-05-18 13:58:27,603 - mmdet - INFO - Epoch [18][900/1652]	lr: 8.000e-03, eta: 2:47:04, time: 0.329, data_time: 0.025, memory: 9507, vote_loss: 3.2258, objectness_loss: 0.3641, semantic_loss: 0.3354, center_loss: 0.4718, dir_class_loss: 0.9392, dir_res_loss: 0.7456, size_class_loss: 0.3354, size_res_loss: 0.2862, loss: 6.7035, grad_norm: 8.1374
2026-05-18 13:58:43,959 - mmdet - INFO - Epoch [18][950/1652]	lr: 8.000e-03, eta: 2:46:48, time: 0.327, data_time: 0.024, memory: 9507, vote_loss: 3.3103, objectness_loss: 0.3067, semantic_loss: 0.3407, center_loss: 0.4527, dir_class_loss: 0.9954, dir_res_loss: 0.6804, size_class_loss: 0.3407, size_res_loss: 0.2643, loss: 6.6912, grad_norm: 8.4788
2026-05-18 13:59:00,385 - mmdet - INFO - Epoch [18][1000/1652]	lr: 8.000e-03, eta: 2:46:31, time: 0.329, data_time: 0.025, memory: 9507, vote_loss: 3.2260, objectness_loss: 0.3527, semantic_loss: 0.3721, center_loss: 0.4643, dir_class_loss: 0.9611, dir_res_loss: 0.6590, size_class_loss: 0.3721, size_res_loss: 0.2791, loss: 6.6866, grad_norm: 8.3820
2026-05-18 13:59:16,720 - mmdet - INFO - Epoch [18][1050/1652]	lr: 8.000e-03, eta: 2:46:15, time: 0.327, data_time: 0.024, memory: 9507, vote_loss: 3.4287, objectness_loss: 0.3141, semantic_loss: 0.3346, center_loss: 0.5020, dir_class_loss: 0.8719, dir_res_loss: 0.6307, size_class_loss: 0.3346, size_res_loss: 0.2688, loss: 6.6854, grad_norm: 7.5938
2026-05-18 13:59:33,130 - mmdet - INFO - Epoch [18][1100/1652]	lr: 8.000e-03, eta: 2:45:58, time: 0.328, data_time: 0.025, memory: 9507, vote_loss: 3.3417, objectness_loss: 0.3255, semantic_loss: 0.3078, center_loss: 0.4912, dir_class_loss: 0.9279, dir_res_loss: 0.7314, size_class_loss: 0.3078, size_res_loss: 0.2519, loss: 6.6852, grad_norm: 8.4673
2026-05-18 13:59:49,462 - mmdet - INFO - Epoch [18][1150/1652]	lr: 8.000e-03, eta: 2:45:41, time: 0.327, data_time: 0.024, memory: 9507, vote_loss: 3.2217, objectness_loss: 0.3349, semantic_loss: 0.3261, center_loss: 0.4458, dir_class_loss: 1.0139, dir_res_loss: 0.7045, size_class_loss: 0.3261, size_res_loss: 0.2746, loss: 6.6476, grad_norm: 8.3106
2026-05-18 14:00:05,858 - mmdet - INFO - Epoch [18][1200/1652]	lr: 8.000e-03, eta: 2:45:25, time: 0.328, data_time: 0.024, memory: 9507, vote_loss: 3.2206, objectness_loss: 0.3300, semantic_loss: 0.3263, center_loss: 0.4922, dir_class_loss: 0.9341, dir_res_loss: 0.7913, size_class_loss: 0.3263, size_res_loss: 0.2766, loss: 6.6974, grad_norm: 7.8417
2026-05-18 14:00:22,110 - mmdet - INFO - Epoch [18][1250/1652]	lr: 8.000e-03, eta: 2:45:08, time: 0.325, data_time: 0.024, memory: 9507, vote_loss: 3.4046, objectness_loss: 0.3148, semantic_loss: 0.3669, center_loss: 0.4636, dir_class_loss: 0.9471, dir_res_loss: 0.6677, size_class_loss: 0.3669, size_res_loss: 0.2924, loss: 6.8239, grad_norm: 8.4041
2026-05-18 14:00:38,439 - mmdet - INFO - Epoch [18][1300/1652]	lr: 8.000e-03, eta: 2:44:52, time: 0.327, data_time: 0.023, memory: 9507, vote_loss: 3.2662, objectness_loss: 0.3002, semantic_loss: 0.3132, center_loss: 0.4516, dir_class_loss: 0.9848, dir_res_loss: 0.6852, size_class_loss: 0.3132, size_res_loss: 0.2904, loss: 6.6047, grad_norm: 7.9183
2026-05-18 14:00:54,765 - mmdet - INFO - Epoch [18][1350/1652]	lr: 8.000e-03, eta: 2:44:35, time: 0.327, data_time: 0.024, memory: 9507, vote_loss: 3.1994, objectness_loss: 0.3272, semantic_loss: 0.3485, center_loss: 0.4802, dir_class_loss: 0.8897, dir_res_loss: 0.5925, size_class_loss: 0.3485, size_res_loss: 0.2803, loss: 6.4663, grad_norm: 7.9483
2026-05-18 14:01:11,180 - mmdet - INFO - Epoch [18][1400/1652]	lr: 8.000e-03, eta: 2:44:19, time: 0.328, data_time: 0.025, memory: 9507, vote_loss: 3.1233, objectness_loss: 0.3554, semantic_loss: 0.3200, center_loss: 0.4697, dir_class_loss: 0.9516, dir_res_loss: 0.6065, size_class_loss: 0.3200, size_res_loss: 0.2925, loss: 6.4389, grad_norm: 8.5122
2026-05-18 14:01:27,436 - mmdet - INFO - Epoch [18][1450/1652]	lr: 8.000e-03, eta: 2:44:02, time: 0.325, data_time: 0.023, memory: 9507, vote_loss: 3.1472, objectness_loss: 0.3664, semantic_loss: 0.3485, center_loss: 0.4637, dir_class_loss: 0.8385, dir_res_loss: 0.6137, size_class_loss: 0.3485, size_res_loss: 0.2747, loss: 6.4012, grad_norm: 8.7989
2026-05-18 14:01:43,698 - mmdet - INFO - Epoch [18][1500/1652]	lr: 8.000e-03, eta: 2:43:46, time: 0.325, data_time: 0.023, memory: 9507, vote_loss: 3.1762, objectness_loss: 0.3679, semantic_loss: 0.3359, center_loss: 0.4664, dir_class_loss: 0.9269, dir_res_loss: 0.6972, size_class_loss: 0.3359, size_res_loss: 0.2831, loss: 6.5894, grad_norm: 9.2305
2026-05-18 14:01:59,988 - mmdet - INFO - Epoch [18][1550/1652]	lr: 8.000e-03, eta: 2:43:29, time: 0.326, data_time: 0.024, memory: 9507, vote_loss: 3.2983, objectness_loss: 0.3379, semantic_loss: 0.3261, center_loss: 0.4829, dir_class_loss: 0.9268, dir_res_loss: 0.6366, size_class_loss: 0.3261, size_res_loss: 0.2737, loss: 6.6086, grad_norm: 8.4608
2026-05-18 14:02:16,285 - mmdet - INFO - Epoch [18][1600/1652]	lr: 8.000e-03, eta: 2:43:12, time: 0.326, data_time: 0.023, memory: 9507, vote_loss: 3.5334, objectness_loss: 0.3554, semantic_loss: 0.3672, center_loss: 0.4997, dir_class_loss: 0.8676, dir_res_loss: 0.6697, size_class_loss: 0.3672, size_res_loss: 0.2605, loss: 6.9207, grad_norm: 8.8100
2026-05-18 14:02:32,555 - mmdet - INFO - Epoch [18][1650/1652]	lr: 8.000e-03, eta: 2:42:56, time: 0.325, data_time: 0.023, memory: 9507, vote_loss: 3.3954, objectness_loss: 0.3397, semantic_loss: 0.3102, center_loss: 0.4775, dir_class_loss: 0.8642, dir_res_loss: 0.6729, size_class_loss: 0.3102, size_res_loss: 0.2921, loss: 6.6624, grad_norm: 9.4559
2026-05-18 14:02:33,287 - mmdet - INFO - Saving checkpoint at 18 epochs
2026-05-18 14:02:52,744 - mmdet - INFO - Epoch [19][50/1652]	lr: 8.000e-03, eta: 2:42:41, time: 0.383, data_time: 0.079, memory: 9507, vote_loss: 3.2160, objectness_loss: 0.3213, semantic_loss: 0.3266, center_loss: 0.4659, dir_class_loss: 0.8366, dir_res_loss: 0.7607, size_class_loss: 0.3266, size_res_loss: 0.3127, loss: 6.5665, grad_norm: 9.2146
2026-05-18 14:03:09,158 - mmdet - INFO - Epoch [19][100/1652]	lr: 8.000e-03, eta: 2:42:24, time: 0.328, data_time: 0.025, memory: 9507, vote_loss: 3.2052, objectness_loss: 0.3357, semantic_loss: 0.3470, center_loss: 0.4726, dir_class_loss: 0.8910, dir_res_loss: 0.6564, size_class_loss: 0.3470, size_res_loss: 0.2631, loss: 6.5180, grad_norm: 7.9228
2026-05-18 14:03:25,543 - mmdet - INFO - Epoch [19][150/1652]	lr: 8.000e-03, eta: 2:42:08, time: 0.328, data_time: 0.025, memory: 9507, vote_loss: 3.2098, objectness_loss: 0.3478, semantic_loss: 0.3235, center_loss: 0.4568, dir_class_loss: 0.9596, dir_res_loss: 0.6811, size_class_loss: 0.3235, size_res_loss: 0.2805, loss: 6.5827, grad_norm: 8.5210
2026-05-18 14:03:41,874 - mmdet - INFO - Epoch [19][200/1652]	lr: 8.000e-03, eta: 2:41:51, time: 0.327, data_time: 0.024, memory: 9507, vote_loss: 3.3058, objectness_loss: 0.3344, semantic_loss: 0.3131, center_loss: 0.4558, dir_class_loss: 0.9143, dir_res_loss: 0.6432, size_class_loss: 0.3131, size_res_loss: 0.2531, loss: 6.5327, grad_norm: 8.1641
2026-05-18 14:03:58,200 - mmdet - INFO - Epoch [19][250/1652]	lr: 8.000e-03, eta: 2:41:35, time: 0.327, data_time: 0.024, memory: 9507, vote_loss: 3.1150, objectness_loss: 0.3058, semantic_loss: 0.3062, center_loss: 0.4773, dir_class_loss: 0.9190, dir_res_loss: 0.6241, size_class_loss: 0.3062, size_res_loss: 0.2665, loss: 6.3201, grad_norm: 7.8903
2026-05-18 14:04:14,587 - mmdet - INFO - Epoch [19][300/1652]	lr: 8.000e-03, eta: 2:41:18, time: 0.328, data_time: 0.025, memory: 9507, vote_loss: 3.2250, objectness_loss: 0.3253, semantic_loss: 0.3597, center_loss: 0.4729, dir_class_loss: 0.9954, dir_res_loss: 0.6224, size_class_loss: 0.3597, size_res_loss: 0.2629, loss: 6.6232, grad_norm: 9.5265
2026-05-18 14:04:30,930 - mmdet - INFO - Epoch [19][350/1652]	lr: 8.000e-03, eta: 2:41:02, time: 0.327, data_time: 0.025, memory: 9507, vote_loss: 3.3818, objectness_loss: 0.3344, semantic_loss: 0.3508, center_loss: 0.4762, dir_class_loss: 0.9756, dir_res_loss: 0.7380, size_class_loss: 0.3508, size_res_loss: 0.2626, loss: 6.8701, grad_norm: 9.0184
2026-05-18 14:04:47,494 - mmdet - INFO - Epoch [19][400/1652]	lr: 8.000e-03, eta: 2:40:45, time: 0.331, data_time: 0.028, memory: 9507, vote_loss: 3.1945, objectness_loss: 0.3169, semantic_loss: 0.3041, center_loss: 0.5172, dir_class_loss: 0.9263, dir_res_loss: 0.6090, size_class_loss: 0.3041, size_res_loss: 0.2723, loss: 6.4444, grad_norm: 8.5342
2026-05-18 14:05:03,840 - mmdet - INFO - Epoch [19][450/1652]	lr: 8.000e-03, eta: 2:40:29, time: 0.327, data_time: 0.024, memory: 9507, vote_loss: 3.2953, objectness_loss: 0.3370, semantic_loss: 0.3157, center_loss: 0.4781, dir_class_loss: 0.9278, dir_res_loss: 0.6855, size_class_loss: 0.3157, size_res_loss: 0.2785, loss: 6.6336, grad_norm: 8.7155
2026-05-18 14:05:20,085 - mmdet - INFO - Epoch [19][500/1652]	lr: 8.000e-03, eta: 2:40:12, time: 0.325, data_time: 0.023, memory: 9507, vote_loss: 3.3726, objectness_loss: 0.3281, semantic_loss: 0.3183, center_loss: 0.4818, dir_class_loss: 1.0108, dir_res_loss: 0.6605, size_class_loss: 0.3183, size_res_loss: 0.2661, loss: 6.7565, grad_norm: 8.8290
2026-05-18 14:05:36,560 - mmdet - INFO - Epoch [19][550/1652]	lr: 8.000e-03, eta: 2:39:56, time: 0.329, data_time: 0.025, memory: 9507, vote_loss: 3.4021, objectness_loss: 0.3380, semantic_loss: 0.3508, center_loss: 0.4617, dir_class_loss: 0.8831, dir_res_loss: 0.6628, size_class_loss: 0.3508, size_res_loss: 0.2756, loss: 6.7250, grad_norm: 8.0045
2026-05-18 14:05:52,893 - mmdet - INFO - Epoch [19][600/1652]	lr: 8.000e-03, eta: 2:39:39, time: 0.327, data_time: 0.024, memory: 9507, vote_loss: 3.1438, objectness_loss: 0.3349, semantic_loss: 0.3273, center_loss: 0.4725, dir_class_loss: 0.8440, dir_res_loss: 0.6611, size_class_loss: 0.3273, size_res_loss: 0.2866, loss: 6.3975, grad_norm: 8.7173
2026-05-18 14:06:09,244 - mmdet - INFO - Epoch [19][650/1652]	lr: 8.000e-03, eta: 2:39:23, time: 0.327, data_time: 0.025, memory: 9507, vote_loss: 3.4329, objectness_loss: 0.3311, semantic_loss: 0.2741, center_loss: 0.4581, dir_class_loss: 0.9300, dir_res_loss: 0.7738, size_class_loss: 0.2741, size_res_loss: 0.2688, loss: 6.7430, grad_norm: 8.9865
2026-05-18 14:06:25,646 - mmdet - INFO - Epoch [19][700/1652]	lr: 8.000e-03, eta: 2:39:06, time: 0.328, data_time: 0.024, memory: 9507, vote_loss: 3.1936, objectness_loss: 0.3288, semantic_loss: 0.3306, center_loss: 0.4677, dir_class_loss: 0.9469, dir_res_loss: 0.7336, size_class_loss: 0.3306, size_res_loss: 0.2627, loss: 6.5945, grad_norm: 8.1911
2026-05-18 14:06:42,009 - mmdet - INFO - Epoch [19][750/1652]	lr: 8.000e-03, eta: 2:38:50, time: 0.327, data_time: 0.024, memory: 9507, vote_loss: 3.1981, objectness_loss: 0.3251, semantic_loss: 0.2906, center_loss: 0.4577, dir_class_loss: 0.9289, dir_res_loss: 0.6423, size_class_loss: 0.2906, size_res_loss: 0.2389, loss: 6.3723, grad_norm: 7.8730
2026-05-18 14:06:58,357 - mmdet - INFO - Epoch [19][800/1652]	lr: 8.000e-03, eta: 2:38:33, time: 0.327, data_time: 0.024, memory: 9507, vote_loss: 3.3862, objectness_loss: 0.3326, semantic_loss: 0.4112, center_loss: 0.4754, dir_class_loss: 0.9436, dir_res_loss: 0.7083, size_class_loss: 0.4112, size_res_loss: 0.2972, loss: 6.9656, grad_norm: 8.1628
2026-05-18 14:07:14,706 - mmdet - INFO - Epoch [19][850/1652]	lr: 8.000e-03, eta: 2:38:17, time: 0.327, data_time: 0.024, memory: 9507, vote_loss: 3.1744, objectness_loss: 0.3342, semantic_loss: 0.2924, center_loss: 0.4586, dir_class_loss: 0.9394, dir_res_loss: 0.7045, size_class_loss: 0.2924, size_res_loss: 0.2522, loss: 6.4481, grad_norm: 8.3338
2026-05-18 14:07:31,031 - mmdet - INFO - Epoch [19][900/1652]	lr: 8.000e-03, eta: 2:38:00, time: 0.327, data_time: 0.024, memory: 9507, vote_loss: 3.1066, objectness_loss: 0.3360, semantic_loss: 0.3388, center_loss: 0.4386, dir_class_loss: 0.8963, dir_res_loss: 0.6627, size_class_loss: 0.3388, size_res_loss: 0.2617, loss: 6.3795, grad_norm: 8.1608
2026-05-18 14:07:47,332 - mmdet - INFO - Epoch [19][950/1652]	lr: 8.000e-03, eta: 2:37:44, time: 0.326, data_time: 0.024, memory: 9507, vote_loss: 3.2705, objectness_loss: 0.2923, semantic_loss: 0.2702, center_loss: 0.4593, dir_class_loss: 0.8092, dir_res_loss: 0.6442, size_class_loss: 0.2702, size_res_loss: 0.2852, loss: 6.3012, grad_norm: 8.3739
2026-05-18 14:08:03,747 - mmdet - INFO - Epoch [19][1000/1652]	lr: 8.000e-03, eta: 2:37:27, time: 0.328, data_time: 0.025, memory: 9507, vote_loss: 3.1680, objectness_loss: 0.3173, semantic_loss: 0.3005, center_loss: 0.4806, dir_class_loss: 0.8698, dir_res_loss: 0.6701, size_class_loss: 0.3005, size_res_loss: 0.2755, loss: 6.3821, grad_norm: 8.9135
2026-05-18 14:08:20,121 - mmdet - INFO - Epoch [19][1050/1652]	lr: 8.000e-03, eta: 2:37:11, time: 0.327, data_time: 0.025, memory: 9507, vote_loss: 3.1714, objectness_loss: 0.3428, semantic_loss: 0.3042, center_loss: 0.4790, dir_class_loss: 0.9339, dir_res_loss: 0.6519, size_class_loss: 0.3042, size_res_loss: 0.2719, loss: 6.4592, grad_norm: 8.6432
2026-05-18 14:08:36,446 - mmdet - INFO - Epoch [19][1100/1652]	lr: 8.000e-03, eta: 2:36:54, time: 0.326, data_time: 0.024, memory: 9507, vote_loss: 3.2027, objectness_loss: 0.3330, semantic_loss: 0.3640, center_loss: 0.5489, dir_class_loss: 0.9693, dir_res_loss: 0.6615, size_class_loss: 0.3640, size_res_loss: 0.2952, loss: 6.7386, grad_norm: 8.6878
2026-05-18 14:08:52,762 - mmdet - INFO - Epoch [19][1150/1652]	lr: 8.000e-03, eta: 2:36:37, time: 0.326, data_time: 0.024, memory: 9507, vote_loss: 3.2750, objectness_loss: 0.3135, semantic_loss: 0.3342, center_loss: 0.5066, dir_class_loss: 0.9116, dir_res_loss: 0.6975, size_class_loss: 0.3342, size_res_loss: 0.2848, loss: 6.6573, grad_norm: 8.8034
2026-05-18 14:09:09,122 - mmdet - INFO - Epoch [19][1200/1652]	lr: 8.000e-03, eta: 2:36:21, time: 0.327, data_time: 0.025, memory: 9507, vote_loss: 3.2989, objectness_loss: 0.3321, semantic_loss: 0.3365, center_loss: 0.4992, dir_class_loss: 0.9556, dir_res_loss: 0.7593, size_class_loss: 0.3365, size_res_loss: 0.2616, loss: 6.7796, grad_norm: 9.1305
2026-05-18 14:09:25,537 - mmdet - INFO - Epoch [19][1250/1652]	lr: 8.000e-03, eta: 2:36:05, time: 0.328, data_time: 0.025, memory: 9507, vote_loss: 3.5507, objectness_loss: 0.3391, semantic_loss: 0.3509, center_loss: 0.5161, dir_class_loss: 0.8648, dir_res_loss: 0.6167, size_class_loss: 0.3509, size_res_loss: 0.3014, loss: 6.8906, grad_norm: 8.4568
2026-05-18 14:09:41,903 - mmdet - INFO - Epoch [19][1300/1652]	lr: 8.000e-03, eta: 2:35:48, time: 0.327, data_time: 0.025, memory: 9507, vote_loss: 3.1953, objectness_loss: 0.3330, semantic_loss: 0.3555, center_loss: 0.4680, dir_class_loss: 0.9169, dir_res_loss: 0.6948, size_class_loss: 0.3555, size_res_loss: 0.2573, loss: 6.5763, grad_norm: 8.4210
2026-05-18 14:09:58,279 - mmdet - INFO - Epoch [19][1350/1652]	lr: 8.000e-03, eta: 2:35:32, time: 0.328, data_time: 0.025, memory: 9507, vote_loss: 3.4446, objectness_loss: 0.3369, semantic_loss: 0.3678, center_loss: 0.4641, dir_class_loss: 0.9350, dir_res_loss: 0.7039, size_class_loss: 0.3678, size_res_loss: 0.2574, loss: 6.8774, grad_norm: 8.2726
2026-05-18 14:10:14,627 - mmdet - INFO - Epoch [19][1400/1652]	lr: 8.000e-03, eta: 2:35:15, time: 0.327, data_time: 0.024, memory: 9507, vote_loss: 3.1874, objectness_loss: 0.3109, semantic_loss: 0.3238, center_loss: 0.4574, dir_class_loss: 0.9157, dir_res_loss: 0.7710, size_class_loss: 0.3238, size_res_loss: 0.3058, loss: 6.5957, grad_norm: 8.6337
2026-05-18 14:10:30,990 - mmdet - INFO - Epoch [19][1450/1652]	lr: 8.000e-03, eta: 2:34:58, time: 0.327, data_time: 0.025, memory: 9507, vote_loss: 3.2344, objectness_loss: 0.3317, semantic_loss: 0.3182, center_loss: 0.4553, dir_class_loss: 0.8781, dir_res_loss: 0.6593, size_class_loss: 0.3182, size_res_loss: 0.2509, loss: 6.4461, grad_norm: 7.9569
2026-05-18 14:10:47,345 - mmdet - INFO - Epoch [19][1500/1652]	lr: 8.000e-03, eta: 2:34:42, time: 0.327, data_time: 0.025, memory: 9507, vote_loss: 3.1505, objectness_loss: 0.3756, semantic_loss: 0.3533, center_loss: 0.4690, dir_class_loss: 0.9505, dir_res_loss: 0.6949, size_class_loss: 0.3533, size_res_loss: 0.3044, loss: 6.6515, grad_norm: 7.7249
2026-05-18 14:11:03,635 - mmdet - INFO - Epoch [19][1550/1652]	lr: 8.000e-03, eta: 2:34:25, time: 0.326, data_time: 0.024, memory: 9507, vote_loss: 3.3345, objectness_loss: 0.3300, semantic_loss: 0.4173, center_loss: 0.4903, dir_class_loss: 0.9473, dir_res_loss: 0.6494, size_class_loss: 0.4173, size_res_loss: 0.2871, loss: 6.8731, grad_norm: 8.1447
2026-05-18 14:11:19,826 - mmdet - INFO - Epoch [19][1600/1652]	lr: 8.000e-03, eta: 2:34:09, time: 0.324, data_time: 0.023, memory: 9507, vote_loss: 3.3290, objectness_loss: 0.3471, semantic_loss: 0.3720, center_loss: 0.4879, dir_class_loss: 0.9321, dir_res_loss: 0.6385, size_class_loss: 0.3720, size_res_loss: 0.2992, loss: 6.7778, grad_norm: 8.4430
2026-05-18 14:11:36,182 - mmdet - INFO - Epoch [19][1650/1652]	lr: 8.000e-03, eta: 2:33:52, time: 0.327, data_time: 0.025, memory: 9507, vote_loss: 3.2131, objectness_loss: 0.3252, semantic_loss: 0.4040, center_loss: 0.4620, dir_class_loss: 0.9492, dir_res_loss: 0.6621, size_class_loss: 0.4040, size_res_loss: 0.2935, loss: 6.7130, grad_norm: 8.4549
2026-05-18 14:11:36,920 - mmdet - INFO - Saving checkpoint at 19 epochs
2026-05-18 14:11:56,156 - mmdet - INFO - Epoch [20][50/1652]	lr: 8.000e-03, eta: 2:33:37, time: 0.379, data_time: 0.076, memory: 9507, vote_loss: 3.2713, objectness_loss: 0.3099, semantic_loss: 0.3383, center_loss: 0.4699, dir_class_loss: 0.9045, dir_res_loss: 0.6791, size_class_loss: 0.3383, size_res_loss: 0.2821, loss: 6.5935, grad_norm: 8.2619
2026-05-18 14:12:12,559 - mmdet - INFO - Epoch [20][100/1652]	lr: 8.000e-03, eta: 2:33:20, time: 0.328, data_time: 0.025, memory: 9507, vote_loss: 3.2473, objectness_loss: 0.3243, semantic_loss: 0.3170, center_loss: 0.4531, dir_class_loss: 0.9158, dir_res_loss: 0.5886, size_class_loss: 0.3170, size_res_loss: 0.2763, loss: 6.4392, grad_norm: 8.4042
2026-05-18 14:12:29,022 - mmdet - INFO - Epoch [20][150/1652]	lr: 8.000e-03, eta: 2:33:04, time: 0.329, data_time: 0.025, memory: 9507, vote_loss: 3.2671, objectness_loss: 0.3325, semantic_loss: 0.3174, center_loss: 0.4390, dir_class_loss: 0.9210, dir_res_loss: 0.6781, size_class_loss: 0.3174, size_res_loss: 0.2748, loss: 6.5474, grad_norm: 8.6887
2026-05-18 14:12:45,382 - mmdet - INFO - Epoch [20][200/1652]	lr: 8.000e-03, eta: 2:32:47, time: 0.327, data_time: 0.024, memory: 9507, vote_loss: 3.2783, objectness_loss: 0.3089, semantic_loss: 0.3585, center_loss: 0.4795, dir_class_loss: 0.9600, dir_res_loss: 0.7236, size_class_loss: 0.3585, size_res_loss: 0.2905, loss: 6.7579, grad_norm: 8.0179
2026-05-18 14:13:01,736 - mmdet - INFO - Epoch [20][250/1652]	lr: 8.000e-03, eta: 2:32:31, time: 0.327, data_time: 0.024, memory: 9507, vote_loss: 3.2586, objectness_loss: 0.3571, semantic_loss: 0.2969, center_loss: 0.4831, dir_class_loss: 0.9237, dir_res_loss: 0.7011, size_class_loss: 0.2969, size_res_loss: 0.2548, loss: 6.5721, grad_norm: 8.6060
2026-05-18 14:13:18,132 - mmdet - INFO - Epoch [20][300/1652]	lr: 8.000e-03, eta: 2:32:14, time: 0.328, data_time: 0.024, memory: 9507, vote_loss: 3.2977, objectness_loss: 0.3167, semantic_loss: 0.3345, center_loss: 0.4633, dir_class_loss: 0.8353, dir_res_loss: 0.6494, size_class_loss: 0.3345, size_res_loss: 0.2622, loss: 6.4937, grad_norm: 7.9601
2026-05-18 14:13:34,574 - mmdet - INFO - Epoch [20][350/1652]	lr: 8.000e-03, eta: 2:31:58, time: 0.329, data_time: 0.025, memory: 9507, vote_loss: 3.2138, objectness_loss: 0.3464, semantic_loss: 0.3196, center_loss: 0.4689, dir_class_loss: 0.9795, dir_res_loss: 0.7139, size_class_loss: 0.3196, size_res_loss: 0.2410, loss: 6.6028, grad_norm: 8.5368
2026-05-18 14:13:50,957 - mmdet - INFO - Epoch [20][400/1652]	lr: 8.000e-03, eta: 2:31:41, time: 0.328, data_time: 0.025, memory: 9507, vote_loss: 3.1472, objectness_loss: 0.3660, semantic_loss: 0.3701, center_loss: 0.4572, dir_class_loss: 0.9468, dir_res_loss: 0.6944, size_class_loss: 0.3701, size_res_loss: 0.2534, loss: 6.6053, grad_norm: 8.1546
2026-05-18 14:14:07,287 - mmdet - INFO - Epoch [20][450/1652]	lr: 8.000e-03, eta: 2:31:25, time: 0.327, data_time: 0.024, memory: 9507, vote_loss: 3.0837, objectness_loss: 0.3553, semantic_loss: 0.3063, center_loss: 0.4408, dir_class_loss: 0.9626, dir_res_loss: 0.7432, size_class_loss: 0.3063, size_res_loss: 0.2430, loss: 6.4412, grad_norm: 8.2097
2026-05-18 14:14:23,826 - mmdet - INFO - Epoch [20][500/1652]	lr: 8.000e-03, eta: 2:31:09, time: 0.331, data_time: 0.028, memory: 9507, vote_loss: 3.1674, objectness_loss: 0.3262, semantic_loss: 0.3076, center_loss: 0.4803, dir_class_loss: 0.9030, dir_res_loss: 0.6940, size_class_loss: 0.3076, size_res_loss: 0.2579, loss: 6.4440, grad_norm: 8.2252
2026-05-18 14:14:40,235 - mmdet - INFO - Epoch [20][550/1652]	lr: 8.000e-03, eta: 2:30:52, time: 0.328, data_time: 0.025, memory: 9507, vote_loss: 3.2286, objectness_loss: 0.3361, semantic_loss: 0.3397, center_loss: 0.5182, dir_class_loss: 0.9517, dir_res_loss: 0.6817, size_class_loss: 0.3397, size_res_loss: 0.2954, loss: 6.6912, grad_norm: 8.6750
2026-05-18 14:14:56,628 - mmdet - INFO - Epoch [20][600/1652]	lr: 8.000e-03, eta: 2:30:36, time: 0.328, data_time: 0.025, memory: 9507, vote_loss: 3.2492, objectness_loss: 0.3233, semantic_loss: 0.3194, center_loss: 0.4692, dir_class_loss: 0.9317, dir_res_loss: 0.6825, size_class_loss: 0.3194, size_res_loss: 0.2438, loss: 6.5385, grad_norm: 7.7846
2026-05-18 14:15:12,970 - mmdet - INFO - Epoch [20][650/1652]	lr: 8.000e-03, eta: 2:30:19, time: 0.327, data_time: 0.025, memory: 9507, vote_loss: 3.1751, objectness_loss: 0.3150, semantic_loss: 0.3225, center_loss: 0.4751, dir_class_loss: 0.8850, dir_res_loss: 0.6649, size_class_loss: 0.3225, size_res_loss: 0.2665, loss: 6.4266, grad_norm: 8.5498
2026-05-18 14:15:29,350 - mmdet - INFO - Epoch [20][700/1652]	lr: 8.000e-03, eta: 2:30:03, time: 0.328, data_time: 0.025, memory: 9507, vote_loss: 3.2433, objectness_loss: 0.3489, semantic_loss: 0.3450, center_loss: 0.4637, dir_class_loss: 0.9204, dir_res_loss: 0.5919, size_class_loss: 0.3450, size_res_loss: 0.2597, loss: 6.5180, grad_norm: 8.5328
2026-05-18 14:15:45,716 - mmdet - INFO - Epoch [20][750/1652]	lr: 8.000e-03, eta: 2:29:46, time: 0.327, data_time: 0.025, memory: 9507, vote_loss: 3.3279, objectness_loss: 0.3408, semantic_loss: 0.3167, center_loss: 0.4648, dir_class_loss: 0.9785, dir_res_loss: 0.6275, size_class_loss: 0.3167, size_res_loss: 0.2716, loss: 6.6445, grad_norm: 8.9488
2026-05-18 14:16:02,055 - mmdet - INFO - Epoch [20][800/1652]	lr: 8.000e-03, eta: 2:29:30, time: 0.327, data_time: 0.024, memory: 9507, vote_loss: 3.1480, objectness_loss: 0.3518, semantic_loss: 0.3255, center_loss: 0.4412, dir_class_loss: 0.8733, dir_res_loss: 0.6575, size_class_loss: 0.3256, size_res_loss: 0.2853, loss: 6.4081, grad_norm: 8.4633
2026-05-18 14:16:18,296 - mmdet - INFO - Epoch [20][850/1652]	lr: 8.000e-03, eta: 2:29:13, time: 0.325, data_time: 0.024, memory: 9507, vote_loss: 3.3666, objectness_loss: 0.3811, semantic_loss: 0.3043, center_loss: 0.6038, dir_class_loss: 0.8692, dir_res_loss: 0.5398, size_class_loss: 0.3043, size_res_loss: 0.2575, loss: 6.6266, grad_norm: 8.9938
2026-05-18 14:16:34,603 - mmdet - INFO - Epoch [20][900/1652]	lr: 8.000e-03, eta: 2:28:56, time: 0.326, data_time: 0.024, memory: 9507, vote_loss: 3.3226, objectness_loss: 0.3191, semantic_loss: 0.3422, center_loss: 0.4582, dir_class_loss: 0.8341, dir_res_loss: 0.5849, size_class_loss: 0.3422, size_res_loss: 0.2677, loss: 6.4711, grad_norm: 8.1656
2026-05-18 14:16:51,059 - mmdet - INFO - Epoch [20][950/1652]	lr: 8.000e-03, eta: 2:28:40, time: 0.329, data_time: 0.025, memory: 9507, vote_loss: 3.2640, objectness_loss: 0.3412, semantic_loss: 0.3373, center_loss: 0.6346, dir_class_loss: 0.8897, dir_res_loss: 0.7130, size_class_loss: 0.3373, size_res_loss: 0.2763, loss: 6.7933, grad_norm: 8.8597
2026-05-18 14:17:07,365 - mmdet - INFO - Epoch [20][1000/1652]	lr: 8.000e-03, eta: 2:28:23, time: 0.326, data_time: 0.024, memory: 9507, vote_loss: 3.3179, objectness_loss: 0.3207, semantic_loss: 0.3614, center_loss: 0.4827, dir_class_loss: 0.8875, dir_res_loss: 0.6817, size_class_loss: 0.3614, size_res_loss: 0.2623, loss: 6.6757, grad_norm: 9.8929
2026-05-18 14:17:23,671 - mmdet - INFO - Epoch [20][1050/1652]	lr: 8.000e-03, eta: 2:28:07, time: 0.326, data_time: 0.024, memory: 9507, vote_loss: 3.3392, objectness_loss: 0.3072, semantic_loss: 0.3400, center_loss: 0.4755, dir_class_loss: 0.9203, dir_res_loss: 0.6337, size_class_loss: 0.3400, size_res_loss: 0.2767, loss: 6.6326, grad_norm: 8.5867
2026-05-18 14:17:39,958 - mmdet - INFO - Epoch [20][1100/1652]	lr: 8.000e-03, eta: 2:27:50, time: 0.326, data_time: 0.024, memory: 9507, vote_loss: 3.1722, objectness_loss: 0.3111, semantic_loss: 0.3299, center_loss: 0.4421, dir_class_loss: 0.9483, dir_res_loss: 0.6794, size_class_loss: 0.3299, size_res_loss: 0.3184, loss: 6.5313, grad_norm: 7.9566
2026-05-18 14:17:56,370 - mmdet - INFO - Epoch [20][1150/1652]	lr: 8.000e-03, eta: 2:27:34, time: 0.328, data_time: 0.024, memory: 9507, vote_loss: 3.3201, objectness_loss: 0.3168, semantic_loss: 0.3555, center_loss: 0.4671, dir_class_loss: 0.9786, dir_res_loss: 0.7167, size_class_loss: 0.3555, size_res_loss: 0.3095, loss: 6.8198, grad_norm: 7.9891
2026-05-18 14:18:12,708 - mmdet - INFO - Epoch [20][1200/1652]	lr: 8.000e-03, eta: 2:27:17, time: 0.327, data_time: 0.024, memory: 9507, vote_loss: 3.0930, objectness_loss: 0.3259, semantic_loss: 0.3100, center_loss: 0.4163, dir_class_loss: 0.8844, dir_res_loss: 0.6798, size_class_loss: 0.3100, size_res_loss: 0.2648, loss: 6.2841, grad_norm: 8.2298
2026-05-18 14:18:29,064 - mmdet - INFO - Epoch [20][1250/1652]	lr: 8.000e-03, eta: 2:27:01, time: 0.327, data_time: 0.024, memory: 9507, vote_loss: 3.1621, objectness_loss: 0.3470, semantic_loss: 0.3439, center_loss: 0.4400, dir_class_loss: 0.9600, dir_res_loss: 0.6958, size_class_loss: 0.3439, size_res_loss: 0.2705, loss: 6.5633, grad_norm: 8.3465
2026-05-18 14:18:45,408 - mmdet - INFO - Epoch [20][1300/1652]	lr: 8.000e-03, eta: 2:26:44, time: 0.327, data_time: 0.024, memory: 9507, vote_loss: 3.3364, objectness_loss: 0.3228, semantic_loss: 0.3022, center_loss: 0.4283, dir_class_loss: 0.8536, dir_res_loss: 0.7278, size_class_loss: 0.3022, size_res_loss: 0.2589, loss: 6.5321, grad_norm: 7.9947
2026-05-18 14:19:01,736 - mmdet - INFO - Epoch [20][1350/1652]	lr: 8.000e-03, eta: 2:26:28, time: 0.327, data_time: 0.024, memory: 9507, vote_loss: 3.3617, objectness_loss: 0.3279, semantic_loss: 0.3294, center_loss: 0.4831, dir_class_loss: 0.9268, dir_res_loss: 0.6166, size_class_loss: 0.3294, size_res_loss: 0.2849, loss: 6.6598, grad_norm: 8.8435
2026-05-18 14:19:18,136 - mmdet - INFO - Epoch [20][1400/1652]	lr: 8.000e-03, eta: 2:26:11, time: 0.328, data_time: 0.025, memory: 9507, vote_loss: 3.2575, objectness_loss: 0.3291, semantic_loss: 0.3113, center_loss: 0.4614, dir_class_loss: 0.9624, dir_res_loss: 0.6317, size_class_loss: 0.3113, size_res_loss: 0.2537, loss: 6.5185, grad_norm: 8.7407
2026-05-18 14:19:34,490 - mmdet - INFO - Epoch [20][1450/1652]	lr: 8.000e-03, eta: 2:25:55, time: 0.327, data_time: 0.024, memory: 9507, vote_loss: 3.2407, objectness_loss: 0.2998, semantic_loss: 0.3296, center_loss: 0.4557, dir_class_loss: 0.9639, dir_res_loss: 0.6628, size_class_loss: 0.3296, size_res_loss: 0.2924, loss: 6.5745, grad_norm: 8.7078
2026-05-18 14:19:50,817 - mmdet - INFO - Epoch [20][1500/1652]	lr: 8.000e-03, eta: 2:25:38, time: 0.327, data_time: 0.024, memory: 9507, vote_loss: 3.1852, objectness_loss: 0.3600, semantic_loss: 0.3690, center_loss: 0.4747, dir_class_loss: 0.9023, dir_res_loss: 0.6882, size_class_loss: 0.3690, size_res_loss: 0.2641, loss: 6.6126, grad_norm: 8.2862
2026-05-18 14:20:07,274 - mmdet - INFO - Epoch [20][1550/1652]	lr: 8.000e-03, eta: 2:25:22, time: 0.329, data_time: 0.025, memory: 9507, vote_loss: 3.0889, objectness_loss: 0.3135, semantic_loss: 0.3327, center_loss: 0.4584, dir_class_loss: 0.9538, dir_res_loss: 0.6535, size_class_loss: 0.3327, size_res_loss: 0.3216, loss: 6.4551, grad_norm: 8.5421
2026-05-18 14:20:23,643 - mmdet - INFO - Epoch [20][1600/1652]	lr: 8.000e-03, eta: 2:25:05, time: 0.327, data_time: 0.024, memory: 9507, vote_loss: 3.2317, objectness_loss: 0.3163, semantic_loss: 0.3083, center_loss: 0.4677, dir_class_loss: 0.8716, dir_res_loss: 0.7009, size_class_loss: 0.3083, size_res_loss: 0.2881, loss: 6.4930, grad_norm: 8.3027
2026-05-18 14:20:39,965 - mmdet - INFO - Epoch [20][1650/1652]	lr: 8.000e-03, eta: 2:24:49, time: 0.326, data_time: 0.024, memory: 9507, vote_loss: 3.2161, objectness_loss: 0.3041, semantic_loss: 0.3204, center_loss: 0.4229, dir_class_loss: 0.9644, dir_res_loss: 0.6137, size_class_loss: 0.3204, size_res_loss: 0.2672, loss: 6.4293, grad_norm: 8.1197
2026-05-18 14:20:40,698 - mmdet - INFO - Saving checkpoint at 20 epochs
2026-05-18 14:21:00,099 - mmdet - INFO - Epoch [21][50/1652]	lr: 8.000e-03, eta: 2:24:33, time: 0.382, data_time: 0.078, memory: 9507, vote_loss: 3.2686, objectness_loss: 0.3546, semantic_loss: 0.3472, center_loss: 0.4649, dir_class_loss: 0.9353, dir_res_loss: 0.6605, size_class_loss: 0.3472, size_res_loss: 0.2789, loss: 6.6572, grad_norm: 8.4076
2026-05-18 14:21:16,458 - mmdet - INFO - Epoch [21][100/1652]	lr: 8.000e-03, eta: 2:24:17, time: 0.327, data_time: 0.024, memory: 9507, vote_loss: 3.1701, objectness_loss: 0.3731, semantic_loss: 0.3293, center_loss: 0.4730, dir_class_loss: 0.9250, dir_res_loss: 0.6889, size_class_loss: 0.3293, size_res_loss: 0.2731, loss: 6.5617, grad_norm: 8.1748
2026-05-18 14:21:32,808 - mmdet - INFO - Epoch [21][150/1652]	lr: 8.000e-03, eta: 2:24:00, time: 0.327, data_time: 0.024, memory: 9507, vote_loss: 3.3309, objectness_loss: 0.3566, semantic_loss: 0.3049, center_loss: 0.4652, dir_class_loss: 0.9316, dir_res_loss: 0.6491, size_class_loss: 0.3049, size_res_loss: 0.2531, loss: 6.5962, grad_norm: 8.3968
2026-05-18 14:21:49,142 - mmdet - INFO - Epoch [21][200/1652]	lr: 8.000e-03, eta: 2:23:44, time: 0.327, data_time: 0.024, memory: 9507, vote_loss: 3.1954, objectness_loss: 0.3279, semantic_loss: 0.2887, center_loss: 0.4662, dir_class_loss: 0.8920, dir_res_loss: 0.7269, size_class_loss: 0.2887, size_res_loss: 0.2736, loss: 6.4594, grad_norm: 8.0745
2026-05-18 14:22:05,465 - mmdet - INFO - Epoch [21][250/1652]	lr: 8.000e-03, eta: 2:23:27, time: 0.326, data_time: 0.024, memory: 9507, vote_loss: 3.2721, objectness_loss: 0.3324, semantic_loss: 0.3081, center_loss: 0.5277, dir_class_loss: 0.8676, dir_res_loss: 0.6865, size_class_loss: 0.3081, size_res_loss: 0.2676, loss: 6.5700, grad_norm: 8.9700
2026-05-18 14:22:21,729 - mmdet - INFO - Epoch [21][300/1652]	lr: 8.000e-03, eta: 2:23:11, time: 0.325, data_time: 0.024, memory: 9507, vote_loss: 3.0486, objectness_loss: 0.3543, semantic_loss: 0.3200, center_loss: 0.4584, dir_class_loss: 0.9109, dir_res_loss: 0.7458, size_class_loss: 0.3200, size_res_loss: 0.2365, loss: 6.3944, grad_norm: 8.9591
2026-05-18 14:22:38,158 - mmdet - INFO - Epoch [21][350/1652]	lr: 8.000e-03, eta: 2:22:54, time: 0.329, data_time: 0.024, memory: 9507, vote_loss: 3.2339, objectness_loss: 0.3207, semantic_loss: 0.3217, center_loss: 0.4518, dir_class_loss: 0.8368, dir_res_loss: 0.6636, size_class_loss: 0.3217, size_res_loss: 0.2534, loss: 6.4035, grad_norm: 8.4737
2026-05-18 14:22:54,480 - mmdet - INFO - Epoch [21][400/1652]	lr: 8.000e-03, eta: 2:22:38, time: 0.326, data_time: 0.025, memory: 9507, vote_loss: 3.2477, objectness_loss: 0.3100, semantic_loss: 0.3290, center_loss: 0.4906, dir_class_loss: 0.9719, dir_res_loss: 0.6768, size_class_loss: 0.3290, size_res_loss: 0.3028, loss: 6.6577, grad_norm: 8.7781
2026-05-18 14:23:10,827 - mmdet - INFO - Epoch [21][450/1652]	lr: 8.000e-03, eta: 2:22:21, time: 0.327, data_time: 0.024, memory: 9507, vote_loss: 3.1817, objectness_loss: 0.3453, semantic_loss: 0.2842, center_loss: 0.4467, dir_class_loss: 0.9103, dir_res_loss: 0.6936, size_class_loss: 0.2842, size_res_loss: 0.2628, loss: 6.4086, grad_norm: 8.4809
2026-05-18 14:23:27,143 - mmdet - INFO - Epoch [21][500/1652]	lr: 8.000e-03, eta: 2:22:05, time: 0.326, data_time: 0.025, memory: 9507, vote_loss: 3.2111, objectness_loss: 0.3358, semantic_loss: 0.3368, center_loss: 0.4702, dir_class_loss: 0.8905, dir_res_loss: 0.7068, size_class_loss: 0.3368, size_res_loss: 0.2975, loss: 6.5855, grad_norm: 8.7225
2026-05-18 14:23:43,500 - mmdet - INFO - Epoch [21][550/1652]	lr: 8.000e-03, eta: 2:21:48, time: 0.327, data_time: 0.024, memory: 9507, vote_loss: 3.1788, objectness_loss: 0.3367, semantic_loss: 0.3616, center_loss: 0.4892, dir_class_loss: 0.9311, dir_res_loss: 0.7017, size_class_loss: 0.3616, size_res_loss: 0.2837, loss: 6.6444, grad_norm: 8.2098
2026-05-18 14:24:00,010 - mmdet - INFO - Epoch [21][600/1652]	lr: 8.000e-03, eta: 2:21:32, time: 0.330, data_time: 0.028, memory: 9507, vote_loss: 3.1631, objectness_loss: 0.3342, semantic_loss: 0.2864, center_loss: 0.4421, dir_class_loss: 0.8853, dir_res_loss: 0.6515, size_class_loss: 0.2864, size_res_loss: 0.2968, loss: 6.3459, grad_norm: 7.9817
2026-05-18 14:24:16,369 - mmdet - INFO - Epoch [21][650/1652]	lr: 8.000e-03, eta: 2:21:15, time: 0.327, data_time: 0.024, memory: 9507, vote_loss: 3.1923, objectness_loss: 0.3413, semantic_loss: 0.3322, center_loss: 0.4298, dir_class_loss: 0.9041, dir_res_loss: 0.7392, size_class_loss: 0.3322, size_res_loss: 0.2748, loss: 6.5459, grad_norm: 8.0082
2026-05-18 14:24:32,670 - mmdet - INFO - Epoch [21][700/1652]	lr: 8.000e-03, eta: 2:20:59, time: 0.326, data_time: 0.024, memory: 9507, vote_loss: 3.3562, objectness_loss: 0.3712, semantic_loss: 0.3616, center_loss: 0.4955, dir_class_loss: 0.9356, dir_res_loss: 0.6457, size_class_loss: 0.3615, size_res_loss: 0.2764, loss: 6.8037, grad_norm: 8.5515
2026-05-18 14:24:48,949 - mmdet - INFO - Epoch [21][750/1652]	lr: 8.000e-03, eta: 2:20:42, time: 0.326, data_time: 0.024, memory: 9507, vote_loss: 3.1233, objectness_loss: 0.3105, semantic_loss: 0.2922, center_loss: 0.4372, dir_class_loss: 0.9118, dir_res_loss: 0.6702, size_class_loss: 0.2922, size_res_loss: 0.2658, loss: 6.3032, grad_norm: 8.5228
2026-05-18 14:25:05,279 - mmdet - INFO - Epoch [21][800/1652]	lr: 8.000e-03, eta: 2:20:26, time: 0.327, data_time: 0.024, memory: 9507, vote_loss: 3.1812, objectness_loss: 0.3519, semantic_loss: 0.3414, center_loss: 0.4789, dir_class_loss: 0.8624, dir_res_loss: 0.6335, size_class_loss: 0.3414, size_res_loss: 0.2608, loss: 6.4514, grad_norm: 8.4264
2026-05-18 14:25:21,585 - mmdet - INFO - Epoch [21][850/1652]	lr: 8.000e-03, eta: 2:20:09, time: 0.326, data_time: 0.025, memory: 9507, vote_loss: 3.2652, objectness_loss: 0.3192, semantic_loss: 0.3273, center_loss: 0.4483, dir_class_loss: 0.9403, dir_res_loss: 0.6659, size_class_loss: 0.3273, size_res_loss: 0.2548, loss: 6.5483, grad_norm: 7.9126
2026-05-18 14:25:37,925 - mmdet - INFO - Epoch [21][900/1652]	lr: 8.000e-03, eta: 2:19:53, time: 0.327, data_time: 0.025, memory: 9507, vote_loss: 3.1933, objectness_loss: 0.3031, semantic_loss: 0.3160, center_loss: 0.4689, dir_class_loss: 0.9050, dir_res_loss: 0.7016, size_class_loss: 0.3160, size_res_loss: 0.2695, loss: 6.4733, grad_norm: 9.0357
2026-05-18 14:25:54,288 - mmdet - INFO - Epoch [21][950/1652]	lr: 8.000e-03, eta: 2:19:36, time: 0.327, data_time: 0.024, memory: 9507, vote_loss: 3.2350, objectness_loss: 0.3312, semantic_loss: 0.3291, center_loss: 0.4809, dir_class_loss: 0.9982, dir_res_loss: 0.6422, size_class_loss: 0.3291, size_res_loss: 0.2941, loss: 6.6398, grad_norm: 8.4379
2026-05-18 14:26:10,676 - mmdet - INFO - Epoch [21][1000/1652]	lr: 8.000e-03, eta: 2:19:20, time: 0.328, data_time: 0.024, memory: 9507, vote_loss: 3.2241, objectness_loss: 0.3256, semantic_loss: 0.3589, center_loss: 0.4745, dir_class_loss: 0.9063, dir_res_loss: 0.6738, size_class_loss: 0.3589, size_res_loss: 0.3038, loss: 6.6259, grad_norm: 8.3037
2026-05-18 14:26:27,045 - mmdet - INFO - Epoch [21][1050/1652]	lr: 8.000e-03, eta: 2:19:03, time: 0.327, data_time: 0.024, memory: 9507, vote_loss: 3.2248, objectness_loss: 0.3220, semantic_loss: 0.3528, center_loss: 0.4702, dir_class_loss: 0.9096, dir_res_loss: 0.6665, size_class_loss: 0.3528, size_res_loss: 0.2609, loss: 6.5597, grad_norm: 8.7931
2026-05-18 14:26:43,443 - mmdet - INFO - Epoch [21][1100/1652]	lr: 8.000e-03, eta: 2:18:47, time: 0.328, data_time: 0.025, memory: 9507, vote_loss: 3.3645, objectness_loss: 0.3264, semantic_loss: 0.3185, center_loss: 0.5207, dir_class_loss: 0.8654, dir_res_loss: 0.6090, size_class_loss: 0.3185, size_res_loss: 0.2701, loss: 6.5931, grad_norm: 8.7837
2026-05-18 14:26:59,873 - mmdet - INFO - Epoch [21][1150/1652]	lr: 8.000e-03, eta: 2:18:30, time: 0.329, data_time: 0.025, memory: 9507, vote_loss: 3.1204, objectness_loss: 0.3300, semantic_loss: 0.2739, center_loss: 0.4316, dir_class_loss: 0.8647, dir_res_loss: 0.5939, size_class_loss: 0.2739, size_res_loss: 0.2533, loss: 6.1417, grad_norm: 7.7930
2026-05-18 14:27:16,219 - mmdet - INFO - Epoch [21][1200/1652]	lr: 8.000e-03, eta: 2:18:14, time: 0.327, data_time: 0.024, memory: 9507, vote_loss: 3.1649, objectness_loss: 0.3336, semantic_loss: 0.3080, center_loss: 0.5131, dir_class_loss: 0.8809, dir_res_loss: 0.6327, size_class_loss: 0.3080, size_res_loss: 0.2783, loss: 6.4196, grad_norm: 8.1776
2026-05-18 14:27:32,573 - mmdet - INFO - Epoch [21][1250/1652]	lr: 8.000e-03, eta: 2:17:57, time: 0.327, data_time: 0.025, memory: 9507, vote_loss: 3.3353, objectness_loss: 0.3524, semantic_loss: 0.3385, center_loss: 0.4759, dir_class_loss: 0.9064, dir_res_loss: 0.6309, size_class_loss: 0.3385, size_res_loss: 0.2665, loss: 6.6444, grad_norm: 7.9905
2026-05-18 14:27:49,017 - mmdet - INFO - Epoch [21][1300/1652]	lr: 8.000e-03, eta: 2:17:41, time: 0.329, data_time: 0.025, memory: 9507, vote_loss: 3.3412, objectness_loss: 0.3412, semantic_loss: 0.3209, center_loss: 0.4693, dir_class_loss: 0.8959, dir_res_loss: 0.6448, size_class_loss: 0.3209, size_res_loss: 0.2762, loss: 6.6104, grad_norm: 8.0576
2026-05-18 14:28:05,386 - mmdet - INFO - Epoch [21][1350/1652]	lr: 8.000e-03, eta: 2:17:24, time: 0.327, data_time: 0.025, memory: 9507, vote_loss: 3.3203, objectness_loss: 0.3211, semantic_loss: 0.3124, center_loss: 0.5163, dir_class_loss: 0.9267, dir_res_loss: 0.5808, size_class_loss: 0.3124, size_res_loss: 0.2728, loss: 6.5628, grad_norm: 8.9312
2026-05-18 14:28:21,758 - mmdet - INFO - Epoch [21][1400/1652]	lr: 8.000e-03, eta: 2:17:08, time: 0.327, data_time: 0.025, memory: 9507, vote_loss: 3.2318, objectness_loss: 0.3289, semantic_loss: 0.3260, center_loss: 0.4583, dir_class_loss: 0.9557, dir_res_loss: 0.6280, size_class_loss: 0.3260, size_res_loss: 0.2698, loss: 6.5246, grad_norm: 8.7430
2026-05-18 14:28:38,123 - mmdet - INFO - Epoch [21][1450/1652]	lr: 8.000e-03, eta: 2:16:51, time: 0.327, data_time: 0.025, memory: 9507, vote_loss: 3.2655, objectness_loss: 0.3303, semantic_loss: 0.3695, center_loss: 0.4956, dir_class_loss: 0.9117, dir_res_loss: 0.6883, size_class_loss: 0.3695, size_res_loss: 0.2543, loss: 6.6847, grad_norm: 8.8606
2026-05-18 14:28:54,439 - mmdet - INFO - Epoch [21][1500/1652]	lr: 8.000e-03, eta: 2:16:35, time: 0.326, data_time: 0.024, memory: 9507, vote_loss: 3.4202, objectness_loss: 0.3581, semantic_loss: 0.3383, center_loss: 0.4991, dir_class_loss: 0.9825, dir_res_loss: 0.6610, size_class_loss: 0.3383, size_res_loss: 0.2728, loss: 6.8703, grad_norm: 8.5361
2026-05-18 14:29:10,817 - mmdet - INFO - Epoch [21][1550/1652]	lr: 8.000e-03, eta: 2:16:18, time: 0.328, data_time: 0.024, memory: 9507, vote_loss: 3.0956, objectness_loss: 0.3315, semantic_loss: 0.2985, center_loss: 0.4311, dir_class_loss: 0.8679, dir_res_loss: 0.6989, size_class_loss: 0.2985, size_res_loss: 0.2800, loss: 6.3020, grad_norm: 7.5059
2026-05-18 14:29:27,169 - mmdet - INFO - Epoch [21][1600/1652]	lr: 8.000e-03, eta: 2:16:02, time: 0.327, data_time: 0.024, memory: 9507, vote_loss: 3.2445, objectness_loss: 0.3544, semantic_loss: 0.3478, center_loss: 0.5388, dir_class_loss: 0.8830, dir_res_loss: 0.6105, size_class_loss: 0.3478, size_res_loss: 0.2769, loss: 6.6038, grad_norm: 8.3558
2026-05-18 14:29:43,489 - mmdet - INFO - Epoch [21][1650/1652]	lr: 8.000e-03, eta: 2:15:45, time: 0.326, data_time: 0.025, memory: 9507, vote_loss: 3.2230, objectness_loss: 0.3308, semantic_loss: 0.3343, center_loss: 0.4617, dir_class_loss: 0.8372, dir_res_loss: 0.6299, size_class_loss: 0.3343, size_res_loss: 0.2781, loss: 6.4293, grad_norm: 8.6313
2026-05-18 14:29:44,220 - mmdet - INFO - Saving checkpoint at 21 epochs
2026-05-18 14:30:03,558 - mmdet - INFO - Epoch [22][50/1652]	lr: 8.000e-03, eta: 2:15:30, time: 0.381, data_time: 0.078, memory: 9507, vote_loss: 2.9821, objectness_loss: 0.3422, semantic_loss: 0.3062, center_loss: 0.4378, dir_class_loss: 0.8484, dir_res_loss: 0.5714, size_class_loss: 0.3062, size_res_loss: 0.2404, loss: 6.0347, grad_norm: 8.4641
2026-05-18 14:30:19,932 - mmdet - INFO - Epoch [22][100/1652]	lr: 8.000e-03, eta: 2:15:13, time: 0.327, data_time: 0.025, memory: 9507, vote_loss: 3.2261, objectness_loss: 0.3433, semantic_loss: 0.3538, center_loss: 0.4673, dir_class_loss: 0.8857, dir_res_loss: 0.6737, size_class_loss: 0.3538, size_res_loss: 0.2984, loss: 6.6022, grad_norm: 7.9937
2026-05-18 14:30:36,281 - mmdet - INFO - Epoch [22][150/1652]	lr: 8.000e-03, eta: 2:14:57, time: 0.327, data_time: 0.024, memory: 9507, vote_loss: 3.1727, objectness_loss: 0.3339, semantic_loss: 0.3167, center_loss: 0.4713, dir_class_loss: 0.9897, dir_res_loss: 0.6575, size_class_loss: 0.3167, size_res_loss: 0.2626, loss: 6.5210, grad_norm: 8.8477
2026-05-18 14:30:52,647 - mmdet - INFO - Epoch [22][200/1652]	lr: 8.000e-03, eta: 2:14:40, time: 0.327, data_time: 0.024, memory: 9507, vote_loss: 3.3332, objectness_loss: 0.3417, semantic_loss: 0.3187, center_loss: 0.4842, dir_class_loss: 0.9382, dir_res_loss: 0.6652, size_class_loss: 0.3187, size_res_loss: 0.2656, loss: 6.6655, grad_norm: 7.9903
2026-05-18 14:31:09,022 - mmdet - INFO - Epoch [22][250/1652]	lr: 8.000e-03, eta: 2:14:24, time: 0.328, data_time: 0.024, memory: 9507, vote_loss: 3.3114, objectness_loss: 0.3407, semantic_loss: 0.3286, center_loss: 0.4854, dir_class_loss: 0.9079, dir_res_loss: 0.6762, size_class_loss: 0.3286, size_res_loss: 0.3098, loss: 6.6887, grad_norm: 8.7405
2026-05-18 14:31:25,420 - mmdet - INFO - Epoch [22][300/1652]	lr: 8.000e-03, eta: 2:14:07, time: 0.328, data_time: 0.025, memory: 9507, vote_loss: 3.3459, objectness_loss: 0.3604, semantic_loss: 0.3421, center_loss: 0.4800, dir_class_loss: 0.9220, dir_res_loss: 0.6344, size_class_loss: 0.3421, size_res_loss: 0.2560, loss: 6.6829, grad_norm: 8.5903
2026-05-18 14:31:41,789 - mmdet - INFO - Epoch [22][350/1652]	lr: 8.000e-03, eta: 2:13:51, time: 0.327, data_time: 0.024, memory: 9507, vote_loss: 3.2574, objectness_loss: 0.3535, semantic_loss: 0.3437, center_loss: 0.5147, dir_class_loss: 0.9062, dir_res_loss: 0.6721, size_class_loss: 0.3437, size_res_loss: 0.2706, loss: 6.6618, grad_norm: 9.3612
2026-05-18 14:31:58,101 - mmdet - INFO - Epoch [22][400/1652]	lr: 8.000e-03, eta: 2:13:34, time: 0.326, data_time: 0.024, memory: 9507, vote_loss: 3.1748, objectness_loss: 0.3376, semantic_loss: 0.3157, center_loss: 0.4628, dir_class_loss: 0.8421, dir_res_loss: 0.6252, size_class_loss: 0.3157, size_res_loss: 0.2628, loss: 6.3367, grad_norm: 8.0084
2026-05-18 14:32:14,466 - mmdet - INFO - Epoch [22][450/1652]	lr: 8.000e-03, eta: 2:13:18, time: 0.327, data_time: 0.025, memory: 9507, vote_loss: 3.1475, objectness_loss: 0.2894, semantic_loss: 0.3010, center_loss: 0.4377, dir_class_loss: 0.8332, dir_res_loss: 0.6774, size_class_loss: 0.3010, size_res_loss: 0.2539, loss: 6.2412, grad_norm: 8.1523
2026-05-18 14:32:30,802 - mmdet - INFO - Epoch [22][500/1652]	lr: 8.000e-03, eta: 2:13:01, time: 0.327, data_time: 0.025, memory: 9507, vote_loss: 3.3098, objectness_loss: 0.3676, semantic_loss: 0.3472, center_loss: 0.4728, dir_class_loss: 0.9224, dir_res_loss: 0.6230, size_class_loss: 0.3472, size_res_loss: 0.2550, loss: 6.6449, grad_norm: 8.6133
2026-05-18 14:32:47,107 - mmdet - INFO - Epoch [22][550/1652]	lr: 8.000e-03, eta: 2:12:45, time: 0.326, data_time: 0.024, memory: 9507, vote_loss: 3.3794, objectness_loss: 0.3159, semantic_loss: 0.2947, center_loss: 0.4805, dir_class_loss: 0.9263, dir_res_loss: 0.7258, size_class_loss: 0.2947, size_res_loss: 0.2588, loss: 6.6764, grad_norm: 8.6976
2026-05-18 14:33:03,479 - mmdet - INFO - Epoch [22][600/1652]	lr: 8.000e-03, eta: 2:12:28, time: 0.327, data_time: 0.024, memory: 9507, vote_loss: 3.1947, objectness_loss: 0.3128, semantic_loss: 0.2705, center_loss: 0.4990, dir_class_loss: 0.9354, dir_res_loss: 0.7225, size_class_loss: 0.2705, size_res_loss: 0.2573, loss: 6.4627, grad_norm: 8.8513
2026-05-18 14:33:20,035 - mmdet - INFO - Epoch [22][650/1652]	lr: 8.000e-03, eta: 2:12:12, time: 0.331, data_time: 0.028, memory: 9507, vote_loss: 3.1090, objectness_loss: 0.3340, semantic_loss: 0.3043, center_loss: 0.4155, dir_class_loss: 0.8647, dir_res_loss: 0.6501, size_class_loss: 0.3043, size_res_loss: 0.2703, loss: 6.2523, grad_norm: 7.6411
2026-05-18 14:33:36,427 - mmdet - INFO - Epoch [22][700/1652]	lr: 8.000e-03, eta: 2:11:56, time: 0.328, data_time: 0.024, memory: 9507, vote_loss: 3.1728, objectness_loss: 0.3292, semantic_loss: 0.3188, center_loss: 0.4317, dir_class_loss: 0.9271, dir_res_loss: 0.6594, size_class_loss: 0.3188, size_res_loss: 0.2443, loss: 6.4022, grad_norm: 7.6522
2026-05-18 14:33:52,811 - mmdet - INFO - Epoch [22][750/1652]	lr: 8.000e-03, eta: 2:11:39, time: 0.328, data_time: 0.025, memory: 9507, vote_loss: 3.2301, objectness_loss: 0.3359, semantic_loss: 0.3197, center_loss: 0.4818, dir_class_loss: 0.8348, dir_res_loss: 0.6268, size_class_loss: 0.3197, size_res_loss: 0.2592, loss: 6.4078, grad_norm: 8.2764
2026-05-18 14:34:09,211 - mmdet - INFO - Epoch [22][800/1652]	lr: 8.000e-03, eta: 2:11:23, time: 0.328, data_time: 0.025, memory: 9507, vote_loss: 3.3161, objectness_loss: 0.3320, semantic_loss: 0.3286, center_loss: 0.4632, dir_class_loss: 0.8842, dir_res_loss: 0.6531, size_class_loss: 0.3286, size_res_loss: 0.2864, loss: 6.5921, grad_norm: 8.1807
2026-05-18 14:34:25,532 - mmdet - INFO - Epoch [22][850/1652]	lr: 8.000e-03, eta: 2:11:06, time: 0.326, data_time: 0.024, memory: 9507, vote_loss: 3.1810, objectness_loss: 0.3369, semantic_loss: 0.3704, center_loss: 0.4417, dir_class_loss: 0.8572, dir_res_loss: 0.6183, size_class_loss: 0.3704, size_res_loss: 0.2538, loss: 6.4299, grad_norm: 8.0177
2026-05-18 14:34:41,872 - mmdet - INFO - Epoch [22][900/1652]	lr: 8.000e-03, eta: 2:10:50, time: 0.327, data_time: 0.024, memory: 9507, vote_loss: 3.2386, objectness_loss: 0.3445, semantic_loss: 0.4211, center_loss: 0.4994, dir_class_loss: 0.9064, dir_res_loss: 0.5968, size_class_loss: 0.4211, size_res_loss: 0.2890, loss: 6.7169, grad_norm: 9.0356
2026-05-18 14:34:58,214 - mmdet - INFO - Epoch [22][950/1652]	lr: 8.000e-03, eta: 2:10:33, time: 0.327, data_time: 0.025, memory: 9507, vote_loss: 3.1820, objectness_loss: 0.3479, semantic_loss: 0.3345, center_loss: 0.4784, dir_class_loss: 0.9053, dir_res_loss: 0.6351, size_class_loss: 0.3345, size_res_loss: 0.2420, loss: 6.4597, grad_norm: 8.6223
2026-05-18 14:35:14,570 - mmdet - INFO - Epoch [22][1000/1652]	lr: 8.000e-03, eta: 2:10:17, time: 0.327, data_time: 0.025, memory: 9507, vote_loss: 3.0991, objectness_loss: 0.3252, semantic_loss: 0.3216, center_loss: 0.4171, dir_class_loss: 0.8724, dir_res_loss: 0.6100, size_class_loss: 0.3216, size_res_loss: 0.2697, loss: 6.2366, grad_norm: 8.3883
2026-05-18 14:35:30,855 - mmdet - INFO - Epoch [22][1050/1652]	lr: 8.000e-03, eta: 2:10:00, time: 0.326, data_time: 0.024, memory: 9507, vote_loss: 3.1320, objectness_loss: 0.2995, semantic_loss: 0.3125, center_loss: 0.5075, dir_class_loss: 0.8977, dir_res_loss: 0.6456, size_class_loss: 0.3125, size_res_loss: 0.2854, loss: 6.3927, grad_norm: 8.8676
2026-05-18 14:35:47,156 - mmdet - INFO - Epoch [22][1100/1652]	lr: 8.000e-03, eta: 2:09:44, time: 0.326, data_time: 0.024, memory: 9507, vote_loss: 3.2514, objectness_loss: 0.2980, semantic_loss: 0.3060, center_loss: 0.5960, dir_class_loss: 0.8168, dir_res_loss: 0.6776, size_class_loss: 0.3060, size_res_loss: 0.2976, loss: 6.5494, grad_norm: 9.0602
2026-05-18 14:36:03,500 - mmdet - INFO - Epoch [22][1150/1652]	lr: 8.000e-03, eta: 2:09:27, time: 0.327, data_time: 0.024, memory: 9507, vote_loss: 3.2080, objectness_loss: 0.3150, semantic_loss: 0.3460, center_loss: 0.4435, dir_class_loss: 0.9822, dir_res_loss: 0.7478, size_class_loss: 0.3460, size_res_loss: 0.2815, loss: 6.6701, grad_norm: 8.7562
2026-05-18 14:36:19,780 - mmdet - INFO - Epoch [22][1200/1652]	lr: 8.000e-03, eta: 2:09:10, time: 0.326, data_time: 0.023, memory: 9507, vote_loss: 3.2514, objectness_loss: 0.3367, semantic_loss: 0.3853, center_loss: 0.4520, dir_class_loss: 0.9498, dir_res_loss: 0.7058, size_class_loss: 0.3853, size_res_loss: 0.2828, loss: 6.7491, grad_norm: 8.3236
2026-05-18 14:36:36,111 - mmdet - INFO - Epoch [22][1250/1652]	lr: 8.000e-03, eta: 2:08:54, time: 0.327, data_time: 0.023, memory: 9507, vote_loss: 3.1789, objectness_loss: 0.3056, semantic_loss: 0.3091, center_loss: 0.4466, dir_class_loss: 0.8718, dir_res_loss: 0.6680, size_class_loss: 0.3091, size_res_loss: 0.2974, loss: 6.3864, grad_norm: 7.8020
2026-05-18 14:36:52,479 - mmdet - INFO - Epoch [22][1300/1652]	lr: 8.000e-03, eta: 2:08:37, time: 0.327, data_time: 0.024, memory: 9507, vote_loss: 3.2471, objectness_loss: 0.3382, semantic_loss: 0.3720, center_loss: 0.4439, dir_class_loss: 0.9527, dir_res_loss: 0.7578, size_class_loss: 0.3720, size_res_loss: 0.2911, loss: 6.7747, grad_norm: 8.3804
2026-05-18 14:37:08,752 - mmdet - INFO - Epoch [22][1350/1652]	lr: 8.000e-03, eta: 2:08:21, time: 0.325, data_time: 0.023, memory: 9507, vote_loss: 3.1579, objectness_loss: 0.3238, semantic_loss: 0.3074, center_loss: 0.4943, dir_class_loss: 0.9167, dir_res_loss: 0.7078, size_class_loss: 0.3074, size_res_loss: 0.2747, loss: 6.4901, grad_norm: 8.6874
2026-05-18 14:37:25,067 - mmdet - INFO - Epoch [22][1400/1652]	lr: 8.000e-03, eta: 2:08:04, time: 0.326, data_time: 0.024, memory: 9507, vote_loss: 3.1785, objectness_loss: 0.3073, semantic_loss: 0.3468, center_loss: 0.4478, dir_class_loss: 0.9374, dir_res_loss: 0.6038, size_class_loss: 0.3468, size_res_loss: 0.2871, loss: 6.4556, grad_norm: 7.4688
2026-05-18 14:37:41,356 - mmdet - INFO - Epoch [22][1450/1652]	lr: 8.000e-03, eta: 2:07:48, time: 0.326, data_time: 0.023, memory: 9507, vote_loss: 3.1995, objectness_loss: 0.2943, semantic_loss: 0.2958, center_loss: 0.4401, dir_class_loss: 0.8776, dir_res_loss: 0.6143, size_class_loss: 0.2958, size_res_loss: 0.2780, loss: 6.2954, grad_norm: 8.6798
2026-05-18 14:37:57,623 - mmdet - INFO - Epoch [22][1500/1652]	lr: 8.000e-03, eta: 2:07:31, time: 0.325, data_time: 0.023, memory: 9507, vote_loss: 3.1506, objectness_loss: 0.3431, semantic_loss: 0.3023, center_loss: 0.4738, dir_class_loss: 0.9337, dir_res_loss: 0.5882, size_class_loss: 0.3023, size_res_loss: 0.2997, loss: 6.3937, grad_norm: 9.2937
2026-05-18 14:38:13,927 - mmdet - INFO - Epoch [22][1550/1652]	lr: 8.000e-03, eta: 2:07:15, time: 0.326, data_time: 0.024, memory: 9507, vote_loss: 3.1365, objectness_loss: 0.3376, semantic_loss: 0.3654, center_loss: 0.4574, dir_class_loss: 0.8699, dir_res_loss: 0.5765, size_class_loss: 0.3654, size_res_loss: 0.2724, loss: 6.3811, grad_norm: 8.7035
2026-05-18 14:38:30,211 - mmdet - INFO - Epoch [22][1600/1652]	lr: 8.000e-03, eta: 2:06:58, time: 0.326, data_time: 0.024, memory: 9507, vote_loss: 3.2085, objectness_loss: 0.3326, semantic_loss: 0.3352, center_loss: 0.4285, dir_class_loss: 0.9371, dir_res_loss: 0.6758, size_class_loss: 0.3352, size_res_loss: 0.2367, loss: 6.4896, grad_norm: 8.3347
2026-05-18 14:38:46,526 - mmdet - INFO - Epoch [22][1650/1652]	lr: 8.000e-03, eta: 2:06:42, time: 0.326, data_time: 0.024, memory: 9507, vote_loss: 3.3137, objectness_loss: 0.3020, semantic_loss: 0.3099, center_loss: 0.4655, dir_class_loss: 0.9049, dir_res_loss: 0.7022, size_class_loss: 0.3099, size_res_loss: 0.2747, loss: 6.5828, grad_norm: 8.5173
2026-05-18 14:38:47,255 - mmdet - INFO - Saving checkpoint at 22 epochs
2026-05-18 14:39:06,720 - mmdet - INFO - Epoch [23][50/1652]	lr: 8.000e-03, eta: 2:06:26, time: 0.383, data_time: 0.078, memory: 9507, vote_loss: 3.4280, objectness_loss: 0.3254, semantic_loss: 0.3206, center_loss: 0.4911, dir_class_loss: 0.9057, dir_res_loss: 0.7041, size_class_loss: 0.3206, size_res_loss: 0.2777, loss: 6.7732, grad_norm: 9.0244
2026-05-18 14:39:23,151 - mmdet - INFO - Epoch [23][100/1652]	lr: 8.000e-03, eta: 2:06:10, time: 0.329, data_time: 0.024, memory: 9507, vote_loss: 3.1615, objectness_loss: 0.3415, semantic_loss: 0.2948, center_loss: 0.4783, dir_class_loss: 0.9105, dir_res_loss: 0.7087, size_class_loss: 0.2948, size_res_loss: 0.2744, loss: 6.4644, grad_norm: 9.2892
2026-05-18 14:39:39,476 - mmdet - INFO - Epoch [23][150/1652]	lr: 8.000e-03, eta: 2:05:53, time: 0.326, data_time: 0.024, memory: 9507, vote_loss: 3.1618, objectness_loss: 0.3348, semantic_loss: 0.3291, center_loss: 0.4676, dir_class_loss: 0.9476, dir_res_loss: 0.6597, size_class_loss: 0.3291, size_res_loss: 0.2688, loss: 6.4984, grad_norm: 8.6727
2026-05-18 14:39:55,831 - mmdet - INFO - Epoch [23][200/1652]	lr: 8.000e-03, eta: 2:05:37, time: 0.327, data_time: 0.024, memory: 9507, vote_loss: 3.0786, objectness_loss: 0.3409, semantic_loss: 0.2965, center_loss: 0.4298, dir_class_loss: 0.8550, dir_res_loss: 0.6268, size_class_loss: 0.2965, size_res_loss: 0.2354, loss: 6.1594, grad_norm: 8.0770
2026-05-18 14:40:12,226 - mmdet - INFO - Epoch [23][250/1652]	lr: 8.000e-03, eta: 2:05:20, time: 0.328, data_time: 0.024, memory: 9507, vote_loss: 3.0844, objectness_loss: 0.3003, semantic_loss: 0.3100, center_loss: 0.4926, dir_class_loss: 0.8438, dir_res_loss: 0.6089, size_class_loss: 0.3100, size_res_loss: 0.2688, loss: 6.2187, grad_norm: 8.0807
2026-05-18 14:40:28,574 - mmdet - INFO - Epoch [23][300/1652]	lr: 8.000e-03, eta: 2:05:04, time: 0.327, data_time: 0.025, memory: 9507, vote_loss: 3.2684, objectness_loss: 0.3194, semantic_loss: 0.3501, center_loss: 0.4832, dir_class_loss: 0.8818, dir_res_loss: 0.7386, size_class_loss: 0.3501, size_res_loss: 0.2635, loss: 6.6550, grad_norm: 9.1652
2026-05-18 14:40:44,930 - mmdet - INFO - Epoch [23][350/1652]	lr: 8.000e-03, eta: 2:04:47, time: 0.327, data_time: 0.024, memory: 9507, vote_loss: 3.1238, objectness_loss: 0.3256, semantic_loss: 0.3157, center_loss: 0.4347, dir_class_loss: 0.8972, dir_res_loss: 0.6001, size_class_loss: 0.3157, size_res_loss: 0.2586, loss: 6.2714, grad_norm: 8.0885
2026-05-18 14:41:01,263 - mmdet - INFO - Epoch [23][400/1652]	lr: 8.000e-03, eta: 2:04:31, time: 0.327, data_time: 0.024, memory: 9507, vote_loss: 3.2668, objectness_loss: 0.3260, semantic_loss: 0.3186, center_loss: 0.4260, dir_class_loss: 0.8644, dir_res_loss: 0.6627, size_class_loss: 0.3186, size_res_loss: 0.2760, loss: 6.4589, grad_norm: 8.0685
2026-05-18 14:41:17,670 - mmdet - INFO - Epoch [23][450/1652]	lr: 8.000e-03, eta: 2:04:14, time: 0.328, data_time: 0.025, memory: 9507, vote_loss: 3.1764, objectness_loss: 0.3064, semantic_loss: 0.2973, center_loss: 0.4801, dir_class_loss: 0.8832, dir_res_loss: 0.6034, size_class_loss: 0.2973, size_res_loss: 0.2943, loss: 6.3385, grad_norm: 8.9987
2026-05-18 14:41:34,043 - mmdet - INFO - Epoch [23][500/1652]	lr: 8.000e-03, eta: 2:03:58, time: 0.327, data_time: 0.024, memory: 9507, vote_loss: 3.1190, objectness_loss: 0.3343, semantic_loss: 0.2998, center_loss: 0.4335, dir_class_loss: 0.9895, dir_res_loss: 0.6382, size_class_loss: 0.2998, size_res_loss: 0.2814, loss: 6.3955, grad_norm: 8.2741
2026-05-18 14:41:50,354 - mmdet - INFO - Epoch [23][550/1652]	lr: 8.000e-03, eta: 2:03:41, time: 0.326, data_time: 0.024, memory: 9507, vote_loss: 3.2043, objectness_loss: 0.3253, semantic_loss: 0.3139, center_loss: 0.4806, dir_class_loss: 0.8967, dir_res_loss: 0.7062, size_class_loss: 0.3139, size_res_loss: 0.2493, loss: 6.4903, grad_norm: 9.3913
2026-05-18 14:42:06,609 - mmdet - INFO - Epoch [23][600/1652]	lr: 8.000e-03, eta: 2:03:25, time: 0.325, data_time: 0.023, memory: 9507, vote_loss: 3.1447, objectness_loss: 0.3417, semantic_loss: 0.3167, center_loss: 0.4468, dir_class_loss: 0.9193, dir_res_loss: 0.6695, size_class_loss: 0.3167, size_res_loss: 0.2461, loss: 6.4015, grad_norm: 8.3235
2026-05-18 14:42:22,955 - mmdet - INFO - Epoch [23][650/1652]	lr: 8.000e-03, eta: 2:03:08, time: 0.327, data_time: 0.024, memory: 9507, vote_loss: 3.3219, objectness_loss: 0.3492, semantic_loss: 0.3376, center_loss: 0.4968, dir_class_loss: 0.8783, dir_res_loss: 0.6399, size_class_loss: 0.3376, size_res_loss: 0.2737, loss: 6.6349, grad_norm: 8.4729
2026-05-18 14:42:39,382 - mmdet - INFO - Epoch [23][700/1652]	lr: 8.000e-03, eta: 2:02:52, time: 0.329, data_time: 0.025, memory: 9507, vote_loss: 3.2422, objectness_loss: 0.3183, semantic_loss: 0.3372, center_loss: 0.4518, dir_class_loss: 0.9126, dir_res_loss: 0.6261, size_class_loss: 0.3372, size_res_loss: 0.2661, loss: 6.4915, grad_norm: 8.4773
2026-05-18 14:42:55,814 - mmdet - INFO - Epoch [23][750/1652]	lr: 8.000e-03, eta: 2:02:35, time: 0.329, data_time: 0.025, memory: 9507, vote_loss: 3.1183, objectness_loss: 0.3459, semantic_loss: 0.3510, center_loss: 0.4629, dir_class_loss: 0.8982, dir_res_loss: 0.6933, size_class_loss: 0.3510, size_res_loss: 0.2811, loss: 6.5017, grad_norm: 8.0998
2026-05-18 14:43:12,160 - mmdet - INFO - Epoch [23][800/1652]	lr: 8.000e-03, eta: 2:02:19, time: 0.327, data_time: 0.024, memory: 9507, vote_loss: 3.2734, objectness_loss: 0.3456, semantic_loss: 0.3245, center_loss: 0.4985, dir_class_loss: 0.9290, dir_res_loss: 0.6704, size_class_loss: 0.3245, size_res_loss: 0.2639, loss: 6.6297, grad_norm: 8.2044
2026-05-18 14:43:28,697 - mmdet - INFO - Epoch [23][850/1652]	lr: 8.000e-03, eta: 2:02:02, time: 0.331, data_time: 0.028, memory: 9507, vote_loss: 3.0482, objectness_loss: 0.3206, semantic_loss: 0.2997, center_loss: 0.4644, dir_class_loss: 0.8739, dir_res_loss: 0.6248, size_class_loss: 0.2997, size_res_loss: 0.2881, loss: 6.2193, grad_norm: 7.7418
2026-05-18 14:43:44,998 - mmdet - INFO - Epoch [23][900/1652]	lr: 8.000e-03, eta: 2:01:46, time: 0.326, data_time: 0.024, memory: 9507, vote_loss: 3.2382, objectness_loss: 0.3529, semantic_loss: 0.3083, center_loss: 0.4741, dir_class_loss: 0.9047, dir_res_loss: 0.6720, size_class_loss: 0.3083, size_res_loss: 0.2609, loss: 6.5195, grad_norm: 8.0750
2026-05-18 14:44:01,312 - mmdet - INFO - Epoch [23][950/1652]	lr: 8.000e-03, eta: 2:01:29, time: 0.326, data_time: 0.024, memory: 9507, vote_loss: 3.1407, objectness_loss: 0.3453, semantic_loss: 0.2849, center_loss: 0.5433, dir_class_loss: 0.8897, dir_res_loss: 0.6082, size_class_loss: 0.2849, size_res_loss: 0.2776, loss: 6.3745, grad_norm: 9.2035
2026-05-18 14:44:17,634 - mmdet - INFO - Epoch [23][1000/1652]	lr: 8.000e-03, eta: 2:01:13, time: 0.326, data_time: 0.024, memory: 9507, vote_loss: 3.1260, objectness_loss: 0.3139, semantic_loss: 0.3416, center_loss: 0.4440, dir_class_loss: 0.9584, dir_res_loss: 0.6806, size_class_loss: 0.3416, size_res_loss: 0.2633, loss: 6.4692, grad_norm: 8.7209
2026-05-18 14:44:34,004 - mmdet - INFO - Epoch [23][1050/1652]	lr: 8.000e-03, eta: 2:00:56, time: 0.327, data_time: 0.024, memory: 9507, vote_loss: 3.1856, objectness_loss: 0.3205, semantic_loss: 0.3190, center_loss: 0.4415, dir_class_loss: 0.8906, dir_res_loss: 0.6537, size_class_loss: 0.3190, size_res_loss: 0.2933, loss: 6.4230, grad_norm: 7.7952
2026-05-18 14:44:50,356 - mmdet - INFO - Epoch [23][1100/1652]	lr: 8.000e-03, eta: 2:00:40, time: 0.327, data_time: 0.025, memory: 9507, vote_loss: 3.3297, objectness_loss: 0.3307, semantic_loss: 0.3652, center_loss: 0.4815, dir_class_loss: 0.9288, dir_res_loss: 0.7609, size_class_loss: 0.3652, size_res_loss: 0.2641, loss: 6.8263, grad_norm: 9.6442
2026-05-18 14:45:06,829 - mmdet - INFO - Epoch [23][1150/1652]	lr: 8.000e-03, eta: 2:00:24, time: 0.329, data_time: 0.025, memory: 9507, vote_loss: 3.3073, objectness_loss: 0.3137, semantic_loss: 0.3457, center_loss: 0.5395, dir_class_loss: 0.8846, dir_res_loss: 0.7159, size_class_loss: 0.3457, size_res_loss: 0.2730, loss: 6.7254, grad_norm: 8.6942
2026-05-18 14:45:23,210 - mmdet - INFO - Epoch [23][1200/1652]	lr: 8.000e-03, eta: 2:00:07, time: 0.328, data_time: 0.025, memory: 9507, vote_loss: 3.0717, objectness_loss: 0.3108, semantic_loss: 0.3270, center_loss: 0.4314, dir_class_loss: 0.8501, dir_res_loss: 0.6046, size_class_loss: 0.3270, size_res_loss: 0.2339, loss: 6.1564, grad_norm: 7.7423
2026-05-18 14:45:39,512 - mmdet - INFO - Epoch [23][1250/1652]	lr: 8.000e-03, eta: 1:59:51, time: 0.326, data_time: 0.024, memory: 9507, vote_loss: 3.2448, objectness_loss: 0.3064, semantic_loss: 0.3447, center_loss: 0.4590, dir_class_loss: 0.8536, dir_res_loss: 0.6067, size_class_loss: 0.3447, size_res_loss: 0.2957, loss: 6.4556, grad_norm: 8.4738
2026-05-18 14:45:55,861 - mmdet - INFO - Epoch [23][1300/1652]	lr: 8.000e-03, eta: 1:59:34, time: 0.327, data_time: 0.024, memory: 9507, vote_loss: 3.1747, objectness_loss: 0.3248, semantic_loss: 0.3852, center_loss: 0.4564, dir_class_loss: 0.9047, dir_res_loss: 0.6141, size_class_loss: 0.3852, size_res_loss: 0.2903, loss: 6.5354, grad_norm: 9.0462
2026-05-18 14:46:12,151 - mmdet - INFO - Epoch [23][1350/1652]	lr: 8.000e-03, eta: 1:59:18, time: 0.326, data_time: 0.024, memory: 9507, vote_loss: 3.1055, objectness_loss: 0.3039, semantic_loss: 0.3360, center_loss: 0.4484, dir_class_loss: 0.9120, dir_res_loss: 0.6110, size_class_loss: 0.3360, size_res_loss: 0.2562, loss: 6.3090, grad_norm: 7.9735
2026-05-18 14:46:28,456 - mmdet - INFO - Epoch [23][1400/1652]	lr: 8.000e-03, eta: 1:59:01, time: 0.326, data_time: 0.024, memory: 9507, vote_loss: 3.2623, objectness_loss: 0.3107, semantic_loss: 0.3582, center_loss: 0.4594, dir_class_loss: 0.9733, dir_res_loss: 0.7014, size_class_loss: 0.3582, size_res_loss: 0.2945, loss: 6.7180, grad_norm: 8.3396
2026-05-18 14:46:44,752 - mmdet - INFO - Epoch [23][1450/1652]	lr: 8.000e-03, eta: 1:58:45, time: 0.326, data_time: 0.024, memory: 9507, vote_loss: 3.2264, objectness_loss: 0.3185, semantic_loss: 0.3060, center_loss: 0.4404, dir_class_loss: 0.8669, dir_res_loss: 0.7024, size_class_loss: 0.3060, size_res_loss: 0.2878, loss: 6.4544, grad_norm: 8.0496
2026-05-18 14:47:01,004 - mmdet - INFO - Epoch [23][1500/1652]	lr: 8.000e-03, eta: 1:58:28, time: 0.325, data_time: 0.024, memory: 9507, vote_loss: 3.2331, objectness_loss: 0.3247, semantic_loss: 0.3072, center_loss: 0.4494, dir_class_loss: 0.8724, dir_res_loss: 0.6664, size_class_loss: 0.3072, size_res_loss: 0.2818, loss: 6.4422, grad_norm: 8.1840
2026-05-18 14:47:17,263 - mmdet - INFO - Epoch [23][1550/1652]	lr: 8.000e-03, eta: 1:58:11, time: 0.325, data_time: 0.024, memory: 9507, vote_loss: 3.1895, objectness_loss: 0.3110, semantic_loss: 0.3160, center_loss: 0.5510, dir_class_loss: 0.9530, dir_res_loss: 0.6733, size_class_loss: 0.3160, size_res_loss: 0.2628, loss: 6.5727, grad_norm: 9.0063
2026-05-18 14:47:33,554 - mmdet - INFO - Epoch [23][1600/1652]	lr: 8.000e-03, eta: 1:57:55, time: 0.326, data_time: 0.024, memory: 9507, vote_loss: 3.2004, objectness_loss: 0.3418, semantic_loss: 0.3254, center_loss: 0.4806, dir_class_loss: 0.9013, dir_res_loss: 0.7111, size_class_loss: 0.3254, size_res_loss: 0.2649, loss: 6.5510, grad_norm: 8.3948
2026-05-18 14:47:49,977 - mmdet - INFO - Epoch [23][1650/1652]	lr: 8.000e-03, eta: 1:57:39, time: 0.328, data_time: 0.025, memory: 9507, vote_loss: 3.0650, objectness_loss: 0.3306, semantic_loss: 0.3188, center_loss: 0.4043, dir_class_loss: 0.9287, dir_res_loss: 0.7057, size_class_loss: 0.3188, size_res_loss: 0.2738, loss: 6.3458, grad_norm: 8.0834
2026-05-18 14:47:50,706 - mmdet - INFO - Saving checkpoint at 23 epochs
2026-05-18 14:48:10,068 - mmdet - INFO - Epoch [24][50/1652]	lr: 8.000e-03, eta: 1:57:23, time: 0.382, data_time: 0.080, memory: 9507, vote_loss: 3.2005, objectness_loss: 0.3268, semantic_loss: 0.2848, center_loss: 0.4753, dir_class_loss: 0.8885, dir_res_loss: 0.6794, size_class_loss: 0.2848, size_res_loss: 0.3046, loss: 6.4447, grad_norm: 8.6686
2026-05-18 14:48:26,476 - mmdet - INFO - Epoch [24][100/1652]	lr: 8.000e-03, eta: 1:57:06, time: 0.328, data_time: 0.025, memory: 9507, vote_loss: 3.1311, objectness_loss: 0.3399, semantic_loss: 0.3061, center_loss: 0.4153, dir_class_loss: 0.8567, dir_res_loss: 0.6051, size_class_loss: 0.3061, size_res_loss: 0.2468, loss: 6.2070, grad_norm: 8.3969
2026-05-18 14:48:42,766 - mmdet - INFO - Epoch [24][150/1652]	lr: 8.000e-03, eta: 1:56:50, time: 0.326, data_time: 0.024, memory: 9507, vote_loss: 3.0380, objectness_loss: 0.3256, semantic_loss: 0.2997, center_loss: 0.4281, dir_class_loss: 0.8560, dir_res_loss: 0.6465, size_class_loss: 0.2997, size_res_loss: 0.2668, loss: 6.1603, grad_norm: 8.9243
2026-05-18 14:48:59,220 - mmdet - INFO - Epoch [24][200/1652]	lr: 8.000e-03, eta: 1:56:33, time: 0.329, data_time: 0.025, memory: 9507, vote_loss: 3.1148, objectness_loss: 0.3211, semantic_loss: 0.2867, center_loss: 0.4138, dir_class_loss: 0.8759, dir_res_loss: 0.6428, size_class_loss: 0.2867, size_res_loss: 0.2921, loss: 6.2339, grad_norm: 8.3461
2026-05-18 14:49:15,717 - mmdet - INFO - Epoch [24][250/1652]	lr: 8.000e-03, eta: 1:56:17, time: 0.330, data_time: 0.025, memory: 9507, vote_loss: 3.0434, objectness_loss: 0.3260, semantic_loss: 0.3247, center_loss: 0.4865, dir_class_loss: 0.8594, dir_res_loss: 0.6267, size_class_loss: 0.3247, size_res_loss: 0.2568, loss: 6.2482, grad_norm: 8.2890
2026-05-18 14:49:32,037 - mmdet - INFO - Epoch [24][300/1652]	lr: 8.000e-03, eta: 1:56:00, time: 0.326, data_time: 0.025, memory: 9507, vote_loss: 3.2504, objectness_loss: 0.3340, semantic_loss: 0.3460, center_loss: 0.4507, dir_class_loss: 0.9349, dir_res_loss: 0.6420, size_class_loss: 0.3460, size_res_loss: 0.2476, loss: 6.5517, grad_norm: 8.1575
2026-05-18 14:49:48,356 - mmdet - INFO - Epoch [24][350/1652]	lr: 8.000e-03, eta: 1:55:44, time: 0.326, data_time: 0.024, memory: 9507, vote_loss: 3.1410, objectness_loss: 0.3160, semantic_loss: 0.3052, center_loss: 0.3989, dir_class_loss: 0.9239, dir_res_loss: 0.6436, size_class_loss: 0.3052, size_res_loss: 0.2738, loss: 6.3076, grad_norm: 7.9419
2026-05-18 14:50:04,692 - mmdet - INFO - Epoch [24][400/1652]	lr: 8.000e-03, eta: 1:55:27, time: 0.327, data_time: 0.024, memory: 9507, vote_loss: 3.2859, objectness_loss: 0.3052, semantic_loss: 0.2822, center_loss: 0.4482, dir_class_loss: 0.9251, dir_res_loss: 0.6291, size_class_loss: 0.2822, size_res_loss: 0.2754, loss: 6.4333, grad_norm: 8.2379
2026-05-18 14:50:21,048 - mmdet - INFO - Epoch [24][450/1652]	lr: 8.000e-03, eta: 1:55:11, time: 0.327, data_time: 0.025, memory: 9507, vote_loss: 3.3024, objectness_loss: 0.3342, semantic_loss: 0.3238, center_loss: 0.5013, dir_class_loss: 0.8809, dir_res_loss: 0.7228, size_class_loss: 0.3238, size_res_loss: 0.2785, loss: 6.6678, grad_norm: 8.7618
2026-05-18 14:50:37,352 - mmdet - INFO - Epoch [24][500/1652]	lr: 8.000e-03, eta: 1:54:54, time: 0.326, data_time: 0.024, memory: 9507, vote_loss: 3.0941, objectness_loss: 0.3170, semantic_loss: 0.2669, center_loss: 0.5292, dir_class_loss: 0.8711, dir_res_loss: 0.6907, size_class_loss: 0.2669, size_res_loss: 0.2451, loss: 6.2812, grad_norm: 9.4014
2026-05-18 14:50:53,711 - mmdet - INFO - Epoch [24][550/1652]	lr: 8.000e-03, eta: 1:54:38, time: 0.327, data_time: 0.024, memory: 9507, vote_loss: 3.2505, objectness_loss: 0.3049, semantic_loss: 0.3313, center_loss: 0.4503, dir_class_loss: 0.9888, dir_res_loss: 0.5884, size_class_loss: 0.3313, size_res_loss: 0.2815, loss: 6.5269, grad_norm: 8.6246
2026-05-18 14:51:10,057 - mmdet - INFO - Epoch [24][600/1652]	lr: 8.000e-03, eta: 1:54:21, time: 0.327, data_time: 0.024, memory: 9507, vote_loss: 3.0518, objectness_loss: 0.3157, semantic_loss: 0.3609, center_loss: 0.4550, dir_class_loss: 0.9138, dir_res_loss: 0.7350, size_class_loss: 0.3609, size_res_loss: 0.2649, loss: 6.4580, grad_norm: 8.6431
2026-05-18 14:51:26,424 - mmdet - INFO - Epoch [24][650/1652]	lr: 8.000e-03, eta: 1:54:05, time: 0.327, data_time: 0.025, memory: 9507, vote_loss: 3.1529, objectness_loss: 0.3126, semantic_loss: 0.3102, center_loss: 0.4319, dir_class_loss: 0.8460, dir_res_loss: 0.6049, size_class_loss: 0.3102, size_res_loss: 0.2562, loss: 6.2249, grad_norm: 7.4107
2026-05-18 14:51:42,774 - mmdet - INFO - Epoch [24][700/1652]	lr: 8.000e-03, eta: 1:53:48, time: 0.327, data_time: 0.024, memory: 9507, vote_loss: 2.9883, objectness_loss: 0.3406, semantic_loss: 0.3327, center_loss: 0.4433, dir_class_loss: 0.9284, dir_res_loss: 0.7439, size_class_loss: 0.3327, size_res_loss: 0.2688, loss: 6.3787, grad_norm: 8.1542
2026-05-18 14:51:59,092 - mmdet - INFO - Epoch [24][750/1652]	lr: 8.000e-03, eta: 1:53:32, time: 0.326, data_time: 0.024, memory: 9507, vote_loss: 3.2551, objectness_loss: 0.3353, semantic_loss: 0.3326, center_loss: 0.4666, dir_class_loss: 0.9130, dir_res_loss: 0.7413, size_class_loss: 0.3326, size_res_loss: 0.2745, loss: 6.6511, grad_norm: 8.5115
2026-05-18 14:52:15,425 - mmdet - INFO - Epoch [24][800/1652]	lr: 8.000e-03, eta: 1:53:15, time: 0.327, data_time: 0.024, memory: 9507, vote_loss: 3.1410, objectness_loss: 0.3202, semantic_loss: 0.3282, center_loss: 0.4535, dir_class_loss: 0.8652, dir_res_loss: 0.7056, size_class_loss: 0.3282, size_res_loss: 0.2868, loss: 6.4287, grad_norm: 8.0842
2026-05-18 14:52:31,746 - mmdet - INFO - Epoch [24][850/1652]	lr: 8.000e-03, eta: 1:52:59, time: 0.326, data_time: 0.023, memory: 9507, vote_loss: 3.2706, objectness_loss: 0.3568, semantic_loss: 0.3289, center_loss: 0.4392, dir_class_loss: 0.8930, dir_res_loss: 0.6362, size_class_loss: 0.3289, size_res_loss: 0.2751, loss: 6.5287, grad_norm: 8.5920
2026-05-18 14:52:48,251 - mmdet - INFO - Epoch [24][900/1652]	lr: 8.000e-03, eta: 1:52:42, time: 0.330, data_time: 0.025, memory: 9507, vote_loss: 3.0844, objectness_loss: 0.3331, semantic_loss: 0.3340, center_loss: 0.5295, dir_class_loss: 0.9176, dir_res_loss: 0.6403, size_class_loss: 0.3340, size_res_loss: 0.2620, loss: 6.4348, grad_norm: 8.2668
2026-05-18 14:53:04,590 - mmdet - INFO - Epoch [24][950/1652]	lr: 8.000e-03, eta: 1:52:26, time: 0.327, data_time: 0.024, memory: 9507, vote_loss: 3.2093, objectness_loss: 0.3163, semantic_loss: 0.3082, center_loss: 0.4947, dir_class_loss: 0.8970, dir_res_loss: 0.5986, size_class_loss: 0.3082, size_res_loss: 0.2490, loss: 6.3814, grad_norm: 9.5015
2026-05-18 14:53:20,962 - mmdet - INFO - Epoch [24][1000/1652]	lr: 8.000e-03, eta: 1:52:10, time: 0.327, data_time: 0.025, memory: 9507, vote_loss: 3.2255, objectness_loss: 0.3526, semantic_loss: 0.3465, center_loss: 0.5145, dir_class_loss: 0.8761, dir_res_loss: 0.7144, size_class_loss: 0.3465, size_res_loss: 0.3051, loss: 6.6812, grad_norm: 9.2814
2026-05-18 14:53:37,494 - mmdet - INFO - Epoch [24][1050/1652]	lr: 8.000e-03, eta: 1:51:53, time: 0.331, data_time: 0.028, memory: 9507, vote_loss: 3.3189, objectness_loss: 0.3247, semantic_loss: 0.3262, center_loss: 0.4816, dir_class_loss: 0.9635, dir_res_loss: 0.6554, size_class_loss: 0.3262, size_res_loss: 0.2644, loss: 6.6609, grad_norm: 8.3741
2026-05-18 14:53:53,784 - mmdet - INFO - Epoch [24][1100/1652]	lr: 8.000e-03, eta: 1:51:37, time: 0.326, data_time: 0.024, memory: 9507, vote_loss: 3.3541, objectness_loss: 0.3074, semantic_loss: 0.3227, center_loss: 0.4971, dir_class_loss: 0.9244, dir_res_loss: 0.6239, size_class_loss: 0.3227, size_res_loss: 0.2740, loss: 6.6263, grad_norm: 8.9974
2026-05-18 14:54:10,181 - mmdet - INFO - Epoch [24][1150/1652]	lr: 8.000e-03, eta: 1:51:20, time: 0.328, data_time: 0.025, memory: 9507, vote_loss: 3.3405, objectness_loss: 0.3395, semantic_loss: 0.3238, center_loss: 0.4753, dir_class_loss: 0.8966, dir_res_loss: 0.5847, size_class_loss: 0.3238, size_res_loss: 0.2887, loss: 6.5729, grad_norm: 8.6430
2026-05-18 14:54:26,602 - mmdet - INFO - Epoch [24][1200/1652]	lr: 8.000e-03, eta: 1:51:04, time: 0.328, data_time: 0.025, memory: 9507, vote_loss: 3.3068, objectness_loss: 0.3378, semantic_loss: 0.3662, center_loss: 0.4808, dir_class_loss: 0.8892, dir_res_loss: 0.6647, size_class_loss: 0.3662, size_res_loss: 0.2581, loss: 6.6699, grad_norm: 8.4421
2026-05-18 14:54:43,026 - mmdet - INFO - Epoch [24][1250/1652]	lr: 8.000e-03, eta: 1:50:47, time: 0.328, data_time: 0.025, memory: 9507, vote_loss: 3.1195, objectness_loss: 0.3342, semantic_loss: 0.2876, center_loss: 0.4494, dir_class_loss: 0.8284, dir_res_loss: 0.6117, size_class_loss: 0.2876, size_res_loss: 0.2598, loss: 6.1782, grad_norm: 7.6233
2026-05-18 14:54:59,470 - mmdet - INFO - Epoch [24][1300/1652]	lr: 8.000e-03, eta: 1:50:31, time: 0.329, data_time: 0.025, memory: 9507, vote_loss: 3.2941, objectness_loss: 0.2942, semantic_loss: 0.2714, center_loss: 0.4613, dir_class_loss: 0.8141, dir_res_loss: 0.7284, size_class_loss: 0.2714, size_res_loss: 0.2792, loss: 6.4141, grad_norm: 9.0248
2026-05-18 14:55:15,857 - mmdet - INFO - Epoch [24][1350/1652]	lr: 8.000e-03, eta: 1:50:14, time: 0.328, data_time: 0.025, memory: 9507, vote_loss: 3.0821, objectness_loss: 0.3107, semantic_loss: 0.3314, center_loss: 0.4693, dir_class_loss: 0.8731, dir_res_loss: 0.6613, size_class_loss: 0.3314, size_res_loss: 0.2499, loss: 6.3091, grad_norm: 8.6293
2026-05-18 14:55:32,302 - mmdet - INFO - Epoch [24][1400/1652]	lr: 8.000e-03, eta: 1:49:58, time: 0.329, data_time: 0.025, memory: 9507, vote_loss: 3.1988, objectness_loss: 0.3384, semantic_loss: 0.3339, center_loss: 0.4458, dir_class_loss: 0.8663, dir_res_loss: 0.5816, size_class_loss: 0.3339, size_res_loss: 0.2720, loss: 6.3708, grad_norm: 7.8423
2026-05-18 14:55:48,600 - mmdet - INFO - Epoch [24][1450/1652]	lr: 8.000e-03, eta: 1:49:42, time: 0.326, data_time: 0.023, memory: 9507, vote_loss: 3.0691, objectness_loss: 0.3197, semantic_loss: 0.3462, center_loss: 0.4750, dir_class_loss: 0.9347, dir_res_loss: 0.5966, size_class_loss: 0.3462, size_res_loss: 0.2792, loss: 6.3665, grad_norm: 8.9855
2026-05-18 14:56:05,010 - mmdet - INFO - Epoch [24][1500/1652]	lr: 8.000e-03, eta: 1:49:25, time: 0.328, data_time: 0.025, memory: 9507, vote_loss: 3.2058, objectness_loss: 0.3105, semantic_loss: 0.2725, center_loss: 0.4740, dir_class_loss: 0.8666, dir_res_loss: 0.6404, size_class_loss: 0.2725, size_res_loss: 0.2627, loss: 6.3051, grad_norm: 8.1970
2026-05-18 14:56:21,452 - mmdet - INFO - Epoch [24][1550/1652]	lr: 8.000e-03, eta: 1:49:09, time: 0.329, data_time: 0.025, memory: 9507, vote_loss: 3.1641, objectness_loss: 0.3470, semantic_loss: 0.3288, center_loss: 0.4540, dir_class_loss: 0.9213, dir_res_loss: 0.6766, size_class_loss: 0.3288, size_res_loss: 0.2572, loss: 6.4778, grad_norm: 8.6849
2026-05-18 14:56:37,882 - mmdet - INFO - Epoch [24][1600/1652]	lr: 8.000e-03, eta: 1:48:52, time: 0.329, data_time: 0.025, memory: 9507, vote_loss: 3.2582, objectness_loss: 0.3358, semantic_loss: 0.3232, center_loss: 0.4442, dir_class_loss: 0.8675, dir_res_loss: 0.6159, size_class_loss: 0.3232, size_res_loss: 0.2580, loss: 6.4261, grad_norm: 8.7471
2026-05-18 14:56:54,245 - mmdet - INFO - Epoch [24][1650/1652]	lr: 8.000e-03, eta: 1:48:36, time: 0.327, data_time: 0.024, memory: 9507, vote_loss: 3.1538, objectness_loss: 0.3415, semantic_loss: 0.3140, center_loss: 0.4722, dir_class_loss: 0.8726, dir_res_loss: 0.6595, size_class_loss: 0.3140, size_res_loss: 0.2650, loss: 6.3925, grad_norm: 8.2000
2026-05-18 14:56:54,952 - mmdet - INFO - Saving checkpoint at 24 epochs
2026-05-18 14:57:14,260 - mmdet - INFO - Epoch [25][50/1652]	lr: 8.000e-04, eta: 1:48:20, time: 0.380, data_time: 0.076, memory: 9507, vote_loss: 3.1418, objectness_loss: 0.3057, semantic_loss: 0.2836, center_loss: 0.4253, dir_class_loss: 0.8527, dir_res_loss: 0.6174, size_class_loss: 0.2836, size_res_loss: 0.2496, loss: 6.1596, grad_norm: 7.4980
2026-05-18 14:57:30,604 - mmdet - INFO - Epoch [25][100/1652]	lr: 8.000e-04, eta: 1:48:03, time: 0.327, data_time: 0.025, memory: 9507, vote_loss: 2.9706, objectness_loss: 0.2990, semantic_loss: 0.2711, center_loss: 0.4000, dir_class_loss: 0.8560, dir_res_loss: 0.5401, size_class_loss: 0.2711, size_res_loss: 0.2620, loss: 5.8699, grad_norm: 7.7933
2026-05-18 14:57:47,034 - mmdet - INFO - Epoch [25][150/1652]	lr: 8.000e-04, eta: 1:47:47, time: 0.329, data_time: 0.025, memory: 9507, vote_loss: 2.7098, objectness_loss: 0.3385, semantic_loss: 0.2424, center_loss: 0.3874, dir_class_loss: 0.7422, dir_res_loss: 0.5427, size_class_loss: 0.2424, size_res_loss: 0.2062, loss: 5.4117, grad_norm: 7.1212
2026-05-18 14:58:03,500 - mmdet - INFO - Epoch [25][200/1652]	lr: 8.000e-04, eta: 1:47:30, time: 0.329, data_time: 0.025, memory: 9507, vote_loss: 2.9986, objectness_loss: 0.3006, semantic_loss: 0.2536, center_loss: 0.3655, dir_class_loss: 0.7863, dir_res_loss: 0.5669, size_class_loss: 0.2536, size_res_loss: 0.2343, loss: 5.7594, grad_norm: 6.5909
2026-05-18 14:58:19,831 - mmdet - INFO - Epoch [25][250/1652]	lr: 8.000e-04, eta: 1:47:14, time: 0.327, data_time: 0.024, memory: 9507, vote_loss: 2.7933, objectness_loss: 0.3072, semantic_loss: 0.2628, center_loss: 0.4352, dir_class_loss: 0.7847, dir_res_loss: 0.5391, size_class_loss: 0.2628, size_res_loss: 0.2278, loss: 5.6127, grad_norm: 7.3089
2026-05-18 14:58:36,243 - mmdet - INFO - Epoch [25][300/1652]	lr: 8.000e-04, eta: 1:46:57, time: 0.328, data_time: 0.024, memory: 9507, vote_loss: 2.8418, objectness_loss: 0.2873, semantic_loss: 0.2374, center_loss: 0.3679, dir_class_loss: 0.8160, dir_res_loss: 0.5041, size_class_loss: 0.2374, size_res_loss: 0.2419, loss: 5.5339, grad_norm: 6.8337
2026-05-18 14:58:52,515 - mmdet - INFO - Epoch [25][350/1652]	lr: 8.000e-04, eta: 1:46:41, time: 0.325, data_time: 0.024, memory: 9507, vote_loss: 2.7081, objectness_loss: 0.3018, semantic_loss: 0.2726, center_loss: 0.3431, dir_class_loss: 0.8604, dir_res_loss: 0.4858, size_class_loss: 0.2726, size_res_loss: 0.2394, loss: 5.4840, grad_norm: 6.9857
2026-05-18 14:59:08,828 - mmdet - INFO - Epoch [25][400/1652]	lr: 8.000e-04, eta: 1:46:24, time: 0.326, data_time: 0.024, memory: 9507, vote_loss: 2.8222, objectness_loss: 0.2598, semantic_loss: 0.2509, center_loss: 0.3576, dir_class_loss: 0.7209, dir_res_loss: 0.5861, size_class_loss: 0.2509, size_res_loss: 0.2266, loss: 5.4750, grad_norm: 7.5930
2026-05-18 14:59:25,122 - mmdet - INFO - Epoch [25][450/1652]	lr: 8.000e-04, eta: 1:46:08, time: 0.326, data_time: 0.024, memory: 9507, vote_loss: 2.8532, objectness_loss: 0.2821, semantic_loss: 0.2561, center_loss: 0.3585, dir_class_loss: 0.7726, dir_res_loss: 0.4666, size_class_loss: 0.2561, size_res_loss: 0.2304, loss: 5.4757, grad_norm: 6.8186
2026-05-18 14:59:41,558 - mmdet - INFO - Epoch [25][500/1652]	lr: 8.000e-04, eta: 1:45:51, time: 0.329, data_time: 0.025, memory: 9507, vote_loss: 2.8802, objectness_loss: 0.3039, semantic_loss: 0.2437, center_loss: 0.3589, dir_class_loss: 0.7525, dir_res_loss: 0.4770, size_class_loss: 0.2437, size_res_loss: 0.2381, loss: 5.4980, grad_norm: 6.9002
2026-05-18 14:59:57,979 - mmdet - INFO - Epoch [25][550/1652]	lr: 8.000e-04, eta: 1:45:35, time: 0.328, data_time: 0.025, memory: 9507, vote_loss: 2.9205, objectness_loss: 0.3091, semantic_loss: 0.2797, center_loss: 0.3675, dir_class_loss: 0.7524, dir_res_loss: 0.5300, size_class_loss: 0.2797, size_res_loss: 0.2276, loss: 5.6666, grad_norm: 6.7470
2026-05-18 15:00:14,428 - mmdet - INFO - Epoch [25][600/1652]	lr: 8.000e-04, eta: 1:45:18, time: 0.329, data_time: 0.025, memory: 9507, vote_loss: 2.8865, objectness_loss: 0.3014, semantic_loss: 0.2455, center_loss: 0.3843, dir_class_loss: 0.7509, dir_res_loss: 0.4956, size_class_loss: 0.2455, size_res_loss: 0.2303, loss: 5.5402, grad_norm: 7.0283
2026-05-18 15:00:30,753 - mmdet - INFO - Epoch [25][650/1652]	lr: 8.000e-04, eta: 1:45:02, time: 0.326, data_time: 0.024, memory: 9507, vote_loss: 2.9699, objectness_loss: 0.2688, semantic_loss: 0.2183, center_loss: 0.3657, dir_class_loss: 0.7950, dir_res_loss: 0.4495, size_class_loss: 0.2183, size_res_loss: 0.2260, loss: 5.5113, grad_norm: 7.4510
2026-05-18 15:00:47,166 - mmdet - INFO - Epoch [25][700/1652]	lr: 8.000e-04, eta: 1:44:46, time: 0.328, data_time: 0.024, memory: 9507, vote_loss: 2.8481, objectness_loss: 0.3031, semantic_loss: 0.2753, center_loss: 0.3892, dir_class_loss: 0.7056, dir_res_loss: 0.4556, size_class_loss: 0.2753, size_res_loss: 0.2358, loss: 5.4880, grad_norm: 6.8029
2026-05-18 15:01:03,544 - mmdet - INFO - Epoch [25][750/1652]	lr: 8.000e-04, eta: 1:44:29, time: 0.328, data_time: 0.024, memory: 9507, vote_loss: 2.8118, objectness_loss: 0.2842, semantic_loss: 0.2595, center_loss: 0.3719, dir_class_loss: 0.7666, dir_res_loss: 0.4905, size_class_loss: 0.2595, size_res_loss: 0.2266, loss: 5.4706, grad_norm: 7.1066
2026-05-18 15:01:19,884 - mmdet - INFO - Epoch [25][800/1652]	lr: 8.000e-04, eta: 1:44:13, time: 0.327, data_time: 0.024, memory: 9507, vote_loss: 2.7509, objectness_loss: 0.3122, semantic_loss: 0.2786, center_loss: 0.3487, dir_class_loss: 0.7401, dir_res_loss: 0.4673, size_class_loss: 0.2786, size_res_loss: 0.2283, loss: 5.4047, grad_norm: 7.1676
2026-05-18 15:01:36,345 - mmdet - INFO - Epoch [25][850/1652]	lr: 8.000e-04, eta: 1:43:56, time: 0.329, data_time: 0.025, memory: 9507, vote_loss: 2.6633, objectness_loss: 0.2979, semantic_loss: 0.2272, center_loss: 0.3520, dir_class_loss: 0.7651, dir_res_loss: 0.5194, size_class_loss: 0.2272, size_res_loss: 0.2098, loss: 5.2619, grad_norm: 6.7267
2026-05-18 15:01:52,702 - mmdet - INFO - Epoch [25][900/1652]	lr: 8.000e-04, eta: 1:43:40, time: 0.327, data_time: 0.024, memory: 9507, vote_loss: 2.6548, objectness_loss: 0.2860, semantic_loss: 0.2486, center_loss: 0.3568, dir_class_loss: 0.8148, dir_res_loss: 0.4601, size_class_loss: 0.2486, size_res_loss: 0.1953, loss: 5.2651, grad_norm: 7.1872
2026-05-18 15:02:09,096 - mmdet - INFO - Epoch [25][950/1652]	lr: 8.000e-04, eta: 1:43:23, time: 0.328, data_time: 0.025, memory: 9507, vote_loss: 2.6948, objectness_loss: 0.2888, semantic_loss: 0.2677, center_loss: 0.3701, dir_class_loss: 0.6763, dir_res_loss: 0.4258, size_class_loss: 0.2677, size_res_loss: 0.2313, loss: 5.2225, grad_norm: 7.0652
2026-05-18 15:02:25,443 - mmdet - INFO - Epoch [25][1000/1652]	lr: 8.000e-04, eta: 1:43:07, time: 0.327, data_time: 0.025, memory: 9507, vote_loss: 2.7102, objectness_loss: 0.2945, semantic_loss: 0.2391, center_loss: 0.3629, dir_class_loss: 0.7801, dir_res_loss: 0.4327, size_class_loss: 0.2391, size_res_loss: 0.2249, loss: 5.2835, grad_norm: 6.8724
2026-05-18 15:02:41,786 - mmdet - INFO - Epoch [25][1050/1652]	lr: 8.000e-04, eta: 1:42:50, time: 0.327, data_time: 0.024, memory: 9507, vote_loss: 2.7953, objectness_loss: 0.2802, semantic_loss: 0.2257, center_loss: 0.3521, dir_class_loss: 0.8052, dir_res_loss: 0.5677, size_class_loss: 0.2257, size_res_loss: 0.2151, loss: 5.4671, grad_norm: 7.2174
2026-05-18 15:02:58,328 - mmdet - INFO - Epoch [25][1100/1652]	lr: 8.000e-04, eta: 1:42:34, time: 0.331, data_time: 0.028, memory: 9507, vote_loss: 2.6284, objectness_loss: 0.2842, semantic_loss: 0.2307, center_loss: 0.3900, dir_class_loss: 0.7501, dir_res_loss: 0.5293, size_class_loss: 0.2307, size_res_loss: 0.1970, loss: 5.2405, grad_norm: 7.1350
2026-05-18 15:03:14,671 - mmdet - INFO - Epoch [25][1150/1652]	lr: 8.000e-04, eta: 1:42:17, time: 0.327, data_time: 0.024, memory: 9507, vote_loss: 2.6602, objectness_loss: 0.2968, semantic_loss: 0.2514, center_loss: 0.3880, dir_class_loss: 0.7216, dir_res_loss: 0.4793, size_class_loss: 0.2514, size_res_loss: 0.1962, loss: 5.2449, grad_norm: 7.0672
2026-05-18 15:03:30,873 - mmdet - INFO - Epoch [25][1200/1652]	lr: 8.000e-04, eta: 1:42:01, time: 0.324, data_time: 0.024, memory: 9507, vote_loss: 2.6296, objectness_loss: 0.2958, semantic_loss: 0.2417, center_loss: 0.3432, dir_class_loss: 0.7200, dir_res_loss: 0.4040, size_class_loss: 0.2417, size_res_loss: 0.2190, loss: 5.0950, grad_norm: 7.1832
2026-05-18 15:03:47,200 - mmdet - INFO - Epoch [25][1250/1652]	lr: 8.000e-04, eta: 1:41:44, time: 0.327, data_time: 0.024, memory: 9507, vote_loss: 2.7656, objectness_loss: 0.2851, semantic_loss: 0.2420, center_loss: 0.3376, dir_class_loss: 0.6374, dir_res_loss: 0.3948, size_class_loss: 0.2420, size_res_loss: 0.2205, loss: 5.1249, grad_norm: 7.3707
2026-05-18 15:04:03,527 - mmdet - INFO - Epoch [25][1300/1652]	lr: 8.000e-04, eta: 1:41:28, time: 0.327, data_time: 0.024, memory: 9507, vote_loss: 2.8298, objectness_loss: 0.2767, semantic_loss: 0.2493, center_loss: 0.3628, dir_class_loss: 0.7664, dir_res_loss: 0.4855, size_class_loss: 0.2493, size_res_loss: 0.2284, loss: 5.4483, grad_norm: 7.3957
2026-05-18 15:04:19,886 - mmdet - INFO - Epoch [25][1350/1652]	lr: 8.000e-04, eta: 1:41:11, time: 0.327, data_time: 0.025, memory: 9507, vote_loss: 2.6382, objectness_loss: 0.2647, semantic_loss: 0.2367, center_loss: 0.3934, dir_class_loss: 0.7534, dir_res_loss: 0.4989, size_class_loss: 0.2367, size_res_loss: 0.1988, loss: 5.2207, grad_norm: 6.7857
2026-05-18 15:04:36,259 - mmdet - INFO - Epoch [25][1400/1652]	lr: 8.000e-04, eta: 1:40:55, time: 0.327, data_time: 0.024, memory: 9507, vote_loss: 2.7679, objectness_loss: 0.3200, semantic_loss: 0.2427, center_loss: 0.3643, dir_class_loss: 0.7466, dir_res_loss: 0.5158, size_class_loss: 0.2427, size_res_loss: 0.2132, loss: 5.4132, grad_norm: 6.6284
2026-05-18 15:04:52,616 - mmdet - INFO - Epoch [25][1450/1652]	lr: 8.000e-04, eta: 1:40:39, time: 0.327, data_time: 0.024, memory: 9507, vote_loss: 2.7643, objectness_loss: 0.2692, semantic_loss: 0.2333, center_loss: 0.3486, dir_class_loss: 0.8006, dir_res_loss: 0.4828, size_class_loss: 0.2333, size_res_loss: 0.2513, loss: 5.3833, grad_norm: 7.4346
2026-05-18 15:05:08,994 - mmdet - INFO - Epoch [25][1500/1652]	lr: 8.000e-04, eta: 1:40:22, time: 0.328, data_time: 0.025, memory: 9507, vote_loss: 2.7533, objectness_loss: 0.2819, semantic_loss: 0.2258, center_loss: 0.3499, dir_class_loss: 0.7411, dir_res_loss: 0.5075, size_class_loss: 0.2258, size_res_loss: 0.2414, loss: 5.3266, grad_norm: 6.9561
2026-05-18 15:05:25,385 - mmdet - INFO - Epoch [25][1550/1652]	lr: 8.000e-04, eta: 1:40:06, time: 0.328, data_time: 0.024, memory: 9507, vote_loss: 2.7795, objectness_loss: 0.3096, semantic_loss: 0.2152, center_loss: 0.3733, dir_class_loss: 0.7275, dir_res_loss: 0.4382, size_class_loss: 0.2152, size_res_loss: 0.2194, loss: 5.2779, grad_norm: 7.2087
2026-05-18 15:05:41,767 - mmdet - INFO - Epoch [25][1600/1652]	lr: 8.000e-04, eta: 1:39:49, time: 0.328, data_time: 0.025, memory: 9507, vote_loss: 2.7749, objectness_loss: 0.2741, semantic_loss: 0.2401, center_loss: 0.3495, dir_class_loss: 0.7538, dir_res_loss: 0.4369, size_class_loss: 0.2401, size_res_loss: 0.2151, loss: 5.2845, grad_norm: 7.4842
2026-05-18 15:05:58,072 - mmdet - INFO - Epoch [25][1650/1652]	lr: 8.000e-04, eta: 1:39:33, time: 0.326, data_time: 0.024, memory: 9507, vote_loss: 2.8049, objectness_loss: 0.2941, semantic_loss: 0.2782, center_loss: 0.3928, dir_class_loss: 0.7847, dir_res_loss: 0.4728, size_class_loss: 0.2782, size_res_loss: 0.2446, loss: 5.5505, grad_norm: 7.5125
2026-05-18 15:05:58,802 - mmdet - INFO - Saving checkpoint at 25 epochs
2026-05-18 15:06:18,089 - mmdet - INFO - Epoch [26][50/1652]	lr: 8.000e-04, eta: 1:39:16, time: 0.380, data_time: 0.078, memory: 9507, vote_loss: 2.7016, objectness_loss: 0.2652, semantic_loss: 0.2106, center_loss: 0.3383, dir_class_loss: 0.7765, dir_res_loss: 0.4665, size_class_loss: 0.2106, size_res_loss: 0.2032, loss: 5.1726, grad_norm: 7.4416
2026-05-18 15:06:34,392 - mmdet - INFO - Epoch [26][100/1652]	lr: 8.000e-04, eta: 1:39:00, time: 0.326, data_time: 0.024, memory: 9507, vote_loss: 2.7330, objectness_loss: 0.2791, semantic_loss: 0.2380, center_loss: 0.3549, dir_class_loss: 0.7845, dir_res_loss: 0.5614, size_class_loss: 0.2380, size_res_loss: 0.2096, loss: 5.3985, grad_norm: 7.2275
2026-05-18 15:06:50,767 - mmdet - INFO - Epoch [26][150/1652]	lr: 8.000e-04, eta: 1:38:43, time: 0.327, data_time: 0.025, memory: 9507, vote_loss: 2.8262, objectness_loss: 0.2644, semantic_loss: 0.2277, center_loss: 0.3458, dir_class_loss: 0.6872, dir_res_loss: 0.4633, size_class_loss: 0.2277, size_res_loss: 0.2110, loss: 5.2533, grad_norm: 7.0837
2026-05-18 15:07:07,126 - mmdet - INFO - Epoch [26][200/1652]	lr: 8.000e-04, eta: 1:38:27, time: 0.327, data_time: 0.025, memory: 9507, vote_loss: 2.6794, objectness_loss: 0.2651, semantic_loss: 0.2280, center_loss: 0.3303, dir_class_loss: 0.7158, dir_res_loss: 0.5003, size_class_loss: 0.2280, size_res_loss: 0.2168, loss: 5.1638, grad_norm: 7.0267
2026-05-18 15:07:23,508 - mmdet - INFO - Epoch [26][250/1652]	lr: 8.000e-04, eta: 1:38:11, time: 0.328, data_time: 0.024, memory: 9507, vote_loss: 2.7914, objectness_loss: 0.2921, semantic_loss: 0.2120, center_loss: 0.3477, dir_class_loss: 0.7743, dir_res_loss: 0.5032, size_class_loss: 0.2120, size_res_loss: 0.2387, loss: 5.3715, grad_norm: 6.7056
2026-05-18 15:07:39,940 - mmdet - INFO - Epoch [26][300/1652]	lr: 8.000e-04, eta: 1:37:54, time: 0.329, data_time: 0.025, memory: 9507, vote_loss: 2.7136, objectness_loss: 0.2939, semantic_loss: 0.2227, center_loss: 0.3468, dir_class_loss: 0.7238, dir_res_loss: 0.4988, size_class_loss: 0.2227, size_res_loss: 0.2173, loss: 5.2396, grad_norm: 6.9200
2026-05-18 15:07:56,364 - mmdet - INFO - Epoch [26][350/1652]	lr: 8.000e-04, eta: 1:37:38, time: 0.328, data_time: 0.025, memory: 9507, vote_loss: 2.8069, objectness_loss: 0.2822, semantic_loss: 0.2493, center_loss: 0.3602, dir_class_loss: 0.7033, dir_res_loss: 0.4425, size_class_loss: 0.2493, size_res_loss: 0.2276, loss: 5.3214, grad_norm: 7.4261
2026-05-18 15:08:12,756 - mmdet - INFO - Epoch [26][400/1652]	lr: 8.000e-04, eta: 1:37:21, time: 0.328, data_time: 0.025, memory: 9507, vote_loss: 2.6856, objectness_loss: 0.2857, semantic_loss: 0.2337, center_loss: 0.3249, dir_class_loss: 0.8116, dir_res_loss: 0.5406, size_class_loss: 0.2337, size_res_loss: 0.2078, loss: 5.3237, grad_norm: 6.4577
2026-05-18 15:08:29,137 - mmdet - INFO - Epoch [26][450/1652]	lr: 8.000e-04, eta: 1:37:05, time: 0.328, data_time: 0.025, memory: 9507, vote_loss: 2.7618, objectness_loss: 0.2765, semantic_loss: 0.2316, center_loss: 0.3579, dir_class_loss: 0.7835, dir_res_loss: 0.5172, size_class_loss: 0.2316, size_res_loss: 0.2182, loss: 5.3783, grad_norm: 6.8194
2026-05-18 15:08:45,498 - mmdet - INFO - Epoch [26][500/1652]	lr: 8.000e-04, eta: 1:36:48, time: 0.327, data_time: 0.025, memory: 9507, vote_loss: 2.6859, objectness_loss: 0.2794, semantic_loss: 0.2001, center_loss: 0.3530, dir_class_loss: 0.7200, dir_res_loss: 0.4623, size_class_loss: 0.2001, size_res_loss: 0.2014, loss: 5.1022, grad_norm: 7.2933
2026-05-18 15:09:01,827 - mmdet - INFO - Epoch [26][550/1652]	lr: 8.000e-04, eta: 1:36:32, time: 0.327, data_time: 0.025, memory: 9507, vote_loss: 2.7509, objectness_loss: 0.3137, semantic_loss: 0.2463, center_loss: 0.3446, dir_class_loss: 0.7401, dir_res_loss: 0.4295, size_class_loss: 0.2463, size_res_loss: 0.2333, loss: 5.3046, grad_norm: 6.8644
2026-05-18 15:09:18,228 - mmdet - INFO - Epoch [26][600/1652]	lr: 8.000e-04, eta: 1:36:15, time: 0.328, data_time: 0.024, memory: 9507, vote_loss: 2.6373, objectness_loss: 0.2722, semantic_loss: 0.2400, center_loss: 0.3920, dir_class_loss: 0.7773, dir_res_loss: 0.4576, size_class_loss: 0.2400, size_res_loss: 0.2217, loss: 5.2383, grad_norm: 6.5742
2026-05-18 15:09:34,490 - mmdet - INFO - Epoch [26][650/1652]	lr: 8.000e-04, eta: 1:35:59, time: 0.325, data_time: 0.024, memory: 9507, vote_loss: 2.7246, objectness_loss: 0.2937, semantic_loss: 0.2531, center_loss: 0.3621, dir_class_loss: 0.7517, dir_res_loss: 0.4508, size_class_loss: 0.2531, size_res_loss: 0.2256, loss: 5.3148, grad_norm: 7.4289
2026-05-18 15:09:50,818 - mmdet - INFO - Exp name: votenet-ff_16x8_sunrgbd-3d-10class.py
2026-05-18 15:09:50,818 - mmdet - INFO - Epoch [26][700/1652]	lr: 8.000e-04, eta: 1:35:42, time: 0.327, data_time: 0.024, memory: 9507, vote_loss: 2.5468, objectness_loss: 0.2637, semantic_loss: 0.2361, center_loss: 0.3493, dir_class_loss: 0.6495, dir_res_loss: 0.4440, size_class_loss: 0.2361, size_res_loss: 0.2081, loss: 4.9337, grad_norm: 7.1500
2026-05-18 15:10:07,261 - mmdet - INFO - Epoch [26][750/1652]	lr: 8.000e-04, eta: 1:35:26, time: 0.329, data_time: 0.025, memory: 9507, vote_loss: 2.6863, objectness_loss: 0.2729, semantic_loss: 0.2167, center_loss: 0.4307, dir_class_loss: 0.6989, dir_res_loss: 0.4589, size_class_loss: 0.2167, size_res_loss: 0.2089, loss: 5.1900, grad_norm: 7.3853
2026-05-18 15:10:23,616 - mmdet - INFO - Epoch [26][800/1652]	lr: 8.000e-04, eta: 1:35:09, time: 0.327, data_time: 0.025, memory: 9507, vote_loss: 2.7344, objectness_loss: 0.2737, semantic_loss: 0.2296, center_loss: 0.3328, dir_class_loss: 0.6720, dir_res_loss: 0.4733, size_class_loss: 0.2296, size_res_loss: 0.2049, loss: 5.1503, grad_norm: 7.1379
2026-05-18 15:10:39,989 - mmdet - INFO - Epoch [26][850/1652]	lr: 8.000e-04, eta: 1:34:53, time: 0.327, data_time: 0.025, memory: 9507, vote_loss: 2.7323, objectness_loss: 0.2610, semantic_loss: 0.2255, center_loss: 0.3584, dir_class_loss: 0.7446, dir_res_loss: 0.4714, size_class_loss: 0.2255, size_res_loss: 0.2559, loss: 5.2745, grad_norm: 7.2519
2026-05-18 15:10:56,334 - mmdet - INFO - Epoch [26][900/1652]	lr: 8.000e-04, eta: 1:34:37, time: 0.327, data_time: 0.025, memory: 9507, vote_loss: 2.7517, objectness_loss: 0.2768, semantic_loss: 0.2140, center_loss: 0.3311, dir_class_loss: 0.7024, dir_res_loss: 0.5056, size_class_loss: 0.2139, size_res_loss: 0.2041, loss: 5.1994, grad_norm: 6.9700
2026-05-18 15:11:12,683 - mmdet - INFO - Epoch [26][950/1652]	lr: 8.000e-04, eta: 1:34:20, time: 0.327, data_time: 0.024, memory: 9507, vote_loss: 2.5508, objectness_loss: 0.2841, semantic_loss: 0.2040, center_loss: 0.3568, dir_class_loss: 0.7196, dir_res_loss: 0.4523, size_class_loss: 0.2040, size_res_loss: 0.2214, loss: 4.9929, grad_norm: 6.8504
2026-05-18 15:11:29,054 - mmdet - INFO - Epoch [26][1000/1652]	lr: 8.000e-04, eta: 1:34:04, time: 0.327, data_time: 0.025, memory: 9507, vote_loss: 2.7044, objectness_loss: 0.2934, semantic_loss: 0.2289, center_loss: 0.3181, dir_class_loss: 0.6863, dir_res_loss: 0.4896, size_class_loss: 0.2289, size_res_loss: 0.2012, loss: 5.1506, grad_norm: 6.9902
2026-05-18 15:11:45,375 - mmdet - INFO - Epoch [26][1050/1652]	lr: 8.000e-04, eta: 1:33:47, time: 0.326, data_time: 0.025, memory: 9507, vote_loss: 2.6515, objectness_loss: 0.2932, semantic_loss: 0.2232, center_loss: 0.3292, dir_class_loss: 0.6991, dir_res_loss: 0.5369, size_class_loss: 0.2232, size_res_loss: 0.2116, loss: 5.1680, grad_norm: 7.1328
2026-05-18 15:12:01,660 - mmdet - INFO - Epoch [26][1100/1652]	lr: 8.000e-04, eta: 1:33:31, time: 0.326, data_time: 0.024, memory: 9507, vote_loss: 2.6431, objectness_loss: 0.2947, semantic_loss: 0.2303, center_loss: 0.3426, dir_class_loss: 0.7235, dir_res_loss: 0.4990, size_class_loss: 0.2303, size_res_loss: 0.2335, loss: 5.1969, grad_norm: 7.1489
2026-05-18 15:12:18,284 - mmdet - INFO - Epoch [26][1150/1652]	lr: 8.000e-04, eta: 1:33:14, time: 0.332, data_time: 0.029, memory: 9507, vote_loss: 2.6209, objectness_loss: 0.2592, semantic_loss: 0.2423, center_loss: 0.3372, dir_class_loss: 0.6490, dir_res_loss: 0.4769, size_class_loss: 0.2423, size_res_loss: 0.1884, loss: 5.0162, grad_norm: 7.2593
2026-05-18 15:12:34,643 - mmdet - INFO - Epoch [26][1200/1652]	lr: 8.000e-04, eta: 1:32:58, time: 0.327, data_time: 0.025, memory: 9507, vote_loss: 2.6791, objectness_loss: 0.2769, semantic_loss: 0.2233, center_loss: 0.3902, dir_class_loss: 0.6879, dir_res_loss: 0.5098, size_class_loss: 0.2233, size_res_loss: 0.2114, loss: 5.2018, grad_norm: 7.4029
2026-05-18 15:12:51,037 - mmdet - INFO - Epoch [26][1250/1652]	lr: 8.000e-04, eta: 1:32:41, time: 0.328, data_time: 0.024, memory: 9507, vote_loss: 2.6976, objectness_loss: 0.2670, semantic_loss: 0.2288, center_loss: 0.3305, dir_class_loss: 0.6998, dir_res_loss: 0.5175, size_class_loss: 0.2288, size_res_loss: 0.2035, loss: 5.1736, grad_norm: 7.1781
2026-05-18 15:13:07,342 - mmdet - INFO - Epoch [26][1300/1652]	lr: 8.000e-04, eta: 1:32:25, time: 0.326, data_time: 0.025, memory: 9507, vote_loss: 2.6898, objectness_loss: 0.3065, semantic_loss: 0.2128, center_loss: 0.4058, dir_class_loss: 0.6859, dir_res_loss: 0.3858, size_class_loss: 0.2128, size_res_loss: 0.2398, loss: 5.1391, grad_norm: 8.2747
2026-05-18 15:13:23,689 - mmdet - INFO - Epoch [26][1350/1652]	lr: 8.000e-04, eta: 1:32:08, time: 0.327, data_time: 0.024, memory: 9507, vote_loss: 2.7296, objectness_loss: 0.2792, semantic_loss: 0.2546, center_loss: 0.3506, dir_class_loss: 0.7446, dir_res_loss: 0.4743, size_class_loss: 0.2546, size_res_loss: 0.2230, loss: 5.3105, grad_norm: 7.4416
2026-05-18 15:13:40,038 - mmdet - INFO - Epoch [26][1400/1652]	lr: 8.000e-04, eta: 1:31:52, time: 0.327, data_time: 0.024, memory: 9507, vote_loss: 2.6588, objectness_loss: 0.2628, semantic_loss: 0.2162, center_loss: 0.3398, dir_class_loss: 0.7724, dir_res_loss: 0.5317, size_class_loss: 0.2162, size_res_loss: 0.2019, loss: 5.1999, grad_norm: 7.5982
2026-05-18 15:13:56,393 - mmdet - INFO - Epoch [26][1450/1652]	lr: 8.000e-04, eta: 1:31:36, time: 0.327, data_time: 0.024, memory: 9507, vote_loss: 2.8192, objectness_loss: 0.2922, semantic_loss: 0.2194, center_loss: 0.3880, dir_class_loss: 0.7165, dir_res_loss: 0.4345, size_class_loss: 0.2194, size_res_loss: 0.2214, loss: 5.3106, grad_norm: 7.7683
2026-05-18 15:14:12,759 - mmdet - INFO - Epoch [26][1500/1652]	lr: 8.000e-04, eta: 1:31:19, time: 0.327, data_time: 0.024, memory: 9507, vote_loss: 2.7099, objectness_loss: 0.2849, semantic_loss: 0.2127, center_loss: 0.3469, dir_class_loss: 0.7040, dir_res_loss: 0.4617, size_class_loss: 0.2127, size_res_loss: 0.2424, loss: 5.1752, grad_norm: 7.3374
2026-05-18 15:14:29,115 - mmdet - INFO - Epoch [26][1550/1652]	lr: 8.000e-04, eta: 1:31:03, time: 0.327, data_time: 0.024, memory: 9507, vote_loss: 2.6152, objectness_loss: 0.2635, semantic_loss: 0.1822, center_loss: 0.3575, dir_class_loss: 0.7194, dir_res_loss: 0.4668, size_class_loss: 0.1822, size_res_loss: 0.2121, loss: 4.9989, grad_norm: 7.2127
2026-05-18 15:14:45,362 - mmdet - INFO - Epoch [26][1600/1652]	lr: 8.000e-04, eta: 1:30:46, time: 0.325, data_time: 0.023, memory: 9507, vote_loss: 2.6487, objectness_loss: 0.2994, semantic_loss: 0.1982, center_loss: 0.3268, dir_class_loss: 0.7391, dir_res_loss: 0.5006, size_class_loss: 0.1982, size_res_loss: 0.2057, loss: 5.1166, grad_norm: 7.0175
2026-05-18 15:15:01,748 - mmdet - INFO - Epoch [26][1650/1652]	lr: 8.000e-04, eta: 1:30:30, time: 0.328, data_time: 0.025, memory: 9507, vote_loss: 2.5814, objectness_loss: 0.2604, semantic_loss: 0.1999, center_loss: 0.3190, dir_class_loss: 0.7241, dir_res_loss: 0.4755, size_class_loss: 0.1999, size_res_loss: 0.2168, loss: 4.9771, grad_norm: 6.8522
2026-05-18 15:15:02,484 - mmdet - INFO - Saving checkpoint at 26 epochs
2026-05-18 15:15:21,943 - mmdet - INFO - Epoch [27][50/1652]	lr: 8.000e-04, eta: 1:30:13, time: 0.384, data_time: 0.079, memory: 9507, vote_loss: 2.6239, objectness_loss: 0.2830, semantic_loss: 0.2213, center_loss: 0.3337, dir_class_loss: 0.7014, dir_res_loss: 0.4291, size_class_loss: 0.2213, size_res_loss: 0.2095, loss: 5.0231, grad_norm: 7.1663
2026-05-18 15:15:38,218 - mmdet - INFO - Epoch [27][100/1652]	lr: 8.000e-04, eta: 1:29:57, time: 0.326, data_time: 0.023, memory: 9507, vote_loss: 2.6898, objectness_loss: 0.2759, semantic_loss: 0.1970, center_loss: 0.3602, dir_class_loss: 0.6670, dir_res_loss: 0.4705, size_class_loss: 0.1970, size_res_loss: 0.2249, loss: 5.0823, grad_norm: 7.5266
2026-05-18 15:15:54,531 - mmdet - INFO - Epoch [27][150/1652]	lr: 8.000e-04, eta: 1:29:40, time: 0.326, data_time: 0.023, memory: 9507, vote_loss: 2.4869, objectness_loss: 0.2738, semantic_loss: 0.1890, center_loss: 0.3369, dir_class_loss: 0.6491, dir_res_loss: 0.5308, size_class_loss: 0.1890, size_res_loss: 0.1929, loss: 4.8485, grad_norm: 6.5990
2026-05-18 15:16:10,773 - mmdet - INFO - Epoch [27][200/1652]	lr: 8.000e-04, eta: 1:29:24, time: 0.325, data_time: 0.023, memory: 9507, vote_loss: 2.6582, objectness_loss: 0.2750, semantic_loss: 0.1723, center_loss: 0.3546, dir_class_loss: 0.7177, dir_res_loss: 0.4246, size_class_loss: 0.1723, size_res_loss: 0.2026, loss: 4.9774, grad_norm: 7.2036
2026-05-18 15:16:27,136 - mmdet - INFO - Epoch [27][250/1652]	lr: 8.000e-04, eta: 1:29:07, time: 0.327, data_time: 0.023, memory: 9507, vote_loss: 2.6949, objectness_loss: 0.2617, semantic_loss: 0.1871, center_loss: 0.3239, dir_class_loss: 0.6795, dir_res_loss: 0.4539, size_class_loss: 0.1871, size_res_loss: 0.2100, loss: 4.9983, grad_norm: 6.6486
2026-05-18 15:16:43,566 - mmdet - INFO - Epoch [27][300/1652]	lr: 8.000e-04, eta: 1:28:51, time: 0.329, data_time: 0.025, memory: 9507, vote_loss: 2.7756, objectness_loss: 0.2666, semantic_loss: 0.2264, center_loss: 0.3650, dir_class_loss: 0.7478, dir_res_loss: 0.4910, size_class_loss: 0.2264, size_res_loss: 0.2247, loss: 5.3236, grad_norm: 7.2851
2026-05-18 15:16:59,851 - mmdet - INFO - Epoch [27][350/1652]	lr: 8.000e-04, eta: 1:28:34, time: 0.326, data_time: 0.024, memory: 9507, vote_loss: 2.6802, objectness_loss: 0.2761, semantic_loss: 0.2373, center_loss: 0.3479, dir_class_loss: 0.7438, dir_res_loss: 0.4803, size_class_loss: 0.2373, size_res_loss: 0.2095, loss: 5.2123, grad_norm: 7.5130
2026-05-18 15:17:16,126 - mmdet - INFO - Epoch [27][400/1652]	lr: 8.000e-04, eta: 1:28:18, time: 0.325, data_time: 0.024, memory: 9507, vote_loss: 2.6369, objectness_loss: 0.2752, semantic_loss: 0.2529, center_loss: 0.3176, dir_class_loss: 0.6701, dir_res_loss: 0.4805, size_class_loss: 0.2529, size_res_loss: 0.1969, loss: 5.0829, grad_norm: 7.3101
2026-05-18 15:17:32,471 - mmdet - INFO - Epoch [27][450/1652]	lr: 8.000e-04, eta: 1:28:01, time: 0.327, data_time: 0.025, memory: 9507, vote_loss: 2.6630, objectness_loss: 0.2728, semantic_loss: 0.2310, center_loss: 0.3569, dir_class_loss: 0.7337, dir_res_loss: 0.4186, size_class_loss: 0.2310, size_res_loss: 0.2203, loss: 5.1275, grad_norm: 7.4257
2026-05-18 15:17:48,840 - mmdet - INFO - Epoch [27][500/1652]	lr: 8.000e-04, eta: 1:27:45, time: 0.327, data_time: 0.024, memory: 9507, vote_loss: 2.6935, objectness_loss: 0.2775, semantic_loss: 0.2204, center_loss: 0.3587, dir_class_loss: 0.6664, dir_res_loss: 0.4575, size_class_loss: 0.2204, size_res_loss: 0.2074, loss: 5.1020, grad_norm: 7.2287
2026-05-18 15:18:05,154 - mmdet - INFO - Epoch [27][550/1652]	lr: 8.000e-04, eta: 1:27:29, time: 0.326, data_time: 0.023, memory: 9507, vote_loss: 2.7072, objectness_loss: 0.2650, semantic_loss: 0.2203, center_loss: 0.3264, dir_class_loss: 0.7129, dir_res_loss: 0.4910, size_class_loss: 0.2203, size_res_loss: 0.2144, loss: 5.1575, grad_norm: 7.0245
2026-05-18 15:18:21,481 - mmdet - INFO - Epoch [27][600/1652]	lr: 8.000e-04, eta: 1:27:12, time: 0.327, data_time: 0.024, memory: 9507, vote_loss: 2.5890, objectness_loss: 0.2936, semantic_loss: 0.2045, center_loss: 0.3320, dir_class_loss: 0.7679, dir_res_loss: 0.4524, size_class_loss: 0.2044, size_res_loss: 0.1950, loss: 5.0389, grad_norm: 7.0605
2026-05-18 15:18:37,780 - mmdet - INFO - Epoch [27][650/1652]	lr: 8.000e-04, eta: 1:26:56, time: 0.326, data_time: 0.024, memory: 9507, vote_loss: 2.6676, objectness_loss: 0.2788, semantic_loss: 0.2175, center_loss: 0.3161, dir_class_loss: 0.6364, dir_res_loss: 0.3802, size_class_loss: 0.2175, size_res_loss: 0.2235, loss: 4.9375, grad_norm: 7.1899
2026-05-18 15:18:54,023 - mmdet - INFO - Epoch [27][700/1652]	lr: 8.000e-04, eta: 1:26:39, time: 0.325, data_time: 0.024, memory: 9507, vote_loss: 2.5727, objectness_loss: 0.2727, semantic_loss: 0.2415, center_loss: 0.3417, dir_class_loss: 0.6983, dir_res_loss: 0.4795, size_class_loss: 0.2415, size_res_loss: 0.1973, loss: 5.0452, grad_norm: 7.3527
2026-05-18 15:19:10,282 - mmdet - INFO - Epoch [27][750/1652]	lr: 8.000e-04, eta: 1:26:23, time: 0.325, data_time: 0.023, memory: 9507, vote_loss: 2.6273, objectness_loss: 0.2787, semantic_loss: 0.2170, center_loss: 0.3153, dir_class_loss: 0.6972, dir_res_loss: 0.5011, size_class_loss: 0.2171, size_res_loss: 0.2216, loss: 5.0753, grad_norm: 7.3259
2026-05-18 15:19:26,558 - mmdet - INFO - Epoch [27][800/1652]	lr: 8.000e-04, eta: 1:26:06, time: 0.326, data_time: 0.023, memory: 9507, vote_loss: 2.6548, objectness_loss: 0.2685, semantic_loss: 0.2134, center_loss: 0.3285, dir_class_loss: 0.8159, dir_res_loss: 0.5012, size_class_loss: 0.2134, size_res_loss: 0.2159, loss: 5.2116, grad_norm: 7.0415
2026-05-18 15:19:42,883 - mmdet - INFO - Epoch [27][850/1652]	lr: 8.000e-04, eta: 1:25:50, time: 0.327, data_time: 0.023, memory: 9507, vote_loss: 2.6915, objectness_loss: 0.2864, semantic_loss: 0.2293, center_loss: 0.3593, dir_class_loss: 0.7127, dir_res_loss: 0.4687, size_class_loss: 0.2293, size_res_loss: 0.2137, loss: 5.1909, grad_norm: 6.5132
2026-05-18 15:19:59,112 - mmdet - INFO - Epoch [27][900/1652]	lr: 8.000e-04, eta: 1:25:33, time: 0.325, data_time: 0.023, memory: 9507, vote_loss: 2.6378, objectness_loss: 0.2712, semantic_loss: 0.2389, center_loss: 0.3547, dir_class_loss: 0.6775, dir_res_loss: 0.4406, size_class_loss: 0.2389, size_res_loss: 0.2189, loss: 5.0785, grad_norm: 6.9538
2026-05-18 15:20:15,348 - mmdet - INFO - Epoch [27][950/1652]	lr: 8.000e-04, eta: 1:25:17, time: 0.325, data_time: 0.023, memory: 9507, vote_loss: 2.6736, objectness_loss: 0.2869, semantic_loss: 0.2184, center_loss: 0.3317, dir_class_loss: 0.6683, dir_res_loss: 0.4839, size_class_loss: 0.2184, size_res_loss: 0.2026, loss: 5.0837, grad_norm: 7.3257
2026-05-18 15:20:31,558 - mmdet - INFO - Epoch [27][1000/1652]	lr: 8.000e-04, eta: 1:25:00, time: 0.324, data_time: 0.023, memory: 9507, vote_loss: 2.4810, objectness_loss: 0.2645, semantic_loss: 0.2062, center_loss: 0.3231, dir_class_loss: 0.6945, dir_res_loss: 0.4003, size_class_loss: 0.2062, size_res_loss: 0.1981, loss: 4.7738, grad_norm: 7.0753
2026-05-18 15:20:47,886 - mmdet - INFO - Epoch [27][1050/1652]	lr: 8.000e-04, eta: 1:24:44, time: 0.327, data_time: 0.023, memory: 9507, vote_loss: 2.6362, objectness_loss: 0.2815, semantic_loss: 0.2143, center_loss: 0.3320, dir_class_loss: 0.6796, dir_res_loss: 0.4452, size_class_loss: 0.2143, size_res_loss: 0.2077, loss: 5.0109, grad_norm: 6.8830
2026-05-18 15:21:04,188 - mmdet - INFO - Epoch [27][1100/1652]	lr: 8.000e-04, eta: 1:24:27, time: 0.326, data_time: 0.024, memory: 9507, vote_loss: 2.5851, objectness_loss: 0.2691, semantic_loss: 0.1815, center_loss: 0.3023, dir_class_loss: 0.6870, dir_res_loss: 0.4541, size_class_loss: 0.1815, size_res_loss: 0.2024, loss: 4.8629, grad_norm: 6.7818
2026-05-18 15:21:20,527 - mmdet - INFO - Epoch [27][1150/1652]	lr: 8.000e-04, eta: 1:24:11, time: 0.327, data_time: 0.024, memory: 9507, vote_loss: 2.6417, objectness_loss: 0.2908, semantic_loss: 0.2165, center_loss: 0.3413, dir_class_loss: 0.7569, dir_res_loss: 0.4635, size_class_loss: 0.2165, size_res_loss: 0.2107, loss: 5.1378, grad_norm: 7.0127
2026-05-18 15:21:37,058 - mmdet - INFO - Epoch [27][1200/1652]	lr: 8.000e-04, eta: 1:23:54, time: 0.331, data_time: 0.025, memory: 9507, vote_loss: 2.7684, objectness_loss: 0.2833, semantic_loss: 0.2167, center_loss: 0.3671, dir_class_loss: 0.6985, dir_res_loss: 0.4324, size_class_loss: 0.2167, size_res_loss: 0.2342, loss: 5.2175, grad_norm: 7.6359
2026-05-18 15:21:53,629 - mmdet - INFO - Epoch [27][1250/1652]	lr: 8.000e-04, eta: 1:23:38, time: 0.331, data_time: 0.029, memory: 9507, vote_loss: 2.5844, objectness_loss: 0.2946, semantic_loss: 0.2270, center_loss: 0.3424, dir_class_loss: 0.6868, dir_res_loss: 0.5019, size_class_loss: 0.2270, size_res_loss: 0.2240, loss: 5.0880, grad_norm: 7.0657
2026-05-18 15:22:10,022 - mmdet - INFO - Epoch [27][1300/1652]	lr: 8.000e-04, eta: 1:23:21, time: 0.328, data_time: 0.025, memory: 9507, vote_loss: 2.6238, objectness_loss: 0.2531, semantic_loss: 0.1994, center_loss: 0.3313, dir_class_loss: 0.7061, dir_res_loss: 0.4291, size_class_loss: 0.1994, size_res_loss: 0.1804, loss: 4.9225, grad_norm: 6.9232
2026-05-18 15:22:26,402 - mmdet - INFO - Epoch [27][1350/1652]	lr: 8.000e-04, eta: 1:23:05, time: 0.328, data_time: 0.025, memory: 9507, vote_loss: 2.6976, objectness_loss: 0.2775, semantic_loss: 0.2089, center_loss: 0.3350, dir_class_loss: 0.7194, dir_res_loss: 0.4070, size_class_loss: 0.2089, size_res_loss: 0.2090, loss: 5.0632, grad_norm: 7.3771
2026-05-18 15:22:42,799 - mmdet - INFO - Epoch [27][1400/1652]	lr: 8.000e-04, eta: 1:22:49, time: 0.328, data_time: 0.024, memory: 9507, vote_loss: 2.5927, objectness_loss: 0.2765, semantic_loss: 0.2246, center_loss: 0.5016, dir_class_loss: 0.6780, dir_res_loss: 0.5321, size_class_loss: 0.2246, size_res_loss: 0.2143, loss: 5.2443, grad_norm: 7.3302
2026-05-18 15:22:59,261 - mmdet - INFO - Epoch [27][1450/1652]	lr: 8.000e-04, eta: 1:22:32, time: 0.329, data_time: 0.024, memory: 9507, vote_loss: 2.6747, objectness_loss: 0.2848, semantic_loss: 0.2250, center_loss: 0.3448, dir_class_loss: 0.7612, dir_res_loss: 0.4883, size_class_loss: 0.2250, size_res_loss: 0.2247, loss: 5.2286, grad_norm: 7.2073
2026-05-18 15:23:15,669 - mmdet - INFO - Epoch [27][1500/1652]	lr: 8.000e-04, eta: 1:22:16, time: 0.328, data_time: 0.025, memory: 9507, vote_loss: 2.5522, objectness_loss: 0.2810, semantic_loss: 0.2050, center_loss: 0.3401, dir_class_loss: 0.7103, dir_res_loss: 0.5170, size_class_loss: 0.2050, size_res_loss: 0.2074, loss: 5.0180, grad_norm: 7.1946
2026-05-18 15:23:32,071 - mmdet - INFO - Epoch [27][1550/1652]	lr: 8.000e-04, eta: 1:21:59, time: 0.328, data_time: 0.025, memory: 9507, vote_loss: 2.6401, objectness_loss: 0.2556, semantic_loss: 0.2280, center_loss: 0.3348, dir_class_loss: 0.7392, dir_res_loss: 0.4727, size_class_loss: 0.2280, size_res_loss: 0.1991, loss: 5.0974, grad_norm: 7.2732
2026-05-18 15:23:48,519 - mmdet - INFO - Epoch [27][1600/1652]	lr: 8.000e-04, eta: 1:21:43, time: 0.329, data_time: 0.025, memory: 9507, vote_loss: 2.6484, objectness_loss: 0.2916, semantic_loss: 0.2148, center_loss: 0.3563, dir_class_loss: 0.6573, dir_res_loss: 0.4616, size_class_loss: 0.2148, size_res_loss: 0.2297, loss: 5.0743, grad_norm: 7.5314
2026-05-18 15:24:04,823 - mmdet - INFO - Epoch [27][1650/1652]	lr: 8.000e-04, eta: 1:21:26, time: 0.326, data_time: 0.024, memory: 9507, vote_loss: 2.6341, objectness_loss: 0.2992, semantic_loss: 0.2147, center_loss: 0.3438, dir_class_loss: 0.6944, dir_res_loss: 0.4308, size_class_loss: 0.2147, size_res_loss: 0.2005, loss: 5.0321, grad_norm: 7.8937
2026-05-18 15:24:05,557 - mmdet - INFO - Saving checkpoint at 27 epochs
2026-05-18 15:24:25,006 - mmdet - INFO - Epoch [28][50/1652]	lr: 8.000e-04, eta: 1:21:10, time: 0.383, data_time: 0.079, memory: 9507, vote_loss: 2.6076, objectness_loss: 0.2441, semantic_loss: 0.2017, center_loss: 0.3207, dir_class_loss: 0.6832, dir_res_loss: 0.4572, size_class_loss: 0.2017, size_res_loss: 0.2188, loss: 4.9349, grad_norm: 7.3544
2026-05-18 15:24:41,338 - mmdet - INFO - Epoch [28][100/1652]	lr: 8.000e-04, eta: 1:20:54, time: 0.327, data_time: 0.025, memory: 9507, vote_loss: 2.7344, objectness_loss: 0.2878, semantic_loss: 0.2015, center_loss: 0.3366, dir_class_loss: 0.7144, dir_res_loss: 0.4506, size_class_loss: 0.2015, size_res_loss: 0.2134, loss: 5.1402, grad_norm: 7.2716
2026-05-18 15:24:57,701 - mmdet - INFO - Epoch [28][150/1652]	lr: 8.000e-04, eta: 1:20:37, time: 0.327, data_time: 0.024, memory: 9507, vote_loss: 2.6156, objectness_loss: 0.2557, semantic_loss: 0.1970, center_loss: 0.3238, dir_class_loss: 0.7240, dir_res_loss: 0.5204, size_class_loss: 0.1970, size_res_loss: 0.1890, loss: 5.0224, grad_norm: 6.5297
2026-05-18 15:25:14,106 - mmdet - INFO - Epoch [28][200/1652]	lr: 8.000e-04, eta: 1:20:21, time: 0.328, data_time: 0.025, memory: 9507, vote_loss: 2.4543, objectness_loss: 0.2630, semantic_loss: 0.1967, center_loss: 0.3102, dir_class_loss: 0.6577, dir_res_loss: 0.4597, size_class_loss: 0.1967, size_res_loss: 0.1985, loss: 4.7367, grad_norm: 7.2645
2026-05-18 15:25:30,437 - mmdet - INFO - Epoch [28][250/1652]	lr: 8.000e-04, eta: 1:20:04, time: 0.327, data_time: 0.025, memory: 9507, vote_loss: 2.5249, objectness_loss: 0.2555, semantic_loss: 0.2048, center_loss: 0.3688, dir_class_loss: 0.7381, dir_res_loss: 0.4763, size_class_loss: 0.2048, size_res_loss: 0.2052, loss: 4.9785, grad_norm: 6.9680
2026-05-18 15:25:46,937 - mmdet - INFO - Epoch [28][300/1652]	lr: 8.000e-04, eta: 1:19:48, time: 0.330, data_time: 0.026, memory: 9507, vote_loss: 2.6780, objectness_loss: 0.2936, semantic_loss: 0.2176, center_loss: 0.3526, dir_class_loss: 0.6952, dir_res_loss: 0.4332, size_class_loss: 0.2176, size_res_loss: 0.2067, loss: 5.0945, grad_norm: 7.3269
2026-05-18 15:26:03,235 - mmdet - INFO - Epoch [28][350/1652]	lr: 8.000e-04, eta: 1:19:31, time: 0.326, data_time: 0.024, memory: 9507, vote_loss: 2.5366, objectness_loss: 0.2660, semantic_loss: 0.1906, center_loss: 0.3215, dir_class_loss: 0.7103, dir_res_loss: 0.4572, size_class_loss: 0.1906, size_res_loss: 0.1992, loss: 4.8719, grad_norm: 6.9962
2026-05-18 15:26:19,571 - mmdet - INFO - Epoch [28][400/1652]	lr: 8.000e-04, eta: 1:19:15, time: 0.327, data_time: 0.025, memory: 9507, vote_loss: 2.6920, objectness_loss: 0.3022, semantic_loss: 0.2236, center_loss: 0.3379, dir_class_loss: 0.7078, dir_res_loss: 0.4574, size_class_loss: 0.2236, size_res_loss: 0.2252, loss: 5.1697, grad_norm: 7.1338
2026-05-18 15:26:35,910 - mmdet - INFO - Epoch [28][450/1652]	lr: 8.000e-04, eta: 1:18:58, time: 0.327, data_time: 0.024, memory: 9507, vote_loss: 2.7424, objectness_loss: 0.2847, semantic_loss: 0.2309, center_loss: 0.3592, dir_class_loss: 0.6827, dir_res_loss: 0.4621, size_class_loss: 0.2309, size_res_loss: 0.2210, loss: 5.2139, grad_norm: 7.3125
2026-05-18 15:26:52,304 - mmdet - INFO - Epoch [28][500/1652]	lr: 8.000e-04, eta: 1:18:42, time: 0.328, data_time: 0.024, memory: 9507, vote_loss: 2.6083, objectness_loss: 0.2737, semantic_loss: 0.2630, center_loss: 0.3360, dir_class_loss: 0.6804, dir_res_loss: 0.4694, size_class_loss: 0.2630, size_res_loss: 0.2089, loss: 5.1026, grad_norm: 7.7420
2026-05-18 15:27:08,685 - mmdet - INFO - Epoch [28][550/1652]	lr: 8.000e-04, eta: 1:18:25, time: 0.328, data_time: 0.025, memory: 9507, vote_loss: 2.6314, objectness_loss: 0.2676, semantic_loss: 0.2241, center_loss: 0.3119, dir_class_loss: 0.6685, dir_res_loss: 0.4342, size_class_loss: 0.2241, size_res_loss: 0.1995, loss: 4.9612, grad_norm: 7.5209
2026-05-18 15:27:25,086 - mmdet - INFO - Epoch [28][600/1652]	lr: 8.000e-04, eta: 1:18:09, time: 0.328, data_time: 0.025, memory: 9507, vote_loss: 2.4971, objectness_loss: 0.2723, semantic_loss: 0.1927, center_loss: 0.3077, dir_class_loss: 0.6620, dir_res_loss: 0.4132, size_class_loss: 0.1927, size_res_loss: 0.1983, loss: 4.7360, grad_norm: 6.6909
2026-05-18 15:27:41,447 - mmdet - INFO - Epoch [28][650/1652]	lr: 8.000e-04, eta: 1:17:53, time: 0.327, data_time: 0.024, memory: 9507, vote_loss: 2.6258, objectness_loss: 0.2698, semantic_loss: 0.1897, center_loss: 0.3356, dir_class_loss: 0.6742, dir_res_loss: 0.4311, size_class_loss: 0.1897, size_res_loss: 0.2271, loss: 4.9429, grad_norm: 7.3105
2026-05-18 15:27:57,790 - mmdet - INFO - Epoch [28][700/1652]	lr: 8.000e-04, eta: 1:17:36, time: 0.327, data_time: 0.025, memory: 9507, vote_loss: 2.6794, objectness_loss: 0.2848, semantic_loss: 0.1986, center_loss: 0.3780, dir_class_loss: 0.7587, dir_res_loss: 0.4867, size_class_loss: 0.1986, size_res_loss: 0.2067, loss: 5.1916, grad_norm: 7.2853
2026-05-18 15:28:14,143 - mmdet - INFO - Epoch [28][750/1652]	lr: 8.000e-04, eta: 1:17:20, time: 0.327, data_time: 0.024, memory: 9507, vote_loss: 2.6461, objectness_loss: 0.2596, semantic_loss: 0.2297, center_loss: 0.3428, dir_class_loss: 0.7152, dir_res_loss: 0.4430, size_class_loss: 0.2297, size_res_loss: 0.2079, loss: 5.0740, grad_norm: 7.4975
2026-05-18 15:28:30,538 - mmdet - INFO - Epoch [28][800/1652]	lr: 8.000e-04, eta: 1:17:03, time: 0.328, data_time: 0.025, memory: 9507, vote_loss: 2.7122, objectness_loss: 0.2697, semantic_loss: 0.2230, center_loss: 0.3317, dir_class_loss: 0.7025, dir_res_loss: 0.4208, size_class_loss: 0.2230, size_res_loss: 0.2141, loss: 5.0970, grad_norm: 7.5351
2026-05-18 15:28:46,777 - mmdet - INFO - Epoch [28][850/1652]	lr: 8.000e-04, eta: 1:16:47, time: 0.325, data_time: 0.023, memory: 9507, vote_loss: 2.6755, objectness_loss: 0.2592, semantic_loss: 0.2003, center_loss: 0.3466, dir_class_loss: 0.7196, dir_res_loss: 0.4342, size_class_loss: 0.2003, size_res_loss: 0.2166, loss: 5.0523, grad_norm: 6.9342
2026-05-18 15:29:03,110 - mmdet - INFO - Epoch [28][900/1652]	lr: 8.000e-04, eta: 1:16:30, time: 0.327, data_time: 0.025, memory: 9507, vote_loss: 2.5689, objectness_loss: 0.2747, semantic_loss: 0.2117, center_loss: 0.3361, dir_class_loss: 0.7217, dir_res_loss: 0.4565, size_class_loss: 0.2117, size_res_loss: 0.2161, loss: 4.9974, grad_norm: 7.5623
2026-05-18 15:29:19,480 - mmdet - INFO - Epoch [28][950/1652]	lr: 8.000e-04, eta: 1:16:14, time: 0.327, data_time: 0.024, memory: 9507, vote_loss: 2.7194, objectness_loss: 0.2910, semantic_loss: 0.2087, center_loss: 0.3584, dir_class_loss: 0.7627, dir_res_loss: 0.4637, size_class_loss: 0.2087, size_res_loss: 0.2337, loss: 5.2462, grad_norm: 7.0287
2026-05-18 15:29:35,805 - mmdet - INFO - Epoch [28][1000/1652]	lr: 8.000e-04, eta: 1:15:57, time: 0.326, data_time: 0.024, memory: 9507, vote_loss: 2.5897, objectness_loss: 0.2839, semantic_loss: 0.2216, center_loss: 0.3037, dir_class_loss: 0.7238, dir_res_loss: 0.4287, size_class_loss: 0.2216, size_res_loss: 0.2159, loss: 4.9887, grad_norm: 7.3669
2026-05-18 15:29:52,130 - mmdet - INFO - Epoch [28][1050/1652]	lr: 8.000e-04, eta: 1:15:41, time: 0.326, data_time: 0.025, memory: 9507, vote_loss: 2.6405, objectness_loss: 0.2786, semantic_loss: 0.2397, center_loss: 0.3932, dir_class_loss: 0.6917, dir_res_loss: 0.5205, size_class_loss: 0.2397, size_res_loss: 0.2180, loss: 5.2219, grad_norm: 7.2875
2026-05-18 15:30:08,430 - mmdet - INFO - Epoch [28][1100/1652]	lr: 8.000e-04, eta: 1:15:24, time: 0.326, data_time: 0.024, memory: 9507, vote_loss: 2.5912, objectness_loss: 0.2636, semantic_loss: 0.1727, center_loss: 0.3233, dir_class_loss: 0.7384, dir_res_loss: 0.4056, size_class_loss: 0.1727, size_res_loss: 0.2085, loss: 4.8759, grad_norm: 7.1921
2026-05-18 15:30:24,733 - mmdet - INFO - Epoch [28][1150/1652]	lr: 8.000e-04, eta: 1:15:08, time: 0.326, data_time: 0.024, memory: 9507, vote_loss: 2.5527, objectness_loss: 0.2789, semantic_loss: 0.2179, center_loss: 0.3193, dir_class_loss: 0.7370, dir_res_loss: 0.4723, size_class_loss: 0.2179, size_res_loss: 0.2097, loss: 5.0057, grad_norm: 7.2010
2026-05-18 15:30:41,063 - mmdet - INFO - Epoch [28][1200/1652]	lr: 8.000e-04, eta: 1:14:51, time: 0.327, data_time: 0.024, memory: 9507, vote_loss: 2.5873, objectness_loss: 0.2727, semantic_loss: 0.1980, center_loss: 0.3168, dir_class_loss: 0.6935, dir_res_loss: 0.4690, size_class_loss: 0.1980, size_res_loss: 0.1946, loss: 4.9298, grad_norm: 7.4210
2026-05-18 15:30:57,414 - mmdet - INFO - Epoch [28][1250/1652]	lr: 8.000e-04, eta: 1:14:35, time: 0.327, data_time: 0.025, memory: 9507, vote_loss: 2.5240, objectness_loss: 0.2829, semantic_loss: 0.1908, center_loss: 0.3342, dir_class_loss: 0.6330, dir_res_loss: 0.4482, size_class_loss: 0.1908, size_res_loss: 0.1763, loss: 4.7801, grad_norm: 7.4744
2026-05-18 15:31:13,900 - mmdet - INFO - Epoch [28][1300/1652]	lr: 8.000e-04, eta: 1:14:19, time: 0.330, data_time: 0.025, memory: 9507, vote_loss: 2.4923, objectness_loss: 0.2526, semantic_loss: 0.1934, center_loss: 0.3141, dir_class_loss: 0.6724, dir_res_loss: 0.4520, size_class_loss: 0.1934, size_res_loss: 0.1930, loss: 4.7630, grad_norm: 6.5653
2026-05-18 15:31:30,446 - mmdet - INFO - Epoch [28][1350/1652]	lr: 8.000e-04, eta: 1:14:02, time: 0.331, data_time: 0.029, memory: 9507, vote_loss: 2.6375, objectness_loss: 0.2948, semantic_loss: 0.2112, center_loss: 0.3287, dir_class_loss: 0.6854, dir_res_loss: 0.4258, size_class_loss: 0.2112, size_res_loss: 0.1953, loss: 4.9899, grad_norm: 7.1502
2026-05-18 15:31:46,778 - mmdet - INFO - Epoch [28][1400/1652]	lr: 8.000e-04, eta: 1:13:46, time: 0.327, data_time: 0.025, memory: 9507, vote_loss: 2.7669, objectness_loss: 0.2827, semantic_loss: 0.2420, center_loss: 0.3426, dir_class_loss: 0.7139, dir_res_loss: 0.4754, size_class_loss: 0.2421, size_res_loss: 0.2034, loss: 5.2691, grad_norm: 7.3235
2026-05-18 15:32:03,181 - mmdet - INFO - Epoch [28][1450/1652]	lr: 8.000e-04, eta: 1:13:29, time: 0.328, data_time: 0.025, memory: 9507, vote_loss: 2.6188, objectness_loss: 0.2854, semantic_loss: 0.1877, center_loss: 0.3730, dir_class_loss: 0.6829, dir_res_loss: 0.4519, size_class_loss: 0.1877, size_res_loss: 0.2385, loss: 5.0260, grad_norm: 7.8379
2026-05-18 15:32:19,572 - mmdet - INFO - Epoch [28][1500/1652]	lr: 8.000e-04, eta: 1:13:13, time: 0.328, data_time: 0.024, memory: 9507, vote_loss: 2.5603, objectness_loss: 0.2660, semantic_loss: 0.2121, center_loss: 0.3465, dir_class_loss: 0.6659, dir_res_loss: 0.4504, size_class_loss: 0.2121, size_res_loss: 0.2137, loss: 4.9270, grad_norm: 6.9249
2026-05-18 15:32:35,855 - mmdet - INFO - Epoch [28][1550/1652]	lr: 8.000e-04, eta: 1:12:56, time: 0.326, data_time: 0.024, memory: 9507, vote_loss: 2.6587, objectness_loss: 0.2685, semantic_loss: 0.1986, center_loss: 0.3407, dir_class_loss: 0.6736, dir_res_loss: 0.4531, size_class_loss: 0.1986, size_res_loss: 0.2235, loss: 5.0152, grad_norm: 7.2750
2026-05-18 15:32:52,231 - mmdet - INFO - Epoch [28][1600/1652]	lr: 8.000e-04, eta: 1:12:40, time: 0.328, data_time: 0.024, memory: 9507, vote_loss: 2.4791, objectness_loss: 0.2789, semantic_loss: 0.2099, center_loss: 0.3084, dir_class_loss: 0.6404, dir_res_loss: 0.5086, size_class_loss: 0.2099, size_res_loss: 0.1999, loss: 4.8351, grad_norm: 7.1269
2026-05-18 15:33:08,642 - mmdet - INFO - Epoch [28][1650/1652]	lr: 8.000e-04, eta: 1:12:23, time: 0.328, data_time: 0.025, memory: 9507, vote_loss: 2.5361, objectness_loss: 0.2529, semantic_loss: 0.2125, center_loss: 0.3173, dir_class_loss: 0.7329, dir_res_loss: 0.4312, size_class_loss: 0.2125, size_res_loss: 0.1962, loss: 4.8916, grad_norm: 7.2976
2026-05-18 15:33:09,367 - mmdet - INFO - Saving checkpoint at 28 epochs
2026-05-18 15:33:28,781 - mmdet - INFO - Epoch [29][50/1652]	lr: 8.000e-04, eta: 1:12:07, time: 0.382, data_time: 0.079, memory: 9507, vote_loss: 2.5863, objectness_loss: 0.2629, semantic_loss: 0.2082, center_loss: 0.3327, dir_class_loss: 0.6509, dir_res_loss: 0.4388, size_class_loss: 0.2082, size_res_loss: 0.2011, loss: 4.8891, grad_norm: 6.9778
2026-05-18 15:33:45,174 - mmdet - INFO - Epoch [29][100/1652]	lr: 8.000e-04, eta: 1:11:50, time: 0.328, data_time: 0.025, memory: 9507, vote_loss: 2.7273, objectness_loss: 0.2631, semantic_loss: 0.2121, center_loss: 0.3369, dir_class_loss: 0.7095, dir_res_loss: 0.5064, size_class_loss: 0.2121, size_res_loss: 0.2305, loss: 5.1980, grad_norm: 7.0689
2026-05-18 15:34:01,507 - mmdet - INFO - Epoch [29][150/1652]	lr: 8.000e-04, eta: 1:11:34, time: 0.327, data_time: 0.025, memory: 9507, vote_loss: 2.5859, objectness_loss: 0.2462, semantic_loss: 0.1962, center_loss: 0.3350, dir_class_loss: 0.6877, dir_res_loss: 0.5173, size_class_loss: 0.1962, size_res_loss: 0.2073, loss: 4.9717, grad_norm: 7.3781
2026-05-18 15:34:17,928 - mmdet - INFO - Epoch [29][200/1652]	lr: 8.000e-04, eta: 1:11:18, time: 0.328, data_time: 0.025, memory: 9507, vote_loss: 2.6563, objectness_loss: 0.2702, semantic_loss: 0.2013, center_loss: 0.3356, dir_class_loss: 0.7228, dir_res_loss: 0.4738, size_class_loss: 0.2013, size_res_loss: 0.2129, loss: 5.0741, grad_norm: 7.0852
2026-05-18 15:34:34,260 - mmdet - INFO - Epoch [29][250/1652]	lr: 8.000e-04, eta: 1:11:01, time: 0.327, data_time: 0.024, memory: 9507, vote_loss: 2.6306, objectness_loss: 0.2763, semantic_loss: 0.1856, center_loss: 0.3450, dir_class_loss: 0.6816, dir_res_loss: 0.4219, size_class_loss: 0.1856, size_res_loss: 0.2022, loss: 4.9288, grad_norm: 7.6880
2026-05-18 15:34:50,558 - mmdet - INFO - Epoch [29][300/1652]	lr: 8.000e-04, eta: 1:10:45, time: 0.326, data_time: 0.023, memory: 9507, vote_loss: 2.6944, objectness_loss: 0.2767, semantic_loss: 0.2044, center_loss: 0.3332, dir_class_loss: 0.7167, dir_res_loss: 0.4671, size_class_loss: 0.2044, size_res_loss: 0.2222, loss: 5.1191, grad_norm: 7.2566
2026-05-18 15:35:07,085 - mmdet - INFO - Epoch [29][350/1652]	lr: 8.000e-04, eta: 1:10:28, time: 0.331, data_time: 0.026, memory: 9507, vote_loss: 2.6334, objectness_loss: 0.2587, semantic_loss: 0.2086, center_loss: 0.3439, dir_class_loss: 0.6511, dir_res_loss: 0.4473, size_class_loss: 0.2086, size_res_loss: 0.1991, loss: 4.9506, grad_norm: 7.8439
2026-05-18 15:35:23,491 - mmdet - INFO - Epoch [29][400/1652]	lr: 8.000e-04, eta: 1:10:12, time: 0.328, data_time: 0.025, memory: 9507, vote_loss: 2.6069, objectness_loss: 0.2824, semantic_loss: 0.2248, center_loss: 0.3446, dir_class_loss: 0.6860, dir_res_loss: 0.4403, size_class_loss: 0.2248, size_res_loss: 0.2093, loss: 5.0190, grad_norm: 7.3604
2026-05-18 15:35:39,864 - mmdet - INFO - Epoch [29][450/1652]	lr: 8.000e-04, eta: 1:09:55, time: 0.327, data_time: 0.025, memory: 9507, vote_loss: 2.5180, objectness_loss: 0.3042, semantic_loss: 0.2066, center_loss: 0.3030, dir_class_loss: 0.5959, dir_res_loss: 0.4167, size_class_loss: 0.2066, size_res_loss: 0.1961, loss: 4.7470, grad_norm: 7.1034
2026-05-18 15:35:56,238 - mmdet - INFO - Epoch [29][500/1652]	lr: 8.000e-04, eta: 1:09:39, time: 0.327, data_time: 0.025, memory: 9507, vote_loss: 2.5834, objectness_loss: 0.2742, semantic_loss: 0.2170, center_loss: 0.3277, dir_class_loss: 0.7201, dir_res_loss: 0.4918, size_class_loss: 0.2170, size_res_loss: 0.2265, loss: 5.0577, grad_norm: 7.5829
2026-05-18 15:36:12,586 - mmdet - INFO - Epoch [29][550/1652]	lr: 8.000e-04, eta: 1:09:22, time: 0.327, data_time: 0.024, memory: 9507, vote_loss: 2.6325, objectness_loss: 0.2580, semantic_loss: 0.2158, center_loss: 0.3359, dir_class_loss: 0.6481, dir_res_loss: 0.4313, size_class_loss: 0.2158, size_res_loss: 0.2113, loss: 4.9486, grad_norm: 7.3672
2026-05-18 15:36:28,968 - mmdet - INFO - Epoch [29][600/1652]	lr: 8.000e-04, eta: 1:09:06, time: 0.328, data_time: 0.025, memory: 9507, vote_loss: 2.6200, objectness_loss: 0.2847, semantic_loss: 0.2027, center_loss: 0.3379, dir_class_loss: 0.7190, dir_res_loss: 0.4232, size_class_loss: 0.2027, size_res_loss: 0.1987, loss: 4.9889, grad_norm: 7.4018
2026-05-18 15:36:45,411 - mmdet - INFO - Epoch [29][650/1652]	lr: 8.000e-04, eta: 1:08:50, time: 0.329, data_time: 0.025, memory: 9507, vote_loss: 2.6541, objectness_loss: 0.2878, semantic_loss: 0.2338, center_loss: 0.3326, dir_class_loss: 0.7351, dir_res_loss: 0.4643, size_class_loss: 0.2338, size_res_loss: 0.2389, loss: 5.1803, grad_norm: 7.3594
2026-05-18 15:37:01,733 - mmdet - INFO - Epoch [29][700/1652]	lr: 8.000e-04, eta: 1:08:33, time: 0.326, data_time: 0.024, memory: 9507, vote_loss: 2.6233, objectness_loss: 0.2594, semantic_loss: 0.1980, center_loss: 0.3247, dir_class_loss: 0.6734, dir_res_loss: 0.4253, size_class_loss: 0.1980, size_res_loss: 0.2057, loss: 4.9078, grad_norm: 7.2027
2026-05-18 15:37:18,149 - mmdet - INFO - Epoch [29][750/1652]	lr: 8.000e-04, eta: 1:08:17, time: 0.328, data_time: 0.025, memory: 9507, vote_loss: 2.4596, objectness_loss: 0.2673, semantic_loss: 0.1974, center_loss: 0.3003, dir_class_loss: 0.6749, dir_res_loss: 0.4584, size_class_loss: 0.1974, size_res_loss: 0.1967, loss: 4.7520, grad_norm: 6.8233
2026-05-18 15:37:34,512 - mmdet - INFO - Epoch [29][800/1652]	lr: 8.000e-04, eta: 1:08:00, time: 0.327, data_time: 0.025, memory: 9507, vote_loss: 2.6905, objectness_loss: 0.2905, semantic_loss: 0.2151, center_loss: 0.3839, dir_class_loss: 0.6928, dir_res_loss: 0.4563, size_class_loss: 0.2151, size_res_loss: 0.2206, loss: 5.1649, grad_norm: 7.4637
2026-05-18 15:37:50,865 - mmdet - INFO - Epoch [29][850/1652]	lr: 8.000e-04, eta: 1:07:44, time: 0.327, data_time: 0.025, memory: 9507, vote_loss: 2.4831, objectness_loss: 0.2426, semantic_loss: 0.1978, center_loss: 0.3047, dir_class_loss: 0.6556, dir_res_loss: 0.3868, size_class_loss: 0.1978, size_res_loss: 0.1890, loss: 4.6573, grad_norm: 6.7633
2026-05-18 15:38:07,183 - mmdet - INFO - Epoch [29][900/1652]	lr: 8.000e-04, eta: 1:07:27, time: 0.326, data_time: 0.024, memory: 9507, vote_loss: 2.5987, objectness_loss: 0.2740, semantic_loss: 0.2551, center_loss: 0.3613, dir_class_loss: 0.7328, dir_res_loss: 0.4385, size_class_loss: 0.2551, size_res_loss: 0.2055, loss: 5.1212, grad_norm: 7.6722
2026-05-18 15:38:23,563 - mmdet - INFO - Epoch [29][950/1652]	lr: 8.000e-04, eta: 1:07:11, time: 0.328, data_time: 0.025, memory: 9507, vote_loss: 2.6201, objectness_loss: 0.2703, semantic_loss: 0.2167, center_loss: 0.3495, dir_class_loss: 0.6371, dir_res_loss: 0.4088, size_class_loss: 0.2167, size_res_loss: 0.2173, loss: 4.9365, grad_norm: 7.6099
2026-05-18 15:38:39,923 - mmdet - INFO - Epoch [29][1000/1652]	lr: 8.000e-04, eta: 1:06:54, time: 0.327, data_time: 0.024, memory: 9507, vote_loss: 2.5715, objectness_loss: 0.2962, semantic_loss: 0.1917, center_loss: 0.3255, dir_class_loss: 0.6224, dir_res_loss: 0.4427, size_class_loss: 0.1917, size_res_loss: 0.1851, loss: 4.8268, grad_norm: 7.2035
2026-05-18 15:38:56,648 - mmdet - INFO - Epoch [29][1050/1652]	lr: 8.000e-04, eta: 1:06:38, time: 0.335, data_time: 0.027, memory: 9507, vote_loss: 2.6196, objectness_loss: 0.2611, semantic_loss: 0.1868, center_loss: 0.3192, dir_class_loss: 0.6775, dir_res_loss: 0.4926, size_class_loss: 0.1868, size_res_loss: 0.2177, loss: 4.9612, grad_norm: 7.4798
2026-05-18 15:39:12,998 - mmdet - INFO - Epoch [29][1100/1652]	lr: 8.000e-04, eta: 1:06:22, time: 0.327, data_time: 0.024, memory: 9507, vote_loss: 2.5702, objectness_loss: 0.2283, semantic_loss: 0.2192, center_loss: 0.3291, dir_class_loss: 0.7188, dir_res_loss: 0.4824, size_class_loss: 0.2192, size_res_loss: 0.1985, loss: 4.9658, grad_norm: 7.7417
2026-05-18 15:39:29,352 - mmdet - INFO - Epoch [29][1150/1652]	lr: 8.000e-04, eta: 1:06:05, time: 0.327, data_time: 0.025, memory: 9507, vote_loss: 2.6902, objectness_loss: 0.2768, semantic_loss: 0.1973, center_loss: 0.3895, dir_class_loss: 0.7607, dir_res_loss: 0.4726, size_class_loss: 0.1973, size_res_loss: 0.2110, loss: 5.1955, grad_norm: 7.9600
2026-05-18 15:39:45,684 - mmdet - INFO - Epoch [29][1200/1652]	lr: 8.000e-04, eta: 1:05:49, time: 0.327, data_time: 0.024, memory: 9507, vote_loss: 2.5780, objectness_loss: 0.2471, semantic_loss: 0.2205, center_loss: 0.3191, dir_class_loss: 0.7157, dir_res_loss: 0.4367, size_class_loss: 0.2205, size_res_loss: 0.1862, loss: 4.9237, grad_norm: 7.2968
2026-05-18 15:40:02,025 - mmdet - INFO - Epoch [29][1250/1652]	lr: 8.000e-04, eta: 1:05:32, time: 0.327, data_time: 0.025, memory: 9507, vote_loss: 2.6627, objectness_loss: 0.2501, semantic_loss: 0.2096, center_loss: 0.3583, dir_class_loss: 0.6478, dir_res_loss: 0.3925, size_class_loss: 0.2096, size_res_loss: 0.2339, loss: 4.9644, grad_norm: 7.0693
2026-05-18 15:40:18,408 - mmdet - INFO - Epoch [29][1300/1652]	lr: 8.000e-04, eta: 1:05:16, time: 0.328, data_time: 0.025, memory: 9507, vote_loss: 2.5606, objectness_loss: 0.2851, semantic_loss: 0.2063, center_loss: 0.3334, dir_class_loss: 0.6198, dir_res_loss: 0.4353, size_class_loss: 0.2063, size_res_loss: 0.2258, loss: 4.8728, grad_norm: 6.8769
2026-05-18 15:40:34,816 - mmdet - INFO - Epoch [29][1350/1652]	lr: 8.000e-04, eta: 1:04:59, time: 0.328, data_time: 0.025, memory: 9507, vote_loss: 2.5618, objectness_loss: 0.2735, semantic_loss: 0.1991, center_loss: 0.3163, dir_class_loss: 0.6824, dir_res_loss: 0.5112, size_class_loss: 0.1991, size_res_loss: 0.1968, loss: 4.9402, grad_norm: 7.1977
2026-05-18 15:40:51,233 - mmdet - INFO - Epoch [29][1400/1652]	lr: 8.000e-04, eta: 1:04:43, time: 0.328, data_time: 0.025, memory: 9507, vote_loss: 2.4222, objectness_loss: 0.2712, semantic_loss: 0.2166, center_loss: 0.3039, dir_class_loss: 0.6720, dir_res_loss: 0.4980, size_class_loss: 0.2166, size_res_loss: 0.1870, loss: 4.7876, grad_norm: 7.0599
2026-05-18 15:41:07,725 - mmdet - INFO - Epoch [29][1450/1652]	lr: 8.000e-04, eta: 1:04:26, time: 0.330, data_time: 0.028, memory: 9507, vote_loss: 2.6450, objectness_loss: 0.2717, semantic_loss: 0.1954, center_loss: 0.3293, dir_class_loss: 0.6776, dir_res_loss: 0.5231, size_class_loss: 0.1954, size_res_loss: 0.2045, loss: 5.0420, grad_norm: 7.5681
2026-05-18 15:41:24,024 - mmdet - INFO - Epoch [29][1500/1652]	lr: 8.000e-04, eta: 1:04:10, time: 0.326, data_time: 0.024, memory: 9507, vote_loss: 2.6654, objectness_loss: 0.2833, semantic_loss: 0.2135, center_loss: 0.3303, dir_class_loss: 0.6891, dir_res_loss: 0.4405, size_class_loss: 0.2135, size_res_loss: 0.2046, loss: 5.0403, grad_norm: 7.4415
2026-05-18 15:41:40,363 - mmdet - INFO - Epoch [29][1550/1652]	lr: 8.000e-04, eta: 1:03:54, time: 0.327, data_time: 0.023, memory: 9507, vote_loss: 2.4923, objectness_loss: 0.2842, semantic_loss: 0.2227, center_loss: 0.3176, dir_class_loss: 0.7159, dir_res_loss: 0.5008, size_class_loss: 0.2227, size_res_loss: 0.2015, loss: 4.9576, grad_norm: 7.0404
2026-05-18 15:41:56,611 - mmdet - INFO - Epoch [29][1600/1652]	lr: 8.000e-04, eta: 1:03:37, time: 0.325, data_time: 0.024, memory: 9507, vote_loss: 2.5908, objectness_loss: 0.2814, semantic_loss: 0.1964, center_loss: 0.3750, dir_class_loss: 0.6240, dir_res_loss: 0.4023, size_class_loss: 0.1964, size_res_loss: 0.1835, loss: 4.8499, grad_norm: 8.0856
2026-05-18 15:42:12,938 - mmdet - INFO - Epoch [29][1650/1652]	lr: 8.000e-04, eta: 1:03:21, time: 0.327, data_time: 0.024, memory: 9507, vote_loss: 2.6094, objectness_loss: 0.2605, semantic_loss: 0.1790, center_loss: 0.3383, dir_class_loss: 0.6687, dir_res_loss: 0.4762, size_class_loss: 0.1790, size_res_loss: 0.2218, loss: 4.9327, grad_norm: 7.4737
2026-05-18 15:42:13,670 - mmdet - INFO - Saving checkpoint at 29 epochs
2026-05-18 15:42:33,076 - mmdet - INFO - Epoch [30][50/1652]	lr: 8.000e-04, eta: 1:03:04, time: 0.383, data_time: 0.078, memory: 9507, vote_loss: 2.6004, objectness_loss: 0.2743, semantic_loss: 0.2045, center_loss: 0.3250, dir_class_loss: 0.7315, dir_res_loss: 0.4356, size_class_loss: 0.2045, size_res_loss: 0.2216, loss: 4.9973, grad_norm: 6.8916
2026-05-18 15:42:49,468 - mmdet - INFO - Epoch [30][100/1652]	lr: 8.000e-04, eta: 1:02:48, time: 0.328, data_time: 0.025, memory: 9507, vote_loss: 2.5096, objectness_loss: 0.2768, semantic_loss: 0.1937, center_loss: 0.3019, dir_class_loss: 0.6791, dir_res_loss: 0.4619, size_class_loss: 0.1937, size_res_loss: 0.1937, loss: 4.8104, grad_norm: 7.4665
2026-05-18 15:43:05,957 - mmdet - INFO - Epoch [30][150/1652]	lr: 8.000e-04, eta: 1:02:31, time: 0.330, data_time: 0.025, memory: 9507, vote_loss: 2.5238, objectness_loss: 0.2664, semantic_loss: 0.2032, center_loss: 0.3310, dir_class_loss: 0.7013, dir_res_loss: 0.5196, size_class_loss: 0.2032, size_res_loss: 0.2012, loss: 4.9497, grad_norm: 7.1213
2026-05-18 15:43:22,375 - mmdet - INFO - Epoch [30][200/1652]	lr: 8.000e-04, eta: 1:02:15, time: 0.328, data_time: 0.025, memory: 9507, vote_loss: 2.4450, objectness_loss: 0.2673, semantic_loss: 0.1779, center_loss: 0.3433, dir_class_loss: 0.6650, dir_res_loss: 0.4815, size_class_loss: 0.1779, size_res_loss: 0.2112, loss: 4.7691, grad_norm: 7.6750
2026-05-18 15:43:38,767 - mmdet - INFO - Epoch [30][250/1652]	lr: 8.000e-04, eta: 1:01:58, time: 0.328, data_time: 0.024, memory: 9507, vote_loss: 2.5536, objectness_loss: 0.2566, semantic_loss: 0.1756, center_loss: 0.3435, dir_class_loss: 0.7201, dir_res_loss: 0.4795, size_class_loss: 0.1756, size_res_loss: 0.1993, loss: 4.9038, grad_norm: 7.7527
2026-05-18 15:43:55,161 - mmdet - INFO - Epoch [30][300/1652]	lr: 8.000e-04, eta: 1:01:42, time: 0.328, data_time: 0.025, memory: 9507, vote_loss: 2.5612, objectness_loss: 0.2669, semantic_loss: 0.1870, center_loss: 0.3148, dir_class_loss: 0.6609, dir_res_loss: 0.4305, size_class_loss: 0.1870, size_res_loss: 0.2061, loss: 4.8145, grad_norm: 7.1134
2026-05-18 15:44:11,513 - mmdet - INFO - Epoch [30][350/1652]	lr: 8.000e-04, eta: 1:01:25, time: 0.327, data_time: 0.024, memory: 9507, vote_loss: 2.5401, objectness_loss: 0.2785, semantic_loss: 0.1825, center_loss: 0.3094, dir_class_loss: 0.6804, dir_res_loss: 0.4277, size_class_loss: 0.1825, size_res_loss: 0.1962, loss: 4.7974, grad_norm: 7.2931
2026-05-18 15:44:27,892 - mmdet - INFO - Epoch [30][400/1652]	lr: 8.000e-04, eta: 1:01:09, time: 0.328, data_time: 0.024, memory: 9507, vote_loss: 2.5130, objectness_loss: 0.2608, semantic_loss: 0.1888, center_loss: 0.3186, dir_class_loss: 0.6676, dir_res_loss: 0.4310, size_class_loss: 0.1888, size_res_loss: 0.2067, loss: 4.7753, grad_norm: 6.8744
2026-05-18 15:44:44,341 - mmdet - INFO - Epoch [30][450/1652]	lr: 8.000e-04, eta: 1:00:52, time: 0.329, data_time: 0.025, memory: 9507, vote_loss: 2.5573, objectness_loss: 0.2454, semantic_loss: 0.1954, center_loss: 0.3166, dir_class_loss: 0.6635, dir_res_loss: 0.4411, size_class_loss: 0.1954, size_res_loss: 0.2143, loss: 4.8289, grad_norm: 7.8525
2026-05-18 15:45:00,689 - mmdet - INFO - Epoch [30][500/1652]	lr: 8.000e-04, eta: 1:00:36, time: 0.327, data_time: 0.025, memory: 9507, vote_loss: 2.6457, objectness_loss: 0.2683, semantic_loss: 0.2133, center_loss: 0.3605, dir_class_loss: 0.7396, dir_res_loss: 0.4714, size_class_loss: 0.2133, size_res_loss: 0.2060, loss: 5.1181, grad_norm: 7.5845
2026-05-18 15:45:17,072 - mmdet - INFO - Epoch [30][550/1652]	lr: 8.000e-04, eta: 1:00:20, time: 0.328, data_time: 0.025, memory: 9507, vote_loss: 2.5582, objectness_loss: 0.2431, semantic_loss: 0.1867, center_loss: 0.3127, dir_class_loss: 0.6854, dir_res_loss: 0.4432, size_class_loss: 0.1867, size_res_loss: 0.2034, loss: 4.8194, grad_norm: 7.3767
2026-05-18 15:45:33,528 - mmdet - INFO - Epoch [30][600/1652]	lr: 8.000e-04, eta: 1:00:03, time: 0.329, data_time: 0.025, memory: 9507, vote_loss: 2.5195, objectness_loss: 0.2735, semantic_loss: 0.2147, center_loss: 0.3102, dir_class_loss: 0.6527, dir_res_loss: 0.4395, size_class_loss: 0.2147, size_res_loss: 0.2120, loss: 4.8367, grad_norm: 7.0165
2026-05-18 15:45:49,882 - mmdet - INFO - Epoch [30][650/1652]	lr: 8.000e-04, eta: 0:59:47, time: 0.327, data_time: 0.024, memory: 9507, vote_loss: 2.7606, objectness_loss: 0.2522, semantic_loss: 0.2068, center_loss: 0.3572, dir_class_loss: 0.6864, dir_res_loss: 0.4495, size_class_loss: 0.2068, size_res_loss: 0.2262, loss: 5.1458, grad_norm: 7.3660
2026-05-18 15:46:06,240 - mmdet - INFO - Epoch [30][700/1652]	lr: 8.000e-04, eta: 0:59:30, time: 0.327, data_time: 0.025, memory: 9507, vote_loss: 2.6318, objectness_loss: 0.2580, semantic_loss: 0.2194, center_loss: 0.3670, dir_class_loss: 0.6588, dir_res_loss: 0.4743, size_class_loss: 0.2194, size_res_loss: 0.2094, loss: 5.0382, grad_norm: 7.6920
2026-05-18 15:46:22,498 - mmdet - INFO - Epoch [30][750/1652]	lr: 8.000e-04, eta: 0:59:14, time: 0.325, data_time: 0.024, memory: 9507, vote_loss: 2.4527, objectness_loss: 0.2654, semantic_loss: 0.1867, center_loss: 0.2997, dir_class_loss: 0.7076, dir_res_loss: 0.5139, size_class_loss: 0.1867, size_res_loss: 0.1977, loss: 4.8104, grad_norm: 7.0962
2026-05-18 15:46:38,922 - mmdet - INFO - Epoch [30][800/1652]	lr: 8.000e-04, eta: 0:58:57, time: 0.328, data_time: 0.025, memory: 9507, vote_loss: 2.6556, objectness_loss: 0.2685, semantic_loss: 0.1912, center_loss: 0.3203, dir_class_loss: 0.6945, dir_res_loss: 0.4927, size_class_loss: 0.1912, size_res_loss: 0.2109, loss: 5.0249, grad_norm: 6.7962
2026-05-18 15:46:55,282 - mmdet - INFO - Epoch [30][850/1652]	lr: 8.000e-04, eta: 0:58:41, time: 0.327, data_time: 0.024, memory: 9507, vote_loss: 2.6219, objectness_loss: 0.2661, semantic_loss: 0.1869, center_loss: 0.3246, dir_class_loss: 0.6253, dir_res_loss: 0.4283, size_class_loss: 0.1869, size_res_loss: 0.2156, loss: 4.8557, grad_norm: 7.1372
2026-05-18 15:47:11,584 - mmdet - INFO - Epoch [30][900/1652]	lr: 8.000e-04, eta: 0:58:24, time: 0.326, data_time: 0.024, memory: 9507, vote_loss: 2.6175, objectness_loss: 0.2501, semantic_loss: 0.2235, center_loss: 0.3385, dir_class_loss: 0.6652, dir_res_loss: 0.4293, size_class_loss: 0.2235, size_res_loss: 0.1961, loss: 4.9438, grad_norm: 8.1009
2026-05-18 15:47:27,889 - mmdet - INFO - Epoch [30][950/1652]	lr: 8.000e-04, eta: 0:58:08, time: 0.326, data_time: 0.024, memory: 9507, vote_loss: 2.5908, objectness_loss: 0.2878, semantic_loss: 0.1882, center_loss: 0.3411, dir_class_loss: 0.6937, dir_res_loss: 0.4528, size_class_loss: 0.1882, size_res_loss: 0.2023, loss: 4.9448, grad_norm: 7.2923
2026-05-18 15:47:44,278 - mmdet - INFO - Epoch [30][1000/1652]	lr: 8.000e-04, eta: 0:57:52, time: 0.328, data_time: 0.025, memory: 9507, vote_loss: 2.5633, objectness_loss: 0.2599, semantic_loss: 0.1930, center_loss: 0.3178, dir_class_loss: 0.6570, dir_res_loss: 0.4059, size_class_loss: 0.1930, size_res_loss: 0.2014, loss: 4.7913, grad_norm: 7.4092
2026-05-18 15:48:00,638 - mmdet - INFO - Epoch [30][1050/1652]	lr: 8.000e-04, eta: 0:57:35, time: 0.327, data_time: 0.025, memory: 9507, vote_loss: 2.5866, objectness_loss: 0.2851, semantic_loss: 0.2332, center_loss: 0.3178, dir_class_loss: 0.7143, dir_res_loss: 0.4332, size_class_loss: 0.2332, size_res_loss: 0.2084, loss: 5.0118, grad_norm: 7.3890
2026-05-18 15:48:17,000 - mmdet - INFO - Epoch [30][1100/1652]	lr: 8.000e-04, eta: 0:57:19, time: 0.327, data_time: 0.025, memory: 9507, vote_loss: 2.4941, objectness_loss: 0.2640, semantic_loss: 0.2043, center_loss: 0.3168, dir_class_loss: 0.6755, dir_res_loss: 0.4282, size_class_loss: 0.2043, size_res_loss: 0.1960, loss: 4.7832, grad_norm: 7.5619
2026-05-18 15:48:33,314 - mmdet - INFO - Epoch [30][1150/1652]	lr: 8.000e-04, eta: 0:57:02, time: 0.326, data_time: 0.024, memory: 9507, vote_loss: 2.6650, objectness_loss: 0.2580, semantic_loss: 0.2001, center_loss: 0.3209, dir_class_loss: 0.7136, dir_res_loss: 0.4830, size_class_loss: 0.2001, size_res_loss: 0.2379, loss: 5.0785, grad_norm: 7.3957
2026-05-18 15:48:49,659 - mmdet - INFO - Epoch [30][1200/1652]	lr: 8.000e-04, eta: 0:56:46, time: 0.327, data_time: 0.025, memory: 9507, vote_loss: 2.4923, objectness_loss: 0.2832, semantic_loss: 0.1844, center_loss: 0.3194, dir_class_loss: 0.6231, dir_res_loss: 0.4235, size_class_loss: 0.1844, size_res_loss: 0.1844, loss: 4.6947, grad_norm: 7.0519
2026-05-18 15:49:05,998 - mmdet - INFO - Epoch [30][1250/1652]	lr: 8.000e-04, eta: 0:56:29, time: 0.327, data_time: 0.025, memory: 9507, vote_loss: 2.6102, objectness_loss: 0.2521, semantic_loss: 0.1748, center_loss: 0.3067, dir_class_loss: 0.6255, dir_res_loss: 0.4101, size_class_loss: 0.1748, size_res_loss: 0.2086, loss: 4.7629, grad_norm: 6.7621
2026-05-18 15:49:22,422 - mmdet - INFO - Epoch [30][1300/1652]	lr: 8.000e-04, eta: 0:56:13, time: 0.328, data_time: 0.025, memory: 9507, vote_loss: 2.6345, objectness_loss: 0.2710, semantic_loss: 0.1918, center_loss: 0.3310, dir_class_loss: 0.6752, dir_res_loss: 0.4416, size_class_loss: 0.1918, size_res_loss: 0.2017, loss: 4.9385, grad_norm: 7.6664
2026-05-18 15:49:38,788 - mmdet - INFO - Epoch [30][1350/1652]	lr: 8.000e-04, eta: 0:55:56, time: 0.327, data_time: 0.025, memory: 9507, vote_loss: 2.5866, objectness_loss: 0.2707, semantic_loss: 0.2059, center_loss: 0.3517, dir_class_loss: 0.6600, dir_res_loss: 0.4294, size_class_loss: 0.2059, size_res_loss: 0.2152, loss: 4.9254, grad_norm: 7.5187
2026-05-18 15:49:55,169 - mmdet - INFO - Epoch [30][1400/1652]	lr: 8.000e-04, eta: 0:55:40, time: 0.328, data_time: 0.024, memory: 9507, vote_loss: 2.5541, objectness_loss: 0.2724, semantic_loss: 0.2083, center_loss: 0.3581, dir_class_loss: 0.7216, dir_res_loss: 0.4485, size_class_loss: 0.2083, size_res_loss: 0.2020, loss: 4.9733, grad_norm: 7.5383
2026-05-18 15:50:11,537 - mmdet - INFO - Epoch [30][1450/1652]	lr: 8.000e-04, eta: 0:55:23, time: 0.327, data_time: 0.024, memory: 9507, vote_loss: 2.4995, objectness_loss: 0.2612, semantic_loss: 0.1832, center_loss: 0.3023, dir_class_loss: 0.6586, dir_res_loss: 0.4628, size_class_loss: 0.1832, size_res_loss: 0.1899, loss: 4.7407, grad_norm: 6.9751
2026-05-18 15:50:28,161 - mmdet - INFO - Epoch [30][1500/1652]	lr: 8.000e-04, eta: 0:55:07, time: 0.332, data_time: 0.026, memory: 9507, vote_loss: 2.7256, objectness_loss: 0.2833, semantic_loss: 0.2199, center_loss: 0.3475, dir_class_loss: 0.6612, dir_res_loss: 0.4286, size_class_loss: 0.2199, size_res_loss: 0.2293, loss: 5.1152, grad_norm: 7.1398
2026-05-18 15:50:44,653 - mmdet - INFO - Epoch [30][1550/1652]	lr: 8.000e-04, eta: 0:54:51, time: 0.330, data_time: 0.028, memory: 9507, vote_loss: 2.4360, objectness_loss: 0.2672, semantic_loss: 0.1762, center_loss: 0.3259, dir_class_loss: 0.6749, dir_res_loss: 0.4604, size_class_loss: 0.1762, size_res_loss: 0.1920, loss: 4.7088, grad_norm: 7.8547
2026-05-18 15:51:00,993 - mmdet - INFO - Epoch [30][1600/1652]	lr: 8.000e-04, eta: 0:54:34, time: 0.327, data_time: 0.025, memory: 9507, vote_loss: 2.6137, objectness_loss: 0.2693, semantic_loss: 0.1748, center_loss: 0.3572, dir_class_loss: 0.6766, dir_res_loss: 0.4308, size_class_loss: 0.1747, size_res_loss: 0.2214, loss: 4.9186, grad_norm: 7.3466
2026-05-18 15:51:17,224 - mmdet - INFO - Epoch [30][1650/1652]	lr: 8.000e-04, eta: 0:54:18, time: 0.325, data_time: 0.025, memory: 9507, vote_loss: 2.4302, objectness_loss: 0.2625, semantic_loss: 0.1929, center_loss: 0.3018, dir_class_loss: 0.6316, dir_res_loss: 0.4395, size_class_loss: 0.1929, size_res_loss: 0.2083, loss: 4.6596, grad_norm: 7.3666
2026-05-18 15:51:17,961 - mmdet - INFO - Saving checkpoint at 30 epochs
2026-05-18 15:51:37,091 - mmdet - INFO - Epoch [31][50/1652]	lr: 8.000e-04, eta: 0:54:01, time: 0.377, data_time: 0.075, memory: 9507, vote_loss: 2.6477, objectness_loss: 0.2717, semantic_loss: 0.1837, center_loss: 0.3910, dir_class_loss: 0.6564, dir_res_loss: 0.4519, size_class_loss: 0.1837, size_res_loss: 0.2009, loss: 4.9869, grad_norm: 7.7140
2026-05-18 15:51:53,360 - mmdet - INFO - Epoch [31][100/1652]	lr: 8.000e-04, eta: 0:53:45, time: 0.325, data_time: 0.025, memory: 9507, vote_loss: 2.5696, objectness_loss: 0.2502, semantic_loss: 0.1796, center_loss: 0.3003, dir_class_loss: 0.6821, dir_res_loss: 0.4753, size_class_loss: 0.1796, size_res_loss: 0.2078, loss: 4.8445, grad_norm: 6.7715
2026-05-18 15:52:09,636 - mmdet - INFO - Epoch [31][150/1652]	lr: 8.000e-04, eta: 0:53:28, time: 0.326, data_time: 0.025, memory: 9507, vote_loss: 2.5997, objectness_loss: 0.2791, semantic_loss: 0.1916, center_loss: 0.3350, dir_class_loss: 0.7186, dir_res_loss: 0.4306, size_class_loss: 0.1916, size_res_loss: 0.2242, loss: 4.9704, grad_norm: 7.2898
2026-05-18 15:52:25,984 - mmdet - INFO - Epoch [31][200/1652]	lr: 8.000e-04, eta: 0:53:12, time: 0.327, data_time: 0.025, memory: 9507, vote_loss: 2.6472, objectness_loss: 0.2586, semantic_loss: 0.2190, center_loss: 0.3329, dir_class_loss: 0.6960, dir_res_loss: 0.4733, size_class_loss: 0.2190, size_res_loss: 0.2115, loss: 5.0576, grad_norm: 7.1895
2026-05-18 15:52:42,284 - mmdet - INFO - Epoch [31][250/1652]	lr: 8.000e-04, eta: 0:52:55, time: 0.326, data_time: 0.025, memory: 9507, vote_loss: 2.6301, objectness_loss: 0.2609, semantic_loss: 0.2003, center_loss: 0.3259, dir_class_loss: 0.7573, dir_res_loss: 0.4536, size_class_loss: 0.2003, size_res_loss: 0.2187, loss: 5.0470, grad_norm: 7.9620
2026-05-18 15:52:58,651 - mmdet - INFO - Epoch [31][300/1652]	lr: 8.000e-04, eta: 0:52:39, time: 0.327, data_time: 0.025, memory: 9507, vote_loss: 2.5597, objectness_loss: 0.2521, semantic_loss: 0.1506, center_loss: 0.3160, dir_class_loss: 0.7074, dir_res_loss: 0.4395, size_class_loss: 0.1506, size_res_loss: 0.2051, loss: 4.7809, grad_norm: 7.5187
2026-05-18 15:53:14,917 - mmdet - INFO - Epoch [31][350/1652]	lr: 8.000e-04, eta: 0:52:22, time: 0.325, data_time: 0.024, memory: 9507, vote_loss: 2.4486, objectness_loss: 0.2578, semantic_loss: 0.1926, center_loss: 0.3646, dir_class_loss: 0.6788, dir_res_loss: 0.4540, size_class_loss: 0.1926, size_res_loss: 0.1938, loss: 4.7828, grad_norm: 7.7311
2026-05-18 15:53:31,243 - mmdet - INFO - Epoch [31][400/1652]	lr: 8.000e-04, eta: 0:52:06, time: 0.327, data_time: 0.025, memory: 9507, vote_loss: 2.4844, objectness_loss: 0.2453, semantic_loss: 0.1946, center_loss: 0.3259, dir_class_loss: 0.6222, dir_res_loss: 0.4250, size_class_loss: 0.1945, size_res_loss: 0.2057, loss: 4.6976, grad_norm: 7.8007
2026-05-18 15:53:47,560 - mmdet - INFO - Epoch [31][450/1652]	lr: 8.000e-04, eta: 0:51:49, time: 0.326, data_time: 0.025, memory: 9507, vote_loss: 2.4591, objectness_loss: 0.2681, semantic_loss: 0.2034, center_loss: 0.3359, dir_class_loss: 0.7167, dir_res_loss: 0.4827, size_class_loss: 0.2034, size_res_loss: 0.2097, loss: 4.8791, grad_norm: 7.6908
2026-05-18 15:54:03,845 - mmdet - INFO - Epoch [31][500/1652]	lr: 8.000e-04, eta: 0:51:33, time: 0.326, data_time: 0.024, memory: 9507, vote_loss: 2.6708, objectness_loss: 0.2868, semantic_loss: 0.2120, center_loss: 0.3062, dir_class_loss: 0.6671, dir_res_loss: 0.4416, size_class_loss: 0.2120, size_res_loss: 0.1987, loss: 4.9952, grad_norm: 7.5491
2026-05-18 15:54:20,103 - mmdet - INFO - Epoch [31][550/1652]	lr: 8.000e-04, eta: 0:51:16, time: 0.325, data_time: 0.024, memory: 9507, vote_loss: 2.4958, objectness_loss: 0.2585, semantic_loss: 0.1789, center_loss: 0.2972, dir_class_loss: 0.6854, dir_res_loss: 0.4356, size_class_loss: 0.1789, size_res_loss: 0.2081, loss: 4.7384, grad_norm: 6.8771
2026-05-18 15:54:36,447 - mmdet - INFO - Epoch [31][600/1652]	lr: 8.000e-04, eta: 0:51:00, time: 0.327, data_time: 0.025, memory: 9507, vote_loss: 2.5933, objectness_loss: 0.2717, semantic_loss: 0.2072, center_loss: 0.3213, dir_class_loss: 0.6364, dir_res_loss: 0.4430, size_class_loss: 0.2072, size_res_loss: 0.2080, loss: 4.8880, grad_norm: 7.4778
2026-05-18 15:54:52,856 - mmdet - INFO - Epoch [31][650/1652]	lr: 8.000e-04, eta: 0:50:44, time: 0.328, data_time: 0.025, memory: 9507, vote_loss: 2.5004, objectness_loss: 0.2744, semantic_loss: 0.2032, center_loss: 0.3161, dir_class_loss: 0.6980, dir_res_loss: 0.4489, size_class_loss: 0.2032, size_res_loss: 0.2061, loss: 4.8503, grad_norm: 6.4977
2026-05-18 15:55:09,264 - mmdet - INFO - Epoch [31][700/1652]	lr: 8.000e-04, eta: 0:50:27, time: 0.328, data_time: 0.025, memory: 9507, vote_loss: 2.6717, objectness_loss: 0.2692, semantic_loss: 0.2040, center_loss: 0.3197, dir_class_loss: 0.7100, dir_res_loss: 0.4532, size_class_loss: 0.2040, size_res_loss: 0.1978, loss: 5.0296, grad_norm: 7.4672
2026-05-18 15:55:25,605 - mmdet - INFO - Epoch [31][750/1652]	lr: 8.000e-04, eta: 0:50:11, time: 0.327, data_time: 0.024, memory: 9507, vote_loss: 2.7336, objectness_loss: 0.2834, semantic_loss: 0.2022, center_loss: 0.3937, dir_class_loss: 0.6819, dir_res_loss: 0.4666, size_class_loss: 0.2022, size_res_loss: 0.2503, loss: 5.2138, grad_norm: 7.9750
2026-05-18 15:55:41,977 - mmdet - INFO - Epoch [31][800/1652]	lr: 8.000e-04, eta: 0:49:54, time: 0.327, data_time: 0.025, memory: 9507, vote_loss: 2.5589, objectness_loss: 0.2524, semantic_loss: 0.2107, center_loss: 0.3269, dir_class_loss: 0.6863, dir_res_loss: 0.4279, size_class_loss: 0.2107, size_res_loss: 0.1909, loss: 4.8648, grad_norm: 7.5832
2026-05-18 15:55:58,316 - mmdet - INFO - Epoch [31][850/1652]	lr: 8.000e-04, eta: 0:49:38, time: 0.327, data_time: 0.025, memory: 9507, vote_loss: 2.5693, objectness_loss: 0.2560, semantic_loss: 0.1997, center_loss: 0.3021, dir_class_loss: 0.6579, dir_res_loss: 0.4582, size_class_loss: 0.1997, size_res_loss: 0.2062, loss: 4.8490, grad_norm: 7.6284
2026-05-18 15:56:14,635 - mmdet - INFO - Epoch [31][900/1652]	lr: 8.000e-04, eta: 0:49:21, time: 0.326, data_time: 0.024, memory: 9507, vote_loss: 2.4124, objectness_loss: 0.2607, semantic_loss: 0.1832, center_loss: 0.2971, dir_class_loss: 0.6553, dir_res_loss: 0.4150, size_class_loss: 0.1832, size_res_loss: 0.1892, loss: 4.5961, grad_norm: 7.2761
2026-05-18 15:56:30,913 - mmdet - INFO - Epoch [31][950/1652]	lr: 8.000e-04, eta: 0:49:05, time: 0.326, data_time: 0.025, memory: 9507, vote_loss: 2.5681, objectness_loss: 0.2609, semantic_loss: 0.1884, center_loss: 0.3036, dir_class_loss: 0.6294, dir_res_loss: 0.4259, size_class_loss: 0.1884, size_res_loss: 0.2029, loss: 4.7677, grad_norm: 7.3095
2026-05-18 15:56:47,308 - mmdet - INFO - Epoch [31][1000/1652]	lr: 8.000e-04, eta: 0:48:48, time: 0.328, data_time: 0.025, memory: 9507, vote_loss: 2.5683, objectness_loss: 0.2665, semantic_loss: 0.2055, center_loss: 0.3210, dir_class_loss: 0.7396, dir_res_loss: 0.5129, size_class_loss: 0.2055, size_res_loss: 0.2052, loss: 5.0246, grad_norm: 7.5019
2026-05-18 15:57:03,745 - mmdet - INFO - Epoch [31][1050/1652]	lr: 8.000e-04, eta: 0:48:32, time: 0.329, data_time: 0.025, memory: 9507, vote_loss: 2.6823, objectness_loss: 0.2786, semantic_loss: 0.2167, center_loss: 0.3387, dir_class_loss: 0.6868, dir_res_loss: 0.4333, size_class_loss: 0.2167, size_res_loss: 0.2218, loss: 5.0751, grad_norm: 6.9991
2026-05-18 15:57:20,081 - mmdet - INFO - Epoch [31][1100/1652]	lr: 8.000e-04, eta: 0:48:16, time: 0.327, data_time: 0.024, memory: 9507, vote_loss: 2.5627, objectness_loss: 0.2855, semantic_loss: 0.1956, center_loss: 0.3455, dir_class_loss: 0.6507, dir_res_loss: 0.4460, size_class_loss: 0.1956, size_res_loss: 0.2039, loss: 4.8854, grad_norm: 7.8042
2026-05-18 15:57:36,429 - mmdet - INFO - Epoch [31][1150/1652]	lr: 8.000e-04, eta: 0:47:59, time: 0.327, data_time: 0.024, memory: 9507, vote_loss: 2.5672, objectness_loss: 0.2523, semantic_loss: 0.1965, center_loss: 0.3191, dir_class_loss: 0.6495, dir_res_loss: 0.4566, size_class_loss: 0.1965, size_res_loss: 0.2041, loss: 4.8418, grad_norm: 7.1997
2026-05-18 15:57:52,841 - mmdet - INFO - Epoch [31][1200/1652]	lr: 8.000e-04, eta: 0:47:43, time: 0.328, data_time: 0.024, memory: 9507, vote_loss: 2.3653, objectness_loss: 0.2656, semantic_loss: 0.1837, center_loss: 0.3087, dir_class_loss: 0.6611, dir_res_loss: 0.4539, size_class_loss: 0.1836, size_res_loss: 0.1852, loss: 4.6071, grad_norm: 7.1550
2026-05-18 15:58:09,211 - mmdet - INFO - Epoch [31][1250/1652]	lr: 8.000e-04, eta: 0:47:26, time: 0.327, data_time: 0.025, memory: 9507, vote_loss: 2.6498, objectness_loss: 0.2758, semantic_loss: 0.2021, center_loss: 0.3176, dir_class_loss: 0.6644, dir_res_loss: 0.4958, size_class_loss: 0.2021, size_res_loss: 0.2154, loss: 5.0231, grad_norm: 7.2494
2026-05-18 15:58:25,611 - mmdet - INFO - Epoch [31][1300/1652]	lr: 8.000e-04, eta: 0:47:10, time: 0.328, data_time: 0.024, memory: 9507, vote_loss: 2.5184, objectness_loss: 0.2772, semantic_loss: 0.2099, center_loss: 0.3094, dir_class_loss: 0.7245, dir_res_loss: 0.4490, size_class_loss: 0.2099, size_res_loss: 0.1944, loss: 4.8927, grad_norm: 6.8140
2026-05-18 15:58:41,964 - mmdet - INFO - Epoch [31][1350/1652]	lr: 8.000e-04, eta: 0:46:53, time: 0.327, data_time: 0.024, memory: 9507, vote_loss: 2.4842, objectness_loss: 0.2724, semantic_loss: 0.1951, center_loss: 0.3278, dir_class_loss: 0.6090, dir_res_loss: 0.4115, size_class_loss: 0.1951, size_res_loss: 0.2031, loss: 4.6982, grad_norm: 7.7271
2026-05-18 15:58:58,316 - mmdet - INFO - Epoch [31][1400/1652]	lr: 8.000e-04, eta: 0:46:37, time: 0.327, data_time: 0.024, memory: 9507, vote_loss: 2.5457, objectness_loss: 0.2580, semantic_loss: 0.1897, center_loss: 0.3069, dir_class_loss: 0.7047, dir_res_loss: 0.5401, size_class_loss: 0.1897, size_res_loss: 0.2103, loss: 4.9451, grad_norm: 7.4637
2026-05-18 15:59:14,599 - mmdet - INFO - Epoch [31][1450/1652]	lr: 8.000e-04, eta: 0:46:20, time: 0.326, data_time: 0.023, memory: 9507, vote_loss: 2.5278, objectness_loss: 0.2574, semantic_loss: 0.1929, center_loss: 0.3836, dir_class_loss: 0.6729, dir_res_loss: 0.4189, size_class_loss: 0.1929, size_res_loss: 0.1949, loss: 4.8412, grad_norm: 7.3798
2026-05-18 15:59:31,061 - mmdet - INFO - Epoch [31][1500/1652]	lr: 8.000e-04, eta: 0:46:04, time: 0.329, data_time: 0.025, memory: 9507, vote_loss: 2.5528, objectness_loss: 0.2888, semantic_loss: 0.2361, center_loss: 0.3454, dir_class_loss: 0.7249, dir_res_loss: 0.4969, size_class_loss: 0.2361, size_res_loss: 0.2078, loss: 5.0889, grad_norm: 8.2714
2026-05-18 15:59:47,466 - mmdet - INFO - Epoch [31][1550/1652]	lr: 8.000e-04, eta: 0:45:48, time: 0.328, data_time: 0.024, memory: 9507, vote_loss: 2.5291, objectness_loss: 0.2885, semantic_loss: 0.2051, center_loss: 0.3261, dir_class_loss: 0.7285, dir_res_loss: 0.4758, size_class_loss: 0.2051, size_res_loss: 0.1889, loss: 4.9473, grad_norm: 6.6588
2026-05-18 16:00:03,807 - mmdet - INFO - Epoch [31][1600/1652]	lr: 8.000e-04, eta: 0:45:31, time: 0.327, data_time: 0.024, memory: 9507, vote_loss: 2.5330, objectness_loss: 0.2632, semantic_loss: 0.1952, center_loss: 0.3039, dir_class_loss: 0.6696, dir_res_loss: 0.4836, size_class_loss: 0.1952, size_res_loss: 0.2148, loss: 4.8585, grad_norm: 7.7695
2026-05-18 16:00:20,114 - mmdet - INFO - Epoch [31][1650/1652]	lr: 8.000e-04, eta: 0:45:15, time: 0.326, data_time: 0.025, memory: 9507, vote_loss: 2.6049, objectness_loss: 0.2472, semantic_loss: 0.1855, center_loss: 0.3134, dir_class_loss: 0.6843, dir_res_loss: 0.4109, size_class_loss: 0.1855, size_res_loss: 0.1896, loss: 4.8212, grad_norm: 7.2228
2026-05-18 16:00:20,811 - mmdet - INFO - Saving checkpoint at 31 epochs
2026-05-18 16:00:40,320 - mmdet - INFO - Epoch [32][50/1652]	lr: 8.000e-04, eta: 0:44:58, time: 0.381, data_time: 0.079, memory: 9507, vote_loss: 2.5668, objectness_loss: 0.2505, semantic_loss: 0.1879, center_loss: 0.3121, dir_class_loss: 0.6585, dir_res_loss: 0.3970, size_class_loss: 0.1879, size_res_loss: 0.2097, loss: 4.7703, grad_norm: 7.0723
2026-05-18 16:00:56,630 - mmdet - INFO - Epoch [32][100/1652]	lr: 8.000e-04, eta: 0:44:41, time: 0.326, data_time: 0.024, memory: 9507, vote_loss: 2.5668, objectness_loss: 0.2740, semantic_loss: 0.2143, center_loss: 0.3400, dir_class_loss: 0.6934, dir_res_loss: 0.4705, size_class_loss: 0.2143, size_res_loss: 0.2289, loss: 5.0023, grad_norm: 7.4600
2026-05-18 16:01:12,990 - mmdet - INFO - Epoch [32][150/1652]	lr: 8.000e-04, eta: 0:44:25, time: 0.327, data_time: 0.024, memory: 9507, vote_loss: 2.5243, objectness_loss: 0.2474, semantic_loss: 0.1829, center_loss: 0.2968, dir_class_loss: 0.6983, dir_res_loss: 0.4252, size_class_loss: 0.1828, size_res_loss: 0.1869, loss: 4.7447, grad_norm: 7.2792
2026-05-18 16:01:29,408 - mmdet - INFO - Epoch [32][200/1652]	lr: 8.000e-04, eta: 0:44:09, time: 0.328, data_time: 0.025, memory: 9507, vote_loss: 2.5002, objectness_loss: 0.2583, semantic_loss: 0.1903, center_loss: 0.3311, dir_class_loss: 0.6948, dir_res_loss: 0.4348, size_class_loss: 0.1903, size_res_loss: 0.2066, loss: 4.8063, grad_norm: 7.0937
2026-05-18 16:01:45,769 - mmdet - INFO - Epoch [32][250/1652]	lr: 8.000e-04, eta: 0:43:52, time: 0.327, data_time: 0.024, memory: 9507, vote_loss: 2.5048, objectness_loss: 0.2488, semantic_loss: 0.1863, center_loss: 0.3102, dir_class_loss: 0.6620, dir_res_loss: 0.4772, size_class_loss: 0.1863, size_res_loss: 0.1785, loss: 4.7542, grad_norm: 7.0089
2026-05-18 16:02:02,135 - mmdet - INFO - Epoch [32][300/1652]	lr: 8.000e-04, eta: 0:43:36, time: 0.327, data_time: 0.025, memory: 9507, vote_loss: 2.5031, objectness_loss: 0.2512, semantic_loss: 0.1779, center_loss: 0.3273, dir_class_loss: 0.7040, dir_res_loss: 0.4140, size_class_loss: 0.1779, size_res_loss: 0.2028, loss: 4.7584, grad_norm: 7.4501
2026-05-18 16:02:18,486 - mmdet - INFO - Epoch [32][350/1652]	lr: 8.000e-04, eta: 0:43:19, time: 0.327, data_time: 0.024, memory: 9507, vote_loss: 2.5070, objectness_loss: 0.2731, semantic_loss: 0.1902, center_loss: 0.3176, dir_class_loss: 0.6404, dir_res_loss: 0.4382, size_class_loss: 0.1902, size_res_loss: 0.2009, loss: 4.7576, grad_norm: 7.2194
2026-05-18 16:02:34,933 - mmdet - INFO - Epoch [32][400/1652]	lr: 8.000e-04, eta: 0:43:03, time: 0.329, data_time: 0.025, memory: 9507, vote_loss: 2.4702, objectness_loss: 0.2443, semantic_loss: 0.1808, center_loss: 0.3169, dir_class_loss: 0.6712, dir_res_loss: 0.4396, size_class_loss: 0.1808, size_res_loss: 0.2147, loss: 4.7185, grad_norm: 6.7995
2026-05-18 16:02:51,339 - mmdet - INFO - Epoch [32][450/1652]	lr: 8.000e-04, eta: 0:42:46, time: 0.328, data_time: 0.025, memory: 9507, vote_loss: 2.5456, objectness_loss: 0.2720, semantic_loss: 0.2032, center_loss: 0.3221, dir_class_loss: 0.6966, dir_res_loss: 0.4259, size_class_loss: 0.2032, size_res_loss: 0.2044, loss: 4.8730, grad_norm: 7.0594
2026-05-18 16:03:07,777 - mmdet - INFO - Epoch [32][500/1652]	lr: 8.000e-04, eta: 0:42:30, time: 0.329, data_time: 0.025, memory: 9507, vote_loss: 2.3763, objectness_loss: 0.2609, semantic_loss: 0.1816, center_loss: 0.2866, dir_class_loss: 0.6873, dir_res_loss: 0.4815, size_class_loss: 0.1816, size_res_loss: 0.1953, loss: 4.6512, grad_norm: 6.6548
2026-05-18 16:03:24,195 - mmdet - INFO - Epoch [32][550/1652]	lr: 8.000e-04, eta: 0:42:13, time: 0.328, data_time: 0.025, memory: 9507, vote_loss: 2.5720, objectness_loss: 0.2721, semantic_loss: 0.1990, center_loss: 0.3335, dir_class_loss: 0.6660, dir_res_loss: 0.4384, size_class_loss: 0.1990, size_res_loss: 0.1998, loss: 4.8797, grad_norm: 7.4359
2026-05-18 16:03:40,549 - mmdet - INFO - Epoch [32][600/1652]	lr: 8.000e-04, eta: 0:41:57, time: 0.327, data_time: 0.024, memory: 9507, vote_loss: 2.5678, objectness_loss: 0.2578, semantic_loss: 0.2085, center_loss: 0.2971, dir_class_loss: 0.6625, dir_res_loss: 0.4544, size_class_loss: 0.2085, size_res_loss: 0.2101, loss: 4.8667, grad_norm: 7.5539
2026-05-18 16:03:56,821 - mmdet - INFO - Epoch [32][650/1652]	lr: 8.000e-04, eta: 0:41:41, time: 0.325, data_time: 0.024, memory: 9507, vote_loss: 2.4661, objectness_loss: 0.2514, semantic_loss: 0.1722, center_loss: 0.3290, dir_class_loss: 0.6293, dir_res_loss: 0.3937, size_class_loss: 0.1722, size_res_loss: 0.2031, loss: 4.6171, grad_norm: 7.8161
2026-05-18 16:04:13,156 - mmdet - INFO - Epoch [32][700/1652]	lr: 8.000e-04, eta: 0:41:24, time: 0.327, data_time: 0.025, memory: 9507, vote_loss: 2.5443, objectness_loss: 0.2702, semantic_loss: 0.1614, center_loss: 0.3397, dir_class_loss: 0.6765, dir_res_loss: 0.4499, size_class_loss: 0.1614, size_res_loss: 0.2163, loss: 4.8198, grad_norm: 7.8702
2026-05-18 16:04:29,500 - mmdet - INFO - Epoch [32][750/1652]	lr: 8.000e-04, eta: 0:41:08, time: 0.327, data_time: 0.024, memory: 9507, vote_loss: 2.4255, objectness_loss: 0.2468, semantic_loss: 0.1816, center_loss: 0.3137, dir_class_loss: 0.6333, dir_res_loss: 0.4777, size_class_loss: 0.1816, size_res_loss: 0.2000, loss: 4.6602, grad_norm: 7.7482
2026-05-18 16:04:45,802 - mmdet - INFO - Epoch [32][800/1652]	lr: 8.000e-04, eta: 0:40:51, time: 0.326, data_time: 0.023, memory: 9507, vote_loss: 2.6089, objectness_loss: 0.2458, semantic_loss: 0.1969, center_loss: 0.3217, dir_class_loss: 0.6852, dir_res_loss: 0.4263, size_class_loss: 0.1969, size_res_loss: 0.2041, loss: 4.8858, grad_norm: 7.4434
2026-05-18 16:05:02,080 - mmdet - INFO - Epoch [32][850/1652]	lr: 8.000e-04, eta: 0:40:35, time: 0.326, data_time: 0.024, memory: 9507, vote_loss: 2.6216, objectness_loss: 0.2559, semantic_loss: 0.1746, center_loss: 0.3221, dir_class_loss: 0.6466, dir_res_loss: 0.4052, size_class_loss: 0.1746, size_res_loss: 0.1797, loss: 4.7803, grad_norm: 7.6929
2026-05-18 16:05:18,496 - mmdet - INFO - Epoch [32][900/1652]	lr: 8.000e-04, eta: 0:40:18, time: 0.328, data_time: 0.025, memory: 9507, vote_loss: 2.5045, objectness_loss: 0.2604, semantic_loss: 0.2091, center_loss: 0.3156, dir_class_loss: 0.7150, dir_res_loss: 0.4215, size_class_loss: 0.2090, size_res_loss: 0.2074, loss: 4.8425, grad_norm: 6.7259
2026-05-18 16:05:34,864 - mmdet - INFO - Epoch [32][950/1652]	lr: 8.000e-04, eta: 0:40:02, time: 0.327, data_time: 0.025, memory: 9507, vote_loss: 2.5937, objectness_loss: 0.2503, semantic_loss: 0.1621, center_loss: 0.2934, dir_class_loss: 0.6857, dir_res_loss: 0.4744, size_class_loss: 0.1621, size_res_loss: 0.1906, loss: 4.8122, grad_norm: 7.2499
2026-05-18 16:05:51,212 - mmdet - INFO - Epoch [32][1000/1652]	lr: 8.000e-04, eta: 0:39:45, time: 0.327, data_time: 0.024, memory: 9507, vote_loss: 2.6854, objectness_loss: 0.2680, semantic_loss: 0.1811, center_loss: 0.3389, dir_class_loss: 0.6627, dir_res_loss: 0.5290, size_class_loss: 0.1811, size_res_loss: 0.2064, loss: 5.0526, grad_norm: 7.7948
2026-05-18 16:06:07,527 - mmdet - INFO - Epoch [32][1050/1652]	lr: 8.000e-04, eta: 0:39:29, time: 0.326, data_time: 0.024, memory: 9507, vote_loss: 2.5689, objectness_loss: 0.2675, semantic_loss: 0.1972, center_loss: 0.3036, dir_class_loss: 0.6153, dir_res_loss: 0.4116, size_class_loss: 0.1972, size_res_loss: 0.1821, loss: 4.7436, grad_norm: 7.2732
2026-05-18 16:06:23,921 - mmdet - INFO - Epoch [32][1100/1652]	lr: 8.000e-04, eta: 0:39:13, time: 0.328, data_time: 0.024, memory: 9507, vote_loss: 2.5080, objectness_loss: 0.2513, semantic_loss: 0.1821, center_loss: 0.3217, dir_class_loss: 0.6706, dir_res_loss: 0.4863, size_class_loss: 0.1821, size_res_loss: 0.2004, loss: 4.8027, grad_norm: 7.7617
2026-05-18 16:06:40,278 - mmdet - INFO - Epoch [32][1150/1652]	lr: 8.000e-04, eta: 0:38:56, time: 0.327, data_time: 0.025, memory: 9507, vote_loss: 2.4916, objectness_loss: 0.2506, semantic_loss: 0.2220, center_loss: 0.3003, dir_class_loss: 0.6569, dir_res_loss: 0.4754, size_class_loss: 0.2220, size_res_loss: 0.1793, loss: 4.7982, grad_norm: 7.2637
2026-05-18 16:06:56,620 - mmdet - INFO - Epoch [32][1200/1652]	lr: 8.000e-04, eta: 0:38:40, time: 0.327, data_time: 0.024, memory: 9507, vote_loss: 2.5224, objectness_loss: 0.2365, semantic_loss: 0.1704, center_loss: 0.3698, dir_class_loss: 0.7422, dir_res_loss: 0.4451, size_class_loss: 0.1704, size_res_loss: 0.1848, loss: 4.8417, grad_norm: 7.5560
2026-05-18 16:07:13,009 - mmdet - INFO - Epoch [32][1250/1652]	lr: 8.000e-04, eta: 0:38:23, time: 0.328, data_time: 0.025, memory: 9507, vote_loss: 2.5561, objectness_loss: 0.2542, semantic_loss: 0.2072, center_loss: 0.3172, dir_class_loss: 0.6927, dir_res_loss: 0.4483, size_class_loss: 0.2072, size_res_loss: 0.1985, loss: 4.8813, grad_norm: 7.1467
2026-05-18 16:07:29,320 - mmdet - INFO - Epoch [32][1300/1652]	lr: 8.000e-04, eta: 0:38:07, time: 0.326, data_time: 0.024, memory: 9507, vote_loss: 2.4618, objectness_loss: 0.2739, semantic_loss: 0.1579, center_loss: 0.3904, dir_class_loss: 0.6294, dir_res_loss: 0.4186, size_class_loss: 0.1579, size_res_loss: 0.1853, loss: 4.6751, grad_norm: 7.6179
2026-05-18 16:07:45,620 - mmdet - INFO - Epoch [32][1350/1652]	lr: 8.000e-04, eta: 0:37:50, time: 0.326, data_time: 0.024, memory: 9507, vote_loss: 2.6380, objectness_loss: 0.2396, semantic_loss: 0.1991, center_loss: 0.3413, dir_class_loss: 0.6320, dir_res_loss: 0.4147, size_class_loss: 0.1991, size_res_loss: 0.1923, loss: 4.8560, grad_norm: 7.9142
2026-05-18 16:08:01,907 - mmdet - INFO - Epoch [32][1400/1652]	lr: 8.000e-04, eta: 0:37:34, time: 0.326, data_time: 0.024, memory: 9507, vote_loss: 2.4817, objectness_loss: 0.2847, semantic_loss: 0.2232, center_loss: 0.3090, dir_class_loss: 0.6884, dir_res_loss: 0.4483, size_class_loss: 0.2232, size_res_loss: 0.2042, loss: 4.8628, grad_norm: 7.7270
2026-05-18 16:08:18,257 - mmdet - INFO - Epoch [32][1450/1652]	lr: 8.000e-04, eta: 0:37:17, time: 0.327, data_time: 0.024, memory: 9507, vote_loss: 2.4325, objectness_loss: 0.2600, semantic_loss: 0.1974, center_loss: 0.3439, dir_class_loss: 0.6097, dir_res_loss: 0.4370, size_class_loss: 0.1974, size_res_loss: 0.1888, loss: 4.6668, grad_norm: 7.3800
2026-05-18 16:08:34,586 - mmdet - INFO - Epoch [32][1500/1652]	lr: 8.000e-04, eta: 0:37:01, time: 0.327, data_time: 0.025, memory: 9507, vote_loss: 2.6523, objectness_loss: 0.2911, semantic_loss: 0.2037, center_loss: 0.3267, dir_class_loss: 0.6369, dir_res_loss: 0.4356, size_class_loss: 0.2037, size_res_loss: 0.2187, loss: 4.9686, grad_norm: 7.8698
2026-05-18 16:08:50,895 - mmdet - INFO - Epoch [32][1550/1652]	lr: 8.000e-04, eta: 0:36:45, time: 0.326, data_time: 0.024, memory: 9507, vote_loss: 2.5801, objectness_loss: 0.2550, semantic_loss: 0.1912, center_loss: 0.3199, dir_class_loss: 0.6362, dir_res_loss: 0.4462, size_class_loss: 0.1912, size_res_loss: 0.2171, loss: 4.8370, grad_norm: 7.5205
2026-05-18 16:09:07,233 - mmdet - INFO - Epoch [32][1600/1652]	lr: 8.000e-04, eta: 0:36:28, time: 0.327, data_time: 0.024, memory: 9507, vote_loss: 2.5553, objectness_loss: 0.2609, semantic_loss: 0.1798, center_loss: 0.3181, dir_class_loss: 0.7026, dir_res_loss: 0.4072, size_class_loss: 0.1798, size_res_loss: 0.2415, loss: 4.8451, grad_norm: 7.2523
2026-05-18 16:09:23,582 - mmdet - INFO - Epoch [32][1650/1652]	lr: 8.000e-04, eta: 0:36:12, time: 0.327, data_time: 0.024, memory: 9507, vote_loss: 2.4923, objectness_loss: 0.2652, semantic_loss: 0.1883, center_loss: 0.3491, dir_class_loss: 0.6844, dir_res_loss: 0.4359, size_class_loss: 0.1883, size_res_loss: 0.2162, loss: 4.8198, grad_norm: 7.1305
2026-05-18 16:09:24,315 - mmdet - INFO - Saving checkpoint at 32 epochs
2026-05-18 16:09:43,675 - mmdet - INFO - Epoch [33][50/1652]	lr: 8.000e-05, eta: 0:35:55, time: 0.382, data_time: 0.078, memory: 9507, vote_loss: 2.6206, objectness_loss: 0.2711, semantic_loss: 0.1988, center_loss: 0.3354, dir_class_loss: 0.6953, dir_res_loss: 0.4820, size_class_loss: 0.1988, size_res_loss: 0.2045, loss: 5.0064, grad_norm: 7.4031
2026-05-18 16:10:00,234 - mmdet - INFO - Epoch [33][100/1652]	lr: 8.000e-05, eta: 0:35:38, time: 0.331, data_time: 0.028, memory: 9507, vote_loss: 2.6154, objectness_loss: 0.2568, semantic_loss: 0.2181, center_loss: 0.3054, dir_class_loss: 0.6483, dir_res_loss: 0.4336, size_class_loss: 0.2181, size_res_loss: 0.2291, loss: 4.9247, grad_norm: 6.3756
2026-05-18 16:10:16,612 - mmdet - INFO - Epoch [33][150/1652]	lr: 8.000e-05, eta: 0:35:22, time: 0.328, data_time: 0.025, memory: 9507, vote_loss: 2.4922, objectness_loss: 0.2664, semantic_loss: 0.2078, center_loss: 0.3024, dir_class_loss: 0.6140, dir_res_loss: 0.4196, size_class_loss: 0.2077, size_res_loss: 0.1780, loss: 4.6880, grad_norm: 6.9612
2026-05-18 16:10:33,013 - mmdet - INFO - Epoch [33][200/1652]	lr: 8.000e-05, eta: 0:35:06, time: 0.328, data_time: 0.024, memory: 9507, vote_loss: 2.5081, objectness_loss: 0.2398, semantic_loss: 0.1865, center_loss: 0.3092, dir_class_loss: 0.6795, dir_res_loss: 0.4656, size_class_loss: 0.1865, size_res_loss: 0.2038, loss: 4.7789, grad_norm: 7.4268
2026-05-18 16:10:49,375 - mmdet - INFO - Epoch [33][250/1652]	lr: 8.000e-05, eta: 0:34:49, time: 0.327, data_time: 0.024, memory: 9507, vote_loss: 2.5088, objectness_loss: 0.2429, semantic_loss: 0.1694, center_loss: 0.3312, dir_class_loss: 0.5730, dir_res_loss: 0.4324, size_class_loss: 0.1694, size_res_loss: 0.1880, loss: 4.6150, grad_norm: 7.4505
2026-05-18 16:11:05,843 - mmdet - INFO - Epoch [33][300/1652]	lr: 8.000e-05, eta: 0:34:33, time: 0.329, data_time: 0.025, memory: 9507, vote_loss: 2.4470, objectness_loss: 0.2553, semantic_loss: 0.1752, center_loss: 0.3849, dir_class_loss: 0.6885, dir_res_loss: 0.3974, size_class_loss: 0.1752, size_res_loss: 0.1907, loss: 4.7142, grad_norm: 7.0157
2026-05-18 16:11:22,463 - mmdet - INFO - Epoch [33][350/1652]	lr: 8.000e-05, eta: 0:34:16, time: 0.332, data_time: 0.025, memory: 9507, vote_loss: 2.4173, objectness_loss: 0.2465, semantic_loss: 0.1761, center_loss: 0.3333, dir_class_loss: 0.7422, dir_res_loss: 0.4701, size_class_loss: 0.1761, size_res_loss: 0.1909, loss: 4.7524, grad_norm: 6.8363
2026-05-18 16:11:38,729 - mmdet - INFO - Epoch [33][400/1652]	lr: 8.000e-05, eta: 0:34:00, time: 0.325, data_time: 0.024, memory: 9507, vote_loss: 2.4238, objectness_loss: 0.2441, semantic_loss: 0.1930, center_loss: 0.2752, dir_class_loss: 0.7208, dir_res_loss: 0.4728, size_class_loss: 0.1930, size_res_loss: 0.1981, loss: 4.7208, grad_norm: 6.9045
2026-05-18 16:11:55,114 - mmdet - INFO - Epoch [33][450/1652]	lr: 8.000e-05, eta: 0:33:43, time: 0.328, data_time: 0.025, memory: 9507, vote_loss: 2.4507, objectness_loss: 0.2363, semantic_loss: 0.1974, center_loss: 0.3388, dir_class_loss: 0.6359, dir_res_loss: 0.3998, size_class_loss: 0.1974, size_res_loss: 0.1850, loss: 4.6414, grad_norm: 7.0855
2026-05-18 16:12:11,385 - mmdet - INFO - Epoch [33][500/1652]	lr: 8.000e-05, eta: 0:33:27, time: 0.325, data_time: 0.024, memory: 9507, vote_loss: 2.5650, objectness_loss: 0.2540, semantic_loss: 0.1763, center_loss: 0.3116, dir_class_loss: 0.6334, dir_res_loss: 0.4508, size_class_loss: 0.1763, size_res_loss: 0.2025, loss: 4.7700, grad_norm: 7.1043
2026-05-18 16:12:27,675 - mmdet - INFO - Epoch [33][550/1652]	lr: 8.000e-05, eta: 0:33:10, time: 0.326, data_time: 0.024, memory: 9507, vote_loss: 2.4921, objectness_loss: 0.2481, semantic_loss: 0.1705, center_loss: 0.3042, dir_class_loss: 0.6385, dir_res_loss: 0.4179, size_class_loss: 0.1705, size_res_loss: 0.1978, loss: 4.6397, grad_norm: 6.9770
2026-05-18 16:12:43,982 - mmdet - INFO - Epoch [33][600/1652]	lr: 8.000e-05, eta: 0:32:54, time: 0.326, data_time: 0.024, memory: 9507, vote_loss: 2.4977, objectness_loss: 0.2607, semantic_loss: 0.2011, center_loss: 0.2936, dir_class_loss: 0.6862, dir_res_loss: 0.4430, size_class_loss: 0.2011, size_res_loss: 0.2012, loss: 4.7845, grad_norm: 7.3375
2026-05-18 16:13:00,258 - mmdet - INFO - Epoch [33][650/1652]	lr: 8.000e-05, eta: 0:32:38, time: 0.326, data_time: 0.024, memory: 9507, vote_loss: 2.4048, objectness_loss: 0.2438, semantic_loss: 0.1597, center_loss: 0.3056, dir_class_loss: 0.6253, dir_res_loss: 0.4132, size_class_loss: 0.1597, size_res_loss: 0.1970, loss: 4.5092, grad_norm: 7.1112
2026-05-18 16:13:16,571 - mmdet - INFO - Epoch [33][700/1652]	lr: 8.000e-05, eta: 0:32:21, time: 0.326, data_time: 0.024, memory: 9507, vote_loss: 2.5370, objectness_loss: 0.2528, semantic_loss: 0.1827, center_loss: 0.3658, dir_class_loss: 0.6593, dir_res_loss: 0.4763, size_class_loss: 0.1827, size_res_loss: 0.1891, loss: 4.8458, grad_norm: 7.4635
2026-05-18 16:13:32,861 - mmdet - INFO - Epoch [33][750/1652]	lr: 8.000e-05, eta: 0:32:05, time: 0.326, data_time: 0.024, memory: 9507, vote_loss: 2.5143, objectness_loss: 0.2417, semantic_loss: 0.1940, center_loss: 0.2970, dir_class_loss: 0.7389, dir_res_loss: 0.4569, size_class_loss: 0.1940, size_res_loss: 0.1923, loss: 4.8292, grad_norm: 7.2360
2026-05-18 16:13:49,230 - mmdet - INFO - Epoch [33][800/1652]	lr: 8.000e-05, eta: 0:31:48, time: 0.327, data_time: 0.024, memory: 9507, vote_loss: 2.5223, objectness_loss: 0.2613, semantic_loss: 0.1737, center_loss: 0.3131, dir_class_loss: 0.6118, dir_res_loss: 0.3960, size_class_loss: 0.1737, size_res_loss: 0.2039, loss: 4.6557, grad_norm: 6.6487
2026-05-18 16:14:05,625 - mmdet - INFO - Epoch [33][850/1652]	lr: 8.000e-05, eta: 0:31:32, time: 0.328, data_time: 0.025, memory: 9507, vote_loss: 2.3716, objectness_loss: 0.2551, semantic_loss: 0.1891, center_loss: 0.2933, dir_class_loss: 0.6354, dir_res_loss: 0.4071, size_class_loss: 0.1891, size_res_loss: 0.1859, loss: 4.5267, grad_norm: 7.1637
2026-05-18 16:14:22,010 - mmdet - INFO - Epoch [33][900/1652]	lr: 8.000e-05, eta: 0:31:15, time: 0.328, data_time: 0.025, memory: 9507, vote_loss: 2.4380, objectness_loss: 0.2552, semantic_loss: 0.1821, center_loss: 0.2987, dir_class_loss: 0.6501, dir_res_loss: 0.4174, size_class_loss: 0.1821, size_res_loss: 0.2163, loss: 4.6398, grad_norm: 6.9293
2026-05-18 16:14:38,471 - mmdet - INFO - Epoch [33][950/1652]	lr: 8.000e-05, eta: 0:30:59, time: 0.329, data_time: 0.025, memory: 9507, vote_loss: 2.4200, objectness_loss: 0.2463, semantic_loss: 0.1670, center_loss: 0.3082, dir_class_loss: 0.6827, dir_res_loss: 0.4237, size_class_loss: 0.1670, size_res_loss: 0.2098, loss: 4.6246, grad_norm: 6.8990
2026-05-18 16:14:54,986 - mmdet - INFO - Epoch [33][1000/1652]	lr: 8.000e-05, eta: 0:30:43, time: 0.330, data_time: 0.026, memory: 9507, vote_loss: 2.4603, objectness_loss: 0.2541, semantic_loss: 0.1897, center_loss: 0.3327, dir_class_loss: 0.6704, dir_res_loss: 0.4616, size_class_loss: 0.1897, size_res_loss: 0.1938, loss: 4.7524, grad_norm: 7.1975
2026-05-18 16:15:11,406 - mmdet - INFO - Epoch [33][1050/1652]	lr: 8.000e-05, eta: 0:30:26, time: 0.328, data_time: 0.025, memory: 9507, vote_loss: 2.6094, objectness_loss: 0.2508, semantic_loss: 0.1825, center_loss: 0.3016, dir_class_loss: 0.6771, dir_res_loss: 0.4126, size_class_loss: 0.1825, size_res_loss: 0.1980, loss: 4.8144, grad_norm: 6.8105
2026-05-18 16:15:27,827 - mmdet - INFO - Epoch [33][1100/1652]	lr: 8.000e-05, eta: 0:30:10, time: 0.328, data_time: 0.025, memory: 9507, vote_loss: 2.5308, objectness_loss: 0.2533, semantic_loss: 0.1957, center_loss: 0.3289, dir_class_loss: 0.6357, dir_res_loss: 0.4479, size_class_loss: 0.1957, size_res_loss: 0.2065, loss: 4.7945, grad_norm: 7.3075
2026-05-18 16:15:44,315 - mmdet - INFO - Epoch [33][1150/1652]	lr: 8.000e-05, eta: 0:29:53, time: 0.330, data_time: 0.025, memory: 9507, vote_loss: 2.5037, objectness_loss: 0.2607, semantic_loss: 0.1778, center_loss: 0.3223, dir_class_loss: 0.6941, dir_res_loss: 0.4212, size_class_loss: 0.1778, size_res_loss: 0.2081, loss: 4.7656, grad_norm: 7.1090
2026-05-18 16:16:00,615 - mmdet - INFO - Epoch [33][1200/1652]	lr: 8.000e-05, eta: 0:29:37, time: 0.326, data_time: 0.024, memory: 9507, vote_loss: 2.4856, objectness_loss: 0.2606, semantic_loss: 0.1982, center_loss: 0.2992, dir_class_loss: 0.6168, dir_res_loss: 0.3964, size_class_loss: 0.1982, size_res_loss: 0.1976, loss: 4.6528, grad_norm: 7.3536
2026-05-18 16:16:17,052 - mmdet - INFO - Epoch [33][1250/1652]	lr: 8.000e-05, eta: 0:29:20, time: 0.329, data_time: 0.025, memory: 9507, vote_loss: 2.4981, objectness_loss: 0.2743, semantic_loss: 0.1834, center_loss: 0.2872, dir_class_loss: 0.6622, dir_res_loss: 0.4288, size_class_loss: 0.1834, size_res_loss: 0.1925, loss: 4.7099, grad_norm: 7.2759
2026-05-18 16:16:33,358 - mmdet - INFO - Epoch [33][1300/1652]	lr: 8.000e-05, eta: 0:29:04, time: 0.326, data_time: 0.024, memory: 9507, vote_loss: 2.5119, objectness_loss: 0.2268, semantic_loss: 0.1720, center_loss: 0.2959, dir_class_loss: 0.5810, dir_res_loss: 0.4425, size_class_loss: 0.1720, size_res_loss: 0.1827, loss: 4.5848, grad_norm: 6.8683
2026-05-18 16:16:49,722 - mmdet - INFO - Epoch [33][1350/1652]	lr: 8.000e-05, eta: 0:28:47, time: 0.327, data_time: 0.024, memory: 9507, vote_loss: 2.5586, objectness_loss: 0.2958, semantic_loss: 0.2025, center_loss: 0.2952, dir_class_loss: 0.6284, dir_res_loss: 0.4577, size_class_loss: 0.2025, size_res_loss: 0.1816, loss: 4.8222, grad_norm: 7.0704
2026-05-18 16:17:06,021 - mmdet - INFO - Epoch [33][1400/1652]	lr: 8.000e-05, eta: 0:28:31, time: 0.326, data_time: 0.024, memory: 9507, vote_loss: 2.5324, objectness_loss: 0.2571, semantic_loss: 0.1700, center_loss: 0.3628, dir_class_loss: 0.6928, dir_res_loss: 0.4387, size_class_loss: 0.1700, size_res_loss: 0.1778, loss: 4.8015, grad_norm: 7.5031
2026-05-18 16:17:22,335 - mmdet - INFO - Epoch [33][1450/1652]	lr: 8.000e-05, eta: 0:28:15, time: 0.326, data_time: 0.024, memory: 9507, vote_loss: 2.4326, objectness_loss: 0.2549, semantic_loss: 0.1780, center_loss: 0.3004, dir_class_loss: 0.6318, dir_res_loss: 0.4176, size_class_loss: 0.1780, size_res_loss: 0.1855, loss: 4.5788, grad_norm: 7.1594
2026-05-18 16:17:38,572 - mmdet - INFO - Epoch [33][1500/1652]	lr: 8.000e-05, eta: 0:27:58, time: 0.325, data_time: 0.024, memory: 9507, vote_loss: 2.5085, objectness_loss: 0.2511, semantic_loss: 0.1709, center_loss: 0.3172, dir_class_loss: 0.6605, dir_res_loss: 0.3799, size_class_loss: 0.1709, size_res_loss: 0.2059, loss: 4.6650, grad_norm: 7.0922
2026-05-18 16:17:55,066 - mmdet - INFO - Epoch [33][1550/1652]	lr: 8.000e-05, eta: 0:27:42, time: 0.330, data_time: 0.025, memory: 9507, vote_loss: 2.4558, objectness_loss: 0.2562, semantic_loss: 0.1874, center_loss: 0.3221, dir_class_loss: 0.5843, dir_res_loss: 0.3971, size_class_loss: 0.1874, size_res_loss: 0.1874, loss: 4.5777, grad_norm: 6.7728
2026-05-18 16:18:11,397 - mmdet - INFO - Epoch [33][1600/1652]	lr: 8.000e-05, eta: 0:27:25, time: 0.327, data_time: 0.024, memory: 9507, vote_loss: 2.4383, objectness_loss: 0.2554, semantic_loss: 0.1782, center_loss: 0.3114, dir_class_loss: 0.5710, dir_res_loss: 0.4379, size_class_loss: 0.1782, size_res_loss: 0.2027, loss: 4.5731, grad_norm: 7.1340
2026-05-18 16:18:27,689 - mmdet - INFO - Epoch [33][1650/1652]	lr: 8.000e-05, eta: 0:27:09, time: 0.326, data_time: 0.024, memory: 9507, vote_loss: 2.5247, objectness_loss: 0.2625, semantic_loss: 0.1621, center_loss: 0.3261, dir_class_loss: 0.6476, dir_res_loss: 0.4255, size_class_loss: 0.1621, size_res_loss: 0.2108, loss: 4.7213, grad_norm: 7.1557
2026-05-18 16:18:28,419 - mmdet - INFO - Saving checkpoint at 33 epochs
2026-05-18 16:18:47,742 - mmdet - INFO - Epoch [34][50/1652]	lr: 8.000e-05, eta: 0:26:52, time: 0.381, data_time: 0.079, memory: 9507, vote_loss: 2.5639, objectness_loss: 0.2416, semantic_loss: 0.1714, center_loss: 0.3133, dir_class_loss: 0.6602, dir_res_loss: 0.4224, size_class_loss: 0.1714, size_res_loss: 0.2020, loss: 4.7461, grad_norm: 7.4996
2026-05-18 16:19:04,224 - mmdet - INFO - Epoch [34][100/1652]	lr: 8.000e-05, eta: 0:26:35, time: 0.330, data_time: 0.028, memory: 9507, vote_loss: 2.4551, objectness_loss: 0.2501, semantic_loss: 0.1769, center_loss: 0.2928, dir_class_loss: 0.6580, dir_res_loss: 0.4222, size_class_loss: 0.1768, size_res_loss: 0.1814, loss: 4.6134, grad_norm: 7.2039
2026-05-18 16:19:20,497 - mmdet - INFO - Epoch [34][150/1652]	lr: 8.000e-05, eta: 0:26:19, time: 0.325, data_time: 0.024, memory: 9507, vote_loss: 2.3814, objectness_loss: 0.2664, semantic_loss: 0.1653, center_loss: 0.2960, dir_class_loss: 0.6026, dir_res_loss: 0.3797, size_class_loss: 0.1653, size_res_loss: 0.1881, loss: 4.4449, grad_norm: 7.1268
2026-05-18 16:19:36,894 - mmdet - INFO - Epoch [34][200/1652]	lr: 8.000e-05, eta: 0:26:03, time: 0.328, data_time: 0.024, memory: 9507, vote_loss: 2.4894, objectness_loss: 0.2499, semantic_loss: 0.1944, center_loss: 0.3156, dir_class_loss: 0.6331, dir_res_loss: 0.4353, size_class_loss: 0.1944, size_res_loss: 0.2038, loss: 4.7159, grad_norm: 7.0789
2026-05-18 16:19:53,267 - mmdet - INFO - Epoch [34][250/1652]	lr: 8.000e-05, eta: 0:25:46, time: 0.327, data_time: 0.025, memory: 9507, vote_loss: 2.4856, objectness_loss: 0.2562, semantic_loss: 0.1649, center_loss: 0.3711, dir_class_loss: 0.6387, dir_res_loss: 0.3841, size_class_loss: 0.1649, size_res_loss: 0.1813, loss: 4.6469, grad_norm: 7.4635
2026-05-18 16:20:09,624 - mmdet - INFO - Epoch [34][300/1652]	lr: 8.000e-05, eta: 0:25:30, time: 0.327, data_time: 0.025, memory: 9507, vote_loss: 2.4683, objectness_loss: 0.2622, semantic_loss: 0.1668, center_loss: 0.2955, dir_class_loss: 0.6383, dir_res_loss: 0.4151, size_class_loss: 0.1668, size_res_loss: 0.1843, loss: 4.5971, grad_norm: 6.7068
2026-05-18 16:20:25,951 - mmdet - INFO - Epoch [34][350/1652]	lr: 8.000e-05, eta: 0:25:13, time: 0.327, data_time: 0.025, memory: 9507, vote_loss: 2.4840, objectness_loss: 0.2416, semantic_loss: 0.1936, center_loss: 0.2936, dir_class_loss: 0.6558, dir_res_loss: 0.4021, size_class_loss: 0.1936, size_res_loss: 0.1875, loss: 4.6516, grad_norm: 7.3754
2026-05-18 16:20:42,255 - mmdet - INFO - Epoch [34][400/1652]	lr: 8.000e-05, eta: 0:24:57, time: 0.326, data_time: 0.024, memory: 9507, vote_loss: 2.4879, objectness_loss: 0.2672, semantic_loss: 0.1936, center_loss: 0.3068, dir_class_loss: 0.6023, dir_res_loss: 0.3894, size_class_loss: 0.1936, size_res_loss: 0.1858, loss: 4.6266, grad_norm: 7.2675
2026-05-18 16:20:58,628 - mmdet - INFO - Epoch [34][450/1652]	lr: 8.000e-05, eta: 0:24:40, time: 0.327, data_time: 0.024, memory: 9507, vote_loss: 2.4385, objectness_loss: 0.2602, semantic_loss: 0.1667, center_loss: 0.2909, dir_class_loss: 0.6230, dir_res_loss: 0.4340, size_class_loss: 0.1667, size_res_loss: 0.1808, loss: 4.5608, grad_norm: 7.0529
2026-05-18 16:21:14,966 - mmdet - INFO - Epoch [34][500/1652]	lr: 8.000e-05, eta: 0:24:24, time: 0.327, data_time: 0.025, memory: 9507, vote_loss: 2.4623, objectness_loss: 0.2425, semantic_loss: 0.1823, center_loss: 0.3050, dir_class_loss: 0.6056, dir_res_loss: 0.4192, size_class_loss: 0.1823, size_res_loss: 0.1964, loss: 4.5956, grad_norm: 7.1987
2026-05-18 16:21:31,309 - mmdet - INFO - Epoch [34][550/1652]	lr: 8.000e-05, eta: 0:24:08, time: 0.327, data_time: 0.025, memory: 9507, vote_loss: 2.5446, objectness_loss: 0.2488, semantic_loss: 0.1659, center_loss: 0.3013, dir_class_loss: 0.6339, dir_res_loss: 0.4288, size_class_loss: 0.1659, size_res_loss: 0.1779, loss: 4.6670, grad_norm: 6.7472
2026-05-18 16:21:47,660 - mmdet - INFO - Epoch [34][600/1652]	lr: 8.000e-05, eta: 0:23:51, time: 0.327, data_time: 0.025, memory: 9507, vote_loss: 2.4677, objectness_loss: 0.2575, semantic_loss: 0.1767, center_loss: 0.2888, dir_class_loss: 0.6634, dir_res_loss: 0.4624, size_class_loss: 0.1767, size_res_loss: 0.2024, loss: 4.6957, grad_norm: 7.0728
2026-05-18 16:22:03,953 - mmdet - INFO - Epoch [34][650/1652]	lr: 8.000e-05, eta: 0:23:35, time: 0.326, data_time: 0.025, memory: 9507, vote_loss: 2.5163, objectness_loss: 0.2475, semantic_loss: 0.1602, center_loss: 0.3125, dir_class_loss: 0.6579, dir_res_loss: 0.4107, size_class_loss: 0.1602, size_res_loss: 0.1959, loss: 4.6612, grad_norm: 7.0583
2026-05-18 16:22:20,288 - mmdet - INFO - Epoch [34][700/1652]	lr: 8.000e-05, eta: 0:23:18, time: 0.327, data_time: 0.024, memory: 9507, vote_loss: 2.4882, objectness_loss: 0.2394, semantic_loss: 0.2051, center_loss: 0.3000, dir_class_loss: 0.6567, dir_res_loss: 0.4356, size_class_loss: 0.2051, size_res_loss: 0.1697, loss: 4.6999, grad_norm: 7.0150
2026-05-18 16:22:36,600 - mmdet - INFO - Epoch [34][750/1652]	lr: 8.000e-05, eta: 0:23:02, time: 0.326, data_time: 0.024, memory: 9507, vote_loss: 2.4213, objectness_loss: 0.2569, semantic_loss: 0.1646, center_loss: 0.2900, dir_class_loss: 0.6754, dir_res_loss: 0.4313, size_class_loss: 0.1646, size_res_loss: 0.1850, loss: 4.5892, grad_norm: 7.0168
2026-05-18 16:22:52,904 - mmdet - INFO - Epoch [34][800/1652]	lr: 8.000e-05, eta: 0:22:45, time: 0.326, data_time: 0.023, memory: 9507, vote_loss: 2.4095, objectness_loss: 0.2672, semantic_loss: 0.1653, center_loss: 0.3053, dir_class_loss: 0.5982, dir_res_loss: 0.3780, size_class_loss: 0.1653, size_res_loss: 0.1845, loss: 4.4733, grad_norm: 6.9645
2026-05-18 16:23:09,196 - mmdet - INFO - Epoch [34][850/1652]	lr: 8.000e-05, eta: 0:22:29, time: 0.326, data_time: 0.024, memory: 9507, vote_loss: 2.5577, objectness_loss: 0.2656, semantic_loss: 0.1887, center_loss: 0.2994, dir_class_loss: 0.6529, dir_res_loss: 0.4062, size_class_loss: 0.1887, size_res_loss: 0.2237, loss: 4.7830, grad_norm: 6.7314
2026-05-18 16:23:25,500 - mmdet - INFO - Epoch [34][900/1652]	lr: 8.000e-05, eta: 0:22:12, time: 0.326, data_time: 0.023, memory: 9507, vote_loss: 2.5295, objectness_loss: 0.2374, semantic_loss: 0.1751, center_loss: 0.3221, dir_class_loss: 0.6234, dir_res_loss: 0.4419, size_class_loss: 0.1751, size_res_loss: 0.1800, loss: 4.6847, grad_norm: 6.7672
2026-05-18 16:23:41,827 - mmdet - INFO - Epoch [34][950/1652]	lr: 8.000e-05, eta: 0:21:56, time: 0.327, data_time: 0.024, memory: 9507, vote_loss: 2.5596, objectness_loss: 0.2733, semantic_loss: 0.1617, center_loss: 0.3300, dir_class_loss: 0.6631, dir_res_loss: 0.4252, size_class_loss: 0.1617, size_res_loss: 0.1994, loss: 4.7740, grad_norm: 7.3992
2026-05-18 16:23:58,136 - mmdet - INFO - Epoch [34][1000/1652]	lr: 8.000e-05, eta: 0:21:40, time: 0.326, data_time: 0.024, memory: 9507, vote_loss: 2.4545, objectness_loss: 0.2476, semantic_loss: 0.1689, center_loss: 0.3056, dir_class_loss: 0.6409, dir_res_loss: 0.4004, size_class_loss: 0.1689, size_res_loss: 0.2115, loss: 4.5984, grad_norm: 7.1132
2026-05-18 16:24:14,475 - mmdet - INFO - Epoch [34][1050/1652]	lr: 8.000e-05, eta: 0:21:23, time: 0.327, data_time: 0.024, memory: 9507, vote_loss: 2.3958, objectness_loss: 0.2514, semantic_loss: 0.1917, center_loss: 0.3594, dir_class_loss: 0.7098, dir_res_loss: 0.4209, size_class_loss: 0.1917, size_res_loss: 0.2170, loss: 4.7379, grad_norm: 7.0989
2026-05-18 16:24:30,777 - mmdet - INFO - Epoch [34][1100/1652]	lr: 8.000e-05, eta: 0:21:07, time: 0.326, data_time: 0.024, memory: 9507, vote_loss: 2.4972, objectness_loss: 0.2265, semantic_loss: 0.1731, center_loss: 0.3136, dir_class_loss: 0.6797, dir_res_loss: 0.4039, size_class_loss: 0.1731, size_res_loss: 0.2017, loss: 4.6686, grad_norm: 6.9955
2026-05-18 16:24:47,072 - mmdet - INFO - Epoch [34][1150/1652]	lr: 8.000e-05, eta: 0:20:50, time: 0.326, data_time: 0.024, memory: 9507, vote_loss: 2.4293, objectness_loss: 0.2337, semantic_loss: 0.1928, center_loss: 0.2956, dir_class_loss: 0.6103, dir_res_loss: 0.4228, size_class_loss: 0.1928, size_res_loss: 0.1948, loss: 4.5721, grad_norm: 7.3198
2026-05-18 16:25:03,418 - mmdet - INFO - Epoch [34][1200/1652]	lr: 8.000e-05, eta: 0:20:34, time: 0.327, data_time: 0.025, memory: 9507, vote_loss: 2.3702, objectness_loss: 0.2497, semantic_loss: 0.1573, center_loss: 0.2860, dir_class_loss: 0.6212, dir_res_loss: 0.4230, size_class_loss: 0.1573, size_res_loss: 0.1840, loss: 4.4487, grad_norm: 7.2094
2026-05-18 16:25:19,632 - mmdet - INFO - Epoch [34][1250/1652]	lr: 8.000e-05, eta: 0:20:17, time: 0.324, data_time: 0.023, memory: 9507, vote_loss: 2.4968, objectness_loss: 0.2477, semantic_loss: 0.1724, center_loss: 0.3046, dir_class_loss: 0.6207, dir_res_loss: 0.3618, size_class_loss: 0.1724, size_res_loss: 0.2133, loss: 4.5896, grad_norm: 6.8727
2026-05-18 16:25:36,151 - mmdet - INFO - Epoch [34][1300/1652]	lr: 8.000e-05, eta: 0:20:01, time: 0.330, data_time: 0.026, memory: 9507, vote_loss: 2.4617, objectness_loss: 0.2592, semantic_loss: 0.1844, center_loss: 0.3105, dir_class_loss: 0.6531, dir_res_loss: 0.4333, size_class_loss: 0.1844, size_res_loss: 0.2041, loss: 4.6906, grad_norm: 7.0542
2026-05-18 16:25:52,604 - mmdet - INFO - Epoch [34][1350/1652]	lr: 8.000e-05, eta: 0:19:44, time: 0.329, data_time: 0.026, memory: 9507, vote_loss: 2.4399, objectness_loss: 0.2387, semantic_loss: 0.1706, center_loss: 0.3305, dir_class_loss: 0.7085, dir_res_loss: 0.4311, size_class_loss: 0.1706, size_res_loss: 0.2100, loss: 4.6999, grad_norm: 7.7441
2026-05-18 16:26:09,047 - mmdet - INFO - Epoch [34][1400/1652]	lr: 8.000e-05, eta: 0:19:28, time: 0.329, data_time: 0.025, memory: 9507, vote_loss: 2.3990, objectness_loss: 0.2601, semantic_loss: 0.2023, center_loss: 0.4154, dir_class_loss: 0.7061, dir_res_loss: 0.5148, size_class_loss: 0.2023, size_res_loss: 0.1911, loss: 4.8910, grad_norm: 7.1815
2026-05-18 16:26:25,480 - mmdet - INFO - Epoch [34][1450/1652]	lr: 8.000e-05, eta: 0:19:12, time: 0.329, data_time: 0.026, memory: 9507, vote_loss: 2.4579, objectness_loss: 0.2617, semantic_loss: 0.1819, center_loss: 0.2961, dir_class_loss: 0.6948, dir_res_loss: 0.4202, size_class_loss: 0.1819, size_res_loss: 0.1983, loss: 4.6928, grad_norm: 7.0513
2026-05-18 16:26:41,955 - mmdet - INFO - Epoch [34][1500/1652]	lr: 8.000e-05, eta: 0:18:55, time: 0.329, data_time: 0.025, memory: 9507, vote_loss: 2.4413, objectness_loss: 0.2567, semantic_loss: 0.1963, center_loss: 0.2955, dir_class_loss: 0.6247, dir_res_loss: 0.4261, size_class_loss: 0.1963, size_res_loss: 0.2055, loss: 4.6425, grad_norm: 6.9590
2026-05-18 16:26:58,273 - mmdet - INFO - Epoch [34][1550/1652]	lr: 8.000e-05, eta: 0:18:39, time: 0.326, data_time: 0.024, memory: 9507, vote_loss: 2.6019, objectness_loss: 0.2634, semantic_loss: 0.1715, center_loss: 0.2928, dir_class_loss: 0.6602, dir_res_loss: 0.4166, size_class_loss: 0.1715, size_res_loss: 0.2362, loss: 4.8143, grad_norm: 7.4483
2026-05-18 16:27:14,585 - mmdet - INFO - Epoch [34][1600/1652]	lr: 8.000e-05, eta: 0:18:22, time: 0.326, data_time: 0.024, memory: 9507, vote_loss: 2.4226, objectness_loss: 0.2605, semantic_loss: 0.1778, center_loss: 0.2729, dir_class_loss: 0.6715, dir_res_loss: 0.3918, size_class_loss: 0.1778, size_res_loss: 0.2173, loss: 4.5922, grad_norm: 6.9663
2026-05-18 16:27:30,935 - mmdet - INFO - Epoch [34][1650/1652]	lr: 8.000e-05, eta: 0:18:06, time: 0.327, data_time: 0.024, memory: 9507, vote_loss: 2.4511, objectness_loss: 0.2480, semantic_loss: 0.1886, center_loss: 0.3346, dir_class_loss: 0.6773, dir_res_loss: 0.4554, size_class_loss: 0.1886, size_res_loss: 0.1806, loss: 4.7243, grad_norm: 7.1257
2026-05-18 16:27:31,686 - mmdet - INFO - Saving checkpoint at 34 epochs
2026-05-18 16:27:51,030 - mmdet - INFO - Epoch [35][50/1652]	lr: 8.000e-05, eta: 0:17:49, time: 0.381, data_time: 0.077, memory: 9507, vote_loss: 2.4943, objectness_loss: 0.2653, semantic_loss: 0.1703, center_loss: 0.3119, dir_class_loss: 0.6478, dir_res_loss: 0.4510, size_class_loss: 0.1703, size_res_loss: 0.2201, loss: 4.7309, grad_norm: 7.2670
2026-05-18 16:28:07,476 - mmdet - INFO - Epoch [35][100/1652]	lr: 8.000e-05, eta: 0:17:32, time: 0.329, data_time: 0.024, memory: 9507, vote_loss: 2.4839, objectness_loss: 0.2607, semantic_loss: 0.1858, center_loss: 0.3129, dir_class_loss: 0.6683, dir_res_loss: 0.4450, size_class_loss: 0.1858, size_res_loss: 0.2127, loss: 4.7550, grad_norm: 6.7888
2026-05-18 16:28:23,845 - mmdet - INFO - Epoch [35][150/1652]	lr: 8.000e-05, eta: 0:17:16, time: 0.327, data_time: 0.023, memory: 9507, vote_loss: 2.5091, objectness_loss: 0.2576, semantic_loss: 0.2273, center_loss: 0.3197, dir_class_loss: 0.6949, dir_res_loss: 0.4606, size_class_loss: 0.2273, size_res_loss: 0.2021, loss: 4.8986, grad_norm: 6.8989
2026-05-18 16:28:40,219 - mmdet - INFO - Epoch [35][200/1652]	lr: 8.000e-05, eta: 0:17:00, time: 0.327, data_time: 0.025, memory: 9507, vote_loss: 2.4575, objectness_loss: 0.2482, semantic_loss: 0.1630, center_loss: 0.2852, dir_class_loss: 0.6298, dir_res_loss: 0.4191, size_class_loss: 0.1630, size_res_loss: 0.1920, loss: 4.5577, grad_norm: 6.3768
2026-05-18 16:28:56,779 - mmdet - INFO - Epoch [35][250/1652]	lr: 8.000e-05, eta: 0:16:43, time: 0.331, data_time: 0.028, memory: 9507, vote_loss: 2.3817, objectness_loss: 0.2292, semantic_loss: 0.1701, center_loss: 0.3217, dir_class_loss: 0.6372, dir_res_loss: 0.4618, size_class_loss: 0.1701, size_res_loss: 0.1907, loss: 4.5625, grad_norm: 7.4936
2026-05-18 16:29:13,153 - mmdet - INFO - Epoch [35][300/1652]	lr: 8.000e-05, eta: 0:16:27, time: 0.327, data_time: 0.024, memory: 9507, vote_loss: 2.3933, objectness_loss: 0.2327, semantic_loss: 0.1691, center_loss: 0.2930, dir_class_loss: 0.6503, dir_res_loss: 0.3738, size_class_loss: 0.1691, size_res_loss: 0.1831, loss: 4.4644, grad_norm: 6.8283
2026-05-18 16:29:29,568 - mmdet - INFO - Epoch [35][350/1652]	lr: 8.000e-05, eta: 0:16:10, time: 0.328, data_time: 0.024, memory: 9507, vote_loss: 2.4394, objectness_loss: 0.2551, semantic_loss: 0.1661, center_loss: 0.3446, dir_class_loss: 0.6751, dir_res_loss: 0.4190, size_class_loss: 0.1661, size_res_loss: 0.1890, loss: 4.6544, grad_norm: 7.2504
2026-05-18 16:29:45,949 - mmdet - INFO - Epoch [35][400/1652]	lr: 8.000e-05, eta: 0:15:54, time: 0.328, data_time: 0.025, memory: 9507, vote_loss: 2.5128, objectness_loss: 0.2526, semantic_loss: 0.1845, center_loss: 0.2992, dir_class_loss: 0.6759, dir_res_loss: 0.4221, size_class_loss: 0.1844, size_res_loss: 0.1836, loss: 4.7151, grad_norm: 7.4244
2026-05-18 16:30:02,303 - mmdet - INFO - Epoch [35][450/1652]	lr: 8.000e-05, eta: 0:15:37, time: 0.327, data_time: 0.024, memory: 9507, vote_loss: 2.4663, objectness_loss: 0.2537, semantic_loss: 0.1864, center_loss: 0.2976, dir_class_loss: 0.6885, dir_res_loss: 0.4458, size_class_loss: 0.1864, size_res_loss: 0.1963, loss: 4.7210, grad_norm: 7.3000
2026-05-18 16:30:18,677 - mmdet - INFO - Epoch [35][500/1652]	lr: 8.000e-05, eta: 0:15:21, time: 0.327, data_time: 0.024, memory: 9507, vote_loss: 2.5238, objectness_loss: 0.2530, semantic_loss: 0.1800, center_loss: 0.3150, dir_class_loss: 0.6235, dir_res_loss: 0.4254, size_class_loss: 0.1800, size_res_loss: 0.1741, loss: 4.6747, grad_norm: 6.5643
2026-05-18 16:30:34,973 - mmdet - INFO - Epoch [35][550/1652]	lr: 8.000e-05, eta: 0:15:05, time: 0.326, data_time: 0.024, memory: 9507, vote_loss: 2.4645, objectness_loss: 0.2821, semantic_loss: 0.1945, center_loss: 0.2973, dir_class_loss: 0.6498, dir_res_loss: 0.4147, size_class_loss: 0.1945, size_res_loss: 0.2017, loss: 4.6989, grad_norm: 7.0002
2026-05-18 16:30:51,381 - mmdet - INFO - Epoch [35][600/1652]	lr: 8.000e-05, eta: 0:14:48, time: 0.328, data_time: 0.024, memory: 9507, vote_loss: 2.5033, objectness_loss: 0.2447, semantic_loss: 0.1519, center_loss: 0.3032, dir_class_loss: 0.6115, dir_res_loss: 0.4375, size_class_loss: 0.1519, size_res_loss: 0.2004, loss: 4.6045, grad_norm: 6.9923
2026-05-18 16:31:07,710 - mmdet - INFO - Epoch [35][650/1652]	lr: 8.000e-05, eta: 0:14:32, time: 0.327, data_time: 0.024, memory: 9507, vote_loss: 2.4051, objectness_loss: 0.2885, semantic_loss: 0.1577, center_loss: 0.3265, dir_class_loss: 0.6772, dir_res_loss: 0.5428, size_class_loss: 0.1577, size_res_loss: 0.1992, loss: 4.7546, grad_norm: 7.2354
2026-05-18 16:31:24,132 - mmdet - INFO - Epoch [35][700/1652]	lr: 8.000e-05, eta: 0:14:15, time: 0.328, data_time: 0.023, memory: 9507, vote_loss: 2.5473, objectness_loss: 0.2688, semantic_loss: 0.1689, center_loss: 0.2970, dir_class_loss: 0.6246, dir_res_loss: 0.4343, size_class_loss: 0.1689, size_res_loss: 0.2313, loss: 4.7411, grad_norm: 6.9673
2026-05-18 16:31:40,420 - mmdet - INFO - Epoch [35][750/1652]	lr: 8.000e-05, eta: 0:13:59, time: 0.326, data_time: 0.023, memory: 9507, vote_loss: 2.4157, objectness_loss: 0.2511, semantic_loss: 0.1745, center_loss: 0.3130, dir_class_loss: 0.6840, dir_res_loss: 0.4371, size_class_loss: 0.1745, size_res_loss: 0.1875, loss: 4.6374, grad_norm: 7.0042
2026-05-18 16:31:56,857 - mmdet - INFO - Epoch [35][800/1652]	lr: 8.000e-05, eta: 0:13:42, time: 0.329, data_time: 0.025, memory: 9507, vote_loss: 2.5051, objectness_loss: 0.2474, semantic_loss: 0.1614, center_loss: 0.2918, dir_class_loss: 0.6244, dir_res_loss: 0.4446, size_class_loss: 0.1614, size_res_loss: 0.2303, loss: 4.6663, grad_norm: 6.7764
2026-05-18 16:32:13,179 - mmdet - INFO - Epoch [35][850/1652]	lr: 8.000e-05, eta: 0:13:26, time: 0.326, data_time: 0.024, memory: 9507, vote_loss: 2.4599, objectness_loss: 0.2661, semantic_loss: 0.1793, center_loss: 0.3080, dir_class_loss: 0.6031, dir_res_loss: 0.4319, size_class_loss: 0.1793, size_res_loss: 0.2059, loss: 4.6333, grad_norm: 7.1451
2026-05-18 16:32:29,495 - mmdet - INFO - Epoch [35][900/1652]	lr: 8.000e-05, eta: 0:13:10, time: 0.326, data_time: 0.023, memory: 9507, vote_loss: 2.5596, objectness_loss: 0.2675, semantic_loss: 0.1854, center_loss: 0.3286, dir_class_loss: 0.5994, dir_res_loss: 0.3797, size_class_loss: 0.1854, size_res_loss: 0.1706, loss: 4.6762, grad_norm: 7.2165
2026-05-18 16:32:45,959 - mmdet - INFO - Epoch [35][950/1652]	lr: 8.000e-05, eta: 0:12:53, time: 0.329, data_time: 0.025, memory: 9507, vote_loss: 2.4134, objectness_loss: 0.2594, semantic_loss: 0.2061, center_loss: 0.3092, dir_class_loss: 0.6442, dir_res_loss: 0.3896, size_class_loss: 0.2061, size_res_loss: 0.1864, loss: 4.6144, grad_norm: 7.3956
2026-05-18 16:33:02,247 - mmdet - INFO - Epoch [35][1000/1652]	lr: 8.000e-05, eta: 0:12:37, time: 0.326, data_time: 0.023, memory: 9507, vote_loss: 2.4879, objectness_loss: 0.2600, semantic_loss: 0.1936, center_loss: 0.3180, dir_class_loss: 0.6035, dir_res_loss: 0.4677, size_class_loss: 0.1936, size_res_loss: 0.1938, loss: 4.7181, grad_norm: 7.3723
2026-05-18 16:33:18,528 - mmdet - INFO - Epoch [35][1050/1652]	lr: 8.000e-05, eta: 0:12:20, time: 0.326, data_time: 0.023, memory: 9507, vote_loss: 2.5390, objectness_loss: 0.2510, semantic_loss: 0.1812, center_loss: 0.3046, dir_class_loss: 0.7381, dir_res_loss: 0.4553, size_class_loss: 0.1812, size_res_loss: 0.2019, loss: 4.8522, grad_norm: 7.7005
2026-05-18 16:33:34,993 - mmdet - INFO - Epoch [35][1100/1652]	lr: 8.000e-05, eta: 0:12:04, time: 0.329, data_time: 0.025, memory: 9507, vote_loss: 2.5359, objectness_loss: 0.2639, semantic_loss: 0.1782, center_loss: 0.2890, dir_class_loss: 0.6526, dir_res_loss: 0.4706, size_class_loss: 0.1782, size_res_loss: 0.1831, loss: 4.7513, grad_norm: 6.8039
2026-05-18 16:33:51,480 - mmdet - INFO - Epoch [35][1150/1652]	lr: 8.000e-05, eta: 0:11:47, time: 0.330, data_time: 0.025, memory: 9507, vote_loss: 2.5373, objectness_loss: 0.2464, semantic_loss: 0.1732, center_loss: 0.3213, dir_class_loss: 0.6728, dir_res_loss: 0.4928, size_class_loss: 0.1732, size_res_loss: 0.2106, loss: 4.8275, grad_norm: 7.2180
2026-05-18 16:34:07,859 - mmdet - INFO - Epoch [35][1200/1652]	lr: 8.000e-05, eta: 0:11:31, time: 0.328, data_time: 0.024, memory: 9507, vote_loss: 2.4629, objectness_loss: 0.2465, semantic_loss: 0.1838, center_loss: 0.2941, dir_class_loss: 0.6621, dir_res_loss: 0.4015, size_class_loss: 0.1838, size_res_loss: 0.1781, loss: 4.6128, grad_norm: 7.0930
2026-05-18 16:34:24,169 - mmdet - INFO - Epoch [35][1250/1652]	lr: 8.000e-05, eta: 0:11:14, time: 0.326, data_time: 0.024, memory: 9507, vote_loss: 2.4340, objectness_loss: 0.2310, semantic_loss: 0.1615, center_loss: 0.2987, dir_class_loss: 0.6684, dir_res_loss: 0.4353, size_class_loss: 0.1615, size_res_loss: 0.2011, loss: 4.5915, grad_norm: 7.1844
2026-05-18 16:34:40,516 - mmdet - INFO - Epoch [35][1300/1652]	lr: 8.000e-05, eta: 0:10:58, time: 0.327, data_time: 0.024, memory: 9507, vote_loss: 2.4544, objectness_loss: 0.2294, semantic_loss: 0.1584, center_loss: 0.3157, dir_class_loss: 0.6349, dir_res_loss: 0.4014, size_class_loss: 0.1584, size_res_loss: 0.2095, loss: 4.5620, grad_norm: 7.5301
2026-05-18 16:34:56,904 - mmdet - INFO - Epoch [35][1350/1652]	lr: 8.000e-05, eta: 0:10:42, time: 0.328, data_time: 0.025, memory: 9507, vote_loss: 2.3184, objectness_loss: 0.2379, semantic_loss: 0.1857, center_loss: 0.3464, dir_class_loss: 0.6300, dir_res_loss: 0.4453, size_class_loss: 0.1857, size_res_loss: 0.1962, loss: 4.5456, grad_norm: 6.9966
2026-05-18 16:35:13,252 - mmdet - INFO - Epoch [35][1400/1652]	lr: 8.000e-05, eta: 0:10:25, time: 0.327, data_time: 0.024, memory: 9507, vote_loss: 2.4815, objectness_loss: 0.2628, semantic_loss: 0.1851, center_loss: 0.2767, dir_class_loss: 0.6522, dir_res_loss: 0.4125, size_class_loss: 0.1851, size_res_loss: 0.1952, loss: 4.6512, grad_norm: 7.1576
2026-05-18 16:35:29,504 - mmdet - INFO - Epoch [35][1450/1652]	lr: 8.000e-05, eta: 0:10:09, time: 0.325, data_time: 0.024, memory: 9507, vote_loss: 2.4617, objectness_loss: 0.2459, semantic_loss: 0.1705, center_loss: 0.2966, dir_class_loss: 0.6101, dir_res_loss: 0.3974, size_class_loss: 0.1705, size_res_loss: 0.1767, loss: 4.5293, grad_norm: 7.2390
2026-05-18 16:35:45,870 - mmdet - INFO - Epoch [35][1500/1652]	lr: 8.000e-05, eta: 0:09:52, time: 0.327, data_time: 0.024, memory: 9507, vote_loss: 2.4242, objectness_loss: 0.2400, semantic_loss: 0.1678, center_loss: 0.3475, dir_class_loss: 0.6943, dir_res_loss: 0.4232, size_class_loss: 0.1678, size_res_loss: 0.1841, loss: 4.6489, grad_norm: 7.1014
2026-05-18 16:36:02,199 - mmdet - INFO - Epoch [35][1550/1652]	lr: 8.000e-05, eta: 0:09:36, time: 0.327, data_time: 0.024, memory: 9507, vote_loss: 2.4159, objectness_loss: 0.2857, semantic_loss: 0.2204, center_loss: 0.3011, dir_class_loss: 0.6324, dir_res_loss: 0.4177, size_class_loss: 0.2204, size_res_loss: 0.1849, loss: 4.6785, grad_norm: 6.9948
2026-05-18 16:36:18,587 - mmdet - INFO - Epoch [35][1600/1652]	lr: 8.000e-05, eta: 0:09:19, time: 0.328, data_time: 0.025, memory: 9507, vote_loss: 2.4075, objectness_loss: 0.2629, semantic_loss: 0.1884, center_loss: 0.3057, dir_class_loss: 0.6237, dir_res_loss: 0.4197, size_class_loss: 0.1884, size_res_loss: 0.1885, loss: 4.5848, grad_norm: 6.8516
2026-05-18 16:36:34,974 - mmdet - INFO - Epoch [35][1650/1652]	lr: 8.000e-05, eta: 0:09:03, time: 0.328, data_time: 0.025, memory: 9507, vote_loss: 2.5574, objectness_loss: 0.2535, semantic_loss: 0.1901, center_loss: 0.3241, dir_class_loss: 0.6578, dir_res_loss: 0.4194, size_class_loss: 0.1901, size_res_loss: 0.2111, loss: 4.8035, grad_norm: 7.4206
2026-05-18 16:36:35,682 - mmdet - INFO - Saving checkpoint at 35 epochs
2026-05-18 16:36:55,125 - mmdet - INFO - Epoch [36][50/1652]	lr: 8.000e-05, eta: 0:08:46, time: 0.383, data_time: 0.078, memory: 9507, vote_loss: 2.5043, objectness_loss: 0.2588, semantic_loss: 0.1927, center_loss: 0.3026, dir_class_loss: 0.6516, dir_res_loss: 0.4219, size_class_loss: 0.1927, size_res_loss: 0.1924, loss: 4.7170, grad_norm: 7.3425
2026-05-18 16:37:11,451 - mmdet - INFO - Epoch [36][100/1652]	lr: 8.000e-05, eta: 0:08:30, time: 0.327, data_time: 0.024, memory: 9507, vote_loss: 2.4165, objectness_loss: 0.2495, semantic_loss: 0.2111, center_loss: 0.3581, dir_class_loss: 0.6116, dir_res_loss: 0.3892, size_class_loss: 0.2111, size_res_loss: 0.1969, loss: 4.6440, grad_norm: 7.3776
2026-05-18 16:37:27,850 - mmdet - INFO - Epoch [36][150/1652]	lr: 8.000e-05, eta: 0:08:13, time: 0.328, data_time: 0.025, memory: 9507, vote_loss: 2.5034, objectness_loss: 0.2453, semantic_loss: 0.1712, center_loss: 0.2987, dir_class_loss: 0.6696, dir_res_loss: 0.4839, size_class_loss: 0.1712, size_res_loss: 0.1980, loss: 4.7412, grad_norm: 7.3895
2026-05-18 16:37:44,263 - mmdet - INFO - Epoch [36][200/1652]	lr: 8.000e-05, eta: 0:07:57, time: 0.328, data_time: 0.024, memory: 9507, vote_loss: 2.4322, objectness_loss: 0.2572, semantic_loss: 0.1907, center_loss: 0.3054, dir_class_loss: 0.6797, dir_res_loss: 0.4079, size_class_loss: 0.1907, size_res_loss: 0.2064, loss: 4.6701, grad_norm: 7.4177
2026-05-18 16:38:00,755 - mmdet - INFO - Epoch [36][250/1652]	lr: 8.000e-05, eta: 0:07:40, time: 0.330, data_time: 0.025, memory: 9507, vote_loss: 2.4540, objectness_loss: 0.2442, semantic_loss: 0.1847, center_loss: 0.3265, dir_class_loss: 0.6383, dir_res_loss: 0.4074, size_class_loss: 0.1847, size_res_loss: 0.1864, loss: 4.6263, grad_norm: 7.0094
2026-05-18 16:38:17,331 - mmdet - INFO - Epoch [36][300/1652]	lr: 8.000e-05, eta: 0:07:24, time: 0.332, data_time: 0.029, memory: 9507, vote_loss: 2.5410, objectness_loss: 0.2587, semantic_loss: 0.1940, center_loss: 0.2987, dir_class_loss: 0.7118, dir_res_loss: 0.3928, size_class_loss: 0.1940, size_res_loss: 0.1902, loss: 4.7812, grad_norm: 6.9166
2026-05-18 16:38:33,819 - mmdet - INFO - Epoch [36][350/1652]	lr: 8.000e-05, eta: 0:07:07, time: 0.330, data_time: 0.025, memory: 9507, vote_loss: 2.3806, objectness_loss: 0.2577, semantic_loss: 0.1845, center_loss: 0.3144, dir_class_loss: 0.6499, dir_res_loss: 0.3963, size_class_loss: 0.1845, size_res_loss: 0.1842, loss: 4.5521, grad_norm: 6.9763
2026-05-18 16:38:50,143 - mmdet - INFO - Epoch [36][400/1652]	lr: 8.000e-05, eta: 0:06:51, time: 0.326, data_time: 0.024, memory: 9507, vote_loss: 2.4026, objectness_loss: 0.2646, semantic_loss: 0.1788, center_loss: 0.2910, dir_class_loss: 0.6405, dir_res_loss: 0.4846, size_class_loss: 0.1788, size_res_loss: 0.1803, loss: 4.6212, grad_norm: 7.4603
2026-05-18 16:39:06,519 - mmdet - INFO - Epoch [36][450/1652]	lr: 8.000e-05, eta: 0:06:35, time: 0.328, data_time: 0.025, memory: 9507, vote_loss: 2.5916, objectness_loss: 0.2495, semantic_loss: 0.1840, center_loss: 0.3128, dir_class_loss: 0.6310, dir_res_loss: 0.4317, size_class_loss: 0.1840, size_res_loss: 0.1983, loss: 4.7828, grad_norm: 6.7532
2026-05-18 16:39:23,024 - mmdet - INFO - Epoch [36][500/1652]	lr: 8.000e-05, eta: 0:06:18, time: 0.330, data_time: 0.026, memory: 9507, vote_loss: 2.4949, objectness_loss: 0.2577, semantic_loss: 0.1817, center_loss: 0.2789, dir_class_loss: 0.6886, dir_res_loss: 0.4794, size_class_loss: 0.1817, size_res_loss: 0.1832, loss: 4.7459, grad_norm: 6.9801
2026-05-18 16:39:39,374 - mmdet - INFO - Epoch [36][550/1652]	lr: 8.000e-05, eta: 0:06:02, time: 0.327, data_time: 0.025, memory: 9507, vote_loss: 2.4113, objectness_loss: 0.2638, semantic_loss: 0.1943, center_loss: 0.2894, dir_class_loss: 0.6355, dir_res_loss: 0.4050, size_class_loss: 0.1943, size_res_loss: 0.1992, loss: 4.5929, grad_norm: 7.2091
2026-05-18 16:39:55,771 - mmdet - INFO - Epoch [36][600/1652]	lr: 8.000e-05, eta: 0:05:45, time: 0.328, data_time: 0.025, memory: 9507, vote_loss: 2.5978, objectness_loss: 0.2646, semantic_loss: 0.1767, center_loss: 0.3132, dir_class_loss: 0.6269, dir_res_loss: 0.3846, size_class_loss: 0.1767, size_res_loss: 0.2074, loss: 4.7478, grad_norm: 6.6081
2026-05-18 16:40:12,170 - mmdet - INFO - Epoch [36][650/1652]	lr: 8.000e-05, eta: 0:05:29, time: 0.328, data_time: 0.025, memory: 9507, vote_loss: 2.4374, objectness_loss: 0.2446, semantic_loss: 0.1661, center_loss: 0.3052, dir_class_loss: 0.6529, dir_res_loss: 0.4185, size_class_loss: 0.1661, size_res_loss: 0.1845, loss: 4.5752, grad_norm: 7.0623
2026-05-18 16:40:28,485 - mmdet - INFO - Epoch [36][700/1652]	lr: 8.000e-05, eta: 0:05:12, time: 0.326, data_time: 0.025, memory: 9507, vote_loss: 2.5151, objectness_loss: 0.2302, semantic_loss: 0.1627, center_loss: 0.2835, dir_class_loss: 0.7020, dir_res_loss: 0.4021, size_class_loss: 0.1627, size_res_loss: 0.1957, loss: 4.6540, grad_norm: 6.8012
2026-05-18 16:40:44,821 - mmdet - INFO - Epoch [36][750/1652]	lr: 8.000e-05, eta: 0:04:56, time: 0.327, data_time: 0.025, memory: 9507, vote_loss: 2.5358, objectness_loss: 0.2714, semantic_loss: 0.1608, center_loss: 0.3242, dir_class_loss: 0.6897, dir_res_loss: 0.4268, size_class_loss: 0.1608, size_res_loss: 0.2064, loss: 4.7759, grad_norm: 7.4112
2026-05-18 16:41:01,125 - mmdet - INFO - Epoch [36][800/1652]	lr: 8.000e-05, eta: 0:04:40, time: 0.326, data_time: 0.024, memory: 9507, vote_loss: 2.4000, objectness_loss: 0.2464, semantic_loss: 0.1968, center_loss: 0.2950, dir_class_loss: 0.6740, dir_res_loss: 0.4167, size_class_loss: 0.1968, size_res_loss: 0.1820, loss: 4.6078, grad_norm: 7.2395
2026-05-18 16:41:17,505 - mmdet - INFO - Epoch [36][850/1652]	lr: 8.000e-05, eta: 0:04:23, time: 0.328, data_time: 0.025, memory: 9507, vote_loss: 2.4295, objectness_loss: 0.2554, semantic_loss: 0.1639, center_loss: 0.3003, dir_class_loss: 0.6240, dir_res_loss: 0.3898, size_class_loss: 0.1639, size_res_loss: 0.2113, loss: 4.5380, grad_norm: 7.7855
2026-05-18 16:41:33,858 - mmdet - INFO - Epoch [36][900/1652]	lr: 8.000e-05, eta: 0:04:07, time: 0.327, data_time: 0.025, memory: 9507, vote_loss: 2.5264, objectness_loss: 0.2445, semantic_loss: 0.1869, center_loss: 0.3041, dir_class_loss: 0.7230, dir_res_loss: 0.4113, size_class_loss: 0.1869, size_res_loss: 0.1936, loss: 4.7766, grad_norm: 7.0564
2026-05-18 16:41:50,186 - mmdet - INFO - Epoch [36][950/1652]	lr: 8.000e-05, eta: 0:03:50, time: 0.327, data_time: 0.024, memory: 9507, vote_loss: 2.5002, objectness_loss: 0.2487, semantic_loss: 0.1990, center_loss: 0.3047, dir_class_loss: 0.6992, dir_res_loss: 0.4244, size_class_loss: 0.1990, size_res_loss: 0.1985, loss: 4.7736, grad_norm: 7.3170
2026-05-18 16:42:06,465 - mmdet - INFO - Epoch [36][1000/1652]	lr: 8.000e-05, eta: 0:03:34, time: 0.326, data_time: 0.023, memory: 9507, vote_loss: 2.4354, objectness_loss: 0.2421, semantic_loss: 0.1576, center_loss: 0.3019, dir_class_loss: 0.6439, dir_res_loss: 0.3928, size_class_loss: 0.1576, size_res_loss: 0.1965, loss: 4.5278, grad_norm: 7.4409
2026-05-18 16:42:22,869 - mmdet - INFO - Epoch [36][1050/1652]	lr: 8.000e-05, eta: 0:03:17, time: 0.328, data_time: 0.024, memory: 9507, vote_loss: 2.4510, objectness_loss: 0.2364, semantic_loss: 0.1775, center_loss: 0.3287, dir_class_loss: 0.6432, dir_res_loss: 0.4118, size_class_loss: 0.1775, size_res_loss: 0.1847, loss: 4.6108, grad_norm: 6.9744
2026-05-18 16:42:39,145 - mmdet - INFO - Epoch [36][1100/1652]	lr: 8.000e-05, eta: 0:03:01, time: 0.326, data_time: 0.023, memory: 9507, vote_loss: 2.5026, objectness_loss: 0.2615, semantic_loss: 0.2175, center_loss: 0.3014, dir_class_loss: 0.7258, dir_res_loss: 0.4559, size_class_loss: 0.2175, size_res_loss: 0.2013, loss: 4.8835, grad_norm: 7.0174
2026-05-18 16:42:55,526 - mmdet - INFO - Epoch [36][1150/1652]	lr: 8.000e-05, eta: 0:02:44, time: 0.328, data_time: 0.025, memory: 9507, vote_loss: 2.5219, objectness_loss: 0.2363, semantic_loss: 0.1799, center_loss: 0.3097, dir_class_loss: 0.6828, dir_res_loss: 0.4493, size_class_loss: 0.1799, size_res_loss: 0.1992, loss: 4.7590, grad_norm: 6.7790
2026-05-18 16:43:11,793 - mmdet - INFO - Epoch [36][1200/1652]	lr: 8.000e-05, eta: 0:02:28, time: 0.325, data_time: 0.025, memory: 9507, vote_loss: 2.5534, objectness_loss: 0.2474, semantic_loss: 0.1552, center_loss: 0.2921, dir_class_loss: 0.6157, dir_res_loss: 0.4099, size_class_loss: 0.1552, size_res_loss: 0.2266, loss: 4.6555, grad_norm: 7.6334
2026-05-18 16:43:28,204 - mmdet - INFO - Epoch [36][1250/1652]	lr: 8.000e-05, eta: 0:02:12, time: 0.328, data_time: 0.024, memory: 9507, vote_loss: 2.5062, objectness_loss: 0.2459, semantic_loss: 0.2048, center_loss: 0.3183, dir_class_loss: 0.7077, dir_res_loss: 0.4308, size_class_loss: 0.2048, size_res_loss: 0.2026, loss: 4.8211, grad_norm: 7.1321
2026-05-18 16:43:44,505 - mmdet - INFO - Epoch [36][1300/1652]	lr: 8.000e-05, eta: 0:01:55, time: 0.326, data_time: 0.024, memory: 9507, vote_loss: 2.4362, objectness_loss: 0.2579, semantic_loss: 0.1952, center_loss: 0.2863, dir_class_loss: 0.6527, dir_res_loss: 0.4185, size_class_loss: 0.1952, size_res_loss: 0.1969, loss: 4.6390, grad_norm: 6.7735
2026-05-18 16:44:00,746 - mmdet - INFO - Epoch [36][1350/1652]	lr: 8.000e-05, eta: 0:01:39, time: 0.325, data_time: 0.023, memory: 9507, vote_loss: 2.5055, objectness_loss: 0.2475, semantic_loss: 0.1835, center_loss: 0.4322, dir_class_loss: 0.6627, dir_res_loss: 0.3997, size_class_loss: 0.1835, size_res_loss: 0.1928, loss: 4.8073, grad_norm: 7.3081
2026-05-18 16:44:17,031 - mmdet - INFO - Epoch [36][1400/1652]	lr: 8.000e-05, eta: 0:01:22, time: 0.326, data_time: 0.024, memory: 9507, vote_loss: 2.4555, objectness_loss: 0.2610, semantic_loss: 0.1648, center_loss: 0.3105, dir_class_loss: 0.6417, dir_res_loss: 0.4050, size_class_loss: 0.1648, size_res_loss: 0.1935, loss: 4.5968, grad_norm: 7.1953
2026-05-18 16:44:33,347 - mmdet - INFO - Epoch [36][1450/1652]	lr: 8.000e-05, eta: 0:01:06, time: 0.326, data_time: 0.024, memory: 9507, vote_loss: 2.4802, objectness_loss: 0.2560, semantic_loss: 0.1526, center_loss: 0.2949, dir_class_loss: 0.6962, dir_res_loss: 0.4491, size_class_loss: 0.1526, size_res_loss: 0.1923, loss: 4.6739, grad_norm: 7.0474
2026-05-18 16:44:49,718 - mmdet - INFO - Epoch [36][1500/1652]	lr: 8.000e-05, eta: 0:00:49, time: 0.327, data_time: 0.025, memory: 9507, vote_loss: 2.4096, objectness_loss: 0.2565, semantic_loss: 0.1846, center_loss: 0.2974, dir_class_loss: 0.5762, dir_res_loss: 0.4292, size_class_loss: 0.1846, size_res_loss: 0.1985, loss: 4.5364, grad_norm: 7.0093
2026-05-18 16:45:06,062 - mmdet - INFO - Epoch [36][1550/1652]	lr: 8.000e-05, eta: 0:00:33, time: 0.327, data_time: 0.024, memory: 9507, vote_loss: 2.4489, objectness_loss: 0.2323, semantic_loss: 0.2065, center_loss: 0.3021, dir_class_loss: 0.6899, dir_res_loss: 0.4637, size_class_loss: 0.2065, size_res_loss: 0.2002, loss: 4.7500, grad_norm: 7.0411
2026-05-18 16:45:22,382 - mmdet - INFO - Epoch [36][1600/1652]	lr: 8.000e-05, eta: 0:00:17, time: 0.326, data_time: 0.024, memory: 9507, vote_loss: 2.4578, objectness_loss: 0.2341, semantic_loss: 0.1759, center_loss: 0.3339, dir_class_loss: 0.6204, dir_res_loss: 0.3845, size_class_loss: 0.1759, size_res_loss: 0.2035, loss: 4.5860, grad_norm: 7.5916
2026-05-18 16:45:38,842 - mmdet - INFO - Epoch [36][1650/1652]	lr: 8.000e-05, eta: 0:00:00, time: 0.329, data_time: 0.025, memory: 9507, vote_loss: 2.5417, objectness_loss: 0.2838, semantic_loss: 0.1734, center_loss: 0.3094, dir_class_loss: 0.6897, dir_res_loss: 0.4479, size_class_loss: 0.1734, size_res_loss: 0.2170, loss: 4.8365, grad_norm: 6.8326
2026-05-18 16:45:39,612 - mmdet - INFO - Saving checkpoint at 36 epochs
2026-05-18 16:49:12,638 - mmdet - INFO - 
+-------------+---------+---------+---------+---------+
| classes     | AP_0.25 | AR_0.25 | AP_0.50 | AR_0.50 |
+-------------+---------+---------+---------+---------+
| bed         | 0.8979  | 0.9612  | 0.5827  | 0.6913  |
| table       | 0.5106  | 0.8718  | 0.2168  | 0.4557  |
| sofa        | 0.7269  | 0.9378  | 0.5511  | 0.6922  |
| chair       | 0.8069  | 0.8974  | 0.5899  | 0.6971  |
| toilet      | 0.9533  | 0.9862  | 0.6417  | 0.7586  |
| desk        | 0.3373  | 0.8209  | 0.0900  | 0.3661  |
| dresser     | 0.3752  | 0.8257  | 0.2069  | 0.5046  |
| night_stand | 0.6799  | 0.8941  | 0.3954  | 0.5686  |
| bookshelf   | 0.4847  | 0.7660  | 0.1374  | 0.3050  |
| bathtub     | 0.8165  | 0.8980  | 0.5670  | 0.6122  |
+-------------+---------+---------+---------+---------+
| Overall     | 0.6589  | 0.8859  | 0.3979  | 0.5651  |
+-------------+---------+---------+---------+---------+
2026-05-18 16:49:13,049 - mmdet - INFO - Exp name: votenet-ff_16x8_sunrgbd-3d-10class.py
2026-05-18 16:49:13,049 - mmdet - INFO - Epoch(val) [36][5050]	bed_AP_0.25: 0.8979, table_AP_0.25: 0.5106, sofa_AP_0.25: 0.7269, chair_AP_0.25: 0.8069, toilet_AP_0.25: 0.9533, desk_AP_0.25: 0.3373, dresser_AP_0.25: 0.3752, night_stand_AP_0.25: 0.6799, bookshelf_AP_0.25: 0.4847, bathtub_AP_0.25: 0.8165, mAP_0.25: 0.6589, bed_rec_0.25: 0.9612, table_rec_0.25: 0.8718, sofa_rec_0.25: 0.9378, chair_rec_0.25: 0.8974, toilet_rec_0.25: 0.9862, desk_rec_0.25: 0.8209, dresser_rec_0.25: 0.8257, night_stand_rec_0.25: 0.8941, bookshelf_rec_0.25: 0.7660, bathtub_rec_0.25: 0.8980, mAR_0.25: 0.8859, bed_AP_0.50: 0.5827, table_AP_0.50: 0.2168, sofa_AP_0.50: 0.5511, chair_AP_0.50: 0.5899, toilet_AP_0.50: 0.6417, desk_AP_0.50: 0.0900, dresser_AP_0.50: 0.2069, night_stand_AP_0.50: 0.3954, bookshelf_AP_0.50: 0.1374, bathtub_AP_0.50: 0.5670, mAP_0.50: 0.3979, bed_rec_0.50: 0.6913, table_rec_0.50: 0.4557, sofa_rec_0.50: 0.6922, chair_rec_0.50: 0.6971, toilet_rec_0.50: 0.7586, desk_rec_0.50: 0.3661, dresser_rec_0.50: 0.5046, night_stand_rec_0.50: 0.5686, bookshelf_rec_0.50: 0.3050, bathtub_rec_0.50: 0.6122, mAR_0.50: 0.5651
