2026-06-04 13:44:17,498 - mmdet - INFO - Environment info:
------------------------------------------------------------
sys.platform: linux
Python: 3.9.25 (main, Nov  3 2025, 22:33:05) [GCC 11.2.0]
CUDA available: True
GPU 0: NVIDIA L40
CUDA_HOME: /usr/local/cuda-11.8
NVCC: Cuda compilation tools, release 11.8, V11.8.89
GCC: gcc (Ubuntu 11.4.0-1ubuntu1~22.04.3) 11.4.0
PyTorch: 2.0.0+cu118
PyTorch compiling details: PyTorch built with:
  - GCC 9.3
  - C++ Version: 201703
  - Intel(R) oneAPI Math Kernel Library Version 2022.2-Product Build 20220804 for Intel(R) 64 architecture applications
  - Intel(R) MKL-DNN v2.7.3 (Git Hash 6dbeffbae1f23cbbeae17adb7b5b13f1f37c080e)
  - OpenMP 201511 (a.k.a. OpenMP 4.5)
  - LAPACK is enabled (usually provided by MKL)
  - NNPACK is enabled
  - CPU capability usage: AVX2
  - CUDA Runtime 11.8
  - NVCC architecture flags: -gencode;arch=compute_37,code=sm_37;-gencode;arch=compute_50,code=sm_50;-gencode;arch=compute_60,code=sm_60;-gencode;arch=compute_70,code=sm_70;-gencode;arch=compute_75,code=sm_75;-gencode;arch=compute_80,code=sm_80;-gencode;arch=compute_86,code=sm_86;-gencode;arch=compute_90,code=sm_90
  - CuDNN 8.7
  - Magma 2.6.1
  - Build settings: BLAS_INFO=mkl, BUILD_TYPE=Release, CUDA_VERSION=11.8, CUDNN_VERSION=8.7.0, CXX_COMPILER=/opt/rh/devtoolset-9/root/usr/bin/c++, CXX_FLAGS= -D_GLIBCXX_USE_CXX11_ABI=0 -fabi-version=11 -Wno-deprecated -fvisibility-inlines-hidden -DUSE_PTHREADPOOL -DNDEBUG -DUSE_KINETO -DLIBKINETO_NOROCTRACER -DUSE_FBGEMM -DUSE_QNNPACK -DUSE_PYTORCH_QNNPACK -DUSE_XNNPACK -DSYMBOLICATE_MOBILE_DEBUG_HANDLE -O2 -fPIC -Wall -Wextra -Werror=return-type -Werror=non-virtual-dtor -Werror=bool-operation -Wnarrowing -Wno-missing-field-initializers -Wno-type-limits -Wno-array-bounds -Wno-unknown-pragmas -Wunused-local-typedefs -Wno-unused-parameter -Wno-unused-function -Wno-unused-result -Wno-strict-overflow -Wno-strict-aliasing -Wno-error=deprecated-declarations -Wno-stringop-overflow -Wno-psabi -Wno-error=pedantic -Wno-error=redundant-decls -Wno-error=old-style-cast -fdiagnostics-color=always -faligned-new -Wno-unused-but-set-variable -Wno-maybe-uninitialized -fno-math-errno -fno-trapping-math -Werror=format -Werror=cast-function-type -Wno-stringop-overflow, LAPACK_INFO=mkl, PERF_WITH_AVX=1, PERF_WITH_AVX2=1, PERF_WITH_AVX512=1, TORCH_DISABLE_GPU_ASSERTS=ON, TORCH_VERSION=2.0.0, USE_CUDA=ON, USE_CUDNN=ON, USE_EXCEPTION_PTR=1, USE_GFLAGS=OFF, USE_GLOG=OFF, USE_MKL=ON, USE_MKLDNN=ON, USE_MPI=OFF, USE_NCCL=1, USE_NNPACK=ON, USE_OPENMP=ON, USE_ROCM=OFF, 

TorchVision: 0.15.1+cu118
OpenCV: 4.8.1
MMCV: 1.6.0
MMCV Compiler: GCC 11.4
MMCV CUDA Compiler: 11.8
MMDetection: 2.25.1
MMSegmentation: 0.25.0
MMDetection3D: 1.0.0rc3+ffc9f99
spconv2.0: False
------------------------------------------------------------

2026-06-04 13:44:18,330 - mmdet - INFO - Distributed training: False
2026-06-04 13:44:19,212 - mmdet - INFO - Config:
voxel_size = 0.01
model = dict(
    type='TR3DFF3DDetector',
    img_backbone=dict(
        type='ResNet',
        depth=50,
        num_stages=4,
        out_indices=(0, 1, 2, 3),
        frozen_stages=1,
        norm_cfg=dict(type='BN', requires_grad=False),
        norm_eval=True,
        style='caffe'),
    img_neck=dict(
        type='FPN',
        in_channels=[256, 512, 1024, 2048],
        out_channels=256,
        num_outs=5),
    backbone=dict(
        type='MinkFFResNet',
        in_channels=3,
        max_channels=128,
        depth=34,
        norm='batch'),
    neck=dict(
        type='TR3DNeck', in_channels=(64, 128, 128, 128), out_channels=128),
    head=dict(
        type='TR3DHead',
        in_channels=128,
        n_reg_outs=8,
        n_classes=10,
        voxel_size=0.01,
        assigner=dict(
            type='TR3DAssigner',
            top_pts_threshold=6,
            label2level=[1, 1, 1, 0, 0, 1, 0, 0, 1, 0]),
        bbox_loss=dict(type='RotatedIoU3DLoss', mode='diou',
                       reduction='none')),
    voxel_size=0.01,
    train_cfg=dict(),
    test_cfg=dict(nms_pre=1000, iou_thr=0.5, score_thr=0.01))
optimizer = dict(type='AdamW', lr=0.001, weight_decay=0.0001)
optimizer_config = dict(grad_clip=dict(max_norm=10, norm_type=2))
lr_config = dict(policy='step', warmup=None, step=[8, 11])
runner = dict(type='EpochBasedRunner', max_epochs=12)
evaluation = dict(interval=12)
custom_hooks = [dict(type='EmptyCacheHook', after_iter=True)]
checkpoint_config = dict(interval=1, max_keep_ckpts=1)
log_config = dict(interval=50, hooks=[dict(type='TextLoggerHook')])
dist_params = dict(backend='nccl')
log_level = 'INFO'
work_dir = '/home/zero/USER/HEYU/tr3d/work_dirs/NN/DFF/DFF_TR3D_FF_FIG6_4/7'
load_from = '/home/zero/USER/HEYU/MODEL/imvotenet_faster_rcnn_r50_fpn_2x4_sunrgbd-3d-10class_20210819_225618-62eba6ce.pth'
resume_from = None
workflow = [('train', 1)]
dataset_type = 'SUNRGBDDataset'
data_root = '/home/zero/USER/HEYU/DATA/sunrgbd_matlab/'
class_names = ('bed', 'table', 'sofa', 'chair', 'toilet', 'desk', 'dresser',
               'night_stand', 'bookshelf', 'bathtub')
img_norm_cfg = dict(
    mean=[103.53, 116.28, 123.675], std=[1.0, 1.0, 1.0], to_rgb=False)
train_pipeline = [
    dict(
        type='LoadPointsFromFile',
        coord_type='DEPTH',
        shift_height=False,
        use_color=True,
        load_dim=6,
        use_dim=[0, 1, 2, 3, 4, 5]),
    dict(type='LoadImageFromFile'),
    dict(type='LoadAnnotations3D'),
    dict(
        type='Resize',
        img_scale=[(1333, 480), (1333, 504), (1333, 528), (1333, 552),
                   (1333, 576), (1333, 600)],
        multiscale_mode='value',
        keep_ratio=True),
    dict(
        type='Normalize',
        mean=[103.53, 116.28, 123.675],
        std=[1.0, 1.0, 1.0],
        to_rgb=False),
    dict(type='Pad', size_divisor=32),
    dict(
        type='RandomFlip3D',
        sync_2d=False,
        flip_ratio_bev_horizontal=0.5,
        flip_ratio_bev_vertical=0.0),
    dict(
        type='GlobalRotScaleTrans',
        rot_range=[-0.523599, 0.523599],
        scale_ratio_range=[0.85, 1.15],
        translation_std=[0.1, 0.1, 0.1],
        shift_height=False),
    dict(
        type='DefaultFormatBundle3D',
        class_names=('bed', 'table', 'sofa', 'chair', 'toilet', 'desk',
                     'dresser', 'night_stand', 'bookshelf', 'bathtub')),
    dict(
        type='Collect3D',
        keys=['points', 'img', 'gt_bboxes_3d', 'gt_labels_3d'])
]
test_pipeline = [
    dict(
        type='LoadPointsFromFile',
        coord_type='DEPTH',
        shift_height=False,
        use_color=True,
        load_dim=6,
        use_dim=[0, 1, 2, 3, 4, 5]),
    dict(type='LoadImageFromFile'),
    dict(
        type='MultiScaleFlipAug3D',
        img_scale=(1333, 600),
        pts_scale_ratio=1,
        flip=False,
        transforms=[
            dict(type='Resize', multiscale_mode='value', keep_ratio=True),
            dict(
                type='Normalize',
                mean=[103.53, 116.28, 123.675],
                std=[1.0, 1.0, 1.0],
                to_rgb=False),
            dict(type='Pad', size_divisor=32),
            dict(
                type='DefaultFormatBundle3D',
                class_names=('bed', 'table', 'sofa', 'chair', 'toilet', 'desk',
                             'dresser', 'night_stand', 'bookshelf', 'bathtub'),
                with_label=False),
            dict(type='Collect3D', keys=['points', 'img'])
        ])
]
data = dict(
    samples_per_gpu=16,
    workers_per_gpu=4,
    train=dict(
        type='RepeatDataset',
        times=5,
        dataset=dict(
            type='SUNRGBDDataset',
            modality=dict(use_camera=True, use_lidar=True),
            data_root='/home/zero/USER/HEYU/DATA/sunrgbd_matlab/',
            ann_file=
            '/home/zero/USER/HEYU/DATA/sunrgbd_matlab/sunrgbd_infos_train.pkl',
            pipeline=[
                dict(
                    type='LoadPointsFromFile',
                    coord_type='DEPTH',
                    shift_height=False,
                    use_color=True,
                    load_dim=6,
                    use_dim=[0, 1, 2, 3, 4, 5]),
                dict(type='LoadImageFromFile'),
                dict(type='LoadAnnotations3D'),
                dict(
                    type='Resize',
                    img_scale=[(1333, 480), (1333, 504), (1333, 528),
                               (1333, 552), (1333, 576), (1333, 600)],
                    multiscale_mode='value',
                    keep_ratio=True),
                dict(
                    type='Normalize',
                    mean=[103.53, 116.28, 123.675],
                    std=[1.0, 1.0, 1.0],
                    to_rgb=False),
                dict(type='Pad', size_divisor=32),
                dict(
                    type='RandomFlip3D',
                    sync_2d=False,
                    flip_ratio_bev_horizontal=0.5,
                    flip_ratio_bev_vertical=0.0),
                dict(
                    type='GlobalRotScaleTrans',
                    rot_range=[-0.523599, 0.523599],
                    scale_ratio_range=[0.85, 1.15],
                    translation_std=[0.1, 0.1, 0.1],
                    shift_height=False),
                dict(
                    type='DefaultFormatBundle3D',
                    class_names=('bed', 'table', 'sofa', 'chair', 'toilet',
                                 'desk', 'dresser', 'night_stand', 'bookshelf',
                                 'bathtub')),
                dict(
                    type='Collect3D',
                    keys=['points', 'img', 'gt_bboxes_3d', 'gt_labels_3d'])
            ],
            filter_empty_gt=False,
            classes=('bed', 'table', 'sofa', 'chair', 'toilet', 'desk',
                     'dresser', 'night_stand', 'bookshelf', 'bathtub'),
            box_type_3d='Depth')),
    val=dict(
        type='SUNRGBDDataset',
        modality=dict(use_camera=True, use_lidar=True),
        data_root='/home/zero/USER/HEYU/DATA/sunrgbd_matlab/',
        ann_file=
        '/home/zero/USER/HEYU/DATA/sunrgbd_matlab/sunrgbd_infos_val.pkl',
        pipeline=[
            dict(
                type='LoadPointsFromFile',
                coord_type='DEPTH',
                shift_height=False,
                use_color=True,
                load_dim=6,
                use_dim=[0, 1, 2, 3, 4, 5]),
            dict(type='LoadImageFromFile'),
            dict(
                type='MultiScaleFlipAug3D',
                img_scale=(1333, 600),
                pts_scale_ratio=1,
                flip=False,
                transforms=[
                    dict(
                        type='Resize',
                        multiscale_mode='value',
                        keep_ratio=True),
                    dict(
                        type='Normalize',
                        mean=[103.53, 116.28, 123.675],
                        std=[1.0, 1.0, 1.0],
                        to_rgb=False),
                    dict(type='Pad', size_divisor=32),
                    dict(
                        type='DefaultFormatBundle3D',
                        class_names=('bed', 'table', 'sofa', 'chair', 'toilet',
                                     'desk', 'dresser', 'night_stand',
                                     'bookshelf', 'bathtub'),
                        with_label=False),
                    dict(type='Collect3D', keys=['points', 'img'])
                ])
        ],
        classes=('bed', 'table', 'sofa', 'chair', 'toilet', 'desk', 'dresser',
                 'night_stand', 'bookshelf', 'bathtub'),
        test_mode=True,
        box_type_3d='Depth'),
    test=dict(
        type='SUNRGBDDataset',
        modality=dict(use_camera=True, use_lidar=True),
        data_root='/home/zero/USER/HEYU/DATA/sunrgbd_matlab/',
        ann_file=
        '/home/zero/USER/HEYU/DATA/sunrgbd_matlab/sunrgbd_infos_val.pkl',
        pipeline=[
            dict(
                type='LoadPointsFromFile',
                coord_type='DEPTH',
                shift_height=False,
                use_color=True,
                load_dim=6,
                use_dim=[0, 1, 2, 3, 4, 5]),
            dict(type='LoadImageFromFile'),
            dict(
                type='MultiScaleFlipAug3D',
                img_scale=(1333, 600),
                pts_scale_ratio=1,
                flip=False,
                transforms=[
                    dict(
                        type='Resize',
                        multiscale_mode='value',
                        keep_ratio=True),
                    dict(
                        type='Normalize',
                        mean=[103.53, 116.28, 123.675],
                        std=[1.0, 1.0, 1.0],
                        to_rgb=False),
                    dict(type='Pad', size_divisor=32),
                    dict(
                        type='DefaultFormatBundle3D',
                        class_names=('bed', 'table', 'sofa', 'chair', 'toilet',
                                     'desk', 'dresser', 'night_stand',
                                     'bookshelf', 'bathtub'),
                        with_label=False),
                    dict(type='Collect3D', keys=['points', 'img'])
                ])
        ],
        classes=('bed', 'table', 'sofa', 'chair', 'toilet', 'desk', 'dresser',
                 'night_stand', 'bookshelf', 'bathtub'),
        test_mode=True,
        box_type_3d='Depth'))
gpu_ids = [0]

2026-06-04 13:44:19,212 - mmdet - INFO - Set random seed to 0, deterministic: False
2026-06-04 13:44:19,490 - mmdet - INFO - Model:
TR3DFF3DDetector(
  (img_backbone): ResNet(
    (conv1): Conv2d(3, 64, kernel_size=(7, 7), stride=(2, 2), padding=(3, 3), bias=False)
    (bn1): BatchNorm2d(64, eps=1e-05, momentum=0.1, affine=True, track_running_stats=True)
    (relu): ReLU(inplace=True)
    (maxpool): MaxPool2d(kernel_size=3, stride=2, padding=1, dilation=1, ceil_mode=False)
    (layer1): ResLayer(
      (0): Bottleneck(
        (conv1): Conv2d(64, 64, kernel_size=(1, 1), stride=(1, 1), bias=False)
        (bn1): BatchNorm2d(64, eps=1e-05, momentum=0.1, affine=True, track_running_stats=True)
        (conv2): Conv2d(64, 64, kernel_size=(3, 3), stride=(1, 1), padding=(1, 1), bias=False)
        (bn2): BatchNorm2d(64, eps=1e-05, momentum=0.1, affine=True, track_running_stats=True)
        (conv3): Conv2d(64, 256, kernel_size=(1, 1), stride=(1, 1), bias=False)
        (bn3): BatchNorm2d(256, eps=1e-05, momentum=0.1, affine=True, track_running_stats=True)
        (relu): ReLU(inplace=True)
        (downsample): Sequential(
          (0): Conv2d(64, 256, kernel_size=(1, 1), stride=(1, 1), bias=False)
          (1): BatchNorm2d(256, eps=1e-05, momentum=0.1, affine=True, track_running_stats=True)
        )
      )
      init_cfg={'type': 'Constant', 'val': 0, 'override': {'name': 'norm3'}}
      (1): Bottleneck(
        (conv1): Conv2d(256, 64, kernel_size=(1, 1), stride=(1, 1), bias=False)
        (bn1): BatchNorm2d(64, eps=1e-05, momentum=0.1, affine=True, track_running_stats=True)
        (conv2): Conv2d(64, 64, kernel_size=(3, 3), stride=(1, 1), padding=(1, 1), bias=False)
        (bn2): BatchNorm2d(64, eps=1e-05, momentum=0.1, affine=True, track_running_stats=True)
        (conv3): Conv2d(64, 256, kernel_size=(1, 1), stride=(1, 1), bias=False)
        (bn3): BatchNorm2d(256, eps=1e-05, momentum=0.1, affine=True, track_running_stats=True)
        (relu): ReLU(inplace=True)
      )
      init_cfg={'type': 'Constant', 'val': 0, 'override': {'name': 'norm3'}}
      (2): Bottleneck(
        (conv1): Conv2d(256, 64, kernel_size=(1, 1), stride=(1, 1), bias=False)
        (bn1): BatchNorm2d(64, eps=1e-05, momentum=0.1, affine=True, track_running_stats=True)
        (conv2): Conv2d(64, 64, kernel_size=(3, 3), stride=(1, 1), padding=(1, 1), bias=False)
        (bn2): BatchNorm2d(64, eps=1e-05, momentum=0.1, affine=True, track_running_stats=True)
        (conv3): Conv2d(64, 256, kernel_size=(1, 1), stride=(1, 1), bias=False)
        (bn3): BatchNorm2d(256, eps=1e-05, momentum=0.1, affine=True, track_running_stats=True)
        (relu): ReLU(inplace=True)
      )
      init_cfg={'type': 'Constant', 'val': 0, 'override': {'name': 'norm3'}}
    )
    (layer2): ResLayer(
      (0): Bottleneck(
        (conv1): Conv2d(256, 128, kernel_size=(1, 1), stride=(2, 2), bias=False)
        (bn1): BatchNorm2d(128, eps=1e-05, momentum=0.1, affine=True, track_running_stats=True)
        (conv2): Conv2d(128, 128, kernel_size=(3, 3), stride=(1, 1), padding=(1, 1), bias=False)
        (bn2): BatchNorm2d(128, eps=1e-05, momentum=0.1, affine=True, track_running_stats=True)
        (conv3): Conv2d(128, 512, kernel_size=(1, 1), stride=(1, 1), bias=False)
        (bn3): BatchNorm2d(512, eps=1e-05, momentum=0.1, affine=True, track_running_stats=True)
        (relu): ReLU(inplace=True)
        (downsample): Sequential(
          (0): Conv2d(256, 512, kernel_size=(1, 1), stride=(2, 2), bias=False)
          (1): BatchNorm2d(512, eps=1e-05, momentum=0.1, affine=True, track_running_stats=True)
        )
      )
      init_cfg={'type': 'Constant', 'val': 0, 'override': {'name': 'norm3'}}
      (1): Bottleneck(
        (conv1): Conv2d(512, 128, kernel_size=(1, 1), stride=(1, 1), bias=False)
        (bn1): BatchNorm2d(128, eps=1e-05, momentum=0.1, affine=True, track_running_stats=True)
        (conv2): Conv2d(128, 128, kernel_size=(3, 3), stride=(1, 1), padding=(1, 1), bias=False)
        (bn2): BatchNorm2d(128, eps=1e-05, momentum=0.1, affine=True, track_running_stats=True)
        (conv3): Conv2d(128, 512, kernel_size=(1, 1), stride=(1, 1), bias=False)
        (bn3): BatchNorm2d(512, eps=1e-05, momentum=0.1, affine=True, track_running_stats=True)
        (relu): ReLU(inplace=True)
      )
      init_cfg={'type': 'Constant', 'val': 0, 'override': {'name': 'norm3'}}
      (2): Bottleneck(
        (conv1): Conv2d(512, 128, kernel_size=(1, 1), stride=(1, 1), bias=False)
        (bn1): BatchNorm2d(128, eps=1e-05, momentum=0.1, affine=True, track_running_stats=True)
        (conv2): Conv2d(128, 128, kernel_size=(3, 3), stride=(1, 1), padding=(1, 1), bias=False)
        (bn2): BatchNorm2d(128, eps=1e-05, momentum=0.1, affine=True, track_running_stats=True)
        (conv3): Conv2d(128, 512, kernel_size=(1, 1), stride=(1, 1), bias=False)
        (bn3): BatchNorm2d(512, eps=1e-05, momentum=0.1, affine=True, track_running_stats=True)
        (relu): ReLU(inplace=True)
      )
      init_cfg={'type': 'Constant', 'val': 0, 'override': {'name': 'norm3'}}
      (3): Bottleneck(
        (conv1): Conv2d(512, 128, kernel_size=(1, 1), stride=(1, 1), bias=False)
        (bn1): BatchNorm2d(128, eps=1e-05, momentum=0.1, affine=True, track_running_stats=True)
        (conv2): Conv2d(128, 128, kernel_size=(3, 3), stride=(1, 1), padding=(1, 1), bias=False)
        (bn2): BatchNorm2d(128, eps=1e-05, momentum=0.1, affine=True, track_running_stats=True)
        (conv3): Conv2d(128, 512, kernel_size=(1, 1), stride=(1, 1), bias=False)
        (bn3): BatchNorm2d(512, eps=1e-05, momentum=0.1, affine=True, track_running_stats=True)
        (relu): ReLU(inplace=True)
      )
      init_cfg={'type': 'Constant', 'val': 0, 'override': {'name': 'norm3'}}
    )
    (layer3): ResLayer(
      (0): Bottleneck(
        (conv1): Conv2d(512, 256, kernel_size=(1, 1), stride=(2, 2), bias=False)
        (bn1): BatchNorm2d(256, eps=1e-05, momentum=0.1, affine=True, track_running_stats=True)
        (conv2): Conv2d(256, 256, kernel_size=(3, 3), stride=(1, 1), padding=(1, 1), bias=False)
        (bn2): BatchNorm2d(256, eps=1e-05, momentum=0.1, affine=True, track_running_stats=True)
        (conv3): Conv2d(256, 1024, kernel_size=(1, 1), stride=(1, 1), bias=False)
        (bn3): BatchNorm2d(1024, eps=1e-05, momentum=0.1, affine=True, track_running_stats=True)
        (relu): ReLU(inplace=True)
        (downsample): Sequential(
          (0): Conv2d(512, 1024, kernel_size=(1, 1), stride=(2, 2), bias=False)
          (1): BatchNorm2d(1024, eps=1e-05, momentum=0.1, affine=True, track_running_stats=True)
        )
      )
      init_cfg={'type': 'Constant', 'val': 0, 'override': {'name': 'norm3'}}
      (1): Bottleneck(
        (conv1): Conv2d(1024, 256, kernel_size=(1, 1), stride=(1, 1), bias=False)
        (bn1): BatchNorm2d(256, eps=1e-05, momentum=0.1, affine=True, track_running_stats=True)
        (conv2): Conv2d(256, 256, kernel_size=(3, 3), stride=(1, 1), padding=(1, 1), bias=False)
        (bn2): BatchNorm2d(256, eps=1e-05, momentum=0.1, affine=True, track_running_stats=True)
        (conv3): Conv2d(256, 1024, kernel_size=(1, 1), stride=(1, 1), bias=False)
        (bn3): BatchNorm2d(1024, eps=1e-05, momentum=0.1, affine=True, track_running_stats=True)
        (relu): ReLU(inplace=True)
      )
      init_cfg={'type': 'Constant', 'val': 0, 'override': {'name': 'norm3'}}
      (2): Bottleneck(
        (conv1): Conv2d(1024, 256, kernel_size=(1, 1), stride=(1, 1), bias=False)
        (bn1): BatchNorm2d(256, eps=1e-05, momentum=0.1, affine=True, track_running_stats=True)
        (conv2): Conv2d(256, 256, kernel_size=(3, 3), stride=(1, 1), padding=(1, 1), bias=False)
        (bn2): BatchNorm2d(256, eps=1e-05, momentum=0.1, affine=True, track_running_stats=True)
        (conv3): Conv2d(256, 1024, kernel_size=(1, 1), stride=(1, 1), bias=False)
        (bn3): BatchNorm2d(1024, eps=1e-05, momentum=0.1, affine=True, track_running_stats=True)
        (relu): ReLU(inplace=True)
      )
      init_cfg={'type': 'Constant', 'val': 0, 'override': {'name': 'norm3'}}
      (3): Bottleneck(
        (conv1): Conv2d(1024, 256, kernel_size=(1, 1), stride=(1, 1), bias=False)
        (bn1): BatchNorm2d(256, eps=1e-05, momentum=0.1, affine=True, track_running_stats=True)
        (conv2): Conv2d(256, 256, kernel_size=(3, 3), stride=(1, 1), padding=(1, 1), bias=False)
        (bn2): BatchNorm2d(256, eps=1e-05, momentum=0.1, affine=True, track_running_stats=True)
        (conv3): Conv2d(256, 1024, kernel_size=(1, 1), stride=(1, 1), bias=False)
        (bn3): BatchNorm2d(1024, eps=1e-05, momentum=0.1, affine=True, track_running_stats=True)
        (relu): ReLU(inplace=True)
      )
      init_cfg={'type': 'Constant', 'val': 0, 'override': {'name': 'norm3'}}
      (4): Bottleneck(
        (conv1): Conv2d(1024, 256, kernel_size=(1, 1), stride=(1, 1), bias=False)
        (bn1): BatchNorm2d(256, eps=1e-05, momentum=0.1, affine=True, track_running_stats=True)
        (conv2): Conv2d(256, 256, kernel_size=(3, 3), stride=(1, 1), padding=(1, 1), bias=False)
        (bn2): BatchNorm2d(256, eps=1e-05, momentum=0.1, affine=True, track_running_stats=True)
        (conv3): Conv2d(256, 1024, kernel_size=(1, 1), stride=(1, 1), bias=False)
        (bn3): BatchNorm2d(1024, eps=1e-05, momentum=0.1, affine=True, track_running_stats=True)
        (relu): ReLU(inplace=True)
      )
      init_cfg={'type': 'Constant', 'val': 0, 'override': {'name': 'norm3'}}
      (5): Bottleneck(
        (conv1): Conv2d(1024, 256, kernel_size=(1, 1), stride=(1, 1), bias=False)
        (bn1): BatchNorm2d(256, eps=1e-05, momentum=0.1, affine=True, track_running_stats=True)
        (conv2): Conv2d(256, 256, kernel_size=(3, 3), stride=(1, 1), padding=(1, 1), bias=False)
        (bn2): BatchNorm2d(256, eps=1e-05, momentum=0.1, affine=True, track_running_stats=True)
        (conv3): Conv2d(256, 1024, kernel_size=(1, 1), stride=(1, 1), bias=False)
        (bn3): BatchNorm2d(1024, eps=1e-05, momentum=0.1, affine=True, track_running_stats=True)
        (relu): ReLU(inplace=True)
      )
      init_cfg={'type': 'Constant', 'val': 0, 'override': {'name': 'norm3'}}
    )
    (layer4): ResLayer(
      (0): Bottleneck(
        (conv1): Conv2d(1024, 512, kernel_size=(1, 1), stride=(2, 2), bias=False)
        (bn1): BatchNorm2d(512, eps=1e-05, momentum=0.1, affine=True, track_running_stats=True)
        (conv2): Conv2d(512, 512, kernel_size=(3, 3), stride=(1, 1), padding=(1, 1), bias=False)
        (bn2): BatchNorm2d(512, eps=1e-05, momentum=0.1, affine=True, track_running_stats=True)
        (conv3): Conv2d(512, 2048, kernel_size=(1, 1), stride=(1, 1), bias=False)
        (bn3): BatchNorm2d(2048, eps=1e-05, momentum=0.1, affine=True, track_running_stats=True)
        (relu): ReLU(inplace=True)
        (downsample): Sequential(
          (0): Conv2d(1024, 2048, kernel_size=(1, 1), stride=(2, 2), bias=False)
          (1): BatchNorm2d(2048, eps=1e-05, momentum=0.1, affine=True, track_running_stats=True)
        )
      )
      init_cfg={'type': 'Constant', 'val': 0, 'override': {'name': 'norm3'}}
      (1): Bottleneck(
        (conv1): Conv2d(2048, 512, kernel_size=(1, 1), stride=(1, 1), bias=False)
        (bn1): BatchNorm2d(512, eps=1e-05, momentum=0.1, affine=True, track_running_stats=True)
        (conv2): Conv2d(512, 512, kernel_size=(3, 3), stride=(1, 1), padding=(1, 1), bias=False)
        (bn2): BatchNorm2d(512, eps=1e-05, momentum=0.1, affine=True, track_running_stats=True)
        (conv3): Conv2d(512, 2048, kernel_size=(1, 1), stride=(1, 1), bias=False)
        (bn3): BatchNorm2d(2048, eps=1e-05, momentum=0.1, affine=True, track_running_stats=True)
        (relu): ReLU(inplace=True)
      )
      init_cfg={'type': 'Constant', 'val': 0, 'override': {'name': 'norm3'}}
      (2): Bottleneck(
        (conv1): Conv2d(2048, 512, kernel_size=(1, 1), stride=(1, 1), bias=False)
        (bn1): BatchNorm2d(512, eps=1e-05, momentum=0.1, affine=True, track_running_stats=True)
        (conv2): Conv2d(512, 512, kernel_size=(3, 3), stride=(1, 1), padding=(1, 1), bias=False)
        (bn2): BatchNorm2d(512, eps=1e-05, momentum=0.1, affine=True, track_running_stats=True)
        (conv3): Conv2d(512, 2048, kernel_size=(1, 1), stride=(1, 1), bias=False)
        (bn3): BatchNorm2d(2048, eps=1e-05, momentum=0.1, affine=True, track_running_stats=True)
        (relu): ReLU(inplace=True)
      )
      init_cfg={'type': 'Constant', 'val': 0, 'override': {'name': 'norm3'}}
    )
  )
  init_cfg=[{'type': 'Kaiming', 'layer': 'Conv2d'}, {'type': 'Constant', 'val': 1, 'layer': ['_BatchNorm', 'GroupNorm']}]
  (img_neck): FPN(
    (lateral_convs): ModuleList(
      (0): ConvModule(
        (conv): Conv2d(256, 256, kernel_size=(1, 1), stride=(1, 1))
      )
      (1): ConvModule(
        (conv): Conv2d(512, 256, kernel_size=(1, 1), stride=(1, 1))
      )
      (2): ConvModule(
        (conv): Conv2d(1024, 256, kernel_size=(1, 1), stride=(1, 1))
      )
      (3): ConvModule(
        (conv): Conv2d(2048, 256, kernel_size=(1, 1), stride=(1, 1))
      )
    )
    (fpn_convs): ModuleList(
      (0-3): 4 x ConvModule(
        (conv): Conv2d(256, 256, kernel_size=(3, 3), stride=(1, 1), padding=(1, 1))
      )
    )
  )
  init_cfg={'type': 'Xavier', 'layer': 'Conv2d', 'distribution': 'uniform'}
  (backbone): MinkFFResNet(
    (conv1): MinkowskiConvolution(in=3, out=64, kernel_size=[3, 3, 3], stride=[2, 2, 2], dilation=[1, 1, 1])
    (norm1): MinkowskiBatchNorm(64, eps=1e-05, momentum=0.1, affine=True, track_running_stats=True)
    (relu): MinkowskiReLU()
    (maxpool): MinkowskiMaxPooling(kernel_size=[2, 2, 2], stride=[2, 2, 2], dilation=[1, 1, 1])
    (layer1): Sequential(
      (0): BasicBlock(
        (conv1): MinkowskiConvolution(in=64, out=64, kernel_size=[3, 3, 3], stride=[2, 2, 2], dilation=[1, 1, 1])
        (norm1): MinkowskiBatchNorm(64, eps=1e-05, momentum=0.1, affine=True, track_running_stats=True)
        (conv2): MinkowskiConvolution(in=64, out=64, kernel_size=[3, 3, 3], stride=[1, 1, 1], dilation=[1, 1, 1])
        (norm2): MinkowskiBatchNorm(64, eps=1e-05, momentum=0.1, affine=True, track_running_stats=True)
        (relu): MinkowskiReLU()
        (downsample): Sequential(
          (0): MinkowskiConvolution(in=64, out=64, kernel_size=[1, 1, 1], stride=[2, 2, 2], dilation=[1, 1, 1])
          (1): MinkowskiBatchNorm(64, eps=1e-05, momentum=0.1, affine=True, track_running_stats=True)
        )
      )
      (1): BasicBlock(
        (conv1): MinkowskiConvolution(in=64, out=64, kernel_size=[3, 3, 3], stride=[1, 1, 1], dilation=[1, 1, 1])
        (norm1): MinkowskiBatchNorm(64, eps=1e-05, momentum=0.1, affine=True, track_running_stats=True)
        (conv2): MinkowskiConvolution(in=64, out=64, kernel_size=[3, 3, 3], stride=[1, 1, 1], dilation=[1, 1, 1])
        (norm2): MinkowskiBatchNorm(64, eps=1e-05, momentum=0.1, affine=True, track_running_stats=True)
        (relu): MinkowskiReLU()
      )
      (2): BasicBlock(
        (conv1): MinkowskiConvolution(in=64, out=64, kernel_size=[3, 3, 3], stride=[1, 1, 1], dilation=[1, 1, 1])
        (norm1): MinkowskiBatchNorm(64, eps=1e-05, momentum=0.1, affine=True, track_running_stats=True)
        (conv2): MinkowskiConvolution(in=64, out=64, kernel_size=[3, 3, 3], stride=[1, 1, 1], dilation=[1, 1, 1])
        (norm2): MinkowskiBatchNorm(64, eps=1e-05, momentum=0.1, affine=True, track_running_stats=True)
        (relu): MinkowskiReLU()
      )
    )
    (layer2): Sequential(
      (0): BasicBlock(
        (conv1): MinkowskiConvolution(in=64, out=128, kernel_size=[3, 3, 3], stride=[2, 2, 2], dilation=[1, 1, 1])
        (norm1): MinkowskiBatchNorm(128, eps=1e-05, momentum=0.1, affine=True, track_running_stats=True)
        (conv2): MinkowskiConvolution(in=128, out=128, kernel_size=[3, 3, 3], stride=[1, 1, 1], dilation=[1, 1, 1])
        (norm2): MinkowskiBatchNorm(128, eps=1e-05, momentum=0.1, affine=True, track_running_stats=True)
        (relu): MinkowskiReLU()
        (downsample): Sequential(
          (0): MinkowskiConvolution(in=64, out=128, kernel_size=[1, 1, 1], stride=[2, 2, 2], dilation=[1, 1, 1])
          (1): MinkowskiBatchNorm(128, eps=1e-05, momentum=0.1, affine=True, track_running_stats=True)
        )
      )
      (1): BasicBlock(
        (conv1): MinkowskiConvolution(in=128, out=128, kernel_size=[3, 3, 3], stride=[1, 1, 1], dilation=[1, 1, 1])
        (norm1): MinkowskiBatchNorm(128, eps=1e-05, momentum=0.1, affine=True, track_running_stats=True)
        (conv2): MinkowskiConvolution(in=128, out=128, kernel_size=[3, 3, 3], stride=[1, 1, 1], dilation=[1, 1, 1])
        (norm2): MinkowskiBatchNorm(128, eps=1e-05, momentum=0.1, affine=True, track_running_stats=True)
        (relu): MinkowskiReLU()
      )
      (2): BasicBlock(
        (conv1): MinkowskiConvolution(in=128, out=128, kernel_size=[3, 3, 3], stride=[1, 1, 1], dilation=[1, 1, 1])
        (norm1): MinkowskiBatchNorm(128, eps=1e-05, momentum=0.1, affine=True, track_running_stats=True)
        (conv2): MinkowskiConvolution(in=128, out=128, kernel_size=[3, 3, 3], stride=[1, 1, 1], dilation=[1, 1, 1])
        (norm2): MinkowskiBatchNorm(128, eps=1e-05, momentum=0.1, affine=True, track_running_stats=True)
        (relu): MinkowskiReLU()
      )
      (3): BasicBlock(
        (conv1): MinkowskiConvolution(in=128, out=128, kernel_size=[3, 3, 3], stride=[1, 1, 1], dilation=[1, 1, 1])
        (norm1): MinkowskiBatchNorm(128, eps=1e-05, momentum=0.1, affine=True, track_running_stats=True)
        (conv2): MinkowskiConvolution(in=128, out=128, kernel_size=[3, 3, 3], stride=[1, 1, 1], dilation=[1, 1, 1])
        (norm2): MinkowskiBatchNorm(128, eps=1e-05, momentum=0.1, affine=True, track_running_stats=True)
        (relu): MinkowskiReLU()
      )
    )
    (layer3): Sequential(
      (0): BasicBlock(
        (conv1): MinkowskiConvolution(in=128, out=128, kernel_size=[3, 3, 3], stride=[2, 2, 2], dilation=[1, 1, 1])
        (norm1): MinkowskiBatchNorm(128, eps=1e-05, momentum=0.1, affine=True, track_running_stats=True)
        (conv2): MinkowskiConvolution(in=128, out=128, kernel_size=[3, 3, 3], stride=[1, 1, 1], dilation=[1, 1, 1])
        (norm2): MinkowskiBatchNorm(128, eps=1e-05, momentum=0.1, affine=True, track_running_stats=True)
        (relu): MinkowskiReLU()
        (downsample): Sequential(
          (0): MinkowskiConvolution(in=128, out=128, kernel_size=[1, 1, 1], stride=[2, 2, 2], dilation=[1, 1, 1])
          (1): MinkowskiBatchNorm(128, eps=1e-05, momentum=0.1, affine=True, track_running_stats=True)
        )
      )
      (1): BasicBlock(
        (conv1): MinkowskiConvolution(in=128, out=128, kernel_size=[3, 3, 3], stride=[1, 1, 1], dilation=[1, 1, 1])
        (norm1): MinkowskiBatchNorm(128, eps=1e-05, momentum=0.1, affine=True, track_running_stats=True)
        (conv2): MinkowskiConvolution(in=128, out=128, kernel_size=[3, 3, 3], stride=[1, 1, 1], dilation=[1, 1, 1])
        (norm2): MinkowskiBatchNorm(128, eps=1e-05, momentum=0.1, affine=True, track_running_stats=True)
        (relu): MinkowskiReLU()
      )
      (2): BasicBlock(
        (conv1): MinkowskiConvolution(in=128, out=128, kernel_size=[3, 3, 3], stride=[1, 1, 1], dilation=[1, 1, 1])
        (norm1): MinkowskiBatchNorm(128, eps=1e-05, momentum=0.1, affine=True, track_running_stats=True)
        (conv2): MinkowskiConvolution(in=128, out=128, kernel_size=[3, 3, 3], stride=[1, 1, 1], dilation=[1, 1, 1])
        (norm2): MinkowskiBatchNorm(128, eps=1e-05, momentum=0.1, affine=True, track_running_stats=True)
        (relu): MinkowskiReLU()
      )
      (3): BasicBlock(
        (conv1): MinkowskiConvolution(in=128, out=128, kernel_size=[3, 3, 3], stride=[1, 1, 1], dilation=[1, 1, 1])
        (norm1): MinkowskiBatchNorm(128, eps=1e-05, momentum=0.1, affine=True, track_running_stats=True)
        (conv2): MinkowskiConvolution(in=128, out=128, kernel_size=[3, 3, 3], stride=[1, 1, 1], dilation=[1, 1, 1])
        (norm2): MinkowskiBatchNorm(128, eps=1e-05, momentum=0.1, affine=True, track_running_stats=True)
        (relu): MinkowskiReLU()
      )
      (4): BasicBlock(
        (conv1): MinkowskiConvolution(in=128, out=128, kernel_size=[3, 3, 3], stride=[1, 1, 1], dilation=[1, 1, 1])
        (norm1): MinkowskiBatchNorm(128, eps=1e-05, momentum=0.1, affine=True, track_running_stats=True)
        (conv2): MinkowskiConvolution(in=128, out=128, kernel_size=[3, 3, 3], stride=[1, 1, 1], dilation=[1, 1, 1])
        (norm2): MinkowskiBatchNorm(128, eps=1e-05, momentum=0.1, affine=True, track_running_stats=True)
        (relu): MinkowskiReLU()
      )
      (5): BasicBlock(
        (conv1): MinkowskiConvolution(in=128, out=128, kernel_size=[3, 3, 3], stride=[1, 1, 1], dilation=[1, 1, 1])
        (norm1): MinkowskiBatchNorm(128, eps=1e-05, momentum=0.1, affine=True, track_running_stats=True)
        (conv2): MinkowskiConvolution(in=128, out=128, kernel_size=[3, 3, 3], stride=[1, 1, 1], dilation=[1, 1, 1])
        (norm2): MinkowskiBatchNorm(128, eps=1e-05, momentum=0.1, affine=True, track_running_stats=True)
        (relu): MinkowskiReLU()
      )
    )
    (layer4): Sequential(
      (0): BasicBlock(
        (conv1): MinkowskiConvolution(in=128, out=128, kernel_size=[3, 3, 3], stride=[2, 2, 2], dilation=[1, 1, 1])
        (norm1): MinkowskiBatchNorm(128, eps=1e-05, momentum=0.1, affine=True, track_running_stats=True)
        (conv2): MinkowskiConvolution(in=128, out=128, kernel_size=[3, 3, 3], stride=[1, 1, 1], dilation=[1, 1, 1])
        (norm2): MinkowskiBatchNorm(128, eps=1e-05, momentum=0.1, affine=True, track_running_stats=True)
        (relu): MinkowskiReLU()
        (downsample): Sequential(
          (0): MinkowskiConvolution(in=128, out=128, kernel_size=[1, 1, 1], stride=[2, 2, 2], dilation=[1, 1, 1])
          (1): MinkowskiBatchNorm(128, eps=1e-05, momentum=0.1, affine=True, track_running_stats=True)
        )
      )
      (1): BasicBlock(
        (conv1): MinkowskiConvolution(in=128, out=128, kernel_size=[3, 3, 3], stride=[1, 1, 1], dilation=[1, 1, 1])
        (norm1): MinkowskiBatchNorm(128, eps=1e-05, momentum=0.1, affine=True, track_running_stats=True)
        (conv2): MinkowskiConvolution(in=128, out=128, kernel_size=[3, 3, 3], stride=[1, 1, 1], dilation=[1, 1, 1])
        (norm2): MinkowskiBatchNorm(128, eps=1e-05, momentum=0.1, affine=True, track_running_stats=True)
        (relu): MinkowskiReLU()
      )
      (2): BasicBlock(
        (conv1): MinkowskiConvolution(in=128, out=128, kernel_size=[3, 3, 3], stride=[1, 1, 1], dilation=[1, 1, 1])
        (norm1): MinkowskiBatchNorm(128, eps=1e-05, momentum=0.1, affine=True, track_running_stats=True)
        (conv2): MinkowskiConvolution(in=128, out=128, kernel_size=[3, 3, 3], stride=[1, 1, 1], dilation=[1, 1, 1])
        (norm2): MinkowskiBatchNorm(128, eps=1e-05, momentum=0.1, affine=True, track_running_stats=True)
        (relu): MinkowskiReLU()
      )
    )
  )
  (neck): TR3DNeck(
    (lateral_block_0): Sequential(
      (0): MinkowskiConvolution(in=128, out=128, kernel_size=[3, 3, 3], stride=[1, 1, 1], dilation=[1, 1, 1])
      (1): MinkowskiBatchNorm(128, eps=1e-05, momentum=0.1, affine=True, track_running_stats=True)
      (2): MinkowskiReLU()
    )
    (out_block_0): Sequential(
      (0): MinkowskiConvolution(in=128, out=128, kernel_size=[3, 3, 3], stride=[1, 1, 1], dilation=[1, 1, 1])
      (1): MinkowskiBatchNorm(128, eps=1e-05, momentum=0.1, affine=True, track_running_stats=True)
      (2): MinkowskiReLU()
    )
    (up_block_1): Sequential(
      (0): MinkowskiGenerativeConvolutionTranspose(in=128, out=128, kernel_size=[3, 3, 3], stride=[2, 2, 2], dilation=[1, 1, 1])
      (1): MinkowskiBatchNorm(128, eps=1e-05, momentum=0.1, affine=True, track_running_stats=True)
      (2): MinkowskiReLU()
    )
    (lateral_block_1): Sequential(
      (0): MinkowskiConvolution(in=128, out=128, kernel_size=[3, 3, 3], stride=[1, 1, 1], dilation=[1, 1, 1])
      (1): MinkowskiBatchNorm(128, eps=1e-05, momentum=0.1, affine=True, track_running_stats=True)
      (2): MinkowskiReLU()
    )
    (out_block_1): Sequential(
      (0): MinkowskiConvolution(in=128, out=128, kernel_size=[3, 3, 3], stride=[1, 1, 1], dilation=[1, 1, 1])
      (1): MinkowskiBatchNorm(128, eps=1e-05, momentum=0.1, affine=True, track_running_stats=True)
      (2): MinkowskiReLU()
    )
    (up_block_2): Sequential(
      (0): MinkowskiGenerativeConvolutionTranspose(in=128, out=128, kernel_size=[3, 3, 3], stride=[2, 2, 2], dilation=[1, 1, 1])
      (1): MinkowskiBatchNorm(128, eps=1e-05, momentum=0.1, affine=True, track_running_stats=True)
      (2): MinkowskiReLU()
    )
  )
  (head): TR3DHead(
    (bbox_loss): RotatedIoU3DLoss()
    (cls_loss): FocalLoss()
    (bbox_conv): MinkowskiConvolution(in=128, out=8, kernel_size=[1, 1, 1], stride=[1, 1, 1], dilation=[1, 1, 1])
    (cls_conv): MinkowskiConvolution(in=128, out=10, kernel_size=[1, 1, 1], stride=[1, 1, 1], dilation=[1, 1, 1])
  )
  (conv): Sequential(
    (0): MinkowskiConvolution(in=256, out=64, kernel_size=[1, 1, 1], stride=[1, 1, 1], dilation=[1, 1, 1])
    (1): MinkowskiBatchNorm(64, eps=1e-05, momentum=0.1, affine=True, track_running_stats=True)
    (2): MinkowskiReLU()
  )
  (keep_ratio_predictor_MLPNET): KeepRatioPredictorMLPNet(
    (net): Sequential(
      (0): Linear(in_features=6, out_features=128, bias=True)
      (1): ReLU()
      (2): Linear(in_features=128, out_features=2, bias=True)
      (3): Tanh()
    )
  )
)
2026-06-04 13:44:20,713 - mmdet - INFO - load checkpoint from local path: /home/zero/USER/HEYU/MODEL/imvotenet_faster_rcnn_r50_fpn_2x4_sunrgbd-3d-10class_20210819_225618-62eba6ce.pth
2026-06-04 13:44:20,819 - mmdet - WARNING - The model and loaded state dict do not match exactly

unexpected key in source state_dict: img_rpn_head.rpn_conv.weight, img_rpn_head.rpn_conv.bias, img_rpn_head.rpn_cls.weight, img_rpn_head.rpn_cls.bias, img_rpn_head.rpn_reg.weight, img_rpn_head.rpn_reg.bias, img_roi_head.bbox_head.fc_cls.weight, img_roi_head.bbox_head.fc_cls.bias, img_roi_head.bbox_head.fc_reg.weight, img_roi_head.bbox_head.fc_reg.bias, img_roi_head.bbox_head.shared_fcs.0.weight, img_roi_head.bbox_head.shared_fcs.0.bias, img_roi_head.bbox_head.shared_fcs.1.weight, img_roi_head.bbox_head.shared_fcs.1.bias

missing keys in source state_dict: backbone.conv1.kernel, backbone.norm1.bn.weight, backbone.norm1.bn.bias, backbone.norm1.bn.running_mean, backbone.norm1.bn.running_var, backbone.layer1.0.conv1.kernel, backbone.layer1.0.norm1.bn.weight, backbone.layer1.0.norm1.bn.bias, backbone.layer1.0.norm1.bn.running_mean, backbone.layer1.0.norm1.bn.running_var, backbone.layer1.0.conv2.kernel, backbone.layer1.0.norm2.bn.weight, backbone.layer1.0.norm2.bn.bias, backbone.layer1.0.norm2.bn.running_mean, backbone.layer1.0.norm2.bn.running_var, backbone.layer1.0.downsample.0.kernel, backbone.layer1.0.downsample.1.bn.weight, backbone.layer1.0.downsample.1.bn.bias, backbone.layer1.0.downsample.1.bn.running_mean, backbone.layer1.0.downsample.1.bn.running_var, backbone.layer1.1.conv1.kernel, backbone.layer1.1.norm1.bn.weight, backbone.layer1.1.norm1.bn.bias, backbone.layer1.1.norm1.bn.running_mean, backbone.layer1.1.norm1.bn.running_var, backbone.layer1.1.conv2.kernel, backbone.layer1.1.norm2.bn.weight, backbone.layer1.1.norm2.bn.bias, backbone.layer1.1.norm2.bn.running_mean, backbone.layer1.1.norm2.bn.running_var, backbone.layer1.2.conv1.kernel, backbone.layer1.2.norm1.bn.weight, backbone.layer1.2.norm1.bn.bias, backbone.layer1.2.norm1.bn.running_mean, backbone.layer1.2.norm1.bn.running_var, backbone.layer1.2.conv2.kernel, backbone.layer1.2.norm2.bn.weight, backbone.layer1.2.norm2.bn.bias, backbone.layer1.2.norm2.bn.running_mean, backbone.layer1.2.norm2.bn.running_var, backbone.layer2.0.conv1.kernel, backbone.layer2.0.norm1.bn.weight, backbone.layer2.0.norm1.bn.bias, backbone.layer2.0.norm1.bn.running_mean, backbone.layer2.0.norm1.bn.running_var, backbone.layer2.0.conv2.kernel, backbone.layer2.0.norm2.bn.weight, backbone.layer2.0.norm2.bn.bias, backbone.layer2.0.norm2.bn.running_mean, backbone.layer2.0.norm2.bn.running_var, backbone.layer2.0.downsample.0.kernel, backbone.layer2.0.downsample.1.bn.weight, backbone.layer2.0.downsample.1.bn.bias, backbone.layer2.0.downsample.1.bn.running_mean, backbone.layer2.0.downsample.1.bn.running_var, backbone.layer2.1.conv1.kernel, backbone.layer2.1.norm1.bn.weight, backbone.layer2.1.norm1.bn.bias, backbone.layer2.1.norm1.bn.running_mean, backbone.layer2.1.norm1.bn.running_var, backbone.layer2.1.conv2.kernel, backbone.layer2.1.norm2.bn.weight, backbone.layer2.1.norm2.bn.bias, backbone.layer2.1.norm2.bn.running_mean, backbone.layer2.1.norm2.bn.running_var, backbone.layer2.2.conv1.kernel, backbone.layer2.2.norm1.bn.weight, backbone.layer2.2.norm1.bn.bias, backbone.layer2.2.norm1.bn.running_mean, backbone.layer2.2.norm1.bn.running_var, backbone.layer2.2.conv2.kernel, backbone.layer2.2.norm2.bn.weight, backbone.layer2.2.norm2.bn.bias, backbone.layer2.2.norm2.bn.running_mean, backbone.layer2.2.norm2.bn.running_var, backbone.layer2.3.conv1.kernel, backbone.layer2.3.norm1.bn.weight, backbone.layer2.3.norm1.bn.bias, backbone.layer2.3.norm1.bn.running_mean, backbone.layer2.3.norm1.bn.running_var, backbone.layer2.3.conv2.kernel, backbone.layer2.3.norm2.bn.weight, backbone.layer2.3.norm2.bn.bias, backbone.layer2.3.norm2.bn.running_mean, backbone.layer2.3.norm2.bn.running_var, backbone.layer3.0.conv1.kernel, backbone.layer3.0.norm1.bn.weight, backbone.layer3.0.norm1.bn.bias, backbone.layer3.0.norm1.bn.running_mean, backbone.layer3.0.norm1.bn.running_var, backbone.layer3.0.conv2.kernel, backbone.layer3.0.norm2.bn.weight, backbone.layer3.0.norm2.bn.bias, backbone.layer3.0.norm2.bn.running_mean, backbone.layer3.0.norm2.bn.running_var, backbone.layer3.0.downsample.0.kernel, backbone.layer3.0.downsample.1.bn.weight, backbone.layer3.0.downsample.1.bn.bias, backbone.layer3.0.downsample.1.bn.running_mean, backbone.layer3.0.downsample.1.bn.running_var, backbone.layer3.1.conv1.kernel, backbone.layer3.1.norm1.bn.weight, backbone.layer3.1.norm1.bn.bias, backbone.layer3.1.norm1.bn.running_mean, backbone.layer3.1.norm1.bn.running_var, backbone.layer3.1.conv2.kernel, backbone.layer3.1.norm2.bn.weight, backbone.layer3.1.norm2.bn.bias, backbone.layer3.1.norm2.bn.running_mean, backbone.layer3.1.norm2.bn.running_var, backbone.layer3.2.conv1.kernel, backbone.layer3.2.norm1.bn.weight, backbone.layer3.2.norm1.bn.bias, backbone.layer3.2.norm1.bn.running_mean, backbone.layer3.2.norm1.bn.running_var, backbone.layer3.2.conv2.kernel, backbone.layer3.2.norm2.bn.weight, backbone.layer3.2.norm2.bn.bias, backbone.layer3.2.norm2.bn.running_mean, backbone.layer3.2.norm2.bn.running_var, backbone.layer3.3.conv1.kernel, backbone.layer3.3.norm1.bn.weight, backbone.layer3.3.norm1.bn.bias, backbone.layer3.3.norm1.bn.running_mean, backbone.layer3.3.norm1.bn.running_var, backbone.layer3.3.conv2.kernel, backbone.layer3.3.norm2.bn.weight, backbone.layer3.3.norm2.bn.bias, backbone.layer3.3.norm2.bn.running_mean, backbone.layer3.3.norm2.bn.running_var, backbone.layer3.4.conv1.kernel, backbone.layer3.4.norm1.bn.weight, backbone.layer3.4.norm1.bn.bias, backbone.layer3.4.norm1.bn.running_mean, backbone.layer3.4.norm1.bn.running_var, backbone.layer3.4.conv2.kernel, backbone.layer3.4.norm2.bn.weight, backbone.layer3.4.norm2.bn.bias, backbone.layer3.4.norm2.bn.running_mean, backbone.layer3.4.norm2.bn.running_var, backbone.layer3.5.conv1.kernel, backbone.layer3.5.norm1.bn.weight, backbone.layer3.5.norm1.bn.bias, backbone.layer3.5.norm1.bn.running_mean, backbone.layer3.5.norm1.bn.running_var, backbone.layer3.5.conv2.kernel, backbone.layer3.5.norm2.bn.weight, backbone.layer3.5.norm2.bn.bias, backbone.layer3.5.norm2.bn.running_mean, backbone.layer3.5.norm2.bn.running_var, backbone.layer4.0.conv1.kernel, backbone.layer4.0.norm1.bn.weight, backbone.layer4.0.norm1.bn.bias, backbone.layer4.0.norm1.bn.running_mean, backbone.layer4.0.norm1.bn.running_var, backbone.layer4.0.conv2.kernel, backbone.layer4.0.norm2.bn.weight, backbone.layer4.0.norm2.bn.bias, backbone.layer4.0.norm2.bn.running_mean, backbone.layer4.0.norm2.bn.running_var, backbone.layer4.0.downsample.0.kernel, backbone.layer4.0.downsample.1.bn.weight, backbone.layer4.0.downsample.1.bn.bias, backbone.layer4.0.downsample.1.bn.running_mean, backbone.layer4.0.downsample.1.bn.running_var, backbone.layer4.1.conv1.kernel, backbone.layer4.1.norm1.bn.weight, backbone.layer4.1.norm1.bn.bias, backbone.layer4.1.norm1.bn.running_mean, backbone.layer4.1.norm1.bn.running_var, backbone.layer4.1.conv2.kernel, backbone.layer4.1.norm2.bn.weight, backbone.layer4.1.norm2.bn.bias, backbone.layer4.1.norm2.bn.running_mean, backbone.layer4.1.norm2.bn.running_var, backbone.layer4.2.conv1.kernel, backbone.layer4.2.norm1.bn.weight, backbone.layer4.2.norm1.bn.bias, backbone.layer4.2.norm1.bn.running_mean, backbone.layer4.2.norm1.bn.running_var, backbone.layer4.2.conv2.kernel, backbone.layer4.2.norm2.bn.weight, backbone.layer4.2.norm2.bn.bias, backbone.layer4.2.norm2.bn.running_mean, backbone.layer4.2.norm2.bn.running_var, neck.lateral_block_0.0.kernel, neck.lateral_block_0.1.bn.weight, neck.lateral_block_0.1.bn.bias, neck.lateral_block_0.1.bn.running_mean, neck.lateral_block_0.1.bn.running_var, neck.out_block_0.0.kernel, neck.out_block_0.1.bn.weight, neck.out_block_0.1.bn.bias, neck.out_block_0.1.bn.running_mean, neck.out_block_0.1.bn.running_var, neck.up_block_1.0.kernel, neck.up_block_1.1.bn.weight, neck.up_block_1.1.bn.bias, neck.up_block_1.1.bn.running_mean, neck.up_block_1.1.bn.running_var, neck.lateral_block_1.0.kernel, neck.lateral_block_1.1.bn.weight, neck.lateral_block_1.1.bn.bias, neck.lateral_block_1.1.bn.running_mean, neck.lateral_block_1.1.bn.running_var, neck.out_block_1.0.kernel, neck.out_block_1.1.bn.weight, neck.out_block_1.1.bn.bias, neck.out_block_1.1.bn.running_mean, neck.out_block_1.1.bn.running_var, neck.up_block_2.0.kernel, neck.up_block_2.1.bn.weight, neck.up_block_2.1.bn.bias, neck.up_block_2.1.bn.running_mean, neck.up_block_2.1.bn.running_var, head.bbox_conv.kernel, head.bbox_conv.bias, head.cls_conv.kernel, head.cls_conv.bias, conv.0.kernel, conv.1.bn.weight, conv.1.bn.bias, conv.1.bn.running_mean, conv.1.bn.running_var, keep_ratio_predictor_MLPNET.net.0.weight, keep_ratio_predictor_MLPNET.net.0.bias, keep_ratio_predictor_MLPNET.net.2.weight, keep_ratio_predictor_MLPNET.net.2.bias

2026-06-04 13:44:20,825 - mmdet - INFO - Start running, host: zero@l40server, work_dir: /home/zero/USER/HEYU/tr3d/work_dirs/NN/DFF/DFF_TR3D_FF_FIG6_4/7
2026-06-04 13:44:20,825 - mmdet - INFO - Hooks will be executed in the following order:
before_run:
(VERY_HIGH   ) StepLrUpdaterHook                  
(NORMAL      ) CheckpointHook                     
(LOW         ) EvalHook                           
(VERY_LOW    ) TextLoggerHook                     
 -------------------- 
before_train_epoch:
(VERY_HIGH   ) StepLrUpdaterHook                  
(NORMAL      ) EmptyCacheHook                     
(LOW         ) IterTimerHook                      
(LOW         ) EvalHook                           
(VERY_LOW    ) TextLoggerHook                     
 -------------------- 
before_train_iter:
(VERY_HIGH   ) StepLrUpdaterHook                  
(LOW         ) IterTimerHook                      
(LOW         ) EvalHook                           
 -------------------- 
after_train_iter:
(ABOVE_NORMAL) OptimizerHook                      
(NORMAL      ) CheckpointHook                     
(NORMAL      ) EmptyCacheHook                     
(LOW         ) IterTimerHook                      
(LOW         ) EvalHook                           
(VERY_LOW    ) TextLoggerHook                     
 -------------------- 
after_train_epoch:
(NORMAL      ) CheckpointHook                     
(NORMAL      ) EmptyCacheHook                     
(LOW         ) EvalHook                           
(VERY_LOW    ) TextLoggerHook                     
 -------------------- 
before_val_epoch:
(NORMAL      ) EmptyCacheHook                     
(LOW         ) IterTimerHook                      
(VERY_LOW    ) TextLoggerHook                     
 -------------------- 
before_val_iter:
(LOW         ) IterTimerHook                      
 -------------------- 
after_val_iter:
(NORMAL      ) EmptyCacheHook                     
(LOW         ) IterTimerHook                      
 -------------------- 
after_val_epoch:
(NORMAL      ) EmptyCacheHook                     
(VERY_LOW    ) TextLoggerHook                     
 -------------------- 
after_run:
(VERY_LOW    ) TextLoggerHook                     
 -------------------- 
2026-06-04 13:44:20,825 - mmdet - INFO - workflow: [('train', 1)], max: 12 epochs
2026-06-04 13:44:20,825 - mmdet - INFO - Checkpoints will be saved to /home/zero/USER/HEYU/tr3d/work_dirs/NN/DFF/DFF_TR3D_FF_FIG6_4/7 by HardDiskBackend.
2026-06-04 13:44:54,188 - mmdet - INFO - Epoch [1][50/1652]	lr: 1.000e-03, eta: 3:39:52, time: 0.667, data_time: 0.095, memory: 5796, bbox_loss: 0.6405, cls_loss: 0.6833, loss: 1.3238, grad_norm: 7.0733
2026-06-04 13:45:24,933 - mmdet - INFO - Epoch [1][100/1652]	lr: 1.000e-03, eta: 3:30:44, time: 0.615, data_time: 0.050, memory: 5796, bbox_loss: 0.5780, cls_loss: 0.4846, loss: 1.0626, grad_norm: 7.8762
2026-06-04 13:45:56,051 - mmdet - INFO - Epoch [1][150/1652]	lr: 1.000e-03, eta: 3:28:09, time: 0.622, data_time: 0.051, memory: 5796, bbox_loss: 0.5762, cls_loss: 0.4494, loss: 1.0256, grad_norm: 7.1491
2026-06-04 13:46:27,346 - mmdet - INFO - Epoch [1][200/1652]	lr: 1.000e-03, eta: 3:26:53, time: 0.626, data_time: 0.051, memory: 5796, bbox_loss: 0.5682, cls_loss: 0.4309, loss: 0.9991, grad_norm: 8.6316
2026-06-04 13:46:57,973 - mmdet - INFO - Epoch [1][250/1652]	lr: 1.000e-03, eta: 3:25:03, time: 0.613, data_time: 0.051, memory: 5796, bbox_loss: 0.5534, cls_loss: 0.4220, loss: 0.9754, grad_norm: 7.3732
2026-06-04 13:47:29,577 - mmdet - INFO - Epoch [1][300/1652]	lr: 1.000e-03, eta: 3:24:43, time: 0.632, data_time: 0.050, memory: 5796, bbox_loss: 0.5421, cls_loss: 0.4128, loss: 0.9549, grad_norm: 6.6515
2026-06-04 13:48:00,599 - mmdet - INFO - Epoch [1][350/1652]	lr: 1.000e-03, eta: 3:23:47, time: 0.620, data_time: 0.051, memory: 5796, bbox_loss: 0.5286, cls_loss: 0.3889, loss: 0.9176, grad_norm: 6.6481
2026-06-04 13:48:31,952 - mmdet - INFO - Epoch [1][400/1652]	lr: 1.000e-03, eta: 3:23:14, time: 0.627, data_time: 0.050, memory: 5796, bbox_loss: 0.5333, cls_loss: 0.3838, loss: 0.9171, grad_norm: 6.0036
2026-06-04 13:49:02,564 - mmdet - INFO - Epoch [1][450/1652]	lr: 1.000e-03, eta: 3:22:09, time: 0.612, data_time: 0.052, memory: 5796, bbox_loss: 0.5195, cls_loss: 0.3757, loss: 0.8952, grad_norm: 6.6232
2026-06-04 13:49:33,167 - mmdet - INFO - Epoch [1][500/1652]	lr: 1.000e-03, eta: 3:21:11, time: 0.612, data_time: 0.050, memory: 5796, bbox_loss: 0.5262, cls_loss: 0.3684, loss: 0.8946, grad_norm: 7.3061
2026-06-04 13:50:03,844 - mmdet - INFO - Epoch [1][550/1652]	lr: 1.000e-03, eta: 3:20:20, time: 0.614, data_time: 0.051, memory: 5796, bbox_loss: 0.5135, cls_loss: 0.3639, loss: 0.8775, grad_norm: 5.9135
2026-06-04 13:50:35,331 - mmdet - INFO - Epoch [1][600/1652]	lr: 1.000e-03, eta: 3:19:58, time: 0.630, data_time: 0.053, memory: 5796, bbox_loss: 0.5058, cls_loss: 0.3472, loss: 0.8530, grad_norm: 6.6099
2026-06-04 13:51:06,226 - mmdet - INFO - Epoch [1][650/1652]	lr: 1.000e-03, eta: 3:19:18, time: 0.618, data_time: 0.056, memory: 5796, bbox_loss: 0.5093, cls_loss: 0.3534, loss: 0.8627, grad_norm: 6.9743
2026-06-04 13:51:37,424 - mmdet - INFO - Epoch [1][700/1652]	lr: 1.000e-03, eta: 3:18:47, time: 0.624, data_time: 0.052, memory: 5796, bbox_loss: 0.4987, cls_loss: 0.3510, loss: 0.8497, grad_norm: 6.2338
2026-06-04 13:52:08,380 - mmdet - INFO - Epoch [1][750/1652]	lr: 1.000e-03, eta: 3:18:10, time: 0.619, data_time: 0.054, memory: 5796, bbox_loss: 0.4975, cls_loss: 0.3207, loss: 0.8182, grad_norm: 5.8181
2026-06-04 13:52:39,234 - mmdet - INFO - Epoch [1][800/1652]	lr: 1.000e-03, eta: 3:17:31, time: 0.617, data_time: 0.052, memory: 5796, bbox_loss: 0.4945, cls_loss: 0.3542, loss: 0.8487, grad_norm: 5.5795
2026-06-04 13:53:10,782 - mmdet - INFO - Epoch [1][850/1652]	lr: 1.000e-03, eta: 3:17:09, time: 0.631, data_time: 0.054, memory: 5796, bbox_loss: 0.5007, cls_loss: 0.3441, loss: 0.8448, grad_norm: 5.0817
2026-06-04 13:53:41,734 - mmdet - INFO - Epoch [1][900/1652]	lr: 1.000e-03, eta: 3:16:33, time: 0.619, data_time: 0.053, memory: 5796, bbox_loss: 0.4985, cls_loss: 0.3252, loss: 0.8237, grad_norm: 5.4674
2026-06-04 13:54:13,194 - mmdet - INFO - Epoch [1][950/1652]	lr: 1.000e-03, eta: 3:16:08, time: 0.629, data_time: 0.053, memory: 5834, bbox_loss: 0.4951, cls_loss: 0.3229, loss: 0.8180, grad_norm: 5.1381
2026-06-04 13:54:44,699 - mmdet - INFO - Exp name: tr3d-ff_sunrgbd-3d-10class.py
2026-06-04 13:54:44,700 - mmdet - INFO - Epoch [1][1000/1652]	lr: 1.000e-03, eta: 3:15:43, time: 0.630, data_time: 0.053, memory: 5834, bbox_loss: 0.4969, cls_loss: 0.3427, loss: 0.8396, grad_norm: 4.3362
2026-06-04 13:55:15,982 - mmdet - INFO - Epoch [1][1050/1652]	lr: 1.000e-03, eta: 3:15:13, time: 0.626, data_time: 0.052, memory: 5834, bbox_loss: 0.4892, cls_loss: 0.3275, loss: 0.8167, grad_norm: 4.8309
2026-06-04 13:55:47,453 - mmdet - INFO - Epoch [1][1100/1652]	lr: 1.000e-03, eta: 3:14:47, time: 0.629, data_time: 0.052, memory: 5834, bbox_loss: 0.4887, cls_loss: 0.3255, loss: 0.8143, grad_norm: 4.7673
2026-06-04 13:56:18,722 - mmdet - INFO - Epoch [1][1150/1652]	lr: 1.000e-03, eta: 3:14:17, time: 0.625, data_time: 0.052, memory: 5834, bbox_loss: 0.4842, cls_loss: 0.3243, loss: 0.8085, grad_norm: 4.5223
2026-06-04 13:56:49,443 - mmdet - INFO - Epoch [1][1200/1652]	lr: 1.000e-03, eta: 3:13:38, time: 0.614, data_time: 0.051, memory: 6023, bbox_loss: 0.4925, cls_loss: 0.3218, loss: 0.8143, grad_norm: 5.1059
2026-06-04 13:57:20,321 - mmdet - INFO - Epoch [1][1250/1652]	lr: 1.000e-03, eta: 3:13:02, time: 0.618, data_time: 0.053, memory: 6023, bbox_loss: 0.4694, cls_loss: 0.3034, loss: 0.7729, grad_norm: 4.8981
2026-06-04 13:57:51,536 - mmdet - INFO - Epoch [1][1300/1652]	lr: 1.000e-03, eta: 3:12:31, time: 0.624, data_time: 0.053, memory: 6023, bbox_loss: 0.4766, cls_loss: 0.3132, loss: 0.7898, grad_norm: 4.6278
2026-06-04 13:58:22,546 - mmdet - INFO - Epoch [1][1350/1652]	lr: 1.000e-03, eta: 3:11:58, time: 0.620, data_time: 0.053, memory: 6023, bbox_loss: 0.4708, cls_loss: 0.3059, loss: 0.7767, grad_norm: 5.0554
2026-06-04 13:58:53,759 - mmdet - INFO - Epoch [1][1400/1652]	lr: 1.000e-03, eta: 3:11:27, time: 0.624, data_time: 0.051, memory: 6023, bbox_loss: 0.4742, cls_loss: 0.3111, loss: 0.7854, grad_norm: 4.7515
2026-06-04 13:59:25,706 - mmdet - INFO - Epoch [1][1450/1652]	lr: 1.000e-03, eta: 3:11:06, time: 0.639, data_time: 0.052, memory: 6023, bbox_loss: 0.4710, cls_loss: 0.3053, loss: 0.7763, grad_norm: 4.9841
2026-06-04 13:59:58,383 - mmdet - INFO - Epoch [1][1500/1652]	lr: 1.000e-03, eta: 3:10:52, time: 0.654, data_time: 0.048, memory: 6023, bbox_loss: 0.4686, cls_loss: 0.3080, loss: 0.7765, grad_norm: 4.2363
2026-06-04 14:00:29,109 - mmdet - INFO - Epoch [1][1550/1652]	lr: 1.000e-03, eta: 3:10:15, time: 0.615, data_time: 0.046, memory: 6023, bbox_loss: 0.4774, cls_loss: 0.3088, loss: 0.7862, grad_norm: 4.3015
2026-06-04 14:01:00,129 - mmdet - INFO - Epoch [1][1600/1652]	lr: 1.000e-03, eta: 3:09:41, time: 0.620, data_time: 0.044, memory: 6023, bbox_loss: 0.4706, cls_loss: 0.3009, loss: 0.7715, grad_norm: 4.1916
2026-06-04 14:01:31,124 - mmdet - INFO - Epoch [1][1650/1652]	lr: 1.000e-03, eta: 3:09:08, time: 0.620, data_time: 0.050, memory: 6023, bbox_loss: 0.4799, cls_loss: 0.3126, loss: 0.7925, grad_norm: 4.3020
2026-06-04 14:01:32,525 - mmdet - INFO - Saving checkpoint at 1 epochs
2026-06-04 14:02:10,223 - mmdet - INFO - Epoch [2][50/1652]	lr: 1.000e-03, eta: 3:09:25, time: 0.744, data_time: 0.107, memory: 6023, bbox_loss: 0.4718, cls_loss: 0.2998, loss: 0.7716, grad_norm: 4.6752
2026-06-04 14:02:41,449 - mmdet - INFO - Epoch [2][100/1652]	lr: 1.000e-03, eta: 3:08:53, time: 0.625, data_time: 0.049, memory: 6023, bbox_loss: 0.4719, cls_loss: 0.3100, loss: 0.7819, grad_norm: 4.1303
2026-06-04 14:03:13,815 - mmdet - INFO - Epoch [2][150/1652]	lr: 1.000e-03, eta: 3:08:31, time: 0.647, data_time: 0.051, memory: 6023, bbox_loss: 0.4677, cls_loss: 0.2936, loss: 0.7613, grad_norm: 4.6382
2026-06-04 14:03:45,447 - mmdet - INFO - Epoch [2][200/1652]	lr: 1.000e-03, eta: 3:08:02, time: 0.633, data_time: 0.053, memory: 6023, bbox_loss: 0.4701, cls_loss: 0.3014, loss: 0.7715, grad_norm: 4.4926
2026-06-04 14:04:16,164 - mmdet - INFO - Epoch [2][250/1652]	lr: 1.000e-03, eta: 3:07:25, time: 0.614, data_time: 0.052, memory: 6023, bbox_loss: 0.4692, cls_loss: 0.3030, loss: 0.7722, grad_norm: 3.8574
2026-06-04 14:04:47,462 - mmdet - INFO - Epoch [2][300/1652]	lr: 1.000e-03, eta: 3:06:53, time: 0.626, data_time: 0.054, memory: 6023, bbox_loss: 0.4608, cls_loss: 0.2910, loss: 0.7519, grad_norm: 3.7259
2026-06-04 14:05:18,898 - mmdet - INFO - Epoch [2][350/1652]	lr: 1.000e-03, eta: 3:06:22, time: 0.629, data_time: 0.052, memory: 6023, bbox_loss: 0.4681, cls_loss: 0.3018, loss: 0.7699, grad_norm: 4.2303
2026-06-04 14:05:49,964 - mmdet - INFO - Epoch [2][400/1652]	lr: 1.000e-03, eta: 3:05:48, time: 0.621, data_time: 0.053, memory: 6023, bbox_loss: 0.4699, cls_loss: 0.3035, loss: 0.7734, grad_norm: 4.3663
2026-06-04 14:06:21,089 - mmdet - INFO - Epoch [2][450/1652]	lr: 1.000e-03, eta: 3:05:14, time: 0.622, data_time: 0.052, memory: 6023, bbox_loss: 0.4621, cls_loss: 0.2926, loss: 0.7547, grad_norm: 3.9856
2026-06-04 14:06:52,538 - mmdet - INFO - Epoch [2][500/1652]	lr: 1.000e-03, eta: 3:04:44, time: 0.629, data_time: 0.053, memory: 6023, bbox_loss: 0.4589, cls_loss: 0.2934, loss: 0.7523, grad_norm: 4.5334
2026-06-04 14:07:23,313 - mmdet - INFO - Epoch [2][550/1652]	lr: 1.000e-03, eta: 3:04:08, time: 0.615, data_time: 0.054, memory: 6023, bbox_loss: 0.4504, cls_loss: 0.2866, loss: 0.7370, grad_norm: 4.3740
2026-06-04 14:07:54,434 - mmdet - INFO - Epoch [2][600/1652]	lr: 1.000e-03, eta: 3:03:35, time: 0.622, data_time: 0.050, memory: 6023, bbox_loss: 0.4673, cls_loss: 0.3057, loss: 0.7730, grad_norm: 3.8820
2026-06-04 14:08:25,196 - mmdet - INFO - Epoch [2][650/1652]	lr: 1.000e-03, eta: 3:02:59, time: 0.615, data_time: 0.046, memory: 6023, bbox_loss: 0.4622, cls_loss: 0.2949, loss: 0.7570, grad_norm: 3.7522
2026-06-04 14:08:56,634 - mmdet - INFO - Epoch [2][700/1652]	lr: 1.000e-03, eta: 3:02:28, time: 0.629, data_time: 0.053, memory: 6023, bbox_loss: 0.4584, cls_loss: 0.2935, loss: 0.7519, grad_norm: 4.0410
2026-06-04 14:09:28,201 - mmdet - INFO - Epoch [2][750/1652]	lr: 1.000e-03, eta: 3:01:59, time: 0.631, data_time: 0.053, memory: 6023, bbox_loss: 0.4594, cls_loss: 0.2893, loss: 0.7488, grad_norm: 3.5761
2026-06-04 14:09:59,148 - mmdet - INFO - Epoch [2][800/1652]	lr: 1.000e-03, eta: 3:01:24, time: 0.619, data_time: 0.052, memory: 6023, bbox_loss: 0.4580, cls_loss: 0.2830, loss: 0.7410, grad_norm: 4.0200
2026-06-04 14:10:30,297 - mmdet - INFO - Epoch [2][850/1652]	lr: 1.000e-03, eta: 3:00:52, time: 0.623, data_time: 0.052, memory: 6023, bbox_loss: 0.4600, cls_loss: 0.2959, loss: 0.7559, grad_norm: 3.9931
2026-06-04 14:11:01,719 - mmdet - INFO - Epoch [2][900/1652]	lr: 1.000e-03, eta: 3:00:21, time: 0.628, data_time: 0.052, memory: 6023, bbox_loss: 0.4609, cls_loss: 0.2936, loss: 0.7545, grad_norm: 3.7266
2026-06-04 14:11:33,130 - mmdet - INFO - Epoch [2][950/1652]	lr: 1.000e-03, eta: 2:59:50, time: 0.628, data_time: 0.051, memory: 6023, bbox_loss: 0.4532, cls_loss: 0.2802, loss: 0.7334, grad_norm: 3.9660
2026-06-04 14:12:04,382 - mmdet - INFO - Epoch [2][1000/1652]	lr: 1.000e-03, eta: 2:59:19, time: 0.625, data_time: 0.054, memory: 6023, bbox_loss: 0.4546, cls_loss: 0.2813, loss: 0.7359, grad_norm: 3.6317
2026-06-04 14:12:35,719 - mmdet - INFO - Epoch [2][1050/1652]	lr: 1.000e-03, eta: 2:58:47, time: 0.627, data_time: 0.053, memory: 6023, bbox_loss: 0.4559, cls_loss: 0.2902, loss: 0.7461, grad_norm: 3.7269
2026-06-04 14:13:07,248 - mmdet - INFO - Epoch [2][1100/1652]	lr: 1.000e-03, eta: 2:58:17, time: 0.631, data_time: 0.052, memory: 6023, bbox_loss: 0.4625, cls_loss: 0.2837, loss: 0.7462, grad_norm: 3.5315
2026-06-04 14:13:40,490 - mmdet - INFO - Epoch [2][1150/1652]	lr: 1.000e-03, eta: 2:57:58, time: 0.665, data_time: 0.053, memory: 6023, bbox_loss: 0.4583, cls_loss: 0.2843, loss: 0.7426, grad_norm: 3.8274
2026-06-04 14:14:13,728 - mmdet - INFO - Epoch [2][1200/1652]	lr: 1.000e-03, eta: 2:57:37, time: 0.665, data_time: 0.054, memory: 6023, bbox_loss: 0.4551, cls_loss: 0.2806, loss: 0.7357, grad_norm: 3.9939
2026-06-04 14:14:47,112 - mmdet - INFO - Epoch [2][1250/1652]	lr: 1.000e-03, eta: 2:57:17, time: 0.668, data_time: 0.053, memory: 6023, bbox_loss: 0.4447, cls_loss: 0.2755, loss: 0.7202, grad_norm: 3.8372
2026-06-04 14:15:20,484 - mmdet - INFO - Epoch [2][1300/1652]	lr: 1.000e-03, eta: 2:56:57, time: 0.667, data_time: 0.053, memory: 6023, bbox_loss: 0.4421, cls_loss: 0.2846, loss: 0.7267, grad_norm: 3.1488
2026-06-04 14:15:53,732 - mmdet - INFO - Epoch [2][1350/1652]	lr: 1.000e-03, eta: 2:56:36, time: 0.665, data_time: 0.054, memory: 6023, bbox_loss: 0.4467, cls_loss: 0.2725, loss: 0.7192, grad_norm: 3.7165
2026-06-04 14:16:27,205 - mmdet - INFO - Epoch [2][1400/1652]	lr: 1.000e-03, eta: 2:56:15, time: 0.669, data_time: 0.056, memory: 6023, bbox_loss: 0.4465, cls_loss: 0.2775, loss: 0.7240, grad_norm: 3.4760
2026-06-04 14:17:00,613 - mmdet - INFO - Epoch [2][1450/1652]	lr: 1.000e-03, eta: 2:55:54, time: 0.668, data_time: 0.054, memory: 6023, bbox_loss: 0.4436, cls_loss: 0.2744, loss: 0.7180, grad_norm: 3.6470
2026-06-04 14:17:33,166 - mmdet - INFO - Epoch [2][1500/1652]	lr: 1.000e-03, eta: 2:55:27, time: 0.651, data_time: 0.053, memory: 6023, bbox_loss: 0.4507, cls_loss: 0.2725, loss: 0.7232, grad_norm: 4.1229
2026-06-04 14:18:05,973 - mmdet - INFO - Epoch [2][1550/1652]	lr: 1.000e-03, eta: 2:55:02, time: 0.656, data_time: 0.054, memory: 6023, bbox_loss: 0.4564, cls_loss: 0.2839, loss: 0.7404, grad_norm: 3.4742
2026-06-04 14:18:39,404 - mmdet - INFO - Epoch [2][1600/1652]	lr: 1.000e-03, eta: 2:54:40, time: 0.669, data_time: 0.053, memory: 6023, bbox_loss: 0.4499, cls_loss: 0.2744, loss: 0.7244, grad_norm: 3.7464
2026-06-04 14:19:13,100 - mmdet - INFO - Epoch [2][1650/1652]	lr: 1.000e-03, eta: 2:54:19, time: 0.674, data_time: 0.053, memory: 6023, bbox_loss: 0.4439, cls_loss: 0.2765, loss: 0.7203, grad_norm: 3.7585
2026-06-04 14:19:14,561 - mmdet - INFO - Saving checkpoint at 2 epochs
2026-06-04 14:19:50,641 - mmdet - INFO - Epoch [3][50/1652]	lr: 1.000e-03, eta: 2:53:58, time: 0.707, data_time: 0.103, memory: 6023, bbox_loss: 0.4453, cls_loss: 0.2761, loss: 0.7214, grad_norm: 3.4259
2026-06-04 14:20:21,971 - mmdet - INFO - Epoch [3][100/1652]	lr: 1.000e-03, eta: 2:53:24, time: 0.627, data_time: 0.056, memory: 6023, bbox_loss: 0.4461, cls_loss: 0.2857, loss: 0.7318, grad_norm: 3.2095
2026-06-04 14:20:53,833 - mmdet - INFO - Epoch [3][150/1652]	lr: 1.000e-03, eta: 2:52:53, time: 0.637, data_time: 0.054, memory: 6023, bbox_loss: 0.4512, cls_loss: 0.2755, loss: 0.7267, grad_norm: 3.3432
2026-06-04 14:21:24,967 - mmdet - INFO - Epoch [3][200/1652]	lr: 1.000e-03, eta: 2:52:19, time: 0.623, data_time: 0.052, memory: 6023, bbox_loss: 0.4465, cls_loss: 0.2641, loss: 0.7107, grad_norm: 4.0379
2026-06-04 14:21:56,452 - mmdet - INFO - Epoch [3][250/1652]	lr: 1.000e-03, eta: 2:51:47, time: 0.630, data_time: 0.052, memory: 6023, bbox_loss: 0.4460, cls_loss: 0.2792, loss: 0.7253, grad_norm: 3.5467
2026-06-04 14:22:29,097 - mmdet - INFO - Epoch [3][300/1652]	lr: 1.000e-03, eta: 2:51:19, time: 0.653, data_time: 0.053, memory: 6023, bbox_loss: 0.4427, cls_loss: 0.2756, loss: 0.7183, grad_norm: 3.5720
2026-06-04 14:23:01,189 - mmdet - INFO - Epoch [3][350/1652]	lr: 1.000e-03, eta: 2:50:49, time: 0.642, data_time: 0.052, memory: 6023, bbox_loss: 0.4339, cls_loss: 0.2640, loss: 0.6978, grad_norm: 3.2413
2026-06-04 14:23:32,433 - mmdet - INFO - Epoch [3][400/1652]	lr: 1.000e-03, eta: 2:50:16, time: 0.625, data_time: 0.048, memory: 6023, bbox_loss: 0.4537, cls_loss: 0.2759, loss: 0.7296, grad_norm: 3.0836
2026-06-04 14:24:03,592 - mmdet - INFO - Epoch [3][450/1652]	lr: 1.000e-03, eta: 2:49:42, time: 0.623, data_time: 0.051, memory: 6023, bbox_loss: 0.4485, cls_loss: 0.2734, loss: 0.7219, grad_norm: 3.8734
2026-06-04 14:24:35,523 - mmdet - INFO - Epoch [3][500/1652]	lr: 1.000e-03, eta: 2:49:11, time: 0.639, data_time: 0.051, memory: 6023, bbox_loss: 0.4383, cls_loss: 0.2743, loss: 0.7126, grad_norm: 3.8739
2026-06-04 14:25:06,599 - mmdet - INFO - Epoch [3][550/1652]	lr: 1.000e-03, eta: 2:48:37, time: 0.622, data_time: 0.052, memory: 6023, bbox_loss: 0.4371, cls_loss: 0.2620, loss: 0.6992, grad_norm: 3.8563
2026-06-04 14:25:37,410 - mmdet - INFO - Epoch [3][600/1652]	lr: 1.000e-03, eta: 2:48:02, time: 0.616, data_time: 0.051, memory: 6023, bbox_loss: 0.4389, cls_loss: 0.2664, loss: 0.7054, grad_norm: 3.0699
2026-06-04 14:26:09,393 - mmdet - INFO - Epoch [3][650/1652]	lr: 1.000e-03, eta: 2:47:31, time: 0.640, data_time: 0.052, memory: 6023, bbox_loss: 0.4311, cls_loss: 0.2640, loss: 0.6952, grad_norm: 3.1726
2026-06-04 14:26:41,424 - mmdet - INFO - Epoch [3][700/1652]	lr: 1.000e-03, eta: 2:47:01, time: 0.641, data_time: 0.054, memory: 6023, bbox_loss: 0.4390, cls_loss: 0.2672, loss: 0.7062, grad_norm: 3.0177
2026-06-04 14:27:14,794 - mmdet - INFO - Epoch [3][750/1652]	lr: 1.000e-03, eta: 2:46:36, time: 0.667, data_time: 0.053, memory: 6023, bbox_loss: 0.4452, cls_loss: 0.2720, loss: 0.7171, grad_norm: 3.2785
2026-06-04 14:27:48,182 - mmdet - INFO - Epoch [3][800/1652]	lr: 1.000e-03, eta: 2:46:11, time: 0.668, data_time: 0.055, memory: 6023, bbox_loss: 0.4385, cls_loss: 0.2761, loss: 0.7146, grad_norm: 3.0491
2026-06-04 14:28:21,566 - mmdet - INFO - Epoch [3][850/1652]	lr: 1.000e-03, eta: 2:45:45, time: 0.668, data_time: 0.052, memory: 6023, bbox_loss: 0.4365, cls_loss: 0.2705, loss: 0.7070, grad_norm: 3.1956
2026-06-04 14:28:54,835 - mmdet - INFO - Epoch [3][900/1652]	lr: 1.000e-03, eta: 2:45:19, time: 0.665, data_time: 0.053, memory: 6023, bbox_loss: 0.4343, cls_loss: 0.2640, loss: 0.6984, grad_norm: 3.2666
2026-06-04 14:29:28,000 - mmdet - INFO - Epoch [3][950/1652]	lr: 1.000e-03, eta: 2:44:53, time: 0.663, data_time: 0.053, memory: 6023, bbox_loss: 0.4427, cls_loss: 0.2671, loss: 0.7098, grad_norm: 2.9358
2026-06-04 14:29:58,422 - mmdet - INFO - Epoch [3][1000/1652]	lr: 1.000e-03, eta: 2:44:16, time: 0.608, data_time: 0.047, memory: 6023, bbox_loss: 0.4309, cls_loss: 0.2629, loss: 0.6938, grad_norm: 3.1744
2026-06-04 14:30:29,405 - mmdet - INFO - Epoch [3][1050/1652]	lr: 1.000e-03, eta: 2:43:42, time: 0.620, data_time: 0.049, memory: 6023, bbox_loss: 0.4376, cls_loss: 0.2741, loss: 0.7117, grad_norm: 3.1711
2026-06-04 14:31:00,956 - mmdet - INFO - Epoch [3][1100/1652]	lr: 1.000e-03, eta: 2:43:09, time: 0.631, data_time: 0.046, memory: 6023, bbox_loss: 0.4307, cls_loss: 0.2702, loss: 0.7009, grad_norm: 3.5976
2026-06-04 14:31:31,484 - mmdet - INFO - Epoch [3][1150/1652]	lr: 1.000e-03, eta: 2:42:33, time: 0.611, data_time: 0.044, memory: 6023, bbox_loss: 0.4335, cls_loss: 0.2641, loss: 0.6977, grad_norm: 3.6755
2026-06-04 14:32:01,684 - mmdet - INFO - Epoch [3][1200/1652]	lr: 1.000e-03, eta: 2:41:56, time: 0.604, data_time: 0.043, memory: 6023, bbox_loss: 0.4309, cls_loss: 0.2675, loss: 0.6984, grad_norm: 3.0538
2026-06-04 14:32:33,440 - mmdet - INFO - Epoch [3][1250/1652]	lr: 1.000e-03, eta: 2:41:25, time: 0.635, data_time: 0.053, memory: 6023, bbox_loss: 0.4339, cls_loss: 0.2656, loss: 0.6994, grad_norm: 2.9547
2026-06-04 14:33:04,924 - mmdet - INFO - Epoch [3][1300/1652]	lr: 1.000e-03, eta: 2:40:52, time: 0.630, data_time: 0.052, memory: 6023, bbox_loss: 0.4313, cls_loss: 0.2636, loss: 0.6950, grad_norm: 3.3596
2026-06-04 14:33:36,400 - mmdet - INFO - Epoch [3][1350/1652]	lr: 1.000e-03, eta: 2:40:20, time: 0.630, data_time: 0.051, memory: 6023, bbox_loss: 0.4349, cls_loss: 0.2610, loss: 0.6959, grad_norm: 3.2155
2026-06-04 14:34:07,505 - mmdet - INFO - Epoch [3][1400/1652]	lr: 1.000e-03, eta: 2:39:46, time: 0.622, data_time: 0.053, memory: 6023, bbox_loss: 0.4218, cls_loss: 0.2591, loss: 0.6809, grad_norm: 3.4364
2026-06-04 14:34:38,701 - mmdet - INFO - Epoch [3][1450/1652]	lr: 1.000e-03, eta: 2:39:13, time: 0.624, data_time: 0.052, memory: 6023, bbox_loss: 0.4293, cls_loss: 0.2594, loss: 0.6887, grad_norm: 3.4694
2026-06-04 14:35:09,604 - mmdet - INFO - Epoch [3][1500/1652]	lr: 1.000e-03, eta: 2:38:39, time: 0.618, data_time: 0.051, memory: 6023, bbox_loss: 0.4248, cls_loss: 0.2521, loss: 0.6769, grad_norm: 3.0254
2026-06-04 14:35:40,538 - mmdet - INFO - Epoch [3][1550/1652]	lr: 1.000e-03, eta: 2:38:05, time: 0.619, data_time: 0.053, memory: 6023, bbox_loss: 0.4313, cls_loss: 0.2639, loss: 0.6952, grad_norm: 3.1379
2026-06-04 14:36:11,618 - mmdet - INFO - Epoch [3][1600/1652]	lr: 1.000e-03, eta: 2:37:31, time: 0.622, data_time: 0.053, memory: 6023, bbox_loss: 0.4205, cls_loss: 0.2650, loss: 0.6856, grad_norm: 2.8451
2026-06-04 14:36:41,754 - mmdet - INFO - Epoch [3][1650/1652]	lr: 1.000e-03, eta: 2:36:55, time: 0.603, data_time: 0.046, memory: 6023, bbox_loss: 0.4351, cls_loss: 0.2729, loss: 0.7080, grad_norm: 2.8558
2026-06-04 14:36:43,097 - mmdet - INFO - Saving checkpoint at 3 epochs
2026-06-04 14:37:17,615 - mmdet - INFO - Epoch [4][50/1652]	lr: 1.000e-03, eta: 2:36:25, time: 0.679, data_time: 0.101, memory: 6023, bbox_loss: 0.4225, cls_loss: 0.2618, loss: 0.6843, grad_norm: 3.1555
2026-06-04 14:37:49,534 - mmdet - INFO - Epoch [4][100/1652]	lr: 1.000e-03, eta: 2:35:54, time: 0.638, data_time: 0.051, memory: 6023, bbox_loss: 0.4312, cls_loss: 0.2648, loss: 0.6960, grad_norm: 3.1575
2026-06-04 14:38:20,573 - mmdet - INFO - Epoch [4][150/1652]	lr: 1.000e-03, eta: 2:35:21, time: 0.621, data_time: 0.051, memory: 6023, bbox_loss: 0.4276, cls_loss: 0.2618, loss: 0.6894, grad_norm: 3.4061
2026-06-04 14:38:51,953 - mmdet - INFO - Epoch [4][200/1652]	lr: 1.000e-03, eta: 2:34:48, time: 0.628, data_time: 0.050, memory: 6023, bbox_loss: 0.4292, cls_loss: 0.2582, loss: 0.6874, grad_norm: 2.7035
2026-06-04 14:39:23,316 - mmdet - INFO - Epoch [4][250/1652]	lr: 1.000e-03, eta: 2:34:16, time: 0.627, data_time: 0.052, memory: 6023, bbox_loss: 0.4273, cls_loss: 0.2664, loss: 0.6937, grad_norm: 3.1767
2026-06-04 14:39:54,446 - mmdet - INFO - Epoch [4][300/1652]	lr: 1.000e-03, eta: 2:33:43, time: 0.623, data_time: 0.049, memory: 6023, bbox_loss: 0.4139, cls_loss: 0.2523, loss: 0.6662, grad_norm: 3.0914
2026-06-04 14:40:25,790 - mmdet - INFO - Epoch [4][350/1652]	lr: 1.000e-03, eta: 2:33:10, time: 0.627, data_time: 0.052, memory: 6023, bbox_loss: 0.4196, cls_loss: 0.2602, loss: 0.6798, grad_norm: 3.2326
2026-06-04 14:40:57,289 - mmdet - INFO - Epoch [4][400/1652]	lr: 1.000e-03, eta: 2:32:38, time: 0.630, data_time: 0.047, memory: 6023, bbox_loss: 0.4287, cls_loss: 0.2629, loss: 0.6916, grad_norm: 2.9494
2026-06-04 14:41:29,767 - mmdet - INFO - Epoch [4][450/1652]	lr: 1.000e-03, eta: 2:32:08, time: 0.650, data_time: 0.050, memory: 6023, bbox_loss: 0.4087, cls_loss: 0.2530, loss: 0.6617, grad_norm: 3.2852
2026-06-04 14:42:00,897 - mmdet - INFO - Epoch [4][500/1652]	lr: 1.000e-03, eta: 2:31:35, time: 0.623, data_time: 0.052, memory: 6023, bbox_loss: 0.4230, cls_loss: 0.2535, loss: 0.6765, grad_norm: 3.2404
2026-06-04 14:42:32,353 - mmdet - INFO - Epoch [4][550/1652]	lr: 1.000e-03, eta: 2:31:03, time: 0.629, data_time: 0.050, memory: 6023, bbox_loss: 0.4108, cls_loss: 0.2484, loss: 0.6592, grad_norm: 3.0293
2026-06-04 14:43:03,155 - mmdet - INFO - Epoch [4][600/1652]	lr: 1.000e-03, eta: 2:30:29, time: 0.616, data_time: 0.051, memory: 6023, bbox_loss: 0.4122, cls_loss: 0.2630, loss: 0.6752, grad_norm: 3.4548
2026-06-04 14:43:34,532 - mmdet - INFO - Epoch [4][650/1652]	lr: 1.000e-03, eta: 2:29:57, time: 0.628, data_time: 0.054, memory: 6023, bbox_loss: 0.4165, cls_loss: 0.2547, loss: 0.6712, grad_norm: 3.2381
2026-06-04 14:44:07,904 - mmdet - INFO - Epoch [4][700/1652]	lr: 1.000e-03, eta: 2:29:30, time: 0.667, data_time: 0.054, memory: 6023, bbox_loss: 0.4200, cls_loss: 0.2566, loss: 0.6766, grad_norm: 3.0601
2026-06-04 14:44:41,544 - mmdet - INFO - Epoch [4][750/1652]	lr: 1.000e-03, eta: 2:29:03, time: 0.673, data_time: 0.053, memory: 6023, bbox_loss: 0.4247, cls_loss: 0.2609, loss: 0.6856, grad_norm: 3.1864
2026-06-04 14:45:14,995 - mmdet - INFO - Epoch [4][800/1652]	lr: 1.000e-03, eta: 2:28:36, time: 0.669, data_time: 0.054, memory: 6023, bbox_loss: 0.4169, cls_loss: 0.2712, loss: 0.6880, grad_norm: 3.4365
2026-06-04 14:45:48,483 - mmdet - INFO - Epoch [4][850/1652]	lr: 1.000e-03, eta: 2:28:08, time: 0.670, data_time: 0.053, memory: 6023, bbox_loss: 0.4076, cls_loss: 0.2478, loss: 0.6554, grad_norm: 3.5213
2026-06-04 14:46:21,390 - mmdet - INFO - Epoch [4][900/1652]	lr: 1.000e-03, eta: 2:27:40, time: 0.658, data_time: 0.051, memory: 6023, bbox_loss: 0.4184, cls_loss: 0.2625, loss: 0.6809, grad_norm: 3.5803
2026-06-04 14:46:54,788 - mmdet - INFO - Epoch [4][950/1652]	lr: 1.000e-03, eta: 2:27:12, time: 0.668, data_time: 0.053, memory: 6023, bbox_loss: 0.4049, cls_loss: 0.2461, loss: 0.6510, grad_norm: 3.3653
2026-06-04 14:47:27,213 - mmdet - INFO - Epoch [4][1000/1652]	lr: 1.000e-03, eta: 2:26:42, time: 0.648, data_time: 0.052, memory: 6023, bbox_loss: 0.4134, cls_loss: 0.2496, loss: 0.6629, grad_norm: 3.4611
2026-06-04 14:47:58,583 - mmdet - INFO - Epoch [4][1050/1652]	lr: 1.000e-03, eta: 2:26:09, time: 0.627, data_time: 0.054, memory: 6023, bbox_loss: 0.4119, cls_loss: 0.2581, loss: 0.6700, grad_norm: 2.9477
2026-06-04 14:48:30,374 - mmdet - INFO - Epoch [4][1100/1652]	lr: 1.000e-03, eta: 2:25:37, time: 0.636, data_time: 0.051, memory: 6023, bbox_loss: 0.4085, cls_loss: 0.2557, loss: 0.6642, grad_norm: 2.8736
2026-06-04 14:49:01,285 - mmdet - INFO - Epoch [4][1150/1652]	lr: 1.000e-03, eta: 2:25:04, time: 0.618, data_time: 0.051, memory: 6023, bbox_loss: 0.4104, cls_loss: 0.2493, loss: 0.6597, grad_norm: 3.1103
2026-06-04 14:49:32,213 - mmdet - INFO - Epoch [4][1200/1652]	lr: 1.000e-03, eta: 2:24:30, time: 0.619, data_time: 0.054, memory: 6023, bbox_loss: 0.4017, cls_loss: 0.2501, loss: 0.6518, grad_norm: 3.0614
2026-06-04 14:50:03,548 - mmdet - INFO - Epoch [4][1250/1652]	lr: 1.000e-03, eta: 2:23:58, time: 0.627, data_time: 0.054, memory: 6023, bbox_loss: 0.4029, cls_loss: 0.2460, loss: 0.6489, grad_norm: 3.1771
2026-06-04 14:50:34,634 - mmdet - INFO - Epoch [4][1300/1652]	lr: 1.000e-03, eta: 2:23:25, time: 0.622, data_time: 0.053, memory: 6023, bbox_loss: 0.4109, cls_loss: 0.2502, loss: 0.6612, grad_norm: 3.0202
2026-06-04 14:51:05,594 - mmdet - INFO - Epoch [4][1350/1652]	lr: 1.000e-03, eta: 2:22:51, time: 0.619, data_time: 0.052, memory: 6023, bbox_loss: 0.4133, cls_loss: 0.2507, loss: 0.6641, grad_norm: 3.2684
2026-06-04 14:51:37,104 - mmdet - INFO - Epoch [4][1400/1652]	lr: 1.000e-03, eta: 2:22:19, time: 0.630, data_time: 0.054, memory: 6023, bbox_loss: 0.4044, cls_loss: 0.2579, loss: 0.6623, grad_norm: 2.8813
2026-06-04 14:52:08,513 - mmdet - INFO - Epoch [4][1450/1652]	lr: 1.000e-03, eta: 2:21:47, time: 0.628, data_time: 0.052, memory: 6023, bbox_loss: 0.4087, cls_loss: 0.2584, loss: 0.6671, grad_norm: 2.9921
2026-06-04 14:52:39,802 - mmdet - INFO - Epoch [4][1500/1652]	lr: 1.000e-03, eta: 2:21:14, time: 0.626, data_time: 0.053, memory: 6023, bbox_loss: 0.4105, cls_loss: 0.2520, loss: 0.6625, grad_norm: 2.9589
2026-06-04 14:53:10,844 - mmdet - INFO - Epoch [4][1550/1652]	lr: 1.000e-03, eta: 2:20:41, time: 0.621, data_time: 0.053, memory: 6023, bbox_loss: 0.4090, cls_loss: 0.2550, loss: 0.6640, grad_norm: 2.7067
2026-06-04 14:53:42,008 - mmdet - INFO - Epoch [4][1600/1652]	lr: 1.000e-03, eta: 2:20:09, time: 0.623, data_time: 0.052, memory: 6023, bbox_loss: 0.4002, cls_loss: 0.2391, loss: 0.6393, grad_norm: 2.9290
2026-06-04 14:54:13,206 - mmdet - INFO - Epoch [4][1650/1652]	lr: 1.000e-03, eta: 2:19:36, time: 0.624, data_time: 0.053, memory: 6023, bbox_loss: 0.4028, cls_loss: 0.2512, loss: 0.6540, grad_norm: 2.8470
2026-06-04 14:54:14,534 - mmdet - INFO - Saving checkpoint at 4 epochs
2026-06-04 14:54:48,975 - mmdet - INFO - Epoch [5][50/1652]	lr: 1.000e-03, eta: 2:19:05, time: 0.678, data_time: 0.106, memory: 6023, bbox_loss: 0.4040, cls_loss: 0.2422, loss: 0.6463, grad_norm: 3.0503
2026-06-04 14:55:20,384 - mmdet - INFO - Epoch [5][100/1652]	lr: 1.000e-03, eta: 2:18:33, time: 0.628, data_time: 0.052, memory: 6023, bbox_loss: 0.4136, cls_loss: 0.2449, loss: 0.6586, grad_norm: 3.5831
2026-06-04 14:55:51,681 - mmdet - INFO - Epoch [5][150/1652]	lr: 1.000e-03, eta: 2:18:00, time: 0.626, data_time: 0.057, memory: 6023, bbox_loss: 0.4018, cls_loss: 0.2446, loss: 0.6464, grad_norm: 2.9045
2026-06-04 14:56:23,232 - mmdet - INFO - Epoch [5][200/1652]	lr: 1.000e-03, eta: 2:17:28, time: 0.631, data_time: 0.051, memory: 6023, bbox_loss: 0.4045, cls_loss: 0.2498, loss: 0.6543, grad_norm: 2.7526
2026-06-04 14:56:54,484 - mmdet - INFO - Epoch [5][250/1652]	lr: 1.000e-03, eta: 2:16:56, time: 0.625, data_time: 0.051, memory: 6023, bbox_loss: 0.3995, cls_loss: 0.2495, loss: 0.6490, grad_norm: 2.6340
2026-06-04 14:57:25,601 - mmdet - INFO - Epoch [5][300/1652]	lr: 1.000e-03, eta: 2:16:23, time: 0.622, data_time: 0.052, memory: 6023, bbox_loss: 0.3962, cls_loss: 0.2428, loss: 0.6389, grad_norm: 2.7340
2026-06-04 14:57:56,369 - mmdet - INFO - Epoch [5][350/1652]	lr: 1.000e-03, eta: 2:15:50, time: 0.615, data_time: 0.051, memory: 6023, bbox_loss: 0.3998, cls_loss: 0.2449, loss: 0.6447, grad_norm: 2.8085
2026-06-04 14:58:27,715 - mmdet - INFO - Epoch [5][400/1652]	lr: 1.000e-03, eta: 2:15:17, time: 0.627, data_time: 0.053, memory: 6023, bbox_loss: 0.4057, cls_loss: 0.2402, loss: 0.6459, grad_norm: 2.7773
2026-06-04 14:58:58,649 - mmdet - INFO - Epoch [5][450/1652]	lr: 1.000e-03, eta: 2:14:44, time: 0.619, data_time: 0.052, memory: 6023, bbox_loss: 0.3950, cls_loss: 0.2428, loss: 0.6378, grad_norm: 2.8497
2026-06-04 14:59:30,257 - mmdet - INFO - Epoch [5][500/1652]	lr: 1.000e-03, eta: 2:14:13, time: 0.632, data_time: 0.053, memory: 6023, bbox_loss: 0.4043, cls_loss: 0.2503, loss: 0.6546, grad_norm: 2.8790
2026-06-04 15:00:01,542 - mmdet - INFO - Epoch [5][550/1652]	lr: 1.000e-03, eta: 2:13:40, time: 0.626, data_time: 0.054, memory: 6023, bbox_loss: 0.3988, cls_loss: 0.2522, loss: 0.6509, grad_norm: 3.0331
2026-06-04 15:00:32,651 - mmdet - INFO - Epoch [5][600/1652]	lr: 1.000e-03, eta: 2:13:08, time: 0.622, data_time: 0.052, memory: 6023, bbox_loss: 0.4044, cls_loss: 0.2555, loss: 0.6600, grad_norm: 3.0703
2026-06-04 15:01:04,081 - mmdet - INFO - Epoch [5][650/1652]	lr: 1.000e-03, eta: 2:12:35, time: 0.629, data_time: 0.052, memory: 6023, bbox_loss: 0.3977, cls_loss: 0.2521, loss: 0.6499, grad_norm: 3.0195
2026-06-04 15:01:35,536 - mmdet - INFO - Epoch [5][700/1652]	lr: 1.000e-03, eta: 2:12:03, time: 0.629, data_time: 0.051, memory: 6023, bbox_loss: 0.3999, cls_loss: 0.2432, loss: 0.6430, grad_norm: 2.9042
2026-06-04 15:02:06,938 - mmdet - INFO - Epoch [5][750/1652]	lr: 1.000e-03, eta: 2:11:31, time: 0.628, data_time: 0.052, memory: 6023, bbox_loss: 0.4054, cls_loss: 0.2482, loss: 0.6537, grad_norm: 2.3913
2026-06-04 15:02:38,204 - mmdet - INFO - Epoch [5][800/1652]	lr: 1.000e-03, eta: 2:10:59, time: 0.625, data_time: 0.052, memory: 6023, bbox_loss: 0.4061, cls_loss: 0.2546, loss: 0.6607, grad_norm: 2.6913
2026-06-04 15:03:09,136 - mmdet - INFO - Epoch [5][850/1652]	lr: 1.000e-03, eta: 2:10:26, time: 0.619, data_time: 0.052, memory: 6023, bbox_loss: 0.3829, cls_loss: 0.2385, loss: 0.6214, grad_norm: 2.9576
2026-06-04 15:03:40,595 - mmdet - INFO - Epoch [5][900/1652]	lr: 1.000e-03, eta: 2:09:54, time: 0.629, data_time: 0.051, memory: 6023, bbox_loss: 0.3989, cls_loss: 0.2533, loss: 0.6522, grad_norm: 2.8720
2026-06-04 15:04:14,236 - mmdet - INFO - Epoch [5][950/1652]	lr: 1.000e-03, eta: 2:09:26, time: 0.673, data_time: 0.053, memory: 6023, bbox_loss: 0.4011, cls_loss: 0.2444, loss: 0.6454, grad_norm: 3.1364
2026-06-04 15:04:47,712 - mmdet - INFO - Epoch [5][1000/1652]	lr: 1.000e-03, eta: 2:08:57, time: 0.670, data_time: 0.054, memory: 6023, bbox_loss: 0.3944, cls_loss: 0.2375, loss: 0.6319, grad_norm: 3.2424
2026-06-04 15:05:20,998 - mmdet - INFO - Epoch [5][1050/1652]	lr: 1.000e-03, eta: 2:08:28, time: 0.666, data_time: 0.053, memory: 6023, bbox_loss: 0.3985, cls_loss: 0.2412, loss: 0.6397, grad_norm: 2.7502
2026-06-04 15:05:55,129 - mmdet - INFO - Epoch [5][1100/1652]	lr: 1.000e-03, eta: 2:08:00, time: 0.683, data_time: 0.053, memory: 6023, bbox_loss: 0.3915, cls_loss: 0.2421, loss: 0.6336, grad_norm: 2.5527
2026-06-04 15:06:28,365 - mmdet - INFO - Epoch [5][1150/1652]	lr: 1.000e-03, eta: 2:07:31, time: 0.665, data_time: 0.052, memory: 6023, bbox_loss: 0.4056, cls_loss: 0.2355, loss: 0.6411, grad_norm: 2.8649
2026-06-04 15:07:00,223 - mmdet - INFO - Epoch [5][1200/1652]	lr: 1.000e-03, eta: 2:06:59, time: 0.637, data_time: 0.052, memory: 6023, bbox_loss: 0.3986, cls_loss: 0.2469, loss: 0.6455, grad_norm: 2.6521
2026-06-04 15:07:31,466 - mmdet - INFO - Epoch [5][1250/1652]	lr: 1.000e-03, eta: 2:06:27, time: 0.625, data_time: 0.052, memory: 6023, bbox_loss: 0.3942, cls_loss: 0.2423, loss: 0.6365, grad_norm: 2.8969
2026-06-04 15:08:03,025 - mmdet - INFO - Epoch [5][1300/1652]	lr: 1.000e-03, eta: 2:05:55, time: 0.631, data_time: 0.051, memory: 6023, bbox_loss: 0.3954, cls_loss: 0.2468, loss: 0.6422, grad_norm: 2.6333
2026-06-04 15:08:34,255 - mmdet - INFO - Epoch [5][1350/1652]	lr: 1.000e-03, eta: 2:05:23, time: 0.625, data_time: 0.052, memory: 6023, bbox_loss: 0.4029, cls_loss: 0.2329, loss: 0.6358, grad_norm: 2.4802
2026-06-04 15:09:05,972 - mmdet - INFO - Epoch [5][1400/1652]	lr: 1.000e-03, eta: 2:04:51, time: 0.634, data_time: 0.054, memory: 6023, bbox_loss: 0.3899, cls_loss: 0.2389, loss: 0.6288, grad_norm: 2.7648
2026-06-04 15:09:37,660 - mmdet - INFO - Epoch [5][1450/1652]	lr: 1.000e-03, eta: 2:04:19, time: 0.634, data_time: 0.053, memory: 6023, bbox_loss: 0.3980, cls_loss: 0.2460, loss: 0.6441, grad_norm: 2.5306
2026-06-04 15:10:09,925 - mmdet - INFO - Epoch [5][1500/1652]	lr: 1.000e-03, eta: 2:03:48, time: 0.645, data_time: 0.053, memory: 6023, bbox_loss: 0.4045, cls_loss: 0.2495, loss: 0.6541, grad_norm: 2.3469
2026-06-04 15:10:43,450 - mmdet - INFO - Epoch [5][1550/1652]	lr: 1.000e-03, eta: 2:03:19, time: 0.670, data_time: 0.053, memory: 6023, bbox_loss: 0.3850, cls_loss: 0.2307, loss: 0.6156, grad_norm: 2.7116
2026-06-04 15:11:16,931 - mmdet - INFO - Epoch [5][1600/1652]	lr: 1.000e-03, eta: 2:02:50, time: 0.670, data_time: 0.054, memory: 6023, bbox_loss: 0.3985, cls_loss: 0.2470, loss: 0.6455, grad_norm: 2.5657
2026-06-04 15:11:50,075 - mmdet - INFO - Epoch [5][1650/1652]	lr: 1.000e-03, eta: 2:02:20, time: 0.663, data_time: 0.051, memory: 6023, bbox_loss: 0.3972, cls_loss: 0.2423, loss: 0.6395, grad_norm: 2.9903
2026-06-04 15:11:51,423 - mmdet - INFO - Saving checkpoint at 5 epochs
2026-06-04 15:12:26,459 - mmdet - INFO - Epoch [6][50/1652]	lr: 1.000e-03, eta: 2:01:49, time: 0.689, data_time: 0.100, memory: 6023, bbox_loss: 0.3922, cls_loss: 0.2337, loss: 0.6259, grad_norm: 2.2801
2026-06-04 15:12:59,600 - mmdet - INFO - Epoch [6][100/1652]	lr: 1.000e-03, eta: 2:01:20, time: 0.663, data_time: 0.050, memory: 6023, bbox_loss: 0.4004, cls_loss: 0.2472, loss: 0.6476, grad_norm: 2.3076
2026-06-04 15:13:32,846 - mmdet - INFO - Epoch [6][150/1652]	lr: 1.000e-03, eta: 2:00:50, time: 0.665, data_time: 0.054, memory: 6023, bbox_loss: 0.3874, cls_loss: 0.2339, loss: 0.6213, grad_norm: 2.4011
2026-06-04 15:14:06,805 - mmdet - INFO - Epoch [6][200/1652]	lr: 1.000e-03, eta: 2:00:21, time: 0.679, data_time: 0.057, memory: 6023, bbox_loss: 0.3872, cls_loss: 0.2291, loss: 0.6163, grad_norm: 2.5935
2026-06-04 15:14:40,222 - mmdet - INFO - Epoch [6][250/1652]	lr: 1.000e-03, eta: 1:59:51, time: 0.668, data_time: 0.050, memory: 6023, bbox_loss: 0.3911, cls_loss: 0.2329, loss: 0.6240, grad_norm: 2.5828
2026-06-04 15:15:14,265 - mmdet - INFO - Epoch [6][300/1652]	lr: 1.000e-03, eta: 1:59:23, time: 0.681, data_time: 0.053, memory: 6023, bbox_loss: 0.3896, cls_loss: 0.2338, loss: 0.6234, grad_norm: 2.8670
2026-06-04 15:15:47,306 - mmdet - INFO - Epoch [6][350/1652]	lr: 1.000e-03, eta: 1:58:52, time: 0.661, data_time: 0.053, memory: 6023, bbox_loss: 0.3975, cls_loss: 0.2370, loss: 0.6346, grad_norm: 2.6083
2026-06-04 15:16:18,502 - mmdet - INFO - Epoch [6][400/1652]	lr: 1.000e-03, eta: 1:58:20, time: 0.624, data_time: 0.053, memory: 6023, bbox_loss: 0.3844, cls_loss: 0.2289, loss: 0.6133, grad_norm: 2.8217
2026-06-04 15:16:50,028 - mmdet - INFO - Epoch [6][450/1652]	lr: 1.000e-03, eta: 1:57:48, time: 0.631, data_time: 0.053, memory: 6023, bbox_loss: 0.3918, cls_loss: 0.2340, loss: 0.6258, grad_norm: 2.5978
2026-06-04 15:17:21,403 - mmdet - INFO - Epoch [6][500/1652]	lr: 1.000e-03, eta: 1:57:15, time: 0.628, data_time: 0.049, memory: 6023, bbox_loss: 0.3966, cls_loss: 0.2486, loss: 0.6452, grad_norm: 2.3289
2026-06-04 15:17:52,722 - mmdet - INFO - Epoch [6][550/1652]	lr: 1.000e-03, eta: 1:56:43, time: 0.626, data_time: 0.052, memory: 6023, bbox_loss: 0.3877, cls_loss: 0.2358, loss: 0.6234, grad_norm: 2.6825
2026-06-04 15:18:25,872 - mmdet - INFO - Epoch [6][600/1652]	lr: 1.000e-03, eta: 1:56:13, time: 0.663, data_time: 0.052, memory: 6023, bbox_loss: 0.3956, cls_loss: 0.2343, loss: 0.6299, grad_norm: 2.5207
2026-06-04 15:18:58,827 - mmdet - INFO - Epoch [6][650/1652]	lr: 1.000e-03, eta: 1:55:42, time: 0.659, data_time: 0.052, memory: 6023, bbox_loss: 0.3918, cls_loss: 0.2358, loss: 0.6276, grad_norm: 2.4950
2026-06-04 15:19:31,606 - mmdet - INFO - Epoch [6][700/1652]	lr: 1.000e-03, eta: 1:55:12, time: 0.656, data_time: 0.052, memory: 6023, bbox_loss: 0.3931, cls_loss: 0.2374, loss: 0.6305, grad_norm: 2.8137
2026-06-04 15:20:05,765 - mmdet - INFO - Epoch [6][750/1652]	lr: 1.000e-03, eta: 1:54:43, time: 0.683, data_time: 0.053, memory: 6023, bbox_loss: 0.3898, cls_loss: 0.2363, loss: 0.6262, grad_norm: 2.5647
2026-06-04 15:20:38,907 - mmdet - INFO - Epoch [6][800/1652]	lr: 1.000e-03, eta: 1:54:13, time: 0.663, data_time: 0.052, memory: 6023, bbox_loss: 0.3886, cls_loss: 0.2375, loss: 0.6261, grad_norm: 2.3332
2026-06-04 15:21:12,000 - mmdet - INFO - Epoch [6][850/1652]	lr: 1.000e-03, eta: 1:53:42, time: 0.662, data_time: 0.052, memory: 6023, bbox_loss: 0.3932, cls_loss: 0.2325, loss: 0.6257, grad_norm: 2.6009
2026-06-04 15:21:43,163 - mmdet - INFO - Epoch [6][900/1652]	lr: 1.000e-03, eta: 1:53:10, time: 0.623, data_time: 0.052, memory: 6023, bbox_loss: 0.3895, cls_loss: 0.2335, loss: 0.6230, grad_norm: 2.5497
2026-06-04 15:22:14,481 - mmdet - INFO - Epoch [6][950/1652]	lr: 1.000e-03, eta: 1:52:37, time: 0.626, data_time: 0.052, memory: 6023, bbox_loss: 0.3829, cls_loss: 0.2245, loss: 0.6074, grad_norm: 2.8561
2026-06-04 15:22:47,264 - mmdet - INFO - Epoch [6][1000/1652]	lr: 1.000e-03, eta: 1:52:06, time: 0.656, data_time: 0.051, memory: 6023, bbox_loss: 0.3861, cls_loss: 0.2289, loss: 0.6150, grad_norm: 2.4855
2026-06-04 15:23:20,971 - mmdet - INFO - Epoch [6][1050/1652]	lr: 1.000e-03, eta: 1:51:37, time: 0.674, data_time: 0.054, memory: 6023, bbox_loss: 0.3972, cls_loss: 0.2442, loss: 0.6414, grad_norm: 2.2136
2026-06-04 15:23:53,649 - mmdet - INFO - Epoch [6][1100/1652]	lr: 1.000e-03, eta: 1:51:06, time: 0.654, data_time: 0.054, memory: 6023, bbox_loss: 0.3949, cls_loss: 0.2395, loss: 0.6344, grad_norm: 2.5873
2026-06-04 15:24:24,710 - mmdet - INFO - Epoch [6][1150/1652]	lr: 1.000e-03, eta: 1:50:33, time: 0.621, data_time: 0.052, memory: 6023, bbox_loss: 0.3964, cls_loss: 0.2335, loss: 0.6299, grad_norm: 2.7623
2026-06-04 15:24:55,979 - mmdet - INFO - Epoch [6][1200/1652]	lr: 1.000e-03, eta: 1:50:01, time: 0.625, data_time: 0.052, memory: 6023, bbox_loss: 0.3903, cls_loss: 0.2400, loss: 0.6303, grad_norm: 2.3408
2026-06-04 15:25:27,903 - mmdet - INFO - Epoch [6][1250/1652]	lr: 1.000e-03, eta: 1:49:29, time: 0.638, data_time: 0.056, memory: 6023, bbox_loss: 0.3892, cls_loss: 0.2283, loss: 0.6175, grad_norm: 2.2490
2026-06-04 15:25:59,500 - mmdet - INFO - Epoch [6][1300/1652]	lr: 1.000e-03, eta: 1:48:57, time: 0.632, data_time: 0.051, memory: 6023, bbox_loss: 0.3995, cls_loss: 0.2439, loss: 0.6434, grad_norm: 4.8725
2026-06-04 15:26:31,095 - mmdet - INFO - Epoch [6][1350/1652]	lr: 1.000e-03, eta: 1:48:25, time: 0.632, data_time: 0.051, memory: 6023, bbox_loss: 0.3887, cls_loss: 0.2300, loss: 0.6187, grad_norm: 2.2350
2026-06-04 15:27:02,896 - mmdet - INFO - Epoch [6][1400/1652]	lr: 1.000e-03, eta: 1:47:53, time: 0.636, data_time: 0.052, memory: 6023, bbox_loss: 0.3831, cls_loss: 0.2312, loss: 0.6144, grad_norm: 2.4770
2026-06-04 15:27:34,119 - mmdet - INFO - Epoch [6][1450/1652]	lr: 1.000e-03, eta: 1:47:20, time: 0.624, data_time: 0.050, memory: 6023, bbox_loss: 0.3801, cls_loss: 0.2367, loss: 0.6168, grad_norm: 2.5864
2026-06-04 15:28:07,165 - mmdet - INFO - Epoch [6][1500/1652]	lr: 1.000e-03, eta: 1:46:50, time: 0.661, data_time: 0.052, memory: 6023, bbox_loss: 0.3802, cls_loss: 0.2272, loss: 0.6073, grad_norm: 2.4753
2026-06-04 15:28:40,672 - mmdet - INFO - Epoch [6][1550/1652]	lr: 1.000e-03, eta: 1:46:19, time: 0.670, data_time: 0.053, memory: 6023, bbox_loss: 0.3770, cls_loss: 0.2263, loss: 0.6033, grad_norm: 2.3734
2026-06-04 15:29:14,091 - mmdet - INFO - Epoch [6][1600/1652]	lr: 1.000e-03, eta: 1:45:49, time: 0.668, data_time: 0.051, memory: 6023, bbox_loss: 0.3909, cls_loss: 0.2333, loss: 0.6242, grad_norm: 2.4914
2026-06-04 15:29:47,731 - mmdet - INFO - Epoch [6][1650/1652]	lr: 1.000e-03, eta: 1:45:19, time: 0.673, data_time: 0.054, memory: 6023, bbox_loss: 0.3799, cls_loss: 0.2278, loss: 0.6077, grad_norm: 2.4738
2026-06-04 15:29:49,138 - mmdet - INFO - Saving checkpoint at 6 epochs
2026-06-04 15:30:25,667 - mmdet - INFO - Epoch [7][50/1652]	lr: 1.000e-03, eta: 1:44:49, time: 0.716, data_time: 0.103, memory: 6023, bbox_loss: 0.3850, cls_loss: 0.2356, loss: 0.6205, grad_norm: 2.2488
2026-06-04 15:30:59,229 - mmdet - INFO - Epoch [7][100/1652]	lr: 1.000e-03, eta: 1:44:18, time: 0.671, data_time: 0.054, memory: 6023, bbox_loss: 0.3865, cls_loss: 0.2401, loss: 0.6267, grad_norm: 2.4132
2026-06-04 15:31:31,345 - mmdet - INFO - Epoch [7][150/1652]	lr: 1.000e-03, eta: 1:43:47, time: 0.642, data_time: 0.054, memory: 6023, bbox_loss: 0.3781, cls_loss: 0.2168, loss: 0.5949, grad_norm: 2.6812
2026-06-04 15:32:02,758 - mmdet - INFO - Epoch [7][200/1652]	lr: 1.000e-03, eta: 1:43:14, time: 0.628, data_time: 0.053, memory: 6023, bbox_loss: 0.3825, cls_loss: 0.2270, loss: 0.6095, grad_norm: 2.4235
2026-06-04 15:32:34,352 - mmdet - INFO - Epoch [7][250/1652]	lr: 1.000e-03, eta: 1:42:42, time: 0.632, data_time: 0.052, memory: 6023, bbox_loss: 0.3819, cls_loss: 0.2283, loss: 0.6102, grad_norm: 2.2966
2026-06-04 15:33:05,545 - mmdet - INFO - Epoch [7][300/1652]	lr: 1.000e-03, eta: 1:42:10, time: 0.624, data_time: 0.051, memory: 6023, bbox_loss: 0.3827, cls_loss: 0.2272, loss: 0.6099, grad_norm: 2.5408
2026-06-04 15:33:37,026 - mmdet - INFO - Epoch [7][350/1652]	lr: 1.000e-03, eta: 1:41:37, time: 0.630, data_time: 0.053, memory: 6023, bbox_loss: 0.3738, cls_loss: 0.2258, loss: 0.5996, grad_norm: 2.3933
2026-06-04 15:34:08,832 - mmdet - INFO - Epoch [7][400/1652]	lr: 1.000e-03, eta: 1:41:05, time: 0.636, data_time: 0.055, memory: 6023, bbox_loss: 0.3887, cls_loss: 0.2361, loss: 0.6247, grad_norm: 2.1198
2026-06-04 15:34:39,851 - mmdet - INFO - Epoch [7][450/1652]	lr: 1.000e-03, eta: 1:40:33, time: 0.620, data_time: 0.053, memory: 6023, bbox_loss: 0.3850, cls_loss: 0.2322, loss: 0.6172, grad_norm: 2.1098
2026-06-04 15:35:10,885 - mmdet - INFO - Epoch [7][500/1652]	lr: 1.000e-03, eta: 1:40:00, time: 0.621, data_time: 0.052, memory: 6023, bbox_loss: 0.3778, cls_loss: 0.2238, loss: 0.6016, grad_norm: 2.5777
2026-06-04 15:35:42,021 - mmdet - INFO - Epoch [7][550/1652]	lr: 1.000e-03, eta: 1:39:27, time: 0.623, data_time: 0.053, memory: 6023, bbox_loss: 0.3782, cls_loss: 0.2187, loss: 0.5969, grad_norm: 2.3615
2026-06-04 15:36:13,682 - mmdet - INFO - Epoch [7][600/1652]	lr: 1.000e-03, eta: 1:38:55, time: 0.633, data_time: 0.053, memory: 6023, bbox_loss: 0.3821, cls_loss: 0.2330, loss: 0.6151, grad_norm: 2.2785
2026-06-04 15:36:44,693 - mmdet - INFO - Epoch [7][650/1652]	lr: 1.000e-03, eta: 1:38:23, time: 0.620, data_time: 0.050, memory: 6023, bbox_loss: 0.3793, cls_loss: 0.2251, loss: 0.6044, grad_norm: 2.2415
2026-06-04 15:37:16,235 - mmdet - INFO - Epoch [7][700/1652]	lr: 1.000e-03, eta: 1:37:51, time: 0.631, data_time: 0.052, memory: 6023, bbox_loss: 0.3854, cls_loss: 0.2282, loss: 0.6135, grad_norm: 2.3800
2026-06-04 15:37:47,499 - mmdet - INFO - Epoch [7][750/1652]	lr: 1.000e-03, eta: 1:37:18, time: 0.625, data_time: 0.053, memory: 6023, bbox_loss: 0.3801, cls_loss: 0.2278, loss: 0.6079, grad_norm: 2.2844
2026-06-04 15:38:18,713 - mmdet - INFO - Epoch [7][800/1652]	lr: 1.000e-03, eta: 1:36:46, time: 0.624, data_time: 0.052, memory: 6023, bbox_loss: 0.3838, cls_loss: 0.2274, loss: 0.6112, grad_norm: 2.2670
2026-06-04 15:38:50,063 - mmdet - INFO - Epoch [7][850/1652]	lr: 1.000e-03, eta: 1:36:14, time: 0.627, data_time: 0.051, memory: 6023, bbox_loss: 0.3800, cls_loss: 0.2290, loss: 0.6091, grad_norm: 2.1131
2026-06-04 15:39:21,281 - mmdet - INFO - Epoch [7][900/1652]	lr: 1.000e-03, eta: 1:35:41, time: 0.624, data_time: 0.054, memory: 6023, bbox_loss: 0.3751, cls_loss: 0.2145, loss: 0.5895, grad_norm: 2.4004
2026-06-04 15:39:52,879 - mmdet - INFO - Epoch [7][950/1652]	lr: 1.000e-03, eta: 1:35:09, time: 0.632, data_time: 0.053, memory: 6023, bbox_loss: 0.3814, cls_loss: 0.2273, loss: 0.6087, grad_norm: 2.2728
2026-06-04 15:40:24,406 - mmdet - INFO - Epoch [7][1000/1652]	lr: 1.000e-03, eta: 1:34:37, time: 0.631, data_time: 0.052, memory: 6023, bbox_loss: 0.3795, cls_loss: 0.2218, loss: 0.6013, grad_norm: 2.4333
2026-06-04 15:40:55,583 - mmdet - INFO - Epoch [7][1050/1652]	lr: 1.000e-03, eta: 1:34:05, time: 0.624, data_time: 0.053, memory: 6023, bbox_loss: 0.3839, cls_loss: 0.2264, loss: 0.6103, grad_norm: 2.4642
2026-06-04 15:41:27,618 - mmdet - INFO - Epoch [7][1100/1652]	lr: 1.000e-03, eta: 1:33:33, time: 0.641, data_time: 0.053, memory: 6023, bbox_loss: 0.3854, cls_loss: 0.2348, loss: 0.6202, grad_norm: 2.4960
2026-06-04 15:41:59,115 - mmdet - INFO - Epoch [7][1150/1652]	lr: 1.000e-03, eta: 1:33:01, time: 0.630, data_time: 0.054, memory: 6023, bbox_loss: 0.3853, cls_loss: 0.2361, loss: 0.6214, grad_norm: 2.4019
2026-06-04 15:42:30,542 - mmdet - INFO - Epoch [7][1200/1652]	lr: 1.000e-03, eta: 1:32:29, time: 0.629, data_time: 0.052, memory: 6023, bbox_loss: 0.3776, cls_loss: 0.2222, loss: 0.5998, grad_norm: 2.3117
2026-06-04 15:43:01,543 - mmdet - INFO - Epoch [7][1250/1652]	lr: 1.000e-03, eta: 1:31:56, time: 0.620, data_time: 0.051, memory: 6023, bbox_loss: 0.3819, cls_loss: 0.2281, loss: 0.6100, grad_norm: 2.3300
2026-06-04 15:43:33,199 - mmdet - INFO - Epoch [7][1300/1652]	lr: 1.000e-03, eta: 1:31:24, time: 0.633, data_time: 0.054, memory: 6023, bbox_loss: 0.3696, cls_loss: 0.2191, loss: 0.5887, grad_norm: 2.1474
2026-06-04 15:44:04,329 - mmdet - INFO - Epoch [7][1350/1652]	lr: 1.000e-03, eta: 1:30:52, time: 0.623, data_time: 0.053, memory: 6023, bbox_loss: 0.3764, cls_loss: 0.2228, loss: 0.5992, grad_norm: 2.2985
2026-06-04 15:44:35,930 - mmdet - INFO - Epoch [7][1400/1652]	lr: 1.000e-03, eta: 1:30:20, time: 0.632, data_time: 0.051, memory: 6023, bbox_loss: 0.3737, cls_loss: 0.2234, loss: 0.5972, grad_norm: 2.3103
2026-06-04 15:45:07,704 - mmdet - INFO - Epoch [7][1450/1652]	lr: 1.000e-03, eta: 1:29:48, time: 0.635, data_time: 0.052, memory: 6023, bbox_loss: 0.3845, cls_loss: 0.2339, loss: 0.6184, grad_norm: 2.4044
2026-06-04 15:45:39,044 - mmdet - INFO - Epoch [7][1500/1652]	lr: 1.000e-03, eta: 1:29:16, time: 0.627, data_time: 0.055, memory: 6023, bbox_loss: 0.3818, cls_loss: 0.2223, loss: 0.6041, grad_norm: 2.1782
2026-06-04 15:46:10,745 - mmdet - INFO - Epoch [7][1550/1652]	lr: 1.000e-03, eta: 1:28:44, time: 0.634, data_time: 0.052, memory: 6023, bbox_loss: 0.3859, cls_loss: 0.2276, loss: 0.6135, grad_norm: 2.4227
2026-06-04 15:46:41,964 - mmdet - INFO - Epoch [7][1600/1652]	lr: 1.000e-03, eta: 1:28:11, time: 0.624, data_time: 0.052, memory: 6023, bbox_loss: 0.3835, cls_loss: 0.2272, loss: 0.6107, grad_norm: 1.8651
2026-06-04 15:47:14,623 - mmdet - INFO - Epoch [7][1650/1652]	lr: 1.000e-03, eta: 1:27:40, time: 0.653, data_time: 0.053, memory: 6023, bbox_loss: 0.3838, cls_loss: 0.2242, loss: 0.6081, grad_norm: 2.1264
2026-06-04 15:47:16,058 - mmdet - INFO - Saving checkpoint at 7 epochs
2026-06-04 15:47:51,619 - mmdet - INFO - Epoch [8][50/1652]	lr: 1.000e-03, eta: 1:27:08, time: 0.700, data_time: 0.102, memory: 6023, bbox_loss: 0.3743, cls_loss: 0.2224, loss: 0.5967, grad_norm: 2.1604
2026-06-04 15:48:25,332 - mmdet - INFO - Epoch [8][100/1652]	lr: 1.000e-03, eta: 1:26:38, time: 0.674, data_time: 0.052, memory: 6023, bbox_loss: 0.3731, cls_loss: 0.2156, loss: 0.5888, grad_norm: 2.3728
2026-06-04 15:48:58,460 - mmdet - INFO - Epoch [8][150/1652]	lr: 1.000e-03, eta: 1:26:07, time: 0.663, data_time: 0.050, memory: 6023, bbox_loss: 0.3736, cls_loss: 0.2210, loss: 0.5946, grad_norm: 2.1755
2026-06-04 15:49:29,409 - mmdet - INFO - Epoch [8][200/1652]	lr: 1.000e-03, eta: 1:25:34, time: 0.619, data_time: 0.051, memory: 6023, bbox_loss: 0.3787, cls_loss: 0.2271, loss: 0.6057, grad_norm: 2.2912
2026-06-04 15:50:00,981 - mmdet - INFO - Epoch [8][250/1652]	lr: 1.000e-03, eta: 1:25:02, time: 0.631, data_time: 0.053, memory: 6023, bbox_loss: 0.3796, cls_loss: 0.2194, loss: 0.5990, grad_norm: 1.9949
2026-06-04 15:50:32,948 - mmdet - INFO - Epoch [8][300/1652]	lr: 1.000e-03, eta: 1:24:30, time: 0.639, data_time: 0.052, memory: 6023, bbox_loss: 0.3715, cls_loss: 0.2174, loss: 0.5888, grad_norm: 2.1789
2026-06-04 15:51:04,974 - mmdet - INFO - Epoch [8][350/1652]	lr: 1.000e-03, eta: 1:23:59, time: 0.641, data_time: 0.052, memory: 6023, bbox_loss: 0.3839, cls_loss: 0.2286, loss: 0.6125, grad_norm: 1.9852
2026-06-04 15:51:36,090 - mmdet - INFO - Epoch [8][400/1652]	lr: 1.000e-03, eta: 1:23:26, time: 0.622, data_time: 0.051, memory: 6023, bbox_loss: 0.3843, cls_loss: 0.2239, loss: 0.6082, grad_norm: 2.1744
2026-06-04 15:52:08,052 - mmdet - INFO - Epoch [8][450/1652]	lr: 1.000e-03, eta: 1:22:55, time: 0.639, data_time: 0.053, memory: 6023, bbox_loss: 0.3679, cls_loss: 0.2125, loss: 0.5804, grad_norm: 2.0894
2026-06-04 15:52:41,463 - mmdet - INFO - Epoch [8][500/1652]	lr: 1.000e-03, eta: 1:22:24, time: 0.668, data_time: 0.054, memory: 6023, bbox_loss: 0.3746, cls_loss: 0.2206, loss: 0.5953, grad_norm: 1.8992
2026-06-04 15:53:15,007 - mmdet - INFO - Epoch [8][550/1652]	lr: 1.000e-03, eta: 1:21:53, time: 0.671, data_time: 0.053, memory: 6023, bbox_loss: 0.3779, cls_loss: 0.2226, loss: 0.6005, grad_norm: 1.9702
2026-06-04 15:53:48,375 - mmdet - INFO - Epoch [8][600/1652]	lr: 1.000e-03, eta: 1:21:22, time: 0.667, data_time: 0.052, memory: 6023, bbox_loss: 0.3699, cls_loss: 0.2160, loss: 0.5859, grad_norm: 2.1112
2026-06-04 15:54:21,866 - mmdet - INFO - Epoch [8][650/1652]	lr: 1.000e-03, eta: 1:20:51, time: 0.670, data_time: 0.053, memory: 6023, bbox_loss: 0.3684, cls_loss: 0.2195, loss: 0.5880, grad_norm: 2.3418
2026-06-04 15:54:55,282 - mmdet - INFO - Epoch [8][700/1652]	lr: 1.000e-03, eta: 1:20:20, time: 0.668, data_time: 0.053, memory: 6023, bbox_loss: 0.3787, cls_loss: 0.2165, loss: 0.5952, grad_norm: 2.0924
2026-06-04 15:55:28,182 - mmdet - INFO - Epoch [8][750/1652]	lr: 1.000e-03, eta: 1:19:49, time: 0.658, data_time: 0.054, memory: 6023, bbox_loss: 0.3669, cls_loss: 0.2172, loss: 0.5841, grad_norm: 2.2865
2026-06-04 15:56:01,450 - mmdet - INFO - Epoch [8][800/1652]	lr: 1.000e-03, eta: 1:19:18, time: 0.665, data_time: 0.052, memory: 6023, bbox_loss: 0.3751, cls_loss: 0.2235, loss: 0.5986, grad_norm: 2.0415
2026-06-04 15:56:34,969 - mmdet - INFO - Epoch [8][850/1652]	lr: 1.000e-03, eta: 1:18:47, time: 0.670, data_time: 0.054, memory: 6023, bbox_loss: 0.3797, cls_loss: 0.2246, loss: 0.6043, grad_norm: 2.2561
2026-06-04 15:57:08,498 - mmdet - INFO - Epoch [8][900/1652]	lr: 1.000e-03, eta: 1:18:16, time: 0.671, data_time: 0.055, memory: 6023, bbox_loss: 0.3755, cls_loss: 0.2177, loss: 0.5931, grad_norm: 2.1662
2026-06-04 15:57:42,720 - mmdet - INFO - Epoch [8][950/1652]	lr: 1.000e-03, eta: 1:17:46, time: 0.684, data_time: 0.055, memory: 6023, bbox_loss: 0.3792, cls_loss: 0.2173, loss: 0.5965, grad_norm: 2.2954
2026-06-04 15:58:16,315 - mmdet - INFO - Epoch [8][1000/1652]	lr: 1.000e-03, eta: 1:17:15, time: 0.672, data_time: 0.053, memory: 6023, bbox_loss: 0.3787, cls_loss: 0.2217, loss: 0.6004, grad_norm: 1.9909
2026-06-04 15:58:49,900 - mmdet - INFO - Epoch [8][1050/1652]	lr: 1.000e-03, eta: 1:16:44, time: 0.672, data_time: 0.053, memory: 6023, bbox_loss: 0.3896, cls_loss: 0.2300, loss: 0.6196, grad_norm: 2.0359
2026-06-04 15:59:21,748 - mmdet - INFO - Epoch [8][1100/1652]	lr: 1.000e-03, eta: 1:16:12, time: 0.637, data_time: 0.053, memory: 6023, bbox_loss: 0.3799, cls_loss: 0.2230, loss: 0.6029, grad_norm: 2.0470
2026-06-04 15:59:52,921 - mmdet - INFO - Epoch [8][1150/1652]	lr: 1.000e-03, eta: 1:15:39, time: 0.623, data_time: 0.053, memory: 6023, bbox_loss: 0.3743, cls_loss: 0.2195, loss: 0.5938, grad_norm: 2.0251
2026-06-04 16:00:24,557 - mmdet - INFO - Epoch [8][1200/1652]	lr: 1.000e-03, eta: 1:15:07, time: 0.633, data_time: 0.051, memory: 6023, bbox_loss: 0.3763, cls_loss: 0.2226, loss: 0.5988, grad_norm: 2.1708
2026-06-04 16:00:56,345 - mmdet - INFO - Epoch [8][1250/1652]	lr: 1.000e-03, eta: 1:14:35, time: 0.636, data_time: 0.052, memory: 6023, bbox_loss: 0.3757, cls_loss: 0.2298, loss: 0.6055, grad_norm: 2.0522
2026-06-04 16:01:28,029 - mmdet - INFO - Epoch [8][1300/1652]	lr: 1.000e-03, eta: 1:14:03, time: 0.634, data_time: 0.052, memory: 6023, bbox_loss: 0.3668, cls_loss: 0.2126, loss: 0.5793, grad_norm: 2.1282
2026-06-04 16:01:59,439 - mmdet - INFO - Epoch [8][1350/1652]	lr: 1.000e-03, eta: 1:13:31, time: 0.628, data_time: 0.055, memory: 6023, bbox_loss: 0.3777, cls_loss: 0.2134, loss: 0.5911, grad_norm: 2.3361
2026-06-04 16:02:31,294 - mmdet - INFO - Epoch [8][1400/1652]	lr: 1.000e-03, eta: 1:12:59, time: 0.637, data_time: 0.053, memory: 6023, bbox_loss: 0.3594, cls_loss: 0.2124, loss: 0.5717, grad_norm: 1.9559
2026-06-04 16:03:04,391 - mmdet - INFO - Epoch [8][1450/1652]	lr: 1.000e-03, eta: 1:12:28, time: 0.662, data_time: 0.054, memory: 6023, bbox_loss: 0.3722, cls_loss: 0.2166, loss: 0.5889, grad_norm: 1.9555
2026-06-04 16:03:36,741 - mmdet - INFO - Epoch [8][1500/1652]	lr: 1.000e-03, eta: 1:11:56, time: 0.647, data_time: 0.053, memory: 6023, bbox_loss: 0.3735, cls_loss: 0.2175, loss: 0.5909, grad_norm: 2.0951
2026-06-04 16:04:08,506 - mmdet - INFO - Epoch [8][1550/1652]	lr: 1.000e-03, eta: 1:11:24, time: 0.635, data_time: 0.052, memory: 6023, bbox_loss: 0.3701, cls_loss: 0.2195, loss: 0.5897, grad_norm: 2.0514
2026-06-04 16:04:39,692 - mmdet - INFO - Epoch [8][1600/1652]	lr: 1.000e-03, eta: 1:10:52, time: 0.624, data_time: 0.052, memory: 6023, bbox_loss: 0.3797, cls_loss: 0.2217, loss: 0.6014, grad_norm: 2.0067
2026-06-04 16:05:11,125 - mmdet - INFO - Epoch [8][1650/1652]	lr: 1.000e-03, eta: 1:10:20, time: 0.629, data_time: 0.055, memory: 6023, bbox_loss: 0.3798, cls_loss: 0.2194, loss: 0.5991, grad_norm: 2.0942
2026-06-04 16:05:12,414 - mmdet - INFO - Saving checkpoint at 8 epochs
2026-06-04 16:05:47,793 - mmdet - INFO - Epoch [9][50/1652]	lr: 1.000e-04, eta: 1:09:47, time: 0.696, data_time: 0.102, memory: 6023, bbox_loss: 0.3733, cls_loss: 0.2143, loss: 0.5876, grad_norm: 1.7492
2026-06-04 16:06:19,486 - mmdet - INFO - Epoch [9][100/1652]	lr: 1.000e-04, eta: 1:09:15, time: 0.634, data_time: 0.051, memory: 6023, bbox_loss: 0.3480, cls_loss: 0.2017, loss: 0.5497, grad_norm: 1.6477
2026-06-04 16:06:51,422 - mmdet - INFO - Epoch [9][150/1652]	lr: 1.000e-04, eta: 1:08:43, time: 0.639, data_time: 0.053, memory: 6023, bbox_loss: 0.3598, cls_loss: 0.2141, loss: 0.5738, grad_norm: 1.6548
2026-06-04 16:07:23,299 - mmdet - INFO - Epoch [9][200/1652]	lr: 1.000e-04, eta: 1:08:11, time: 0.638, data_time: 0.051, memory: 6023, bbox_loss: 0.3578, cls_loss: 0.2055, loss: 0.5633, grad_norm: 1.6986
2026-06-04 16:07:56,495 - mmdet - INFO - Epoch [9][250/1652]	lr: 1.000e-04, eta: 1:07:40, time: 0.664, data_time: 0.054, memory: 6023, bbox_loss: 0.3619, cls_loss: 0.2080, loss: 0.5698, grad_norm: 1.6157
2026-06-04 16:08:30,149 - mmdet - INFO - Epoch [9][300/1652]	lr: 1.000e-04, eta: 1:07:09, time: 0.673, data_time: 0.052, memory: 6023, bbox_loss: 0.3634, cls_loss: 0.2112, loss: 0.5747, grad_norm: 1.6366
2026-06-04 16:09:03,427 - mmdet - INFO - Epoch [9][350/1652]	lr: 1.000e-04, eta: 1:06:37, time: 0.666, data_time: 0.053, memory: 6023, bbox_loss: 0.3590, cls_loss: 0.2070, loss: 0.5660, grad_norm: 1.7920
2026-06-04 16:09:35,874 - mmdet - INFO - Epoch [9][400/1652]	lr: 1.000e-04, eta: 1:06:06, time: 0.649, data_time: 0.052, memory: 6023, bbox_loss: 0.3491, cls_loss: 0.2045, loss: 0.5536, grad_norm: 1.5593
2026-06-04 16:10:07,964 - mmdet - INFO - Epoch [9][450/1652]	lr: 1.000e-04, eta: 1:05:34, time: 0.642, data_time: 0.053, memory: 6023, bbox_loss: 0.3533, cls_loss: 0.2036, loss: 0.5569, grad_norm: 1.7811
2026-06-04 16:10:41,661 - mmdet - INFO - Epoch [9][500/1652]	lr: 1.000e-04, eta: 1:05:03, time: 0.674, data_time: 0.054, memory: 6023, bbox_loss: 0.3498, cls_loss: 0.2047, loss: 0.5545, grad_norm: 1.7896
2026-06-04 16:11:15,353 - mmdet - INFO - Epoch [9][550/1652]	lr: 1.000e-04, eta: 1:04:31, time: 0.674, data_time: 0.054, memory: 6023, bbox_loss: 0.3500, cls_loss: 0.2018, loss: 0.5518, grad_norm: 1.7219
2026-06-04 16:11:47,726 - mmdet - INFO - Epoch [9][600/1652]	lr: 1.000e-04, eta: 1:04:00, time: 0.647, data_time: 0.054, memory: 6023, bbox_loss: 0.3555, cls_loss: 0.2046, loss: 0.5602, grad_norm: 1.6281
2026-06-04 16:12:19,448 - mmdet - INFO - Epoch [9][650/1652]	lr: 1.000e-04, eta: 1:03:28, time: 0.634, data_time: 0.058, memory: 6023, bbox_loss: 0.3483, cls_loss: 0.1943, loss: 0.5426, grad_norm: 1.7390
2026-06-04 16:12:51,052 - mmdet - INFO - Epoch [9][700/1652]	lr: 1.000e-04, eta: 1:02:56, time: 0.632, data_time: 0.055, memory: 6023, bbox_loss: 0.3480, cls_loss: 0.1961, loss: 0.5441, grad_norm: 1.8559
2026-06-04 16:13:22,327 - mmdet - INFO - Epoch [9][750/1652]	lr: 1.000e-04, eta: 1:02:23, time: 0.625, data_time: 0.054, memory: 6023, bbox_loss: 0.3507, cls_loss: 0.2013, loss: 0.5520, grad_norm: 1.8961
2026-06-04 16:13:54,186 - mmdet - INFO - Epoch [9][800/1652]	lr: 1.000e-04, eta: 1:01:51, time: 0.637, data_time: 0.053, memory: 6023, bbox_loss: 0.3528, cls_loss: 0.1998, loss: 0.5526, grad_norm: 1.6242
2026-06-04 16:14:25,844 - mmdet - INFO - Epoch [9][850/1652]	lr: 1.000e-04, eta: 1:01:19, time: 0.633, data_time: 0.051, memory: 6023, bbox_loss: 0.3547, cls_loss: 0.2017, loss: 0.5565, grad_norm: 1.7931
2026-06-04 16:14:57,333 - mmdet - INFO - Epoch [9][900/1652]	lr: 1.000e-04, eta: 1:00:47, time: 0.630, data_time: 0.053, memory: 6023, bbox_loss: 0.3452, cls_loss: 0.1957, loss: 0.5409, grad_norm: 1.8378
2026-06-04 16:15:29,978 - mmdet - INFO - Epoch [9][950/1652]	lr: 1.000e-04, eta: 1:00:15, time: 0.653, data_time: 0.052, memory: 6023, bbox_loss: 0.3492, cls_loss: 0.1946, loss: 0.5438, grad_norm: 1.6246
2026-06-04 16:16:03,915 - mmdet - INFO - Epoch [9][1000/1652]	lr: 1.000e-04, eta: 0:59:44, time: 0.679, data_time: 0.053, memory: 6023, bbox_loss: 0.3511, cls_loss: 0.2045, loss: 0.5556, grad_norm: 1.6784
2026-06-04 16:16:38,034 - mmdet - INFO - Epoch [9][1050/1652]	lr: 1.000e-04, eta: 0:59:13, time: 0.682, data_time: 0.055, memory: 6023, bbox_loss: 0.3485, cls_loss: 0.1962, loss: 0.5447, grad_norm: 1.7839
2026-06-04 16:17:11,613 - mmdet - INFO - Epoch [9][1100/1652]	lr: 1.000e-04, eta: 0:58:42, time: 0.672, data_time: 0.053, memory: 6023, bbox_loss: 0.3531, cls_loss: 0.2032, loss: 0.5562, grad_norm: 1.7734
2026-06-04 16:17:43,670 - mmdet - INFO - Epoch [9][1150/1652]	lr: 1.000e-04, eta: 0:58:10, time: 0.641, data_time: 0.053, memory: 6023, bbox_loss: 0.3544, cls_loss: 0.2008, loss: 0.5552, grad_norm: 1.6926
2026-06-04 16:18:14,872 - mmdet - INFO - Epoch [9][1200/1652]	lr: 1.000e-04, eta: 0:57:38, time: 0.624, data_time: 0.053, memory: 6023, bbox_loss: 0.3477, cls_loss: 0.2009, loss: 0.5486, grad_norm: 1.7903
2026-06-04 16:18:46,550 - mmdet - INFO - Epoch [9][1250/1652]	lr: 1.000e-04, eta: 0:57:05, time: 0.634, data_time: 0.052, memory: 6023, bbox_loss: 0.3518, cls_loss: 0.2006, loss: 0.5524, grad_norm: 1.7942
2026-06-04 16:19:19,143 - mmdet - INFO - Epoch [9][1300/1652]	lr: 1.000e-04, eta: 0:56:34, time: 0.652, data_time: 0.057, memory: 6023, bbox_loss: 0.3456, cls_loss: 0.1984, loss: 0.5440, grad_norm: 1.7527
2026-06-04 16:19:53,010 - mmdet - INFO - Epoch [9][1350/1652]	lr: 1.000e-04, eta: 0:56:02, time: 0.677, data_time: 0.052, memory: 6023, bbox_loss: 0.3599, cls_loss: 0.2074, loss: 0.5673, grad_norm: 1.6970
2026-06-04 16:20:25,002 - mmdet - INFO - Epoch [9][1400/1652]	lr: 1.000e-04, eta: 0:55:30, time: 0.640, data_time: 0.051, memory: 6023, bbox_loss: 0.3560, cls_loss: 0.2036, loss: 0.5596, grad_norm: 1.6609
2026-06-04 16:20:57,053 - mmdet - INFO - Epoch [9][1450/1652]	lr: 1.000e-04, eta: 0:54:59, time: 0.641, data_time: 0.053, memory: 6023, bbox_loss: 0.3534, cls_loss: 0.2029, loss: 0.5563, grad_norm: 1.8300
2026-06-04 16:21:28,880 - mmdet - INFO - Epoch [9][1500/1652]	lr: 1.000e-04, eta: 0:54:26, time: 0.637, data_time: 0.052, memory: 6023, bbox_loss: 0.3564, cls_loss: 0.2019, loss: 0.5583, grad_norm: 1.7522
2026-06-04 16:22:00,064 - mmdet - INFO - Epoch [9][1550/1652]	lr: 1.000e-04, eta: 0:53:54, time: 0.624, data_time: 0.050, memory: 6023, bbox_loss: 0.3541, cls_loss: 0.2029, loss: 0.5571, grad_norm: 1.7949
2026-06-04 16:22:31,286 - mmdet - INFO - Epoch [9][1600/1652]	lr: 1.000e-04, eta: 0:53:22, time: 0.624, data_time: 0.050, memory: 6023, bbox_loss: 0.3515, cls_loss: 0.2021, loss: 0.5536, grad_norm: 1.8228
2026-06-04 16:23:02,369 - mmdet - INFO - Epoch [9][1650/1652]	lr: 1.000e-04, eta: 0:52:50, time: 0.622, data_time: 0.050, memory: 6023, bbox_loss: 0.3572, cls_loss: 0.2037, loss: 0.5609, grad_norm: 1.7623
2026-06-04 16:23:03,817 - mmdet - INFO - Saving checkpoint at 9 epochs
2026-06-04 16:23:38,414 - mmdet - INFO - Epoch [10][50/1652]	lr: 1.000e-04, eta: 0:52:17, time: 0.680, data_time: 0.101, memory: 6023, bbox_loss: 0.3513, cls_loss: 0.1951, loss: 0.5463, grad_norm: 1.7605
2026-06-04 16:24:10,005 - mmdet - INFO - Epoch [10][100/1652]	lr: 1.000e-04, eta: 0:51:45, time: 0.632, data_time: 0.053, memory: 6023, bbox_loss: 0.3462, cls_loss: 0.1958, loss: 0.5420, grad_norm: 1.7316
2026-06-04 16:24:42,879 - mmdet - INFO - Epoch [10][150/1652]	lr: 1.000e-04, eta: 0:51:13, time: 0.657, data_time: 0.052, memory: 6023, bbox_loss: 0.3451, cls_loss: 0.1899, loss: 0.5350, grad_norm: 1.8034
2026-06-04 16:25:15,074 - mmdet - INFO - Epoch [10][200/1652]	lr: 1.000e-04, eta: 0:50:41, time: 0.644, data_time: 0.051, memory: 6023, bbox_loss: 0.3499, cls_loss: 0.1989, loss: 0.5487, grad_norm: 1.9174
2026-06-04 16:25:46,175 - mmdet - INFO - Epoch [10][250/1652]	lr: 1.000e-04, eta: 0:50:09, time: 0.622, data_time: 0.052, memory: 6023, bbox_loss: 0.3417, cls_loss: 0.1913, loss: 0.5331, grad_norm: 1.7479
2026-06-04 16:26:17,758 - mmdet - INFO - Epoch [10][300/1652]	lr: 1.000e-04, eta: 0:49:37, time: 0.632, data_time: 0.052, memory: 6023, bbox_loss: 0.3451, cls_loss: 0.1937, loss: 0.5388, grad_norm: 1.8181
2026-06-04 16:26:49,748 - mmdet - INFO - Epoch [10][350/1652]	lr: 1.000e-04, eta: 0:49:05, time: 0.640, data_time: 0.055, memory: 6023, bbox_loss: 0.3551, cls_loss: 0.2082, loss: 0.5633, grad_norm: 1.7961
2026-06-04 16:27:20,922 - mmdet - INFO - Epoch [10][400/1652]	lr: 1.000e-04, eta: 0:48:33, time: 0.623, data_time: 0.050, memory: 6023, bbox_loss: 0.3479, cls_loss: 0.1965, loss: 0.5444, grad_norm: 1.7395
2026-06-04 16:27:52,189 - mmdet - INFO - Epoch [10][450/1652]	lr: 1.000e-04, eta: 0:48:00, time: 0.625, data_time: 0.052, memory: 6023, bbox_loss: 0.3371, cls_loss: 0.1913, loss: 0.5285, grad_norm: 1.8255
2026-06-04 16:28:23,914 - mmdet - INFO - Epoch [10][500/1652]	lr: 1.000e-04, eta: 0:47:28, time: 0.634, data_time: 0.055, memory: 6023, bbox_loss: 0.3504, cls_loss: 0.1993, loss: 0.5498, grad_norm: 1.7911
2026-06-04 16:28:55,273 - mmdet - INFO - Epoch [10][550/1652]	lr: 1.000e-04, eta: 0:46:56, time: 0.627, data_time: 0.053, memory: 6023, bbox_loss: 0.3481, cls_loss: 0.2000, loss: 0.5481, grad_norm: 1.8647
2026-06-04 16:29:27,340 - mmdet - INFO - Epoch [10][600/1652]	lr: 1.000e-04, eta: 0:46:24, time: 0.641, data_time: 0.052, memory: 6023, bbox_loss: 0.3440, cls_loss: 0.1950, loss: 0.5390, grad_norm: 1.8147
2026-06-04 16:29:59,155 - mmdet - INFO - Epoch [10][650/1652]	lr: 1.000e-04, eta: 0:45:52, time: 0.636, data_time: 0.056, memory: 6023, bbox_loss: 0.3533, cls_loss: 0.2017, loss: 0.5551, grad_norm: 1.7251
2026-06-04 16:30:32,714 - mmdet - INFO - Epoch [10][700/1652]	lr: 1.000e-04, eta: 0:45:21, time: 0.671, data_time: 0.053, memory: 6023, bbox_loss: 0.3510, cls_loss: 0.1966, loss: 0.5475, grad_norm: 1.7852
2026-06-04 16:31:04,905 - mmdet - INFO - Epoch [10][750/1652]	lr: 1.000e-04, eta: 0:44:49, time: 0.644, data_time: 0.052, memory: 6023, bbox_loss: 0.3500, cls_loss: 0.1985, loss: 0.5485, grad_norm: 1.6485
2026-06-04 16:31:38,821 - mmdet - INFO - Epoch [10][800/1652]	lr: 1.000e-04, eta: 0:44:17, time: 0.678, data_time: 0.053, memory: 6023, bbox_loss: 0.3600, cls_loss: 0.2074, loss: 0.5674, grad_norm: 1.7329
2026-06-04 16:32:12,414 - mmdet - INFO - Epoch [10][850/1652]	lr: 1.000e-04, eta: 0:43:46, time: 0.672, data_time: 0.054, memory: 6023, bbox_loss: 0.3573, cls_loss: 0.2000, loss: 0.5574, grad_norm: 1.7816
2026-06-04 16:32:46,203 - mmdet - INFO - Epoch [10][900/1652]	lr: 1.000e-04, eta: 0:43:14, time: 0.676, data_time: 0.054, memory: 6023, bbox_loss: 0.3464, cls_loss: 0.1929, loss: 0.5393, grad_norm: 1.6903
2026-06-04 16:33:19,762 - mmdet - INFO - Epoch [10][950/1652]	lr: 1.000e-04, eta: 0:42:43, time: 0.671, data_time: 0.054, memory: 6023, bbox_loss: 0.3464, cls_loss: 0.2000, loss: 0.5465, grad_norm: 1.7240
2026-06-04 16:33:53,366 - mmdet - INFO - Epoch [10][1000/1652]	lr: 1.000e-04, eta: 0:42:11, time: 0.672, data_time: 0.053, memory: 6023, bbox_loss: 0.3367, cls_loss: 0.1919, loss: 0.5286, grad_norm: 1.6716
2026-06-04 16:34:25,218 - mmdet - INFO - Epoch [10][1050/1652]	lr: 1.000e-04, eta: 0:41:39, time: 0.637, data_time: 0.054, memory: 6023, bbox_loss: 0.3526, cls_loss: 0.1955, loss: 0.5481, grad_norm: 2.1975
2026-06-04 16:34:57,087 - mmdet - INFO - Epoch [10][1100/1652]	lr: 1.000e-04, eta: 0:41:07, time: 0.637, data_time: 0.052, memory: 6023, bbox_loss: 0.3503, cls_loss: 0.2028, loss: 0.5531, grad_norm: 1.6793
2026-06-04 16:35:28,911 - mmdet - INFO - Epoch [10][1150/1652]	lr: 1.000e-04, eta: 0:40:35, time: 0.636, data_time: 0.055, memory: 6023, bbox_loss: 0.3507, cls_loss: 0.1945, loss: 0.5452, grad_norm: 1.6797
2026-06-04 16:36:00,286 - mmdet - INFO - Epoch [10][1200/1652]	lr: 1.000e-04, eta: 0:40:03, time: 0.628, data_time: 0.054, memory: 6023, bbox_loss: 0.3566, cls_loss: 0.1966, loss: 0.5532, grad_norm: 1.7043
2026-06-04 16:36:32,851 - mmdet - INFO - Epoch [10][1250/1652]	lr: 1.000e-04, eta: 0:39:31, time: 0.651, data_time: 0.052, memory: 6023, bbox_loss: 0.3491, cls_loss: 0.2012, loss: 0.5503, grad_norm: 1.8523
2026-06-04 16:37:05,308 - mmdet - INFO - Epoch [10][1300/1652]	lr: 1.000e-04, eta: 0:38:59, time: 0.649, data_time: 0.050, memory: 6023, bbox_loss: 0.3460, cls_loss: 0.1967, loss: 0.5428, grad_norm: 1.9050
2026-06-04 16:37:37,607 - mmdet - INFO - Epoch [10][1350/1652]	lr: 1.000e-04, eta: 0:38:27, time: 0.646, data_time: 0.054, memory: 6023, bbox_loss: 0.3383, cls_loss: 0.1922, loss: 0.5305, grad_norm: 1.7352
2026-06-04 16:38:09,509 - mmdet - INFO - Epoch [10][1400/1652]	lr: 1.000e-04, eta: 0:37:55, time: 0.638, data_time: 0.053, memory: 6023, bbox_loss: 0.3511, cls_loss: 0.1975, loss: 0.5486, grad_norm: 1.7048
2026-06-04 16:38:41,192 - mmdet - INFO - Epoch [10][1450/1652]	lr: 1.000e-04, eta: 0:37:23, time: 0.634, data_time: 0.053, memory: 6023, bbox_loss: 0.3430, cls_loss: 0.1916, loss: 0.5347, grad_norm: 1.8198
2026-06-04 16:39:12,663 - mmdet - INFO - Epoch [10][1500/1652]	lr: 1.000e-04, eta: 0:36:51, time: 0.629, data_time: 0.052, memory: 6023, bbox_loss: 0.3489, cls_loss: 0.1969, loss: 0.5459, grad_norm: 1.7811
2026-06-04 16:39:43,829 - mmdet - INFO - Epoch [10][1550/1652]	lr: 1.000e-04, eta: 0:36:19, time: 0.623, data_time: 0.053, memory: 6023, bbox_loss: 0.3445, cls_loss: 0.1982, loss: 0.5427, grad_norm: 1.9676
2026-06-04 16:40:15,134 - mmdet - INFO - Epoch [10][1600/1652]	lr: 1.000e-04, eta: 0:35:47, time: 0.626, data_time: 0.054, memory: 6023, bbox_loss: 0.3501, cls_loss: 0.1939, loss: 0.5440, grad_norm: 1.7773
2026-06-04 16:40:46,283 - mmdet - INFO - Epoch [10][1650/1652]	lr: 1.000e-04, eta: 0:35:15, time: 0.623, data_time: 0.054, memory: 6023, bbox_loss: 0.3565, cls_loss: 0.1994, loss: 0.5559, grad_norm: 1.7432
2026-06-04 16:40:47,646 - mmdet - INFO - Saving checkpoint at 10 epochs
2026-06-04 16:41:24,730 - mmdet - INFO - Epoch [11][50/1652]	lr: 1.000e-04, eta: 0:34:42, time: 0.730, data_time: 0.101, memory: 6023, bbox_loss: 0.3485, cls_loss: 0.1993, loss: 0.5478, grad_norm: 1.6203
2026-06-04 16:41:57,872 - mmdet - INFO - Epoch [11][100/1652]	lr: 1.000e-04, eta: 0:34:10, time: 0.663, data_time: 0.054, memory: 6023, bbox_loss: 0.3569, cls_loss: 0.2008, loss: 0.5577, grad_norm: 1.7345
2026-06-04 16:42:31,488 - mmdet - INFO - Epoch [11][150/1652]	lr: 1.000e-04, eta: 0:33:38, time: 0.672, data_time: 0.053, memory: 6023, bbox_loss: 0.3487, cls_loss: 0.1938, loss: 0.5425, grad_norm: 1.8344
2026-06-04 16:43:05,818 - mmdet - INFO - Epoch [11][200/1652]	lr: 1.000e-04, eta: 0:33:07, time: 0.687, data_time: 0.053, memory: 6023, bbox_loss: 0.3473, cls_loss: 0.1941, loss: 0.5414, grad_norm: 1.8376
2026-06-04 16:43:39,614 - mmdet - INFO - Epoch [11][250/1652]	lr: 1.000e-04, eta: 0:32:35, time: 0.676, data_time: 0.053, memory: 6023, bbox_loss: 0.3476, cls_loss: 0.1920, loss: 0.5396, grad_norm: 1.8051
2026-06-04 16:44:13,279 - mmdet - INFO - Epoch [11][300/1652]	lr: 1.000e-04, eta: 0:32:03, time: 0.673, data_time: 0.053, memory: 6023, bbox_loss: 0.3453, cls_loss: 0.2016, loss: 0.5468, grad_norm: 1.7742
2026-06-04 16:44:46,509 - mmdet - INFO - Epoch [11][350/1652]	lr: 1.000e-04, eta: 0:31:32, time: 0.665, data_time: 0.056, memory: 6023, bbox_loss: 0.3464, cls_loss: 0.1971, loss: 0.5434, grad_norm: 1.7102
2026-06-04 16:45:20,176 - mmdet - INFO - Epoch [11][400/1652]	lr: 1.000e-04, eta: 0:31:00, time: 0.673, data_time: 0.054, memory: 6023, bbox_loss: 0.3482, cls_loss: 0.2006, loss: 0.5488, grad_norm: 1.6446
2026-06-04 16:45:52,529 - mmdet - INFO - Epoch [11][450/1652]	lr: 1.000e-04, eta: 0:30:28, time: 0.647, data_time: 0.052, memory: 6023, bbox_loss: 0.3458, cls_loss: 0.1914, loss: 0.5373, grad_norm: 1.7689
2026-06-04 16:46:24,378 - mmdet - INFO - Epoch [11][500/1652]	lr: 1.000e-04, eta: 0:29:56, time: 0.637, data_time: 0.053, memory: 6023, bbox_loss: 0.3451, cls_loss: 0.1936, loss: 0.5388, grad_norm: 1.6932
2026-06-04 16:46:56,163 - mmdet - INFO - Epoch [11][550/1652]	lr: 1.000e-04, eta: 0:29:24, time: 0.636, data_time: 0.053, memory: 6023, bbox_loss: 0.3397, cls_loss: 0.1908, loss: 0.5305, grad_norm: 1.7039
2026-06-04 16:47:27,782 - mmdet - INFO - Epoch [11][600/1652]	lr: 1.000e-04, eta: 0:28:52, time: 0.632, data_time: 0.053, memory: 6023, bbox_loss: 0.3581, cls_loss: 0.2056, loss: 0.5637, grad_norm: 1.7781
2026-06-04 16:47:58,715 - mmdet - INFO - Epoch [11][650/1652]	lr: 1.000e-04, eta: 0:28:19, time: 0.619, data_time: 0.054, memory: 6023, bbox_loss: 0.3442, cls_loss: 0.1951, loss: 0.5393, grad_norm: 1.8257
2026-06-04 16:48:30,768 - mmdet - INFO - Epoch [11][700/1652]	lr: 1.000e-04, eta: 0:27:47, time: 0.641, data_time: 0.051, memory: 6023, bbox_loss: 0.3466, cls_loss: 0.1956, loss: 0.5422, grad_norm: 1.7362
2026-06-04 16:49:02,088 - mmdet - INFO - Epoch [11][750/1652]	lr: 1.000e-04, eta: 0:27:15, time: 0.626, data_time: 0.052, memory: 6023, bbox_loss: 0.3497, cls_loss: 0.1930, loss: 0.5428, grad_norm: 1.8029
2026-06-04 16:49:33,348 - mmdet - INFO - Epoch [11][800/1652]	lr: 1.000e-04, eta: 0:26:43, time: 0.625, data_time: 0.052, memory: 6023, bbox_loss: 0.3461, cls_loss: 0.1934, loss: 0.5396, grad_norm: 1.6360
2026-06-04 16:50:04,265 - mmdet - INFO - Epoch [11][850/1652]	lr: 1.000e-04, eta: 0:26:11, time: 0.618, data_time: 0.053, memory: 6023, bbox_loss: 0.3404, cls_loss: 0.1924, loss: 0.5328, grad_norm: 1.8304
2026-06-04 16:50:35,754 - mmdet - INFO - Epoch [11][900/1652]	lr: 1.000e-04, eta: 0:25:39, time: 0.630, data_time: 0.053, memory: 6023, bbox_loss: 0.3477, cls_loss: 0.1938, loss: 0.5415, grad_norm: 1.7945
2026-06-04 16:51:07,059 - mmdet - INFO - Epoch [11][950/1652]	lr: 1.000e-04, eta: 0:25:07, time: 0.626, data_time: 0.052, memory: 6023, bbox_loss: 0.3421, cls_loss: 0.1964, loss: 0.5385, grad_norm: 1.8748
2026-06-04 16:51:38,446 - mmdet - INFO - Epoch [11][1000/1652]	lr: 1.000e-04, eta: 0:24:35, time: 0.628, data_time: 0.053, memory: 6023, bbox_loss: 0.3461, cls_loss: 0.2026, loss: 0.5486, grad_norm: 1.7312
2026-06-04 16:52:09,798 - mmdet - INFO - Epoch [11][1050/1652]	lr: 1.000e-04, eta: 0:24:03, time: 0.627, data_time: 0.051, memory: 6023, bbox_loss: 0.3529, cls_loss: 0.1937, loss: 0.5465, grad_norm: 1.9717
2026-06-04 16:52:40,930 - mmdet - INFO - Epoch [11][1100/1652]	lr: 1.000e-04, eta: 0:23:30, time: 0.623, data_time: 0.051, memory: 6023, bbox_loss: 0.3372, cls_loss: 0.1884, loss: 0.5256, grad_norm: 1.8711
2026-06-04 16:53:11,960 - mmdet - INFO - Epoch [11][1150/1652]	lr: 1.000e-04, eta: 0:22:58, time: 0.621, data_time: 0.052, memory: 6023, bbox_loss: 0.3488, cls_loss: 0.1940, loss: 0.5429, grad_norm: 1.9065
2026-06-04 16:53:43,415 - mmdet - INFO - Epoch [11][1200/1652]	lr: 1.000e-04, eta: 0:22:26, time: 0.629, data_time: 0.050, memory: 6023, bbox_loss: 0.3482, cls_loss: 0.1926, loss: 0.5407, grad_norm: 1.7057
2026-06-04 16:54:15,083 - mmdet - INFO - Epoch [11][1250/1652]	lr: 1.000e-04, eta: 0:21:54, time: 0.633, data_time: 0.052, memory: 6023, bbox_loss: 0.3457, cls_loss: 0.1932, loss: 0.5390, grad_norm: 1.7272
2026-06-04 16:54:46,566 - mmdet - INFO - Epoch [11][1300/1652]	lr: 1.000e-04, eta: 0:21:22, time: 0.630, data_time: 0.053, memory: 6023, bbox_loss: 0.3458, cls_loss: 0.1973, loss: 0.5431, grad_norm: 1.7601
2026-06-04 16:55:18,179 - mmdet - INFO - Epoch [11][1350/1652]	lr: 1.000e-04, eta: 0:20:50, time: 0.632, data_time: 0.053, memory: 6023, bbox_loss: 0.3415, cls_loss: 0.1908, loss: 0.5322, grad_norm: 1.9567
2026-06-04 16:55:49,985 - mmdet - INFO - Epoch [11][1400/1652]	lr: 1.000e-04, eta: 0:20:18, time: 0.636, data_time: 0.051, memory: 6023, bbox_loss: 0.3336, cls_loss: 0.1891, loss: 0.5227, grad_norm: 1.9094
2026-06-04 16:56:23,596 - mmdet - INFO - Epoch [11][1450/1652]	lr: 1.000e-04, eta: 0:19:46, time: 0.672, data_time: 0.053, memory: 6023, bbox_loss: 0.3415, cls_loss: 0.1936, loss: 0.5351, grad_norm: 1.7972
2026-06-04 16:56:56,988 - mmdet - INFO - Epoch [11][1500/1652]	lr: 1.000e-04, eta: 0:19:14, time: 0.668, data_time: 0.053, memory: 6023, bbox_loss: 0.3423, cls_loss: 0.1942, loss: 0.5365, grad_norm: 1.9075
2026-06-04 16:57:29,112 - mmdet - INFO - Epoch [11][1550/1652]	lr: 1.000e-04, eta: 0:18:42, time: 0.642, data_time: 0.050, memory: 6023, bbox_loss: 0.3344, cls_loss: 0.1890, loss: 0.5234, grad_norm: 1.8505
2026-06-04 16:58:00,252 - mmdet - INFO - Epoch [11][1600/1652]	lr: 1.000e-04, eta: 0:18:10, time: 0.623, data_time: 0.051, memory: 6023, bbox_loss: 0.3528, cls_loss: 0.1998, loss: 0.5526, grad_norm: 1.8716
2026-06-04 16:58:32,007 - mmdet - INFO - Epoch [11][1650/1652]	lr: 1.000e-04, eta: 0:17:38, time: 0.635, data_time: 0.053, memory: 6023, bbox_loss: 0.3432, cls_loss: 0.1901, loss: 0.5333, grad_norm: 1.7954
2026-06-04 16:58:33,325 - mmdet - INFO - Saving checkpoint at 11 epochs
2026-06-04 16:59:10,108 - mmdet - INFO - Epoch [12][50/1652]	lr: 1.000e-05, eta: 0:17:05, time: 0.721, data_time: 0.103, memory: 6023, bbox_loss: 0.3390, cls_loss: 0.1898, loss: 0.5289, grad_norm: 1.6961
2026-06-04 16:59:43,682 - mmdet - INFO - Epoch [12][100/1652]	lr: 1.000e-05, eta: 0:16:33, time: 0.671, data_time: 0.051, memory: 6023, bbox_loss: 0.3437, cls_loss: 0.1927, loss: 0.5364, grad_norm: 1.6584
2026-06-04 17:00:17,025 - mmdet - INFO - Epoch [12][150/1652]	lr: 1.000e-05, eta: 0:16:01, time: 0.667, data_time: 0.053, memory: 6023, bbox_loss: 0.3505, cls_loss: 0.1983, loss: 0.5488, grad_norm: 1.7907
2026-06-04 17:00:50,354 - mmdet - INFO - Epoch [12][200/1652]	lr: 1.000e-05, eta: 0:15:30, time: 0.667, data_time: 0.050, memory: 6023, bbox_loss: 0.3425, cls_loss: 0.1924, loss: 0.5349, grad_norm: 1.7007
2026-06-04 17:01:23,413 - mmdet - INFO - Epoch [12][250/1652]	lr: 1.000e-05, eta: 0:14:58, time: 0.661, data_time: 0.050, memory: 6023, bbox_loss: 0.3380, cls_loss: 0.1887, loss: 0.5266, grad_norm: 1.8350
2026-06-04 17:01:56,648 - mmdet - INFO - Epoch [12][300/1652]	lr: 1.000e-05, eta: 0:14:26, time: 0.665, data_time: 0.051, memory: 6023, bbox_loss: 0.3386, cls_loss: 0.1872, loss: 0.5259, grad_norm: 1.7077
2026-06-04 17:02:30,345 - mmdet - INFO - Epoch [12][350/1652]	lr: 1.000e-05, eta: 0:13:54, time: 0.674, data_time: 0.052, memory: 6023, bbox_loss: 0.3385, cls_loss: 0.1875, loss: 0.5261, grad_norm: 1.6637
2026-06-04 17:03:04,178 - mmdet - INFO - Epoch [12][400/1652]	lr: 1.000e-05, eta: 0:13:22, time: 0.677, data_time: 0.053, memory: 6023, bbox_loss: 0.3445, cls_loss: 0.1936, loss: 0.5381, grad_norm: 1.6556
2026-06-04 17:03:35,518 - mmdet - INFO - Epoch [12][450/1652]	lr: 1.000e-05, eta: 0:12:50, time: 0.627, data_time: 0.051, memory: 6023, bbox_loss: 0.3436, cls_loss: 0.1897, loss: 0.5333, grad_norm: 1.6618
2026-06-04 17:04:07,092 - mmdet - INFO - Epoch [12][500/1652]	lr: 1.000e-05, eta: 0:12:18, time: 0.631, data_time: 0.051, memory: 6023, bbox_loss: 0.3549, cls_loss: 0.1974, loss: 0.5523, grad_norm: 1.7209
2026-06-04 17:04:38,600 - mmdet - INFO - Epoch [12][550/1652]	lr: 1.000e-05, eta: 0:11:46, time: 0.630, data_time: 0.050, memory: 6023, bbox_loss: 0.3383, cls_loss: 0.1868, loss: 0.5251, grad_norm: 1.7963
2026-06-04 17:05:09,684 - mmdet - INFO - Epoch [12][600/1652]	lr: 1.000e-05, eta: 0:11:13, time: 0.622, data_time: 0.050, memory: 6023, bbox_loss: 0.3479, cls_loss: 0.1905, loss: 0.5384, grad_norm: 1.8081
2026-06-04 17:05:41,199 - mmdet - INFO - Epoch [12][650/1652]	lr: 1.000e-05, eta: 0:10:41, time: 0.630, data_time: 0.050, memory: 6077, bbox_loss: 0.3454, cls_loss: 0.1922, loss: 0.5376, grad_norm: 1.6876
2026-06-04 17:06:12,741 - mmdet - INFO - Epoch [12][700/1652]	lr: 1.000e-05, eta: 0:10:09, time: 0.631, data_time: 0.051, memory: 6077, bbox_loss: 0.3474, cls_loss: 0.1925, loss: 0.5399, grad_norm: 1.7344
2026-06-04 17:06:44,184 - mmdet - INFO - Epoch [12][750/1652]	lr: 1.000e-05, eta: 0:09:37, time: 0.629, data_time: 0.051, memory: 6077, bbox_loss: 0.3460, cls_loss: 0.1970, loss: 0.5430, grad_norm: 1.8491
2026-06-04 17:07:15,542 - mmdet - INFO - Epoch [12][800/1652]	lr: 1.000e-05, eta: 0:09:05, time: 0.627, data_time: 0.051, memory: 6077, bbox_loss: 0.3486, cls_loss: 0.1993, loss: 0.5479, grad_norm: 1.6634
2026-06-04 17:07:46,737 - mmdet - INFO - Epoch [12][850/1652]	lr: 1.000e-05, eta: 0:08:33, time: 0.624, data_time: 0.050, memory: 6077, bbox_loss: 0.3471, cls_loss: 0.1975, loss: 0.5445, grad_norm: 1.6648
2026-06-04 17:08:18,688 - mmdet - INFO - Epoch [12][900/1652]	lr: 1.000e-05, eta: 0:08:01, time: 0.639, data_time: 0.052, memory: 6077, bbox_loss: 0.3414, cls_loss: 0.1926, loss: 0.5340, grad_norm: 1.7513
2026-06-04 17:08:50,120 - mmdet - INFO - Epoch [12][950/1652]	lr: 1.000e-05, eta: 0:07:29, time: 0.629, data_time: 0.052, memory: 6077, bbox_loss: 0.3437, cls_loss: 0.1924, loss: 0.5361, grad_norm: 1.8019
2026-06-04 17:09:21,587 - mmdet - INFO - Epoch [12][1000/1652]	lr: 1.000e-05, eta: 0:06:57, time: 0.629, data_time: 0.050, memory: 6077, bbox_loss: 0.3377, cls_loss: 0.1856, loss: 0.5233, grad_norm: 1.6487
2026-06-04 17:09:53,284 - mmdet - INFO - Epoch [12][1050/1652]	lr: 1.000e-05, eta: 0:06:25, time: 0.634, data_time: 0.052, memory: 6077, bbox_loss: 0.3482, cls_loss: 0.1983, loss: 0.5465, grad_norm: 1.7480
2026-06-04 17:10:24,729 - mmdet - INFO - Epoch [12][1100/1652]	lr: 1.000e-05, eta: 0:05:53, time: 0.629, data_time: 0.052, memory: 6077, bbox_loss: 0.3428, cls_loss: 0.1962, loss: 0.5390, grad_norm: 1.9025
2026-06-04 17:10:56,794 - mmdet - INFO - Epoch [12][1150/1652]	lr: 1.000e-05, eta: 0:05:21, time: 0.641, data_time: 0.052, memory: 6077, bbox_loss: 0.3418, cls_loss: 0.1875, loss: 0.5293, grad_norm: 1.7361
2026-06-04 17:11:28,300 - mmdet - INFO - Epoch [12][1200/1652]	lr: 1.000e-05, eta: 0:04:49, time: 0.630, data_time: 0.052, memory: 6077, bbox_loss: 0.3406, cls_loss: 0.1976, loss: 0.5382, grad_norm: 1.7523
2026-06-04 17:11:59,814 - mmdet - INFO - Epoch [12][1250/1652]	lr: 1.000e-05, eta: 0:04:17, time: 0.630, data_time: 0.052, memory: 6077, bbox_loss: 0.3434, cls_loss: 0.1894, loss: 0.5328, grad_norm: 1.6489
2026-06-04 17:12:31,396 - mmdet - INFO - Epoch [12][1300/1652]	lr: 1.000e-05, eta: 0:03:45, time: 0.632, data_time: 0.052, memory: 6077, bbox_loss: 0.3414, cls_loss: 0.1902, loss: 0.5316, grad_norm: 1.7832
2026-06-04 17:13:02,855 - mmdet - INFO - Epoch [12][1350/1652]	lr: 1.000e-05, eta: 0:03:13, time: 0.629, data_time: 0.052, memory: 6077, bbox_loss: 0.3443, cls_loss: 0.1920, loss: 0.5363, grad_norm: 1.6351
2026-06-04 17:13:34,386 - mmdet - INFO - Epoch [12][1400/1652]	lr: 1.000e-05, eta: 0:02:41, time: 0.631, data_time: 0.051, memory: 6077, bbox_loss: 0.3361, cls_loss: 0.1862, loss: 0.5223, grad_norm: 1.6841
2026-06-04 17:14:05,243 - mmdet - INFO - Epoch [12][1450/1652]	lr: 1.000e-05, eta: 0:02:09, time: 0.617, data_time: 0.051, memory: 6077, bbox_loss: 0.3410, cls_loss: 0.1881, loss: 0.5290, grad_norm: 1.8065
2026-06-04 17:14:36,073 - mmdet - INFO - Epoch [12][1500/1652]	lr: 1.000e-05, eta: 0:01:37, time: 0.617, data_time: 0.051, memory: 6077, bbox_loss: 0.3426, cls_loss: 0.1902, loss: 0.5329, grad_norm: 1.7365
2026-06-04 17:15:07,341 - mmdet - INFO - Epoch [12][1550/1652]	lr: 1.000e-05, eta: 0:01:05, time: 0.625, data_time: 0.049, memory: 6077, bbox_loss: 0.3535, cls_loss: 0.1877, loss: 0.5412, grad_norm: 1.6588
2026-06-04 17:15:37,995 - mmdet - INFO - Epoch [12][1600/1652]	lr: 1.000e-05, eta: 0:00:33, time: 0.613, data_time: 0.050, memory: 6077, bbox_loss: 0.3315, cls_loss: 0.1879, loss: 0.5194, grad_norm: 1.8477
2026-06-04 17:16:09,792 - mmdet - INFO - Epoch [12][1650/1652]	lr: 1.000e-05, eta: 0:00:01, time: 0.636, data_time: 0.053, memory: 6077, bbox_loss: 0.3436, cls_loss: 0.1911, loss: 0.5348, grad_norm: 1.6667
2026-06-04 17:16:11,100 - mmdet - INFO - Saving checkpoint at 12 epochs
2026-06-04 17:20:28,918 - mmdet - INFO - 
+-------------+---------+---------+---------+---------+
| classes     | AP_0.25 | AR_0.25 | AP_0.50 | AR_0.50 |
+-------------+---------+---------+---------+---------+
| bed         | 0.8857  | 0.9942  | 0.7252  | 0.8272  |
| table       | 0.5838  | 0.9740  | 0.4068  | 0.7568  |
| sofa        | 0.7393  | 0.9888  | 0.6391  | 0.8293  |
| chair       | 0.8469  | 0.9755  | 0.7285  | 0.8819  |
| toilet      | 0.9575  | 1.0000  | 0.7590  | 0.8621  |
| desk        | 0.4627  | 0.9554  | 0.2454  | 0.6583  |
| dresser     | 0.4706  | 0.9404  | 0.3471  | 0.7294  |
| night_stand | 0.7580  | 0.9843  | 0.6482  | 0.8588  |
| bookshelf   | 0.4459  | 0.9184  | 0.1485  | 0.4610  |
| bathtub     | 0.7725  | 0.9796  | 0.5922  | 0.7347  |
+-------------+---------+---------+---------+---------+
| Overall     | 0.6923  | 0.9711  | 0.5240  | 0.7600  |
+-------------+---------+---------+---------+---------+
2026-06-04 17:20:30,126 - mmdet - INFO - Exp name: tr3d-ff_sunrgbd-3d-10class.py
2026-06-04 17:20:30,126 - mmdet - INFO - Epoch(val) [12][5050]	bed_AP_0.25: 0.8857, table_AP_0.25: 0.5838, sofa_AP_0.25: 0.7393, chair_AP_0.25: 0.8469, toilet_AP_0.25: 0.9575, desk_AP_0.25: 0.4627, dresser_AP_0.25: 0.4706, night_stand_AP_0.25: 0.7580, bookshelf_AP_0.25: 0.4459, bathtub_AP_0.25: 0.7725, mAP_0.25: 0.6923, bed_rec_0.25: 0.9942, table_rec_0.25: 0.9740, sofa_rec_0.25: 0.9888, chair_rec_0.25: 0.9755, toilet_rec_0.25: 1.0000, desk_rec_0.25: 0.9554, dresser_rec_0.25: 0.9404, night_stand_rec_0.25: 0.9843, bookshelf_rec_0.25: 0.9184, bathtub_rec_0.25: 0.9796, mAR_0.25: 0.9711, bed_AP_0.50: 0.7252, table_AP_0.50: 0.4068, sofa_AP_0.50: 0.6391, chair_AP_0.50: 0.7285, toilet_AP_0.50: 0.7590, desk_AP_0.50: 0.2454, dresser_AP_0.50: 0.3471, night_stand_AP_0.50: 0.6482, bookshelf_AP_0.50: 0.1485, bathtub_AP_0.50: 0.5922, mAP_0.50: 0.5240, bed_rec_0.50: 0.8272, table_rec_0.50: 0.7568, sofa_rec_0.50: 0.8293, chair_rec_0.50: 0.8819, toilet_rec_0.50: 0.8621, desk_rec_0.50: 0.6583, dresser_rec_0.50: 0.7294, night_stand_rec_0.50: 0.8588, bookshelf_rec_0.50: 0.4610, bathtub_rec_0.50: 0.7347, mAR_0.50: 0.7600
