2026-05-28 03:05:16,949 - mmdet - INFO - Environment info:
------------------------------------------------------------
sys.platform: linux
Python: 3.9.25 (main, Nov  3 2025, 22:33:05) [GCC 11.2.0]
CUDA available: True
GPU 0: NVIDIA L40
CUDA_HOME: /usr/local/cuda-11.8
NVCC: Cuda compilation tools, release 11.8, V11.8.89
GCC: gcc (Ubuntu 11.4.0-1ubuntu1~22.04.3) 11.4.0
PyTorch: 2.0.0+cu118
PyTorch compiling details: PyTorch built with:
  - GCC 9.3
  - C++ Version: 201703
  - Intel(R) oneAPI Math Kernel Library Version 2022.2-Product Build 20220804 for Intel(R) 64 architecture applications
  - Intel(R) MKL-DNN v2.7.3 (Git Hash 6dbeffbae1f23cbbeae17adb7b5b13f1f37c080e)
  - OpenMP 201511 (a.k.a. OpenMP 4.5)
  - LAPACK is enabled (usually provided by MKL)
  - NNPACK is enabled
  - CPU capability usage: AVX2
  - CUDA Runtime 11.8
  - NVCC architecture flags: -gencode;arch=compute_37,code=sm_37;-gencode;arch=compute_50,code=sm_50;-gencode;arch=compute_60,code=sm_60;-gencode;arch=compute_70,code=sm_70;-gencode;arch=compute_75,code=sm_75;-gencode;arch=compute_80,code=sm_80;-gencode;arch=compute_86,code=sm_86;-gencode;arch=compute_90,code=sm_90
  - CuDNN 8.7
  - Magma 2.6.1
  - Build settings: BLAS_INFO=mkl, BUILD_TYPE=Release, CUDA_VERSION=11.8, CUDNN_VERSION=8.7.0, CXX_COMPILER=/opt/rh/devtoolset-9/root/usr/bin/c++, CXX_FLAGS= -D_GLIBCXX_USE_CXX11_ABI=0 -fabi-version=11 -Wno-deprecated -fvisibility-inlines-hidden -DUSE_PTHREADPOOL -DNDEBUG -DUSE_KINETO -DLIBKINETO_NOROCTRACER -DUSE_FBGEMM -DUSE_QNNPACK -DUSE_PYTORCH_QNNPACK -DUSE_XNNPACK -DSYMBOLICATE_MOBILE_DEBUG_HANDLE -O2 -fPIC -Wall -Wextra -Werror=return-type -Werror=non-virtual-dtor -Werror=bool-operation -Wnarrowing -Wno-missing-field-initializers -Wno-type-limits -Wno-array-bounds -Wno-unknown-pragmas -Wunused-local-typedefs -Wno-unused-parameter -Wno-unused-function -Wno-unused-result -Wno-strict-overflow -Wno-strict-aliasing -Wno-error=deprecated-declarations -Wno-stringop-overflow -Wno-psabi -Wno-error=pedantic -Wno-error=redundant-decls -Wno-error=old-style-cast -fdiagnostics-color=always -faligned-new -Wno-unused-but-set-variable -Wno-maybe-uninitialized -fno-math-errno -fno-trapping-math -Werror=format -Werror=cast-function-type -Wno-stringop-overflow, LAPACK_INFO=mkl, PERF_WITH_AVX=1, PERF_WITH_AVX2=1, PERF_WITH_AVX512=1, TORCH_DISABLE_GPU_ASSERTS=ON, TORCH_VERSION=2.0.0, USE_CUDA=ON, USE_CUDNN=ON, USE_EXCEPTION_PTR=1, USE_GFLAGS=OFF, USE_GLOG=OFF, USE_MKL=ON, USE_MKLDNN=ON, USE_MPI=OFF, USE_NCCL=1, USE_NNPACK=ON, USE_OPENMP=ON, USE_ROCM=OFF, 

TorchVision: 0.15.1+cu118
OpenCV: 4.8.1
MMCV: 1.6.0
MMCV Compiler: GCC 11.4
MMCV CUDA Compiler: 11.8
MMDetection: 2.25.1
MMSegmentation: 0.25.0
MMDetection3D: 1.0.0rc3+ffc9f99
spconv2.0: False
------------------------------------------------------------

2026-05-28 03:05:18,204 - mmdet - INFO - Distributed training: False
2026-05-28 03:05:19,462 - mmdet - INFO - Config:
lr = 0.008
optimizer = dict(type='AdamW', lr=0.008, weight_decay=0.01)
optimizer_config = dict(grad_clip=dict(max_norm=10, norm_type=2))
lr_config = dict(policy='step', warmup=None, step=[24, 32])
runner = dict(type='EpochBasedRunner', max_epochs=36)
evaluation = dict(
    interval=36,
    pipeline=[
        dict(
            type='LoadPointsFromFile',
            coord_type='DEPTH',
            shift_height=False,
            load_dim=6,
            use_dim=[0, 1, 2]),
        dict(
            type='DefaultFormatBundle3D',
            class_names=('bed', 'table', 'sofa', 'chair', 'toilet', 'desk',
                         'dresser', 'night_stand', 'bookshelf', 'bathtub'),
            with_label=False),
        dict(type='Collect3D', keys=['points'])
    ])
model = dict(
    type='VoteNetFF',
    img_backbone=dict(
        type='ResNet',
        depth=50,
        num_stages=4,
        out_indices=(0, 1, 2, 3),
        frozen_stages=1,
        norm_cfg=dict(type='BN', requires_grad=False),
        norm_eval=True,
        style='caffe'),
    img_neck=dict(
        type='FPN',
        in_channels=[256, 512, 1024, 2048],
        out_channels=256,
        num_outs=5),
    backbone=dict(
        type='RgbdPointNet2SASSG',
        in_channels=4,
        num_points=(2048, 1024, 512, 256),
        radius=(0.2, 0.4, 0.8, 1.2),
        num_samples=(64, 32, 16, 16),
        sa_channels=((64, 64, 128), (128, 128, 256), (128, 128, 256),
                     (128, 128, 256)),
        fp_channels=((256, 256), (256, 256)),
        norm_cfg=dict(type='BN2d'),
        sa_cfg=dict(
            type='PointSAModule',
            pool_mod='max',
            use_xyz=True,
            normalize_xyz=True)),
    bbox_head=dict(
        type='VoteHead',
        num_classes=10,
        bbox_coder=dict(
            type='PartialBinBasedBBoxCoder',
            num_sizes=10,
            num_dir_bins=12,
            with_rot=True,
            mean_sizes=[[2.114256, 1.6203, 0.927272],
                        [0.791118, 1.279516, 0.718182],
                        [0.923508, 1.867419, 0.845495],
                        [0.591958, 0.552978, 0.827272],
                        [0.699104, 0.454178, 0.75625],
                        [0.69519, 1.346299, 0.736364],
                        [0.528526, 1.002642, 1.172878],
                        [0.500618, 0.632163, 0.683424],
                        [0.404671, 1.071108, 1.688889],
                        [0.76584, 1.398258, 0.472728]]),
        vote_module_cfg=dict(
            in_channels=256,
            vote_per_seed=1,
            gt_per_seed=3,
            conv_channels=(256, 256),
            conv_cfg=dict(type='Conv1d'),
            norm_cfg=dict(type='BN1d'),
            norm_feats=True,
            vote_loss=dict(
                type='ChamferDistance',
                mode='l1',
                reduction='none',
                loss_dst_weight=10.0)),
        vote_aggregation_cfg=dict(
            type='PointSAModule',
            num_point=256,
            radius=0.3,
            num_sample=16,
            mlp_channels=[256, 128, 128, 128],
            use_xyz=True,
            normalize_xyz=True),
        pred_layer_cfg=dict(
            in_channels=128, shared_conv_channels=(128, 128), bias=True),
        conv_cfg=dict(type='Conv1d'),
        norm_cfg=dict(type='BN1d'),
        objectness_loss=dict(
            type='CrossEntropyLoss',
            class_weight=[0.2, 0.8],
            reduction='sum',
            loss_weight=5.0),
        center_loss=dict(
            type='ChamferDistance',
            mode='l2',
            reduction='sum',
            loss_src_weight=10.0,
            loss_dst_weight=10.0),
        dir_class_loss=dict(
            type='CrossEntropyLoss', reduction='sum', loss_weight=1.0),
        dir_res_loss=dict(
            type='SmoothL1Loss', reduction='sum', loss_weight=10.0),
        size_class_loss=dict(
            type='CrossEntropyLoss', reduction='sum', loss_weight=1.0),
        size_res_loss=dict(
            type='SmoothL1Loss',
            reduction='sum',
            loss_weight=3.3333333333333335),
        semantic_loss=dict(
            type='CrossEntropyLoss', reduction='sum', loss_weight=1.0)),
    train_cfg=dict(
        pos_distance_thr=0.3, neg_distance_thr=0.6, sample_mod='vote'),
    test_cfg=dict(
        sample_mod='seed',
        nms_thr=0.25,
        score_thr=0.05,
        per_class_proposal=True))
dataset_type = 'SUNRGBDDataset'
data_root = '/home/zero/USER/HEYU/DATA/sunrgbd_matlab/'
class_names = ('bed', 'table', 'sofa', 'chair', 'toilet', 'desk', 'dresser',
               'night_stand', 'bookshelf', 'bathtub')
img_norm_cfg = dict(
    mean=[103.53, 116.28, 123.675], std=[1.0, 1.0, 1.0], to_rgb=False)
train_pipeline = [
    dict(
        type='LoadPointsFromFile',
        coord_type='DEPTH',
        shift_height=True,
        load_dim=6,
        use_dim=[0, 1, 2]),
    dict(type='LoadImageFromFile'),
    dict(type='LoadAnnotations3D'),
    dict(
        type='Resize',
        img_scale=[(1333, 480), (1333, 504), (1333, 528), (1333, 552),
                   (1333, 576), (1333, 600)],
        multiscale_mode='value',
        keep_ratio=True),
    dict(
        type='Normalize',
        mean=[103.53, 116.28, 123.675],
        std=[1.0, 1.0, 1.0],
        to_rgb=False),
    dict(type='Pad', size_divisor=32),
    dict(type='RandomFlip3D', sync_2d=False, flip_ratio_bev_horizontal=0.5),
    dict(
        type='GlobalRotScaleTrans',
        rot_range=[-0.523599, 0.523599],
        scale_ratio_range=[0.85, 1.15],
        shift_height=True),
    dict(type='PointSample', num_points=20000),
    dict(
        type='RandomFlip3D',
        sync_2d=False,
        flip_ratio_bev_horizontal=0.5,
        flip_ratio_bev_vertical=0.0),
    dict(
        type='DefaultFormatBundle3D',
        class_names=('bed', 'table', 'sofa', 'chair', 'toilet', 'desk',
                     'dresser', 'night_stand', 'bookshelf', 'bathtub')),
    dict(
        type='Collect3D',
        keys=['points', 'img', 'gt_bboxes_3d', 'gt_labels_3d'])
]
test_pipeline = [
    dict(
        type='LoadPointsFromFile',
        coord_type='DEPTH',
        shift_height=True,
        load_dim=6,
        use_dim=[0, 1, 2]),
    dict(type='LoadImageFromFile'),
    dict(
        type='MultiScaleFlipAug3D',
        img_scale=(1333, 600),
        pts_scale_ratio=1,
        flip=False,
        transforms=[
            dict(type='Resize', multiscale_mode='value', keep_ratio=True),
            dict(
                type='Normalize',
                mean=[103.53, 116.28, 123.675],
                std=[1.0, 1.0, 1.0],
                to_rgb=False),
            dict(type='Pad', size_divisor=32),
            dict(
                type='GlobalRotScaleTrans',
                rot_range=[0, 0],
                scale_ratio_range=[1.0, 1.0],
                translation_std=[0, 0, 0]),
            dict(
                type='RandomFlip3D',
                sync_2d=False,
                flip_ratio_bev_horizontal=0.5),
            dict(type='PointSample', num_points=20000),
            dict(
                type='DefaultFormatBundle3D',
                class_names=('bed', 'table', 'sofa', 'chair', 'toilet', 'desk',
                             'dresser', 'night_stand', 'bookshelf', 'bathtub'),
                with_label=False),
            dict(type='Collect3D', keys=['points', 'img'])
        ])
]
eval_pipeline = [
    dict(
        type='LoadPointsFromFile',
        coord_type='DEPTH',
        shift_height=False,
        load_dim=6,
        use_dim=[0, 1, 2]),
    dict(
        type='DefaultFormatBundle3D',
        class_names=('bed', 'table', 'sofa', 'chair', 'toilet', 'desk',
                     'dresser', 'night_stand', 'bookshelf', 'bathtub'),
        with_label=False),
    dict(type='Collect3D', keys=['points'])
]
data = dict(
    samples_per_gpu=16,
    workers_per_gpu=4,
    train=dict(
        type='RepeatDataset',
        times=5,
        dataset=dict(
            type='SUNRGBDDataset',
            modality=dict(use_camera=True, use_lidar=True),
            data_root='/home/zero/USER/HEYU/DATA/sunrgbd_matlab/',
            ann_file=
            '/home/zero/USER/HEYU/DATA/sunrgbd_matlab/sunrgbd_infos_train.pkl',
            pipeline=[
                dict(
                    type='LoadPointsFromFile',
                    coord_type='DEPTH',
                    shift_height=True,
                    load_dim=6,
                    use_dim=[0, 1, 2]),
                dict(type='LoadImageFromFile'),
                dict(type='LoadAnnotations3D'),
                dict(
                    type='Resize',
                    img_scale=[(1333, 480), (1333, 504), (1333, 528),
                               (1333, 552), (1333, 576), (1333, 600)],
                    multiscale_mode='value',
                    keep_ratio=True),
                dict(
                    type='Normalize',
                    mean=[103.53, 116.28, 123.675],
                    std=[1.0, 1.0, 1.0],
                    to_rgb=False),
                dict(type='Pad', size_divisor=32),
                dict(
                    type='RandomFlip3D',
                    sync_2d=False,
                    flip_ratio_bev_horizontal=0.5),
                dict(
                    type='GlobalRotScaleTrans',
                    rot_range=[-0.523599, 0.523599],
                    scale_ratio_range=[0.85, 1.15],
                    shift_height=True),
                dict(type='PointSample', num_points=20000),
                dict(
                    type='RandomFlip3D',
                    sync_2d=False,
                    flip_ratio_bev_horizontal=0.5,
                    flip_ratio_bev_vertical=0.0),
                dict(
                    type='DefaultFormatBundle3D',
                    class_names=('bed', 'table', 'sofa', 'chair', 'toilet',
                                 'desk', 'dresser', 'night_stand', 'bookshelf',
                                 'bathtub')),
                dict(
                    type='Collect3D',
                    keys=['points', 'img', 'gt_bboxes_3d', 'gt_labels_3d'])
            ],
            classes=('bed', 'table', 'sofa', 'chair', 'toilet', 'desk',
                     'dresser', 'night_stand', 'bookshelf', 'bathtub'),
            filter_empty_gt=False,
            box_type_3d='Depth')),
    val=dict(
        type='SUNRGBDDataset',
        modality=dict(use_camera=True, use_lidar=True),
        data_root='/home/zero/USER/HEYU/DATA/sunrgbd_matlab/',
        ann_file=
        '/home/zero/USER/HEYU/DATA/sunrgbd_matlab/sunrgbd_infos_val.pkl',
        pipeline=[
            dict(
                type='LoadPointsFromFile',
                coord_type='DEPTH',
                shift_height=True,
                load_dim=6,
                use_dim=[0, 1, 2]),
            dict(type='LoadImageFromFile'),
            dict(
                type='MultiScaleFlipAug3D',
                img_scale=(1333, 600),
                pts_scale_ratio=1,
                flip=False,
                transforms=[
                    dict(
                        type='Resize',
                        multiscale_mode='value',
                        keep_ratio=True),
                    dict(
                        type='Normalize',
                        mean=[103.53, 116.28, 123.675],
                        std=[1.0, 1.0, 1.0],
                        to_rgb=False),
                    dict(type='Pad', size_divisor=32),
                    dict(
                        type='GlobalRotScaleTrans',
                        rot_range=[0, 0],
                        scale_ratio_range=[1.0, 1.0],
                        translation_std=[0, 0, 0]),
                    dict(
                        type='RandomFlip3D',
                        sync_2d=False,
                        flip_ratio_bev_horizontal=0.5),
                    dict(type='PointSample', num_points=20000),
                    dict(
                        type='DefaultFormatBundle3D',
                        class_names=('bed', 'table', 'sofa', 'chair', 'toilet',
                                     'desk', 'dresser', 'night_stand',
                                     'bookshelf', 'bathtub'),
                        with_label=False),
                    dict(type='Collect3D', keys=['points', 'img'])
                ])
        ],
        classes=('bed', 'table', 'sofa', 'chair', 'toilet', 'desk', 'dresser',
                 'night_stand', 'bookshelf', 'bathtub'),
        test_mode=True,
        box_type_3d='Depth'),
    test=dict(
        type='SUNRGBDDataset',
        modality=dict(use_camera=True, use_lidar=True),
        data_root='/home/zero/USER/HEYU/DATA/sunrgbd_matlab/',
        ann_file=
        '/home/zero/USER/HEYU/DATA/sunrgbd_matlab/sunrgbd_infos_val.pkl',
        pipeline=[
            dict(
                type='LoadPointsFromFile',
                coord_type='DEPTH',
                shift_height=True,
                load_dim=6,
                use_dim=[0, 1, 2]),
            dict(type='LoadImageFromFile'),
            dict(
                type='MultiScaleFlipAug3D',
                img_scale=(1333, 600),
                pts_scale_ratio=1,
                flip=False,
                transforms=[
                    dict(
                        type='Resize',
                        multiscale_mode='value',
                        keep_ratio=True),
                    dict(
                        type='Normalize',
                        mean=[103.53, 116.28, 123.675],
                        std=[1.0, 1.0, 1.0],
                        to_rgb=False),
                    dict(type='Pad', size_divisor=32),
                    dict(
                        type='GlobalRotScaleTrans',
                        rot_range=[0, 0],
                        scale_ratio_range=[1.0, 1.0],
                        translation_std=[0, 0, 0]),
                    dict(
                        type='RandomFlip3D',
                        sync_2d=False,
                        flip_ratio_bev_horizontal=0.5),
                    dict(type='PointSample', num_points=20000),
                    dict(
                        type='DefaultFormatBundle3D',
                        class_names=('bed', 'table', 'sofa', 'chair', 'toilet',
                                     'desk', 'dresser', 'night_stand',
                                     'bookshelf', 'bathtub'),
                        with_label=False),
                    dict(type='Collect3D', keys=['points', 'img'])
                ])
        ],
        classes=('bed', 'table', 'sofa', 'chair', 'toilet', 'desk', 'dresser',
                 'night_stand', 'bookshelf', 'bathtub'),
        test_mode=True,
        box_type_3d='Depth'))
checkpoint_config = dict(interval=1, max_keep_ckpts=1)
log_config = dict(interval=50, hooks=[dict(type='TextLoggerHook')])
dist_params = dict(backend='nccl')
log_level = 'INFO'
work_dir = '/home/zero/USER/HEYU/tr3d/work_dirs/NN/DFF/DFF_YOLOv11x_VoteNet_FF/1'
load_from = '/home/zero/USER/HEYU/MODEL/imvotenet_faster_rcnn_r50_fpn_2x4_sunrgbd-3d-10class_20210819_225618-62eba6ce.pth'
resume_from = None
workflow = [('train', 1)]
opencv_num_threads = 0
mp_start_method = 'fork'
gpu_ids = [0]

2026-05-28 03:05:19,463 - mmdet - INFO - Set random seed to 0, deterministic: False
Name of parameter - Initialization information

SA_modules.0.mlps.0.layer0.conv.weight - torch.Size([64, 4, 1, 1]): 
The value is the same before and after calling `init_weights` of RgbdPointNet2SASSG  

SA_modules.0.mlps.0.layer0.bn.weight - torch.Size([64]): 
The value is the same before and after calling `init_weights` of RgbdPointNet2SASSG  

SA_modules.0.mlps.0.layer0.bn.bias - torch.Size([64]): 
The value is the same before and after calling `init_weights` of RgbdPointNet2SASSG  

SA_modules.0.mlps.0.layer1.conv.weight - torch.Size([64, 64, 1, 1]): 
The value is the same before and after calling `init_weights` of RgbdPointNet2SASSG  

SA_modules.0.mlps.0.layer1.bn.weight - torch.Size([64]): 
The value is the same before and after calling `init_weights` of RgbdPointNet2SASSG  

SA_modules.0.mlps.0.layer1.bn.bias - torch.Size([64]): 
The value is the same before and after calling `init_weights` of RgbdPointNet2SASSG  

SA_modules.0.mlps.0.layer2.conv.weight - torch.Size([128, 64, 1, 1]): 
The value is the same before and after calling `init_weights` of RgbdPointNet2SASSG  

SA_modules.0.mlps.0.layer2.bn.weight - torch.Size([128]): 
The value is the same before and after calling `init_weights` of RgbdPointNet2SASSG  

SA_modules.0.mlps.0.layer2.bn.bias - torch.Size([128]): 
The value is the same before and after calling `init_weights` of RgbdPointNet2SASSG  

SA_modules.1.mlps.0.layer0.conv.weight - torch.Size([128, 131, 1, 1]): 
The value is the same before and after calling `init_weights` of RgbdPointNet2SASSG  

SA_modules.1.mlps.0.layer0.bn.weight - torch.Size([128]): 
The value is the same before and after calling `init_weights` of RgbdPointNet2SASSG  

SA_modules.1.mlps.0.layer0.bn.bias - torch.Size([128]): 
The value is the same before and after calling `init_weights` of RgbdPointNet2SASSG  

SA_modules.1.mlps.0.layer1.conv.weight - torch.Size([128, 128, 1, 1]): 
The value is the same before and after calling `init_weights` of RgbdPointNet2SASSG  

SA_modules.1.mlps.0.layer1.bn.weight - torch.Size([128]): 
The value is the same before and after calling `init_weights` of RgbdPointNet2SASSG  

SA_modules.1.mlps.0.layer1.bn.bias - torch.Size([128]): 
The value is the same before and after calling `init_weights` of RgbdPointNet2SASSG  

SA_modules.1.mlps.0.layer2.conv.weight - torch.Size([256, 128, 1, 1]): 
The value is the same before and after calling `init_weights` of RgbdPointNet2SASSG  

SA_modules.1.mlps.0.layer2.bn.weight - torch.Size([256]): 
The value is the same before and after calling `init_weights` of RgbdPointNet2SASSG  

SA_modules.1.mlps.0.layer2.bn.bias - torch.Size([256]): 
The value is the same before and after calling `init_weights` of RgbdPointNet2SASSG  

SA_modules.2.mlps.0.layer0.conv.weight - torch.Size([128, 259, 1, 1]): 
The value is the same before and after calling `init_weights` of RgbdPointNet2SASSG  

SA_modules.2.mlps.0.layer0.bn.weight - torch.Size([128]): 
The value is the same before and after calling `init_weights` of RgbdPointNet2SASSG  

SA_modules.2.mlps.0.layer0.bn.bias - torch.Size([128]): 
The value is the same before and after calling `init_weights` of RgbdPointNet2SASSG  

SA_modules.2.mlps.0.layer1.conv.weight - torch.Size([128, 128, 1, 1]): 
The value is the same before and after calling `init_weights` of RgbdPointNet2SASSG  

SA_modules.2.mlps.0.layer1.bn.weight - torch.Size([128]): 
The value is the same before and after calling `init_weights` of RgbdPointNet2SASSG  

SA_modules.2.mlps.0.layer1.bn.bias - torch.Size([128]): 
The value is the same before and after calling `init_weights` of RgbdPointNet2SASSG  

SA_modules.2.mlps.0.layer2.conv.weight - torch.Size([256, 128, 1, 1]): 
The value is the same before and after calling `init_weights` of RgbdPointNet2SASSG  

SA_modules.2.mlps.0.layer2.bn.weight - torch.Size([256]): 
The value is the same before and after calling `init_weights` of RgbdPointNet2SASSG  

SA_modules.2.mlps.0.layer2.bn.bias - torch.Size([256]): 
The value is the same before and after calling `init_weights` of RgbdPointNet2SASSG  

SA_modules.3.mlps.0.layer0.conv.weight - torch.Size([128, 259, 1, 1]): 
The value is the same before and after calling `init_weights` of RgbdPointNet2SASSG  

SA_modules.3.mlps.0.layer0.bn.weight - torch.Size([128]): 
The value is the same before and after calling `init_weights` of RgbdPointNet2SASSG  

SA_modules.3.mlps.0.layer0.bn.bias - torch.Size([128]): 
The value is the same before and after calling `init_weights` of RgbdPointNet2SASSG  

SA_modules.3.mlps.0.layer1.conv.weight - torch.Size([128, 128, 1, 1]): 
The value is the same before and after calling `init_weights` of RgbdPointNet2SASSG  

SA_modules.3.mlps.0.layer1.bn.weight - torch.Size([128]): 
The value is the same before and after calling `init_weights` of RgbdPointNet2SASSG  

SA_modules.3.mlps.0.layer1.bn.bias - torch.Size([128]): 
The value is the same before and after calling `init_weights` of RgbdPointNet2SASSG  

SA_modules.3.mlps.0.layer2.conv.weight - torch.Size([256, 128, 1, 1]): 
The value is the same before and after calling `init_weights` of RgbdPointNet2SASSG  

SA_modules.3.mlps.0.layer2.bn.weight - torch.Size([256]): 
The value is the same before and after calling `init_weights` of RgbdPointNet2SASSG  

SA_modules.3.mlps.0.layer2.bn.bias - torch.Size([256]): 
The value is the same before and after calling `init_weights` of RgbdPointNet2SASSG  

FP_modules.0.mlps.layer0.conv.weight - torch.Size([256, 512, 1, 1]): 
The value is the same before and after calling `init_weights` of RgbdPointNet2SASSG  

FP_modules.0.mlps.layer0.bn.weight - torch.Size([256]): 
The value is the same before and after calling `init_weights` of RgbdPointNet2SASSG  

FP_modules.0.mlps.layer0.bn.bias - torch.Size([256]): 
The value is the same before and after calling `init_weights` of RgbdPointNet2SASSG  

FP_modules.0.mlps.layer1.conv.weight - torch.Size([256, 256, 1, 1]): 
The value is the same before and after calling `init_weights` of RgbdPointNet2SASSG  

FP_modules.0.mlps.layer1.bn.weight - torch.Size([256]): 
The value is the same before and after calling `init_weights` of RgbdPointNet2SASSG  

FP_modules.0.mlps.layer1.bn.bias - torch.Size([256]): 
The value is the same before and after calling `init_weights` of RgbdPointNet2SASSG  

FP_modules.1.mlps.layer0.conv.weight - torch.Size([256, 512, 1, 1]): 
The value is the same before and after calling `init_weights` of RgbdPointNet2SASSG  

FP_modules.1.mlps.layer0.bn.weight - torch.Size([256]): 
The value is the same before and after calling `init_weights` of RgbdPointNet2SASSG  

FP_modules.1.mlps.layer0.bn.bias - torch.Size([256]): 
The value is the same before and after calling `init_weights` of RgbdPointNet2SASSG  

FP_modules.1.mlps.layer1.conv.weight - torch.Size([256, 256, 1, 1]): 
The value is the same before and after calling `init_weights` of RgbdPointNet2SASSG  

FP_modules.1.mlps.layer1.bn.weight - torch.Size([256]): 
The value is the same before and after calling `init_weights` of RgbdPointNet2SASSG  

FP_modules.1.mlps.layer1.bn.bias - torch.Size([256]): 
The value is the same before and after calling `init_weights` of RgbdPointNet2SASSG  
Name of parameter - Initialization information

vote_module.vote_conv.0.conv.weight - torch.Size([256, 256, 1]): 
The value is the same before and after calling `init_weights` of VoteHead  

vote_module.vote_conv.0.conv.bias - torch.Size([256]): 
The value is the same before and after calling `init_weights` of VoteHead  

vote_module.vote_conv.0.bn.weight - torch.Size([256]): 
The value is the same before and after calling `init_weights` of VoteHead  

vote_module.vote_conv.0.bn.bias - torch.Size([256]): 
The value is the same before and after calling `init_weights` of VoteHead  

vote_module.vote_conv.1.conv.weight - torch.Size([256, 256, 1]): 
The value is the same before and after calling `init_weights` of VoteHead  

vote_module.vote_conv.1.conv.bias - torch.Size([256]): 
The value is the same before and after calling `init_weights` of VoteHead  

vote_module.vote_conv.1.bn.weight - torch.Size([256]): 
The value is the same before and after calling `init_weights` of VoteHead  

vote_module.vote_conv.1.bn.bias - torch.Size([256]): 
The value is the same before and after calling `init_weights` of VoteHead  

vote_module.conv_out.weight - torch.Size([259, 256, 1]): 
The value is the same before and after calling `init_weights` of VoteHead  

vote_module.conv_out.bias - torch.Size([259]): 
The value is the same before and after calling `init_weights` of VoteHead  

vote_aggregation.mlps.0.layer0.conv.weight - torch.Size([128, 259, 1, 1]): 
The value is the same before and after calling `init_weights` of VoteHead  

vote_aggregation.mlps.0.layer0.bn.weight - torch.Size([128]): 
The value is the same before and after calling `init_weights` of VoteHead  

vote_aggregation.mlps.0.layer0.bn.bias - torch.Size([128]): 
The value is the same before and after calling `init_weights` of VoteHead  

vote_aggregation.mlps.0.layer1.conv.weight - torch.Size([128, 128, 1, 1]): 
The value is the same before and after calling `init_weights` of VoteHead  

vote_aggregation.mlps.0.layer1.bn.weight - torch.Size([128]): 
The value is the same before and after calling `init_weights` of VoteHead  

vote_aggregation.mlps.0.layer1.bn.bias - torch.Size([128]): 
The value is the same before and after calling `init_weights` of VoteHead  

vote_aggregation.mlps.0.layer2.conv.weight - torch.Size([128, 128, 1, 1]): 
The value is the same before and after calling `init_weights` of VoteHead  

vote_aggregation.mlps.0.layer2.bn.weight - torch.Size([128]): 
The value is the same before and after calling `init_weights` of VoteHead  

vote_aggregation.mlps.0.layer2.bn.bias - torch.Size([128]): 
The value is the same before and after calling `init_weights` of VoteHead  

conv_pred.shared_convs.layer0.conv.weight - torch.Size([128, 128, 1]): 
The value is the same before and after calling `init_weights` of VoteHead  

conv_pred.shared_convs.layer0.conv.bias - torch.Size([128]): 
The value is the same before and after calling `init_weights` of VoteHead  

conv_pred.shared_convs.layer0.bn.weight - torch.Size([128]): 
The value is the same before and after calling `init_weights` of VoteHead  

conv_pred.shared_convs.layer0.bn.bias - torch.Size([128]): 
The value is the same before and after calling `init_weights` of VoteHead  

conv_pred.shared_convs.layer1.conv.weight - torch.Size([128, 128, 1]): 
The value is the same before and after calling `init_weights` of VoteHead  

conv_pred.shared_convs.layer1.conv.bias - torch.Size([128]): 
The value is the same before and after calling `init_weights` of VoteHead  

conv_pred.shared_convs.layer1.bn.weight - torch.Size([128]): 
The value is the same before and after calling `init_weights` of VoteHead  

conv_pred.shared_convs.layer1.bn.bias - torch.Size([128]): 
The value is the same before and after calling `init_weights` of VoteHead  

conv_pred.conv_cls.weight - torch.Size([12, 128, 1]): 
The value is the same before and after calling `init_weights` of VoteHead  

conv_pred.conv_cls.bias - torch.Size([12]): 
The value is the same before and after calling `init_weights` of VoteHead  

conv_pred.conv_reg.weight - torch.Size([67, 128, 1]): 
The value is the same before and after calling `init_weights` of VoteHead  

conv_pred.conv_reg.bias - torch.Size([67]): 
The value is the same before and after calling `init_weights` of VoteHead  
2026-05-28 03:05:19,620 - mmdet - INFO - Model:
VoteNetFF(
  (backbone): RgbdPointNet2SASSG(
    (SA_modules): ModuleList(
      (0): PointSAModule(
        (groupers): ModuleList(
          (0): QueryAndGroup()
        )
        (mlps): ModuleList(
          (0): Sequential(
            (layer0): ConvModule(
              (conv): Conv2d(4, 64, kernel_size=(1, 1), stride=(1, 1), bias=False)
              (bn): BatchNorm2d(64, eps=1e-05, momentum=0.1, affine=True, track_running_stats=True)
              (activate): ReLU(inplace=True)
            )
            (layer1): ConvModule(
              (conv): Conv2d(64, 64, kernel_size=(1, 1), stride=(1, 1), bias=False)
              (bn): BatchNorm2d(64, eps=1e-05, momentum=0.1, affine=True, track_running_stats=True)
              (activate): ReLU(inplace=True)
            )
            (layer2): ConvModule(
              (conv): Conv2d(64, 128, kernel_size=(1, 1), stride=(1, 1), bias=False)
              (bn): BatchNorm2d(128, eps=1e-05, momentum=0.1, affine=True, track_running_stats=True)
              (activate): ReLU(inplace=True)
            )
          )
        )
        (points_sampler): PointsSampler(
          (samplers): ModuleList(
            (0): DFPSSampler()
          )
        )
      )
      (1): PointSAModule(
        (groupers): ModuleList(
          (0): QueryAndGroup()
        )
        (mlps): ModuleList(
          (0): Sequential(
            (layer0): ConvModule(
              (conv): Conv2d(131, 128, kernel_size=(1, 1), stride=(1, 1), bias=False)
              (bn): BatchNorm2d(128, eps=1e-05, momentum=0.1, affine=True, track_running_stats=True)
              (activate): ReLU(inplace=True)
            )
            (layer1): ConvModule(
              (conv): Conv2d(128, 128, kernel_size=(1, 1), stride=(1, 1), bias=False)
              (bn): BatchNorm2d(128, eps=1e-05, momentum=0.1, affine=True, track_running_stats=True)
              (activate): ReLU(inplace=True)
            )
            (layer2): ConvModule(
              (conv): Conv2d(128, 256, kernel_size=(1, 1), stride=(1, 1), bias=False)
              (bn): BatchNorm2d(256, eps=1e-05, momentum=0.1, affine=True, track_running_stats=True)
              (activate): ReLU(inplace=True)
            )
          )
        )
        (points_sampler): PointsSampler(
          (samplers): ModuleList(
            (0): DFPSSampler()
          )
        )
      )
      (2-3): 2 x PointSAModule(
        (groupers): ModuleList(
          (0): QueryAndGroup()
        )
        (mlps): ModuleList(
          (0): Sequential(
            (layer0): ConvModule(
              (conv): Conv2d(259, 128, kernel_size=(1, 1), stride=(1, 1), bias=False)
              (bn): BatchNorm2d(128, eps=1e-05, momentum=0.1, affine=True, track_running_stats=True)
              (activate): ReLU(inplace=True)
            )
            (layer1): ConvModule(
              (conv): Conv2d(128, 128, kernel_size=(1, 1), stride=(1, 1), bias=False)
              (bn): BatchNorm2d(128, eps=1e-05, momentum=0.1, affine=True, track_running_stats=True)
              (activate): ReLU(inplace=True)
            )
            (layer2): ConvModule(
              (conv): Conv2d(128, 256, kernel_size=(1, 1), stride=(1, 1), bias=False)
              (bn): BatchNorm2d(256, eps=1e-05, momentum=0.1, affine=True, track_running_stats=True)
              (activate): ReLU(inplace=True)
            )
          )
        )
        (points_sampler): PointsSampler(
          (samplers): ModuleList(
            (0): DFPSSampler()
          )
        )
      )
    )
    (FP_modules): ModuleList(
      (0-1): 2 x PointFPModule(
        (mlps): Sequential(
          (layer0): ConvModule(
            (conv): Conv2d(512, 256, kernel_size=(1, 1), stride=(1, 1), bias=False)
            (bn): BatchNorm2d(256, eps=1e-05, momentum=0.1, affine=True, track_running_stats=True)
            (activate): ReLU(inplace=True)
          )
          (layer1): ConvModule(
            (conv): Conv2d(256, 256, kernel_size=(1, 1), stride=(1, 1), bias=False)
            (bn): BatchNorm2d(256, eps=1e-05, momentum=0.1, affine=True, track_running_stats=True)
            (activate): ReLU(inplace=True)
          )
        )
      )
    )
  )
  (bbox_head): VoteHead(
    (objectness_loss): CrossEntropyLoss(avg_non_ignore=False)
    (center_loss): ChamferDistance()
    (dir_res_loss): SmoothL1Loss()
    (dir_class_loss): CrossEntropyLoss(avg_non_ignore=False)
    (size_res_loss): SmoothL1Loss()
    (size_class_loss): CrossEntropyLoss(avg_non_ignore=False)
    (semantic_loss): CrossEntropyLoss(avg_non_ignore=False)
    (vote_module): VoteModule(
      (vote_loss): ChamferDistance()
      (vote_conv): Sequential(
        (0): ConvModule(
          (conv): Conv1d(256, 256, kernel_size=(1,), stride=(1,))
          (bn): BatchNorm1d(256, eps=1e-05, momentum=0.1, affine=True, track_running_stats=True)
          (activate): ReLU(inplace=True)
        )
        (1): ConvModule(
          (conv): Conv1d(256, 256, kernel_size=(1,), stride=(1,))
          (bn): BatchNorm1d(256, eps=1e-05, momentum=0.1, affine=True, track_running_stats=True)
          (activate): ReLU(inplace=True)
        )
      )
      (conv_out): Conv1d(256, 259, kernel_size=(1,), stride=(1,))
    )
    (vote_aggregation): PointSAModule(
      (groupers): ModuleList(
        (0): QueryAndGroup()
      )
      (mlps): ModuleList(
        (0): Sequential(
          (layer0): ConvModule(
            (conv): Conv2d(259, 128, kernel_size=(1, 1), stride=(1, 1), bias=False)
            (bn): BatchNorm2d(128, eps=1e-05, momentum=0.1, affine=True, track_running_stats=True)
            (activate): ReLU(inplace=True)
          )
          (layer1): ConvModule(
            (conv): Conv2d(128, 128, kernel_size=(1, 1), stride=(1, 1), bias=False)
            (bn): BatchNorm2d(128, eps=1e-05, momentum=0.1, affine=True, track_running_stats=True)
            (activate): ReLU(inplace=True)
          )
          (layer2): ConvModule(
            (conv): Conv2d(128, 128, kernel_size=(1, 1), stride=(1, 1), bias=False)
            (bn): BatchNorm2d(128, eps=1e-05, momentum=0.1, affine=True, track_running_stats=True)
            (activate): ReLU(inplace=True)
          )
        )
      )
      (points_sampler): PointsSampler(
        (samplers): ModuleList(
          (0): DFPSSampler()
        )
      )
    )
    (conv_pred): BaseConvBboxHead(
      (shared_convs): Sequential(
        (layer0): ConvModule(
          (conv): Conv1d(128, 128, kernel_size=(1,), stride=(1,))
          (bn): BatchNorm1d(128, eps=1e-05, momentum=0.1, affine=True, track_running_stats=True)
          (activate): ReLU(inplace=True)
        )
        (layer1): ConvModule(
          (conv): Conv1d(128, 128, kernel_size=(1,), stride=(1,))
          (bn): BatchNorm1d(128, eps=1e-05, momentum=0.1, affine=True, track_running_stats=True)
          (activate): ReLU(inplace=True)
        )
      )
      (conv_cls): Conv1d(128, 12, kernel_size=(1,), stride=(1,))
      (conv_reg): Conv1d(128, 67, kernel_size=(1,), stride=(1,))
    )
  )
  (img_backbone): ResNet(
    (conv1): Conv2d(3, 64, kernel_size=(7, 7), stride=(2, 2), padding=(3, 3), bias=False)
    (bn1): BatchNorm2d(64, eps=1e-05, momentum=0.1, affine=True, track_running_stats=True)
    (relu): ReLU(inplace=True)
    (maxpool): MaxPool2d(kernel_size=3, stride=2, padding=1, dilation=1, ceil_mode=False)
    (layer1): ResLayer(
      (0): Bottleneck(
        (conv1): Conv2d(64, 64, kernel_size=(1, 1), stride=(1, 1), bias=False)
        (bn1): BatchNorm2d(64, eps=1e-05, momentum=0.1, affine=True, track_running_stats=True)
        (conv2): Conv2d(64, 64, kernel_size=(3, 3), stride=(1, 1), padding=(1, 1), bias=False)
        (bn2): BatchNorm2d(64, eps=1e-05, momentum=0.1, affine=True, track_running_stats=True)
        (conv3): Conv2d(64, 256, kernel_size=(1, 1), stride=(1, 1), bias=False)
        (bn3): BatchNorm2d(256, eps=1e-05, momentum=0.1, affine=True, track_running_stats=True)
        (relu): ReLU(inplace=True)
        (downsample): Sequential(
          (0): Conv2d(64, 256, kernel_size=(1, 1), stride=(1, 1), bias=False)
          (1): BatchNorm2d(256, eps=1e-05, momentum=0.1, affine=True, track_running_stats=True)
        )
      )
      init_cfg={'type': 'Constant', 'val': 0, 'override': {'name': 'norm3'}}
      (1): Bottleneck(
        (conv1): Conv2d(256, 64, kernel_size=(1, 1), stride=(1, 1), bias=False)
        (bn1): BatchNorm2d(64, eps=1e-05, momentum=0.1, affine=True, track_running_stats=True)
        (conv2): Conv2d(64, 64, kernel_size=(3, 3), stride=(1, 1), padding=(1, 1), bias=False)
        (bn2): BatchNorm2d(64, eps=1e-05, momentum=0.1, affine=True, track_running_stats=True)
        (conv3): Conv2d(64, 256, kernel_size=(1, 1), stride=(1, 1), bias=False)
        (bn3): BatchNorm2d(256, eps=1e-05, momentum=0.1, affine=True, track_running_stats=True)
        (relu): ReLU(inplace=True)
      )
      init_cfg={'type': 'Constant', 'val': 0, 'override': {'name': 'norm3'}}
      (2): Bottleneck(
        (conv1): Conv2d(256, 64, kernel_size=(1, 1), stride=(1, 1), bias=False)
        (bn1): BatchNorm2d(64, eps=1e-05, momentum=0.1, affine=True, track_running_stats=True)
        (conv2): Conv2d(64, 64, kernel_size=(3, 3), stride=(1, 1), padding=(1, 1), bias=False)
        (bn2): BatchNorm2d(64, eps=1e-05, momentum=0.1, affine=True, track_running_stats=True)
        (conv3): Conv2d(64, 256, kernel_size=(1, 1), stride=(1, 1), bias=False)
        (bn3): BatchNorm2d(256, eps=1e-05, momentum=0.1, affine=True, track_running_stats=True)
        (relu): ReLU(inplace=True)
      )
      init_cfg={'type': 'Constant', 'val': 0, 'override': {'name': 'norm3'}}
    )
    (layer2): ResLayer(
      (0): Bottleneck(
        (conv1): Conv2d(256, 128, kernel_size=(1, 1), stride=(2, 2), bias=False)
        (bn1): BatchNorm2d(128, eps=1e-05, momentum=0.1, affine=True, track_running_stats=True)
        (conv2): Conv2d(128, 128, kernel_size=(3, 3), stride=(1, 1), padding=(1, 1), bias=False)
        (bn2): BatchNorm2d(128, eps=1e-05, momentum=0.1, affine=True, track_running_stats=True)
        (conv3): Conv2d(128, 512, kernel_size=(1, 1), stride=(1, 1), bias=False)
        (bn3): BatchNorm2d(512, eps=1e-05, momentum=0.1, affine=True, track_running_stats=True)
        (relu): ReLU(inplace=True)
        (downsample): Sequential(
          (0): Conv2d(256, 512, kernel_size=(1, 1), stride=(2, 2), bias=False)
          (1): BatchNorm2d(512, eps=1e-05, momentum=0.1, affine=True, track_running_stats=True)
        )
      )
      init_cfg={'type': 'Constant', 'val': 0, 'override': {'name': 'norm3'}}
      (1): Bottleneck(
        (conv1): Conv2d(512, 128, kernel_size=(1, 1), stride=(1, 1), bias=False)
        (bn1): BatchNorm2d(128, eps=1e-05, momentum=0.1, affine=True, track_running_stats=True)
        (conv2): Conv2d(128, 128, kernel_size=(3, 3), stride=(1, 1), padding=(1, 1), bias=False)
        (bn2): BatchNorm2d(128, eps=1e-05, momentum=0.1, affine=True, track_running_stats=True)
        (conv3): Conv2d(128, 512, kernel_size=(1, 1), stride=(1, 1), bias=False)
        (bn3): BatchNorm2d(512, eps=1e-05, momentum=0.1, affine=True, track_running_stats=True)
        (relu): ReLU(inplace=True)
      )
      init_cfg={'type': 'Constant', 'val': 0, 'override': {'name': 'norm3'}}
      (2): Bottleneck(
        (conv1): Conv2d(512, 128, kernel_size=(1, 1), stride=(1, 1), bias=False)
        (bn1): BatchNorm2d(128, eps=1e-05, momentum=0.1, affine=True, track_running_stats=True)
        (conv2): Conv2d(128, 128, kernel_size=(3, 3), stride=(1, 1), padding=(1, 1), bias=False)
        (bn2): BatchNorm2d(128, eps=1e-05, momentum=0.1, affine=True, track_running_stats=True)
        (conv3): Conv2d(128, 512, kernel_size=(1, 1), stride=(1, 1), bias=False)
        (bn3): BatchNorm2d(512, eps=1e-05, momentum=0.1, affine=True, track_running_stats=True)
        (relu): ReLU(inplace=True)
      )
      init_cfg={'type': 'Constant', 'val': 0, 'override': {'name': 'norm3'}}
      (3): Bottleneck(
        (conv1): Conv2d(512, 128, kernel_size=(1, 1), stride=(1, 1), bias=False)
        (bn1): BatchNorm2d(128, eps=1e-05, momentum=0.1, affine=True, track_running_stats=True)
        (conv2): Conv2d(128, 128, kernel_size=(3, 3), stride=(1, 1), padding=(1, 1), bias=False)
        (bn2): BatchNorm2d(128, eps=1e-05, momentum=0.1, affine=True, track_running_stats=True)
        (conv3): Conv2d(128, 512, kernel_size=(1, 1), stride=(1, 1), bias=False)
        (bn3): BatchNorm2d(512, eps=1e-05, momentum=0.1, affine=True, track_running_stats=True)
        (relu): ReLU(inplace=True)
      )
      init_cfg={'type': 'Constant', 'val': 0, 'override': {'name': 'norm3'}}
    )
    (layer3): ResLayer(
      (0): Bottleneck(
        (conv1): Conv2d(512, 256, kernel_size=(1, 1), stride=(2, 2), bias=False)
        (bn1): BatchNorm2d(256, eps=1e-05, momentum=0.1, affine=True, track_running_stats=True)
        (conv2): Conv2d(256, 256, kernel_size=(3, 3), stride=(1, 1), padding=(1, 1), bias=False)
        (bn2): BatchNorm2d(256, eps=1e-05, momentum=0.1, affine=True, track_running_stats=True)
        (conv3): Conv2d(256, 1024, kernel_size=(1, 1), stride=(1, 1), bias=False)
        (bn3): BatchNorm2d(1024, eps=1e-05, momentum=0.1, affine=True, track_running_stats=True)
        (relu): ReLU(inplace=True)
        (downsample): Sequential(
          (0): Conv2d(512, 1024, kernel_size=(1, 1), stride=(2, 2), bias=False)
          (1): BatchNorm2d(1024, eps=1e-05, momentum=0.1, affine=True, track_running_stats=True)
        )
      )
      init_cfg={'type': 'Constant', 'val': 0, 'override': {'name': 'norm3'}}
      (1): Bottleneck(
        (conv1): Conv2d(1024, 256, kernel_size=(1, 1), stride=(1, 1), bias=False)
        (bn1): BatchNorm2d(256, eps=1e-05, momentum=0.1, affine=True, track_running_stats=True)
        (conv2): Conv2d(256, 256, kernel_size=(3, 3), stride=(1, 1), padding=(1, 1), bias=False)
        (bn2): BatchNorm2d(256, eps=1e-05, momentum=0.1, affine=True, track_running_stats=True)
        (conv3): Conv2d(256, 1024, kernel_size=(1, 1), stride=(1, 1), bias=False)
        (bn3): BatchNorm2d(1024, eps=1e-05, momentum=0.1, affine=True, track_running_stats=True)
        (relu): ReLU(inplace=True)
      )
      init_cfg={'type': 'Constant', 'val': 0, 'override': {'name': 'norm3'}}
      (2): Bottleneck(
        (conv1): Conv2d(1024, 256, kernel_size=(1, 1), stride=(1, 1), bias=False)
        (bn1): BatchNorm2d(256, eps=1e-05, momentum=0.1, affine=True, track_running_stats=True)
        (conv2): Conv2d(256, 256, kernel_size=(3, 3), stride=(1, 1), padding=(1, 1), bias=False)
        (bn2): BatchNorm2d(256, eps=1e-05, momentum=0.1, affine=True, track_running_stats=True)
        (conv3): Conv2d(256, 1024, kernel_size=(1, 1), stride=(1, 1), bias=False)
        (bn3): BatchNorm2d(1024, eps=1e-05, momentum=0.1, affine=True, track_running_stats=True)
        (relu): ReLU(inplace=True)
      )
      init_cfg={'type': 'Constant', 'val': 0, 'override': {'name': 'norm3'}}
      (3): Bottleneck(
        (conv1): Conv2d(1024, 256, kernel_size=(1, 1), stride=(1, 1), bias=False)
        (bn1): BatchNorm2d(256, eps=1e-05, momentum=0.1, affine=True, track_running_stats=True)
        (conv2): Conv2d(256, 256, kernel_size=(3, 3), stride=(1, 1), padding=(1, 1), bias=False)
        (bn2): BatchNorm2d(256, eps=1e-05, momentum=0.1, affine=True, track_running_stats=True)
        (conv3): Conv2d(256, 1024, kernel_size=(1, 1), stride=(1, 1), bias=False)
        (bn3): BatchNorm2d(1024, eps=1e-05, momentum=0.1, affine=True, track_running_stats=True)
        (relu): ReLU(inplace=True)
      )
      init_cfg={'type': 'Constant', 'val': 0, 'override': {'name': 'norm3'}}
      (4): Bottleneck(
        (conv1): Conv2d(1024, 256, kernel_size=(1, 1), stride=(1, 1), bias=False)
        (bn1): BatchNorm2d(256, eps=1e-05, momentum=0.1, affine=True, track_running_stats=True)
        (conv2): Conv2d(256, 256, kernel_size=(3, 3), stride=(1, 1), padding=(1, 1), bias=False)
        (bn2): BatchNorm2d(256, eps=1e-05, momentum=0.1, affine=True, track_running_stats=True)
        (conv3): Conv2d(256, 1024, kernel_size=(1, 1), stride=(1, 1), bias=False)
        (bn3): BatchNorm2d(1024, eps=1e-05, momentum=0.1, affine=True, track_running_stats=True)
        (relu): ReLU(inplace=True)
      )
      init_cfg={'type': 'Constant', 'val': 0, 'override': {'name': 'norm3'}}
      (5): Bottleneck(
        (conv1): Conv2d(1024, 256, kernel_size=(1, 1), stride=(1, 1), bias=False)
        (bn1): BatchNorm2d(256, eps=1e-05, momentum=0.1, affine=True, track_running_stats=True)
        (conv2): Conv2d(256, 256, kernel_size=(3, 3), stride=(1, 1), padding=(1, 1), bias=False)
        (bn2): BatchNorm2d(256, eps=1e-05, momentum=0.1, affine=True, track_running_stats=True)
        (conv3): Conv2d(256, 1024, kernel_size=(1, 1), stride=(1, 1), bias=False)
        (bn3): BatchNorm2d(1024, eps=1e-05, momentum=0.1, affine=True, track_running_stats=True)
        (relu): ReLU(inplace=True)
      )
      init_cfg={'type': 'Constant', 'val': 0, 'override': {'name': 'norm3'}}
    )
    (layer4): ResLayer(
      (0): Bottleneck(
        (conv1): Conv2d(1024, 512, kernel_size=(1, 1), stride=(2, 2), bias=False)
        (bn1): BatchNorm2d(512, eps=1e-05, momentum=0.1, affine=True, track_running_stats=True)
        (conv2): Conv2d(512, 512, kernel_size=(3, 3), stride=(1, 1), padding=(1, 1), bias=False)
        (bn2): BatchNorm2d(512, eps=1e-05, momentum=0.1, affine=True, track_running_stats=True)
        (conv3): Conv2d(512, 2048, kernel_size=(1, 1), stride=(1, 1), bias=False)
        (bn3): BatchNorm2d(2048, eps=1e-05, momentum=0.1, affine=True, track_running_stats=True)
        (relu): ReLU(inplace=True)
        (downsample): Sequential(
          (0): Conv2d(1024, 2048, kernel_size=(1, 1), stride=(2, 2), bias=False)
          (1): BatchNorm2d(2048, eps=1e-05, momentum=0.1, affine=True, track_running_stats=True)
        )
      )
      init_cfg={'type': 'Constant', 'val': 0, 'override': {'name': 'norm3'}}
      (1): Bottleneck(
        (conv1): Conv2d(2048, 512, kernel_size=(1, 1), stride=(1, 1), bias=False)
        (bn1): BatchNorm2d(512, eps=1e-05, momentum=0.1, affine=True, track_running_stats=True)
        (conv2): Conv2d(512, 512, kernel_size=(3, 3), stride=(1, 1), padding=(1, 1), bias=False)
        (bn2): BatchNorm2d(512, eps=1e-05, momentum=0.1, affine=True, track_running_stats=True)
        (conv3): Conv2d(512, 2048, kernel_size=(1, 1), stride=(1, 1), bias=False)
        (bn3): BatchNorm2d(2048, eps=1e-05, momentum=0.1, affine=True, track_running_stats=True)
        (relu): ReLU(inplace=True)
      )
      init_cfg={'type': 'Constant', 'val': 0, 'override': {'name': 'norm3'}}
      (2): Bottleneck(
        (conv1): Conv2d(2048, 512, kernel_size=(1, 1), stride=(1, 1), bias=False)
        (bn1): BatchNorm2d(512, eps=1e-05, momentum=0.1, affine=True, track_running_stats=True)
        (conv2): Conv2d(512, 512, kernel_size=(3, 3), stride=(1, 1), padding=(1, 1), bias=False)
        (bn2): BatchNorm2d(512, eps=1e-05, momentum=0.1, affine=True, track_running_stats=True)
        (conv3): Conv2d(512, 2048, kernel_size=(1, 1), stride=(1, 1), bias=False)
        (bn3): BatchNorm2d(2048, eps=1e-05, momentum=0.1, affine=True, track_running_stats=True)
        (relu): ReLU(inplace=True)
      )
      init_cfg={'type': 'Constant', 'val': 0, 'override': {'name': 'norm3'}}
    )
  )
  init_cfg=[{'type': 'Kaiming', 'layer': 'Conv2d'}, {'type': 'Constant', 'val': 1, 'layer': ['_BatchNorm', 'GroupNorm']}]
  (img_neck): FPN(
    (lateral_convs): ModuleList(
      (0): ConvModule(
        (conv): Conv2d(256, 256, kernel_size=(1, 1), stride=(1, 1))
      )
      (1): ConvModule(
        (conv): Conv2d(512, 256, kernel_size=(1, 1), stride=(1, 1))
      )
      (2): ConvModule(
        (conv): Conv2d(1024, 256, kernel_size=(1, 1), stride=(1, 1))
      )
      (3): ConvModule(
        (conv): Conv2d(2048, 256, kernel_size=(1, 1), stride=(1, 1))
      )
    )
    (fpn_convs): ModuleList(
      (0-3): 4 x ConvModule(
        (conv): Conv2d(256, 256, kernel_size=(3, 3), stride=(1, 1), padding=(1, 1))
      )
    )
  )
  init_cfg={'type': 'Xavier', 'layer': 'Conv2d', 'distribution': 'uniform'}
  (conv): Sequential(
    (0): Conv1d(256, 128, kernel_size=(1,), stride=(1,))
    (1): BatchNorm1d(128, eps=1e-05, momentum=0.1, affine=True, track_running_stats=True)
    (2): ReLU(inplace=True)
  )
  (keep_ratio_predictor_MLPNET): KeepRatioPredictorMLPNet(
    (net): Sequential(
      (0): Linear(in_features=6, out_features=128, bias=True)
      (1): ReLU()
      (2): Linear(in_features=128, out_features=2, bias=True)
      (3): Tanh()
    )
  )
)
2026-05-28 03:05:21,280 - mmdet - INFO - load checkpoint from local path: /home/zero/USER/HEYU/MODEL/imvotenet_faster_rcnn_r50_fpn_2x4_sunrgbd-3d-10class_20210819_225618-62eba6ce.pth
2026-05-28 03:05:21,384 - mmdet - WARNING - The model and loaded state dict do not match exactly

unexpected key in source state_dict: img_rpn_head.rpn_conv.weight, img_rpn_head.rpn_conv.bias, img_rpn_head.rpn_cls.weight, img_rpn_head.rpn_cls.bias, img_rpn_head.rpn_reg.weight, img_rpn_head.rpn_reg.bias, img_roi_head.bbox_head.fc_cls.weight, img_roi_head.bbox_head.fc_cls.bias, img_roi_head.bbox_head.fc_reg.weight, img_roi_head.bbox_head.fc_reg.bias, img_roi_head.bbox_head.shared_fcs.0.weight, img_roi_head.bbox_head.shared_fcs.0.bias, img_roi_head.bbox_head.shared_fcs.1.weight, img_roi_head.bbox_head.shared_fcs.1.bias

missing keys in source state_dict: backbone.SA_modules.0.mlps.0.layer0.conv.weight, backbone.SA_modules.0.mlps.0.layer0.bn.weight, backbone.SA_modules.0.mlps.0.layer0.bn.bias, backbone.SA_modules.0.mlps.0.layer0.bn.running_mean, backbone.SA_modules.0.mlps.0.layer0.bn.running_var, backbone.SA_modules.0.mlps.0.layer1.conv.weight, backbone.SA_modules.0.mlps.0.layer1.bn.weight, backbone.SA_modules.0.mlps.0.layer1.bn.bias, backbone.SA_modules.0.mlps.0.layer1.bn.running_mean, backbone.SA_modules.0.mlps.0.layer1.bn.running_var, backbone.SA_modules.0.mlps.0.layer2.conv.weight, backbone.SA_modules.0.mlps.0.layer2.bn.weight, backbone.SA_modules.0.mlps.0.layer2.bn.bias, backbone.SA_modules.0.mlps.0.layer2.bn.running_mean, backbone.SA_modules.0.mlps.0.layer2.bn.running_var, backbone.SA_modules.1.mlps.0.layer0.conv.weight, backbone.SA_modules.1.mlps.0.layer0.bn.weight, backbone.SA_modules.1.mlps.0.layer0.bn.bias, backbone.SA_modules.1.mlps.0.layer0.bn.running_mean, backbone.SA_modules.1.mlps.0.layer0.bn.running_var, backbone.SA_modules.1.mlps.0.layer1.conv.weight, backbone.SA_modules.1.mlps.0.layer1.bn.weight, backbone.SA_modules.1.mlps.0.layer1.bn.bias, backbone.SA_modules.1.mlps.0.layer1.bn.running_mean, backbone.SA_modules.1.mlps.0.layer1.bn.running_var, backbone.SA_modules.1.mlps.0.layer2.conv.weight, backbone.SA_modules.1.mlps.0.layer2.bn.weight, backbone.SA_modules.1.mlps.0.layer2.bn.bias, backbone.SA_modules.1.mlps.0.layer2.bn.running_mean, backbone.SA_modules.1.mlps.0.layer2.bn.running_var, backbone.SA_modules.2.mlps.0.layer0.conv.weight, backbone.SA_modules.2.mlps.0.layer0.bn.weight, backbone.SA_modules.2.mlps.0.layer0.bn.bias, backbone.SA_modules.2.mlps.0.layer0.bn.running_mean, backbone.SA_modules.2.mlps.0.layer0.bn.running_var, backbone.SA_modules.2.mlps.0.layer1.conv.weight, backbone.SA_modules.2.mlps.0.layer1.bn.weight, backbone.SA_modules.2.mlps.0.layer1.bn.bias, backbone.SA_modules.2.mlps.0.layer1.bn.running_mean, backbone.SA_modules.2.mlps.0.layer1.bn.running_var, backbone.SA_modules.2.mlps.0.layer2.conv.weight, backbone.SA_modules.2.mlps.0.layer2.bn.weight, backbone.SA_modules.2.mlps.0.layer2.bn.bias, backbone.SA_modules.2.mlps.0.layer2.bn.running_mean, backbone.SA_modules.2.mlps.0.layer2.bn.running_var, backbone.SA_modules.3.mlps.0.layer0.conv.weight, backbone.SA_modules.3.mlps.0.layer0.bn.weight, backbone.SA_modules.3.mlps.0.layer0.bn.bias, backbone.SA_modules.3.mlps.0.layer0.bn.running_mean, backbone.SA_modules.3.mlps.0.layer0.bn.running_var, backbone.SA_modules.3.mlps.0.layer1.conv.weight, backbone.SA_modules.3.mlps.0.layer1.bn.weight, backbone.SA_modules.3.mlps.0.layer1.bn.bias, backbone.SA_modules.3.mlps.0.layer1.bn.running_mean, backbone.SA_modules.3.mlps.0.layer1.bn.running_var, backbone.SA_modules.3.mlps.0.layer2.conv.weight, backbone.SA_modules.3.mlps.0.layer2.bn.weight, backbone.SA_modules.3.mlps.0.layer2.bn.bias, backbone.SA_modules.3.mlps.0.layer2.bn.running_mean, backbone.SA_modules.3.mlps.0.layer2.bn.running_var, backbone.FP_modules.0.mlps.layer0.conv.weight, backbone.FP_modules.0.mlps.layer0.bn.weight, backbone.FP_modules.0.mlps.layer0.bn.bias, backbone.FP_modules.0.mlps.layer0.bn.running_mean, backbone.FP_modules.0.mlps.layer0.bn.running_var, backbone.FP_modules.0.mlps.layer1.conv.weight, backbone.FP_modules.0.mlps.layer1.bn.weight, backbone.FP_modules.0.mlps.layer1.bn.bias, backbone.FP_modules.0.mlps.layer1.bn.running_mean, backbone.FP_modules.0.mlps.layer1.bn.running_var, backbone.FP_modules.1.mlps.layer0.conv.weight, backbone.FP_modules.1.mlps.layer0.bn.weight, backbone.FP_modules.1.mlps.layer0.bn.bias, backbone.FP_modules.1.mlps.layer0.bn.running_mean, backbone.FP_modules.1.mlps.layer0.bn.running_var, backbone.FP_modules.1.mlps.layer1.conv.weight, backbone.FP_modules.1.mlps.layer1.bn.weight, backbone.FP_modules.1.mlps.layer1.bn.bias, backbone.FP_modules.1.mlps.layer1.bn.running_mean, backbone.FP_modules.1.mlps.layer1.bn.running_var, bbox_head.vote_module.vote_conv.0.conv.weight, bbox_head.vote_module.vote_conv.0.conv.bias, bbox_head.vote_module.vote_conv.0.bn.weight, bbox_head.vote_module.vote_conv.0.bn.bias, bbox_head.vote_module.vote_conv.0.bn.running_mean, bbox_head.vote_module.vote_conv.0.bn.running_var, bbox_head.vote_module.vote_conv.1.conv.weight, bbox_head.vote_module.vote_conv.1.conv.bias, bbox_head.vote_module.vote_conv.1.bn.weight, bbox_head.vote_module.vote_conv.1.bn.bias, bbox_head.vote_module.vote_conv.1.bn.running_mean, bbox_head.vote_module.vote_conv.1.bn.running_var, bbox_head.vote_module.conv_out.weight, bbox_head.vote_module.conv_out.bias, bbox_head.vote_aggregation.mlps.0.layer0.conv.weight, bbox_head.vote_aggregation.mlps.0.layer0.bn.weight, bbox_head.vote_aggregation.mlps.0.layer0.bn.bias, bbox_head.vote_aggregation.mlps.0.layer0.bn.running_mean, bbox_head.vote_aggregation.mlps.0.layer0.bn.running_var, bbox_head.vote_aggregation.mlps.0.layer1.conv.weight, bbox_head.vote_aggregation.mlps.0.layer1.bn.weight, bbox_head.vote_aggregation.mlps.0.layer1.bn.bias, bbox_head.vote_aggregation.mlps.0.layer1.bn.running_mean, bbox_head.vote_aggregation.mlps.0.layer1.bn.running_var, bbox_head.vote_aggregation.mlps.0.layer2.conv.weight, bbox_head.vote_aggregation.mlps.0.layer2.bn.weight, bbox_head.vote_aggregation.mlps.0.layer2.bn.bias, bbox_head.vote_aggregation.mlps.0.layer2.bn.running_mean, bbox_head.vote_aggregation.mlps.0.layer2.bn.running_var, bbox_head.conv_pred.shared_convs.layer0.conv.weight, bbox_head.conv_pred.shared_convs.layer0.conv.bias, bbox_head.conv_pred.shared_convs.layer0.bn.weight, bbox_head.conv_pred.shared_convs.layer0.bn.bias, bbox_head.conv_pred.shared_convs.layer0.bn.running_mean, bbox_head.conv_pred.shared_convs.layer0.bn.running_var, bbox_head.conv_pred.shared_convs.layer1.conv.weight, bbox_head.conv_pred.shared_convs.layer1.conv.bias, bbox_head.conv_pred.shared_convs.layer1.bn.weight, bbox_head.conv_pred.shared_convs.layer1.bn.bias, bbox_head.conv_pred.shared_convs.layer1.bn.running_mean, bbox_head.conv_pred.shared_convs.layer1.bn.running_var, bbox_head.conv_pred.conv_cls.weight, bbox_head.conv_pred.conv_cls.bias, bbox_head.conv_pred.conv_reg.weight, bbox_head.conv_pred.conv_reg.bias, conv.0.weight, conv.0.bias, conv.1.weight, conv.1.bias, conv.1.running_mean, conv.1.running_var

2026-05-28 03:05:21,392 - mmdet - INFO - Start running, host: zero@l40server, work_dir: /home/zero/USER/HEYU/tr3d/work_dirs/NN/DFF/DFF_YOLOv11x_VoteNet_FF/1
2026-05-28 03:05:21,392 - mmdet - INFO - Hooks will be executed in the following order:
before_run:
(VERY_HIGH   ) StepLrUpdaterHook                  
(NORMAL      ) CheckpointHook                     
(LOW         ) EvalHook                           
(VERY_LOW    ) TextLoggerHook                     
 -------------------- 
before_train_epoch:
(VERY_HIGH   ) StepLrUpdaterHook                  
(LOW         ) IterTimerHook                      
(LOW         ) EvalHook                           
(VERY_LOW    ) TextLoggerHook                     
 -------------------- 
before_train_iter:
(VERY_HIGH   ) StepLrUpdaterHook                  
(LOW         ) IterTimerHook                      
(LOW         ) EvalHook                           
 -------------------- 
after_train_iter:
(ABOVE_NORMAL) OptimizerHook                      
(NORMAL      ) CheckpointHook                     
(LOW         ) IterTimerHook                      
(LOW         ) EvalHook                           
(VERY_LOW    ) TextLoggerHook                     
 -------------------- 
after_train_epoch:
(NORMAL      ) CheckpointHook                     
(LOW         ) EvalHook                           
(VERY_LOW    ) TextLoggerHook                     
 -------------------- 
before_val_epoch:
(LOW         ) IterTimerHook                      
(VERY_LOW    ) TextLoggerHook                     
 -------------------- 
before_val_iter:
(LOW         ) IterTimerHook                      
 -------------------- 
after_val_iter:
(LOW         ) IterTimerHook                      
 -------------------- 
after_val_epoch:
(VERY_LOW    ) TextLoggerHook                     
 -------------------- 
after_run:
(VERY_LOW    ) TextLoggerHook                     
 -------------------- 
2026-05-28 03:05:21,392 - mmdet - INFO - workflow: [('train', 1)], max: 36 epochs
2026-05-28 03:05:21,392 - mmdet - INFO - Checkpoints will be saved to /home/zero/USER/HEYU/tr3d/work_dirs/NN/DFF/DFF_YOLOv11x_VoteNet_FF/1 by HardDiskBackend.
2026-05-28 03:05:41,221 - mmdet - INFO - Epoch [1][50/1652]	lr: 8.000e-03, eta: 6:32:42, time: 0.397, data_time: 0.079, memory: 9507, vote_loss: 9.6392, objectness_loss: 0.4568, semantic_loss: 1.5294, center_loss: 1.9303, dir_class_loss: 2.4030, dir_res_loss: 2.1843, size_class_loss: 1.5224, size_res_loss: 0.5651, loss: 20.2306, grad_norm: 218.9481
2026-05-28 03:05:57,577 - mmdet - INFO - Epoch [1][100/1652]	lr: 8.000e-03, eta: 5:58:02, time: 0.327, data_time: 0.024, memory: 9507, vote_loss: 7.1734, objectness_loss: 0.5080, semantic_loss: 1.2645, center_loss: 1.0197, dir_class_loss: 2.3774, dir_res_loss: 1.7892, size_class_loss: 1.2634, size_res_loss: 0.3337, loss: 15.7293, grad_norm: 14.5205
2026-05-28 03:06:13,709 - mmdet - INFO - Epoch [1][150/1652]	lr: 8.000e-03, eta: 5:44:49, time: 0.323, data_time: 0.023, memory: 9507, vote_loss: 6.8921, objectness_loss: 0.5201, semantic_loss: 1.1631, center_loss: 0.9490, dir_class_loss: 2.3543, dir_res_loss: 1.9027, size_class_loss: 1.1628, size_res_loss: 0.3552, loss: 15.2993, grad_norm: 9.5697
2026-05-28 03:06:29,798 - mmdet - INFO - Epoch [1][200/1652]	lr: 8.000e-03, eta: 5:37:51, time: 0.322, data_time: 0.023, memory: 9507, vote_loss: 6.8257, objectness_loss: 0.4780, semantic_loss: 1.1186, center_loss: 0.9358, dir_class_loss: 2.3650, dir_res_loss: 1.7109, size_class_loss: 1.1171, size_res_loss: 0.3707, loss: 14.9218, grad_norm: 9.2309
2026-05-28 03:06:45,832 - mmdet - INFO - Epoch [1][250/1652]	lr: 8.000e-03, eta: 5:33:22, time: 0.321, data_time: 0.023, memory: 9507, vote_loss: 6.7292, objectness_loss: 0.4674, semantic_loss: 1.1050, center_loss: 0.8896, dir_class_loss: 2.3337, dir_res_loss: 1.7574, size_class_loss: 1.1038, size_res_loss: 0.3490, loss: 14.7351, grad_norm: 9.6703
2026-05-28 03:07:02,071 - mmdet - INFO - Epoch [1][300/1652]	lr: 8.000e-03, eta: 5:30:57, time: 0.325, data_time: 0.025, memory: 9507, vote_loss: 6.6771, objectness_loss: 0.4794, semantic_loss: 1.1344, center_loss: 0.9397, dir_class_loss: 2.3063, dir_res_loss: 1.5227, size_class_loss: 1.1314, size_res_loss: 0.4073, loss: 14.5982, grad_norm: 7.8179
2026-05-28 03:07:18,204 - mmdet - INFO - Epoch [1][350/1652]	lr: 8.000e-03, eta: 5:28:51, time: 0.323, data_time: 0.024, memory: 9507, vote_loss: 6.5652, objectness_loss: 0.4811, semantic_loss: 0.9973, center_loss: 0.8310, dir_class_loss: 2.3241, dir_res_loss: 1.6650, size_class_loss: 0.9966, size_res_loss: 0.3592, loss: 14.2194, grad_norm: 7.7229
2026-05-28 03:07:34,481 - mmdet - INFO - Epoch [1][400/1652]	lr: 8.000e-03, eta: 5:27:33, time: 0.326, data_time: 0.024, memory: 9507, vote_loss: 6.4089, objectness_loss: 0.4909, semantic_loss: 1.1080, center_loss: 0.8945, dir_class_loss: 2.3073, dir_res_loss: 1.8205, size_class_loss: 1.1071, size_res_loss: 0.3563, loss: 14.4935, grad_norm: 7.2078
2026-05-28 03:07:50,612 - mmdet - INFO - Epoch [1][450/1652]	lr: 8.000e-03, eta: 5:26:11, time: 0.323, data_time: 0.024, memory: 9507, vote_loss: 6.6314, objectness_loss: 0.5052, semantic_loss: 0.9828, center_loss: 0.9134, dir_class_loss: 2.2857, dir_res_loss: 1.6557, size_class_loss: 0.9812, size_res_loss: 0.3361, loss: 14.2916, grad_norm: 9.5795
2026-05-28 03:08:06,821 - mmdet - INFO - Epoch [1][500/1652]	lr: 8.000e-03, eta: 5:25:10, time: 0.324, data_time: 0.025, memory: 9507, vote_loss: 6.3068, objectness_loss: 0.4930, semantic_loss: 0.9982, center_loss: 0.9118, dir_class_loss: 2.2808, dir_res_loss: 1.7299, size_class_loss: 0.9981, size_res_loss: 0.3377, loss: 14.0561, grad_norm: 7.2233
2026-05-28 03:08:23,041 - mmdet - INFO - Epoch [1][550/1652]	lr: 8.000e-03, eta: 5:24:19, time: 0.324, data_time: 0.026, memory: 9507, vote_loss: 6.6801, objectness_loss: 0.4863, semantic_loss: 1.0477, center_loss: 1.1962, dir_class_loss: 2.2761, dir_res_loss: 1.6192, size_class_loss: 1.0467, size_res_loss: 0.3417, loss: 14.6940, grad_norm: 13.7926
2026-05-28 03:08:39,289 - mmdet - INFO - Epoch [1][600/1652]	lr: 8.000e-03, eta: 5:23:37, time: 0.325, data_time: 0.026, memory: 9507, vote_loss: 6.3641, objectness_loss: 0.4397, semantic_loss: 0.9129, center_loss: 0.8672, dir_class_loss: 2.2357, dir_res_loss: 1.7079, size_class_loss: 0.9129, size_res_loss: 0.3293, loss: 13.7698, grad_norm: 8.0931
2026-05-28 03:08:55,459 - mmdet - INFO - Epoch [1][650/1652]	lr: 8.000e-03, eta: 5:22:51, time: 0.323, data_time: 0.025, memory: 9507, vote_loss: 6.3419, objectness_loss: 0.4757, semantic_loss: 0.9357, center_loss: 0.8164, dir_class_loss: 2.2366, dir_res_loss: 1.7370, size_class_loss: 0.9359, size_res_loss: 0.3047, loss: 13.7840, grad_norm: 8.0535
2026-05-28 03:09:11,693 - mmdet - INFO - Epoch [1][700/1652]	lr: 8.000e-03, eta: 5:22:15, time: 0.325, data_time: 0.025, memory: 9507, vote_loss: 6.1466, objectness_loss: 0.4517, semantic_loss: 0.7830, center_loss: 0.8728, dir_class_loss: 2.2686, dir_res_loss: 1.6285, size_class_loss: 0.7833, size_res_loss: 0.3063, loss: 13.2406, grad_norm: 9.3510
2026-05-28 03:09:27,942 - mmdet - INFO - Epoch [1][750/1652]	lr: 8.000e-03, eta: 5:21:43, time: 0.325, data_time: 0.025, memory: 9507, vote_loss: 5.9825, objectness_loss: 0.4669, semantic_loss: 0.7614, center_loss: 1.0047, dir_class_loss: 2.2403, dir_res_loss: 1.6411, size_class_loss: 0.7618, size_res_loss: 0.2897, loss: 13.1484, grad_norm: 11.0533
2026-05-28 03:09:44,127 - mmdet - INFO - Epoch [1][800/1652]	lr: 8.000e-03, eta: 5:21:08, time: 0.324, data_time: 0.025, memory: 9507, vote_loss: 6.4466, objectness_loss: 0.4839, semantic_loss: 0.8748, center_loss: 0.8122, dir_class_loss: 2.2265, dir_res_loss: 1.6087, size_class_loss: 0.8749, size_res_loss: 0.3474, loss: 13.6750, grad_norm: 7.6005
2026-05-28 03:10:00,338 - mmdet - INFO - Epoch [1][850/1652]	lr: 8.000e-03, eta: 5:20:37, time: 0.324, data_time: 0.025, memory: 9507, vote_loss: 6.1849, objectness_loss: 0.4711, semantic_loss: 0.8575, center_loss: 0.8439, dir_class_loss: 2.2180, dir_res_loss: 1.6933, size_class_loss: 0.8579, size_res_loss: 0.3625, loss: 13.4890, grad_norm: 7.4809
2026-05-28 03:10:16,448 - mmdet - INFO - Epoch [1][900/1652]	lr: 8.000e-03, eta: 5:20:01, time: 0.322, data_time: 0.024, memory: 9507, vote_loss: 6.1901, objectness_loss: 0.4691, semantic_loss: 0.7824, center_loss: 0.8078, dir_class_loss: 2.1513, dir_res_loss: 1.6958, size_class_loss: 0.7821, size_res_loss: 0.3599, loss: 13.2384, grad_norm: 8.3080
2026-05-28 03:10:32,642 - mmdet - INFO - Epoch [1][950/1652]	lr: 8.000e-03, eta: 5:19:33, time: 0.324, data_time: 0.025, memory: 9507, vote_loss: 6.0965, objectness_loss: 0.4435, semantic_loss: 0.7720, center_loss: 0.7991, dir_class_loss: 2.1623, dir_res_loss: 1.6980, size_class_loss: 0.7727, size_res_loss: 0.3689, loss: 13.1129, grad_norm: 7.2424
2026-05-28 03:10:48,801 - mmdet - INFO - Exp name: votenet-ff_16x8_sunrgbd-3d-10class.py
2026-05-28 03:10:48,801 - mmdet - INFO - Epoch [1][1000/1652]	lr: 8.000e-03, eta: 5:19:03, time: 0.323, data_time: 0.024, memory: 9507, vote_loss: 6.1441, objectness_loss: 0.4567, semantic_loss: 0.7521, center_loss: 0.8455, dir_class_loss: 2.1448, dir_res_loss: 1.8133, size_class_loss: 0.7522, size_res_loss: 0.3370, loss: 13.2458, grad_norm: 7.7011
2026-05-28 03:11:04,971 - mmdet - INFO - Epoch [1][1050/1652]	lr: 8.000e-03, eta: 5:18:36, time: 0.323, data_time: 0.024, memory: 9507, vote_loss: 5.9849, objectness_loss: 0.4379, semantic_loss: 0.7206, center_loss: 0.7974, dir_class_loss: 2.1182, dir_res_loss: 1.6594, size_class_loss: 0.7210, size_res_loss: 0.3625, loss: 12.8019, grad_norm: 7.6355
2026-05-28 03:11:21,220 - mmdet - INFO - Epoch [1][1100/1652]	lr: 8.000e-03, eta: 5:18:14, time: 0.325, data_time: 0.025, memory: 9507, vote_loss: 6.0135, objectness_loss: 0.4326, semantic_loss: 0.6826, center_loss: 0.8620, dir_class_loss: 2.1291, dir_res_loss: 1.5987, size_class_loss: 0.6828, size_res_loss: 0.3402, loss: 12.7415, grad_norm: 8.0758
2026-05-28 03:11:37,433 - mmdet - INFO - Epoch [1][1150/1652]	lr: 8.000e-03, eta: 5:17:50, time: 0.324, data_time: 0.024, memory: 9507, vote_loss: 6.0045, objectness_loss: 0.4843, semantic_loss: 0.7773, center_loss: 0.8171, dir_class_loss: 2.1484, dir_res_loss: 1.6217, size_class_loss: 0.7773, size_res_loss: 0.3204, loss: 12.9509, grad_norm: 7.4136
2026-05-28 03:11:53,532 - mmdet - INFO - Epoch [1][1200/1652]	lr: 8.000e-03, eta: 5:17:21, time: 0.322, data_time: 0.024, memory: 9507, vote_loss: 6.1100, objectness_loss: 0.4755, semantic_loss: 0.7360, center_loss: 0.8003, dir_class_loss: 2.0611, dir_res_loss: 1.7458, size_class_loss: 0.7359, size_res_loss: 0.3192, loss: 12.9838, grad_norm: 7.5494
2026-05-28 03:12:09,760 - mmdet - INFO - Epoch [1][1250/1652]	lr: 8.000e-03, eta: 5:17:00, time: 0.325, data_time: 0.025, memory: 9507, vote_loss: 5.7579, objectness_loss: 0.4773, semantic_loss: 0.6864, center_loss: 0.7585, dir_class_loss: 2.1233, dir_res_loss: 1.5445, size_class_loss: 0.6867, size_res_loss: 0.3062, loss: 12.3407, grad_norm: 7.4413
2026-05-28 03:12:26,025 - mmdet - INFO - Epoch [1][1300/1652]	lr: 8.000e-03, eta: 5:16:41, time: 0.325, data_time: 0.025, memory: 9507, vote_loss: 5.8367, objectness_loss: 0.4800, semantic_loss: 0.6897, center_loss: 0.7962, dir_class_loss: 2.1404, dir_res_loss: 1.6817, size_class_loss: 0.6895, size_res_loss: 0.3518, loss: 12.6661, grad_norm: 7.6398
2026-05-28 03:12:42,253 - mmdet - INFO - Epoch [1][1350/1652]	lr: 8.000e-03, eta: 5:16:20, time: 0.325, data_time: 0.024, memory: 9507, vote_loss: 5.7733, objectness_loss: 0.4460, semantic_loss: 0.6829, center_loss: 0.7535, dir_class_loss: 2.0655, dir_res_loss: 1.6188, size_class_loss: 0.6834, size_res_loss: 0.3334, loss: 12.3567, grad_norm: 7.7896
2026-05-28 03:12:58,365 - mmdet - INFO - Epoch [1][1400/1652]	lr: 8.000e-03, eta: 5:15:54, time: 0.322, data_time: 0.024, memory: 9507, vote_loss: 5.8383, objectness_loss: 0.4664, semantic_loss: 0.7078, center_loss: 0.7389, dir_class_loss: 2.1221, dir_res_loss: 1.5870, size_class_loss: 0.7076, size_res_loss: 0.3182, loss: 12.4863, grad_norm: 6.5893
2026-05-28 03:13:14,637 - mmdet - INFO - Epoch [1][1450/1652]	lr: 8.000e-03, eta: 5:15:36, time: 0.325, data_time: 0.026, memory: 9507, vote_loss: 5.6951, objectness_loss: 0.4396, semantic_loss: 0.7023, center_loss: 0.7460, dir_class_loss: 2.0812, dir_res_loss: 1.6359, size_class_loss: 0.7026, size_res_loss: 0.3311, loss: 12.3337, grad_norm: 6.6543
2026-05-28 03:13:30,883 - mmdet - INFO - Epoch [1][1500/1652]	lr: 8.000e-03, eta: 5:15:17, time: 0.325, data_time: 0.025, memory: 9507, vote_loss: 5.8978, objectness_loss: 0.4394, semantic_loss: 0.6414, center_loss: 0.7943, dir_class_loss: 2.0020, dir_res_loss: 1.7172, size_class_loss: 0.6415, size_res_loss: 0.3262, loss: 12.4597, grad_norm: 7.6352
2026-05-28 03:13:47,166 - mmdet - INFO - Epoch [1][1550/1652]	lr: 8.000e-03, eta: 5:15:00, time: 0.326, data_time: 0.025, memory: 9507, vote_loss: 5.7188, objectness_loss: 0.4663, semantic_loss: 0.6173, center_loss: 0.8039, dir_class_loss: 2.0006, dir_res_loss: 1.5407, size_class_loss: 0.6178, size_res_loss: 0.3481, loss: 12.1136, grad_norm: 6.9582
2026-05-28 03:14:03,349 - mmdet - INFO - Epoch [1][1600/1652]	lr: 8.000e-03, eta: 5:14:38, time: 0.324, data_time: 0.025, memory: 9507, vote_loss: 5.8879, objectness_loss: 0.4604, semantic_loss: 0.6244, center_loss: 0.7838, dir_class_loss: 1.9786, dir_res_loss: 1.6869, size_class_loss: 0.6242, size_res_loss: 0.3285, loss: 12.3747, grad_norm: 7.1325
2026-05-28 03:14:19,543 - mmdet - INFO - Epoch [1][1650/1652]	lr: 8.000e-03, eta: 5:14:18, time: 0.324, data_time: 0.025, memory: 9507, vote_loss: 5.9557, objectness_loss: 0.4385, semantic_loss: 0.6321, center_loss: 0.7564, dir_class_loss: 1.9671, dir_res_loss: 1.5699, size_class_loss: 0.6319, size_res_loss: 0.3432, loss: 12.2947, grad_norm: 7.0649
2026-05-28 03:14:20,253 - mmdet - INFO - Saving checkpoint at 1 epochs
2026-05-28 03:14:39,436 - mmdet - INFO - Epoch [2][50/1652]	lr: 8.000e-03, eta: 5:15:07, time: 0.378, data_time: 0.077, memory: 9507, vote_loss: 5.7941, objectness_loss: 0.4596, semantic_loss: 0.6130, center_loss: 0.7616, dir_class_loss: 1.9404, dir_res_loss: 1.6788, size_class_loss: 0.6131, size_res_loss: 0.3378, loss: 12.1984, grad_norm: 7.9581
2026-05-28 03:14:55,786 - mmdet - INFO - Epoch [2][100/1652]	lr: 8.000e-03, eta: 5:14:50, time: 0.327, data_time: 0.027, memory: 9507, vote_loss: 5.6035, objectness_loss: 0.4825, semantic_loss: 0.6765, center_loss: 0.7684, dir_class_loss: 1.9197, dir_res_loss: 1.6989, size_class_loss: 0.6769, size_res_loss: 0.3333, loss: 12.1597, grad_norm: 7.3909
2026-05-28 03:15:12,075 - mmdet - INFO - Epoch [2][150/1652]	lr: 8.000e-03, eta: 5:14:31, time: 0.326, data_time: 0.024, memory: 9507, vote_loss: 5.8049, objectness_loss: 0.4322, semantic_loss: 0.6315, center_loss: 0.7372, dir_class_loss: 1.9334, dir_res_loss: 1.6883, size_class_loss: 0.6316, size_res_loss: 0.3027, loss: 12.1617, grad_norm: 8.1756
2026-05-28 03:15:28,212 - mmdet - INFO - Epoch [2][200/1652]	lr: 8.000e-03, eta: 5:14:08, time: 0.323, data_time: 0.024, memory: 9507, vote_loss: 5.8333, objectness_loss: 0.4695, semantic_loss: 0.6434, center_loss: 0.7385, dir_class_loss: 1.9129, dir_res_loss: 1.6346, size_class_loss: 0.6436, size_res_loss: 0.3130, loss: 12.1889, grad_norm: 6.9298
2026-05-28 03:15:44,513 - mmdet - INFO - Epoch [2][250/1652]	lr: 8.000e-03, eta: 5:13:50, time: 0.326, data_time: 0.025, memory: 9507, vote_loss: 5.6669, objectness_loss: 0.4347, semantic_loss: 0.6088, center_loss: 0.7457, dir_class_loss: 1.9113, dir_res_loss: 1.6593, size_class_loss: 0.6093, size_res_loss: 0.2781, loss: 11.9141, grad_norm: 7.6774
2026-05-28 03:16:00,767 - mmdet - INFO - Epoch [2][300/1652]	lr: 8.000e-03, eta: 5:13:30, time: 0.325, data_time: 0.025, memory: 9507, vote_loss: 5.9104, objectness_loss: 0.4327, semantic_loss: 0.5768, center_loss: 0.7119, dir_class_loss: 1.8492, dir_res_loss: 1.6831, size_class_loss: 0.5765, size_res_loss: 0.3357, loss: 12.0763, grad_norm: 7.9250
2026-05-28 03:16:16,944 - mmdet - INFO - Epoch [2][350/1652]	lr: 8.000e-03, eta: 5:13:09, time: 0.324, data_time: 0.024, memory: 9507, vote_loss: 5.6469, objectness_loss: 0.4209, semantic_loss: 0.6186, center_loss: 0.7469, dir_class_loss: 1.8713, dir_res_loss: 1.7256, size_class_loss: 0.6186, size_res_loss: 0.3295, loss: 11.9784, grad_norm: 7.4997
2026-05-28 03:16:33,134 - mmdet - INFO - Epoch [2][400/1652]	lr: 8.000e-03, eta: 5:12:48, time: 0.324, data_time: 0.024, memory: 9507, vote_loss: 5.9774, objectness_loss: 0.4265, semantic_loss: 0.6248, center_loss: 0.7956, dir_class_loss: 1.8238, dir_res_loss: 1.6242, size_class_loss: 0.6247, size_res_loss: 0.3577, loss: 12.2547, grad_norm: 8.5375
2026-05-28 03:16:49,314 - mmdet - INFO - Epoch [2][450/1652]	lr: 8.000e-03, eta: 5:12:28, time: 0.324, data_time: 0.024, memory: 9507, vote_loss: 5.7564, objectness_loss: 0.4563, semantic_loss: 0.6470, center_loss: 0.7013, dir_class_loss: 1.8451, dir_res_loss: 1.6218, size_class_loss: 0.6470, size_res_loss: 0.3148, loss: 11.9897, grad_norm: 6.8835
2026-05-28 03:17:05,502 - mmdet - INFO - Epoch [2][500/1652]	lr: 8.000e-03, eta: 5:12:07, time: 0.324, data_time: 0.024, memory: 9507, vote_loss: 5.8807, objectness_loss: 0.4484, semantic_loss: 0.6297, center_loss: 0.7229, dir_class_loss: 1.8169, dir_res_loss: 1.7620, size_class_loss: 0.6298, size_res_loss: 0.3346, loss: 12.2251, grad_norm: 7.5775
2026-05-28 03:17:21,688 - mmdet - INFO - Epoch [2][550/1652]	lr: 8.000e-03, eta: 5:11:47, time: 0.324, data_time: 0.023, memory: 9507, vote_loss: 5.6690, objectness_loss: 0.4443, semantic_loss: 0.5695, center_loss: 0.6706, dir_class_loss: 1.8000, dir_res_loss: 1.6700, size_class_loss: 0.5693, size_res_loss: 0.3308, loss: 11.7236, grad_norm: 6.8165
2026-05-28 03:17:38,018 - mmdet - INFO - Epoch [2][600/1652]	lr: 8.000e-03, eta: 5:11:31, time: 0.327, data_time: 0.025, memory: 9507, vote_loss: 5.7741, objectness_loss: 0.4143, semantic_loss: 0.5847, center_loss: 0.7298, dir_class_loss: 1.8315, dir_res_loss: 1.4523, size_class_loss: 0.5846, size_res_loss: 0.3231, loss: 11.6943, grad_norm: 7.5999
2026-05-28 03:17:54,188 - mmdet - INFO - Epoch [2][650/1652]	lr: 8.000e-03, eta: 5:11:10, time: 0.323, data_time: 0.023, memory: 9507, vote_loss: 5.8466, objectness_loss: 0.4241, semantic_loss: 0.6337, center_loss: 0.6977, dir_class_loss: 1.8255, dir_res_loss: 1.6447, size_class_loss: 0.6336, size_res_loss: 0.3634, loss: 12.0694, grad_norm: 7.4747
2026-05-28 03:18:10,424 - mmdet - INFO - Epoch [2][700/1652]	lr: 8.000e-03, eta: 5:10:52, time: 0.325, data_time: 0.024, memory: 9507, vote_loss: 5.6836, objectness_loss: 0.4431, semantic_loss: 0.6594, center_loss: 0.7369, dir_class_loss: 1.7923, dir_res_loss: 1.6625, size_class_loss: 0.6591, size_res_loss: 0.3099, loss: 11.9469, grad_norm: 7.1001
2026-05-28 03:18:26,590 - mmdet - INFO - Epoch [2][750/1652]	lr: 8.000e-03, eta: 5:10:31, time: 0.323, data_time: 0.024, memory: 9507, vote_loss: 5.9228, objectness_loss: 0.4379, semantic_loss: 0.6740, center_loss: 0.6973, dir_class_loss: 1.9110, dir_res_loss: 1.5048, size_class_loss: 0.6744, size_res_loss: 0.3443, loss: 12.1664, grad_norm: 6.4627
2026-05-28 03:18:42,755 - mmdet - INFO - Epoch [2][800/1652]	lr: 8.000e-03, eta: 5:10:11, time: 0.323, data_time: 0.024, memory: 9507, vote_loss: 5.6517, objectness_loss: 0.4405, semantic_loss: 0.5934, center_loss: 0.6947, dir_class_loss: 1.7790, dir_res_loss: 1.5339, size_class_loss: 0.5933, size_res_loss: 0.3357, loss: 11.6223, grad_norm: 7.3856
2026-05-28 03:18:58,931 - mmdet - INFO - Epoch [2][850/1652]	lr: 8.000e-03, eta: 5:09:52, time: 0.324, data_time: 0.024, memory: 9507, vote_loss: 5.7018, objectness_loss: 0.4185, semantic_loss: 0.5462, center_loss: 0.7262, dir_class_loss: 1.8456, dir_res_loss: 1.6456, size_class_loss: 0.5460, size_res_loss: 0.2951, loss: 11.7251, grad_norm: 7.5030
2026-05-28 03:19:15,124 - mmdet - INFO - Epoch [2][900/1652]	lr: 8.000e-03, eta: 5:09:33, time: 0.324, data_time: 0.024, memory: 9507, vote_loss: 5.7545, objectness_loss: 0.4016, semantic_loss: 0.5955, center_loss: 0.7388, dir_class_loss: 1.8014, dir_res_loss: 1.6443, size_class_loss: 0.5955, size_res_loss: 0.3488, loss: 11.8805, grad_norm: 7.4032
2026-05-28 03:19:31,342 - mmdet - INFO - Epoch [2][950/1652]	lr: 8.000e-03, eta: 5:09:14, time: 0.324, data_time: 0.024, memory: 9507, vote_loss: 5.7035, objectness_loss: 0.3882, semantic_loss: 0.5562, center_loss: 0.7181, dir_class_loss: 1.7813, dir_res_loss: 1.5213, size_class_loss: 0.5563, size_res_loss: 0.3492, loss: 11.5741, grad_norm: 7.0196
2026-05-28 03:19:47,605 - mmdet - INFO - Epoch [2][1000/1652]	lr: 8.000e-03, eta: 5:08:57, time: 0.325, data_time: 0.025, memory: 9507, vote_loss: 5.6821, objectness_loss: 0.4210, semantic_loss: 0.6027, center_loss: 0.7562, dir_class_loss: 1.8270, dir_res_loss: 1.5716, size_class_loss: 0.6025, size_res_loss: 0.3230, loss: 11.7860, grad_norm: 7.5737
2026-05-28 03:20:03,822 - mmdet - INFO - Epoch [2][1050/1652]	lr: 8.000e-03, eta: 5:08:38, time: 0.324, data_time: 0.025, memory: 9507, vote_loss: 5.9385, objectness_loss: 0.4808, semantic_loss: 0.6195, center_loss: 0.7515, dir_class_loss: 1.7116, dir_res_loss: 1.5071, size_class_loss: 0.6197, size_res_loss: 0.3389, loss: 11.9677, grad_norm: 7.3456
2026-05-28 03:20:20,076 - mmdet - INFO - Epoch [2][1100/1652]	lr: 8.000e-03, eta: 5:08:21, time: 0.325, data_time: 0.024, memory: 9507, vote_loss: 5.7156, objectness_loss: 0.4394, semantic_loss: 0.5910, center_loss: 0.6994, dir_class_loss: 1.7363, dir_res_loss: 1.5462, size_class_loss: 0.5908, size_res_loss: 0.3214, loss: 11.6401, grad_norm: 7.1710
2026-05-28 03:20:36,349 - mmdet - INFO - Epoch [2][1150/1652]	lr: 8.000e-03, eta: 5:08:04, time: 0.325, data_time: 0.024, memory: 9507, vote_loss: 5.7371, objectness_loss: 0.4466, semantic_loss: 0.5729, center_loss: 0.7034, dir_class_loss: 1.7241, dir_res_loss: 1.6131, size_class_loss: 0.5732, size_res_loss: 0.3539, loss: 11.7244, grad_norm: 7.1577
2026-05-28 03:20:52,570 - mmdet - INFO - Epoch [2][1200/1652]	lr: 8.000e-03, eta: 5:07:46, time: 0.324, data_time: 0.024, memory: 9507, vote_loss: 5.8402, objectness_loss: 0.4279, semantic_loss: 0.5477, center_loss: 0.6838, dir_class_loss: 1.7115, dir_res_loss: 1.5686, size_class_loss: 0.5472, size_res_loss: 0.4149, loss: 11.7418, grad_norm: 7.6166
2026-05-28 03:21:08,783 - mmdet - INFO - Epoch [2][1250/1652]	lr: 8.000e-03, eta: 5:07:28, time: 0.324, data_time: 0.024, memory: 9507, vote_loss: 5.6737, objectness_loss: 0.4213, semantic_loss: 0.6216, center_loss: 0.6525, dir_class_loss: 1.7908, dir_res_loss: 1.6378, size_class_loss: 0.6218, size_res_loss: 0.3038, loss: 11.7231, grad_norm: 7.4494
2026-05-28 03:21:24,995 - mmdet - INFO - Epoch [2][1300/1652]	lr: 8.000e-03, eta: 5:07:10, time: 0.324, data_time: 0.024, memory: 9507, vote_loss: 5.7322, objectness_loss: 0.4156, semantic_loss: 0.5787, center_loss: 0.6595, dir_class_loss: 1.6879, dir_res_loss: 1.5314, size_class_loss: 0.5785, size_res_loss: 0.3249, loss: 11.5087, grad_norm: 6.7280
2026-05-28 03:21:41,272 - mmdet - INFO - Epoch [2][1350/1652]	lr: 8.000e-03, eta: 5:06:53, time: 0.326, data_time: 0.024, memory: 9507, vote_loss: 5.6319, objectness_loss: 0.4252, semantic_loss: 0.5562, center_loss: 0.7579, dir_class_loss: 1.6858, dir_res_loss: 1.5865, size_class_loss: 0.5561, size_res_loss: 0.3196, loss: 11.5190, grad_norm: 7.9626
2026-05-28 03:21:57,538 - mmdet - INFO - Epoch [2][1400/1652]	lr: 8.000e-03, eta: 5:06:36, time: 0.325, data_time: 0.024, memory: 9507, vote_loss: 5.4942, objectness_loss: 0.4431, semantic_loss: 0.5157, center_loss: 0.7044, dir_class_loss: 1.6554, dir_res_loss: 1.6502, size_class_loss: 0.5155, size_res_loss: 0.3244, loss: 11.3029, grad_norm: 7.7201
2026-05-28 03:22:13,812 - mmdet - INFO - Epoch [2][1450/1652]	lr: 8.000e-03, eta: 5:06:19, time: 0.325, data_time: 0.024, memory: 9507, vote_loss: 5.6816, objectness_loss: 0.4185, semantic_loss: 0.5773, center_loss: 0.6665, dir_class_loss: 1.6590, dir_res_loss: 1.5593, size_class_loss: 0.5774, size_res_loss: 0.3630, loss: 11.5025, grad_norm: 7.8266
2026-05-28 03:22:30,112 - mmdet - INFO - Epoch [2][1500/1652]	lr: 8.000e-03, eta: 5:06:03, time: 0.326, data_time: 0.024, memory: 9507, vote_loss: 5.5047, objectness_loss: 0.4415, semantic_loss: 0.5526, center_loss: 0.6659, dir_class_loss: 1.5493, dir_res_loss: 1.4780, size_class_loss: 0.5525, size_res_loss: 0.3165, loss: 11.0609, grad_norm: 7.8883
2026-05-28 03:22:46,209 - mmdet - INFO - Epoch [2][1550/1652]	lr: 8.000e-03, eta: 5:05:43, time: 0.322, data_time: 0.022, memory: 9507, vote_loss: 5.6389, objectness_loss: 0.4263, semantic_loss: 0.5249, center_loss: 0.7212, dir_class_loss: 1.5892, dir_res_loss: 1.4318, size_class_loss: 0.5247, size_res_loss: 0.3153, loss: 11.1723, grad_norm: 7.7877
2026-05-28 03:23:02,390 - mmdet - INFO - Epoch [2][1600/1652]	lr: 8.000e-03, eta: 5:05:24, time: 0.324, data_time: 0.023, memory: 9507, vote_loss: 5.5907, objectness_loss: 0.4107, semantic_loss: 0.5334, center_loss: 0.6926, dir_class_loss: 1.6416, dir_res_loss: 1.5154, size_class_loss: 0.5333, size_res_loss: 0.3396, loss: 11.2575, grad_norm: 7.3704
2026-05-28 03:23:18,528 - mmdet - INFO - Epoch [2][1650/1652]	lr: 8.000e-03, eta: 5:05:05, time: 0.323, data_time: 0.023, memory: 9507, vote_loss: 5.6179, objectness_loss: 0.4053, semantic_loss: 0.5668, center_loss: 0.6529, dir_class_loss: 1.6051, dir_res_loss: 1.5273, size_class_loss: 0.5667, size_res_loss: 0.3555, loss: 11.2974, grad_norm: 6.8494
2026-05-28 03:23:19,235 - mmdet - INFO - Saving checkpoint at 2 epochs
2026-05-28 03:23:38,293 - mmdet - INFO - Epoch [3][50/1652]	lr: 8.000e-03, eta: 5:05:19, time: 0.375, data_time: 0.075, memory: 9507, vote_loss: 5.5141, objectness_loss: 0.4190, semantic_loss: 0.4771, center_loss: 0.6787, dir_class_loss: 1.5983, dir_res_loss: 1.3933, size_class_loss: 0.4771, size_res_loss: 0.3171, loss: 10.8748, grad_norm: 7.4030
2026-05-28 03:23:54,382 - mmdet - INFO - Epoch [3][100/1652]	lr: 8.000e-03, eta: 5:04:59, time: 0.322, data_time: 0.024, memory: 9507, vote_loss: 5.5622, objectness_loss: 0.4099, semantic_loss: 0.5493, center_loss: 0.8066, dir_class_loss: 1.6293, dir_res_loss: 1.4635, size_class_loss: 0.5494, size_res_loss: 0.3230, loss: 11.2933, grad_norm: 8.1640
2026-05-28 03:24:10,664 - mmdet - INFO - Epoch [3][150/1652]	lr: 8.000e-03, eta: 5:04:42, time: 0.326, data_time: 0.024, memory: 9507, vote_loss: 5.4538, objectness_loss: 0.3998, semantic_loss: 0.5005, center_loss: 0.6575, dir_class_loss: 1.6032, dir_res_loss: 1.4766, size_class_loss: 0.5004, size_res_loss: 0.3461, loss: 10.9379, grad_norm: 7.3304
2026-05-28 03:24:27,039 - mmdet - INFO - Epoch [3][200/1652]	lr: 8.000e-03, eta: 5:04:26, time: 0.327, data_time: 0.028, memory: 9507, vote_loss: 5.5191, objectness_loss: 0.3985, semantic_loss: 0.5066, center_loss: 0.7230, dir_class_loss: 1.6726, dir_res_loss: 1.5321, size_class_loss: 0.5062, size_res_loss: 0.3076, loss: 11.1657, grad_norm: 8.2459
2026-05-28 03:24:43,288 - mmdet - INFO - Epoch [3][250/1652]	lr: 8.000e-03, eta: 5:04:09, time: 0.325, data_time: 0.024, memory: 9507, vote_loss: 5.6262, objectness_loss: 0.4230, semantic_loss: 0.5244, center_loss: 0.6482, dir_class_loss: 1.6617, dir_res_loss: 1.4289, size_class_loss: 0.5246, size_res_loss: 0.3819, loss: 11.2190, grad_norm: 6.6701
2026-05-28 03:24:59,588 - mmdet - INFO - Epoch [3][300/1652]	lr: 8.000e-03, eta: 5:03:52, time: 0.326, data_time: 0.025, memory: 9507, vote_loss: 5.6340, objectness_loss: 0.4032, semantic_loss: 0.5089, center_loss: 0.6165, dir_class_loss: 1.5757, dir_res_loss: 1.4297, size_class_loss: 0.5088, size_res_loss: 0.3416, loss: 11.0184, grad_norm: 6.8507
2026-05-28 03:25:15,812 - mmdet - INFO - Epoch [3][350/1652]	lr: 8.000e-03, eta: 5:03:35, time: 0.324, data_time: 0.024, memory: 9507, vote_loss: 5.6025, objectness_loss: 0.4214, semantic_loss: 0.5341, center_loss: 0.6212, dir_class_loss: 1.6030, dir_res_loss: 1.3859, size_class_loss: 0.5339, size_res_loss: 0.3175, loss: 11.0194, grad_norm: 7.1403
2026-05-28 03:25:32,128 - mmdet - INFO - Epoch [3][400/1652]	lr: 8.000e-03, eta: 5:03:18, time: 0.326, data_time: 0.025, memory: 9507, vote_loss: 5.5248, objectness_loss: 0.4390, semantic_loss: 0.5818, center_loss: 0.6492, dir_class_loss: 1.5630, dir_res_loss: 1.3880, size_class_loss: 0.5818, size_res_loss: 0.3372, loss: 11.0647, grad_norm: 6.8267
2026-05-28 03:25:48,354 - mmdet - INFO - Epoch [3][450/1652]	lr: 8.000e-03, eta: 5:03:01, time: 0.325, data_time: 0.025, memory: 9507, vote_loss: 5.6188, objectness_loss: 0.4035, semantic_loss: 0.5107, center_loss: 0.6745, dir_class_loss: 1.6240, dir_res_loss: 1.4288, size_class_loss: 0.5105, size_res_loss: 0.3250, loss: 11.0959, grad_norm: 7.2601
2026-05-28 03:26:04,578 - mmdet - INFO - Epoch [3][500/1652]	lr: 8.000e-03, eta: 5:02:43, time: 0.324, data_time: 0.025, memory: 9507, vote_loss: 5.4915, objectness_loss: 0.4136, semantic_loss: 0.5258, center_loss: 0.6945, dir_class_loss: 1.5276, dir_res_loss: 1.4914, size_class_loss: 0.5257, size_res_loss: 0.3331, loss: 11.0033, grad_norm: 8.4792
2026-05-28 03:26:20,886 - mmdet - INFO - Epoch [3][550/1652]	lr: 8.000e-03, eta: 5:02:27, time: 0.326, data_time: 0.026, memory: 9507, vote_loss: 5.4690, objectness_loss: 0.4300, semantic_loss: 0.5071, center_loss: 0.6625, dir_class_loss: 1.6169, dir_res_loss: 1.4891, size_class_loss: 0.5071, size_res_loss: 0.3183, loss: 11.0000, grad_norm: 7.5538
2026-05-28 03:26:37,117 - mmdet - INFO - Epoch [3][600/1652]	lr: 8.000e-03, eta: 5:02:09, time: 0.325, data_time: 0.024, memory: 9507, vote_loss: 5.5426, objectness_loss: 0.4593, semantic_loss: 0.5002, center_loss: 0.6033, dir_class_loss: 1.5019, dir_res_loss: 1.3450, size_class_loss: 0.5001, size_res_loss: 0.3350, loss: 10.7874, grad_norm: 6.5760
2026-05-28 03:26:53,349 - mmdet - INFO - Epoch [3][650/1652]	lr: 8.000e-03, eta: 5:01:52, time: 0.325, data_time: 0.024, memory: 9507, vote_loss: 5.5624, objectness_loss: 0.4086, semantic_loss: 0.5014, center_loss: 0.6542, dir_class_loss: 1.5383, dir_res_loss: 1.3448, size_class_loss: 0.5012, size_res_loss: 0.3318, loss: 10.8427, grad_norm: 6.9904
2026-05-28 03:27:09,563 - mmdet - INFO - Epoch [3][700/1652]	lr: 8.000e-03, eta: 5:01:34, time: 0.324, data_time: 0.024, memory: 9507, vote_loss: 5.5291, objectness_loss: 0.4555, semantic_loss: 0.5428, center_loss: 0.6602, dir_class_loss: 1.5456, dir_res_loss: 1.3285, size_class_loss: 0.5428, size_res_loss: 0.3299, loss: 10.9345, grad_norm: 7.8274
2026-05-28 03:27:25,846 - mmdet - INFO - Epoch [3][750/1652]	lr: 8.000e-03, eta: 5:01:17, time: 0.326, data_time: 0.025, memory: 9507, vote_loss: 5.6488, objectness_loss: 0.4137, semantic_loss: 0.4789, center_loss: 0.7233, dir_class_loss: 1.4591, dir_res_loss: 1.3396, size_class_loss: 0.4787, size_res_loss: 0.3443, loss: 10.8864, grad_norm: 8.2823
2026-05-28 03:27:42,055 - mmdet - INFO - Epoch [3][800/1652]	lr: 8.000e-03, eta: 5:01:00, time: 0.324, data_time: 0.025, memory: 9507, vote_loss: 5.6405, objectness_loss: 0.4616, semantic_loss: 0.5916, center_loss: 0.6384, dir_class_loss: 1.4781, dir_res_loss: 1.2555, size_class_loss: 0.5916, size_res_loss: 0.3548, loss: 11.0121, grad_norm: 7.2033
2026-05-28 03:27:58,262 - mmdet - INFO - Epoch [3][850/1652]	lr: 8.000e-03, eta: 5:00:42, time: 0.324, data_time: 0.025, memory: 9507, vote_loss: 5.6207, objectness_loss: 0.4089, semantic_loss: 0.5253, center_loss: 0.6811, dir_class_loss: 1.5284, dir_res_loss: 1.4187, size_class_loss: 0.5252, size_res_loss: 0.2907, loss: 10.9989, grad_norm: 7.5107
2026-05-28 03:28:14,482 - mmdet - INFO - Epoch [3][900/1652]	lr: 8.000e-03, eta: 5:00:25, time: 0.324, data_time: 0.024, memory: 9507, vote_loss: 5.6428, objectness_loss: 0.3963, semantic_loss: 0.5341, center_loss: 0.6630, dir_class_loss: 1.4694, dir_res_loss: 1.4161, size_class_loss: 0.5340, size_res_loss: 0.3718, loss: 11.0275, grad_norm: 7.1516
2026-05-28 03:28:30,724 - mmdet - INFO - Epoch [3][950/1652]	lr: 8.000e-03, eta: 5:00:07, time: 0.325, data_time: 0.026, memory: 9507, vote_loss: 5.4263, objectness_loss: 0.4794, semantic_loss: 0.5376, center_loss: 0.6409, dir_class_loss: 1.6072, dir_res_loss: 1.3216, size_class_loss: 0.5376, size_res_loss: 0.3298, loss: 10.8803, grad_norm: 6.5099
2026-05-28 03:28:46,906 - mmdet - INFO - Epoch [3][1000/1652]	lr: 8.000e-03, eta: 4:59:49, time: 0.324, data_time: 0.024, memory: 9507, vote_loss: 5.5575, objectness_loss: 0.4490, semantic_loss: 0.5680, center_loss: 0.6225, dir_class_loss: 1.4610, dir_res_loss: 1.2702, size_class_loss: 0.5679, size_res_loss: 0.2853, loss: 10.7814, grad_norm: 7.2982
2026-05-28 03:29:03,098 - mmdet - INFO - Epoch [3][1050/1652]	lr: 8.000e-03, eta: 4:59:32, time: 0.324, data_time: 0.024, memory: 9507, vote_loss: 5.3264, objectness_loss: 0.4307, semantic_loss: 0.5063, center_loss: 0.6617, dir_class_loss: 1.5434, dir_res_loss: 1.3013, size_class_loss: 0.5063, size_res_loss: 0.3294, loss: 10.6054, grad_norm: 7.3536
2026-05-28 03:29:19,305 - mmdet - INFO - Epoch [3][1100/1652]	lr: 8.000e-03, eta: 4:59:14, time: 0.324, data_time: 0.024, memory: 9507, vote_loss: 5.1638, objectness_loss: 0.4086, semantic_loss: 0.5360, center_loss: 0.6926, dir_class_loss: 1.5229, dir_res_loss: 1.3482, size_class_loss: 0.5360, size_res_loss: 0.3155, loss: 10.5237, grad_norm: 7.5279
2026-05-28 03:29:35,436 - mmdet - INFO - Epoch [3][1150/1652]	lr: 8.000e-03, eta: 4:58:56, time: 0.323, data_time: 0.023, memory: 9507, vote_loss: 5.1587, objectness_loss: 0.4126, semantic_loss: 0.5190, center_loss: 0.6654, dir_class_loss: 1.5017, dir_res_loss: 1.2533, size_class_loss: 0.5190, size_res_loss: 0.3463, loss: 10.3760, grad_norm: 7.3914
2026-05-28 03:29:51,592 - mmdet - INFO - Epoch [3][1200/1652]	lr: 8.000e-03, eta: 4:58:38, time: 0.323, data_time: 0.023, memory: 9507, vote_loss: 4.9784, objectness_loss: 0.4132, semantic_loss: 0.5012, center_loss: 0.6515, dir_class_loss: 1.4758, dir_res_loss: 1.3603, size_class_loss: 0.5013, size_res_loss: 0.3185, loss: 10.2001, grad_norm: 7.7870
2026-05-28 03:30:07,768 - mmdet - INFO - Epoch [3][1250/1652]	lr: 8.000e-03, eta: 4:58:20, time: 0.324, data_time: 0.024, memory: 9507, vote_loss: 4.9879, objectness_loss: 0.4267, semantic_loss: 0.4887, center_loss: 0.6866, dir_class_loss: 1.4843, dir_res_loss: 1.3590, size_class_loss: 0.4887, size_res_loss: 0.3510, loss: 10.2730, grad_norm: 8.2428
2026-05-28 03:30:23,945 - mmdet - INFO - Epoch [3][1300/1652]	lr: 8.000e-03, eta: 4:58:02, time: 0.324, data_time: 0.024, memory: 9507, vote_loss: 4.9367, objectness_loss: 0.4249, semantic_loss: 0.5365, center_loss: 0.6308, dir_class_loss: 1.4869, dir_res_loss: 1.2688, size_class_loss: 0.5365, size_res_loss: 0.3343, loss: 10.1554, grad_norm: 7.6298
2026-05-28 03:30:40,250 - mmdet - INFO - Epoch [3][1350/1652]	lr: 8.000e-03, eta: 4:57:46, time: 0.326, data_time: 0.025, memory: 9507, vote_loss: 4.7675, objectness_loss: 0.4576, semantic_loss: 0.5230, center_loss: 0.6488, dir_class_loss: 1.4802, dir_res_loss: 1.3737, size_class_loss: 0.5231, size_res_loss: 0.3076, loss: 10.0816, grad_norm: 7.3862
2026-05-28 03:30:56,447 - mmdet - INFO - Epoch [3][1400/1652]	lr: 8.000e-03, eta: 4:57:29, time: 0.324, data_time: 0.024, memory: 9507, vote_loss: 4.8907, objectness_loss: 0.4417, semantic_loss: 0.5430, center_loss: 0.7125, dir_class_loss: 1.4667, dir_res_loss: 1.2015, size_class_loss: 0.5429, size_res_loss: 0.3598, loss: 10.1589, grad_norm: 9.3006
2026-05-28 03:31:12,572 - mmdet - INFO - Epoch [3][1450/1652]	lr: 8.000e-03, eta: 4:57:10, time: 0.322, data_time: 0.023, memory: 9507, vote_loss: 4.7868, objectness_loss: 0.4279, semantic_loss: 0.5748, center_loss: 0.6583, dir_class_loss: 1.4566, dir_res_loss: 1.2584, size_class_loss: 0.5748, size_res_loss: 0.3318, loss: 10.0695, grad_norm: 9.1452
2026-05-28 03:31:28,718 - mmdet - INFO - Epoch [3][1500/1652]	lr: 8.000e-03, eta: 4:56:52, time: 0.323, data_time: 0.023, memory: 9507, vote_loss: 4.8039, objectness_loss: 0.4429, semantic_loss: 0.5166, center_loss: 0.6206, dir_class_loss: 1.4525, dir_res_loss: 1.2161, size_class_loss: 0.5166, size_res_loss: 0.3448, loss: 9.9140, grad_norm: 7.5645
2026-05-28 03:31:44,911 - mmdet - INFO - Epoch [3][1550/1652]	lr: 8.000e-03, eta: 4:56:35, time: 0.324, data_time: 0.024, memory: 9507, vote_loss: 4.5200, objectness_loss: 0.4238, semantic_loss: 0.4720, center_loss: 0.6872, dir_class_loss: 1.4654, dir_res_loss: 1.3306, size_class_loss: 0.4722, size_res_loss: 0.3628, loss: 9.7339, grad_norm: 9.0441
2026-05-28 03:32:01,117 - mmdet - INFO - Epoch [3][1600/1652]	lr: 8.000e-03, eta: 4:56:18, time: 0.324, data_time: 0.024, memory: 9507, vote_loss: 4.8959, objectness_loss: 0.4464, semantic_loss: 0.5330, center_loss: 0.6774, dir_class_loss: 1.4134, dir_res_loss: 1.2028, size_class_loss: 0.5328, size_res_loss: 0.3624, loss: 10.0641, grad_norm: 9.1091
2026-05-28 03:32:17,173 - mmdet - INFO - Epoch [3][1650/1652]	lr: 8.000e-03, eta: 4:55:59, time: 0.321, data_time: 0.023, memory: 9507, vote_loss: 4.6787, objectness_loss: 0.4382, semantic_loss: 0.5612, center_loss: 0.7316, dir_class_loss: 1.4446, dir_res_loss: 1.3292, size_class_loss: 0.5611, size_res_loss: 0.3621, loss: 10.1066, grad_norm: 8.9532
2026-05-28 03:32:17,880 - mmdet - INFO - Saving checkpoint at 3 epochs
2026-05-28 03:32:37,003 - mmdet - INFO - Epoch [4][50/1652]	lr: 8.000e-03, eta: 4:56:02, time: 0.376, data_time: 0.077, memory: 9507, vote_loss: 4.8997, objectness_loss: 0.4349, semantic_loss: 0.5504, center_loss: 0.6625, dir_class_loss: 1.3946, dir_res_loss: 1.2540, size_class_loss: 0.5505, size_res_loss: 0.3453, loss: 10.0920, grad_norm: 7.9825
2026-05-28 03:32:53,085 - mmdet - INFO - Epoch [4][100/1652]	lr: 8.000e-03, eta: 4:55:44, time: 0.322, data_time: 0.023, memory: 9507, vote_loss: 4.8299, objectness_loss: 0.4205, semantic_loss: 0.4869, center_loss: 0.6450, dir_class_loss: 1.4887, dir_res_loss: 1.2467, size_class_loss: 0.4870, size_res_loss: 0.3871, loss: 9.9919, grad_norm: 7.7484
2026-05-28 03:33:09,353 - mmdet - INFO - Epoch [4][150/1652]	lr: 8.000e-03, eta: 4:55:27, time: 0.325, data_time: 0.024, memory: 9507, vote_loss: 4.5705, objectness_loss: 0.4322, semantic_loss: 0.4638, center_loss: 0.6882, dir_class_loss: 1.4464, dir_res_loss: 1.2049, size_class_loss: 0.4638, size_res_loss: 0.3354, loss: 9.6052, grad_norm: 9.1814
2026-05-28 03:33:25,462 - mmdet - INFO - Epoch [4][200/1652]	lr: 8.000e-03, eta: 4:55:09, time: 0.322, data_time: 0.024, memory: 9507, vote_loss: 4.4569, objectness_loss: 0.4180, semantic_loss: 0.4886, center_loss: 0.6518, dir_class_loss: 1.4298, dir_res_loss: 1.1606, size_class_loss: 0.4887, size_res_loss: 0.3575, loss: 9.4518, grad_norm: 8.0345
2026-05-28 03:33:41,761 - mmdet - INFO - Epoch [4][250/1652]	lr: 8.000e-03, eta: 4:54:52, time: 0.326, data_time: 0.027, memory: 9507, vote_loss: 4.6432, objectness_loss: 0.4303, semantic_loss: 0.5269, center_loss: 0.6995, dir_class_loss: 1.4500, dir_res_loss: 1.2674, size_class_loss: 0.5268, size_res_loss: 0.3411, loss: 9.8851, grad_norm: 8.3134
2026-05-28 03:33:57,906 - mmdet - INFO - Epoch [4][300/1652]	lr: 8.000e-03, eta: 4:54:34, time: 0.323, data_time: 0.022, memory: 9507, vote_loss: 4.5029, objectness_loss: 0.4336, semantic_loss: 0.4255, center_loss: 0.6482, dir_class_loss: 1.4090, dir_res_loss: 1.1404, size_class_loss: 0.4254, size_res_loss: 0.3217, loss: 9.3067, grad_norm: 7.0697
2026-05-28 03:34:13,982 - mmdet - INFO - Epoch [4][350/1652]	lr: 8.000e-03, eta: 4:54:16, time: 0.322, data_time: 0.023, memory: 9507, vote_loss: 4.4697, objectness_loss: 0.4339, semantic_loss: 0.4915, center_loss: 0.6593, dir_class_loss: 1.3980, dir_res_loss: 1.3288, size_class_loss: 0.4914, size_res_loss: 0.3206, loss: 9.5932, grad_norm: 8.4881
2026-05-28 03:34:30,106 - mmdet - INFO - Epoch [4][400/1652]	lr: 8.000e-03, eta: 4:53:58, time: 0.322, data_time: 0.023, memory: 9507, vote_loss: 4.5838, objectness_loss: 0.4451, semantic_loss: 0.5573, center_loss: 0.6675, dir_class_loss: 1.4345, dir_res_loss: 1.2619, size_class_loss: 0.5571, size_res_loss: 0.3418, loss: 9.8491, grad_norm: 7.0530
2026-05-28 03:34:46,267 - mmdet - INFO - Epoch [4][450/1652]	lr: 8.000e-03, eta: 4:53:40, time: 0.323, data_time: 0.023, memory: 9507, vote_loss: 4.4419, objectness_loss: 0.4338, semantic_loss: 0.5557, center_loss: 0.6306, dir_class_loss: 1.4356, dir_res_loss: 1.1532, size_class_loss: 0.5555, size_res_loss: 0.3093, loss: 9.5156, grad_norm: 7.7998
2026-05-28 03:35:02,273 - mmdet - INFO - Epoch [4][500/1652]	lr: 8.000e-03, eta: 4:53:21, time: 0.320, data_time: 0.023, memory: 9507, vote_loss: 4.3776, objectness_loss: 0.4104, semantic_loss: 0.4896, center_loss: 0.6130, dir_class_loss: 1.3610, dir_res_loss: 1.2674, size_class_loss: 0.4895, size_res_loss: 0.3213, loss: 9.3298, grad_norm: 7.7545
2026-05-28 03:35:18,482 - mmdet - INFO - Epoch [4][550/1652]	lr: 8.000e-03, eta: 4:53:04, time: 0.324, data_time: 0.024, memory: 9507, vote_loss: 4.4363, objectness_loss: 0.4120, semantic_loss: 0.5375, center_loss: 0.6184, dir_class_loss: 1.4281, dir_res_loss: 1.2725, size_class_loss: 0.5374, size_res_loss: 0.3148, loss: 9.5570, grad_norm: 7.9320
2026-05-28 03:35:34,699 - mmdet - INFO - Epoch [4][600/1652]	lr: 8.000e-03, eta: 4:52:47, time: 0.324, data_time: 0.025, memory: 9507, vote_loss: 4.4108, objectness_loss: 0.4513, semantic_loss: 0.4849, center_loss: 0.6590, dir_class_loss: 1.4109, dir_res_loss: 1.2448, size_class_loss: 0.4849, size_res_loss: 0.3387, loss: 9.4852, grad_norm: 7.8809
2026-05-28 03:35:50,900 - mmdet - INFO - Epoch [4][650/1652]	lr: 8.000e-03, eta: 4:52:30, time: 0.324, data_time: 0.025, memory: 9507, vote_loss: 4.5929, objectness_loss: 0.4211, semantic_loss: 0.4670, center_loss: 0.6592, dir_class_loss: 1.4318, dir_res_loss: 1.2239, size_class_loss: 0.4670, size_res_loss: 0.3346, loss: 9.5975, grad_norm: 8.4060
2026-05-28 03:36:07,053 - mmdet - INFO - Epoch [4][700/1652]	lr: 8.000e-03, eta: 4:52:12, time: 0.323, data_time: 0.025, memory: 9507, vote_loss: 4.3310, objectness_loss: 0.4208, semantic_loss: 0.5014, center_loss: 0.6256, dir_class_loss: 1.3402, dir_res_loss: 1.2015, size_class_loss: 0.5013, size_res_loss: 0.3401, loss: 9.2619, grad_norm: 7.6709
2026-05-28 03:36:23,190 - mmdet - INFO - Epoch [4][750/1652]	lr: 8.000e-03, eta: 4:51:54, time: 0.323, data_time: 0.024, memory: 9507, vote_loss: 4.3474, objectness_loss: 0.4326, semantic_loss: 0.5040, center_loss: 0.7102, dir_class_loss: 1.4289, dir_res_loss: 1.2865, size_class_loss: 0.5040, size_res_loss: 0.3551, loss: 9.5687, grad_norm: 7.9364
2026-05-28 03:36:39,299 - mmdet - INFO - Epoch [4][800/1652]	lr: 8.000e-03, eta: 4:51:36, time: 0.322, data_time: 0.024, memory: 9507, vote_loss: 4.4201, objectness_loss: 0.4693, semantic_loss: 0.4820, center_loss: 0.6823, dir_class_loss: 1.3713, dir_res_loss: 1.1383, size_class_loss: 0.4820, size_res_loss: 0.3242, loss: 9.3696, grad_norm: 8.5825
2026-05-28 03:36:55,470 - mmdet - INFO - Epoch [4][850/1652]	lr: 8.000e-03, eta: 4:51:19, time: 0.323, data_time: 0.025, memory: 9507, vote_loss: 4.1503, objectness_loss: 0.4110, semantic_loss: 0.5125, center_loss: 0.6305, dir_class_loss: 1.4317, dir_res_loss: 1.1603, size_class_loss: 0.5124, size_res_loss: 0.3174, loss: 9.1261, grad_norm: 7.8944
2026-05-28 03:37:11,591 - mmdet - INFO - Epoch [4][900/1652]	lr: 8.000e-03, eta: 4:51:01, time: 0.322, data_time: 0.024, memory: 9507, vote_loss: 4.4565, objectness_loss: 0.4136, semantic_loss: 0.5440, center_loss: 0.6615, dir_class_loss: 1.3653, dir_res_loss: 1.1773, size_class_loss: 0.5440, size_res_loss: 0.3332, loss: 9.4954, grad_norm: 8.0628
2026-05-28 03:37:27,835 - mmdet - INFO - Epoch [4][950/1652]	lr: 8.000e-03, eta: 4:50:45, time: 0.325, data_time: 0.024, memory: 9507, vote_loss: 4.1750, objectness_loss: 0.4498, semantic_loss: 0.4803, center_loss: 0.6044, dir_class_loss: 1.3764, dir_res_loss: 1.2251, size_class_loss: 0.4804, size_res_loss: 0.3404, loss: 9.1317, grad_norm: 7.6326
2026-05-28 03:37:44,059 - mmdet - INFO - Epoch [4][1000/1652]	lr: 8.000e-03, eta: 4:50:28, time: 0.324, data_time: 0.024, memory: 9507, vote_loss: 4.1138, objectness_loss: 0.4091, semantic_loss: 0.4749, center_loss: 0.6886, dir_class_loss: 1.3011, dir_res_loss: 1.1504, size_class_loss: 0.4750, size_res_loss: 0.3261, loss: 8.9388, grad_norm: 7.9389
2026-05-28 03:38:00,216 - mmdet - INFO - Epoch [4][1050/1652]	lr: 8.000e-03, eta: 4:50:10, time: 0.323, data_time: 0.024, memory: 9507, vote_loss: 4.2665, objectness_loss: 0.4038, semantic_loss: 0.4435, center_loss: 0.6708, dir_class_loss: 1.3304, dir_res_loss: 1.1519, size_class_loss: 0.4436, size_res_loss: 0.3168, loss: 9.0273, grad_norm: 8.3167
2026-05-28 03:38:16,430 - mmdet - INFO - Epoch [4][1100/1652]	lr: 8.000e-03, eta: 4:49:53, time: 0.324, data_time: 0.025, memory: 9507, vote_loss: 4.3560, objectness_loss: 0.4056, semantic_loss: 0.4891, center_loss: 0.7005, dir_class_loss: 1.4130, dir_res_loss: 1.2003, size_class_loss: 0.4890, size_res_loss: 0.3593, loss: 9.4128, grad_norm: 8.1956
2026-05-28 03:38:32,664 - mmdet - INFO - Epoch [4][1150/1652]	lr: 8.000e-03, eta: 4:49:37, time: 0.325, data_time: 0.025, memory: 9507, vote_loss: 4.2397, objectness_loss: 0.4211, semantic_loss: 0.4743, center_loss: 0.6317, dir_class_loss: 1.3109, dir_res_loss: 1.0885, size_class_loss: 0.4744, size_res_loss: 0.3405, loss: 8.9811, grad_norm: 8.1603
2026-05-28 03:38:48,847 - mmdet - INFO - Epoch [4][1200/1652]	lr: 8.000e-03, eta: 4:49:20, time: 0.324, data_time: 0.025, memory: 9507, vote_loss: 4.1086, objectness_loss: 0.4370, semantic_loss: 0.4034, center_loss: 0.6041, dir_class_loss: 1.3251, dir_res_loss: 1.0951, size_class_loss: 0.4034, size_res_loss: 0.2983, loss: 8.6750, grad_norm: 8.4819
2026-05-28 03:39:05,057 - mmdet - INFO - Epoch [4][1250/1652]	lr: 8.000e-03, eta: 4:49:03, time: 0.324, data_time: 0.024, memory: 9507, vote_loss: 4.2460, objectness_loss: 0.4149, semantic_loss: 0.4528, center_loss: 0.5935, dir_class_loss: 1.2785, dir_res_loss: 1.1177, size_class_loss: 0.4528, size_res_loss: 0.3159, loss: 8.8720, grad_norm: 7.5668
2026-05-28 03:39:21,236 - mmdet - INFO - Epoch [4][1300/1652]	lr: 8.000e-03, eta: 4:48:46, time: 0.324, data_time: 0.026, memory: 9507, vote_loss: 4.2042, objectness_loss: 0.4143, semantic_loss: 0.4323, center_loss: 0.6260, dir_class_loss: 1.2878, dir_res_loss: 1.0428, size_class_loss: 0.4323, size_res_loss: 0.3300, loss: 8.7696, grad_norm: 7.9891
2026-05-28 03:39:37,363 - mmdet - INFO - Epoch [4][1350/1652]	lr: 8.000e-03, eta: 4:48:28, time: 0.323, data_time: 0.024, memory: 9507, vote_loss: 4.1688, objectness_loss: 0.4067, semantic_loss: 0.4660, center_loss: 0.6300, dir_class_loss: 1.2371, dir_res_loss: 0.9853, size_class_loss: 0.4660, size_res_loss: 0.3239, loss: 8.6838, grad_norm: 8.5851
2026-05-28 03:39:53,465 - mmdet - INFO - Epoch [4][1400/1652]	lr: 8.000e-03, eta: 4:48:10, time: 0.322, data_time: 0.023, memory: 9507, vote_loss: 4.4512, objectness_loss: 0.4241, semantic_loss: 0.4825, center_loss: 0.6673, dir_class_loss: 1.3517, dir_res_loss: 1.1156, size_class_loss: 0.4825, size_res_loss: 0.3606, loss: 9.3355, grad_norm: 8.2280
2026-05-28 03:40:09,572 - mmdet - INFO - Epoch [4][1450/1652]	lr: 8.000e-03, eta: 4:47:53, time: 0.322, data_time: 0.023, memory: 9507, vote_loss: 4.1734, objectness_loss: 0.4225, semantic_loss: 0.4496, center_loss: 0.6271, dir_class_loss: 1.3230, dir_res_loss: 1.0743, size_class_loss: 0.4496, size_res_loss: 0.3557, loss: 8.8753, grad_norm: 8.2715
2026-05-28 03:40:25,642 - mmdet - INFO - Epoch [4][1500/1652]	lr: 8.000e-03, eta: 4:47:35, time: 0.321, data_time: 0.023, memory: 9507, vote_loss: 4.2883, objectness_loss: 0.4371, semantic_loss: 0.5088, center_loss: 0.6373, dir_class_loss: 1.3186, dir_res_loss: 1.1281, size_class_loss: 0.5087, size_res_loss: 0.3618, loss: 9.1887, grad_norm: 7.8633
2026-05-28 03:40:41,803 - mmdet - INFO - Epoch [4][1550/1652]	lr: 8.000e-03, eta: 4:47:17, time: 0.323, data_time: 0.025, memory: 9507, vote_loss: 4.1546, objectness_loss: 0.4065, semantic_loss: 0.4247, center_loss: 0.6676, dir_class_loss: 1.2863, dir_res_loss: 0.9426, size_class_loss: 0.4246, size_res_loss: 0.3520, loss: 8.6588, grad_norm: 8.0721
2026-05-28 03:40:57,990 - mmdet - INFO - Epoch [4][1600/1652]	lr: 8.000e-03, eta: 4:47:00, time: 0.324, data_time: 0.025, memory: 9507, vote_loss: 4.1932, objectness_loss: 0.4495, semantic_loss: 0.4224, center_loss: 0.6113, dir_class_loss: 1.2330, dir_res_loss: 0.9784, size_class_loss: 0.4225, size_res_loss: 0.3254, loss: 8.6357, grad_norm: 8.1072
2026-05-28 03:41:14,146 - mmdet - INFO - Epoch [4][1650/1652]	lr: 8.000e-03, eta: 4:46:43, time: 0.323, data_time: 0.024, memory: 9507, vote_loss: 4.2322, objectness_loss: 0.4168, semantic_loss: 0.4624, center_loss: 0.6207, dir_class_loss: 1.2747, dir_res_loss: 1.0427, size_class_loss: 0.4624, size_res_loss: 0.3475, loss: 8.8593, grad_norm: 8.1981
2026-05-28 03:41:14,856 - mmdet - INFO - Saving checkpoint at 4 epochs
2026-05-28 03:41:34,040 - mmdet - INFO - Epoch [5][50/1652]	lr: 8.000e-03, eta: 4:46:42, time: 0.377, data_time: 0.077, memory: 9507, vote_loss: 4.2910, objectness_loss: 0.4281, semantic_loss: 0.4773, center_loss: 0.5951, dir_class_loss: 1.3490, dir_res_loss: 1.0521, size_class_loss: 0.4771, size_res_loss: 0.3655, loss: 9.0351, grad_norm: 8.0722
2026-05-28 03:41:50,221 - mmdet - INFO - Epoch [5][100/1652]	lr: 8.000e-03, eta: 4:46:25, time: 0.324, data_time: 0.023, memory: 9507, vote_loss: 4.2977, objectness_loss: 0.4478, semantic_loss: 0.5149, center_loss: 0.6175, dir_class_loss: 1.3464, dir_res_loss: 1.1855, size_class_loss: 0.5149, size_res_loss: 0.3260, loss: 9.2506, grad_norm: 8.4993
2026-05-28 03:42:06,388 - mmdet - INFO - Epoch [5][150/1652]	lr: 8.000e-03, eta: 4:46:07, time: 0.323, data_time: 0.024, memory: 9507, vote_loss: 4.1459, objectness_loss: 0.3953, semantic_loss: 0.4011, center_loss: 0.5846, dir_class_loss: 1.2706, dir_res_loss: 1.0657, size_class_loss: 0.4012, size_res_loss: 0.3345, loss: 8.5989, grad_norm: 8.2533
2026-05-28 03:42:22,598 - mmdet - INFO - Epoch [5][200/1652]	lr: 8.000e-03, eta: 4:45:51, time: 0.324, data_time: 0.025, memory: 9507, vote_loss: 4.0728, objectness_loss: 0.4002, semantic_loss: 0.4743, center_loss: 0.6362, dir_class_loss: 1.2937, dir_res_loss: 0.9978, size_class_loss: 0.4742, size_res_loss: 0.3196, loss: 8.6688, grad_norm: 8.1483
2026-05-28 03:42:38,799 - mmdet - INFO - Epoch [5][250/1652]	lr: 8.000e-03, eta: 4:45:34, time: 0.324, data_time: 0.024, memory: 9507, vote_loss: 4.1506, objectness_loss: 0.4101, semantic_loss: 0.4759, center_loss: 0.6938, dir_class_loss: 1.2756, dir_res_loss: 0.9446, size_class_loss: 0.4760, size_res_loss: 0.3282, loss: 8.7548, grad_norm: 8.0266
2026-05-28 03:42:54,951 - mmdet - INFO - Epoch [5][300/1652]	lr: 8.000e-03, eta: 4:45:16, time: 0.323, data_time: 0.024, memory: 9507, vote_loss: 4.0517, objectness_loss: 0.4162, semantic_loss: 0.4386, center_loss: 0.6039, dir_class_loss: 1.2635, dir_res_loss: 1.0659, size_class_loss: 0.4385, size_res_loss: 0.3129, loss: 8.5913, grad_norm: 7.7373
2026-05-28 03:43:11,354 - mmdet - INFO - Epoch [5][350/1652]	lr: 8.000e-03, eta: 4:45:01, time: 0.328, data_time: 0.028, memory: 9507, vote_loss: 4.1118, objectness_loss: 0.4232, semantic_loss: 0.4236, center_loss: 0.6139, dir_class_loss: 1.3072, dir_res_loss: 1.0429, size_class_loss: 0.4236, size_res_loss: 0.3232, loss: 8.6693, grad_norm: 8.0417
2026-05-28 03:43:27,547 - mmdet - INFO - Epoch [5][400/1652]	lr: 8.000e-03, eta: 4:44:44, time: 0.324, data_time: 0.024, memory: 9507, vote_loss: 4.1308, objectness_loss: 0.4137, semantic_loss: 0.4266, center_loss: 0.6117, dir_class_loss: 1.2913, dir_res_loss: 1.1047, size_class_loss: 0.4266, size_res_loss: 0.3489, loss: 8.7544, grad_norm: 8.4122
2026-05-28 03:43:43,694 - mmdet - INFO - Epoch [5][450/1652]	lr: 8.000e-03, eta: 4:44:27, time: 0.323, data_time: 0.024, memory: 9507, vote_loss: 4.0696, objectness_loss: 0.4115, semantic_loss: 0.4965, center_loss: 0.6005, dir_class_loss: 1.2497, dir_res_loss: 0.9859, size_class_loss: 0.4965, size_res_loss: 0.2925, loss: 8.6026, grad_norm: 7.6609
2026-05-28 03:43:59,890 - mmdet - INFO - Epoch [5][500/1652]	lr: 8.000e-03, eta: 4:44:10, time: 0.324, data_time: 0.024, memory: 9507, vote_loss: 3.9675, objectness_loss: 0.4839, semantic_loss: 0.4930, center_loss: 0.6265, dir_class_loss: 1.3155, dir_res_loss: 1.0023, size_class_loss: 0.4929, size_res_loss: 0.3316, loss: 8.7133, grad_norm: 7.7464
2026-05-28 03:44:16,169 - mmdet - INFO - Epoch [5][550/1652]	lr: 8.000e-03, eta: 4:43:54, time: 0.326, data_time: 0.025, memory: 9507, vote_loss: 3.9346, objectness_loss: 0.3976, semantic_loss: 0.4275, center_loss: 0.6301, dir_class_loss: 1.2979, dir_res_loss: 0.9423, size_class_loss: 0.4275, size_res_loss: 0.3022, loss: 8.3597, grad_norm: 7.9209
2026-05-28 03:44:32,308 - mmdet - INFO - Epoch [5][600/1652]	lr: 8.000e-03, eta: 4:43:36, time: 0.323, data_time: 0.024, memory: 9507, vote_loss: 4.1188, objectness_loss: 0.4261, semantic_loss: 0.5272, center_loss: 0.6159, dir_class_loss: 1.2885, dir_res_loss: 1.0354, size_class_loss: 0.5271, size_res_loss: 0.3272, loss: 8.8662, grad_norm: 8.0144
2026-05-28 03:44:48,435 - mmdet - INFO - Epoch [5][650/1652]	lr: 8.000e-03, eta: 4:43:19, time: 0.323, data_time: 0.023, memory: 9507, vote_loss: 4.1756, objectness_loss: 0.4109, semantic_loss: 0.4596, center_loss: 0.6637, dir_class_loss: 1.2231, dir_res_loss: 1.0050, size_class_loss: 0.4596, size_res_loss: 0.3218, loss: 8.7193, grad_norm: 7.9330
2026-05-28 03:45:04,557 - mmdet - INFO - Epoch [5][700/1652]	lr: 8.000e-03, eta: 4:43:02, time: 0.322, data_time: 0.023, memory: 9507, vote_loss: 4.0373, objectness_loss: 0.3791, semantic_loss: 0.4067, center_loss: 0.5980, dir_class_loss: 1.2097, dir_res_loss: 1.0694, size_class_loss: 0.4067, size_res_loss: 0.3064, loss: 8.4134, grad_norm: 7.5511
2026-05-28 03:45:20,720 - mmdet - INFO - Epoch [5][750/1652]	lr: 8.000e-03, eta: 4:42:44, time: 0.323, data_time: 0.023, memory: 9507, vote_loss: 4.0929, objectness_loss: 0.4260, semantic_loss: 0.4493, center_loss: 0.6390, dir_class_loss: 1.2172, dir_res_loss: 1.0405, size_class_loss: 0.4493, size_res_loss: 0.3525, loss: 8.6669, grad_norm: 7.8628
2026-05-28 03:45:36,882 - mmdet - INFO - Epoch [5][800/1652]	lr: 8.000e-03, eta: 4:42:27, time: 0.323, data_time: 0.023, memory: 9507, vote_loss: 4.1317, objectness_loss: 0.3968, semantic_loss: 0.4953, center_loss: 0.6734, dir_class_loss: 1.2477, dir_res_loss: 0.9391, size_class_loss: 0.4953, size_res_loss: 0.3520, loss: 8.7312, grad_norm: 8.0774
2026-05-28 03:45:53,101 - mmdet - INFO - Epoch [5][850/1652]	lr: 8.000e-03, eta: 4:42:11, time: 0.324, data_time: 0.024, memory: 9507, vote_loss: 3.9037, objectness_loss: 0.4449, semantic_loss: 0.4818, center_loss: 0.5405, dir_class_loss: 1.2282, dir_res_loss: 0.8909, size_class_loss: 0.4818, size_res_loss: 0.2868, loss: 8.2585, grad_norm: 7.5998
2026-05-28 03:46:09,242 - mmdet - INFO - Epoch [5][900/1652]	lr: 8.000e-03, eta: 4:41:53, time: 0.323, data_time: 0.023, memory: 9507, vote_loss: 4.1528, objectness_loss: 0.4055, semantic_loss: 0.4915, center_loss: 0.6119, dir_class_loss: 1.2645, dir_res_loss: 1.0946, size_class_loss: 0.4915, size_res_loss: 0.3410, loss: 8.8533, grad_norm: 8.3356
2026-05-28 03:46:25,430 - mmdet - INFO - Epoch [5][950/1652]	lr: 8.000e-03, eta: 4:41:37, time: 0.324, data_time: 0.023, memory: 9507, vote_loss: 4.3591, objectness_loss: 0.4009, semantic_loss: 0.4806, center_loss: 0.6061, dir_class_loss: 1.2667, dir_res_loss: 0.9624, size_class_loss: 0.4806, size_res_loss: 0.3870, loss: 8.9434, grad_norm: 7.9997
2026-05-28 03:46:41,495 - mmdet - INFO - Epoch [5][1000/1652]	lr: 8.000e-03, eta: 4:41:19, time: 0.321, data_time: 0.022, memory: 9507, vote_loss: 3.9538, objectness_loss: 0.3849, semantic_loss: 0.5241, center_loss: 0.5850, dir_class_loss: 1.2406, dir_res_loss: 0.9519, size_class_loss: 0.5241, size_res_loss: 0.3274, loss: 8.4919, grad_norm: 9.0074
2026-05-28 03:46:57,660 - mmdet - INFO - Epoch [5][1050/1652]	lr: 8.000e-03, eta: 4:41:02, time: 0.323, data_time: 0.024, memory: 9507, vote_loss: 3.9871, objectness_loss: 0.4105, semantic_loss: 0.4357, center_loss: 0.5659, dir_class_loss: 1.2572, dir_res_loss: 0.9014, size_class_loss: 0.4357, size_res_loss: 0.3099, loss: 8.3032, grad_norm: 7.7767
2026-05-28 03:47:13,803 - mmdet - INFO - Epoch [5][1100/1652]	lr: 8.000e-03, eta: 4:40:45, time: 0.323, data_time: 0.023, memory: 9507, vote_loss: 4.1754, objectness_loss: 0.3852, semantic_loss: 0.4211, center_loss: 0.6078, dir_class_loss: 1.2193, dir_res_loss: 0.9538, size_class_loss: 0.4211, size_res_loss: 0.3373, loss: 8.5211, grad_norm: 8.1217
2026-05-28 03:47:30,005 - mmdet - INFO - Epoch [5][1150/1652]	lr: 8.000e-03, eta: 4:40:28, time: 0.324, data_time: 0.024, memory: 9507, vote_loss: 4.1105, objectness_loss: 0.4089, semantic_loss: 0.4154, center_loss: 0.5920, dir_class_loss: 1.2224, dir_res_loss: 0.9217, size_class_loss: 0.4153, size_res_loss: 0.3503, loss: 8.4365, grad_norm: 7.9715
2026-05-28 03:47:46,136 - mmdet - INFO - Epoch [5][1200/1652]	lr: 8.000e-03, eta: 4:40:11, time: 0.323, data_time: 0.023, memory: 9507, vote_loss: 4.1776, objectness_loss: 0.4083, semantic_loss: 0.4035, center_loss: 0.6740, dir_class_loss: 1.2138, dir_res_loss: 0.9774, size_class_loss: 0.4036, size_res_loss: 0.3440, loss: 8.6022, grad_norm: 9.2479
2026-05-28 03:48:02,224 - mmdet - INFO - Epoch [5][1250/1652]	lr: 8.000e-03, eta: 4:39:53, time: 0.322, data_time: 0.022, memory: 9507, vote_loss: 4.2649, objectness_loss: 0.3875, semantic_loss: 0.4155, center_loss: 0.6128, dir_class_loss: 1.2248, dir_res_loss: 0.9579, size_class_loss: 0.4155, size_res_loss: 0.3239, loss: 8.6029, grad_norm: 8.1134
2026-05-28 03:48:18,305 - mmdet - INFO - Epoch [5][1300/1652]	lr: 8.000e-03, eta: 4:39:36, time: 0.322, data_time: 0.022, memory: 9507, vote_loss: 4.0332, objectness_loss: 0.3839, semantic_loss: 0.4476, center_loss: 0.6347, dir_class_loss: 1.2143, dir_res_loss: 0.8752, size_class_loss: 0.4475, size_res_loss: 0.3680, loss: 8.4044, grad_norm: 8.3503
2026-05-28 03:48:34,422 - mmdet - INFO - Epoch [5][1350/1652]	lr: 8.000e-03, eta: 4:39:19, time: 0.322, data_time: 0.023, memory: 9507, vote_loss: 3.8052, objectness_loss: 0.3910, semantic_loss: 0.4672, center_loss: 0.6075, dir_class_loss: 1.2155, dir_res_loss: 0.9146, size_class_loss: 0.4672, size_res_loss: 0.3383, loss: 8.2063, grad_norm: 8.2385
2026-05-28 03:48:50,597 - mmdet - INFO - Epoch [5][1400/1652]	lr: 8.000e-03, eta: 4:39:02, time: 0.324, data_time: 0.023, memory: 9507, vote_loss: 3.9162, objectness_loss: 0.3905, semantic_loss: 0.5008, center_loss: 0.5727, dir_class_loss: 1.2663, dir_res_loss: 0.9821, size_class_loss: 0.5008, size_res_loss: 0.3185, loss: 8.4479, grad_norm: 8.9162
2026-05-28 03:49:06,691 - mmdet - INFO - Epoch [5][1450/1652]	lr: 8.000e-03, eta: 4:38:44, time: 0.322, data_time: 0.022, memory: 9507, vote_loss: 4.0495, objectness_loss: 0.3794, semantic_loss: 0.4361, center_loss: 0.5873, dir_class_loss: 1.2420, dir_res_loss: 0.9538, size_class_loss: 0.4361, size_res_loss: 0.3557, loss: 8.4399, grad_norm: 8.1095
2026-05-28 03:49:22,801 - mmdet - INFO - Epoch [5][1500/1652]	lr: 8.000e-03, eta: 4:38:27, time: 0.322, data_time: 0.023, memory: 9507, vote_loss: 4.1968, objectness_loss: 0.3913, semantic_loss: 0.4606, center_loss: 0.6314, dir_class_loss: 1.2287, dir_res_loss: 1.0246, size_class_loss: 0.4607, size_res_loss: 0.3627, loss: 8.7568, grad_norm: 9.0646
2026-05-28 03:49:38,945 - mmdet - INFO - Epoch [5][1550/1652]	lr: 8.000e-03, eta: 4:38:10, time: 0.323, data_time: 0.023, memory: 9507, vote_loss: 3.9866, objectness_loss: 0.3883, semantic_loss: 0.4390, center_loss: 0.5466, dir_class_loss: 1.1842, dir_res_loss: 0.9863, size_class_loss: 0.4390, size_res_loss: 0.3310, loss: 8.3009, grad_norm: 7.9006
2026-05-28 03:49:55,128 - mmdet - INFO - Epoch [5][1600/1652]	lr: 8.000e-03, eta: 4:37:53, time: 0.324, data_time: 0.023, memory: 9507, vote_loss: 4.0343, objectness_loss: 0.3922, semantic_loss: 0.4646, center_loss: 0.6041, dir_class_loss: 1.2870, dir_res_loss: 0.9947, size_class_loss: 0.4645, size_res_loss: 0.3283, loss: 8.5697, grad_norm: 8.0461
2026-05-28 03:50:11,310 - mmdet - INFO - Epoch [5][1650/1652]	lr: 8.000e-03, eta: 4:37:37, time: 0.324, data_time: 0.023, memory: 9507, vote_loss: 4.1369, objectness_loss: 0.3776, semantic_loss: 0.4106, center_loss: 0.5972, dir_class_loss: 1.1577, dir_res_loss: 0.8658, size_class_loss: 0.4106, size_res_loss: 0.3030, loss: 8.2592, grad_norm: 7.4754
2026-05-28 03:50:12,021 - mmdet - INFO - Saving checkpoint at 5 epochs
2026-05-28 03:50:31,196 - mmdet - INFO - Epoch [6][50/1652]	lr: 8.000e-03, eta: 4:37:32, time: 0.378, data_time: 0.078, memory: 9507, vote_loss: 3.8875, objectness_loss: 0.4039, semantic_loss: 0.4006, center_loss: 0.5875, dir_class_loss: 1.1972, dir_res_loss: 0.9190, size_class_loss: 0.4007, size_res_loss: 0.3047, loss: 8.1012, grad_norm: 7.9431
2026-05-28 03:50:47,470 - mmdet - INFO - Epoch [6][100/1652]	lr: 8.000e-03, eta: 4:37:16, time: 0.325, data_time: 0.025, memory: 9507, vote_loss: 4.0299, objectness_loss: 0.4131, semantic_loss: 0.4953, center_loss: 0.6161, dir_class_loss: 1.2899, dir_res_loss: 0.9096, size_class_loss: 0.4953, size_res_loss: 0.3836, loss: 8.6328, grad_norm: 8.2256
2026-05-28 03:51:03,768 - mmdet - INFO - Epoch [6][150/1652]	lr: 8.000e-03, eta: 4:37:00, time: 0.326, data_time: 0.025, memory: 9507, vote_loss: 3.8576, objectness_loss: 0.4126, semantic_loss: 0.4022, center_loss: 0.5305, dir_class_loss: 1.1810, dir_res_loss: 0.8858, size_class_loss: 0.4022, size_res_loss: 0.3297, loss: 8.0015, grad_norm: 7.3079
2026-05-28 03:51:20,107 - mmdet - INFO - Epoch [6][200/1652]	lr: 8.000e-03, eta: 4:36:44, time: 0.327, data_time: 0.027, memory: 9507, vote_loss: 4.1279, objectness_loss: 0.4148, semantic_loss: 0.4566, center_loss: 0.5570, dir_class_loss: 1.2393, dir_res_loss: 0.9633, size_class_loss: 0.4565, size_res_loss: 0.3153, loss: 8.5306, grad_norm: 7.9571
2026-05-28 03:51:36,300 - mmdet - INFO - Epoch [6][250/1652]	lr: 8.000e-03, eta: 4:36:27, time: 0.324, data_time: 0.025, memory: 9507, vote_loss: 4.0604, objectness_loss: 0.3972, semantic_loss: 0.4274, center_loss: 0.5570, dir_class_loss: 1.2053, dir_res_loss: 0.9710, size_class_loss: 0.4274, size_res_loss: 0.3269, loss: 8.3727, grad_norm: 7.8963
2026-05-28 03:51:52,602 - mmdet - INFO - Epoch [6][300/1652]	lr: 8.000e-03, eta: 4:36:11, time: 0.326, data_time: 0.025, memory: 9507, vote_loss: 3.9130, objectness_loss: 0.3942, semantic_loss: 0.4386, center_loss: 0.5930, dir_class_loss: 1.1718, dir_res_loss: 0.9528, size_class_loss: 0.4386, size_res_loss: 0.3155, loss: 8.2176, grad_norm: 8.6410
2026-05-28 03:52:08,832 - mmdet - INFO - Epoch [6][350/1652]	lr: 8.000e-03, eta: 4:35:54, time: 0.325, data_time: 0.025, memory: 9507, vote_loss: 3.9274, objectness_loss: 0.3954, semantic_loss: 0.4417, center_loss: 0.6003, dir_class_loss: 1.2170, dir_res_loss: 0.9080, size_class_loss: 0.4417, size_res_loss: 0.3185, loss: 8.2501, grad_norm: 7.6070
2026-05-28 03:52:25,012 - mmdet - INFO - Epoch [6][400/1652]	lr: 8.000e-03, eta: 4:35:37, time: 0.324, data_time: 0.024, memory: 9507, vote_loss: 3.9560, objectness_loss: 0.4284, semantic_loss: 0.3901, center_loss: 0.5447, dir_class_loss: 1.1889, dir_res_loss: 0.8763, size_class_loss: 0.3902, size_res_loss: 0.3248, loss: 8.0995, grad_norm: 8.0870
2026-05-28 03:52:41,253 - mmdet - INFO - Epoch [6][450/1652]	lr: 8.000e-03, eta: 4:35:21, time: 0.325, data_time: 0.024, memory: 9507, vote_loss: 3.8471, objectness_loss: 0.4104, semantic_loss: 0.4298, center_loss: 0.5670, dir_class_loss: 1.2656, dir_res_loss: 0.9920, size_class_loss: 0.4298, size_res_loss: 0.3345, loss: 8.2763, grad_norm: 7.9116
2026-05-28 03:52:57,693 - mmdet - INFO - Epoch [6][500/1652]	lr: 8.000e-03, eta: 4:35:06, time: 0.329, data_time: 0.028, memory: 9507, vote_loss: 3.9722, objectness_loss: 0.4325, semantic_loss: 0.4393, center_loss: 0.5912, dir_class_loss: 1.2809, dir_res_loss: 0.8445, size_class_loss: 0.4393, size_res_loss: 0.3192, loss: 8.3192, grad_norm: 8.5665
2026-05-28 03:53:13,913 - mmdet - INFO - Epoch [6][550/1652]	lr: 8.000e-03, eta: 4:34:49, time: 0.324, data_time: 0.025, memory: 9507, vote_loss: 4.1731, objectness_loss: 0.3880, semantic_loss: 0.4245, center_loss: 0.5663, dir_class_loss: 1.1285, dir_res_loss: 0.8384, size_class_loss: 0.4245, size_res_loss: 0.3317, loss: 8.2750, grad_norm: 8.9191
2026-05-28 03:53:30,169 - mmdet - INFO - Epoch [6][600/1652]	lr: 8.000e-03, eta: 4:34:33, time: 0.325, data_time: 0.025, memory: 9507, vote_loss: 3.9696, objectness_loss: 0.3890, semantic_loss: 0.4345, center_loss: 0.5771, dir_class_loss: 1.1045, dir_res_loss: 0.8413, size_class_loss: 0.4345, size_res_loss: 0.3116, loss: 8.0620, grad_norm: 8.0181
2026-05-28 03:53:46,281 - mmdet - INFO - Epoch [6][650/1652]	lr: 8.000e-03, eta: 4:34:15, time: 0.322, data_time: 0.024, memory: 9507, vote_loss: 3.8022, objectness_loss: 0.3952, semantic_loss: 0.4606, center_loss: 0.5374, dir_class_loss: 1.1645, dir_res_loss: 0.8911, size_class_loss: 0.4606, size_res_loss: 0.3187, loss: 8.0303, grad_norm: 7.8585
2026-05-28 03:54:02,449 - mmdet - INFO - Epoch [6][700/1652]	lr: 8.000e-03, eta: 4:33:59, time: 0.323, data_time: 0.024, memory: 9507, vote_loss: 4.0126, objectness_loss: 0.4290, semantic_loss: 0.4721, center_loss: 0.5589, dir_class_loss: 1.1002, dir_res_loss: 0.9381, size_class_loss: 0.4722, size_res_loss: 0.3241, loss: 8.3072, grad_norm: 8.4072
2026-05-28 03:54:18,657 - mmdet - INFO - Epoch [6][750/1652]	lr: 8.000e-03, eta: 4:33:42, time: 0.324, data_time: 0.025, memory: 9507, vote_loss: 3.9860, objectness_loss: 0.3935, semantic_loss: 0.4705, center_loss: 0.6068, dir_class_loss: 1.1265, dir_res_loss: 0.8876, size_class_loss: 0.4705, size_res_loss: 0.3441, loss: 8.2855, grad_norm: 8.0459
2026-05-28 03:54:34,760 - mmdet - INFO - Epoch [6][800/1652]	lr: 8.000e-03, eta: 4:33:25, time: 0.322, data_time: 0.024, memory: 9507, vote_loss: 4.0864, objectness_loss: 0.3835, semantic_loss: 0.4544, center_loss: 0.5740, dir_class_loss: 1.1197, dir_res_loss: 0.9438, size_class_loss: 0.4544, size_res_loss: 0.3278, loss: 8.3439, grad_norm: 7.3977
2026-05-28 03:54:50,979 - mmdet - INFO - Epoch [6][850/1652]	lr: 8.000e-03, eta: 4:33:08, time: 0.324, data_time: 0.025, memory: 9507, vote_loss: 3.9753, objectness_loss: 0.3730, semantic_loss: 0.4508, center_loss: 0.5983, dir_class_loss: 1.1491, dir_res_loss: 0.8528, size_class_loss: 0.4508, size_res_loss: 0.3137, loss: 8.1638, grad_norm: 8.5716
2026-05-28 03:55:07,193 - mmdet - INFO - Epoch [6][900/1652]	lr: 8.000e-03, eta: 4:32:52, time: 0.324, data_time: 0.025, memory: 9507, vote_loss: 3.9870, objectness_loss: 0.3623, semantic_loss: 0.4552, center_loss: 0.5989, dir_class_loss: 1.2157, dir_res_loss: 0.9122, size_class_loss: 0.4552, size_res_loss: 0.3374, loss: 8.3238, grad_norm: 8.4403
2026-05-28 03:55:23,573 - mmdet - INFO - Epoch [6][950/1652]	lr: 8.000e-03, eta: 4:32:36, time: 0.328, data_time: 0.025, memory: 9507, vote_loss: 3.7095, objectness_loss: 0.3999, semantic_loss: 0.4079, center_loss: 0.5448, dir_class_loss: 1.1160, dir_res_loss: 0.8732, size_class_loss: 0.4079, size_res_loss: 0.3034, loss: 7.7626, grad_norm: 7.5288
2026-05-28 03:55:39,741 - mmdet - INFO - Epoch [6][1000/1652]	lr: 8.000e-03, eta: 4:32:19, time: 0.323, data_time: 0.024, memory: 9507, vote_loss: 3.8689, objectness_loss: 0.3974, semantic_loss: 0.4284, center_loss: 0.5489, dir_class_loss: 1.1068, dir_res_loss: 0.8561, size_class_loss: 0.4284, size_res_loss: 0.3274, loss: 7.9624, grad_norm: 7.8708
2026-05-28 03:55:55,851 - mmdet - INFO - Epoch [6][1050/1652]	lr: 8.000e-03, eta: 4:32:02, time: 0.322, data_time: 0.024, memory: 9507, vote_loss: 4.0214, objectness_loss: 0.3670, semantic_loss: 0.4230, center_loss: 0.5946, dir_class_loss: 1.1403, dir_res_loss: 0.8757, size_class_loss: 0.4230, size_res_loss: 0.3142, loss: 8.1592, grad_norm: 8.5280
2026-05-28 03:56:12,058 - mmdet - INFO - Epoch [6][1100/1652]	lr: 8.000e-03, eta: 4:31:45, time: 0.324, data_time: 0.024, memory: 9507, vote_loss: 4.0131, objectness_loss: 0.3921, semantic_loss: 0.3889, center_loss: 0.5916, dir_class_loss: 1.1413, dir_res_loss: 0.9276, size_class_loss: 0.3890, size_res_loss: 0.3194, loss: 8.1629, grad_norm: 8.8319
2026-05-28 03:56:28,207 - mmdet - INFO - Epoch [6][1150/1652]	lr: 8.000e-03, eta: 4:31:28, time: 0.323, data_time: 0.024, memory: 9507, vote_loss: 3.8095, objectness_loss: 0.3672, semantic_loss: 0.4378, center_loss: 0.5531, dir_class_loss: 1.1419, dir_res_loss: 0.9776, size_class_loss: 0.4377, size_res_loss: 0.3101, loss: 8.0350, grad_norm: 7.3485
2026-05-28 03:56:44,346 - mmdet - INFO - Epoch [6][1200/1652]	lr: 8.000e-03, eta: 4:31:11, time: 0.323, data_time: 0.024, memory: 9507, vote_loss: 4.0652, objectness_loss: 0.3602, semantic_loss: 0.4378, center_loss: 0.6424, dir_class_loss: 1.0745, dir_res_loss: 0.9169, size_class_loss: 0.4378, size_res_loss: 0.3621, loss: 8.2969, grad_norm: 9.1305
2026-05-28 03:57:00,557 - mmdet - INFO - Epoch [6][1250/1652]	lr: 8.000e-03, eta: 4:30:55, time: 0.324, data_time: 0.024, memory: 9507, vote_loss: 3.8159, objectness_loss: 0.4064, semantic_loss: 0.4534, center_loss: 0.5657, dir_class_loss: 1.1287, dir_res_loss: 0.8319, size_class_loss: 0.4534, size_res_loss: 0.3312, loss: 7.9866, grad_norm: 8.1363
2026-05-28 03:57:16,731 - mmdet - INFO - Epoch [6][1300/1652]	lr: 8.000e-03, eta: 4:30:38, time: 0.323, data_time: 0.024, memory: 9507, vote_loss: 3.9325, objectness_loss: 0.3750, semantic_loss: 0.4858, center_loss: 0.5932, dir_class_loss: 1.1620, dir_res_loss: 0.8729, size_class_loss: 0.4858, size_res_loss: 0.3429, loss: 8.2499, grad_norm: 8.2587
2026-05-28 03:57:32,945 - mmdet - INFO - Epoch [6][1350/1652]	lr: 8.000e-03, eta: 4:30:22, time: 0.324, data_time: 0.024, memory: 9507, vote_loss: 4.0285, objectness_loss: 0.3997, semantic_loss: 0.4575, center_loss: 0.5507, dir_class_loss: 1.0927, dir_res_loss: 1.0261, size_class_loss: 0.4574, size_res_loss: 0.3332, loss: 8.3458, grad_norm: 8.0751
2026-05-28 03:57:49,140 - mmdet - INFO - Epoch [6][1400/1652]	lr: 8.000e-03, eta: 4:30:05, time: 0.324, data_time: 0.024, memory: 9507, vote_loss: 3.8614, objectness_loss: 0.4018, semantic_loss: 0.4397, center_loss: 0.5881, dir_class_loss: 1.1037, dir_res_loss: 0.8433, size_class_loss: 0.4397, size_res_loss: 0.3208, loss: 7.9985, grad_norm: 7.8653
2026-05-28 03:58:05,238 - mmdet - INFO - Epoch [6][1450/1652]	lr: 8.000e-03, eta: 4:29:48, time: 0.322, data_time: 0.024, memory: 9507, vote_loss: 3.8155, objectness_loss: 0.3691, semantic_loss: 0.4378, center_loss: 0.5676, dir_class_loss: 1.1086, dir_res_loss: 0.8728, size_class_loss: 0.4378, size_res_loss: 0.3287, loss: 7.9379, grad_norm: 7.7612
2026-05-28 03:58:21,403 - mmdet - INFO - Epoch [6][1500/1652]	lr: 8.000e-03, eta: 4:29:31, time: 0.323, data_time: 0.024, memory: 9507, vote_loss: 3.6024, objectness_loss: 0.3895, semantic_loss: 0.4178, center_loss: 0.5102, dir_class_loss: 1.1637, dir_res_loss: 0.9289, size_class_loss: 0.4178, size_res_loss: 0.3071, loss: 7.7376, grad_norm: 7.9125
2026-05-28 03:58:37,574 - mmdet - INFO - Epoch [6][1550/1652]	lr: 8.000e-03, eta: 4:29:14, time: 0.323, data_time: 0.024, memory: 9507, vote_loss: 3.7191, objectness_loss: 0.3998, semantic_loss: 0.4243, center_loss: 0.5370, dir_class_loss: 1.0942, dir_res_loss: 0.7815, size_class_loss: 0.4243, size_res_loss: 0.3048, loss: 7.6850, grad_norm: 7.9736
2026-05-28 03:58:53,756 - mmdet - INFO - Epoch [6][1600/1652]	lr: 8.000e-03, eta: 4:28:58, time: 0.324, data_time: 0.024, memory: 9507, vote_loss: 3.9214, objectness_loss: 0.4402, semantic_loss: 0.4533, center_loss: 0.5457, dir_class_loss: 1.0939, dir_res_loss: 0.9333, size_class_loss: 0.4534, size_res_loss: 0.3190, loss: 8.1603, grad_norm: 7.9902
2026-05-28 03:59:09,962 - mmdet - INFO - Epoch [6][1650/1652]	lr: 8.000e-03, eta: 4:28:41, time: 0.324, data_time: 0.024, memory: 9507, vote_loss: 3.8376, objectness_loss: 0.3773, semantic_loss: 0.4277, center_loss: 0.5829, dir_class_loss: 1.1293, dir_res_loss: 0.8313, size_class_loss: 0.4277, size_res_loss: 0.2798, loss: 7.8936, grad_norm: 8.3087
2026-05-28 03:59:10,683 - mmdet - INFO - Saving checkpoint at 6 epochs
2026-05-28 03:59:29,902 - mmdet - INFO - Epoch [7][50/1652]	lr: 8.000e-03, eta: 4:28:34, time: 0.379, data_time: 0.079, memory: 9507, vote_loss: 3.9176, objectness_loss: 0.3996, semantic_loss: 0.4386, center_loss: 0.5295, dir_class_loss: 1.1465, dir_res_loss: 0.8636, size_class_loss: 0.4386, size_res_loss: 0.2945, loss: 8.0284, grad_norm: 7.8120
2026-05-28 03:59:46,160 - mmdet - INFO - Epoch [7][100/1652]	lr: 8.000e-03, eta: 4:28:18, time: 0.325, data_time: 0.024, memory: 9507, vote_loss: 3.8150, objectness_loss: 0.3749, semantic_loss: 0.4438, center_loss: 0.5772, dir_class_loss: 1.1382, dir_res_loss: 0.7842, size_class_loss: 0.4437, size_res_loss: 0.2887, loss: 7.8658, grad_norm: 8.1371
2026-05-28 04:00:02,405 - mmdet - INFO - Epoch [7][150/1652]	lr: 8.000e-03, eta: 4:28:01, time: 0.325, data_time: 0.024, memory: 9507, vote_loss: 3.8177, objectness_loss: 0.3993, semantic_loss: 0.4423, center_loss: 0.5285, dir_class_loss: 1.1528, dir_res_loss: 0.9100, size_class_loss: 0.4422, size_res_loss: 0.3197, loss: 8.0126, grad_norm: 7.5019
2026-05-28 04:00:18,622 - mmdet - INFO - Epoch [7][200/1652]	lr: 8.000e-03, eta: 4:27:45, time: 0.324, data_time: 0.024, memory: 9507, vote_loss: 3.8031, objectness_loss: 0.3850, semantic_loss: 0.4345, center_loss: 0.5384, dir_class_loss: 1.0921, dir_res_loss: 0.8153, size_class_loss: 0.4345, size_res_loss: 0.3144, loss: 7.8173, grad_norm: 7.7761
2026-05-28 04:00:34,881 - mmdet - INFO - Epoch [7][250/1652]	lr: 8.000e-03, eta: 4:27:28, time: 0.325, data_time: 0.025, memory: 9507, vote_loss: 4.1338, objectness_loss: 0.4045, semantic_loss: 0.4429, center_loss: 0.5690, dir_class_loss: 1.0980, dir_res_loss: 0.8867, size_class_loss: 0.4429, size_res_loss: 0.3324, loss: 8.3101, grad_norm: 7.7357
2026-05-28 04:00:51,051 - mmdet - INFO - Epoch [7][300/1652]	lr: 8.000e-03, eta: 4:27:12, time: 0.323, data_time: 0.024, memory: 9507, vote_loss: 3.9046, objectness_loss: 0.3850, semantic_loss: 0.4302, center_loss: 0.5631, dir_class_loss: 1.0977, dir_res_loss: 0.8045, size_class_loss: 0.4302, size_res_loss: 0.3438, loss: 7.9592, grad_norm: 8.5145
2026-05-28 04:01:07,313 - mmdet - INFO - Epoch [7][350/1652]	lr: 8.000e-03, eta: 4:26:55, time: 0.325, data_time: 0.025, memory: 9507, vote_loss: 3.7261, objectness_loss: 0.4014, semantic_loss: 0.3919, center_loss: 0.5298, dir_class_loss: 1.0618, dir_res_loss: 0.8392, size_class_loss: 0.3920, size_res_loss: 0.3135, loss: 7.6557, grad_norm: 8.7611
2026-05-28 04:01:23,548 - mmdet - INFO - Epoch [7][400/1652]	lr: 8.000e-03, eta: 4:26:39, time: 0.325, data_time: 0.025, memory: 9507, vote_loss: 3.9848, objectness_loss: 0.3537, semantic_loss: 0.4106, center_loss: 0.6512, dir_class_loss: 1.1487, dir_res_loss: 0.8288, size_class_loss: 0.4105, size_res_loss: 0.3141, loss: 8.1024, grad_norm: 8.5648
2026-05-28 04:01:39,726 - mmdet - INFO - Epoch [7][450/1652]	lr: 8.000e-03, eta: 4:26:22, time: 0.324, data_time: 0.024, memory: 9507, vote_loss: 3.8759, objectness_loss: 0.3811, semantic_loss: 0.4624, center_loss: 0.5369, dir_class_loss: 1.1622, dir_res_loss: 0.8632, size_class_loss: 0.4623, size_res_loss: 0.3159, loss: 8.0598, grad_norm: 7.9007
2026-05-28 04:01:55,907 - mmdet - INFO - Epoch [7][500/1652]	lr: 8.000e-03, eta: 4:26:06, time: 0.324, data_time: 0.024, memory: 9507, vote_loss: 3.8297, objectness_loss: 0.3739, semantic_loss: 0.4126, center_loss: 0.5555, dir_class_loss: 1.1154, dir_res_loss: 0.7730, size_class_loss: 0.4125, size_res_loss: 0.3291, loss: 7.8016, grad_norm: 8.5404
2026-05-28 04:02:12,139 - mmdet - INFO - Epoch [7][550/1652]	lr: 8.000e-03, eta: 4:25:49, time: 0.325, data_time: 0.024, memory: 9507, vote_loss: 3.7009, objectness_loss: 0.3892, semantic_loss: 0.4045, center_loss: 0.4990, dir_class_loss: 1.0061, dir_res_loss: 0.8016, size_class_loss: 0.4045, size_res_loss: 0.2969, loss: 7.5027, grad_norm: 7.9257
2026-05-28 04:02:28,312 - mmdet - INFO - Epoch [7][600/1652]	lr: 8.000e-03, eta: 4:25:32, time: 0.323, data_time: 0.024, memory: 9507, vote_loss: 3.9279, objectness_loss: 0.3965, semantic_loss: 0.4080, center_loss: 0.5794, dir_class_loss: 1.0371, dir_res_loss: 0.8163, size_class_loss: 0.4080, size_res_loss: 0.3336, loss: 7.9069, grad_norm: 7.9919
2026-05-28 04:02:44,514 - mmdet - INFO - Epoch [7][650/1652]	lr: 8.000e-03, eta: 4:25:16, time: 0.324, data_time: 0.024, memory: 9507, vote_loss: 3.9858, objectness_loss: 0.4195, semantic_loss: 0.4108, center_loss: 0.5507, dir_class_loss: 1.1152, dir_res_loss: 0.7845, size_class_loss: 0.4108, size_res_loss: 0.3297, loss: 8.0070, grad_norm: 8.1093
2026-05-28 04:03:00,907 - mmdet - INFO - Epoch [7][700/1652]	lr: 8.000e-03, eta: 4:25:00, time: 0.328, data_time: 0.024, memory: 9507, vote_loss: 3.9629, objectness_loss: 0.3969, semantic_loss: 0.4401, center_loss: 0.5675, dir_class_loss: 1.1263, dir_res_loss: 0.7934, size_class_loss: 0.4401, size_res_loss: 0.3494, loss: 8.0766, grad_norm: 7.9530
2026-05-28 04:03:17,069 - mmdet - INFO - Epoch [7][750/1652]	lr: 8.000e-03, eta: 4:24:43, time: 0.323, data_time: 0.023, memory: 9507, vote_loss: 3.8506, objectness_loss: 0.3797, semantic_loss: 0.4592, center_loss: 0.5608, dir_class_loss: 1.0757, dir_res_loss: 0.7570, size_class_loss: 0.4592, size_res_loss: 0.3104, loss: 7.8526, grad_norm: 7.2660
2026-05-28 04:03:33,262 - mmdet - INFO - Epoch [7][800/1652]	lr: 8.000e-03, eta: 4:24:27, time: 0.324, data_time: 0.023, memory: 9507, vote_loss: 3.6259, objectness_loss: 0.3735, semantic_loss: 0.4103, center_loss: 0.5324, dir_class_loss: 1.0783, dir_res_loss: 0.7579, size_class_loss: 0.4103, size_res_loss: 0.2976, loss: 7.4862, grad_norm: 7.4859
2026-05-28 04:03:49,436 - mmdet - INFO - Epoch [7][850/1652]	lr: 8.000e-03, eta: 4:24:10, time: 0.323, data_time: 0.024, memory: 9507, vote_loss: 3.7816, objectness_loss: 0.3984, semantic_loss: 0.4180, center_loss: 0.5207, dir_class_loss: 1.0988, dir_res_loss: 0.7832, size_class_loss: 0.4180, size_res_loss: 0.3276, loss: 7.7463, grad_norm: 8.3304
2026-05-28 04:04:05,584 - mmdet - INFO - Epoch [7][900/1652]	lr: 8.000e-03, eta: 4:23:53, time: 0.323, data_time: 0.023, memory: 9507, vote_loss: 3.6155, objectness_loss: 0.3824, semantic_loss: 0.4172, center_loss: 0.5350, dir_class_loss: 1.0725, dir_res_loss: 0.7457, size_class_loss: 0.4172, size_res_loss: 0.3114, loss: 7.4968, grad_norm: 8.1630
2026-05-28 04:04:21,827 - mmdet - INFO - Epoch [7][950/1652]	lr: 8.000e-03, eta: 4:23:37, time: 0.325, data_time: 0.024, memory: 9507, vote_loss: 3.8292, objectness_loss: 0.3625, semantic_loss: 0.4307, center_loss: 0.5170, dir_class_loss: 1.1439, dir_res_loss: 0.8486, size_class_loss: 0.4307, size_res_loss: 0.3364, loss: 7.8989, grad_norm: 7.7128
2026-05-28 04:04:38,014 - mmdet - INFO - Epoch [7][1000/1652]	lr: 8.000e-03, eta: 4:23:20, time: 0.324, data_time: 0.024, memory: 9507, vote_loss: 3.7224, objectness_loss: 0.3593, semantic_loss: 0.3978, center_loss: 0.5571, dir_class_loss: 1.0166, dir_res_loss: 0.7700, size_class_loss: 0.3978, size_res_loss: 0.2982, loss: 7.5193, grad_norm: 8.2826
2026-05-28 04:04:54,250 - mmdet - INFO - Epoch [7][1050/1652]	lr: 8.000e-03, eta: 4:23:04, time: 0.325, data_time: 0.024, memory: 9507, vote_loss: 3.9199, objectness_loss: 0.4268, semantic_loss: 0.4229, center_loss: 0.5551, dir_class_loss: 1.1165, dir_res_loss: 0.8880, size_class_loss: 0.4229, size_res_loss: 0.3510, loss: 8.1031, grad_norm: 9.2728
2026-05-28 04:05:10,484 - mmdet - INFO - Epoch [7][1100/1652]	lr: 8.000e-03, eta: 4:22:47, time: 0.325, data_time: 0.025, memory: 9507, vote_loss: 3.6768, objectness_loss: 0.4020, semantic_loss: 0.3846, center_loss: 0.5206, dir_class_loss: 1.0748, dir_res_loss: 0.8019, size_class_loss: 0.3846, size_res_loss: 0.3204, loss: 7.5658, grad_norm: 8.2320
2026-05-28 04:05:26,704 - mmdet - INFO - Epoch [7][1150/1652]	lr: 8.000e-03, eta: 4:22:31, time: 0.324, data_time: 0.024, memory: 9507, vote_loss: 3.8345, objectness_loss: 0.3956, semantic_loss: 0.3717, center_loss: 0.5354, dir_class_loss: 1.0732, dir_res_loss: 0.7368, size_class_loss: 0.3717, size_res_loss: 0.3249, loss: 7.6438, grad_norm: 8.2403
2026-05-28 04:05:42,915 - mmdet - INFO - Epoch [7][1200/1652]	lr: 8.000e-03, eta: 4:22:14, time: 0.324, data_time: 0.025, memory: 9507, vote_loss: 3.7500, objectness_loss: 0.3898, semantic_loss: 0.3934, center_loss: 0.5495, dir_class_loss: 1.0666, dir_res_loss: 0.8319, size_class_loss: 0.3934, size_res_loss: 0.2869, loss: 7.6615, grad_norm: 8.9284
2026-05-28 04:05:59,102 - mmdet - INFO - Epoch [7][1250/1652]	lr: 8.000e-03, eta: 4:21:58, time: 0.324, data_time: 0.024, memory: 9507, vote_loss: 4.0795, objectness_loss: 0.3792, semantic_loss: 0.4231, center_loss: 0.5679, dir_class_loss: 1.1263, dir_res_loss: 0.9149, size_class_loss: 0.4230, size_res_loss: 0.3200, loss: 8.2340, grad_norm: 7.9104
2026-05-28 04:06:15,330 - mmdet - INFO - Epoch [7][1300/1652]	lr: 8.000e-03, eta: 4:21:41, time: 0.325, data_time: 0.024, memory: 9507, vote_loss: 3.6215, objectness_loss: 0.4022, semantic_loss: 0.3712, center_loss: 0.5114, dir_class_loss: 1.0787, dir_res_loss: 0.8540, size_class_loss: 0.3712, size_res_loss: 0.3222, loss: 7.5324, grad_norm: 7.4655
2026-05-28 04:06:31,530 - mmdet - INFO - Epoch [7][1350/1652]	lr: 8.000e-03, eta: 4:21:25, time: 0.324, data_time: 0.024, memory: 9507, vote_loss: 3.6372, objectness_loss: 0.3828, semantic_loss: 0.4092, center_loss: 0.5014, dir_class_loss: 1.0730, dir_res_loss: 0.8154, size_class_loss: 0.4091, size_res_loss: 0.3278, loss: 7.5558, grad_norm: 8.0770
2026-05-28 04:06:47,719 - mmdet - INFO - Epoch [7][1400/1652]	lr: 8.000e-03, eta: 4:21:08, time: 0.324, data_time: 0.024, memory: 9507, vote_loss: 3.7392, objectness_loss: 0.3796, semantic_loss: 0.4012, center_loss: 0.5722, dir_class_loss: 1.1313, dir_res_loss: 0.8177, size_class_loss: 0.4011, size_res_loss: 0.2638, loss: 7.7061, grad_norm: 8.4413
2026-05-28 04:07:03,884 - mmdet - INFO - Epoch [7][1450/1652]	lr: 8.000e-03, eta: 4:20:51, time: 0.323, data_time: 0.024, memory: 9507, vote_loss: 3.7488, objectness_loss: 0.3725, semantic_loss: 0.4334, center_loss: 0.6034, dir_class_loss: 1.0486, dir_res_loss: 0.9027, size_class_loss: 0.4333, size_res_loss: 0.2884, loss: 7.8311, grad_norm: 7.6895
2026-05-28 04:07:20,082 - mmdet - INFO - Epoch [7][1500/1652]	lr: 8.000e-03, eta: 4:20:35, time: 0.324, data_time: 0.025, memory: 9507, vote_loss: 3.7714, objectness_loss: 0.3607, semantic_loss: 0.3747, center_loss: 0.4926, dir_class_loss: 1.1302, dir_res_loss: 0.8079, size_class_loss: 0.3747, size_res_loss: 0.3268, loss: 7.6389, grad_norm: 7.7836
2026-05-28 04:07:36,372 - mmdet - INFO - Epoch [7][1550/1652]	lr: 8.000e-03, eta: 4:20:19, time: 0.326, data_time: 0.025, memory: 9507, vote_loss: 3.9343, objectness_loss: 0.3659, semantic_loss: 0.3844, center_loss: 0.5874, dir_class_loss: 1.1083, dir_res_loss: 0.8387, size_class_loss: 0.3844, size_res_loss: 0.3303, loss: 7.9337, grad_norm: 8.9627
2026-05-28 04:07:52,546 - mmdet - INFO - Epoch [7][1600/1652]	lr: 8.000e-03, eta: 4:20:02, time: 0.323, data_time: 0.024, memory: 9507, vote_loss: 3.8123, objectness_loss: 0.3658, semantic_loss: 0.4065, center_loss: 0.5252, dir_class_loss: 1.1458, dir_res_loss: 0.8501, size_class_loss: 0.4065, size_res_loss: 0.3183, loss: 7.8305, grad_norm: 8.6245
2026-05-28 04:08:08,779 - mmdet - INFO - Epoch [7][1650/1652]	lr: 8.000e-03, eta: 4:19:46, time: 0.325, data_time: 0.025, memory: 9507, vote_loss: 3.7633, objectness_loss: 0.3659, semantic_loss: 0.4137, center_loss: 0.5397, dir_class_loss: 1.0919, dir_res_loss: 0.7440, size_class_loss: 0.4137, size_res_loss: 0.3233, loss: 7.6554, grad_norm: 7.5063
2026-05-28 04:08:09,484 - mmdet - INFO - Saving checkpoint at 7 epochs
2026-05-28 04:08:28,423 - mmdet - INFO - Epoch [8][50/1652]	lr: 8.000e-03, eta: 4:19:36, time: 0.373, data_time: 0.074, memory: 9507, vote_loss: 3.7631, objectness_loss: 0.3405, semantic_loss: 0.4126, center_loss: 0.5288, dir_class_loss: 1.0770, dir_res_loss: 0.8326, size_class_loss: 0.4125, size_res_loss: 0.3142, loss: 7.6813, grad_norm: 8.9646
2026-05-28 04:08:44,707 - mmdet - INFO - Epoch [8][100/1652]	lr: 8.000e-03, eta: 4:19:20, time: 0.326, data_time: 0.025, memory: 9507, vote_loss: 3.7245, objectness_loss: 0.3768, semantic_loss: 0.3999, center_loss: 0.5277, dir_class_loss: 0.9811, dir_res_loss: 0.8139, size_class_loss: 0.3999, size_res_loss: 0.2816, loss: 7.5052, grad_norm: 8.0160
2026-05-28 04:09:00,871 - mmdet - INFO - Epoch [8][150/1652]	lr: 8.000e-03, eta: 4:19:03, time: 0.323, data_time: 0.024, memory: 9507, vote_loss: 3.6189, objectness_loss: 0.3643, semantic_loss: 0.4007, center_loss: 0.5306, dir_class_loss: 1.0666, dir_res_loss: 0.9113, size_class_loss: 0.4007, size_res_loss: 0.3191, loss: 7.6121, grad_norm: 8.0819
2026-05-28 04:09:16,950 - mmdet - INFO - Epoch [8][200/1652]	lr: 8.000e-03, eta: 4:18:46, time: 0.322, data_time: 0.025, memory: 9507, vote_loss: 3.9780, objectness_loss: 0.3846, semantic_loss: 0.4368, center_loss: 0.5772, dir_class_loss: 1.0686, dir_res_loss: 0.6730, size_class_loss: 0.4368, size_res_loss: 0.3460, loss: 7.9011, grad_norm: 8.5737
2026-05-28 04:09:33,138 - mmdet - INFO - Epoch [8][250/1652]	lr: 8.000e-03, eta: 4:18:29, time: 0.324, data_time: 0.024, memory: 9507, vote_loss: 3.6612, objectness_loss: 0.3867, semantic_loss: 0.3984, center_loss: 0.5020, dir_class_loss: 1.0063, dir_res_loss: 0.7726, size_class_loss: 0.3984, size_res_loss: 0.3030, loss: 7.4287, grad_norm: 7.6144
2026-05-28 04:09:49,270 - mmdet - INFO - Epoch [8][300/1652]	lr: 8.000e-03, eta: 4:18:12, time: 0.323, data_time: 0.024, memory: 9507, vote_loss: 3.7891, objectness_loss: 0.3775, semantic_loss: 0.4047, center_loss: 0.5407, dir_class_loss: 1.0433, dir_res_loss: 0.8546, size_class_loss: 0.4047, size_res_loss: 0.3276, loss: 7.7422, grad_norm: 8.4267
2026-05-28 04:10:05,528 - mmdet - INFO - Epoch [8][350/1652]	lr: 8.000e-03, eta: 4:17:56, time: 0.325, data_time: 0.026, memory: 9507, vote_loss: 3.7589, objectness_loss: 0.3668, semantic_loss: 0.4323, center_loss: 0.5764, dir_class_loss: 1.1036, dir_res_loss: 0.8004, size_class_loss: 0.4324, size_res_loss: 0.3014, loss: 7.7722, grad_norm: 8.6642
2026-05-28 04:10:21,668 - mmdet - INFO - Epoch [8][400/1652]	lr: 8.000e-03, eta: 4:17:39, time: 0.323, data_time: 0.024, memory: 9507, vote_loss: 3.6863, objectness_loss: 0.3603, semantic_loss: 0.4448, center_loss: 0.5317, dir_class_loss: 1.0362, dir_res_loss: 0.7618, size_class_loss: 0.4448, size_res_loss: 0.3134, loss: 7.5793, grad_norm: 8.8087
2026-05-28 04:10:37,857 - mmdet - INFO - Epoch [8][450/1652]	lr: 8.000e-03, eta: 4:17:23, time: 0.324, data_time: 0.025, memory: 9507, vote_loss: 3.7981, objectness_loss: 0.3999, semantic_loss: 0.3813, center_loss: 0.4882, dir_class_loss: 1.1285, dir_res_loss: 0.9855, size_class_loss: 0.3813, size_res_loss: 0.2988, loss: 7.8617, grad_norm: 7.8914
2026-05-28 04:10:54,029 - mmdet - INFO - Epoch [8][500/1652]	lr: 8.000e-03, eta: 4:17:06, time: 0.323, data_time: 0.024, memory: 9507, vote_loss: 3.6035, objectness_loss: 0.3911, semantic_loss: 0.4110, center_loss: 0.5530, dir_class_loss: 1.1651, dir_res_loss: 0.8399, size_class_loss: 0.4110, size_res_loss: 0.3103, loss: 7.6848, grad_norm: 8.2522
2026-05-28 04:11:10,224 - mmdet - INFO - Epoch [8][550/1652]	lr: 8.000e-03, eta: 4:16:49, time: 0.324, data_time: 0.024, memory: 9507, vote_loss: 3.8318, objectness_loss: 0.3660, semantic_loss: 0.4037, center_loss: 0.5459, dir_class_loss: 0.9904, dir_res_loss: 0.7975, size_class_loss: 0.4037, size_res_loss: 0.3357, loss: 7.6747, grad_norm: 8.0325
2026-05-28 04:11:26,417 - mmdet - INFO - Epoch [8][600/1652]	lr: 8.000e-03, eta: 4:16:33, time: 0.324, data_time: 0.024, memory: 9507, vote_loss: 3.7248, objectness_loss: 0.3952, semantic_loss: 0.4338, center_loss: 0.5430, dir_class_loss: 1.0147, dir_res_loss: 0.7929, size_class_loss: 0.4338, size_res_loss: 0.3127, loss: 7.6508, grad_norm: 8.7074
2026-05-28 04:11:42,622 - mmdet - INFO - Epoch [8][650/1652]	lr: 8.000e-03, eta: 4:16:16, time: 0.324, data_time: 0.025, memory: 9507, vote_loss: 3.9246, objectness_loss: 0.3556, semantic_loss: 0.3886, center_loss: 0.5430, dir_class_loss: 0.9848, dir_res_loss: 0.7818, size_class_loss: 0.3886, size_res_loss: 0.3221, loss: 7.6890, grad_norm: 8.2627
2026-05-28 04:11:58,815 - mmdet - INFO - Epoch [8][700/1652]	lr: 8.000e-03, eta: 4:16:00, time: 0.324, data_time: 0.024, memory: 9507, vote_loss: 3.7904, objectness_loss: 0.3671, semantic_loss: 0.3840, center_loss: 0.5542, dir_class_loss: 1.1400, dir_res_loss: 0.8782, size_class_loss: 0.3840, size_res_loss: 0.3127, loss: 7.8107, grad_norm: 8.4629
2026-05-28 04:12:14,910 - mmdet - INFO - Epoch [8][750/1652]	lr: 8.000e-03, eta: 4:15:43, time: 0.322, data_time: 0.024, memory: 9507, vote_loss: 3.6188, objectness_loss: 0.3904, semantic_loss: 0.3769, center_loss: 0.5284, dir_class_loss: 1.0144, dir_res_loss: 0.8803, size_class_loss: 0.3769, size_res_loss: 0.2788, loss: 7.4648, grad_norm: 7.9273
2026-05-28 04:12:30,999 - mmdet - INFO - Epoch [8][800/1652]	lr: 8.000e-03, eta: 4:15:26, time: 0.322, data_time: 0.024, memory: 9507, vote_loss: 3.7724, objectness_loss: 0.4135, semantic_loss: 0.3926, center_loss: 0.5145, dir_class_loss: 1.0952, dir_res_loss: 0.8485, size_class_loss: 0.3926, size_res_loss: 0.3311, loss: 7.7604, grad_norm: 8.1011
2026-05-28 04:12:47,316 - mmdet - INFO - Epoch [8][850/1652]	lr: 8.000e-03, eta: 4:15:10, time: 0.326, data_time: 0.028, memory: 9507, vote_loss: 3.8179, objectness_loss: 0.4018, semantic_loss: 0.4135, center_loss: 0.5875, dir_class_loss: 1.0800, dir_res_loss: 0.6704, size_class_loss: 0.4135, size_res_loss: 0.3233, loss: 7.7078, grad_norm: 7.8990
2026-05-28 04:13:03,586 - mmdet - INFO - Epoch [8][900/1652]	lr: 8.000e-03, eta: 4:14:54, time: 0.325, data_time: 0.025, memory: 9507, vote_loss: 3.6904, objectness_loss: 0.3626, semantic_loss: 0.3808, center_loss: 0.5308, dir_class_loss: 1.0235, dir_res_loss: 0.7203, size_class_loss: 0.3808, size_res_loss: 0.3100, loss: 7.3992, grad_norm: 8.5860
2026-05-28 04:13:19,705 - mmdet - INFO - Epoch [8][950/1652]	lr: 8.000e-03, eta: 4:14:37, time: 0.322, data_time: 0.024, memory: 9507, vote_loss: 3.7077, objectness_loss: 0.3755, semantic_loss: 0.3794, center_loss: 0.5219, dir_class_loss: 1.0557, dir_res_loss: 0.7247, size_class_loss: 0.3794, size_res_loss: 0.3410, loss: 7.4854, grad_norm: 7.6354
2026-05-28 04:13:35,818 - mmdet - INFO - Epoch [8][1000/1652]	lr: 8.000e-03, eta: 4:14:20, time: 0.322, data_time: 0.024, memory: 9507, vote_loss: 3.5883, objectness_loss: 0.3673, semantic_loss: 0.3740, center_loss: 0.5558, dir_class_loss: 1.0150, dir_res_loss: 0.7908, size_class_loss: 0.3740, size_res_loss: 0.2795, loss: 7.3448, grad_norm: 8.6683
2026-05-28 04:13:51,944 - mmdet - INFO - Epoch [8][1050/1652]	lr: 8.000e-03, eta: 4:14:03, time: 0.323, data_time: 0.024, memory: 9507, vote_loss: 3.8329, objectness_loss: 0.3505, semantic_loss: 0.4468, center_loss: 0.5850, dir_class_loss: 1.0760, dir_res_loss: 0.8618, size_class_loss: 0.4468, size_res_loss: 0.3327, loss: 7.9325, grad_norm: 8.8918
2026-05-28 04:14:08,149 - mmdet - INFO - Epoch [8][1100/1652]	lr: 8.000e-03, eta: 4:13:47, time: 0.324, data_time: 0.024, memory: 9507, vote_loss: 3.5765, objectness_loss: 0.3823, semantic_loss: 0.3786, center_loss: 0.5313, dir_class_loss: 1.0357, dir_res_loss: 0.8299, size_class_loss: 0.3786, size_res_loss: 0.2890, loss: 7.4018, grad_norm: 8.0753
2026-05-28 04:14:24,294 - mmdet - INFO - Epoch [8][1150/1652]	lr: 8.000e-03, eta: 4:13:30, time: 0.323, data_time: 0.024, memory: 9507, vote_loss: 3.6867, objectness_loss: 0.3513, semantic_loss: 0.4102, center_loss: 0.5279, dir_class_loss: 1.0592, dir_res_loss: 0.8076, size_class_loss: 0.4102, size_res_loss: 0.3598, loss: 7.6128, grad_norm: 8.4078
2026-05-28 04:14:40,507 - mmdet - INFO - Epoch [8][1200/1652]	lr: 8.000e-03, eta: 4:13:13, time: 0.324, data_time: 0.025, memory: 9507, vote_loss: 3.8107, objectness_loss: 0.3575, semantic_loss: 0.3841, center_loss: 0.5368, dir_class_loss: 1.1148, dir_res_loss: 0.7705, size_class_loss: 0.3841, size_res_loss: 0.3213, loss: 7.6798, grad_norm: 8.2727
2026-05-28 04:14:56,642 - mmdet - INFO - Epoch [8][1250/1652]	lr: 8.000e-03, eta: 4:12:57, time: 0.323, data_time: 0.024, memory: 9507, vote_loss: 3.8127, objectness_loss: 0.3514, semantic_loss: 0.4366, center_loss: 0.5523, dir_class_loss: 1.1417, dir_res_loss: 0.7047, size_class_loss: 0.4366, size_res_loss: 0.3397, loss: 7.7757, grad_norm: 8.6450
2026-05-28 04:15:12,787 - mmdet - INFO - Epoch [8][1300/1652]	lr: 8.000e-03, eta: 4:12:40, time: 0.323, data_time: 0.024, memory: 9507, vote_loss: 3.6982, objectness_loss: 0.3461, semantic_loss: 0.3972, center_loss: 0.4559, dir_class_loss: 1.0240, dir_res_loss: 0.8106, size_class_loss: 0.3972, size_res_loss: 0.3143, loss: 7.4435, grad_norm: 7.5954
2026-05-28 04:15:28,922 - mmdet - INFO - Epoch [8][1350/1652]	lr: 8.000e-03, eta: 4:12:23, time: 0.323, data_time: 0.024, memory: 9507, vote_loss: 3.6982, objectness_loss: 0.3436, semantic_loss: 0.4100, center_loss: 0.4927, dir_class_loss: 1.0453, dir_res_loss: 0.7169, size_class_loss: 0.4100, size_res_loss: 0.3252, loss: 7.4419, grad_norm: 7.8478
2026-05-28 04:15:45,058 - mmdet - INFO - Epoch [8][1400/1652]	lr: 8.000e-03, eta: 4:12:07, time: 0.323, data_time: 0.024, memory: 9507, vote_loss: 3.6528, objectness_loss: 0.3862, semantic_loss: 0.3797, center_loss: 0.4877, dir_class_loss: 1.0214, dir_res_loss: 0.7987, size_class_loss: 0.3797, size_res_loss: 0.3045, loss: 7.4106, grad_norm: 7.7061
2026-05-28 04:16:01,226 - mmdet - INFO - Epoch [8][1450/1652]	lr: 8.000e-03, eta: 4:11:50, time: 0.323, data_time: 0.024, memory: 9507, vote_loss: 3.5786, objectness_loss: 0.3541, semantic_loss: 0.3740, center_loss: 0.5160, dir_class_loss: 1.0109, dir_res_loss: 0.7519, size_class_loss: 0.3740, size_res_loss: 0.2745, loss: 7.2340, grad_norm: 7.3983
2026-05-28 04:16:17,455 - mmdet - INFO - Epoch [8][1500/1652]	lr: 8.000e-03, eta: 4:11:34, time: 0.325, data_time: 0.024, memory: 9507, vote_loss: 3.7695, objectness_loss: 0.3647, semantic_loss: 0.4106, center_loss: 0.5402, dir_class_loss: 1.0352, dir_res_loss: 0.7839, size_class_loss: 0.4107, size_res_loss: 0.3244, loss: 7.6391, grad_norm: 8.1648
2026-05-28 04:16:33,620 - mmdet - INFO - Epoch [8][1550/1652]	lr: 8.000e-03, eta: 4:11:17, time: 0.323, data_time: 0.024, memory: 9507, vote_loss: 3.6588, objectness_loss: 0.3763, semantic_loss: 0.3877, center_loss: 0.5020, dir_class_loss: 1.0321, dir_res_loss: 0.7763, size_class_loss: 0.3876, size_res_loss: 0.2896, loss: 7.4104, grad_norm: 8.1990
2026-05-28 04:16:49,765 - mmdet - INFO - Epoch [8][1600/1652]	lr: 8.000e-03, eta: 4:11:00, time: 0.323, data_time: 0.024, memory: 9507, vote_loss: 3.8832, objectness_loss: 0.3690, semantic_loss: 0.4378, center_loss: 0.6044, dir_class_loss: 1.0778, dir_res_loss: 0.8091, size_class_loss: 0.4378, size_res_loss: 0.3043, loss: 7.9234, grad_norm: 8.2641
2026-05-28 04:17:05,961 - mmdet - INFO - Epoch [8][1650/1652]	lr: 8.000e-03, eta: 4:10:44, time: 0.324, data_time: 0.025, memory: 9507, vote_loss: 3.8522, objectness_loss: 0.4109, semantic_loss: 0.3911, center_loss: 0.5405, dir_class_loss: 1.1074, dir_res_loss: 0.8098, size_class_loss: 0.3911, size_res_loss: 0.2840, loss: 7.7870, grad_norm: 8.5995
2026-05-28 04:17:06,639 - mmdet - INFO - Saving checkpoint at 8 epochs
2026-05-28 04:17:25,882 - mmdet - INFO - Epoch [9][50/1652]	lr: 8.000e-03, eta: 4:10:34, time: 0.379, data_time: 0.078, memory: 9507, vote_loss: 3.4789, objectness_loss: 0.3542, semantic_loss: 0.3880, center_loss: 0.5046, dir_class_loss: 1.0048, dir_res_loss: 0.7581, size_class_loss: 0.3880, size_res_loss: 0.3139, loss: 7.1905, grad_norm: 7.8943
2026-05-28 04:17:42,099 - mmdet - INFO - Epoch [9][100/1652]	lr: 8.000e-03, eta: 4:10:18, time: 0.324, data_time: 0.024, memory: 9507, vote_loss: 3.6687, objectness_loss: 0.3615, semantic_loss: 0.4033, center_loss: 0.4907, dir_class_loss: 0.9870, dir_res_loss: 0.7254, size_class_loss: 0.4032, size_res_loss: 0.2894, loss: 7.3292, grad_norm: 8.2792
2026-05-28 04:17:58,287 - mmdet - INFO - Epoch [9][150/1652]	lr: 8.000e-03, eta: 4:10:01, time: 0.324, data_time: 0.024, memory: 9507, vote_loss: 3.6758, objectness_loss: 0.3817, semantic_loss: 0.3952, center_loss: 0.5267, dir_class_loss: 1.0233, dir_res_loss: 0.8337, size_class_loss: 0.3952, size_res_loss: 0.3348, loss: 7.5664, grad_norm: 8.1514
2026-05-28 04:18:14,535 - mmdet - INFO - Epoch [9][200/1652]	lr: 8.000e-03, eta: 4:09:45, time: 0.325, data_time: 0.024, memory: 9507, vote_loss: 3.8166, objectness_loss: 0.3566, semantic_loss: 0.3809, center_loss: 0.5277, dir_class_loss: 1.0424, dir_res_loss: 0.8090, size_class_loss: 0.3809, size_res_loss: 0.3138, loss: 7.6280, grad_norm: 8.0730
2026-05-28 04:18:30,750 - mmdet - INFO - Epoch [9][250/1652]	lr: 8.000e-03, eta: 4:09:28, time: 0.324, data_time: 0.024, memory: 9507, vote_loss: 3.6437, objectness_loss: 0.3573, semantic_loss: 0.4135, center_loss: 0.5854, dir_class_loss: 1.0396, dir_res_loss: 0.8348, size_class_loss: 0.4135, size_res_loss: 0.3010, loss: 7.5889, grad_norm: 9.2051
2026-05-28 04:18:46,969 - mmdet - INFO - Epoch [9][300/1652]	lr: 8.000e-03, eta: 4:09:12, time: 0.324, data_time: 0.025, memory: 9507, vote_loss: 3.5942, objectness_loss: 0.3623, semantic_loss: 0.4143, center_loss: 0.5098, dir_class_loss: 1.0841, dir_res_loss: 0.8486, size_class_loss: 0.4143, size_res_loss: 0.2905, loss: 7.5179, grad_norm: 8.0481
2026-05-28 04:19:03,046 - mmdet - INFO - Epoch [9][350/1652]	lr: 8.000e-03, eta: 4:08:55, time: 0.322, data_time: 0.024, memory: 9507, vote_loss: 3.6325, objectness_loss: 0.3662, semantic_loss: 0.3952, center_loss: 0.5514, dir_class_loss: 0.9759, dir_res_loss: 0.6780, size_class_loss: 0.3953, size_res_loss: 0.3255, loss: 7.3200, grad_norm: 8.2466
2026-05-28 04:19:19,281 - mmdet - INFO - Epoch [9][400/1652]	lr: 8.000e-03, eta: 4:08:38, time: 0.325, data_time: 0.025, memory: 9507, vote_loss: 3.7478, objectness_loss: 0.3704, semantic_loss: 0.3733, center_loss: 0.5072, dir_class_loss: 1.0330, dir_res_loss: 0.8602, size_class_loss: 0.3732, size_res_loss: 0.3056, loss: 7.5706, grad_norm: 7.8935
2026-05-28 04:19:35,470 - mmdet - INFO - Epoch [9][450/1652]	lr: 8.000e-03, eta: 4:08:22, time: 0.324, data_time: 0.024, memory: 9507, vote_loss: 3.6943, objectness_loss: 0.3713, semantic_loss: 0.3746, center_loss: 0.4953, dir_class_loss: 1.1262, dir_res_loss: 0.8148, size_class_loss: 0.3746, size_res_loss: 0.3172, loss: 7.5682, grad_norm: 7.8592
2026-05-28 04:19:51,663 - mmdet - INFO - Epoch [9][500/1652]	lr: 8.000e-03, eta: 4:08:05, time: 0.324, data_time: 0.024, memory: 9507, vote_loss: 3.5480, objectness_loss: 0.3651, semantic_loss: 0.4313, center_loss: 0.5230, dir_class_loss: 0.9609, dir_res_loss: 0.6956, size_class_loss: 0.4314, size_res_loss: 0.3272, loss: 7.2824, grad_norm: 9.3065
2026-05-28 04:20:07,848 - mmdet - INFO - Epoch [9][550/1652]	lr: 8.000e-03, eta: 4:07:49, time: 0.324, data_time: 0.024, memory: 9507, vote_loss: 3.6689, objectness_loss: 0.3558, semantic_loss: 0.3570, center_loss: 0.4965, dir_class_loss: 1.0341, dir_res_loss: 0.8300, size_class_loss: 0.3570, size_res_loss: 0.3317, loss: 7.4311, grad_norm: 8.4596
2026-05-28 04:20:24,090 - mmdet - INFO - Epoch [9][600/1652]	lr: 8.000e-03, eta: 4:07:33, time: 0.325, data_time: 0.025, memory: 9507, vote_loss: 3.7115, objectness_loss: 0.3747, semantic_loss: 0.4099, center_loss: 0.5260, dir_class_loss: 1.0281, dir_res_loss: 0.7570, size_class_loss: 0.4099, size_res_loss: 0.3487, loss: 7.5658, grad_norm: 7.5630
2026-05-28 04:20:40,171 - mmdet - INFO - Epoch [9][650/1652]	lr: 8.000e-03, eta: 4:07:16, time: 0.322, data_time: 0.024, memory: 9507, vote_loss: 3.4946, objectness_loss: 0.3669, semantic_loss: 0.3585, center_loss: 0.4602, dir_class_loss: 1.0200, dir_res_loss: 0.7793, size_class_loss: 0.3584, size_res_loss: 0.2756, loss: 7.1134, grad_norm: 7.9813
2026-05-28 04:20:56,315 - mmdet - INFO - Epoch [9][700/1652]	lr: 8.000e-03, eta: 4:06:59, time: 0.323, data_time: 0.025, memory: 9507, vote_loss: 3.6437, objectness_loss: 0.3752, semantic_loss: 0.3748, center_loss: 0.4661, dir_class_loss: 1.0125, dir_res_loss: 0.7516, size_class_loss: 0.3748, size_res_loss: 0.3103, loss: 7.3089, grad_norm: 8.1060
2026-05-28 04:21:12,484 - mmdet - INFO - Epoch [9][750/1652]	lr: 8.000e-03, eta: 4:06:42, time: 0.323, data_time: 0.024, memory: 9507, vote_loss: 3.7722, objectness_loss: 0.3931, semantic_loss: 0.3699, center_loss: 0.5435, dir_class_loss: 1.0165, dir_res_loss: 0.8288, size_class_loss: 0.3698, size_res_loss: 0.3158, loss: 7.6096, grad_norm: 8.2742
2026-05-28 04:21:28,612 - mmdet - INFO - Epoch [9][800/1652]	lr: 8.000e-03, eta: 4:06:26, time: 0.323, data_time: 0.024, memory: 9507, vote_loss: 3.4447, objectness_loss: 0.3543, semantic_loss: 0.3993, center_loss: 0.5570, dir_class_loss: 1.1055, dir_res_loss: 0.7108, size_class_loss: 0.3993, size_res_loss: 0.2967, loss: 7.2675, grad_norm: 8.3002
2026-05-28 04:21:44,801 - mmdet - INFO - Epoch [9][850/1652]	lr: 8.000e-03, eta: 4:06:09, time: 0.324, data_time: 0.024, memory: 9507, vote_loss: 3.5586, objectness_loss: 0.3807, semantic_loss: 0.3796, center_loss: 0.5258, dir_class_loss: 0.9818, dir_res_loss: 0.7448, size_class_loss: 0.3796, size_res_loss: 0.2857, loss: 7.2365, grad_norm: 7.8590
2026-05-28 04:22:01,208 - mmdet - INFO - Epoch [9][900/1652]	lr: 8.000e-03, eta: 4:05:53, time: 0.328, data_time: 0.028, memory: 9507, vote_loss: 3.5990, objectness_loss: 0.3375, semantic_loss: 0.3162, center_loss: 0.4745, dir_class_loss: 0.9630, dir_res_loss: 0.7195, size_class_loss: 0.3162, size_res_loss: 0.3025, loss: 7.0285, grad_norm: 7.2962
2026-05-28 04:22:17,387 - mmdet - INFO - Epoch [9][950/1652]	lr: 8.000e-03, eta: 4:05:37, time: 0.324, data_time: 0.025, memory: 9507, vote_loss: 3.5320, objectness_loss: 0.3523, semantic_loss: 0.3368, center_loss: 0.4899, dir_class_loss: 1.0192, dir_res_loss: 0.7992, size_class_loss: 0.3368, size_res_loss: 0.2815, loss: 7.1478, grad_norm: 7.6659
2026-05-28 04:22:33,516 - mmdet - INFO - Epoch [9][1000/1652]	lr: 8.000e-03, eta: 4:05:20, time: 0.323, data_time: 0.024, memory: 9507, vote_loss: 3.5642, objectness_loss: 0.3533, semantic_loss: 0.3972, center_loss: 0.4989, dir_class_loss: 0.9960, dir_res_loss: 0.8110, size_class_loss: 0.3973, size_res_loss: 0.3028, loss: 7.3208, grad_norm: 8.1285
2026-05-28 04:22:49,712 - mmdet - INFO - Epoch [9][1050/1652]	lr: 8.000e-03, eta: 4:05:04, time: 0.324, data_time: 0.025, memory: 9507, vote_loss: 3.6821, objectness_loss: 0.3613, semantic_loss: 0.3520, center_loss: 0.5374, dir_class_loss: 1.0723, dir_res_loss: 0.8002, size_class_loss: 0.3520, size_res_loss: 0.2929, loss: 7.4502, grad_norm: 9.2351
2026-05-28 04:23:05,919 - mmdet - INFO - Epoch [9][1100/1652]	lr: 8.000e-03, eta: 4:04:47, time: 0.324, data_time: 0.025, memory: 9507, vote_loss: 3.7073, objectness_loss: 0.3852, semantic_loss: 0.4645, center_loss: 0.5817, dir_class_loss: 0.9400, dir_res_loss: 0.6357, size_class_loss: 0.4645, size_res_loss: 0.3074, loss: 7.4863, grad_norm: 8.9915
2026-05-28 04:23:22,119 - mmdet - INFO - Epoch [9][1150/1652]	lr: 8.000e-03, eta: 4:04:31, time: 0.324, data_time: 0.025, memory: 9507, vote_loss: 3.7990, objectness_loss: 0.3540, semantic_loss: 0.3737, center_loss: 0.5371, dir_class_loss: 1.0720, dir_res_loss: 0.8045, size_class_loss: 0.3738, size_res_loss: 0.3595, loss: 7.6737, grad_norm: 8.7505
2026-05-28 04:23:38,300 - mmdet - INFO - Epoch [9][1200/1652]	lr: 8.000e-03, eta: 4:04:14, time: 0.324, data_time: 0.024, memory: 9507, vote_loss: 3.6615, objectness_loss: 0.3759, semantic_loss: 0.3607, center_loss: 0.5316, dir_class_loss: 1.0612, dir_res_loss: 0.7078, size_class_loss: 0.3607, size_res_loss: 0.3088, loss: 7.3680, grad_norm: 8.3644
2026-05-28 04:23:54,556 - mmdet - INFO - Epoch [9][1250/1652]	lr: 8.000e-03, eta: 4:03:58, time: 0.325, data_time: 0.025, memory: 9507, vote_loss: 3.8671, objectness_loss: 0.3839, semantic_loss: 0.4204, center_loss: 0.5269, dir_class_loss: 1.1034, dir_res_loss: 0.8359, size_class_loss: 0.4204, size_res_loss: 0.3382, loss: 7.8963, grad_norm: 8.6235
2026-05-28 04:24:10,658 - mmdet - INFO - Epoch [9][1300/1652]	lr: 8.000e-03, eta: 4:03:41, time: 0.322, data_time: 0.024, memory: 9507, vote_loss: 3.5189, objectness_loss: 0.3757, semantic_loss: 0.3715, center_loss: 0.4823, dir_class_loss: 1.0190, dir_res_loss: 0.7524, size_class_loss: 0.3715, size_res_loss: 0.2921, loss: 7.1834, grad_norm: 8.7472
2026-05-28 04:24:26,860 - mmdet - INFO - Epoch [9][1350/1652]	lr: 8.000e-03, eta: 4:03:25, time: 0.324, data_time: 0.025, memory: 9507, vote_loss: 3.7025, objectness_loss: 0.3800, semantic_loss: 0.4246, center_loss: 0.5276, dir_class_loss: 1.1128, dir_res_loss: 0.7807, size_class_loss: 0.4246, size_res_loss: 0.3095, loss: 7.6625, grad_norm: 8.2758
2026-05-28 04:24:43,045 - mmdet - INFO - Epoch [9][1400/1652]	lr: 8.000e-03, eta: 4:03:08, time: 0.324, data_time: 0.025, memory: 9507, vote_loss: 3.7415, objectness_loss: 0.3992, semantic_loss: 0.3986, center_loss: 0.5416, dir_class_loss: 1.0568, dir_res_loss: 0.8297, size_class_loss: 0.3986, size_res_loss: 0.3257, loss: 7.6916, grad_norm: 8.7848
2026-05-28 04:24:59,248 - mmdet - INFO - Epoch [9][1450/1652]	lr: 8.000e-03, eta: 4:02:52, time: 0.324, data_time: 0.025, memory: 9507, vote_loss: 3.7572, objectness_loss: 0.3472, semantic_loss: 0.3851, center_loss: 0.5484, dir_class_loss: 1.0752, dir_res_loss: 0.7231, size_class_loss: 0.3851, size_res_loss: 0.3152, loss: 7.5364, grad_norm: 7.5331
2026-05-28 04:25:15,479 - mmdet - INFO - Epoch [9][1500/1652]	lr: 8.000e-03, eta: 4:02:35, time: 0.325, data_time: 0.025, memory: 9507, vote_loss: 3.5813, objectness_loss: 0.3699, semantic_loss: 0.3846, center_loss: 0.5179, dir_class_loss: 1.0303, dir_res_loss: 0.7039, size_class_loss: 0.3846, size_res_loss: 0.3158, loss: 7.2883, grad_norm: 8.0132
2026-05-28 04:25:31,610 - mmdet - INFO - Epoch [9][1550/1652]	lr: 8.000e-03, eta: 4:02:19, time: 0.323, data_time: 0.024, memory: 9507, vote_loss: 3.5700, objectness_loss: 0.3821, semantic_loss: 0.4376, center_loss: 0.5340, dir_class_loss: 1.0870, dir_res_loss: 0.7449, size_class_loss: 0.4376, size_res_loss: 0.3293, loss: 7.5225, grad_norm: 8.5485
2026-05-28 04:25:47,896 - mmdet - INFO - Epoch [9][1600/1652]	lr: 8.000e-03, eta: 4:02:03, time: 0.326, data_time: 0.025, memory: 9507, vote_loss: 3.5105, objectness_loss: 0.3794, semantic_loss: 0.3987, center_loss: 0.5041, dir_class_loss: 1.0592, dir_res_loss: 0.7526, size_class_loss: 0.3987, size_res_loss: 0.3182, loss: 7.3213, grad_norm: 7.1787
2026-05-28 04:26:04,055 - mmdet - INFO - Epoch [9][1650/1652]	lr: 8.000e-03, eta: 4:01:46, time: 0.323, data_time: 0.024, memory: 9507, vote_loss: 3.4491, objectness_loss: 0.3512, semantic_loss: 0.3990, center_loss: 0.5349, dir_class_loss: 0.9929, dir_res_loss: 0.7678, size_class_loss: 0.3990, size_res_loss: 0.3076, loss: 7.2015, grad_norm: 8.2064
2026-05-28 04:26:04,738 - mmdet - INFO - Saving checkpoint at 9 epochs
2026-05-28 04:26:23,834 - mmdet - INFO - Epoch [10][50/1652]	lr: 8.000e-03, eta: 4:01:35, time: 0.376, data_time: 0.076, memory: 9507, vote_loss: 3.6736, objectness_loss: 0.3413, semantic_loss: 0.3420, center_loss: 0.4931, dir_class_loss: 1.0641, dir_res_loss: 0.7770, size_class_loss: 0.3420, size_res_loss: 0.2844, loss: 7.3176, grad_norm: 8.4697
2026-05-28 04:26:40,070 - mmdet - INFO - Epoch [10][100/1652]	lr: 8.000e-03, eta: 4:01:18, time: 0.325, data_time: 0.025, memory: 9507, vote_loss: 3.5053, objectness_loss: 0.3337, semantic_loss: 0.3776, center_loss: 0.4865, dir_class_loss: 1.0119, dir_res_loss: 0.6916, size_class_loss: 0.3775, size_res_loss: 0.2939, loss: 7.0780, grad_norm: 9.1305
2026-05-28 04:26:56,377 - mmdet - INFO - Epoch [10][150/1652]	lr: 8.000e-03, eta: 4:01:02, time: 0.326, data_time: 0.026, memory: 9507, vote_loss: 3.4779, objectness_loss: 0.3229, semantic_loss: 0.2990, center_loss: 0.5023, dir_class_loss: 0.9686, dir_res_loss: 0.7978, size_class_loss: 0.2990, size_res_loss: 0.2955, loss: 6.9631, grad_norm: 8.2710
2026-05-28 04:27:12,601 - mmdet - INFO - Epoch [10][200/1652]	lr: 8.000e-03, eta: 4:00:46, time: 0.324, data_time: 0.025, memory: 9507, vote_loss: 3.5123, objectness_loss: 0.3688, semantic_loss: 0.4436, center_loss: 0.5120, dir_class_loss: 1.0477, dir_res_loss: 0.7959, size_class_loss: 0.4436, size_res_loss: 0.3234, loss: 7.4473, grad_norm: 8.5355
2026-05-28 04:27:28,791 - mmdet - INFO - Epoch [10][250/1652]	lr: 8.000e-03, eta: 4:00:29, time: 0.324, data_time: 0.024, memory: 9507, vote_loss: 3.4558, objectness_loss: 0.3716, semantic_loss: 0.3925, center_loss: 0.4970, dir_class_loss: 1.0081, dir_res_loss: 0.7544, size_class_loss: 0.3925, size_res_loss: 0.3109, loss: 7.1828, grad_norm: 7.7506
2026-05-28 04:27:44,907 - mmdet - INFO - Epoch [10][300/1652]	lr: 8.000e-03, eta: 4:00:13, time: 0.322, data_time: 0.024, memory: 9507, vote_loss: 3.6528, objectness_loss: 0.3812, semantic_loss: 0.4042, center_loss: 0.5221, dir_class_loss: 0.9759, dir_res_loss: 0.7140, size_class_loss: 0.4042, size_res_loss: 0.3311, loss: 7.3855, grad_norm: 8.1211
2026-05-28 04:28:01,113 - mmdet - INFO - Epoch [10][350/1652]	lr: 8.000e-03, eta: 3:59:56, time: 0.324, data_time: 0.025, memory: 9507, vote_loss: 3.6011, objectness_loss: 0.3484, semantic_loss: 0.3972, center_loss: 0.5180, dir_class_loss: 1.0614, dir_res_loss: 0.7715, size_class_loss: 0.3972, size_res_loss: 0.3231, loss: 7.4178, grad_norm: 8.0097
2026-05-28 04:28:17,287 - mmdet - INFO - Epoch [10][400/1652]	lr: 8.000e-03, eta: 3:59:40, time: 0.323, data_time: 0.024, memory: 9507, vote_loss: 3.5986, objectness_loss: 0.3706, semantic_loss: 0.3992, center_loss: 0.4893, dir_class_loss: 0.9486, dir_res_loss: 0.7589, size_class_loss: 0.3992, size_res_loss: 0.2949, loss: 7.2593, grad_norm: 8.1129
2026-05-28 04:28:33,543 - mmdet - INFO - Epoch [10][450/1652]	lr: 8.000e-03, eta: 3:59:23, time: 0.325, data_time: 0.024, memory: 9507, vote_loss: 3.4794, objectness_loss: 0.3791, semantic_loss: 0.3718, center_loss: 0.4615, dir_class_loss: 1.0223, dir_res_loss: 0.8221, size_class_loss: 0.3718, size_res_loss: 0.2749, loss: 7.1829, grad_norm: 7.7860
2026-05-28 04:28:49,747 - mmdet - INFO - Epoch [10][500/1652]	lr: 8.000e-03, eta: 3:59:07, time: 0.324, data_time: 0.024, memory: 9507, vote_loss: 3.5762, objectness_loss: 0.4017, semantic_loss: 0.4091, center_loss: 0.5037, dir_class_loss: 0.9892, dir_res_loss: 0.7596, size_class_loss: 0.4091, size_res_loss: 0.3062, loss: 7.3546, grad_norm: 7.8263
2026-05-28 04:29:05,942 - mmdet - INFO - Epoch [10][550/1652]	lr: 8.000e-03, eta: 3:58:51, time: 0.324, data_time: 0.025, memory: 9507, vote_loss: 3.6487, objectness_loss: 0.3754, semantic_loss: 0.4623, center_loss: 0.5601, dir_class_loss: 1.0000, dir_res_loss: 0.6845, size_class_loss: 0.4623, size_res_loss: 0.3450, loss: 7.5384, grad_norm: 8.6258
2026-05-28 04:29:22,171 - mmdet - INFO - Epoch [10][600/1652]	lr: 8.000e-03, eta: 3:58:34, time: 0.325, data_time: 0.025, memory: 9507, vote_loss: 3.6902, objectness_loss: 0.3804, semantic_loss: 0.4077, center_loss: 0.4731, dir_class_loss: 1.0013, dir_res_loss: 0.7114, size_class_loss: 0.4077, size_res_loss: 0.3351, loss: 7.4068, grad_norm: 8.4792
2026-05-28 04:29:38,378 - mmdet - INFO - Epoch [10][650/1652]	lr: 8.000e-03, eta: 3:58:18, time: 0.324, data_time: 0.025, memory: 9507, vote_loss: 3.5784, objectness_loss: 0.3315, semantic_loss: 0.4320, center_loss: 0.5280, dir_class_loss: 1.1043, dir_res_loss: 0.7798, size_class_loss: 0.4320, size_res_loss: 0.3037, loss: 7.4896, grad_norm: 8.9658
2026-05-28 04:29:54,602 - mmdet - INFO - Epoch [10][700/1652]	lr: 8.000e-03, eta: 3:58:01, time: 0.324, data_time: 0.025, memory: 9507, vote_loss: 3.4587, objectness_loss: 0.3640, semantic_loss: 0.3931, center_loss: 0.4840, dir_class_loss: 1.0342, dir_res_loss: 0.7289, size_class_loss: 0.3931, size_res_loss: 0.3030, loss: 7.1589, grad_norm: 8.5005
2026-05-28 04:30:10,842 - mmdet - INFO - Epoch [10][750/1652]	lr: 8.000e-03, eta: 3:57:45, time: 0.325, data_time: 0.024, memory: 9507, vote_loss: 3.5994, objectness_loss: 0.3717, semantic_loss: 0.4190, center_loss: 0.5186, dir_class_loss: 1.0715, dir_res_loss: 0.7429, size_class_loss: 0.4190, size_res_loss: 0.3262, loss: 7.4684, grad_norm: 8.3273
2026-05-28 04:30:27,014 - mmdet - INFO - Epoch [10][800/1652]	lr: 8.000e-03, eta: 3:57:28, time: 0.323, data_time: 0.024, memory: 9507, vote_loss: 3.9193, objectness_loss: 0.3570, semantic_loss: 0.4202, center_loss: 0.5979, dir_class_loss: 1.0204, dir_res_loss: 0.7950, size_class_loss: 0.4202, size_res_loss: 0.3382, loss: 7.8681, grad_norm: 8.5710
2026-05-28 04:30:43,192 - mmdet - INFO - Epoch [10][850/1652]	lr: 8.000e-03, eta: 3:57:12, time: 0.324, data_time: 0.024, memory: 9507, vote_loss: 3.5986, objectness_loss: 0.3606, semantic_loss: 0.3997, center_loss: 0.5020, dir_class_loss: 1.0101, dir_res_loss: 0.7647, size_class_loss: 0.3997, size_res_loss: 0.3283, loss: 7.3639, grad_norm: 7.6361
2026-05-28 04:30:59,475 - mmdet - INFO - Epoch [10][900/1652]	lr: 8.000e-03, eta: 3:56:56, time: 0.326, data_time: 0.024, memory: 9507, vote_loss: 3.3908, objectness_loss: 0.3734, semantic_loss: 0.3580, center_loss: 0.5229, dir_class_loss: 0.9875, dir_res_loss: 0.7291, size_class_loss: 0.3580, size_res_loss: 0.3071, loss: 7.0269, grad_norm: 7.8189
2026-05-28 04:31:15,725 - mmdet - INFO - Epoch [10][950/1652]	lr: 8.000e-03, eta: 3:56:39, time: 0.325, data_time: 0.025, memory: 9507, vote_loss: 3.3973, objectness_loss: 0.3541, semantic_loss: 0.3909, center_loss: 0.5203, dir_class_loss: 0.9972, dir_res_loss: 0.7153, size_class_loss: 0.3909, size_res_loss: 0.2928, loss: 7.0588, grad_norm: 8.0314
2026-05-28 04:31:32,018 - mmdet - INFO - Epoch [10][1000/1652]	lr: 8.000e-03, eta: 3:56:23, time: 0.326, data_time: 0.025, memory: 9507, vote_loss: 3.4061, objectness_loss: 0.3504, semantic_loss: 0.3492, center_loss: 0.4770, dir_class_loss: 0.9890, dir_res_loss: 0.7291, size_class_loss: 0.3492, size_res_loss: 0.2636, loss: 6.9137, grad_norm: 8.2507
2026-05-28 04:31:48,312 - mmdet - INFO - Epoch [10][1050/1652]	lr: 8.000e-03, eta: 3:56:07, time: 0.326, data_time: 0.024, memory: 9507, vote_loss: 3.6550, objectness_loss: 0.3643, semantic_loss: 0.3782, center_loss: 0.5108, dir_class_loss: 1.0197, dir_res_loss: 0.7771, size_class_loss: 0.3782, size_res_loss: 0.3144, loss: 7.3976, grad_norm: 7.6237
2026-05-28 04:32:04,710 - mmdet - INFO - Epoch [10][1100/1652]	lr: 8.000e-03, eta: 3:55:51, time: 0.328, data_time: 0.027, memory: 9507, vote_loss: 3.6061, objectness_loss: 0.3535, semantic_loss: 0.3919, center_loss: 0.5266, dir_class_loss: 0.9638, dir_res_loss: 0.6942, size_class_loss: 0.3919, size_res_loss: 0.3016, loss: 7.2296, grad_norm: 8.0556
2026-05-28 04:32:20,933 - mmdet - INFO - Epoch [10][1150/1652]	lr: 8.000e-03, eta: 3:55:35, time: 0.324, data_time: 0.024, memory: 9507, vote_loss: 3.5006, objectness_loss: 0.3462, semantic_loss: 0.3977, center_loss: 0.5662, dir_class_loss: 1.0503, dir_res_loss: 0.8499, size_class_loss: 0.3977, size_res_loss: 0.2896, loss: 7.3982, grad_norm: 8.7054
2026-05-28 04:32:37,161 - mmdet - INFO - Epoch [10][1200/1652]	lr: 8.000e-03, eta: 3:55:18, time: 0.325, data_time: 0.025, memory: 9507, vote_loss: 3.6807, objectness_loss: 0.3567, semantic_loss: 0.4066, center_loss: 0.5120, dir_class_loss: 1.0797, dir_res_loss: 0.7114, size_class_loss: 0.4066, size_res_loss: 0.3151, loss: 7.4687, grad_norm: 8.6576
2026-05-28 04:32:53,338 - mmdet - INFO - Epoch [10][1250/1652]	lr: 8.000e-03, eta: 3:55:02, time: 0.324, data_time: 0.024, memory: 9507, vote_loss: 3.6022, objectness_loss: 0.3553, semantic_loss: 0.4002, center_loss: 0.5283, dir_class_loss: 1.0625, dir_res_loss: 0.6800, size_class_loss: 0.4002, size_res_loss: 0.3151, loss: 7.3438, grad_norm: 8.5629
2026-05-28 04:33:09,537 - mmdet - INFO - Epoch [10][1300/1652]	lr: 8.000e-03, eta: 3:54:46, time: 0.324, data_time: 0.024, memory: 9507, vote_loss: 3.5335, objectness_loss: 0.3291, semantic_loss: 0.3964, center_loss: 0.5298, dir_class_loss: 1.0181, dir_res_loss: 0.8152, size_class_loss: 0.3964, size_res_loss: 0.3066, loss: 7.3250, grad_norm: 8.7866
2026-05-28 04:33:25,808 - mmdet - INFO - Epoch [10][1350/1652]	lr: 8.000e-03, eta: 3:54:29, time: 0.325, data_time: 0.025, memory: 9507, vote_loss: 3.2941, objectness_loss: 0.3680, semantic_loss: 0.3676, center_loss: 0.5716, dir_class_loss: 0.9310, dir_res_loss: 0.7611, size_class_loss: 0.3676, size_res_loss: 0.2940, loss: 6.9551, grad_norm: 8.0657
2026-05-28 04:33:42,004 - mmdet - INFO - Epoch [10][1400/1652]	lr: 8.000e-03, eta: 3:54:13, time: 0.324, data_time: 0.023, memory: 9507, vote_loss: 3.5479, objectness_loss: 0.3636, semantic_loss: 0.3797, center_loss: 0.4865, dir_class_loss: 1.0884, dir_res_loss: 0.7102, size_class_loss: 0.3797, size_res_loss: 0.3114, loss: 7.2673, grad_norm: 7.9705
2026-05-28 04:33:58,151 - mmdet - INFO - Epoch [10][1450/1652]	lr: 8.000e-03, eta: 3:53:56, time: 0.323, data_time: 0.023, memory: 9507, vote_loss: 3.5542, objectness_loss: 0.3270, semantic_loss: 0.3288, center_loss: 0.5010, dir_class_loss: 0.9418, dir_res_loss: 0.7953, size_class_loss: 0.3288, size_res_loss: 0.2970, loss: 7.0739, grad_norm: 8.0875
2026-05-28 04:34:14,328 - mmdet - INFO - Epoch [10][1500/1652]	lr: 8.000e-03, eta: 3:53:40, time: 0.324, data_time: 0.023, memory: 9507, vote_loss: 3.5749, objectness_loss: 0.3690, semantic_loss: 0.4387, center_loss: 0.4952, dir_class_loss: 1.0033, dir_res_loss: 0.7036, size_class_loss: 0.4387, size_res_loss: 0.3323, loss: 7.3557, grad_norm: 8.1779
2026-05-28 04:34:30,515 - mmdet - INFO - Epoch [10][1550/1652]	lr: 8.000e-03, eta: 3:53:23, time: 0.324, data_time: 0.024, memory: 9507, vote_loss: 3.3516, objectness_loss: 0.3552, semantic_loss: 0.3788, center_loss: 0.5300, dir_class_loss: 0.9138, dir_res_loss: 0.6930, size_class_loss: 0.3788, size_res_loss: 0.2852, loss: 6.8863, grad_norm: 8.2400
2026-05-28 04:34:46,697 - mmdet - INFO - Epoch [10][1600/1652]	lr: 8.000e-03, eta: 3:53:07, time: 0.324, data_time: 0.024, memory: 9507, vote_loss: 3.6272, objectness_loss: 0.3422, semantic_loss: 0.4149, center_loss: 0.5201, dir_class_loss: 0.9698, dir_res_loss: 0.7898, size_class_loss: 0.4149, size_res_loss: 0.3117, loss: 7.3906, grad_norm: 8.7887
2026-05-28 04:35:02,870 - mmdet - INFO - Epoch [10][1650/1652]	lr: 8.000e-03, eta: 3:52:50, time: 0.323, data_time: 0.025, memory: 9507, vote_loss: 3.5118, objectness_loss: 0.3607, semantic_loss: 0.3554, center_loss: 0.5301, dir_class_loss: 0.9542, dir_res_loss: 0.6310, size_class_loss: 0.3554, size_res_loss: 0.3061, loss: 7.0047, grad_norm: 8.4937
2026-05-28 04:35:03,578 - mmdet - INFO - Saving checkpoint at 10 epochs
2026-05-28 04:35:22,799 - mmdet - INFO - Epoch [11][50/1652]	lr: 8.000e-03, eta: 3:52:39, time: 0.379, data_time: 0.078, memory: 9507, vote_loss: 3.4521, objectness_loss: 0.3331, semantic_loss: 0.3896, center_loss: 0.4993, dir_class_loss: 1.0309, dir_res_loss: 0.7777, size_class_loss: 0.3896, size_res_loss: 0.2924, loss: 7.1647, grad_norm: 8.3046
2026-05-28 04:35:38,978 - mmdet - INFO - Epoch [11][100/1652]	lr: 8.000e-03, eta: 3:52:22, time: 0.324, data_time: 0.024, memory: 9507, vote_loss: 3.6586, objectness_loss: 0.3768, semantic_loss: 0.4051, center_loss: 0.4962, dir_class_loss: 1.0027, dir_res_loss: 0.7237, size_class_loss: 0.4051, size_res_loss: 0.3321, loss: 7.4004, grad_norm: 7.7919
2026-05-28 04:35:55,116 - mmdet - INFO - Epoch [11][150/1652]	lr: 8.000e-03, eta: 3:52:06, time: 0.323, data_time: 0.024, memory: 9507, vote_loss: 3.4691, objectness_loss: 0.3756, semantic_loss: 0.3709, center_loss: 0.5099, dir_class_loss: 0.9880, dir_res_loss: 0.7003, size_class_loss: 0.3709, size_res_loss: 0.3288, loss: 7.1134, grad_norm: 8.4938
2026-05-28 04:36:11,365 - mmdet - INFO - Epoch [11][200/1652]	lr: 8.000e-03, eta: 3:51:49, time: 0.325, data_time: 0.024, memory: 9507, vote_loss: 3.5013, objectness_loss: 0.3609, semantic_loss: 0.3725, center_loss: 0.4886, dir_class_loss: 0.9763, dir_res_loss: 0.7396, size_class_loss: 0.3725, size_res_loss: 0.3094, loss: 7.1210, grad_norm: 8.7199
2026-05-28 04:36:27,576 - mmdet - INFO - Epoch [11][250/1652]	lr: 8.000e-03, eta: 3:51:33, time: 0.324, data_time: 0.025, memory: 9507, vote_loss: 3.4674, objectness_loss: 0.3637, semantic_loss: 0.3365, center_loss: 0.4998, dir_class_loss: 0.9677, dir_res_loss: 0.7381, size_class_loss: 0.3365, size_res_loss: 0.3133, loss: 7.0231, grad_norm: 7.4303
2026-05-28 04:36:43,744 - mmdet - INFO - Epoch [11][300/1652]	lr: 8.000e-03, eta: 3:51:16, time: 0.323, data_time: 0.024, memory: 9507, vote_loss: 3.5001, objectness_loss: 0.3863, semantic_loss: 0.4154, center_loss: 0.5165, dir_class_loss: 0.9561, dir_res_loss: 0.6659, size_class_loss: 0.4154, size_res_loss: 0.3230, loss: 7.1787, grad_norm: 8.4511
2026-05-28 04:36:59,947 - mmdet - INFO - Epoch [11][350/1652]	lr: 8.000e-03, eta: 3:51:00, time: 0.324, data_time: 0.024, memory: 9507, vote_loss: 3.4680, objectness_loss: 0.3740, semantic_loss: 0.3291, center_loss: 0.5365, dir_class_loss: 0.9997, dir_res_loss: 0.6621, size_class_loss: 0.3291, size_res_loss: 0.2960, loss: 6.9944, grad_norm: 7.4346
2026-05-28 04:37:16,136 - mmdet - INFO - Epoch [11][400/1652]	lr: 8.000e-03, eta: 3:50:43, time: 0.324, data_time: 0.024, memory: 9507, vote_loss: 3.5614, objectness_loss: 0.3575, semantic_loss: 0.3423, center_loss: 0.5224, dir_class_loss: 1.0163, dir_res_loss: 0.8167, size_class_loss: 0.3423, size_res_loss: 0.2971, loss: 7.2560, grad_norm: 8.2771
2026-05-28 04:37:32,356 - mmdet - INFO - Epoch [11][450/1652]	lr: 8.000e-03, eta: 3:50:27, time: 0.324, data_time: 0.024, memory: 9507, vote_loss: 3.3737, objectness_loss: 0.3605, semantic_loss: 0.3439, center_loss: 0.4699, dir_class_loss: 0.9963, dir_res_loss: 0.7569, size_class_loss: 0.3439, size_res_loss: 0.2935, loss: 6.9385, grad_norm: 8.3079
2026-05-28 04:37:48,604 - mmdet - INFO - Epoch [11][500/1652]	lr: 8.000e-03, eta: 3:50:11, time: 0.325, data_time: 0.025, memory: 9507, vote_loss: 3.5132, objectness_loss: 0.3424, semantic_loss: 0.4055, center_loss: 0.4882, dir_class_loss: 1.0222, dir_res_loss: 0.6857, size_class_loss: 0.4055, size_res_loss: 0.2888, loss: 7.1516, grad_norm: 8.8971
2026-05-28 04:38:04,836 - mmdet - INFO - Epoch [11][550/1652]	lr: 8.000e-03, eta: 3:49:54, time: 0.325, data_time: 0.025, memory: 9507, vote_loss: 3.3469, objectness_loss: 0.3665, semantic_loss: 0.3368, center_loss: 0.4912, dir_class_loss: 0.9488, dir_res_loss: 0.7634, size_class_loss: 0.3369, size_res_loss: 0.2923, loss: 6.8827, grad_norm: 7.9009
2026-05-28 04:38:20,989 - mmdet - INFO - Epoch [11][600/1652]	lr: 8.000e-03, eta: 3:49:38, time: 0.323, data_time: 0.025, memory: 9507, vote_loss: 3.4976, objectness_loss: 0.3636, semantic_loss: 0.4359, center_loss: 0.5380, dir_class_loss: 0.9659, dir_res_loss: 0.7221, size_class_loss: 0.4359, size_res_loss: 0.3000, loss: 7.2590, grad_norm: 8.9722
2026-05-28 04:38:37,146 - mmdet - INFO - Epoch [11][650/1652]	lr: 8.000e-03, eta: 3:49:21, time: 0.323, data_time: 0.024, memory: 9507, vote_loss: 3.4201, objectness_loss: 0.3833, semantic_loss: 0.3801, center_loss: 0.4878, dir_class_loss: 0.9894, dir_res_loss: 0.7099, size_class_loss: 0.3801, size_res_loss: 0.2739, loss: 7.0245, grad_norm: 8.6903
2026-05-28 04:38:53,410 - mmdet - INFO - Epoch [11][700/1652]	lr: 8.000e-03, eta: 3:49:05, time: 0.325, data_time: 0.025, memory: 9507, vote_loss: 3.7114, objectness_loss: 0.3794, semantic_loss: 0.4113, center_loss: 0.4643, dir_class_loss: 0.9491, dir_res_loss: 0.7468, size_class_loss: 0.4113, size_res_loss: 0.3318, loss: 7.4054, grad_norm: 7.4657
2026-05-28 04:39:09,594 - mmdet - INFO - Epoch [11][750/1652]	lr: 8.000e-03, eta: 3:48:49, time: 0.324, data_time: 0.025, memory: 9507, vote_loss: 3.4607, objectness_loss: 0.3356, semantic_loss: 0.3746, center_loss: 0.4654, dir_class_loss: 0.9479, dir_res_loss: 0.8982, size_class_loss: 0.3746, size_res_loss: 0.3182, loss: 7.1751, grad_norm: 8.5094
2026-05-28 04:39:25,750 - mmdet - INFO - Epoch [11][800/1652]	lr: 8.000e-03, eta: 3:48:32, time: 0.323, data_time: 0.025, memory: 9507, vote_loss: 3.4725, objectness_loss: 0.3302, semantic_loss: 0.3421, center_loss: 0.5122, dir_class_loss: 0.8940, dir_res_loss: 0.6897, size_class_loss: 0.3421, size_res_loss: 0.2986, loss: 6.8813, grad_norm: 8.7791
2026-05-28 04:39:41,866 - mmdet - INFO - Epoch [11][850/1652]	lr: 8.000e-03, eta: 3:48:15, time: 0.322, data_time: 0.024, memory: 9507, vote_loss: 3.5259, objectness_loss: 0.3448, semantic_loss: 0.4150, center_loss: 0.5152, dir_class_loss: 0.9004, dir_res_loss: 0.6698, size_class_loss: 0.4150, size_res_loss: 0.2733, loss: 7.0595, grad_norm: 8.3784
2026-05-28 04:39:58,077 - mmdet - INFO - Epoch [11][900/1652]	lr: 8.000e-03, eta: 3:47:59, time: 0.324, data_time: 0.024, memory: 9507, vote_loss: 3.5193, objectness_loss: 0.3202, semantic_loss: 0.4193, center_loss: 0.4957, dir_class_loss: 0.9975, dir_res_loss: 0.6638, size_class_loss: 0.4193, size_res_loss: 0.3106, loss: 7.1458, grad_norm: 7.8902
2026-05-28 04:40:14,169 - mmdet - INFO - Epoch [11][950/1652]	lr: 8.000e-03, eta: 3:47:42, time: 0.322, data_time: 0.024, memory: 9507, vote_loss: 3.4989, objectness_loss: 0.3742, semantic_loss: 0.4686, center_loss: 0.5021, dir_class_loss: 1.0729, dir_res_loss: 0.8509, size_class_loss: 0.4686, size_res_loss: 0.3145, loss: 7.5507, grad_norm: 8.7821
2026-05-28 04:40:30,313 - mmdet - INFO - Epoch [11][1000/1652]	lr: 8.000e-03, eta: 3:47:26, time: 0.323, data_time: 0.025, memory: 9507, vote_loss: 3.4880, objectness_loss: 0.3706, semantic_loss: 0.3861, center_loss: 0.6047, dir_class_loss: 0.9768, dir_res_loss: 0.7175, size_class_loss: 0.3861, size_res_loss: 0.2958, loss: 7.2256, grad_norm: 8.4144
2026-05-28 04:40:46,428 - mmdet - INFO - Epoch [11][1050/1652]	lr: 8.000e-03, eta: 3:47:09, time: 0.322, data_time: 0.024, memory: 9507, vote_loss: 3.6573, objectness_loss: 0.3667, semantic_loss: 0.3511, center_loss: 0.5561, dir_class_loss: 1.0348, dir_res_loss: 0.7219, size_class_loss: 0.3511, size_res_loss: 0.3115, loss: 7.3505, grad_norm: 9.3817
2026-05-28 04:41:02,567 - mmdet - INFO - Epoch [11][1100/1652]	lr: 8.000e-03, eta: 3:46:53, time: 0.323, data_time: 0.024, memory: 9507, vote_loss: 3.5007, objectness_loss: 0.3491, semantic_loss: 0.3677, center_loss: 0.4923, dir_class_loss: 0.9551, dir_res_loss: 0.7174, size_class_loss: 0.3677, size_res_loss: 0.2886, loss: 7.0387, grad_norm: 8.4410
2026-05-28 04:41:18,709 - mmdet - INFO - Epoch [11][1150/1652]	lr: 8.000e-03, eta: 3:46:36, time: 0.323, data_time: 0.024, memory: 9507, vote_loss: 3.5537, objectness_loss: 0.3451, semantic_loss: 0.3814, center_loss: 0.5041, dir_class_loss: 0.9713, dir_res_loss: 0.7445, size_class_loss: 0.3814, size_res_loss: 0.3329, loss: 7.2144, grad_norm: 8.3934
2026-05-28 04:41:35,053 - mmdet - INFO - Epoch [11][1200/1652]	lr: 8.000e-03, eta: 3:46:20, time: 0.327, data_time: 0.027, memory: 9507, vote_loss: 3.4849, objectness_loss: 0.3567, semantic_loss: 0.3913, center_loss: 0.4943, dir_class_loss: 0.9830, dir_res_loss: 0.7785, size_class_loss: 0.3913, size_res_loss: 0.3114, loss: 7.1913, grad_norm: 8.3990
2026-05-28 04:41:51,226 - mmdet - INFO - Epoch [11][1250/1652]	lr: 8.000e-03, eta: 3:46:03, time: 0.323, data_time: 0.024, memory: 9507, vote_loss: 3.5066, objectness_loss: 0.3472, semantic_loss: 0.3889, center_loss: 0.5224, dir_class_loss: 1.0165, dir_res_loss: 0.7147, size_class_loss: 0.3889, size_res_loss: 0.2843, loss: 7.1695, grad_norm: 7.9804
2026-05-28 04:42:07,369 - mmdet - INFO - Epoch [11][1300/1652]	lr: 8.000e-03, eta: 3:45:47, time: 0.323, data_time: 0.024, memory: 9507, vote_loss: 3.5040, objectness_loss: 0.3504, semantic_loss: 0.3881, center_loss: 0.4803, dir_class_loss: 0.9849, dir_res_loss: 0.7571, size_class_loss: 0.3881, size_res_loss: 0.2806, loss: 7.1335, grad_norm: 7.9210
2026-05-28 04:42:23,535 - mmdet - INFO - Epoch [11][1350/1652]	lr: 8.000e-03, eta: 3:45:30, time: 0.323, data_time: 0.024, memory: 9507, vote_loss: 3.3961, objectness_loss: 0.3547, semantic_loss: 0.3701, center_loss: 0.4998, dir_class_loss: 0.9982, dir_res_loss: 0.7830, size_class_loss: 0.3701, size_res_loss: 0.3002, loss: 7.0723, grad_norm: 8.4704
2026-05-28 04:42:39,747 - mmdet - INFO - Epoch [11][1400/1652]	lr: 8.000e-03, eta: 3:45:14, time: 0.324, data_time: 0.025, memory: 9507, vote_loss: 3.3650, objectness_loss: 0.3569, semantic_loss: 0.3286, center_loss: 0.4700, dir_class_loss: 1.0189, dir_res_loss: 0.7873, size_class_loss: 0.3286, size_res_loss: 0.2932, loss: 6.9484, grad_norm: 8.5260
2026-05-28 04:42:55,960 - mmdet - INFO - Epoch [11][1450/1652]	lr: 8.000e-03, eta: 3:44:58, time: 0.324, data_time: 0.025, memory: 9507, vote_loss: 3.3780, objectness_loss: 0.3469, semantic_loss: 0.3704, center_loss: 0.4884, dir_class_loss: 1.0284, dir_res_loss: 0.7075, size_class_loss: 0.3704, size_res_loss: 0.2889, loss: 6.9788, grad_norm: 7.8306
2026-05-28 04:43:12,148 - mmdet - INFO - Epoch [11][1500/1652]	lr: 8.000e-03, eta: 3:44:41, time: 0.324, data_time: 0.025, memory: 9507, vote_loss: 3.4717, objectness_loss: 0.3759, semantic_loss: 0.3637, center_loss: 0.5054, dir_class_loss: 1.0424, dir_res_loss: 0.6780, size_class_loss: 0.3637, size_res_loss: 0.3005, loss: 7.1015, grad_norm: 8.4519
2026-05-28 04:43:28,381 - mmdet - INFO - Epoch [11][1550/1652]	lr: 8.000e-03, eta: 3:44:25, time: 0.325, data_time: 0.025, memory: 9507, vote_loss: 3.4116, objectness_loss: 0.3696, semantic_loss: 0.3758, center_loss: 0.4764, dir_class_loss: 0.9673, dir_res_loss: 0.7342, size_class_loss: 0.3758, size_res_loss: 0.2972, loss: 7.0079, grad_norm: 8.2147
2026-05-28 04:43:44,532 - mmdet - INFO - Epoch [11][1600/1652]	lr: 8.000e-03, eta: 3:44:08, time: 0.323, data_time: 0.024, memory: 9507, vote_loss: 3.6501, objectness_loss: 0.3563, semantic_loss: 0.3817, center_loss: 0.5983, dir_class_loss: 1.0022, dir_res_loss: 0.6547, size_class_loss: 0.3817, size_res_loss: 0.3332, loss: 7.3582, grad_norm: 8.7977
2026-05-28 04:44:00,794 - mmdet - INFO - Epoch [11][1650/1652]	lr: 8.000e-03, eta: 3:43:52, time: 0.325, data_time: 0.025, memory: 9507, vote_loss: 3.4891, objectness_loss: 0.3767, semantic_loss: 0.3855, center_loss: 0.4778, dir_class_loss: 1.0044, dir_res_loss: 0.6832, size_class_loss: 0.3855, size_res_loss: 0.3064, loss: 7.1086, grad_norm: 7.6170
2026-05-28 04:44:01,501 - mmdet - INFO - Saving checkpoint at 11 epochs
2026-05-28 04:44:20,622 - mmdet - INFO - Epoch [12][50/1652]	lr: 8.000e-03, eta: 3:43:40, time: 0.376, data_time: 0.076, memory: 9507, vote_loss: 3.4364, objectness_loss: 0.3562, semantic_loss: 0.3184, center_loss: 0.4910, dir_class_loss: 1.0065, dir_res_loss: 0.6773, size_class_loss: 0.3184, size_res_loss: 0.3039, loss: 6.9080, grad_norm: 8.6207
2026-05-28 04:44:36,798 - mmdet - INFO - Epoch [12][100/1652]	lr: 8.000e-03, eta: 3:43:23, time: 0.324, data_time: 0.024, memory: 9507, vote_loss: 3.5264, objectness_loss: 0.3426, semantic_loss: 0.3341, center_loss: 0.5245, dir_class_loss: 0.9710, dir_res_loss: 0.6830, size_class_loss: 0.3341, size_res_loss: 0.3105, loss: 7.0261, grad_norm: 8.4233
2026-05-28 04:44:53,074 - mmdet - INFO - Epoch [12][150/1652]	lr: 8.000e-03, eta: 3:43:07, time: 0.326, data_time: 0.025, memory: 9507, vote_loss: 3.5460, objectness_loss: 0.3556, semantic_loss: 0.3352, center_loss: 0.5169, dir_class_loss: 0.9296, dir_res_loss: 0.6541, size_class_loss: 0.3352, size_res_loss: 0.2888, loss: 6.9614, grad_norm: 8.0636
2026-05-28 04:45:09,274 - mmdet - INFO - Epoch [12][200/1652]	lr: 8.000e-03, eta: 3:42:50, time: 0.324, data_time: 0.025, memory: 9507, vote_loss: 3.4432, objectness_loss: 0.3420, semantic_loss: 0.4045, center_loss: 0.4958, dir_class_loss: 1.0289, dir_res_loss: 0.6695, size_class_loss: 0.4045, size_res_loss: 0.3107, loss: 7.0991, grad_norm: 8.5843
2026-05-28 04:45:25,456 - mmdet - INFO - Epoch [12][250/1652]	lr: 8.000e-03, eta: 3:42:34, time: 0.324, data_time: 0.024, memory: 9507, vote_loss: 3.4756, objectness_loss: 0.3768, semantic_loss: 0.3647, center_loss: 0.4886, dir_class_loss: 0.9569, dir_res_loss: 0.7501, size_class_loss: 0.3647, size_res_loss: 0.2636, loss: 7.0410, grad_norm: 8.2857
2026-05-28 04:45:41,606 - mmdet - INFO - Epoch [12][300/1652]	lr: 8.000e-03, eta: 3:42:17, time: 0.323, data_time: 0.024, memory: 9507, vote_loss: 3.5408, objectness_loss: 0.3712, semantic_loss: 0.4304, center_loss: 0.4962, dir_class_loss: 0.9601, dir_res_loss: 0.6925, size_class_loss: 0.4304, size_res_loss: 0.3405, loss: 7.2620, grad_norm: 8.7027
2026-05-28 04:45:57,769 - mmdet - INFO - Epoch [12][350/1652]	lr: 8.000e-03, eta: 3:42:01, time: 0.323, data_time: 0.024, memory: 9507, vote_loss: 3.4234, objectness_loss: 0.3578, semantic_loss: 0.3886, center_loss: 0.4647, dir_class_loss: 0.9796, dir_res_loss: 0.6845, size_class_loss: 0.3886, size_res_loss: 0.2759, loss: 6.9633, grad_norm: 7.8132
2026-05-28 04:46:13,968 - mmdet - INFO - Epoch [12][400/1652]	lr: 8.000e-03, eta: 3:41:45, time: 0.324, data_time: 0.024, memory: 9507, vote_loss: 3.6262, objectness_loss: 0.3863, semantic_loss: 0.4377, center_loss: 0.5082, dir_class_loss: 1.0669, dir_res_loss: 0.7142, size_class_loss: 0.4377, size_res_loss: 0.2644, loss: 7.4415, grad_norm: 8.0272
2026-05-28 04:46:30,064 - mmdet - INFO - Epoch [12][450/1652]	lr: 8.000e-03, eta: 3:41:28, time: 0.322, data_time: 0.024, memory: 9507, vote_loss: 3.5312, objectness_loss: 0.3734, semantic_loss: 0.4164, center_loss: 0.4999, dir_class_loss: 0.9617, dir_res_loss: 0.6535, size_class_loss: 0.4164, size_res_loss: 0.3162, loss: 7.1687, grad_norm: 8.3791
2026-05-28 04:46:46,267 - mmdet - INFO - Epoch [12][500/1652]	lr: 8.000e-03, eta: 3:41:11, time: 0.324, data_time: 0.024, memory: 9507, vote_loss: 3.5527, objectness_loss: 0.3567, semantic_loss: 0.4011, center_loss: 0.5253, dir_class_loss: 0.9905, dir_res_loss: 0.6282, size_class_loss: 0.4011, size_res_loss: 0.3045, loss: 7.1602, grad_norm: 8.2475
2026-05-28 04:47:02,418 - mmdet - INFO - Epoch [12][550/1652]	lr: 8.000e-03, eta: 3:40:55, time: 0.323, data_time: 0.023, memory: 9507, vote_loss: 3.3446, objectness_loss: 0.3641, semantic_loss: 0.3684, center_loss: 0.4642, dir_class_loss: 0.9457, dir_res_loss: 0.6670, size_class_loss: 0.3684, size_res_loss: 0.3571, loss: 6.8793, grad_norm: 7.8697
2026-05-28 04:47:18,592 - mmdet - INFO - Epoch [12][600/1652]	lr: 8.000e-03, eta: 3:40:38, time: 0.323, data_time: 0.023, memory: 9507, vote_loss: 3.4532, objectness_loss: 0.3688, semantic_loss: 0.3894, center_loss: 0.4883, dir_class_loss: 0.9859, dir_res_loss: 0.7142, size_class_loss: 0.3894, size_res_loss: 0.3436, loss: 7.1329, grad_norm: 8.4164
2026-05-28 04:47:34,748 - mmdet - INFO - Epoch [12][650/1652]	lr: 8.000e-03, eta: 3:40:22, time: 0.323, data_time: 0.024, memory: 9507, vote_loss: 3.3952, objectness_loss: 0.3567, semantic_loss: 0.3631, center_loss: 0.5022, dir_class_loss: 0.9756, dir_res_loss: 0.7081, size_class_loss: 0.3631, size_res_loss: 0.2907, loss: 6.9548, grad_norm: 8.3208
2026-05-28 04:47:50,920 - mmdet - INFO - Epoch [12][700/1652]	lr: 8.000e-03, eta: 3:40:06, time: 0.323, data_time: 0.024, memory: 9507, vote_loss: 3.3757, objectness_loss: 0.3569, semantic_loss: 0.3499, center_loss: 0.5651, dir_class_loss: 0.9771, dir_res_loss: 0.8129, size_class_loss: 0.3499, size_res_loss: 0.2728, loss: 7.0604, grad_norm: 8.1781
2026-05-28 04:48:07,062 - mmdet - INFO - Epoch [12][750/1652]	lr: 8.000e-03, eta: 3:39:49, time: 0.323, data_time: 0.024, memory: 9507, vote_loss: 3.4877, objectness_loss: 0.3617, semantic_loss: 0.3760, center_loss: 0.5559, dir_class_loss: 0.9637, dir_res_loss: 0.7553, size_class_loss: 0.3760, size_res_loss: 0.3016, loss: 7.1779, grad_norm: 8.8548
2026-05-28 04:48:23,270 - mmdet - INFO - Epoch [12][800/1652]	lr: 8.000e-03, eta: 3:39:33, time: 0.324, data_time: 0.024, memory: 9507, vote_loss: 3.5648, objectness_loss: 0.3526, semantic_loss: 0.3773, center_loss: 0.5105, dir_class_loss: 0.9763, dir_res_loss: 0.7070, size_class_loss: 0.3773, size_res_loss: 0.3176, loss: 7.1834, grad_norm: 8.3834
2026-05-28 04:48:39,387 - mmdet - INFO - Epoch [12][850/1652]	lr: 8.000e-03, eta: 3:39:16, time: 0.322, data_time: 0.023, memory: 9507, vote_loss: 3.4773, objectness_loss: 0.3787, semantic_loss: 0.3365, center_loss: 0.5004, dir_class_loss: 1.0417, dir_res_loss: 0.8742, size_class_loss: 0.3365, size_res_loss: 0.3003, loss: 7.2456, grad_norm: 8.2938
2026-05-28 04:48:55,576 - mmdet - INFO - Epoch [12][900/1652]	lr: 8.000e-03, eta: 3:39:00, time: 0.324, data_time: 0.024, memory: 9507, vote_loss: 3.5134, objectness_loss: 0.3611, semantic_loss: 0.3528, center_loss: 0.5132, dir_class_loss: 1.0247, dir_res_loss: 0.7942, size_class_loss: 0.3528, size_res_loss: 0.2980, loss: 7.2103, grad_norm: 8.3357
2026-05-28 04:49:11,752 - mmdet - INFO - Epoch [12][950/1652]	lr: 8.000e-03, eta: 3:38:43, time: 0.324, data_time: 0.024, memory: 9507, vote_loss: 3.3728, objectness_loss: 0.3731, semantic_loss: 0.3639, center_loss: 0.5127, dir_class_loss: 0.9893, dir_res_loss: 0.6948, size_class_loss: 0.3639, size_res_loss: 0.2883, loss: 6.9588, grad_norm: 8.1183
2026-05-28 04:49:27,924 - mmdet - INFO - Epoch [12][1000/1652]	lr: 8.000e-03, eta: 3:38:27, time: 0.323, data_time: 0.024, memory: 9507, vote_loss: 3.5237, objectness_loss: 0.3363, semantic_loss: 0.3957, center_loss: 0.4923, dir_class_loss: 0.8855, dir_res_loss: 0.6590, size_class_loss: 0.3957, size_res_loss: 0.3150, loss: 7.0031, grad_norm: 7.8829
2026-05-28 04:49:44,120 - mmdet - INFO - Epoch [12][1050/1652]	lr: 8.000e-03, eta: 3:38:10, time: 0.324, data_time: 0.024, memory: 9507, vote_loss: 3.4443, objectness_loss: 0.3910, semantic_loss: 0.3230, center_loss: 0.5265, dir_class_loss: 0.9806, dir_res_loss: 0.6816, size_class_loss: 0.3230, size_res_loss: 0.3185, loss: 6.9885, grad_norm: 8.7244
2026-05-28 04:50:00,335 - mmdet - INFO - Epoch [12][1100/1652]	lr: 8.000e-03, eta: 3:37:54, time: 0.324, data_time: 0.024, memory: 9507, vote_loss: 3.5027, objectness_loss: 0.3473, semantic_loss: 0.3753, center_loss: 0.5321, dir_class_loss: 0.9575, dir_res_loss: 0.8146, size_class_loss: 0.3753, size_res_loss: 0.2768, loss: 7.1816, grad_norm: 8.3989
2026-05-28 04:50:16,556 - mmdet - INFO - Epoch [12][1150/1652]	lr: 8.000e-03, eta: 3:37:38, time: 0.324, data_time: 0.025, memory: 9507, vote_loss: 3.5496, objectness_loss: 0.3247, semantic_loss: 0.3328, center_loss: 0.4840, dir_class_loss: 0.9950, dir_res_loss: 0.7450, size_class_loss: 0.3328, size_res_loss: 0.2861, loss: 7.0500, grad_norm: 7.8541
2026-05-28 04:50:32,774 - mmdet - INFO - Epoch [12][1200/1652]	lr: 8.000e-03, eta: 3:37:21, time: 0.324, data_time: 0.025, memory: 9507, vote_loss: 3.4276, objectness_loss: 0.3472, semantic_loss: 0.3464, center_loss: 0.5056, dir_class_loss: 0.9474, dir_res_loss: 0.6787, size_class_loss: 0.3464, size_res_loss: 0.2979, loss: 6.8973, grad_norm: 8.1827
2026-05-28 04:50:49,152 - mmdet - INFO - Epoch [12][1250/1652]	lr: 8.000e-03, eta: 3:37:05, time: 0.328, data_time: 0.028, memory: 9507, vote_loss: 3.4794, objectness_loss: 0.3576, semantic_loss: 0.3226, center_loss: 0.5027, dir_class_loss: 0.9841, dir_res_loss: 0.6814, size_class_loss: 0.3226, size_res_loss: 0.2946, loss: 6.9452, grad_norm: 9.0430
2026-05-28 04:51:05,360 - mmdet - INFO - Epoch [12][1300/1652]	lr: 8.000e-03, eta: 3:36:49, time: 0.324, data_time: 0.024, memory: 9507, vote_loss: 3.4641, objectness_loss: 0.3647, semantic_loss: 0.3652, center_loss: 0.4458, dir_class_loss: 1.0249, dir_res_loss: 0.7172, size_class_loss: 0.3652, size_res_loss: 0.3175, loss: 7.0645, grad_norm: 7.8059
2026-05-28 04:51:21,559 - mmdet - INFO - Epoch [12][1350/1652]	lr: 8.000e-03, eta: 3:36:32, time: 0.324, data_time: 0.024, memory: 9507, vote_loss: 3.3364, objectness_loss: 0.3424, semantic_loss: 0.3288, center_loss: 0.5184, dir_class_loss: 1.0090, dir_res_loss: 0.7884, size_class_loss: 0.3288, size_res_loss: 0.2844, loss: 6.9364, grad_norm: 8.9137
2026-05-28 04:51:37,754 - mmdet - INFO - Epoch [12][1400/1652]	lr: 8.000e-03, eta: 3:36:16, time: 0.324, data_time: 0.024, memory: 9507, vote_loss: 3.2437, objectness_loss: 0.3256, semantic_loss: 0.3379, center_loss: 0.4630, dir_class_loss: 0.9355, dir_res_loss: 0.6960, size_class_loss: 0.3379, size_res_loss: 0.3091, loss: 6.6486, grad_norm: 8.4118
2026-05-28 04:51:53,919 - mmdet - INFO - Epoch [12][1450/1652]	lr: 8.000e-03, eta: 3:36:00, time: 0.323, data_time: 0.023, memory: 9507, vote_loss: 3.4130, objectness_loss: 0.3685, semantic_loss: 0.3883, center_loss: 0.4744, dir_class_loss: 0.9609, dir_res_loss: 0.6829, size_class_loss: 0.3882, size_res_loss: 0.2892, loss: 6.9654, grad_norm: 8.0238
2026-05-28 04:52:10,103 - mmdet - INFO - Epoch [12][1500/1652]	lr: 8.000e-03, eta: 3:35:43, time: 0.324, data_time: 0.024, memory: 9507, vote_loss: 3.3167, objectness_loss: 0.3461, semantic_loss: 0.3376, center_loss: 0.4478, dir_class_loss: 0.9803, dir_res_loss: 0.7886, size_class_loss: 0.3376, size_res_loss: 0.2541, loss: 6.8088, grad_norm: 8.1190
2026-05-28 04:52:26,433 - mmdet - INFO - Epoch [12][1550/1652]	lr: 8.000e-03, eta: 3:35:27, time: 0.327, data_time: 0.025, memory: 9507, vote_loss: 3.4848, objectness_loss: 0.3533, semantic_loss: 0.3344, center_loss: 0.4583, dir_class_loss: 1.0185, dir_res_loss: 0.7153, size_class_loss: 0.3344, size_res_loss: 0.3313, loss: 7.0303, grad_norm: 7.8912
2026-05-28 04:52:42,631 - mmdet - INFO - Epoch [12][1600/1652]	lr: 8.000e-03, eta: 3:35:11, time: 0.324, data_time: 0.024, memory: 9507, vote_loss: 3.3493, objectness_loss: 0.3574, semantic_loss: 0.3463, center_loss: 0.4581, dir_class_loss: 0.8610, dir_res_loss: 0.6914, size_class_loss: 0.3464, size_res_loss: 0.3118, loss: 6.7217, grad_norm: 8.2611
2026-05-28 04:52:58,869 - mmdet - INFO - Epoch [12][1650/1652]	lr: 8.000e-03, eta: 3:34:54, time: 0.325, data_time: 0.024, memory: 9507, vote_loss: 3.3446, objectness_loss: 0.3587, semantic_loss: 0.4282, center_loss: 0.5200, dir_class_loss: 1.0187, dir_res_loss: 0.7244, size_class_loss: 0.4282, size_res_loss: 0.2941, loss: 7.1169, grad_norm: 8.5324
2026-05-28 04:52:59,549 - mmdet - INFO - Saving checkpoint at 12 epochs
2026-05-28 04:53:18,702 - mmdet - INFO - Epoch [13][50/1652]	lr: 8.000e-03, eta: 3:34:41, time: 0.376, data_time: 0.074, memory: 9507, vote_loss: 3.4061, objectness_loss: 0.3511, semantic_loss: 0.3526, center_loss: 0.4640, dir_class_loss: 0.9654, dir_res_loss: 0.7775, size_class_loss: 0.3526, size_res_loss: 0.3093, loss: 6.9785, grad_norm: 8.5832
2026-05-28 04:53:34,906 - mmdet - INFO - Epoch [13][100/1652]	lr: 8.000e-03, eta: 3:34:25, time: 0.324, data_time: 0.024, memory: 9507, vote_loss: 3.5834, objectness_loss: 0.3379, semantic_loss: 0.3413, center_loss: 0.4802, dir_class_loss: 0.8802, dir_res_loss: 0.7218, size_class_loss: 0.3413, size_res_loss: 0.2985, loss: 6.9846, grad_norm: 8.2598
2026-05-28 04:53:51,162 - mmdet - INFO - Epoch [13][150/1652]	lr: 8.000e-03, eta: 3:34:09, time: 0.325, data_time: 0.025, memory: 9507, vote_loss: 3.5667, objectness_loss: 0.3290, semantic_loss: 0.3808, center_loss: 0.5395, dir_class_loss: 1.0209, dir_res_loss: 0.7897, size_class_loss: 0.3808, size_res_loss: 0.2925, loss: 7.3000, grad_norm: 9.1045
2026-05-28 04:54:07,407 - mmdet - INFO - Epoch [13][200/1652]	lr: 8.000e-03, eta: 3:33:52, time: 0.325, data_time: 0.025, memory: 9507, vote_loss: 3.3463, objectness_loss: 0.3222, semantic_loss: 0.3359, center_loss: 0.4773, dir_class_loss: 0.9250, dir_res_loss: 0.6546, size_class_loss: 0.3358, size_res_loss: 0.2875, loss: 6.6846, grad_norm: 8.1759
2026-05-28 04:54:23,647 - mmdet - INFO - Epoch [13][250/1652]	lr: 8.000e-03, eta: 3:33:36, time: 0.325, data_time: 0.025, memory: 9507, vote_loss: 3.4117, objectness_loss: 0.3629, semantic_loss: 0.3367, center_loss: 0.5265, dir_class_loss: 0.9376, dir_res_loss: 0.6854, size_class_loss: 0.3367, size_res_loss: 0.3229, loss: 6.9204, grad_norm: 8.4482
2026-05-28 04:54:39,799 - mmdet - INFO - Epoch [13][300/1652]	lr: 8.000e-03, eta: 3:33:19, time: 0.323, data_time: 0.024, memory: 9507, vote_loss: 3.2589, objectness_loss: 0.3286, semantic_loss: 0.3585, center_loss: 0.5192, dir_class_loss: 0.9610, dir_res_loss: 0.7342, size_class_loss: 0.3585, size_res_loss: 0.3075, loss: 6.8264, grad_norm: 9.1735
2026-05-28 04:54:55,997 - mmdet - INFO - Epoch [13][350/1652]	lr: 8.000e-03, eta: 3:33:03, time: 0.324, data_time: 0.025, memory: 9507, vote_loss: 3.3122, objectness_loss: 0.3440, semantic_loss: 0.3499, center_loss: 0.5073, dir_class_loss: 0.9817, dir_res_loss: 0.7435, size_class_loss: 0.3499, size_res_loss: 0.3124, loss: 6.9009, grad_norm: 8.0825
2026-05-28 04:55:12,212 - mmdet - INFO - Epoch [13][400/1652]	lr: 8.000e-03, eta: 3:32:47, time: 0.324, data_time: 0.024, memory: 9507, vote_loss: 3.5882, objectness_loss: 0.3624, semantic_loss: 0.3238, center_loss: 0.5241, dir_class_loss: 0.9910, dir_res_loss: 0.6650, size_class_loss: 0.3238, size_res_loss: 0.3117, loss: 7.0901, grad_norm: 8.0784
2026-05-28 04:55:28,341 - mmdet - INFO - Epoch [13][450/1652]	lr: 8.000e-03, eta: 3:32:30, time: 0.323, data_time: 0.024, memory: 9507, vote_loss: 3.3221, objectness_loss: 0.3490, semantic_loss: 0.3276, center_loss: 0.4692, dir_class_loss: 0.9874, dir_res_loss: 0.7392, size_class_loss: 0.3276, size_res_loss: 0.2902, loss: 6.8122, grad_norm: 8.2119
2026-05-28 04:55:44,524 - mmdet - INFO - Epoch [13][500/1652]	lr: 8.000e-03, eta: 3:32:14, time: 0.324, data_time: 0.024, memory: 9507, vote_loss: 3.5903, objectness_loss: 0.3612, semantic_loss: 0.3936, center_loss: 0.5806, dir_class_loss: 0.9613, dir_res_loss: 0.6305, size_class_loss: 0.3936, size_res_loss: 0.2947, loss: 7.2059, grad_norm: 8.0025
2026-05-28 04:56:00,669 - mmdet - INFO - Epoch [13][550/1652]	lr: 8.000e-03, eta: 3:31:57, time: 0.323, data_time: 0.024, memory: 9507, vote_loss: 3.4699, objectness_loss: 0.3718, semantic_loss: 0.4032, center_loss: 0.5175, dir_class_loss: 1.0005, dir_res_loss: 0.6705, size_class_loss: 0.4032, size_res_loss: 0.2949, loss: 7.1315, grad_norm: 9.2676
2026-05-28 04:56:16,835 - mmdet - INFO - Epoch [13][600/1652]	lr: 8.000e-03, eta: 3:31:41, time: 0.323, data_time: 0.024, memory: 9507, vote_loss: 3.5041, objectness_loss: 0.3782, semantic_loss: 0.3814, center_loss: 0.4940, dir_class_loss: 1.0283, dir_res_loss: 0.6600, size_class_loss: 0.3814, size_res_loss: 0.3177, loss: 7.1451, grad_norm: 8.3611
2026-05-28 04:56:33,052 - mmdet - INFO - Epoch [13][650/1652]	lr: 8.000e-03, eta: 3:31:24, time: 0.324, data_time: 0.025, memory: 9507, vote_loss: 3.2813, objectness_loss: 0.3769, semantic_loss: 0.3298, center_loss: 0.4590, dir_class_loss: 1.0154, dir_res_loss: 0.6895, size_class_loss: 0.3298, size_res_loss: 0.3011, loss: 6.7828, grad_norm: 7.6053
2026-05-28 04:56:49,296 - mmdet - INFO - Epoch [13][700/1652]	lr: 8.000e-03, eta: 3:31:08, time: 0.325, data_time: 0.025, memory: 9507, vote_loss: 3.4027, objectness_loss: 0.3925, semantic_loss: 0.3718, center_loss: 0.5757, dir_class_loss: 0.9644, dir_res_loss: 0.7827, size_class_loss: 0.3718, size_res_loss: 0.3049, loss: 7.1666, grad_norm: 8.9128
2026-05-28 04:57:05,448 - mmdet - INFO - Epoch [13][750/1652]	lr: 8.000e-03, eta: 3:30:52, time: 0.323, data_time: 0.024, memory: 9507, vote_loss: 3.2807, objectness_loss: 0.3433, semantic_loss: 0.3312, center_loss: 0.4910, dir_class_loss: 0.8627, dir_res_loss: 0.7870, size_class_loss: 0.3312, size_res_loss: 0.2742, loss: 6.7013, grad_norm: 9.3356
2026-05-28 04:57:21,642 - mmdet - INFO - Epoch [13][800/1652]	lr: 8.000e-03, eta: 3:30:35, time: 0.324, data_time: 0.024, memory: 9507, vote_loss: 3.1977, objectness_loss: 0.3757, semantic_loss: 0.3756, center_loss: 0.4907, dir_class_loss: 1.0252, dir_res_loss: 0.7410, size_class_loss: 0.3756, size_res_loss: 0.3014, loss: 6.8829, grad_norm: 9.0528
2026-05-28 04:57:37,886 - mmdet - INFO - Epoch [13][850/1652]	lr: 8.000e-03, eta: 3:30:19, time: 0.325, data_time: 0.025, memory: 9507, vote_loss: 3.4271, objectness_loss: 0.3703, semantic_loss: 0.3934, center_loss: 0.4999, dir_class_loss: 0.9793, dir_res_loss: 0.6951, size_class_loss: 0.3934, size_res_loss: 0.3070, loss: 7.0654, grad_norm: 8.4691
2026-05-28 04:57:54,131 - mmdet - INFO - Epoch [13][900/1652]	lr: 8.000e-03, eta: 3:30:03, time: 0.325, data_time: 0.026, memory: 9507, vote_loss: 3.4820, objectness_loss: 0.3561, semantic_loss: 0.3533, center_loss: 0.4966, dir_class_loss: 1.0322, dir_res_loss: 0.6952, size_class_loss: 0.3533, size_res_loss: 0.2936, loss: 7.0625, grad_norm: 8.1058
2026-05-28 04:58:10,290 - mmdet - INFO - Epoch [13][950/1652]	lr: 8.000e-03, eta: 3:29:46, time: 0.323, data_time: 0.024, memory: 9507, vote_loss: 3.4478, objectness_loss: 0.3616, semantic_loss: 0.3632, center_loss: 0.5272, dir_class_loss: 0.9650, dir_res_loss: 0.6153, size_class_loss: 0.3632, size_res_loss: 0.2987, loss: 6.9420, grad_norm: 8.4948
2026-05-28 04:58:26,520 - mmdet - INFO - Epoch [13][1000/1652]	lr: 8.000e-03, eta: 3:29:30, time: 0.325, data_time: 0.025, memory: 9507, vote_loss: 3.3008, objectness_loss: 0.3723, semantic_loss: 0.3130, center_loss: 0.4782, dir_class_loss: 0.8801, dir_res_loss: 0.6296, size_class_loss: 0.3130, size_res_loss: 0.2743, loss: 6.5613, grad_norm: 8.2467
2026-05-28 04:58:42,843 - mmdet - INFO - Epoch [13][1050/1652]	lr: 8.000e-03, eta: 3:29:14, time: 0.326, data_time: 0.026, memory: 9507, vote_loss: 3.3732, objectness_loss: 0.3718, semantic_loss: 0.3369, center_loss: 0.4657, dir_class_loss: 0.9035, dir_res_loss: 0.6706, size_class_loss: 0.3369, size_res_loss: 0.2900, loss: 6.7486, grad_norm: 8.1320
2026-05-28 04:58:59,058 - mmdet - INFO - Epoch [13][1100/1652]	lr: 8.000e-03, eta: 3:28:57, time: 0.324, data_time: 0.025, memory: 9507, vote_loss: 3.3826, objectness_loss: 0.3294, semantic_loss: 0.2958, center_loss: 0.4579, dir_class_loss: 1.0037, dir_res_loss: 0.6568, size_class_loss: 0.2958, size_res_loss: 0.2958, loss: 6.7177, grad_norm: 7.8751
2026-05-28 04:59:15,305 - mmdet - INFO - Epoch [13][1150/1652]	lr: 8.000e-03, eta: 3:28:41, time: 0.325, data_time: 0.024, memory: 9507, vote_loss: 3.4250, objectness_loss: 0.3178, semantic_loss: 0.3624, center_loss: 0.4943, dir_class_loss: 0.9669, dir_res_loss: 0.7059, size_class_loss: 0.3624, size_res_loss: 0.3165, loss: 6.9513, grad_norm: 7.8770
2026-05-28 04:59:31,505 - mmdet - INFO - Epoch [13][1200/1652]	lr: 8.000e-03, eta: 3:28:25, time: 0.324, data_time: 0.025, memory: 9507, vote_loss: 3.3904, objectness_loss: 0.3680, semantic_loss: 0.3449, center_loss: 0.4886, dir_class_loss: 0.8696, dir_res_loss: 0.5438, size_class_loss: 0.3449, size_res_loss: 0.3051, loss: 6.6553, grad_norm: 8.3263
2026-05-28 04:59:47,736 - mmdet - INFO - Epoch [13][1250/1652]	lr: 8.000e-03, eta: 3:28:08, time: 0.325, data_time: 0.025, memory: 9507, vote_loss: 3.3750, objectness_loss: 0.3450, semantic_loss: 0.3572, center_loss: 0.5220, dir_class_loss: 0.9782, dir_res_loss: 0.6874, size_class_loss: 0.3572, size_res_loss: 0.2792, loss: 6.9013, grad_norm: 8.3198
2026-05-28 05:00:03,936 - mmdet - INFO - Epoch [13][1300/1652]	lr: 8.000e-03, eta: 3:27:52, time: 0.324, data_time: 0.024, memory: 9507, vote_loss: 3.2381, objectness_loss: 0.3170, semantic_loss: 0.3325, center_loss: 0.4825, dir_class_loss: 0.8735, dir_res_loss: 0.6140, size_class_loss: 0.3325, size_res_loss: 0.2636, loss: 6.4538, grad_norm: 7.6628
2026-05-28 05:00:20,131 - mmdet - INFO - Epoch [13][1350/1652]	lr: 8.000e-03, eta: 3:27:36, time: 0.324, data_time: 0.024, memory: 9507, vote_loss: 3.4316, objectness_loss: 0.3280, semantic_loss: 0.3990, center_loss: 0.4877, dir_class_loss: 0.9608, dir_res_loss: 0.7777, size_class_loss: 0.3990, size_res_loss: 0.3333, loss: 7.1172, grad_norm: 7.6953
2026-05-28 05:00:36,594 - mmdet - INFO - Epoch [13][1400/1652]	lr: 8.000e-03, eta: 3:27:20, time: 0.329, data_time: 0.029, memory: 9507, vote_loss: 3.4616, objectness_loss: 0.3362, semantic_loss: 0.3597, center_loss: 0.4715, dir_class_loss: 0.9750, dir_res_loss: 0.7594, size_class_loss: 0.3597, size_res_loss: 0.3072, loss: 7.0304, grad_norm: 8.1430
2026-05-28 05:00:52,763 - mmdet - INFO - Epoch [13][1450/1652]	lr: 8.000e-03, eta: 3:27:03, time: 0.323, data_time: 0.024, memory: 9507, vote_loss: 3.4521, objectness_loss: 0.3237, semantic_loss: 0.3962, center_loss: 0.5410, dir_class_loss: 1.0221, dir_res_loss: 0.7891, size_class_loss: 0.3962, size_res_loss: 0.3229, loss: 7.2433, grad_norm: 8.9588
2026-05-28 05:01:08,933 - mmdet - INFO - Epoch [13][1500/1652]	lr: 8.000e-03, eta: 3:26:47, time: 0.323, data_time: 0.024, memory: 9507, vote_loss: 3.4525, objectness_loss: 0.3274, semantic_loss: 0.3920, center_loss: 0.5076, dir_class_loss: 0.9895, dir_res_loss: 0.6678, size_class_loss: 0.3920, size_res_loss: 0.2999, loss: 7.0287, grad_norm: 8.7895
2026-05-28 05:01:25,099 - mmdet - INFO - Epoch [13][1550/1652]	lr: 8.000e-03, eta: 3:26:30, time: 0.323, data_time: 0.025, memory: 9507, vote_loss: 3.2907, objectness_loss: 0.3297, semantic_loss: 0.3575, center_loss: 0.4900, dir_class_loss: 0.9901, dir_res_loss: 0.6647, size_class_loss: 0.3575, size_res_loss: 0.2546, loss: 6.7348, grad_norm: 8.6508
2026-05-28 05:01:41,337 - mmdet - INFO - Epoch [13][1600/1652]	lr: 8.000e-03, eta: 3:26:14, time: 0.325, data_time: 0.025, memory: 9507, vote_loss: 3.4321, objectness_loss: 0.3294, semantic_loss: 0.3422, center_loss: 0.5072, dir_class_loss: 0.9033, dir_res_loss: 0.6864, size_class_loss: 0.3422, size_res_loss: 0.2875, loss: 6.8302, grad_norm: 7.8832
2026-05-28 05:01:57,475 - mmdet - INFO - Epoch [13][1650/1652]	lr: 8.000e-03, eta: 3:25:58, time: 0.323, data_time: 0.024, memory: 9507, vote_loss: 3.1443, objectness_loss: 0.3338, semantic_loss: 0.3574, center_loss: 0.4649, dir_class_loss: 0.9723, dir_res_loss: 0.6739, size_class_loss: 0.3574, size_res_loss: 0.2691, loss: 6.5731, grad_norm: 8.6014
2026-05-28 05:01:58,185 - mmdet - INFO - Saving checkpoint at 13 epochs
2026-05-28 05:02:17,334 - mmdet - INFO - Epoch [14][50/1652]	lr: 8.000e-03, eta: 3:25:44, time: 0.377, data_time: 0.077, memory: 9507, vote_loss: 3.3649, objectness_loss: 0.3362, semantic_loss: 0.4001, center_loss: 0.4961, dir_class_loss: 0.9534, dir_res_loss: 0.7166, size_class_loss: 0.4001, size_res_loss: 0.2836, loss: 6.9509, grad_norm: 8.6069
2026-05-28 05:02:33,614 - mmdet - INFO - Epoch [14][100/1652]	lr: 8.000e-03, eta: 3:25:28, time: 0.326, data_time: 0.025, memory: 9507, vote_loss: 3.4770, objectness_loss: 0.3470, semantic_loss: 0.3493, center_loss: 0.4848, dir_class_loss: 0.9188, dir_res_loss: 0.7377, size_class_loss: 0.3493, size_res_loss: 0.2957, loss: 6.9595, grad_norm: 8.3884
2026-05-28 05:02:49,822 - mmdet - INFO - Epoch [14][150/1652]	lr: 8.000e-03, eta: 3:25:12, time: 0.324, data_time: 0.024, memory: 9507, vote_loss: 3.4571, objectness_loss: 0.3397, semantic_loss: 0.3946, center_loss: 0.4699, dir_class_loss: 0.9689, dir_res_loss: 0.7752, size_class_loss: 0.3946, size_res_loss: 0.2704, loss: 7.0705, grad_norm: 8.3361
2026-05-28 05:03:06,030 - mmdet - INFO - Epoch [14][200/1652]	lr: 8.000e-03, eta: 3:24:55, time: 0.324, data_time: 0.024, memory: 9507, vote_loss: 3.3618, objectness_loss: 0.3680, semantic_loss: 0.3211, center_loss: 0.4888, dir_class_loss: 0.8826, dir_res_loss: 0.6763, size_class_loss: 0.3211, size_res_loss: 0.3191, loss: 6.7388, grad_norm: 8.3450
2026-05-28 05:03:22,206 - mmdet - INFO - Epoch [14][250/1652]	lr: 8.000e-03, eta: 3:24:39, time: 0.324, data_time: 0.024, memory: 9507, vote_loss: 3.4446, objectness_loss: 0.3243, semantic_loss: 0.3785, center_loss: 0.4954, dir_class_loss: 1.0293, dir_res_loss: 0.7220, size_class_loss: 0.3785, size_res_loss: 0.2958, loss: 7.0682, grad_norm: 8.9126
2026-05-28 05:03:38,379 - mmdet - INFO - Epoch [14][300/1652]	lr: 8.000e-03, eta: 3:24:22, time: 0.323, data_time: 0.024, memory: 9507, vote_loss: 3.4537, objectness_loss: 0.3237, semantic_loss: 0.4014, center_loss: 0.5229, dir_class_loss: 1.0230, dir_res_loss: 0.7708, size_class_loss: 0.4014, size_res_loss: 0.3086, loss: 7.2055, grad_norm: 8.5307
2026-05-28 05:03:54,555 - mmdet - INFO - Epoch [14][350/1652]	lr: 8.000e-03, eta: 3:24:06, time: 0.324, data_time: 0.024, memory: 9507, vote_loss: 3.2345, objectness_loss: 0.3596, semantic_loss: 0.3641, center_loss: 0.4672, dir_class_loss: 0.9183, dir_res_loss: 0.6634, size_class_loss: 0.3641, size_res_loss: 0.2621, loss: 6.6334, grad_norm: 8.0289
2026-05-28 05:04:10,784 - mmdet - INFO - Epoch [14][400/1652]	lr: 8.000e-03, eta: 3:23:50, time: 0.325, data_time: 0.024, memory: 9507, vote_loss: 3.3232, objectness_loss: 0.3447, semantic_loss: 0.3697, center_loss: 0.4823, dir_class_loss: 1.0203, dir_res_loss: 0.7222, size_class_loss: 0.3697, size_res_loss: 0.2633, loss: 6.8954, grad_norm: 8.4489
2026-05-28 05:04:27,005 - mmdet - INFO - Epoch [14][450/1652]	lr: 8.000e-03, eta: 3:23:33, time: 0.324, data_time: 0.025, memory: 9507, vote_loss: 3.3623, objectness_loss: 0.3364, semantic_loss: 0.3515, center_loss: 0.5304, dir_class_loss: 1.0290, dir_res_loss: 0.7197, size_class_loss: 0.3515, size_res_loss: 0.2757, loss: 6.9565, grad_norm: 9.4142
2026-05-28 05:04:43,256 - mmdet - INFO - Epoch [14][500/1652]	lr: 8.000e-03, eta: 3:23:17, time: 0.325, data_time: 0.025, memory: 9507, vote_loss: 3.3017, objectness_loss: 0.3412, semantic_loss: 0.3373, center_loss: 0.5600, dir_class_loss: 0.9463, dir_res_loss: 0.6765, size_class_loss: 0.3373, size_res_loss: 0.2999, loss: 6.8002, grad_norm: 8.3428
2026-05-28 05:04:59,465 - mmdet - INFO - Epoch [14][550/1652]	lr: 8.000e-03, eta: 3:23:01, time: 0.324, data_time: 0.025, memory: 9507, vote_loss: 3.2320, objectness_loss: 0.3936, semantic_loss: 0.3154, center_loss: 0.4599, dir_class_loss: 0.9069, dir_res_loss: 0.6384, size_class_loss: 0.3154, size_res_loss: 0.2766, loss: 6.5381, grad_norm: 8.9906
2026-05-28 05:05:15,598 - mmdet - INFO - Epoch [14][600/1652]	lr: 8.000e-03, eta: 3:22:44, time: 0.323, data_time: 0.024, memory: 9507, vote_loss: 3.1883, objectness_loss: 0.3588, semantic_loss: 0.3798, center_loss: 0.4834, dir_class_loss: 0.9325, dir_res_loss: 0.7665, size_class_loss: 0.3798, size_res_loss: 0.2790, loss: 6.7680, grad_norm: 8.6643
2026-05-28 05:05:31,750 - mmdet - INFO - Epoch [14][650/1652]	lr: 8.000e-03, eta: 3:22:28, time: 0.323, data_time: 0.024, memory: 9507, vote_loss: 3.4387, objectness_loss: 0.3322, semantic_loss: 0.3496, center_loss: 0.4896, dir_class_loss: 0.9621, dir_res_loss: 0.7085, size_class_loss: 0.3496, size_res_loss: 0.3007, loss: 6.9310, grad_norm: 7.9891
2026-05-28 05:05:47,993 - mmdet - INFO - Epoch [14][700/1652]	lr: 8.000e-03, eta: 3:22:11, time: 0.325, data_time: 0.025, memory: 9507, vote_loss: 3.3203, objectness_loss: 0.3375, semantic_loss: 0.3253, center_loss: 0.5471, dir_class_loss: 0.9442, dir_res_loss: 0.7382, size_class_loss: 0.3253, size_res_loss: 0.2904, loss: 6.8284, grad_norm: 9.2453
2026-05-28 05:06:04,231 - mmdet - INFO - Epoch [14][750/1652]	lr: 8.000e-03, eta: 3:21:55, time: 0.325, data_time: 0.025, memory: 9507, vote_loss: 3.4009, objectness_loss: 0.3535, semantic_loss: 0.3378, center_loss: 0.4962, dir_class_loss: 0.9084, dir_res_loss: 0.6452, size_class_loss: 0.3379, size_res_loss: 0.2653, loss: 6.7451, grad_norm: 8.4126
2026-05-28 05:06:20,445 - mmdet - INFO - Epoch [14][800/1652]	lr: 8.000e-03, eta: 3:21:39, time: 0.324, data_time: 0.025, memory: 9507, vote_loss: 3.5076, objectness_loss: 0.3589, semantic_loss: 0.3663, center_loss: 0.4715, dir_class_loss: 0.9415, dir_res_loss: 0.7897, size_class_loss: 0.3663, size_res_loss: 0.3048, loss: 7.1066, grad_norm: 8.3004
2026-05-28 05:06:36,672 - mmdet - INFO - Epoch [14][850/1652]	lr: 8.000e-03, eta: 3:21:22, time: 0.325, data_time: 0.025, memory: 9507, vote_loss: 3.2994, objectness_loss: 0.3496, semantic_loss: 0.3157, center_loss: 0.4558, dir_class_loss: 0.9405, dir_res_loss: 0.6007, size_class_loss: 0.3157, size_res_loss: 0.2869, loss: 6.5642, grad_norm: 7.6272
2026-05-28 05:06:52,900 - mmdet - INFO - Epoch [14][900/1652]	lr: 8.000e-03, eta: 3:21:06, time: 0.325, data_time: 0.025, memory: 9507, vote_loss: 3.4498, objectness_loss: 0.3340, semantic_loss: 0.3797, center_loss: 0.5041, dir_class_loss: 0.9742, dir_res_loss: 0.6861, size_class_loss: 0.3797, size_res_loss: 0.3051, loss: 7.0127, grad_norm: 8.4630
2026-05-28 05:07:09,144 - mmdet - INFO - Epoch [14][950/1652]	lr: 8.000e-03, eta: 3:20:50, time: 0.325, data_time: 0.024, memory: 9507, vote_loss: 3.3090, objectness_loss: 0.3310, semantic_loss: 0.3619, center_loss: 0.4471, dir_class_loss: 0.9730, dir_res_loss: 0.6739, size_class_loss: 0.3619, size_res_loss: 0.2826, loss: 6.7406, grad_norm: 8.2910
2026-05-28 05:07:25,358 - mmdet - INFO - Epoch [14][1000/1652]	lr: 8.000e-03, eta: 3:20:33, time: 0.324, data_time: 0.024, memory: 9507, vote_loss: 3.3417, objectness_loss: 0.3362, semantic_loss: 0.3623, center_loss: 0.5246, dir_class_loss: 0.9424, dir_res_loss: 0.7123, size_class_loss: 0.3623, size_res_loss: 0.2781, loss: 6.8598, grad_norm: 9.1781
2026-05-28 05:07:41,501 - mmdet - INFO - Epoch [14][1050/1652]	lr: 8.000e-03, eta: 3:20:17, time: 0.323, data_time: 0.024, memory: 9507, vote_loss: 3.5511, objectness_loss: 0.3585, semantic_loss: 0.3581, center_loss: 0.5081, dir_class_loss: 0.9611, dir_res_loss: 0.6656, size_class_loss: 0.3580, size_res_loss: 0.3203, loss: 7.0809, grad_norm: 8.2382
2026-05-28 05:07:57,735 - mmdet - INFO - Epoch [14][1100/1652]	lr: 8.000e-03, eta: 3:20:01, time: 0.325, data_time: 0.025, memory: 9507, vote_loss: 3.5228, objectness_loss: 0.3565, semantic_loss: 0.3764, center_loss: 0.5449, dir_class_loss: 0.9545, dir_res_loss: 0.6794, size_class_loss: 0.3764, size_res_loss: 0.2973, loss: 7.1081, grad_norm: 8.6140
2026-05-28 05:08:13,947 - mmdet - INFO - Epoch [14][1150/1652]	lr: 8.000e-03, eta: 3:19:44, time: 0.324, data_time: 0.025, memory: 9507, vote_loss: 3.3679, objectness_loss: 0.3380, semantic_loss: 0.3857, center_loss: 0.5249, dir_class_loss: 0.9213, dir_res_loss: 0.7482, size_class_loss: 0.3857, size_res_loss: 0.3110, loss: 6.9826, grad_norm: 8.8392
2026-05-28 05:08:30,259 - mmdet - INFO - Epoch [14][1200/1652]	lr: 8.000e-03, eta: 3:19:28, time: 0.326, data_time: 0.026, memory: 9507, vote_loss: 3.2961, objectness_loss: 0.3548, semantic_loss: 0.3388, center_loss: 0.4554, dir_class_loss: 0.9772, dir_res_loss: 0.7096, size_class_loss: 0.3388, size_res_loss: 0.2821, loss: 6.7528, grad_norm: 7.8768
2026-05-28 05:08:46,522 - mmdet - INFO - Epoch [14][1250/1652]	lr: 8.000e-03, eta: 3:19:12, time: 0.325, data_time: 0.024, memory: 9507, vote_loss: 3.1952, objectness_loss: 0.3273, semantic_loss: 0.4552, center_loss: 0.4496, dir_class_loss: 0.9273, dir_res_loss: 0.7314, size_class_loss: 0.4552, size_res_loss: 0.2838, loss: 6.8251, grad_norm: 7.9870
2026-05-28 05:09:02,667 - mmdet - INFO - Epoch [14][1300/1652]	lr: 8.000e-03, eta: 3:18:55, time: 0.323, data_time: 0.024, memory: 9507, vote_loss: 3.2463, objectness_loss: 0.3484, semantic_loss: 0.3946, center_loss: 0.4755, dir_class_loss: 0.9000, dir_res_loss: 0.6299, size_class_loss: 0.3946, size_res_loss: 0.2928, loss: 6.6822, grad_norm: 8.2104
2026-05-28 05:09:18,878 - mmdet - INFO - Epoch [14][1350/1652]	lr: 8.000e-03, eta: 3:18:39, time: 0.324, data_time: 0.024, memory: 9507, vote_loss: 3.5553, objectness_loss: 0.3872, semantic_loss: 0.3589, center_loss: 0.4973, dir_class_loss: 1.0101, dir_res_loss: 0.6426, size_class_loss: 0.3589, size_res_loss: 0.3701, loss: 7.1804, grad_norm: 8.3661
2026-05-28 05:09:35,099 - mmdet - INFO - Epoch [14][1400/1652]	lr: 8.000e-03, eta: 3:18:23, time: 0.324, data_time: 0.025, memory: 9507, vote_loss: 3.1796, objectness_loss: 0.3211, semantic_loss: 0.3325, center_loss: 0.4612, dir_class_loss: 0.9201, dir_res_loss: 0.7755, size_class_loss: 0.3325, size_res_loss: 0.2847, loss: 6.6072, grad_norm: 7.8863
2026-05-28 05:09:51,295 - mmdet - INFO - Epoch [14][1450/1652]	lr: 8.000e-03, eta: 3:18:06, time: 0.324, data_time: 0.024, memory: 9507, vote_loss: 3.4065, objectness_loss: 0.3561, semantic_loss: 0.3398, center_loss: 0.4829, dir_class_loss: 0.9617, dir_res_loss: 0.6667, size_class_loss: 0.3398, size_res_loss: 0.2930, loss: 6.8464, grad_norm: 7.7549
2026-05-28 05:10:07,498 - mmdet - INFO - Epoch [14][1500/1652]	lr: 8.000e-03, eta: 3:17:50, time: 0.324, data_time: 0.024, memory: 9507, vote_loss: 3.3159, objectness_loss: 0.3390, semantic_loss: 0.3183, center_loss: 0.4602, dir_class_loss: 0.9120, dir_res_loss: 0.6366, size_class_loss: 0.3183, size_res_loss: 0.2707, loss: 6.5710, grad_norm: 7.9026
2026-05-28 05:10:23,881 - mmdet - INFO - Epoch [14][1550/1652]	lr: 8.000e-03, eta: 3:17:34, time: 0.328, data_time: 0.028, memory: 9507, vote_loss: 3.4738, objectness_loss: 0.3521, semantic_loss: 0.3036, center_loss: 0.4911, dir_class_loss: 1.0018, dir_res_loss: 0.7481, size_class_loss: 0.3036, size_res_loss: 0.3117, loss: 6.9857, grad_norm: 8.3800
2026-05-28 05:10:40,115 - mmdet - INFO - Epoch [14][1600/1652]	lr: 8.000e-03, eta: 3:17:18, time: 0.325, data_time: 0.025, memory: 9507, vote_loss: 3.2257, objectness_loss: 0.3490, semantic_loss: 0.3410, center_loss: 0.4964, dir_class_loss: 1.0652, dir_res_loss: 0.6868, size_class_loss: 0.3410, size_res_loss: 0.2883, loss: 6.7935, grad_norm: 8.3327
2026-05-28 05:10:56,397 - mmdet - INFO - Epoch [14][1650/1652]	lr: 8.000e-03, eta: 3:17:01, time: 0.326, data_time: 0.025, memory: 9507, vote_loss: 3.3467, objectness_loss: 0.3478, semantic_loss: 0.3117, center_loss: 0.4640, dir_class_loss: 0.9190, dir_res_loss: 0.6438, size_class_loss: 0.3117, size_res_loss: 0.3179, loss: 6.6625, grad_norm: 7.8999
2026-05-28 05:10:57,101 - mmdet - INFO - Saving checkpoint at 14 epochs
2026-05-28 05:11:16,375 - mmdet - INFO - Epoch [15][50/1652]	lr: 8.000e-03, eta: 3:16:48, time: 0.380, data_time: 0.079, memory: 9507, vote_loss: 3.2373, objectness_loss: 0.3201, semantic_loss: 0.3456, center_loss: 0.4838, dir_class_loss: 0.8893, dir_res_loss: 0.6655, size_class_loss: 0.3456, size_res_loss: 0.2721, loss: 6.5592, grad_norm: 8.1017
2026-05-28 05:11:32,597 - mmdet - INFO - Epoch [15][100/1652]	lr: 8.000e-03, eta: 3:16:31, time: 0.324, data_time: 0.025, memory: 9507, vote_loss: 3.3264, objectness_loss: 0.3575, semantic_loss: 0.4054, center_loss: 0.4703, dir_class_loss: 0.9490, dir_res_loss: 0.7390, size_class_loss: 0.4054, size_res_loss: 0.2804, loss: 6.9335, grad_norm: 9.0564
2026-05-28 05:11:48,818 - mmdet - INFO - Epoch [15][150/1652]	lr: 8.000e-03, eta: 3:16:15, time: 0.324, data_time: 0.025, memory: 9507, vote_loss: 3.2699, objectness_loss: 0.3657, semantic_loss: 0.3244, center_loss: 0.4632, dir_class_loss: 0.9197, dir_res_loss: 0.7306, size_class_loss: 0.3244, size_res_loss: 0.2665, loss: 6.6645, grad_norm: 8.5423
2026-05-28 05:12:05,006 - mmdet - INFO - Epoch [15][200/1652]	lr: 8.000e-03, eta: 3:15:59, time: 0.324, data_time: 0.024, memory: 9507, vote_loss: 3.3021, objectness_loss: 0.3526, semantic_loss: 0.3640, center_loss: 0.4834, dir_class_loss: 0.9544, dir_res_loss: 0.6920, size_class_loss: 0.3640, size_res_loss: 0.3002, loss: 6.8125, grad_norm: 8.6565
2026-05-28 05:12:21,109 - mmdet - INFO - Epoch [15][250/1652]	lr: 8.000e-03, eta: 3:15:42, time: 0.322, data_time: 0.024, memory: 9507, vote_loss: 3.3058, objectness_loss: 0.3319, semantic_loss: 0.3452, center_loss: 0.4537, dir_class_loss: 1.0095, dir_res_loss: 0.6647, size_class_loss: 0.3452, size_res_loss: 0.2760, loss: 6.7321, grad_norm: 8.3716
2026-05-28 05:12:37,352 - mmdet - INFO - Epoch [15][300/1652]	lr: 8.000e-03, eta: 3:15:26, time: 0.325, data_time: 0.024, memory: 9507, vote_loss: 3.3519, objectness_loss: 0.3582, semantic_loss: 0.2996, center_loss: 0.5072, dir_class_loss: 0.9540, dir_res_loss: 0.8006, size_class_loss: 0.2996, size_res_loss: 0.2924, loss: 6.8635, grad_norm: 8.2254
2026-05-28 05:12:53,564 - mmdet - INFO - Epoch [15][350/1652]	lr: 8.000e-03, eta: 3:15:09, time: 0.324, data_time: 0.024, memory: 9507, vote_loss: 3.1825, objectness_loss: 0.3461, semantic_loss: 0.3433, center_loss: 0.4577, dir_class_loss: 0.9667, dir_res_loss: 0.6720, size_class_loss: 0.3433, size_res_loss: 0.2845, loss: 6.5961, grad_norm: 7.9334
2026-05-28 05:13:09,667 - mmdet - INFO - Epoch [15][400/1652]	lr: 8.000e-03, eta: 3:14:53, time: 0.322, data_time: 0.024, memory: 9507, vote_loss: 3.3520, objectness_loss: 0.3203, semantic_loss: 0.3598, center_loss: 0.5028, dir_class_loss: 0.9343, dir_res_loss: 0.6470, size_class_loss: 0.3598, size_res_loss: 0.2947, loss: 6.7706, grad_norm: 8.1327
2026-05-28 05:13:25,854 - mmdet - INFO - Epoch [15][450/1652]	lr: 8.000e-03, eta: 3:14:37, time: 0.324, data_time: 0.024, memory: 9507, vote_loss: 3.3330, objectness_loss: 0.3404, semantic_loss: 0.3354, center_loss: 0.4865, dir_class_loss: 0.9186, dir_res_loss: 0.7503, size_class_loss: 0.3354, size_res_loss: 0.3027, loss: 6.8023, grad_norm: 8.5536
2026-05-28 05:13:42,057 - mmdet - INFO - Epoch [15][500/1652]	lr: 8.000e-03, eta: 3:14:20, time: 0.324, data_time: 0.025, memory: 9507, vote_loss: 3.2488, objectness_loss: 0.3578, semantic_loss: 0.3794, center_loss: 0.5662, dir_class_loss: 1.0124, dir_res_loss: 0.6773, size_class_loss: 0.3795, size_res_loss: 0.2865, loss: 6.9079, grad_norm: 8.4460
2026-05-28 05:13:58,230 - mmdet - INFO - Epoch [15][550/1652]	lr: 8.000e-03, eta: 3:14:04, time: 0.323, data_time: 0.025, memory: 9507, vote_loss: 3.2863, objectness_loss: 0.3709, semantic_loss: 0.3962, center_loss: 0.4875, dir_class_loss: 0.8970, dir_res_loss: 0.7736, size_class_loss: 0.3962, size_res_loss: 0.2903, loss: 6.8981, grad_norm: 8.3600
2026-05-28 05:14:14,443 - mmdet - INFO - Epoch [15][600/1652]	lr: 8.000e-03, eta: 3:13:47, time: 0.324, data_time: 0.025, memory: 9507, vote_loss: 3.2256, objectness_loss: 0.3578, semantic_loss: 0.3675, center_loss: 0.4743, dir_class_loss: 0.8849, dir_res_loss: 0.6792, size_class_loss: 0.3675, size_res_loss: 0.3198, loss: 6.6767, grad_norm: 8.1980
2026-05-28 05:14:30,623 - mmdet - INFO - Epoch [15][650/1652]	lr: 8.000e-03, eta: 3:13:31, time: 0.324, data_time: 0.025, memory: 9507, vote_loss: 3.2600, objectness_loss: 0.3522, semantic_loss: 0.3794, center_loss: 0.4683, dir_class_loss: 0.9813, dir_res_loss: 0.7004, size_class_loss: 0.3794, size_res_loss: 0.3002, loss: 6.8211, grad_norm: 8.4668
2026-05-28 05:14:46,901 - mmdet - INFO - Epoch [15][700/1652]	lr: 8.000e-03, eta: 3:13:15, time: 0.326, data_time: 0.025, memory: 9507, vote_loss: 3.3708, objectness_loss: 0.3607, semantic_loss: 0.3767, center_loss: 0.4645, dir_class_loss: 0.8903, dir_res_loss: 0.7382, size_class_loss: 0.3767, size_res_loss: 0.2686, loss: 6.8464, grad_norm: 8.3821
2026-05-28 05:15:03,131 - mmdet - INFO - Epoch [15][750/1652]	lr: 8.000e-03, eta: 3:12:58, time: 0.325, data_time: 0.025, memory: 9507, vote_loss: 3.3520, objectness_loss: 0.3633, semantic_loss: 0.3481, center_loss: 0.4429, dir_class_loss: 0.9892, dir_res_loss: 0.7260, size_class_loss: 0.3481, size_res_loss: 0.2960, loss: 6.8656, grad_norm: 7.3595
2026-05-28 05:15:19,344 - mmdet - INFO - Epoch [15][800/1652]	lr: 8.000e-03, eta: 3:12:42, time: 0.324, data_time: 0.025, memory: 9507, vote_loss: 3.3937, objectness_loss: 0.3343, semantic_loss: 0.3383, center_loss: 0.4643, dir_class_loss: 0.9251, dir_res_loss: 0.7281, size_class_loss: 0.3383, size_res_loss: 0.2782, loss: 6.8004, grad_norm: 7.9721
2026-05-28 05:15:35,491 - mmdet - INFO - Epoch [15][850/1652]	lr: 8.000e-03, eta: 3:12:26, time: 0.323, data_time: 0.025, memory: 9507, vote_loss: 3.4130, objectness_loss: 0.3152, semantic_loss: 0.3115, center_loss: 0.4860, dir_class_loss: 0.9249, dir_res_loss: 0.6732, size_class_loss: 0.3115, size_res_loss: 0.2867, loss: 6.7220, grad_norm: 8.2528
2026-05-28 05:15:51,636 - mmdet - INFO - Epoch [15][900/1652]	lr: 8.000e-03, eta: 3:12:09, time: 0.323, data_time: 0.024, memory: 9507, vote_loss: 3.2717, objectness_loss: 0.3724, semantic_loss: 0.3886, center_loss: 0.4753, dir_class_loss: 0.9119, dir_res_loss: 0.6698, size_class_loss: 0.3886, size_res_loss: 0.2820, loss: 6.7602, grad_norm: 7.9824
2026-05-28 05:16:07,779 - mmdet - INFO - Epoch [15][950/1652]	lr: 8.000e-03, eta: 3:11:53, time: 0.323, data_time: 0.024, memory: 9507, vote_loss: 3.2174, objectness_loss: 0.3393, semantic_loss: 0.3791, center_loss: 0.5493, dir_class_loss: 0.9348, dir_res_loss: 0.6667, size_class_loss: 0.3791, size_res_loss: 0.3108, loss: 6.7765, grad_norm: 8.8669
2026-05-28 05:16:23,960 - mmdet - INFO - Epoch [15][1000/1652]	lr: 8.000e-03, eta: 3:11:36, time: 0.324, data_time: 0.024, memory: 9507, vote_loss: 3.3798, objectness_loss: 0.3180, semantic_loss: 0.3729, center_loss: 0.4954, dir_class_loss: 0.8835, dir_res_loss: 0.6766, size_class_loss: 0.3729, size_res_loss: 0.3082, loss: 6.8072, grad_norm: 8.7476
2026-05-28 05:16:40,113 - mmdet - INFO - Epoch [15][1050/1652]	lr: 8.000e-03, eta: 3:11:20, time: 0.323, data_time: 0.025, memory: 9507, vote_loss: 3.4481, objectness_loss: 0.3359, semantic_loss: 0.3521, center_loss: 0.4948, dir_class_loss: 1.0220, dir_res_loss: 0.6898, size_class_loss: 0.3521, size_res_loss: 0.3073, loss: 7.0021, grad_norm: 9.3351
2026-05-28 05:16:56,206 - mmdet - INFO - Epoch [15][1100/1652]	lr: 8.000e-03, eta: 3:11:03, time: 0.322, data_time: 0.024, memory: 9507, vote_loss: 3.5815, objectness_loss: 0.3500, semantic_loss: 0.3463, center_loss: 0.5637, dir_class_loss: 0.9416, dir_res_loss: 0.7265, size_class_loss: 0.3463, size_res_loss: 0.2801, loss: 7.1361, grad_norm: 8.4898
2026-05-28 05:17:12,326 - mmdet - INFO - Epoch [15][1150/1652]	lr: 8.000e-03, eta: 3:10:47, time: 0.322, data_time: 0.024, memory: 9507, vote_loss: 3.4121, objectness_loss: 0.3520, semantic_loss: 0.3178, center_loss: 0.4554, dir_class_loss: 0.8922, dir_res_loss: 0.7459, size_class_loss: 0.3178, size_res_loss: 0.3030, loss: 6.7963, grad_norm: 8.6981
2026-05-28 05:17:28,595 - mmdet - INFO - Epoch [15][1200/1652]	lr: 8.000e-03, eta: 3:10:31, time: 0.325, data_time: 0.025, memory: 9507, vote_loss: 3.3989, objectness_loss: 0.3277, semantic_loss: 0.3662, center_loss: 0.4937, dir_class_loss: 0.9695, dir_res_loss: 0.7781, size_class_loss: 0.3662, size_res_loss: 0.2647, loss: 6.9650, grad_norm: 7.3134
2026-05-28 05:17:44,760 - mmdet - INFO - Epoch [15][1250/1652]	lr: 8.000e-03, eta: 3:10:14, time: 0.323, data_time: 0.024, memory: 9507, vote_loss: 3.5288, objectness_loss: 0.3401, semantic_loss: 0.3445, center_loss: 0.5764, dir_class_loss: 0.9360, dir_res_loss: 0.6469, size_class_loss: 0.3445, size_res_loss: 0.3062, loss: 7.0235, grad_norm: 8.7629
2026-05-28 05:18:00,982 - mmdet - INFO - Epoch [15][1300/1652]	lr: 8.000e-03, eta: 3:09:58, time: 0.324, data_time: 0.024, memory: 9507, vote_loss: 3.1908, objectness_loss: 0.3324, semantic_loss: 0.3088, center_loss: 0.4533, dir_class_loss: 0.9552, dir_res_loss: 0.6732, size_class_loss: 0.3088, size_res_loss: 0.3081, loss: 6.5307, grad_norm: 8.1075
2026-05-28 05:18:17,214 - mmdet - INFO - Epoch [15][1350/1652]	lr: 8.000e-03, eta: 3:09:42, time: 0.325, data_time: 0.024, memory: 9507, vote_loss: 3.2462, objectness_loss: 0.3581, semantic_loss: 0.3535, center_loss: 0.4489, dir_class_loss: 0.9291, dir_res_loss: 0.6681, size_class_loss: 0.3535, size_res_loss: 0.2912, loss: 6.6484, grad_norm: 8.6074
2026-05-28 05:18:33,358 - mmdet - INFO - Epoch [15][1400/1652]	lr: 8.000e-03, eta: 3:09:25, time: 0.323, data_time: 0.024, memory: 9507, vote_loss: 3.4206, objectness_loss: 0.3306, semantic_loss: 0.3503, center_loss: 0.4495, dir_class_loss: 1.0085, dir_res_loss: 0.6345, size_class_loss: 0.3503, size_res_loss: 0.2667, loss: 6.8109, grad_norm: 8.5770
2026-05-28 05:18:49,460 - mmdet - INFO - Epoch [15][1450/1652]	lr: 8.000e-03, eta: 3:09:09, time: 0.322, data_time: 0.024, memory: 9507, vote_loss: 3.3840, objectness_loss: 0.3237, semantic_loss: 0.3593, center_loss: 0.5206, dir_class_loss: 0.9140, dir_res_loss: 0.6675, size_class_loss: 0.3593, size_res_loss: 0.3072, loss: 6.8357, grad_norm: 8.8795
2026-05-28 05:19:05,630 - mmdet - INFO - Epoch [15][1500/1652]	lr: 8.000e-03, eta: 3:08:52, time: 0.323, data_time: 0.025, memory: 9507, vote_loss: 3.2913, objectness_loss: 0.3363, semantic_loss: 0.4129, center_loss: 0.4659, dir_class_loss: 0.9727, dir_res_loss: 0.7003, size_class_loss: 0.4129, size_res_loss: 0.2645, loss: 6.8568, grad_norm: 8.9836
2026-05-28 05:19:21,806 - mmdet - INFO - Epoch [15][1550/1652]	lr: 8.000e-03, eta: 3:08:36, time: 0.324, data_time: 0.025, memory: 9507, vote_loss: 3.3425, objectness_loss: 0.3540, semantic_loss: 0.3648, center_loss: 0.4822, dir_class_loss: 0.9997, dir_res_loss: 0.8213, size_class_loss: 0.3648, size_res_loss: 0.2740, loss: 7.0033, grad_norm: 8.2528
2026-05-28 05:19:37,938 - mmdet - INFO - Epoch [15][1600/1652]	lr: 8.000e-03, eta: 3:08:20, time: 0.323, data_time: 0.024, memory: 9507, vote_loss: 3.3315, objectness_loss: 0.3190, semantic_loss: 0.3418, center_loss: 0.4659, dir_class_loss: 0.9838, dir_res_loss: 0.6607, size_class_loss: 0.3418, size_res_loss: 0.2900, loss: 6.7344, grad_norm: 8.1940
2026-05-28 05:19:54,020 - mmdet - INFO - Epoch [15][1650/1652]	lr: 8.000e-03, eta: 3:08:03, time: 0.322, data_time: 0.023, memory: 9507, vote_loss: 3.4340, objectness_loss: 0.4002, semantic_loss: 0.3679, center_loss: 0.5489, dir_class_loss: 0.9605, dir_res_loss: 0.6661, size_class_loss: 0.3678, size_res_loss: 0.3032, loss: 7.0486, grad_norm: 8.2215
2026-05-28 05:19:54,735 - mmdet - INFO - Saving checkpoint at 15 epochs
2026-05-28 05:20:13,911 - mmdet - INFO - Epoch [16][50/1652]	lr: 8.000e-03, eta: 3:07:49, time: 0.378, data_time: 0.078, memory: 9507, vote_loss: 3.2521, objectness_loss: 0.3391, semantic_loss: 0.3348, center_loss: 0.4616, dir_class_loss: 0.9043, dir_res_loss: 0.6561, size_class_loss: 0.3348, size_res_loss: 0.2804, loss: 6.5631, grad_norm: 8.3401
2026-05-28 05:20:30,099 - mmdet - INFO - Epoch [16][100/1652]	lr: 8.000e-03, eta: 3:07:33, time: 0.324, data_time: 0.024, memory: 9507, vote_loss: 3.3528, objectness_loss: 0.3161, semantic_loss: 0.3893, center_loss: 0.4660, dir_class_loss: 0.9460, dir_res_loss: 0.7239, size_class_loss: 0.3892, size_res_loss: 0.2554, loss: 6.8387, grad_norm: 8.7374
2026-05-28 05:20:46,400 - mmdet - INFO - Epoch [16][150/1652]	lr: 8.000e-03, eta: 3:07:16, time: 0.326, data_time: 0.024, memory: 9507, vote_loss: 3.2635, objectness_loss: 0.3269, semantic_loss: 0.3170, center_loss: 0.4549, dir_class_loss: 0.9650, dir_res_loss: 0.6904, size_class_loss: 0.3170, size_res_loss: 0.2987, loss: 6.6333, grad_norm: 7.9636
2026-05-28 05:21:02,703 - mmdet - INFO - Epoch [16][200/1652]	lr: 8.000e-03, eta: 3:07:00, time: 0.326, data_time: 0.024, memory: 9507, vote_loss: 3.1979, objectness_loss: 0.3442, semantic_loss: 0.3326, center_loss: 0.4996, dir_class_loss: 0.8197, dir_res_loss: 0.6470, size_class_loss: 0.3326, size_res_loss: 0.2728, loss: 6.4464, grad_norm: 8.4997
2026-05-28 05:21:18,831 - mmdet - INFO - Epoch [16][250/1652]	lr: 8.000e-03, eta: 3:06:44, time: 0.323, data_time: 0.023, memory: 9507, vote_loss: 3.3330, objectness_loss: 0.3485, semantic_loss: 0.3329, center_loss: 0.4791, dir_class_loss: 0.8999, dir_res_loss: 0.6118, size_class_loss: 0.3329, size_res_loss: 0.2898, loss: 6.6277, grad_norm: 8.1210
2026-05-28 05:21:35,039 - mmdet - INFO - Epoch [16][300/1652]	lr: 8.000e-03, eta: 3:06:27, time: 0.324, data_time: 0.024, memory: 9507, vote_loss: 3.3925, objectness_loss: 0.3460, semantic_loss: 0.3148, center_loss: 0.5454, dir_class_loss: 0.9271, dir_res_loss: 0.7660, size_class_loss: 0.3148, size_res_loss: 0.2830, loss: 6.8896, grad_norm: 9.2179
2026-05-28 05:21:51,219 - mmdet - INFO - Epoch [16][350/1652]	lr: 8.000e-03, eta: 3:06:11, time: 0.324, data_time: 0.024, memory: 9507, vote_loss: 3.3426, objectness_loss: 0.3256, semantic_loss: 0.3199, center_loss: 0.4403, dir_class_loss: 0.9040, dir_res_loss: 0.7559, size_class_loss: 0.3199, size_res_loss: 0.2792, loss: 6.6873, grad_norm: 8.1781
2026-05-28 05:22:07,441 - mmdet - INFO - Epoch [16][400/1652]	lr: 8.000e-03, eta: 3:05:55, time: 0.324, data_time: 0.025, memory: 9507, vote_loss: 3.4196, objectness_loss: 0.3349, semantic_loss: 0.3610, center_loss: 0.4725, dir_class_loss: 0.9430, dir_res_loss: 0.7272, size_class_loss: 0.3610, size_res_loss: 0.2978, loss: 6.9169, grad_norm: 7.9416
2026-05-28 05:22:23,619 - mmdet - INFO - Epoch [16][450/1652]	lr: 8.000e-03, eta: 3:05:38, time: 0.324, data_time: 0.024, memory: 9507, vote_loss: 3.2364, objectness_loss: 0.3375, semantic_loss: 0.3705, center_loss: 0.4624, dir_class_loss: 0.9290, dir_res_loss: 0.6585, size_class_loss: 0.3705, size_res_loss: 0.2904, loss: 6.6551, grad_norm: 8.4684
2026-05-28 05:22:39,817 - mmdet - INFO - Epoch [16][500/1652]	lr: 8.000e-03, eta: 3:05:22, time: 0.324, data_time: 0.024, memory: 9507, vote_loss: 3.4495, objectness_loss: 0.3292, semantic_loss: 0.3810, center_loss: 0.4740, dir_class_loss: 0.9770, dir_res_loss: 0.7094, size_class_loss: 0.3810, size_res_loss: 0.3412, loss: 7.0423, grad_norm: 8.1931
2026-05-28 05:22:56,009 - mmdet - INFO - Epoch [16][550/1652]	lr: 8.000e-03, eta: 3:05:06, time: 0.324, data_time: 0.024, memory: 9507, vote_loss: 3.2406, objectness_loss: 0.3181, semantic_loss: 0.3453, center_loss: 0.4906, dir_class_loss: 0.9780, dir_res_loss: 0.6342, size_class_loss: 0.3453, size_res_loss: 0.2736, loss: 6.6258, grad_norm: 8.0640
2026-05-28 05:23:12,160 - mmdet - INFO - Epoch [16][600/1652]	lr: 8.000e-03, eta: 3:04:49, time: 0.323, data_time: 0.023, memory: 9507, vote_loss: 3.1923, objectness_loss: 0.3373, semantic_loss: 0.3125, center_loss: 0.4378, dir_class_loss: 0.8628, dir_res_loss: 0.7025, size_class_loss: 0.3125, size_res_loss: 0.2803, loss: 6.4380, grad_norm: 8.5213
2026-05-28 05:23:28,357 - mmdet - INFO - Epoch [16][650/1652]	lr: 8.000e-03, eta: 3:04:33, time: 0.324, data_time: 0.025, memory: 9507, vote_loss: 3.3782, objectness_loss: 0.3497, semantic_loss: 0.3652, center_loss: 0.5073, dir_class_loss: 0.9223, dir_res_loss: 0.7968, size_class_loss: 0.3652, size_res_loss: 0.2773, loss: 6.9620, grad_norm: 8.7289
2026-05-28 05:23:44,649 - mmdet - INFO - Epoch [16][700/1652]	lr: 8.000e-03, eta: 3:04:17, time: 0.326, data_time: 0.025, memory: 9507, vote_loss: 3.3129, objectness_loss: 0.3473, semantic_loss: 0.3448, center_loss: 0.4776, dir_class_loss: 0.9683, dir_res_loss: 0.7488, size_class_loss: 0.3448, size_res_loss: 0.2763, loss: 6.8209, grad_norm: 8.1743
2026-05-28 05:24:00,873 - mmdet - INFO - Epoch [16][750/1652]	lr: 8.000e-03, eta: 3:04:00, time: 0.324, data_time: 0.025, memory: 9507, vote_loss: 3.3518, objectness_loss: 0.3271, semantic_loss: 0.3101, center_loss: 0.5125, dir_class_loss: 0.8708, dir_res_loss: 0.6496, size_class_loss: 0.3101, size_res_loss: 0.2741, loss: 6.6061, grad_norm: 8.6947
2026-05-28 05:24:17,017 - mmdet - INFO - Epoch [16][800/1652]	lr: 8.000e-03, eta: 3:03:44, time: 0.323, data_time: 0.024, memory: 9507, vote_loss: 3.4207, objectness_loss: 0.3190, semantic_loss: 0.3258, center_loss: 0.4818, dir_class_loss: 0.9864, dir_res_loss: 0.7712, size_class_loss: 0.3258, size_res_loss: 0.3383, loss: 6.9691, grad_norm: 8.4269
2026-05-28 05:24:33,157 - mmdet - INFO - Epoch [16][850/1652]	lr: 8.000e-03, eta: 3:03:27, time: 0.323, data_time: 0.023, memory: 9507, vote_loss: 3.2242, objectness_loss: 0.3382, semantic_loss: 0.3034, center_loss: 0.4696, dir_class_loss: 0.9293, dir_res_loss: 0.6129, size_class_loss: 0.3034, size_res_loss: 0.2730, loss: 6.4542, grad_norm: 8.6627
2026-05-28 05:24:49,323 - mmdet - INFO - Epoch [16][900/1652]	lr: 8.000e-03, eta: 3:03:11, time: 0.323, data_time: 0.024, memory: 9507, vote_loss: 3.1596, objectness_loss: 0.3354, semantic_loss: 0.3487, center_loss: 0.4966, dir_class_loss: 0.9117, dir_res_loss: 0.7147, size_class_loss: 0.3487, size_res_loss: 0.2714, loss: 6.5868, grad_norm: 8.6122
2026-05-28 05:25:05,590 - mmdet - INFO - Epoch [16][950/1652]	lr: 8.000e-03, eta: 3:02:55, time: 0.325, data_time: 0.025, memory: 9507, vote_loss: 3.3365, objectness_loss: 0.3229, semantic_loss: 0.3375, center_loss: 0.4702, dir_class_loss: 0.9395, dir_res_loss: 0.6691, size_class_loss: 0.3375, size_res_loss: 0.2861, loss: 6.6993, grad_norm: 8.1643
2026-05-28 05:25:21,877 - mmdet - INFO - Epoch [16][1000/1652]	lr: 8.000e-03, eta: 3:02:38, time: 0.326, data_time: 0.024, memory: 9507, vote_loss: 3.3067, objectness_loss: 0.3420, semantic_loss: 0.3658, center_loss: 0.4676, dir_class_loss: 0.9423, dir_res_loss: 0.6502, size_class_loss: 0.3658, size_res_loss: 0.2964, loss: 6.7368, grad_norm: 7.8244
2026-05-28 05:25:38,112 - mmdet - INFO - Epoch [16][1050/1652]	lr: 8.000e-03, eta: 3:02:22, time: 0.325, data_time: 0.024, memory: 9507, vote_loss: 3.2787, objectness_loss: 0.3442, semantic_loss: 0.3631, center_loss: 0.5123, dir_class_loss: 0.9495, dir_res_loss: 0.6701, size_class_loss: 0.3631, size_res_loss: 0.2731, loss: 6.7541, grad_norm: 8.4545
2026-05-28 05:25:54,450 - mmdet - INFO - Epoch [16][1100/1652]	lr: 8.000e-03, eta: 3:02:06, time: 0.327, data_time: 0.024, memory: 9507, vote_loss: 3.2540, objectness_loss: 0.3319, semantic_loss: 0.3324, center_loss: 0.4563, dir_class_loss: 0.8811, dir_res_loss: 0.6872, size_class_loss: 0.3324, size_res_loss: 0.2751, loss: 6.5504, grad_norm: 8.4611
2026-05-28 05:26:10,746 - mmdet - INFO - Epoch [16][1150/1652]	lr: 8.000e-03, eta: 3:01:50, time: 0.326, data_time: 0.025, memory: 9507, vote_loss: 3.2531, objectness_loss: 0.3425, semantic_loss: 0.3776, center_loss: 0.4810, dir_class_loss: 0.9106, dir_res_loss: 0.6878, size_class_loss: 0.3776, size_res_loss: 0.3047, loss: 6.7349, grad_norm: 7.9595
2026-05-28 05:26:27,054 - mmdet - INFO - Epoch [16][1200/1652]	lr: 8.000e-03, eta: 3:01:34, time: 0.326, data_time: 0.025, memory: 9507, vote_loss: 3.0179, objectness_loss: 0.3290, semantic_loss: 0.3031, center_loss: 0.4896, dir_class_loss: 0.9013, dir_res_loss: 0.7287, size_class_loss: 0.3031, size_res_loss: 0.2556, loss: 6.3283, grad_norm: 8.2911
2026-05-28 05:26:43,405 - mmdet - INFO - Epoch [16][1250/1652]	lr: 8.000e-03, eta: 3:01:17, time: 0.327, data_time: 0.025, memory: 9507, vote_loss: 3.4023, objectness_loss: 0.3082, semantic_loss: 0.3658, center_loss: 0.5169, dir_class_loss: 0.9623, dir_res_loss: 0.6119, size_class_loss: 0.3658, size_res_loss: 0.3356, loss: 6.8689, grad_norm: 8.7250
2026-05-28 05:26:59,712 - mmdet - INFO - Epoch [16][1300/1652]	lr: 8.000e-03, eta: 3:01:01, time: 0.326, data_time: 0.025, memory: 9507, vote_loss: 3.2054, objectness_loss: 0.3616, semantic_loss: 0.3655, center_loss: 0.4615, dir_class_loss: 0.8532, dir_res_loss: 0.5648, size_class_loss: 0.3655, size_res_loss: 0.3008, loss: 6.4783, grad_norm: 8.3404
2026-05-28 05:27:15,851 - mmdet - INFO - Epoch [16][1350/1652]	lr: 8.000e-03, eta: 3:00:45, time: 0.323, data_time: 0.024, memory: 9507, vote_loss: 3.2769, objectness_loss: 0.3253, semantic_loss: 0.3723, center_loss: 0.4822, dir_class_loss: 0.9740, dir_res_loss: 0.6748, size_class_loss: 0.3723, size_res_loss: 0.2884, loss: 6.7662, grad_norm: 8.5479
2026-05-28 05:27:32,058 - mmdet - INFO - Epoch [16][1400/1652]	lr: 8.000e-03, eta: 3:00:28, time: 0.324, data_time: 0.024, memory: 9507, vote_loss: 3.3273, objectness_loss: 0.3432, semantic_loss: 0.3779, center_loss: 0.5159, dir_class_loss: 0.9253, dir_res_loss: 0.6525, size_class_loss: 0.3779, size_res_loss: 0.2770, loss: 6.7970, grad_norm: 9.1990
2026-05-28 05:27:48,357 - mmdet - INFO - Epoch [16][1450/1652]	lr: 8.000e-03, eta: 3:00:12, time: 0.326, data_time: 0.026, memory: 9507, vote_loss: 3.2533, objectness_loss: 0.3442, semantic_loss: 0.3321, center_loss: 0.4610, dir_class_loss: 0.9531, dir_res_loss: 0.7021, size_class_loss: 0.3321, size_res_loss: 0.3081, loss: 6.6859, grad_norm: 8.4441
2026-05-28 05:28:04,545 - mmdet - INFO - Epoch [16][1500/1652]	lr: 8.000e-03, eta: 2:59:56, time: 0.324, data_time: 0.025, memory: 9507, vote_loss: 3.3282, objectness_loss: 0.3624, semantic_loss: 0.3496, center_loss: 0.4714, dir_class_loss: 0.8914, dir_res_loss: 0.6436, size_class_loss: 0.3496, size_res_loss: 0.2828, loss: 6.6789, grad_norm: 8.6165
2026-05-28 05:28:20,767 - mmdet - INFO - Epoch [16][1550/1652]	lr: 8.000e-03, eta: 2:59:40, time: 0.324, data_time: 0.025, memory: 9507, vote_loss: 3.3476, objectness_loss: 0.3225, semantic_loss: 0.3380, center_loss: 0.4601, dir_class_loss: 0.9317, dir_res_loss: 0.6551, size_class_loss: 0.3380, size_res_loss: 0.2857, loss: 6.6785, grad_norm: 8.6643
2026-05-28 05:28:36,955 - mmdet - INFO - Epoch [16][1600/1652]	lr: 8.000e-03, eta: 2:59:23, time: 0.324, data_time: 0.024, memory: 9507, vote_loss: 3.3881, objectness_loss: 0.3123, semantic_loss: 0.3470, center_loss: 0.4879, dir_class_loss: 0.9914, dir_res_loss: 0.6674, size_class_loss: 0.3470, size_res_loss: 0.3036, loss: 6.8447, grad_norm: 8.5361
2026-05-28 05:28:53,141 - mmdet - INFO - Epoch [16][1650/1652]	lr: 8.000e-03, eta: 2:59:07, time: 0.324, data_time: 0.025, memory: 9507, vote_loss: 3.2523, objectness_loss: 0.3637, semantic_loss: 0.3017, center_loss: 0.4830, dir_class_loss: 0.9459, dir_res_loss: 0.7682, size_class_loss: 0.3017, size_res_loss: 0.3111, loss: 6.7276, grad_norm: 8.8330
2026-05-28 05:28:53,852 - mmdet - INFO - Saving checkpoint at 16 epochs
2026-05-28 05:29:12,888 - mmdet - INFO - Epoch [17][50/1652]	lr: 8.000e-03, eta: 2:58:52, time: 0.374, data_time: 0.074, memory: 9507, vote_loss: 3.1873, objectness_loss: 0.3268, semantic_loss: 0.3094, center_loss: 0.4734, dir_class_loss: 0.9292, dir_res_loss: 0.7999, size_class_loss: 0.3094, size_res_loss: 0.2802, loss: 6.6155, grad_norm: 8.1101
2026-05-28 05:29:29,176 - mmdet - INFO - Epoch [17][100/1652]	lr: 8.000e-03, eta: 2:58:36, time: 0.326, data_time: 0.026, memory: 9507, vote_loss: 3.3344, objectness_loss: 0.3595, semantic_loss: 0.4278, center_loss: 0.5018, dir_class_loss: 0.8972, dir_res_loss: 0.6922, size_class_loss: 0.4278, size_res_loss: 0.3467, loss: 6.9874, grad_norm: 8.9595
2026-05-28 05:29:45,539 - mmdet - INFO - Epoch [17][150/1652]	lr: 8.000e-03, eta: 2:58:20, time: 0.327, data_time: 0.028, memory: 9507, vote_loss: 3.3011, objectness_loss: 0.3493, semantic_loss: 0.2997, center_loss: 0.4638, dir_class_loss: 0.8754, dir_res_loss: 0.6460, size_class_loss: 0.2997, size_res_loss: 0.2845, loss: 6.5194, grad_norm: 8.2130
2026-05-28 05:30:01,741 - mmdet - INFO - Epoch [17][200/1652]	lr: 8.000e-03, eta: 2:58:03, time: 0.324, data_time: 0.024, memory: 9507, vote_loss: 3.3436, objectness_loss: 0.3405, semantic_loss: 0.3512, center_loss: 0.4909, dir_class_loss: 0.9794, dir_res_loss: 0.7114, size_class_loss: 0.3512, size_res_loss: 0.3284, loss: 6.8966, grad_norm: 8.5122
2026-05-28 05:30:17,909 - mmdet - INFO - Epoch [17][250/1652]	lr: 8.000e-03, eta: 2:57:47, time: 0.323, data_time: 0.024, memory: 9507, vote_loss: 3.2167, objectness_loss: 0.3235, semantic_loss: 0.3042, center_loss: 0.5027, dir_class_loss: 0.9434, dir_res_loss: 0.6533, size_class_loss: 0.3041, size_res_loss: 0.2580, loss: 6.5058, grad_norm: 8.8074
2026-05-28 05:30:34,002 - mmdet - INFO - Epoch [17][300/1652]	lr: 8.000e-03, eta: 2:57:31, time: 0.322, data_time: 0.024, memory: 9507, vote_loss: 3.2530, objectness_loss: 0.3209, semantic_loss: 0.3475, center_loss: 0.4478, dir_class_loss: 0.8819, dir_res_loss: 0.6682, size_class_loss: 0.3475, size_res_loss: 0.3092, loss: 6.5761, grad_norm: 8.2346
2026-05-28 05:30:50,143 - mmdet - INFO - Epoch [17][350/1652]	lr: 8.000e-03, eta: 2:57:14, time: 0.323, data_time: 0.024, memory: 9507, vote_loss: 3.3432, objectness_loss: 0.3241, semantic_loss: 0.3530, center_loss: 0.4733, dir_class_loss: 0.9810, dir_res_loss: 0.6976, size_class_loss: 0.3530, size_res_loss: 0.2723, loss: 6.7975, grad_norm: 7.6766
2026-05-28 05:31:06,348 - mmdet - INFO - Epoch [17][400/1652]	lr: 8.000e-03, eta: 2:56:58, time: 0.324, data_time: 0.025, memory: 9507, vote_loss: 3.2297, objectness_loss: 0.3363, semantic_loss: 0.3267, center_loss: 0.5262, dir_class_loss: 0.9580, dir_res_loss: 0.7964, size_class_loss: 0.3267, size_res_loss: 0.2974, loss: 6.7974, grad_norm: 8.7130
2026-05-28 05:31:22,466 - mmdet - INFO - Epoch [17][450/1652]	lr: 8.000e-03, eta: 2:56:41, time: 0.322, data_time: 0.024, memory: 9507, vote_loss: 3.2004, objectness_loss: 0.3390, semantic_loss: 0.3333, center_loss: 0.4289, dir_class_loss: 0.9323, dir_res_loss: 0.6319, size_class_loss: 0.3333, size_res_loss: 0.2669, loss: 6.4660, grad_norm: 7.4562
2026-05-28 05:31:38,644 - mmdet - INFO - Epoch [17][500/1652]	lr: 8.000e-03, eta: 2:56:25, time: 0.324, data_time: 0.024, memory: 9507, vote_loss: 3.2374, objectness_loss: 0.3268, semantic_loss: 0.3043, center_loss: 0.4599, dir_class_loss: 0.9104, dir_res_loss: 0.7089, size_class_loss: 0.3043, size_res_loss: 0.2503, loss: 6.5024, grad_norm: 8.7693
2026-05-28 05:31:54,813 - mmdet - INFO - Epoch [17][550/1652]	lr: 8.000e-03, eta: 2:56:09, time: 0.323, data_time: 0.024, memory: 9507, vote_loss: 3.3331, objectness_loss: 0.3305, semantic_loss: 0.3721, center_loss: 0.5211, dir_class_loss: 0.9134, dir_res_loss: 0.6322, size_class_loss: 0.3721, size_res_loss: 0.2754, loss: 6.7499, grad_norm: 8.7662
2026-05-28 05:32:10,881 - mmdet - INFO - Epoch [17][600/1652]	lr: 8.000e-03, eta: 2:55:52, time: 0.321, data_time: 0.024, memory: 9507, vote_loss: 3.3442, objectness_loss: 0.2962, semantic_loss: 0.3285, center_loss: 0.4844, dir_class_loss: 0.8843, dir_res_loss: 0.6536, size_class_loss: 0.3285, size_res_loss: 0.2933, loss: 6.6131, grad_norm: 8.5744
2026-05-28 05:32:26,967 - mmdet - INFO - Epoch [17][650/1652]	lr: 8.000e-03, eta: 2:55:36, time: 0.322, data_time: 0.024, memory: 9507, vote_loss: 3.1429, objectness_loss: 0.3380, semantic_loss: 0.3248, center_loss: 0.4916, dir_class_loss: 0.9552, dir_res_loss: 0.7608, size_class_loss: 0.3248, size_res_loss: 0.2722, loss: 6.6104, grad_norm: 8.4735
2026-05-28 05:32:43,117 - mmdet - INFO - Epoch [17][700/1652]	lr: 8.000e-03, eta: 2:55:19, time: 0.323, data_time: 0.025, memory: 9507, vote_loss: 3.3824, objectness_loss: 0.3323, semantic_loss: 0.3575, center_loss: 0.4799, dir_class_loss: 0.9049, dir_res_loss: 0.6825, size_class_loss: 0.3575, size_res_loss: 0.2882, loss: 6.7852, grad_norm: 7.7718
2026-05-28 05:32:59,229 - mmdet - INFO - Epoch [17][750/1652]	lr: 8.000e-03, eta: 2:55:03, time: 0.322, data_time: 0.024, memory: 9507, vote_loss: 3.4454, objectness_loss: 0.3112, semantic_loss: 0.3703, center_loss: 0.5159, dir_class_loss: 0.9895, dir_res_loss: 0.8024, size_class_loss: 0.3703, size_res_loss: 0.2971, loss: 7.1022, grad_norm: 9.4888
2026-05-28 05:33:15,383 - mmdet - INFO - Epoch [17][800/1652]	lr: 8.000e-03, eta: 2:54:46, time: 0.323, data_time: 0.025, memory: 9507, vote_loss: 3.1481, objectness_loss: 0.3209, semantic_loss: 0.3264, center_loss: 0.4432, dir_class_loss: 1.0057, dir_res_loss: 0.7630, size_class_loss: 0.3264, size_res_loss: 0.2641, loss: 6.5979, grad_norm: 8.4337
2026-05-28 05:33:31,580 - mmdet - INFO - Epoch [17][850/1652]	lr: 8.000e-03, eta: 2:54:30, time: 0.324, data_time: 0.025, memory: 9507, vote_loss: 3.3098, objectness_loss: 0.3581, semantic_loss: 0.3524, center_loss: 0.4486, dir_class_loss: 0.9335, dir_res_loss: 0.6926, size_class_loss: 0.3524, size_res_loss: 0.3073, loss: 6.7546, grad_norm: 7.9602
2026-05-28 05:33:47,808 - mmdet - INFO - Epoch [17][900/1652]	lr: 8.000e-03, eta: 2:54:14, time: 0.325, data_time: 0.025, memory: 9507, vote_loss: 3.4043, objectness_loss: 0.3321, semantic_loss: 0.3801, center_loss: 0.4566, dir_class_loss: 0.8922, dir_res_loss: 0.7261, size_class_loss: 0.3801, size_res_loss: 0.3014, loss: 6.8730, grad_norm: 8.6529
2026-05-28 05:34:03,993 - mmdet - INFO - Epoch [17][950/1652]	lr: 8.000e-03, eta: 2:53:57, time: 0.324, data_time: 0.026, memory: 9507, vote_loss: 3.1778, objectness_loss: 0.3240, semantic_loss: 0.3447, center_loss: 0.4891, dir_class_loss: 0.9594, dir_res_loss: 0.7003, size_class_loss: 0.3447, size_res_loss: 0.2951, loss: 6.6350, grad_norm: 8.5412
2026-05-28 05:34:20,153 - mmdet - INFO - Epoch [17][1000/1652]	lr: 8.000e-03, eta: 2:53:41, time: 0.323, data_time: 0.025, memory: 9507, vote_loss: 3.4946, objectness_loss: 0.3557, semantic_loss: 0.3378, center_loss: 0.5000, dir_class_loss: 0.9838, dir_res_loss: 0.6034, size_class_loss: 0.3378, size_res_loss: 0.2625, loss: 6.8757, grad_norm: 8.6464
2026-05-28 05:34:36,335 - mmdet - INFO - Epoch [17][1050/1652]	lr: 8.000e-03, eta: 2:53:25, time: 0.324, data_time: 0.024, memory: 9507, vote_loss: 3.3365, objectness_loss: 0.3489, semantic_loss: 0.3546, center_loss: 0.4729, dir_class_loss: 0.9207, dir_res_loss: 0.6434, size_class_loss: 0.3546, size_res_loss: 0.2706, loss: 6.7022, grad_norm: 8.2088
2026-05-28 05:34:52,573 - mmdet - INFO - Epoch [17][1100/1652]	lr: 8.000e-03, eta: 2:53:08, time: 0.325, data_time: 0.025, memory: 9507, vote_loss: 3.1829, objectness_loss: 0.3586, semantic_loss: 0.3272, center_loss: 0.4478, dir_class_loss: 0.8516, dir_res_loss: 0.6194, size_class_loss: 0.3272, size_res_loss: 0.2907, loss: 6.4055, grad_norm: 8.2530
2026-05-28 05:35:08,769 - mmdet - INFO - Epoch [17][1150/1652]	lr: 8.000e-03, eta: 2:52:52, time: 0.324, data_time: 0.025, memory: 9507, vote_loss: 3.2073, objectness_loss: 0.3755, semantic_loss: 0.3722, center_loss: 0.4680, dir_class_loss: 0.9593, dir_res_loss: 0.6786, size_class_loss: 0.3721, size_res_loss: 0.2847, loss: 6.7178, grad_norm: 8.3705
2026-05-28 05:35:24,933 - mmdet - INFO - Epoch [17][1200/1652]	lr: 8.000e-03, eta: 2:52:36, time: 0.323, data_time: 0.025, memory: 9507, vote_loss: 3.3817, objectness_loss: 0.3572, semantic_loss: 0.3036, center_loss: 0.5182, dir_class_loss: 0.9206, dir_res_loss: 0.6562, size_class_loss: 0.3036, size_res_loss: 0.2851, loss: 6.7259, grad_norm: 8.4001
2026-05-28 05:35:41,084 - mmdet - INFO - Epoch [17][1250/1652]	lr: 8.000e-03, eta: 2:52:19, time: 0.323, data_time: 0.025, memory: 9507, vote_loss: 3.2073, objectness_loss: 0.3412, semantic_loss: 0.3259, center_loss: 0.4841, dir_class_loss: 0.9879, dir_res_loss: 0.7076, size_class_loss: 0.3259, size_res_loss: 0.2752, loss: 6.6551, grad_norm: 8.3593
2026-05-28 05:35:57,204 - mmdet - INFO - Epoch [17][1300/1652]	lr: 8.000e-03, eta: 2:52:03, time: 0.322, data_time: 0.024, memory: 9507, vote_loss: 3.3588, objectness_loss: 0.3328, semantic_loss: 0.3619, center_loss: 0.4725, dir_class_loss: 0.9271, dir_res_loss: 0.7015, size_class_loss: 0.3619, size_res_loss: 0.2779, loss: 6.7944, grad_norm: 7.7764
2026-05-28 05:36:13,274 - mmdet - INFO - Epoch [17][1350/1652]	lr: 8.000e-03, eta: 2:51:46, time: 0.321, data_time: 0.024, memory: 9507, vote_loss: 3.0812, objectness_loss: 0.3086, semantic_loss: 0.3140, center_loss: 0.4286, dir_class_loss: 0.9261, dir_res_loss: 0.6124, size_class_loss: 0.3140, size_res_loss: 0.2911, loss: 6.2760, grad_norm: 8.3158
2026-05-28 05:36:29,391 - mmdet - INFO - Epoch [17][1400/1652]	lr: 8.000e-03, eta: 2:51:30, time: 0.322, data_time: 0.025, memory: 9507, vote_loss: 3.2144, objectness_loss: 0.3394, semantic_loss: 0.3483, center_loss: 0.4670, dir_class_loss: 0.9005, dir_res_loss: 0.8038, size_class_loss: 0.3483, size_res_loss: 0.2984, loss: 6.7202, grad_norm: 9.0006
2026-05-28 05:36:45,522 - mmdet - INFO - Epoch [17][1450/1652]	lr: 8.000e-03, eta: 2:51:14, time: 0.323, data_time: 0.025, memory: 9507, vote_loss: 3.4289, objectness_loss: 0.3331, semantic_loss: 0.3161, center_loss: 0.4589, dir_class_loss: 0.9297, dir_res_loss: 0.7093, size_class_loss: 0.3161, size_res_loss: 0.3116, loss: 6.8038, grad_norm: 8.0247
2026-05-28 05:37:01,662 - mmdet - INFO - Epoch [17][1500/1652]	lr: 8.000e-03, eta: 2:50:57, time: 0.323, data_time: 0.025, memory: 9507, vote_loss: 3.3706, objectness_loss: 0.3223, semantic_loss: 0.2977, center_loss: 0.5206, dir_class_loss: 0.8645, dir_res_loss: 0.6732, size_class_loss: 0.2977, size_res_loss: 0.2954, loss: 6.6419, grad_norm: 9.5621
2026-05-28 05:37:17,766 - mmdet - INFO - Epoch [17][1550/1652]	lr: 8.000e-03, eta: 2:50:41, time: 0.322, data_time: 0.024, memory: 9507, vote_loss: 3.1110, objectness_loss: 0.3324, semantic_loss: 0.3222, center_loss: 0.4731, dir_class_loss: 0.9211, dir_res_loss: 0.5753, size_class_loss: 0.3222, size_res_loss: 0.2847, loss: 6.3420, grad_norm: 8.5089
2026-05-28 05:37:33,901 - mmdet - INFO - Epoch [17][1600/1652]	lr: 8.000e-03, eta: 2:50:24, time: 0.323, data_time: 0.025, memory: 9507, vote_loss: 3.2706, objectness_loss: 0.3140, semantic_loss: 0.3387, center_loss: 0.4611, dir_class_loss: 0.9683, dir_res_loss: 0.7367, size_class_loss: 0.3386, size_res_loss: 0.2823, loss: 6.7104, grad_norm: 8.1728
2026-05-28 05:37:50,163 - mmdet - INFO - Epoch [17][1650/1652]	lr: 8.000e-03, eta: 2:50:08, time: 0.325, data_time: 0.025, memory: 9507, vote_loss: 3.1443, objectness_loss: 0.3433, semantic_loss: 0.3470, center_loss: 0.4874, dir_class_loss: 0.9105, dir_res_loss: 0.6557, size_class_loss: 0.3470, size_res_loss: 0.2787, loss: 6.5138, grad_norm: 7.9571
2026-05-28 05:37:50,864 - mmdet - INFO - Saving checkpoint at 17 epochs
2026-05-28 05:38:10,081 - mmdet - INFO - Epoch [18][50/1652]	lr: 8.000e-03, eta: 2:49:53, time: 0.378, data_time: 0.077, memory: 9507, vote_loss: 3.1212, objectness_loss: 0.3346, semantic_loss: 0.3430, center_loss: 0.4671, dir_class_loss: 0.9205, dir_res_loss: 0.6820, size_class_loss: 0.3430, size_res_loss: 0.2841, loss: 6.4955, grad_norm: 8.1454
2026-05-28 05:38:26,479 - mmdet - INFO - Epoch [18][100/1652]	lr: 8.000e-03, eta: 2:49:37, time: 0.328, data_time: 0.026, memory: 9507, vote_loss: 3.2892, objectness_loss: 0.3431, semantic_loss: 0.3294, center_loss: 0.4754, dir_class_loss: 0.9301, dir_res_loss: 0.6520, size_class_loss: 0.3294, size_res_loss: 0.2927, loss: 6.6413, grad_norm: 8.1803
2026-05-28 05:38:42,650 - mmdet - INFO - Epoch [18][150/1652]	lr: 8.000e-03, eta: 2:49:21, time: 0.323, data_time: 0.024, memory: 9507, vote_loss: 3.1879, objectness_loss: 0.3145, semantic_loss: 0.3478, center_loss: 0.4811, dir_class_loss: 0.9015, dir_res_loss: 0.6869, size_class_loss: 0.3478, size_res_loss: 0.2830, loss: 6.5505, grad_norm: 8.5695
2026-05-28 05:38:59,151 - mmdet - INFO - Epoch [18][200/1652]	lr: 8.000e-03, eta: 2:49:05, time: 0.330, data_time: 0.029, memory: 9507, vote_loss: 3.1955, objectness_loss: 0.3329, semantic_loss: 0.3332, center_loss: 0.4725, dir_class_loss: 0.9653, dir_res_loss: 0.7409, size_class_loss: 0.3332, size_res_loss: 0.2867, loss: 6.6602, grad_norm: 8.1708
2026-05-28 05:39:15,361 - mmdet - INFO - Epoch [18][250/1652]	lr: 8.000e-03, eta: 2:48:49, time: 0.324, data_time: 0.024, memory: 9507, vote_loss: 3.1613, objectness_loss: 0.3203, semantic_loss: 0.3123, center_loss: 0.4596, dir_class_loss: 0.9836, dir_res_loss: 0.6583, size_class_loss: 0.3123, size_res_loss: 0.2597, loss: 6.4674, grad_norm: 8.0842
2026-05-28 05:39:31,686 - mmdet - INFO - Epoch [18][300/1652]	lr: 8.000e-03, eta: 2:48:32, time: 0.326, data_time: 0.025, memory: 9507, vote_loss: 3.3047, objectness_loss: 0.3544, semantic_loss: 0.3823, center_loss: 0.4795, dir_class_loss: 0.8939, dir_res_loss: 0.6406, size_class_loss: 0.3823, size_res_loss: 0.2777, loss: 6.7154, grad_norm: 9.0160
2026-05-28 05:39:47,862 - mmdet - INFO - Epoch [18][350/1652]	lr: 8.000e-03, eta: 2:48:16, time: 0.324, data_time: 0.024, memory: 9507, vote_loss: 3.2607, objectness_loss: 0.3472, semantic_loss: 0.3282, center_loss: 0.4949, dir_class_loss: 0.9295, dir_res_loss: 0.6737, size_class_loss: 0.3282, size_res_loss: 0.2626, loss: 6.6249, grad_norm: 8.3428
2026-05-28 05:40:04,090 - mmdet - INFO - Epoch [18][400/1652]	lr: 8.000e-03, eta: 2:48:00, time: 0.325, data_time: 0.025, memory: 9507, vote_loss: 3.2432, objectness_loss: 0.3343, semantic_loss: 0.3404, center_loss: 0.5076, dir_class_loss: 0.9937, dir_res_loss: 0.7222, size_class_loss: 0.3404, size_res_loss: 0.2648, loss: 6.7465, grad_norm: 8.9234
2026-05-28 05:40:20,334 - mmdet - INFO - Epoch [18][450/1652]	lr: 8.000e-03, eta: 2:47:43, time: 0.325, data_time: 0.025, memory: 9507, vote_loss: 3.2641, objectness_loss: 0.3251, semantic_loss: 0.3441, center_loss: 0.4833, dir_class_loss: 0.9101, dir_res_loss: 0.6503, size_class_loss: 0.3441, size_res_loss: 0.2801, loss: 6.6011, grad_norm: 8.9036
2026-05-28 05:40:36,680 - mmdet - INFO - Epoch [18][500/1652]	lr: 8.000e-03, eta: 2:47:27, time: 0.327, data_time: 0.025, memory: 9507, vote_loss: 3.1674, objectness_loss: 0.3394, semantic_loss: 0.3512, center_loss: 0.4588, dir_class_loss: 0.8977, dir_res_loss: 0.6914, size_class_loss: 0.3512, size_res_loss: 0.2490, loss: 6.5061, grad_norm: 8.3337
2026-05-28 05:40:52,922 - mmdet - INFO - Epoch [18][550/1652]	lr: 8.000e-03, eta: 2:47:11, time: 0.325, data_time: 0.025, memory: 9507, vote_loss: 3.2510, objectness_loss: 0.3206, semantic_loss: 0.2972, center_loss: 0.4877, dir_class_loss: 0.8674, dir_res_loss: 0.6680, size_class_loss: 0.2972, size_res_loss: 0.2898, loss: 6.4790, grad_norm: 8.9458
2026-05-28 05:41:09,079 - mmdet - INFO - Epoch [18][600/1652]	lr: 8.000e-03, eta: 2:46:55, time: 0.323, data_time: 0.025, memory: 9507, vote_loss: 3.3941, objectness_loss: 0.3288, semantic_loss: 0.3284, center_loss: 0.4744, dir_class_loss: 0.9283, dir_res_loss: 0.6527, size_class_loss: 0.3284, size_res_loss: 0.2965, loss: 6.7316, grad_norm: 8.6799
2026-05-28 05:41:25,290 - mmdet - INFO - Epoch [18][650/1652]	lr: 8.000e-03, eta: 2:46:38, time: 0.324, data_time: 0.024, memory: 9507, vote_loss: 3.3262, objectness_loss: 0.3073, semantic_loss: 0.3233, center_loss: 0.4699, dir_class_loss: 0.9755, dir_res_loss: 0.7242, size_class_loss: 0.3233, size_res_loss: 0.3118, loss: 6.7614, grad_norm: 9.1394
2026-05-28 05:41:41,510 - mmdet - INFO - Epoch [18][700/1652]	lr: 8.000e-03, eta: 2:46:22, time: 0.324, data_time: 0.025, memory: 9507, vote_loss: 3.2125, objectness_loss: 0.3262, semantic_loss: 0.3180, center_loss: 0.4347, dir_class_loss: 0.9396, dir_res_loss: 0.6735, size_class_loss: 0.3180, size_res_loss: 0.2887, loss: 6.5112, grad_norm: 8.1023
2026-05-28 05:41:57,767 - mmdet - INFO - Epoch [18][750/1652]	lr: 8.000e-03, eta: 2:46:06, time: 0.325, data_time: 0.025, memory: 9507, vote_loss: 3.2987, objectness_loss: 0.3493, semantic_loss: 0.3325, center_loss: 0.5160, dir_class_loss: 0.9562, dir_res_loss: 0.6755, size_class_loss: 0.3325, size_res_loss: 0.2726, loss: 6.7333, grad_norm: 8.3863
2026-05-28 05:42:13,979 - mmdet - INFO - Epoch [18][800/1652]	lr: 8.000e-03, eta: 2:45:49, time: 0.324, data_time: 0.025, memory: 9507, vote_loss: 3.2531, objectness_loss: 0.3099, semantic_loss: 0.3484, center_loss: 0.5084, dir_class_loss: 0.8944, dir_res_loss: 0.6694, size_class_loss: 0.3484, size_res_loss: 0.2797, loss: 6.6118, grad_norm: 8.5990
2026-05-28 05:42:30,166 - mmdet - INFO - Epoch [18][850/1652]	lr: 8.000e-03, eta: 2:45:33, time: 0.324, data_time: 0.024, memory: 9507, vote_loss: 3.3943, objectness_loss: 0.3379, semantic_loss: 0.3846, center_loss: 0.4684, dir_class_loss: 0.9961, dir_res_loss: 0.7575, size_class_loss: 0.3846, size_res_loss: 0.2924, loss: 7.0158, grad_norm: 7.5675
2026-05-28 05:42:46,340 - mmdet - INFO - Epoch [18][900/1652]	lr: 8.000e-03, eta: 2:45:17, time: 0.323, data_time: 0.024, memory: 9507, vote_loss: 3.2187, objectness_loss: 0.3592, semantic_loss: 0.3531, center_loss: 0.5040, dir_class_loss: 0.9207, dir_res_loss: 0.6360, size_class_loss: 0.3531, size_res_loss: 0.2969, loss: 6.6417, grad_norm: 8.8543
2026-05-28 05:43:02,496 - mmdet - INFO - Epoch [18][950/1652]	lr: 8.000e-03, eta: 2:45:00, time: 0.323, data_time: 0.023, memory: 9507, vote_loss: 3.2283, objectness_loss: 0.3245, semantic_loss: 0.3612, center_loss: 0.4629, dir_class_loss: 0.9350, dir_res_loss: 0.6882, size_class_loss: 0.3612, size_res_loss: 0.2546, loss: 6.6159, grad_norm: 8.5915
2026-05-28 05:43:18,700 - mmdet - INFO - Epoch [18][1000/1652]	lr: 8.000e-03, eta: 2:44:44, time: 0.324, data_time: 0.024, memory: 9507, vote_loss: 3.2303, objectness_loss: 0.3549, semantic_loss: 0.3959, center_loss: 0.4539, dir_class_loss: 0.9782, dir_res_loss: 0.6338, size_class_loss: 0.3959, size_res_loss: 0.2978, loss: 6.7408, grad_norm: 8.1890
2026-05-28 05:43:34,887 - mmdet - INFO - Epoch [18][1050/1652]	lr: 8.000e-03, eta: 2:44:28, time: 0.324, data_time: 0.024, memory: 9507, vote_loss: 3.3334, objectness_loss: 0.3257, semantic_loss: 0.3061, center_loss: 0.4991, dir_class_loss: 0.8762, dir_res_loss: 0.6951, size_class_loss: 0.3061, size_res_loss: 0.2694, loss: 6.6111, grad_norm: 8.2232
2026-05-28 05:43:51,027 - mmdet - INFO - Epoch [18][1100/1652]	lr: 8.000e-03, eta: 2:44:11, time: 0.323, data_time: 0.024, memory: 9507, vote_loss: 3.2699, objectness_loss: 0.3360, semantic_loss: 0.2999, center_loss: 0.4699, dir_class_loss: 0.8624, dir_res_loss: 0.6398, size_class_loss: 0.2999, size_res_loss: 0.2653, loss: 6.4430, grad_norm: 8.1994
2026-05-28 05:44:07,151 - mmdet - INFO - Epoch [18][1150/1652]	lr: 8.000e-03, eta: 2:43:55, time: 0.322, data_time: 0.023, memory: 9507, vote_loss: 3.2193, objectness_loss: 0.3367, semantic_loss: 0.3362, center_loss: 0.4376, dir_class_loss: 0.9365, dir_res_loss: 0.6281, size_class_loss: 0.3362, size_res_loss: 0.2897, loss: 6.5202, grad_norm: 8.1667
2026-05-28 05:44:23,381 - mmdet - INFO - Epoch [18][1200/1652]	lr: 8.000e-03, eta: 2:43:38, time: 0.325, data_time: 0.024, memory: 9507, vote_loss: 3.2717, objectness_loss: 0.3417, semantic_loss: 0.3551, center_loss: 0.4889, dir_class_loss: 0.8811, dir_res_loss: 0.7100, size_class_loss: 0.3551, size_res_loss: 0.2906, loss: 6.6942, grad_norm: 8.1031
2026-05-28 05:44:39,553 - mmdet - INFO - Epoch [18][1250/1652]	lr: 8.000e-03, eta: 2:43:22, time: 0.323, data_time: 0.025, memory: 9507, vote_loss: 3.3566, objectness_loss: 0.3308, semantic_loss: 0.4264, center_loss: 0.4805, dir_class_loss: 0.9305, dir_res_loss: 0.7314, size_class_loss: 0.4264, size_res_loss: 0.3000, loss: 6.9825, grad_norm: 8.3817
2026-05-28 05:44:55,738 - mmdet - INFO - Epoch [18][1300/1652]	lr: 8.000e-03, eta: 2:43:06, time: 0.324, data_time: 0.024, memory: 9507, vote_loss: 3.3088, objectness_loss: 0.3606, semantic_loss: 0.3863, center_loss: 0.4558, dir_class_loss: 1.0363, dir_res_loss: 0.6778, size_class_loss: 0.3863, size_res_loss: 0.2862, loss: 6.8982, grad_norm: 8.4257
2026-05-28 05:45:11,945 - mmdet - INFO - Epoch [18][1350/1652]	lr: 8.000e-03, eta: 2:42:49, time: 0.324, data_time: 0.024, memory: 9507, vote_loss: 3.2061, objectness_loss: 0.3322, semantic_loss: 0.3416, center_loss: 0.4740, dir_class_loss: 0.8968, dir_res_loss: 0.6114, size_class_loss: 0.3416, size_res_loss: 0.2974, loss: 6.5010, grad_norm: 7.7277
2026-05-28 05:45:28,143 - mmdet - INFO - Epoch [18][1400/1652]	lr: 8.000e-03, eta: 2:42:33, time: 0.324, data_time: 0.024, memory: 9507, vote_loss: 3.1299, objectness_loss: 0.3453, semantic_loss: 0.3443, center_loss: 0.4819, dir_class_loss: 0.9584, dir_res_loss: 0.6615, size_class_loss: 0.3443, size_res_loss: 0.2996, loss: 6.5653, grad_norm: 8.6571
2026-05-28 05:45:44,331 - mmdet - INFO - Epoch [18][1450/1652]	lr: 8.000e-03, eta: 2:42:17, time: 0.324, data_time: 0.025, memory: 9507, vote_loss: 3.1958, objectness_loss: 0.3451, semantic_loss: 0.3427, center_loss: 0.4878, dir_class_loss: 0.8380, dir_res_loss: 0.6787, size_class_loss: 0.3427, size_res_loss: 0.2888, loss: 6.5195, grad_norm: 8.9312
2026-05-28 05:46:00,453 - mmdet - INFO - Epoch [18][1500/1652]	lr: 8.000e-03, eta: 2:42:00, time: 0.322, data_time: 0.023, memory: 9507, vote_loss: 3.2096, objectness_loss: 0.3560, semantic_loss: 0.3847, center_loss: 0.4887, dir_class_loss: 0.9550, dir_res_loss: 0.7174, size_class_loss: 0.3847, size_res_loss: 0.2936, loss: 6.7898, grad_norm: 9.0456
2026-05-28 05:46:16,662 - mmdet - INFO - Epoch [18][1550/1652]	lr: 8.000e-03, eta: 2:41:44, time: 0.324, data_time: 0.025, memory: 9507, vote_loss: 3.3332, objectness_loss: 0.3431, semantic_loss: 0.3276, center_loss: 0.4967, dir_class_loss: 0.9187, dir_res_loss: 0.6955, size_class_loss: 0.3276, size_res_loss: 0.2889, loss: 6.7313, grad_norm: 8.5052
2026-05-28 05:46:32,812 - mmdet - INFO - Epoch [18][1600/1652]	lr: 8.000e-03, eta: 2:41:28, time: 0.323, data_time: 0.024, memory: 9507, vote_loss: 3.4361, objectness_loss: 0.3532, semantic_loss: 0.3523, center_loss: 0.4857, dir_class_loss: 0.9098, dir_res_loss: 0.6485, size_class_loss: 0.3523, size_res_loss: 0.2866, loss: 6.8243, grad_norm: 8.3614
2026-05-28 05:46:48,922 - mmdet - INFO - Epoch [18][1650/1652]	lr: 8.000e-03, eta: 2:41:11, time: 0.322, data_time: 0.023, memory: 9507, vote_loss: 3.3595, objectness_loss: 0.3445, semantic_loss: 0.3434, center_loss: 0.4576, dir_class_loss: 0.8326, dir_res_loss: 0.5423, size_class_loss: 0.3434, size_res_loss: 0.2665, loss: 6.4898, grad_norm: 8.8966
2026-05-28 05:46:49,626 - mmdet - INFO - Saving checkpoint at 18 epochs
2026-05-28 05:47:08,750 - mmdet - INFO - Epoch [19][50/1652]	lr: 8.000e-03, eta: 2:40:56, time: 0.377, data_time: 0.077, memory: 9507, vote_loss: 3.1668, objectness_loss: 0.3110, semantic_loss: 0.2939, center_loss: 0.4380, dir_class_loss: 0.8378, dir_res_loss: 0.6543, size_class_loss: 0.2939, size_res_loss: 0.3138, loss: 6.3096, grad_norm: 8.4203
2026-05-28 05:47:24,987 - mmdet - INFO - Epoch [19][100/1652]	lr: 8.000e-03, eta: 2:40:40, time: 0.325, data_time: 0.024, memory: 9507, vote_loss: 3.1503, objectness_loss: 0.3412, semantic_loss: 0.3212, center_loss: 0.4600, dir_class_loss: 0.8672, dir_res_loss: 0.6246, size_class_loss: 0.3212, size_res_loss: 0.3033, loss: 6.3890, grad_norm: 7.4183
2026-05-28 05:47:41,282 - mmdet - INFO - Epoch [19][150/1652]	lr: 8.000e-03, eta: 2:40:24, time: 0.326, data_time: 0.024, memory: 9507, vote_loss: 3.2130, objectness_loss: 0.3552, semantic_loss: 0.3294, center_loss: 0.4759, dir_class_loss: 0.9679, dir_res_loss: 0.7649, size_class_loss: 0.3294, size_res_loss: 0.2784, loss: 6.7141, grad_norm: 8.5200
2026-05-28 05:47:57,524 - mmdet - INFO - Epoch [19][200/1652]	lr: 8.000e-03, eta: 2:40:07, time: 0.325, data_time: 0.024, memory: 9507, vote_loss: 3.3049, objectness_loss: 0.3417, semantic_loss: 0.3016, center_loss: 0.4513, dir_class_loss: 0.8945, dir_res_loss: 0.6385, size_class_loss: 0.3016, size_res_loss: 0.2769, loss: 6.5110, grad_norm: 8.0510
2026-05-28 05:48:13,874 - mmdet - INFO - Epoch [19][250/1652]	lr: 8.000e-03, eta: 2:39:51, time: 0.327, data_time: 0.028, memory: 9507, vote_loss: 3.0596, objectness_loss: 0.3089, semantic_loss: 0.3073, center_loss: 0.4770, dir_class_loss: 0.9178, dir_res_loss: 0.6303, size_class_loss: 0.3073, size_res_loss: 0.2757, loss: 6.2839, grad_norm: 7.6474
2026-05-28 05:48:30,097 - mmdet - INFO - Epoch [19][300/1652]	lr: 8.000e-03, eta: 2:39:35, time: 0.324, data_time: 0.024, memory: 9507, vote_loss: 3.2173, objectness_loss: 0.3152, semantic_loss: 0.3466, center_loss: 0.4676, dir_class_loss: 0.9334, dir_res_loss: 0.6448, size_class_loss: 0.3466, size_res_loss: 0.2578, loss: 6.5292, grad_norm: 9.4420
2026-05-28 05:48:46,266 - mmdet - INFO - Epoch [19][350/1652]	lr: 8.000e-03, eta: 2:39:19, time: 0.323, data_time: 0.024, memory: 9507, vote_loss: 3.3936, objectness_loss: 0.3251, semantic_loss: 0.3550, center_loss: 0.4660, dir_class_loss: 0.9570, dir_res_loss: 0.7761, size_class_loss: 0.3550, size_res_loss: 0.2626, loss: 6.8903, grad_norm: 8.4319
2026-05-28 05:49:02,744 - mmdet - INFO - Epoch [19][400/1652]	lr: 8.000e-03, eta: 2:39:03, time: 0.330, data_time: 0.025, memory: 9507, vote_loss: 3.2497, objectness_loss: 0.3238, semantic_loss: 0.3097, center_loss: 0.5438, dir_class_loss: 0.9444, dir_res_loss: 0.7208, size_class_loss: 0.3097, size_res_loss: 0.2840, loss: 6.6859, grad_norm: 8.4619
2026-05-28 05:49:18,943 - mmdet - INFO - Epoch [19][450/1652]	lr: 8.000e-03, eta: 2:38:46, time: 0.324, data_time: 0.025, memory: 9507, vote_loss: 3.1746, objectness_loss: 0.3391, semantic_loss: 0.2997, center_loss: 0.4539, dir_class_loss: 0.9456, dir_res_loss: 0.6131, size_class_loss: 0.2997, size_res_loss: 0.2733, loss: 6.3990, grad_norm: 7.8800
2026-05-28 05:49:35,100 - mmdet - INFO - Epoch [19][500/1652]	lr: 8.000e-03, eta: 2:38:30, time: 0.323, data_time: 0.024, memory: 9507, vote_loss: 3.3037, objectness_loss: 0.3286, semantic_loss: 0.3298, center_loss: 0.4490, dir_class_loss: 1.0063, dir_res_loss: 0.6735, size_class_loss: 0.3298, size_res_loss: 0.3034, loss: 6.7241, grad_norm: 8.7072
2026-05-28 05:49:51,307 - mmdet - INFO - Epoch [19][550/1652]	lr: 8.000e-03, eta: 2:38:14, time: 0.324, data_time: 0.024, memory: 9507, vote_loss: 3.2841, objectness_loss: 0.3285, semantic_loss: 0.3298, center_loss: 0.4641, dir_class_loss: 0.8431, dir_res_loss: 0.6351, size_class_loss: 0.3298, size_res_loss: 0.2836, loss: 6.4982, grad_norm: 8.2590
2026-05-28 05:50:07,560 - mmdet - INFO - Epoch [19][600/1652]	lr: 8.000e-03, eta: 2:37:57, time: 0.325, data_time: 0.025, memory: 9507, vote_loss: 3.1418, objectness_loss: 0.3184, semantic_loss: 0.3180, center_loss: 0.4567, dir_class_loss: 0.8446, dir_res_loss: 0.6679, size_class_loss: 0.3180, size_res_loss: 0.2841, loss: 6.3495, grad_norm: 8.6192
2026-05-28 05:50:23,715 - mmdet - INFO - Epoch [19][650/1652]	lr: 8.000e-03, eta: 2:37:41, time: 0.323, data_time: 0.024, memory: 9507, vote_loss: 3.3878, objectness_loss: 0.3210, semantic_loss: 0.2725, center_loss: 0.4430, dir_class_loss: 1.0296, dir_res_loss: 0.7132, size_class_loss: 0.2725, size_res_loss: 0.2834, loss: 6.7230, grad_norm: 8.5697
2026-05-28 05:50:40,008 - mmdet - INFO - Epoch [19][700/1652]	lr: 8.000e-03, eta: 2:37:25, time: 0.326, data_time: 0.025, memory: 9507, vote_loss: 3.1050, objectness_loss: 0.3152, semantic_loss: 0.2909, center_loss: 0.4501, dir_class_loss: 0.9559, dir_res_loss: 0.7536, size_class_loss: 0.2909, size_res_loss: 0.2685, loss: 6.4302, grad_norm: 8.1555
2026-05-28 05:50:56,235 - mmdet - INFO - Epoch [19][750/1652]	lr: 8.000e-03, eta: 2:37:08, time: 0.325, data_time: 0.024, memory: 9507, vote_loss: 3.1418, objectness_loss: 0.3324, semantic_loss: 0.2853, center_loss: 0.4689, dir_class_loss: 0.8715, dir_res_loss: 0.6446, size_class_loss: 0.2853, size_res_loss: 0.2457, loss: 6.2755, grad_norm: 8.3187
2026-05-28 05:51:12,447 - mmdet - INFO - Epoch [19][800/1652]	lr: 8.000e-03, eta: 2:36:52, time: 0.324, data_time: 0.024, memory: 9507, vote_loss: 3.3017, objectness_loss: 0.3072, semantic_loss: 0.3671, center_loss: 0.4883, dir_class_loss: 0.8897, dir_res_loss: 0.6072, size_class_loss: 0.3671, size_res_loss: 0.2816, loss: 6.6101, grad_norm: 8.1003
2026-05-28 05:51:28,714 - mmdet - INFO - Epoch [19][850/1652]	lr: 8.000e-03, eta: 2:36:36, time: 0.325, data_time: 0.025, memory: 9507, vote_loss: 3.1762, objectness_loss: 0.3236, semantic_loss: 0.3244, center_loss: 0.4905, dir_class_loss: 0.9271, dir_res_loss: 0.7220, size_class_loss: 0.3244, size_res_loss: 0.2585, loss: 6.5468, grad_norm: 8.9122
2026-05-28 05:51:44,906 - mmdet - INFO - Epoch [19][900/1652]	lr: 8.000e-03, eta: 2:36:19, time: 0.324, data_time: 0.024, memory: 9507, vote_loss: 3.0912, objectness_loss: 0.3129, semantic_loss: 0.3216, center_loss: 0.4509, dir_class_loss: 0.9125, dir_res_loss: 0.6924, size_class_loss: 0.3216, size_res_loss: 0.2733, loss: 6.3763, grad_norm: 8.0177
2026-05-28 05:52:01,020 - mmdet - INFO - Epoch [19][950/1652]	lr: 8.000e-03, eta: 2:36:03, time: 0.322, data_time: 0.024, memory: 9507, vote_loss: 3.2219, objectness_loss: 0.3123, semantic_loss: 0.3006, center_loss: 0.4761, dir_class_loss: 0.8444, dir_res_loss: 0.6816, size_class_loss: 0.3006, size_res_loss: 0.2926, loss: 6.4302, grad_norm: 8.4568
2026-05-28 05:52:17,229 - mmdet - INFO - Epoch [19][1000/1652]	lr: 8.000e-03, eta: 2:35:47, time: 0.324, data_time: 0.024, memory: 9507, vote_loss: 3.2141, objectness_loss: 0.3232, semantic_loss: 0.3220, center_loss: 0.5205, dir_class_loss: 0.9117, dir_res_loss: 0.6269, size_class_loss: 0.3220, size_res_loss: 0.2813, loss: 6.5217, grad_norm: 8.2705
2026-05-28 05:52:33,468 - mmdet - INFO - Epoch [19][1050/1652]	lr: 8.000e-03, eta: 2:35:30, time: 0.325, data_time: 0.024, memory: 9507, vote_loss: 3.1853, objectness_loss: 0.3393, semantic_loss: 0.2977, center_loss: 0.4851, dir_class_loss: 0.9279, dir_res_loss: 0.6609, size_class_loss: 0.2977, size_res_loss: 0.2681, loss: 6.4620, grad_norm: 8.1242
2026-05-28 05:52:49,620 - mmdet - INFO - Epoch [19][1100/1652]	lr: 8.000e-03, eta: 2:35:14, time: 0.323, data_time: 0.024, memory: 9507, vote_loss: 3.2609, objectness_loss: 0.3460, semantic_loss: 0.3597, center_loss: 0.5196, dir_class_loss: 0.9022, dir_res_loss: 0.7149, size_class_loss: 0.3597, size_res_loss: 0.3018, loss: 6.7647, grad_norm: 8.3785
2026-05-28 05:53:05,757 - mmdet - INFO - Epoch [19][1150/1652]	lr: 8.000e-03, eta: 2:34:58, time: 0.323, data_time: 0.024, memory: 9507, vote_loss: 3.3968, objectness_loss: 0.3510, semantic_loss: 0.3685, center_loss: 0.5250, dir_class_loss: 0.9016, dir_res_loss: 0.7731, size_class_loss: 0.3685, size_res_loss: 0.2788, loss: 6.9633, grad_norm: 9.6037
2026-05-28 05:53:21,948 - mmdet - INFO - Epoch [19][1200/1652]	lr: 8.000e-03, eta: 2:34:41, time: 0.324, data_time: 0.025, memory: 9507, vote_loss: 3.3406, objectness_loss: 0.3625, semantic_loss: 0.3506, center_loss: 0.5119, dir_class_loss: 1.0217, dir_res_loss: 0.8064, size_class_loss: 0.3506, size_res_loss: 0.2715, loss: 7.0158, grad_norm: 9.3181
2026-05-28 05:53:38,120 - mmdet - INFO - Epoch [19][1250/1652]	lr: 8.000e-03, eta: 2:34:25, time: 0.323, data_time: 0.024, memory: 9507, vote_loss: 3.6418, objectness_loss: 0.3754, semantic_loss: 0.3151, center_loss: 0.5092, dir_class_loss: 0.8388, dir_res_loss: 0.6170, size_class_loss: 0.3151, size_res_loss: 0.2895, loss: 6.9019, grad_norm: 7.9648
2026-05-28 05:53:54,262 - mmdet - INFO - Epoch [19][1300/1652]	lr: 8.000e-03, eta: 2:34:09, time: 0.323, data_time: 0.024, memory: 9507, vote_loss: 3.1865, objectness_loss: 0.3127, semantic_loss: 0.3507, center_loss: 0.4811, dir_class_loss: 0.8497, dir_res_loss: 0.6502, size_class_loss: 0.3507, size_res_loss: 0.2921, loss: 6.4737, grad_norm: 8.1039
2026-05-28 05:54:10,474 - mmdet - INFO - Epoch [19][1350/1652]	lr: 8.000e-03, eta: 2:33:52, time: 0.324, data_time: 0.025, memory: 9507, vote_loss: 3.3936, objectness_loss: 0.3462, semantic_loss: 0.3826, center_loss: 0.4647, dir_class_loss: 0.9349, dir_res_loss: 0.6797, size_class_loss: 0.3826, size_res_loss: 0.2882, loss: 6.8726, grad_norm: 8.3724
2026-05-28 05:54:26,667 - mmdet - INFO - Epoch [19][1400/1652]	lr: 8.000e-03, eta: 2:33:36, time: 0.324, data_time: 0.024, memory: 9507, vote_loss: 3.2292, objectness_loss: 0.3293, semantic_loss: 0.3269, center_loss: 0.4716, dir_class_loss: 0.9274, dir_res_loss: 0.6634, size_class_loss: 0.3269, size_res_loss: 0.3050, loss: 6.5796, grad_norm: 8.9096
2026-05-28 05:54:42,851 - mmdet - INFO - Epoch [19][1450/1652]	lr: 8.000e-03, eta: 2:33:20, time: 0.324, data_time: 0.025, memory: 9507, vote_loss: 3.3513, objectness_loss: 0.3563, semantic_loss: 0.3276, center_loss: 0.4868, dir_class_loss: 0.8104, dir_res_loss: 0.6957, size_class_loss: 0.3276, size_res_loss: 0.2710, loss: 6.6265, grad_norm: 7.8022
2026-05-28 05:54:59,065 - mmdet - INFO - Epoch [19][1500/1652]	lr: 8.000e-03, eta: 2:33:03, time: 0.324, data_time: 0.025, memory: 9507, vote_loss: 3.1443, objectness_loss: 0.3478, semantic_loss: 0.3424, center_loss: 0.4859, dir_class_loss: 0.9531, dir_res_loss: 0.7379, size_class_loss: 0.3424, size_res_loss: 0.3032, loss: 6.6569, grad_norm: 8.9254
2026-05-28 05:55:15,246 - mmdet - INFO - Epoch [19][1550/1652]	lr: 8.000e-03, eta: 2:32:47, time: 0.324, data_time: 0.025, memory: 9507, vote_loss: 3.2217, objectness_loss: 0.3309, semantic_loss: 0.3483, center_loss: 0.4656, dir_class_loss: 0.9307, dir_res_loss: 0.6658, size_class_loss: 0.3483, size_res_loss: 0.2891, loss: 6.6006, grad_norm: 7.7897
2026-05-28 05:55:31,454 - mmdet - INFO - Epoch [19][1600/1652]	lr: 8.000e-03, eta: 2:32:31, time: 0.324, data_time: 0.025, memory: 9507, vote_loss: 3.3075, objectness_loss: 0.3592, semantic_loss: 0.3608, center_loss: 0.4865, dir_class_loss: 0.9401, dir_res_loss: 0.6603, size_class_loss: 0.3608, size_res_loss: 0.3079, loss: 6.7832, grad_norm: 8.4041
2026-05-28 05:55:47,633 - mmdet - INFO - Epoch [19][1650/1652]	lr: 8.000e-03, eta: 2:32:14, time: 0.324, data_time: 0.024, memory: 9507, vote_loss: 3.0869, objectness_loss: 0.3359, semantic_loss: 0.3609, center_loss: 0.4496, dir_class_loss: 0.9098, dir_res_loss: 0.6425, size_class_loss: 0.3609, size_res_loss: 0.3001, loss: 6.4465, grad_norm: 7.7758
2026-05-28 05:55:48,337 - mmdet - INFO - Saving checkpoint at 19 epochs
2026-05-28 05:56:07,428 - mmdet - INFO - Epoch [20][50/1652]	lr: 8.000e-03, eta: 2:31:59, time: 0.376, data_time: 0.077, memory: 9507, vote_loss: 3.2427, objectness_loss: 0.3273, semantic_loss: 0.3585, center_loss: 0.4437, dir_class_loss: 0.9074, dir_res_loss: 0.6232, size_class_loss: 0.3585, size_res_loss: 0.2839, loss: 6.5452, grad_norm: 7.8834
2026-05-28 05:56:23,649 - mmdet - INFO - Epoch [20][100/1652]	lr: 8.000e-03, eta: 2:31:43, time: 0.324, data_time: 0.025, memory: 9507, vote_loss: 3.2178, objectness_loss: 0.3225, semantic_loss: 0.3361, center_loss: 0.4491, dir_class_loss: 0.8984, dir_res_loss: 0.6423, size_class_loss: 0.3361, size_res_loss: 0.2839, loss: 6.4864, grad_norm: 7.9879
2026-05-28 05:56:39,814 - mmdet - INFO - Epoch [20][150/1652]	lr: 8.000e-03, eta: 2:31:26, time: 0.323, data_time: 0.024, memory: 9507, vote_loss: 3.2965, objectness_loss: 0.3541, semantic_loss: 0.3241, center_loss: 0.4513, dir_class_loss: 0.9098, dir_res_loss: 0.6716, size_class_loss: 0.3241, size_res_loss: 0.2656, loss: 6.5971, grad_norm: 8.4466
2026-05-28 05:56:56,030 - mmdet - INFO - Epoch [20][200/1652]	lr: 8.000e-03, eta: 2:31:10, time: 0.324, data_time: 0.024, memory: 9507, vote_loss: 3.2366, objectness_loss: 0.3154, semantic_loss: 0.3477, center_loss: 0.4561, dir_class_loss: 0.9379, dir_res_loss: 0.6219, size_class_loss: 0.3477, size_res_loss: 0.3124, loss: 6.5755, grad_norm: 7.6463
2026-05-28 05:57:12,142 - mmdet - INFO - Epoch [20][250/1652]	lr: 8.000e-03, eta: 2:30:54, time: 0.322, data_time: 0.023, memory: 9507, vote_loss: 3.2129, objectness_loss: 0.3344, semantic_loss: 0.3050, center_loss: 0.4820, dir_class_loss: 0.9492, dir_res_loss: 0.6798, size_class_loss: 0.3050, size_res_loss: 0.2655, loss: 6.5338, grad_norm: 9.3635
2026-05-28 05:57:28,428 - mmdet - INFO - Epoch [20][300/1652]	lr: 8.000e-03, eta: 2:30:38, time: 0.326, data_time: 0.027, memory: 9507, vote_loss: 3.2331, objectness_loss: 0.3191, semantic_loss: 0.3109, center_loss: 0.4860, dir_class_loss: 0.8362, dir_res_loss: 0.6841, size_class_loss: 0.3109, size_res_loss: 0.2677, loss: 6.4481, grad_norm: 7.9948
2026-05-28 05:57:44,619 - mmdet - INFO - Epoch [20][350/1652]	lr: 8.000e-03, eta: 2:30:21, time: 0.324, data_time: 0.024, memory: 9507, vote_loss: 3.1309, objectness_loss: 0.3602, semantic_loss: 0.3058, center_loss: 0.4571, dir_class_loss: 0.9118, dir_res_loss: 0.8444, size_class_loss: 0.3058, size_res_loss: 0.2603, loss: 6.5764, grad_norm: 8.2950
2026-05-28 05:58:00,793 - mmdet - INFO - Epoch [20][400/1652]	lr: 8.000e-03, eta: 2:30:05, time: 0.323, data_time: 0.024, memory: 9507, vote_loss: 3.1463, objectness_loss: 0.3301, semantic_loss: 0.3328, center_loss: 0.4491, dir_class_loss: 0.9361, dir_res_loss: 0.7022, size_class_loss: 0.3328, size_res_loss: 0.2707, loss: 6.5002, grad_norm: 8.1215
2026-05-28 05:58:16,898 - mmdet - INFO - Epoch [20][450/1652]	lr: 8.000e-03, eta: 2:29:48, time: 0.322, data_time: 0.023, memory: 9507, vote_loss: 3.0185, objectness_loss: 0.3362, semantic_loss: 0.2821, center_loss: 0.4374, dir_class_loss: 0.9509, dir_res_loss: 0.7074, size_class_loss: 0.2821, size_res_loss: 0.2537, loss: 6.2683, grad_norm: 8.4747
2026-05-28 05:58:32,994 - mmdet - INFO - Epoch [20][500/1652]	lr: 8.000e-03, eta: 2:29:32, time: 0.322, data_time: 0.023, memory: 9507, vote_loss: 3.2431, objectness_loss: 0.3038, semantic_loss: 0.3006, center_loss: 0.4915, dir_class_loss: 0.9034, dir_res_loss: 0.6339, size_class_loss: 0.3006, size_res_loss: 0.2722, loss: 6.4490, grad_norm: 8.3175
2026-05-28 05:58:49,166 - mmdet - INFO - Epoch [20][550/1652]	lr: 8.000e-03, eta: 2:29:16, time: 0.323, data_time: 0.024, memory: 9507, vote_loss: 3.3314, objectness_loss: 0.3265, semantic_loss: 0.3382, center_loss: 0.4844, dir_class_loss: 0.9382, dir_res_loss: 0.7027, size_class_loss: 0.3382, size_res_loss: 0.3077, loss: 6.7673, grad_norm: 8.5224
2026-05-28 05:59:05,323 - mmdet - INFO - Epoch [20][600/1652]	lr: 8.000e-03, eta: 2:28:59, time: 0.323, data_time: 0.024, memory: 9507, vote_loss: 3.2677, objectness_loss: 0.3199, semantic_loss: 0.2955, center_loss: 0.4721, dir_class_loss: 0.8979, dir_res_loss: 0.6301, size_class_loss: 0.2955, size_res_loss: 0.2544, loss: 6.4331, grad_norm: 8.0703
2026-05-28 05:59:21,478 - mmdet - INFO - Epoch [20][650/1652]	lr: 8.000e-03, eta: 2:28:43, time: 0.323, data_time: 0.024, memory: 9507, vote_loss: 3.1132, objectness_loss: 0.3313, semantic_loss: 0.3003, center_loss: 0.4548, dir_class_loss: 0.8602, dir_res_loss: 0.6415, size_class_loss: 0.3003, size_res_loss: 0.2792, loss: 6.2810, grad_norm: 7.7657
2026-05-28 05:59:37,658 - mmdet - INFO - Epoch [20][700/1652]	lr: 8.000e-03, eta: 2:28:27, time: 0.324, data_time: 0.025, memory: 9507, vote_loss: 3.2683, objectness_loss: 0.3460, semantic_loss: 0.3735, center_loss: 0.4651, dir_class_loss: 0.9325, dir_res_loss: 0.7157, size_class_loss: 0.3735, size_res_loss: 0.2850, loss: 6.7597, grad_norm: 8.1141
2026-05-28 05:59:53,727 - mmdet - INFO - Epoch [20][750/1652]	lr: 8.000e-03, eta: 2:28:10, time: 0.321, data_time: 0.024, memory: 9507, vote_loss: 3.2952, objectness_loss: 0.3308, semantic_loss: 0.3375, center_loss: 0.4747, dir_class_loss: 0.9169, dir_res_loss: 0.6326, size_class_loss: 0.3375, size_res_loss: 0.2856, loss: 6.6108, grad_norm: 8.7987
2026-05-28 06:00:09,926 - mmdet - INFO - Epoch [20][800/1652]	lr: 8.000e-03, eta: 2:27:54, time: 0.324, data_time: 0.024, memory: 9507, vote_loss: 3.1283, objectness_loss: 0.3523, semantic_loss: 0.3099, center_loss: 0.4483, dir_class_loss: 0.8814, dir_res_loss: 0.6471, size_class_loss: 0.3099, size_res_loss: 0.2921, loss: 6.3694, grad_norm: 8.4596
2026-05-28 06:00:26,042 - mmdet - INFO - Epoch [20][850/1652]	lr: 8.000e-03, eta: 2:27:38, time: 0.322, data_time: 0.024, memory: 9507, vote_loss: 3.3388, objectness_loss: 0.3488, semantic_loss: 0.2892, center_loss: 0.5905, dir_class_loss: 0.8744, dir_res_loss: 0.6552, size_class_loss: 0.2892, size_res_loss: 0.2598, loss: 6.6460, grad_norm: 8.5349
2026-05-28 06:00:42,260 - mmdet - INFO - Epoch [20][900/1652]	lr: 8.000e-03, eta: 2:27:21, time: 0.324, data_time: 0.024, memory: 9507, vote_loss: 3.3501, objectness_loss: 0.3388, semantic_loss: 0.3568, center_loss: 0.4752, dir_class_loss: 0.8739, dir_res_loss: 0.5894, size_class_loss: 0.3568, size_res_loss: 0.2697, loss: 6.6106, grad_norm: 8.2364
2026-05-28 06:00:58,422 - mmdet - INFO - Epoch [20][950/1652]	lr: 8.000e-03, eta: 2:27:05, time: 0.323, data_time: 0.024, memory: 9507, vote_loss: 3.3485, objectness_loss: 0.3471, semantic_loss: 0.3461, center_loss: 0.6557, dir_class_loss: 0.8885, dir_res_loss: 0.6859, size_class_loss: 0.3461, size_res_loss: 0.2705, loss: 6.8883, grad_norm: 8.9524
2026-05-28 06:01:14,598 - mmdet - INFO - Epoch [20][1000/1652]	lr: 8.000e-03, eta: 2:26:49, time: 0.324, data_time: 0.024, memory: 9507, vote_loss: 3.2232, objectness_loss: 0.3274, semantic_loss: 0.3308, center_loss: 0.4664, dir_class_loss: 0.8334, dir_res_loss: 0.6124, size_class_loss: 0.3308, size_res_loss: 0.2714, loss: 6.3957, grad_norm: 8.8392
2026-05-28 06:01:30,762 - mmdet - INFO - Epoch [20][1050/1652]	lr: 8.000e-03, eta: 2:26:32, time: 0.323, data_time: 0.023, memory: 9507, vote_loss: 3.2901, objectness_loss: 0.3356, semantic_loss: 0.4111, center_loss: 0.4956, dir_class_loss: 0.9645, dir_res_loss: 0.6888, size_class_loss: 0.4111, size_res_loss: 0.2891, loss: 6.8858, grad_norm: 8.9481
2026-05-28 06:01:46,807 - mmdet - INFO - Epoch [20][1100/1652]	lr: 8.000e-03, eta: 2:26:16, time: 0.321, data_time: 0.023, memory: 9507, vote_loss: 3.1581, objectness_loss: 0.3295, semantic_loss: 0.2917, center_loss: 0.4514, dir_class_loss: 0.9530, dir_res_loss: 0.6430, size_class_loss: 0.2917, size_res_loss: 0.2955, loss: 6.4138, grad_norm: 7.9004
2026-05-28 06:02:03,037 - mmdet - INFO - Epoch [20][1150/1652]	lr: 8.000e-03, eta: 2:25:59, time: 0.325, data_time: 0.024, memory: 9507, vote_loss: 3.3109, objectness_loss: 0.3353, semantic_loss: 0.3478, center_loss: 0.5047, dir_class_loss: 1.0053, dir_res_loss: 0.6912, size_class_loss: 0.3478, size_res_loss: 0.3233, loss: 6.8664, grad_norm: 8.7284
2026-05-28 06:02:19,180 - mmdet - INFO - Epoch [20][1200/1652]	lr: 8.000e-03, eta: 2:25:43, time: 0.323, data_time: 0.024, memory: 9507, vote_loss: 3.1185, objectness_loss: 0.3363, semantic_loss: 0.2779, center_loss: 0.4267, dir_class_loss: 0.8621, dir_res_loss: 0.7206, size_class_loss: 0.2779, size_res_loss: 0.2794, loss: 6.2993, grad_norm: 8.4008
2026-05-28 06:02:35,357 - mmdet - INFO - Epoch [20][1250/1652]	lr: 8.000e-03, eta: 2:25:27, time: 0.324, data_time: 0.024, memory: 9507, vote_loss: 3.1639, objectness_loss: 0.3448, semantic_loss: 0.3421, center_loss: 0.4415, dir_class_loss: 0.9398, dir_res_loss: 0.6955, size_class_loss: 0.3421, size_res_loss: 0.2793, loss: 6.5490, grad_norm: 8.2038
2026-05-28 06:02:51,507 - mmdet - INFO - Epoch [20][1300/1652]	lr: 8.000e-03, eta: 2:25:10, time: 0.323, data_time: 0.024, memory: 9507, vote_loss: 3.3798, objectness_loss: 0.3276, semantic_loss: 0.2997, center_loss: 0.4436, dir_class_loss: 0.8672, dir_res_loss: 0.6093, size_class_loss: 0.2997, size_res_loss: 0.2788, loss: 6.5057, grad_norm: 8.0914
2026-05-28 06:03:07,653 - mmdet - INFO - Epoch [20][1350/1652]	lr: 8.000e-03, eta: 2:24:54, time: 0.323, data_time: 0.024, memory: 9507, vote_loss: 3.4086, objectness_loss: 0.3511, semantic_loss: 0.4195, center_loss: 0.5235, dir_class_loss: 0.8962, dir_res_loss: 0.6982, size_class_loss: 0.4195, size_res_loss: 0.3195, loss: 7.0360, grad_norm: 9.2332
2026-05-28 06:03:23,787 - mmdet - INFO - Epoch [20][1400/1652]	lr: 8.000e-03, eta: 2:24:38, time: 0.323, data_time: 0.024, memory: 9507, vote_loss: 3.2515, objectness_loss: 0.3510, semantic_loss: 0.3695, center_loss: 0.4695, dir_class_loss: 0.9609, dir_res_loss: 0.6630, size_class_loss: 0.3695, size_res_loss: 0.2784, loss: 6.7134, grad_norm: 8.8957
2026-05-28 06:03:39,935 - mmdet - INFO - Epoch [20][1450/1652]	lr: 8.000e-03, eta: 2:24:21, time: 0.323, data_time: 0.024, memory: 9507, vote_loss: 3.2226, objectness_loss: 0.3057, semantic_loss: 0.3085, center_loss: 0.4783, dir_class_loss: 0.9085, dir_res_loss: 0.6018, size_class_loss: 0.3085, size_res_loss: 0.2888, loss: 6.4228, grad_norm: 9.1944
2026-05-28 06:03:56,055 - mmdet - INFO - Epoch [20][1500/1652]	lr: 8.000e-03, eta: 2:24:05, time: 0.322, data_time: 0.024, memory: 9507, vote_loss: 3.1625, objectness_loss: 0.3592, semantic_loss: 0.3620, center_loss: 0.4686, dir_class_loss: 0.9786, dir_res_loss: 0.7013, size_class_loss: 0.3620, size_res_loss: 0.2798, loss: 6.6740, grad_norm: 8.2894
2026-05-28 06:04:12,222 - mmdet - INFO - Epoch [20][1550/1652]	lr: 8.000e-03, eta: 2:23:49, time: 0.323, data_time: 0.024, memory: 9507, vote_loss: 3.1279, objectness_loss: 0.3326, semantic_loss: 0.3603, center_loss: 0.4376, dir_class_loss: 0.8936, dir_res_loss: 0.6916, size_class_loss: 0.3603, size_res_loss: 0.3284, loss: 6.5324, grad_norm: 7.9398
2026-05-28 06:04:28,344 - mmdet - INFO - Epoch [20][1600/1652]	lr: 8.000e-03, eta: 2:23:32, time: 0.322, data_time: 0.023, memory: 9507, vote_loss: 3.2122, objectness_loss: 0.3228, semantic_loss: 0.3259, center_loss: 0.4850, dir_class_loss: 0.9064, dir_res_loss: 0.6747, size_class_loss: 0.3259, size_res_loss: 0.2920, loss: 6.5448, grad_norm: 8.0573
2026-05-28 06:04:44,493 - mmdet - INFO - Epoch [20][1650/1652]	lr: 8.000e-03, eta: 2:23:16, time: 0.323, data_time: 0.024, memory: 9507, vote_loss: 3.2358, objectness_loss: 0.3096, semantic_loss: 0.3510, center_loss: 0.4717, dir_class_loss: 0.9684, dir_res_loss: 0.5565, size_class_loss: 0.3511, size_res_loss: 0.2839, loss: 6.5279, grad_norm: 8.0169
2026-05-28 06:04:45,218 - mmdet - INFO - Saving checkpoint at 20 epochs
2026-05-28 06:05:04,401 - mmdet - INFO - Epoch [21][50/1652]	lr: 8.000e-03, eta: 2:23:01, time: 0.378, data_time: 0.077, memory: 9507, vote_loss: 3.2013, objectness_loss: 0.3475, semantic_loss: 0.3207, center_loss: 0.4422, dir_class_loss: 0.9190, dir_res_loss: 0.6887, size_class_loss: 0.3207, size_res_loss: 0.2677, loss: 6.5078, grad_norm: 8.0719
2026-05-28 06:05:20,556 - mmdet - INFO - Epoch [21][100/1652]	lr: 8.000e-03, eta: 2:22:44, time: 0.323, data_time: 0.024, memory: 9507, vote_loss: 3.1453, objectness_loss: 0.3567, semantic_loss: 0.3136, center_loss: 0.4748, dir_class_loss: 0.8970, dir_res_loss: 0.6591, size_class_loss: 0.3136, size_res_loss: 0.2944, loss: 6.4546, grad_norm: 8.2374
2026-05-28 06:05:36,777 - mmdet - INFO - Epoch [21][150/1652]	lr: 8.000e-03, eta: 2:22:28, time: 0.324, data_time: 0.024, memory: 9507, vote_loss: 3.3696, objectness_loss: 0.3534, semantic_loss: 0.3389, center_loss: 0.4860, dir_class_loss: 0.9248, dir_res_loss: 0.6794, size_class_loss: 0.3389, size_res_loss: 0.2805, loss: 6.7715, grad_norm: 8.7424
2026-05-28 06:05:53,002 - mmdet - INFO - Epoch [21][200/1652]	lr: 8.000e-03, eta: 2:22:12, time: 0.325, data_time: 0.024, memory: 9507, vote_loss: 3.1156, objectness_loss: 0.3311, semantic_loss: 0.3156, center_loss: 0.4927, dir_class_loss: 0.9388, dir_res_loss: 0.6715, size_class_loss: 0.3156, size_res_loss: 0.2717, loss: 6.4527, grad_norm: 8.7696
2026-05-28 06:06:09,184 - mmdet - INFO - Epoch [21][250/1652]	lr: 8.000e-03, eta: 2:21:55, time: 0.324, data_time: 0.024, memory: 9507, vote_loss: 3.2875, objectness_loss: 0.3552, semantic_loss: 0.3307, center_loss: 0.5494, dir_class_loss: 0.8700, dir_res_loss: 0.5932, size_class_loss: 0.3307, size_res_loss: 0.2904, loss: 6.6070, grad_norm: 8.5909
2026-05-28 06:06:25,368 - mmdet - INFO - Epoch [21][300/1652]	lr: 8.000e-03, eta: 2:21:39, time: 0.324, data_time: 0.024, memory: 9507, vote_loss: 3.0761, objectness_loss: 0.3521, semantic_loss: 0.3260, center_loss: 0.4546, dir_class_loss: 0.8607, dir_res_loss: 0.6710, size_class_loss: 0.3260, size_res_loss: 0.2598, loss: 6.3263, grad_norm: 8.5002
2026-05-28 06:06:41,821 - mmdet - INFO - Epoch [21][350/1652]	lr: 8.000e-03, eta: 2:21:23, time: 0.329, data_time: 0.029, memory: 9507, vote_loss: 3.1995, objectness_loss: 0.3223, semantic_loss: 0.3094, center_loss: 0.4464, dir_class_loss: 0.8857, dir_res_loss: 0.6308, size_class_loss: 0.3094, size_res_loss: 0.2695, loss: 6.3729, grad_norm: 7.7646
2026-05-28 06:06:58,031 - mmdet - INFO - Epoch [21][400/1652]	lr: 8.000e-03, eta: 2:21:07, time: 0.324, data_time: 0.025, memory: 9507, vote_loss: 3.2089, objectness_loss: 0.3319, semantic_loss: 0.3434, center_loss: 0.4851, dir_class_loss: 0.9148, dir_res_loss: 0.6621, size_class_loss: 0.3434, size_res_loss: 0.2932, loss: 6.5829, grad_norm: 8.7253
2026-05-28 06:07:14,184 - mmdet - INFO - Epoch [21][450/1652]	lr: 8.000e-03, eta: 2:20:50, time: 0.323, data_time: 0.024, memory: 9507, vote_loss: 3.2121, objectness_loss: 0.3371, semantic_loss: 0.3134, center_loss: 0.4690, dir_class_loss: 0.9086, dir_res_loss: 0.6643, size_class_loss: 0.3134, size_res_loss: 0.2902, loss: 6.5080, grad_norm: 8.9688
2026-05-28 06:07:30,326 - mmdet - INFO - Epoch [21][500/1652]	lr: 8.000e-03, eta: 2:20:34, time: 0.323, data_time: 0.024, memory: 9507, vote_loss: 3.2029, objectness_loss: 0.3269, semantic_loss: 0.3306, center_loss: 0.4858, dir_class_loss: 0.8843, dir_res_loss: 0.6817, size_class_loss: 0.3306, size_res_loss: 0.2985, loss: 6.5415, grad_norm: 8.9787
2026-05-28 06:07:46,544 - mmdet - INFO - Epoch [21][550/1652]	lr: 8.000e-03, eta: 2:20:18, time: 0.324, data_time: 0.024, memory: 9507, vote_loss: 3.2602, objectness_loss: 0.3307, semantic_loss: 0.3070, center_loss: 0.4800, dir_class_loss: 0.9396, dir_res_loss: 0.6100, size_class_loss: 0.3070, size_res_loss: 0.2807, loss: 6.5151, grad_norm: 8.4323
2026-05-28 06:08:02,741 - mmdet - INFO - Epoch [21][600/1652]	lr: 8.000e-03, eta: 2:20:01, time: 0.324, data_time: 0.024, memory: 9507, vote_loss: 3.1902, objectness_loss: 0.3503, semantic_loss: 0.3784, center_loss: 0.4211, dir_class_loss: 0.8899, dir_res_loss: 0.7029, size_class_loss: 0.3784, size_res_loss: 0.3003, loss: 6.6116, grad_norm: 7.6935
2026-05-28 06:08:18,877 - mmdet - INFO - Epoch [21][650/1652]	lr: 8.000e-03, eta: 2:19:45, time: 0.323, data_time: 0.024, memory: 9507, vote_loss: 3.2506, objectness_loss: 0.3432, semantic_loss: 0.3594, center_loss: 0.4760, dir_class_loss: 0.9079, dir_res_loss: 0.6323, size_class_loss: 0.3594, size_res_loss: 0.2895, loss: 6.6182, grad_norm: 7.7660
2026-05-28 06:08:35,066 - mmdet - INFO - Epoch [21][700/1652]	lr: 8.000e-03, eta: 2:19:29, time: 0.324, data_time: 0.024, memory: 9507, vote_loss: 3.2833, objectness_loss: 0.3445, semantic_loss: 0.3228, center_loss: 0.4914, dir_class_loss: 0.9197, dir_res_loss: 0.6544, size_class_loss: 0.3228, size_res_loss: 0.2919, loss: 6.6308, grad_norm: 8.4755
2026-05-28 06:08:51,209 - mmdet - INFO - Epoch [21][750/1652]	lr: 8.000e-03, eta: 2:19:12, time: 0.323, data_time: 0.024, memory: 9507, vote_loss: 3.1711, objectness_loss: 0.3230, semantic_loss: 0.3060, center_loss: 0.4390, dir_class_loss: 0.8774, dir_res_loss: 0.6669, size_class_loss: 0.3060, size_res_loss: 0.2817, loss: 6.3710, grad_norm: 9.0600
2026-05-28 06:09:07,384 - mmdet - INFO - Epoch [21][800/1652]	lr: 8.000e-03, eta: 2:18:56, time: 0.324, data_time: 0.024, memory: 9507, vote_loss: 3.1805, objectness_loss: 0.3567, semantic_loss: 0.3132, center_loss: 0.5002, dir_class_loss: 0.8235, dir_res_loss: 0.6725, size_class_loss: 0.3132, size_res_loss: 0.2726, loss: 6.4324, grad_norm: 8.1253
2026-05-28 06:09:23,536 - mmdet - INFO - Epoch [21][850/1652]	lr: 8.000e-03, eta: 2:18:40, time: 0.323, data_time: 0.024, memory: 9507, vote_loss: 3.2620, objectness_loss: 0.3090, semantic_loss: 0.2910, center_loss: 0.4411, dir_class_loss: 0.8841, dir_res_loss: 0.6965, size_class_loss: 0.2910, size_res_loss: 0.2783, loss: 6.4531, grad_norm: 7.7389
2026-05-28 06:09:39,711 - mmdet - INFO - Epoch [21][900/1652]	lr: 8.000e-03, eta: 2:18:23, time: 0.323, data_time: 0.024, memory: 9507, vote_loss: 3.2316, objectness_loss: 0.3166, semantic_loss: 0.3015, center_loss: 0.4624, dir_class_loss: 0.8976, dir_res_loss: 0.6338, size_class_loss: 0.3014, size_res_loss: 0.2516, loss: 6.3964, grad_norm: 8.4229
2026-05-28 06:09:55,957 - mmdet - INFO - Epoch [21][950/1652]	lr: 8.000e-03, eta: 2:18:07, time: 0.325, data_time: 0.024, memory: 9507, vote_loss: 3.3016, objectness_loss: 0.3438, semantic_loss: 0.3336, center_loss: 0.4622, dir_class_loss: 0.9393, dir_res_loss: 0.6119, size_class_loss: 0.3336, size_res_loss: 0.3061, loss: 6.6322, grad_norm: 8.4221
2026-05-28 06:10:12,180 - mmdet - INFO - Epoch [21][1000/1652]	lr: 8.000e-03, eta: 2:17:51, time: 0.324, data_time: 0.024, memory: 9507, vote_loss: 3.2578, objectness_loss: 0.3408, semantic_loss: 0.3381, center_loss: 0.5239, dir_class_loss: 0.9617, dir_res_loss: 0.6722, size_class_loss: 0.3381, size_res_loss: 0.3032, loss: 6.7358, grad_norm: 9.0869
2026-05-28 06:10:28,447 - mmdet - INFO - Epoch [21][1050/1652]	lr: 8.000e-03, eta: 2:17:34, time: 0.325, data_time: 0.024, memory: 9507, vote_loss: 3.3019, objectness_loss: 0.3216, semantic_loss: 0.3119, center_loss: 0.5057, dir_class_loss: 0.9369, dir_res_loss: 0.6514, size_class_loss: 0.3119, size_res_loss: 0.2801, loss: 6.6214, grad_norm: 8.7021
2026-05-28 06:10:44,692 - mmdet - INFO - Epoch [21][1100/1652]	lr: 8.000e-03, eta: 2:17:18, time: 0.325, data_time: 0.025, memory: 9507, vote_loss: 3.3480, objectness_loss: 0.3392, semantic_loss: 0.3367, center_loss: 0.5189, dir_class_loss: 0.9209, dir_res_loss: 0.6279, size_class_loss: 0.3367, size_res_loss: 0.2739, loss: 6.7024, grad_norm: 8.5340
2026-05-28 06:11:00,950 - mmdet - INFO - Epoch [21][1150/1652]	lr: 8.000e-03, eta: 2:17:02, time: 0.325, data_time: 0.025, memory: 9507, vote_loss: 3.1680, objectness_loss: 0.3329, semantic_loss: 0.2685, center_loss: 0.4409, dir_class_loss: 0.8350, dir_res_loss: 0.6687, size_class_loss: 0.2685, size_res_loss: 0.2613, loss: 6.2438, grad_norm: 7.7529
2026-05-28 06:11:17,246 - mmdet - INFO - Epoch [21][1200/1652]	lr: 8.000e-03, eta: 2:16:46, time: 0.326, data_time: 0.025, memory: 9507, vote_loss: 3.1805, objectness_loss: 0.3214, semantic_loss: 0.2897, center_loss: 0.5534, dir_class_loss: 0.8538, dir_res_loss: 0.6399, size_class_loss: 0.2897, size_res_loss: 0.2785, loss: 6.4069, grad_norm: 8.4620
2026-05-28 06:11:33,457 - mmdet - INFO - Epoch [21][1250/1652]	lr: 8.000e-03, eta: 2:16:29, time: 0.324, data_time: 0.024, memory: 9507, vote_loss: 3.3282, objectness_loss: 0.3487, semantic_loss: 0.3618, center_loss: 0.4376, dir_class_loss: 0.9035, dir_res_loss: 0.6422, size_class_loss: 0.3618, size_res_loss: 0.2758, loss: 6.6595, grad_norm: 8.3705
2026-05-28 06:11:49,605 - mmdet - INFO - Epoch [21][1300/1652]	lr: 8.000e-03, eta: 2:16:13, time: 0.323, data_time: 0.023, memory: 9507, vote_loss: 3.2403, objectness_loss: 0.3395, semantic_loss: 0.2954, center_loss: 0.4554, dir_class_loss: 0.9039, dir_res_loss: 0.6418, size_class_loss: 0.2954, size_res_loss: 0.2899, loss: 6.4617, grad_norm: 7.7194
2026-05-28 06:12:05,754 - mmdet - INFO - Epoch [21][1350/1652]	lr: 8.000e-03, eta: 2:15:57, time: 0.323, data_time: 0.023, memory: 9507, vote_loss: 3.2741, objectness_loss: 0.3244, semantic_loss: 0.3151, center_loss: 0.4970, dir_class_loss: 0.8992, dir_res_loss: 0.6520, size_class_loss: 0.3151, size_res_loss: 0.2552, loss: 6.5322, grad_norm: 8.5090
2026-05-28 06:12:21,937 - mmdet - INFO - Epoch [21][1400/1652]	lr: 8.000e-03, eta: 2:15:40, time: 0.324, data_time: 0.024, memory: 9507, vote_loss: 3.2139, objectness_loss: 0.3248, semantic_loss: 0.3318, center_loss: 0.4788, dir_class_loss: 0.8893, dir_res_loss: 0.7276, size_class_loss: 0.3318, size_res_loss: 0.2791, loss: 6.5772, grad_norm: 9.1255
2026-05-28 06:12:38,086 - mmdet - INFO - Epoch [21][1450/1652]	lr: 8.000e-03, eta: 2:15:24, time: 0.323, data_time: 0.024, memory: 9507, vote_loss: 3.1580, objectness_loss: 0.3254, semantic_loss: 0.3452, center_loss: 0.4641, dir_class_loss: 0.8937, dir_res_loss: 0.6121, size_class_loss: 0.3452, size_res_loss: 0.2474, loss: 6.3912, grad_norm: 8.7808
2026-05-28 06:12:54,319 - mmdet - INFO - Epoch [21][1500/1652]	lr: 8.000e-03, eta: 2:15:08, time: 0.325, data_time: 0.024, memory: 9507, vote_loss: 3.2928, objectness_loss: 0.3480, semantic_loss: 0.3911, center_loss: 0.4878, dir_class_loss: 0.9289, dir_res_loss: 0.7544, size_class_loss: 0.3911, size_res_loss: 0.2874, loss: 6.8816, grad_norm: 8.7111
2026-05-28 06:13:10,557 - mmdet - INFO - Epoch [21][1550/1652]	lr: 8.000e-03, eta: 2:14:51, time: 0.325, data_time: 0.023, memory: 9507, vote_loss: 3.1160, objectness_loss: 0.3447, semantic_loss: 0.3430, center_loss: 0.4163, dir_class_loss: 0.8886, dir_res_loss: 0.6990, size_class_loss: 0.3430, size_res_loss: 0.2846, loss: 6.4353, grad_norm: 7.5092
2026-05-28 06:13:26,724 - mmdet - INFO - Epoch [21][1600/1652]	lr: 8.000e-03, eta: 2:14:35, time: 0.323, data_time: 0.024, memory: 9507, vote_loss: 3.2255, objectness_loss: 0.3477, semantic_loss: 0.3608, center_loss: 0.5546, dir_class_loss: 0.9077, dir_res_loss: 0.6887, size_class_loss: 0.3608, size_res_loss: 0.2887, loss: 6.7343, grad_norm: 8.5972
2026-05-28 06:13:42,912 - mmdet - INFO - Epoch [21][1650/1652]	lr: 8.000e-03, eta: 2:14:19, time: 0.324, data_time: 0.024, memory: 9507, vote_loss: 3.1752, objectness_loss: 0.3249, semantic_loss: 0.3213, center_loss: 0.4536, dir_class_loss: 0.8892, dir_res_loss: 0.7045, size_class_loss: 0.3213, size_res_loss: 0.2668, loss: 6.4568, grad_norm: 8.8182
2026-05-28 06:13:43,641 - mmdet - INFO - Saving checkpoint at 21 epochs
2026-05-28 06:14:02,727 - mmdet - INFO - Epoch [22][50/1652]	lr: 8.000e-03, eta: 2:14:03, time: 0.376, data_time: 0.078, memory: 9507, vote_loss: 3.0177, objectness_loss: 0.3340, semantic_loss: 0.3102, center_loss: 0.4451, dir_class_loss: 0.8908, dir_res_loss: 0.6527, size_class_loss: 0.3102, size_res_loss: 0.2620, loss: 6.2228, grad_norm: 8.3862
2026-05-28 06:14:18,860 - mmdet - INFO - Epoch [22][100/1652]	lr: 8.000e-03, eta: 2:13:47, time: 0.323, data_time: 0.024, memory: 9507, vote_loss: 3.1254, objectness_loss: 0.3268, semantic_loss: 0.3339, center_loss: 0.4395, dir_class_loss: 0.9192, dir_res_loss: 0.5930, size_class_loss: 0.3339, size_res_loss: 0.2933, loss: 6.3650, grad_norm: 7.5085
2026-05-28 06:14:34,991 - mmdet - INFO - Epoch [22][150/1652]	lr: 8.000e-03, eta: 2:13:31, time: 0.323, data_time: 0.024, memory: 9507, vote_loss: 3.1325, objectness_loss: 0.3296, semantic_loss: 0.3222, center_loss: 0.4811, dir_class_loss: 0.9248, dir_res_loss: 0.6484, size_class_loss: 0.3222, size_res_loss: 0.2624, loss: 6.4231, grad_norm: 8.7624
2026-05-28 06:14:51,167 - mmdet - INFO - Epoch [22][200/1652]	lr: 8.000e-03, eta: 2:13:14, time: 0.324, data_time: 0.025, memory: 9507, vote_loss: 3.1989, objectness_loss: 0.3171, semantic_loss: 0.2769, center_loss: 0.5169, dir_class_loss: 0.8599, dir_res_loss: 0.6598, size_class_loss: 0.2769, size_res_loss: 0.2684, loss: 6.3748, grad_norm: 8.0158
2026-05-28 06:15:07,423 - mmdet - INFO - Epoch [22][250/1652]	lr: 8.000e-03, eta: 2:12:58, time: 0.325, data_time: 0.024, memory: 9507, vote_loss: 3.1627, objectness_loss: 0.3263, semantic_loss: 0.3394, center_loss: 0.5092, dir_class_loss: 0.8830, dir_res_loss: 0.7368, size_class_loss: 0.3394, size_res_loss: 0.3153, loss: 6.6121, grad_norm: 8.7182
2026-05-28 06:15:23,506 - mmdet - INFO - Epoch [22][300/1652]	lr: 8.000e-03, eta: 2:12:42, time: 0.322, data_time: 0.023, memory: 9507, vote_loss: 3.2842, objectness_loss: 0.3579, semantic_loss: 0.3497, center_loss: 0.4702, dir_class_loss: 0.8777, dir_res_loss: 0.6843, size_class_loss: 0.3497, size_res_loss: 0.2702, loss: 6.6439, grad_norm: 8.3164
2026-05-28 06:15:39,720 - mmdet - INFO - Epoch [22][350/1652]	lr: 8.000e-03, eta: 2:12:25, time: 0.324, data_time: 0.026, memory: 9507, vote_loss: 3.2196, objectness_loss: 0.3453, semantic_loss: 0.3506, center_loss: 0.5187, dir_class_loss: 0.9253, dir_res_loss: 0.6438, size_class_loss: 0.3506, size_res_loss: 0.2740, loss: 6.6279, grad_norm: 8.7387
2026-05-28 06:15:55,802 - mmdet - INFO - Epoch [22][400/1652]	lr: 8.000e-03, eta: 2:12:09, time: 0.322, data_time: 0.023, memory: 9507, vote_loss: 3.2321, objectness_loss: 0.3544, semantic_loss: 0.3472, center_loss: 0.4692, dir_class_loss: 0.8860, dir_res_loss: 0.6785, size_class_loss: 0.3472, size_res_loss: 0.2447, loss: 6.5593, grad_norm: 8.5174
2026-05-28 06:16:11,890 - mmdet - INFO - Epoch [22][450/1652]	lr: 8.000e-03, eta: 2:11:52, time: 0.322, data_time: 0.024, memory: 9507, vote_loss: 3.1265, objectness_loss: 0.3096, semantic_loss: 0.2990, center_loss: 0.4514, dir_class_loss: 0.8629, dir_res_loss: 0.6582, size_class_loss: 0.2990, size_res_loss: 0.2524, loss: 6.2589, grad_norm: 8.3230
2026-05-28 06:16:27,999 - mmdet - INFO - Epoch [22][500/1652]	lr: 8.000e-03, eta: 2:11:36, time: 0.322, data_time: 0.024, memory: 9507, vote_loss: 3.3010, objectness_loss: 0.3289, semantic_loss: 0.3465, center_loss: 0.4727, dir_class_loss: 0.8911, dir_res_loss: 0.6623, size_class_loss: 0.3465, size_res_loss: 0.2777, loss: 6.6266, grad_norm: 8.9548
2026-05-28 06:16:44,157 - mmdet - INFO - Epoch [22][550/1652]	lr: 8.000e-03, eta: 2:11:20, time: 0.323, data_time: 0.025, memory: 9507, vote_loss: 3.2686, objectness_loss: 0.3174, semantic_loss: 0.3043, center_loss: 0.4961, dir_class_loss: 0.9268, dir_res_loss: 0.6236, size_class_loss: 0.3043, size_res_loss: 0.2659, loss: 6.5069, grad_norm: 8.5348
2026-05-28 06:17:00,306 - mmdet - INFO - Epoch [22][600/1652]	lr: 8.000e-03, eta: 2:11:03, time: 0.323, data_time: 0.025, memory: 9507, vote_loss: 3.2808, objectness_loss: 0.3310, semantic_loss: 0.3287, center_loss: 0.5092, dir_class_loss: 0.9721, dir_res_loss: 0.7546, size_class_loss: 0.3287, size_res_loss: 0.2694, loss: 6.7745, grad_norm: 8.9218
2026-05-28 06:17:16,459 - mmdet - INFO - Epoch [22][650/1652]	lr: 8.000e-03, eta: 2:10:47, time: 0.323, data_time: 0.024, memory: 9507, vote_loss: 3.0929, objectness_loss: 0.3108, semantic_loss: 0.3517, center_loss: 0.4427, dir_class_loss: 0.8980, dir_res_loss: 0.6753, size_class_loss: 0.3517, size_res_loss: 0.2747, loss: 6.3978, grad_norm: 7.9386
2026-05-28 06:17:32,661 - mmdet - INFO - Epoch [22][700/1652]	lr: 8.000e-03, eta: 2:10:31, time: 0.324, data_time: 0.024, memory: 9507, vote_loss: 3.1440, objectness_loss: 0.3201, semantic_loss: 0.3035, center_loss: 0.4327, dir_class_loss: 0.9175, dir_res_loss: 0.6815, size_class_loss: 0.3035, size_res_loss: 0.2677, loss: 6.3704, grad_norm: 7.6965
2026-05-28 06:17:48,857 - mmdet - INFO - Epoch [22][750/1652]	lr: 8.000e-03, eta: 2:10:14, time: 0.324, data_time: 0.024, memory: 9507, vote_loss: 3.2463, objectness_loss: 0.3183, semantic_loss: 0.3188, center_loss: 0.4868, dir_class_loss: 0.8802, dir_res_loss: 0.5963, size_class_loss: 0.3188, size_res_loss: 0.2811, loss: 6.4465, grad_norm: 8.1525
2026-05-28 06:18:05,032 - mmdet - INFO - Epoch [22][800/1652]	lr: 8.000e-03, eta: 2:09:58, time: 0.323, data_time: 0.024, memory: 9507, vote_loss: 3.3449, objectness_loss: 0.3241, semantic_loss: 0.3352, center_loss: 0.4852, dir_class_loss: 0.8428, dir_res_loss: 0.6367, size_class_loss: 0.3352, size_res_loss: 0.2835, loss: 6.5877, grad_norm: 8.4434
2026-05-28 06:18:21,196 - mmdet - INFO - Epoch [22][850/1652]	lr: 8.000e-03, eta: 2:09:42, time: 0.323, data_time: 0.024, memory: 9507, vote_loss: 3.2327, objectness_loss: 0.3393, semantic_loss: 0.3086, center_loss: 0.4484, dir_class_loss: 0.8414, dir_res_loss: 0.6277, size_class_loss: 0.3086, size_res_loss: 0.2648, loss: 6.3716, grad_norm: 8.3531
2026-05-28 06:18:37,402 - mmdet - INFO - Epoch [22][900/1652]	lr: 8.000e-03, eta: 2:09:26, time: 0.324, data_time: 0.024, memory: 9507, vote_loss: 3.2386, objectness_loss: 0.3427, semantic_loss: 0.3358, center_loss: 0.4516, dir_class_loss: 0.8761, dir_res_loss: 0.6726, size_class_loss: 0.3358, size_res_loss: 0.2683, loss: 6.5215, grad_norm: 7.8142
2026-05-28 06:18:53,688 - mmdet - INFO - Epoch [22][950/1652]	lr: 8.000e-03, eta: 2:09:09, time: 0.326, data_time: 0.025, memory: 9507, vote_loss: 3.1151, objectness_loss: 0.3626, semantic_loss: 0.2706, center_loss: 0.4562, dir_class_loss: 0.8731, dir_res_loss: 0.5737, size_class_loss: 0.2706, size_res_loss: 0.2610, loss: 6.1829, grad_norm: 8.3449
2026-05-28 06:19:09,842 - mmdet - INFO - Epoch [22][1000/1652]	lr: 8.000e-03, eta: 2:08:53, time: 0.323, data_time: 0.024, memory: 9507, vote_loss: 3.0969, objectness_loss: 0.3360, semantic_loss: 0.3436, center_loss: 0.4149, dir_class_loss: 0.8416, dir_res_loss: 0.5800, size_class_loss: 0.3436, size_res_loss: 0.2702, loss: 6.2267, grad_norm: 8.7994
2026-05-28 06:19:26,003 - mmdet - INFO - Epoch [22][1050/1652]	lr: 8.000e-03, eta: 2:08:37, time: 0.323, data_time: 0.024, memory: 9507, vote_loss: 3.0592, objectness_loss: 0.3168, semantic_loss: 0.3281, center_loss: 0.4733, dir_class_loss: 0.8761, dir_res_loss: 0.7247, size_class_loss: 0.3281, size_res_loss: 0.3013, loss: 6.4076, grad_norm: 8.9205
2026-05-28 06:19:42,183 - mmdet - INFO - Epoch [22][1100/1652]	lr: 8.000e-03, eta: 2:08:20, time: 0.324, data_time: 0.024, memory: 9507, vote_loss: 3.2627, objectness_loss: 0.3221, semantic_loss: 0.3272, center_loss: 0.5511, dir_class_loss: 0.9430, dir_res_loss: 0.6645, size_class_loss: 0.3272, size_res_loss: 0.3032, loss: 6.7009, grad_norm: 8.7228
2026-05-28 06:19:58,439 - mmdet - INFO - Epoch [22][1150/1652]	lr: 8.000e-03, eta: 2:08:04, time: 0.325, data_time: 0.025, memory: 9507, vote_loss: 3.1703, objectness_loss: 0.3379, semantic_loss: 0.3418, center_loss: 0.4365, dir_class_loss: 0.9416, dir_res_loss: 0.6879, size_class_loss: 0.3418, size_res_loss: 0.2855, loss: 6.5435, grad_norm: 8.5116
2026-05-28 06:20:14,653 - mmdet - INFO - Epoch [22][1200/1652]	lr: 8.000e-03, eta: 2:07:48, time: 0.324, data_time: 0.024, memory: 9507, vote_loss: 3.2815, objectness_loss: 0.3410, semantic_loss: 0.3646, center_loss: 0.4632, dir_class_loss: 0.9425, dir_res_loss: 0.7193, size_class_loss: 0.3646, size_res_loss: 0.2889, loss: 6.7657, grad_norm: 8.4639
2026-05-28 06:20:30,854 - mmdet - INFO - Epoch [22][1250/1652]	lr: 8.000e-03, eta: 2:07:31, time: 0.324, data_time: 0.024, memory: 9507, vote_loss: 3.2163, objectness_loss: 0.3426, semantic_loss: 0.3547, center_loss: 0.4296, dir_class_loss: 0.9315, dir_res_loss: 0.7069, size_class_loss: 0.3547, size_res_loss: 0.3046, loss: 6.6410, grad_norm: 7.8489
2026-05-28 06:20:47,121 - mmdet - INFO - Epoch [22][1300/1652]	lr: 8.000e-03, eta: 2:07:15, time: 0.325, data_time: 0.024, memory: 9507, vote_loss: 3.2540, objectness_loss: 0.3327, semantic_loss: 0.3548, center_loss: 0.4477, dir_class_loss: 0.9169, dir_res_loss: 0.6576, size_class_loss: 0.3548, size_res_loss: 0.2739, loss: 6.5922, grad_norm: 8.3382
2026-05-28 06:21:03,308 - mmdet - INFO - Epoch [22][1350/1652]	lr: 8.000e-03, eta: 2:06:59, time: 0.324, data_time: 0.024, memory: 9507, vote_loss: 3.1635, objectness_loss: 0.3561, semantic_loss: 0.3790, center_loss: 0.4923, dir_class_loss: 0.9305, dir_res_loss: 0.6973, size_class_loss: 0.3790, size_res_loss: 0.2610, loss: 6.6587, grad_norm: 9.0130
2026-05-28 06:21:19,550 - mmdet - INFO - Epoch [22][1400/1652]	lr: 8.000e-03, eta: 2:06:43, time: 0.325, data_time: 0.024, memory: 9507, vote_loss: 3.1478, objectness_loss: 0.3103, semantic_loss: 0.3383, center_loss: 0.4638, dir_class_loss: 0.9186, dir_res_loss: 0.6321, size_class_loss: 0.3383, size_res_loss: 0.2640, loss: 6.4133, grad_norm: 8.2586
2026-05-28 06:21:35,754 - mmdet - INFO - Epoch [22][1450/1652]	lr: 8.000e-03, eta: 2:06:26, time: 0.324, data_time: 0.025, memory: 9507, vote_loss: 3.2574, objectness_loss: 0.3086, semantic_loss: 0.3266, center_loss: 0.4654, dir_class_loss: 0.8939, dir_res_loss: 0.6404, size_class_loss: 0.3266, size_res_loss: 0.2832, loss: 6.5021, grad_norm: 8.2662
2026-05-28 06:21:51,930 - mmdet - INFO - Epoch [22][1500/1652]	lr: 8.000e-03, eta: 2:06:10, time: 0.324, data_time: 0.024, memory: 9507, vote_loss: 3.1354, objectness_loss: 0.3375, semantic_loss: 0.3355, center_loss: 0.4612, dir_class_loss: 0.9368, dir_res_loss: 0.6761, size_class_loss: 0.3355, size_res_loss: 0.2809, loss: 6.4990, grad_norm: 8.8817
2026-05-28 06:22:08,119 - mmdet - INFO - Epoch [22][1550/1652]	lr: 8.000e-03, eta: 2:05:54, time: 0.324, data_time: 0.024, memory: 9507, vote_loss: 3.1501, objectness_loss: 0.3414, semantic_loss: 0.3469, center_loss: 0.4787, dir_class_loss: 0.8453, dir_res_loss: 0.6033, size_class_loss: 0.3469, size_res_loss: 0.2830, loss: 6.3956, grad_norm: 8.7659
2026-05-28 06:22:24,373 - mmdet - INFO - Epoch [22][1600/1652]	lr: 8.000e-03, eta: 2:05:37, time: 0.325, data_time: 0.025, memory: 9507, vote_loss: 3.1956, objectness_loss: 0.3350, semantic_loss: 0.2923, center_loss: 0.4368, dir_class_loss: 0.9146, dir_res_loss: 0.7359, size_class_loss: 0.2923, size_res_loss: 0.2607, loss: 6.4634, grad_norm: 7.7317
2026-05-28 06:22:40,632 - mmdet - INFO - Epoch [22][1650/1652]	lr: 8.000e-03, eta: 2:05:21, time: 0.325, data_time: 0.024, memory: 9507, vote_loss: 3.3357, objectness_loss: 0.3098, semantic_loss: 0.2754, center_loss: 0.4567, dir_class_loss: 0.8875, dir_res_loss: 0.7123, size_class_loss: 0.2754, size_res_loss: 0.2747, loss: 6.5275, grad_norm: 8.6265
2026-05-28 06:22:41,353 - mmdet - INFO - Saving checkpoint at 22 epochs
2026-05-28 06:23:00,523 - mmdet - INFO - Epoch [23][50/1652]	lr: 8.000e-03, eta: 2:05:06, time: 0.377, data_time: 0.077, memory: 9507, vote_loss: 3.3074, objectness_loss: 0.3184, semantic_loss: 0.3425, center_loss: 0.5144, dir_class_loss: 0.8873, dir_res_loss: 0.6304, size_class_loss: 0.3425, size_res_loss: 0.2752, loss: 6.6182, grad_norm: 9.2410
2026-05-28 06:23:16,866 - mmdet - INFO - Epoch [23][100/1652]	lr: 8.000e-03, eta: 2:04:49, time: 0.327, data_time: 0.025, memory: 9507, vote_loss: 3.1368, objectness_loss: 0.3260, semantic_loss: 0.3291, center_loss: 0.4568, dir_class_loss: 0.9410, dir_res_loss: 0.7257, size_class_loss: 0.3291, size_res_loss: 0.2899, loss: 6.5343, grad_norm: 8.4224
2026-05-28 06:23:33,087 - mmdet - INFO - Epoch [23][150/1652]	lr: 8.000e-03, eta: 2:04:33, time: 0.324, data_time: 0.024, memory: 9507, vote_loss: 3.2114, objectness_loss: 0.3378, semantic_loss: 0.3291, center_loss: 0.4397, dir_class_loss: 1.0086, dir_res_loss: 0.7193, size_class_loss: 0.3291, size_res_loss: 0.2697, loss: 6.6448, grad_norm: 8.5157
2026-05-28 06:23:49,295 - mmdet - INFO - Epoch [23][200/1652]	lr: 8.000e-03, eta: 2:04:17, time: 0.324, data_time: 0.025, memory: 9507, vote_loss: 3.0959, objectness_loss: 0.3270, semantic_loss: 0.3295, center_loss: 0.4235, dir_class_loss: 0.8144, dir_res_loss: 0.5743, size_class_loss: 0.3295, size_res_loss: 0.2574, loss: 6.1514, grad_norm: 7.6908
2026-05-28 06:24:05,512 - mmdet - INFO - Epoch [23][250/1652]	lr: 8.000e-03, eta: 2:04:00, time: 0.324, data_time: 0.024, memory: 9507, vote_loss: 3.1639, objectness_loss: 0.3135, semantic_loss: 0.3080, center_loss: 0.5362, dir_class_loss: 0.8571, dir_res_loss: 0.6067, size_class_loss: 0.3080, size_res_loss: 0.2810, loss: 6.3743, grad_norm: 8.1096
2026-05-28 06:24:21,729 - mmdet - INFO - Epoch [23][300/1652]	lr: 8.000e-03, eta: 2:03:44, time: 0.324, data_time: 0.024, memory: 9507, vote_loss: 3.2023, objectness_loss: 0.3140, semantic_loss: 0.3617, center_loss: 0.4868, dir_class_loss: 0.9398, dir_res_loss: 0.7108, size_class_loss: 0.3617, size_res_loss: 0.2732, loss: 6.6502, grad_norm: 8.5801
2026-05-28 06:24:37,968 - mmdet - INFO - Epoch [23][350/1652]	lr: 8.000e-03, eta: 2:03:28, time: 0.325, data_time: 0.024, memory: 9507, vote_loss: 3.0902, objectness_loss: 0.3325, semantic_loss: 0.3053, center_loss: 0.4254, dir_class_loss: 0.8709, dir_res_loss: 0.6911, size_class_loss: 0.3053, size_res_loss: 0.2715, loss: 6.2923, grad_norm: 8.1969
2026-05-28 06:24:54,249 - mmdet - INFO - Epoch [23][400/1652]	lr: 8.000e-03, eta: 2:03:12, time: 0.326, data_time: 0.024, memory: 9507, vote_loss: 3.3332, objectness_loss: 0.3147, semantic_loss: 0.3110, center_loss: 0.4619, dir_class_loss: 0.8462, dir_res_loss: 0.6270, size_class_loss: 0.3110, size_res_loss: 0.2985, loss: 6.5036, grad_norm: 8.3794
2026-05-28 06:25:10,509 - mmdet - INFO - Epoch [23][450/1652]	lr: 8.000e-03, eta: 2:02:55, time: 0.325, data_time: 0.026, memory: 9507, vote_loss: 3.0590, objectness_loss: 0.3084, semantic_loss: 0.2792, center_loss: 0.4454, dir_class_loss: 0.8095, dir_res_loss: 0.5923, size_class_loss: 0.2792, size_res_loss: 0.2837, loss: 6.0566, grad_norm: 8.6403
2026-05-28 06:25:26,856 - mmdet - INFO - Epoch [23][500/1652]	lr: 8.000e-03, eta: 2:02:39, time: 0.327, data_time: 0.027, memory: 9507, vote_loss: 3.1496, objectness_loss: 0.3069, semantic_loss: 0.2839, center_loss: 0.4202, dir_class_loss: 0.9460, dir_res_loss: 0.5930, size_class_loss: 0.2839, size_res_loss: 0.2877, loss: 6.2712, grad_norm: 8.0202
2026-05-28 06:25:43,052 - mmdet - INFO - Epoch [23][550/1652]	lr: 8.000e-03, eta: 2:02:23, time: 0.324, data_time: 0.024, memory: 9507, vote_loss: 3.2139, objectness_loss: 0.3262, semantic_loss: 0.2949, center_loss: 0.4781, dir_class_loss: 0.9149, dir_res_loss: 0.7422, size_class_loss: 0.2949, size_res_loss: 0.2502, loss: 6.5154, grad_norm: 8.8684
2026-05-28 06:25:59,183 - mmdet - INFO - Epoch [23][600/1652]	lr: 8.000e-03, eta: 2:02:06, time: 0.323, data_time: 0.024, memory: 9507, vote_loss: 3.0130, objectness_loss: 0.3496, semantic_loss: 0.2875, center_loss: 0.4617, dir_class_loss: 0.8807, dir_res_loss: 0.6551, size_class_loss: 0.2875, size_res_loss: 0.2487, loss: 6.1837, grad_norm: 8.6653
2026-05-28 06:26:15,416 - mmdet - INFO - Epoch [23][650/1652]	lr: 8.000e-03, eta: 2:01:50, time: 0.325, data_time: 0.025, memory: 9507, vote_loss: 3.1856, objectness_loss: 0.3581, semantic_loss: 0.3084, center_loss: 0.4938, dir_class_loss: 0.8928, dir_res_loss: 0.7062, size_class_loss: 0.3084, size_res_loss: 0.2725, loss: 6.5258, grad_norm: 8.9027
2026-05-28 06:26:31,690 - mmdet - INFO - Epoch [23][700/1652]	lr: 8.000e-03, eta: 2:01:34, time: 0.325, data_time: 0.025, memory: 9507, vote_loss: 3.2309, objectness_loss: 0.3449, semantic_loss: 0.3624, center_loss: 0.4595, dir_class_loss: 0.9603, dir_res_loss: 0.6258, size_class_loss: 0.3624, size_res_loss: 0.2794, loss: 6.6257, grad_norm: 8.4660
2026-05-28 06:26:47,962 - mmdet - INFO - Epoch [23][750/1652]	lr: 8.000e-03, eta: 2:01:18, time: 0.325, data_time: 0.024, memory: 9507, vote_loss: 3.1701, objectness_loss: 0.3704, semantic_loss: 0.4050, center_loss: 0.4645, dir_class_loss: 0.8999, dir_res_loss: 0.6545, size_class_loss: 0.4050, size_res_loss: 0.3068, loss: 6.6761, grad_norm: 7.9313
2026-05-28 06:27:04,138 - mmdet - INFO - Epoch [23][800/1652]	lr: 8.000e-03, eta: 2:01:01, time: 0.324, data_time: 0.024, memory: 9507, vote_loss: 3.2940, objectness_loss: 0.3417, semantic_loss: 0.3326, center_loss: 0.4979, dir_class_loss: 0.9050, dir_res_loss: 0.6064, size_class_loss: 0.3326, size_res_loss: 0.2739, loss: 6.5840, grad_norm: 8.8336
2026-05-28 06:27:20,376 - mmdet - INFO - Epoch [23][850/1652]	lr: 8.000e-03, eta: 2:00:45, time: 0.325, data_time: 0.024, memory: 9507, vote_loss: 3.1168, objectness_loss: 0.3300, semantic_loss: 0.2950, center_loss: 0.4887, dir_class_loss: 0.8766, dir_res_loss: 0.6387, size_class_loss: 0.2950, size_res_loss: 0.2914, loss: 6.3322, grad_norm: 8.9693
2026-05-28 06:27:36,587 - mmdet - INFO - Epoch [23][900/1652]	lr: 8.000e-03, eta: 2:00:29, time: 0.324, data_time: 0.024, memory: 9507, vote_loss: 3.1325, objectness_loss: 0.3580, semantic_loss: 0.3331, center_loss: 0.4725, dir_class_loss: 0.8911, dir_res_loss: 0.7867, size_class_loss: 0.3331, size_res_loss: 0.2634, loss: 6.5706, grad_norm: 8.4200
2026-05-28 06:27:52,872 - mmdet - INFO - Epoch [23][950/1652]	lr: 8.000e-03, eta: 2:00:13, time: 0.326, data_time: 0.025, memory: 9507, vote_loss: 3.2334, objectness_loss: 0.3515, semantic_loss: 0.2901, center_loss: 0.5820, dir_class_loss: 0.9055, dir_res_loss: 0.7528, size_class_loss: 0.2900, size_res_loss: 0.2792, loss: 6.6845, grad_norm: 9.2339
2026-05-28 06:28:09,097 - mmdet - INFO - Epoch [23][1000/1652]	lr: 8.000e-03, eta: 1:59:56, time: 0.325, data_time: 0.025, memory: 9507, vote_loss: 3.2028, objectness_loss: 0.3150, semantic_loss: 0.3303, center_loss: 0.4703, dir_class_loss: 0.8736, dir_res_loss: 0.6541, size_class_loss: 0.3303, size_res_loss: 0.2632, loss: 6.4396, grad_norm: 9.1808
2026-05-28 06:28:25,326 - mmdet - INFO - Epoch [23][1050/1652]	lr: 8.000e-03, eta: 1:59:40, time: 0.325, data_time: 0.024, memory: 9507, vote_loss: 3.2362, objectness_loss: 0.3222, semantic_loss: 0.3535, center_loss: 0.4570, dir_class_loss: 0.8961, dir_res_loss: 0.6702, size_class_loss: 0.3535, size_res_loss: 0.2959, loss: 6.5847, grad_norm: 8.3826
2026-05-28 06:28:41,460 - mmdet - INFO - Epoch [23][1100/1652]	lr: 8.000e-03, eta: 1:59:24, time: 0.323, data_time: 0.024, memory: 9507, vote_loss: 3.2070, objectness_loss: 0.3389, semantic_loss: 0.3130, center_loss: 0.4648, dir_class_loss: 0.9207, dir_res_loss: 0.6896, size_class_loss: 0.3130, size_res_loss: 0.2548, loss: 6.5017, grad_norm: 9.1265
2026-05-28 06:28:57,709 - mmdet - INFO - Epoch [23][1150/1652]	lr: 8.000e-03, eta: 1:59:07, time: 0.325, data_time: 0.025, memory: 9507, vote_loss: 3.1784, objectness_loss: 0.3323, semantic_loss: 0.3138, center_loss: 0.5363, dir_class_loss: 0.8407, dir_res_loss: 0.6226, size_class_loss: 0.3138, size_res_loss: 0.2836, loss: 6.4213, grad_norm: 8.6477
2026-05-28 06:29:13,870 - mmdet - INFO - Epoch [23][1200/1652]	lr: 8.000e-03, eta: 1:58:51, time: 0.323, data_time: 0.024, memory: 9507, vote_loss: 3.1000, objectness_loss: 0.3042, semantic_loss: 0.3212, center_loss: 0.4544, dir_class_loss: 0.8846, dir_res_loss: 0.6686, size_class_loss: 0.3212, size_res_loss: 0.2523, loss: 6.3065, grad_norm: 8.3173
2026-05-28 06:29:29,988 - mmdet - INFO - Epoch [23][1250/1652]	lr: 8.000e-03, eta: 1:58:35, time: 0.322, data_time: 0.024, memory: 9507, vote_loss: 3.2879, objectness_loss: 0.3199, semantic_loss: 0.3339, center_loss: 0.4500, dir_class_loss: 0.9062, dir_res_loss: 0.6920, size_class_loss: 0.3339, size_res_loss: 0.3158, loss: 6.6396, grad_norm: 8.3140
2026-05-28 06:29:46,219 - mmdet - INFO - Epoch [23][1300/1652]	lr: 8.000e-03, eta: 1:58:18, time: 0.325, data_time: 0.026, memory: 9507, vote_loss: 3.1775, objectness_loss: 0.3333, semantic_loss: 0.3987, center_loss: 0.4584, dir_class_loss: 0.8895, dir_res_loss: 0.6366, size_class_loss: 0.3987, size_res_loss: 0.2832, loss: 6.5759, grad_norm: 9.5336
2026-05-28 06:30:02,351 - mmdet - INFO - Epoch [23][1350/1652]	lr: 8.000e-03, eta: 1:58:02, time: 0.323, data_time: 0.024, memory: 9507, vote_loss: 3.1567, objectness_loss: 0.3175, semantic_loss: 0.3349, center_loss: 0.4602, dir_class_loss: 0.9191, dir_res_loss: 0.5901, size_class_loss: 0.3349, size_res_loss: 0.2863, loss: 6.3997, grad_norm: 8.0479
2026-05-28 06:30:18,523 - mmdet - INFO - Epoch [23][1400/1652]	lr: 8.000e-03, eta: 1:57:46, time: 0.323, data_time: 0.025, memory: 9507, vote_loss: 3.1829, objectness_loss: 0.3326, semantic_loss: 0.3245, center_loss: 0.4956, dir_class_loss: 0.9670, dir_res_loss: 0.7485, size_class_loss: 0.3245, size_res_loss: 0.3001, loss: 6.6757, grad_norm: 8.9360
2026-05-28 06:30:34,651 - mmdet - INFO - Epoch [23][1450/1652]	lr: 8.000e-03, eta: 1:57:29, time: 0.323, data_time: 0.024, memory: 9507, vote_loss: 3.2240, objectness_loss: 0.2994, semantic_loss: 0.2857, center_loss: 0.4294, dir_class_loss: 0.9333, dir_res_loss: 0.6336, size_class_loss: 0.2857, size_res_loss: 0.3026, loss: 6.3937, grad_norm: 7.6605
2026-05-28 06:30:50,765 - mmdet - INFO - Epoch [23][1500/1652]	lr: 8.000e-03, eta: 1:57:13, time: 0.322, data_time: 0.024, memory: 9507, vote_loss: 3.2277, objectness_loss: 0.3434, semantic_loss: 0.3296, center_loss: 0.4565, dir_class_loss: 0.9063, dir_res_loss: 0.6660, size_class_loss: 0.3296, size_res_loss: 0.2953, loss: 6.5543, grad_norm: 8.1438
2026-05-28 06:31:06,919 - mmdet - INFO - Epoch [23][1550/1652]	lr: 8.000e-03, eta: 1:56:57, time: 0.323, data_time: 0.025, memory: 9507, vote_loss: 3.1977, objectness_loss: 0.3229, semantic_loss: 0.3304, center_loss: 0.5018, dir_class_loss: 0.9358, dir_res_loss: 0.6549, size_class_loss: 0.3304, size_res_loss: 0.2819, loss: 6.5556, grad_norm: 8.0583
2026-05-28 06:31:23,103 - mmdet - INFO - Epoch [23][1600/1652]	lr: 8.000e-03, eta: 1:56:40, time: 0.324, data_time: 0.024, memory: 9507, vote_loss: 3.2588, objectness_loss: 0.3327, semantic_loss: 0.3717, center_loss: 0.4768, dir_class_loss: 0.8916, dir_res_loss: 0.7015, size_class_loss: 0.3717, size_res_loss: 0.2999, loss: 6.7046, grad_norm: 8.4369
2026-05-28 06:31:39,251 - mmdet - INFO - Epoch [23][1650/1652]	lr: 8.000e-03, eta: 1:56:24, time: 0.323, data_time: 0.023, memory: 9507, vote_loss: 3.1726, objectness_loss: 0.3214, semantic_loss: 0.3297, center_loss: 0.4208, dir_class_loss: 0.9551, dir_res_loss: 0.6933, size_class_loss: 0.3297, size_res_loss: 0.2852, loss: 6.5076, grad_norm: 8.1417
2026-05-28 06:31:39,963 - mmdet - INFO - Saving checkpoint at 23 epochs
2026-05-28 06:31:58,951 - mmdet - INFO - Epoch [24][50/1652]	lr: 8.000e-03, eta: 1:56:08, time: 0.374, data_time: 0.076, memory: 9507, vote_loss: 3.1898, objectness_loss: 0.3304, semantic_loss: 0.2971, center_loss: 0.4582, dir_class_loss: 0.8796, dir_res_loss: 0.5899, size_class_loss: 0.2971, size_res_loss: 0.3330, loss: 6.3752, grad_norm: 8.4367
2026-05-28 06:32:15,111 - mmdet - INFO - Epoch [24][100/1652]	lr: 8.000e-03, eta: 1:55:52, time: 0.323, data_time: 0.024, memory: 9507, vote_loss: 3.0727, objectness_loss: 0.3348, semantic_loss: 0.2689, center_loss: 0.4275, dir_class_loss: 0.8417, dir_res_loss: 0.7042, size_class_loss: 0.2689, size_res_loss: 0.2731, loss: 6.1918, grad_norm: 8.3790
2026-05-28 06:32:31,417 - mmdet - INFO - Epoch [24][150/1652]	lr: 8.000e-03, eta: 1:55:36, time: 0.326, data_time: 0.025, memory: 9507, vote_loss: 3.0148, objectness_loss: 0.2926, semantic_loss: 0.3200, center_loss: 0.4588, dir_class_loss: 0.8646, dir_res_loss: 0.7085, size_class_loss: 0.3200, size_res_loss: 0.2586, loss: 6.2378, grad_norm: 8.9026
2026-05-28 06:32:47,668 - mmdet - INFO - Epoch [24][200/1652]	lr: 8.000e-03, eta: 1:55:19, time: 0.325, data_time: 0.025, memory: 9507, vote_loss: 3.0564, objectness_loss: 0.3344, semantic_loss: 0.2984, center_loss: 0.4081, dir_class_loss: 0.8663, dir_res_loss: 0.6718, size_class_loss: 0.2984, size_res_loss: 0.2740, loss: 6.2079, grad_norm: 7.7007
2026-05-28 06:33:03,961 - mmdet - INFO - Epoch [24][250/1652]	lr: 8.000e-03, eta: 1:55:03, time: 0.326, data_time: 0.024, memory: 9507, vote_loss: 3.0448, objectness_loss: 0.3216, semantic_loss: 0.2885, center_loss: 0.4887, dir_class_loss: 0.8833, dir_res_loss: 0.6131, size_class_loss: 0.2885, size_res_loss: 0.2591, loss: 6.1876, grad_norm: 7.9815
2026-05-28 06:33:20,215 - mmdet - INFO - Epoch [24][300/1652]	lr: 8.000e-03, eta: 1:54:47, time: 0.325, data_time: 0.025, memory: 9507, vote_loss: 3.1384, objectness_loss: 0.3218, semantic_loss: 0.3084, center_loss: 0.4478, dir_class_loss: 0.8529, dir_res_loss: 0.6365, size_class_loss: 0.3084, size_res_loss: 0.2688, loss: 6.2831, grad_norm: 8.1764
2026-05-28 06:33:36,471 - mmdet - INFO - Epoch [24][350/1652]	lr: 8.000e-03, eta: 1:54:31, time: 0.325, data_time: 0.025, memory: 9507, vote_loss: 3.1776, objectness_loss: 0.3257, semantic_loss: 0.3483, center_loss: 0.4343, dir_class_loss: 0.9437, dir_res_loss: 0.6603, size_class_loss: 0.3483, size_res_loss: 0.2906, loss: 6.5287, grad_norm: 8.7453
2026-05-28 06:33:52,613 - mmdet - INFO - Epoch [24][400/1652]	lr: 8.000e-03, eta: 1:54:14, time: 0.323, data_time: 0.024, memory: 9507, vote_loss: 3.3542, objectness_loss: 0.3229, semantic_loss: 0.3432, center_loss: 0.4710, dir_class_loss: 0.9566, dir_res_loss: 0.6528, size_class_loss: 0.3431, size_res_loss: 0.2727, loss: 6.7167, grad_norm: 8.8009
2026-05-28 06:34:08,782 - mmdet - INFO - Epoch [24][450/1652]	lr: 8.000e-03, eta: 1:53:58, time: 0.323, data_time: 0.024, memory: 9507, vote_loss: 3.2447, objectness_loss: 0.3106, semantic_loss: 0.3292, center_loss: 0.4977, dir_class_loss: 0.8860, dir_res_loss: 0.6800, size_class_loss: 0.3292, size_res_loss: 0.2939, loss: 6.5712, grad_norm: 8.4749
2026-05-28 06:34:24,929 - mmdet - INFO - Epoch [24][500/1652]	lr: 8.000e-03, eta: 1:53:42, time: 0.323, data_time: 0.023, memory: 9507, vote_loss: 3.0528, objectness_loss: 0.3029, semantic_loss: 0.2982, center_loss: 0.5061, dir_class_loss: 0.8870, dir_res_loss: 0.6606, size_class_loss: 0.2982, size_res_loss: 0.2488, loss: 6.2546, grad_norm: 8.6561
2026-05-28 06:34:41,160 - mmdet - INFO - Epoch [24][550/1652]	lr: 8.000e-03, eta: 1:53:25, time: 0.325, data_time: 0.024, memory: 9507, vote_loss: 3.2283, objectness_loss: 0.3161, semantic_loss: 0.3273, center_loss: 0.4436, dir_class_loss: 0.9209, dir_res_loss: 0.6473, size_class_loss: 0.3273, size_res_loss: 0.2602, loss: 6.4710, grad_norm: 8.5288
2026-05-28 06:34:57,553 - mmdet - INFO - Epoch [24][600/1652]	lr: 8.000e-03, eta: 1:53:09, time: 0.328, data_time: 0.028, memory: 9507, vote_loss: 3.0432, objectness_loss: 0.3065, semantic_loss: 0.3243, center_loss: 0.4409, dir_class_loss: 0.9216, dir_res_loss: 0.6371, size_class_loss: 0.3243, size_res_loss: 0.2543, loss: 6.2521, grad_norm: 8.4845
2026-05-28 06:35:13,766 - mmdet - INFO - Epoch [24][650/1652]	lr: 8.000e-03, eta: 1:52:53, time: 0.324, data_time: 0.024, memory: 9507, vote_loss: 3.2700, objectness_loss: 0.3149, semantic_loss: 0.3215, center_loss: 0.4613, dir_class_loss: 0.8576, dir_res_loss: 0.6965, size_class_loss: 0.3215, size_res_loss: 0.2770, loss: 6.5201, grad_norm: 8.1747
2026-05-28 06:35:30,038 - mmdet - INFO - Epoch [24][700/1652]	lr: 8.000e-03, eta: 1:52:37, time: 0.325, data_time: 0.025, memory: 9507, vote_loss: 3.0321, objectness_loss: 0.3423, semantic_loss: 0.3461, center_loss: 0.4393, dir_class_loss: 0.9868, dir_res_loss: 0.6302, size_class_loss: 0.3461, size_res_loss: 0.2723, loss: 6.3951, grad_norm: 7.8529
2026-05-28 06:35:46,189 - mmdet - INFO - Epoch [24][750/1652]	lr: 8.000e-03, eta: 1:52:20, time: 0.323, data_time: 0.024, memory: 9507, vote_loss: 3.1989, objectness_loss: 0.3151, semantic_loss: 0.3170, center_loss: 0.4582, dir_class_loss: 0.9549, dir_res_loss: 0.6436, size_class_loss: 0.3170, size_res_loss: 0.2889, loss: 6.4936, grad_norm: 8.5661
2026-05-28 06:36:02,433 - mmdet - INFO - Epoch [24][800/1652]	lr: 8.000e-03, eta: 1:52:04, time: 0.325, data_time: 0.025, memory: 9507, vote_loss: 3.2179, objectness_loss: 0.3317, semantic_loss: 0.3009, center_loss: 0.4985, dir_class_loss: 0.8411, dir_res_loss: 0.6176, size_class_loss: 0.3009, size_res_loss: 0.2838, loss: 6.3923, grad_norm: 8.1843
2026-05-28 06:36:18,621 - mmdet - INFO - Epoch [24][850/1652]	lr: 8.000e-03, eta: 1:51:48, time: 0.324, data_time: 0.024, memory: 9507, vote_loss: 3.2223, objectness_loss: 0.3460, semantic_loss: 0.3152, center_loss: 0.4607, dir_class_loss: 0.8580, dir_res_loss: 0.5732, size_class_loss: 0.3152, size_res_loss: 0.2728, loss: 6.3633, grad_norm: 8.0485
2026-05-28 06:36:34,787 - mmdet - INFO - Epoch [24][900/1652]	lr: 8.000e-03, eta: 1:51:31, time: 0.323, data_time: 0.024, memory: 9507, vote_loss: 3.0813, objectness_loss: 0.3360, semantic_loss: 0.3479, center_loss: 0.5162, dir_class_loss: 1.0225, dir_res_loss: 0.6035, size_class_loss: 0.3479, size_res_loss: 0.2586, loss: 6.5138, grad_norm: 9.1801
2026-05-28 06:36:50,973 - mmdet - INFO - Epoch [24][950/1652]	lr: 8.000e-03, eta: 1:51:15, time: 0.324, data_time: 0.024, memory: 9507, vote_loss: 3.2364, objectness_loss: 0.3319, semantic_loss: 0.2975, center_loss: 0.5140, dir_class_loss: 0.8911, dir_res_loss: 0.6116, size_class_loss: 0.2975, size_res_loss: 0.2631, loss: 6.4430, grad_norm: 9.7502
2026-05-28 06:37:07,228 - mmdet - INFO - Epoch [24][1000/1652]	lr: 8.000e-03, eta: 1:50:59, time: 0.325, data_time: 0.024, memory: 9507, vote_loss: 3.2080, objectness_loss: 0.3522, semantic_loss: 0.3685, center_loss: 0.5051, dir_class_loss: 0.9183, dir_res_loss: 0.6449, size_class_loss: 0.3685, size_res_loss: 0.3040, loss: 6.6694, grad_norm: 8.4522
2026-05-28 06:37:23,507 - mmdet - INFO - Epoch [24][1050/1652]	lr: 8.000e-03, eta: 1:50:43, time: 0.326, data_time: 0.025, memory: 9507, vote_loss: 3.3039, objectness_loss: 0.3407, semantic_loss: 0.3115, center_loss: 0.4814, dir_class_loss: 0.8762, dir_res_loss: 0.7115, size_class_loss: 0.3115, size_res_loss: 0.2736, loss: 6.6103, grad_norm: 8.8709
2026-05-28 06:37:39,708 - mmdet - INFO - Epoch [24][1100/1652]	lr: 8.000e-03, eta: 1:50:26, time: 0.324, data_time: 0.024, memory: 9507, vote_loss: 3.3356, objectness_loss: 0.3309, semantic_loss: 0.3186, center_loss: 0.5362, dir_class_loss: 0.8334, dir_res_loss: 0.6677, size_class_loss: 0.3186, size_res_loss: 0.2777, loss: 6.6187, grad_norm: 10.4455
2026-05-28 06:37:55,888 - mmdet - INFO - Epoch [24][1150/1652]	lr: 8.000e-03, eta: 1:50:10, time: 0.324, data_time: 0.025, memory: 9507, vote_loss: 3.3350, objectness_loss: 0.3128, semantic_loss: 0.3070, center_loss: 0.4508, dir_class_loss: 0.8387, dir_res_loss: 0.6649, size_class_loss: 0.3071, size_res_loss: 0.3056, loss: 6.5219, grad_norm: 8.3988
2026-05-28 06:38:12,108 - mmdet - INFO - Epoch [24][1200/1652]	lr: 8.000e-03, eta: 1:49:54, time: 0.324, data_time: 0.024, memory: 9507, vote_loss: 3.2158, objectness_loss: 0.3394, semantic_loss: 0.3261, center_loss: 0.4746, dir_class_loss: 0.9452, dir_res_loss: 0.7188, size_class_loss: 0.3261, size_res_loss: 0.2443, loss: 6.5902, grad_norm: 8.2257
2026-05-28 06:38:28,324 - mmdet - INFO - Epoch [24][1250/1652]	lr: 8.000e-03, eta: 1:49:37, time: 0.324, data_time: 0.024, memory: 9507, vote_loss: 3.0791, objectness_loss: 0.3469, semantic_loss: 0.2953, center_loss: 0.4298, dir_class_loss: 0.8400, dir_res_loss: 0.6321, size_class_loss: 0.2953, size_res_loss: 0.2628, loss: 6.1813, grad_norm: 7.6434
2026-05-28 06:38:44,578 - mmdet - INFO - Epoch [24][1300/1652]	lr: 8.000e-03, eta: 1:49:21, time: 0.325, data_time: 0.024, memory: 9507, vote_loss: 3.2328, objectness_loss: 0.3059, semantic_loss: 0.2734, center_loss: 0.4302, dir_class_loss: 0.8451, dir_res_loss: 0.6528, size_class_loss: 0.2734, size_res_loss: 0.2595, loss: 6.2731, grad_norm: 7.9311
2026-05-28 06:39:00,917 - mmdet - INFO - Epoch [24][1350/1652]	lr: 8.000e-03, eta: 1:49:05, time: 0.327, data_time: 0.025, memory: 9507, vote_loss: 3.0770, objectness_loss: 0.3347, semantic_loss: 0.3540, center_loss: 0.4694, dir_class_loss: 0.8898, dir_res_loss: 0.7024, size_class_loss: 0.3540, size_res_loss: 0.2658, loss: 6.4472, grad_norm: 8.7478
2026-05-28 06:39:17,096 - mmdet - INFO - Epoch [24][1400/1652]	lr: 8.000e-03, eta: 1:48:49, time: 0.324, data_time: 0.024, memory: 9507, vote_loss: 3.1999, objectness_loss: 0.3435, semantic_loss: 0.3281, center_loss: 0.4751, dir_class_loss: 0.8652, dir_res_loss: 0.6345, size_class_loss: 0.3281, size_res_loss: 0.2822, loss: 6.4566, grad_norm: 8.0006
2026-05-28 06:39:33,568 - mmdet - INFO - Epoch [24][1450/1652]	lr: 8.000e-03, eta: 1:48:33, time: 0.329, data_time: 0.025, memory: 9507, vote_loss: 3.1271, objectness_loss: 0.3159, semantic_loss: 0.3840, center_loss: 0.4874, dir_class_loss: 0.9810, dir_res_loss: 0.5787, size_class_loss: 0.3840, size_res_loss: 0.2916, loss: 6.5496, grad_norm: 8.8579
2026-05-28 06:39:49,763 - mmdet - INFO - Epoch [24][1500/1652]	lr: 8.000e-03, eta: 1:48:16, time: 0.324, data_time: 0.024, memory: 9507, vote_loss: 3.3138, objectness_loss: 0.3274, semantic_loss: 0.3198, center_loss: 0.5219, dir_class_loss: 0.9492, dir_res_loss: 0.6662, size_class_loss: 0.3198, size_res_loss: 0.2738, loss: 6.6920, grad_norm: 8.5101
2026-05-28 06:40:05,955 - mmdet - INFO - Epoch [24][1550/1652]	lr: 8.000e-03, eta: 1:48:00, time: 0.324, data_time: 0.024, memory: 9507, vote_loss: 3.0938, objectness_loss: 0.3484, semantic_loss: 0.3231, center_loss: 0.4579, dir_class_loss: 0.8868, dir_res_loss: 0.7087, size_class_loss: 0.3231, size_res_loss: 0.2737, loss: 6.4156, grad_norm: 8.1202
2026-05-28 06:40:22,107 - mmdet - INFO - Epoch [24][1600/1652]	lr: 8.000e-03, eta: 1:47:44, time: 0.323, data_time: 0.025, memory: 9507, vote_loss: 3.1457, objectness_loss: 0.3489, semantic_loss: 0.3464, center_loss: 0.4383, dir_class_loss: 0.8753, dir_res_loss: 0.6207, size_class_loss: 0.3464, size_res_loss: 0.2614, loss: 6.3830, grad_norm: 9.0983
2026-05-28 06:40:38,358 - mmdet - INFO - Epoch [24][1650/1652]	lr: 8.000e-03, eta: 1:47:27, time: 0.325, data_time: 0.025, memory: 9507, vote_loss: 3.1629, objectness_loss: 0.3410, semantic_loss: 0.3401, center_loss: 0.4537, dir_class_loss: 0.8296, dir_res_loss: 0.7424, size_class_loss: 0.3401, size_res_loss: 0.2889, loss: 6.4988, grad_norm: 8.3803
2026-05-28 06:40:39,083 - mmdet - INFO - Saving checkpoint at 24 epochs
2026-05-28 06:40:58,244 - mmdet - INFO - Epoch [25][50/1652]	lr: 8.000e-04, eta: 1:47:11, time: 0.377, data_time: 0.077, memory: 9507, vote_loss: 3.1440, objectness_loss: 0.3285, semantic_loss: 0.2798, center_loss: 0.4064, dir_class_loss: 0.8947, dir_res_loss: 0.5820, size_class_loss: 0.2798, size_res_loss: 0.2639, loss: 6.1791, grad_norm: 7.1251
2026-05-28 06:41:14,506 - mmdet - INFO - Epoch [25][100/1652]	lr: 8.000e-04, eta: 1:46:55, time: 0.325, data_time: 0.025, memory: 9507, vote_loss: 2.8674, objectness_loss: 0.2897, semantic_loss: 0.2465, center_loss: 0.3788, dir_class_loss: 0.7987, dir_res_loss: 0.5449, size_class_loss: 0.2465, size_res_loss: 0.2633, loss: 5.6358, grad_norm: 7.3592
2026-05-28 06:41:30,716 - mmdet - INFO - Epoch [25][150/1652]	lr: 8.000e-04, eta: 1:46:39, time: 0.324, data_time: 0.025, memory: 9507, vote_loss: 2.7272, objectness_loss: 0.3332, semantic_loss: 0.2372, center_loss: 0.3723, dir_class_loss: 0.7847, dir_res_loss: 0.5102, size_class_loss: 0.2372, size_res_loss: 0.2136, loss: 5.4158, grad_norm: 6.8795
2026-05-28 06:41:46,907 - mmdet - INFO - Epoch [25][200/1652]	lr: 8.000e-04, eta: 1:46:23, time: 0.324, data_time: 0.024, memory: 9507, vote_loss: 3.0183, objectness_loss: 0.3182, semantic_loss: 0.2540, center_loss: 0.3785, dir_class_loss: 0.8115, dir_res_loss: 0.5586, size_class_loss: 0.2540, size_res_loss: 0.2552, loss: 5.8485, grad_norm: 6.5570
2026-05-28 06:42:03,124 - mmdet - INFO - Epoch [25][250/1652]	lr: 8.000e-04, eta: 1:46:06, time: 0.324, data_time: 0.024, memory: 9507, vote_loss: 2.7831, objectness_loss: 0.3055, semantic_loss: 0.2576, center_loss: 0.4290, dir_class_loss: 0.8006, dir_res_loss: 0.5158, size_class_loss: 0.2576, size_res_loss: 0.2444, loss: 5.5935, grad_norm: 6.9689
2026-05-28 06:42:19,352 - mmdet - INFO - Epoch [25][300/1652]	lr: 8.000e-04, eta: 1:45:50, time: 0.325, data_time: 0.024, memory: 9507, vote_loss: 2.8908, objectness_loss: 0.3021, semantic_loss: 0.2420, center_loss: 0.3604, dir_class_loss: 0.8194, dir_res_loss: 0.4896, size_class_loss: 0.2420, size_res_loss: 0.2473, loss: 5.5937, grad_norm: 6.8356
2026-05-28 06:42:35,492 - mmdet - INFO - Epoch [25][350/1652]	lr: 8.000e-04, eta: 1:45:34, time: 0.323, data_time: 0.024, memory: 9507, vote_loss: 2.7503, objectness_loss: 0.2919, semantic_loss: 0.2690, center_loss: 0.3427, dir_class_loss: 0.7917, dir_res_loss: 0.5909, size_class_loss: 0.2690, size_res_loss: 0.2409, loss: 5.5463, grad_norm: 7.1016
2026-05-28 06:42:51,719 - mmdet - INFO - Epoch [25][400/1652]	lr: 8.000e-04, eta: 1:45:17, time: 0.325, data_time: 0.025, memory: 9507, vote_loss: 2.7869, objectness_loss: 0.2797, semantic_loss: 0.2655, center_loss: 0.3340, dir_class_loss: 0.8234, dir_res_loss: 0.5323, size_class_loss: 0.2655, size_res_loss: 0.2285, loss: 5.5159, grad_norm: 7.6134
2026-05-28 06:43:07,879 - mmdet - INFO - Epoch [25][450/1652]	lr: 8.000e-04, eta: 1:45:01, time: 0.323, data_time: 0.024, memory: 9507, vote_loss: 2.8277, objectness_loss: 0.2831, semantic_loss: 0.2242, center_loss: 0.3603, dir_class_loss: 0.7566, dir_res_loss: 0.5048, size_class_loss: 0.2242, size_res_loss: 0.2383, loss: 5.4193, grad_norm: 6.9400
2026-05-28 06:43:24,088 - mmdet - INFO - Epoch [25][500/1652]	lr: 8.000e-04, eta: 1:44:45, time: 0.324, data_time: 0.024, memory: 9507, vote_loss: 2.8749, objectness_loss: 0.3049, semantic_loss: 0.2358, center_loss: 0.3699, dir_class_loss: 0.7270, dir_res_loss: 0.5113, size_class_loss: 0.2358, size_res_loss: 0.2414, loss: 5.5008, grad_norm: 7.1261
2026-05-28 06:43:40,293 - mmdet - INFO - Epoch [25][550/1652]	lr: 8.000e-04, eta: 1:44:29, time: 0.324, data_time: 0.024, memory: 9507, vote_loss: 2.9381, objectness_loss: 0.3179, semantic_loss: 0.2499, center_loss: 0.3820, dir_class_loss: 0.7652, dir_res_loss: 0.5065, size_class_loss: 0.2499, size_res_loss: 0.2410, loss: 5.6505, grad_norm: 6.9685
2026-05-28 06:43:56,490 - mmdet - INFO - Epoch [25][600/1652]	lr: 8.000e-04, eta: 1:44:12, time: 0.324, data_time: 0.024, memory: 9507, vote_loss: 2.8336, objectness_loss: 0.2885, semantic_loss: 0.2348, center_loss: 0.3760, dir_class_loss: 0.8023, dir_res_loss: 0.4952, size_class_loss: 0.2348, size_res_loss: 0.2354, loss: 5.5007, grad_norm: 7.1374
2026-05-28 06:44:12,689 - mmdet - INFO - Epoch [25][650/1652]	lr: 8.000e-04, eta: 1:43:56, time: 0.324, data_time: 0.024, memory: 9507, vote_loss: 2.9616, objectness_loss: 0.2730, semantic_loss: 0.2201, center_loss: 0.3590, dir_class_loss: 0.7652, dir_res_loss: 0.5373, size_class_loss: 0.2201, size_res_loss: 0.2356, loss: 5.5719, grad_norm: 7.5761
2026-05-28 06:44:29,136 - mmdet - INFO - Epoch [25][700/1652]	lr: 8.000e-04, eta: 1:43:40, time: 0.329, data_time: 0.028, memory: 9507, vote_loss: 2.9259, objectness_loss: 0.3070, semantic_loss: 0.2810, center_loss: 0.4105, dir_class_loss: 0.7221, dir_res_loss: 0.4934, size_class_loss: 0.2810, size_res_loss: 0.2339, loss: 5.6549, grad_norm: 7.2667
2026-05-28 06:44:45,324 - mmdet - INFO - Epoch [25][750/1652]	lr: 8.000e-04, eta: 1:43:23, time: 0.324, data_time: 0.023, memory: 9507, vote_loss: 2.7335, objectness_loss: 0.2954, semantic_loss: 0.2537, center_loss: 0.3621, dir_class_loss: 0.7429, dir_res_loss: 0.4919, size_class_loss: 0.2537, size_res_loss: 0.2269, loss: 5.3600, grad_norm: 6.5962
2026-05-28 06:45:01,484 - mmdet - INFO - Epoch [25][800/1652]	lr: 8.000e-04, eta: 1:43:07, time: 0.323, data_time: 0.024, memory: 9507, vote_loss: 2.6787, objectness_loss: 0.3120, semantic_loss: 0.2777, center_loss: 0.3579, dir_class_loss: 0.7588, dir_res_loss: 0.4603, size_class_loss: 0.2777, size_res_loss: 0.2254, loss: 5.3484, grad_norm: 6.9618
2026-05-28 06:45:17,668 - mmdet - INFO - Epoch [25][850/1652]	lr: 8.000e-04, eta: 1:42:51, time: 0.324, data_time: 0.024, memory: 9507, vote_loss: 2.6884, objectness_loss: 0.2900, semantic_loss: 0.2308, center_loss: 0.3601, dir_class_loss: 0.7157, dir_res_loss: 0.5443, size_class_loss: 0.2308, size_res_loss: 0.2191, loss: 5.2792, grad_norm: 7.0350
2026-05-28 06:45:33,839 - mmdet - INFO - Epoch [25][900/1652]	lr: 8.000e-04, eta: 1:42:35, time: 0.323, data_time: 0.023, memory: 9507, vote_loss: 2.6554, objectness_loss: 0.2904, semantic_loss: 0.2432, center_loss: 0.3593, dir_class_loss: 0.7293, dir_res_loss: 0.4699, size_class_loss: 0.2432, size_res_loss: 0.2021, loss: 5.1929, grad_norm: 7.1018
2026-05-28 06:45:49,947 - mmdet - INFO - Epoch [25][950/1652]	lr: 8.000e-04, eta: 1:42:18, time: 0.322, data_time: 0.022, memory: 9507, vote_loss: 2.6760, objectness_loss: 0.2866, semantic_loss: 0.2621, center_loss: 0.3587, dir_class_loss: 0.6646, dir_res_loss: 0.5197, size_class_loss: 0.2621, size_res_loss: 0.2371, loss: 5.2668, grad_norm: 7.0683
2026-05-28 06:46:06,172 - mmdet - INFO - Epoch [25][1000/1652]	lr: 8.000e-04, eta: 1:42:02, time: 0.324, data_time: 0.024, memory: 9507, vote_loss: 2.6503, objectness_loss: 0.3253, semantic_loss: 0.2518, center_loss: 0.3619, dir_class_loss: 0.7857, dir_res_loss: 0.4754, size_class_loss: 0.2518, size_res_loss: 0.2175, loss: 5.3196, grad_norm: 6.9077
2026-05-28 06:46:22,338 - mmdet - INFO - Epoch [25][1050/1652]	lr: 8.000e-04, eta: 1:41:46, time: 0.323, data_time: 0.023, memory: 9507, vote_loss: 2.7316, objectness_loss: 0.2785, semantic_loss: 0.2322, center_loss: 0.3663, dir_class_loss: 0.7239, dir_res_loss: 0.5304, size_class_loss: 0.2322, size_res_loss: 0.2281, loss: 5.3231, grad_norm: 7.2023
2026-05-28 06:46:38,534 - mmdet - INFO - Epoch [25][1100/1652]	lr: 8.000e-04, eta: 1:41:29, time: 0.324, data_time: 0.024, memory: 9507, vote_loss: 2.5863, objectness_loss: 0.2924, semantic_loss: 0.2332, center_loss: 0.3983, dir_class_loss: 0.7865, dir_res_loss: 0.5457, size_class_loss: 0.2332, size_res_loss: 0.2041, loss: 5.2797, grad_norm: 7.0593
2026-05-28 06:46:54,622 - mmdet - INFO - Epoch [25][1150/1652]	lr: 8.000e-04, eta: 1:41:13, time: 0.322, data_time: 0.022, memory: 9507, vote_loss: 2.6587, objectness_loss: 0.2771, semantic_loss: 0.2233, center_loss: 0.4197, dir_class_loss: 0.7392, dir_res_loss: 0.5512, size_class_loss: 0.2233, size_res_loss: 0.2067, loss: 5.2992, grad_norm: 7.5434
2026-05-28 06:47:10,765 - mmdet - INFO - Epoch [25][1200/1652]	lr: 8.000e-04, eta: 1:40:57, time: 0.323, data_time: 0.025, memory: 9507, vote_loss: 2.6303, objectness_loss: 0.2813, semantic_loss: 0.2148, center_loss: 0.3561, dir_class_loss: 0.6672, dir_res_loss: 0.4526, size_class_loss: 0.2148, size_res_loss: 0.2246, loss: 5.0417, grad_norm: 7.1167
2026-05-28 06:47:26,940 - mmdet - INFO - Epoch [25][1250/1652]	lr: 8.000e-04, eta: 1:40:40, time: 0.323, data_time: 0.024, memory: 9507, vote_loss: 2.7884, objectness_loss: 0.3053, semantic_loss: 0.2491, center_loss: 0.3624, dir_class_loss: 0.6460, dir_res_loss: 0.4494, size_class_loss: 0.2491, size_res_loss: 0.2417, loss: 5.2912, grad_norm: 7.1428
2026-05-28 06:47:43,029 - mmdet - INFO - Epoch [25][1300/1652]	lr: 8.000e-04, eta: 1:40:24, time: 0.322, data_time: 0.022, memory: 9507, vote_loss: 2.8590, objectness_loss: 0.2964, semantic_loss: 0.2397, center_loss: 0.3720, dir_class_loss: 0.7959, dir_res_loss: 0.5019, size_class_loss: 0.2397, size_res_loss: 0.2354, loss: 5.5400, grad_norm: 7.1126
2026-05-28 06:47:59,135 - mmdet - INFO - Epoch [25][1350/1652]	lr: 8.000e-04, eta: 1:40:08, time: 0.322, data_time: 0.023, memory: 9507, vote_loss: 2.7181, objectness_loss: 0.2783, semantic_loss: 0.2327, center_loss: 0.4486, dir_class_loss: 0.7329, dir_res_loss: 0.5019, size_class_loss: 0.2327, size_res_loss: 0.2023, loss: 5.3475, grad_norm: 7.1904
2026-05-28 06:48:15,268 - mmdet - INFO - Epoch [25][1400/1652]	lr: 8.000e-04, eta: 1:39:51, time: 0.323, data_time: 0.023, memory: 9507, vote_loss: 2.7491, objectness_loss: 0.3066, semantic_loss: 0.2192, center_loss: 0.3597, dir_class_loss: 0.7311, dir_res_loss: 0.5204, size_class_loss: 0.2192, size_res_loss: 0.2124, loss: 5.3176, grad_norm: 6.9077
2026-05-28 06:48:31,430 - mmdet - INFO - Epoch [25][1450/1652]	lr: 8.000e-04, eta: 1:39:35, time: 0.323, data_time: 0.023, memory: 9507, vote_loss: 2.7461, objectness_loss: 0.2780, semantic_loss: 0.2250, center_loss: 0.3738, dir_class_loss: 0.7867, dir_res_loss: 0.4866, size_class_loss: 0.2250, size_res_loss: 0.2487, loss: 5.3697, grad_norm: 7.3160
2026-05-28 06:48:47,603 - mmdet - INFO - Epoch [25][1500/1652]	lr: 8.000e-04, eta: 1:39:19, time: 0.323, data_time: 0.024, memory: 9507, vote_loss: 2.6701, objectness_loss: 0.2844, semantic_loss: 0.2176, center_loss: 0.3395, dir_class_loss: 0.7793, dir_res_loss: 0.4971, size_class_loss: 0.2176, size_res_loss: 0.2587, loss: 5.2643, grad_norm: 6.8421
2026-05-28 06:49:03,784 - mmdet - INFO - Epoch [25][1550/1652]	lr: 8.000e-04, eta: 1:39:02, time: 0.324, data_time: 0.023, memory: 9507, vote_loss: 2.8055, objectness_loss: 0.2940, semantic_loss: 0.2243, center_loss: 0.3669, dir_class_loss: 0.7058, dir_res_loss: 0.4855, size_class_loss: 0.2243, size_res_loss: 0.2261, loss: 5.3326, grad_norm: 6.5432
2026-05-28 06:49:20,021 - mmdet - INFO - Epoch [25][1600/1652]	lr: 8.000e-04, eta: 1:38:46, time: 0.325, data_time: 0.024, memory: 9507, vote_loss: 2.7452, objectness_loss: 0.2739, semantic_loss: 0.2343, center_loss: 0.3485, dir_class_loss: 0.6969, dir_res_loss: 0.4686, size_class_loss: 0.2343, size_res_loss: 0.2162, loss: 5.2180, grad_norm: 7.0328
2026-05-28 06:49:36,246 - mmdet - INFO - Epoch [25][1650/1652]	lr: 8.000e-04, eta: 1:38:30, time: 0.324, data_time: 0.025, memory: 9507, vote_loss: 2.7882, objectness_loss: 0.3002, semantic_loss: 0.2774, center_loss: 0.3938, dir_class_loss: 0.7827, dir_res_loss: 0.4576, size_class_loss: 0.2774, size_res_loss: 0.2410, loss: 5.5183, grad_norm: 7.2883
2026-05-28 06:49:36,985 - mmdet - INFO - Saving checkpoint at 25 epochs
2026-05-28 06:49:56,161 - mmdet - INFO - Epoch [26][50/1652]	lr: 8.000e-04, eta: 1:38:14, time: 0.378, data_time: 0.077, memory: 9507, vote_loss: 2.6490, objectness_loss: 0.2677, semantic_loss: 0.2013, center_loss: 0.3324, dir_class_loss: 0.7510, dir_res_loss: 0.5132, size_class_loss: 0.2013, size_res_loss: 0.2205, loss: 5.1364, grad_norm: 7.0255
2026-05-28 06:50:12,450 - mmdet - INFO - Epoch [26][100/1652]	lr: 8.000e-04, eta: 1:37:58, time: 0.326, data_time: 0.025, memory: 9507, vote_loss: 2.6901, objectness_loss: 0.2677, semantic_loss: 0.2455, center_loss: 0.3403, dir_class_loss: 0.7774, dir_res_loss: 0.5164, size_class_loss: 0.2455, size_res_loss: 0.2150, loss: 5.2981, grad_norm: 7.3547
2026-05-28 06:50:28,705 - mmdet - INFO - Epoch [26][150/1652]	lr: 8.000e-04, eta: 1:37:41, time: 0.325, data_time: 0.024, memory: 9507, vote_loss: 2.8620, objectness_loss: 0.2858, semantic_loss: 0.2215, center_loss: 0.3367, dir_class_loss: 0.7711, dir_res_loss: 0.4585, size_class_loss: 0.2215, size_res_loss: 0.2138, loss: 5.3710, grad_norm: 6.9249
2026-05-28 06:50:44,935 - mmdet - INFO - Epoch [26][200/1652]	lr: 8.000e-04, eta: 1:37:25, time: 0.325, data_time: 0.024, memory: 9507, vote_loss: 2.6406, objectness_loss: 0.2860, semantic_loss: 0.2234, center_loss: 0.3238, dir_class_loss: 0.7458, dir_res_loss: 0.5199, size_class_loss: 0.2234, size_res_loss: 0.2198, loss: 5.1827, grad_norm: 7.2301
2026-05-28 06:51:01,271 - mmdet - INFO - Epoch [26][250/1652]	lr: 8.000e-04, eta: 1:37:09, time: 0.327, data_time: 0.025, memory: 9507, vote_loss: 2.7227, objectness_loss: 0.2903, semantic_loss: 0.2217, center_loss: 0.3329, dir_class_loss: 0.7546, dir_res_loss: 0.5072, size_class_loss: 0.2217, size_res_loss: 0.2313, loss: 5.2824, grad_norm: 6.8558
2026-05-28 06:51:17,509 - mmdet - INFO - Epoch [26][300/1652]	lr: 8.000e-04, eta: 1:36:53, time: 0.325, data_time: 0.024, memory: 9507, vote_loss: 2.6793, objectness_loss: 0.3035, semantic_loss: 0.2169, center_loss: 0.3536, dir_class_loss: 0.7120, dir_res_loss: 0.5002, size_class_loss: 0.2169, size_res_loss: 0.2357, loss: 5.2182, grad_norm: 7.0736
2026-05-28 06:51:33,716 - mmdet - INFO - Epoch [26][350/1652]	lr: 8.000e-04, eta: 1:36:36, time: 0.324, data_time: 0.025, memory: 9507, vote_loss: 2.7489, objectness_loss: 0.2820, semantic_loss: 0.2436, center_loss: 0.3559, dir_class_loss: 0.7474, dir_res_loss: 0.5038, size_class_loss: 0.2436, size_res_loss: 0.2354, loss: 5.3607, grad_norm: 7.4383
2026-05-28 06:51:49,935 - mmdet - INFO - Epoch [26][400/1652]	lr: 8.000e-04, eta: 1:36:20, time: 0.324, data_time: 0.024, memory: 9507, vote_loss: 2.6910, objectness_loss: 0.2916, semantic_loss: 0.2375, center_loss: 0.3171, dir_class_loss: 0.8011, dir_res_loss: 0.5551, size_class_loss: 0.2375, size_res_loss: 0.2196, loss: 5.3505, grad_norm: 6.6816
2026-05-28 06:52:06,177 - mmdet - INFO - Epoch [26][450/1652]	lr: 8.000e-04, eta: 1:36:04, time: 0.325, data_time: 0.025, memory: 9507, vote_loss: 2.7388, objectness_loss: 0.2838, semantic_loss: 0.2245, center_loss: 0.3621, dir_class_loss: 0.7254, dir_res_loss: 0.4967, size_class_loss: 0.2245, size_res_loss: 0.2110, loss: 5.2667, grad_norm: 6.7872
2026-05-28 06:52:22,338 - mmdet - INFO - Epoch [26][500/1652]	lr: 8.000e-04, eta: 1:35:47, time: 0.323, data_time: 0.024, memory: 9507, vote_loss: 2.6497, objectness_loss: 0.2841, semantic_loss: 0.1968, center_loss: 0.3589, dir_class_loss: 0.6993, dir_res_loss: 0.4720, size_class_loss: 0.1968, size_res_loss: 0.1873, loss: 5.0448, grad_norm: 7.3255
2026-05-28 06:52:38,503 - mmdet - INFO - Epoch [26][550/1652]	lr: 8.000e-04, eta: 1:35:31, time: 0.323, data_time: 0.025, memory: 9507, vote_loss: 2.7108, objectness_loss: 0.3064, semantic_loss: 0.2057, center_loss: 0.3441, dir_class_loss: 0.6787, dir_res_loss: 0.4426, size_class_loss: 0.2057, size_res_loss: 0.2221, loss: 5.1161, grad_norm: 7.1616
2026-05-28 06:52:54,755 - mmdet - INFO - Epoch [26][600/1652]	lr: 8.000e-04, eta: 1:35:15, time: 0.325, data_time: 0.024, memory: 9507, vote_loss: 2.6632, objectness_loss: 0.2797, semantic_loss: 0.2298, center_loss: 0.3982, dir_class_loss: 0.7319, dir_res_loss: 0.5157, size_class_loss: 0.2298, size_res_loss: 0.2461, loss: 5.2945, grad_norm: 7.0794
2026-05-28 06:53:10,844 - mmdet - INFO - Epoch [26][650/1652]	lr: 8.000e-04, eta: 1:34:59, time: 0.322, data_time: 0.024, memory: 9507, vote_loss: 2.6834, objectness_loss: 0.2830, semantic_loss: 0.2224, center_loss: 0.3692, dir_class_loss: 0.7399, dir_res_loss: 0.4694, size_class_loss: 0.2224, size_res_loss: 0.2263, loss: 5.2160, grad_norm: 7.4608
2026-05-28 06:53:26,989 - mmdet - INFO - Exp name: votenet-ff_16x8_sunrgbd-3d-10class.py
2026-05-28 06:53:26,990 - mmdet - INFO - Epoch [26][700/1652]	lr: 8.000e-04, eta: 1:34:42, time: 0.323, data_time: 0.024, memory: 9507, vote_loss: 2.5891, objectness_loss: 0.2694, semantic_loss: 0.2431, center_loss: 0.3401, dir_class_loss: 0.6084, dir_res_loss: 0.4434, size_class_loss: 0.2431, size_res_loss: 0.1994, loss: 4.9360, grad_norm: 7.3965
2026-05-28 06:53:43,326 - mmdet - INFO - Epoch [26][750/1652]	lr: 8.000e-04, eta: 1:34:26, time: 0.327, data_time: 0.028, memory: 9507, vote_loss: 2.6646, objectness_loss: 0.2782, semantic_loss: 0.2092, center_loss: 0.4240, dir_class_loss: 0.6997, dir_res_loss: 0.4137, size_class_loss: 0.2092, size_res_loss: 0.2184, loss: 5.1171, grad_norm: 7.3786
2026-05-28 06:53:59,541 - mmdet - INFO - Epoch [26][800/1652]	lr: 8.000e-04, eta: 1:34:10, time: 0.324, data_time: 0.024, memory: 9507, vote_loss: 2.6704, objectness_loss: 0.2792, semantic_loss: 0.2249, center_loss: 0.3536, dir_class_loss: 0.7422, dir_res_loss: 0.5070, size_class_loss: 0.2249, size_res_loss: 0.2175, loss: 5.2198, grad_norm: 7.0946
2026-05-28 06:54:15,721 - mmdet - INFO - Epoch [26][850/1652]	lr: 8.000e-04, eta: 1:33:53, time: 0.324, data_time: 0.024, memory: 9507, vote_loss: 2.7280, objectness_loss: 0.2575, semantic_loss: 0.2354, center_loss: 0.3533, dir_class_loss: 0.7457, dir_res_loss: 0.4256, size_class_loss: 0.2354, size_res_loss: 0.2624, loss: 5.2433, grad_norm: 7.3013
2026-05-28 06:54:31,938 - mmdet - INFO - Epoch [26][900/1652]	lr: 8.000e-04, eta: 1:33:37, time: 0.324, data_time: 0.024, memory: 9507, vote_loss: 2.7124, objectness_loss: 0.2711, semantic_loss: 0.2205, center_loss: 0.3444, dir_class_loss: 0.6764, dir_res_loss: 0.5255, size_class_loss: 0.2205, size_res_loss: 0.2115, loss: 5.1822, grad_norm: 6.9563
2026-05-28 06:54:48,155 - mmdet - INFO - Epoch [26][950/1652]	lr: 8.000e-04, eta: 1:33:21, time: 0.324, data_time: 0.025, memory: 9507, vote_loss: 2.5119, objectness_loss: 0.2868, semantic_loss: 0.2156, center_loss: 0.3350, dir_class_loss: 0.7190, dir_res_loss: 0.4410, size_class_loss: 0.2156, size_res_loss: 0.2216, loss: 4.9465, grad_norm: 6.6051
2026-05-28 06:55:04,409 - mmdet - INFO - Epoch [26][1000/1652]	lr: 8.000e-04, eta: 1:33:05, time: 0.325, data_time: 0.025, memory: 9507, vote_loss: 2.6676, objectness_loss: 0.3001, semantic_loss: 0.2231, center_loss: 0.3085, dir_class_loss: 0.6827, dir_res_loss: 0.4711, size_class_loss: 0.2231, size_res_loss: 0.2089, loss: 5.0851, grad_norm: 7.0987
2026-05-28 06:55:20,638 - mmdet - INFO - Epoch [26][1050/1652]	lr: 8.000e-04, eta: 1:32:48, time: 0.325, data_time: 0.025, memory: 9507, vote_loss: 2.6634, objectness_loss: 0.2936, semantic_loss: 0.2453, center_loss: 0.3351, dir_class_loss: 0.7217, dir_res_loss: 0.4940, size_class_loss: 0.2453, size_res_loss: 0.2190, loss: 5.2175, grad_norm: 7.0324
2026-05-28 06:55:36,898 - mmdet - INFO - Epoch [26][1100/1652]	lr: 8.000e-04, eta: 1:32:32, time: 0.325, data_time: 0.026, memory: 9507, vote_loss: 2.5884, objectness_loss: 0.2964, semantic_loss: 0.2638, center_loss: 0.3464, dir_class_loss: 0.7155, dir_res_loss: 0.5070, size_class_loss: 0.2638, size_res_loss: 0.2153, loss: 5.1965, grad_norm: 7.4904
2026-05-28 06:55:53,163 - mmdet - INFO - Epoch [26][1150/1652]	lr: 8.000e-04, eta: 1:32:16, time: 0.325, data_time: 0.025, memory: 9507, vote_loss: 2.6518, objectness_loss: 0.2617, semantic_loss: 0.2382, center_loss: 0.3312, dir_class_loss: 0.6761, dir_res_loss: 0.4664, size_class_loss: 0.2382, size_res_loss: 0.2020, loss: 5.0657, grad_norm: 7.0082
2026-05-28 06:56:09,392 - mmdet - INFO - Epoch [26][1200/1652]	lr: 8.000e-04, eta: 1:32:00, time: 0.325, data_time: 0.025, memory: 9507, vote_loss: 2.6264, objectness_loss: 0.2855, semantic_loss: 0.2174, center_loss: 0.3897, dir_class_loss: 0.7112, dir_res_loss: 0.4929, size_class_loss: 0.2174, size_res_loss: 0.2308, loss: 5.1712, grad_norm: 7.1038
2026-05-28 06:56:25,657 - mmdet - INFO - Epoch [26][1250/1652]	lr: 8.000e-04, eta: 1:31:43, time: 0.325, data_time: 0.025, memory: 9507, vote_loss: 2.6474, objectness_loss: 0.2795, semantic_loss: 0.2301, center_loss: 0.3481, dir_class_loss: 0.6967, dir_res_loss: 0.5388, size_class_loss: 0.2301, size_res_loss: 0.2228, loss: 5.1935, grad_norm: 7.1350
2026-05-28 06:56:41,802 - mmdet - INFO - Epoch [26][1300/1652]	lr: 8.000e-04, eta: 1:31:27, time: 0.323, data_time: 0.024, memory: 9507, vote_loss: 2.6105, objectness_loss: 0.3185, semantic_loss: 0.2112, center_loss: 0.3923, dir_class_loss: 0.7016, dir_res_loss: 0.4060, size_class_loss: 0.2112, size_res_loss: 0.2320, loss: 5.0833, grad_norm: 7.9506
2026-05-28 06:56:57,960 - mmdet - INFO - Epoch [26][1350/1652]	lr: 8.000e-04, eta: 1:31:11, time: 0.323, data_time: 0.024, memory: 9507, vote_loss: 2.7550, objectness_loss: 0.2816, semantic_loss: 0.2478, center_loss: 0.3543, dir_class_loss: 0.7304, dir_res_loss: 0.4840, size_class_loss: 0.2478, size_res_loss: 0.2399, loss: 5.3406, grad_norm: 7.5327
2026-05-28 06:57:14,191 - mmdet - INFO - Epoch [26][1400/1652]	lr: 8.000e-04, eta: 1:30:54, time: 0.325, data_time: 0.025, memory: 9507, vote_loss: 2.6548, objectness_loss: 0.2675, semantic_loss: 0.2054, center_loss: 0.3547, dir_class_loss: 0.7580, dir_res_loss: 0.5248, size_class_loss: 0.2054, size_res_loss: 0.2173, loss: 5.1879, grad_norm: 7.6445
2026-05-28 06:57:30,414 - mmdet - INFO - Epoch [26][1450/1652]	lr: 8.000e-04, eta: 1:30:38, time: 0.324, data_time: 0.025, memory: 9507, vote_loss: 2.7299, objectness_loss: 0.2867, semantic_loss: 0.2228, center_loss: 0.3907, dir_class_loss: 0.7346, dir_res_loss: 0.4386, size_class_loss: 0.2228, size_res_loss: 0.2297, loss: 5.2559, grad_norm: 7.5203
2026-05-28 06:57:46,617 - mmdet - INFO - Epoch [26][1500/1652]	lr: 8.000e-04, eta: 1:30:22, time: 0.324, data_time: 0.025, memory: 9507, vote_loss: 2.6626, objectness_loss: 0.2837, semantic_loss: 0.2103, center_loss: 0.3438, dir_class_loss: 0.7361, dir_res_loss: 0.4536, size_class_loss: 0.2103, size_res_loss: 0.2377, loss: 5.1380, grad_norm: 7.3003
2026-05-28 06:58:02,799 - mmdet - INFO - Epoch [26][1550/1652]	lr: 8.000e-04, eta: 1:30:06, time: 0.324, data_time: 0.025, memory: 9507, vote_loss: 2.5578, objectness_loss: 0.2642, semantic_loss: 0.1796, center_loss: 0.3532, dir_class_loss: 0.6966, dir_res_loss: 0.4451, size_class_loss: 0.1796, size_res_loss: 0.2134, loss: 4.8895, grad_norm: 7.2926
2026-05-28 06:58:18,980 - mmdet - INFO - Epoch [26][1600/1652]	lr: 8.000e-04, eta: 1:29:49, time: 0.324, data_time: 0.025, memory: 9507, vote_loss: 2.6319, objectness_loss: 0.2886, semantic_loss: 0.2015, center_loss: 0.3364, dir_class_loss: 0.7400, dir_res_loss: 0.4649, size_class_loss: 0.2015, size_res_loss: 0.2186, loss: 5.0834, grad_norm: 7.1210
2026-05-28 06:58:35,192 - mmdet - INFO - Epoch [26][1650/1652]	lr: 8.000e-04, eta: 1:29:33, time: 0.324, data_time: 0.025, memory: 9507, vote_loss: 2.5967, objectness_loss: 0.2641, semantic_loss: 0.2072, center_loss: 0.3277, dir_class_loss: 0.7289, dir_res_loss: 0.4376, size_class_loss: 0.2072, size_res_loss: 0.2206, loss: 4.9899, grad_norm: 7.0089
2026-05-28 06:58:35,882 - mmdet - INFO - Saving checkpoint at 26 epochs
2026-05-28 06:58:54,902 - mmdet - INFO - Epoch [27][50/1652]	lr: 8.000e-04, eta: 1:29:17, time: 0.375, data_time: 0.075, memory: 9507, vote_loss: 2.6303, objectness_loss: 0.2789, semantic_loss: 0.2296, center_loss: 0.3370, dir_class_loss: 0.7387, dir_res_loss: 0.4793, size_class_loss: 0.2296, size_res_loss: 0.2164, loss: 5.1400, grad_norm: 7.1891
2026-05-28 06:59:11,045 - mmdet - INFO - Epoch [27][100/1652]	lr: 8.000e-04, eta: 1:29:00, time: 0.323, data_time: 0.024, memory: 9507, vote_loss: 2.7040, objectness_loss: 0.2778, semantic_loss: 0.2036, center_loss: 0.3508, dir_class_loss: 0.6685, dir_res_loss: 0.4838, size_class_loss: 0.2036, size_res_loss: 0.2293, loss: 5.1214, grad_norm: 7.0358
2026-05-28 06:59:27,180 - mmdet - INFO - Epoch [27][150/1652]	lr: 8.000e-04, eta: 1:28:44, time: 0.323, data_time: 0.024, memory: 9507, vote_loss: 2.5064, objectness_loss: 0.2726, semantic_loss: 0.1726, center_loss: 0.3292, dir_class_loss: 0.6855, dir_res_loss: 0.5221, size_class_loss: 0.1726, size_res_loss: 0.2026, loss: 4.8636, grad_norm: 6.9686
2026-05-28 06:59:43,301 - mmdet - INFO - Epoch [27][200/1652]	lr: 8.000e-04, eta: 1:28:28, time: 0.322, data_time: 0.024, memory: 9507, vote_loss: 2.6350, objectness_loss: 0.2730, semantic_loss: 0.1714, center_loss: 0.3493, dir_class_loss: 0.7187, dir_res_loss: 0.4546, size_class_loss: 0.1714, size_res_loss: 0.2104, loss: 4.9840, grad_norm: 7.0155
2026-05-28 06:59:59,441 - mmdet - INFO - Epoch [27][250/1652]	lr: 8.000e-04, eta: 1:28:11, time: 0.323, data_time: 0.024, memory: 9507, vote_loss: 2.6773, objectness_loss: 0.2819, semantic_loss: 0.2195, center_loss: 0.3094, dir_class_loss: 0.6620, dir_res_loss: 0.4800, size_class_loss: 0.2195, size_res_loss: 0.2378, loss: 5.0875, grad_norm: 6.8212
2026-05-28 07:00:15,634 - mmdet - INFO - Epoch [27][300/1652]	lr: 8.000e-04, eta: 1:27:55, time: 0.324, data_time: 0.024, memory: 9507, vote_loss: 2.7509, objectness_loss: 0.2576, semantic_loss: 0.2360, center_loss: 0.3513, dir_class_loss: 0.7288, dir_res_loss: 0.5088, size_class_loss: 0.2360, size_res_loss: 0.2233, loss: 5.2927, grad_norm: 7.2348
2026-05-28 07:00:31,794 - mmdet - INFO - Epoch [27][350/1652]	lr: 8.000e-04, eta: 1:27:39, time: 0.323, data_time: 0.024, memory: 9507, vote_loss: 2.6924, objectness_loss: 0.2735, semantic_loss: 0.2341, center_loss: 0.3537, dir_class_loss: 0.7699, dir_res_loss: 0.4621, size_class_loss: 0.2342, size_res_loss: 0.2172, loss: 5.2370, grad_norm: 7.3851
2026-05-28 07:00:48,071 - mmdet - INFO - Epoch [27][400/1652]	lr: 8.000e-04, eta: 1:27:23, time: 0.326, data_time: 0.025, memory: 9507, vote_loss: 2.6109, objectness_loss: 0.2780, semantic_loss: 0.2513, center_loss: 0.3165, dir_class_loss: 0.7354, dir_res_loss: 0.4640, size_class_loss: 0.2513, size_res_loss: 0.2029, loss: 5.1103, grad_norm: 7.3018
2026-05-28 07:01:04,235 - mmdet - INFO - Epoch [27][450/1652]	lr: 8.000e-04, eta: 1:27:06, time: 0.323, data_time: 0.024, memory: 9507, vote_loss: 2.5918, objectness_loss: 0.2855, semantic_loss: 0.2270, center_loss: 0.3445, dir_class_loss: 0.7347, dir_res_loss: 0.3938, size_class_loss: 0.2270, size_res_loss: 0.2435, loss: 5.0479, grad_norm: 7.0168
2026-05-28 07:01:20,494 - mmdet - INFO - Epoch [27][500/1652]	lr: 8.000e-04, eta: 1:26:50, time: 0.325, data_time: 0.024, memory: 9507, vote_loss: 2.6846, objectness_loss: 0.2774, semantic_loss: 0.2088, center_loss: 0.3707, dir_class_loss: 0.6999, dir_res_loss: 0.4148, size_class_loss: 0.2088, size_res_loss: 0.2224, loss: 5.0876, grad_norm: 7.4521
2026-05-28 07:01:36,735 - mmdet - INFO - Epoch [27][550/1652]	lr: 8.000e-04, eta: 1:26:34, time: 0.325, data_time: 0.025, memory: 9507, vote_loss: 2.7299, objectness_loss: 0.2801, semantic_loss: 0.2392, center_loss: 0.3323, dir_class_loss: 0.7130, dir_res_loss: 0.4770, size_class_loss: 0.2392, size_res_loss: 0.2195, loss: 5.2303, grad_norm: 7.0073
2026-05-28 07:01:52,872 - mmdet - INFO - Epoch [27][600/1652]	lr: 8.000e-04, eta: 1:26:17, time: 0.323, data_time: 0.024, memory: 9507, vote_loss: 2.5730, objectness_loss: 0.2758, semantic_loss: 0.1837, center_loss: 0.3446, dir_class_loss: 0.7688, dir_res_loss: 0.4812, size_class_loss: 0.1837, size_res_loss: 0.1979, loss: 5.0087, grad_norm: 7.7007
2026-05-28 07:02:09,020 - mmdet - INFO - Epoch [27][650/1652]	lr: 8.000e-04, eta: 1:26:01, time: 0.323, data_time: 0.025, memory: 9507, vote_loss: 2.6422, objectness_loss: 0.2610, semantic_loss: 0.2291, center_loss: 0.3275, dir_class_loss: 0.6396, dir_res_loss: 0.4146, size_class_loss: 0.2291, size_res_loss: 0.2313, loss: 4.9743, grad_norm: 7.0872
2026-05-28 07:02:25,104 - mmdet - INFO - Epoch [27][700/1652]	lr: 8.000e-04, eta: 1:25:45, time: 0.322, data_time: 0.024, memory: 9507, vote_loss: 2.5218, objectness_loss: 0.2711, semantic_loss: 0.2386, center_loss: 0.3336, dir_class_loss: 0.7208, dir_res_loss: 0.4803, size_class_loss: 0.2386, size_res_loss: 0.2164, loss: 5.0212, grad_norm: 7.2845
2026-05-28 07:02:41,249 - mmdet - INFO - Epoch [27][750/1652]	lr: 8.000e-04, eta: 1:25:29, time: 0.323, data_time: 0.024, memory: 9507, vote_loss: 2.5773, objectness_loss: 0.2750, semantic_loss: 0.2400, center_loss: 0.3270, dir_class_loss: 0.6973, dir_res_loss: 0.4928, size_class_loss: 0.2400, size_res_loss: 0.2459, loss: 5.0953, grad_norm: 7.2851
2026-05-28 07:02:57,440 - mmdet - INFO - Epoch [27][800/1652]	lr: 8.000e-04, eta: 1:25:12, time: 0.324, data_time: 0.025, memory: 9507, vote_loss: 2.6783, objectness_loss: 0.2664, semantic_loss: 0.2238, center_loss: 0.3306, dir_class_loss: 0.7644, dir_res_loss: 0.4651, size_class_loss: 0.2238, size_res_loss: 0.2193, loss: 5.1717, grad_norm: 6.7109
2026-05-28 07:03:13,873 - mmdet - INFO - Epoch [27][850/1652]	lr: 8.000e-04, eta: 1:24:56, time: 0.329, data_time: 0.028, memory: 9507, vote_loss: 2.6883, objectness_loss: 0.2794, semantic_loss: 0.2429, center_loss: 0.3475, dir_class_loss: 0.7529, dir_res_loss: 0.4880, size_class_loss: 0.2429, size_res_loss: 0.2113, loss: 5.2531, grad_norm: 7.0495
2026-05-28 07:03:29,998 - mmdet - INFO - Epoch [27][900/1652]	lr: 8.000e-04, eta: 1:24:40, time: 0.323, data_time: 0.024, memory: 9507, vote_loss: 2.6330, objectness_loss: 0.2631, semantic_loss: 0.2269, center_loss: 0.3549, dir_class_loss: 0.6620, dir_res_loss: 0.4462, size_class_loss: 0.2269, size_res_loss: 0.2200, loss: 5.0329, grad_norm: 7.0015
2026-05-28 07:03:46,131 - mmdet - INFO - Epoch [27][950/1652]	lr: 8.000e-04, eta: 1:24:23, time: 0.323, data_time: 0.024, memory: 9507, vote_loss: 2.5653, objectness_loss: 0.2877, semantic_loss: 0.2126, center_loss: 0.3275, dir_class_loss: 0.6743, dir_res_loss: 0.4607, size_class_loss: 0.2126, size_res_loss: 0.2127, loss: 4.9533, grad_norm: 7.0615
2026-05-28 07:04:02,290 - mmdet - INFO - Epoch [27][1000/1652]	lr: 8.000e-04, eta: 1:24:07, time: 0.323, data_time: 0.025, memory: 9507, vote_loss: 2.5092, objectness_loss: 0.2692, semantic_loss: 0.2054, center_loss: 0.3235, dir_class_loss: 0.6707, dir_res_loss: 0.4387, size_class_loss: 0.2054, size_res_loss: 0.1966, loss: 4.8185, grad_norm: 6.7238
2026-05-28 07:04:18,550 - mmdet - INFO - Epoch [27][1050/1652]	lr: 8.000e-04, eta: 1:23:51, time: 0.325, data_time: 0.026, memory: 9507, vote_loss: 2.6353, objectness_loss: 0.2870, semantic_loss: 0.2180, center_loss: 0.3495, dir_class_loss: 0.7027, dir_res_loss: 0.4541, size_class_loss: 0.2180, size_res_loss: 0.2038, loss: 5.0684, grad_norm: 6.6221
2026-05-28 07:04:34,761 - mmdet - INFO - Epoch [27][1100/1652]	lr: 8.000e-04, eta: 1:23:35, time: 0.324, data_time: 0.025, memory: 9507, vote_loss: 2.5863, objectness_loss: 0.2814, semantic_loss: 0.1858, center_loss: 0.3070, dir_class_loss: 0.6699, dir_res_loss: 0.4738, size_class_loss: 0.1858, size_res_loss: 0.2074, loss: 4.8974, grad_norm: 7.2448
2026-05-28 07:04:50,882 - mmdet - INFO - Epoch [27][1150/1652]	lr: 8.000e-04, eta: 1:23:18, time: 0.322, data_time: 0.024, memory: 9507, vote_loss: 2.5862, objectness_loss: 0.2773, semantic_loss: 0.2244, center_loss: 0.3428, dir_class_loss: 0.7033, dir_res_loss: 0.4278, size_class_loss: 0.2244, size_res_loss: 0.2258, loss: 5.0120, grad_norm: 7.2736
2026-05-28 07:05:07,103 - mmdet - INFO - Epoch [27][1200/1652]	lr: 8.000e-04, eta: 1:23:02, time: 0.324, data_time: 0.025, memory: 9507, vote_loss: 2.7138, objectness_loss: 0.2696, semantic_loss: 0.2305, center_loss: 0.3705, dir_class_loss: 0.6625, dir_res_loss: 0.4163, size_class_loss: 0.2305, size_res_loss: 0.2261, loss: 5.1198, grad_norm: 7.9519
2026-05-28 07:05:23,343 - mmdet - INFO - Epoch [27][1250/1652]	lr: 8.000e-04, eta: 1:22:46, time: 0.325, data_time: 0.025, memory: 9507, vote_loss: 2.5889, objectness_loss: 0.3104, semantic_loss: 0.2378, center_loss: 0.3460, dir_class_loss: 0.6869, dir_res_loss: 0.4569, size_class_loss: 0.2378, size_res_loss: 0.2253, loss: 5.0899, grad_norm: 6.9220
2026-05-28 07:05:39,577 - mmdet - INFO - Epoch [27][1300/1652]	lr: 8.000e-04, eta: 1:22:29, time: 0.325, data_time: 0.025, memory: 9507, vote_loss: 2.6422, objectness_loss: 0.2529, semantic_loss: 0.2117, center_loss: 0.3269, dir_class_loss: 0.6619, dir_res_loss: 0.4785, size_class_loss: 0.2117, size_res_loss: 0.1933, loss: 4.9790, grad_norm: 6.9637
2026-05-28 07:05:55,692 - mmdet - INFO - Epoch [27][1350/1652]	lr: 8.000e-04, eta: 1:22:13, time: 0.322, data_time: 0.024, memory: 9507, vote_loss: 2.6891, objectness_loss: 0.2847, semantic_loss: 0.2161, center_loss: 0.3529, dir_class_loss: 0.7087, dir_res_loss: 0.4114, size_class_loss: 0.2161, size_res_loss: 0.2270, loss: 5.1060, grad_norm: 7.5911
2026-05-28 07:06:11,930 - mmdet - INFO - Epoch [27][1400/1652]	lr: 8.000e-04, eta: 1:21:57, time: 0.325, data_time: 0.025, memory: 9507, vote_loss: 2.5961, objectness_loss: 0.2855, semantic_loss: 0.2105, center_loss: 0.4542, dir_class_loss: 0.7261, dir_res_loss: 0.5096, size_class_loss: 0.2105, size_res_loss: 0.2320, loss: 5.2244, grad_norm: 7.5035
2026-05-28 07:06:28,184 - mmdet - INFO - Epoch [27][1450/1652]	lr: 8.000e-04, eta: 1:21:41, time: 0.325, data_time: 0.024, memory: 9507, vote_loss: 2.6263, objectness_loss: 0.2921, semantic_loss: 0.2133, center_loss: 0.3426, dir_class_loss: 0.7690, dir_res_loss: 0.5007, size_class_loss: 0.2133, size_res_loss: 0.2282, loss: 5.1856, grad_norm: 7.2720
2026-05-28 07:06:44,408 - mmdet - INFO - Epoch [27][1500/1652]	lr: 8.000e-04, eta: 1:21:24, time: 0.324, data_time: 0.025, memory: 9507, vote_loss: 2.5015, objectness_loss: 0.2807, semantic_loss: 0.2006, center_loss: 0.3322, dir_class_loss: 0.7056, dir_res_loss: 0.4685, size_class_loss: 0.2006, size_res_loss: 0.2176, loss: 4.9072, grad_norm: 7.1450
2026-05-28 07:07:00,620 - mmdet - INFO - Epoch [27][1550/1652]	lr: 8.000e-04, eta: 1:21:08, time: 0.324, data_time: 0.024, memory: 9507, vote_loss: 2.6024, objectness_loss: 0.2748, semantic_loss: 0.2264, center_loss: 0.3238, dir_class_loss: 0.8130, dir_res_loss: 0.4374, size_class_loss: 0.2264, size_res_loss: 0.2057, loss: 5.1099, grad_norm: 6.9327
2026-05-28 07:07:16,852 - mmdet - INFO - Epoch [27][1600/1652]	lr: 8.000e-04, eta: 1:20:52, time: 0.325, data_time: 0.025, memory: 9507, vote_loss: 2.5810, objectness_loss: 0.2839, semantic_loss: 0.2104, center_loss: 0.3488, dir_class_loss: 0.6569, dir_res_loss: 0.4942, size_class_loss: 0.2104, size_res_loss: 0.2375, loss: 5.0231, grad_norm: 7.2022
2026-05-28 07:07:32,992 - mmdet - INFO - Epoch [27][1650/1652]	lr: 8.000e-04, eta: 1:20:36, time: 0.323, data_time: 0.024, memory: 9507, vote_loss: 2.6156, objectness_loss: 0.2972, semantic_loss: 0.2239, center_loss: 0.3490, dir_class_loss: 0.6963, dir_res_loss: 0.4312, size_class_loss: 0.2239, size_res_loss: 0.2078, loss: 5.0449, grad_norm: 7.7673
2026-05-28 07:07:33,712 - mmdet - INFO - Saving checkpoint at 27 epochs
2026-05-28 07:07:52,860 - mmdet - INFO - Epoch [28][50/1652]	lr: 8.000e-04, eta: 1:20:19, time: 0.377, data_time: 0.077, memory: 9507, vote_loss: 2.5471, objectness_loss: 0.2514, semantic_loss: 0.1922, center_loss: 0.3280, dir_class_loss: 0.6754, dir_res_loss: 0.4783, size_class_loss: 0.1922, size_res_loss: 0.2382, loss: 4.9027, grad_norm: 7.5953
2026-05-28 07:08:09,087 - mmdet - INFO - Epoch [28][100/1652]	lr: 8.000e-04, eta: 1:20:03, time: 0.325, data_time: 0.024, memory: 9507, vote_loss: 2.6579, objectness_loss: 0.2947, semantic_loss: 0.2002, center_loss: 0.3297, dir_class_loss: 0.7240, dir_res_loss: 0.4490, size_class_loss: 0.2002, size_res_loss: 0.2274, loss: 5.0830, grad_norm: 7.0715
2026-05-28 07:08:25,296 - mmdet - INFO - Epoch [28][150/1652]	lr: 8.000e-04, eta: 1:19:47, time: 0.324, data_time: 0.024, memory: 9507, vote_loss: 2.6106, objectness_loss: 0.2792, semantic_loss: 0.2293, center_loss: 0.3599, dir_class_loss: 0.7700, dir_res_loss: 0.5435, size_class_loss: 0.2293, size_res_loss: 0.2035, loss: 5.2252, grad_norm: 7.0116
2026-05-28 07:08:41,424 - mmdet - INFO - Epoch [28][200/1652]	lr: 8.000e-04, eta: 1:19:30, time: 0.323, data_time: 0.024, memory: 9507, vote_loss: 2.4839, objectness_loss: 0.2692, semantic_loss: 0.2253, center_loss: 0.3176, dir_class_loss: 0.6761, dir_res_loss: 0.4803, size_class_loss: 0.2253, size_res_loss: 0.2092, loss: 4.8868, grad_norm: 7.4092
2026-05-28 07:08:57,600 - mmdet - INFO - Epoch [28][250/1652]	lr: 8.000e-04, eta: 1:19:14, time: 0.324, data_time: 0.025, memory: 9507, vote_loss: 2.5346, objectness_loss: 0.2626, semantic_loss: 0.2065, center_loss: 0.3673, dir_class_loss: 0.7588, dir_res_loss: 0.4934, size_class_loss: 0.2065, size_res_loss: 0.2115, loss: 5.0411, grad_norm: 7.1612
2026-05-28 07:09:13,809 - mmdet - INFO - Epoch [28][300/1652]	lr: 8.000e-04, eta: 1:18:58, time: 0.324, data_time: 0.024, memory: 9507, vote_loss: 2.6969, objectness_loss: 0.2699, semantic_loss: 0.2226, center_loss: 0.3489, dir_class_loss: 0.6752, dir_res_loss: 0.4268, size_class_loss: 0.2226, size_res_loss: 0.1995, loss: 5.0624, grad_norm: 7.1458
2026-05-28 07:09:29,904 - mmdet - INFO - Epoch [28][350/1652]	lr: 8.000e-04, eta: 1:18:41, time: 0.322, data_time: 0.024, memory: 9507, vote_loss: 2.5811, objectness_loss: 0.2701, semantic_loss: 0.2147, center_loss: 0.3517, dir_class_loss: 0.7327, dir_res_loss: 0.5117, size_class_loss: 0.2147, size_res_loss: 0.2142, loss: 5.0909, grad_norm: 7.1346
2026-05-28 07:09:46,091 - mmdet - INFO - Epoch [28][400/1652]	lr: 8.000e-04, eta: 1:18:25, time: 0.324, data_time: 0.025, memory: 9507, vote_loss: 2.6609, objectness_loss: 0.2968, semantic_loss: 0.2190, center_loss: 0.3409, dir_class_loss: 0.6314, dir_res_loss: 0.4693, size_class_loss: 0.2190, size_res_loss: 0.2200, loss: 5.0572, grad_norm: 7.0209
2026-05-28 07:10:02,261 - mmdet - INFO - Epoch [28][450/1652]	lr: 8.000e-04, eta: 1:18:09, time: 0.323, data_time: 0.024, memory: 9507, vote_loss: 2.6481, objectness_loss: 0.2882, semantic_loss: 0.2169, center_loss: 0.3356, dir_class_loss: 0.6891, dir_res_loss: 0.4356, size_class_loss: 0.2169, size_res_loss: 0.2289, loss: 5.0594, grad_norm: 7.1001
2026-05-28 07:10:18,475 - mmdet - INFO - Epoch [28][500/1652]	lr: 8.000e-04, eta: 1:17:53, time: 0.324, data_time: 0.025, memory: 9507, vote_loss: 2.6525, objectness_loss: 0.2758, semantic_loss: 0.2267, center_loss: 0.3329, dir_class_loss: 0.6949, dir_res_loss: 0.4453, size_class_loss: 0.2267, size_res_loss: 0.2183, loss: 5.0732, grad_norm: 7.4132
2026-05-28 07:10:34,619 - mmdet - INFO - Epoch [28][550/1652]	lr: 8.000e-04, eta: 1:17:36, time: 0.323, data_time: 0.024, memory: 9507, vote_loss: 2.5926, objectness_loss: 0.2679, semantic_loss: 0.2371, center_loss: 0.3269, dir_class_loss: 0.6890, dir_res_loss: 0.4541, size_class_loss: 0.2371, size_res_loss: 0.2071, loss: 5.0117, grad_norm: 7.5532
2026-05-28 07:10:50,901 - mmdet - INFO - Epoch [28][600/1652]	lr: 8.000e-04, eta: 1:17:20, time: 0.326, data_time: 0.025, memory: 9507, vote_loss: 2.5186, objectness_loss: 0.2611, semantic_loss: 0.2068, center_loss: 0.3289, dir_class_loss: 0.6621, dir_res_loss: 0.4047, size_class_loss: 0.2068, size_res_loss: 0.2134, loss: 4.8026, grad_norm: 7.2971
2026-05-28 07:11:07,263 - mmdet - INFO - Epoch [28][650/1652]	lr: 8.000e-04, eta: 1:17:04, time: 0.327, data_time: 0.025, memory: 9507, vote_loss: 2.5964, objectness_loss: 0.2875, semantic_loss: 0.1989, center_loss: 0.3388, dir_class_loss: 0.6735, dir_res_loss: 0.4357, size_class_loss: 0.1989, size_res_loss: 0.2302, loss: 4.9599, grad_norm: 7.3886
2026-05-28 07:11:23,484 - mmdet - INFO - Epoch [28][700/1652]	lr: 8.000e-04, eta: 1:16:48, time: 0.324, data_time: 0.024, memory: 9507, vote_loss: 2.6362, objectness_loss: 0.2851, semantic_loss: 0.2051, center_loss: 0.3569, dir_class_loss: 0.7701, dir_res_loss: 0.4973, size_class_loss: 0.2051, size_res_loss: 0.2115, loss: 5.1672, grad_norm: 7.2264
2026-05-28 07:11:39,666 - mmdet - INFO - Epoch [28][750/1652]	lr: 8.000e-04, eta: 1:16:31, time: 0.324, data_time: 0.024, memory: 9507, vote_loss: 2.6111, objectness_loss: 0.2790, semantic_loss: 0.2379, center_loss: 0.3410, dir_class_loss: 0.6716, dir_res_loss: 0.4456, size_class_loss: 0.2379, size_res_loss: 0.2277, loss: 5.0519, grad_norm: 7.6152
2026-05-28 07:11:55,838 - mmdet - INFO - Epoch [28][800/1652]	lr: 8.000e-04, eta: 1:16:15, time: 0.323, data_time: 0.024, memory: 9507, vote_loss: 2.7143, objectness_loss: 0.2716, semantic_loss: 0.2269, center_loss: 0.3337, dir_class_loss: 0.7061, dir_res_loss: 0.4513, size_class_loss: 0.2269, size_res_loss: 0.2121, loss: 5.1429, grad_norm: 7.1791
2026-05-28 07:12:12,046 - mmdet - INFO - Epoch [28][850/1652]	lr: 8.000e-04, eta: 1:15:59, time: 0.324, data_time: 0.024, memory: 9507, vote_loss: 2.6389, objectness_loss: 0.2536, semantic_loss: 0.2008, center_loss: 0.3555, dir_class_loss: 0.7264, dir_res_loss: 0.4072, size_class_loss: 0.2007, size_res_loss: 0.2187, loss: 5.0019, grad_norm: 7.1504
2026-05-28 07:12:28,170 - mmdet - INFO - Epoch [28][900/1652]	lr: 8.000e-04, eta: 1:15:42, time: 0.322, data_time: 0.024, memory: 9507, vote_loss: 2.5685, objectness_loss: 0.2739, semantic_loss: 0.2045, center_loss: 0.3259, dir_class_loss: 0.6488, dir_res_loss: 0.4840, size_class_loss: 0.2045, size_res_loss: 0.2183, loss: 4.9283, grad_norm: 6.9700
2026-05-28 07:12:44,335 - mmdet - INFO - Epoch [28][950/1652]	lr: 8.000e-04, eta: 1:15:26, time: 0.323, data_time: 0.025, memory: 9507, vote_loss: 2.6816, objectness_loss: 0.2861, semantic_loss: 0.2247, center_loss: 0.3567, dir_class_loss: 0.7784, dir_res_loss: 0.4895, size_class_loss: 0.2247, size_res_loss: 0.2402, loss: 5.2819, grad_norm: 7.2202
2026-05-28 07:13:00,724 - mmdet - INFO - Epoch [28][1000/1652]	lr: 8.000e-04, eta: 1:15:10, time: 0.328, data_time: 0.028, memory: 9507, vote_loss: 2.6177, objectness_loss: 0.2868, semantic_loss: 0.2327, center_loss: 0.3370, dir_class_loss: 0.6965, dir_res_loss: 0.4363, size_class_loss: 0.2327, size_res_loss: 0.2327, loss: 5.0724, grad_norm: 7.2162
2026-05-28 07:13:16,859 - mmdet - INFO - Epoch [28][1050/1652]	lr: 8.000e-04, eta: 1:14:54, time: 0.323, data_time: 0.024, memory: 9507, vote_loss: 2.5900, objectness_loss: 0.2725, semantic_loss: 0.2225, center_loss: 0.4220, dir_class_loss: 0.7062, dir_res_loss: 0.4992, size_class_loss: 0.2225, size_res_loss: 0.2236, loss: 5.1585, grad_norm: 7.3659
2026-05-28 07:13:33,040 - mmdet - INFO - Epoch [28][1100/1652]	lr: 8.000e-04, eta: 1:14:37, time: 0.324, data_time: 0.025, memory: 9507, vote_loss: 2.6272, objectness_loss: 0.2706, semantic_loss: 0.1859, center_loss: 0.3269, dir_class_loss: 0.6910, dir_res_loss: 0.5398, size_class_loss: 0.1859, size_res_loss: 0.2331, loss: 5.0603, grad_norm: 7.4628
2026-05-28 07:13:49,152 - mmdet - INFO - Epoch [28][1150/1652]	lr: 8.000e-04, eta: 1:14:21, time: 0.322, data_time: 0.024, memory: 9507, vote_loss: 2.5017, objectness_loss: 0.2708, semantic_loss: 0.2084, center_loss: 0.3208, dir_class_loss: 0.6960, dir_res_loss: 0.4905, size_class_loss: 0.2084, size_res_loss: 0.2162, loss: 4.9128, grad_norm: 7.2738
2026-05-28 07:14:05,330 - mmdet - INFO - Epoch [28][1200/1652]	lr: 8.000e-04, eta: 1:14:05, time: 0.324, data_time: 0.025, memory: 9507, vote_loss: 2.6831, objectness_loss: 0.2819, semantic_loss: 0.1844, center_loss: 0.3392, dir_class_loss: 0.6503, dir_res_loss: 0.4784, size_class_loss: 0.1844, size_res_loss: 0.2012, loss: 5.0028, grad_norm: 7.0671
2026-05-28 07:14:21,470 - mmdet - INFO - Epoch [28][1250/1652]	lr: 8.000e-04, eta: 1:13:48, time: 0.323, data_time: 0.024, memory: 9507, vote_loss: 2.5092, objectness_loss: 0.2838, semantic_loss: 0.1961, center_loss: 0.3324, dir_class_loss: 0.6398, dir_res_loss: 0.4108, size_class_loss: 0.1961, size_res_loss: 0.1852, loss: 4.7533, grad_norm: 7.2913
2026-05-28 07:14:37,716 - mmdet - INFO - Epoch [28][1300/1652]	lr: 8.000e-04, eta: 1:13:32, time: 0.325, data_time: 0.025, memory: 9507, vote_loss: 2.4640, objectness_loss: 0.2510, semantic_loss: 0.2016, center_loss: 0.3139, dir_class_loss: 0.6811, dir_res_loss: 0.4775, size_class_loss: 0.2016, size_res_loss: 0.1984, loss: 4.7891, grad_norm: 6.5022
2026-05-28 07:14:53,918 - mmdet - INFO - Epoch [28][1350/1652]	lr: 8.000e-04, eta: 1:13:16, time: 0.324, data_time: 0.025, memory: 9507, vote_loss: 2.6263, objectness_loss: 0.2800, semantic_loss: 0.2035, center_loss: 0.3199, dir_class_loss: 0.6390, dir_res_loss: 0.4415, size_class_loss: 0.2035, size_res_loss: 0.2067, loss: 4.9204, grad_norm: 7.0675
2026-05-28 07:15:10,147 - mmdet - INFO - Epoch [28][1400/1652]	lr: 8.000e-04, eta: 1:13:00, time: 0.325, data_time: 0.025, memory: 9507, vote_loss: 2.6847, objectness_loss: 0.2718, semantic_loss: 0.2306, center_loss: 0.3313, dir_class_loss: 0.7290, dir_res_loss: 0.4973, size_class_loss: 0.2306, size_res_loss: 0.2000, loss: 5.1752, grad_norm: 7.4232
2026-05-28 07:15:26,365 - mmdet - INFO - Epoch [28][1450/1652]	lr: 8.000e-04, eta: 1:12:43, time: 0.324, data_time: 0.025, memory: 9507, vote_loss: 2.5782, objectness_loss: 0.2902, semantic_loss: 0.2168, center_loss: 0.3961, dir_class_loss: 0.6569, dir_res_loss: 0.4075, size_class_loss: 0.2168, size_res_loss: 0.2367, loss: 4.9992, grad_norm: 7.9549
2026-05-28 07:15:42,625 - mmdet - INFO - Epoch [28][1500/1652]	lr: 8.000e-04, eta: 1:12:27, time: 0.325, data_time: 0.024, memory: 9507, vote_loss: 2.6613, objectness_loss: 0.2606, semantic_loss: 0.2184, center_loss: 0.3512, dir_class_loss: 0.6851, dir_res_loss: 0.4652, size_class_loss: 0.2184, size_res_loss: 0.2208, loss: 5.0811, grad_norm: 6.9110
2026-05-28 07:15:58,819 - mmdet - INFO - Epoch [28][1550/1652]	lr: 8.000e-04, eta: 1:12:11, time: 0.324, data_time: 0.025, memory: 9507, vote_loss: 2.6958, objectness_loss: 0.2690, semantic_loss: 0.2167, center_loss: 0.3381, dir_class_loss: 0.7291, dir_res_loss: 0.4596, size_class_loss: 0.2167, size_res_loss: 0.2271, loss: 5.1521, grad_norm: 7.1647
2026-05-28 07:16:15,192 - mmdet - INFO - Epoch [28][1600/1652]	lr: 8.000e-04, eta: 1:11:55, time: 0.327, data_time: 0.026, memory: 9507, vote_loss: 2.5094, objectness_loss: 0.2922, semantic_loss: 0.1970, center_loss: 0.3246, dir_class_loss: 0.6821, dir_res_loss: 0.4567, size_class_loss: 0.1970, size_res_loss: 0.2022, loss: 4.8613, grad_norm: 6.7886
2026-05-28 07:16:31,507 - mmdet - INFO - Epoch [28][1650/1652]	lr: 8.000e-04, eta: 1:11:38, time: 0.326, data_time: 0.025, memory: 9507, vote_loss: 2.5402, objectness_loss: 0.2596, semantic_loss: 0.2015, center_loss: 0.3248, dir_class_loss: 0.6676, dir_res_loss: 0.4817, size_class_loss: 0.2015, size_res_loss: 0.1954, loss: 4.8725, grad_norm: 6.9828
2026-05-28 07:16:32,218 - mmdet - INFO - Saving checkpoint at 28 epochs
2026-05-28 07:16:51,315 - mmdet - INFO - Epoch [29][50/1652]	lr: 8.000e-04, eta: 1:11:22, time: 0.376, data_time: 0.075, memory: 9507, vote_loss: 2.5383, objectness_loss: 0.2780, semantic_loss: 0.2083, center_loss: 0.3276, dir_class_loss: 0.6547, dir_res_loss: 0.4265, size_class_loss: 0.2083, size_res_loss: 0.2155, loss: 4.8572, grad_norm: 7.3367
2026-05-28 07:17:07,551 - mmdet - INFO - Epoch [29][100/1652]	lr: 8.000e-04, eta: 1:11:06, time: 0.325, data_time: 0.024, memory: 9507, vote_loss: 2.6861, objectness_loss: 0.2430, semantic_loss: 0.1959, center_loss: 0.3347, dir_class_loss: 0.7770, dir_res_loss: 0.5366, size_class_loss: 0.1959, size_res_loss: 0.2183, loss: 5.1874, grad_norm: 6.9813
2026-05-28 07:17:23,774 - mmdet - INFO - Epoch [29][150/1652]	lr: 8.000e-04, eta: 1:10:49, time: 0.324, data_time: 0.024, memory: 9507, vote_loss: 2.5787, objectness_loss: 0.2516, semantic_loss: 0.2017, center_loss: 0.3218, dir_class_loss: 0.6949, dir_res_loss: 0.4416, size_class_loss: 0.2017, size_res_loss: 0.2127, loss: 4.9049, grad_norm: 7.5072
2026-05-28 07:17:40,060 - mmdet - INFO - Epoch [29][200/1652]	lr: 8.000e-04, eta: 1:10:33, time: 0.326, data_time: 0.025, memory: 9507, vote_loss: 2.5244, objectness_loss: 0.2815, semantic_loss: 0.2071, center_loss: 0.3321, dir_class_loss: 0.7542, dir_res_loss: 0.4810, size_class_loss: 0.2071, size_res_loss: 0.2307, loss: 5.0179, grad_norm: 7.0685
2026-05-28 07:17:56,328 - mmdet - INFO - Epoch [29][250/1652]	lr: 8.000e-04, eta: 1:10:17, time: 0.325, data_time: 0.025, memory: 9507, vote_loss: 2.6149, objectness_loss: 0.2971, semantic_loss: 0.1835, center_loss: 0.3398, dir_class_loss: 0.7033, dir_res_loss: 0.5119, size_class_loss: 0.1835, size_res_loss: 0.2133, loss: 5.0473, grad_norm: 7.5162
2026-05-28 07:18:12,604 - mmdet - INFO - Epoch [29][300/1652]	lr: 8.000e-04, eta: 1:10:01, time: 0.326, data_time: 0.026, memory: 9507, vote_loss: 2.6526, objectness_loss: 0.2779, semantic_loss: 0.2321, center_loss: 0.3205, dir_class_loss: 0.7017, dir_res_loss: 0.4853, size_class_loss: 0.2321, size_res_loss: 0.2207, loss: 5.1229, grad_norm: 7.0879
2026-05-28 07:18:28,838 - mmdet - INFO - Epoch [29][350/1652]	lr: 8.000e-04, eta: 1:09:44, time: 0.325, data_time: 0.025, memory: 9507, vote_loss: 2.6865, objectness_loss: 0.2734, semantic_loss: 0.1954, center_loss: 0.3622, dir_class_loss: 0.6697, dir_res_loss: 0.4086, size_class_loss: 0.1954, size_res_loss: 0.2146, loss: 5.0057, grad_norm: 7.4625
2026-05-28 07:18:45,046 - mmdet - INFO - Epoch [29][400/1652]	lr: 8.000e-04, eta: 1:09:28, time: 0.324, data_time: 0.024, memory: 9507, vote_loss: 2.5102, objectness_loss: 0.2728, semantic_loss: 0.2134, center_loss: 0.3529, dir_class_loss: 0.7168, dir_res_loss: 0.4454, size_class_loss: 0.2134, size_res_loss: 0.2204, loss: 4.9453, grad_norm: 7.3037
2026-05-28 07:19:01,172 - mmdet - INFO - Epoch [29][450/1652]	lr: 8.000e-04, eta: 1:09:12, time: 0.323, data_time: 0.024, memory: 9507, vote_loss: 2.4949, objectness_loss: 0.2855, semantic_loss: 0.1990, center_loss: 0.3008, dir_class_loss: 0.6002, dir_res_loss: 0.4063, size_class_loss: 0.1989, size_res_loss: 0.2063, loss: 4.6918, grad_norm: 7.2710
2026-05-28 07:19:17,349 - mmdet - INFO - Epoch [29][500/1652]	lr: 8.000e-04, eta: 1:08:55, time: 0.324, data_time: 0.024, memory: 9507, vote_loss: 2.5713, objectness_loss: 0.2737, semantic_loss: 0.2137, center_loss: 0.3276, dir_class_loss: 0.6633, dir_res_loss: 0.4872, size_class_loss: 0.2137, size_res_loss: 0.2281, loss: 4.9786, grad_norm: 7.3066
2026-05-28 07:19:33,507 - mmdet - INFO - Epoch [29][550/1652]	lr: 8.000e-04, eta: 1:08:39, time: 0.323, data_time: 0.024, memory: 9507, vote_loss: 2.6062, objectness_loss: 0.2678, semantic_loss: 0.2313, center_loss: 0.3327, dir_class_loss: 0.7315, dir_res_loss: 0.4184, size_class_loss: 0.2313, size_res_loss: 0.2094, loss: 5.0286, grad_norm: 7.5566
2026-05-28 07:19:49,729 - mmdet - INFO - Epoch [29][600/1652]	lr: 8.000e-04, eta: 1:08:23, time: 0.324, data_time: 0.025, memory: 9507, vote_loss: 2.5342, objectness_loss: 0.2660, semantic_loss: 0.1885, center_loss: 0.3278, dir_class_loss: 0.6991, dir_res_loss: 0.4534, size_class_loss: 0.1885, size_res_loss: 0.2032, loss: 4.8607, grad_norm: 7.2468
2026-05-28 07:20:05,997 - mmdet - INFO - Epoch [29][650/1652]	lr: 8.000e-04, eta: 1:08:07, time: 0.325, data_time: 0.025, memory: 9507, vote_loss: 2.6404, objectness_loss: 0.2735, semantic_loss: 0.2278, center_loss: 0.3359, dir_class_loss: 0.7302, dir_res_loss: 0.5159, size_class_loss: 0.2278, size_res_loss: 0.2443, loss: 5.1959, grad_norm: 7.1673
2026-05-28 07:20:22,225 - mmdet - INFO - Epoch [29][700/1652]	lr: 8.000e-04, eta: 1:07:50, time: 0.325, data_time: 0.025, memory: 9507, vote_loss: 2.6283, objectness_loss: 0.2579, semantic_loss: 0.1959, center_loss: 0.3316, dir_class_loss: 0.6498, dir_res_loss: 0.4468, size_class_loss: 0.1959, size_res_loss: 0.2102, loss: 4.9165, grad_norm: 7.2030
2026-05-28 07:20:38,533 - mmdet - INFO - Epoch [29][750/1652]	lr: 8.000e-04, eta: 1:07:34, time: 0.326, data_time: 0.025, memory: 9507, vote_loss: 2.4356, objectness_loss: 0.2768, semantic_loss: 0.2156, center_loss: 0.3070, dir_class_loss: 0.7174, dir_res_loss: 0.4603, size_class_loss: 0.2156, size_res_loss: 0.2088, loss: 4.8370, grad_norm: 6.7045
2026-05-28 07:20:54,691 - mmdet - INFO - Epoch [29][800/1652]	lr: 8.000e-04, eta: 1:07:18, time: 0.323, data_time: 0.024, memory: 9507, vote_loss: 2.6147, objectness_loss: 0.2904, semantic_loss: 0.2177, center_loss: 0.4121, dir_class_loss: 0.7040, dir_res_loss: 0.4464, size_class_loss: 0.2177, size_res_loss: 0.2230, loss: 5.1260, grad_norm: 7.1383
2026-05-28 07:21:10,949 - mmdet - INFO - Epoch [29][850/1652]	lr: 8.000e-04, eta: 1:07:02, time: 0.325, data_time: 0.025, memory: 9507, vote_loss: 2.4986, objectness_loss: 0.2472, semantic_loss: 0.1961, center_loss: 0.3099, dir_class_loss: 0.6446, dir_res_loss: 0.3987, size_class_loss: 0.1961, size_res_loss: 0.1910, loss: 4.6820, grad_norm: 6.7922
2026-05-28 07:21:27,178 - mmdet - INFO - Epoch [29][900/1652]	lr: 8.000e-04, eta: 1:06:45, time: 0.325, data_time: 0.025, memory: 9507, vote_loss: 2.4839, objectness_loss: 0.2773, semantic_loss: 0.2153, center_loss: 0.3656, dir_class_loss: 0.7273, dir_res_loss: 0.3635, size_class_loss: 0.2153, size_res_loss: 0.2136, loss: 4.8618, grad_norm: 7.2039
2026-05-28 07:21:43,397 - mmdet - INFO - Epoch [29][950/1652]	lr: 8.000e-04, eta: 1:06:29, time: 0.324, data_time: 0.024, memory: 9507, vote_loss: 2.5150, objectness_loss: 0.2599, semantic_loss: 0.2009, center_loss: 0.3440, dir_class_loss: 0.6807, dir_res_loss: 0.3976, size_class_loss: 0.2009, size_res_loss: 0.2134, loss: 4.8125, grad_norm: 7.4115
2026-05-28 07:21:59,585 - mmdet - INFO - Epoch [29][1000/1652]	lr: 8.000e-04, eta: 1:06:13, time: 0.324, data_time: 0.024, memory: 9507, vote_loss: 2.5706, objectness_loss: 0.3014, semantic_loss: 0.1764, center_loss: 0.3364, dir_class_loss: 0.6305, dir_res_loss: 0.4262, size_class_loss: 0.1764, size_res_loss: 0.1853, loss: 4.8033, grad_norm: 7.4369
2026-05-28 07:22:15,966 - mmdet - INFO - Epoch [29][1050/1652]	lr: 8.000e-04, eta: 1:05:57, time: 0.328, data_time: 0.028, memory: 9507, vote_loss: 2.5368, objectness_loss: 0.2545, semantic_loss: 0.1983, center_loss: 0.3000, dir_class_loss: 0.7387, dir_res_loss: 0.4194, size_class_loss: 0.1983, size_res_loss: 0.2185, loss: 4.8644, grad_norm: 7.2847
2026-05-28 07:22:32,193 - mmdet - INFO - Epoch [29][1100/1652]	lr: 8.000e-04, eta: 1:05:40, time: 0.325, data_time: 0.024, memory: 9507, vote_loss: 2.5849, objectness_loss: 0.2318, semantic_loss: 0.2051, center_loss: 0.3228, dir_class_loss: 0.6718, dir_res_loss: 0.4553, size_class_loss: 0.2051, size_res_loss: 0.2092, loss: 4.8859, grad_norm: 7.7489
2026-05-28 07:22:48,405 - mmdet - INFO - Epoch [29][1150/1652]	lr: 8.000e-04, eta: 1:05:24, time: 0.324, data_time: 0.024, memory: 9507, vote_loss: 2.6699, objectness_loss: 0.2709, semantic_loss: 0.1975, center_loss: 0.3585, dir_class_loss: 0.7406, dir_res_loss: 0.4596, size_class_loss: 0.1975, size_res_loss: 0.2185, loss: 5.1131, grad_norm: 7.5505
2026-05-28 07:23:04,616 - mmdet - INFO - Epoch [29][1200/1652]	lr: 8.000e-04, eta: 1:05:08, time: 0.324, data_time: 0.024, memory: 9507, vote_loss: 2.5692, objectness_loss: 0.2459, semantic_loss: 0.2098, center_loss: 0.3206, dir_class_loss: 0.6990, dir_res_loss: 0.4875, size_class_loss: 0.2098, size_res_loss: 0.1828, loss: 4.9245, grad_norm: 7.0805
2026-05-28 07:23:20,789 - mmdet - INFO - Epoch [29][1250/1652]	lr: 8.000e-04, eta: 1:04:51, time: 0.323, data_time: 0.024, memory: 9507, vote_loss: 2.6205, objectness_loss: 0.2521, semantic_loss: 0.2141, center_loss: 0.3548, dir_class_loss: 0.6755, dir_res_loss: 0.4137, size_class_loss: 0.2141, size_res_loss: 0.2343, loss: 4.9790, grad_norm: 7.3715
2026-05-28 07:23:37,061 - mmdet - INFO - Epoch [29][1300/1652]	lr: 8.000e-04, eta: 1:04:35, time: 0.325, data_time: 0.024, memory: 9507, vote_loss: 2.5382, objectness_loss: 0.2763, semantic_loss: 0.1970, center_loss: 0.3335, dir_class_loss: 0.6743, dir_res_loss: 0.4755, size_class_loss: 0.1970, size_res_loss: 0.2264, loss: 4.9182, grad_norm: 7.0456
2026-05-28 07:23:53,272 - mmdet - INFO - Epoch [29][1350/1652]	lr: 8.000e-04, eta: 1:04:19, time: 0.324, data_time: 0.024, memory: 9507, vote_loss: 2.4732, objectness_loss: 0.2709, semantic_loss: 0.2033, center_loss: 0.2950, dir_class_loss: 0.6774, dir_res_loss: 0.4984, size_class_loss: 0.2033, size_res_loss: 0.2065, loss: 4.8282, grad_norm: 7.2706
2026-05-28 07:24:09,461 - mmdet - INFO - Epoch [29][1400/1652]	lr: 8.000e-04, eta: 1:04:03, time: 0.324, data_time: 0.024, memory: 9507, vote_loss: 2.4280, objectness_loss: 0.2744, semantic_loss: 0.2042, center_loss: 0.3035, dir_class_loss: 0.6905, dir_res_loss: 0.4375, size_class_loss: 0.2042, size_res_loss: 0.1951, loss: 4.7375, grad_norm: 7.1987
2026-05-28 07:24:25,655 - mmdet - INFO - Epoch [29][1450/1652]	lr: 8.000e-04, eta: 1:03:46, time: 0.324, data_time: 0.024, memory: 9507, vote_loss: 2.5919, objectness_loss: 0.2654, semantic_loss: 0.2135, center_loss: 0.3212, dir_class_loss: 0.6938, dir_res_loss: 0.5246, size_class_loss: 0.2135, size_res_loss: 0.2168, loss: 5.0408, grad_norm: 7.3640
2026-05-28 07:24:41,831 - mmdet - INFO - Epoch [29][1500/1652]	lr: 8.000e-04, eta: 1:03:30, time: 0.324, data_time: 0.024, memory: 9507, vote_loss: 2.5974, objectness_loss: 0.2788, semantic_loss: 0.1963, center_loss: 0.3341, dir_class_loss: 0.6115, dir_res_loss: 0.4562, size_class_loss: 0.1963, size_res_loss: 0.2208, loss: 4.8913, grad_norm: 6.9312
2026-05-28 07:24:58,019 - mmdet - INFO - Epoch [29][1550/1652]	lr: 8.000e-04, eta: 1:03:14, time: 0.324, data_time: 0.023, memory: 9507, vote_loss: 2.4450, objectness_loss: 0.2730, semantic_loss: 0.2112, center_loss: 0.3117, dir_class_loss: 0.7292, dir_res_loss: 0.4427, size_class_loss: 0.2112, size_res_loss: 0.2089, loss: 4.8327, grad_norm: 6.6529
2026-05-28 07:25:14,166 - mmdet - INFO - Epoch [29][1600/1652]	lr: 8.000e-04, eta: 1:02:57, time: 0.323, data_time: 0.024, memory: 9507, vote_loss: 2.5584, objectness_loss: 0.2709, semantic_loss: 0.2074, center_loss: 0.3697, dir_class_loss: 0.6825, dir_res_loss: 0.4497, size_class_loss: 0.2074, size_res_loss: 0.1951, loss: 4.9410, grad_norm: 7.9162
2026-05-28 07:25:30,277 - mmdet - INFO - Epoch [29][1650/1652]	lr: 8.000e-04, eta: 1:02:41, time: 0.322, data_time: 0.024, memory: 9507, vote_loss: 2.5711, objectness_loss: 0.2656, semantic_loss: 0.1828, center_loss: 0.3276, dir_class_loss: 0.7011, dir_res_loss: 0.4610, size_class_loss: 0.1828, size_res_loss: 0.2233, loss: 4.9154, grad_norm: 7.5043
2026-05-28 07:25:30,987 - mmdet - INFO - Saving checkpoint at 29 epochs
2026-05-28 07:25:50,116 - mmdet - INFO - Epoch [30][50/1652]	lr: 8.000e-04, eta: 1:02:25, time: 0.377, data_time: 0.076, memory: 9507, vote_loss: 2.5418, objectness_loss: 0.2688, semantic_loss: 0.2003, center_loss: 0.3105, dir_class_loss: 0.7185, dir_res_loss: 0.4837, size_class_loss: 0.2002, size_res_loss: 0.2351, loss: 4.9587, grad_norm: 7.0641
2026-05-28 07:26:06,354 - mmdet - INFO - Epoch [30][100/1652]	lr: 8.000e-04, eta: 1:02:08, time: 0.325, data_time: 0.025, memory: 9507, vote_loss: 2.4662, objectness_loss: 0.2858, semantic_loss: 0.1767, center_loss: 0.3089, dir_class_loss: 0.6313, dir_res_loss: 0.3976, size_class_loss: 0.1767, size_res_loss: 0.2013, loss: 4.6446, grad_norm: 7.3616
2026-05-28 07:26:22,595 - mmdet - INFO - Epoch [30][150/1652]	lr: 8.000e-04, eta: 1:01:52, time: 0.325, data_time: 0.024, memory: 9507, vote_loss: 2.5237, objectness_loss: 0.2625, semantic_loss: 0.1966, center_loss: 0.3288, dir_class_loss: 0.7022, dir_res_loss: 0.4788, size_class_loss: 0.1966, size_res_loss: 0.2108, loss: 4.8999, grad_norm: 7.1981
2026-05-28 07:26:38,752 - mmdet - INFO - Epoch [30][200/1652]	lr: 8.000e-04, eta: 1:01:36, time: 0.323, data_time: 0.023, memory: 9507, vote_loss: 2.4466, objectness_loss: 0.2578, semantic_loss: 0.1825, center_loss: 0.3653, dir_class_loss: 0.6620, dir_res_loss: 0.4325, size_class_loss: 0.1825, size_res_loss: 0.2087, loss: 4.7380, grad_norm: 7.3130
2026-05-28 07:26:54,941 - mmdet - INFO - Epoch [30][250/1652]	lr: 8.000e-04, eta: 1:01:20, time: 0.324, data_time: 0.023, memory: 9507, vote_loss: 2.5306, objectness_loss: 0.2497, semantic_loss: 0.1801, center_loss: 0.3293, dir_class_loss: 0.6726, dir_res_loss: 0.4999, size_class_loss: 0.1801, size_res_loss: 0.2038, loss: 4.8462, grad_norm: 7.6467
2026-05-28 07:27:11,098 - mmdet - INFO - Epoch [30][300/1652]	lr: 8.000e-04, eta: 1:01:03, time: 0.323, data_time: 0.024, memory: 9507, vote_loss: 2.5253, objectness_loss: 0.2545, semantic_loss: 0.1869, center_loss: 0.3085, dir_class_loss: 0.6985, dir_res_loss: 0.4838, size_class_loss: 0.1869, size_res_loss: 0.1993, loss: 4.8437, grad_norm: 7.0898
2026-05-28 07:27:27,207 - mmdet - INFO - Epoch [30][350/1652]	lr: 8.000e-04, eta: 1:00:47, time: 0.322, data_time: 0.023, memory: 9507, vote_loss: 2.5585, objectness_loss: 0.2915, semantic_loss: 0.2096, center_loss: 0.3254, dir_class_loss: 0.6479, dir_res_loss: 0.4570, size_class_loss: 0.2097, size_res_loss: 0.2069, loss: 4.9067, grad_norm: 7.5235
2026-05-28 07:27:43,336 - mmdet - INFO - Epoch [30][400/1652]	lr: 8.000e-04, eta: 1:00:31, time: 0.323, data_time: 0.023, memory: 9507, vote_loss: 2.4191, objectness_loss: 0.2657, semantic_loss: 0.1914, center_loss: 0.3106, dir_class_loss: 0.6945, dir_res_loss: 0.4239, size_class_loss: 0.1914, size_res_loss: 0.2049, loss: 4.7014, grad_norm: 6.5764
2026-05-28 07:27:59,477 - mmdet - INFO - Epoch [30][450/1652]	lr: 8.000e-04, eta: 1:00:14, time: 0.323, data_time: 0.023, memory: 9507, vote_loss: 2.5355, objectness_loss: 0.2382, semantic_loss: 0.1789, center_loss: 0.3175, dir_class_loss: 0.6650, dir_res_loss: 0.4633, size_class_loss: 0.1789, size_res_loss: 0.2032, loss: 4.7805, grad_norm: 7.1329
2026-05-28 07:28:15,566 - mmdet - INFO - Epoch [30][500/1652]	lr: 8.000e-04, eta: 0:59:58, time: 0.322, data_time: 0.024, memory: 9507, vote_loss: 2.5936, objectness_loss: 0.2654, semantic_loss: 0.2390, center_loss: 0.3752, dir_class_loss: 0.7595, dir_res_loss: 0.5265, size_class_loss: 0.2390, size_res_loss: 0.2170, loss: 5.2150, grad_norm: 7.7272
2026-05-28 07:28:31,796 - mmdet - INFO - Epoch [30][550/1652]	lr: 8.000e-04, eta: 0:59:42, time: 0.325, data_time: 0.025, memory: 9507, vote_loss: 2.5665, objectness_loss: 0.2434, semantic_loss: 0.1847, center_loss: 0.3041, dir_class_loss: 0.6705, dir_res_loss: 0.4471, size_class_loss: 0.1847, size_res_loss: 0.2141, loss: 4.8152, grad_norm: 7.2204
2026-05-28 07:28:47,955 - mmdet - INFO - Epoch [30][600/1652]	lr: 8.000e-04, eta: 0:59:26, time: 0.323, data_time: 0.023, memory: 9507, vote_loss: 2.5030, objectness_loss: 0.2713, semantic_loss: 0.2196, center_loss: 0.3164, dir_class_loss: 0.6583, dir_res_loss: 0.4039, size_class_loss: 0.2196, size_res_loss: 0.2198, loss: 4.8118, grad_norm: 6.7714
2026-05-28 07:29:04,141 - mmdet - INFO - Epoch [30][650/1652]	lr: 8.000e-04, eta: 0:59:09, time: 0.324, data_time: 0.024, memory: 9507, vote_loss: 2.7109, objectness_loss: 0.2630, semantic_loss: 0.2315, center_loss: 0.3482, dir_class_loss: 0.7006, dir_res_loss: 0.4228, size_class_loss: 0.2315, size_res_loss: 0.2310, loss: 5.1394, grad_norm: 7.7479
2026-05-28 07:29:20,291 - mmdet - INFO - Epoch [30][700/1652]	lr: 8.000e-04, eta: 0:58:53, time: 0.323, data_time: 0.024, memory: 9507, vote_loss: 2.5905, objectness_loss: 0.2530, semantic_loss: 0.2115, center_loss: 0.3988, dir_class_loss: 0.6407, dir_res_loss: 0.4041, size_class_loss: 0.2115, size_res_loss: 0.2163, loss: 4.9264, grad_norm: 8.2109
2026-05-28 07:29:36,403 - mmdet - INFO - Epoch [30][750/1652]	lr: 8.000e-04, eta: 0:58:37, time: 0.322, data_time: 0.024, memory: 9507, vote_loss: 2.4413, objectness_loss: 0.2693, semantic_loss: 0.1718, center_loss: 0.3034, dir_class_loss: 0.7126, dir_res_loss: 0.4756, size_class_loss: 0.1718, size_res_loss: 0.2034, loss: 4.7492, grad_norm: 7.3888
2026-05-28 07:29:52,496 - mmdet - INFO - Epoch [30][800/1652]	lr: 8.000e-04, eta: 0:58:20, time: 0.322, data_time: 0.023, memory: 9507, vote_loss: 2.6847, objectness_loss: 0.2805, semantic_loss: 0.1886, center_loss: 0.3327, dir_class_loss: 0.7192, dir_res_loss: 0.4491, size_class_loss: 0.1886, size_res_loss: 0.2216, loss: 5.0648, grad_norm: 7.0502
2026-05-28 07:30:08,638 - mmdet - INFO - Epoch [30][850/1652]	lr: 8.000e-04, eta: 0:58:04, time: 0.323, data_time: 0.024, memory: 9507, vote_loss: 2.5757, objectness_loss: 0.2779, semantic_loss: 0.1790, center_loss: 0.3325, dir_class_loss: 0.6251, dir_res_loss: 0.4376, size_class_loss: 0.1790, size_res_loss: 0.2408, loss: 4.8476, grad_norm: 7.4946
2026-05-28 07:30:24,785 - mmdet - INFO - Epoch [30][900/1652]	lr: 8.000e-04, eta: 0:57:48, time: 0.323, data_time: 0.024, memory: 9507, vote_loss: 2.5580, objectness_loss: 0.2505, semantic_loss: 0.2292, center_loss: 0.3403, dir_class_loss: 0.6777, dir_res_loss: 0.4183, size_class_loss: 0.2292, size_res_loss: 0.2095, loss: 4.9128, grad_norm: 7.7046
2026-05-28 07:30:40,970 - mmdet - INFO - Epoch [30][950/1652]	lr: 8.000e-04, eta: 0:57:32, time: 0.324, data_time: 0.025, memory: 9507, vote_loss: 2.5623, objectness_loss: 0.2855, semantic_loss: 0.2019, center_loss: 0.3485, dir_class_loss: 0.6701, dir_res_loss: 0.4259, size_class_loss: 0.2019, size_res_loss: 0.2118, loss: 4.9079, grad_norm: 7.7102
2026-05-28 07:30:57,232 - mmdet - INFO - Epoch [30][1000/1652]	lr: 8.000e-04, eta: 0:57:15, time: 0.325, data_time: 0.026, memory: 9507, vote_loss: 2.5366, objectness_loss: 0.2611, semantic_loss: 0.1939, center_loss: 0.3367, dir_class_loss: 0.6604, dir_res_loss: 0.4350, size_class_loss: 0.1939, size_res_loss: 0.2097, loss: 4.8273, grad_norm: 7.4558
2026-05-28 07:31:13,379 - mmdet - INFO - Epoch [30][1050/1652]	lr: 8.000e-04, eta: 0:56:59, time: 0.323, data_time: 0.024, memory: 9507, vote_loss: 2.5947, objectness_loss: 0.2859, semantic_loss: 0.2412, center_loss: 0.3315, dir_class_loss: 0.7028, dir_res_loss: 0.4398, size_class_loss: 0.2412, size_res_loss: 0.2289, loss: 5.0661, grad_norm: 7.2812
2026-05-28 07:31:29,514 - mmdet - INFO - Epoch [30][1100/1652]	lr: 8.000e-04, eta: 0:56:43, time: 0.323, data_time: 0.024, memory: 9507, vote_loss: 2.4642, objectness_loss: 0.2640, semantic_loss: 0.2138, center_loss: 0.3091, dir_class_loss: 0.6353, dir_res_loss: 0.4815, size_class_loss: 0.2138, size_res_loss: 0.2053, loss: 4.7869, grad_norm: 7.7569
2026-05-28 07:31:45,916 - mmdet - INFO - Epoch [30][1150/1652]	lr: 8.000e-04, eta: 0:56:26, time: 0.328, data_time: 0.029, memory: 9507, vote_loss: 2.5966, objectness_loss: 0.2621, semantic_loss: 0.2088, center_loss: 0.3407, dir_class_loss: 0.7646, dir_res_loss: 0.4596, size_class_loss: 0.2088, size_res_loss: 0.2538, loss: 5.0950, grad_norm: 7.2505
2026-05-28 07:32:02,023 - mmdet - INFO - Epoch [30][1200/1652]	lr: 8.000e-04, eta: 0:56:10, time: 0.322, data_time: 0.024, memory: 9507, vote_loss: 2.5394, objectness_loss: 0.2853, semantic_loss: 0.1897, center_loss: 0.3159, dir_class_loss: 0.6841, dir_res_loss: 0.4829, size_class_loss: 0.1897, size_res_loss: 0.2039, loss: 4.8911, grad_norm: 7.3856
2026-05-28 07:32:18,233 - mmdet - INFO - Epoch [30][1250/1652]	lr: 8.000e-04, eta: 0:55:54, time: 0.324, data_time: 0.025, memory: 9507, vote_loss: 2.5636, objectness_loss: 0.2545, semantic_loss: 0.1803, center_loss: 0.3092, dir_class_loss: 0.6403, dir_res_loss: 0.4351, size_class_loss: 0.1803, size_res_loss: 0.2115, loss: 4.7748, grad_norm: 7.0429
2026-05-28 07:32:34,419 - mmdet - INFO - Epoch [30][1300/1652]	lr: 8.000e-04, eta: 0:55:38, time: 0.324, data_time: 0.025, memory: 9507, vote_loss: 2.5595, objectness_loss: 0.2599, semantic_loss: 0.1885, center_loss: 0.3375, dir_class_loss: 0.6830, dir_res_loss: 0.4522, size_class_loss: 0.1885, size_res_loss: 0.2119, loss: 4.8809, grad_norm: 7.7727
2026-05-28 07:32:50,808 - mmdet - INFO - Epoch [30][1350/1652]	lr: 8.000e-04, eta: 0:55:21, time: 0.328, data_time: 0.025, memory: 9507, vote_loss: 2.5543, objectness_loss: 0.2647, semantic_loss: 0.1879, center_loss: 0.3316, dir_class_loss: 0.6402, dir_res_loss: 0.4645, size_class_loss: 0.1879, size_res_loss: 0.2165, loss: 4.8475, grad_norm: 7.6133
2026-05-28 07:33:06,981 - mmdet - INFO - Epoch [30][1400/1652]	lr: 8.000e-04, eta: 0:55:05, time: 0.323, data_time: 0.025, memory: 9507, vote_loss: 2.4918, objectness_loss: 0.2672, semantic_loss: 0.2265, center_loss: 0.3465, dir_class_loss: 0.7232, dir_res_loss: 0.4780, size_class_loss: 0.2265, size_res_loss: 0.2007, loss: 4.9605, grad_norm: 7.2556
2026-05-28 07:33:23,180 - mmdet - INFO - Epoch [30][1450/1652]	lr: 8.000e-04, eta: 0:54:49, time: 0.324, data_time: 0.026, memory: 9507, vote_loss: 2.4387, objectness_loss: 0.2538, semantic_loss: 0.1862, center_loss: 0.2892, dir_class_loss: 0.6240, dir_res_loss: 0.4721, size_class_loss: 0.1862, size_res_loss: 0.1949, loss: 4.6450, grad_norm: 6.7377
2026-05-28 07:33:39,429 - mmdet - INFO - Epoch [30][1500/1652]	lr: 8.000e-04, eta: 0:54:33, time: 0.325, data_time: 0.025, memory: 9507, vote_loss: 2.7006, objectness_loss: 0.2898, semantic_loss: 0.2109, center_loss: 0.3384, dir_class_loss: 0.6750, dir_res_loss: 0.4232, size_class_loss: 0.2109, size_res_loss: 0.2289, loss: 5.0777, grad_norm: 7.0513
2026-05-28 07:33:55,812 - mmdet - INFO - Epoch [30][1550/1652]	lr: 8.000e-04, eta: 0:54:16, time: 0.328, data_time: 0.025, memory: 9507, vote_loss: 2.4154, objectness_loss: 0.2627, semantic_loss: 0.1995, center_loss: 0.3358, dir_class_loss: 0.6821, dir_res_loss: 0.4354, size_class_loss: 0.1995, size_res_loss: 0.2134, loss: 4.7437, grad_norm: 7.2584
2026-05-28 07:34:11,975 - mmdet - INFO - Epoch [30][1600/1652]	lr: 8.000e-04, eta: 0:54:00, time: 0.323, data_time: 0.024, memory: 9507, vote_loss: 2.5897, objectness_loss: 0.2841, semantic_loss: 0.1856, center_loss: 0.3879, dir_class_loss: 0.7125, dir_res_loss: 0.4429, size_class_loss: 0.1856, size_res_loss: 0.2271, loss: 5.0154, grad_norm: 7.3548
2026-05-28 07:34:28,065 - mmdet - INFO - Epoch [30][1650/1652]	lr: 8.000e-04, eta: 0:53:44, time: 0.322, data_time: 0.024, memory: 9507, vote_loss: 2.4303, objectness_loss: 0.2723, semantic_loss: 0.2055, center_loss: 0.3034, dir_class_loss: 0.6468, dir_res_loss: 0.4721, size_class_loss: 0.2055, size_res_loss: 0.2210, loss: 4.7570, grad_norm: 7.3756
2026-05-28 07:34:28,796 - mmdet - INFO - Saving checkpoint at 30 epochs
2026-05-28 07:34:48,008 - mmdet - INFO - Epoch [31][50/1652]	lr: 8.000e-04, eta: 0:53:27, time: 0.378, data_time: 0.077, memory: 9507, vote_loss: 2.5700, objectness_loss: 0.2694, semantic_loss: 0.1933, center_loss: 0.3712, dir_class_loss: 0.6914, dir_res_loss: 0.4575, size_class_loss: 0.1933, size_res_loss: 0.2129, loss: 4.9589, grad_norm: 7.1938
2026-05-28 07:35:04,185 - mmdet - INFO - Epoch [31][100/1652]	lr: 8.000e-04, eta: 0:53:11, time: 0.324, data_time: 0.024, memory: 9507, vote_loss: 2.5828, objectness_loss: 0.2528, semantic_loss: 0.2006, center_loss: 0.3195, dir_class_loss: 0.6885, dir_res_loss: 0.4794, size_class_loss: 0.2006, size_res_loss: 0.2220, loss: 4.9461, grad_norm: 7.1944
2026-05-28 07:35:20,466 - mmdet - INFO - Epoch [31][150/1652]	lr: 8.000e-04, eta: 0:52:55, time: 0.326, data_time: 0.026, memory: 9507, vote_loss: 2.5862, objectness_loss: 0.2827, semantic_loss: 0.1991, center_loss: 0.3443, dir_class_loss: 0.6762, dir_res_loss: 0.3736, size_class_loss: 0.1991, size_res_loss: 0.2293, loss: 4.8905, grad_norm: 6.9193
2026-05-28 07:35:36,671 - mmdet - INFO - Epoch [31][200/1652]	lr: 8.000e-04, eta: 0:52:38, time: 0.324, data_time: 0.024, memory: 9507, vote_loss: 2.5531, objectness_loss: 0.2630, semantic_loss: 0.1986, center_loss: 0.3265, dir_class_loss: 0.6471, dir_res_loss: 0.4814, size_class_loss: 0.1986, size_res_loss: 0.2180, loss: 4.8862, grad_norm: 7.1075
2026-05-28 07:35:52,884 - mmdet - INFO - Epoch [31][250/1652]	lr: 8.000e-04, eta: 0:52:22, time: 0.324, data_time: 0.025, memory: 9507, vote_loss: 2.5721, objectness_loss: 0.2518, semantic_loss: 0.1762, center_loss: 0.3504, dir_class_loss: 0.6922, dir_res_loss: 0.4504, size_class_loss: 0.1762, size_res_loss: 0.2262, loss: 4.8954, grad_norm: 7.7278
2026-05-28 07:36:09,064 - mmdet - INFO - Epoch [31][300/1652]	lr: 8.000e-04, eta: 0:52:06, time: 0.324, data_time: 0.024, memory: 9507, vote_loss: 2.5233, objectness_loss: 0.2488, semantic_loss: 0.1778, center_loss: 0.3121, dir_class_loss: 0.6887, dir_res_loss: 0.4429, size_class_loss: 0.1778, size_res_loss: 0.2165, loss: 4.7880, grad_norm: 7.1698
2026-05-28 07:36:25,295 - mmdet - INFO - Epoch [31][350/1652]	lr: 8.000e-04, eta: 0:51:50, time: 0.325, data_time: 0.024, memory: 9507, vote_loss: 2.4341, objectness_loss: 0.2644, semantic_loss: 0.1849, center_loss: 0.3557, dir_class_loss: 0.6494, dir_res_loss: 0.4482, size_class_loss: 0.1849, size_res_loss: 0.2163, loss: 4.7380, grad_norm: 7.5997
2026-05-28 07:36:41,502 - mmdet - INFO - Epoch [31][400/1652]	lr: 8.000e-04, eta: 0:51:33, time: 0.324, data_time: 0.024, memory: 9507, vote_loss: 2.3927, objectness_loss: 0.2499, semantic_loss: 0.2012, center_loss: 0.3227, dir_class_loss: 0.6247, dir_res_loss: 0.4488, size_class_loss: 0.2012, size_res_loss: 0.2017, loss: 4.6429, grad_norm: 7.4763
2026-05-28 07:36:57,704 - mmdet - INFO - Epoch [31][450/1652]	lr: 8.000e-04, eta: 0:51:17, time: 0.324, data_time: 0.024, memory: 9507, vote_loss: 2.4977, objectness_loss: 0.2622, semantic_loss: 0.1885, center_loss: 0.3350, dir_class_loss: 0.6424, dir_res_loss: 0.4748, size_class_loss: 0.1885, size_res_loss: 0.2123, loss: 4.8013, grad_norm: 7.8608
2026-05-28 07:37:13,933 - mmdet - INFO - Epoch [31][500/1652]	lr: 8.000e-04, eta: 0:51:01, time: 0.325, data_time: 0.024, memory: 9507, vote_loss: 2.5814, objectness_loss: 0.2923, semantic_loss: 0.2104, center_loss: 0.3051, dir_class_loss: 0.7114, dir_res_loss: 0.4318, size_class_loss: 0.2104, size_res_loss: 0.2148, loss: 4.9577, grad_norm: 7.3502
2026-05-28 07:37:30,160 - mmdet - INFO - Epoch [31][550/1652]	lr: 8.000e-04, eta: 0:50:45, time: 0.325, data_time: 0.025, memory: 9507, vote_loss: 2.4484, objectness_loss: 0.2543, semantic_loss: 0.1928, center_loss: 0.3095, dir_class_loss: 0.6363, dir_res_loss: 0.4478, size_class_loss: 0.1928, size_res_loss: 0.2154, loss: 4.6974, grad_norm: 7.2913
2026-05-28 07:37:46,440 - mmdet - INFO - Epoch [31][600/1652]	lr: 8.000e-04, eta: 0:50:28, time: 0.326, data_time: 0.025, memory: 9507, vote_loss: 2.5858, objectness_loss: 0.2525, semantic_loss: 0.2036, center_loss: 0.3267, dir_class_loss: 0.6415, dir_res_loss: 0.4168, size_class_loss: 0.2036, size_res_loss: 0.2133, loss: 4.8437, grad_norm: 7.6209
2026-05-28 07:38:02,690 - mmdet - INFO - Epoch [31][650/1652]	lr: 8.000e-04, eta: 0:50:12, time: 0.325, data_time: 0.024, memory: 9507, vote_loss: 2.5002, objectness_loss: 0.2785, semantic_loss: 0.2000, center_loss: 0.3263, dir_class_loss: 0.7207, dir_res_loss: 0.4649, size_class_loss: 0.2000, size_res_loss: 0.2070, loss: 4.8976, grad_norm: 6.8545
2026-05-28 07:38:18,937 - mmdet - INFO - Epoch [31][700/1652]	lr: 8.000e-04, eta: 0:49:56, time: 0.325, data_time: 0.024, memory: 9507, vote_loss: 2.5747, objectness_loss: 0.2638, semantic_loss: 0.2156, center_loss: 0.3096, dir_class_loss: 0.7198, dir_res_loss: 0.4457, size_class_loss: 0.2156, size_res_loss: 0.2041, loss: 4.9489, grad_norm: 7.2843
2026-05-28 07:38:35,117 - mmdet - INFO - Epoch [31][750/1652]	lr: 8.000e-04, eta: 0:49:39, time: 0.324, data_time: 0.023, memory: 9507, vote_loss: 2.6316, objectness_loss: 0.2669, semantic_loss: 0.2054, center_loss: 0.3749, dir_class_loss: 0.6738, dir_res_loss: 0.4367, size_class_loss: 0.2054, size_res_loss: 0.2475, loss: 5.0423, grad_norm: 7.5967
2026-05-28 07:38:51,300 - mmdet - INFO - Epoch [31][800/1652]	lr: 8.000e-04, eta: 0:49:23, time: 0.324, data_time: 0.023, memory: 9507, vote_loss: 2.5419, objectness_loss: 0.2376, semantic_loss: 0.1982, center_loss: 0.3413, dir_class_loss: 0.6590, dir_res_loss: 0.4462, size_class_loss: 0.1982, size_res_loss: 0.2081, loss: 4.8304, grad_norm: 7.5447
2026-05-28 07:39:07,419 - mmdet - INFO - Epoch [31][850/1652]	lr: 8.000e-04, eta: 0:49:07, time: 0.322, data_time: 0.023, memory: 9507, vote_loss: 2.6359, objectness_loss: 0.2714, semantic_loss: 0.2008, center_loss: 0.3276, dir_class_loss: 0.6560, dir_res_loss: 0.4614, size_class_loss: 0.2008, size_res_loss: 0.2150, loss: 4.9688, grad_norm: 8.0597
2026-05-28 07:39:23,705 - mmdet - INFO - Epoch [31][900/1652]	lr: 8.000e-04, eta: 0:48:51, time: 0.326, data_time: 0.024, memory: 9507, vote_loss: 2.4557, objectness_loss: 0.2598, semantic_loss: 0.2035, center_loss: 0.3080, dir_class_loss: 0.6668, dir_res_loss: 0.3997, size_class_loss: 0.2035, size_res_loss: 0.1978, loss: 4.6947, grad_norm: 7.1558
2026-05-28 07:39:39,814 - mmdet - INFO - Epoch [31][950/1652]	lr: 8.000e-04, eta: 0:48:34, time: 0.322, data_time: 0.024, memory: 9507, vote_loss: 2.5889, objectness_loss: 0.2550, semantic_loss: 0.1885, center_loss: 0.2938, dir_class_loss: 0.6544, dir_res_loss: 0.4401, size_class_loss: 0.1885, size_res_loss: 0.2227, loss: 4.8320, grad_norm: 7.2591
2026-05-28 07:39:56,031 - mmdet - INFO - Epoch [31][1000/1652]	lr: 8.000e-04, eta: 0:48:18, time: 0.324, data_time: 0.025, memory: 9507, vote_loss: 2.6059, objectness_loss: 0.2640, semantic_loss: 0.2041, center_loss: 0.3435, dir_class_loss: 0.7384, dir_res_loss: 0.4693, size_class_loss: 0.2041, size_res_loss: 0.2041, loss: 5.0333, grad_norm: 7.0356
2026-05-28 07:40:12,244 - mmdet - INFO - Epoch [31][1050/1652]	lr: 8.000e-04, eta: 0:48:02, time: 0.324, data_time: 0.025, memory: 9507, vote_loss: 2.5941, objectness_loss: 0.2795, semantic_loss: 0.2140, center_loss: 0.3272, dir_class_loss: 0.7118, dir_res_loss: 0.4382, size_class_loss: 0.2140, size_res_loss: 0.2327, loss: 5.0113, grad_norm: 7.0100
2026-05-28 07:40:28,376 - mmdet - INFO - Epoch [31][1100/1652]	lr: 8.000e-04, eta: 0:47:46, time: 0.323, data_time: 0.024, memory: 9507, vote_loss: 2.5165, objectness_loss: 0.2725, semantic_loss: 0.1998, center_loss: 0.3150, dir_class_loss: 0.6413, dir_res_loss: 0.4138, size_class_loss: 0.1998, size_res_loss: 0.2082, loss: 4.7669, grad_norm: 7.2035
2026-05-28 07:40:44,620 - mmdet - INFO - Epoch [31][1150/1652]	lr: 8.000e-04, eta: 0:47:29, time: 0.325, data_time: 0.025, memory: 9507, vote_loss: 2.4973, objectness_loss: 0.2483, semantic_loss: 0.1824, center_loss: 0.3033, dir_class_loss: 0.6887, dir_res_loss: 0.4482, size_class_loss: 0.1824, size_res_loss: 0.1979, loss: 4.7486, grad_norm: 7.1399
2026-05-28 07:41:01,034 - mmdet - INFO - Epoch [31][1200/1652]	lr: 8.000e-04, eta: 0:47:13, time: 0.328, data_time: 0.027, memory: 9507, vote_loss: 2.3818, objectness_loss: 0.2859, semantic_loss: 0.2006, center_loss: 0.3202, dir_class_loss: 0.7137, dir_res_loss: 0.4742, size_class_loss: 0.2006, size_res_loss: 0.1955, loss: 4.7726, grad_norm: 7.3508
2026-05-28 07:41:17,272 - mmdet - INFO - Epoch [31][1250/1652]	lr: 8.000e-04, eta: 0:46:57, time: 0.325, data_time: 0.025, memory: 9507, vote_loss: 2.6444, objectness_loss: 0.2701, semantic_loss: 0.1934, center_loss: 0.3308, dir_class_loss: 0.6848, dir_res_loss: 0.5461, size_class_loss: 0.1934, size_res_loss: 0.2178, loss: 5.0807, grad_norm: 7.4588
2026-05-28 07:41:33,522 - mmdet - INFO - Epoch [31][1300/1652]	lr: 8.000e-04, eta: 0:46:41, time: 0.325, data_time: 0.025, memory: 9507, vote_loss: 2.4922, objectness_loss: 0.2719, semantic_loss: 0.1812, center_loss: 0.3210, dir_class_loss: 0.7084, dir_res_loss: 0.4828, size_class_loss: 0.1812, size_res_loss: 0.2215, loss: 4.8602, grad_norm: 6.7684
2026-05-28 07:41:49,753 - mmdet - INFO - Epoch [31][1350/1652]	lr: 8.000e-04, eta: 0:46:24, time: 0.325, data_time: 0.026, memory: 9507, vote_loss: 2.4841, objectness_loss: 0.2681, semantic_loss: 0.1984, center_loss: 0.3204, dir_class_loss: 0.5883, dir_res_loss: 0.4097, size_class_loss: 0.1984, size_res_loss: 0.2088, loss: 4.6763, grad_norm: 7.3976
2026-05-28 07:42:05,978 - mmdet - INFO - Epoch [31][1400/1652]	lr: 8.000e-04, eta: 0:46:08, time: 0.325, data_time: 0.025, memory: 9507, vote_loss: 2.4918, objectness_loss: 0.2504, semantic_loss: 0.1849, center_loss: 0.3214, dir_class_loss: 0.6985, dir_res_loss: 0.4965, size_class_loss: 0.1849, size_res_loss: 0.2070, loss: 4.8352, grad_norm: 7.5301
2026-05-28 07:42:22,197 - mmdet - INFO - Epoch [31][1450/1652]	lr: 8.000e-04, eta: 0:45:52, time: 0.324, data_time: 0.024, memory: 9507, vote_loss: 2.4614, objectness_loss: 0.2416, semantic_loss: 0.1906, center_loss: 0.3603, dir_class_loss: 0.6243, dir_res_loss: 0.4518, size_class_loss: 0.1906, size_res_loss: 0.2055, loss: 4.7259, grad_norm: 7.1332
2026-05-28 07:42:38,336 - mmdet - INFO - Epoch [31][1500/1652]	lr: 8.000e-04, eta: 0:45:35, time: 0.323, data_time: 0.023, memory: 9507, vote_loss: 2.4668, objectness_loss: 0.2946, semantic_loss: 0.2245, center_loss: 0.3649, dir_class_loss: 0.6823, dir_res_loss: 0.5007, size_class_loss: 0.2245, size_res_loss: 0.2082, loss: 4.9665, grad_norm: 7.8005
2026-05-28 07:42:54,514 - mmdet - INFO - Epoch [31][1550/1652]	lr: 8.000e-04, eta: 0:45:19, time: 0.324, data_time: 0.024, memory: 9507, vote_loss: 2.5313, objectness_loss: 0.2784, semantic_loss: 0.1920, center_loss: 0.3254, dir_class_loss: 0.7151, dir_res_loss: 0.4862, size_class_loss: 0.1920, size_res_loss: 0.1919, loss: 4.9122, grad_norm: 6.7457
2026-05-28 07:43:10,693 - mmdet - INFO - Epoch [31][1600/1652]	lr: 8.000e-04, eta: 0:45:03, time: 0.324, data_time: 0.024, memory: 9507, vote_loss: 2.4916, objectness_loss: 0.2652, semantic_loss: 0.1831, center_loss: 0.3128, dir_class_loss: 0.6735, dir_res_loss: 0.4514, size_class_loss: 0.1831, size_res_loss: 0.2113, loss: 4.7721, grad_norm: 7.4292
2026-05-28 07:43:26,863 - mmdet - INFO - Epoch [31][1650/1652]	lr: 8.000e-04, eta: 0:44:47, time: 0.323, data_time: 0.024, memory: 9507, vote_loss: 2.6316, objectness_loss: 0.2653, semantic_loss: 0.2083, center_loss: 0.3281, dir_class_loss: 0.6934, dir_res_loss: 0.4510, size_class_loss: 0.2083, size_res_loss: 0.1945, loss: 4.9804, grad_norm: 7.4462
2026-05-28 07:43:27,545 - mmdet - INFO - Saving checkpoint at 31 epochs
2026-05-28 07:43:46,636 - mmdet - INFO - Epoch [32][50/1652]	lr: 8.000e-04, eta: 0:44:30, time: 0.376, data_time: 0.075, memory: 9507, vote_loss: 2.5530, objectness_loss: 0.2587, semantic_loss: 0.1704, center_loss: 0.3026, dir_class_loss: 0.6181, dir_res_loss: 0.3846, size_class_loss: 0.1704, size_res_loss: 0.2116, loss: 4.6694, grad_norm: 7.0539
2026-05-28 07:44:02,880 - mmdet - INFO - Epoch [32][100/1652]	lr: 8.000e-04, eta: 0:44:14, time: 0.325, data_time: 0.025, memory: 9507, vote_loss: 2.5426, objectness_loss: 0.2692, semantic_loss: 0.2308, center_loss: 0.3622, dir_class_loss: 0.7040, dir_res_loss: 0.4430, size_class_loss: 0.2308, size_res_loss: 0.2335, loss: 5.0161, grad_norm: 7.2545
2026-05-28 07:44:19,138 - mmdet - INFO - Epoch [32][150/1652]	lr: 8.000e-04, eta: 0:43:57, time: 0.325, data_time: 0.025, memory: 9507, vote_loss: 2.5212, objectness_loss: 0.2546, semantic_loss: 0.1918, center_loss: 0.3038, dir_class_loss: 0.7053, dir_res_loss: 0.4774, size_class_loss: 0.1918, size_res_loss: 0.1922, loss: 4.8381, grad_norm: 7.4401
2026-05-28 07:44:35,340 - mmdet - INFO - Epoch [32][200/1652]	lr: 8.000e-04, eta: 0:43:41, time: 0.324, data_time: 0.024, memory: 9507, vote_loss: 2.5540, objectness_loss: 0.2506, semantic_loss: 0.1801, center_loss: 0.3406, dir_class_loss: 0.7169, dir_res_loss: 0.4723, size_class_loss: 0.1801, size_res_loss: 0.2161, loss: 4.9107, grad_norm: 7.4856
2026-05-28 07:44:51,517 - mmdet - INFO - Epoch [32][250/1652]	lr: 8.000e-04, eta: 0:43:25, time: 0.324, data_time: 0.023, memory: 9507, vote_loss: 2.4662, objectness_loss: 0.2459, semantic_loss: 0.1743, center_loss: 0.3099, dir_class_loss: 0.6905, dir_res_loss: 0.4537, size_class_loss: 0.1743, size_res_loss: 0.1993, loss: 4.7140, grad_norm: 6.6760
2026-05-28 07:45:07,633 - mmdet - INFO - Epoch [32][300/1652]	lr: 8.000e-04, eta: 0:43:09, time: 0.322, data_time: 0.024, memory: 9507, vote_loss: 2.4545, objectness_loss: 0.2716, semantic_loss: 0.1958, center_loss: 0.3163, dir_class_loss: 0.7275, dir_res_loss: 0.3825, size_class_loss: 0.1958, size_res_loss: 0.2195, loss: 4.7634, grad_norm: 7.2672
2026-05-28 07:45:23,840 - mmdet - INFO - Epoch [32][350/1652]	lr: 8.000e-04, eta: 0:42:52, time: 0.324, data_time: 0.024, memory: 9507, vote_loss: 2.4844, objectness_loss: 0.2483, semantic_loss: 0.1672, center_loss: 0.3254, dir_class_loss: 0.6604, dir_res_loss: 0.4775, size_class_loss: 0.1672, size_res_loss: 0.2040, loss: 4.7345, grad_norm: 7.1054
2026-05-28 07:45:40,058 - mmdet - INFO - Epoch [32][400/1652]	lr: 8.000e-04, eta: 0:42:36, time: 0.324, data_time: 0.024, memory: 9507, vote_loss: 2.4565, objectness_loss: 0.2517, semantic_loss: 0.1997, center_loss: 0.3324, dir_class_loss: 0.7079, dir_res_loss: 0.4614, size_class_loss: 0.1997, size_res_loss: 0.2307, loss: 4.8399, grad_norm: 7.2638
2026-05-28 07:45:56,225 - mmdet - INFO - Epoch [32][450/1652]	lr: 8.000e-04, eta: 0:42:20, time: 0.323, data_time: 0.024, memory: 9507, vote_loss: 2.5221, objectness_loss: 0.2737, semantic_loss: 0.1989, center_loss: 0.3319, dir_class_loss: 0.6704, dir_res_loss: 0.4785, size_class_loss: 0.1989, size_res_loss: 0.2042, loss: 4.8787, grad_norm: 6.9425
2026-05-28 07:46:12,433 - mmdet - INFO - Epoch [32][500/1652]	lr: 8.000e-04, eta: 0:42:04, time: 0.324, data_time: 0.024, memory: 9507, vote_loss: 2.3685, objectness_loss: 0.2552, semantic_loss: 0.1911, center_loss: 0.3036, dir_class_loss: 0.6231, dir_res_loss: 0.4660, size_class_loss: 0.1911, size_res_loss: 0.1889, loss: 4.5874, grad_norm: 6.7913
2026-05-28 07:46:28,601 - mmdet - INFO - Epoch [32][550/1652]	lr: 8.000e-04, eta: 0:41:47, time: 0.323, data_time: 0.024, memory: 9507, vote_loss: 2.5638, objectness_loss: 0.2753, semantic_loss: 0.2238, center_loss: 0.3549, dir_class_loss: 0.6792, dir_res_loss: 0.4317, size_class_loss: 0.2238, size_res_loss: 0.2197, loss: 4.9724, grad_norm: 7.3284
2026-05-28 07:46:44,811 - mmdet - INFO - Epoch [32][600/1652]	lr: 8.000e-04, eta: 0:41:31, time: 0.324, data_time: 0.024, memory: 9507, vote_loss: 2.6201, objectness_loss: 0.2704, semantic_loss: 0.1954, center_loss: 0.2945, dir_class_loss: 0.6375, dir_res_loss: 0.4323, size_class_loss: 0.1954, size_res_loss: 0.2255, loss: 4.8710, grad_norm: 7.3499
2026-05-28 07:47:00,964 - mmdet - INFO - Epoch [32][650/1652]	lr: 8.000e-04, eta: 0:41:15, time: 0.323, data_time: 0.025, memory: 9507, vote_loss: 2.4136, objectness_loss: 0.2467, semantic_loss: 0.1776, center_loss: 0.3169, dir_class_loss: 0.6562, dir_res_loss: 0.4473, size_class_loss: 0.1776, size_res_loss: 0.2218, loss: 4.6576, grad_norm: 8.2485
2026-05-28 07:47:17,147 - mmdet - INFO - Epoch [32][700/1652]	lr: 8.000e-04, eta: 0:40:58, time: 0.324, data_time: 0.024, memory: 9507, vote_loss: 2.5265, objectness_loss: 0.2628, semantic_loss: 0.1629, center_loss: 0.3319, dir_class_loss: 0.6669, dir_res_loss: 0.4331, size_class_loss: 0.1629, size_res_loss: 0.1984, loss: 4.7452, grad_norm: 7.5783
2026-05-28 07:47:33,327 - mmdet - INFO - Epoch [32][750/1652]	lr: 8.000e-04, eta: 0:40:42, time: 0.324, data_time: 0.024, memory: 9507, vote_loss: 2.3984, objectness_loss: 0.2589, semantic_loss: 0.1697, center_loss: 0.3077, dir_class_loss: 0.6434, dir_res_loss: 0.4711, size_class_loss: 0.1697, size_res_loss: 0.1942, loss: 4.6131, grad_norm: 7.5663
2026-05-28 07:47:49,491 - mmdet - INFO - Epoch [32][800/1652]	lr: 8.000e-04, eta: 0:40:26, time: 0.323, data_time: 0.024, memory: 9507, vote_loss: 2.5222, objectness_loss: 0.2457, semantic_loss: 0.1900, center_loss: 0.3128, dir_class_loss: 0.7118, dir_res_loss: 0.3998, size_class_loss: 0.1900, size_res_loss: 0.2093, loss: 4.7816, grad_norm: 7.3961
2026-05-28 07:48:05,612 - mmdet - INFO - Epoch [32][850/1652]	lr: 8.000e-04, eta: 0:40:10, time: 0.322, data_time: 0.024, memory: 9507, vote_loss: 2.5849, objectness_loss: 0.2541, semantic_loss: 0.1824, center_loss: 0.3097, dir_class_loss: 0.6498, dir_res_loss: 0.4018, size_class_loss: 0.1824, size_res_loss: 0.1884, loss: 4.7534, grad_norm: 7.6746
2026-05-28 07:48:21,825 - mmdet - INFO - Epoch [32][900/1652]	lr: 8.000e-04, eta: 0:39:53, time: 0.324, data_time: 0.024, memory: 9507, vote_loss: 2.5164, objectness_loss: 0.2724, semantic_loss: 0.2443, center_loss: 0.3368, dir_class_loss: 0.7271, dir_res_loss: 0.4878, size_class_loss: 0.2443, size_res_loss: 0.2092, loss: 5.0384, grad_norm: 7.5029
2026-05-28 07:48:38,123 - mmdet - INFO - Epoch [32][950/1652]	lr: 8.000e-04, eta: 0:39:37, time: 0.326, data_time: 0.025, memory: 9507, vote_loss: 2.5882, objectness_loss: 0.2550, semantic_loss: 0.1906, center_loss: 0.3033, dir_class_loss: 0.6692, dir_res_loss: 0.4395, size_class_loss: 0.1906, size_res_loss: 0.2052, loss: 4.8415, grad_norm: 7.4477
2026-05-28 07:48:54,369 - mmdet - INFO - Epoch [32][1000/1652]	lr: 8.000e-04, eta: 0:39:21, time: 0.325, data_time: 0.025, memory: 9507, vote_loss: 2.6923, objectness_loss: 0.2661, semantic_loss: 0.1956, center_loss: 0.3319, dir_class_loss: 0.7104, dir_res_loss: 0.5043, size_class_loss: 0.1956, size_res_loss: 0.2219, loss: 5.1182, grad_norm: 7.5138
2026-05-28 07:49:10,534 - mmdet - INFO - Epoch [32][1050/1652]	lr: 8.000e-04, eta: 0:39:05, time: 0.323, data_time: 0.025, memory: 9507, vote_loss: 2.5562, objectness_loss: 0.2552, semantic_loss: 0.1899, center_loss: 0.3158, dir_class_loss: 0.6627, dir_res_loss: 0.3861, size_class_loss: 0.1898, size_res_loss: 0.1985, loss: 4.7542, grad_norm: 7.2319
2026-05-28 07:49:26,743 - mmdet - INFO - Epoch [32][1100/1652]	lr: 8.000e-04, eta: 0:38:48, time: 0.324, data_time: 0.025, memory: 9507, vote_loss: 2.4324, objectness_loss: 0.2440, semantic_loss: 0.1925, center_loss: 0.3084, dir_class_loss: 0.7193, dir_res_loss: 0.4756, size_class_loss: 0.1925, size_res_loss: 0.1986, loss: 4.7634, grad_norm: 7.7022
2026-05-28 07:49:42,892 - mmdet - INFO - Epoch [32][1150/1652]	lr: 8.000e-04, eta: 0:38:32, time: 0.323, data_time: 0.024, memory: 9507, vote_loss: 2.4817, objectness_loss: 0.2496, semantic_loss: 0.2109, center_loss: 0.3080, dir_class_loss: 0.7025, dir_res_loss: 0.4723, size_class_loss: 0.2109, size_res_loss: 0.2081, loss: 4.8438, grad_norm: 7.9013
2026-05-28 07:49:59,102 - mmdet - INFO - Epoch [32][1200/1652]	lr: 8.000e-04, eta: 0:38:16, time: 0.324, data_time: 0.024, memory: 9507, vote_loss: 2.4343, objectness_loss: 0.2587, semantic_loss: 0.1838, center_loss: 0.3506, dir_class_loss: 0.6726, dir_res_loss: 0.5079, size_class_loss: 0.1838, size_res_loss: 0.2168, loss: 4.8087, grad_norm: 7.4604
2026-05-28 07:50:15,339 - mmdet - INFO - Epoch [32][1250/1652]	lr: 8.000e-04, eta: 0:37:59, time: 0.325, data_time: 0.025, memory: 9507, vote_loss: 2.5765, objectness_loss: 0.2523, semantic_loss: 0.2000, center_loss: 0.3254, dir_class_loss: 0.6527, dir_res_loss: 0.4183, size_class_loss: 0.2000, size_res_loss: 0.2174, loss: 4.8427, grad_norm: 6.8615
2026-05-28 07:50:31,448 - mmdet - INFO - Epoch [32][1300/1652]	lr: 8.000e-04, eta: 0:37:43, time: 0.322, data_time: 0.023, memory: 9507, vote_loss: 2.4939, objectness_loss: 0.2726, semantic_loss: 0.1776, center_loss: 0.3988, dir_class_loss: 0.6719, dir_res_loss: 0.4321, size_class_loss: 0.1776, size_res_loss: 0.1896, loss: 4.8141, grad_norm: 7.6220
2026-05-28 07:50:47,865 - mmdet - INFO - Epoch [32][1350/1652]	lr: 8.000e-04, eta: 0:37:27, time: 0.328, data_time: 0.028, memory: 9507, vote_loss: 2.6619, objectness_loss: 0.2567, semantic_loss: 0.1970, center_loss: 0.3569, dir_class_loss: 0.6436, dir_res_loss: 0.4009, size_class_loss: 0.1970, size_res_loss: 0.2046, loss: 4.9185, grad_norm: 7.8552
2026-05-28 07:51:04,078 - mmdet - INFO - Epoch [32][1400/1652]	lr: 8.000e-04, eta: 0:37:11, time: 0.324, data_time: 0.025, memory: 9507, vote_loss: 2.5023, objectness_loss: 0.2746, semantic_loss: 0.2164, center_loss: 0.3133, dir_class_loss: 0.7089, dir_res_loss: 0.4340, size_class_loss: 0.2164, size_res_loss: 0.2097, loss: 4.8756, grad_norm: 7.6821
2026-05-28 07:51:20,244 - mmdet - INFO - Epoch [32][1450/1652]	lr: 8.000e-04, eta: 0:36:54, time: 0.323, data_time: 0.024, memory: 9507, vote_loss: 2.3697, objectness_loss: 0.2599, semantic_loss: 0.2076, center_loss: 0.3576, dir_class_loss: 0.6362, dir_res_loss: 0.4515, size_class_loss: 0.2077, size_res_loss: 0.2085, loss: 4.6987, grad_norm: 7.6242
2026-05-28 07:51:36,454 - mmdet - INFO - Epoch [32][1500/1652]	lr: 8.000e-04, eta: 0:36:38, time: 0.324, data_time: 0.025, memory: 9507, vote_loss: 2.6105, objectness_loss: 0.2705, semantic_loss: 0.1870, center_loss: 0.3222, dir_class_loss: 0.6331, dir_res_loss: 0.4419, size_class_loss: 0.1870, size_res_loss: 0.2293, loss: 4.8815, grad_norm: 8.2147
2026-05-28 07:51:52,632 - mmdet - INFO - Epoch [32][1550/1652]	lr: 8.000e-04, eta: 0:36:22, time: 0.324, data_time: 0.025, memory: 9507, vote_loss: 2.5309, objectness_loss: 0.2579, semantic_loss: 0.1830, center_loss: 0.3227, dir_class_loss: 0.6350, dir_res_loss: 0.4400, size_class_loss: 0.1830, size_res_loss: 0.2118, loss: 4.7644, grad_norm: 7.2899
2026-05-28 07:52:08,795 - mmdet - INFO - Epoch [32][1600/1652]	lr: 8.000e-04, eta: 0:36:06, time: 0.323, data_time: 0.025, memory: 9507, vote_loss: 2.5417, objectness_loss: 0.2666, semantic_loss: 0.1845, center_loss: 0.3118, dir_class_loss: 0.7147, dir_res_loss: 0.3955, size_class_loss: 0.1845, size_res_loss: 0.2398, loss: 4.8392, grad_norm: 7.3577
2026-05-28 07:52:25,032 - mmdet - INFO - Epoch [32][1650/1652]	lr: 8.000e-04, eta: 0:35:49, time: 0.325, data_time: 0.024, memory: 9507, vote_loss: 2.5235, objectness_loss: 0.2855, semantic_loss: 0.2153, center_loss: 0.3375, dir_class_loss: 0.6766, dir_res_loss: 0.4378, size_class_loss: 0.2153, size_res_loss: 0.2324, loss: 4.9239, grad_norm: 7.1959
2026-05-28 07:52:25,752 - mmdet - INFO - Saving checkpoint at 32 epochs
2026-05-28 07:52:44,922 - mmdet - INFO - Epoch [33][50/1652]	lr: 8.000e-05, eta: 0:35:33, time: 0.378, data_time: 0.078, memory: 9507, vote_loss: 2.5791, objectness_loss: 0.2703, semantic_loss: 0.1883, center_loss: 0.3358, dir_class_loss: 0.7116, dir_res_loss: 0.4533, size_class_loss: 0.1883, size_res_loss: 0.2204, loss: 4.9471, grad_norm: 7.6082
2026-05-28 07:53:01,308 - mmdet - INFO - Epoch [33][100/1652]	lr: 8.000e-05, eta: 0:35:16, time: 0.328, data_time: 0.027, memory: 9507, vote_loss: 2.5481, objectness_loss: 0.2644, semantic_loss: 0.1977, center_loss: 0.3045, dir_class_loss: 0.6532, dir_res_loss: 0.4566, size_class_loss: 0.1977, size_res_loss: 0.2355, loss: 4.8577, grad_norm: 6.4474
2026-05-28 07:53:17,575 - mmdet - INFO - Epoch [33][150/1652]	lr: 8.000e-05, eta: 0:35:00, time: 0.325, data_time: 0.025, memory: 9507, vote_loss: 2.4406, objectness_loss: 0.2421, semantic_loss: 0.1851, center_loss: 0.2953, dir_class_loss: 0.6011, dir_res_loss: 0.4274, size_class_loss: 0.1851, size_res_loss: 0.1903, loss: 4.5669, grad_norm: 7.0446
2026-05-28 07:53:33,839 - mmdet - INFO - Epoch [33][200/1652]	lr: 8.000e-05, eta: 0:34:44, time: 0.325, data_time: 0.025, memory: 9507, vote_loss: 2.5130, objectness_loss: 0.2574, semantic_loss: 0.1830, center_loss: 0.3070, dir_class_loss: 0.6820, dir_res_loss: 0.4280, size_class_loss: 0.1830, size_res_loss: 0.2053, loss: 4.7588, grad_norm: 6.9674
2026-05-28 07:53:50,025 - mmdet - INFO - Epoch [33][250/1652]	lr: 8.000e-05, eta: 0:34:28, time: 0.324, data_time: 0.024, memory: 9507, vote_loss: 2.4971, objectness_loss: 0.2632, semantic_loss: 0.1849, center_loss: 0.3651, dir_class_loss: 0.5874, dir_res_loss: 0.4297, size_class_loss: 0.1849, size_res_loss: 0.1884, loss: 4.7008, grad_norm: 7.3756
2026-05-28 07:54:06,226 - mmdet - INFO - Epoch [33][300/1652]	lr: 8.000e-05, eta: 0:34:11, time: 0.324, data_time: 0.025, memory: 9507, vote_loss: 2.4404, objectness_loss: 0.2595, semantic_loss: 0.1660, center_loss: 0.4021, dir_class_loss: 0.6450, dir_res_loss: 0.4185, size_class_loss: 0.1660, size_res_loss: 0.1963, loss: 4.6937, grad_norm: 7.4487
2026-05-28 07:54:22,442 - mmdet - INFO - Epoch [33][350/1652]	lr: 8.000e-05, eta: 0:33:55, time: 0.324, data_time: 0.024, memory: 9507, vote_loss: 2.4229, objectness_loss: 0.2633, semantic_loss: 0.1987, center_loss: 0.3279, dir_class_loss: 0.6940, dir_res_loss: 0.4402, size_class_loss: 0.1987, size_res_loss: 0.1912, loss: 4.7369, grad_norm: 7.0064
2026-05-28 07:54:38,615 - mmdet - INFO - Epoch [33][400/1652]	lr: 8.000e-05, eta: 0:33:39, time: 0.323, data_time: 0.024, memory: 9507, vote_loss: 2.3816, objectness_loss: 0.2450, semantic_loss: 0.1764, center_loss: 0.2804, dir_class_loss: 0.7016, dir_res_loss: 0.5318, size_class_loss: 0.1764, size_res_loss: 0.1970, loss: 4.6902, grad_norm: 7.0291
2026-05-28 07:54:54,833 - mmdet - INFO - Epoch [33][450/1652]	lr: 8.000e-05, eta: 0:33:22, time: 0.324, data_time: 0.024, memory: 9507, vote_loss: 2.4489, objectness_loss: 0.2566, semantic_loss: 0.1770, center_loss: 0.3415, dir_class_loss: 0.6137, dir_res_loss: 0.4593, size_class_loss: 0.1770, size_res_loss: 0.1961, loss: 4.6703, grad_norm: 7.0863
2026-05-28 07:55:11,023 - mmdet - INFO - Epoch [33][500/1652]	lr: 8.000e-05, eta: 0:33:06, time: 0.324, data_time: 0.024, memory: 9507, vote_loss: 2.5462, objectness_loss: 0.2600, semantic_loss: 0.1683, center_loss: 0.3032, dir_class_loss: 0.6122, dir_res_loss: 0.4536, size_class_loss: 0.1683, size_res_loss: 0.2033, loss: 4.7152, grad_norm: 7.3119
2026-05-28 07:55:27,241 - mmdet - INFO - Epoch [33][550/1652]	lr: 8.000e-05, eta: 0:32:50, time: 0.324, data_time: 0.024, memory: 9507, vote_loss: 2.4724, objectness_loss: 0.2445, semantic_loss: 0.1651, center_loss: 0.2926, dir_class_loss: 0.6127, dir_res_loss: 0.4366, size_class_loss: 0.1651, size_res_loss: 0.2118, loss: 4.6007, grad_norm: 6.8706
2026-05-28 07:55:43,405 - mmdet - INFO - Epoch [33][600/1652]	lr: 8.000e-05, eta: 0:32:34, time: 0.323, data_time: 0.024, memory: 9507, vote_loss: 2.4101, objectness_loss: 0.2528, semantic_loss: 0.2058, center_loss: 0.2997, dir_class_loss: 0.6932, dir_res_loss: 0.3960, size_class_loss: 0.2058, size_res_loss: 0.2169, loss: 4.6802, grad_norm: 7.2769
2026-05-28 07:55:59,577 - mmdet - INFO - Epoch [33][650/1652]	lr: 8.000e-05, eta: 0:32:17, time: 0.323, data_time: 0.024, memory: 9507, vote_loss: 2.4010, objectness_loss: 0.2642, semantic_loss: 0.1511, center_loss: 0.3118, dir_class_loss: 0.6264, dir_res_loss: 0.3926, size_class_loss: 0.1511, size_res_loss: 0.1938, loss: 4.4922, grad_norm: 6.8469
2026-05-28 07:56:15,781 - mmdet - INFO - Epoch [33][700/1652]	lr: 8.000e-05, eta: 0:32:01, time: 0.324, data_time: 0.024, memory: 9507, vote_loss: 2.5576, objectness_loss: 0.2529, semantic_loss: 0.1846, center_loss: 0.3547, dir_class_loss: 0.6124, dir_res_loss: 0.4493, size_class_loss: 0.1846, size_res_loss: 0.1931, loss: 4.7891, grad_norm: 7.3278
2026-05-28 07:56:31,943 - mmdet - INFO - Epoch [33][750/1652]	lr: 8.000e-05, eta: 0:31:45, time: 0.323, data_time: 0.025, memory: 9507, vote_loss: 2.4683, objectness_loss: 0.2614, semantic_loss: 0.1942, center_loss: 0.3002, dir_class_loss: 0.6811, dir_res_loss: 0.3869, size_class_loss: 0.1942, size_res_loss: 0.1993, loss: 4.6855, grad_norm: 7.1581
2026-05-28 07:56:48,145 - mmdet - INFO - Epoch [33][800/1652]	lr: 8.000e-05, eta: 0:31:29, time: 0.324, data_time: 0.024, memory: 9507, vote_loss: 2.4995, objectness_loss: 0.2635, semantic_loss: 0.1759, center_loss: 0.3073, dir_class_loss: 0.6290, dir_res_loss: 0.4341, size_class_loss: 0.1759, size_res_loss: 0.2026, loss: 4.6878, grad_norm: 6.7422
2026-05-28 07:57:04,376 - mmdet - INFO - Epoch [33][850/1652]	lr: 8.000e-05, eta: 0:31:12, time: 0.325, data_time: 0.025, memory: 9507, vote_loss: 2.3557, objectness_loss: 0.2535, semantic_loss: 0.1759, center_loss: 0.3058, dir_class_loss: 0.6563, dir_res_loss: 0.4329, size_class_loss: 0.1759, size_res_loss: 0.1961, loss: 4.5521, grad_norm: 6.9995
2026-05-28 07:57:20,707 - mmdet - INFO - Epoch [33][900/1652]	lr: 8.000e-05, eta: 0:30:56, time: 0.327, data_time: 0.025, memory: 9507, vote_loss: 2.4223, objectness_loss: 0.2622, semantic_loss: 0.1817, center_loss: 0.3138, dir_class_loss: 0.6703, dir_res_loss: 0.4923, size_class_loss: 0.1817, size_res_loss: 0.2202, loss: 4.7444, grad_norm: 6.9457
2026-05-28 07:57:36,909 - mmdet - INFO - Epoch [33][950/1652]	lr: 8.000e-05, eta: 0:30:40, time: 0.324, data_time: 0.024, memory: 9507, vote_loss: 2.3939, objectness_loss: 0.2527, semantic_loss: 0.1890, center_loss: 0.3097, dir_class_loss: 0.6354, dir_res_loss: 0.4076, size_class_loss: 0.1890, size_res_loss: 0.1955, loss: 4.5729, grad_norm: 6.5323
2026-05-28 07:57:53,009 - mmdet - INFO - Epoch [33][1000/1652]	lr: 8.000e-05, eta: 0:30:24, time: 0.322, data_time: 0.024, memory: 9507, vote_loss: 2.4344, objectness_loss: 0.2590, semantic_loss: 0.2036, center_loss: 0.3116, dir_class_loss: 0.6580, dir_res_loss: 0.4719, size_class_loss: 0.2036, size_res_loss: 0.1972, loss: 4.7392, grad_norm: 7.1887
2026-05-28 07:58:09,247 - mmdet - INFO - Epoch [33][1050/1652]	lr: 8.000e-05, eta: 0:30:07, time: 0.325, data_time: 0.024, memory: 9507, vote_loss: 2.5918, objectness_loss: 0.2564, semantic_loss: 0.2113, center_loss: 0.2983, dir_class_loss: 0.7033, dir_res_loss: 0.4254, size_class_loss: 0.2113, size_res_loss: 0.2263, loss: 4.9240, grad_norm: 6.8588
2026-05-28 07:58:25,501 - mmdet - INFO - Epoch [33][1100/1652]	lr: 8.000e-05, eta: 0:29:51, time: 0.325, data_time: 0.024, memory: 9507, vote_loss: 2.4918, objectness_loss: 0.2582, semantic_loss: 0.1858, center_loss: 0.3193, dir_class_loss: 0.6034, dir_res_loss: 0.4035, size_class_loss: 0.1858, size_res_loss: 0.2052, loss: 4.6530, grad_norm: 6.9495
2026-05-28 07:58:41,848 - mmdet - INFO - Epoch [33][1150/1652]	lr: 8.000e-05, eta: 0:29:35, time: 0.327, data_time: 0.025, memory: 9507, vote_loss: 2.4429, objectness_loss: 0.2678, semantic_loss: 0.1924, center_loss: 0.3179, dir_class_loss: 0.7134, dir_res_loss: 0.4724, size_class_loss: 0.1924, size_res_loss: 0.2157, loss: 4.8148, grad_norm: 6.8223
2026-05-28 07:58:58,034 - mmdet - INFO - Epoch [33][1200/1652]	lr: 8.000e-05, eta: 0:29:18, time: 0.324, data_time: 0.024, memory: 9507, vote_loss: 2.4835, objectness_loss: 0.2726, semantic_loss: 0.1832, center_loss: 0.2957, dir_class_loss: 0.6288, dir_res_loss: 0.4050, size_class_loss: 0.1832, size_res_loss: 0.2173, loss: 4.6692, grad_norm: 6.7550
2026-05-28 07:59:14,359 - mmdet - INFO - Epoch [33][1250/1652]	lr: 8.000e-05, eta: 0:29:02, time: 0.326, data_time: 0.025, memory: 9507, vote_loss: 2.5111, objectness_loss: 0.2617, semantic_loss: 0.1722, center_loss: 0.2865, dir_class_loss: 0.6458, dir_res_loss: 0.4551, size_class_loss: 0.1722, size_res_loss: 0.2073, loss: 4.7118, grad_norm: 7.1133
2026-05-28 07:59:30,577 - mmdet - INFO - Epoch [33][1300/1652]	lr: 8.000e-05, eta: 0:28:46, time: 0.324, data_time: 0.024, memory: 9507, vote_loss: 2.4995, objectness_loss: 0.2432, semantic_loss: 0.1694, center_loss: 0.2903, dir_class_loss: 0.6121, dir_res_loss: 0.5189, size_class_loss: 0.1694, size_res_loss: 0.1831, loss: 4.6859, grad_norm: 7.1536
2026-05-28 07:59:47,044 - mmdet - INFO - Epoch [33][1350/1652]	lr: 8.000e-05, eta: 0:28:30, time: 0.329, data_time: 0.029, memory: 9507, vote_loss: 2.5552, objectness_loss: 0.2952, semantic_loss: 0.2103, center_loss: 0.2966, dir_class_loss: 0.6144, dir_res_loss: 0.4489, size_class_loss: 0.2103, size_res_loss: 0.1952, loss: 4.8261, grad_norm: 6.8210
2026-05-28 08:00:03,273 - mmdet - INFO - Epoch [33][1400/1652]	lr: 8.000e-05, eta: 0:28:13, time: 0.325, data_time: 0.024, memory: 9507, vote_loss: 2.4254, objectness_loss: 0.2451, semantic_loss: 0.1672, center_loss: 0.3622, dir_class_loss: 0.6634, dir_res_loss: 0.4892, size_class_loss: 0.1672, size_res_loss: 0.1936, loss: 4.7132, grad_norm: 7.5047
2026-05-28 08:00:19,544 - mmdet - INFO - Epoch [33][1450/1652]	lr: 8.000e-05, eta: 0:27:57, time: 0.325, data_time: 0.025, memory: 9507, vote_loss: 2.4040, objectness_loss: 0.2591, semantic_loss: 0.1844, center_loss: 0.3010, dir_class_loss: 0.6639, dir_res_loss: 0.4422, size_class_loss: 0.1844, size_res_loss: 0.1870, loss: 4.6260, grad_norm: 7.1814
2026-05-28 08:00:35,769 - mmdet - INFO - Epoch [33][1500/1652]	lr: 8.000e-05, eta: 0:27:41, time: 0.325, data_time: 0.025, memory: 9507, vote_loss: 2.4895, objectness_loss: 0.2598, semantic_loss: 0.1727, center_loss: 0.3077, dir_class_loss: 0.6573, dir_res_loss: 0.3934, size_class_loss: 0.1727, size_res_loss: 0.2083, loss: 4.6613, grad_norm: 6.9506
2026-05-28 08:00:52,053 - mmdet - INFO - Epoch [33][1550/1652]	lr: 8.000e-05, eta: 0:27:25, time: 0.326, data_time: 0.025, memory: 9507, vote_loss: 2.3909, objectness_loss: 0.2507, semantic_loss: 0.2024, center_loss: 0.3270, dir_class_loss: 0.6026, dir_res_loss: 0.3826, size_class_loss: 0.2024, size_res_loss: 0.2026, loss: 4.5613, grad_norm: 6.9558
2026-05-28 08:01:08,280 - mmdet - INFO - Epoch [33][1600/1652]	lr: 8.000e-05, eta: 0:27:08, time: 0.325, data_time: 0.025, memory: 9507, vote_loss: 2.3764, objectness_loss: 0.2508, semantic_loss: 0.1668, center_loss: 0.2795, dir_class_loss: 0.5903, dir_res_loss: 0.4206, size_class_loss: 0.1668, size_res_loss: 0.2130, loss: 4.4641, grad_norm: 6.6675
2026-05-28 08:01:24,509 - mmdet - INFO - Epoch [33][1650/1652]	lr: 8.000e-05, eta: 0:26:52, time: 0.325, data_time: 0.025, memory: 9507, vote_loss: 2.4454, objectness_loss: 0.2675, semantic_loss: 0.1800, center_loss: 0.3155, dir_class_loss: 0.6306, dir_res_loss: 0.4041, size_class_loss: 0.1800, size_res_loss: 0.2373, loss: 4.6604, grad_norm: 7.2271
2026-05-28 08:01:25,225 - mmdet - INFO - Saving checkpoint at 33 epochs
2026-05-28 08:01:44,437 - mmdet - INFO - Epoch [34][50/1652]	lr: 8.000e-05, eta: 0:26:35, time: 0.379, data_time: 0.077, memory: 9507, vote_loss: 2.5448, objectness_loss: 0.2402, semantic_loss: 0.1836, center_loss: 0.3198, dir_class_loss: 0.6747, dir_res_loss: 0.3959, size_class_loss: 0.1836, size_res_loss: 0.2087, loss: 4.7513, grad_norm: 7.5768
2026-05-28 08:02:00,634 - mmdet - INFO - Epoch [34][100/1652]	lr: 8.000e-05, eta: 0:26:19, time: 0.324, data_time: 0.024, memory: 9507, vote_loss: 2.4961, objectness_loss: 0.2387, semantic_loss: 0.1969, center_loss: 0.3083, dir_class_loss: 0.6338, dir_res_loss: 0.4481, size_class_loss: 0.1969, size_res_loss: 0.1926, loss: 4.7114, grad_norm: 7.1088
2026-05-28 08:02:16,780 - mmdet - INFO - Epoch [34][150/1652]	lr: 8.000e-05, eta: 0:26:03, time: 0.323, data_time: 0.024, memory: 9507, vote_loss: 2.3396, objectness_loss: 0.2538, semantic_loss: 0.1813, center_loss: 0.3094, dir_class_loss: 0.6245, dir_res_loss: 0.4112, size_class_loss: 0.1813, size_res_loss: 0.2055, loss: 4.5066, grad_norm: 7.2736
2026-05-28 08:02:33,040 - mmdet - INFO - Epoch [34][200/1652]	lr: 8.000e-05, eta: 0:25:47, time: 0.325, data_time: 0.025, memory: 9507, vote_loss: 2.5293, objectness_loss: 0.2559, semantic_loss: 0.1918, center_loss: 0.3278, dir_class_loss: 0.6671, dir_res_loss: 0.4241, size_class_loss: 0.1918, size_res_loss: 0.2192, loss: 4.8070, grad_norm: 6.9253
2026-05-28 08:02:49,183 - mmdet - INFO - Epoch [34][250/1652]	lr: 8.000e-05, eta: 0:25:30, time: 0.323, data_time: 0.024, memory: 9507, vote_loss: 2.3971, objectness_loss: 0.2559, semantic_loss: 0.1576, center_loss: 0.3661, dir_class_loss: 0.6525, dir_res_loss: 0.4025, size_class_loss: 0.1576, size_res_loss: 0.1803, loss: 4.5696, grad_norm: 7.2409
2026-05-28 08:03:05,420 - mmdet - INFO - Epoch [34][300/1652]	lr: 8.000e-05, eta: 0:25:14, time: 0.325, data_time: 0.024, memory: 9507, vote_loss: 2.4674, objectness_loss: 0.2670, semantic_loss: 0.1697, center_loss: 0.3030, dir_class_loss: 0.6626, dir_res_loss: 0.3966, size_class_loss: 0.1697, size_res_loss: 0.2070, loss: 4.6429, grad_norm: 6.7236
2026-05-28 08:03:21,631 - mmdet - INFO - Epoch [34][350/1652]	lr: 8.000e-05, eta: 0:24:58, time: 0.324, data_time: 0.025, memory: 9507, vote_loss: 2.4727, objectness_loss: 0.2408, semantic_loss: 0.1867, center_loss: 0.3020, dir_class_loss: 0.6707, dir_res_loss: 0.4019, size_class_loss: 0.1867, size_res_loss: 0.1997, loss: 4.6612, grad_norm: 7.1730
2026-05-28 08:03:37,782 - mmdet - INFO - Epoch [34][400/1652]	lr: 8.000e-05, eta: 0:24:41, time: 0.323, data_time: 0.024, memory: 9507, vote_loss: 2.4995, objectness_loss: 0.2777, semantic_loss: 0.1826, center_loss: 0.3056, dir_class_loss: 0.6012, dir_res_loss: 0.3838, size_class_loss: 0.1826, size_res_loss: 0.2039, loss: 4.6368, grad_norm: 6.9809
2026-05-28 08:03:54,000 - mmdet - INFO - Epoch [34][450/1652]	lr: 8.000e-05, eta: 0:24:25, time: 0.324, data_time: 0.024, memory: 9507, vote_loss: 2.4872, objectness_loss: 0.2661, semantic_loss: 0.1762, center_loss: 0.2876, dir_class_loss: 0.6283, dir_res_loss: 0.4385, size_class_loss: 0.1762, size_res_loss: 0.1941, loss: 4.6541, grad_norm: 6.7392
2026-05-28 08:04:10,224 - mmdet - INFO - Epoch [34][500/1652]	lr: 8.000e-05, eta: 0:24:09, time: 0.324, data_time: 0.024, memory: 9507, vote_loss: 2.3883, objectness_loss: 0.2388, semantic_loss: 0.1603, center_loss: 0.3007, dir_class_loss: 0.5825, dir_res_loss: 0.3986, size_class_loss: 0.1603, size_res_loss: 0.1892, loss: 4.4188, grad_norm: 7.0131
2026-05-28 08:04:26,462 - mmdet - INFO - Epoch [34][550/1652]	lr: 8.000e-05, eta: 0:23:53, time: 0.325, data_time: 0.024, memory: 9507, vote_loss: 2.4691, objectness_loss: 0.2453, semantic_loss: 0.1829, center_loss: 0.2982, dir_class_loss: 0.6765, dir_res_loss: 0.4394, size_class_loss: 0.1829, size_res_loss: 0.1903, loss: 4.6846, grad_norm: 6.9646
2026-05-28 08:04:42,643 - mmdet - INFO - Epoch [34][600/1652]	lr: 8.000e-05, eta: 0:23:36, time: 0.324, data_time: 0.024, memory: 9507, vote_loss: 2.3816, objectness_loss: 0.2497, semantic_loss: 0.1695, center_loss: 0.2938, dir_class_loss: 0.6576, dir_res_loss: 0.4152, size_class_loss: 0.1695, size_res_loss: 0.2085, loss: 4.5455, grad_norm: 6.9637
2026-05-28 08:04:58,768 - mmdet - INFO - Epoch [34][650/1652]	lr: 8.000e-05, eta: 0:23:20, time: 0.323, data_time: 0.023, memory: 9507, vote_loss: 2.5198, objectness_loss: 0.2313, semantic_loss: 0.1664, center_loss: 0.3045, dir_class_loss: 0.6571, dir_res_loss: 0.3878, size_class_loss: 0.1664, size_res_loss: 0.1967, loss: 4.6299, grad_norm: 6.8602
2026-05-28 08:05:14,997 - mmdet - INFO - Epoch [34][700/1652]	lr: 8.000e-05, eta: 0:23:04, time: 0.325, data_time: 0.024, memory: 9507, vote_loss: 2.5212, objectness_loss: 0.2386, semantic_loss: 0.1957, center_loss: 0.3113, dir_class_loss: 0.6382, dir_res_loss: 0.4510, size_class_loss: 0.1957, size_res_loss: 0.1940, loss: 4.7457, grad_norm: 7.2114
2026-05-28 08:05:31,227 - mmdet - INFO - Epoch [34][750/1652]	lr: 8.000e-05, eta: 0:22:48, time: 0.325, data_time: 0.024, memory: 9507, vote_loss: 2.3863, objectness_loss: 0.2394, semantic_loss: 0.1783, center_loss: 0.2951, dir_class_loss: 0.6612, dir_res_loss: 0.4355, size_class_loss: 0.1783, size_res_loss: 0.1859, loss: 4.5600, grad_norm: 7.0496
2026-05-28 08:05:47,478 - mmdet - INFO - Epoch [34][800/1652]	lr: 8.000e-05, eta: 0:22:31, time: 0.325, data_time: 0.024, memory: 9507, vote_loss: 2.4108, objectness_loss: 0.2576, semantic_loss: 0.1697, center_loss: 0.3220, dir_class_loss: 0.6118, dir_res_loss: 0.3945, size_class_loss: 0.1697, size_res_loss: 0.1884, loss: 4.5246, grad_norm: 6.8320
2026-05-28 08:06:03,694 - mmdet - INFO - Epoch [34][850/1652]	lr: 8.000e-05, eta: 0:22:15, time: 0.324, data_time: 0.024, memory: 9507, vote_loss: 2.5134, objectness_loss: 0.2631, semantic_loss: 0.2096, center_loss: 0.3098, dir_class_loss: 0.6522, dir_res_loss: 0.4610, size_class_loss: 0.2096, size_res_loss: 0.2273, loss: 4.8460, grad_norm: 7.2172
2026-05-28 08:06:19,903 - mmdet - INFO - Epoch [34][900/1652]	lr: 8.000e-05, eta: 0:21:59, time: 0.324, data_time: 0.024, memory: 9507, vote_loss: 2.4638, objectness_loss: 0.2467, semantic_loss: 0.1878, center_loss: 0.3294, dir_class_loss: 0.6234, dir_res_loss: 0.4300, size_class_loss: 0.1878, size_res_loss: 0.1921, loss: 4.6610, grad_norm: 6.9161
2026-05-28 08:06:36,090 - mmdet - INFO - Epoch [34][950/1652]	lr: 8.000e-05, eta: 0:21:43, time: 0.324, data_time: 0.024, memory: 9507, vote_loss: 2.5019, objectness_loss: 0.2776, semantic_loss: 0.1758, center_loss: 0.3189, dir_class_loss: 0.6963, dir_res_loss: 0.4361, size_class_loss: 0.1758, size_res_loss: 0.1988, loss: 4.7811, grad_norm: 7.3740
2026-05-28 08:06:52,364 - mmdet - INFO - Epoch [34][1000/1652]	lr: 8.000e-05, eta: 0:21:26, time: 0.325, data_time: 0.026, memory: 9507, vote_loss: 2.4099, objectness_loss: 0.2455, semantic_loss: 0.1752, center_loss: 0.3167, dir_class_loss: 0.5957, dir_res_loss: 0.4288, size_class_loss: 0.1752, size_res_loss: 0.1993, loss: 4.5464, grad_norm: 7.0745
2026-05-28 08:07:08,616 - mmdet - INFO - Epoch [34][1050/1652]	lr: 8.000e-05, eta: 0:21:10, time: 0.325, data_time: 0.025, memory: 9507, vote_loss: 2.4132, objectness_loss: 0.2613, semantic_loss: 0.2009, center_loss: 0.3539, dir_class_loss: 0.7132, dir_res_loss: 0.4409, size_class_loss: 0.2009, size_res_loss: 0.2329, loss: 4.8173, grad_norm: 7.1095
2026-05-28 08:07:24,810 - mmdet - INFO - Epoch [34][1100/1652]	lr: 8.000e-05, eta: 0:20:54, time: 0.324, data_time: 0.024, memory: 9507, vote_loss: 2.5018, objectness_loss: 0.2289, semantic_loss: 0.1605, center_loss: 0.3050, dir_class_loss: 0.6756, dir_res_loss: 0.4295, size_class_loss: 0.1605, size_res_loss: 0.2116, loss: 4.6736, grad_norm: 6.9563
2026-05-28 08:07:41,040 - mmdet - INFO - Epoch [34][1150/1652]	lr: 8.000e-05, eta: 0:20:37, time: 0.325, data_time: 0.025, memory: 9507, vote_loss: 2.3800, objectness_loss: 0.2189, semantic_loss: 0.1803, center_loss: 0.3117, dir_class_loss: 0.6458, dir_res_loss: 0.4153, size_class_loss: 0.1803, size_res_loss: 0.2058, loss: 4.5381, grad_norm: 6.9919
2026-05-28 08:07:57,238 - mmdet - INFO - Epoch [34][1200/1652]	lr: 8.000e-05, eta: 0:20:21, time: 0.324, data_time: 0.024, memory: 9507, vote_loss: 2.3394, objectness_loss: 0.2525, semantic_loss: 0.1604, center_loss: 0.2991, dir_class_loss: 0.6620, dir_res_loss: 0.4008, size_class_loss: 0.1604, size_res_loss: 0.2036, loss: 4.4781, grad_norm: 6.8796
2026-05-28 08:08:13,446 - mmdet - INFO - Epoch [34][1250/1652]	lr: 8.000e-05, eta: 0:20:05, time: 0.324, data_time: 0.025, memory: 9507, vote_loss: 2.4977, objectness_loss: 0.2584, semantic_loss: 0.1754, center_loss: 0.3062, dir_class_loss: 0.6005, dir_res_loss: 0.3824, size_class_loss: 0.1754, size_res_loss: 0.2127, loss: 4.6088, grad_norm: 6.9866
2026-05-28 08:08:29,695 - mmdet - INFO - Epoch [34][1300/1652]	lr: 8.000e-05, eta: 0:19:49, time: 0.325, data_time: 0.024, memory: 9507, vote_loss: 2.4574, objectness_loss: 0.2621, semantic_loss: 0.1846, center_loss: 0.3043, dir_class_loss: 0.6366, dir_res_loss: 0.4437, size_class_loss: 0.1846, size_res_loss: 0.2061, loss: 4.6795, grad_norm: 7.0687
2026-05-28 08:08:45,878 - mmdet - INFO - Epoch [34][1350/1652]	lr: 8.000e-05, eta: 0:19:32, time: 0.324, data_time: 0.024, memory: 9507, vote_loss: 2.3865, objectness_loss: 0.2414, semantic_loss: 0.1776, center_loss: 0.3132, dir_class_loss: 0.6587, dir_res_loss: 0.4674, size_class_loss: 0.1776, size_res_loss: 0.2081, loss: 4.6304, grad_norm: 7.4535
2026-05-28 08:09:02,243 - mmdet - INFO - Epoch [34][1400/1652]	lr: 8.000e-05, eta: 0:19:16, time: 0.327, data_time: 0.027, memory: 9507, vote_loss: 2.4216, objectness_loss: 0.2621, semantic_loss: 0.2070, center_loss: 0.4164, dir_class_loss: 0.6920, dir_res_loss: 0.4989, size_class_loss: 0.2070, size_res_loss: 0.1909, loss: 4.8958, grad_norm: 7.4117
2026-05-28 08:09:18,358 - mmdet - INFO - Epoch [34][1450/1652]	lr: 8.000e-05, eta: 0:19:00, time: 0.322, data_time: 0.023, memory: 9507, vote_loss: 2.3963, objectness_loss: 0.2646, semantic_loss: 0.1809, center_loss: 0.3038, dir_class_loss: 0.6793, dir_res_loss: 0.4655, size_class_loss: 0.1809, size_res_loss: 0.2054, loss: 4.6766, grad_norm: 6.9774
2026-05-28 08:09:34,568 - mmdet - INFO - Epoch [34][1500/1652]	lr: 8.000e-05, eta: 0:18:44, time: 0.324, data_time: 0.023, memory: 9507, vote_loss: 2.4793, objectness_loss: 0.2602, semantic_loss: 0.2052, center_loss: 0.2948, dir_class_loss: 0.6632, dir_res_loss: 0.4535, size_class_loss: 0.2052, size_res_loss: 0.2084, loss: 4.7699, grad_norm: 6.8296
2026-05-28 08:09:50,790 - mmdet - INFO - Epoch [34][1550/1652]	lr: 8.000e-05, eta: 0:18:27, time: 0.324, data_time: 0.025, memory: 9507, vote_loss: 2.5408, objectness_loss: 0.2835, semantic_loss: 0.1776, center_loss: 0.3008, dir_class_loss: 0.6399, dir_res_loss: 0.4792, size_class_loss: 0.1776, size_res_loss: 0.2353, loss: 4.8346, grad_norm: 7.3053
2026-05-28 08:10:07,000 - mmdet - INFO - Epoch [34][1600/1652]	lr: 8.000e-05, eta: 0:18:11, time: 0.324, data_time: 0.025, memory: 9507, vote_loss: 2.4343, objectness_loss: 0.2538, semantic_loss: 0.1619, center_loss: 0.2668, dir_class_loss: 0.6665, dir_res_loss: 0.4309, size_class_loss: 0.1619, size_res_loss: 0.2285, loss: 4.6047, grad_norm: 6.7388
2026-05-28 08:10:23,297 - mmdet - INFO - Epoch [34][1650/1652]	lr: 8.000e-05, eta: 0:17:55, time: 0.326, data_time: 0.025, memory: 9507, vote_loss: 2.4706, objectness_loss: 0.2488, semantic_loss: 0.1848, center_loss: 0.3430, dir_class_loss: 0.6822, dir_res_loss: 0.4968, size_class_loss: 0.1848, size_res_loss: 0.1911, loss: 4.8022, grad_norm: 7.1818
2026-05-28 08:10:24,023 - mmdet - INFO - Saving checkpoint at 34 epochs
2026-05-28 08:10:43,177 - mmdet - INFO - Epoch [35][50/1652]	lr: 8.000e-05, eta: 0:17:38, time: 0.377, data_time: 0.076, memory: 9507, vote_loss: 2.4450, objectness_loss: 0.2530, semantic_loss: 0.1584, center_loss: 0.3035, dir_class_loss: 0.6625, dir_res_loss: 0.4012, size_class_loss: 0.1584, size_res_loss: 0.2160, loss: 4.5980, grad_norm: 7.0356
2026-05-28 08:10:59,482 - mmdet - INFO - Epoch [35][100/1652]	lr: 8.000e-05, eta: 0:17:22, time: 0.326, data_time: 0.024, memory: 9507, vote_loss: 2.4455, objectness_loss: 0.2738, semantic_loss: 0.1808, center_loss: 0.3190, dir_class_loss: 0.6630, dir_res_loss: 0.4150, size_class_loss: 0.1808, size_res_loss: 0.2067, loss: 4.6845, grad_norm: 6.9118
2026-05-28 08:11:15,872 - mmdet - INFO - Epoch [35][150/1652]	lr: 8.000e-05, eta: 0:17:05, time: 0.328, data_time: 0.025, memory: 9507, vote_loss: 2.4291, objectness_loss: 0.2520, semantic_loss: 0.2158, center_loss: 0.3099, dir_class_loss: 0.7053, dir_res_loss: 0.4576, size_class_loss: 0.2158, size_res_loss: 0.1997, loss: 4.7852, grad_norm: 7.0340
2026-05-28 08:11:32,037 - mmdet - INFO - Epoch [35][200/1652]	lr: 8.000e-05, eta: 0:16:49, time: 0.323, data_time: 0.024, memory: 9507, vote_loss: 2.4206, objectness_loss: 0.2397, semantic_loss: 0.1688, center_loss: 0.2893, dir_class_loss: 0.6657, dir_res_loss: 0.3918, size_class_loss: 0.1688, size_res_loss: 0.2105, loss: 4.5551, grad_norm: 6.4443
2026-05-28 08:11:48,296 - mmdet - INFO - Epoch [35][250/1652]	lr: 8.000e-05, eta: 0:16:33, time: 0.325, data_time: 0.025, memory: 9507, vote_loss: 2.3890, objectness_loss: 0.2358, semantic_loss: 0.1703, center_loss: 0.3089, dir_class_loss: 0.6551, dir_res_loss: 0.5127, size_class_loss: 0.1703, size_res_loss: 0.1874, loss: 4.6295, grad_norm: 6.9792
2026-05-28 08:12:04,540 - mmdet - INFO - Epoch [35][300/1652]	lr: 8.000e-05, eta: 0:16:17, time: 0.325, data_time: 0.025, memory: 9507, vote_loss: 2.4552, objectness_loss: 0.2406, semantic_loss: 0.1696, center_loss: 0.3067, dir_class_loss: 0.6260, dir_res_loss: 0.4253, size_class_loss: 0.1696, size_res_loss: 0.1962, loss: 4.5891, grad_norm: 6.9590
2026-05-28 08:12:20,766 - mmdet - INFO - Epoch [35][350/1652]	lr: 8.000e-05, eta: 0:16:00, time: 0.325, data_time: 0.024, memory: 9507, vote_loss: 2.4087, objectness_loss: 0.2538, semantic_loss: 0.1914, center_loss: 0.3423, dir_class_loss: 0.6703, dir_res_loss: 0.4037, size_class_loss: 0.1914, size_res_loss: 0.1872, loss: 4.6487, grad_norm: 7.3095
2026-05-28 08:12:37,025 - mmdet - INFO - Epoch [35][400/1652]	lr: 8.000e-05, eta: 0:15:44, time: 0.325, data_time: 0.024, memory: 9507, vote_loss: 2.4905, objectness_loss: 0.2548, semantic_loss: 0.1984, center_loss: 0.3018, dir_class_loss: 0.6754, dir_res_loss: 0.4449, size_class_loss: 0.1984, size_res_loss: 0.1955, loss: 4.7596, grad_norm: 7.3158
2026-05-28 08:12:53,245 - mmdet - INFO - Epoch [35][450/1652]	lr: 8.000e-05, eta: 0:15:28, time: 0.324, data_time: 0.024, memory: 9507, vote_loss: 2.3901, objectness_loss: 0.2554, semantic_loss: 0.1890, center_loss: 0.2973, dir_class_loss: 0.6675, dir_res_loss: 0.4297, size_class_loss: 0.1890, size_res_loss: 0.2028, loss: 4.6207, grad_norm: 6.9755
2026-05-28 08:13:09,522 - mmdet - INFO - Epoch [35][500/1652]	lr: 8.000e-05, eta: 0:15:12, time: 0.326, data_time: 0.025, memory: 9507, vote_loss: 2.4983, objectness_loss: 0.2605, semantic_loss: 0.1883, center_loss: 0.3160, dir_class_loss: 0.6036, dir_res_loss: 0.4205, size_class_loss: 0.1883, size_res_loss: 0.1815, loss: 4.6569, grad_norm: 6.6372
2026-05-28 08:13:25,722 - mmdet - INFO - Epoch [35][550/1652]	lr: 8.000e-05, eta: 0:14:55, time: 0.324, data_time: 0.025, memory: 9507, vote_loss: 2.4046, objectness_loss: 0.2765, semantic_loss: 0.1901, center_loss: 0.3065, dir_class_loss: 0.6515, dir_res_loss: 0.4312, size_class_loss: 0.1901, size_res_loss: 0.1889, loss: 4.6394, grad_norm: 6.9230
2026-05-28 08:13:42,001 - mmdet - INFO - Epoch [35][600/1652]	lr: 8.000e-05, eta: 0:14:39, time: 0.326, data_time: 0.025, memory: 9507, vote_loss: 2.4353, objectness_loss: 0.2393, semantic_loss: 0.1810, center_loss: 0.2986, dir_class_loss: 0.6104, dir_res_loss: 0.4067, size_class_loss: 0.1810, size_res_loss: 0.2282, loss: 4.5805, grad_norm: 6.9506
2026-05-28 08:13:58,223 - mmdet - INFO - Epoch [35][650/1652]	lr: 8.000e-05, eta: 0:14:23, time: 0.324, data_time: 0.024, memory: 9507, vote_loss: 2.3757, objectness_loss: 0.2746, semantic_loss: 0.1484, center_loss: 0.3211, dir_class_loss: 0.7102, dir_res_loss: 0.4542, size_class_loss: 0.1484, size_res_loss: 0.2084, loss: 4.6410, grad_norm: 6.9503
2026-05-28 08:14:14,506 - mmdet - INFO - Epoch [35][700/1652]	lr: 8.000e-05, eta: 0:14:07, time: 0.326, data_time: 0.025, memory: 9507, vote_loss: 2.4845, objectness_loss: 0.2728, semantic_loss: 0.1777, center_loss: 0.3028, dir_class_loss: 0.6715, dir_res_loss: 0.4241, size_class_loss: 0.1777, size_res_loss: 0.2400, loss: 4.7511, grad_norm: 6.7923
2026-05-28 08:14:30,783 - mmdet - INFO - Epoch [35][750/1652]	lr: 8.000e-05, eta: 0:13:50, time: 0.326, data_time: 0.025, memory: 9507, vote_loss: 2.4587, objectness_loss: 0.2399, semantic_loss: 0.1757, center_loss: 0.3110, dir_class_loss: 0.6597, dir_res_loss: 0.4307, size_class_loss: 0.1757, size_res_loss: 0.2064, loss: 4.6577, grad_norm: 7.2593
2026-05-28 08:14:47,100 - mmdet - INFO - Epoch [35][800/1652]	lr: 8.000e-05, eta: 0:13:34, time: 0.326, data_time: 0.024, memory: 9507, vote_loss: 2.4682, objectness_loss: 0.2548, semantic_loss: 0.1886, center_loss: 0.3023, dir_class_loss: 0.6354, dir_res_loss: 0.4517, size_class_loss: 0.1886, size_res_loss: 0.2403, loss: 4.7300, grad_norm: 7.3855
2026-05-28 08:15:03,372 - mmdet - INFO - Epoch [35][850/1652]	lr: 8.000e-05, eta: 0:13:18, time: 0.325, data_time: 0.024, memory: 9507, vote_loss: 2.4636, objectness_loss: 0.2662, semantic_loss: 0.1764, center_loss: 0.3189, dir_class_loss: 0.6288, dir_res_loss: 0.3879, size_class_loss: 0.1764, size_res_loss: 0.2011, loss: 4.6193, grad_norm: 6.8586
2026-05-28 08:15:19,585 - mmdet - INFO - Epoch [35][900/1652]	lr: 8.000e-05, eta: 0:13:02, time: 0.324, data_time: 0.024, memory: 9507, vote_loss: 2.5422, objectness_loss: 0.2764, semantic_loss: 0.2021, center_loss: 0.3244, dir_class_loss: 0.6233, dir_res_loss: 0.4114, size_class_loss: 0.2021, size_res_loss: 0.1918, loss: 4.7738, grad_norm: 7.2621
2026-05-28 08:15:35,732 - mmdet - INFO - Epoch [35][950/1652]	lr: 8.000e-05, eta: 0:12:45, time: 0.323, data_time: 0.024, memory: 9507, vote_loss: 2.4147, objectness_loss: 0.2531, semantic_loss: 0.2017, center_loss: 0.3167, dir_class_loss: 0.6704, dir_res_loss: 0.4083, size_class_loss: 0.2017, size_res_loss: 0.1927, loss: 4.6592, grad_norm: 7.2261
2026-05-28 08:15:51,911 - mmdet - INFO - Epoch [35][1000/1652]	lr: 8.000e-05, eta: 0:12:29, time: 0.324, data_time: 0.024, memory: 9507, vote_loss: 2.4249, objectness_loss: 0.2440, semantic_loss: 0.1748, center_loss: 0.3166, dir_class_loss: 0.5424, dir_res_loss: 0.5120, size_class_loss: 0.1748, size_res_loss: 0.1956, loss: 4.5851, grad_norm: 7.3292
2026-05-28 08:16:08,052 - mmdet - INFO - Epoch [35][1050/1652]	lr: 8.000e-05, eta: 0:12:13, time: 0.323, data_time: 0.024, memory: 9507, vote_loss: 2.5017, objectness_loss: 0.2523, semantic_loss: 0.1776, center_loss: 0.3183, dir_class_loss: 0.7303, dir_res_loss: 0.4209, size_class_loss: 0.1775, size_res_loss: 0.2065, loss: 4.7852, grad_norm: 7.4848
2026-05-28 08:16:24,323 - mmdet - INFO - Epoch [35][1100/1652]	lr: 8.000e-05, eta: 0:11:56, time: 0.325, data_time: 0.025, memory: 9507, vote_loss: 2.5697, objectness_loss: 0.2540, semantic_loss: 0.1782, center_loss: 0.2950, dir_class_loss: 0.6377, dir_res_loss: 0.4616, size_class_loss: 0.1783, size_res_loss: 0.1995, loss: 4.7740, grad_norm: 6.8569
2026-05-28 08:16:40,768 - mmdet - INFO - Epoch [35][1150/1652]	lr: 8.000e-05, eta: 0:11:40, time: 0.329, data_time: 0.025, memory: 9507, vote_loss: 2.5181, objectness_loss: 0.2493, semantic_loss: 0.1583, center_loss: 0.3249, dir_class_loss: 0.7104, dir_res_loss: 0.4726, size_class_loss: 0.1583, size_res_loss: 0.2277, loss: 4.8196, grad_norm: 6.9825
2026-05-28 08:16:56,966 - mmdet - INFO - Epoch [35][1200/1652]	lr: 8.000e-05, eta: 0:11:24, time: 0.324, data_time: 0.024, memory: 9507, vote_loss: 2.4616, objectness_loss: 0.2680, semantic_loss: 0.1851, center_loss: 0.2973, dir_class_loss: 0.6470, dir_res_loss: 0.3795, size_class_loss: 0.1851, size_res_loss: 0.1992, loss: 4.6228, grad_norm: 7.1062
2026-05-28 08:17:13,152 - mmdet - INFO - Epoch [35][1250/1652]	lr: 8.000e-05, eta: 0:11:08, time: 0.324, data_time: 0.024, memory: 9507, vote_loss: 2.3249, objectness_loss: 0.2359, semantic_loss: 0.1718, center_loss: 0.2892, dir_class_loss: 0.6653, dir_res_loss: 0.4145, size_class_loss: 0.1718, size_res_loss: 0.2114, loss: 4.4848, grad_norm: 6.8406
2026-05-28 08:17:29,467 - mmdet - INFO - Epoch [35][1300/1652]	lr: 8.000e-05, eta: 0:10:51, time: 0.326, data_time: 0.026, memory: 9507, vote_loss: 2.5001, objectness_loss: 0.2551, semantic_loss: 0.1679, center_loss: 0.3278, dir_class_loss: 0.6148, dir_res_loss: 0.4607, size_class_loss: 0.1679, size_res_loss: 0.2307, loss: 4.7251, grad_norm: 7.4873
2026-05-28 08:17:45,804 - mmdet - INFO - Epoch [35][1350/1652]	lr: 8.000e-05, eta: 0:10:35, time: 0.327, data_time: 0.025, memory: 9507, vote_loss: 2.3187, objectness_loss: 0.2484, semantic_loss: 0.2300, center_loss: 0.3184, dir_class_loss: 0.6275, dir_res_loss: 0.4121, size_class_loss: 0.2300, size_res_loss: 0.1954, loss: 4.5804, grad_norm: 7.1535
2026-05-28 08:18:02,017 - mmdet - INFO - Epoch [35][1400/1652]	lr: 8.000e-05, eta: 0:10:19, time: 0.324, data_time: 0.024, memory: 9507, vote_loss: 2.4761, objectness_loss: 0.2716, semantic_loss: 0.1972, center_loss: 0.3037, dir_class_loss: 0.6286, dir_res_loss: 0.4414, size_class_loss: 0.1972, size_res_loss: 0.2130, loss: 4.7288, grad_norm: 7.6577
2026-05-28 08:18:18,339 - mmdet - INFO - Epoch [35][1450/1652]	lr: 8.000e-05, eta: 0:10:03, time: 0.326, data_time: 0.028, memory: 9507, vote_loss: 2.4328, objectness_loss: 0.2400, semantic_loss: 0.1716, center_loss: 0.3013, dir_class_loss: 0.6468, dir_res_loss: 0.3946, size_class_loss: 0.1716, size_res_loss: 0.1952, loss: 4.5540, grad_norm: 7.4480
2026-05-28 08:18:34,513 - mmdet - INFO - Epoch [35][1500/1652]	lr: 8.000e-05, eta: 0:09:46, time: 0.323, data_time: 0.024, memory: 9507, vote_loss: 2.3969, objectness_loss: 0.2505, semantic_loss: 0.1666, center_loss: 0.3331, dir_class_loss: 0.6938, dir_res_loss: 0.4680, size_class_loss: 0.1666, size_res_loss: 0.1893, loss: 4.6650, grad_norm: 7.3843
2026-05-28 08:18:50,753 - mmdet - INFO - Epoch [35][1550/1652]	lr: 8.000e-05, eta: 0:09:30, time: 0.325, data_time: 0.025, memory: 9507, vote_loss: 2.3965, objectness_loss: 0.2811, semantic_loss: 0.2165, center_loss: 0.3038, dir_class_loss: 0.6211, dir_res_loss: 0.4076, size_class_loss: 0.2165, size_res_loss: 0.1857, loss: 4.6288, grad_norm: 6.9426
2026-05-28 08:19:07,018 - mmdet - INFO - Epoch [35][1600/1652]	lr: 8.000e-05, eta: 0:09:14, time: 0.325, data_time: 0.025, memory: 9507, vote_loss: 2.3985, objectness_loss: 0.2724, semantic_loss: 0.1782, center_loss: 0.2985, dir_class_loss: 0.6103, dir_res_loss: 0.4530, size_class_loss: 0.1782, size_res_loss: 0.1956, loss: 4.5847, grad_norm: 6.9577
2026-05-28 08:19:23,212 - mmdet - INFO - Epoch [35][1650/1652]	lr: 8.000e-05, eta: 0:08:58, time: 0.324, data_time: 0.024, memory: 9507, vote_loss: 2.4814, objectness_loss: 0.2513, semantic_loss: 0.1872, center_loss: 0.3235, dir_class_loss: 0.6093, dir_res_loss: 0.4731, size_class_loss: 0.1872, size_res_loss: 0.2148, loss: 4.7276, grad_norm: 7.5740
2026-05-28 08:19:23,921 - mmdet - INFO - Saving checkpoint at 35 epochs
2026-05-28 08:19:42,888 - mmdet - INFO - Epoch [36][50/1652]	lr: 8.000e-05, eta: 0:08:41, time: 0.374, data_time: 0.074, memory: 9507, vote_loss: 2.5143, objectness_loss: 0.2689, semantic_loss: 0.1884, center_loss: 0.3074, dir_class_loss: 0.6211, dir_res_loss: 0.4386, size_class_loss: 0.1884, size_res_loss: 0.1950, loss: 4.7222, grad_norm: 7.2651
2026-05-28 08:19:59,060 - mmdet - INFO - Epoch [36][100/1652]	lr: 8.000e-05, eta: 0:08:24, time: 0.323, data_time: 0.024, memory: 9507, vote_loss: 2.4349, objectness_loss: 0.2468, semantic_loss: 0.1911, center_loss: 0.3926, dir_class_loss: 0.6290, dir_res_loss: 0.4036, size_class_loss: 0.1911, size_res_loss: 0.2073, loss: 4.6964, grad_norm: 7.4899
2026-05-28 08:20:15,313 - mmdet - INFO - Epoch [36][150/1652]	lr: 8.000e-05, eta: 0:08:08, time: 0.325, data_time: 0.024, memory: 9507, vote_loss: 2.5171, objectness_loss: 0.2446, semantic_loss: 0.1634, center_loss: 0.3124, dir_class_loss: 0.6871, dir_res_loss: 0.4357, size_class_loss: 0.1634, size_res_loss: 0.2164, loss: 4.7401, grad_norm: 7.4430
2026-05-28 08:20:31,515 - mmdet - INFO - Epoch [36][200/1652]	lr: 8.000e-05, eta: 0:07:52, time: 0.324, data_time: 0.023, memory: 9507, vote_loss: 2.4174, objectness_loss: 0.2524, semantic_loss: 0.2054, center_loss: 0.3087, dir_class_loss: 0.7132, dir_res_loss: 0.4296, size_class_loss: 0.2054, size_res_loss: 0.2093, loss: 4.7413, grad_norm: 7.3007
2026-05-28 08:20:47,688 - mmdet - INFO - Epoch [36][250/1652]	lr: 8.000e-05, eta: 0:07:36, time: 0.323, data_time: 0.024, memory: 9507, vote_loss: 2.4995, objectness_loss: 0.2389, semantic_loss: 0.1825, center_loss: 0.3198, dir_class_loss: 0.5715, dir_res_loss: 0.4028, size_class_loss: 0.1825, size_res_loss: 0.1854, loss: 4.5830, grad_norm: 6.8711
2026-05-28 08:21:03,920 - mmdet - INFO - Epoch [36][300/1652]	lr: 8.000e-05, eta: 0:07:19, time: 0.325, data_time: 0.024, memory: 9507, vote_loss: 2.4551, objectness_loss: 0.2485, semantic_loss: 0.1624, center_loss: 0.3101, dir_class_loss: 0.6574, dir_res_loss: 0.4107, size_class_loss: 0.1624, size_res_loss: 0.2007, loss: 4.6073, grad_norm: 6.8268
2026-05-28 08:21:20,095 - mmdet - INFO - Epoch [36][350/1652]	lr: 8.000e-05, eta: 0:07:03, time: 0.323, data_time: 0.023, memory: 9507, vote_loss: 2.3835, objectness_loss: 0.2512, semantic_loss: 0.1770, center_loss: 0.3133, dir_class_loss: 0.6524, dir_res_loss: 0.4011, size_class_loss: 0.1770, size_res_loss: 0.1889, loss: 4.5443, grad_norm: 6.9965
2026-05-28 08:21:36,186 - mmdet - INFO - Epoch [36][400/1652]	lr: 8.000e-05, eta: 0:06:47, time: 0.322, data_time: 0.023, memory: 9507, vote_loss: 2.3500, objectness_loss: 0.2684, semantic_loss: 0.1938, center_loss: 0.2817, dir_class_loss: 0.6548, dir_res_loss: 0.4529, size_class_loss: 0.1938, size_res_loss: 0.1900, loss: 4.5854, grad_norm: 7.2625
2026-05-28 08:21:52,375 - mmdet - INFO - Epoch [36][450/1652]	lr: 8.000e-05, eta: 0:06:31, time: 0.324, data_time: 0.024, memory: 9507, vote_loss: 2.5709, objectness_loss: 0.2622, semantic_loss: 0.1825, center_loss: 0.3088, dir_class_loss: 0.6038, dir_res_loss: 0.3907, size_class_loss: 0.1825, size_res_loss: 0.2150, loss: 4.7165, grad_norm: 6.7368
2026-05-28 08:22:08,588 - mmdet - INFO - Epoch [36][500/1652]	lr: 8.000e-05, eta: 0:06:14, time: 0.324, data_time: 0.025, memory: 9507, vote_loss: 2.4208, objectness_loss: 0.2574, semantic_loss: 0.1699, center_loss: 0.2792, dir_class_loss: 0.7335, dir_res_loss: 0.4432, size_class_loss: 0.1699, size_res_loss: 0.1741, loss: 4.6479, grad_norm: 6.9379
2026-05-28 08:22:24,810 - mmdet - INFO - Epoch [36][550/1652]	lr: 8.000e-05, eta: 0:05:58, time: 0.324, data_time: 0.025, memory: 9507, vote_loss: 2.3963, objectness_loss: 0.2533, semantic_loss: 0.1907, center_loss: 0.2857, dir_class_loss: 0.6015, dir_res_loss: 0.3963, size_class_loss: 0.1907, size_res_loss: 0.2031, loss: 4.5176, grad_norm: 7.1259
2026-05-28 08:22:41,042 - mmdet - INFO - Epoch [36][600/1652]	lr: 8.000e-05, eta: 0:05:42, time: 0.325, data_time: 0.024, memory: 9507, vote_loss: 2.5476, objectness_loss: 0.2590, semantic_loss: 0.1787, center_loss: 0.3001, dir_class_loss: 0.6468, dir_res_loss: 0.4382, size_class_loss: 0.1787, size_res_loss: 0.2153, loss: 4.7644, grad_norm: 6.9602
2026-05-28 08:22:57,276 - mmdet - INFO - Epoch [36][650/1652]	lr: 8.000e-05, eta: 0:05:25, time: 0.325, data_time: 0.024, memory: 9507, vote_loss: 2.3861, objectness_loss: 0.2467, semantic_loss: 0.1744, center_loss: 0.3130, dir_class_loss: 0.6824, dir_res_loss: 0.4016, size_class_loss: 0.1744, size_res_loss: 0.1878, loss: 4.5665, grad_norm: 6.8717
2026-05-28 08:23:13,460 - mmdet - INFO - Epoch [36][700/1652]	lr: 8.000e-05, eta: 0:05:09, time: 0.324, data_time: 0.024, memory: 9507, vote_loss: 2.4753, objectness_loss: 0.2374, semantic_loss: 0.1737, center_loss: 0.2809, dir_class_loss: 0.6659, dir_res_loss: 0.3743, size_class_loss: 0.1737, size_res_loss: 0.2063, loss: 4.5875, grad_norm: 6.8106
2026-05-28 08:23:29,706 - mmdet - INFO - Epoch [36][750/1652]	lr: 8.000e-05, eta: 0:04:53, time: 0.325, data_time: 0.025, memory: 9507, vote_loss: 2.5170, objectness_loss: 0.2708, semantic_loss: 0.1589, center_loss: 0.3199, dir_class_loss: 0.6827, dir_res_loss: 0.4103, size_class_loss: 0.1589, size_res_loss: 0.2114, loss: 4.7299, grad_norm: 7.2610
2026-05-28 08:23:45,882 - mmdet - INFO - Epoch [36][800/1652]	lr: 8.000e-05, eta: 0:04:37, time: 0.324, data_time: 0.025, memory: 9507, vote_loss: 2.3714, objectness_loss: 0.2520, semantic_loss: 0.1855, center_loss: 0.3013, dir_class_loss: 0.6429, dir_res_loss: 0.4092, size_class_loss: 0.1855, size_res_loss: 0.1957, loss: 4.5436, grad_norm: 7.1694
2026-05-28 08:24:02,109 - mmdet - INFO - Epoch [36][850/1652]	lr: 8.000e-05, eta: 0:04:20, time: 0.325, data_time: 0.024, memory: 9507, vote_loss: 2.3747, objectness_loss: 0.2554, semantic_loss: 0.1694, center_loss: 0.2946, dir_class_loss: 0.5889, dir_res_loss: 0.3634, size_class_loss: 0.1694, size_res_loss: 0.2052, loss: 4.4211, grad_norm: 7.2781
2026-05-28 08:24:18,239 - mmdet - INFO - Epoch [36][900/1652]	lr: 8.000e-05, eta: 0:04:04, time: 0.323, data_time: 0.024, memory: 9507, vote_loss: 2.5277, objectness_loss: 0.2486, semantic_loss: 0.1757, center_loss: 0.3230, dir_class_loss: 0.6653, dir_res_loss: 0.4055, size_class_loss: 0.1757, size_res_loss: 0.2151, loss: 4.7368, grad_norm: 7.3899
2026-05-28 08:24:34,424 - mmdet - INFO - Epoch [36][950/1652]	lr: 8.000e-05, eta: 0:03:48, time: 0.324, data_time: 0.026, memory: 9507, vote_loss: 2.4576, objectness_loss: 0.2505, semantic_loss: 0.1852, center_loss: 0.3024, dir_class_loss: 0.6774, dir_res_loss: 0.4316, size_class_loss: 0.1852, size_res_loss: 0.2090, loss: 4.6990, grad_norm: 7.2135
2026-05-28 08:24:50,552 - mmdet - INFO - Epoch [36][1000/1652]	lr: 8.000e-05, eta: 0:03:32, time: 0.323, data_time: 0.024, memory: 9507, vote_loss: 2.4257, objectness_loss: 0.2452, semantic_loss: 0.1761, center_loss: 0.2999, dir_class_loss: 0.6196, dir_res_loss: 0.3896, size_class_loss: 0.1761, size_res_loss: 0.2119, loss: 4.5440, grad_norm: 7.4236
2026-05-28 08:25:06,845 - mmdet - INFO - Epoch [36][1050/1652]	lr: 8.000e-05, eta: 0:03:15, time: 0.326, data_time: 0.024, memory: 9507, vote_loss: 2.4217, objectness_loss: 0.2346, semantic_loss: 0.1691, center_loss: 0.3382, dir_class_loss: 0.6595, dir_res_loss: 0.3749, size_class_loss: 0.1691, size_res_loss: 0.1882, loss: 4.5552, grad_norm: 6.8630
2026-05-28 08:25:23,060 - mmdet - INFO - Epoch [36][1100/1652]	lr: 8.000e-05, eta: 0:02:59, time: 0.324, data_time: 0.024, memory: 9507, vote_loss: 2.4495, objectness_loss: 0.2566, semantic_loss: 0.1885, center_loss: 0.3190, dir_class_loss: 0.6982, dir_res_loss: 0.4319, size_class_loss: 0.1885, size_res_loss: 0.2063, loss: 4.7383, grad_norm: 7.0728
2026-05-28 08:25:39,295 - mmdet - INFO - Epoch [36][1150/1652]	lr: 8.000e-05, eta: 0:02:43, time: 0.325, data_time: 0.025, memory: 9507, vote_loss: 2.4435, objectness_loss: 0.2458, semantic_loss: 0.1993, center_loss: 0.3051, dir_class_loss: 0.6787, dir_res_loss: 0.3927, size_class_loss: 0.1993, size_res_loss: 0.2027, loss: 4.6671, grad_norm: 6.7970
2026-05-28 08:25:55,507 - mmdet - INFO - Epoch [36][1200/1652]	lr: 8.000e-05, eta: 0:02:27, time: 0.324, data_time: 0.025, memory: 9507, vote_loss: 2.5439, objectness_loss: 0.2586, semantic_loss: 0.1573, center_loss: 0.2967, dir_class_loss: 0.5946, dir_res_loss: 0.3759, size_class_loss: 0.1573, size_res_loss: 0.2276, loss: 4.6120, grad_norm: 7.3979
2026-05-28 08:26:11,789 - mmdet - INFO - Epoch [36][1250/1652]	lr: 8.000e-05, eta: 0:02:10, time: 0.326, data_time: 0.024, memory: 9507, vote_loss: 2.4884, objectness_loss: 0.2576, semantic_loss: 0.2202, center_loss: 0.3117, dir_class_loss: 0.6648, dir_res_loss: 0.4126, size_class_loss: 0.2202, size_res_loss: 0.2160, loss: 4.7916, grad_norm: 7.2763
2026-05-28 08:26:28,042 - mmdet - INFO - Epoch [36][1300/1652]	lr: 8.000e-05, eta: 0:01:54, time: 0.325, data_time: 0.024, memory: 9507, vote_loss: 2.4450, objectness_loss: 0.2614, semantic_loss: 0.1949, center_loss: 0.2896, dir_class_loss: 0.6468, dir_res_loss: 0.4528, size_class_loss: 0.1949, size_res_loss: 0.2047, loss: 4.6902, grad_norm: 6.7151
2026-05-28 08:26:44,212 - mmdet - INFO - Epoch [36][1350/1652]	lr: 8.000e-05, eta: 0:01:38, time: 0.323, data_time: 0.024, memory: 9507, vote_loss: 2.5256, objectness_loss: 0.2406, semantic_loss: 0.1977, center_loss: 0.4087, dir_class_loss: 0.6225, dir_res_loss: 0.4544, size_class_loss: 0.1977, size_res_loss: 0.2117, loss: 4.8589, grad_norm: 7.4884
2026-05-28 08:27:00,390 - mmdet - INFO - Epoch [36][1400/1652]	lr: 8.000e-05, eta: 0:01:21, time: 0.324, data_time: 0.024, memory: 9507, vote_loss: 2.4094, objectness_loss: 0.2517, semantic_loss: 0.1646, center_loss: 0.3130, dir_class_loss: 0.5937, dir_res_loss: 0.4268, size_class_loss: 0.1646, size_res_loss: 0.2082, loss: 4.5318, grad_norm: 6.9738
2026-05-28 08:27:16,561 - mmdet - INFO - Epoch [36][1450/1652]	lr: 8.000e-05, eta: 0:01:05, time: 0.323, data_time: 0.024, memory: 9507, vote_loss: 2.4609, objectness_loss: 0.2530, semantic_loss: 0.1406, center_loss: 0.2890, dir_class_loss: 0.6654, dir_res_loss: 0.4205, size_class_loss: 0.1406, size_res_loss: 0.1955, loss: 4.5654, grad_norm: 6.8996
2026-05-28 08:27:32,908 - mmdet - INFO - Epoch [36][1500/1652]	lr: 8.000e-05, eta: 0:00:49, time: 0.327, data_time: 0.028, memory: 9507, vote_loss: 2.4091, objectness_loss: 0.2646, semantic_loss: 0.1759, center_loss: 0.2967, dir_class_loss: 0.5912, dir_res_loss: 0.3778, size_class_loss: 0.1759, size_res_loss: 0.1907, loss: 4.4819, grad_norm: 6.9719
2026-05-28 08:27:49,083 - mmdet - INFO - Epoch [36][1550/1652]	lr: 8.000e-05, eta: 0:00:33, time: 0.323, data_time: 0.024, memory: 9507, vote_loss: 2.4268, objectness_loss: 0.2404, semantic_loss: 0.2047, center_loss: 0.3082, dir_class_loss: 0.6418, dir_res_loss: 0.4344, size_class_loss: 0.2047, size_res_loss: 0.2143, loss: 4.6755, grad_norm: 6.9180
2026-05-28 08:28:05,231 - mmdet - INFO - Epoch [36][1600/1652]	lr: 8.000e-05, eta: 0:00:16, time: 0.323, data_time: 0.024, memory: 9507, vote_loss: 2.4371, objectness_loss: 0.2456, semantic_loss: 0.1726, center_loss: 0.3292, dir_class_loss: 0.6098, dir_res_loss: 0.3882, size_class_loss: 0.1726, size_res_loss: 0.2182, loss: 4.5733, grad_norm: 7.3980
2026-05-28 08:28:21,470 - mmdet - INFO - Epoch [36][1650/1652]	lr: 8.000e-05, eta: 0:00:00, time: 0.325, data_time: 0.024, memory: 9507, vote_loss: 2.5170, objectness_loss: 0.2966, semantic_loss: 0.1755, center_loss: 0.3132, dir_class_loss: 0.6406, dir_res_loss: 0.4688, size_class_loss: 0.1755, size_res_loss: 0.2064, loss: 4.7936, grad_norm: 7.2111
2026-05-28 08:28:22,193 - mmdet - INFO - Saving checkpoint at 36 epochs
2026-05-28 08:31:49,185 - mmdet - INFO - 
+-------------+---------+---------+---------+---------+
| classes     | AP_0.25 | AR_0.25 | AP_0.50 | AR_0.50 |
+-------------+---------+---------+---------+---------+
| bed         | 0.8942  | 0.9592  | 0.5593  | 0.6913  |
| table       | 0.5452  | 0.8790  | 0.2489  | 0.4813  |
| sofa        | 0.7252  | 0.9346  | 0.5521  | 0.6970  |
| chair       | 0.7953  | 0.8877  | 0.5705  | 0.6825  |
| toilet      | 0.9480  | 0.9793  | 0.6846  | 0.7724  |
| desk        | 0.3432  | 0.8215  | 0.0826  | 0.3518  |
| dresser     | 0.4093  | 0.8028  | 0.2064  | 0.4358  |
| night_stand | 0.6906  | 0.9098  | 0.4352  | 0.6118  |
| bookshelf   | 0.4556  | 0.7695  | 0.1105  | 0.2872  |
| bathtub     | 0.7554  | 0.8367  | 0.4579  | 0.5306  |
+-------------+---------+---------+---------+---------+
| Overall     | 0.6562  | 0.8780  | 0.3908  | 0.5542  |
+-------------+---------+---------+---------+---------+
2026-05-28 08:31:49,598 - mmdet - INFO - Exp name: votenet-ff_16x8_sunrgbd-3d-10class.py
2026-05-28 08:31:49,598 - mmdet - INFO - Epoch(val) [36][5050]	bed_AP_0.25: 0.8942, table_AP_0.25: 0.5452, sofa_AP_0.25: 0.7252, chair_AP_0.25: 0.7953, toilet_AP_0.25: 0.9480, desk_AP_0.25: 0.3432, dresser_AP_0.25: 0.4093, night_stand_AP_0.25: 0.6906, bookshelf_AP_0.25: 0.4556, bathtub_AP_0.25: 0.7554, mAP_0.25: 0.6562, bed_rec_0.25: 0.9592, table_rec_0.25: 0.8790, sofa_rec_0.25: 0.9346, chair_rec_0.25: 0.8877, toilet_rec_0.25: 0.9793, desk_rec_0.25: 0.8215, dresser_rec_0.25: 0.8028, night_stand_rec_0.25: 0.9098, bookshelf_rec_0.25: 0.7695, bathtub_rec_0.25: 0.8367, mAR_0.25: 0.8780, bed_AP_0.50: 0.5593, table_AP_0.50: 0.2489, sofa_AP_0.50: 0.5521, chair_AP_0.50: 0.5705, toilet_AP_0.50: 0.6846, desk_AP_0.50: 0.0826, dresser_AP_0.50: 0.2064, night_stand_AP_0.50: 0.4352, bookshelf_AP_0.50: 0.1105, bathtub_AP_0.50: 0.4579, mAP_0.50: 0.3908, bed_rec_0.50: 0.6913, table_rec_0.50: 0.4813, sofa_rec_0.50: 0.6970, chair_rec_0.50: 0.6825, toilet_rec_0.50: 0.7724, desk_rec_0.50: 0.3518, dresser_rec_0.50: 0.4358, night_stand_rec_0.50: 0.6118, bookshelf_rec_0.50: 0.2872, bathtub_rec_0.50: 0.5306, mAR_0.50: 0.5542
