2026-06-08 09:11:55,925 - mmdet - INFO - Environment info:
------------------------------------------------------------
sys.platform: linux
Python: 3.9.25 (main, Nov  3 2025, 22:33:05) [GCC 11.2.0]
CUDA available: True
GPU 0: NVIDIA L40
CUDA_HOME: /usr/local/cuda-11.8
NVCC: Cuda compilation tools, release 11.8, V11.8.89
GCC: gcc (Ubuntu 11.4.0-1ubuntu1~22.04.3) 11.4.0
PyTorch: 2.0.0+cu118
PyTorch compiling details: PyTorch built with:
  - GCC 9.3
  - C++ Version: 201703
  - Intel(R) oneAPI Math Kernel Library Version 2022.2-Product Build 20220804 for Intel(R) 64 architecture applications
  - Intel(R) MKL-DNN v2.7.3 (Git Hash 6dbeffbae1f23cbbeae17adb7b5b13f1f37c080e)
  - OpenMP 201511 (a.k.a. OpenMP 4.5)
  - LAPACK is enabled (usually provided by MKL)
  - NNPACK is enabled
  - CPU capability usage: AVX2
  - CUDA Runtime 11.8
  - NVCC architecture flags: -gencode;arch=compute_37,code=sm_37;-gencode;arch=compute_50,code=sm_50;-gencode;arch=compute_60,code=sm_60;-gencode;arch=compute_70,code=sm_70;-gencode;arch=compute_75,code=sm_75;-gencode;arch=compute_80,code=sm_80;-gencode;arch=compute_86,code=sm_86;-gencode;arch=compute_90,code=sm_90
  - CuDNN 8.7
  - Magma 2.6.1
  - Build settings: BLAS_INFO=mkl, BUILD_TYPE=Release, CUDA_VERSION=11.8, CUDNN_VERSION=8.7.0, CXX_COMPILER=/opt/rh/devtoolset-9/root/usr/bin/c++, CXX_FLAGS= -D_GLIBCXX_USE_CXX11_ABI=0 -fabi-version=11 -Wno-deprecated -fvisibility-inlines-hidden -DUSE_PTHREADPOOL -DNDEBUG -DUSE_KINETO -DLIBKINETO_NOROCTRACER -DUSE_FBGEMM -DUSE_QNNPACK -DUSE_PYTORCH_QNNPACK -DUSE_XNNPACK -DSYMBOLICATE_MOBILE_DEBUG_HANDLE -O2 -fPIC -Wall -Wextra -Werror=return-type -Werror=non-virtual-dtor -Werror=bool-operation -Wnarrowing -Wno-missing-field-initializers -Wno-type-limits -Wno-array-bounds -Wno-unknown-pragmas -Wunused-local-typedefs -Wno-unused-parameter -Wno-unused-function -Wno-unused-result -Wno-strict-overflow -Wno-strict-aliasing -Wno-error=deprecated-declarations -Wno-stringop-overflow -Wno-psabi -Wno-error=pedantic -Wno-error=redundant-decls -Wno-error=old-style-cast -fdiagnostics-color=always -faligned-new -Wno-unused-but-set-variable -Wno-maybe-uninitialized -fno-math-errno -fno-trapping-math -Werror=format -Werror=cast-function-type -Wno-stringop-overflow, LAPACK_INFO=mkl, PERF_WITH_AVX=1, PERF_WITH_AVX2=1, PERF_WITH_AVX512=1, TORCH_DISABLE_GPU_ASSERTS=ON, TORCH_VERSION=2.0.0, USE_CUDA=ON, USE_CUDNN=ON, USE_EXCEPTION_PTR=1, USE_GFLAGS=OFF, USE_GLOG=OFF, USE_MKL=ON, USE_MKLDNN=ON, USE_MPI=OFF, USE_NCCL=1, USE_NNPACK=ON, USE_OPENMP=ON, USE_ROCM=OFF, 

TorchVision: 0.15.1+cu118
OpenCV: 4.8.1
MMCV: 1.6.0
MMCV Compiler: GCC 11.4
MMCV CUDA Compiler: 11.8
MMDetection: 2.25.1
MMSegmentation: 0.25.0
MMDetection3D: 1.0.0rc3+ffc9f99
spconv2.0: False
------------------------------------------------------------

2026-06-08 09:11:56,962 - mmdet - INFO - Distributed training: False
2026-06-08 09:11:57,752 - mmdet - INFO - Config:
voxel_size = 0.01
model = dict(
    type='TR3DFF3DDetector',
    img_backbone=dict(
        type='ResNet',
        depth=50,
        num_stages=4,
        out_indices=(0, 1, 2, 3),
        frozen_stages=1,
        norm_cfg=dict(type='BN', requires_grad=False),
        norm_eval=True,
        style='caffe'),
    img_neck=dict(
        type='FPN',
        in_channels=[256, 512, 1024, 2048],
        out_channels=256,
        num_outs=5),
    backbone=dict(
        type='MinkFFResNet',
        in_channels=3,
        max_channels=128,
        depth=34,
        norm='batch'),
    neck=dict(
        type='TR3DNeck', in_channels=(64, 128, 128, 128), out_channels=128),
    head=dict(
        type='TR3DHead',
        in_channels=128,
        n_reg_outs=8,
        n_classes=10,
        voxel_size=0.01,
        assigner=dict(
            type='TR3DAssigner',
            top_pts_threshold=6,
            label2level=[1, 1, 1, 0, 0, 1, 0, 0, 1, 0]),
        bbox_loss=dict(type='RotatedIoU3DLoss', mode='diou',
                       reduction='none')),
    voxel_size=0.01,
    train_cfg=dict(),
    test_cfg=dict(nms_pre=1000, iou_thr=0.5, score_thr=0.01))
optimizer = dict(type='AdamW', lr=0.001, weight_decay=0.0001)
optimizer_config = dict(grad_clip=dict(max_norm=10, norm_type=2))
lr_config = dict(policy='step', warmup=None, step=[8, 11])
runner = dict(type='EpochBasedRunner', max_epochs=12)
evaluation = dict(interval=12)
custom_hooks = [dict(type='EmptyCacheHook', after_iter=True)]
checkpoint_config = dict(interval=1, max_keep_ckpts=1)
log_config = dict(interval=50, hooks=[dict(type='TextLoggerHook')])
dist_params = dict(backend='nccl')
log_level = 'INFO'
work_dir = '/home/zero/USER/HEYU/tr3d/work_dirs/NN/DFF/DFF_TR3D_FF_FIG6_Ture_FZ/3'
load_from = '/home/zero/USER/HEYU/MODEL/imvotenet_faster_rcnn_r50_fpn_2x4_sunrgbd-3d-10class_20210819_225618-62eba6ce.pth'
resume_from = None
workflow = [('train', 1)]
dataset_type = 'SUNRGBDDataset'
data_root = '/home/zero/USER/HEYU/DATA/sunrgbd_matlab/'
class_names = ('bed', 'table', 'sofa', 'chair', 'toilet', 'desk', 'dresser',
               'night_stand', 'bookshelf', 'bathtub')
img_norm_cfg = dict(
    mean=[103.53, 116.28, 123.675], std=[1.0, 1.0, 1.0], to_rgb=False)
train_pipeline = [
    dict(
        type='LoadPointsFromFile',
        coord_type='DEPTH',
        shift_height=False,
        use_color=True,
        load_dim=6,
        use_dim=[0, 1, 2, 3, 4, 5]),
    dict(type='LoadImageFromFile'),
    dict(type='LoadAnnotations3D'),
    dict(
        type='Resize',
        img_scale=[(1333, 480), (1333, 504), (1333, 528), (1333, 552),
                   (1333, 576), (1333, 600)],
        multiscale_mode='value',
        keep_ratio=True),
    dict(
        type='Normalize',
        mean=[103.53, 116.28, 123.675],
        std=[1.0, 1.0, 1.0],
        to_rgb=False),
    dict(type='Pad', size_divisor=32),
    dict(
        type='RandomFlip3D',
        sync_2d=False,
        flip_ratio_bev_horizontal=0.5,
        flip_ratio_bev_vertical=0.0),
    dict(
        type='GlobalRotScaleTrans',
        rot_range=[-0.523599, 0.523599],
        scale_ratio_range=[0.85, 1.15],
        translation_std=[0.1, 0.1, 0.1],
        shift_height=False),
    dict(
        type='DefaultFormatBundle3D',
        class_names=('bed', 'table', 'sofa', 'chair', 'toilet', 'desk',
                     'dresser', 'night_stand', 'bookshelf', 'bathtub')),
    dict(
        type='Collect3D',
        keys=['points', 'img', 'gt_bboxes_3d', 'gt_labels_3d'])
]
test_pipeline = [
    dict(
        type='LoadPointsFromFile',
        coord_type='DEPTH',
        shift_height=False,
        use_color=True,
        load_dim=6,
        use_dim=[0, 1, 2, 3, 4, 5]),
    dict(type='LoadImageFromFile'),
    dict(
        type='MultiScaleFlipAug3D',
        img_scale=(1333, 600),
        pts_scale_ratio=1,
        flip=False,
        transforms=[
            dict(type='Resize', multiscale_mode='value', keep_ratio=True),
            dict(
                type='Normalize',
                mean=[103.53, 116.28, 123.675],
                std=[1.0, 1.0, 1.0],
                to_rgb=False),
            dict(type='Pad', size_divisor=32),
            dict(
                type='DefaultFormatBundle3D',
                class_names=('bed', 'table', 'sofa', 'chair', 'toilet', 'desk',
                             'dresser', 'night_stand', 'bookshelf', 'bathtub'),
                with_label=False),
            dict(type='Collect3D', keys=['points', 'img'])
        ])
]
data = dict(
    samples_per_gpu=16,
    workers_per_gpu=4,
    train=dict(
        type='RepeatDataset',
        times=5,
        dataset=dict(
            type='SUNRGBDDataset',
            modality=dict(use_camera=True, use_lidar=True),
            data_root='/home/zero/USER/HEYU/DATA/sunrgbd_matlab/',
            ann_file=
            '/home/zero/USER/HEYU/DATA/sunrgbd_matlab/sunrgbd_infos_train.pkl',
            pipeline=[
                dict(
                    type='LoadPointsFromFile',
                    coord_type='DEPTH',
                    shift_height=False,
                    use_color=True,
                    load_dim=6,
                    use_dim=[0, 1, 2, 3, 4, 5]),
                dict(type='LoadImageFromFile'),
                dict(type='LoadAnnotations3D'),
                dict(
                    type='Resize',
                    img_scale=[(1333, 480), (1333, 504), (1333, 528),
                               (1333, 552), (1333, 576), (1333, 600)],
                    multiscale_mode='value',
                    keep_ratio=True),
                dict(
                    type='Normalize',
                    mean=[103.53, 116.28, 123.675],
                    std=[1.0, 1.0, 1.0],
                    to_rgb=False),
                dict(type='Pad', size_divisor=32),
                dict(
                    type='RandomFlip3D',
                    sync_2d=False,
                    flip_ratio_bev_horizontal=0.5,
                    flip_ratio_bev_vertical=0.0),
                dict(
                    type='GlobalRotScaleTrans',
                    rot_range=[-0.523599, 0.523599],
                    scale_ratio_range=[0.85, 1.15],
                    translation_std=[0.1, 0.1, 0.1],
                    shift_height=False),
                dict(
                    type='DefaultFormatBundle3D',
                    class_names=('bed', 'table', 'sofa', 'chair', 'toilet',
                                 'desk', 'dresser', 'night_stand', 'bookshelf',
                                 'bathtub')),
                dict(
                    type='Collect3D',
                    keys=['points', 'img', 'gt_bboxes_3d', 'gt_labels_3d'])
            ],
            filter_empty_gt=False,
            classes=('bed', 'table', 'sofa', 'chair', 'toilet', 'desk',
                     'dresser', 'night_stand', 'bookshelf', 'bathtub'),
            box_type_3d='Depth')),
    val=dict(
        type='SUNRGBDDataset',
        modality=dict(use_camera=True, use_lidar=True),
        data_root='/home/zero/USER/HEYU/DATA/sunrgbd_matlab/',
        ann_file=
        '/home/zero/USER/HEYU/DATA/sunrgbd_matlab/sunrgbd_infos_val.pkl',
        pipeline=[
            dict(
                type='LoadPointsFromFile',
                coord_type='DEPTH',
                shift_height=False,
                use_color=True,
                load_dim=6,
                use_dim=[0, 1, 2, 3, 4, 5]),
            dict(type='LoadImageFromFile'),
            dict(
                type='MultiScaleFlipAug3D',
                img_scale=(1333, 600),
                pts_scale_ratio=1,
                flip=False,
                transforms=[
                    dict(
                        type='Resize',
                        multiscale_mode='value',
                        keep_ratio=True),
                    dict(
                        type='Normalize',
                        mean=[103.53, 116.28, 123.675],
                        std=[1.0, 1.0, 1.0],
                        to_rgb=False),
                    dict(type='Pad', size_divisor=32),
                    dict(
                        type='DefaultFormatBundle3D',
                        class_names=('bed', 'table', 'sofa', 'chair', 'toilet',
                                     'desk', 'dresser', 'night_stand',
                                     'bookshelf', 'bathtub'),
                        with_label=False),
                    dict(type='Collect3D', keys=['points', 'img'])
                ])
        ],
        classes=('bed', 'table', 'sofa', 'chair', 'toilet', 'desk', 'dresser',
                 'night_stand', 'bookshelf', 'bathtub'),
        test_mode=True,
        box_type_3d='Depth'),
    test=dict(
        type='SUNRGBDDataset',
        modality=dict(use_camera=True, use_lidar=True),
        data_root='/home/zero/USER/HEYU/DATA/sunrgbd_matlab/',
        ann_file=
        '/home/zero/USER/HEYU/DATA/sunrgbd_matlab/sunrgbd_infos_val.pkl',
        pipeline=[
            dict(
                type='LoadPointsFromFile',
                coord_type='DEPTH',
                shift_height=False,
                use_color=True,
                load_dim=6,
                use_dim=[0, 1, 2, 3, 4, 5]),
            dict(type='LoadImageFromFile'),
            dict(
                type='MultiScaleFlipAug3D',
                img_scale=(1333, 600),
                pts_scale_ratio=1,
                flip=False,
                transforms=[
                    dict(
                        type='Resize',
                        multiscale_mode='value',
                        keep_ratio=True),
                    dict(
                        type='Normalize',
                        mean=[103.53, 116.28, 123.675],
                        std=[1.0, 1.0, 1.0],
                        to_rgb=False),
                    dict(type='Pad', size_divisor=32),
                    dict(
                        type='DefaultFormatBundle3D',
                        class_names=('bed', 'table', 'sofa', 'chair', 'toilet',
                                     'desk', 'dresser', 'night_stand',
                                     'bookshelf', 'bathtub'),
                        with_label=False),
                    dict(type='Collect3D', keys=['points', 'img'])
                ])
        ],
        classes=('bed', 'table', 'sofa', 'chair', 'toilet', 'desk', 'dresser',
                 'night_stand', 'bookshelf', 'bathtub'),
        test_mode=True,
        box_type_3d='Depth'))
gpu_ids = [0]

2026-06-08 09:11:57,753 - mmdet - INFO - Set random seed to 0, deterministic: False
2026-06-08 09:11:58,008 - mmdet - INFO - Model:
TR3DFF3DDetector(
  (img_backbone): ResNet(
    (conv1): Conv2d(3, 64, kernel_size=(7, 7), stride=(2, 2), padding=(3, 3), bias=False)
    (bn1): BatchNorm2d(64, eps=1e-05, momentum=0.1, affine=True, track_running_stats=True)
    (relu): ReLU(inplace=True)
    (maxpool): MaxPool2d(kernel_size=3, stride=2, padding=1, dilation=1, ceil_mode=False)
    (layer1): ResLayer(
      (0): Bottleneck(
        (conv1): Conv2d(64, 64, kernel_size=(1, 1), stride=(1, 1), bias=False)
        (bn1): BatchNorm2d(64, eps=1e-05, momentum=0.1, affine=True, track_running_stats=True)
        (conv2): Conv2d(64, 64, kernel_size=(3, 3), stride=(1, 1), padding=(1, 1), bias=False)
        (bn2): BatchNorm2d(64, eps=1e-05, momentum=0.1, affine=True, track_running_stats=True)
        (conv3): Conv2d(64, 256, kernel_size=(1, 1), stride=(1, 1), bias=False)
        (bn3): BatchNorm2d(256, eps=1e-05, momentum=0.1, affine=True, track_running_stats=True)
        (relu): ReLU(inplace=True)
        (downsample): Sequential(
          (0): Conv2d(64, 256, kernel_size=(1, 1), stride=(1, 1), bias=False)
          (1): BatchNorm2d(256, eps=1e-05, momentum=0.1, affine=True, track_running_stats=True)
        )
      )
      init_cfg={'type': 'Constant', 'val': 0, 'override': {'name': 'norm3'}}
      (1): Bottleneck(
        (conv1): Conv2d(256, 64, kernel_size=(1, 1), stride=(1, 1), bias=False)
        (bn1): BatchNorm2d(64, eps=1e-05, momentum=0.1, affine=True, track_running_stats=True)
        (conv2): Conv2d(64, 64, kernel_size=(3, 3), stride=(1, 1), padding=(1, 1), bias=False)
        (bn2): BatchNorm2d(64, eps=1e-05, momentum=0.1, affine=True, track_running_stats=True)
        (conv3): Conv2d(64, 256, kernel_size=(1, 1), stride=(1, 1), bias=False)
        (bn3): BatchNorm2d(256, eps=1e-05, momentum=0.1, affine=True, track_running_stats=True)
        (relu): ReLU(inplace=True)
      )
      init_cfg={'type': 'Constant', 'val': 0, 'override': {'name': 'norm3'}}
      (2): Bottleneck(
        (conv1): Conv2d(256, 64, kernel_size=(1, 1), stride=(1, 1), bias=False)
        (bn1): BatchNorm2d(64, eps=1e-05, momentum=0.1, affine=True, track_running_stats=True)
        (conv2): Conv2d(64, 64, kernel_size=(3, 3), stride=(1, 1), padding=(1, 1), bias=False)
        (bn2): BatchNorm2d(64, eps=1e-05, momentum=0.1, affine=True, track_running_stats=True)
        (conv3): Conv2d(64, 256, kernel_size=(1, 1), stride=(1, 1), bias=False)
        (bn3): BatchNorm2d(256, eps=1e-05, momentum=0.1, affine=True, track_running_stats=True)
        (relu): ReLU(inplace=True)
      )
      init_cfg={'type': 'Constant', 'val': 0, 'override': {'name': 'norm3'}}
    )
    (layer2): ResLayer(
      (0): Bottleneck(
        (conv1): Conv2d(256, 128, kernel_size=(1, 1), stride=(2, 2), bias=False)
        (bn1): BatchNorm2d(128, eps=1e-05, momentum=0.1, affine=True, track_running_stats=True)
        (conv2): Conv2d(128, 128, kernel_size=(3, 3), stride=(1, 1), padding=(1, 1), bias=False)
        (bn2): BatchNorm2d(128, eps=1e-05, momentum=0.1, affine=True, track_running_stats=True)
        (conv3): Conv2d(128, 512, kernel_size=(1, 1), stride=(1, 1), bias=False)
        (bn3): BatchNorm2d(512, eps=1e-05, momentum=0.1, affine=True, track_running_stats=True)
        (relu): ReLU(inplace=True)
        (downsample): Sequential(
          (0): Conv2d(256, 512, kernel_size=(1, 1), stride=(2, 2), bias=False)
          (1): BatchNorm2d(512, eps=1e-05, momentum=0.1, affine=True, track_running_stats=True)
        )
      )
      init_cfg={'type': 'Constant', 'val': 0, 'override': {'name': 'norm3'}}
      (1): Bottleneck(
        (conv1): Conv2d(512, 128, kernel_size=(1, 1), stride=(1, 1), bias=False)
        (bn1): BatchNorm2d(128, eps=1e-05, momentum=0.1, affine=True, track_running_stats=True)
        (conv2): Conv2d(128, 128, kernel_size=(3, 3), stride=(1, 1), padding=(1, 1), bias=False)
        (bn2): BatchNorm2d(128, eps=1e-05, momentum=0.1, affine=True, track_running_stats=True)
        (conv3): Conv2d(128, 512, kernel_size=(1, 1), stride=(1, 1), bias=False)
        (bn3): BatchNorm2d(512, eps=1e-05, momentum=0.1, affine=True, track_running_stats=True)
        (relu): ReLU(inplace=True)
      )
      init_cfg={'type': 'Constant', 'val': 0, 'override': {'name': 'norm3'}}
      (2): Bottleneck(
        (conv1): Conv2d(512, 128, kernel_size=(1, 1), stride=(1, 1), bias=False)
        (bn1): BatchNorm2d(128, eps=1e-05, momentum=0.1, affine=True, track_running_stats=True)
        (conv2): Conv2d(128, 128, kernel_size=(3, 3), stride=(1, 1), padding=(1, 1), bias=False)
        (bn2): BatchNorm2d(128, eps=1e-05, momentum=0.1, affine=True, track_running_stats=True)
        (conv3): Conv2d(128, 512, kernel_size=(1, 1), stride=(1, 1), bias=False)
        (bn3): BatchNorm2d(512, eps=1e-05, momentum=0.1, affine=True, track_running_stats=True)
        (relu): ReLU(inplace=True)
      )
      init_cfg={'type': 'Constant', 'val': 0, 'override': {'name': 'norm3'}}
      (3): Bottleneck(
        (conv1): Conv2d(512, 128, kernel_size=(1, 1), stride=(1, 1), bias=False)
        (bn1): BatchNorm2d(128, eps=1e-05, momentum=0.1, affine=True, track_running_stats=True)
        (conv2): Conv2d(128, 128, kernel_size=(3, 3), stride=(1, 1), padding=(1, 1), bias=False)
        (bn2): BatchNorm2d(128, eps=1e-05, momentum=0.1, affine=True, track_running_stats=True)
        (conv3): Conv2d(128, 512, kernel_size=(1, 1), stride=(1, 1), bias=False)
        (bn3): BatchNorm2d(512, eps=1e-05, momentum=0.1, affine=True, track_running_stats=True)
        (relu): ReLU(inplace=True)
      )
      init_cfg={'type': 'Constant', 'val': 0, 'override': {'name': 'norm3'}}
    )
    (layer3): ResLayer(
      (0): Bottleneck(
        (conv1): Conv2d(512, 256, kernel_size=(1, 1), stride=(2, 2), bias=False)
        (bn1): BatchNorm2d(256, eps=1e-05, momentum=0.1, affine=True, track_running_stats=True)
        (conv2): Conv2d(256, 256, kernel_size=(3, 3), stride=(1, 1), padding=(1, 1), bias=False)
        (bn2): BatchNorm2d(256, eps=1e-05, momentum=0.1, affine=True, track_running_stats=True)
        (conv3): Conv2d(256, 1024, kernel_size=(1, 1), stride=(1, 1), bias=False)
        (bn3): BatchNorm2d(1024, eps=1e-05, momentum=0.1, affine=True, track_running_stats=True)
        (relu): ReLU(inplace=True)
        (downsample): Sequential(
          (0): Conv2d(512, 1024, kernel_size=(1, 1), stride=(2, 2), bias=False)
          (1): BatchNorm2d(1024, eps=1e-05, momentum=0.1, affine=True, track_running_stats=True)
        )
      )
      init_cfg={'type': 'Constant', 'val': 0, 'override': {'name': 'norm3'}}
      (1): Bottleneck(
        (conv1): Conv2d(1024, 256, kernel_size=(1, 1), stride=(1, 1), bias=False)
        (bn1): BatchNorm2d(256, eps=1e-05, momentum=0.1, affine=True, track_running_stats=True)
        (conv2): Conv2d(256, 256, kernel_size=(3, 3), stride=(1, 1), padding=(1, 1), bias=False)
        (bn2): BatchNorm2d(256, eps=1e-05, momentum=0.1, affine=True, track_running_stats=True)
        (conv3): Conv2d(256, 1024, kernel_size=(1, 1), stride=(1, 1), bias=False)
        (bn3): BatchNorm2d(1024, eps=1e-05, momentum=0.1, affine=True, track_running_stats=True)
        (relu): ReLU(inplace=True)
      )
      init_cfg={'type': 'Constant', 'val': 0, 'override': {'name': 'norm3'}}
      (2): Bottleneck(
        (conv1): Conv2d(1024, 256, kernel_size=(1, 1), stride=(1, 1), bias=False)
        (bn1): BatchNorm2d(256, eps=1e-05, momentum=0.1, affine=True, track_running_stats=True)
        (conv2): Conv2d(256, 256, kernel_size=(3, 3), stride=(1, 1), padding=(1, 1), bias=False)
        (bn2): BatchNorm2d(256, eps=1e-05, momentum=0.1, affine=True, track_running_stats=True)
        (conv3): Conv2d(256, 1024, kernel_size=(1, 1), stride=(1, 1), bias=False)
        (bn3): BatchNorm2d(1024, eps=1e-05, momentum=0.1, affine=True, track_running_stats=True)
        (relu): ReLU(inplace=True)
      )
      init_cfg={'type': 'Constant', 'val': 0, 'override': {'name': 'norm3'}}
      (3): Bottleneck(
        (conv1): Conv2d(1024, 256, kernel_size=(1, 1), stride=(1, 1), bias=False)
        (bn1): BatchNorm2d(256, eps=1e-05, momentum=0.1, affine=True, track_running_stats=True)
        (conv2): Conv2d(256, 256, kernel_size=(3, 3), stride=(1, 1), padding=(1, 1), bias=False)
        (bn2): BatchNorm2d(256, eps=1e-05, momentum=0.1, affine=True, track_running_stats=True)
        (conv3): Conv2d(256, 1024, kernel_size=(1, 1), stride=(1, 1), bias=False)
        (bn3): BatchNorm2d(1024, eps=1e-05, momentum=0.1, affine=True, track_running_stats=True)
        (relu): ReLU(inplace=True)
      )
      init_cfg={'type': 'Constant', 'val': 0, 'override': {'name': 'norm3'}}
      (4): Bottleneck(
        (conv1): Conv2d(1024, 256, kernel_size=(1, 1), stride=(1, 1), bias=False)
        (bn1): BatchNorm2d(256, eps=1e-05, momentum=0.1, affine=True, track_running_stats=True)
        (conv2): Conv2d(256, 256, kernel_size=(3, 3), stride=(1, 1), padding=(1, 1), bias=False)
        (bn2): BatchNorm2d(256, eps=1e-05, momentum=0.1, affine=True, track_running_stats=True)
        (conv3): Conv2d(256, 1024, kernel_size=(1, 1), stride=(1, 1), bias=False)
        (bn3): BatchNorm2d(1024, eps=1e-05, momentum=0.1, affine=True, track_running_stats=True)
        (relu): ReLU(inplace=True)
      )
      init_cfg={'type': 'Constant', 'val': 0, 'override': {'name': 'norm3'}}
      (5): Bottleneck(
        (conv1): Conv2d(1024, 256, kernel_size=(1, 1), stride=(1, 1), bias=False)
        (bn1): BatchNorm2d(256, eps=1e-05, momentum=0.1, affine=True, track_running_stats=True)
        (conv2): Conv2d(256, 256, kernel_size=(3, 3), stride=(1, 1), padding=(1, 1), bias=False)
        (bn2): BatchNorm2d(256, eps=1e-05, momentum=0.1, affine=True, track_running_stats=True)
        (conv3): Conv2d(256, 1024, kernel_size=(1, 1), stride=(1, 1), bias=False)
        (bn3): BatchNorm2d(1024, eps=1e-05, momentum=0.1, affine=True, track_running_stats=True)
        (relu): ReLU(inplace=True)
      )
      init_cfg={'type': 'Constant', 'val': 0, 'override': {'name': 'norm3'}}
    )
    (layer4): ResLayer(
      (0): Bottleneck(
        (conv1): Conv2d(1024, 512, kernel_size=(1, 1), stride=(2, 2), bias=False)
        (bn1): BatchNorm2d(512, eps=1e-05, momentum=0.1, affine=True, track_running_stats=True)
        (conv2): Conv2d(512, 512, kernel_size=(3, 3), stride=(1, 1), padding=(1, 1), bias=False)
        (bn2): BatchNorm2d(512, eps=1e-05, momentum=0.1, affine=True, track_running_stats=True)
        (conv3): Conv2d(512, 2048, kernel_size=(1, 1), stride=(1, 1), bias=False)
        (bn3): BatchNorm2d(2048, eps=1e-05, momentum=0.1, affine=True, track_running_stats=True)
        (relu): ReLU(inplace=True)
        (downsample): Sequential(
          (0): Conv2d(1024, 2048, kernel_size=(1, 1), stride=(2, 2), bias=False)
          (1): BatchNorm2d(2048, eps=1e-05, momentum=0.1, affine=True, track_running_stats=True)
        )
      )
      init_cfg={'type': 'Constant', 'val': 0, 'override': {'name': 'norm3'}}
      (1): Bottleneck(
        (conv1): Conv2d(2048, 512, kernel_size=(1, 1), stride=(1, 1), bias=False)
        (bn1): BatchNorm2d(512, eps=1e-05, momentum=0.1, affine=True, track_running_stats=True)
        (conv2): Conv2d(512, 512, kernel_size=(3, 3), stride=(1, 1), padding=(1, 1), bias=False)
        (bn2): BatchNorm2d(512, eps=1e-05, momentum=0.1, affine=True, track_running_stats=True)
        (conv3): Conv2d(512, 2048, kernel_size=(1, 1), stride=(1, 1), bias=False)
        (bn3): BatchNorm2d(2048, eps=1e-05, momentum=0.1, affine=True, track_running_stats=True)
        (relu): ReLU(inplace=True)
      )
      init_cfg={'type': 'Constant', 'val': 0, 'override': {'name': 'norm3'}}
      (2): Bottleneck(
        (conv1): Conv2d(2048, 512, kernel_size=(1, 1), stride=(1, 1), bias=False)
        (bn1): BatchNorm2d(512, eps=1e-05, momentum=0.1, affine=True, track_running_stats=True)
        (conv2): Conv2d(512, 512, kernel_size=(3, 3), stride=(1, 1), padding=(1, 1), bias=False)
        (bn2): BatchNorm2d(512, eps=1e-05, momentum=0.1, affine=True, track_running_stats=True)
        (conv3): Conv2d(512, 2048, kernel_size=(1, 1), stride=(1, 1), bias=False)
        (bn3): BatchNorm2d(2048, eps=1e-05, momentum=0.1, affine=True, track_running_stats=True)
        (relu): ReLU(inplace=True)
      )
      init_cfg={'type': 'Constant', 'val': 0, 'override': {'name': 'norm3'}}
    )
  )
  init_cfg=[{'type': 'Kaiming', 'layer': 'Conv2d'}, {'type': 'Constant', 'val': 1, 'layer': ['_BatchNorm', 'GroupNorm']}]
  (img_neck): FPN(
    (lateral_convs): ModuleList(
      (0): ConvModule(
        (conv): Conv2d(256, 256, kernel_size=(1, 1), stride=(1, 1))
      )
      (1): ConvModule(
        (conv): Conv2d(512, 256, kernel_size=(1, 1), stride=(1, 1))
      )
      (2): ConvModule(
        (conv): Conv2d(1024, 256, kernel_size=(1, 1), stride=(1, 1))
      )
      (3): ConvModule(
        (conv): Conv2d(2048, 256, kernel_size=(1, 1), stride=(1, 1))
      )
    )
    (fpn_convs): ModuleList(
      (0-3): 4 x ConvModule(
        (conv): Conv2d(256, 256, kernel_size=(3, 3), stride=(1, 1), padding=(1, 1))
      )
    )
  )
  init_cfg={'type': 'Xavier', 'layer': 'Conv2d', 'distribution': 'uniform'}
  (backbone): MinkFFResNet(
    (conv1): MinkowskiConvolution(in=3, out=64, kernel_size=[3, 3, 3], stride=[2, 2, 2], dilation=[1, 1, 1])
    (norm1): MinkowskiBatchNorm(64, eps=1e-05, momentum=0.1, affine=True, track_running_stats=True)
    (relu): MinkowskiReLU()
    (maxpool): MinkowskiMaxPooling(kernel_size=[2, 2, 2], stride=[2, 2, 2], dilation=[1, 1, 1])
    (layer1): Sequential(
      (0): BasicBlock(
        (conv1): MinkowskiConvolution(in=64, out=64, kernel_size=[3, 3, 3], stride=[2, 2, 2], dilation=[1, 1, 1])
        (norm1): MinkowskiBatchNorm(64, eps=1e-05, momentum=0.1, affine=True, track_running_stats=True)
        (conv2): MinkowskiConvolution(in=64, out=64, kernel_size=[3, 3, 3], stride=[1, 1, 1], dilation=[1, 1, 1])
        (norm2): MinkowskiBatchNorm(64, eps=1e-05, momentum=0.1, affine=True, track_running_stats=True)
        (relu): MinkowskiReLU()
        (downsample): Sequential(
          (0): MinkowskiConvolution(in=64, out=64, kernel_size=[1, 1, 1], stride=[2, 2, 2], dilation=[1, 1, 1])
          (1): MinkowskiBatchNorm(64, eps=1e-05, momentum=0.1, affine=True, track_running_stats=True)
        )
      )
      (1): BasicBlock(
        (conv1): MinkowskiConvolution(in=64, out=64, kernel_size=[3, 3, 3], stride=[1, 1, 1], dilation=[1, 1, 1])
        (norm1): MinkowskiBatchNorm(64, eps=1e-05, momentum=0.1, affine=True, track_running_stats=True)
        (conv2): MinkowskiConvolution(in=64, out=64, kernel_size=[3, 3, 3], stride=[1, 1, 1], dilation=[1, 1, 1])
        (norm2): MinkowskiBatchNorm(64, eps=1e-05, momentum=0.1, affine=True, track_running_stats=True)
        (relu): MinkowskiReLU()
      )
      (2): BasicBlock(
        (conv1): MinkowskiConvolution(in=64, out=64, kernel_size=[3, 3, 3], stride=[1, 1, 1], dilation=[1, 1, 1])
        (norm1): MinkowskiBatchNorm(64, eps=1e-05, momentum=0.1, affine=True, track_running_stats=True)
        (conv2): MinkowskiConvolution(in=64, out=64, kernel_size=[3, 3, 3], stride=[1, 1, 1], dilation=[1, 1, 1])
        (norm2): MinkowskiBatchNorm(64, eps=1e-05, momentum=0.1, affine=True, track_running_stats=True)
        (relu): MinkowskiReLU()
      )
    )
    (layer2): Sequential(
      (0): BasicBlock(
        (conv1): MinkowskiConvolution(in=64, out=128, kernel_size=[3, 3, 3], stride=[2, 2, 2], dilation=[1, 1, 1])
        (norm1): MinkowskiBatchNorm(128, eps=1e-05, momentum=0.1, affine=True, track_running_stats=True)
        (conv2): MinkowskiConvolution(in=128, out=128, kernel_size=[3, 3, 3], stride=[1, 1, 1], dilation=[1, 1, 1])
        (norm2): MinkowskiBatchNorm(128, eps=1e-05, momentum=0.1, affine=True, track_running_stats=True)
        (relu): MinkowskiReLU()
        (downsample): Sequential(
          (0): MinkowskiConvolution(in=64, out=128, kernel_size=[1, 1, 1], stride=[2, 2, 2], dilation=[1, 1, 1])
          (1): MinkowskiBatchNorm(128, eps=1e-05, momentum=0.1, affine=True, track_running_stats=True)
        )
      )
      (1): BasicBlock(
        (conv1): MinkowskiConvolution(in=128, out=128, kernel_size=[3, 3, 3], stride=[1, 1, 1], dilation=[1, 1, 1])
        (norm1): MinkowskiBatchNorm(128, eps=1e-05, momentum=0.1, affine=True, track_running_stats=True)
        (conv2): MinkowskiConvolution(in=128, out=128, kernel_size=[3, 3, 3], stride=[1, 1, 1], dilation=[1, 1, 1])
        (norm2): MinkowskiBatchNorm(128, eps=1e-05, momentum=0.1, affine=True, track_running_stats=True)
        (relu): MinkowskiReLU()
      )
      (2): BasicBlock(
        (conv1): MinkowskiConvolution(in=128, out=128, kernel_size=[3, 3, 3], stride=[1, 1, 1], dilation=[1, 1, 1])
        (norm1): MinkowskiBatchNorm(128, eps=1e-05, momentum=0.1, affine=True, track_running_stats=True)
        (conv2): MinkowskiConvolution(in=128, out=128, kernel_size=[3, 3, 3], stride=[1, 1, 1], dilation=[1, 1, 1])
        (norm2): MinkowskiBatchNorm(128, eps=1e-05, momentum=0.1, affine=True, track_running_stats=True)
        (relu): MinkowskiReLU()
      )
      (3): BasicBlock(
        (conv1): MinkowskiConvolution(in=128, out=128, kernel_size=[3, 3, 3], stride=[1, 1, 1], dilation=[1, 1, 1])
        (norm1): MinkowskiBatchNorm(128, eps=1e-05, momentum=0.1, affine=True, track_running_stats=True)
        (conv2): MinkowskiConvolution(in=128, out=128, kernel_size=[3, 3, 3], stride=[1, 1, 1], dilation=[1, 1, 1])
        (norm2): MinkowskiBatchNorm(128, eps=1e-05, momentum=0.1, affine=True, track_running_stats=True)
        (relu): MinkowskiReLU()
      )
    )
    (layer3): Sequential(
      (0): BasicBlock(
        (conv1): MinkowskiConvolution(in=128, out=128, kernel_size=[3, 3, 3], stride=[2, 2, 2], dilation=[1, 1, 1])
        (norm1): MinkowskiBatchNorm(128, eps=1e-05, momentum=0.1, affine=True, track_running_stats=True)
        (conv2): MinkowskiConvolution(in=128, out=128, kernel_size=[3, 3, 3], stride=[1, 1, 1], dilation=[1, 1, 1])
        (norm2): MinkowskiBatchNorm(128, eps=1e-05, momentum=0.1, affine=True, track_running_stats=True)
        (relu): MinkowskiReLU()
        (downsample): Sequential(
          (0): MinkowskiConvolution(in=128, out=128, kernel_size=[1, 1, 1], stride=[2, 2, 2], dilation=[1, 1, 1])
          (1): MinkowskiBatchNorm(128, eps=1e-05, momentum=0.1, affine=True, track_running_stats=True)
        )
      )
      (1): BasicBlock(
        (conv1): MinkowskiConvolution(in=128, out=128, kernel_size=[3, 3, 3], stride=[1, 1, 1], dilation=[1, 1, 1])
        (norm1): MinkowskiBatchNorm(128, eps=1e-05, momentum=0.1, affine=True, track_running_stats=True)
        (conv2): MinkowskiConvolution(in=128, out=128, kernel_size=[3, 3, 3], stride=[1, 1, 1], dilation=[1, 1, 1])
        (norm2): MinkowskiBatchNorm(128, eps=1e-05, momentum=0.1, affine=True, track_running_stats=True)
        (relu): MinkowskiReLU()
      )
      (2): BasicBlock(
        (conv1): MinkowskiConvolution(in=128, out=128, kernel_size=[3, 3, 3], stride=[1, 1, 1], dilation=[1, 1, 1])
        (norm1): MinkowskiBatchNorm(128, eps=1e-05, momentum=0.1, affine=True, track_running_stats=True)
        (conv2): MinkowskiConvolution(in=128, out=128, kernel_size=[3, 3, 3], stride=[1, 1, 1], dilation=[1, 1, 1])
        (norm2): MinkowskiBatchNorm(128, eps=1e-05, momentum=0.1, affine=True, track_running_stats=True)
        (relu): MinkowskiReLU()
      )
      (3): BasicBlock(
        (conv1): MinkowskiConvolution(in=128, out=128, kernel_size=[3, 3, 3], stride=[1, 1, 1], dilation=[1, 1, 1])
        (norm1): MinkowskiBatchNorm(128, eps=1e-05, momentum=0.1, affine=True, track_running_stats=True)
        (conv2): MinkowskiConvolution(in=128, out=128, kernel_size=[3, 3, 3], stride=[1, 1, 1], dilation=[1, 1, 1])
        (norm2): MinkowskiBatchNorm(128, eps=1e-05, momentum=0.1, affine=True, track_running_stats=True)
        (relu): MinkowskiReLU()
      )
      (4): BasicBlock(
        (conv1): MinkowskiConvolution(in=128, out=128, kernel_size=[3, 3, 3], stride=[1, 1, 1], dilation=[1, 1, 1])
        (norm1): MinkowskiBatchNorm(128, eps=1e-05, momentum=0.1, affine=True, track_running_stats=True)
        (conv2): MinkowskiConvolution(in=128, out=128, kernel_size=[3, 3, 3], stride=[1, 1, 1], dilation=[1, 1, 1])
        (norm2): MinkowskiBatchNorm(128, eps=1e-05, momentum=0.1, affine=True, track_running_stats=True)
        (relu): MinkowskiReLU()
      )
      (5): BasicBlock(
        (conv1): MinkowskiConvolution(in=128, out=128, kernel_size=[3, 3, 3], stride=[1, 1, 1], dilation=[1, 1, 1])
        (norm1): MinkowskiBatchNorm(128, eps=1e-05, momentum=0.1, affine=True, track_running_stats=True)
        (conv2): MinkowskiConvolution(in=128, out=128, kernel_size=[3, 3, 3], stride=[1, 1, 1], dilation=[1, 1, 1])
        (norm2): MinkowskiBatchNorm(128, eps=1e-05, momentum=0.1, affine=True, track_running_stats=True)
        (relu): MinkowskiReLU()
      )
    )
    (layer4): Sequential(
      (0): BasicBlock(
        (conv1): MinkowskiConvolution(in=128, out=128, kernel_size=[3, 3, 3], stride=[2, 2, 2], dilation=[1, 1, 1])
        (norm1): MinkowskiBatchNorm(128, eps=1e-05, momentum=0.1, affine=True, track_running_stats=True)
        (conv2): MinkowskiConvolution(in=128, out=128, kernel_size=[3, 3, 3], stride=[1, 1, 1], dilation=[1, 1, 1])
        (norm2): MinkowskiBatchNorm(128, eps=1e-05, momentum=0.1, affine=True, track_running_stats=True)
        (relu): MinkowskiReLU()
        (downsample): Sequential(
          (0): MinkowskiConvolution(in=128, out=128, kernel_size=[1, 1, 1], stride=[2, 2, 2], dilation=[1, 1, 1])
          (1): MinkowskiBatchNorm(128, eps=1e-05, momentum=0.1, affine=True, track_running_stats=True)
        )
      )
      (1): BasicBlock(
        (conv1): MinkowskiConvolution(in=128, out=128, kernel_size=[3, 3, 3], stride=[1, 1, 1], dilation=[1, 1, 1])
        (norm1): MinkowskiBatchNorm(128, eps=1e-05, momentum=0.1, affine=True, track_running_stats=True)
        (conv2): MinkowskiConvolution(in=128, out=128, kernel_size=[3, 3, 3], stride=[1, 1, 1], dilation=[1, 1, 1])
        (norm2): MinkowskiBatchNorm(128, eps=1e-05, momentum=0.1, affine=True, track_running_stats=True)
        (relu): MinkowskiReLU()
      )
      (2): BasicBlock(
        (conv1): MinkowskiConvolution(in=128, out=128, kernel_size=[3, 3, 3], stride=[1, 1, 1], dilation=[1, 1, 1])
        (norm1): MinkowskiBatchNorm(128, eps=1e-05, momentum=0.1, affine=True, track_running_stats=True)
        (conv2): MinkowskiConvolution(in=128, out=128, kernel_size=[3, 3, 3], stride=[1, 1, 1], dilation=[1, 1, 1])
        (norm2): MinkowskiBatchNorm(128, eps=1e-05, momentum=0.1, affine=True, track_running_stats=True)
        (relu): MinkowskiReLU()
      )
    )
  )
  (neck): TR3DNeck(
    (lateral_block_0): Sequential(
      (0): MinkowskiConvolution(in=128, out=128, kernel_size=[3, 3, 3], stride=[1, 1, 1], dilation=[1, 1, 1])
      (1): MinkowskiBatchNorm(128, eps=1e-05, momentum=0.1, affine=True, track_running_stats=True)
      (2): MinkowskiReLU()
    )
    (out_block_0): Sequential(
      (0): MinkowskiConvolution(in=128, out=128, kernel_size=[3, 3, 3], stride=[1, 1, 1], dilation=[1, 1, 1])
      (1): MinkowskiBatchNorm(128, eps=1e-05, momentum=0.1, affine=True, track_running_stats=True)
      (2): MinkowskiReLU()
    )
    (up_block_1): Sequential(
      (0): MinkowskiGenerativeConvolutionTranspose(in=128, out=128, kernel_size=[3, 3, 3], stride=[2, 2, 2], dilation=[1, 1, 1])
      (1): MinkowskiBatchNorm(128, eps=1e-05, momentum=0.1, affine=True, track_running_stats=True)
      (2): MinkowskiReLU()
    )
    (lateral_block_1): Sequential(
      (0): MinkowskiConvolution(in=128, out=128, kernel_size=[3, 3, 3], stride=[1, 1, 1], dilation=[1, 1, 1])
      (1): MinkowskiBatchNorm(128, eps=1e-05, momentum=0.1, affine=True, track_running_stats=True)
      (2): MinkowskiReLU()
    )
    (out_block_1): Sequential(
      (0): MinkowskiConvolution(in=128, out=128, kernel_size=[3, 3, 3], stride=[1, 1, 1], dilation=[1, 1, 1])
      (1): MinkowskiBatchNorm(128, eps=1e-05, momentum=0.1, affine=True, track_running_stats=True)
      (2): MinkowskiReLU()
    )
    (up_block_2): Sequential(
      (0): MinkowskiGenerativeConvolutionTranspose(in=128, out=128, kernel_size=[3, 3, 3], stride=[2, 2, 2], dilation=[1, 1, 1])
      (1): MinkowskiBatchNorm(128, eps=1e-05, momentum=0.1, affine=True, track_running_stats=True)
      (2): MinkowskiReLU()
    )
  )
  (head): TR3DHead(
    (bbox_loss): RotatedIoU3DLoss()
    (cls_loss): FocalLoss()
    (bbox_conv): MinkowskiConvolution(in=128, out=8, kernel_size=[1, 1, 1], stride=[1, 1, 1], dilation=[1, 1, 1])
    (cls_conv): MinkowskiConvolution(in=128, out=10, kernel_size=[1, 1, 1], stride=[1, 1, 1], dilation=[1, 1, 1])
  )
  (conv): Sequential(
    (0): MinkowskiConvolution(in=256, out=64, kernel_size=[1, 1, 1], stride=[1, 1, 1], dilation=[1, 1, 1])
    (1): MinkowskiBatchNorm(64, eps=1e-05, momentum=0.1, affine=True, track_running_stats=True)
    (2): MinkowskiReLU()
  )
  (keep_ratio_predictor_MLPNET): KeepRatioPredictorMLPNet(
    (net): Sequential(
      (0): Linear(in_features=6, out_features=128, bias=True)
      (1): ReLU()
      (2): Linear(in_features=128, out_features=2, bias=True)
      (3): Tanh()
    )
  )
)
2026-06-08 09:11:59,412 - mmdet - INFO - load checkpoint from local path: /home/zero/USER/HEYU/MODEL/imvotenet_faster_rcnn_r50_fpn_2x4_sunrgbd-3d-10class_20210819_225618-62eba6ce.pth
2026-06-08 09:11:59,525 - mmdet - WARNING - The model and loaded state dict do not match exactly

unexpected key in source state_dict: img_rpn_head.rpn_conv.weight, img_rpn_head.rpn_conv.bias, img_rpn_head.rpn_cls.weight, img_rpn_head.rpn_cls.bias, img_rpn_head.rpn_reg.weight, img_rpn_head.rpn_reg.bias, img_roi_head.bbox_head.fc_cls.weight, img_roi_head.bbox_head.fc_cls.bias, img_roi_head.bbox_head.fc_reg.weight, img_roi_head.bbox_head.fc_reg.bias, img_roi_head.bbox_head.shared_fcs.0.weight, img_roi_head.bbox_head.shared_fcs.0.bias, img_roi_head.bbox_head.shared_fcs.1.weight, img_roi_head.bbox_head.shared_fcs.1.bias

missing keys in source state_dict: backbone.conv1.kernel, backbone.norm1.bn.weight, backbone.norm1.bn.bias, backbone.norm1.bn.running_mean, backbone.norm1.bn.running_var, backbone.layer1.0.conv1.kernel, backbone.layer1.0.norm1.bn.weight, backbone.layer1.0.norm1.bn.bias, backbone.layer1.0.norm1.bn.running_mean, backbone.layer1.0.norm1.bn.running_var, backbone.layer1.0.conv2.kernel, backbone.layer1.0.norm2.bn.weight, backbone.layer1.0.norm2.bn.bias, backbone.layer1.0.norm2.bn.running_mean, backbone.layer1.0.norm2.bn.running_var, backbone.layer1.0.downsample.0.kernel, backbone.layer1.0.downsample.1.bn.weight, backbone.layer1.0.downsample.1.bn.bias, backbone.layer1.0.downsample.1.bn.running_mean, backbone.layer1.0.downsample.1.bn.running_var, backbone.layer1.1.conv1.kernel, backbone.layer1.1.norm1.bn.weight, backbone.layer1.1.norm1.bn.bias, backbone.layer1.1.norm1.bn.running_mean, backbone.layer1.1.norm1.bn.running_var, backbone.layer1.1.conv2.kernel, backbone.layer1.1.norm2.bn.weight, backbone.layer1.1.norm2.bn.bias, backbone.layer1.1.norm2.bn.running_mean, backbone.layer1.1.norm2.bn.running_var, backbone.layer1.2.conv1.kernel, backbone.layer1.2.norm1.bn.weight, backbone.layer1.2.norm1.bn.bias, backbone.layer1.2.norm1.bn.running_mean, backbone.layer1.2.norm1.bn.running_var, backbone.layer1.2.conv2.kernel, backbone.layer1.2.norm2.bn.weight, backbone.layer1.2.norm2.bn.bias, backbone.layer1.2.norm2.bn.running_mean, backbone.layer1.2.norm2.bn.running_var, backbone.layer2.0.conv1.kernel, backbone.layer2.0.norm1.bn.weight, backbone.layer2.0.norm1.bn.bias, backbone.layer2.0.norm1.bn.running_mean, backbone.layer2.0.norm1.bn.running_var, backbone.layer2.0.conv2.kernel, backbone.layer2.0.norm2.bn.weight, backbone.layer2.0.norm2.bn.bias, backbone.layer2.0.norm2.bn.running_mean, backbone.layer2.0.norm2.bn.running_var, backbone.layer2.0.downsample.0.kernel, backbone.layer2.0.downsample.1.bn.weight, backbone.layer2.0.downsample.1.bn.bias, backbone.layer2.0.downsample.1.bn.running_mean, backbone.layer2.0.downsample.1.bn.running_var, backbone.layer2.1.conv1.kernel, backbone.layer2.1.norm1.bn.weight, backbone.layer2.1.norm1.bn.bias, backbone.layer2.1.norm1.bn.running_mean, backbone.layer2.1.norm1.bn.running_var, backbone.layer2.1.conv2.kernel, backbone.layer2.1.norm2.bn.weight, backbone.layer2.1.norm2.bn.bias, backbone.layer2.1.norm2.bn.running_mean, backbone.layer2.1.norm2.bn.running_var, backbone.layer2.2.conv1.kernel, backbone.layer2.2.norm1.bn.weight, backbone.layer2.2.norm1.bn.bias, backbone.layer2.2.norm1.bn.running_mean, backbone.layer2.2.norm1.bn.running_var, backbone.layer2.2.conv2.kernel, backbone.layer2.2.norm2.bn.weight, backbone.layer2.2.norm2.bn.bias, backbone.layer2.2.norm2.bn.running_mean, backbone.layer2.2.norm2.bn.running_var, backbone.layer2.3.conv1.kernel, backbone.layer2.3.norm1.bn.weight, backbone.layer2.3.norm1.bn.bias, backbone.layer2.3.norm1.bn.running_mean, backbone.layer2.3.norm1.bn.running_var, backbone.layer2.3.conv2.kernel, backbone.layer2.3.norm2.bn.weight, backbone.layer2.3.norm2.bn.bias, backbone.layer2.3.norm2.bn.running_mean, backbone.layer2.3.norm2.bn.running_var, backbone.layer3.0.conv1.kernel, backbone.layer3.0.norm1.bn.weight, backbone.layer3.0.norm1.bn.bias, backbone.layer3.0.norm1.bn.running_mean, backbone.layer3.0.norm1.bn.running_var, backbone.layer3.0.conv2.kernel, backbone.layer3.0.norm2.bn.weight, backbone.layer3.0.norm2.bn.bias, backbone.layer3.0.norm2.bn.running_mean, backbone.layer3.0.norm2.bn.running_var, backbone.layer3.0.downsample.0.kernel, backbone.layer3.0.downsample.1.bn.weight, backbone.layer3.0.downsample.1.bn.bias, backbone.layer3.0.downsample.1.bn.running_mean, backbone.layer3.0.downsample.1.bn.running_var, backbone.layer3.1.conv1.kernel, backbone.layer3.1.norm1.bn.weight, backbone.layer3.1.norm1.bn.bias, backbone.layer3.1.norm1.bn.running_mean, backbone.layer3.1.norm1.bn.running_var, backbone.layer3.1.conv2.kernel, backbone.layer3.1.norm2.bn.weight, backbone.layer3.1.norm2.bn.bias, backbone.layer3.1.norm2.bn.running_mean, backbone.layer3.1.norm2.bn.running_var, backbone.layer3.2.conv1.kernel, backbone.layer3.2.norm1.bn.weight, backbone.layer3.2.norm1.bn.bias, backbone.layer3.2.norm1.bn.running_mean, backbone.layer3.2.norm1.bn.running_var, backbone.layer3.2.conv2.kernel, backbone.layer3.2.norm2.bn.weight, backbone.layer3.2.norm2.bn.bias, backbone.layer3.2.norm2.bn.running_mean, backbone.layer3.2.norm2.bn.running_var, backbone.layer3.3.conv1.kernel, backbone.layer3.3.norm1.bn.weight, backbone.layer3.3.norm1.bn.bias, backbone.layer3.3.norm1.bn.running_mean, backbone.layer3.3.norm1.bn.running_var, backbone.layer3.3.conv2.kernel, backbone.layer3.3.norm2.bn.weight, backbone.layer3.3.norm2.bn.bias, backbone.layer3.3.norm2.bn.running_mean, backbone.layer3.3.norm2.bn.running_var, backbone.layer3.4.conv1.kernel, backbone.layer3.4.norm1.bn.weight, backbone.layer3.4.norm1.bn.bias, backbone.layer3.4.norm1.bn.running_mean, backbone.layer3.4.norm1.bn.running_var, backbone.layer3.4.conv2.kernel, backbone.layer3.4.norm2.bn.weight, backbone.layer3.4.norm2.bn.bias, backbone.layer3.4.norm2.bn.running_mean, backbone.layer3.4.norm2.bn.running_var, backbone.layer3.5.conv1.kernel, backbone.layer3.5.norm1.bn.weight, backbone.layer3.5.norm1.bn.bias, backbone.layer3.5.norm1.bn.running_mean, backbone.layer3.5.norm1.bn.running_var, backbone.layer3.5.conv2.kernel, backbone.layer3.5.norm2.bn.weight, backbone.layer3.5.norm2.bn.bias, backbone.layer3.5.norm2.bn.running_mean, backbone.layer3.5.norm2.bn.running_var, backbone.layer4.0.conv1.kernel, backbone.layer4.0.norm1.bn.weight, backbone.layer4.0.norm1.bn.bias, backbone.layer4.0.norm1.bn.running_mean, backbone.layer4.0.norm1.bn.running_var, backbone.layer4.0.conv2.kernel, backbone.layer4.0.norm2.bn.weight, backbone.layer4.0.norm2.bn.bias, backbone.layer4.0.norm2.bn.running_mean, backbone.layer4.0.norm2.bn.running_var, backbone.layer4.0.downsample.0.kernel, backbone.layer4.0.downsample.1.bn.weight, backbone.layer4.0.downsample.1.bn.bias, backbone.layer4.0.downsample.1.bn.running_mean, backbone.layer4.0.downsample.1.bn.running_var, backbone.layer4.1.conv1.kernel, backbone.layer4.1.norm1.bn.weight, backbone.layer4.1.norm1.bn.bias, backbone.layer4.1.norm1.bn.running_mean, backbone.layer4.1.norm1.bn.running_var, backbone.layer4.1.conv2.kernel, backbone.layer4.1.norm2.bn.weight, backbone.layer4.1.norm2.bn.bias, backbone.layer4.1.norm2.bn.running_mean, backbone.layer4.1.norm2.bn.running_var, backbone.layer4.2.conv1.kernel, backbone.layer4.2.norm1.bn.weight, backbone.layer4.2.norm1.bn.bias, backbone.layer4.2.norm1.bn.running_mean, backbone.layer4.2.norm1.bn.running_var, backbone.layer4.2.conv2.kernel, backbone.layer4.2.norm2.bn.weight, backbone.layer4.2.norm2.bn.bias, backbone.layer4.2.norm2.bn.running_mean, backbone.layer4.2.norm2.bn.running_var, neck.lateral_block_0.0.kernel, neck.lateral_block_0.1.bn.weight, neck.lateral_block_0.1.bn.bias, neck.lateral_block_0.1.bn.running_mean, neck.lateral_block_0.1.bn.running_var, neck.out_block_0.0.kernel, neck.out_block_0.1.bn.weight, neck.out_block_0.1.bn.bias, neck.out_block_0.1.bn.running_mean, neck.out_block_0.1.bn.running_var, neck.up_block_1.0.kernel, neck.up_block_1.1.bn.weight, neck.up_block_1.1.bn.bias, neck.up_block_1.1.bn.running_mean, neck.up_block_1.1.bn.running_var, neck.lateral_block_1.0.kernel, neck.lateral_block_1.1.bn.weight, neck.lateral_block_1.1.bn.bias, neck.lateral_block_1.1.bn.running_mean, neck.lateral_block_1.1.bn.running_var, neck.out_block_1.0.kernel, neck.out_block_1.1.bn.weight, neck.out_block_1.1.bn.bias, neck.out_block_1.1.bn.running_mean, neck.out_block_1.1.bn.running_var, neck.up_block_2.0.kernel, neck.up_block_2.1.bn.weight, neck.up_block_2.1.bn.bias, neck.up_block_2.1.bn.running_mean, neck.up_block_2.1.bn.running_var, head.bbox_conv.kernel, head.bbox_conv.bias, head.cls_conv.kernel, head.cls_conv.bias, conv.0.kernel, conv.1.bn.weight, conv.1.bn.bias, conv.1.bn.running_mean, conv.1.bn.running_var, keep_ratio_predictor_MLPNET.net.0.weight, keep_ratio_predictor_MLPNET.net.0.bias, keep_ratio_predictor_MLPNET.net.2.weight, keep_ratio_predictor_MLPNET.net.2.bias

2026-06-08 09:11:59,529 - mmdet - INFO - Start running, host: zero@l40server, work_dir: /home/zero/USER/HEYU/tr3d/work_dirs/NN/DFF/DFF_TR3D_FF_FIG6_Ture_FZ/3
2026-06-08 09:11:59,529 - mmdet - INFO - Hooks will be executed in the following order:
before_run:
(VERY_HIGH   ) StepLrUpdaterHook                  
(NORMAL      ) CheckpointHook                     
(LOW         ) EvalHook                           
(VERY_LOW    ) TextLoggerHook                     
 -------------------- 
before_train_epoch:
(VERY_HIGH   ) StepLrUpdaterHook                  
(NORMAL      ) EmptyCacheHook                     
(LOW         ) IterTimerHook                      
(LOW         ) EvalHook                           
(VERY_LOW    ) TextLoggerHook                     
 -------------------- 
before_train_iter:
(VERY_HIGH   ) StepLrUpdaterHook                  
(LOW         ) IterTimerHook                      
(LOW         ) EvalHook                           
 -------------------- 
after_train_iter:
(ABOVE_NORMAL) OptimizerHook                      
(NORMAL      ) CheckpointHook                     
(NORMAL      ) EmptyCacheHook                     
(LOW         ) IterTimerHook                      
(LOW         ) EvalHook                           
(VERY_LOW    ) TextLoggerHook                     
 -------------------- 
after_train_epoch:
(NORMAL      ) CheckpointHook                     
(NORMAL      ) EmptyCacheHook                     
(LOW         ) EvalHook                           
(VERY_LOW    ) TextLoggerHook                     
 -------------------- 
before_val_epoch:
(NORMAL      ) EmptyCacheHook                     
(LOW         ) IterTimerHook                      
(VERY_LOW    ) TextLoggerHook                     
 -------------------- 
before_val_iter:
(LOW         ) IterTimerHook                      
 -------------------- 
after_val_iter:
(NORMAL      ) EmptyCacheHook                     
(LOW         ) IterTimerHook                      
 -------------------- 
after_val_epoch:
(NORMAL      ) EmptyCacheHook                     
(VERY_LOW    ) TextLoggerHook                     
 -------------------- 
after_run:
(VERY_LOW    ) TextLoggerHook                     
 -------------------- 
2026-06-08 09:11:59,529 - mmdet - INFO - workflow: [('train', 1)], max: 12 epochs
2026-06-08 09:11:59,529 - mmdet - INFO - Checkpoints will be saved to /home/zero/USER/HEYU/tr3d/work_dirs/NN/DFF/DFF_TR3D_FF_FIG6_Ture_FZ/3 by HardDiskBackend.
2026-06-08 09:12:26,472 - mmdet - INFO - Epoch [1][50/1652]	lr: 1.000e-03, eta: 2:57:34, time: 0.539, data_time: 0.092, memory: 3826, bbox_loss: 0.6347, cls_loss: 0.6415, loss: 1.2761, grad_norm: 6.8965
2026-06-08 09:12:50,166 - mmdet - INFO - Epoch [1][100/1652]	lr: 1.000e-03, eta: 2:46:26, time: 0.474, data_time: 0.042, memory: 3908, bbox_loss: 0.5698, cls_loss: 0.4661, loss: 1.0359, grad_norm: 7.1939
2026-06-08 09:13:13,737 - mmdet - INFO - Epoch [1][150/1652]	lr: 1.000e-03, eta: 2:42:12, time: 0.471, data_time: 0.043, memory: 3908, bbox_loss: 0.5748, cls_loss: 0.4275, loss: 1.0024, grad_norm: 7.9416
2026-06-08 09:13:37,649 - mmdet - INFO - Epoch [1][200/1652]	lr: 1.000e-03, eta: 2:40:27, time: 0.478, data_time: 0.042, memory: 3908, bbox_loss: 0.5565, cls_loss: 0.4072, loss: 0.9638, grad_norm: 7.1502
2026-06-08 09:14:01,116 - mmdet - INFO - Epoch [1][250/1652]	lr: 1.000e-03, eta: 2:38:39, time: 0.469, data_time: 0.044, memory: 3908, bbox_loss: 0.5481, cls_loss: 0.3955, loss: 0.9436, grad_norm: 8.3456
2026-06-08 09:14:26,139 - mmdet - INFO - Epoch [1][300/1652]	lr: 1.000e-03, eta: 2:39:01, time: 0.500, data_time: 0.044, memory: 4002, bbox_loss: 0.5406, cls_loss: 0.3951, loss: 0.9357, grad_norm: 6.5134
2026-06-08 09:14:50,028 - mmdet - INFO - Epoch [1][350/1652]	lr: 1.000e-03, eta: 2:38:06, time: 0.478, data_time: 0.044, memory: 4002, bbox_loss: 0.5230, cls_loss: 0.3775, loss: 0.9005, grad_norm: 6.6229
2026-06-08 09:15:14,033 - mmdet - INFO - Epoch [1][400/1652]	lr: 1.000e-03, eta: 2:37:24, time: 0.480, data_time: 0.044, memory: 4002, bbox_loss: 0.5311, cls_loss: 0.3656, loss: 0.8967, grad_norm: 6.2011
2026-06-08 09:15:37,575 - mmdet - INFO - Epoch [1][450/1652]	lr: 1.000e-03, eta: 2:36:27, time: 0.471, data_time: 0.043, memory: 4002, bbox_loss: 0.5206, cls_loss: 0.3538, loss: 0.8744, grad_norm: 6.7813
2026-06-08 09:16:01,493 - mmdet - INFO - Epoch [1][500/1652]	lr: 1.000e-03, eta: 2:35:51, time: 0.478, data_time: 0.046, memory: 4002, bbox_loss: 0.5217, cls_loss: 0.3545, loss: 0.8763, grad_norm: 7.2831
2026-06-08 09:16:24,885 - mmdet - INFO - Epoch [1][550/1652]	lr: 1.000e-03, eta: 2:34:58, time: 0.468, data_time: 0.042, memory: 4002, bbox_loss: 0.5123, cls_loss: 0.3518, loss: 0.8642, grad_norm: 6.0482
2026-06-08 09:16:48,774 - mmdet - INFO - Epoch [1][600/1652]	lr: 1.000e-03, eta: 2:34:27, time: 0.478, data_time: 0.043, memory: 4002, bbox_loss: 0.5062, cls_loss: 0.3360, loss: 0.8422, grad_norm: 7.0995
2026-06-08 09:17:12,647 - mmdet - INFO - Epoch [1][650/1652]	lr: 1.000e-03, eta: 2:33:56, time: 0.477, data_time: 0.046, memory: 4002, bbox_loss: 0.5062, cls_loss: 0.3425, loss: 0.8487, grad_norm: 6.4285
2026-06-08 09:17:36,355 - mmdet - INFO - Epoch [1][700/1652]	lr: 1.000e-03, eta: 2:33:21, time: 0.474, data_time: 0.044, memory: 4002, bbox_loss: 0.4919, cls_loss: 0.3330, loss: 0.8249, grad_norm: 5.6762
2026-06-08 09:18:00,298 - mmdet - INFO - Epoch [1][750/1652]	lr: 1.000e-03, eta: 2:32:54, time: 0.479, data_time: 0.043, memory: 4002, bbox_loss: 0.4984, cls_loss: 0.3112, loss: 0.8097, grad_norm: 5.8005
2026-06-08 09:18:25,607 - mmdet - INFO - Epoch [1][800/1652]	lr: 1.000e-03, eta: 2:33:00, time: 0.506, data_time: 0.045, memory: 4002, bbox_loss: 0.4909, cls_loss: 0.3312, loss: 0.8220, grad_norm: 5.3764
2026-06-08 09:18:51,195 - mmdet - INFO - Epoch [1][850/1652]	lr: 1.000e-03, eta: 2:33:09, time: 0.512, data_time: 0.045, memory: 4002, bbox_loss: 0.4977, cls_loss: 0.3292, loss: 0.8268, grad_norm: 5.2872
2026-06-08 09:19:16,237 - mmdet - INFO - Epoch [1][900/1652]	lr: 1.000e-03, eta: 2:33:02, time: 0.501, data_time: 0.044, memory: 4002, bbox_loss: 0.4992, cls_loss: 0.3094, loss: 0.8087, grad_norm: 6.2826
2026-06-08 09:19:41,690 - mmdet - INFO - Epoch [1][950/1652]	lr: 1.000e-03, eta: 2:33:01, time: 0.509, data_time: 0.045, memory: 4002, bbox_loss: 0.4969, cls_loss: 0.3081, loss: 0.8050, grad_norm: 5.0015
2026-06-08 09:20:07,251 - mmdet - INFO - Exp name: tr3d-ff_sunrgbd-3d-10class.py
2026-06-08 09:20:07,251 - mmdet - INFO - Epoch [1][1000/1652]	lr: 1.000e-03, eta: 2:33:00, time: 0.511, data_time: 0.045, memory: 4002, bbox_loss: 0.4983, cls_loss: 0.3288, loss: 0.8270, grad_norm: 4.3600
2026-06-08 09:20:32,841 - mmdet - INFO - Epoch [1][1050/1652]	lr: 1.000e-03, eta: 2:32:57, time: 0.512, data_time: 0.044, memory: 4002, bbox_loss: 0.4940, cls_loss: 0.3137, loss: 0.8077, grad_norm: 5.3769
2026-06-08 09:20:58,742 - mmdet - INFO - Epoch [1][1100/1652]	lr: 1.000e-03, eta: 2:32:58, time: 0.518, data_time: 0.047, memory: 4002, bbox_loss: 0.4860, cls_loss: 0.3116, loss: 0.7976, grad_norm: 4.7053
2026-06-08 09:21:24,428 - mmdet - INFO - Epoch [1][1150/1652]	lr: 1.000e-03, eta: 2:32:52, time: 0.514, data_time: 0.047, memory: 4002, bbox_loss: 0.4852, cls_loss: 0.3042, loss: 0.7894, grad_norm: 4.9905
2026-06-08 09:21:49,750 - mmdet - INFO - Epoch [1][1200/1652]	lr: 1.000e-03, eta: 2:32:39, time: 0.506, data_time: 0.045, memory: 4002, bbox_loss: 0.4942, cls_loss: 0.3071, loss: 0.8013, grad_norm: 5.2315
2026-06-08 09:22:14,577 - mmdet - INFO - Epoch [1][1250/1652]	lr: 1.000e-03, eta: 2:32:18, time: 0.497, data_time: 0.046, memory: 4002, bbox_loss: 0.4716, cls_loss: 0.2869, loss: 0.7585, grad_norm: 5.2345
2026-06-08 09:22:38,467 - mmdet - INFO - Epoch [1][1300/1652]	lr: 1.000e-03, eta: 2:31:44, time: 0.478, data_time: 0.044, memory: 4002, bbox_loss: 0.4799, cls_loss: 0.2941, loss: 0.7740, grad_norm: 5.0520
2026-06-08 09:23:02,085 - mmdet - INFO - Epoch [1][1350/1652]	lr: 1.000e-03, eta: 2:31:06, time: 0.472, data_time: 0.041, memory: 4002, bbox_loss: 0.4734, cls_loss: 0.2910, loss: 0.7645, grad_norm: 5.0070
2026-06-08 09:23:26,098 - mmdet - INFO - Epoch [1][1400/1652]	lr: 1.000e-03, eta: 2:30:35, time: 0.480, data_time: 0.042, memory: 4002, bbox_loss: 0.4779, cls_loss: 0.2964, loss: 0.7744, grad_norm: 4.4918
2026-06-08 09:23:49,807 - mmdet - INFO - Epoch [1][1450/1652]	lr: 1.000e-03, eta: 2:30:00, time: 0.474, data_time: 0.042, memory: 4002, bbox_loss: 0.4778, cls_loss: 0.2875, loss: 0.7653, grad_norm: 5.0378
2026-06-08 09:24:13,397 - mmdet - INFO - Epoch [1][1500/1652]	lr: 1.000e-03, eta: 2:29:24, time: 0.472, data_time: 0.042, memory: 4002, bbox_loss: 0.4710, cls_loss: 0.2934, loss: 0.7644, grad_norm: 4.3962
2026-06-08 09:24:37,267 - mmdet - INFO - Epoch [1][1550/1652]	lr: 1.000e-03, eta: 2:28:53, time: 0.477, data_time: 0.043, memory: 4002, bbox_loss: 0.4848, cls_loss: 0.2908, loss: 0.7755, grad_norm: 4.0842
2026-06-08 09:25:01,194 - mmdet - INFO - Epoch [1][1600/1652]	lr: 1.000e-03, eta: 2:28:22, time: 0.479, data_time: 0.046, memory: 4002, bbox_loss: 0.4721, cls_loss: 0.2846, loss: 0.7567, grad_norm: 4.2687
2026-06-08 09:25:25,567 - mmdet - INFO - Epoch [1][1650/1652]	lr: 1.000e-03, eta: 2:27:57, time: 0.487, data_time: 0.045, memory: 4002, bbox_loss: 0.4836, cls_loss: 0.2983, loss: 0.7819, grad_norm: 4.1869
2026-06-08 09:25:26,662 - mmdet - INFO - Saving checkpoint at 1 epochs
2026-06-08 09:25:55,481 - mmdet - INFO - Epoch [2][50/1652]	lr: 1.000e-03, eta: 2:28:01, time: 0.562, data_time: 0.096, memory: 4002, bbox_loss: 0.4713, cls_loss: 0.2829, loss: 0.7542, grad_norm: 4.3870
2026-06-08 09:26:20,447 - mmdet - INFO - Epoch [2][100/1652]	lr: 1.000e-03, eta: 2:27:41, time: 0.499, data_time: 0.044, memory: 4002, bbox_loss: 0.4722, cls_loss: 0.2916, loss: 0.7638, grad_norm: 3.8179
2026-06-08 09:26:45,406 - mmdet - INFO - Epoch [2][150/1652]	lr: 1.000e-03, eta: 2:27:21, time: 0.499, data_time: 0.044, memory: 4002, bbox_loss: 0.4718, cls_loss: 0.2787, loss: 0.7505, grad_norm: 4.1594
2026-06-08 09:27:08,946 - mmdet - INFO - Epoch [2][200/1652]	lr: 1.000e-03, eta: 2:26:47, time: 0.471, data_time: 0.044, memory: 4002, bbox_loss: 0.4740, cls_loss: 0.2852, loss: 0.7592, grad_norm: 4.2903
2026-06-08 09:27:32,366 - mmdet - INFO - Epoch [2][250/1652]	lr: 1.000e-03, eta: 2:26:12, time: 0.468, data_time: 0.044, memory: 4002, bbox_loss: 0.4746, cls_loss: 0.2859, loss: 0.7605, grad_norm: 4.0093
2026-06-08 09:27:56,170 - mmdet - INFO - Epoch [2][300/1652]	lr: 1.000e-03, eta: 2:25:41, time: 0.476, data_time: 0.045, memory: 4002, bbox_loss: 0.4601, cls_loss: 0.2749, loss: 0.7350, grad_norm: 4.0329
2026-06-08 09:28:19,908 - mmdet - INFO - Epoch [2][350/1652]	lr: 1.000e-03, eta: 2:25:11, time: 0.475, data_time: 0.044, memory: 4002, bbox_loss: 0.4723, cls_loss: 0.2855, loss: 0.7578, grad_norm: 4.0911
2026-06-08 09:28:43,662 - mmdet - INFO - Epoch [2][400/1652]	lr: 1.000e-03, eta: 2:24:40, time: 0.475, data_time: 0.042, memory: 4002, bbox_loss: 0.4752, cls_loss: 0.2833, loss: 0.7585, grad_norm: 4.1932
2026-06-08 09:29:07,255 - mmdet - INFO - Epoch [2][450/1652]	lr: 1.000e-03, eta: 2:24:09, time: 0.472, data_time: 0.042, memory: 4002, bbox_loss: 0.4631, cls_loss: 0.2774, loss: 0.7405, grad_norm: 3.6828
2026-06-08 09:29:31,434 - mmdet - INFO - Epoch [2][500/1652]	lr: 1.000e-03, eta: 2:23:43, time: 0.484, data_time: 0.044, memory: 4002, bbox_loss: 0.4582, cls_loss: 0.2752, loss: 0.7335, grad_norm: 4.6191
2026-06-08 09:29:55,117 - mmdet - INFO - Epoch [2][550/1652]	lr: 1.000e-03, eta: 2:23:12, time: 0.474, data_time: 0.046, memory: 4002, bbox_loss: 0.4541, cls_loss: 0.2713, loss: 0.7253, grad_norm: 4.3867
2026-06-08 09:30:19,262 - mmdet - INFO - Epoch [2][600/1652]	lr: 1.000e-03, eta: 2:22:46, time: 0.483, data_time: 0.045, memory: 4002, bbox_loss: 0.4660, cls_loss: 0.2910, loss: 0.7571, grad_norm: 3.8908
2026-06-08 09:30:43,281 - mmdet - INFO - Epoch [2][650/1652]	lr: 1.000e-03, eta: 2:22:19, time: 0.480, data_time: 0.046, memory: 4002, bbox_loss: 0.4635, cls_loss: 0.2758, loss: 0.7393, grad_norm: 4.1819
2026-06-08 09:31:07,441 - mmdet - INFO - Epoch [2][700/1652]	lr: 1.000e-03, eta: 2:21:53, time: 0.483, data_time: 0.045, memory: 4002, bbox_loss: 0.4614, cls_loss: 0.2785, loss: 0.7399, grad_norm: 4.2279
2026-06-08 09:31:31,465 - mmdet - INFO - Epoch [2][750/1652]	lr: 1.000e-03, eta: 2:21:26, time: 0.480, data_time: 0.044, memory: 4002, bbox_loss: 0.4616, cls_loss: 0.2753, loss: 0.7369, grad_norm: 3.9019
2026-06-08 09:31:55,428 - mmdet - INFO - Epoch [2][800/1652]	lr: 1.000e-03, eta: 2:20:59, time: 0.479, data_time: 0.045, memory: 4002, bbox_loss: 0.4621, cls_loss: 0.2661, loss: 0.7282, grad_norm: 4.3441
2026-06-08 09:32:19,821 - mmdet - INFO - Epoch [2][850/1652]	lr: 1.000e-03, eta: 2:20:35, time: 0.488, data_time: 0.046, memory: 4016, bbox_loss: 0.4652, cls_loss: 0.2786, loss: 0.7438, grad_norm: 4.1709
2026-06-08 09:32:45,227 - mmdet - INFO - Epoch [2][900/1652]	lr: 1.000e-03, eta: 2:20:18, time: 0.508, data_time: 0.046, memory: 4016, bbox_loss: 0.4632, cls_loss: 0.2723, loss: 0.7356, grad_norm: 3.5562
2026-06-08 09:33:09,227 - mmdet - INFO - Epoch [2][950/1652]	lr: 1.000e-03, eta: 2:19:51, time: 0.480, data_time: 0.045, memory: 4016, bbox_loss: 0.4614, cls_loss: 0.2642, loss: 0.7256, grad_norm: 3.6410
2026-06-08 09:33:32,940 - mmdet - INFO - Epoch [2][1000/1652]	lr: 1.000e-03, eta: 2:19:23, time: 0.474, data_time: 0.044, memory: 4016, bbox_loss: 0.4560, cls_loss: 0.2668, loss: 0.7227, grad_norm: 3.3657
2026-06-08 09:33:56,799 - mmdet - INFO - Epoch [2][1050/1652]	lr: 1.000e-03, eta: 2:18:55, time: 0.477, data_time: 0.043, memory: 4016, bbox_loss: 0.4573, cls_loss: 0.2708, loss: 0.7281, grad_norm: 3.8297
2026-06-08 09:34:20,915 - mmdet - INFO - Epoch [2][1100/1652]	lr: 1.000e-03, eta: 2:18:29, time: 0.482, data_time: 0.044, memory: 4016, bbox_loss: 0.4640, cls_loss: 0.2645, loss: 0.7286, grad_norm: 3.6010
2026-06-08 09:34:44,942 - mmdet - INFO - Epoch [2][1150/1652]	lr: 1.000e-03, eta: 2:18:03, time: 0.481, data_time: 0.045, memory: 4016, bbox_loss: 0.4593, cls_loss: 0.2707, loss: 0.7300, grad_norm: 3.7122
2026-06-08 09:35:08,689 - mmdet - INFO - Epoch [2][1200/1652]	lr: 1.000e-03, eta: 2:17:35, time: 0.475, data_time: 0.042, memory: 4016, bbox_loss: 0.4540, cls_loss: 0.2643, loss: 0.7183, grad_norm: 3.7387
2026-06-08 09:35:32,696 - mmdet - INFO - Epoch [2][1250/1652]	lr: 1.000e-03, eta: 2:17:09, time: 0.480, data_time: 0.044, memory: 4016, bbox_loss: 0.4457, cls_loss: 0.2572, loss: 0.7029, grad_norm: 3.8599
2026-06-08 09:35:57,396 - mmdet - INFO - Epoch [2][1300/1652]	lr: 1.000e-03, eta: 2:16:47, time: 0.494, data_time: 0.045, memory: 4016, bbox_loss: 0.4443, cls_loss: 0.2673, loss: 0.7116, grad_norm: 3.1557
2026-06-08 09:36:22,375 - mmdet - INFO - Epoch [2][1350/1652]	lr: 1.000e-03, eta: 2:16:26, time: 0.500, data_time: 0.046, memory: 4016, bbox_loss: 0.4485, cls_loss: 0.2541, loss: 0.7026, grad_norm: 3.6380
2026-06-08 09:36:46,514 - mmdet - INFO - Epoch [2][1400/1652]	lr: 1.000e-03, eta: 2:16:01, time: 0.483, data_time: 0.046, memory: 4016, bbox_loss: 0.4516, cls_loss: 0.2630, loss: 0.7145, grad_norm: 3.8795
2026-06-08 09:37:11,612 - mmdet - INFO - Epoch [2][1450/1652]	lr: 1.000e-03, eta: 2:15:41, time: 0.502, data_time: 0.050, memory: 4016, bbox_loss: 0.4419, cls_loss: 0.2571, loss: 0.6990, grad_norm: 3.5313
2026-06-08 09:37:35,656 - mmdet - INFO - Epoch [2][1500/1652]	lr: 1.000e-03, eta: 2:15:15, time: 0.481, data_time: 0.045, memory: 4016, bbox_loss: 0.4501, cls_loss: 0.2565, loss: 0.7066, grad_norm: 3.6306
2026-06-08 09:38:00,002 - mmdet - INFO - Epoch [2][1550/1652]	lr: 1.000e-03, eta: 2:14:51, time: 0.487, data_time: 0.045, memory: 4016, bbox_loss: 0.4555, cls_loss: 0.2691, loss: 0.7247, grad_norm: 3.5256
2026-06-08 09:38:25,544 - mmdet - INFO - Epoch [2][1600/1652]	lr: 1.000e-03, eta: 2:14:32, time: 0.511, data_time: 0.046, memory: 4016, bbox_loss: 0.4509, cls_loss: 0.2575, loss: 0.7084, grad_norm: 3.5273
2026-06-08 09:38:50,881 - mmdet - INFO - Epoch [2][1650/1652]	lr: 1.000e-03, eta: 2:14:13, time: 0.507, data_time: 0.046, memory: 4016, bbox_loss: 0.4463, cls_loss: 0.2579, loss: 0.7041, grad_norm: 3.6362
2026-06-08 09:38:52,002 - mmdet - INFO - Saving checkpoint at 2 epochs
2026-06-08 09:39:20,784 - mmdet - INFO - Epoch [3][50/1652]	lr: 1.000e-03, eta: 2:14:01, time: 0.561, data_time: 0.093, memory: 4016, bbox_loss: 0.4479, cls_loss: 0.2581, loss: 0.7061, grad_norm: 3.5367
2026-06-08 09:39:46,259 - mmdet - INFO - Epoch [3][100/1652]	lr: 1.000e-03, eta: 2:13:41, time: 0.509, data_time: 0.045, memory: 4016, bbox_loss: 0.4527, cls_loss: 0.2658, loss: 0.7185, grad_norm: 3.3598
2026-06-08 09:40:10,359 - mmdet - INFO - Epoch [3][150/1652]	lr: 1.000e-03, eta: 2:13:15, time: 0.482, data_time: 0.044, memory: 4016, bbox_loss: 0.4538, cls_loss: 0.2597, loss: 0.7135, grad_norm: 3.7335
2026-06-08 09:40:33,971 - mmdet - INFO - Epoch [3][200/1652]	lr: 1.000e-03, eta: 2:12:47, time: 0.472, data_time: 0.043, memory: 4016, bbox_loss: 0.4486, cls_loss: 0.2470, loss: 0.6956, grad_norm: 3.8139
2026-06-08 09:40:57,799 - mmdet - INFO - Epoch [3][250/1652]	lr: 1.000e-03, eta: 2:12:20, time: 0.477, data_time: 0.043, memory: 4016, bbox_loss: 0.4472, cls_loss: 0.2610, loss: 0.7083, grad_norm: 3.3717
2026-06-08 09:41:21,717 - mmdet - INFO - Epoch [3][300/1652]	lr: 1.000e-03, eta: 2:11:54, time: 0.478, data_time: 0.046, memory: 4016, bbox_loss: 0.4412, cls_loss: 0.2574, loss: 0.6985, grad_norm: 3.5254
2026-06-08 09:41:45,677 - mmdet - INFO - Epoch [3][350/1652]	lr: 1.000e-03, eta: 2:11:27, time: 0.479, data_time: 0.044, memory: 4016, bbox_loss: 0.4310, cls_loss: 0.2497, loss: 0.6807, grad_norm: 3.0379
2026-06-08 09:42:09,359 - mmdet - INFO - Epoch [3][400/1652]	lr: 1.000e-03, eta: 2:11:00, time: 0.474, data_time: 0.044, memory: 4016, bbox_loss: 0.4576, cls_loss: 0.2568, loss: 0.7143, grad_norm: 2.8185
2026-06-08 09:42:33,230 - mmdet - INFO - Epoch [3][450/1652]	lr: 1.000e-03, eta: 2:10:33, time: 0.477, data_time: 0.046, memory: 4016, bbox_loss: 0.4504, cls_loss: 0.2538, loss: 0.7042, grad_norm: 3.4916
2026-06-08 09:42:57,099 - mmdet - INFO - Epoch [3][500/1652]	lr: 1.000e-03, eta: 2:10:07, time: 0.477, data_time: 0.047, memory: 4016, bbox_loss: 0.4389, cls_loss: 0.2537, loss: 0.6926, grad_norm: 3.6109
2026-06-08 09:43:20,671 - mmdet - INFO - Epoch [3][550/1652]	lr: 1.000e-03, eta: 2:09:39, time: 0.471, data_time: 0.045, memory: 4016, bbox_loss: 0.4381, cls_loss: 0.2505, loss: 0.6886, grad_norm: 3.7890
2026-06-08 09:43:44,566 - mmdet - INFO - Epoch [3][600/1652]	lr: 1.000e-03, eta: 2:09:13, time: 0.478, data_time: 0.046, memory: 4016, bbox_loss: 0.4422, cls_loss: 0.2510, loss: 0.6933, grad_norm: 3.4774
2026-06-08 09:44:08,614 - mmdet - INFO - Epoch [3][650/1652]	lr: 1.000e-03, eta: 2:08:47, time: 0.481, data_time: 0.045, memory: 4016, bbox_loss: 0.4366, cls_loss: 0.2483, loss: 0.6849, grad_norm: 3.5986
2026-06-08 09:44:32,267 - mmdet - INFO - Epoch [3][700/1652]	lr: 1.000e-03, eta: 2:08:20, time: 0.473, data_time: 0.045, memory: 4016, bbox_loss: 0.4391, cls_loss: 0.2512, loss: 0.6903, grad_norm: 2.8370
2026-06-08 09:44:55,961 - mmdet - INFO - Epoch [3][750/1652]	lr: 1.000e-03, eta: 2:07:53, time: 0.474, data_time: 0.042, memory: 4016, bbox_loss: 0.4464, cls_loss: 0.2557, loss: 0.7021, grad_norm: 3.1248
2026-06-08 09:45:20,085 - mmdet - INFO - Epoch [3][800/1652]	lr: 1.000e-03, eta: 2:07:28, time: 0.482, data_time: 0.045, memory: 4016, bbox_loss: 0.4423, cls_loss: 0.2556, loss: 0.6979, grad_norm: 2.9246
2026-06-08 09:45:43,845 - mmdet - INFO - Epoch [3][850/1652]	lr: 1.000e-03, eta: 2:07:02, time: 0.475, data_time: 0.043, memory: 4016, bbox_loss: 0.4427, cls_loss: 0.2513, loss: 0.6940, grad_norm: 2.9649
2026-06-08 09:46:07,728 - mmdet - INFO - Epoch [3][900/1652]	lr: 1.000e-03, eta: 2:06:36, time: 0.478, data_time: 0.043, memory: 4016, bbox_loss: 0.4346, cls_loss: 0.2476, loss: 0.6822, grad_norm: 2.9056
2026-06-08 09:46:32,545 - mmdet - INFO - Epoch [3][950/1652]	lr: 1.000e-03, eta: 2:06:13, time: 0.496, data_time: 0.045, memory: 4016, bbox_loss: 0.4454, cls_loss: 0.2485, loss: 0.6939, grad_norm: 2.7719
2026-06-08 09:46:57,823 - mmdet - INFO - Epoch [3][1000/1652]	lr: 1.000e-03, eta: 2:05:52, time: 0.506, data_time: 0.044, memory: 4016, bbox_loss: 0.4350, cls_loss: 0.2470, loss: 0.6820, grad_norm: 3.1489
2026-06-08 09:47:23,265 - mmdet - INFO - Epoch [3][1050/1652]	lr: 1.000e-03, eta: 2:05:32, time: 0.509, data_time: 0.046, memory: 4018, bbox_loss: 0.4438, cls_loss: 0.2548, loss: 0.6986, grad_norm: 3.2148
2026-06-08 09:47:48,685 - mmdet - INFO - Epoch [3][1100/1652]	lr: 1.000e-03, eta: 2:05:11, time: 0.508, data_time: 0.044, memory: 4018, bbox_loss: 0.4367, cls_loss: 0.2532, loss: 0.6899, grad_norm: 3.1912
2026-06-08 09:48:13,036 - mmdet - INFO - Epoch [3][1150/1652]	lr: 1.000e-03, eta: 2:04:47, time: 0.487, data_time: 0.048, memory: 4018, bbox_loss: 0.4366, cls_loss: 0.2515, loss: 0.6881, grad_norm: 3.3237
2026-06-08 09:48:36,837 - mmdet - INFO - Epoch [3][1200/1652]	lr: 1.000e-03, eta: 2:04:21, time: 0.476, data_time: 0.045, memory: 4018, bbox_loss: 0.4305, cls_loss: 0.2503, loss: 0.6808, grad_norm: 3.2031
2026-06-08 09:49:01,355 - mmdet - INFO - Epoch [3][1250/1652]	lr: 1.000e-03, eta: 2:03:57, time: 0.490, data_time: 0.046, memory: 4018, bbox_loss: 0.4353, cls_loss: 0.2507, loss: 0.6859, grad_norm: 2.9702
2026-06-08 09:49:26,785 - mmdet - INFO - Epoch [3][1300/1652]	lr: 1.000e-03, eta: 2:03:36, time: 0.509, data_time: 0.045, memory: 4018, bbox_loss: 0.4360, cls_loss: 0.2451, loss: 0.6811, grad_norm: 2.8827
2026-06-08 09:49:52,664 - mmdet - INFO - Epoch [3][1350/1652]	lr: 1.000e-03, eta: 2:03:17, time: 0.518, data_time: 0.046, memory: 4018, bbox_loss: 0.4408, cls_loss: 0.2489, loss: 0.6898, grad_norm: 2.8362
2026-06-08 09:50:18,105 - mmdet - INFO - Epoch [3][1400/1652]	lr: 1.000e-03, eta: 2:02:56, time: 0.509, data_time: 0.047, memory: 4018, bbox_loss: 0.4261, cls_loss: 0.2427, loss: 0.6688, grad_norm: 3.1054
2026-06-08 09:50:43,606 - mmdet - INFO - Epoch [3][1450/1652]	lr: 1.000e-03, eta: 2:02:35, time: 0.510, data_time: 0.045, memory: 4018, bbox_loss: 0.4326, cls_loss: 0.2385, loss: 0.6711, grad_norm: 2.9973
2026-06-08 09:51:09,265 - mmdet - INFO - Epoch [3][1500/1652]	lr: 1.000e-03, eta: 2:02:14, time: 0.513, data_time: 0.046, memory: 4018, bbox_loss: 0.4331, cls_loss: 0.2369, loss: 0.6699, grad_norm: 3.0958
2026-06-08 09:51:34,732 - mmdet - INFO - Epoch [3][1550/1652]	lr: 1.000e-03, eta: 2:01:53, time: 0.509, data_time: 0.045, memory: 4018, bbox_loss: 0.4333, cls_loss: 0.2479, loss: 0.6813, grad_norm: 14.9912
2026-06-08 09:52:00,330 - mmdet - INFO - Epoch [3][1600/1652]	lr: 1.000e-03, eta: 2:01:32, time: 0.512, data_time: 0.046, memory: 4018, bbox_loss: 0.4369, cls_loss: 0.2503, loss: 0.6872, grad_norm: 2.8281
2026-06-08 09:52:25,419 - mmdet - INFO - Epoch [3][1650/1652]	lr: 1.000e-03, eta: 2:01:10, time: 0.502, data_time: 0.044, memory: 4018, bbox_loss: 0.4427, cls_loss: 0.2608, loss: 0.7034, grad_norm: 2.6647
2026-06-08 09:52:26,556 - mmdet - INFO - Saving checkpoint at 3 epochs
2026-06-08 09:52:55,597 - mmdet - INFO - Epoch [4][50/1652]	lr: 1.000e-03, eta: 2:00:53, time: 0.566, data_time: 0.098, memory: 4018, bbox_loss: 0.4301, cls_loss: 0.2477, loss: 0.6778, grad_norm: 3.0383
2026-06-08 09:53:20,541 - mmdet - INFO - Epoch [4][100/1652]	lr: 1.000e-03, eta: 2:00:30, time: 0.499, data_time: 0.045, memory: 4018, bbox_loss: 0.4342, cls_loss: 0.2457, loss: 0.6799, grad_norm: 2.5536
2026-06-08 09:53:44,509 - mmdet - INFO - Epoch [4][150/1652]	lr: 1.000e-03, eta: 2:00:04, time: 0.479, data_time: 0.048, memory: 4018, bbox_loss: 0.4298, cls_loss: 0.2488, loss: 0.6786, grad_norm: 2.7986
2026-06-08 09:54:08,486 - mmdet - INFO - Epoch [4][200/1652]	lr: 1.000e-03, eta: 1:59:38, time: 0.480, data_time: 0.046, memory: 4018, bbox_loss: 0.4306, cls_loss: 0.2416, loss: 0.6722, grad_norm: 2.9024
2026-06-08 09:54:32,178 - mmdet - INFO - Epoch [4][250/1652]	lr: 1.000e-03, eta: 1:59:11, time: 0.474, data_time: 0.043, memory: 4018, bbox_loss: 0.4344, cls_loss: 0.2499, loss: 0.6843, grad_norm: 3.0127
2026-06-08 09:54:57,449 - mmdet - INFO - Epoch [4][300/1652]	lr: 1.000e-03, eta: 1:58:49, time: 0.505, data_time: 0.046, memory: 4018, bbox_loss: 0.4196, cls_loss: 0.2355, loss: 0.6551, grad_norm: 2.7195
2026-06-08 09:55:21,832 - mmdet - INFO - Epoch [4][350/1652]	lr: 1.000e-03, eta: 1:58:24, time: 0.488, data_time: 0.047, memory: 4018, bbox_loss: 0.4240, cls_loss: 0.2412, loss: 0.6652, grad_norm: 3.0937
2026-06-08 09:55:47,003 - mmdet - INFO - Epoch [4][400/1652]	lr: 1.000e-03, eta: 1:58:02, time: 0.503, data_time: 0.044, memory: 4018, bbox_loss: 0.4339, cls_loss: 0.2434, loss: 0.6773, grad_norm: 2.9688
2026-06-08 09:56:12,563 - mmdet - INFO - Epoch [4][450/1652]	lr: 1.000e-03, eta: 1:57:40, time: 0.511, data_time: 0.045, memory: 4018, bbox_loss: 0.4159, cls_loss: 0.2352, loss: 0.6511, grad_norm: 3.0746
2026-06-08 09:56:37,717 - mmdet - INFO - Epoch [4][500/1652]	lr: 1.000e-03, eta: 1:57:17, time: 0.503, data_time: 0.047, memory: 4018, bbox_loss: 0.4263, cls_loss: 0.2383, loss: 0.6646, grad_norm: 2.8165
2026-06-08 09:57:03,475 - mmdet - INFO - Epoch [4][550/1652]	lr: 1.000e-03, eta: 1:56:56, time: 0.515, data_time: 0.045, memory: 4018, bbox_loss: 0.4169, cls_loss: 0.2326, loss: 0.6495, grad_norm: 2.8087
2026-06-08 09:57:28,597 - mmdet - INFO - Epoch [4][600/1652]	lr: 1.000e-03, eta: 1:56:33, time: 0.502, data_time: 0.045, memory: 4018, bbox_loss: 0.4231, cls_loss: 0.2486, loss: 0.6717, grad_norm: 2.9649
2026-06-08 09:57:52,484 - mmdet - INFO - Epoch [4][650/1652]	lr: 1.000e-03, eta: 1:56:07, time: 0.478, data_time: 0.044, memory: 4018, bbox_loss: 0.4266, cls_loss: 0.2417, loss: 0.6683, grad_norm: 2.9912
2026-06-08 09:58:16,300 - mmdet - INFO - Epoch [4][700/1652]	lr: 1.000e-03, eta: 1:55:41, time: 0.476, data_time: 0.043, memory: 4018, bbox_loss: 0.4261, cls_loss: 0.2402, loss: 0.6663, grad_norm: 2.7361
2026-06-08 09:58:39,993 - mmdet - INFO - Epoch [4][750/1652]	lr: 1.000e-03, eta: 1:55:15, time: 0.474, data_time: 0.043, memory: 4018, bbox_loss: 0.4359, cls_loss: 0.2459, loss: 0.6818, grad_norm: 3.5844
2026-06-08 09:59:03,742 - mmdet - INFO - Epoch [4][800/1652]	lr: 1.000e-03, eta: 1:54:48, time: 0.475, data_time: 0.044, memory: 4018, bbox_loss: 0.4275, cls_loss: 0.2500, loss: 0.6774, grad_norm: 3.1370
2026-06-08 09:59:28,708 - mmdet - INFO - Epoch [4][850/1652]	lr: 1.000e-03, eta: 1:54:25, time: 0.499, data_time: 0.046, memory: 4018, bbox_loss: 0.4159, cls_loss: 0.2353, loss: 0.6512, grad_norm: 3.0544
2026-06-08 09:59:54,203 - mmdet - INFO - Epoch [4][900/1652]	lr: 1.000e-03, eta: 1:54:03, time: 0.510, data_time: 0.045, memory: 4018, bbox_loss: 0.4237, cls_loss: 0.2417, loss: 0.6654, grad_norm: 3.2146
2026-06-08 10:00:19,887 - mmdet - INFO - Epoch [4][950/1652]	lr: 1.000e-03, eta: 1:53:41, time: 0.514, data_time: 0.045, memory: 4018, bbox_loss: 0.4144, cls_loss: 0.2286, loss: 0.6431, grad_norm: 3.1543
2026-06-08 10:00:45,393 - mmdet - INFO - Epoch [4][1000/1652]	lr: 1.000e-03, eta: 1:53:19, time: 0.510, data_time: 0.045, memory: 4018, bbox_loss: 0.4209, cls_loss: 0.2333, loss: 0.6542, grad_norm: 3.0498
2026-06-08 10:01:11,022 - mmdet - INFO - Epoch [4][1050/1652]	lr: 1.000e-03, eta: 1:52:57, time: 0.513, data_time: 0.045, memory: 4018, bbox_loss: 0.4177, cls_loss: 0.2421, loss: 0.6599, grad_norm: 2.7561
2026-06-08 10:01:37,002 - mmdet - INFO - Epoch [4][1100/1652]	lr: 1.000e-03, eta: 1:52:36, time: 0.520, data_time: 0.046, memory: 4018, bbox_loss: 0.4188, cls_loss: 0.2414, loss: 0.6602, grad_norm: 2.9195
2026-06-08 10:02:02,479 - mmdet - INFO - Epoch [4][1150/1652]	lr: 1.000e-03, eta: 1:52:13, time: 0.510, data_time: 0.046, memory: 4018, bbox_loss: 0.4193, cls_loss: 0.2330, loss: 0.6523, grad_norm: 3.0102
2026-06-08 10:02:27,728 - mmdet - INFO - Epoch [4][1200/1652]	lr: 1.000e-03, eta: 1:51:50, time: 0.505, data_time: 0.045, memory: 4018, bbox_loss: 0.4021, cls_loss: 0.2315, loss: 0.6337, grad_norm: 3.0602
2026-06-08 10:02:53,389 - mmdet - INFO - Epoch [4][1250/1652]	lr: 1.000e-03, eta: 1:51:28, time: 0.513, data_time: 0.046, memory: 4018, bbox_loss: 0.4100, cls_loss: 0.2320, loss: 0.6419, grad_norm: 3.2567
2026-06-08 10:03:18,602 - mmdet - INFO - Epoch [4][1300/1652]	lr: 1.000e-03, eta: 1:51:05, time: 0.504, data_time: 0.046, memory: 4018, bbox_loss: 0.4191, cls_loss: 0.2325, loss: 0.6515, grad_norm: 2.7401
2026-06-08 10:03:42,460 - mmdet - INFO - Epoch [4][1350/1652]	lr: 1.000e-03, eta: 1:50:39, time: 0.477, data_time: 0.046, memory: 4018, bbox_loss: 0.4167, cls_loss: 0.2331, loss: 0.6497, grad_norm: 2.9990
2026-06-08 10:04:07,682 - mmdet - INFO - Epoch [4][1400/1652]	lr: 1.000e-03, eta: 1:50:16, time: 0.504, data_time: 0.046, memory: 4018, bbox_loss: 0.4084, cls_loss: 0.2394, loss: 0.6478, grad_norm: 2.8213
2026-06-08 10:04:31,436 - mmdet - INFO - Epoch [4][1450/1652]	lr: 1.000e-03, eta: 1:49:50, time: 0.475, data_time: 0.044, memory: 4018, bbox_loss: 0.4119, cls_loss: 0.2367, loss: 0.6486, grad_norm: 2.8694
2026-06-08 10:04:55,549 - mmdet - INFO - Epoch [4][1500/1652]	lr: 1.000e-03, eta: 1:49:24, time: 0.482, data_time: 0.046, memory: 4018, bbox_loss: 0.4159, cls_loss: 0.2318, loss: 0.6477, grad_norm: 2.8098
2026-06-08 10:05:19,251 - mmdet - INFO - Epoch [4][1550/1652]	lr: 1.000e-03, eta: 1:48:58, time: 0.474, data_time: 0.044, memory: 4018, bbox_loss: 0.4198, cls_loss: 0.2373, loss: 0.6571, grad_norm: 2.8999
2026-06-08 10:05:43,151 - mmdet - INFO - Epoch [4][1600/1652]	lr: 1.000e-03, eta: 1:48:32, time: 0.478, data_time: 0.045, memory: 4018, bbox_loss: 0.4081, cls_loss: 0.2258, loss: 0.6340, grad_norm: 2.5955
2026-06-08 10:06:06,855 - mmdet - INFO - Epoch [4][1650/1652]	lr: 1.000e-03, eta: 1:48:06, time: 0.474, data_time: 0.046, memory: 4018, bbox_loss: 0.4151, cls_loss: 0.2368, loss: 0.6520, grad_norm: 2.5262
2026-06-08 10:06:07,859 - mmdet - INFO - Saving checkpoint at 4 epochs
2026-06-08 10:06:36,654 - mmdet - INFO - Epoch [5][50/1652]	lr: 1.000e-03, eta: 1:47:46, time: 0.564, data_time: 0.095, memory: 4018, bbox_loss: 0.4138, cls_loss: 0.2271, loss: 0.6409, grad_norm: 2.7938
2026-06-08 10:07:02,657 - mmdet - INFO - Epoch [5][100/1652]	lr: 1.000e-03, eta: 1:47:24, time: 0.520, data_time: 0.045, memory: 4018, bbox_loss: 0.4089, cls_loss: 0.2305, loss: 0.6394, grad_norm: 3.1256
2026-06-08 10:07:28,135 - mmdet - INFO - Epoch [5][150/1652]	lr: 1.000e-03, eta: 1:47:01, time: 0.510, data_time: 0.045, memory: 4018, bbox_loss: 0.4077, cls_loss: 0.2293, loss: 0.6370, grad_norm: 2.8985
2026-06-08 10:07:53,968 - mmdet - INFO - Epoch [5][200/1652]	lr: 1.000e-03, eta: 1:46:39, time: 0.517, data_time: 0.046, memory: 4018, bbox_loss: 0.4135, cls_loss: 0.2334, loss: 0.6470, grad_norm: 2.5391
2026-06-08 10:08:19,335 - mmdet - INFO - Epoch [5][250/1652]	lr: 1.000e-03, eta: 1:46:16, time: 0.507, data_time: 0.045, memory: 4018, bbox_loss: 0.4083, cls_loss: 0.2335, loss: 0.6418, grad_norm: 2.6543
2026-06-08 10:08:44,870 - mmdet - INFO - Epoch [5][300/1652]	lr: 1.000e-03, eta: 1:45:53, time: 0.511, data_time: 0.046, memory: 4018, bbox_loss: 0.4022, cls_loss: 0.2253, loss: 0.6275, grad_norm: 2.7225
2026-06-08 10:09:09,516 - mmdet - INFO - Epoch [5][350/1652]	lr: 1.000e-03, eta: 1:45:28, time: 0.493, data_time: 0.046, memory: 4018, bbox_loss: 0.4080, cls_loss: 0.2273, loss: 0.6354, grad_norm: 2.8780
2026-06-08 10:09:33,462 - mmdet - INFO - Epoch [5][400/1652]	lr: 1.000e-03, eta: 1:45:03, time: 0.479, data_time: 0.046, memory: 4018, bbox_loss: 0.4117, cls_loss: 0.2266, loss: 0.6383, grad_norm: 2.6169
2026-06-08 10:09:57,420 - mmdet - INFO - Epoch [5][450/1652]	lr: 1.000e-03, eta: 1:44:37, time: 0.479, data_time: 0.045, memory: 4018, bbox_loss: 0.4024, cls_loss: 0.2269, loss: 0.6294, grad_norm: 2.5850
2026-06-08 10:10:21,736 - mmdet - INFO - Epoch [5][500/1652]	lr: 1.000e-03, eta: 1:44:12, time: 0.486, data_time: 0.046, memory: 4018, bbox_loss: 0.4137, cls_loss: 0.2321, loss: 0.6458, grad_norm: 2.6250
2026-06-08 10:10:45,583 - mmdet - INFO - Epoch [5][550/1652]	lr: 1.000e-03, eta: 1:43:46, time: 0.477, data_time: 0.045, memory: 4018, bbox_loss: 0.4072, cls_loss: 0.2323, loss: 0.6396, grad_norm: 2.6468
2026-06-08 10:11:09,449 - mmdet - INFO - Epoch [5][600/1652]	lr: 1.000e-03, eta: 1:43:20, time: 0.477, data_time: 0.044, memory: 4018, bbox_loss: 0.4130, cls_loss: 0.2369, loss: 0.6499, grad_norm: 2.8344
2026-06-08 10:11:33,547 - mmdet - INFO - Epoch [5][650/1652]	lr: 1.000e-03, eta: 1:42:55, time: 0.482, data_time: 0.046, memory: 4018, bbox_loss: 0.4094, cls_loss: 0.2383, loss: 0.6477, grad_norm: 2.7211
2026-06-08 10:11:58,001 - mmdet - INFO - Epoch [5][700/1652]	lr: 1.000e-03, eta: 1:42:30, time: 0.489, data_time: 0.047, memory: 4018, bbox_loss: 0.4042, cls_loss: 0.2271, loss: 0.6313, grad_norm: 2.7032
2026-06-08 10:12:22,024 - mmdet - INFO - Epoch [5][750/1652]	lr: 1.000e-03, eta: 1:42:05, time: 0.480, data_time: 0.045, memory: 4018, bbox_loss: 0.4145, cls_loss: 0.2324, loss: 0.6470, grad_norm: 2.4593
2026-06-08 10:12:46,236 - mmdet - INFO - Epoch [5][800/1652]	lr: 1.000e-03, eta: 1:41:39, time: 0.484, data_time: 0.049, memory: 4018, bbox_loss: 0.4112, cls_loss: 0.2362, loss: 0.6474, grad_norm: 2.4119
2026-06-08 10:13:10,284 - mmdet - INFO - Epoch [5][850/1652]	lr: 1.000e-03, eta: 1:41:14, time: 0.481, data_time: 0.047, memory: 4018, bbox_loss: 0.3922, cls_loss: 0.2186, loss: 0.6108, grad_norm: 2.7529
2026-06-08 10:13:34,573 - mmdet - INFO - Epoch [5][900/1652]	lr: 1.000e-03, eta: 1:40:49, time: 0.486, data_time: 0.045, memory: 4027, bbox_loss: 0.4031, cls_loss: 0.2333, loss: 0.6364, grad_norm: 2.7198
2026-06-08 10:13:59,326 - mmdet - INFO - Epoch [5][950/1652]	lr: 1.000e-03, eta: 1:40:25, time: 0.495, data_time: 0.046, memory: 4027, bbox_loss: 0.4048, cls_loss: 0.2258, loss: 0.6306, grad_norm: 2.8090
2026-06-08 10:14:24,729 - mmdet - INFO - Epoch [5][1000/1652]	lr: 1.000e-03, eta: 1:40:01, time: 0.508, data_time: 0.045, memory: 4027, bbox_loss: 0.3976, cls_loss: 0.2192, loss: 0.6168, grad_norm: 2.9671
2026-06-08 10:14:50,235 - mmdet - INFO - Epoch [5][1050/1652]	lr: 1.000e-03, eta: 1:39:38, time: 0.510, data_time: 0.045, memory: 4027, bbox_loss: 0.4042, cls_loss: 0.2228, loss: 0.6270, grad_norm: 2.6982
2026-06-08 10:15:16,323 - mmdet - INFO - Epoch [5][1100/1652]	lr: 1.000e-03, eta: 1:39:16, time: 0.522, data_time: 0.046, memory: 4027, bbox_loss: 0.3978, cls_loss: 0.2227, loss: 0.6206, grad_norm: 2.5970
2026-06-08 10:15:41,649 - mmdet - INFO - Epoch [5][1150/1652]	lr: 1.000e-03, eta: 1:38:53, time: 0.507, data_time: 0.046, memory: 4027, bbox_loss: 0.4096, cls_loss: 0.2201, loss: 0.6297, grad_norm: 2.5383
2026-06-08 10:16:07,238 - mmdet - INFO - Epoch [5][1200/1652]	lr: 1.000e-03, eta: 1:38:30, time: 0.512, data_time: 0.049, memory: 4027, bbox_loss: 0.4063, cls_loss: 0.2281, loss: 0.6344, grad_norm: 2.6211
2026-06-08 10:16:32,891 - mmdet - INFO - Epoch [5][1250/1652]	lr: 1.000e-03, eta: 1:38:07, time: 0.513, data_time: 0.046, memory: 4027, bbox_loss: 0.3997, cls_loss: 0.2229, loss: 0.6226, grad_norm: 2.5752
2026-06-08 10:16:57,583 - mmdet - INFO - Epoch [5][1300/1652]	lr: 1.000e-03, eta: 1:37:42, time: 0.494, data_time: 0.045, memory: 4027, bbox_loss: 0.4013, cls_loss: 0.2323, loss: 0.6336, grad_norm: 2.4410
2026-06-08 10:17:23,088 - mmdet - INFO - Epoch [5][1350/1652]	lr: 1.000e-03, eta: 1:37:19, time: 0.510, data_time: 0.047, memory: 4027, bbox_loss: 0.4073, cls_loss: 0.2155, loss: 0.6227, grad_norm: 2.8264
2026-06-08 10:17:48,751 - mmdet - INFO - Epoch [5][1400/1652]	lr: 1.000e-03, eta: 1:36:56, time: 0.513, data_time: 0.045, memory: 4027, bbox_loss: 0.3986, cls_loss: 0.2215, loss: 0.6202, grad_norm: 2.6738
2026-06-08 10:18:13,704 - mmdet - INFO - Epoch [5][1450/1652]	lr: 1.000e-03, eta: 1:36:32, time: 0.499, data_time: 0.044, memory: 4027, bbox_loss: 0.4050, cls_loss: 0.2349, loss: 0.6398, grad_norm: 2.5384
2026-06-08 10:18:38,119 - mmdet - INFO - Epoch [5][1500/1652]	lr: 1.000e-03, eta: 1:36:07, time: 0.488, data_time: 0.045, memory: 4027, bbox_loss: 0.4078, cls_loss: 0.2321, loss: 0.6399, grad_norm: 2.4019
2026-06-08 10:19:02,038 - mmdet - INFO - Epoch [5][1550/1652]	lr: 1.000e-03, eta: 1:35:41, time: 0.478, data_time: 0.045, memory: 4027, bbox_loss: 0.3932, cls_loss: 0.2195, loss: 0.6127, grad_norm: 2.5309
2026-06-08 10:19:26,068 - mmdet - INFO - Epoch [5][1600/1652]	lr: 1.000e-03, eta: 1:35:16, time: 0.481, data_time: 0.046, memory: 4027, bbox_loss: 0.4045, cls_loss: 0.2281, loss: 0.6327, grad_norm: 2.4389
2026-06-08 10:19:51,260 - mmdet - INFO - Epoch [5][1650/1652]	lr: 1.000e-03, eta: 1:34:52, time: 0.504, data_time: 0.047, memory: 4027, bbox_loss: 0.3985, cls_loss: 0.2259, loss: 0.6244, grad_norm: 2.4480
2026-06-08 10:19:52,340 - mmdet - INFO - Saving checkpoint at 5 epochs
2026-06-08 10:20:20,988 - mmdet - INFO - Epoch [6][50/1652]	lr: 1.000e-03, eta: 1:34:30, time: 0.558, data_time: 0.095, memory: 4027, bbox_loss: 0.3971, cls_loss: 0.2178, loss: 0.6149, grad_norm: 2.2329
2026-06-08 10:20:46,380 - mmdet - INFO - Epoch [6][100/1652]	lr: 1.000e-03, eta: 1:34:06, time: 0.508, data_time: 0.044, memory: 4027, bbox_loss: 0.4095, cls_loss: 0.2298, loss: 0.6392, grad_norm: 2.3197
2026-06-08 10:21:12,059 - mmdet - INFO - Epoch [6][150/1652]	lr: 1.000e-03, eta: 1:33:43, time: 0.514, data_time: 0.045, memory: 4027, bbox_loss: 0.3958, cls_loss: 0.2184, loss: 0.6142, grad_norm: 2.4351
2026-06-08 10:21:37,777 - mmdet - INFO - Epoch [6][200/1652]	lr: 1.000e-03, eta: 1:33:20, time: 0.514, data_time: 0.045, memory: 4027, bbox_loss: 0.3962, cls_loss: 0.2182, loss: 0.6143, grad_norm: 2.5310
2026-06-08 10:22:03,635 - mmdet - INFO - Epoch [6][250/1652]	lr: 1.000e-03, eta: 1:32:57, time: 0.517, data_time: 0.045, memory: 4027, bbox_loss: 0.3970, cls_loss: 0.2199, loss: 0.6169, grad_norm: 2.5825
2026-06-08 10:22:29,613 - mmdet - INFO - Epoch [6][300/1652]	lr: 1.000e-03, eta: 1:32:34, time: 0.520, data_time: 0.046, memory: 4027, bbox_loss: 0.3962, cls_loss: 0.2216, loss: 0.6178, grad_norm: 2.7990
2026-06-08 10:22:55,318 - mmdet - INFO - Epoch [6][350/1652]	lr: 1.000e-03, eta: 1:32:11, time: 0.514, data_time: 0.046, memory: 4027, bbox_loss: 0.4030, cls_loss: 0.2224, loss: 0.6254, grad_norm: 2.4717
2026-06-08 10:23:20,920 - mmdet - INFO - Epoch [6][400/1652]	lr: 1.000e-03, eta: 1:31:47, time: 0.512, data_time: 0.045, memory: 4027, bbox_loss: 0.3889, cls_loss: 0.2157, loss: 0.6046, grad_norm: 2.6563
2026-06-08 10:23:46,658 - mmdet - INFO - Epoch [6][450/1652]	lr: 1.000e-03, eta: 1:31:24, time: 0.515, data_time: 0.047, memory: 4027, bbox_loss: 0.3976, cls_loss: 0.2192, loss: 0.6169, grad_norm: 2.5293
2026-06-08 10:24:12,343 - mmdet - INFO - Epoch [6][500/1652]	lr: 1.000e-03, eta: 1:31:00, time: 0.514, data_time: 0.047, memory: 4027, bbox_loss: 0.4010, cls_loss: 0.2265, loss: 0.6274, grad_norm: 2.2440
2026-06-08 10:24:38,113 - mmdet - INFO - Epoch [6][550/1652]	lr: 1.000e-03, eta: 1:30:37, time: 0.515, data_time: 0.049, memory: 4027, bbox_loss: 0.3934, cls_loss: 0.2203, loss: 0.6137, grad_norm: 2.3853
2026-06-08 10:25:03,858 - mmdet - INFO - Epoch [6][600/1652]	lr: 1.000e-03, eta: 1:30:14, time: 0.515, data_time: 0.046, memory: 4027, bbox_loss: 0.4086, cls_loss: 0.2211, loss: 0.6297, grad_norm: 2.2180
2026-06-08 10:25:29,209 - mmdet - INFO - Epoch [6][650/1652]	lr: 1.000e-03, eta: 1:29:50, time: 0.507, data_time: 0.046, memory: 4027, bbox_loss: 0.3993, cls_loss: 0.2184, loss: 0.6177, grad_norm: 2.4230
2026-06-08 10:25:54,495 - mmdet - INFO - Epoch [6][700/1652]	lr: 1.000e-03, eta: 1:29:26, time: 0.506, data_time: 0.044, memory: 4027, bbox_loss: 0.3987, cls_loss: 0.2223, loss: 0.6210, grad_norm: 2.2544
2026-06-08 10:26:19,334 - mmdet - INFO - Epoch [6][750/1652]	lr: 1.000e-03, eta: 1:29:01, time: 0.497, data_time: 0.046, memory: 4027, bbox_loss: 0.3950, cls_loss: 0.2227, loss: 0.6178, grad_norm: 2.2872
2026-06-08 10:26:43,429 - mmdet - INFO - Epoch [6][800/1652]	lr: 1.000e-03, eta: 1:28:36, time: 0.482, data_time: 0.046, memory: 4027, bbox_loss: 0.3932, cls_loss: 0.2192, loss: 0.6124, grad_norm: 2.0361
2026-06-08 10:27:07,633 - mmdet - INFO - Epoch [6][850/1652]	lr: 1.000e-03, eta: 1:28:11, time: 0.484, data_time: 0.045, memory: 4027, bbox_loss: 0.3992, cls_loss: 0.2165, loss: 0.6157, grad_norm: 2.4911
2026-06-08 10:27:33,309 - mmdet - INFO - Epoch [6][900/1652]	lr: 1.000e-03, eta: 1:27:47, time: 0.514, data_time: 0.047, memory: 4027, bbox_loss: 0.3975, cls_loss: 0.2205, loss: 0.6181, grad_norm: 2.4241
2026-06-08 10:27:58,721 - mmdet - INFO - Epoch [6][950/1652]	lr: 1.000e-03, eta: 1:27:23, time: 0.508, data_time: 0.045, memory: 4027, bbox_loss: 0.3875, cls_loss: 0.2089, loss: 0.5964, grad_norm: 2.3756
2026-06-08 10:28:24,361 - mmdet - INFO - Epoch [6][1000/1652]	lr: 1.000e-03, eta: 1:27:00, time: 0.513, data_time: 0.047, memory: 4027, bbox_loss: 0.3883, cls_loss: 0.2112, loss: 0.5995, grad_norm: 2.4950
2026-06-08 10:28:49,868 - mmdet - INFO - Epoch [6][1050/1652]	lr: 1.000e-03, eta: 1:26:36, time: 0.510, data_time: 0.046, memory: 4027, bbox_loss: 0.4021, cls_loss: 0.2267, loss: 0.6287, grad_norm: 2.1526
2026-06-08 10:29:15,812 - mmdet - INFO - Epoch [6][1100/1652]	lr: 1.000e-03, eta: 1:26:12, time: 0.519, data_time: 0.045, memory: 4027, bbox_loss: 0.3989, cls_loss: 0.2249, loss: 0.6238, grad_norm: 2.5132
2026-06-08 10:29:41,418 - mmdet - INFO - Epoch [6][1150/1652]	lr: 1.000e-03, eta: 1:25:49, time: 0.512, data_time: 0.046, memory: 4027, bbox_loss: 0.3963, cls_loss: 0.2183, loss: 0.6146, grad_norm: 2.2944
2026-06-08 10:30:07,017 - mmdet - INFO - Epoch [6][1200/1652]	lr: 1.000e-03, eta: 1:25:25, time: 0.512, data_time: 0.045, memory: 4027, bbox_loss: 0.3947, cls_loss: 0.2229, loss: 0.6176, grad_norm: 2.3880
2026-06-08 10:30:32,736 - mmdet - INFO - Epoch [6][1250/1652]	lr: 1.000e-03, eta: 1:25:01, time: 0.514, data_time: 0.047, memory: 4027, bbox_loss: 0.3962, cls_loss: 0.2137, loss: 0.6099, grad_norm: 2.1956
2026-06-08 10:30:58,304 - mmdet - INFO - Epoch [6][1300/1652]	lr: 1.000e-03, eta: 1:24:37, time: 0.511, data_time: 0.048, memory: 4027, bbox_loss: 0.3996, cls_loss: 0.2279, loss: 0.6275, grad_norm: 2.2218
2026-06-08 10:31:23,954 - mmdet - INFO - Epoch [6][1350/1652]	lr: 1.000e-03, eta: 1:24:14, time: 0.513, data_time: 0.047, memory: 4027, bbox_loss: 0.3934, cls_loss: 0.2156, loss: 0.6090, grad_norm: 2.1933
2026-06-08 10:31:49,665 - mmdet - INFO - Epoch [6][1400/1652]	lr: 1.000e-03, eta: 1:23:50, time: 0.514, data_time: 0.046, memory: 4027, bbox_loss: 0.3893, cls_loss: 0.2155, loss: 0.6048, grad_norm: 2.2331
2026-06-08 10:32:15,148 - mmdet - INFO - Epoch [6][1450/1652]	lr: 1.000e-03, eta: 1:23:26, time: 0.510, data_time: 0.045, memory: 4027, bbox_loss: 0.3897, cls_loss: 0.2203, loss: 0.6100, grad_norm: 2.2734
2026-06-08 10:32:40,657 - mmdet - INFO - Epoch [6][1500/1652]	lr: 1.000e-03, eta: 1:23:02, time: 0.510, data_time: 0.047, memory: 4027, bbox_loss: 0.3869, cls_loss: 0.2118, loss: 0.5987, grad_norm: 2.3051
2026-06-08 10:33:06,292 - mmdet - INFO - Epoch [6][1550/1652]	lr: 1.000e-03, eta: 1:22:38, time: 0.513, data_time: 0.047, memory: 4027, bbox_loss: 0.3857, cls_loss: 0.2092, loss: 0.5949, grad_norm: 2.4480
2026-06-08 10:33:32,005 - mmdet - INFO - Epoch [6][1600/1652]	lr: 1.000e-03, eta: 1:22:14, time: 0.514, data_time: 0.047, memory: 4027, bbox_loss: 0.3942, cls_loss: 0.2173, loss: 0.6115, grad_norm: 2.2224
2026-06-08 10:33:57,719 - mmdet - INFO - Epoch [6][1650/1652]	lr: 1.000e-03, eta: 1:21:51, time: 0.514, data_time: 0.045, memory: 4027, bbox_loss: 0.3862, cls_loss: 0.2154, loss: 0.6016, grad_norm: 2.5229
2026-06-08 10:33:58,844 - mmdet - INFO - Saving checkpoint at 6 epochs
2026-06-08 10:34:27,854 - mmdet - INFO - Epoch [7][50/1652]	lr: 1.000e-03, eta: 1:21:27, time: 0.565, data_time: 0.095, memory: 4027, bbox_loss: 0.3916, cls_loss: 0.2189, loss: 0.6105, grad_norm: 2.1045
2026-06-08 10:34:53,639 - mmdet - INFO - Epoch [7][100/1652]	lr: 1.000e-03, eta: 1:21:03, time: 0.516, data_time: 0.047, memory: 4027, bbox_loss: 0.3910, cls_loss: 0.2215, loss: 0.6124, grad_norm: 2.3328
2026-06-08 10:35:19,142 - mmdet - INFO - Epoch [7][150/1652]	lr: 1.000e-03, eta: 1:20:39, time: 0.510, data_time: 0.045, memory: 4027, bbox_loss: 0.3848, cls_loss: 0.2012, loss: 0.5859, grad_norm: 2.4633
2026-06-08 10:35:44,819 - mmdet - INFO - Epoch [7][200/1652]	lr: 1.000e-03, eta: 1:20:15, time: 0.514, data_time: 0.045, memory: 4027, bbox_loss: 0.3893, cls_loss: 0.2122, loss: 0.6015, grad_norm: 2.3729
2026-06-08 10:36:09,185 - mmdet - INFO - Epoch [7][250/1652]	lr: 1.000e-03, eta: 1:19:50, time: 0.487, data_time: 0.048, memory: 4027, bbox_loss: 0.3888, cls_loss: 0.2103, loss: 0.5990, grad_norm: 2.1158
2026-06-08 10:36:33,042 - mmdet - INFO - Epoch [7][300/1652]	lr: 1.000e-03, eta: 1:19:25, time: 0.477, data_time: 0.044, memory: 4027, bbox_loss: 0.3856, cls_loss: 0.2112, loss: 0.5968, grad_norm: 2.2182
2026-06-08 10:36:57,699 - mmdet - INFO - Epoch [7][350/1652]	lr: 1.000e-03, eta: 1:19:00, time: 0.493, data_time: 0.044, memory: 4027, bbox_loss: 0.3822, cls_loss: 0.2141, loss: 0.5963, grad_norm: 2.3652
2026-06-08 10:37:23,596 - mmdet - INFO - Epoch [7][400/1652]	lr: 1.000e-03, eta: 1:18:36, time: 0.518, data_time: 0.044, memory: 4027, bbox_loss: 0.3979, cls_loss: 0.2228, loss: 0.6207, grad_norm: 1.9975
2026-06-08 10:37:48,967 - mmdet - INFO - Epoch [7][450/1652]	lr: 1.000e-03, eta: 1:18:12, time: 0.507, data_time: 0.044, memory: 4027, bbox_loss: 0.3927, cls_loss: 0.2204, loss: 0.6131, grad_norm: 1.9680
2026-06-08 10:38:13,711 - mmdet - INFO - Epoch [7][500/1652]	lr: 1.000e-03, eta: 1:17:47, time: 0.495, data_time: 0.045, memory: 4027, bbox_loss: 0.3822, cls_loss: 0.2110, loss: 0.5932, grad_norm: 2.1706
2026-06-08 10:38:37,512 - mmdet - INFO - Epoch [7][550/1652]	lr: 1.000e-03, eta: 1:17:21, time: 0.476, data_time: 0.045, memory: 4027, bbox_loss: 0.3867, cls_loss: 0.2071, loss: 0.5938, grad_norm: 2.3637
2026-06-08 10:39:01,692 - mmdet - INFO - Epoch [7][600/1652]	lr: 1.000e-03, eta: 1:16:56, time: 0.484, data_time: 0.047, memory: 4027, bbox_loss: 0.3871, cls_loss: 0.2171, loss: 0.6042, grad_norm: 1.9826
2026-06-08 10:39:25,951 - mmdet - INFO - Epoch [7][650/1652]	lr: 1.000e-03, eta: 1:16:31, time: 0.485, data_time: 0.046, memory: 4027, bbox_loss: 0.3874, cls_loss: 0.2093, loss: 0.5967, grad_norm: 2.2507
2026-06-08 10:39:50,166 - mmdet - INFO - Epoch [7][700/1652]	lr: 1.000e-03, eta: 1:16:05, time: 0.484, data_time: 0.044, memory: 4027, bbox_loss: 0.3948, cls_loss: 0.2165, loss: 0.6113, grad_norm: 2.1162
2026-06-08 10:40:14,268 - mmdet - INFO - Epoch [7][750/1652]	lr: 1.000e-03, eta: 1:15:40, time: 0.482, data_time: 0.046, memory: 4027, bbox_loss: 0.3883, cls_loss: 0.2149, loss: 0.6031, grad_norm: 2.2087
2026-06-08 10:40:39,120 - mmdet - INFO - Epoch [7][800/1652]	lr: 1.000e-03, eta: 1:15:15, time: 0.497, data_time: 0.046, memory: 4027, bbox_loss: 0.3900, cls_loss: 0.2121, loss: 0.6021, grad_norm: 2.1382
2026-06-08 10:41:04,350 - mmdet - INFO - Epoch [7][850/1652]	lr: 1.000e-03, eta: 1:14:51, time: 0.505, data_time: 0.045, memory: 4027, bbox_loss: 0.3853, cls_loss: 0.2100, loss: 0.5953, grad_norm: 2.0176
2026-06-08 10:41:29,405 - mmdet - INFO - Epoch [7][900/1652]	lr: 1.000e-03, eta: 1:14:26, time: 0.501, data_time: 0.044, memory: 4027, bbox_loss: 0.3817, cls_loss: 0.2020, loss: 0.5837, grad_norm: 2.2301
2026-06-08 10:41:53,663 - mmdet - INFO - Epoch [7][950/1652]	lr: 1.000e-03, eta: 1:14:01, time: 0.485, data_time: 0.045, memory: 4027, bbox_loss: 0.3863, cls_loss: 0.2090, loss: 0.5953, grad_norm: 2.2295
2026-06-08 10:42:17,734 - mmdet - INFO - Epoch [7][1000/1652]	lr: 1.000e-03, eta: 1:13:36, time: 0.481, data_time: 0.044, memory: 4027, bbox_loss: 0.3820, cls_loss: 0.2073, loss: 0.5893, grad_norm: 2.0753
2026-06-08 10:42:41,804 - mmdet - INFO - Epoch [7][1050/1652]	lr: 1.000e-03, eta: 1:13:10, time: 0.481, data_time: 0.045, memory: 4027, bbox_loss: 0.3895, cls_loss: 0.2118, loss: 0.6013, grad_norm: 2.3202
2026-06-08 10:43:06,336 - mmdet - INFO - Epoch [7][1100/1652]	lr: 1.000e-03, eta: 1:12:45, time: 0.491, data_time: 0.046, memory: 4027, bbox_loss: 0.3888, cls_loss: 0.2177, loss: 0.6065, grad_norm: 2.2326
2026-06-08 10:43:30,552 - mmdet - INFO - Epoch [7][1150/1652]	lr: 1.000e-03, eta: 1:12:20, time: 0.484, data_time: 0.045, memory: 4027, bbox_loss: 0.3889, cls_loss: 0.2172, loss: 0.6061, grad_norm: 2.1921
2026-06-08 10:43:54,594 - mmdet - INFO - Epoch [7][1200/1652]	lr: 1.000e-03, eta: 1:11:55, time: 0.481, data_time: 0.045, memory: 4027, bbox_loss: 0.3810, cls_loss: 0.2055, loss: 0.5865, grad_norm: 2.2336
2026-06-08 10:44:19,164 - mmdet - INFO - Epoch [7][1250/1652]	lr: 1.000e-03, eta: 1:11:30, time: 0.491, data_time: 0.045, memory: 4027, bbox_loss: 0.3914, cls_loss: 0.2131, loss: 0.6045, grad_norm: 2.1842
2026-06-08 10:44:45,192 - mmdet - INFO - Epoch [7][1300/1652]	lr: 1.000e-03, eta: 1:11:06, time: 0.521, data_time: 0.050, memory: 4027, bbox_loss: 0.3857, cls_loss: 0.2048, loss: 0.5906, grad_norm: 2.1610
2026-06-08 10:45:10,803 - mmdet - INFO - Epoch [7][1350/1652]	lr: 1.000e-03, eta: 1:10:42, time: 0.512, data_time: 0.045, memory: 4027, bbox_loss: 0.3825, cls_loss: 0.2029, loss: 0.5854, grad_norm: 2.0661
2026-06-08 10:45:36,521 - mmdet - INFO - Epoch [7][1400/1652]	lr: 1.000e-03, eta: 1:10:18, time: 0.514, data_time: 0.045, memory: 4027, bbox_loss: 0.3800, cls_loss: 0.2060, loss: 0.5860, grad_norm: 2.3260
2026-06-08 10:46:02,056 - mmdet - INFO - Epoch [7][1450/1652]	lr: 1.000e-03, eta: 1:09:54, time: 0.511, data_time: 0.046, memory: 4027, bbox_loss: 0.3893, cls_loss: 0.2194, loss: 0.6087, grad_norm: 2.1483
2026-06-08 10:46:27,372 - mmdet - INFO - Epoch [7][1500/1652]	lr: 1.000e-03, eta: 1:09:29, time: 0.506, data_time: 0.045, memory: 4027, bbox_loss: 0.3856, cls_loss: 0.2046, loss: 0.5902, grad_norm: 2.0426
2026-06-08 10:46:53,200 - mmdet - INFO - Epoch [7][1550/1652]	lr: 1.000e-03, eta: 1:09:05, time: 0.517, data_time: 0.046, memory: 4027, bbox_loss: 0.3952, cls_loss: 0.2160, loss: 0.6111, grad_norm: 2.1347
2026-06-08 10:47:18,656 - mmdet - INFO - Epoch [7][1600/1652]	lr: 1.000e-03, eta: 1:08:41, time: 0.509, data_time: 0.047, memory: 4027, bbox_loss: 0.3883, cls_loss: 0.2097, loss: 0.5981, grad_norm: 1.7904
2026-06-08 10:47:44,483 - mmdet - INFO - Epoch [7][1650/1652]	lr: 1.000e-03, eta: 1:08:17, time: 0.517, data_time: 0.047, memory: 4027, bbox_loss: 0.3900, cls_loss: 0.2122, loss: 0.6022, grad_norm: 2.0021
2026-06-08 10:47:45,552 - mmdet - INFO - Saving checkpoint at 7 epochs
2026-06-08 10:48:14,511 - mmdet - INFO - Epoch [8][50/1652]	lr: 1.000e-03, eta: 1:07:53, time: 0.564, data_time: 0.095, memory: 4027, bbox_loss: 0.3830, cls_loss: 0.2088, loss: 0.5917, grad_norm: 2.0548
2026-06-08 10:48:40,119 - mmdet - INFO - Epoch [8][100/1652]	lr: 1.000e-03, eta: 1:07:29, time: 0.512, data_time: 0.045, memory: 4027, bbox_loss: 0.3759, cls_loss: 0.2015, loss: 0.5774, grad_norm: 1.9958
2026-06-08 10:49:05,791 - mmdet - INFO - Epoch [8][150/1652]	lr: 1.000e-03, eta: 1:07:04, time: 0.513, data_time: 0.045, memory: 4027, bbox_loss: 0.3832, cls_loss: 0.2103, loss: 0.5936, grad_norm: 2.0361
2026-06-08 10:49:31,065 - mmdet - INFO - Epoch [8][200/1652]	lr: 1.000e-03, eta: 1:06:40, time: 0.505, data_time: 0.045, memory: 4027, bbox_loss: 0.3863, cls_loss: 0.2127, loss: 0.5991, grad_norm: 2.0941
2026-06-08 10:49:56,569 - mmdet - INFO - Epoch [8][250/1652]	lr: 1.000e-03, eta: 1:06:16, time: 0.510, data_time: 0.044, memory: 4027, bbox_loss: 0.3851, cls_loss: 0.2067, loss: 0.5918, grad_norm: 1.9368
2026-06-08 10:50:22,626 - mmdet - INFO - Epoch [8][300/1652]	lr: 1.000e-03, eta: 1:05:52, time: 0.521, data_time: 0.049, memory: 4027, bbox_loss: 0.3774, cls_loss: 0.2016, loss: 0.5790, grad_norm: 2.1134
2026-06-08 10:50:48,505 - mmdet - INFO - Epoch [8][350/1652]	lr: 1.000e-03, eta: 1:05:27, time: 0.518, data_time: 0.046, memory: 4027, bbox_loss: 0.3875, cls_loss: 0.2136, loss: 0.6012, grad_norm: 1.7916
2026-06-08 10:51:13,852 - mmdet - INFO - Epoch [8][400/1652]	lr: 1.000e-03, eta: 1:05:03, time: 0.507, data_time: 0.044, memory: 4027, bbox_loss: 0.3909, cls_loss: 0.2089, loss: 0.5998, grad_norm: 2.1340
2026-06-08 10:51:39,100 - mmdet - INFO - Epoch [8][450/1652]	lr: 1.000e-03, eta: 1:04:38, time: 0.505, data_time: 0.045, memory: 4027, bbox_loss: 0.3783, cls_loss: 0.1984, loss: 0.5767, grad_norm: 2.0152
2026-06-08 10:52:04,366 - mmdet - INFO - Epoch [8][500/1652]	lr: 1.000e-03, eta: 1:04:14, time: 0.505, data_time: 0.044, memory: 4027, bbox_loss: 0.3823, cls_loss: 0.2069, loss: 0.5892, grad_norm: 1.8177
2026-06-08 10:52:29,742 - mmdet - INFO - Epoch [8][550/1652]	lr: 1.000e-03, eta: 1:03:49, time: 0.508, data_time: 0.044, memory: 4027, bbox_loss: 0.3831, cls_loss: 0.2050, loss: 0.5881, grad_norm: 1.9915
2026-06-08 10:52:55,038 - mmdet - INFO - Epoch [8][600/1652]	lr: 1.000e-03, eta: 1:03:25, time: 0.506, data_time: 0.044, memory: 4027, bbox_loss: 0.3780, cls_loss: 0.2005, loss: 0.5785, grad_norm: 2.1037
2026-06-08 10:53:20,593 - mmdet - INFO - Epoch [8][650/1652]	lr: 1.000e-03, eta: 1:03:00, time: 0.511, data_time: 0.044, memory: 4027, bbox_loss: 0.3732, cls_loss: 0.2033, loss: 0.5765, grad_norm: 2.0455
2026-06-08 10:53:44,790 - mmdet - INFO - Epoch [8][700/1652]	lr: 1.000e-03, eta: 1:02:35, time: 0.484, data_time: 0.045, memory: 4027, bbox_loss: 0.3840, cls_loss: 0.2032, loss: 0.5872, grad_norm: 2.0424
2026-06-08 10:54:09,676 - mmdet - INFO - Epoch [8][750/1652]	lr: 1.000e-03, eta: 1:02:10, time: 0.498, data_time: 0.043, memory: 4027, bbox_loss: 0.3704, cls_loss: 0.2012, loss: 0.5716, grad_norm: 2.0225
2026-06-08 10:54:35,165 - mmdet - INFO - Epoch [8][800/1652]	lr: 1.000e-03, eta: 1:01:46, time: 0.510, data_time: 0.043, memory: 4027, bbox_loss: 0.3798, cls_loss: 0.2113, loss: 0.5911, grad_norm: 2.0505
2026-06-08 10:55:00,525 - mmdet - INFO - Epoch [8][850/1652]	lr: 1.000e-03, eta: 1:01:21, time: 0.507, data_time: 0.044, memory: 4027, bbox_loss: 0.3853, cls_loss: 0.2122, loss: 0.5975, grad_norm: 2.0483
2026-06-08 10:55:26,045 - mmdet - INFO - Epoch [8][900/1652]	lr: 1.000e-03, eta: 1:00:57, time: 0.510, data_time: 0.045, memory: 4027, bbox_loss: 0.3798, cls_loss: 0.2045, loss: 0.5843, grad_norm: 1.9836
2026-06-08 10:55:51,564 - mmdet - INFO - Epoch [8][950/1652]	lr: 1.000e-03, eta: 1:00:32, time: 0.510, data_time: 0.046, memory: 4027, bbox_loss: 0.3858, cls_loss: 0.2039, loss: 0.5897, grad_norm: 2.1382
2026-06-08 10:56:17,161 - mmdet - INFO - Epoch [8][1000/1652]	lr: 1.000e-03, eta: 1:00:08, time: 0.512, data_time: 0.045, memory: 4027, bbox_loss: 0.3875, cls_loss: 0.2099, loss: 0.5973, grad_norm: 1.8534
2026-06-08 10:56:42,891 - mmdet - INFO - Epoch [8][1050/1652]	lr: 1.000e-03, eta: 0:59:44, time: 0.515, data_time: 0.045, memory: 4027, bbox_loss: 0.3966, cls_loss: 0.2134, loss: 0.6100, grad_norm: 1.7880
2026-06-08 10:57:07,520 - mmdet - INFO - Epoch [8][1100/1652]	lr: 1.000e-03, eta: 0:59:19, time: 0.493, data_time: 0.044, memory: 4027, bbox_loss: 0.3832, cls_loss: 0.2084, loss: 0.5916, grad_norm: 1.8567
2026-06-08 10:57:32,465 - mmdet - INFO - Epoch [8][1150/1652]	lr: 1.000e-03, eta: 0:58:54, time: 0.499, data_time: 0.044, memory: 4027, bbox_loss: 0.3808, cls_loss: 0.2071, loss: 0.5879, grad_norm: 1.9233
2026-06-08 10:57:58,312 - mmdet - INFO - Epoch [8][1200/1652]	lr: 1.000e-03, eta: 0:58:30, time: 0.517, data_time: 0.047, memory: 4027, bbox_loss: 0.3825, cls_loss: 0.2076, loss: 0.5901, grad_norm: 2.1695
2026-06-08 10:58:23,837 - mmdet - INFO - Epoch [8][1250/1652]	lr: 1.000e-03, eta: 0:58:05, time: 0.510, data_time: 0.045, memory: 4027, bbox_loss: 0.3833, cls_loss: 0.2112, loss: 0.5945, grad_norm: 1.9795
2026-06-08 10:58:49,449 - mmdet - INFO - Epoch [8][1300/1652]	lr: 1.000e-03, eta: 0:57:41, time: 0.512, data_time: 0.044, memory: 4027, bbox_loss: 0.3715, cls_loss: 0.1950, loss: 0.5665, grad_norm: 1.9762
2026-06-08 10:59:15,137 - mmdet - INFO - Epoch [8][1350/1652]	lr: 1.000e-03, eta: 0:57:16, time: 0.514, data_time: 0.045, memory: 4027, bbox_loss: 0.3819, cls_loss: 0.1982, loss: 0.5801, grad_norm: 1.9923
2026-06-08 10:59:41,021 - mmdet - INFO - Epoch [8][1400/1652]	lr: 1.000e-03, eta: 0:56:52, time: 0.518, data_time: 0.046, memory: 4027, bbox_loss: 0.3667, cls_loss: 0.1973, loss: 0.5640, grad_norm: 1.9195
2026-06-08 11:00:06,749 - mmdet - INFO - Epoch [8][1450/1652]	lr: 1.000e-03, eta: 0:56:27, time: 0.515, data_time: 0.046, memory: 4027, bbox_loss: 0.3789, cls_loss: 0.2041, loss: 0.5830, grad_norm: 1.8293
2026-06-08 11:00:32,784 - mmdet - INFO - Epoch [8][1500/1652]	lr: 1.000e-03, eta: 0:56:03, time: 0.521, data_time: 0.047, memory: 4027, bbox_loss: 0.3771, cls_loss: 0.2019, loss: 0.5790, grad_norm: 1.9531
2026-06-08 11:00:58,411 - mmdet - INFO - Epoch [8][1550/1652]	lr: 1.000e-03, eta: 0:55:39, time: 0.513, data_time: 0.046, memory: 4027, bbox_loss: 0.3750, cls_loss: 0.2022, loss: 0.5772, grad_norm: 2.1088
2026-06-08 11:01:23,889 - mmdet - INFO - Epoch [8][1600/1652]	lr: 1.000e-03, eta: 0:55:14, time: 0.510, data_time: 0.046, memory: 4027, bbox_loss: 0.3846, cls_loss: 0.2064, loss: 0.5909, grad_norm: 1.8714
2026-06-08 11:01:48,181 - mmdet - INFO - Epoch [8][1650/1652]	lr: 1.000e-03, eta: 0:54:49, time: 0.486, data_time: 0.046, memory: 4027, bbox_loss: 0.3889, cls_loss: 0.2044, loss: 0.5933, grad_norm: 2.1132
2026-06-08 11:01:49,143 - mmdet - INFO - Saving checkpoint at 8 epochs
2026-06-08 11:02:18,144 - mmdet - INFO - Epoch [9][50/1652]	lr: 1.000e-04, eta: 0:54:24, time: 0.568, data_time: 0.096, memory: 4027, bbox_loss: 0.3768, cls_loss: 0.1972, loss: 0.5741, grad_norm: 1.5894
2026-06-08 11:02:44,239 - mmdet - INFO - Epoch [9][100/1652]	lr: 1.000e-04, eta: 0:54:00, time: 0.522, data_time: 0.046, memory: 4027, bbox_loss: 0.3558, cls_loss: 0.1912, loss: 0.5469, grad_norm: 1.4791
2026-06-08 11:03:10,230 - mmdet - INFO - Epoch [9][150/1652]	lr: 1.000e-04, eta: 0:53:36, time: 0.520, data_time: 0.044, memory: 4027, bbox_loss: 0.3650, cls_loss: 0.2008, loss: 0.5658, grad_norm: 1.5349
2026-06-08 11:03:35,859 - mmdet - INFO - Epoch [9][200/1652]	lr: 1.000e-04, eta: 0:53:11, time: 0.513, data_time: 0.046, memory: 4027, bbox_loss: 0.3643, cls_loss: 0.1923, loss: 0.5565, grad_norm: 1.6240
2026-06-08 11:04:01,275 - mmdet - INFO - Epoch [9][250/1652]	lr: 1.000e-04, eta: 0:52:46, time: 0.508, data_time: 0.045, memory: 4027, bbox_loss: 0.3680, cls_loss: 0.1963, loss: 0.5643, grad_norm: 1.4864
2026-06-08 11:04:26,882 - mmdet - INFO - Epoch [9][300/1652]	lr: 1.000e-04, eta: 0:52:22, time: 0.512, data_time: 0.045, memory: 4027, bbox_loss: 0.3715, cls_loss: 0.1978, loss: 0.5693, grad_norm: 1.5838
2026-06-08 11:04:52,359 - mmdet - INFO - Epoch [9][350/1652]	lr: 1.000e-04, eta: 0:51:57, time: 0.510, data_time: 0.044, memory: 4027, bbox_loss: 0.3665, cls_loss: 0.1903, loss: 0.5568, grad_norm: 1.6051
2026-06-08 11:05:17,385 - mmdet - INFO - Epoch [9][400/1652]	lr: 1.000e-04, eta: 0:51:32, time: 0.501, data_time: 0.046, memory: 4027, bbox_loss: 0.3565, cls_loss: 0.1920, loss: 0.5485, grad_norm: 1.5587
2026-06-08 11:05:41,584 - mmdet - INFO - Epoch [9][450/1652]	lr: 1.000e-04, eta: 0:51:07, time: 0.484, data_time: 0.045, memory: 4027, bbox_loss: 0.3589, cls_loss: 0.1893, loss: 0.5482, grad_norm: 1.6598
2026-06-08 11:06:06,428 - mmdet - INFO - Epoch [9][500/1652]	lr: 1.000e-04, eta: 0:50:42, time: 0.497, data_time: 0.042, memory: 4027, bbox_loss: 0.3582, cls_loss: 0.1929, loss: 0.5512, grad_norm: 1.6762
2026-06-08 11:06:31,112 - mmdet - INFO - Epoch [9][550/1652]	lr: 1.000e-04, eta: 0:50:17, time: 0.494, data_time: 0.043, memory: 4027, bbox_loss: 0.3560, cls_loss: 0.1870, loss: 0.5431, grad_norm: 1.5743
2026-06-08 11:06:55,374 - mmdet - INFO - Epoch [9][600/1652]	lr: 1.000e-04, eta: 0:49:52, time: 0.485, data_time: 0.044, memory: 4027, bbox_loss: 0.3614, cls_loss: 0.1917, loss: 0.5531, grad_norm: 1.5008
2026-06-08 11:07:19,182 - mmdet - INFO - Epoch [9][650/1652]	lr: 1.000e-04, eta: 0:49:27, time: 0.476, data_time: 0.043, memory: 4027, bbox_loss: 0.3557, cls_loss: 0.1856, loss: 0.5412, grad_norm: 1.6070
2026-06-08 11:07:43,203 - mmdet - INFO - Epoch [9][700/1652]	lr: 1.000e-04, eta: 0:49:01, time: 0.480, data_time: 0.045, memory: 4027, bbox_loss: 0.3572, cls_loss: 0.1862, loss: 0.5434, grad_norm: 1.7826
2026-06-08 11:08:07,254 - mmdet - INFO - Epoch [9][750/1652]	lr: 1.000e-04, eta: 0:48:36, time: 0.481, data_time: 0.045, memory: 4027, bbox_loss: 0.3579, cls_loss: 0.1887, loss: 0.5466, grad_norm: 1.9478
2026-06-08 11:08:32,532 - mmdet - INFO - Epoch [9][800/1652]	lr: 1.000e-04, eta: 0:48:11, time: 0.506, data_time: 0.046, memory: 4027, bbox_loss: 0.3616, cls_loss: 0.1900, loss: 0.5517, grad_norm: 1.6139
2026-06-08 11:08:58,299 - mmdet - INFO - Epoch [9][850/1652]	lr: 1.000e-04, eta: 0:47:47, time: 0.515, data_time: 0.046, memory: 4027, bbox_loss: 0.3593, cls_loss: 0.1900, loss: 0.5493, grad_norm: 1.8752
2026-06-08 11:09:24,377 - mmdet - INFO - Epoch [9][900/1652]	lr: 1.000e-04, eta: 0:47:22, time: 0.522, data_time: 0.047, memory: 4027, bbox_loss: 0.3490, cls_loss: 0.1796, loss: 0.5286, grad_norm: 1.7361
2026-06-08 11:09:50,494 - mmdet - INFO - Epoch [9][950/1652]	lr: 1.000e-04, eta: 0:46:58, time: 0.522, data_time: 0.046, memory: 4027, bbox_loss: 0.3552, cls_loss: 0.1835, loss: 0.5387, grad_norm: 1.5621
2026-06-08 11:10:16,375 - mmdet - INFO - Epoch [9][1000/1652]	lr: 1.000e-04, eta: 0:46:33, time: 0.518, data_time: 0.046, memory: 4027, bbox_loss: 0.3570, cls_loss: 0.1923, loss: 0.5493, grad_norm: 1.6462
2026-06-08 11:10:42,513 - mmdet - INFO - Epoch [9][1050/1652]	lr: 1.000e-04, eta: 0:46:09, time: 0.523, data_time: 0.047, memory: 4027, bbox_loss: 0.3514, cls_loss: 0.1838, loss: 0.5352, grad_norm: 1.6461
2026-06-08 11:11:08,329 - mmdet - INFO - Epoch [9][1100/1652]	lr: 1.000e-04, eta: 0:45:44, time: 0.516, data_time: 0.046, memory: 4027, bbox_loss: 0.3605, cls_loss: 0.1905, loss: 0.5510, grad_norm: 1.6441
2026-06-08 11:11:33,897 - mmdet - INFO - Epoch [9][1150/1652]	lr: 1.000e-04, eta: 0:45:20, time: 0.511, data_time: 0.046, memory: 4027, bbox_loss: 0.3630, cls_loss: 0.1843, loss: 0.5473, grad_norm: 1.6818
2026-06-08 11:11:59,202 - mmdet - INFO - Epoch [9][1200/1652]	lr: 1.000e-04, eta: 0:44:55, time: 0.506, data_time: 0.047, memory: 4027, bbox_loss: 0.3541, cls_loss: 0.1840, loss: 0.5380, grad_norm: 1.6481
2026-06-08 11:12:24,983 - mmdet - INFO - Epoch [9][1250/1652]	lr: 1.000e-04, eta: 0:44:30, time: 0.516, data_time: 0.045, memory: 4027, bbox_loss: 0.3608, cls_loss: 0.1872, loss: 0.5479, grad_norm: 1.7462
2026-06-08 11:12:50,643 - mmdet - INFO - Epoch [9][1300/1652]	lr: 1.000e-04, eta: 0:44:06, time: 0.513, data_time: 0.045, memory: 4027, bbox_loss: 0.3532, cls_loss: 0.1832, loss: 0.5364, grad_norm: 1.6778
2026-06-08 11:13:16,348 - mmdet - INFO - Epoch [9][1350/1652]	lr: 1.000e-04, eta: 0:43:41, time: 0.514, data_time: 0.045, memory: 4027, bbox_loss: 0.3699, cls_loss: 0.1924, loss: 0.5623, grad_norm: 1.7212
2026-06-08 11:13:41,756 - mmdet - INFO - Epoch [9][1400/1652]	lr: 1.000e-04, eta: 0:43:16, time: 0.508, data_time: 0.047, memory: 4027, bbox_loss: 0.3624, cls_loss: 0.1915, loss: 0.5539, grad_norm: 1.5601
2026-06-08 11:14:07,328 - mmdet - INFO - Epoch [9][1450/1652]	lr: 1.000e-04, eta: 0:42:52, time: 0.511, data_time: 0.046, memory: 4027, bbox_loss: 0.3623, cls_loss: 0.1896, loss: 0.5519, grad_norm: 1.7836
2026-06-08 11:14:32,960 - mmdet - INFO - Epoch [9][1500/1652]	lr: 1.000e-04, eta: 0:42:27, time: 0.513, data_time: 0.046, memory: 4027, bbox_loss: 0.3644, cls_loss: 0.1915, loss: 0.5559, grad_norm: 1.5545
2026-06-08 11:14:58,244 - mmdet - INFO - Epoch [9][1550/1652]	lr: 1.000e-04, eta: 0:42:02, time: 0.506, data_time: 0.044, memory: 4027, bbox_loss: 0.3596, cls_loss: 0.1877, loss: 0.5473, grad_norm: 1.6179
2026-06-08 11:15:23,850 - mmdet - INFO - Epoch [9][1600/1652]	lr: 1.000e-04, eta: 0:41:37, time: 0.512, data_time: 0.044, memory: 4027, bbox_loss: 0.3589, cls_loss: 0.1880, loss: 0.5468, grad_norm: 1.7859
2026-06-08 11:15:49,438 - mmdet - INFO - Epoch [9][1650/1652]	lr: 1.000e-04, eta: 0:41:13, time: 0.512, data_time: 0.045, memory: 4027, bbox_loss: 0.3627, cls_loss: 0.1902, loss: 0.5529, grad_norm: 1.6989
2026-06-08 11:15:50,556 - mmdet - INFO - Saving checkpoint at 9 epochs
2026-06-08 11:16:19,790 - mmdet - INFO - Epoch [10][50/1652]	lr: 1.000e-04, eta: 0:40:48, time: 0.570, data_time: 0.099, memory: 4027, bbox_loss: 0.3591, cls_loss: 0.1858, loss: 0.5449, grad_norm: 1.6743
2026-06-08 11:16:45,344 - mmdet - INFO - Epoch [10][100/1652]	lr: 1.000e-04, eta: 0:40:23, time: 0.511, data_time: 0.044, memory: 4027, bbox_loss: 0.3537, cls_loss: 0.1854, loss: 0.5391, grad_norm: 1.6948
2026-06-08 11:17:11,057 - mmdet - INFO - Epoch [10][150/1652]	lr: 1.000e-04, eta: 0:39:58, time: 0.514, data_time: 0.045, memory: 4027, bbox_loss: 0.3533, cls_loss: 0.1817, loss: 0.5350, grad_norm: 1.6845
2026-06-08 11:17:36,563 - mmdet - INFO - Epoch [10][200/1652]	lr: 1.000e-04, eta: 0:39:33, time: 0.510, data_time: 0.045, memory: 4027, bbox_loss: 0.3569, cls_loss: 0.1868, loss: 0.5437, grad_norm: 1.7480
2026-06-08 11:18:00,435 - mmdet - INFO - Epoch [10][250/1652]	lr: 1.000e-04, eta: 0:39:08, time: 0.477, data_time: 0.046, memory: 4027, bbox_loss: 0.3482, cls_loss: 0.1791, loss: 0.5273, grad_norm: 1.6852
2026-06-08 11:18:24,485 - mmdet - INFO - Epoch [10][300/1652]	lr: 1.000e-04, eta: 0:38:43, time: 0.481, data_time: 0.046, memory: 4027, bbox_loss: 0.3520, cls_loss: 0.1833, loss: 0.5352, grad_norm: 1.7010
2026-06-08 11:18:49,224 - mmdet - INFO - Epoch [10][350/1652]	lr: 1.000e-04, eta: 0:38:18, time: 0.495, data_time: 0.049, memory: 4027, bbox_loss: 0.3599, cls_loss: 0.1933, loss: 0.5532, grad_norm: 1.6343
2026-06-08 11:19:14,906 - mmdet - INFO - Epoch [10][400/1652]	lr: 1.000e-04, eta: 0:37:53, time: 0.514, data_time: 0.045, memory: 4027, bbox_loss: 0.3535, cls_loss: 0.1840, loss: 0.5375, grad_norm: 1.7280
2026-06-08 11:19:40,752 - mmdet - INFO - Epoch [10][450/1652]	lr: 1.000e-04, eta: 0:37:28, time: 0.517, data_time: 0.045, memory: 4027, bbox_loss: 0.3444, cls_loss: 0.1777, loss: 0.5222, grad_norm: 1.6959
2026-06-08 11:20:06,257 - mmdet - INFO - Epoch [10][500/1652]	lr: 1.000e-04, eta: 0:37:04, time: 0.510, data_time: 0.045, memory: 4027, bbox_loss: 0.3576, cls_loss: 0.1882, loss: 0.5458, grad_norm: 1.7183
2026-06-08 11:20:31,396 - mmdet - INFO - Epoch [10][550/1652]	lr: 1.000e-04, eta: 0:36:39, time: 0.503, data_time: 0.043, memory: 4027, bbox_loss: 0.3558, cls_loss: 0.1874, loss: 0.5432, grad_norm: 1.7726
2026-06-08 11:20:57,312 - mmdet - INFO - Epoch [10][600/1652]	lr: 1.000e-04, eta: 0:36:14, time: 0.518, data_time: 0.045, memory: 4027, bbox_loss: 0.3472, cls_loss: 0.1810, loss: 0.5282, grad_norm: 1.7442
2026-06-08 11:21:23,049 - mmdet - INFO - Epoch [10][650/1652]	lr: 1.000e-04, eta: 0:35:49, time: 0.515, data_time: 0.047, memory: 4027, bbox_loss: 0.3594, cls_loss: 0.1930, loss: 0.5525, grad_norm: 1.7490
2026-06-08 11:21:48,636 - mmdet - INFO - Epoch [10][700/1652]	lr: 1.000e-04, eta: 0:35:24, time: 0.512, data_time: 0.045, memory: 4027, bbox_loss: 0.3557, cls_loss: 0.1797, loss: 0.5354, grad_norm: 1.6706
2026-06-08 11:22:14,341 - mmdet - INFO - Epoch [10][750/1652]	lr: 1.000e-04, eta: 0:35:00, time: 0.514, data_time: 0.045, memory: 4027, bbox_loss: 0.3570, cls_loss: 0.1861, loss: 0.5431, grad_norm: 1.5879
2026-06-08 11:22:39,922 - mmdet - INFO - Epoch [10][800/1652]	lr: 1.000e-04, eta: 0:34:35, time: 0.512, data_time: 0.046, memory: 4027, bbox_loss: 0.3664, cls_loss: 0.1927, loss: 0.5591, grad_norm: 1.7543
2026-06-08 11:23:05,532 - mmdet - INFO - Epoch [10][850/1652]	lr: 1.000e-04, eta: 0:34:10, time: 0.512, data_time: 0.046, memory: 4027, bbox_loss: 0.3628, cls_loss: 0.1884, loss: 0.5512, grad_norm: 1.6984
2026-06-08 11:23:30,253 - mmdet - INFO - Epoch [10][900/1652]	lr: 1.000e-04, eta: 0:33:45, time: 0.494, data_time: 0.046, memory: 4027, bbox_loss: 0.3518, cls_loss: 0.1818, loss: 0.5336, grad_norm: 1.6606
2026-06-08 11:23:54,401 - mmdet - INFO - Epoch [10][950/1652]	lr: 1.000e-04, eta: 0:33:20, time: 0.483, data_time: 0.045, memory: 4027, bbox_loss: 0.3537, cls_loss: 0.1889, loss: 0.5426, grad_norm: 1.6267
2026-06-08 11:24:18,425 - mmdet - INFO - Epoch [10][1000/1652]	lr: 1.000e-04, eta: 0:32:55, time: 0.480, data_time: 0.045, memory: 4027, bbox_loss: 0.3430, cls_loss: 0.1785, loss: 0.5215, grad_norm: 1.7130
2026-06-08 11:24:44,200 - mmdet - INFO - Epoch [10][1050/1652]	lr: 1.000e-04, eta: 0:32:30, time: 0.515, data_time: 0.047, memory: 4027, bbox_loss: 0.3563, cls_loss: 0.1840, loss: 0.5403, grad_norm: 1.6247
2026-06-08 11:25:08,431 - mmdet - INFO - Epoch [10][1100/1652]	lr: 1.000e-04, eta: 0:32:05, time: 0.485, data_time: 0.046, memory: 4027, bbox_loss: 0.3572, cls_loss: 0.1903, loss: 0.5475, grad_norm: 1.5474
2026-06-08 11:25:32,568 - mmdet - INFO - Epoch [10][1150/1652]	lr: 1.000e-04, eta: 0:31:40, time: 0.483, data_time: 0.046, memory: 4027, bbox_loss: 0.3592, cls_loss: 0.1852, loss: 0.5444, grad_norm: 1.7907
2026-06-08 11:25:56,500 - mmdet - INFO - Epoch [10][1200/1652]	lr: 1.000e-04, eta: 0:31:14, time: 0.479, data_time: 0.046, memory: 4027, bbox_loss: 0.3637, cls_loss: 0.1861, loss: 0.5499, grad_norm: 1.6027
2026-06-08 11:26:20,770 - mmdet - INFO - Epoch [10][1250/1652]	lr: 1.000e-04, eta: 0:30:49, time: 0.485, data_time: 0.045, memory: 4027, bbox_loss: 0.3537, cls_loss: 0.1897, loss: 0.5434, grad_norm: 1.6578
2026-06-08 11:26:44,841 - mmdet - INFO - Epoch [10][1300/1652]	lr: 1.000e-04, eta: 0:30:24, time: 0.481, data_time: 0.045, memory: 4027, bbox_loss: 0.3533, cls_loss: 0.1843, loss: 0.5375, grad_norm: 1.8711
2026-06-08 11:27:09,237 - mmdet - INFO - Epoch [10][1350/1652]	lr: 1.000e-04, eta: 0:29:59, time: 0.488, data_time: 0.045, memory: 4027, bbox_loss: 0.3463, cls_loss: 0.1796, loss: 0.5260, grad_norm: 1.7417
2026-06-08 11:27:35,587 - mmdet - INFO - Epoch [10][1400/1652]	lr: 1.000e-04, eta: 0:29:34, time: 0.527, data_time: 0.047, memory: 4027, bbox_loss: 0.3589, cls_loss: 0.1851, loss: 0.5440, grad_norm: 1.7164
2026-06-08 11:28:00,204 - mmdet - INFO - Epoch [10][1450/1652]	lr: 1.000e-04, eta: 0:29:09, time: 0.492, data_time: 0.045, memory: 4027, bbox_loss: 0.3496, cls_loss: 0.1774, loss: 0.5271, grad_norm: 1.7928
2026-06-08 11:28:24,498 - mmdet - INFO - Epoch [10][1500/1652]	lr: 1.000e-04, eta: 0:28:44, time: 0.486, data_time: 0.045, memory: 4027, bbox_loss: 0.3567, cls_loss: 0.1872, loss: 0.5438, grad_norm: 1.6818
2026-06-08 11:28:48,406 - mmdet - INFO - Epoch [10][1550/1652]	lr: 1.000e-04, eta: 0:28:19, time: 0.478, data_time: 0.044, memory: 4027, bbox_loss: 0.3498, cls_loss: 0.1848, loss: 0.5346, grad_norm: 1.6917
2026-06-08 11:29:12,155 - mmdet - INFO - Epoch [10][1600/1652]	lr: 1.000e-04, eta: 0:27:54, time: 0.475, data_time: 0.044, memory: 4027, bbox_loss: 0.3558, cls_loss: 0.1804, loss: 0.5362, grad_norm: 1.6950
2026-06-08 11:29:35,857 - mmdet - INFO - Epoch [10][1650/1652]	lr: 1.000e-04, eta: 0:27:29, time: 0.474, data_time: 0.044, memory: 4027, bbox_loss: 0.3607, cls_loss: 0.1865, loss: 0.5472, grad_norm: 1.7087
2026-06-08 11:29:36,841 - mmdet - INFO - Saving checkpoint at 10 epochs
2026-06-08 11:30:04,128 - mmdet - INFO - Epoch [11][50/1652]	lr: 1.000e-04, eta: 0:27:03, time: 0.534, data_time: 0.093, memory: 4027, bbox_loss: 0.3566, cls_loss: 0.1863, loss: 0.5429, grad_norm: 1.5855
2026-06-08 11:30:28,333 - mmdet - INFO - Epoch [11][100/1652]	lr: 1.000e-04, eta: 0:26:38, time: 0.484, data_time: 0.045, memory: 4027, bbox_loss: 0.3620, cls_loss: 0.1873, loss: 0.5493, grad_norm: 1.6993
2026-06-08 11:30:53,096 - mmdet - INFO - Epoch [11][150/1652]	lr: 1.000e-04, eta: 0:26:13, time: 0.495, data_time: 0.044, memory: 4027, bbox_loss: 0.3539, cls_loss: 0.1807, loss: 0.5346, grad_norm: 1.6200
2026-06-08 11:31:18,670 - mmdet - INFO - Epoch [11][200/1652]	lr: 1.000e-04, eta: 0:25:48, time: 0.511, data_time: 0.046, memory: 4027, bbox_loss: 0.3522, cls_loss: 0.1839, loss: 0.5361, grad_norm: 1.7238
2026-06-08 11:31:44,428 - mmdet - INFO - Epoch [11][250/1652]	lr: 1.000e-04, eta: 0:25:23, time: 0.515, data_time: 0.045, memory: 4027, bbox_loss: 0.3550, cls_loss: 0.1805, loss: 0.5355, grad_norm: 1.6976
2026-06-08 11:32:09,960 - mmdet - INFO - Epoch [11][300/1652]	lr: 1.000e-04, eta: 0:24:58, time: 0.511, data_time: 0.045, memory: 4027, bbox_loss: 0.3517, cls_loss: 0.1845, loss: 0.5362, grad_norm: 1.7628
2026-06-08 11:32:35,787 - mmdet - INFO - Epoch [11][350/1652]	lr: 1.000e-04, eta: 0:24:34, time: 0.517, data_time: 0.048, memory: 4027, bbox_loss: 0.3537, cls_loss: 0.1835, loss: 0.5372, grad_norm: 2.1900
2026-06-08 11:33:00,296 - mmdet - INFO - Epoch [11][400/1652]	lr: 1.000e-04, eta: 0:24:09, time: 0.490, data_time: 0.044, memory: 4027, bbox_loss: 0.3540, cls_loss: 0.1871, loss: 0.5411, grad_norm: 1.7075
2026-06-08 11:33:24,291 - mmdet - INFO - Epoch [11][450/1652]	lr: 1.000e-04, eta: 0:23:43, time: 0.480, data_time: 0.045, memory: 4027, bbox_loss: 0.3516, cls_loss: 0.1806, loss: 0.5322, grad_norm: 1.8530
2026-06-08 11:33:48,648 - mmdet - INFO - Epoch [11][500/1652]	lr: 1.000e-04, eta: 0:23:18, time: 0.487, data_time: 0.046, memory: 4027, bbox_loss: 0.3526, cls_loss: 0.1832, loss: 0.5358, grad_norm: 1.5373
2026-06-08 11:34:12,859 - mmdet - INFO - Epoch [11][550/1652]	lr: 1.000e-04, eta: 0:22:53, time: 0.484, data_time: 0.044, memory: 4027, bbox_loss: 0.3461, cls_loss: 0.1760, loss: 0.5222, grad_norm: 1.7312
2026-06-08 11:34:36,665 - mmdet - INFO - Epoch [11][600/1652]	lr: 1.000e-04, eta: 0:22:28, time: 0.476, data_time: 0.043, memory: 4027, bbox_loss: 0.3639, cls_loss: 0.1939, loss: 0.5578, grad_norm: 1.9606
2026-06-08 11:35:00,682 - mmdet - INFO - Epoch [11][650/1652]	lr: 1.000e-04, eta: 0:22:03, time: 0.480, data_time: 0.045, memory: 4027, bbox_loss: 0.3508, cls_loss: 0.1817, loss: 0.5325, grad_norm: 1.7090
2026-06-08 11:35:25,037 - mmdet - INFO - Epoch [11][700/1652]	lr: 1.000e-04, eta: 0:21:38, time: 0.487, data_time: 0.045, memory: 4027, bbox_loss: 0.3531, cls_loss: 0.1871, loss: 0.5402, grad_norm: 1.6743
2026-06-08 11:35:48,945 - mmdet - INFO - Epoch [11][750/1652]	lr: 1.000e-04, eta: 0:21:13, time: 0.478, data_time: 0.045, memory: 4027, bbox_loss: 0.3569, cls_loss: 0.1789, loss: 0.5358, grad_norm: 1.6704
2026-06-08 11:36:14,112 - mmdet - INFO - Epoch [11][800/1652]	lr: 1.000e-04, eta: 0:20:48, time: 0.503, data_time: 0.044, memory: 4027, bbox_loss: 0.3507, cls_loss: 0.1818, loss: 0.5324, grad_norm: 1.7883
2026-06-08 11:36:39,494 - mmdet - INFO - Epoch [11][850/1652]	lr: 1.000e-04, eta: 0:20:23, time: 0.508, data_time: 0.044, memory: 4027, bbox_loss: 0.3481, cls_loss: 0.1799, loss: 0.5280, grad_norm: 1.7715
2026-06-08 11:37:05,323 - mmdet - INFO - Epoch [11][900/1652]	lr: 1.000e-04, eta: 0:19:58, time: 0.517, data_time: 0.044, memory: 4027, bbox_loss: 0.3524, cls_loss: 0.1803, loss: 0.5327, grad_norm: 1.8422
2026-06-08 11:37:30,889 - mmdet - INFO - Epoch [11][950/1652]	lr: 1.000e-04, eta: 0:19:34, time: 0.511, data_time: 0.046, memory: 4027, bbox_loss: 0.3488, cls_loss: 0.1794, loss: 0.5282, grad_norm: 1.8241
2026-06-08 11:37:56,337 - mmdet - INFO - Epoch [11][1000/1652]	lr: 1.000e-04, eta: 0:19:09, time: 0.509, data_time: 0.044, memory: 4027, bbox_loss: 0.3520, cls_loss: 0.1892, loss: 0.5411, grad_norm: 1.7238
2026-06-08 11:38:22,191 - mmdet - INFO - Epoch [11][1050/1652]	lr: 1.000e-04, eta: 0:18:44, time: 0.517, data_time: 0.046, memory: 4027, bbox_loss: 0.3616, cls_loss: 0.1859, loss: 0.5475, grad_norm: 1.8860
2026-06-08 11:38:47,678 - mmdet - INFO - Epoch [11][1100/1652]	lr: 1.000e-04, eta: 0:18:19, time: 0.510, data_time: 0.044, memory: 4027, bbox_loss: 0.3438, cls_loss: 0.1754, loss: 0.5192, grad_norm: 1.7916
2026-06-08 11:39:13,190 - mmdet - INFO - Epoch [11][1150/1652]	lr: 1.000e-04, eta: 0:17:54, time: 0.510, data_time: 0.045, memory: 4027, bbox_loss: 0.3549, cls_loss: 0.1798, loss: 0.5348, grad_norm: 1.8450
2026-06-08 11:39:39,120 - mmdet - INFO - Epoch [11][1200/1652]	lr: 1.000e-04, eta: 0:17:29, time: 0.519, data_time: 0.047, memory: 4027, bbox_loss: 0.3535, cls_loss: 0.1812, loss: 0.5346, grad_norm: 1.6881
2026-06-08 11:40:04,807 - mmdet - INFO - Epoch [11][1250/1652]	lr: 1.000e-04, eta: 0:17:04, time: 0.514, data_time: 0.046, memory: 4027, bbox_loss: 0.3546, cls_loss: 0.1855, loss: 0.5401, grad_norm: 1.6787
2026-06-08 11:40:29,032 - mmdet - INFO - Epoch [11][1300/1652]	lr: 1.000e-04, eta: 0:16:39, time: 0.484, data_time: 0.045, memory: 4027, bbox_loss: 0.3532, cls_loss: 0.1861, loss: 0.5394, grad_norm: 1.6185
2026-06-08 11:40:52,998 - mmdet - INFO - Epoch [11][1350/1652]	lr: 1.000e-04, eta: 0:16:14, time: 0.479, data_time: 0.043, memory: 4027, bbox_loss: 0.3490, cls_loss: 0.1799, loss: 0.5288, grad_norm: 1.8405
2026-06-08 11:41:17,957 - mmdet - INFO - Epoch [11][1400/1652]	lr: 1.000e-04, eta: 0:15:49, time: 0.499, data_time: 0.045, memory: 4027, bbox_loss: 0.3423, cls_loss: 0.1807, loss: 0.5230, grad_norm: 1.7193
2026-06-08 11:41:43,669 - mmdet - INFO - Epoch [11][1450/1652]	lr: 1.000e-04, eta: 0:15:25, time: 0.514, data_time: 0.046, memory: 4027, bbox_loss: 0.3468, cls_loss: 0.1835, loss: 0.5303, grad_norm: 1.5668
2026-06-08 11:42:09,401 - mmdet - INFO - Epoch [11][1500/1652]	lr: 1.000e-04, eta: 0:15:00, time: 0.515, data_time: 0.047, memory: 4027, bbox_loss: 0.3466, cls_loss: 0.1815, loss: 0.5281, grad_norm: 1.6544
2026-06-08 11:42:35,163 - mmdet - INFO - Epoch [11][1550/1652]	lr: 1.000e-04, eta: 0:14:35, time: 0.515, data_time: 0.046, memory: 4027, bbox_loss: 0.3410, cls_loss: 0.1759, loss: 0.5169, grad_norm: 1.8523
2026-06-08 11:43:00,337 - mmdet - INFO - Epoch [11][1600/1652]	lr: 1.000e-04, eta: 0:14:10, time: 0.503, data_time: 0.044, memory: 4027, bbox_loss: 0.3574, cls_loss: 0.1848, loss: 0.5422, grad_norm: 1.7473
2026-06-08 11:43:24,781 - mmdet - INFO - Epoch [11][1650/1652]	lr: 1.000e-04, eta: 0:13:45, time: 0.489, data_time: 0.045, memory: 4027, bbox_loss: 0.3489, cls_loss: 0.1796, loss: 0.5284, grad_norm: 1.7316
2026-06-08 11:43:25,811 - mmdet - INFO - Saving checkpoint at 11 epochs
2026-06-08 11:43:55,060 - mmdet - INFO - Epoch [12][50/1652]	lr: 1.000e-05, eta: 0:13:19, time: 0.573, data_time: 0.094, memory: 4027, bbox_loss: 0.3457, cls_loss: 0.1745, loss: 0.5202, grad_norm: 1.6268
2026-06-08 11:44:20,780 - mmdet - INFO - Epoch [12][100/1652]	lr: 1.000e-05, eta: 0:12:54, time: 0.514, data_time: 0.045, memory: 4027, bbox_loss: 0.3502, cls_loss: 0.1790, loss: 0.5292, grad_norm: 1.6474
2026-06-08 11:44:46,280 - mmdet - INFO - Epoch [12][150/1652]	lr: 1.000e-05, eta: 0:12:29, time: 0.510, data_time: 0.045, memory: 4027, bbox_loss: 0.3565, cls_loss: 0.1832, loss: 0.5397, grad_norm: 1.6984
2026-06-08 11:45:11,810 - mmdet - INFO - Epoch [12][200/1652]	lr: 1.000e-05, eta: 0:12:04, time: 0.511, data_time: 0.047, memory: 4027, bbox_loss: 0.3516, cls_loss: 0.1797, loss: 0.5313, grad_norm: 1.6380
2026-06-08 11:45:37,156 - mmdet - INFO - Epoch [12][250/1652]	lr: 1.000e-05, eta: 0:11:40, time: 0.507, data_time: 0.045, memory: 4027, bbox_loss: 0.3452, cls_loss: 0.1778, loss: 0.5230, grad_norm: 1.8210
2026-06-08 11:46:02,684 - mmdet - INFO - Epoch [12][300/1652]	lr: 1.000e-05, eta: 0:11:15, time: 0.511, data_time: 0.045, memory: 4027, bbox_loss: 0.3449, cls_loss: 0.1743, loss: 0.5192, grad_norm: 1.6577
2026-06-08 11:46:28,393 - mmdet - INFO - Epoch [12][350/1652]	lr: 1.000e-05, eta: 0:10:50, time: 0.514, data_time: 0.046, memory: 4027, bbox_loss: 0.3439, cls_loss: 0.1755, loss: 0.5194, grad_norm: 1.6467
2026-06-08 11:46:54,140 - mmdet - INFO - Epoch [12][400/1652]	lr: 1.000e-05, eta: 0:10:25, time: 0.515, data_time: 0.046, memory: 4027, bbox_loss: 0.3537, cls_loss: 0.1843, loss: 0.5380, grad_norm: 1.5938
2026-06-08 11:47:19,890 - mmdet - INFO - Epoch [12][450/1652]	lr: 1.000e-05, eta: 0:10:00, time: 0.515, data_time: 0.045, memory: 4027, bbox_loss: 0.3489, cls_loss: 0.1800, loss: 0.5289, grad_norm: 1.5582
2026-06-08 11:47:45,702 - mmdet - INFO - Epoch [12][500/1652]	lr: 1.000e-05, eta: 0:09:35, time: 0.516, data_time: 0.046, memory: 4027, bbox_loss: 0.3622, cls_loss: 0.1860, loss: 0.5482, grad_norm: 1.6644
2026-06-08 11:48:11,660 - mmdet - INFO - Epoch [12][550/1652]	lr: 1.000e-05, eta: 0:09:10, time: 0.519, data_time: 0.045, memory: 4027, bbox_loss: 0.3476, cls_loss: 0.1782, loss: 0.5257, grad_norm: 1.6112
2026-06-08 11:48:36,263 - mmdet - INFO - Epoch [12][600/1652]	lr: 1.000e-05, eta: 0:08:45, time: 0.492, data_time: 0.045, memory: 4027, bbox_loss: 0.3548, cls_loss: 0.1823, loss: 0.5370, grad_norm: 1.6629
2026-06-08 11:49:00,323 - mmdet - INFO - Epoch [12][650/1652]	lr: 1.000e-05, eta: 0:08:20, time: 0.481, data_time: 0.045, memory: 4027, bbox_loss: 0.3521, cls_loss: 0.1813, loss: 0.5333, grad_norm: 1.5220
2026-06-08 11:49:25,123 - mmdet - INFO - Epoch [12][700/1652]	lr: 1.000e-05, eta: 0:07:55, time: 0.496, data_time: 0.045, memory: 4027, bbox_loss: 0.3554, cls_loss: 0.1815, loss: 0.5369, grad_norm: 1.6119
2026-06-08 11:49:51,023 - mmdet - INFO - Epoch [12][750/1652]	lr: 1.000e-05, eta: 0:07:30, time: 0.518, data_time: 0.045, memory: 4027, bbox_loss: 0.3515, cls_loss: 0.1839, loss: 0.5354, grad_norm: 1.6482
2026-06-08 11:50:16,502 - mmdet - INFO - Epoch [12][800/1652]	lr: 1.000e-05, eta: 0:07:05, time: 0.510, data_time: 0.044, memory: 4027, bbox_loss: 0.3536, cls_loss: 0.1871, loss: 0.5407, grad_norm: 1.8061
2026-06-08 11:50:42,090 - mmdet - INFO - Epoch [12][850/1652]	lr: 1.000e-05, eta: 0:06:40, time: 0.512, data_time: 0.044, memory: 4027, bbox_loss: 0.3530, cls_loss: 0.1831, loss: 0.5361, grad_norm: 1.6272
2026-06-08 11:51:07,700 - mmdet - INFO - Epoch [12][900/1652]	lr: 1.000e-05, eta: 0:06:15, time: 0.512, data_time: 0.045, memory: 4027, bbox_loss: 0.3491, cls_loss: 0.1798, loss: 0.5289, grad_norm: 1.6811
2026-06-08 11:51:33,343 - mmdet - INFO - Epoch [12][950/1652]	lr: 1.000e-05, eta: 0:05:50, time: 0.513, data_time: 0.044, memory: 4027, bbox_loss: 0.3503, cls_loss: 0.1791, loss: 0.5294, grad_norm: 1.8072
2026-06-08 11:51:59,218 - mmdet - INFO - Epoch [12][1000/1652]	lr: 1.000e-05, eta: 0:05:25, time: 0.517, data_time: 0.045, memory: 4027, bbox_loss: 0.3451, cls_loss: 0.1739, loss: 0.5190, grad_norm: 1.9602
2026-06-08 11:52:25,196 - mmdet - INFO - Epoch [12][1050/1652]	lr: 1.000e-05, eta: 0:05:00, time: 0.520, data_time: 0.049, memory: 4027, bbox_loss: 0.3539, cls_loss: 0.1878, loss: 0.5417, grad_norm: 1.6990
2026-06-08 11:52:50,934 - mmdet - INFO - Epoch [12][1100/1652]	lr: 1.000e-05, eta: 0:04:35, time: 0.515, data_time: 0.046, memory: 4027, bbox_loss: 0.3501, cls_loss: 0.1842, loss: 0.5343, grad_norm: 1.6398
2026-06-08 11:53:16,872 - mmdet - INFO - Epoch [12][1150/1652]	lr: 1.000e-05, eta: 0:04:10, time: 0.519, data_time: 0.045, memory: 4027, bbox_loss: 0.3484, cls_loss: 0.1766, loss: 0.5249, grad_norm: 1.6347
2026-06-08 11:53:42,598 - mmdet - INFO - Epoch [12][1200/1652]	lr: 1.000e-05, eta: 0:03:45, time: 0.515, data_time: 0.046, memory: 4027, bbox_loss: 0.3484, cls_loss: 0.1846, loss: 0.5330, grad_norm: 1.7022
2026-06-08 11:54:08,401 - mmdet - INFO - Epoch [12][1250/1652]	lr: 1.000e-05, eta: 0:03:20, time: 0.516, data_time: 0.046, memory: 4027, bbox_loss: 0.3496, cls_loss: 0.1792, loss: 0.5288, grad_norm: 1.6249
2026-06-08 11:54:34,417 - mmdet - INFO - Epoch [12][1300/1652]	lr: 1.000e-05, eta: 0:02:55, time: 0.520, data_time: 0.047, memory: 4027, bbox_loss: 0.3489, cls_loss: 0.1823, loss: 0.5311, grad_norm: 1.7689
2026-06-08 11:55:00,101 - mmdet - INFO - Epoch [12][1350/1652]	lr: 1.000e-05, eta: 0:02:31, time: 0.514, data_time: 0.046, memory: 4027, bbox_loss: 0.3515, cls_loss: 0.1814, loss: 0.5329, grad_norm: 1.6805
2026-06-08 11:55:25,007 - mmdet - INFO - Epoch [12][1400/1652]	lr: 1.000e-05, eta: 0:02:05, time: 0.498, data_time: 0.046, memory: 4027, bbox_loss: 0.3441, cls_loss: 0.1747, loss: 0.5188, grad_norm: 1.6702
2026-06-08 11:55:49,001 - mmdet - INFO - Epoch [12][1450/1652]	lr: 1.000e-05, eta: 0:01:40, time: 0.480, data_time: 0.046, memory: 4027, bbox_loss: 0.3480, cls_loss: 0.1777, loss: 0.5257, grad_norm: 1.8547
2026-06-08 11:56:13,076 - mmdet - INFO - Epoch [12][1500/1652]	lr: 1.000e-05, eta: 0:01:15, time: 0.481, data_time: 0.046, memory: 4027, bbox_loss: 0.3488, cls_loss: 0.1776, loss: 0.5265, grad_norm: 1.7764
2026-06-08 11:56:37,223 - mmdet - INFO - Epoch [12][1550/1652]	lr: 1.000e-05, eta: 0:00:50, time: 0.483, data_time: 0.046, memory: 4027, bbox_loss: 0.3588, cls_loss: 0.1786, loss: 0.5374, grad_norm: 1.6045
2026-06-08 11:57:01,442 - mmdet - INFO - Epoch [12][1600/1652]	lr: 1.000e-05, eta: 0:00:25, time: 0.484, data_time: 0.044, memory: 4027, bbox_loss: 0.3390, cls_loss: 0.1746, loss: 0.5136, grad_norm: 1.8129
2026-06-08 11:57:27,121 - mmdet - INFO - Epoch [12][1650/1652]	lr: 1.000e-05, eta: 0:00:00, time: 0.514, data_time: 0.045, memory: 4027, bbox_loss: 0.3504, cls_loss: 0.1829, loss: 0.5333, grad_norm: 1.5378
2026-06-08 11:57:28,235 - mmdet - INFO - Saving checkpoint at 12 epochs
2026-06-08 12:01:18,464 - mmdet - INFO - 
+-------------+---------+---------+---------+---------+
| classes     | AP_0.25 | AR_0.25 | AP_0.50 | AR_0.50 |
+-------------+---------+---------+---------+---------+
| bed         | 0.9253  | 0.9961  | 0.7744  | 0.8447  |
| table       | 0.6779  | 0.9779  | 0.4640  | 0.7726  |
| sofa        | 0.8587  | 0.9841  | 0.7279  | 0.8389  |
| chair       | 0.8962  | 0.9799  | 0.7616  | 0.8831  |
| toilet      | 0.9926  | 1.0000  | 0.7644  | 0.8552  |
| desk        | 0.5706  | 0.9665  | 0.3370  | 0.6934  |
| dresser     | 0.6781  | 0.9679  | 0.4910  | 0.7661  |
| night_stand | 0.8076  | 0.9843  | 0.6778  | 0.8549  |
| bookshelf   | 0.7269  | 0.9220  | 0.2948  | 0.5248  |
| bathtub     | 0.7971  | 0.9388  | 0.5440  | 0.6735  |
+-------------+---------+---------+---------+---------+
| Overall     | 0.7931  | 0.9717  | 0.5837  | 0.7707  |
+-------------+---------+---------+---------+---------+
2026-06-08 12:01:19,441 - mmdet - INFO - Exp name: tr3d-ff_sunrgbd-3d-10class.py
2026-06-08 12:01:19,441 - mmdet - INFO - Epoch(val) [12][5050]	bed_AP_0.25: 0.9253, table_AP_0.25: 0.6779, sofa_AP_0.25: 0.8587, chair_AP_0.25: 0.8962, toilet_AP_0.25: 0.9926, desk_AP_0.25: 0.5706, dresser_AP_0.25: 0.6781, night_stand_AP_0.25: 0.8076, bookshelf_AP_0.25: 0.7269, bathtub_AP_0.25: 0.7971, mAP_0.25: 0.7931, bed_rec_0.25: 0.9961, table_rec_0.25: 0.9779, sofa_rec_0.25: 0.9841, chair_rec_0.25: 0.9799, toilet_rec_0.25: 1.0000, desk_rec_0.25: 0.9665, dresser_rec_0.25: 0.9679, night_stand_rec_0.25: 0.9843, bookshelf_rec_0.25: 0.9220, bathtub_rec_0.25: 0.9388, mAR_0.25: 0.9717, bed_AP_0.50: 0.7744, table_AP_0.50: 0.4640, sofa_AP_0.50: 0.7279, chair_AP_0.50: 0.7616, toilet_AP_0.50: 0.7644, desk_AP_0.50: 0.3370, dresser_AP_0.50: 0.4910, night_stand_AP_0.50: 0.6778, bookshelf_AP_0.50: 0.2948, bathtub_AP_0.50: 0.5440, mAP_0.50: 0.5837, bed_rec_0.50: 0.8447, table_rec_0.50: 0.7726, sofa_rec_0.50: 0.8389, chair_rec_0.50: 0.8831, toilet_rec_0.50: 0.8552, desk_rec_0.50: 0.6934, dresser_rec_0.50: 0.7661, night_stand_rec_0.50: 0.8549, bookshelf_rec_0.50: 0.5248, bathtub_rec_0.50: 0.6735, mAR_0.50: 0.7707
