2026-06-04 13:43:54,435 - mmdet - INFO - Environment info:
------------------------------------------------------------
sys.platform: linux
Python: 3.9.25 (main, Nov  3 2025, 22:33:05) [GCC 11.2.0]
CUDA available: True
GPU 0: NVIDIA L40
CUDA_HOME: /usr/local/cuda-11.8
NVCC: Cuda compilation tools, release 11.8, V11.8.89
GCC: gcc (Ubuntu 11.4.0-1ubuntu1~22.04.3) 11.4.0
PyTorch: 2.0.0+cu118
PyTorch compiling details: PyTorch built with:
  - GCC 9.3
  - C++ Version: 201703
  - Intel(R) oneAPI Math Kernel Library Version 2022.2-Product Build 20220804 for Intel(R) 64 architecture applications
  - Intel(R) MKL-DNN v2.7.3 (Git Hash 6dbeffbae1f23cbbeae17adb7b5b13f1f37c080e)
  - OpenMP 201511 (a.k.a. OpenMP 4.5)
  - LAPACK is enabled (usually provided by MKL)
  - NNPACK is enabled
  - CPU capability usage: AVX2
  - CUDA Runtime 11.8
  - NVCC architecture flags: -gencode;arch=compute_37,code=sm_37;-gencode;arch=compute_50,code=sm_50;-gencode;arch=compute_60,code=sm_60;-gencode;arch=compute_70,code=sm_70;-gencode;arch=compute_75,code=sm_75;-gencode;arch=compute_80,code=sm_80;-gencode;arch=compute_86,code=sm_86;-gencode;arch=compute_90,code=sm_90
  - CuDNN 8.7
  - Magma 2.6.1
  - Build settings: BLAS_INFO=mkl, BUILD_TYPE=Release, CUDA_VERSION=11.8, CUDNN_VERSION=8.7.0, CXX_COMPILER=/opt/rh/devtoolset-9/root/usr/bin/c++, CXX_FLAGS= -D_GLIBCXX_USE_CXX11_ABI=0 -fabi-version=11 -Wno-deprecated -fvisibility-inlines-hidden -DUSE_PTHREADPOOL -DNDEBUG -DUSE_KINETO -DLIBKINETO_NOROCTRACER -DUSE_FBGEMM -DUSE_QNNPACK -DUSE_PYTORCH_QNNPACK -DUSE_XNNPACK -DSYMBOLICATE_MOBILE_DEBUG_HANDLE -O2 -fPIC -Wall -Wextra -Werror=return-type -Werror=non-virtual-dtor -Werror=bool-operation -Wnarrowing -Wno-missing-field-initializers -Wno-type-limits -Wno-array-bounds -Wno-unknown-pragmas -Wunused-local-typedefs -Wno-unused-parameter -Wno-unused-function -Wno-unused-result -Wno-strict-overflow -Wno-strict-aliasing -Wno-error=deprecated-declarations -Wno-stringop-overflow -Wno-psabi -Wno-error=pedantic -Wno-error=redundant-decls -Wno-error=old-style-cast -fdiagnostics-color=always -faligned-new -Wno-unused-but-set-variable -Wno-maybe-uninitialized -fno-math-errno -fno-trapping-math -Werror=format -Werror=cast-function-type -Wno-stringop-overflow, LAPACK_INFO=mkl, PERF_WITH_AVX=1, PERF_WITH_AVX2=1, PERF_WITH_AVX512=1, TORCH_DISABLE_GPU_ASSERTS=ON, TORCH_VERSION=2.0.0, USE_CUDA=ON, USE_CUDNN=ON, USE_EXCEPTION_PTR=1, USE_GFLAGS=OFF, USE_GLOG=OFF, USE_MKL=ON, USE_MKLDNN=ON, USE_MPI=OFF, USE_NCCL=1, USE_NNPACK=ON, USE_OPENMP=ON, USE_ROCM=OFF, 

TorchVision: 0.15.1+cu118
OpenCV: 4.8.1
MMCV: 1.6.0
MMCV Compiler: GCC 11.4
MMCV CUDA Compiler: 11.8
MMDetection: 2.25.1
MMSegmentation: 0.25.0
MMDetection3D: 1.0.0rc3+ffc9f99
spconv2.0: False
------------------------------------------------------------

2026-06-04 13:43:55,695 - mmdet - INFO - Distributed training: False
2026-06-04 13:43:56,668 - mmdet - INFO - Config:
voxel_size = 0.01
model = dict(
    type='TR3DFF3DDetector',
    img_backbone=dict(
        type='ResNet',
        depth=50,
        num_stages=4,
        out_indices=(0, 1, 2, 3),
        frozen_stages=1,
        norm_cfg=dict(type='BN', requires_grad=False),
        norm_eval=True,
        style='caffe'),
    img_neck=dict(
        type='FPN',
        in_channels=[256, 512, 1024, 2048],
        out_channels=256,
        num_outs=5),
    backbone=dict(
        type='MinkFFResNet',
        in_channels=3,
        max_channels=128,
        depth=34,
        norm='batch'),
    neck=dict(
        type='TR3DNeck', in_channels=(64, 128, 128, 128), out_channels=128),
    head=dict(
        type='TR3DHead',
        in_channels=128,
        n_reg_outs=8,
        n_classes=10,
        voxel_size=0.01,
        assigner=dict(
            type='TR3DAssigner',
            top_pts_threshold=6,
            label2level=[1, 1, 1, 0, 0, 1, 0, 0, 1, 0]),
        bbox_loss=dict(type='RotatedIoU3DLoss', mode='diou',
                       reduction='none')),
    voxel_size=0.01,
    train_cfg=dict(),
    test_cfg=dict(nms_pre=1000, iou_thr=0.5, score_thr=0.01))
optimizer = dict(type='AdamW', lr=0.001, weight_decay=0.0001)
optimizer_config = dict(grad_clip=dict(max_norm=10, norm_type=2))
lr_config = dict(policy='step', warmup=None, step=[8, 11])
runner = dict(type='EpochBasedRunner', max_epochs=12)
evaluation = dict(interval=12)
custom_hooks = [dict(type='EmptyCacheHook', after_iter=True)]
checkpoint_config = dict(interval=1, max_keep_ckpts=1)
log_config = dict(interval=50, hooks=[dict(type='TextLoggerHook')])
dist_params = dict(backend='nccl')
log_level = 'INFO'
work_dir = '/home/zero/USER/HEYU/tr3d/work_dirs/NN/DFF/DFF_TR3D_FF_FIG6_4/4'
load_from = '/home/zero/USER/HEYU/MODEL/imvotenet_faster_rcnn_r50_fpn_2x4_sunrgbd-3d-10class_20210819_225618-62eba6ce.pth'
resume_from = None
workflow = [('train', 1)]
dataset_type = 'SUNRGBDDataset'
data_root = '/home/zero/USER/HEYU/DATA/sunrgbd_matlab/'
class_names = ('bed', 'table', 'sofa', 'chair', 'toilet', 'desk', 'dresser',
               'night_stand', 'bookshelf', 'bathtub')
img_norm_cfg = dict(
    mean=[103.53, 116.28, 123.675], std=[1.0, 1.0, 1.0], to_rgb=False)
train_pipeline = [
    dict(
        type='LoadPointsFromFile',
        coord_type='DEPTH',
        shift_height=False,
        use_color=True,
        load_dim=6,
        use_dim=[0, 1, 2, 3, 4, 5]),
    dict(type='LoadImageFromFile'),
    dict(type='LoadAnnotations3D'),
    dict(
        type='Resize',
        img_scale=[(1333, 480), (1333, 504), (1333, 528), (1333, 552),
                   (1333, 576), (1333, 600)],
        multiscale_mode='value',
        keep_ratio=True),
    dict(
        type='Normalize',
        mean=[103.53, 116.28, 123.675],
        std=[1.0, 1.0, 1.0],
        to_rgb=False),
    dict(type='Pad', size_divisor=32),
    dict(
        type='RandomFlip3D',
        sync_2d=False,
        flip_ratio_bev_horizontal=0.5,
        flip_ratio_bev_vertical=0.0),
    dict(
        type='GlobalRotScaleTrans',
        rot_range=[-0.523599, 0.523599],
        scale_ratio_range=[0.85, 1.15],
        translation_std=[0.1, 0.1, 0.1],
        shift_height=False),
    dict(
        type='DefaultFormatBundle3D',
        class_names=('bed', 'table', 'sofa', 'chair', 'toilet', 'desk',
                     'dresser', 'night_stand', 'bookshelf', 'bathtub')),
    dict(
        type='Collect3D',
        keys=['points', 'img', 'gt_bboxes_3d', 'gt_labels_3d'])
]
test_pipeline = [
    dict(
        type='LoadPointsFromFile',
        coord_type='DEPTH',
        shift_height=False,
        use_color=True,
        load_dim=6,
        use_dim=[0, 1, 2, 3, 4, 5]),
    dict(type='LoadImageFromFile'),
    dict(
        type='MultiScaleFlipAug3D',
        img_scale=(1333, 600),
        pts_scale_ratio=1,
        flip=False,
        transforms=[
            dict(type='Resize', multiscale_mode='value', keep_ratio=True),
            dict(
                type='Normalize',
                mean=[103.53, 116.28, 123.675],
                std=[1.0, 1.0, 1.0],
                to_rgb=False),
            dict(type='Pad', size_divisor=32),
            dict(
                type='DefaultFormatBundle3D',
                class_names=('bed', 'table', 'sofa', 'chair', 'toilet', 'desk',
                             'dresser', 'night_stand', 'bookshelf', 'bathtub'),
                with_label=False),
            dict(type='Collect3D', keys=['points', 'img'])
        ])
]
data = dict(
    samples_per_gpu=16,
    workers_per_gpu=4,
    train=dict(
        type='RepeatDataset',
        times=5,
        dataset=dict(
            type='SUNRGBDDataset',
            modality=dict(use_camera=True, use_lidar=True),
            data_root='/home/zero/USER/HEYU/DATA/sunrgbd_matlab/',
            ann_file=
            '/home/zero/USER/HEYU/DATA/sunrgbd_matlab/sunrgbd_infos_train.pkl',
            pipeline=[
                dict(
                    type='LoadPointsFromFile',
                    coord_type='DEPTH',
                    shift_height=False,
                    use_color=True,
                    load_dim=6,
                    use_dim=[0, 1, 2, 3, 4, 5]),
                dict(type='LoadImageFromFile'),
                dict(type='LoadAnnotations3D'),
                dict(
                    type='Resize',
                    img_scale=[(1333, 480), (1333, 504), (1333, 528),
                               (1333, 552), (1333, 576), (1333, 600)],
                    multiscale_mode='value',
                    keep_ratio=True),
                dict(
                    type='Normalize',
                    mean=[103.53, 116.28, 123.675],
                    std=[1.0, 1.0, 1.0],
                    to_rgb=False),
                dict(type='Pad', size_divisor=32),
                dict(
                    type='RandomFlip3D',
                    sync_2d=False,
                    flip_ratio_bev_horizontal=0.5,
                    flip_ratio_bev_vertical=0.0),
                dict(
                    type='GlobalRotScaleTrans',
                    rot_range=[-0.523599, 0.523599],
                    scale_ratio_range=[0.85, 1.15],
                    translation_std=[0.1, 0.1, 0.1],
                    shift_height=False),
                dict(
                    type='DefaultFormatBundle3D',
                    class_names=('bed', 'table', 'sofa', 'chair', 'toilet',
                                 'desk', 'dresser', 'night_stand', 'bookshelf',
                                 'bathtub')),
                dict(
                    type='Collect3D',
                    keys=['points', 'img', 'gt_bboxes_3d', 'gt_labels_3d'])
            ],
            filter_empty_gt=False,
            classes=('bed', 'table', 'sofa', 'chair', 'toilet', 'desk',
                     'dresser', 'night_stand', 'bookshelf', 'bathtub'),
            box_type_3d='Depth')),
    val=dict(
        type='SUNRGBDDataset',
        modality=dict(use_camera=True, use_lidar=True),
        data_root='/home/zero/USER/HEYU/DATA/sunrgbd_matlab/',
        ann_file=
        '/home/zero/USER/HEYU/DATA/sunrgbd_matlab/sunrgbd_infos_val.pkl',
        pipeline=[
            dict(
                type='LoadPointsFromFile',
                coord_type='DEPTH',
                shift_height=False,
                use_color=True,
                load_dim=6,
                use_dim=[0, 1, 2, 3, 4, 5]),
            dict(type='LoadImageFromFile'),
            dict(
                type='MultiScaleFlipAug3D',
                img_scale=(1333, 600),
                pts_scale_ratio=1,
                flip=False,
                transforms=[
                    dict(
                        type='Resize',
                        multiscale_mode='value',
                        keep_ratio=True),
                    dict(
                        type='Normalize',
                        mean=[103.53, 116.28, 123.675],
                        std=[1.0, 1.0, 1.0],
                        to_rgb=False),
                    dict(type='Pad', size_divisor=32),
                    dict(
                        type='DefaultFormatBundle3D',
                        class_names=('bed', 'table', 'sofa', 'chair', 'toilet',
                                     'desk', 'dresser', 'night_stand',
                                     'bookshelf', 'bathtub'),
                        with_label=False),
                    dict(type='Collect3D', keys=['points', 'img'])
                ])
        ],
        classes=('bed', 'table', 'sofa', 'chair', 'toilet', 'desk', 'dresser',
                 'night_stand', 'bookshelf', 'bathtub'),
        test_mode=True,
        box_type_3d='Depth'),
    test=dict(
        type='SUNRGBDDataset',
        modality=dict(use_camera=True, use_lidar=True),
        data_root='/home/zero/USER/HEYU/DATA/sunrgbd_matlab/',
        ann_file=
        '/home/zero/USER/HEYU/DATA/sunrgbd_matlab/sunrgbd_infos_val.pkl',
        pipeline=[
            dict(
                type='LoadPointsFromFile',
                coord_type='DEPTH',
                shift_height=False,
                use_color=True,
                load_dim=6,
                use_dim=[0, 1, 2, 3, 4, 5]),
            dict(type='LoadImageFromFile'),
            dict(
                type='MultiScaleFlipAug3D',
                img_scale=(1333, 600),
                pts_scale_ratio=1,
                flip=False,
                transforms=[
                    dict(
                        type='Resize',
                        multiscale_mode='value',
                        keep_ratio=True),
                    dict(
                        type='Normalize',
                        mean=[103.53, 116.28, 123.675],
                        std=[1.0, 1.0, 1.0],
                        to_rgb=False),
                    dict(type='Pad', size_divisor=32),
                    dict(
                        type='DefaultFormatBundle3D',
                        class_names=('bed', 'table', 'sofa', 'chair', 'toilet',
                                     'desk', 'dresser', 'night_stand',
                                     'bookshelf', 'bathtub'),
                        with_label=False),
                    dict(type='Collect3D', keys=['points', 'img'])
                ])
        ],
        classes=('bed', 'table', 'sofa', 'chair', 'toilet', 'desk', 'dresser',
                 'night_stand', 'bookshelf', 'bathtub'),
        test_mode=True,
        box_type_3d='Depth'))
gpu_ids = [0]

2026-06-04 13:43:56,668 - mmdet - INFO - Set random seed to 0, deterministic: False
2026-06-04 13:43:56,929 - mmdet - INFO - Model:
TR3DFF3DDetector(
  (img_backbone): ResNet(
    (conv1): Conv2d(3, 64, kernel_size=(7, 7), stride=(2, 2), padding=(3, 3), bias=False)
    (bn1): BatchNorm2d(64, eps=1e-05, momentum=0.1, affine=True, track_running_stats=True)
    (relu): ReLU(inplace=True)
    (maxpool): MaxPool2d(kernel_size=3, stride=2, padding=1, dilation=1, ceil_mode=False)
    (layer1): ResLayer(
      (0): Bottleneck(
        (conv1): Conv2d(64, 64, kernel_size=(1, 1), stride=(1, 1), bias=False)
        (bn1): BatchNorm2d(64, eps=1e-05, momentum=0.1, affine=True, track_running_stats=True)
        (conv2): Conv2d(64, 64, kernel_size=(3, 3), stride=(1, 1), padding=(1, 1), bias=False)
        (bn2): BatchNorm2d(64, eps=1e-05, momentum=0.1, affine=True, track_running_stats=True)
        (conv3): Conv2d(64, 256, kernel_size=(1, 1), stride=(1, 1), bias=False)
        (bn3): BatchNorm2d(256, eps=1e-05, momentum=0.1, affine=True, track_running_stats=True)
        (relu): ReLU(inplace=True)
        (downsample): Sequential(
          (0): Conv2d(64, 256, kernel_size=(1, 1), stride=(1, 1), bias=False)
          (1): BatchNorm2d(256, eps=1e-05, momentum=0.1, affine=True, track_running_stats=True)
        )
      )
      init_cfg={'type': 'Constant', 'val': 0, 'override': {'name': 'norm3'}}
      (1): Bottleneck(
        (conv1): Conv2d(256, 64, kernel_size=(1, 1), stride=(1, 1), bias=False)
        (bn1): BatchNorm2d(64, eps=1e-05, momentum=0.1, affine=True, track_running_stats=True)
        (conv2): Conv2d(64, 64, kernel_size=(3, 3), stride=(1, 1), padding=(1, 1), bias=False)
        (bn2): BatchNorm2d(64, eps=1e-05, momentum=0.1, affine=True, track_running_stats=True)
        (conv3): Conv2d(64, 256, kernel_size=(1, 1), stride=(1, 1), bias=False)
        (bn3): BatchNorm2d(256, eps=1e-05, momentum=0.1, affine=True, track_running_stats=True)
        (relu): ReLU(inplace=True)
      )
      init_cfg={'type': 'Constant', 'val': 0, 'override': {'name': 'norm3'}}
      (2): Bottleneck(
        (conv1): Conv2d(256, 64, kernel_size=(1, 1), stride=(1, 1), bias=False)
        (bn1): BatchNorm2d(64, eps=1e-05, momentum=0.1, affine=True, track_running_stats=True)
        (conv2): Conv2d(64, 64, kernel_size=(3, 3), stride=(1, 1), padding=(1, 1), bias=False)
        (bn2): BatchNorm2d(64, eps=1e-05, momentum=0.1, affine=True, track_running_stats=True)
        (conv3): Conv2d(64, 256, kernel_size=(1, 1), stride=(1, 1), bias=False)
        (bn3): BatchNorm2d(256, eps=1e-05, momentum=0.1, affine=True, track_running_stats=True)
        (relu): ReLU(inplace=True)
      )
      init_cfg={'type': 'Constant', 'val': 0, 'override': {'name': 'norm3'}}
    )
    (layer2): ResLayer(
      (0): Bottleneck(
        (conv1): Conv2d(256, 128, kernel_size=(1, 1), stride=(2, 2), bias=False)
        (bn1): BatchNorm2d(128, eps=1e-05, momentum=0.1, affine=True, track_running_stats=True)
        (conv2): Conv2d(128, 128, kernel_size=(3, 3), stride=(1, 1), padding=(1, 1), bias=False)
        (bn2): BatchNorm2d(128, eps=1e-05, momentum=0.1, affine=True, track_running_stats=True)
        (conv3): Conv2d(128, 512, kernel_size=(1, 1), stride=(1, 1), bias=False)
        (bn3): BatchNorm2d(512, eps=1e-05, momentum=0.1, affine=True, track_running_stats=True)
        (relu): ReLU(inplace=True)
        (downsample): Sequential(
          (0): Conv2d(256, 512, kernel_size=(1, 1), stride=(2, 2), bias=False)
          (1): BatchNorm2d(512, eps=1e-05, momentum=0.1, affine=True, track_running_stats=True)
        )
      )
      init_cfg={'type': 'Constant', 'val': 0, 'override': {'name': 'norm3'}}
      (1): Bottleneck(
        (conv1): Conv2d(512, 128, kernel_size=(1, 1), stride=(1, 1), bias=False)
        (bn1): BatchNorm2d(128, eps=1e-05, momentum=0.1, affine=True, track_running_stats=True)
        (conv2): Conv2d(128, 128, kernel_size=(3, 3), stride=(1, 1), padding=(1, 1), bias=False)
        (bn2): BatchNorm2d(128, eps=1e-05, momentum=0.1, affine=True, track_running_stats=True)
        (conv3): Conv2d(128, 512, kernel_size=(1, 1), stride=(1, 1), bias=False)
        (bn3): BatchNorm2d(512, eps=1e-05, momentum=0.1, affine=True, track_running_stats=True)
        (relu): ReLU(inplace=True)
      )
      init_cfg={'type': 'Constant', 'val': 0, 'override': {'name': 'norm3'}}
      (2): Bottleneck(
        (conv1): Conv2d(512, 128, kernel_size=(1, 1), stride=(1, 1), bias=False)
        (bn1): BatchNorm2d(128, eps=1e-05, momentum=0.1, affine=True, track_running_stats=True)
        (conv2): Conv2d(128, 128, kernel_size=(3, 3), stride=(1, 1), padding=(1, 1), bias=False)
        (bn2): BatchNorm2d(128, eps=1e-05, momentum=0.1, affine=True, track_running_stats=True)
        (conv3): Conv2d(128, 512, kernel_size=(1, 1), stride=(1, 1), bias=False)
        (bn3): BatchNorm2d(512, eps=1e-05, momentum=0.1, affine=True, track_running_stats=True)
        (relu): ReLU(inplace=True)
      )
      init_cfg={'type': 'Constant', 'val': 0, 'override': {'name': 'norm3'}}
      (3): Bottleneck(
        (conv1): Conv2d(512, 128, kernel_size=(1, 1), stride=(1, 1), bias=False)
        (bn1): BatchNorm2d(128, eps=1e-05, momentum=0.1, affine=True, track_running_stats=True)
        (conv2): Conv2d(128, 128, kernel_size=(3, 3), stride=(1, 1), padding=(1, 1), bias=False)
        (bn2): BatchNorm2d(128, eps=1e-05, momentum=0.1, affine=True, track_running_stats=True)
        (conv3): Conv2d(128, 512, kernel_size=(1, 1), stride=(1, 1), bias=False)
        (bn3): BatchNorm2d(512, eps=1e-05, momentum=0.1, affine=True, track_running_stats=True)
        (relu): ReLU(inplace=True)
      )
      init_cfg={'type': 'Constant', 'val': 0, 'override': {'name': 'norm3'}}
    )
    (layer3): ResLayer(
      (0): Bottleneck(
        (conv1): Conv2d(512, 256, kernel_size=(1, 1), stride=(2, 2), bias=False)
        (bn1): BatchNorm2d(256, eps=1e-05, momentum=0.1, affine=True, track_running_stats=True)
        (conv2): Conv2d(256, 256, kernel_size=(3, 3), stride=(1, 1), padding=(1, 1), bias=False)
        (bn2): BatchNorm2d(256, eps=1e-05, momentum=0.1, affine=True, track_running_stats=True)
        (conv3): Conv2d(256, 1024, kernel_size=(1, 1), stride=(1, 1), bias=False)
        (bn3): BatchNorm2d(1024, eps=1e-05, momentum=0.1, affine=True, track_running_stats=True)
        (relu): ReLU(inplace=True)
        (downsample): Sequential(
          (0): Conv2d(512, 1024, kernel_size=(1, 1), stride=(2, 2), bias=False)
          (1): BatchNorm2d(1024, eps=1e-05, momentum=0.1, affine=True, track_running_stats=True)
        )
      )
      init_cfg={'type': 'Constant', 'val': 0, 'override': {'name': 'norm3'}}
      (1): Bottleneck(
        (conv1): Conv2d(1024, 256, kernel_size=(1, 1), stride=(1, 1), bias=False)
        (bn1): BatchNorm2d(256, eps=1e-05, momentum=0.1, affine=True, track_running_stats=True)
        (conv2): Conv2d(256, 256, kernel_size=(3, 3), stride=(1, 1), padding=(1, 1), bias=False)
        (bn2): BatchNorm2d(256, eps=1e-05, momentum=0.1, affine=True, track_running_stats=True)
        (conv3): Conv2d(256, 1024, kernel_size=(1, 1), stride=(1, 1), bias=False)
        (bn3): BatchNorm2d(1024, eps=1e-05, momentum=0.1, affine=True, track_running_stats=True)
        (relu): ReLU(inplace=True)
      )
      init_cfg={'type': 'Constant', 'val': 0, 'override': {'name': 'norm3'}}
      (2): Bottleneck(
        (conv1): Conv2d(1024, 256, kernel_size=(1, 1), stride=(1, 1), bias=False)
        (bn1): BatchNorm2d(256, eps=1e-05, momentum=0.1, affine=True, track_running_stats=True)
        (conv2): Conv2d(256, 256, kernel_size=(3, 3), stride=(1, 1), padding=(1, 1), bias=False)
        (bn2): BatchNorm2d(256, eps=1e-05, momentum=0.1, affine=True, track_running_stats=True)
        (conv3): Conv2d(256, 1024, kernel_size=(1, 1), stride=(1, 1), bias=False)
        (bn3): BatchNorm2d(1024, eps=1e-05, momentum=0.1, affine=True, track_running_stats=True)
        (relu): ReLU(inplace=True)
      )
      init_cfg={'type': 'Constant', 'val': 0, 'override': {'name': 'norm3'}}
      (3): Bottleneck(
        (conv1): Conv2d(1024, 256, kernel_size=(1, 1), stride=(1, 1), bias=False)
        (bn1): BatchNorm2d(256, eps=1e-05, momentum=0.1, affine=True, track_running_stats=True)
        (conv2): Conv2d(256, 256, kernel_size=(3, 3), stride=(1, 1), padding=(1, 1), bias=False)
        (bn2): BatchNorm2d(256, eps=1e-05, momentum=0.1, affine=True, track_running_stats=True)
        (conv3): Conv2d(256, 1024, kernel_size=(1, 1), stride=(1, 1), bias=False)
        (bn3): BatchNorm2d(1024, eps=1e-05, momentum=0.1, affine=True, track_running_stats=True)
        (relu): ReLU(inplace=True)
      )
      init_cfg={'type': 'Constant', 'val': 0, 'override': {'name': 'norm3'}}
      (4): Bottleneck(
        (conv1): Conv2d(1024, 256, kernel_size=(1, 1), stride=(1, 1), bias=False)
        (bn1): BatchNorm2d(256, eps=1e-05, momentum=0.1, affine=True, track_running_stats=True)
        (conv2): Conv2d(256, 256, kernel_size=(3, 3), stride=(1, 1), padding=(1, 1), bias=False)
        (bn2): BatchNorm2d(256, eps=1e-05, momentum=0.1, affine=True, track_running_stats=True)
        (conv3): Conv2d(256, 1024, kernel_size=(1, 1), stride=(1, 1), bias=False)
        (bn3): BatchNorm2d(1024, eps=1e-05, momentum=0.1, affine=True, track_running_stats=True)
        (relu): ReLU(inplace=True)
      )
      init_cfg={'type': 'Constant', 'val': 0, 'override': {'name': 'norm3'}}
      (5): Bottleneck(
        (conv1): Conv2d(1024, 256, kernel_size=(1, 1), stride=(1, 1), bias=False)
        (bn1): BatchNorm2d(256, eps=1e-05, momentum=0.1, affine=True, track_running_stats=True)
        (conv2): Conv2d(256, 256, kernel_size=(3, 3), stride=(1, 1), padding=(1, 1), bias=False)
        (bn2): BatchNorm2d(256, eps=1e-05, momentum=0.1, affine=True, track_running_stats=True)
        (conv3): Conv2d(256, 1024, kernel_size=(1, 1), stride=(1, 1), bias=False)
        (bn3): BatchNorm2d(1024, eps=1e-05, momentum=0.1, affine=True, track_running_stats=True)
        (relu): ReLU(inplace=True)
      )
      init_cfg={'type': 'Constant', 'val': 0, 'override': {'name': 'norm3'}}
    )
    (layer4): ResLayer(
      (0): Bottleneck(
        (conv1): Conv2d(1024, 512, kernel_size=(1, 1), stride=(2, 2), bias=False)
        (bn1): BatchNorm2d(512, eps=1e-05, momentum=0.1, affine=True, track_running_stats=True)
        (conv2): Conv2d(512, 512, kernel_size=(3, 3), stride=(1, 1), padding=(1, 1), bias=False)
        (bn2): BatchNorm2d(512, eps=1e-05, momentum=0.1, affine=True, track_running_stats=True)
        (conv3): Conv2d(512, 2048, kernel_size=(1, 1), stride=(1, 1), bias=False)
        (bn3): BatchNorm2d(2048, eps=1e-05, momentum=0.1, affine=True, track_running_stats=True)
        (relu): ReLU(inplace=True)
        (downsample): Sequential(
          (0): Conv2d(1024, 2048, kernel_size=(1, 1), stride=(2, 2), bias=False)
          (1): BatchNorm2d(2048, eps=1e-05, momentum=0.1, affine=True, track_running_stats=True)
        )
      )
      init_cfg={'type': 'Constant', 'val': 0, 'override': {'name': 'norm3'}}
      (1): Bottleneck(
        (conv1): Conv2d(2048, 512, kernel_size=(1, 1), stride=(1, 1), bias=False)
        (bn1): BatchNorm2d(512, eps=1e-05, momentum=0.1, affine=True, track_running_stats=True)
        (conv2): Conv2d(512, 512, kernel_size=(3, 3), stride=(1, 1), padding=(1, 1), bias=False)
        (bn2): BatchNorm2d(512, eps=1e-05, momentum=0.1, affine=True, track_running_stats=True)
        (conv3): Conv2d(512, 2048, kernel_size=(1, 1), stride=(1, 1), bias=False)
        (bn3): BatchNorm2d(2048, eps=1e-05, momentum=0.1, affine=True, track_running_stats=True)
        (relu): ReLU(inplace=True)
      )
      init_cfg={'type': 'Constant', 'val': 0, 'override': {'name': 'norm3'}}
      (2): Bottleneck(
        (conv1): Conv2d(2048, 512, kernel_size=(1, 1), stride=(1, 1), bias=False)
        (bn1): BatchNorm2d(512, eps=1e-05, momentum=0.1, affine=True, track_running_stats=True)
        (conv2): Conv2d(512, 512, kernel_size=(3, 3), stride=(1, 1), padding=(1, 1), bias=False)
        (bn2): BatchNorm2d(512, eps=1e-05, momentum=0.1, affine=True, track_running_stats=True)
        (conv3): Conv2d(512, 2048, kernel_size=(1, 1), stride=(1, 1), bias=False)
        (bn3): BatchNorm2d(2048, eps=1e-05, momentum=0.1, affine=True, track_running_stats=True)
        (relu): ReLU(inplace=True)
      )
      init_cfg={'type': 'Constant', 'val': 0, 'override': {'name': 'norm3'}}
    )
  )
  init_cfg=[{'type': 'Kaiming', 'layer': 'Conv2d'}, {'type': 'Constant', 'val': 1, 'layer': ['_BatchNorm', 'GroupNorm']}]
  (img_neck): FPN(
    (lateral_convs): ModuleList(
      (0): ConvModule(
        (conv): Conv2d(256, 256, kernel_size=(1, 1), stride=(1, 1))
      )
      (1): ConvModule(
        (conv): Conv2d(512, 256, kernel_size=(1, 1), stride=(1, 1))
      )
      (2): ConvModule(
        (conv): Conv2d(1024, 256, kernel_size=(1, 1), stride=(1, 1))
      )
      (3): ConvModule(
        (conv): Conv2d(2048, 256, kernel_size=(1, 1), stride=(1, 1))
      )
    )
    (fpn_convs): ModuleList(
      (0-3): 4 x ConvModule(
        (conv): Conv2d(256, 256, kernel_size=(3, 3), stride=(1, 1), padding=(1, 1))
      )
    )
  )
  init_cfg={'type': 'Xavier', 'layer': 'Conv2d', 'distribution': 'uniform'}
  (backbone): MinkFFResNet(
    (conv1): MinkowskiConvolution(in=3, out=64, kernel_size=[3, 3, 3], stride=[2, 2, 2], dilation=[1, 1, 1])
    (norm1): MinkowskiBatchNorm(64, eps=1e-05, momentum=0.1, affine=True, track_running_stats=True)
    (relu): MinkowskiReLU()
    (maxpool): MinkowskiMaxPooling(kernel_size=[2, 2, 2], stride=[2, 2, 2], dilation=[1, 1, 1])
    (layer1): Sequential(
      (0): BasicBlock(
        (conv1): MinkowskiConvolution(in=64, out=64, kernel_size=[3, 3, 3], stride=[2, 2, 2], dilation=[1, 1, 1])
        (norm1): MinkowskiBatchNorm(64, eps=1e-05, momentum=0.1, affine=True, track_running_stats=True)
        (conv2): MinkowskiConvolution(in=64, out=64, kernel_size=[3, 3, 3], stride=[1, 1, 1], dilation=[1, 1, 1])
        (norm2): MinkowskiBatchNorm(64, eps=1e-05, momentum=0.1, affine=True, track_running_stats=True)
        (relu): MinkowskiReLU()
        (downsample): Sequential(
          (0): MinkowskiConvolution(in=64, out=64, kernel_size=[1, 1, 1], stride=[2, 2, 2], dilation=[1, 1, 1])
          (1): MinkowskiBatchNorm(64, eps=1e-05, momentum=0.1, affine=True, track_running_stats=True)
        )
      )
      (1): BasicBlock(
        (conv1): MinkowskiConvolution(in=64, out=64, kernel_size=[3, 3, 3], stride=[1, 1, 1], dilation=[1, 1, 1])
        (norm1): MinkowskiBatchNorm(64, eps=1e-05, momentum=0.1, affine=True, track_running_stats=True)
        (conv2): MinkowskiConvolution(in=64, out=64, kernel_size=[3, 3, 3], stride=[1, 1, 1], dilation=[1, 1, 1])
        (norm2): MinkowskiBatchNorm(64, eps=1e-05, momentum=0.1, affine=True, track_running_stats=True)
        (relu): MinkowskiReLU()
      )
      (2): BasicBlock(
        (conv1): MinkowskiConvolution(in=64, out=64, kernel_size=[3, 3, 3], stride=[1, 1, 1], dilation=[1, 1, 1])
        (norm1): MinkowskiBatchNorm(64, eps=1e-05, momentum=0.1, affine=True, track_running_stats=True)
        (conv2): MinkowskiConvolution(in=64, out=64, kernel_size=[3, 3, 3], stride=[1, 1, 1], dilation=[1, 1, 1])
        (norm2): MinkowskiBatchNorm(64, eps=1e-05, momentum=0.1, affine=True, track_running_stats=True)
        (relu): MinkowskiReLU()
      )
    )
    (layer2): Sequential(
      (0): BasicBlock(
        (conv1): MinkowskiConvolution(in=64, out=128, kernel_size=[3, 3, 3], stride=[2, 2, 2], dilation=[1, 1, 1])
        (norm1): MinkowskiBatchNorm(128, eps=1e-05, momentum=0.1, affine=True, track_running_stats=True)
        (conv2): MinkowskiConvolution(in=128, out=128, kernel_size=[3, 3, 3], stride=[1, 1, 1], dilation=[1, 1, 1])
        (norm2): MinkowskiBatchNorm(128, eps=1e-05, momentum=0.1, affine=True, track_running_stats=True)
        (relu): MinkowskiReLU()
        (downsample): Sequential(
          (0): MinkowskiConvolution(in=64, out=128, kernel_size=[1, 1, 1], stride=[2, 2, 2], dilation=[1, 1, 1])
          (1): MinkowskiBatchNorm(128, eps=1e-05, momentum=0.1, affine=True, track_running_stats=True)
        )
      )
      (1): BasicBlock(
        (conv1): MinkowskiConvolution(in=128, out=128, kernel_size=[3, 3, 3], stride=[1, 1, 1], dilation=[1, 1, 1])
        (norm1): MinkowskiBatchNorm(128, eps=1e-05, momentum=0.1, affine=True, track_running_stats=True)
        (conv2): MinkowskiConvolution(in=128, out=128, kernel_size=[3, 3, 3], stride=[1, 1, 1], dilation=[1, 1, 1])
        (norm2): MinkowskiBatchNorm(128, eps=1e-05, momentum=0.1, affine=True, track_running_stats=True)
        (relu): MinkowskiReLU()
      )
      (2): BasicBlock(
        (conv1): MinkowskiConvolution(in=128, out=128, kernel_size=[3, 3, 3], stride=[1, 1, 1], dilation=[1, 1, 1])
        (norm1): MinkowskiBatchNorm(128, eps=1e-05, momentum=0.1, affine=True, track_running_stats=True)
        (conv2): MinkowskiConvolution(in=128, out=128, kernel_size=[3, 3, 3], stride=[1, 1, 1], dilation=[1, 1, 1])
        (norm2): MinkowskiBatchNorm(128, eps=1e-05, momentum=0.1, affine=True, track_running_stats=True)
        (relu): MinkowskiReLU()
      )
      (3): BasicBlock(
        (conv1): MinkowskiConvolution(in=128, out=128, kernel_size=[3, 3, 3], stride=[1, 1, 1], dilation=[1, 1, 1])
        (norm1): MinkowskiBatchNorm(128, eps=1e-05, momentum=0.1, affine=True, track_running_stats=True)
        (conv2): MinkowskiConvolution(in=128, out=128, kernel_size=[3, 3, 3], stride=[1, 1, 1], dilation=[1, 1, 1])
        (norm2): MinkowskiBatchNorm(128, eps=1e-05, momentum=0.1, affine=True, track_running_stats=True)
        (relu): MinkowskiReLU()
      )
    )
    (layer3): Sequential(
      (0): BasicBlock(
        (conv1): MinkowskiConvolution(in=128, out=128, kernel_size=[3, 3, 3], stride=[2, 2, 2], dilation=[1, 1, 1])
        (norm1): MinkowskiBatchNorm(128, eps=1e-05, momentum=0.1, affine=True, track_running_stats=True)
        (conv2): MinkowskiConvolution(in=128, out=128, kernel_size=[3, 3, 3], stride=[1, 1, 1], dilation=[1, 1, 1])
        (norm2): MinkowskiBatchNorm(128, eps=1e-05, momentum=0.1, affine=True, track_running_stats=True)
        (relu): MinkowskiReLU()
        (downsample): Sequential(
          (0): MinkowskiConvolution(in=128, out=128, kernel_size=[1, 1, 1], stride=[2, 2, 2], dilation=[1, 1, 1])
          (1): MinkowskiBatchNorm(128, eps=1e-05, momentum=0.1, affine=True, track_running_stats=True)
        )
      )
      (1): BasicBlock(
        (conv1): MinkowskiConvolution(in=128, out=128, kernel_size=[3, 3, 3], stride=[1, 1, 1], dilation=[1, 1, 1])
        (norm1): MinkowskiBatchNorm(128, eps=1e-05, momentum=0.1, affine=True, track_running_stats=True)
        (conv2): MinkowskiConvolution(in=128, out=128, kernel_size=[3, 3, 3], stride=[1, 1, 1], dilation=[1, 1, 1])
        (norm2): MinkowskiBatchNorm(128, eps=1e-05, momentum=0.1, affine=True, track_running_stats=True)
        (relu): MinkowskiReLU()
      )
      (2): BasicBlock(
        (conv1): MinkowskiConvolution(in=128, out=128, kernel_size=[3, 3, 3], stride=[1, 1, 1], dilation=[1, 1, 1])
        (norm1): MinkowskiBatchNorm(128, eps=1e-05, momentum=0.1, affine=True, track_running_stats=True)
        (conv2): MinkowskiConvolution(in=128, out=128, kernel_size=[3, 3, 3], stride=[1, 1, 1], dilation=[1, 1, 1])
        (norm2): MinkowskiBatchNorm(128, eps=1e-05, momentum=0.1, affine=True, track_running_stats=True)
        (relu): MinkowskiReLU()
      )
      (3): BasicBlock(
        (conv1): MinkowskiConvolution(in=128, out=128, kernel_size=[3, 3, 3], stride=[1, 1, 1], dilation=[1, 1, 1])
        (norm1): MinkowskiBatchNorm(128, eps=1e-05, momentum=0.1, affine=True, track_running_stats=True)
        (conv2): MinkowskiConvolution(in=128, out=128, kernel_size=[3, 3, 3], stride=[1, 1, 1], dilation=[1, 1, 1])
        (norm2): MinkowskiBatchNorm(128, eps=1e-05, momentum=0.1, affine=True, track_running_stats=True)
        (relu): MinkowskiReLU()
      )
      (4): BasicBlock(
        (conv1): MinkowskiConvolution(in=128, out=128, kernel_size=[3, 3, 3], stride=[1, 1, 1], dilation=[1, 1, 1])
        (norm1): MinkowskiBatchNorm(128, eps=1e-05, momentum=0.1, affine=True, track_running_stats=True)
        (conv2): MinkowskiConvolution(in=128, out=128, kernel_size=[3, 3, 3], stride=[1, 1, 1], dilation=[1, 1, 1])
        (norm2): MinkowskiBatchNorm(128, eps=1e-05, momentum=0.1, affine=True, track_running_stats=True)
        (relu): MinkowskiReLU()
      )
      (5): BasicBlock(
        (conv1): MinkowskiConvolution(in=128, out=128, kernel_size=[3, 3, 3], stride=[1, 1, 1], dilation=[1, 1, 1])
        (norm1): MinkowskiBatchNorm(128, eps=1e-05, momentum=0.1, affine=True, track_running_stats=True)
        (conv2): MinkowskiConvolution(in=128, out=128, kernel_size=[3, 3, 3], stride=[1, 1, 1], dilation=[1, 1, 1])
        (norm2): MinkowskiBatchNorm(128, eps=1e-05, momentum=0.1, affine=True, track_running_stats=True)
        (relu): MinkowskiReLU()
      )
    )
    (layer4): Sequential(
      (0): BasicBlock(
        (conv1): MinkowskiConvolution(in=128, out=128, kernel_size=[3, 3, 3], stride=[2, 2, 2], dilation=[1, 1, 1])
        (norm1): MinkowskiBatchNorm(128, eps=1e-05, momentum=0.1, affine=True, track_running_stats=True)
        (conv2): MinkowskiConvolution(in=128, out=128, kernel_size=[3, 3, 3], stride=[1, 1, 1], dilation=[1, 1, 1])
        (norm2): MinkowskiBatchNorm(128, eps=1e-05, momentum=0.1, affine=True, track_running_stats=True)
        (relu): MinkowskiReLU()
        (downsample): Sequential(
          (0): MinkowskiConvolution(in=128, out=128, kernel_size=[1, 1, 1], stride=[2, 2, 2], dilation=[1, 1, 1])
          (1): MinkowskiBatchNorm(128, eps=1e-05, momentum=0.1, affine=True, track_running_stats=True)
        )
      )
      (1): BasicBlock(
        (conv1): MinkowskiConvolution(in=128, out=128, kernel_size=[3, 3, 3], stride=[1, 1, 1], dilation=[1, 1, 1])
        (norm1): MinkowskiBatchNorm(128, eps=1e-05, momentum=0.1, affine=True, track_running_stats=True)
        (conv2): MinkowskiConvolution(in=128, out=128, kernel_size=[3, 3, 3], stride=[1, 1, 1], dilation=[1, 1, 1])
        (norm2): MinkowskiBatchNorm(128, eps=1e-05, momentum=0.1, affine=True, track_running_stats=True)
        (relu): MinkowskiReLU()
      )
      (2): BasicBlock(
        (conv1): MinkowskiConvolution(in=128, out=128, kernel_size=[3, 3, 3], stride=[1, 1, 1], dilation=[1, 1, 1])
        (norm1): MinkowskiBatchNorm(128, eps=1e-05, momentum=0.1, affine=True, track_running_stats=True)
        (conv2): MinkowskiConvolution(in=128, out=128, kernel_size=[3, 3, 3], stride=[1, 1, 1], dilation=[1, 1, 1])
        (norm2): MinkowskiBatchNorm(128, eps=1e-05, momentum=0.1, affine=True, track_running_stats=True)
        (relu): MinkowskiReLU()
      )
    )
  )
  (neck): TR3DNeck(
    (lateral_block_0): Sequential(
      (0): MinkowskiConvolution(in=128, out=128, kernel_size=[3, 3, 3], stride=[1, 1, 1], dilation=[1, 1, 1])
      (1): MinkowskiBatchNorm(128, eps=1e-05, momentum=0.1, affine=True, track_running_stats=True)
      (2): MinkowskiReLU()
    )
    (out_block_0): Sequential(
      (0): MinkowskiConvolution(in=128, out=128, kernel_size=[3, 3, 3], stride=[1, 1, 1], dilation=[1, 1, 1])
      (1): MinkowskiBatchNorm(128, eps=1e-05, momentum=0.1, affine=True, track_running_stats=True)
      (2): MinkowskiReLU()
    )
    (up_block_1): Sequential(
      (0): MinkowskiGenerativeConvolutionTranspose(in=128, out=128, kernel_size=[3, 3, 3], stride=[2, 2, 2], dilation=[1, 1, 1])
      (1): MinkowskiBatchNorm(128, eps=1e-05, momentum=0.1, affine=True, track_running_stats=True)
      (2): MinkowskiReLU()
    )
    (lateral_block_1): Sequential(
      (0): MinkowskiConvolution(in=128, out=128, kernel_size=[3, 3, 3], stride=[1, 1, 1], dilation=[1, 1, 1])
      (1): MinkowskiBatchNorm(128, eps=1e-05, momentum=0.1, affine=True, track_running_stats=True)
      (2): MinkowskiReLU()
    )
    (out_block_1): Sequential(
      (0): MinkowskiConvolution(in=128, out=128, kernel_size=[3, 3, 3], stride=[1, 1, 1], dilation=[1, 1, 1])
      (1): MinkowskiBatchNorm(128, eps=1e-05, momentum=0.1, affine=True, track_running_stats=True)
      (2): MinkowskiReLU()
    )
    (up_block_2): Sequential(
      (0): MinkowskiGenerativeConvolutionTranspose(in=128, out=128, kernel_size=[3, 3, 3], stride=[2, 2, 2], dilation=[1, 1, 1])
      (1): MinkowskiBatchNorm(128, eps=1e-05, momentum=0.1, affine=True, track_running_stats=True)
      (2): MinkowskiReLU()
    )
  )
  (head): TR3DHead(
    (bbox_loss): RotatedIoU3DLoss()
    (cls_loss): FocalLoss()
    (bbox_conv): MinkowskiConvolution(in=128, out=8, kernel_size=[1, 1, 1], stride=[1, 1, 1], dilation=[1, 1, 1])
    (cls_conv): MinkowskiConvolution(in=128, out=10, kernel_size=[1, 1, 1], stride=[1, 1, 1], dilation=[1, 1, 1])
  )
  (conv): Sequential(
    (0): MinkowskiConvolution(in=256, out=64, kernel_size=[1, 1, 1], stride=[1, 1, 1], dilation=[1, 1, 1])
    (1): MinkowskiBatchNorm(64, eps=1e-05, momentum=0.1, affine=True, track_running_stats=True)
    (2): MinkowskiReLU()
  )
  (keep_ratio_predictor_MLPNET): KeepRatioPredictorMLPNet(
    (net): Sequential(
      (0): Linear(in_features=6, out_features=128, bias=True)
      (1): ReLU()
      (2): Linear(in_features=128, out_features=2, bias=True)
      (3): Tanh()
    )
  )
)
2026-06-04 13:43:58,685 - mmdet - INFO - load checkpoint from local path: /home/zero/USER/HEYU/MODEL/imvotenet_faster_rcnn_r50_fpn_2x4_sunrgbd-3d-10class_20210819_225618-62eba6ce.pth
2026-06-04 13:43:58,814 - mmdet - WARNING - The model and loaded state dict do not match exactly

unexpected key in source state_dict: img_rpn_head.rpn_conv.weight, img_rpn_head.rpn_conv.bias, img_rpn_head.rpn_cls.weight, img_rpn_head.rpn_cls.bias, img_rpn_head.rpn_reg.weight, img_rpn_head.rpn_reg.bias, img_roi_head.bbox_head.fc_cls.weight, img_roi_head.bbox_head.fc_cls.bias, img_roi_head.bbox_head.fc_reg.weight, img_roi_head.bbox_head.fc_reg.bias, img_roi_head.bbox_head.shared_fcs.0.weight, img_roi_head.bbox_head.shared_fcs.0.bias, img_roi_head.bbox_head.shared_fcs.1.weight, img_roi_head.bbox_head.shared_fcs.1.bias

missing keys in source state_dict: backbone.conv1.kernel, backbone.norm1.bn.weight, backbone.norm1.bn.bias, backbone.norm1.bn.running_mean, backbone.norm1.bn.running_var, backbone.layer1.0.conv1.kernel, backbone.layer1.0.norm1.bn.weight, backbone.layer1.0.norm1.bn.bias, backbone.layer1.0.norm1.bn.running_mean, backbone.layer1.0.norm1.bn.running_var, backbone.layer1.0.conv2.kernel, backbone.layer1.0.norm2.bn.weight, backbone.layer1.0.norm2.bn.bias, backbone.layer1.0.norm2.bn.running_mean, backbone.layer1.0.norm2.bn.running_var, backbone.layer1.0.downsample.0.kernel, backbone.layer1.0.downsample.1.bn.weight, backbone.layer1.0.downsample.1.bn.bias, backbone.layer1.0.downsample.1.bn.running_mean, backbone.layer1.0.downsample.1.bn.running_var, backbone.layer1.1.conv1.kernel, backbone.layer1.1.norm1.bn.weight, backbone.layer1.1.norm1.bn.bias, backbone.layer1.1.norm1.bn.running_mean, backbone.layer1.1.norm1.bn.running_var, backbone.layer1.1.conv2.kernel, backbone.layer1.1.norm2.bn.weight, backbone.layer1.1.norm2.bn.bias, backbone.layer1.1.norm2.bn.running_mean, backbone.layer1.1.norm2.bn.running_var, backbone.layer1.2.conv1.kernel, backbone.layer1.2.norm1.bn.weight, backbone.layer1.2.norm1.bn.bias, backbone.layer1.2.norm1.bn.running_mean, backbone.layer1.2.norm1.bn.running_var, backbone.layer1.2.conv2.kernel, backbone.layer1.2.norm2.bn.weight, backbone.layer1.2.norm2.bn.bias, backbone.layer1.2.norm2.bn.running_mean, backbone.layer1.2.norm2.bn.running_var, backbone.layer2.0.conv1.kernel, backbone.layer2.0.norm1.bn.weight, backbone.layer2.0.norm1.bn.bias, backbone.layer2.0.norm1.bn.running_mean, backbone.layer2.0.norm1.bn.running_var, backbone.layer2.0.conv2.kernel, backbone.layer2.0.norm2.bn.weight, backbone.layer2.0.norm2.bn.bias, backbone.layer2.0.norm2.bn.running_mean, backbone.layer2.0.norm2.bn.running_var, backbone.layer2.0.downsample.0.kernel, backbone.layer2.0.downsample.1.bn.weight, backbone.layer2.0.downsample.1.bn.bias, backbone.layer2.0.downsample.1.bn.running_mean, backbone.layer2.0.downsample.1.bn.running_var, backbone.layer2.1.conv1.kernel, backbone.layer2.1.norm1.bn.weight, backbone.layer2.1.norm1.bn.bias, backbone.layer2.1.norm1.bn.running_mean, backbone.layer2.1.norm1.bn.running_var, backbone.layer2.1.conv2.kernel, backbone.layer2.1.norm2.bn.weight, backbone.layer2.1.norm2.bn.bias, backbone.layer2.1.norm2.bn.running_mean, backbone.layer2.1.norm2.bn.running_var, backbone.layer2.2.conv1.kernel, backbone.layer2.2.norm1.bn.weight, backbone.layer2.2.norm1.bn.bias, backbone.layer2.2.norm1.bn.running_mean, backbone.layer2.2.norm1.bn.running_var, backbone.layer2.2.conv2.kernel, backbone.layer2.2.norm2.bn.weight, backbone.layer2.2.norm2.bn.bias, backbone.layer2.2.norm2.bn.running_mean, backbone.layer2.2.norm2.bn.running_var, backbone.layer2.3.conv1.kernel, backbone.layer2.3.norm1.bn.weight, backbone.layer2.3.norm1.bn.bias, backbone.layer2.3.norm1.bn.running_mean, backbone.layer2.3.norm1.bn.running_var, backbone.layer2.3.conv2.kernel, backbone.layer2.3.norm2.bn.weight, backbone.layer2.3.norm2.bn.bias, backbone.layer2.3.norm2.bn.running_mean, backbone.layer2.3.norm2.bn.running_var, backbone.layer3.0.conv1.kernel, backbone.layer3.0.norm1.bn.weight, backbone.layer3.0.norm1.bn.bias, backbone.layer3.0.norm1.bn.running_mean, backbone.layer3.0.norm1.bn.running_var, backbone.layer3.0.conv2.kernel, backbone.layer3.0.norm2.bn.weight, backbone.layer3.0.norm2.bn.bias, backbone.layer3.0.norm2.bn.running_mean, backbone.layer3.0.norm2.bn.running_var, backbone.layer3.0.downsample.0.kernel, backbone.layer3.0.downsample.1.bn.weight, backbone.layer3.0.downsample.1.bn.bias, backbone.layer3.0.downsample.1.bn.running_mean, backbone.layer3.0.downsample.1.bn.running_var, backbone.layer3.1.conv1.kernel, backbone.layer3.1.norm1.bn.weight, backbone.layer3.1.norm1.bn.bias, backbone.layer3.1.norm1.bn.running_mean, backbone.layer3.1.norm1.bn.running_var, backbone.layer3.1.conv2.kernel, backbone.layer3.1.norm2.bn.weight, backbone.layer3.1.norm2.bn.bias, backbone.layer3.1.norm2.bn.running_mean, backbone.layer3.1.norm2.bn.running_var, backbone.layer3.2.conv1.kernel, backbone.layer3.2.norm1.bn.weight, backbone.layer3.2.norm1.bn.bias, backbone.layer3.2.norm1.bn.running_mean, backbone.layer3.2.norm1.bn.running_var, backbone.layer3.2.conv2.kernel, backbone.layer3.2.norm2.bn.weight, backbone.layer3.2.norm2.bn.bias, backbone.layer3.2.norm2.bn.running_mean, backbone.layer3.2.norm2.bn.running_var, backbone.layer3.3.conv1.kernel, backbone.layer3.3.norm1.bn.weight, backbone.layer3.3.norm1.bn.bias, backbone.layer3.3.norm1.bn.running_mean, backbone.layer3.3.norm1.bn.running_var, backbone.layer3.3.conv2.kernel, backbone.layer3.3.norm2.bn.weight, backbone.layer3.3.norm2.bn.bias, backbone.layer3.3.norm2.bn.running_mean, backbone.layer3.3.norm2.bn.running_var, backbone.layer3.4.conv1.kernel, backbone.layer3.4.norm1.bn.weight, backbone.layer3.4.norm1.bn.bias, backbone.layer3.4.norm1.bn.running_mean, backbone.layer3.4.norm1.bn.running_var, backbone.layer3.4.conv2.kernel, backbone.layer3.4.norm2.bn.weight, backbone.layer3.4.norm2.bn.bias, backbone.layer3.4.norm2.bn.running_mean, backbone.layer3.4.norm2.bn.running_var, backbone.layer3.5.conv1.kernel, backbone.layer3.5.norm1.bn.weight, backbone.layer3.5.norm1.bn.bias, backbone.layer3.5.norm1.bn.running_mean, backbone.layer3.5.norm1.bn.running_var, backbone.layer3.5.conv2.kernel, backbone.layer3.5.norm2.bn.weight, backbone.layer3.5.norm2.bn.bias, backbone.layer3.5.norm2.bn.running_mean, backbone.layer3.5.norm2.bn.running_var, backbone.layer4.0.conv1.kernel, backbone.layer4.0.norm1.bn.weight, backbone.layer4.0.norm1.bn.bias, backbone.layer4.0.norm1.bn.running_mean, backbone.layer4.0.norm1.bn.running_var, backbone.layer4.0.conv2.kernel, backbone.layer4.0.norm2.bn.weight, backbone.layer4.0.norm2.bn.bias, backbone.layer4.0.norm2.bn.running_mean, backbone.layer4.0.norm2.bn.running_var, backbone.layer4.0.downsample.0.kernel, backbone.layer4.0.downsample.1.bn.weight, backbone.layer4.0.downsample.1.bn.bias, backbone.layer4.0.downsample.1.bn.running_mean, backbone.layer4.0.downsample.1.bn.running_var, backbone.layer4.1.conv1.kernel, backbone.layer4.1.norm1.bn.weight, backbone.layer4.1.norm1.bn.bias, backbone.layer4.1.norm1.bn.running_mean, backbone.layer4.1.norm1.bn.running_var, backbone.layer4.1.conv2.kernel, backbone.layer4.1.norm2.bn.weight, backbone.layer4.1.norm2.bn.bias, backbone.layer4.1.norm2.bn.running_mean, backbone.layer4.1.norm2.bn.running_var, backbone.layer4.2.conv1.kernel, backbone.layer4.2.norm1.bn.weight, backbone.layer4.2.norm1.bn.bias, backbone.layer4.2.norm1.bn.running_mean, backbone.layer4.2.norm1.bn.running_var, backbone.layer4.2.conv2.kernel, backbone.layer4.2.norm2.bn.weight, backbone.layer4.2.norm2.bn.bias, backbone.layer4.2.norm2.bn.running_mean, backbone.layer4.2.norm2.bn.running_var, neck.lateral_block_0.0.kernel, neck.lateral_block_0.1.bn.weight, neck.lateral_block_0.1.bn.bias, neck.lateral_block_0.1.bn.running_mean, neck.lateral_block_0.1.bn.running_var, neck.out_block_0.0.kernel, neck.out_block_0.1.bn.weight, neck.out_block_0.1.bn.bias, neck.out_block_0.1.bn.running_mean, neck.out_block_0.1.bn.running_var, neck.up_block_1.0.kernel, neck.up_block_1.1.bn.weight, neck.up_block_1.1.bn.bias, neck.up_block_1.1.bn.running_mean, neck.up_block_1.1.bn.running_var, neck.lateral_block_1.0.kernel, neck.lateral_block_1.1.bn.weight, neck.lateral_block_1.1.bn.bias, neck.lateral_block_1.1.bn.running_mean, neck.lateral_block_1.1.bn.running_var, neck.out_block_1.0.kernel, neck.out_block_1.1.bn.weight, neck.out_block_1.1.bn.bias, neck.out_block_1.1.bn.running_mean, neck.out_block_1.1.bn.running_var, neck.up_block_2.0.kernel, neck.up_block_2.1.bn.weight, neck.up_block_2.1.bn.bias, neck.up_block_2.1.bn.running_mean, neck.up_block_2.1.bn.running_var, head.bbox_conv.kernel, head.bbox_conv.bias, head.cls_conv.kernel, head.cls_conv.bias, conv.0.kernel, conv.1.bn.weight, conv.1.bn.bias, conv.1.bn.running_mean, conv.1.bn.running_var, keep_ratio_predictor_MLPNET.net.0.weight, keep_ratio_predictor_MLPNET.net.0.bias, keep_ratio_predictor_MLPNET.net.2.weight, keep_ratio_predictor_MLPNET.net.2.bias

2026-06-04 13:43:58,820 - mmdet - INFO - Start running, host: zero@l40server, work_dir: /home/zero/USER/HEYU/tr3d/work_dirs/NN/DFF/DFF_TR3D_FF_FIG6_4/4
2026-06-04 13:43:58,821 - mmdet - INFO - Hooks will be executed in the following order:
before_run:
(VERY_HIGH   ) StepLrUpdaterHook                  
(NORMAL      ) CheckpointHook                     
(LOW         ) EvalHook                           
(VERY_LOW    ) TextLoggerHook                     
 -------------------- 
before_train_epoch:
(VERY_HIGH   ) StepLrUpdaterHook                  
(NORMAL      ) EmptyCacheHook                     
(LOW         ) IterTimerHook                      
(LOW         ) EvalHook                           
(VERY_LOW    ) TextLoggerHook                     
 -------------------- 
before_train_iter:
(VERY_HIGH   ) StepLrUpdaterHook                  
(LOW         ) IterTimerHook                      
(LOW         ) EvalHook                           
 -------------------- 
after_train_iter:
(ABOVE_NORMAL) OptimizerHook                      
(NORMAL      ) CheckpointHook                     
(NORMAL      ) EmptyCacheHook                     
(LOW         ) IterTimerHook                      
(LOW         ) EvalHook                           
(VERY_LOW    ) TextLoggerHook                     
 -------------------- 
after_train_epoch:
(NORMAL      ) CheckpointHook                     
(NORMAL      ) EmptyCacheHook                     
(LOW         ) EvalHook                           
(VERY_LOW    ) TextLoggerHook                     
 -------------------- 
before_val_epoch:
(NORMAL      ) EmptyCacheHook                     
(LOW         ) IterTimerHook                      
(VERY_LOW    ) TextLoggerHook                     
 -------------------- 
before_val_iter:
(LOW         ) IterTimerHook                      
 -------------------- 
after_val_iter:
(NORMAL      ) EmptyCacheHook                     
(LOW         ) IterTimerHook                      
 -------------------- 
after_val_epoch:
(NORMAL      ) EmptyCacheHook                     
(VERY_LOW    ) TextLoggerHook                     
 -------------------- 
after_run:
(VERY_LOW    ) TextLoggerHook                     
 -------------------- 
2026-06-04 13:43:58,821 - mmdet - INFO - workflow: [('train', 1)], max: 12 epochs
2026-06-04 13:43:58,821 - mmdet - INFO - Checkpoints will be saved to /home/zero/USER/HEYU/tr3d/work_dirs/NN/DFF/DFF_TR3D_FF_FIG6_4/4 by HardDiskBackend.
2026-06-04 13:44:35,092 - mmdet - INFO - Epoch [1][50/1652]	lr: 1.000e-03, eta: 3:59:02, time: 0.725, data_time: 0.104, memory: 5798, bbox_loss: 0.6374, cls_loss: 0.6821, loss: 1.3194, grad_norm: 6.7080
2026-06-04 13:45:07,753 - mmdet - INFO - Epoch [1][100/1652]	lr: 1.000e-03, eta: 3:46:35, time: 0.653, data_time: 0.055, memory: 5798, bbox_loss: 0.5753, cls_loss: 0.4850, loss: 1.0603, grad_norm: 7.9036
2026-06-04 13:45:40,431 - mmdet - INFO - Epoch [1][150/1652]	lr: 1.000e-03, eta: 3:42:06, time: 0.654, data_time: 0.056, memory: 5798, bbox_loss: 0.5781, cls_loss: 0.4488, loss: 1.0268, grad_norm: 7.1290
2026-06-04 13:46:15,152 - mmdet - INFO - Epoch [1][200/1652]	lr: 1.000e-03, eta: 3:42:56, time: 0.694, data_time: 0.056, memory: 5798, bbox_loss: 0.5606, cls_loss: 0.4313, loss: 0.9919, grad_norm: 8.1116
2026-06-04 13:46:47,807 - mmdet - INFO - Epoch [1][250/1652]	lr: 1.000e-03, eta: 3:40:30, time: 0.653, data_time: 0.055, memory: 5798, bbox_loss: 0.5460, cls_loss: 0.4225, loss: 0.9685, grad_norm: 7.4111
2026-06-04 13:47:22,234 - mmdet - INFO - Epoch [1][300/1652]	lr: 1.000e-03, eta: 3:40:37, time: 0.689, data_time: 0.056, memory: 5798, bbox_loss: 0.5427, cls_loss: 0.4130, loss: 0.9556, grad_norm: 6.7481
2026-06-04 13:47:55,897 - mmdet - INFO - Epoch [1][350/1652]	lr: 1.000e-03, eta: 3:39:50, time: 0.673, data_time: 0.055, memory: 5798, bbox_loss: 0.5259, cls_loss: 0.3888, loss: 0.9147, grad_norm: 6.8249
2026-06-04 13:48:29,570 - mmdet - INFO - Epoch [1][400/1652]	lr: 1.000e-03, eta: 3:39:07, time: 0.673, data_time: 0.053, memory: 5798, bbox_loss: 0.5351, cls_loss: 0.3814, loss: 0.9166, grad_norm: 6.7308
2026-06-04 13:49:01,428 - mmdet - INFO - Epoch [1][450/1652]	lr: 1.000e-03, eta: 3:37:07, time: 0.637, data_time: 0.053, memory: 5798, bbox_loss: 0.5194, cls_loss: 0.3742, loss: 0.8937, grad_norm: 6.9503
2026-06-04 13:49:33,939 - mmdet - INFO - Epoch [1][500/1652]	lr: 1.000e-03, eta: 3:35:51, time: 0.650, data_time: 0.053, memory: 5798, bbox_loss: 0.5236, cls_loss: 0.3651, loss: 0.8887, grad_norm: 7.2793
2026-06-04 13:50:06,156 - mmdet - INFO - Epoch [1][550/1652]	lr: 1.000e-03, eta: 3:34:32, time: 0.644, data_time: 0.056, memory: 5798, bbox_loss: 0.5148, cls_loss: 0.3635, loss: 0.8782, grad_norm: 5.9446
2026-06-04 13:50:38,191 - mmdet - INFO - Epoch [1][600/1652]	lr: 1.000e-03, eta: 3:33:15, time: 0.641, data_time: 0.055, memory: 5798, bbox_loss: 0.5055, cls_loss: 0.3479, loss: 0.8534, grad_norm: 6.9027
2026-06-04 13:51:11,398 - mmdet - INFO - Epoch [1][650/1652]	lr: 1.000e-03, eta: 3:32:39, time: 0.664, data_time: 0.054, memory: 5798, bbox_loss: 0.5083, cls_loss: 0.3562, loss: 0.8645, grad_norm: 6.3602
2026-06-04 13:51:43,275 - mmdet - INFO - Epoch [1][700/1652]	lr: 1.000e-03, eta: 3:31:28, time: 0.638, data_time: 0.053, memory: 5798, bbox_loss: 0.4980, cls_loss: 0.3500, loss: 0.8480, grad_norm: 6.2229
2026-06-04 13:52:14,547 - mmdet - INFO - Epoch [1][750/1652]	lr: 1.000e-03, eta: 3:30:06, time: 0.625, data_time: 0.054, memory: 5798, bbox_loss: 0.5016, cls_loss: 0.3219, loss: 0.8235, grad_norm: 6.1610
2026-06-04 13:52:47,313 - mmdet - INFO - Epoch [1][800/1652]	lr: 1.000e-03, eta: 3:29:27, time: 0.655, data_time: 0.054, memory: 5798, bbox_loss: 0.4956, cls_loss: 0.3501, loss: 0.8457, grad_norm: 5.6833
2026-06-04 13:53:20,677 - mmdet - INFO - Epoch [1][850/1652]	lr: 1.000e-03, eta: 3:29:01, time: 0.667, data_time: 0.056, memory: 5798, bbox_loss: 0.4988, cls_loss: 0.3431, loss: 0.8419, grad_norm: 5.1039
2026-06-04 13:53:53,206 - mmdet - INFO - Epoch [1][900/1652]	lr: 1.000e-03, eta: 3:28:17, time: 0.651, data_time: 0.054, memory: 5798, bbox_loss: 0.4960, cls_loss: 0.3245, loss: 0.8205, grad_norm: 5.7659
2026-06-04 13:54:25,187 - mmdet - INFO - Epoch [1][950/1652]	lr: 1.000e-03, eta: 3:27:23, time: 0.640, data_time: 0.055, memory: 5836, bbox_loss: 0.5013, cls_loss: 0.3244, loss: 0.8257, grad_norm: 4.7573
2026-06-04 13:54:57,655 - mmdet - INFO - Exp name: tr3d-ff_sunrgbd-3d-10class.py
2026-06-04 13:54:57,655 - mmdet - INFO - Epoch [1][1000/1652]	lr: 1.000e-03, eta: 3:26:41, time: 0.649, data_time: 0.057, memory: 5836, bbox_loss: 0.4975, cls_loss: 0.3409, loss: 0.8383, grad_norm: 4.6753
2026-06-04 13:55:29,778 - mmdet - INFO - Epoch [1][1050/1652]	lr: 1.000e-03, eta: 3:25:54, time: 0.642, data_time: 0.053, memory: 5836, bbox_loss: 0.4903, cls_loss: 0.3277, loss: 0.8181, grad_norm: 4.6342
2026-06-04 13:56:03,147 - mmdet - INFO - Epoch [1][1100/1652]	lr: 1.000e-03, eta: 3:25:29, time: 0.667, data_time: 0.054, memory: 5836, bbox_loss: 0.4917, cls_loss: 0.3250, loss: 0.8166, grad_norm: 4.7159
2026-06-04 13:56:37,216 - mmdet - INFO - Epoch [1][1150/1652]	lr: 1.000e-03, eta: 3:25:14, time: 0.681, data_time: 0.055, memory: 5836, bbox_loss: 0.4861, cls_loss: 0.3240, loss: 0.8100, grad_norm: 5.0111
2026-06-04 13:57:10,710 - mmdet - INFO - Epoch [1][1200/1652]	lr: 1.000e-03, eta: 3:24:49, time: 0.670, data_time: 0.055, memory: 6019, bbox_loss: 0.4919, cls_loss: 0.3226, loss: 0.8145, grad_norm: 4.8401
2026-06-04 13:57:44,180 - mmdet - INFO - Epoch [1][1250/1652]	lr: 1.000e-03, eta: 3:24:23, time: 0.669, data_time: 0.055, memory: 6019, bbox_loss: 0.4724, cls_loss: 0.3051, loss: 0.7775, grad_norm: 5.2403
2026-06-04 13:58:17,781 - mmdet - INFO - Epoch [1][1300/1652]	lr: 1.000e-03, eta: 3:23:59, time: 0.672, data_time: 0.054, memory: 6019, bbox_loss: 0.4811, cls_loss: 0.3133, loss: 0.7944, grad_norm: 5.2102
2026-06-04 13:58:50,837 - mmdet - INFO - Epoch [1][1350/1652]	lr: 1.000e-03, eta: 3:23:26, time: 0.661, data_time: 0.053, memory: 6019, bbox_loss: 0.4764, cls_loss: 0.3047, loss: 0.7811, grad_norm: 5.3621
2026-06-04 13:59:24,505 - mmdet - INFO - Epoch [1][1400/1652]	lr: 1.000e-03, eta: 3:23:01, time: 0.673, data_time: 0.054, memory: 6019, bbox_loss: 0.4748, cls_loss: 0.3104, loss: 0.7852, grad_norm: 4.7748
2026-06-04 13:59:57,627 - mmdet - INFO - Epoch [1][1450/1652]	lr: 1.000e-03, eta: 3:22:29, time: 0.662, data_time: 0.054, memory: 6019, bbox_loss: 0.4753, cls_loss: 0.3045, loss: 0.7798, grad_norm: 4.7744
2026-06-04 14:00:28,950 - mmdet - INFO - Epoch [1][1500/1652]	lr: 1.000e-03, eta: 3:21:35, time: 0.626, data_time: 0.052, memory: 6019, bbox_loss: 0.4724, cls_loss: 0.3077, loss: 0.7801, grad_norm: 4.5504
2026-06-04 14:01:00,742 - mmdet - INFO - Epoch [1][1550/1652]	lr: 1.000e-03, eta: 3:20:47, time: 0.636, data_time: 0.052, memory: 6019, bbox_loss: 0.4840, cls_loss: 0.3079, loss: 0.7919, grad_norm: 4.3715
2026-06-04 14:01:33,858 - mmdet - INFO - Epoch [1][1600/1652]	lr: 1.000e-03, eta: 3:20:16, time: 0.662, data_time: 0.053, memory: 6019, bbox_loss: 0.4710, cls_loss: 0.3010, loss: 0.7720, grad_norm: 4.0335
2026-06-04 14:02:06,510 - mmdet - INFO - Epoch [1][1650/1652]	lr: 1.000e-03, eta: 3:19:40, time: 0.653, data_time: 0.052, memory: 6019, bbox_loss: 0.4792, cls_loss: 0.3141, loss: 0.7933, grad_norm: 4.2583
2026-06-04 14:02:07,960 - mmdet - INFO - Saving checkpoint at 1 epochs
2026-06-04 14:02:43,115 - mmdet - INFO - Epoch [2][50/1652]	lr: 1.000e-03, eta: 3:19:09, time: 0.692, data_time: 0.103, memory: 6019, bbox_loss: 0.4726, cls_loss: 0.3016, loss: 0.7742, grad_norm: 4.5723
2026-06-04 14:03:14,513 - mmdet - INFO - Epoch [2][100/1652]	lr: 1.000e-03, eta: 3:18:20, time: 0.628, data_time: 0.050, memory: 6019, bbox_loss: 0.4728, cls_loss: 0.3130, loss: 0.7858, grad_norm: 4.2546
2026-06-04 14:03:48,741 - mmdet - INFO - Epoch [2][150/1652]	lr: 1.000e-03, eta: 3:18:00, time: 0.685, data_time: 0.055, memory: 6019, bbox_loss: 0.4715, cls_loss: 0.2942, loss: 0.7657, grad_norm: 4.4482
2026-06-04 14:04:22,121 - mmdet - INFO - Epoch [2][200/1652]	lr: 1.000e-03, eta: 3:17:31, time: 0.668, data_time: 0.054, memory: 6019, bbox_loss: 0.4708, cls_loss: 0.3008, loss: 0.7716, grad_norm: 4.0637
2026-06-04 14:04:55,363 - mmdet - INFO - Epoch [2][250/1652]	lr: 1.000e-03, eta: 3:17:00, time: 0.665, data_time: 0.051, memory: 6019, bbox_loss: 0.4704, cls_loss: 0.3036, loss: 0.7740, grad_norm: 3.8456
2026-06-04 14:05:29,191 - mmdet - INFO - Epoch [2][300/1652]	lr: 1.000e-03, eta: 3:16:35, time: 0.677, data_time: 0.052, memory: 6019, bbox_loss: 0.4618, cls_loss: 0.2900, loss: 0.7518, grad_norm: 3.7880
2026-06-04 14:06:03,241 - mmdet - INFO - Epoch [2][350/1652]	lr: 1.000e-03, eta: 3:16:12, time: 0.681, data_time: 0.051, memory: 6019, bbox_loss: 0.4709, cls_loss: 0.3006, loss: 0.7715, grad_norm: 4.1268
2026-06-04 14:06:36,496 - mmdet - INFO - Epoch [2][400/1652]	lr: 1.000e-03, eta: 3:15:40, time: 0.665, data_time: 0.052, memory: 6019, bbox_loss: 0.4718, cls_loss: 0.3030, loss: 0.7749, grad_norm: 4.2661
2026-06-04 14:07:10,293 - mmdet - INFO - Epoch [2][450/1652]	lr: 1.000e-03, eta: 3:15:14, time: 0.676, data_time: 0.054, memory: 6019, bbox_loss: 0.4640, cls_loss: 0.2913, loss: 0.7553, grad_norm: 3.5237
2026-06-04 14:07:42,410 - mmdet - INFO - Epoch [2][500/1652]	lr: 1.000e-03, eta: 3:14:33, time: 0.642, data_time: 0.051, memory: 6019, bbox_loss: 0.4593, cls_loss: 0.2937, loss: 0.7530, grad_norm: 4.5989
2026-06-04 14:08:15,564 - mmdet - INFO - Epoch [2][550/1652]	lr: 1.000e-03, eta: 3:14:01, time: 0.663, data_time: 0.052, memory: 6019, bbox_loss: 0.4518, cls_loss: 0.2853, loss: 0.7371, grad_norm: 4.2241
2026-06-04 14:08:48,466 - mmdet - INFO - Epoch [2][600/1652]	lr: 1.000e-03, eta: 3:13:27, time: 0.658, data_time: 0.052, memory: 6019, bbox_loss: 0.4703, cls_loss: 0.3062, loss: 0.7765, grad_norm: 3.7121
2026-06-04 14:09:20,068 - mmdet - INFO - Epoch [2][650/1652]	lr: 1.000e-03, eta: 3:12:43, time: 0.632, data_time: 0.053, memory: 6019, bbox_loss: 0.4623, cls_loss: 0.2952, loss: 0.7575, grad_norm: 3.6218
2026-06-04 14:09:51,606 - mmdet - INFO - Epoch [2][700/1652]	lr: 1.000e-03, eta: 3:11:59, time: 0.631, data_time: 0.054, memory: 6019, bbox_loss: 0.4620, cls_loss: 0.2911, loss: 0.7531, grad_norm: 4.2591
2026-06-04 14:10:23,603 - mmdet - INFO - Epoch [2][750/1652]	lr: 1.000e-03, eta: 3:11:19, time: 0.640, data_time: 0.053, memory: 6019, bbox_loss: 0.4594, cls_loss: 0.2901, loss: 0.7496, grad_norm: 3.9443
2026-06-04 14:10:54,939 - mmdet - INFO - Epoch [2][800/1652]	lr: 1.000e-03, eta: 3:10:35, time: 0.627, data_time: 0.052, memory: 6019, bbox_loss: 0.4600, cls_loss: 0.2834, loss: 0.7434, grad_norm: 4.0006
2026-06-04 14:11:26,661 - mmdet - INFO - Epoch [2][850/1652]	lr: 1.000e-03, eta: 3:09:54, time: 0.634, data_time: 0.053, memory: 6019, bbox_loss: 0.4608, cls_loss: 0.2979, loss: 0.7587, grad_norm: 3.8884
2026-06-04 14:11:59,842 - mmdet - INFO - Epoch [2][900/1652]	lr: 1.000e-03, eta: 3:09:23, time: 0.664, data_time: 0.054, memory: 6019, bbox_loss: 0.4626, cls_loss: 0.2943, loss: 0.7569, grad_norm: 3.7433
2026-06-04 14:12:33,903 - mmdet - INFO - Epoch [2][950/1652]	lr: 1.000e-03, eta: 3:08:58, time: 0.681, data_time: 0.052, memory: 6019, bbox_loss: 0.4554, cls_loss: 0.2793, loss: 0.7347, grad_norm: 3.5045
2026-06-04 14:13:06,948 - mmdet - INFO - Epoch [2][1000/1652]	lr: 1.000e-03, eta: 3:08:26, time: 0.661, data_time: 0.053, memory: 6019, bbox_loss: 0.4538, cls_loss: 0.2811, loss: 0.7349, grad_norm: 3.9250
2026-06-04 14:13:38,672 - mmdet - INFO - Epoch [2][1050/1652]	lr: 1.000e-03, eta: 3:07:45, time: 0.634, data_time: 0.054, memory: 6019, bbox_loss: 0.4583, cls_loss: 0.2903, loss: 0.7485, grad_norm: 3.7394
2026-06-04 14:14:10,375 - mmdet - INFO - Epoch [2][1100/1652]	lr: 1.000e-03, eta: 3:07:05, time: 0.634, data_time: 0.053, memory: 6019, bbox_loss: 0.4640, cls_loss: 0.2822, loss: 0.7462, grad_norm: 3.4556
2026-06-04 14:14:42,121 - mmdet - INFO - Epoch [2][1150/1652]	lr: 1.000e-03, eta: 3:06:25, time: 0.635, data_time: 0.053, memory: 6019, bbox_loss: 0.4581, cls_loss: 0.2823, loss: 0.7405, grad_norm: 3.7641
2026-06-04 14:15:13,510 - mmdet - INFO - Epoch [2][1200/1652]	lr: 1.000e-03, eta: 3:05:43, time: 0.628, data_time: 0.051, memory: 6019, bbox_loss: 0.4547, cls_loss: 0.2800, loss: 0.7347, grad_norm: 4.2570
2026-06-04 14:15:45,252 - mmdet - INFO - Epoch [2][1250/1652]	lr: 1.000e-03, eta: 3:05:04, time: 0.635, data_time: 0.051, memory: 6019, bbox_loss: 0.4470, cls_loss: 0.2767, loss: 0.7237, grad_norm: 3.8235
2026-06-04 14:16:17,007 - mmdet - INFO - Epoch [2][1300/1652]	lr: 1.000e-03, eta: 3:04:25, time: 0.635, data_time: 0.053, memory: 6019, bbox_loss: 0.4445, cls_loss: 0.2839, loss: 0.7284, grad_norm: 3.1600
2026-06-04 14:16:48,663 - mmdet - INFO - Epoch [2][1350/1652]	lr: 1.000e-03, eta: 3:03:46, time: 0.633, data_time: 0.052, memory: 6019, bbox_loss: 0.4471, cls_loss: 0.2735, loss: 0.7206, grad_norm: 3.5125
2026-06-04 14:17:20,464 - mmdet - INFO - Epoch [2][1400/1652]	lr: 1.000e-03, eta: 3:03:08, time: 0.636, data_time: 0.052, memory: 6019, bbox_loss: 0.4524, cls_loss: 0.2788, loss: 0.7312, grad_norm: 3.4561
2026-06-04 14:17:52,279 - mmdet - INFO - Epoch [2][1450/1652]	lr: 1.000e-03, eta: 3:02:30, time: 0.636, data_time: 0.052, memory: 6019, bbox_loss: 0.4428, cls_loss: 0.2736, loss: 0.7164, grad_norm: 3.4570
2026-06-04 14:18:23,377 - mmdet - INFO - Epoch [2][1500/1652]	lr: 1.000e-03, eta: 3:01:49, time: 0.622, data_time: 0.052, memory: 6019, bbox_loss: 0.4505, cls_loss: 0.2730, loss: 0.7235, grad_norm: 3.9302
2026-06-04 14:18:54,503 - mmdet - INFO - Epoch [2][1550/1652]	lr: 1.000e-03, eta: 3:01:08, time: 0.623, data_time: 0.052, memory: 6019, bbox_loss: 0.4546, cls_loss: 0.2851, loss: 0.7398, grad_norm: 3.3506
2026-06-04 14:19:26,329 - mmdet - INFO - Epoch [2][1600/1652]	lr: 1.000e-03, eta: 3:00:31, time: 0.636, data_time: 0.053, memory: 6019, bbox_loss: 0.4525, cls_loss: 0.2741, loss: 0.7266, grad_norm: 3.6819
2026-06-04 14:19:58,821 - mmdet - INFO - Epoch [2][1650/1652]	lr: 1.000e-03, eta: 2:59:57, time: 0.650, data_time: 0.053, memory: 6019, bbox_loss: 0.4443, cls_loss: 0.2769, loss: 0.7212, grad_norm: 3.6716
2026-06-04 14:20:00,301 - mmdet - INFO - Saving checkpoint at 2 epochs
2026-06-04 14:20:37,107 - mmdet - INFO - Epoch [3][50/1652]	lr: 1.000e-03, eta: 2:59:33, time: 0.722, data_time: 0.107, memory: 6019, bbox_loss: 0.4464, cls_loss: 0.2760, loss: 0.7224, grad_norm: 3.3167
2026-06-04 14:21:10,481 - mmdet - INFO - Epoch [3][100/1652]	lr: 1.000e-03, eta: 2:59:04, time: 0.667, data_time: 0.052, memory: 6019, bbox_loss: 0.4513, cls_loss: 0.2870, loss: 0.7383, grad_norm: 3.0781
2026-06-04 14:21:44,625 - mmdet - INFO - Epoch [3][150/1652]	lr: 1.000e-03, eta: 2:58:38, time: 0.683, data_time: 0.052, memory: 6019, bbox_loss: 0.4504, cls_loss: 0.2747, loss: 0.7252, grad_norm: 3.4864
2026-06-04 14:22:18,318 - mmdet - INFO - Epoch [3][200/1652]	lr: 1.000e-03, eta: 2:58:10, time: 0.674, data_time: 0.053, memory: 6019, bbox_loss: 0.4460, cls_loss: 0.2640, loss: 0.7101, grad_norm: 3.7978
2026-06-04 14:22:52,431 - mmdet - INFO - Epoch [3][250/1652]	lr: 1.000e-03, eta: 2:57:43, time: 0.682, data_time: 0.052, memory: 6019, bbox_loss: 0.4441, cls_loss: 0.2798, loss: 0.7239, grad_norm: 3.3628
2026-06-04 14:23:26,015 - mmdet - INFO - Epoch [3][300/1652]	lr: 1.000e-03, eta: 2:57:14, time: 0.672, data_time: 0.052, memory: 6019, bbox_loss: 0.4407, cls_loss: 0.2771, loss: 0.7178, grad_norm: 3.3770
2026-06-04 14:23:58,007 - mmdet - INFO - Epoch [3][350/1652]	lr: 1.000e-03, eta: 2:56:38, time: 0.640, data_time: 0.051, memory: 6019, bbox_loss: 0.4291, cls_loss: 0.2645, loss: 0.6936, grad_norm: 3.2430
2026-06-04 14:24:29,713 - mmdet - INFO - Epoch [3][400/1652]	lr: 1.000e-03, eta: 2:56:00, time: 0.634, data_time: 0.051, memory: 6019, bbox_loss: 0.4539, cls_loss: 0.2737, loss: 0.7276, grad_norm: 3.1421
2026-06-04 14:25:01,077 - mmdet - INFO - Epoch [3][450/1652]	lr: 1.000e-03, eta: 2:55:22, time: 0.627, data_time: 0.049, memory: 6019, bbox_loss: 0.4511, cls_loss: 0.2736, loss: 0.7247, grad_norm: 3.9453
2026-06-04 14:25:32,514 - mmdet - INFO - Epoch [3][500/1652]	lr: 1.000e-03, eta: 2:54:43, time: 0.629, data_time: 0.049, memory: 6019, bbox_loss: 0.4373, cls_loss: 0.2735, loss: 0.7108, grad_norm: 3.8687
2026-06-04 14:26:04,283 - mmdet - INFO - Epoch [3][550/1652]	lr: 1.000e-03, eta: 2:54:07, time: 0.635, data_time: 0.051, memory: 6019, bbox_loss: 0.4369, cls_loss: 0.2639, loss: 0.7008, grad_norm: 3.6593
2026-06-04 14:26:37,690 - mmdet - INFO - Epoch [3][600/1652]	lr: 1.000e-03, eta: 2:53:37, time: 0.668, data_time: 0.051, memory: 6019, bbox_loss: 0.4382, cls_loss: 0.2689, loss: 0.7070, grad_norm: 3.0448
2026-06-04 14:27:12,264 - mmdet - INFO - Epoch [3][650/1652]	lr: 1.000e-03, eta: 2:53:12, time: 0.691, data_time: 0.052, memory: 6019, bbox_loss: 0.4336, cls_loss: 0.2651, loss: 0.6987, grad_norm: 3.3348
2026-06-04 14:27:45,220 - mmdet - INFO - Epoch [3][700/1652]	lr: 1.000e-03, eta: 2:52:40, time: 0.659, data_time: 0.052, memory: 6019, bbox_loss: 0.4405, cls_loss: 0.2694, loss: 0.7099, grad_norm: 3.0419
2026-06-04 14:28:19,128 - mmdet - INFO - Epoch [3][750/1652]	lr: 1.000e-03, eta: 2:52:11, time: 0.678, data_time: 0.053, memory: 6019, bbox_loss: 0.4435, cls_loss: 0.2720, loss: 0.7155, grad_norm: 3.1809
2026-06-04 14:28:52,742 - mmdet - INFO - Epoch [3][800/1652]	lr: 1.000e-03, eta: 2:51:42, time: 0.672, data_time: 0.051, memory: 6019, bbox_loss: 0.4389, cls_loss: 0.2775, loss: 0.7164, grad_norm: 2.9934
2026-06-04 14:29:26,810 - mmdet - INFO - Epoch [3][850/1652]	lr: 1.000e-03, eta: 2:51:14, time: 0.681, data_time: 0.053, memory: 6019, bbox_loss: 0.4410, cls_loss: 0.2717, loss: 0.7127, grad_norm: 3.2395
2026-06-04 14:30:00,454 - mmdet - INFO - Epoch [3][900/1652]	lr: 1.000e-03, eta: 2:50:45, time: 0.673, data_time: 0.051, memory: 6019, bbox_loss: 0.4335, cls_loss: 0.2619, loss: 0.6954, grad_norm: 3.5367
2026-06-04 14:30:34,568 - mmdet - INFO - Epoch [3][950/1652]	lr: 1.000e-03, eta: 2:50:17, time: 0.682, data_time: 0.052, memory: 6019, bbox_loss: 0.4437, cls_loss: 0.2681, loss: 0.7118, grad_norm: 3.0964
2026-06-04 14:31:07,878 - mmdet - INFO - Epoch [3][1000/1652]	lr: 1.000e-03, eta: 2:49:46, time: 0.666, data_time: 0.051, memory: 6019, bbox_loss: 0.4314, cls_loss: 0.2650, loss: 0.6963, grad_norm: 3.2588
2026-06-04 14:31:41,865 - mmdet - INFO - Epoch [3][1050/1652]	lr: 1.000e-03, eta: 2:49:17, time: 0.680, data_time: 0.052, memory: 6019, bbox_loss: 0.4372, cls_loss: 0.2744, loss: 0.7115, grad_norm: 3.3209
2026-06-04 14:32:16,273 - mmdet - INFO - Epoch [3][1100/1652]	lr: 1.000e-03, eta: 2:48:50, time: 0.688, data_time: 0.054, memory: 6019, bbox_loss: 0.4306, cls_loss: 0.2692, loss: 0.6999, grad_norm: 3.5310
2026-06-04 14:32:49,867 - mmdet - INFO - Epoch [3][1150/1652]	lr: 1.000e-03, eta: 2:48:19, time: 0.672, data_time: 0.053, memory: 6019, bbox_loss: 0.4360, cls_loss: 0.2636, loss: 0.6997, grad_norm: 3.5944
2026-06-04 14:33:23,137 - mmdet - INFO - Epoch [3][1200/1652]	lr: 1.000e-03, eta: 2:47:48, time: 0.665, data_time: 0.052, memory: 6019, bbox_loss: 0.4276, cls_loss: 0.2657, loss: 0.6932, grad_norm: 3.0965
2026-06-04 14:33:57,059 - mmdet - INFO - Epoch [3][1250/1652]	lr: 1.000e-03, eta: 2:47:19, time: 0.678, data_time: 0.052, memory: 6019, bbox_loss: 0.4318, cls_loss: 0.2674, loss: 0.6991, grad_norm: 2.8103
2026-06-04 14:34:29,069 - mmdet - INFO - Epoch [3][1300/1652]	lr: 1.000e-03, eta: 2:46:43, time: 0.640, data_time: 0.052, memory: 6019, bbox_loss: 0.4280, cls_loss: 0.2646, loss: 0.6926, grad_norm: 3.1824
2026-06-04 14:35:01,069 - mmdet - INFO - Epoch [3][1350/1652]	lr: 1.000e-03, eta: 2:46:07, time: 0.640, data_time: 0.053, memory: 6019, bbox_loss: 0.4358, cls_loss: 0.2632, loss: 0.6990, grad_norm: 2.9483
2026-06-04 14:35:34,368 - mmdet - INFO - Epoch [3][1400/1652]	lr: 1.000e-03, eta: 2:45:36, time: 0.666, data_time: 0.053, memory: 6019, bbox_loss: 0.4222, cls_loss: 0.2594, loss: 0.6816, grad_norm: 3.4820
2026-06-04 14:36:07,191 - mmdet - INFO - Epoch [3][1450/1652]	lr: 1.000e-03, eta: 2:45:03, time: 0.656, data_time: 0.053, memory: 6019, bbox_loss: 0.4282, cls_loss: 0.2608, loss: 0.6890, grad_norm: 3.0264
2026-06-04 14:36:38,544 - mmdet - INFO - Epoch [3][1500/1652]	lr: 1.000e-03, eta: 2:44:25, time: 0.627, data_time: 0.052, memory: 6019, bbox_loss: 0.4239, cls_loss: 0.2532, loss: 0.6772, grad_norm: 3.0947
2026-06-04 14:37:09,845 - mmdet - INFO - Epoch [3][1550/1652]	lr: 1.000e-03, eta: 2:43:48, time: 0.626, data_time: 0.052, memory: 6019, bbox_loss: 0.4323, cls_loss: 0.2661, loss: 0.6984, grad_norm: 3.2499
2026-06-04 14:37:41,262 - mmdet - INFO - Epoch [3][1600/1652]	lr: 1.000e-03, eta: 2:43:11, time: 0.628, data_time: 0.053, memory: 6019, bbox_loss: 0.4196, cls_loss: 0.2658, loss: 0.6854, grad_norm: 3.0675
2026-06-04 14:38:12,103 - mmdet - INFO - Epoch [3][1650/1652]	lr: 1.000e-03, eta: 2:42:32, time: 0.617, data_time: 0.052, memory: 6019, bbox_loss: 0.4346, cls_loss: 0.2754, loss: 0.7100, grad_norm: 2.8392
2026-06-04 14:38:13,463 - mmdet - INFO - Saving checkpoint at 3 epochs
2026-06-04 14:38:50,714 - mmdet - INFO - Epoch [4][50/1652]	lr: 1.000e-03, eta: 2:42:05, time: 0.734, data_time: 0.102, memory: 6019, bbox_loss: 0.4240, cls_loss: 0.2625, loss: 0.6865, grad_norm: 3.2556
2026-06-04 14:39:25,557 - mmdet - INFO - Epoch [4][100/1652]	lr: 1.000e-03, eta: 2:41:38, time: 0.697, data_time: 0.052, memory: 6019, bbox_loss: 0.4297, cls_loss: 0.2622, loss: 0.6919, grad_norm: 2.9295
2026-06-04 14:40:00,074 - mmdet - INFO - Epoch [4][150/1652]	lr: 1.000e-03, eta: 2:41:10, time: 0.690, data_time: 0.052, memory: 6019, bbox_loss: 0.4213, cls_loss: 0.2599, loss: 0.6812, grad_norm: 3.0645
2026-06-04 14:40:35,201 - mmdet - INFO - Epoch [4][200/1652]	lr: 1.000e-03, eta: 2:40:44, time: 0.703, data_time: 0.053, memory: 6019, bbox_loss: 0.4236, cls_loss: 0.2568, loss: 0.6804, grad_norm: 2.9105
2026-06-04 14:41:09,658 - mmdet - INFO - Epoch [4][250/1652]	lr: 1.000e-03, eta: 2:40:16, time: 0.689, data_time: 0.052, memory: 6019, bbox_loss: 0.4255, cls_loss: 0.2662, loss: 0.6917, grad_norm: 3.0426
2026-06-04 14:41:43,695 - mmdet - INFO - Epoch [4][300/1652]	lr: 1.000e-03, eta: 2:39:46, time: 0.681, data_time: 0.052, memory: 6019, bbox_loss: 0.4154, cls_loss: 0.2510, loss: 0.6665, grad_norm: 3.0255
2026-06-04 14:42:17,512 - mmdet - INFO - Epoch [4][350/1652]	lr: 1.000e-03, eta: 2:39:15, time: 0.676, data_time: 0.052, memory: 6019, bbox_loss: 0.4197, cls_loss: 0.2597, loss: 0.6794, grad_norm: 3.3553
2026-06-04 14:42:51,235 - mmdet - INFO - Epoch [4][400/1652]	lr: 1.000e-03, eta: 2:38:45, time: 0.674, data_time: 0.052, memory: 6019, bbox_loss: 0.4269, cls_loss: 0.2634, loss: 0.6903, grad_norm: 2.9387
2026-06-04 14:43:24,978 - mmdet - INFO - Epoch [4][450/1652]	lr: 1.000e-03, eta: 2:38:14, time: 0.675, data_time: 0.052, memory: 6019, bbox_loss: 0.4091, cls_loss: 0.2504, loss: 0.6594, grad_norm: 3.3549
2026-06-04 14:43:58,063 - mmdet - INFO - Epoch [4][500/1652]	lr: 1.000e-03, eta: 2:37:42, time: 0.662, data_time: 0.052, memory: 6019, bbox_loss: 0.4198, cls_loss: 0.2523, loss: 0.6721, grad_norm: 3.3722
2026-06-04 14:44:32,320 - mmdet - INFO - Epoch [4][550/1652]	lr: 1.000e-03, eta: 2:37:12, time: 0.685, data_time: 0.051, memory: 6019, bbox_loss: 0.4115, cls_loss: 0.2495, loss: 0.6610, grad_norm: 3.2303
2026-06-04 14:45:05,572 - mmdet - INFO - Epoch [4][600/1652]	lr: 1.000e-03, eta: 2:36:40, time: 0.665, data_time: 0.052, memory: 6019, bbox_loss: 0.4111, cls_loss: 0.2634, loss: 0.6745, grad_norm: 3.2637
2026-06-04 14:45:39,269 - mmdet - INFO - Epoch [4][650/1652]	lr: 1.000e-03, eta: 2:36:09, time: 0.674, data_time: 0.053, memory: 6019, bbox_loss: 0.4179, cls_loss: 0.2547, loss: 0.6726, grad_norm: 3.4752
2026-06-04 14:46:12,948 - mmdet - INFO - Epoch [4][700/1652]	lr: 1.000e-03, eta: 2:35:38, time: 0.674, data_time: 0.050, memory: 6019, bbox_loss: 0.4202, cls_loss: 0.2578, loss: 0.6780, grad_norm: 3.0748
2026-06-04 14:46:46,846 - mmdet - INFO - Epoch [4][750/1652]	lr: 1.000e-03, eta: 2:35:07, time: 0.678, data_time: 0.052, memory: 6019, bbox_loss: 0.4255, cls_loss: 0.2605, loss: 0.6860, grad_norm: 3.0844
2026-06-04 14:47:20,435 - mmdet - INFO - Epoch [4][800/1652]	lr: 1.000e-03, eta: 2:34:36, time: 0.672, data_time: 0.051, memory: 6019, bbox_loss: 0.4189, cls_loss: 0.2719, loss: 0.6907, grad_norm: 3.4845
2026-06-04 14:47:54,157 - mmdet - INFO - Epoch [4][850/1652]	lr: 1.000e-03, eta: 2:34:05, time: 0.674, data_time: 0.052, memory: 6019, bbox_loss: 0.4101, cls_loss: 0.2496, loss: 0.6598, grad_norm: 3.4830
2026-06-04 14:48:27,493 - mmdet - INFO - Epoch [4][900/1652]	lr: 1.000e-03, eta: 2:33:32, time: 0.667, data_time: 0.051, memory: 6019, bbox_loss: 0.4166, cls_loss: 0.2623, loss: 0.6789, grad_norm: 3.5210
2026-06-04 14:49:01,173 - mmdet - INFO - Epoch [4][950/1652]	lr: 1.000e-03, eta: 2:33:01, time: 0.674, data_time: 0.051, memory: 6019, bbox_loss: 0.4045, cls_loss: 0.2454, loss: 0.6499, grad_norm: 3.4082
2026-06-04 14:49:34,446 - mmdet - INFO - Epoch [4][1000/1652]	lr: 1.000e-03, eta: 2:32:29, time: 0.665, data_time: 0.052, memory: 6019, bbox_loss: 0.4099, cls_loss: 0.2488, loss: 0.6587, grad_norm: 3.1923
2026-06-04 14:50:06,108 - mmdet - INFO - Epoch [4][1050/1652]	lr: 1.000e-03, eta: 2:31:53, time: 0.633, data_time: 0.052, memory: 6019, bbox_loss: 0.4123, cls_loss: 0.2589, loss: 0.6711, grad_norm: 2.8378
2026-06-04 14:50:38,584 - mmdet - INFO - Epoch [4][1100/1652]	lr: 1.000e-03, eta: 2:31:19, time: 0.649, data_time: 0.051, memory: 6019, bbox_loss: 0.4083, cls_loss: 0.2538, loss: 0.6621, grad_norm: 2.8649
2026-06-04 14:51:10,078 - mmdet - INFO - Epoch [4][1150/1652]	lr: 1.000e-03, eta: 2:30:42, time: 0.630, data_time: 0.053, memory: 6019, bbox_loss: 0.4120, cls_loss: 0.2501, loss: 0.6621, grad_norm: 3.0010
2026-06-04 14:51:41,212 - mmdet - INFO - Epoch [4][1200/1652]	lr: 1.000e-03, eta: 2:30:05, time: 0.623, data_time: 0.051, memory: 6019, bbox_loss: 0.3993, cls_loss: 0.2514, loss: 0.6508, grad_norm: 3.1352
2026-06-04 14:52:12,931 - mmdet - INFO - Epoch [4][1250/1652]	lr: 1.000e-03, eta: 2:29:30, time: 0.634, data_time: 0.052, memory: 6019, bbox_loss: 0.4026, cls_loss: 0.2458, loss: 0.6484, grad_norm: 3.1766
2026-06-04 14:52:44,372 - mmdet - INFO - Epoch [4][1300/1652]	lr: 1.000e-03, eta: 2:28:54, time: 0.629, data_time: 0.053, memory: 6019, bbox_loss: 0.4132, cls_loss: 0.2502, loss: 0.6634, grad_norm: 2.9845
2026-06-04 14:53:15,799 - mmdet - INFO - Epoch [4][1350/1652]	lr: 1.000e-03, eta: 2:28:17, time: 0.629, data_time: 0.052, memory: 6019, bbox_loss: 0.4133, cls_loss: 0.2498, loss: 0.6631, grad_norm: 3.2948
2026-06-04 14:53:47,538 - mmdet - INFO - Epoch [4][1400/1652]	lr: 1.000e-03, eta: 2:27:42, time: 0.635, data_time: 0.052, memory: 6019, bbox_loss: 0.4037, cls_loss: 0.2576, loss: 0.6613, grad_norm: 2.8286
2026-06-04 14:54:19,325 - mmdet - INFO - Epoch [4][1450/1652]	lr: 1.000e-03, eta: 2:27:07, time: 0.636, data_time: 0.051, memory: 6019, bbox_loss: 0.4093, cls_loss: 0.2572, loss: 0.6665, grad_norm: 2.9676
2026-06-04 14:54:51,535 - mmdet - INFO - Epoch [4][1500/1652]	lr: 1.000e-03, eta: 2:26:32, time: 0.644, data_time: 0.052, memory: 6019, bbox_loss: 0.4090, cls_loss: 0.2501, loss: 0.6592, grad_norm: 2.9164
2026-06-04 14:55:22,820 - mmdet - INFO - Epoch [4][1550/1652]	lr: 1.000e-03, eta: 2:25:56, time: 0.626, data_time: 0.051, memory: 6019, bbox_loss: 0.4106, cls_loss: 0.2526, loss: 0.6632, grad_norm: 2.6243
2026-06-04 14:55:54,514 - mmdet - INFO - Epoch [4][1600/1652]	lr: 1.000e-03, eta: 2:25:21, time: 0.634, data_time: 0.053, memory: 6019, bbox_loss: 0.4012, cls_loss: 0.2389, loss: 0.6402, grad_norm: 3.0518
2026-06-04 14:56:26,108 - mmdet - INFO - Epoch [4][1650/1652]	lr: 1.000e-03, eta: 2:24:46, time: 0.632, data_time: 0.053, memory: 6019, bbox_loss: 0.4055, cls_loss: 0.2497, loss: 0.6552, grad_norm: 3.0238
2026-06-04 14:56:27,421 - mmdet - INFO - Saving checkpoint at 4 epochs
2026-06-04 14:57:04,173 - mmdet - INFO - Epoch [5][50/1652]	lr: 1.000e-03, eta: 2:24:15, time: 0.724, data_time: 0.104, memory: 6019, bbox_loss: 0.4072, cls_loss: 0.2439, loss: 0.6511, grad_norm: 3.0012
2026-06-04 14:57:37,246 - mmdet - INFO - Epoch [5][100/1652]	lr: 1.000e-03, eta: 2:23:43, time: 0.661, data_time: 0.052, memory: 6019, bbox_loss: 0.4110, cls_loss: 0.2462, loss: 0.6572, grad_norm: 3.4545
2026-06-04 14:58:08,818 - mmdet - INFO - Epoch [5][150/1652]	lr: 1.000e-03, eta: 2:23:08, time: 0.631, data_time: 0.053, memory: 6019, bbox_loss: 0.3994, cls_loss: 0.2443, loss: 0.6438, grad_norm: 2.6756
2026-06-04 14:58:40,756 - mmdet - INFO - Epoch [5][200/1652]	lr: 1.000e-03, eta: 2:22:33, time: 0.639, data_time: 0.052, memory: 6019, bbox_loss: 0.4045, cls_loss: 0.2508, loss: 0.6553, grad_norm: 2.6860
2026-06-04 14:59:12,214 - mmdet - INFO - Epoch [5][250/1652]	lr: 1.000e-03, eta: 2:21:57, time: 0.629, data_time: 0.051, memory: 6019, bbox_loss: 0.4035, cls_loss: 0.2525, loss: 0.6560, grad_norm: 2.8777
2026-06-04 14:59:43,711 - mmdet - INFO - Epoch [5][300/1652]	lr: 1.000e-03, eta: 2:21:22, time: 0.630, data_time: 0.052, memory: 6019, bbox_loss: 0.3996, cls_loss: 0.2422, loss: 0.6418, grad_norm: 2.9654
2026-06-04 15:00:14,895 - mmdet - INFO - Epoch [5][350/1652]	lr: 1.000e-03, eta: 2:20:46, time: 0.624, data_time: 0.051, memory: 6019, bbox_loss: 0.4016, cls_loss: 0.2453, loss: 0.6469, grad_norm: 2.8798
2026-06-04 15:00:46,271 - mmdet - INFO - Epoch [5][400/1652]	lr: 1.000e-03, eta: 2:20:11, time: 0.627, data_time: 0.051, memory: 6019, bbox_loss: 0.4051, cls_loss: 0.2385, loss: 0.6436, grad_norm: 2.8493
2026-06-04 15:01:17,599 - mmdet - INFO - Epoch [5][450/1652]	lr: 1.000e-03, eta: 2:19:35, time: 0.627, data_time: 0.053, memory: 6019, bbox_loss: 0.3968, cls_loss: 0.2434, loss: 0.6402, grad_norm: 2.8725
2026-06-04 15:01:49,574 - mmdet - INFO - Epoch [5][500/1652]	lr: 1.000e-03, eta: 2:19:01, time: 0.639, data_time: 0.058, memory: 6019, bbox_loss: 0.4069, cls_loss: 0.2487, loss: 0.6556, grad_norm: 3.0445
2026-06-04 15:02:21,064 - mmdet - INFO - Epoch [5][550/1652]	lr: 1.000e-03, eta: 2:18:26, time: 0.630, data_time: 0.052, memory: 6019, bbox_loss: 0.4012, cls_loss: 0.2489, loss: 0.6502, grad_norm: 3.0835
2026-06-04 15:02:52,463 - mmdet - INFO - Epoch [5][600/1652]	lr: 1.000e-03, eta: 2:17:51, time: 0.628, data_time: 0.052, memory: 6019, bbox_loss: 0.4055, cls_loss: 0.2567, loss: 0.6622, grad_norm: 2.8176
2026-06-04 15:03:24,378 - mmdet - INFO - Epoch [5][650/1652]	lr: 1.000e-03, eta: 2:17:16, time: 0.638, data_time: 0.052, memory: 6019, bbox_loss: 0.3995, cls_loss: 0.2547, loss: 0.6542, grad_norm: 2.9799
2026-06-04 15:03:56,154 - mmdet - INFO - Epoch [5][700/1652]	lr: 1.000e-03, eta: 2:16:42, time: 0.635, data_time: 0.050, memory: 6019, bbox_loss: 0.3999, cls_loss: 0.2451, loss: 0.6450, grad_norm: 2.8510
2026-06-04 15:04:27,835 - mmdet - INFO - Epoch [5][750/1652]	lr: 1.000e-03, eta: 2:16:07, time: 0.634, data_time: 0.051, memory: 6019, bbox_loss: 0.4027, cls_loss: 0.2474, loss: 0.6501, grad_norm: 2.4477
2026-06-04 15:04:59,509 - mmdet - INFO - Epoch [5][800/1652]	lr: 1.000e-03, eta: 2:15:33, time: 0.633, data_time: 0.052, memory: 6019, bbox_loss: 0.4062, cls_loss: 0.2534, loss: 0.6596, grad_norm: 2.6383
2026-06-04 15:05:30,891 - mmdet - INFO - Epoch [5][850/1652]	lr: 1.000e-03, eta: 2:14:58, time: 0.628, data_time: 0.053, memory: 6019, bbox_loss: 0.3870, cls_loss: 0.2380, loss: 0.6250, grad_norm: 3.0552
2026-06-04 15:06:02,657 - mmdet - INFO - Epoch [5][900/1652]	lr: 1.000e-03, eta: 2:14:23, time: 0.635, data_time: 0.052, memory: 6019, bbox_loss: 0.3975, cls_loss: 0.2515, loss: 0.6490, grad_norm: 2.5022
2026-06-04 15:06:34,520 - mmdet - INFO - Epoch [5][950/1652]	lr: 1.000e-03, eta: 2:13:49, time: 0.637, data_time: 0.051, memory: 6019, bbox_loss: 0.3983, cls_loss: 0.2437, loss: 0.6420, grad_norm: 2.7282
2026-06-04 15:07:05,938 - mmdet - INFO - Epoch [5][1000/1652]	lr: 1.000e-03, eta: 2:13:14, time: 0.628, data_time: 0.051, memory: 6019, bbox_loss: 0.3925, cls_loss: 0.2379, loss: 0.6304, grad_norm: 3.1603
2026-06-04 15:07:37,219 - mmdet - INFO - Epoch [5][1050/1652]	lr: 1.000e-03, eta: 2:12:39, time: 0.626, data_time: 0.052, memory: 6019, bbox_loss: 0.3988, cls_loss: 0.2406, loss: 0.6394, grad_norm: 3.1884
2026-06-04 15:08:09,554 - mmdet - INFO - Epoch [5][1100/1652]	lr: 1.000e-03, eta: 2:12:06, time: 0.647, data_time: 0.051, memory: 6019, bbox_loss: 0.4037, cls_loss: 0.2421, loss: 0.6457, grad_norm: 2.5600
2026-06-04 15:08:41,244 - mmdet - INFO - Epoch [5][1150/1652]	lr: 1.000e-03, eta: 2:11:32, time: 0.634, data_time: 0.050, memory: 6019, bbox_loss: 0.4061, cls_loss: 0.2355, loss: 0.6416, grad_norm: 2.7339
2026-06-04 15:09:11,996 - mmdet - INFO - Epoch [5][1200/1652]	lr: 1.000e-03, eta: 2:10:56, time: 0.615, data_time: 0.048, memory: 6019, bbox_loss: 0.3995, cls_loss: 0.2437, loss: 0.6432, grad_norm: 2.6443
2026-06-04 15:09:43,470 - mmdet - INFO - Epoch [5][1250/1652]	lr: 1.000e-03, eta: 2:10:21, time: 0.629, data_time: 0.052, memory: 6019, bbox_loss: 0.3959, cls_loss: 0.2423, loss: 0.6382, grad_norm: 3.0072
2026-06-04 15:10:15,239 - mmdet - INFO - Epoch [5][1300/1652]	lr: 1.000e-03, eta: 2:09:47, time: 0.635, data_time: 0.052, memory: 6019, bbox_loss: 0.3968, cls_loss: 0.2477, loss: 0.6445, grad_norm: 2.6048
2026-06-04 15:10:46,637 - mmdet - INFO - Epoch [5][1350/1652]	lr: 1.000e-03, eta: 2:09:13, time: 0.628, data_time: 0.051, memory: 6019, bbox_loss: 0.4006, cls_loss: 0.2349, loss: 0.6355, grad_norm: 2.6719
2026-06-04 15:11:18,550 - mmdet - INFO - Epoch [5][1400/1652]	lr: 1.000e-03, eta: 2:08:39, time: 0.638, data_time: 0.053, memory: 6019, bbox_loss: 0.3921, cls_loss: 0.2399, loss: 0.6320, grad_norm: 2.8942
2026-06-04 15:11:50,364 - mmdet - INFO - Epoch [5][1450/1652]	lr: 1.000e-03, eta: 2:08:05, time: 0.636, data_time: 0.053, memory: 6019, bbox_loss: 0.3972, cls_loss: 0.2484, loss: 0.6456, grad_norm: 2.5818
2026-06-04 15:12:22,133 - mmdet - INFO - Epoch [5][1500/1652]	lr: 1.000e-03, eta: 2:07:31, time: 0.635, data_time: 0.055, memory: 6019, bbox_loss: 0.4040, cls_loss: 0.2508, loss: 0.6548, grad_norm: 2.5230
2026-06-04 15:12:53,550 - mmdet - INFO - Epoch [5][1550/1652]	lr: 1.000e-03, eta: 2:06:57, time: 0.628, data_time: 0.050, memory: 6019, bbox_loss: 0.3864, cls_loss: 0.2330, loss: 0.6194, grad_norm: 2.5048
2026-06-04 15:13:25,109 - mmdet - INFO - Epoch [5][1600/1652]	lr: 1.000e-03, eta: 2:06:22, time: 0.631, data_time: 0.051, memory: 6019, bbox_loss: 0.3973, cls_loss: 0.2454, loss: 0.6428, grad_norm: 2.4251
2026-06-04 15:13:57,395 - mmdet - INFO - Epoch [5][1650/1652]	lr: 1.000e-03, eta: 2:05:49, time: 0.646, data_time: 0.053, memory: 6019, bbox_loss: 0.3929, cls_loss: 0.2448, loss: 0.6376, grad_norm: 2.3906
2026-06-04 15:13:58,750 - mmdet - INFO - Saving checkpoint at 5 epochs
2026-06-04 15:14:33,334 - mmdet - INFO - Epoch [6][50/1652]	lr: 1.000e-03, eta: 2:05:15, time: 0.681, data_time: 0.103, memory: 6019, bbox_loss: 0.3903, cls_loss: 0.2313, loss: 0.6216, grad_norm: 2.4518
2026-06-04 15:15:04,998 - mmdet - INFO - Epoch [6][100/1652]	lr: 1.000e-03, eta: 2:04:42, time: 0.633, data_time: 0.053, memory: 6019, bbox_loss: 0.3997, cls_loss: 0.2423, loss: 0.6420, grad_norm: 2.4444
2026-06-04 15:15:36,555 - mmdet - INFO - Epoch [6][150/1652]	lr: 1.000e-03, eta: 2:04:07, time: 0.631, data_time: 0.053, memory: 6019, bbox_loss: 0.3889, cls_loss: 0.2344, loss: 0.6233, grad_norm: 2.4839
2026-06-04 15:16:08,421 - mmdet - INFO - Epoch [6][200/1652]	lr: 1.000e-03, eta: 2:03:34, time: 0.637, data_time: 0.052, memory: 6019, bbox_loss: 0.3886, cls_loss: 0.2308, loss: 0.6194, grad_norm: 2.7003
2026-06-04 15:16:39,898 - mmdet - INFO - Epoch [6][250/1652]	lr: 1.000e-03, eta: 2:03:00, time: 0.630, data_time: 0.052, memory: 6019, bbox_loss: 0.3935, cls_loss: 0.2346, loss: 0.6281, grad_norm: 2.7104
2026-06-04 15:17:11,978 - mmdet - INFO - Epoch [6][300/1652]	lr: 1.000e-03, eta: 2:02:26, time: 0.642, data_time: 0.053, memory: 6019, bbox_loss: 0.3908, cls_loss: 0.2340, loss: 0.6248, grad_norm: 3.0078
2026-06-04 15:17:43,501 - mmdet - INFO - Epoch [6][350/1652]	lr: 1.000e-03, eta: 2:01:52, time: 0.630, data_time: 0.053, memory: 6019, bbox_loss: 0.4059, cls_loss: 0.2396, loss: 0.6454, grad_norm: 2.5827
2026-06-04 15:18:14,722 - mmdet - INFO - Epoch [6][400/1652]	lr: 1.000e-03, eta: 2:01:18, time: 0.624, data_time: 0.051, memory: 6019, bbox_loss: 0.3859, cls_loss: 0.2279, loss: 0.6138, grad_norm: 2.9183
2026-06-04 15:18:47,502 - mmdet - INFO - Epoch [6][450/1652]	lr: 1.000e-03, eta: 2:00:46, time: 0.656, data_time: 0.052, memory: 6019, bbox_loss: 0.3926, cls_loss: 0.2339, loss: 0.6265, grad_norm: 2.6887
2026-06-04 15:19:21,621 - mmdet - INFO - Epoch [6][500/1652]	lr: 1.000e-03, eta: 2:00:15, time: 0.682, data_time: 0.056, memory: 6019, bbox_loss: 0.4026, cls_loss: 0.2475, loss: 0.6501, grad_norm: 2.5855
2026-06-04 15:19:55,289 - mmdet - INFO - Epoch [6][550/1652]	lr: 1.000e-03, eta: 1:59:44, time: 0.673, data_time: 0.053, memory: 6019, bbox_loss: 0.3909, cls_loss: 0.2367, loss: 0.6276, grad_norm: 2.6938
2026-06-04 15:20:29,042 - mmdet - INFO - Epoch [6][600/1652]	lr: 1.000e-03, eta: 1:59:12, time: 0.675, data_time: 0.054, memory: 6019, bbox_loss: 0.3984, cls_loss: 0.2355, loss: 0.6339, grad_norm: 2.4046
2026-06-04 15:21:01,879 - mmdet - INFO - Epoch [6][650/1652]	lr: 1.000e-03, eta: 1:58:40, time: 0.657, data_time: 0.055, memory: 6019, bbox_loss: 0.3938, cls_loss: 0.2347, loss: 0.6285, grad_norm: 2.6569
2026-06-04 15:21:32,987 - mmdet - INFO - Epoch [6][700/1652]	lr: 1.000e-03, eta: 1:58:06, time: 0.622, data_time: 0.052, memory: 6019, bbox_loss: 0.3919, cls_loss: 0.2383, loss: 0.6302, grad_norm: 2.6625
2026-06-04 15:22:06,093 - mmdet - INFO - Epoch [6][750/1652]	lr: 1.000e-03, eta: 1:57:34, time: 0.662, data_time: 0.052, memory: 6019, bbox_loss: 0.3883, cls_loss: 0.2369, loss: 0.6251, grad_norm: 2.5982
2026-06-04 15:22:39,651 - mmdet - INFO - Epoch [6][800/1652]	lr: 1.000e-03, eta: 1:57:02, time: 0.671, data_time: 0.052, memory: 6019, bbox_loss: 0.3877, cls_loss: 0.2378, loss: 0.6255, grad_norm: 2.3035
2026-06-04 15:23:13,566 - mmdet - INFO - Epoch [6][850/1652]	lr: 1.000e-03, eta: 1:56:31, time: 0.678, data_time: 0.055, memory: 6019, bbox_loss: 0.3968, cls_loss: 0.2341, loss: 0.6310, grad_norm: 2.7111
2026-06-04 15:23:46,957 - mmdet - INFO - Epoch [6][900/1652]	lr: 1.000e-03, eta: 1:55:59, time: 0.668, data_time: 0.053, memory: 6019, bbox_loss: 0.3916, cls_loss: 0.2338, loss: 0.6254, grad_norm: 2.5621
2026-06-04 15:24:20,613 - mmdet - INFO - Epoch [6][950/1652]	lr: 1.000e-03, eta: 1:55:28, time: 0.673, data_time: 0.053, memory: 6019, bbox_loss: 0.3813, cls_loss: 0.2258, loss: 0.6071, grad_norm: 2.5952
2026-06-04 15:24:54,605 - mmdet - INFO - Epoch [6][1000/1652]	lr: 1.000e-03, eta: 1:54:57, time: 0.680, data_time: 0.054, memory: 6019, bbox_loss: 0.3831, cls_loss: 0.2288, loss: 0.6118, grad_norm: 2.5691
2026-06-04 15:25:27,741 - mmdet - INFO - Epoch [6][1050/1652]	lr: 1.000e-03, eta: 1:54:25, time: 0.663, data_time: 0.052, memory: 6019, bbox_loss: 0.3960, cls_loss: 0.2428, loss: 0.6389, grad_norm: 2.2934
2026-06-04 15:25:59,944 - mmdet - INFO - Epoch [6][1100/1652]	lr: 1.000e-03, eta: 1:53:51, time: 0.644, data_time: 0.053, memory: 6019, bbox_loss: 0.4089, cls_loss: 0.2405, loss: 0.6494, grad_norm: 2.4910
2026-06-04 15:26:31,305 - mmdet - INFO - Epoch [6][1150/1652]	lr: 1.000e-03, eta: 1:53:17, time: 0.627, data_time: 0.053, memory: 6019, bbox_loss: 0.3994, cls_loss: 0.2352, loss: 0.6346, grad_norm: 2.5364
2026-06-04 15:27:02,861 - mmdet - INFO - Epoch [6][1200/1652]	lr: 1.000e-03, eta: 1:52:44, time: 0.631, data_time: 0.052, memory: 6019, bbox_loss: 0.3916, cls_loss: 0.2414, loss: 0.6330, grad_norm: 2.3239
2026-06-04 15:27:34,944 - mmdet - INFO - Epoch [6][1250/1652]	lr: 1.000e-03, eta: 1:52:10, time: 0.642, data_time: 0.053, memory: 6019, bbox_loss: 0.3892, cls_loss: 0.2288, loss: 0.6180, grad_norm: 2.3107
2026-06-04 15:28:06,959 - mmdet - INFO - Epoch [6][1300/1652]	lr: 1.000e-03, eta: 1:51:37, time: 0.640, data_time: 0.053, memory: 6019, bbox_loss: 0.3937, cls_loss: 0.2412, loss: 0.6349, grad_norm: 2.5014
2026-06-04 15:28:38,899 - mmdet - INFO - Epoch [6][1350/1652]	lr: 1.000e-03, eta: 1:51:04, time: 0.639, data_time: 0.052, memory: 6019, bbox_loss: 0.3882, cls_loss: 0.2296, loss: 0.6178, grad_norm: 2.2892
2026-06-04 15:29:10,932 - mmdet - INFO - Epoch [6][1400/1652]	lr: 1.000e-03, eta: 1:50:30, time: 0.641, data_time: 0.053, memory: 6019, bbox_loss: 0.3810, cls_loss: 0.2322, loss: 0.6131, grad_norm: 2.3989
2026-06-04 15:29:42,550 - mmdet - INFO - Epoch [6][1450/1652]	lr: 1.000e-03, eta: 1:49:57, time: 0.632, data_time: 0.051, memory: 6019, bbox_loss: 0.3827, cls_loss: 0.2374, loss: 0.6201, grad_norm: 2.5604
2026-06-04 15:30:13,963 - mmdet - INFO - Epoch [6][1500/1652]	lr: 1.000e-03, eta: 1:49:23, time: 0.628, data_time: 0.052, memory: 6019, bbox_loss: 0.3824, cls_loss: 0.2277, loss: 0.6101, grad_norm: 2.5895
2026-06-04 15:30:47,228 - mmdet - INFO - Epoch [6][1550/1652]	lr: 1.000e-03, eta: 1:48:51, time: 0.665, data_time: 0.052, memory: 6019, bbox_loss: 0.3801, cls_loss: 0.2270, loss: 0.6071, grad_norm: 2.5029
2026-06-04 15:31:21,349 - mmdet - INFO - Epoch [6][1600/1652]	lr: 1.000e-03, eta: 1:48:20, time: 0.682, data_time: 0.054, memory: 6019, bbox_loss: 0.3905, cls_loss: 0.2318, loss: 0.6223, grad_norm: 2.4383
2026-06-04 15:31:55,425 - mmdet - INFO - Epoch [6][1650/1652]	lr: 1.000e-03, eta: 1:47:49, time: 0.682, data_time: 0.052, memory: 6019, bbox_loss: 0.3811, cls_loss: 0.2295, loss: 0.6106, grad_norm: 2.3943
2026-06-04 15:31:56,868 - mmdet - INFO - Saving checkpoint at 6 epochs
2026-06-04 15:32:34,449 - mmdet - INFO - Epoch [7][50/1652]	lr: 1.000e-03, eta: 1:47:18, time: 0.737, data_time: 0.107, memory: 6019, bbox_loss: 0.3846, cls_loss: 0.2365, loss: 0.6211, grad_norm: 2.0935
2026-06-04 15:33:08,822 - mmdet - INFO - Epoch [7][100/1652]	lr: 1.000e-03, eta: 1:46:47, time: 0.687, data_time: 0.052, memory: 6019, bbox_loss: 0.3852, cls_loss: 0.2386, loss: 0.6238, grad_norm: 2.4511
2026-06-04 15:33:42,119 - mmdet - INFO - Epoch [7][150/1652]	lr: 1.000e-03, eta: 1:46:15, time: 0.666, data_time: 0.053, memory: 6019, bbox_loss: 0.3789, cls_loss: 0.2182, loss: 0.5971, grad_norm: 2.6278
2026-06-04 15:34:16,985 - mmdet - INFO - Epoch [7][200/1652]	lr: 1.000e-03, eta: 1:45:44, time: 0.697, data_time: 0.053, memory: 6019, bbox_loss: 0.3833, cls_loss: 0.2287, loss: 0.6120, grad_norm: 2.4728
2026-06-04 15:34:48,898 - mmdet - INFO - Epoch [7][250/1652]	lr: 1.000e-03, eta: 1:45:11, time: 0.638, data_time: 0.051, memory: 6019, bbox_loss: 0.3834, cls_loss: 0.2292, loss: 0.6126, grad_norm: 2.3407
2026-06-04 15:35:20,440 - mmdet - INFO - Epoch [7][300/1652]	lr: 1.000e-03, eta: 1:44:37, time: 0.631, data_time: 0.051, memory: 6019, bbox_loss: 0.3807, cls_loss: 0.2263, loss: 0.6070, grad_norm: 2.4198
2026-06-04 15:35:52,386 - mmdet - INFO - Epoch [7][350/1652]	lr: 1.000e-03, eta: 1:44:04, time: 0.639, data_time: 0.053, memory: 6019, bbox_loss: 0.3717, cls_loss: 0.2238, loss: 0.5954, grad_norm: 2.4493
2026-06-04 15:36:24,400 - mmdet - INFO - Epoch [7][400/1652]	lr: 1.000e-03, eta: 1:43:31, time: 0.640, data_time: 0.051, memory: 6019, bbox_loss: 0.3913, cls_loss: 0.2374, loss: 0.6287, grad_norm: 2.1303
2026-06-04 15:36:57,762 - mmdet - INFO - Epoch [7][450/1652]	lr: 1.000e-03, eta: 1:42:59, time: 0.667, data_time: 0.052, memory: 6019, bbox_loss: 0.3844, cls_loss: 0.2329, loss: 0.6172, grad_norm: 2.1814
2026-06-04 15:37:31,013 - mmdet - INFO - Epoch [7][500/1652]	lr: 1.000e-03, eta: 1:42:26, time: 0.665, data_time: 0.053, memory: 6019, bbox_loss: 0.3792, cls_loss: 0.2234, loss: 0.6026, grad_norm: 2.3970
2026-06-04 15:38:02,409 - mmdet - INFO - Epoch [7][550/1652]	lr: 1.000e-03, eta: 1:41:53, time: 0.628, data_time: 0.054, memory: 6019, bbox_loss: 0.3766, cls_loss: 0.2193, loss: 0.5959, grad_norm: 2.4389
2026-06-04 15:38:34,301 - mmdet - INFO - Epoch [7][600/1652]	lr: 1.000e-03, eta: 1:41:19, time: 0.638, data_time: 0.055, memory: 6019, bbox_loss: 0.3808, cls_loss: 0.2335, loss: 0.6143, grad_norm: 2.2785
2026-06-04 15:39:05,825 - mmdet - INFO - Epoch [7][650/1652]	lr: 1.000e-03, eta: 1:40:46, time: 0.630, data_time: 0.052, memory: 6019, bbox_loss: 0.3805, cls_loss: 0.2288, loss: 0.6093, grad_norm: 2.3154
2026-06-04 15:39:37,565 - mmdet - INFO - Epoch [7][700/1652]	lr: 1.000e-03, eta: 1:40:12, time: 0.635, data_time: 0.050, memory: 6019, bbox_loss: 0.3846, cls_loss: 0.2275, loss: 0.6121, grad_norm: 2.2628
2026-06-04 15:40:09,301 - mmdet - INFO - Epoch [7][750/1652]	lr: 1.000e-03, eta: 1:39:39, time: 0.635, data_time: 0.052, memory: 6019, bbox_loss: 0.3812, cls_loss: 0.2288, loss: 0.6100, grad_norm: 2.2629
2026-06-04 15:40:41,109 - mmdet - INFO - Epoch [7][800/1652]	lr: 1.000e-03, eta: 1:39:06, time: 0.636, data_time: 0.052, memory: 6019, bbox_loss: 0.3857, cls_loss: 0.2290, loss: 0.6147, grad_norm: 2.3376
2026-06-04 15:41:13,588 - mmdet - INFO - Epoch [7][850/1652]	lr: 1.000e-03, eta: 1:38:33, time: 0.650, data_time: 0.054, memory: 6019, bbox_loss: 0.3798, cls_loss: 0.2280, loss: 0.6077, grad_norm: 2.1178
2026-06-04 15:41:47,197 - mmdet - INFO - Epoch [7][900/1652]	lr: 1.000e-03, eta: 1:38:01, time: 0.672, data_time: 0.053, memory: 6019, bbox_loss: 0.3752, cls_loss: 0.2165, loss: 0.5916, grad_norm: 2.4637
2026-06-04 15:42:21,507 - mmdet - INFO - Epoch [7][950/1652]	lr: 1.000e-03, eta: 1:37:30, time: 0.686, data_time: 0.054, memory: 6019, bbox_loss: 0.3808, cls_loss: 0.2258, loss: 0.6066, grad_norm: 2.1522
2026-06-04 15:42:55,280 - mmdet - INFO - Epoch [7][1000/1652]	lr: 1.000e-03, eta: 1:36:58, time: 0.675, data_time: 0.053, memory: 6019, bbox_loss: 0.3771, cls_loss: 0.2221, loss: 0.5992, grad_norm: 2.2179
2026-06-04 15:43:26,572 - mmdet - INFO - Epoch [7][1050/1652]	lr: 1.000e-03, eta: 1:36:24, time: 0.626, data_time: 0.051, memory: 6019, bbox_loss: 0.3847, cls_loss: 0.2268, loss: 0.6115, grad_norm: 2.5049
2026-06-04 15:43:58,577 - mmdet - INFO - Epoch [7][1100/1652]	lr: 1.000e-03, eta: 1:35:51, time: 0.640, data_time: 0.053, memory: 6019, bbox_loss: 0.3869, cls_loss: 0.2356, loss: 0.6225, grad_norm: 2.3803
2026-06-04 15:44:30,311 - mmdet - INFO - Epoch [7][1150/1652]	lr: 1.000e-03, eta: 1:35:18, time: 0.635, data_time: 0.052, memory: 6019, bbox_loss: 0.3870, cls_loss: 0.2360, loss: 0.6230, grad_norm: 2.5296
2026-06-04 15:45:02,288 - mmdet - INFO - Epoch [7][1200/1652]	lr: 1.000e-03, eta: 1:34:45, time: 0.640, data_time: 0.053, memory: 6019, bbox_loss: 0.3834, cls_loss: 0.2227, loss: 0.6061, grad_norm: 2.4151
2026-06-04 15:45:33,705 - mmdet - INFO - Epoch [7][1250/1652]	lr: 1.000e-03, eta: 1:34:11, time: 0.628, data_time: 0.051, memory: 6019, bbox_loss: 0.3837, cls_loss: 0.2313, loss: 0.6150, grad_norm: 2.3095
2026-06-04 15:46:05,654 - mmdet - INFO - Epoch [7][1300/1652]	lr: 1.000e-03, eta: 1:33:38, time: 0.639, data_time: 0.051, memory: 6019, bbox_loss: 0.3691, cls_loss: 0.2191, loss: 0.5882, grad_norm: 2.0289
2026-06-04 15:46:37,400 - mmdet - INFO - Epoch [7][1350/1652]	lr: 1.000e-03, eta: 1:33:05, time: 0.635, data_time: 0.049, memory: 6019, bbox_loss: 0.3767, cls_loss: 0.2236, loss: 0.6003, grad_norm: 2.3172
2026-06-04 15:47:09,458 - mmdet - INFO - Epoch [7][1400/1652]	lr: 1.000e-03, eta: 1:32:32, time: 0.641, data_time: 0.051, memory: 6019, bbox_loss: 0.3789, cls_loss: 0.2219, loss: 0.6008, grad_norm: 2.7181
2026-06-04 15:47:41,558 - mmdet - INFO - Epoch [7][1450/1652]	lr: 1.000e-03, eta: 1:31:59, time: 0.642, data_time: 0.052, memory: 6019, bbox_loss: 0.3845, cls_loss: 0.2321, loss: 0.6165, grad_norm: 2.4434
2026-06-04 15:48:13,942 - mmdet - INFO - Epoch [7][1500/1652]	lr: 1.000e-03, eta: 1:31:26, time: 0.648, data_time: 0.052, memory: 6019, bbox_loss: 0.3806, cls_loss: 0.2216, loss: 0.6022, grad_norm: 2.1273
2026-06-04 15:48:46,057 - mmdet - INFO - Epoch [7][1550/1652]	lr: 1.000e-03, eta: 1:30:53, time: 0.642, data_time: 0.052, memory: 6019, bbox_loss: 0.3878, cls_loss: 0.2276, loss: 0.6154, grad_norm: 2.3629
2026-06-04 15:49:17,537 - mmdet - INFO - Epoch [7][1600/1652]	lr: 1.000e-03, eta: 1:30:19, time: 0.630, data_time: 0.052, memory: 6019, bbox_loss: 0.3836, cls_loss: 0.2288, loss: 0.6124, grad_norm: 1.9354
2026-06-04 15:49:49,580 - mmdet - INFO - Epoch [7][1650/1652]	lr: 1.000e-03, eta: 1:29:46, time: 0.641, data_time: 0.053, memory: 6019, bbox_loss: 0.3823, cls_loss: 0.2246, loss: 0.6069, grad_norm: 2.0022
2026-06-04 15:49:51,083 - mmdet - INFO - Saving checkpoint at 7 epochs
2026-06-04 15:50:28,825 - mmdet - INFO - Epoch [8][50/1652]	lr: 1.000e-03, eta: 1:29:15, time: 0.744, data_time: 0.106, memory: 6019, bbox_loss: 0.3770, cls_loss: 0.2242, loss: 0.6012, grad_norm: 2.3419
2026-06-04 15:51:02,092 - mmdet - INFO - Epoch [8][100/1652]	lr: 1.000e-03, eta: 1:28:43, time: 0.665, data_time: 0.053, memory: 6019, bbox_loss: 0.3758, cls_loss: 0.2158, loss: 0.5916, grad_norm: 2.4051
2026-06-04 15:51:33,799 - mmdet - INFO - Epoch [8][150/1652]	lr: 1.000e-03, eta: 1:28:09, time: 0.634, data_time: 0.054, memory: 6019, bbox_loss: 0.3763, cls_loss: 0.2216, loss: 0.5978, grad_norm: 2.1864
2026-06-04 15:52:04,883 - mmdet - INFO - Epoch [8][200/1652]	lr: 1.000e-03, eta: 1:27:36, time: 0.622, data_time: 0.051, memory: 6019, bbox_loss: 0.3799, cls_loss: 0.2297, loss: 0.6096, grad_norm: 2.1684
2026-06-04 15:52:37,962 - mmdet - INFO - Epoch [8][250/1652]	lr: 1.000e-03, eta: 1:27:03, time: 0.662, data_time: 0.053, memory: 6019, bbox_loss: 0.3785, cls_loss: 0.2202, loss: 0.5987, grad_norm: 2.0141
2026-06-04 15:53:12,603 - mmdet - INFO - Epoch [8][300/1652]	lr: 1.000e-03, eta: 1:26:32, time: 0.693, data_time: 0.057, memory: 6019, bbox_loss: 0.3728, cls_loss: 0.2190, loss: 0.5919, grad_norm: 2.0274
2026-06-04 15:53:46,912 - mmdet - INFO - Epoch [8][350/1652]	lr: 1.000e-03, eta: 1:26:01, time: 0.686, data_time: 0.054, memory: 6019, bbox_loss: 0.3859, cls_loss: 0.2296, loss: 0.6155, grad_norm: 2.1025
2026-06-04 15:54:20,562 - mmdet - INFO - Epoch [8][400/1652]	lr: 1.000e-03, eta: 1:25:29, time: 0.673, data_time: 0.052, memory: 6019, bbox_loss: 0.3854, cls_loss: 0.2266, loss: 0.6120, grad_norm: 2.1515
2026-06-04 15:54:53,988 - mmdet - INFO - Epoch [8][450/1652]	lr: 1.000e-03, eta: 1:24:57, time: 0.669, data_time: 0.055, memory: 6019, bbox_loss: 0.3717, cls_loss: 0.2114, loss: 0.5831, grad_norm: 2.0661
2026-06-04 15:55:27,789 - mmdet - INFO - Epoch [8][500/1652]	lr: 1.000e-03, eta: 1:24:25, time: 0.676, data_time: 0.053, memory: 6019, bbox_loss: 0.3764, cls_loss: 0.2225, loss: 0.5989, grad_norm: 2.0365
2026-06-04 15:56:00,862 - mmdet - INFO - Epoch [8][550/1652]	lr: 1.000e-03, eta: 1:23:52, time: 0.661, data_time: 0.053, memory: 6019, bbox_loss: 0.3805, cls_loss: 0.2227, loss: 0.6031, grad_norm: 2.0025
2026-06-04 15:56:34,644 - mmdet - INFO - Epoch [8][600/1652]	lr: 1.000e-03, eta: 1:23:21, time: 0.676, data_time: 0.053, memory: 6019, bbox_loss: 0.3719, cls_loss: 0.2172, loss: 0.5890, grad_norm: 2.1369
2026-06-04 15:57:08,702 - mmdet - INFO - Epoch [8][650/1652]	lr: 1.000e-03, eta: 1:22:49, time: 0.681, data_time: 0.053, memory: 6019, bbox_loss: 0.3705, cls_loss: 0.2201, loss: 0.5906, grad_norm: 2.3772
2026-06-04 15:57:42,567 - mmdet - INFO - Epoch [8][700/1652]	lr: 1.000e-03, eta: 1:22:17, time: 0.677, data_time: 0.054, memory: 6019, bbox_loss: 0.3790, cls_loss: 0.2177, loss: 0.5967, grad_norm: 2.1788
2026-06-04 15:58:15,751 - mmdet - INFO - Epoch [8][750/1652]	lr: 1.000e-03, eta: 1:21:45, time: 0.664, data_time: 0.052, memory: 6019, bbox_loss: 0.3668, cls_loss: 0.2174, loss: 0.5842, grad_norm: 2.4130
2026-06-04 15:58:49,315 - mmdet - INFO - Epoch [8][800/1652]	lr: 1.000e-03, eta: 1:21:12, time: 0.671, data_time: 0.052, memory: 6019, bbox_loss: 0.3786, cls_loss: 0.2250, loss: 0.6036, grad_norm: 2.2059
2026-06-04 15:59:23,267 - mmdet - INFO - Epoch [8][850/1652]	lr: 1.000e-03, eta: 1:20:41, time: 0.679, data_time: 0.053, memory: 6019, bbox_loss: 0.3801, cls_loss: 0.2254, loss: 0.6055, grad_norm: 2.0863
2026-06-04 15:59:56,941 - mmdet - INFO - Epoch [8][900/1652]	lr: 1.000e-03, eta: 1:20:08, time: 0.673, data_time: 0.053, memory: 6019, bbox_loss: 0.3779, cls_loss: 0.2181, loss: 0.5960, grad_norm: 2.1094
2026-06-04 16:00:31,042 - mmdet - INFO - Epoch [8][950/1652]	lr: 1.000e-03, eta: 1:19:37, time: 0.682, data_time: 0.053, memory: 6019, bbox_loss: 0.3802, cls_loss: 0.2200, loss: 0.6003, grad_norm: 2.3231
2026-06-04 16:01:05,066 - mmdet - INFO - Epoch [8][1000/1652]	lr: 1.000e-03, eta: 1:19:05, time: 0.680, data_time: 0.056, memory: 6019, bbox_loss: 0.3775, cls_loss: 0.2213, loss: 0.5988, grad_norm: 1.8783
2026-06-04 16:01:38,658 - mmdet - INFO - Epoch [8][1050/1652]	lr: 1.000e-03, eta: 1:18:33, time: 0.672, data_time: 0.053, memory: 6019, bbox_loss: 0.3887, cls_loss: 0.2297, loss: 0.6184, grad_norm: 2.0043
2026-06-04 16:02:10,588 - mmdet - INFO - Epoch [8][1100/1652]	lr: 1.000e-03, eta: 1:17:59, time: 0.639, data_time: 0.054, memory: 6019, bbox_loss: 0.3788, cls_loss: 0.2227, loss: 0.6015, grad_norm: 2.0394
2026-06-04 16:02:42,085 - mmdet - INFO - Epoch [8][1150/1652]	lr: 1.000e-03, eta: 1:17:26, time: 0.630, data_time: 0.053, memory: 6019, bbox_loss: 0.3745, cls_loss: 0.2187, loss: 0.5932, grad_norm: 2.0644
2026-06-04 16:03:13,998 - mmdet - INFO - Epoch [8][1200/1652]	lr: 1.000e-03, eta: 1:16:53, time: 0.638, data_time: 0.052, memory: 6019, bbox_loss: 0.3759, cls_loss: 0.2222, loss: 0.5981, grad_norm: 2.1858
2026-06-04 16:03:46,111 - mmdet - INFO - Epoch [8][1250/1652]	lr: 1.000e-03, eta: 1:16:20, time: 0.642, data_time: 0.054, memory: 6019, bbox_loss: 0.3774, cls_loss: 0.2313, loss: 0.6087, grad_norm: 2.1068
2026-06-04 16:04:17,680 - mmdet - INFO - Epoch [8][1300/1652]	lr: 1.000e-03, eta: 1:15:47, time: 0.631, data_time: 0.051, memory: 6019, bbox_loss: 0.3646, cls_loss: 0.2108, loss: 0.5754, grad_norm: 2.1856
2026-06-04 16:04:49,369 - mmdet - INFO - Epoch [8][1350/1652]	lr: 1.000e-03, eta: 1:15:14, time: 0.634, data_time: 0.053, memory: 6019, bbox_loss: 0.3747, cls_loss: 0.2136, loss: 0.5883, grad_norm: 2.2571
2026-06-04 16:05:21,542 - mmdet - INFO - Epoch [8][1400/1652]	lr: 1.000e-03, eta: 1:14:41, time: 0.643, data_time: 0.054, memory: 6019, bbox_loss: 0.3616, cls_loss: 0.2130, loss: 0.5747, grad_norm: 1.9119
2026-06-04 16:05:53,790 - mmdet - INFO - Epoch [8][1450/1652]	lr: 1.000e-03, eta: 1:14:08, time: 0.645, data_time: 0.050, memory: 6019, bbox_loss: 0.3740, cls_loss: 0.2180, loss: 0.5920, grad_norm: 2.1039
2026-06-04 16:06:25,983 - mmdet - INFO - Epoch [8][1500/1652]	lr: 1.000e-03, eta: 1:13:35, time: 0.644, data_time: 0.055, memory: 6019, bbox_loss: 0.3742, cls_loss: 0.2170, loss: 0.5912, grad_norm: 2.1368
2026-06-04 16:06:58,235 - mmdet - INFO - Epoch [8][1550/1652]	lr: 1.000e-03, eta: 1:13:02, time: 0.645, data_time: 0.053, memory: 6019, bbox_loss: 0.3720, cls_loss: 0.2192, loss: 0.5912, grad_norm: 2.2643
2026-06-04 16:07:29,991 - mmdet - INFO - Epoch [8][1600/1652]	lr: 1.000e-03, eta: 1:12:29, time: 0.635, data_time: 0.053, memory: 6019, bbox_loss: 0.3786, cls_loss: 0.2212, loss: 0.5999, grad_norm: 2.0521
2026-06-04 16:08:01,674 - mmdet - INFO - Epoch [8][1650/1652]	lr: 1.000e-03, eta: 1:11:56, time: 0.634, data_time: 0.052, memory: 6019, bbox_loss: 0.3803, cls_loss: 0.2197, loss: 0.6000, grad_norm: 1.9975
2026-06-04 16:08:02,945 - mmdet - INFO - Saving checkpoint at 8 epochs
2026-06-04 16:08:38,540 - mmdet - INFO - Epoch [9][50/1652]	lr: 1.000e-04, eta: 1:11:22, time: 0.700, data_time: 0.102, memory: 6019, bbox_loss: 0.3731, cls_loss: 0.2146, loss: 0.5877, grad_norm: 1.6564
2026-06-04 16:09:10,745 - mmdet - INFO - Epoch [9][100/1652]	lr: 1.000e-04, eta: 1:10:49, time: 0.644, data_time: 0.054, memory: 6019, bbox_loss: 0.3501, cls_loss: 0.2027, loss: 0.5528, grad_norm: 1.6455
2026-06-04 16:09:43,103 - mmdet - INFO - Epoch [9][150/1652]	lr: 1.000e-04, eta: 1:10:17, time: 0.647, data_time: 0.054, memory: 6019, bbox_loss: 0.3615, cls_loss: 0.2129, loss: 0.5744, grad_norm: 1.5906
2026-06-04 16:10:14,786 - mmdet - INFO - Epoch [9][200/1652]	lr: 1.000e-04, eta: 1:09:44, time: 0.634, data_time: 0.053, memory: 6019, bbox_loss: 0.3593, cls_loss: 0.2039, loss: 0.5632, grad_norm: 1.6736
2026-06-04 16:10:46,412 - mmdet - INFO - Epoch [9][250/1652]	lr: 1.000e-04, eta: 1:09:10, time: 0.632, data_time: 0.054, memory: 6019, bbox_loss: 0.3631, cls_loss: 0.2095, loss: 0.5726, grad_norm: 1.6540
2026-06-04 16:11:18,631 - mmdet - INFO - Epoch [9][300/1652]	lr: 1.000e-04, eta: 1:08:38, time: 0.644, data_time: 0.054, memory: 6019, bbox_loss: 0.3653, cls_loss: 0.2107, loss: 0.5760, grad_norm: 1.5996
2026-06-04 16:11:50,067 - mmdet - INFO - Epoch [9][350/1652]	lr: 1.000e-04, eta: 1:08:04, time: 0.629, data_time: 0.053, memory: 6019, bbox_loss: 0.3612, cls_loss: 0.2049, loss: 0.5662, grad_norm: 1.8211
2026-06-04 16:12:21,862 - mmdet - INFO - Epoch [9][400/1652]	lr: 1.000e-04, eta: 1:07:31, time: 0.636, data_time: 0.052, memory: 6019, bbox_loss: 0.3493, cls_loss: 0.2041, loss: 0.5534, grad_norm: 1.5567
2026-06-04 16:12:54,814 - mmdet - INFO - Epoch [9][450/1652]	lr: 1.000e-04, eta: 1:06:59, time: 0.659, data_time: 0.052, memory: 6019, bbox_loss: 0.3538, cls_loss: 0.2025, loss: 0.5562, grad_norm: 1.6836
2026-06-04 16:13:27,364 - mmdet - INFO - Epoch [9][500/1652]	lr: 1.000e-04, eta: 1:06:26, time: 0.651, data_time: 0.052, memory: 6019, bbox_loss: 0.3512, cls_loss: 0.2046, loss: 0.5558, grad_norm: 1.7633
2026-06-04 16:13:59,326 - mmdet - INFO - Epoch [9][550/1652]	lr: 1.000e-04, eta: 1:05:53, time: 0.639, data_time: 0.052, memory: 6019, bbox_loss: 0.3520, cls_loss: 0.2022, loss: 0.5543, grad_norm: 1.6849
2026-06-04 16:14:31,827 - mmdet - INFO - Epoch [9][600/1652]	lr: 1.000e-04, eta: 1:05:21, time: 0.650, data_time: 0.053, memory: 6019, bbox_loss: 0.3568, cls_loss: 0.2051, loss: 0.5620, grad_norm: 1.6393
2026-06-04 16:15:03,751 - mmdet - INFO - Epoch [9][650/1652]	lr: 1.000e-04, eta: 1:04:48, time: 0.638, data_time: 0.055, memory: 6019, bbox_loss: 0.3504, cls_loss: 0.1948, loss: 0.5452, grad_norm: 1.7770
2026-06-04 16:15:35,778 - mmdet - INFO - Epoch [9][700/1652]	lr: 1.000e-04, eta: 1:04:15, time: 0.641, data_time: 0.053, memory: 6019, bbox_loss: 0.3496, cls_loss: 0.1977, loss: 0.5473, grad_norm: 1.8035
2026-06-04 16:16:08,167 - mmdet - INFO - Epoch [9][750/1652]	lr: 1.000e-04, eta: 1:03:42, time: 0.648, data_time: 0.055, memory: 6019, bbox_loss: 0.3535, cls_loss: 0.2012, loss: 0.5547, grad_norm: 1.9935
2026-06-04 16:16:42,725 - mmdet - INFO - Epoch [9][800/1652]	lr: 1.000e-04, eta: 1:03:10, time: 0.691, data_time: 0.055, memory: 6019, bbox_loss: 0.3560, cls_loss: 0.2023, loss: 0.5583, grad_norm: 1.6591
2026-06-04 16:17:16,924 - mmdet - INFO - Epoch [9][850/1652]	lr: 1.000e-04, eta: 1:02:38, time: 0.684, data_time: 0.053, memory: 6019, bbox_loss: 0.3553, cls_loss: 0.2023, loss: 0.5576, grad_norm: 1.7564
2026-06-04 16:17:48,779 - mmdet - INFO - Epoch [9][900/1652]	lr: 1.000e-04, eta: 1:02:05, time: 0.637, data_time: 0.053, memory: 6019, bbox_loss: 0.3467, cls_loss: 0.1968, loss: 0.5435, grad_norm: 1.7443
2026-06-04 16:18:20,695 - mmdet - INFO - Epoch [9][950/1652]	lr: 1.000e-04, eta: 1:01:32, time: 0.638, data_time: 0.052, memory: 6019, bbox_loss: 0.3494, cls_loss: 0.1936, loss: 0.5431, grad_norm: 1.6920
2026-06-04 16:18:52,800 - mmdet - INFO - Epoch [9][1000/1652]	lr: 1.000e-04, eta: 1:00:59, time: 0.642, data_time: 0.052, memory: 6019, bbox_loss: 0.3529, cls_loss: 0.2042, loss: 0.5571, grad_norm: 1.6849
2026-06-04 16:19:24,994 - mmdet - INFO - Epoch [9][1050/1652]	lr: 1.000e-04, eta: 1:00:27, time: 0.644, data_time: 0.054, memory: 6019, bbox_loss: 0.3484, cls_loss: 0.1966, loss: 0.5449, grad_norm: 1.7589
2026-06-04 16:19:56,617 - mmdet - INFO - Epoch [9][1100/1652]	lr: 1.000e-04, eta: 0:59:54, time: 0.632, data_time: 0.053, memory: 6019, bbox_loss: 0.3538, cls_loss: 0.2047, loss: 0.5585, grad_norm: 1.7314
2026-06-04 16:20:28,028 - mmdet - INFO - Epoch [9][1150/1652]	lr: 1.000e-04, eta: 0:59:21, time: 0.628, data_time: 0.051, memory: 6019, bbox_loss: 0.3562, cls_loss: 0.2014, loss: 0.5576, grad_norm: 1.7126
2026-06-04 16:20:59,350 - mmdet - INFO - Epoch [9][1200/1652]	lr: 1.000e-04, eta: 0:58:47, time: 0.626, data_time: 0.053, memory: 6019, bbox_loss: 0.3493, cls_loss: 0.2009, loss: 0.5501, grad_norm: 1.7639
2026-06-04 16:21:31,170 - mmdet - INFO - Epoch [9][1250/1652]	lr: 1.000e-04, eta: 0:58:15, time: 0.636, data_time: 0.053, memory: 6019, bbox_loss: 0.3507, cls_loss: 0.2020, loss: 0.5527, grad_norm: 1.8483
2026-06-04 16:22:02,935 - mmdet - INFO - Epoch [9][1300/1652]	lr: 1.000e-04, eta: 0:57:42, time: 0.635, data_time: 0.053, memory: 6019, bbox_loss: 0.3478, cls_loss: 0.1982, loss: 0.5460, grad_norm: 1.7042
2026-06-04 16:22:35,888 - mmdet - INFO - Epoch [9][1350/1652]	lr: 1.000e-04, eta: 0:57:09, time: 0.659, data_time: 0.053, memory: 6019, bbox_loss: 0.3616, cls_loss: 0.2091, loss: 0.5707, grad_norm: 1.7265
2026-06-04 16:23:08,522 - mmdet - INFO - Epoch [9][1400/1652]	lr: 1.000e-04, eta: 0:56:37, time: 0.653, data_time: 0.053, memory: 6019, bbox_loss: 0.3569, cls_loss: 0.2031, loss: 0.5599, grad_norm: 1.8705
2026-06-04 16:23:40,828 - mmdet - INFO - Epoch [9][1450/1652]	lr: 1.000e-04, eta: 0:56:04, time: 0.646, data_time: 0.054, memory: 6019, bbox_loss: 0.3552, cls_loss: 0.2038, loss: 0.5590, grad_norm: 1.8780
2026-06-04 16:24:12,983 - mmdet - INFO - Epoch [9][1500/1652]	lr: 1.000e-04, eta: 0:55:31, time: 0.643, data_time: 0.053, memory: 6019, bbox_loss: 0.3568, cls_loss: 0.2021, loss: 0.5589, grad_norm: 1.6626
2026-06-04 16:24:44,470 - mmdet - INFO - Epoch [9][1550/1652]	lr: 1.000e-04, eta: 0:54:58, time: 0.630, data_time: 0.051, memory: 6019, bbox_loss: 0.3560, cls_loss: 0.2045, loss: 0.5605, grad_norm: 1.7446
2026-06-04 16:25:16,283 - mmdet - INFO - Epoch [9][1600/1652]	lr: 1.000e-04, eta: 0:54:25, time: 0.636, data_time: 0.052, memory: 6019, bbox_loss: 0.3531, cls_loss: 0.2031, loss: 0.5562, grad_norm: 1.8360
2026-06-04 16:25:47,915 - mmdet - INFO - Epoch [9][1650/1652]	lr: 1.000e-04, eta: 0:53:52, time: 0.633, data_time: 0.051, memory: 6019, bbox_loss: 0.3570, cls_loss: 0.2049, loss: 0.5619, grad_norm: 1.7180
2026-06-04 16:25:49,203 - mmdet - INFO - Saving checkpoint at 9 epochs
2026-06-04 16:26:26,624 - mmdet - INFO - Epoch [10][50/1652]	lr: 1.000e-04, eta: 0:53:19, time: 0.737, data_time: 0.102, memory: 6019, bbox_loss: 0.3527, cls_loss: 0.1975, loss: 0.5502, grad_norm: 1.7613
2026-06-04 16:27:00,839 - mmdet - INFO - Epoch [10][100/1652]	lr: 1.000e-04, eta: 0:52:47, time: 0.684, data_time: 0.052, memory: 6019, bbox_loss: 0.3457, cls_loss: 0.1954, loss: 0.5411, grad_norm: 1.7254
2026-06-04 16:27:34,806 - mmdet - INFO - Epoch [10][150/1652]	lr: 1.000e-04, eta: 0:52:15, time: 0.679, data_time: 0.052, memory: 6019, bbox_loss: 0.3461, cls_loss: 0.1923, loss: 0.5384, grad_norm: 1.7573
2026-06-04 16:28:09,233 - mmdet - INFO - Epoch [10][200/1652]	lr: 1.000e-04, eta: 0:51:43, time: 0.689, data_time: 0.051, memory: 6019, bbox_loss: 0.3494, cls_loss: 0.1986, loss: 0.5481, grad_norm: 1.9157
2026-06-04 16:28:42,068 - mmdet - INFO - Epoch [10][250/1652]	lr: 1.000e-04, eta: 0:51:10, time: 0.657, data_time: 0.053, memory: 6019, bbox_loss: 0.3437, cls_loss: 0.1928, loss: 0.5365, grad_norm: 1.9093
2026-06-04 16:29:16,045 - mmdet - INFO - Epoch [10][300/1652]	lr: 1.000e-04, eta: 0:50:38, time: 0.680, data_time: 0.053, memory: 6019, bbox_loss: 0.3456, cls_loss: 0.1955, loss: 0.5411, grad_norm: 1.8783
2026-06-04 16:29:50,226 - mmdet - INFO - Epoch [10][350/1652]	lr: 1.000e-04, eta: 0:50:06, time: 0.684, data_time: 0.052, memory: 6019, bbox_loss: 0.3552, cls_loss: 0.2098, loss: 0.5650, grad_norm: 1.7698
2026-06-04 16:30:23,892 - mmdet - INFO - Epoch [10][400/1652]	lr: 1.000e-04, eta: 0:49:34, time: 0.673, data_time: 0.053, memory: 6019, bbox_loss: 0.3499, cls_loss: 0.1978, loss: 0.5477, grad_norm: 1.7101
2026-06-04 16:30:57,054 - mmdet - INFO - Epoch [10][450/1652]	lr: 1.000e-04, eta: 0:49:01, time: 0.663, data_time: 0.052, memory: 6019, bbox_loss: 0.3392, cls_loss: 0.1925, loss: 0.5317, grad_norm: 1.8074
2026-06-04 16:31:29,059 - mmdet - INFO - Epoch [10][500/1652]	lr: 1.000e-04, eta: 0:48:28, time: 0.640, data_time: 0.052, memory: 6019, bbox_loss: 0.3511, cls_loss: 0.1979, loss: 0.5490, grad_norm: 1.8925
2026-06-04 16:32:00,796 - mmdet - INFO - Epoch [10][550/1652]	lr: 1.000e-04, eta: 0:47:55, time: 0.635, data_time: 0.052, memory: 6019, bbox_loss: 0.3491, cls_loss: 0.2005, loss: 0.5496, grad_norm: 1.9024
2026-06-04 16:32:33,186 - mmdet - INFO - Epoch [10][600/1652]	lr: 1.000e-04, eta: 0:47:23, time: 0.648, data_time: 0.053, memory: 6019, bbox_loss: 0.3446, cls_loss: 0.1956, loss: 0.5402, grad_norm: 1.8032
2026-06-04 16:33:05,211 - mmdet - INFO - Epoch [10][650/1652]	lr: 1.000e-04, eta: 0:46:50, time: 0.640, data_time: 0.052, memory: 6019, bbox_loss: 0.3540, cls_loss: 0.2018, loss: 0.5558, grad_norm: 1.7395
2026-06-04 16:33:37,404 - mmdet - INFO - Epoch [10][700/1652]	lr: 1.000e-04, eta: 0:46:17, time: 0.644, data_time: 0.052, memory: 6019, bbox_loss: 0.3516, cls_loss: 0.1966, loss: 0.5482, grad_norm: 1.7778
2026-06-04 16:34:09,700 - mmdet - INFO - Epoch [10][750/1652]	lr: 1.000e-04, eta: 0:45:44, time: 0.646, data_time: 0.051, memory: 6019, bbox_loss: 0.3503, cls_loss: 0.2001, loss: 0.5504, grad_norm: 1.6724
2026-06-04 16:34:41,696 - mmdet - INFO - Epoch [10][800/1652]	lr: 1.000e-04, eta: 0:45:12, time: 0.640, data_time: 0.052, memory: 6019, bbox_loss: 0.3599, cls_loss: 0.2077, loss: 0.5676, grad_norm: 1.7333
2026-06-04 16:35:13,162 - mmdet - INFO - Epoch [10][850/1652]	lr: 1.000e-04, eta: 0:44:39, time: 0.629, data_time: 0.052, memory: 6019, bbox_loss: 0.3584, cls_loss: 0.2007, loss: 0.5590, grad_norm: 1.7752
2026-06-04 16:35:44,988 - mmdet - INFO - Epoch [10][900/1652]	lr: 1.000e-04, eta: 0:44:06, time: 0.637, data_time: 0.052, memory: 6019, bbox_loss: 0.3462, cls_loss: 0.1939, loss: 0.5401, grad_norm: 1.7440
2026-06-04 16:36:16,558 - mmdet - INFO - Epoch [10][950/1652]	lr: 1.000e-04, eta: 0:43:33, time: 0.631, data_time: 0.050, memory: 6019, bbox_loss: 0.3458, cls_loss: 0.2013, loss: 0.5471, grad_norm: 1.7128
2026-06-04 16:36:48,358 - mmdet - INFO - Epoch [10][1000/1652]	lr: 1.000e-04, eta: 0:43:00, time: 0.636, data_time: 0.052, memory: 6019, bbox_loss: 0.3374, cls_loss: 0.1936, loss: 0.5310, grad_norm: 1.7354
2026-06-04 16:37:20,810 - mmdet - INFO - Epoch [10][1050/1652]	lr: 1.000e-04, eta: 0:42:28, time: 0.649, data_time: 0.056, memory: 6019, bbox_loss: 0.3534, cls_loss: 0.1975, loss: 0.5508, grad_norm: 1.6133
2026-06-04 16:37:53,101 - mmdet - INFO - Epoch [10][1100/1652]	lr: 1.000e-04, eta: 0:41:55, time: 0.646, data_time: 0.053, memory: 6019, bbox_loss: 0.3513, cls_loss: 0.2037, loss: 0.5550, grad_norm: 1.7007
2026-06-04 16:38:25,098 - mmdet - INFO - Epoch [10][1150/1652]	lr: 1.000e-04, eta: 0:41:22, time: 0.640, data_time: 0.052, memory: 6019, bbox_loss: 0.3507, cls_loss: 0.1954, loss: 0.5461, grad_norm: 1.7207
2026-06-04 16:38:56,595 - mmdet - INFO - Epoch [10][1200/1652]	lr: 1.000e-04, eta: 0:40:49, time: 0.630, data_time: 0.051, memory: 6019, bbox_loss: 0.3560, cls_loss: 0.1980, loss: 0.5540, grad_norm: 1.6822
2026-06-04 16:39:28,751 - mmdet - INFO - Epoch [10][1250/1652]	lr: 1.000e-04, eta: 0:40:16, time: 0.643, data_time: 0.051, memory: 6019, bbox_loss: 0.3486, cls_loss: 0.2019, loss: 0.5504, grad_norm: 1.8029
2026-06-04 16:40:01,814 - mmdet - INFO - Epoch [10][1300/1652]	lr: 1.000e-04, eta: 0:39:44, time: 0.661, data_time: 0.051, memory: 6019, bbox_loss: 0.3461, cls_loss: 0.1984, loss: 0.5445, grad_norm: 1.8649
2026-06-04 16:40:36,143 - mmdet - INFO - Epoch [10][1350/1652]	lr: 1.000e-04, eta: 0:39:12, time: 0.687, data_time: 0.051, memory: 6019, bbox_loss: 0.3399, cls_loss: 0.1928, loss: 0.5327, grad_norm: 1.7601
2026-06-04 16:41:10,580 - mmdet - INFO - Epoch [10][1400/1652]	lr: 1.000e-04, eta: 0:38:40, time: 0.689, data_time: 0.052, memory: 6019, bbox_loss: 0.3532, cls_loss: 0.1975, loss: 0.5507, grad_norm: 1.6659
2026-06-04 16:41:44,642 - mmdet - INFO - Epoch [10][1450/1652]	lr: 1.000e-04, eta: 0:38:07, time: 0.681, data_time: 0.052, memory: 6019, bbox_loss: 0.3432, cls_loss: 0.1916, loss: 0.5348, grad_norm: 1.8149
2026-06-04 16:42:18,557 - mmdet - INFO - Epoch [10][1500/1652]	lr: 1.000e-04, eta: 0:37:35, time: 0.678, data_time: 0.052, memory: 6019, bbox_loss: 0.3503, cls_loss: 0.1973, loss: 0.5476, grad_norm: 1.7559
2026-06-04 16:42:50,598 - mmdet - INFO - Epoch [10][1550/1652]	lr: 1.000e-04, eta: 0:37:02, time: 0.641, data_time: 0.053, memory: 6019, bbox_loss: 0.3441, cls_loss: 0.1972, loss: 0.5413, grad_norm: 1.7296
2026-06-04 16:43:21,986 - mmdet - INFO - Epoch [10][1600/1652]	lr: 1.000e-04, eta: 0:36:29, time: 0.628, data_time: 0.052, memory: 6019, bbox_loss: 0.3502, cls_loss: 0.1963, loss: 0.5464, grad_norm: 1.7584
2026-06-04 16:43:53,470 - mmdet - INFO - Epoch [10][1650/1652]	lr: 1.000e-04, eta: 0:35:56, time: 0.630, data_time: 0.052, memory: 6019, bbox_loss: 0.3568, cls_loss: 0.1999, loss: 0.5567, grad_norm: 1.7524
2026-06-04 16:43:54,760 - mmdet - INFO - Saving checkpoint at 10 epochs
2026-06-04 16:44:32,341 - mmdet - INFO - Epoch [11][50/1652]	lr: 1.000e-04, eta: 0:35:23, time: 0.740, data_time: 0.104, memory: 6019, bbox_loss: 0.3480, cls_loss: 0.1964, loss: 0.5444, grad_norm: 1.6756
2026-06-04 16:45:05,948 - mmdet - INFO - Epoch [11][100/1652]	lr: 1.000e-04, eta: 0:34:51, time: 0.672, data_time: 0.052, memory: 6019, bbox_loss: 0.3580, cls_loss: 0.2008, loss: 0.5589, grad_norm: 1.7864
2026-06-04 16:45:40,010 - mmdet - INFO - Epoch [11][150/1652]	lr: 1.000e-04, eta: 0:34:18, time: 0.681, data_time: 0.053, memory: 6019, bbox_loss: 0.3495, cls_loss: 0.1951, loss: 0.5446, grad_norm: 1.7733
2026-06-04 16:46:13,914 - mmdet - INFO - Epoch [11][200/1652]	lr: 1.000e-04, eta: 0:33:46, time: 0.678, data_time: 0.051, memory: 6019, bbox_loss: 0.3473, cls_loss: 0.1954, loss: 0.5427, grad_norm: 1.8954
2026-06-04 16:46:47,012 - mmdet - INFO - Epoch [11][250/1652]	lr: 1.000e-04, eta: 0:33:13, time: 0.662, data_time: 0.051, memory: 6019, bbox_loss: 0.3491, cls_loss: 0.1935, loss: 0.5426, grad_norm: 1.7773
2026-06-04 16:47:19,381 - mmdet - INFO - Epoch [11][300/1652]	lr: 1.000e-04, eta: 0:32:41, time: 0.647, data_time: 0.051, memory: 6019, bbox_loss: 0.3457, cls_loss: 0.2015, loss: 0.5472, grad_norm: 1.7351
2026-06-04 16:47:52,354 - mmdet - INFO - Epoch [11][350/1652]	lr: 1.000e-04, eta: 0:32:08, time: 0.659, data_time: 0.054, memory: 6019, bbox_loss: 0.3470, cls_loss: 0.1968, loss: 0.5438, grad_norm: 1.7010
2026-06-04 16:48:26,664 - mmdet - INFO - Epoch [11][400/1652]	lr: 1.000e-04, eta: 0:31:36, time: 0.686, data_time: 0.053, memory: 6019, bbox_loss: 0.3494, cls_loss: 0.2021, loss: 0.5515, grad_norm: 1.8414
2026-06-04 16:49:00,177 - mmdet - INFO - Epoch [11][450/1652]	lr: 1.000e-04, eta: 0:31:03, time: 0.670, data_time: 0.051, memory: 6019, bbox_loss: 0.3465, cls_loss: 0.1918, loss: 0.5382, grad_norm: 1.7517
2026-06-04 16:49:34,652 - mmdet - INFO - Epoch [11][500/1652]	lr: 1.000e-04, eta: 0:30:31, time: 0.689, data_time: 0.054, memory: 6019, bbox_loss: 0.3459, cls_loss: 0.1932, loss: 0.5391, grad_norm: 1.8422
2026-06-04 16:50:09,102 - mmdet - INFO - Epoch [11][550/1652]	lr: 1.000e-04, eta: 0:29:58, time: 0.689, data_time: 0.053, memory: 6019, bbox_loss: 0.3396, cls_loss: 0.1895, loss: 0.5291, grad_norm: 1.6929
2026-06-04 16:50:43,200 - mmdet - INFO - Epoch [11][600/1652]	lr: 1.000e-04, eta: 0:29:26, time: 0.682, data_time: 0.052, memory: 6019, bbox_loss: 0.3569, cls_loss: 0.2061, loss: 0.5630, grad_norm: 1.7751
2026-06-04 16:51:16,800 - mmdet - INFO - Epoch [11][650/1652]	lr: 1.000e-04, eta: 0:28:53, time: 0.672, data_time: 0.053, memory: 6019, bbox_loss: 0.3440, cls_loss: 0.1953, loss: 0.5394, grad_norm: 1.7979
2026-06-04 16:51:51,635 - mmdet - INFO - Epoch [11][700/1652]	lr: 1.000e-04, eta: 0:28:21, time: 0.697, data_time: 0.054, memory: 6019, bbox_loss: 0.3470, cls_loss: 0.1947, loss: 0.5417, grad_norm: 1.7688
2026-06-04 16:52:23,512 - mmdet - INFO - Epoch [11][750/1652]	lr: 1.000e-04, eta: 0:27:48, time: 0.638, data_time: 0.052, memory: 6019, bbox_loss: 0.3498, cls_loss: 0.1941, loss: 0.5438, grad_norm: 1.8912
2026-06-04 16:52:55,136 - mmdet - INFO - Epoch [11][800/1652]	lr: 1.000e-04, eta: 0:27:16, time: 0.632, data_time: 0.052, memory: 6019, bbox_loss: 0.3461, cls_loss: 0.1928, loss: 0.5390, grad_norm: 1.7289
2026-06-04 16:53:26,313 - mmdet - INFO - Epoch [11][850/1652]	lr: 1.000e-04, eta: 0:26:43, time: 0.624, data_time: 0.052, memory: 6019, bbox_loss: 0.3397, cls_loss: 0.1935, loss: 0.5331, grad_norm: 1.7650
2026-06-04 16:53:58,352 - mmdet - INFO - Epoch [11][900/1652]	lr: 1.000e-04, eta: 0:26:10, time: 0.641, data_time: 0.050, memory: 6019, bbox_loss: 0.3491, cls_loss: 0.1934, loss: 0.5425, grad_norm: 1.8013
2026-06-04 16:54:32,095 - mmdet - INFO - Epoch [11][950/1652]	lr: 1.000e-04, eta: 0:25:37, time: 0.675, data_time: 0.053, memory: 6019, bbox_loss: 0.3440, cls_loss: 0.1979, loss: 0.5419, grad_norm: 1.8438
2026-06-04 16:55:05,911 - mmdet - INFO - Epoch [11][1000/1652]	lr: 1.000e-04, eta: 0:25:05, time: 0.676, data_time: 0.053, memory: 6019, bbox_loss: 0.3462, cls_loss: 0.2035, loss: 0.5497, grad_norm: 1.7942
2026-06-04 16:55:39,804 - mmdet - INFO - Epoch [11][1050/1652]	lr: 1.000e-04, eta: 0:24:32, time: 0.678, data_time: 0.053, memory: 6019, bbox_loss: 0.3531, cls_loss: 0.1949, loss: 0.5480, grad_norm: 1.8689
2026-06-04 16:56:13,708 - mmdet - INFO - Epoch [11][1100/1652]	lr: 1.000e-04, eta: 0:24:00, time: 0.678, data_time: 0.055, memory: 6019, bbox_loss: 0.3383, cls_loss: 0.1889, loss: 0.5272, grad_norm: 1.9467
2026-06-04 16:56:47,350 - mmdet - INFO - Epoch [11][1150/1652]	lr: 1.000e-04, eta: 0:23:27, time: 0.673, data_time: 0.052, memory: 6019, bbox_loss: 0.3490, cls_loss: 0.1937, loss: 0.5427, grad_norm: 1.8461
2026-06-04 16:57:21,447 - mmdet - INFO - Epoch [11][1200/1652]	lr: 1.000e-04, eta: 0:22:55, time: 0.682, data_time: 0.053, memory: 6019, bbox_loss: 0.3492, cls_loss: 0.1928, loss: 0.5420, grad_norm: 1.8059
2026-06-04 16:57:54,400 - mmdet - INFO - Epoch [11][1250/1652]	lr: 1.000e-04, eta: 0:22:22, time: 0.659, data_time: 0.051, memory: 6019, bbox_loss: 0.3469, cls_loss: 0.1945, loss: 0.5413, grad_norm: 1.7416
2026-06-04 16:58:27,292 - mmdet - INFO - Epoch [11][1300/1652]	lr: 1.000e-04, eta: 0:21:49, time: 0.658, data_time: 0.051, memory: 6019, bbox_loss: 0.3455, cls_loss: 0.1969, loss: 0.5424, grad_norm: 1.9950
2026-06-04 16:59:02,039 - mmdet - INFO - Epoch [11][1350/1652]	lr: 1.000e-04, eta: 0:21:17, time: 0.695, data_time: 0.051, memory: 6019, bbox_loss: 0.3438, cls_loss: 0.1931, loss: 0.5368, grad_norm: 1.8956
2026-06-04 16:59:35,239 - mmdet - INFO - Epoch [11][1400/1652]	lr: 1.000e-04, eta: 0:20:44, time: 0.664, data_time: 0.051, memory: 6019, bbox_loss: 0.3361, cls_loss: 0.1906, loss: 0.5267, grad_norm: 1.8541
2026-06-04 17:00:09,663 - mmdet - INFO - Epoch [11][1450/1652]	lr: 1.000e-04, eta: 0:20:12, time: 0.688, data_time: 0.052, memory: 6019, bbox_loss: 0.3414, cls_loss: 0.1941, loss: 0.5355, grad_norm: 1.7843
2026-06-04 17:00:43,807 - mmdet - INFO - Epoch [11][1500/1652]	lr: 1.000e-04, eta: 0:19:39, time: 0.683, data_time: 0.052, memory: 6019, bbox_loss: 0.3425, cls_loss: 0.1942, loss: 0.5367, grad_norm: 1.7588
2026-06-04 17:01:16,647 - mmdet - INFO - Epoch [11][1550/1652]	lr: 1.000e-04, eta: 0:19:07, time: 0.657, data_time: 0.050, memory: 6019, bbox_loss: 0.3347, cls_loss: 0.1885, loss: 0.5232, grad_norm: 1.8784
2026-06-04 17:01:48,266 - mmdet - INFO - Epoch [11][1600/1652]	lr: 1.000e-04, eta: 0:18:34, time: 0.632, data_time: 0.052, memory: 6019, bbox_loss: 0.3545, cls_loss: 0.1996, loss: 0.5541, grad_norm: 1.8516
2026-06-04 17:02:20,391 - mmdet - INFO - Epoch [11][1650/1652]	lr: 1.000e-04, eta: 0:18:01, time: 0.642, data_time: 0.052, memory: 6019, bbox_loss: 0.3451, cls_loss: 0.1915, loss: 0.5366, grad_norm: 1.7701
2026-06-04 17:02:21,756 - mmdet - INFO - Saving checkpoint at 11 epochs
2026-06-04 17:02:56,830 - mmdet - INFO - Epoch [12][50/1652]	lr: 1.000e-05, eta: 0:17:27, time: 0.690, data_time: 0.102, memory: 6019, bbox_loss: 0.3417, cls_loss: 0.1898, loss: 0.5315, grad_norm: 1.6309
2026-06-04 17:03:28,988 - mmdet - INFO - Epoch [12][100/1652]	lr: 1.000e-05, eta: 0:16:54, time: 0.643, data_time: 0.054, memory: 6019, bbox_loss: 0.3433, cls_loss: 0.1914, loss: 0.5347, grad_norm: 1.7850
2026-06-04 17:04:00,665 - mmdet - INFO - Epoch [12][150/1652]	lr: 1.000e-05, eta: 0:16:22, time: 0.634, data_time: 0.050, memory: 6019, bbox_loss: 0.3487, cls_loss: 0.1952, loss: 0.5439, grad_norm: 1.7248
2026-06-04 17:04:32,500 - mmdet - INFO - Epoch [12][200/1652]	lr: 1.000e-05, eta: 0:15:49, time: 0.637, data_time: 0.051, memory: 6019, bbox_loss: 0.3458, cls_loss: 0.1934, loss: 0.5392, grad_norm: 1.6470
2026-06-04 17:05:04,183 - mmdet - INFO - Epoch [12][250/1652]	lr: 1.000e-05, eta: 0:15:16, time: 0.634, data_time: 0.053, memory: 6019, bbox_loss: 0.3399, cls_loss: 0.1896, loss: 0.5295, grad_norm: 1.8431
2026-06-04 17:05:36,627 - mmdet - INFO - Epoch [12][300/1652]	lr: 1.000e-05, eta: 0:14:43, time: 0.649, data_time: 0.051, memory: 6019, bbox_loss: 0.3405, cls_loss: 0.1867, loss: 0.5272, grad_norm: 1.6777
2026-06-04 17:06:10,729 - mmdet - INFO - Epoch [12][350/1652]	lr: 1.000e-05, eta: 0:14:11, time: 0.682, data_time: 0.051, memory: 6019, bbox_loss: 0.3401, cls_loss: 0.1882, loss: 0.5283, grad_norm: 1.6368
2026-06-04 17:06:43,217 - mmdet - INFO - Epoch [12][400/1652]	lr: 1.000e-05, eta: 0:13:38, time: 0.650, data_time: 0.052, memory: 6019, bbox_loss: 0.3472, cls_loss: 0.1955, loss: 0.5427, grad_norm: 1.6125
2026-06-04 17:07:15,614 - mmdet - INFO - Epoch [12][450/1652]	lr: 1.000e-05, eta: 0:13:05, time: 0.648, data_time: 0.053, memory: 6019, bbox_loss: 0.3447, cls_loss: 0.1912, loss: 0.5360, grad_norm: 1.6684
2026-06-04 17:07:49,700 - mmdet - INFO - Epoch [12][500/1652]	lr: 1.000e-05, eta: 0:12:33, time: 0.682, data_time: 0.052, memory: 6019, bbox_loss: 0.3564, cls_loss: 0.1985, loss: 0.5549, grad_norm: 1.6730
2026-06-04 17:08:23,980 - mmdet - INFO - Epoch [12][550/1652]	lr: 1.000e-05, eta: 0:12:00, time: 0.686, data_time: 0.053, memory: 6019, bbox_loss: 0.3395, cls_loss: 0.1866, loss: 0.5261, grad_norm: 1.7471
2026-06-04 17:08:56,829 - mmdet - INFO - Epoch [12][600/1652]	lr: 1.000e-05, eta: 0:11:27, time: 0.657, data_time: 0.051, memory: 6019, bbox_loss: 0.3493, cls_loss: 0.1912, loss: 0.5405, grad_norm: 1.6979
2026-06-04 17:09:28,990 - mmdet - INFO - Epoch [12][650/1652]	lr: 1.000e-05, eta: 0:10:55, time: 0.643, data_time: 0.051, memory: 6079, bbox_loss: 0.3450, cls_loss: 0.1928, loss: 0.5379, grad_norm: 1.6653
2026-06-04 17:10:02,009 - mmdet - INFO - Epoch [12][700/1652]	lr: 1.000e-05, eta: 0:10:22, time: 0.660, data_time: 0.051, memory: 6079, bbox_loss: 0.3492, cls_loss: 0.1917, loss: 0.5409, grad_norm: 1.7339
2026-06-04 17:10:34,764 - mmdet - INFO - Epoch [12][750/1652]	lr: 1.000e-05, eta: 0:09:49, time: 0.655, data_time: 0.050, memory: 6079, bbox_loss: 0.3455, cls_loss: 0.1961, loss: 0.5416, grad_norm: 1.7895
2026-06-04 17:11:06,860 - mmdet - INFO - Epoch [12][800/1652]	lr: 1.000e-05, eta: 0:09:17, time: 0.642, data_time: 0.052, memory: 6079, bbox_loss: 0.3479, cls_loss: 0.1999, loss: 0.5477, grad_norm: 1.6493
2026-06-04 17:11:38,627 - mmdet - INFO - Epoch [12][850/1652]	lr: 1.000e-05, eta: 0:08:44, time: 0.635, data_time: 0.053, memory: 6079, bbox_loss: 0.3473, cls_loss: 0.1954, loss: 0.5427, grad_norm: 1.6431
2026-06-04 17:12:10,974 - mmdet - INFO - Epoch [12][900/1652]	lr: 1.000e-05, eta: 0:08:11, time: 0.647, data_time: 0.051, memory: 6079, bbox_loss: 0.3417, cls_loss: 0.1920, loss: 0.5338, grad_norm: 1.6812
2026-06-04 17:12:42,846 - mmdet - INFO - Epoch [12][950/1652]	lr: 1.000e-05, eta: 0:07:38, time: 0.637, data_time: 0.053, memory: 6079, bbox_loss: 0.3433, cls_loss: 0.1935, loss: 0.5369, grad_norm: 1.7642
2026-06-04 17:13:14,960 - mmdet - INFO - Epoch [12][1000/1652]	lr: 1.000e-05, eta: 0:07:06, time: 0.642, data_time: 0.053, memory: 6079, bbox_loss: 0.3394, cls_loss: 0.1873, loss: 0.5267, grad_norm: 1.7021
2026-06-04 17:13:46,856 - mmdet - INFO - Epoch [12][1050/1652]	lr: 1.000e-05, eta: 0:06:33, time: 0.638, data_time: 0.053, memory: 6079, bbox_loss: 0.3492, cls_loss: 0.1973, loss: 0.5465, grad_norm: 1.6935
2026-06-04 17:14:19,337 - mmdet - INFO - Epoch [12][1100/1652]	lr: 1.000e-05, eta: 0:06:00, time: 0.650, data_time: 0.053, memory: 6079, bbox_loss: 0.3443, cls_loss: 0.1974, loss: 0.5417, grad_norm: 1.7072
2026-06-04 17:14:51,736 - mmdet - INFO - Epoch [12][1150/1652]	lr: 1.000e-05, eta: 0:05:28, time: 0.648, data_time: 0.051, memory: 6079, bbox_loss: 0.3420, cls_loss: 0.1880, loss: 0.5300, grad_norm: 1.6551
2026-06-04 17:15:23,701 - mmdet - INFO - Epoch [12][1200/1652]	lr: 1.000e-05, eta: 0:04:55, time: 0.639, data_time: 0.051, memory: 6079, bbox_loss: 0.3418, cls_loss: 0.1981, loss: 0.5399, grad_norm: 1.7786
2026-06-04 17:15:57,967 - mmdet - INFO - Epoch [12][1250/1652]	lr: 1.000e-05, eta: 0:04:22, time: 0.685, data_time: 0.050, memory: 6079, bbox_loss: 0.3440, cls_loss: 0.1896, loss: 0.5337, grad_norm: 1.6840
2026-06-04 17:16:30,200 - mmdet - INFO - Epoch [12][1300/1652]	lr: 1.000e-05, eta: 0:03:50, time: 0.645, data_time: 0.049, memory: 6079, bbox_loss: 0.3421, cls_loss: 0.1900, loss: 0.5321, grad_norm: 2.0983
2026-06-04 17:17:02,384 - mmdet - INFO - Epoch [12][1350/1652]	lr: 1.000e-05, eta: 0:03:17, time: 0.644, data_time: 0.055, memory: 6079, bbox_loss: 0.3457, cls_loss: 0.1915, loss: 0.5372, grad_norm: 1.8326
2026-06-04 17:17:34,679 - mmdet - INFO - Epoch [12][1400/1652]	lr: 1.000e-05, eta: 0:02:44, time: 0.646, data_time: 0.054, memory: 6079, bbox_loss: 0.3383, cls_loss: 0.1855, loss: 0.5238, grad_norm: 1.6943
2026-06-04 17:18:06,245 - mmdet - INFO - Epoch [12][1450/1652]	lr: 1.000e-05, eta: 0:02:12, time: 0.631, data_time: 0.054, memory: 6079, bbox_loss: 0.3408, cls_loss: 0.1885, loss: 0.5294, grad_norm: 1.8034
2026-06-04 17:18:39,554 - mmdet - INFO - Epoch [12][1500/1652]	lr: 1.000e-05, eta: 0:01:39, time: 0.666, data_time: 0.052, memory: 6079, bbox_loss: 0.3423, cls_loss: 0.1908, loss: 0.5331, grad_norm: 1.8683
2026-06-04 17:19:13,291 - mmdet - INFO - Epoch [12][1550/1652]	lr: 1.000e-05, eta: 0:01:06, time: 0.675, data_time: 0.051, memory: 6079, bbox_loss: 0.3544, cls_loss: 0.1889, loss: 0.5433, grad_norm: 1.6319
2026-06-04 17:19:46,466 - mmdet - INFO - Epoch [12][1600/1652]	lr: 1.000e-05, eta: 0:00:33, time: 0.663, data_time: 0.051, memory: 6079, bbox_loss: 0.3333, cls_loss: 0.1878, loss: 0.5211, grad_norm: 1.8353
2026-06-04 17:20:18,448 - mmdet - INFO - Epoch [12][1650/1652]	lr: 1.000e-05, eta: 0:00:01, time: 0.640, data_time: 0.049, memory: 6079, bbox_loss: 0.3459, cls_loss: 0.1929, loss: 0.5388, grad_norm: 1.6680
2026-06-04 17:20:19,704 - mmdet - INFO - Saving checkpoint at 12 epochs
2026-06-04 17:24:41,973 - mmdet - INFO - 
+-------------+---------+---------+---------+---------+
| classes     | AP_0.25 | AR_0.25 | AP_0.50 | AR_0.50 |
+-------------+---------+---------+---------+---------+
| bed         | 0.8958  | 0.9942  | 0.7486  | 0.8505  |
| table       | 0.5802  | 0.9774  | 0.4018  | 0.7555  |
| sofa        | 0.7467  | 0.9809  | 0.6438  | 0.8437  |
| chair       | 0.8459  | 0.9752  | 0.7287  | 0.8857  |
| toilet      | 0.9551  | 1.0000  | 0.7489  | 0.8690  |
| desk        | 0.4445  | 0.9586  | 0.2235  | 0.6562  |
| dresser     | 0.4480  | 0.9358  | 0.3784  | 0.7706  |
| night_stand | 0.7492  | 0.9765  | 0.6675  | 0.8588  |
| bookshelf   | 0.4472  | 0.9113  | 0.1720  | 0.4610  |
| bathtub     | 0.7756  | 0.9592  | 0.5891  | 0.7347  |
+-------------+---------+---------+---------+---------+
| Overall     | 0.6888  | 0.9669  | 0.5302  | 0.7686  |
+-------------+---------+---------+---------+---------+
2026-06-04 17:24:43,039 - mmdet - INFO - Exp name: tr3d-ff_sunrgbd-3d-10class.py
2026-06-04 17:24:43,039 - mmdet - INFO - Epoch(val) [12][5050]	bed_AP_0.25: 0.8958, table_AP_0.25: 0.5802, sofa_AP_0.25: 0.7467, chair_AP_0.25: 0.8459, toilet_AP_0.25: 0.9551, desk_AP_0.25: 0.4445, dresser_AP_0.25: 0.4480, night_stand_AP_0.25: 0.7492, bookshelf_AP_0.25: 0.4472, bathtub_AP_0.25: 0.7756, mAP_0.25: 0.6888, bed_rec_0.25: 0.9942, table_rec_0.25: 0.9774, sofa_rec_0.25: 0.9809, chair_rec_0.25: 0.9752, toilet_rec_0.25: 1.0000, desk_rec_0.25: 0.9586, dresser_rec_0.25: 0.9358, night_stand_rec_0.25: 0.9765, bookshelf_rec_0.25: 0.9113, bathtub_rec_0.25: 0.9592, mAR_0.25: 0.9669, bed_AP_0.50: 0.7486, table_AP_0.50: 0.4018, sofa_AP_0.50: 0.6438, chair_AP_0.50: 0.7287, toilet_AP_0.50: 0.7489, desk_AP_0.50: 0.2235, dresser_AP_0.50: 0.3784, night_stand_AP_0.50: 0.6675, bookshelf_AP_0.50: 0.1720, bathtub_AP_0.50: 0.5891, mAP_0.50: 0.5302, bed_rec_0.50: 0.8505, table_rec_0.50: 0.7555, sofa_rec_0.50: 0.8437, chair_rec_0.50: 0.8857, toilet_rec_0.50: 0.8690, desk_rec_0.50: 0.6562, dresser_rec_0.50: 0.7706, night_stand_rec_0.50: 0.8588, bookshelf_rec_0.50: 0.4610, bathtub_rec_0.50: 0.7347, mAR_0.50: 0.7686
