2026-05-29 06:57:41,750 - mmdet - INFO - Environment info:
------------------------------------------------------------
sys.platform: linux
Python: 3.9.25 (main, Nov  3 2025, 22:33:05) [GCC 11.2.0]
CUDA available: True
GPU 0: NVIDIA L40
CUDA_HOME: /usr/local/cuda-11.8
NVCC: Cuda compilation tools, release 11.8, V11.8.89
GCC: gcc (Ubuntu 11.4.0-1ubuntu1~22.04.3) 11.4.0
PyTorch: 2.0.0+cu118
PyTorch compiling details: PyTorch built with:
  - GCC 9.3
  - C++ Version: 201703
  - Intel(R) oneAPI Math Kernel Library Version 2022.2-Product Build 20220804 for Intel(R) 64 architecture applications
  - Intel(R) MKL-DNN v2.7.3 (Git Hash 6dbeffbae1f23cbbeae17adb7b5b13f1f37c080e)
  - OpenMP 201511 (a.k.a. OpenMP 4.5)
  - LAPACK is enabled (usually provided by MKL)
  - NNPACK is enabled
  - CPU capability usage: AVX2
  - CUDA Runtime 11.8
  - NVCC architecture flags: -gencode;arch=compute_37,code=sm_37;-gencode;arch=compute_50,code=sm_50;-gencode;arch=compute_60,code=sm_60;-gencode;arch=compute_70,code=sm_70;-gencode;arch=compute_75,code=sm_75;-gencode;arch=compute_80,code=sm_80;-gencode;arch=compute_86,code=sm_86;-gencode;arch=compute_90,code=sm_90
  - CuDNN 8.7
  - Magma 2.6.1
  - Build settings: BLAS_INFO=mkl, BUILD_TYPE=Release, CUDA_VERSION=11.8, CUDNN_VERSION=8.7.0, CXX_COMPILER=/opt/rh/devtoolset-9/root/usr/bin/c++, CXX_FLAGS= -D_GLIBCXX_USE_CXX11_ABI=0 -fabi-version=11 -Wno-deprecated -fvisibility-inlines-hidden -DUSE_PTHREADPOOL -DNDEBUG -DUSE_KINETO -DLIBKINETO_NOROCTRACER -DUSE_FBGEMM -DUSE_QNNPACK -DUSE_PYTORCH_QNNPACK -DUSE_XNNPACK -DSYMBOLICATE_MOBILE_DEBUG_HANDLE -O2 -fPIC -Wall -Wextra -Werror=return-type -Werror=non-virtual-dtor -Werror=bool-operation -Wnarrowing -Wno-missing-field-initializers -Wno-type-limits -Wno-array-bounds -Wno-unknown-pragmas -Wunused-local-typedefs -Wno-unused-parameter -Wno-unused-function -Wno-unused-result -Wno-strict-overflow -Wno-strict-aliasing -Wno-error=deprecated-declarations -Wno-stringop-overflow -Wno-psabi -Wno-error=pedantic -Wno-error=redundant-decls -Wno-error=old-style-cast -fdiagnostics-color=always -faligned-new -Wno-unused-but-set-variable -Wno-maybe-uninitialized -fno-math-errno -fno-trapping-math -Werror=format -Werror=cast-function-type -Wno-stringop-overflow, LAPACK_INFO=mkl, PERF_WITH_AVX=1, PERF_WITH_AVX2=1, PERF_WITH_AVX512=1, TORCH_DISABLE_GPU_ASSERTS=ON, TORCH_VERSION=2.0.0, USE_CUDA=ON, USE_CUDNN=ON, USE_EXCEPTION_PTR=1, USE_GFLAGS=OFF, USE_GLOG=OFF, USE_MKL=ON, USE_MKLDNN=ON, USE_MPI=OFF, USE_NCCL=1, USE_NNPACK=ON, USE_OPENMP=ON, USE_ROCM=OFF, 

TorchVision: 0.15.1+cu118
OpenCV: 4.8.1
MMCV: 1.6.0
MMCV Compiler: GCC 11.4
MMCV CUDA Compiler: 11.8
MMDetection: 2.25.1
MMSegmentation: 0.25.0
MMDetection3D: 1.0.0rc3+ffc9f99
spconv2.0: False
------------------------------------------------------------

2026-05-29 06:57:42,907 - mmdet - INFO - Distributed training: False
2026-05-29 06:57:44,024 - mmdet - INFO - Config:
voxel_size = 0.01
model = dict(
    type='TR3DFF3DDetector',
    img_backbone=dict(
        type='ResNet',
        depth=50,
        num_stages=4,
        out_indices=(0, 1, 2, 3),
        frozen_stages=1,
        norm_cfg=dict(type='BN', requires_grad=False),
        norm_eval=True,
        style='caffe'),
    img_neck=dict(
        type='FPN',
        in_channels=[256, 512, 1024, 2048],
        out_channels=256,
        num_outs=5),
    backbone=dict(
        type='MinkFFResNet',
        in_channels=3,
        max_channels=128,
        depth=34,
        norm='batch'),
    neck=dict(
        type='TR3DNeck', in_channels=(64, 128, 128, 128), out_channels=128),
    head=dict(
        type='FCAF3DFFHead',
        in_channels=128,
        n_reg_outs=8,
        n_classes=10,
        voxel_size=0.01,
        assigner=dict(
            type='TR3DAssigner',
            top_pts_threshold=6,
            label2level=[1, 1, 1, 0, 0, 1, 0, 0, 1, 0]),
        bbox_loss=dict(type='RotatedIoU3DLoss', mode='diou', reduction='none'),
        cls_loss=dict(type='FocalLoss', reduction='none'),
        degrade_ratio=0.9),
    voxel_size=0.01,
    train_cfg=dict(),
    test_cfg=dict(nms_pre=1000, iou_thr=0.5, score_thr=0.01))
optimizer = dict(type='AdamW', lr=0.001, weight_decay=0.0001)
optimizer_config = dict(grad_clip=dict(max_norm=10, norm_type=2))
lr_config = dict(policy='step', warmup=None, step=[8, 11])
runner = dict(type='EpochBasedRunner', max_epochs=12)
evaluation = dict(interval=12)
custom_hooks = [dict(type='EmptyCacheHook', after_iter=True)]
checkpoint_config = dict(interval=1, max_keep_ckpts=1)
log_config = dict(interval=50, hooks=[dict(type='TextLoggerHook')])
dist_params = dict(backend='nccl')
log_level = 'INFO'
work_dir = '/home/zero/USER/HEYU/tr3d/work_dirs/NN/DFF/DFF_RFDETR_FCAF3D_FFZ/2'
load_from = '/home/zero/USER/HEYU/MODEL/imvotenet_faster_rcnn_r50_fpn_2x4_sunrgbd-3d-10class_20210819_225618-62eba6ce.pth'
resume_from = None
workflow = [('train', 1)]
dataset_type = 'SUNRGBDDataset'
data_root = '/home/zero/USER/HEYU/DATA/sunrgbd_matlab/'
class_names = ('bed', 'table', 'sofa', 'chair', 'toilet', 'desk', 'dresser',
               'night_stand', 'bookshelf', 'bathtub')
img_norm_cfg = dict(
    mean=[103.53, 116.28, 123.675], std=[1.0, 1.0, 1.0], to_rgb=False)
train_pipeline = [
    dict(
        type='LoadPointsFromFile',
        coord_type='DEPTH',
        shift_height=False,
        use_color=True,
        load_dim=6,
        use_dim=[0, 1, 2, 3, 4, 5]),
    dict(type='LoadImageFromFile'),
    dict(type='LoadAnnotations3D'),
    dict(
        type='Resize',
        img_scale=[(1333, 480), (1333, 504), (1333, 528), (1333, 552),
                   (1333, 576), (1333, 600)],
        multiscale_mode='value',
        keep_ratio=True),
    dict(
        type='Normalize',
        mean=[103.53, 116.28, 123.675],
        std=[1.0, 1.0, 1.0],
        to_rgb=False),
    dict(type='Pad', size_divisor=32),
    dict(
        type='RandomFlip3D',
        sync_2d=False,
        flip_ratio_bev_horizontal=0.5,
        flip_ratio_bev_vertical=0.0),
    dict(
        type='GlobalRotScaleTrans',
        rot_range=[-0.523599, 0.523599],
        scale_ratio_range=[0.85, 1.15],
        translation_std=[0.1, 0.1, 0.1],
        shift_height=False),
    dict(
        type='DefaultFormatBundle3D',
        class_names=('bed', 'table', 'sofa', 'chair', 'toilet', 'desk',
                     'dresser', 'night_stand', 'bookshelf', 'bathtub')),
    dict(
        type='Collect3D',
        keys=['points', 'img', 'gt_bboxes_3d', 'gt_labels_3d'])
]
test_pipeline = [
    dict(
        type='LoadPointsFromFile',
        coord_type='DEPTH',
        shift_height=False,
        use_color=True,
        load_dim=6,
        use_dim=[0, 1, 2, 3, 4, 5]),
    dict(type='LoadImageFromFile'),
    dict(
        type='MultiScaleFlipAug3D',
        img_scale=(1333, 600),
        pts_scale_ratio=1,
        flip=False,
        transforms=[
            dict(type='Resize', multiscale_mode='value', keep_ratio=True),
            dict(
                type='Normalize',
                mean=[103.53, 116.28, 123.675],
                std=[1.0, 1.0, 1.0],
                to_rgb=False),
            dict(type='Pad', size_divisor=32),
            dict(
                type='DefaultFormatBundle3D',
                class_names=('bed', 'table', 'sofa', 'chair', 'toilet', 'desk',
                             'dresser', 'night_stand', 'bookshelf', 'bathtub'),
                with_label=False),
            dict(type='Collect3D', keys=['points', 'img'])
        ])
]
data = dict(
    samples_per_gpu=16,
    workers_per_gpu=4,
    train=dict(
        type='RepeatDataset',
        times=5,
        dataset=dict(
            type='SUNRGBDDataset',
            modality=dict(use_camera=True, use_lidar=True),
            data_root='/home/zero/USER/HEYU/DATA/sunrgbd_matlab/',
            ann_file=
            '/home/zero/USER/HEYU/DATA/sunrgbd_matlab/sunrgbd_infos_train.pkl',
            pipeline=[
                dict(
                    type='LoadPointsFromFile',
                    coord_type='DEPTH',
                    shift_height=False,
                    use_color=True,
                    load_dim=6,
                    use_dim=[0, 1, 2, 3, 4, 5]),
                dict(type='LoadImageFromFile'),
                dict(type='LoadAnnotations3D'),
                dict(
                    type='Resize',
                    img_scale=[(1333, 480), (1333, 504), (1333, 528),
                               (1333, 552), (1333, 576), (1333, 600)],
                    multiscale_mode='value',
                    keep_ratio=True),
                dict(
                    type='Normalize',
                    mean=[103.53, 116.28, 123.675],
                    std=[1.0, 1.0, 1.0],
                    to_rgb=False),
                dict(type='Pad', size_divisor=32),
                dict(
                    type='RandomFlip3D',
                    sync_2d=False,
                    flip_ratio_bev_horizontal=0.5,
                    flip_ratio_bev_vertical=0.0),
                dict(
                    type='GlobalRotScaleTrans',
                    rot_range=[-0.523599, 0.523599],
                    scale_ratio_range=[0.85, 1.15],
                    translation_std=[0.1, 0.1, 0.1],
                    shift_height=False),
                dict(
                    type='DefaultFormatBundle3D',
                    class_names=('bed', 'table', 'sofa', 'chair', 'toilet',
                                 'desk', 'dresser', 'night_stand', 'bookshelf',
                                 'bathtub')),
                dict(
                    type='Collect3D',
                    keys=['points', 'img', 'gt_bboxes_3d', 'gt_labels_3d'])
            ],
            filter_empty_gt=False,
            classes=('bed', 'table', 'sofa', 'chair', 'toilet', 'desk',
                     'dresser', 'night_stand', 'bookshelf', 'bathtub'),
            box_type_3d='Depth')),
    val=dict(
        type='SUNRGBDDataset',
        modality=dict(use_camera=True, use_lidar=True),
        data_root='/home/zero/USER/HEYU/DATA/sunrgbd_matlab/',
        ann_file=
        '/home/zero/USER/HEYU/DATA/sunrgbd_matlab/sunrgbd_infos_val.pkl',
        pipeline=[
            dict(
                type='LoadPointsFromFile',
                coord_type='DEPTH',
                shift_height=False,
                use_color=True,
                load_dim=6,
                use_dim=[0, 1, 2, 3, 4, 5]),
            dict(type='LoadImageFromFile'),
            dict(
                type='MultiScaleFlipAug3D',
                img_scale=(1333, 600),
                pts_scale_ratio=1,
                flip=False,
                transforms=[
                    dict(
                        type='Resize',
                        multiscale_mode='value',
                        keep_ratio=True),
                    dict(
                        type='Normalize',
                        mean=[103.53, 116.28, 123.675],
                        std=[1.0, 1.0, 1.0],
                        to_rgb=False),
                    dict(type='Pad', size_divisor=32),
                    dict(
                        type='DefaultFormatBundle3D',
                        class_names=('bed', 'table', 'sofa', 'chair', 'toilet',
                                     'desk', 'dresser', 'night_stand',
                                     'bookshelf', 'bathtub'),
                        with_label=False),
                    dict(type='Collect3D', keys=['points', 'img'])
                ])
        ],
        classes=('bed', 'table', 'sofa', 'chair', 'toilet', 'desk', 'dresser',
                 'night_stand', 'bookshelf', 'bathtub'),
        test_mode=True,
        box_type_3d='Depth'),
    test=dict(
        type='SUNRGBDDataset',
        modality=dict(use_camera=True, use_lidar=True),
        data_root='/home/zero/USER/HEYU/DATA/sunrgbd_matlab/',
        ann_file=
        '/home/zero/USER/HEYU/DATA/sunrgbd_matlab/sunrgbd_infos_val.pkl',
        pipeline=[
            dict(
                type='LoadPointsFromFile',
                coord_type='DEPTH',
                shift_height=False,
                use_color=True,
                load_dim=6,
                use_dim=[0, 1, 2, 3, 4, 5]),
            dict(type='LoadImageFromFile'),
            dict(
                type='MultiScaleFlipAug3D',
                img_scale=(1333, 600),
                pts_scale_ratio=1,
                flip=False,
                transforms=[
                    dict(
                        type='Resize',
                        multiscale_mode='value',
                        keep_ratio=True),
                    dict(
                        type='Normalize',
                        mean=[103.53, 116.28, 123.675],
                        std=[1.0, 1.0, 1.0],
                        to_rgb=False),
                    dict(type='Pad', size_divisor=32),
                    dict(
                        type='DefaultFormatBundle3D',
                        class_names=('bed', 'table', 'sofa', 'chair', 'toilet',
                                     'desk', 'dresser', 'night_stand',
                                     'bookshelf', 'bathtub'),
                        with_label=False),
                    dict(type='Collect3D', keys=['points', 'img'])
                ])
        ],
        classes=('bed', 'table', 'sofa', 'chair', 'toilet', 'desk', 'dresser',
                 'night_stand', 'bookshelf', 'bathtub'),
        test_mode=True,
        box_type_3d='Depth'))
gpu_ids = [0]

2026-05-29 06:57:44,024 - mmdet - INFO - Set random seed to 0, deterministic: False
2026-05-29 06:57:44,287 - mmdet - INFO - Model:
TR3DFF3DDetector(
  (img_backbone): ResNet(
    (conv1): Conv2d(3, 64, kernel_size=(7, 7), stride=(2, 2), padding=(3, 3), bias=False)
    (bn1): BatchNorm2d(64, eps=1e-05, momentum=0.1, affine=True, track_running_stats=True)
    (relu): ReLU(inplace=True)
    (maxpool): MaxPool2d(kernel_size=3, stride=2, padding=1, dilation=1, ceil_mode=False)
    (layer1): ResLayer(
      (0): Bottleneck(
        (conv1): Conv2d(64, 64, kernel_size=(1, 1), stride=(1, 1), bias=False)
        (bn1): BatchNorm2d(64, eps=1e-05, momentum=0.1, affine=True, track_running_stats=True)
        (conv2): Conv2d(64, 64, kernel_size=(3, 3), stride=(1, 1), padding=(1, 1), bias=False)
        (bn2): BatchNorm2d(64, eps=1e-05, momentum=0.1, affine=True, track_running_stats=True)
        (conv3): Conv2d(64, 256, kernel_size=(1, 1), stride=(1, 1), bias=False)
        (bn3): BatchNorm2d(256, eps=1e-05, momentum=0.1, affine=True, track_running_stats=True)
        (relu): ReLU(inplace=True)
        (downsample): Sequential(
          (0): Conv2d(64, 256, kernel_size=(1, 1), stride=(1, 1), bias=False)
          (1): BatchNorm2d(256, eps=1e-05, momentum=0.1, affine=True, track_running_stats=True)
        )
      )
      init_cfg={'type': 'Constant', 'val': 0, 'override': {'name': 'norm3'}}
      (1): Bottleneck(
        (conv1): Conv2d(256, 64, kernel_size=(1, 1), stride=(1, 1), bias=False)
        (bn1): BatchNorm2d(64, eps=1e-05, momentum=0.1, affine=True, track_running_stats=True)
        (conv2): Conv2d(64, 64, kernel_size=(3, 3), stride=(1, 1), padding=(1, 1), bias=False)
        (bn2): BatchNorm2d(64, eps=1e-05, momentum=0.1, affine=True, track_running_stats=True)
        (conv3): Conv2d(64, 256, kernel_size=(1, 1), stride=(1, 1), bias=False)
        (bn3): BatchNorm2d(256, eps=1e-05, momentum=0.1, affine=True, track_running_stats=True)
        (relu): ReLU(inplace=True)
      )
      init_cfg={'type': 'Constant', 'val': 0, 'override': {'name': 'norm3'}}
      (2): Bottleneck(
        (conv1): Conv2d(256, 64, kernel_size=(1, 1), stride=(1, 1), bias=False)
        (bn1): BatchNorm2d(64, eps=1e-05, momentum=0.1, affine=True, track_running_stats=True)
        (conv2): Conv2d(64, 64, kernel_size=(3, 3), stride=(1, 1), padding=(1, 1), bias=False)
        (bn2): BatchNorm2d(64, eps=1e-05, momentum=0.1, affine=True, track_running_stats=True)
        (conv3): Conv2d(64, 256, kernel_size=(1, 1), stride=(1, 1), bias=False)
        (bn3): BatchNorm2d(256, eps=1e-05, momentum=0.1, affine=True, track_running_stats=True)
        (relu): ReLU(inplace=True)
      )
      init_cfg={'type': 'Constant', 'val': 0, 'override': {'name': 'norm3'}}
    )
    (layer2): ResLayer(
      (0): Bottleneck(
        (conv1): Conv2d(256, 128, kernel_size=(1, 1), stride=(2, 2), bias=False)
        (bn1): BatchNorm2d(128, eps=1e-05, momentum=0.1, affine=True, track_running_stats=True)
        (conv2): Conv2d(128, 128, kernel_size=(3, 3), stride=(1, 1), padding=(1, 1), bias=False)
        (bn2): BatchNorm2d(128, eps=1e-05, momentum=0.1, affine=True, track_running_stats=True)
        (conv3): Conv2d(128, 512, kernel_size=(1, 1), stride=(1, 1), bias=False)
        (bn3): BatchNorm2d(512, eps=1e-05, momentum=0.1, affine=True, track_running_stats=True)
        (relu): ReLU(inplace=True)
        (downsample): Sequential(
          (0): Conv2d(256, 512, kernel_size=(1, 1), stride=(2, 2), bias=False)
          (1): BatchNorm2d(512, eps=1e-05, momentum=0.1, affine=True, track_running_stats=True)
        )
      )
      init_cfg={'type': 'Constant', 'val': 0, 'override': {'name': 'norm3'}}
      (1): Bottleneck(
        (conv1): Conv2d(512, 128, kernel_size=(1, 1), stride=(1, 1), bias=False)
        (bn1): BatchNorm2d(128, eps=1e-05, momentum=0.1, affine=True, track_running_stats=True)
        (conv2): Conv2d(128, 128, kernel_size=(3, 3), stride=(1, 1), padding=(1, 1), bias=False)
        (bn2): BatchNorm2d(128, eps=1e-05, momentum=0.1, affine=True, track_running_stats=True)
        (conv3): Conv2d(128, 512, kernel_size=(1, 1), stride=(1, 1), bias=False)
        (bn3): BatchNorm2d(512, eps=1e-05, momentum=0.1, affine=True, track_running_stats=True)
        (relu): ReLU(inplace=True)
      )
      init_cfg={'type': 'Constant', 'val': 0, 'override': {'name': 'norm3'}}
      (2): Bottleneck(
        (conv1): Conv2d(512, 128, kernel_size=(1, 1), stride=(1, 1), bias=False)
        (bn1): BatchNorm2d(128, eps=1e-05, momentum=0.1, affine=True, track_running_stats=True)
        (conv2): Conv2d(128, 128, kernel_size=(3, 3), stride=(1, 1), padding=(1, 1), bias=False)
        (bn2): BatchNorm2d(128, eps=1e-05, momentum=0.1, affine=True, track_running_stats=True)
        (conv3): Conv2d(128, 512, kernel_size=(1, 1), stride=(1, 1), bias=False)
        (bn3): BatchNorm2d(512, eps=1e-05, momentum=0.1, affine=True, track_running_stats=True)
        (relu): ReLU(inplace=True)
      )
      init_cfg={'type': 'Constant', 'val': 0, 'override': {'name': 'norm3'}}
      (3): Bottleneck(
        (conv1): Conv2d(512, 128, kernel_size=(1, 1), stride=(1, 1), bias=False)
        (bn1): BatchNorm2d(128, eps=1e-05, momentum=0.1, affine=True, track_running_stats=True)
        (conv2): Conv2d(128, 128, kernel_size=(3, 3), stride=(1, 1), padding=(1, 1), bias=False)
        (bn2): BatchNorm2d(128, eps=1e-05, momentum=0.1, affine=True, track_running_stats=True)
        (conv3): Conv2d(128, 512, kernel_size=(1, 1), stride=(1, 1), bias=False)
        (bn3): BatchNorm2d(512, eps=1e-05, momentum=0.1, affine=True, track_running_stats=True)
        (relu): ReLU(inplace=True)
      )
      init_cfg={'type': 'Constant', 'val': 0, 'override': {'name': 'norm3'}}
    )
    (layer3): ResLayer(
      (0): Bottleneck(
        (conv1): Conv2d(512, 256, kernel_size=(1, 1), stride=(2, 2), bias=False)
        (bn1): BatchNorm2d(256, eps=1e-05, momentum=0.1, affine=True, track_running_stats=True)
        (conv2): Conv2d(256, 256, kernel_size=(3, 3), stride=(1, 1), padding=(1, 1), bias=False)
        (bn2): BatchNorm2d(256, eps=1e-05, momentum=0.1, affine=True, track_running_stats=True)
        (conv3): Conv2d(256, 1024, kernel_size=(1, 1), stride=(1, 1), bias=False)
        (bn3): BatchNorm2d(1024, eps=1e-05, momentum=0.1, affine=True, track_running_stats=True)
        (relu): ReLU(inplace=True)
        (downsample): Sequential(
          (0): Conv2d(512, 1024, kernel_size=(1, 1), stride=(2, 2), bias=False)
          (1): BatchNorm2d(1024, eps=1e-05, momentum=0.1, affine=True, track_running_stats=True)
        )
      )
      init_cfg={'type': 'Constant', 'val': 0, 'override': {'name': 'norm3'}}
      (1): Bottleneck(
        (conv1): Conv2d(1024, 256, kernel_size=(1, 1), stride=(1, 1), bias=False)
        (bn1): BatchNorm2d(256, eps=1e-05, momentum=0.1, affine=True, track_running_stats=True)
        (conv2): Conv2d(256, 256, kernel_size=(3, 3), stride=(1, 1), padding=(1, 1), bias=False)
        (bn2): BatchNorm2d(256, eps=1e-05, momentum=0.1, affine=True, track_running_stats=True)
        (conv3): Conv2d(256, 1024, kernel_size=(1, 1), stride=(1, 1), bias=False)
        (bn3): BatchNorm2d(1024, eps=1e-05, momentum=0.1, affine=True, track_running_stats=True)
        (relu): ReLU(inplace=True)
      )
      init_cfg={'type': 'Constant', 'val': 0, 'override': {'name': 'norm3'}}
      (2): Bottleneck(
        (conv1): Conv2d(1024, 256, kernel_size=(1, 1), stride=(1, 1), bias=False)
        (bn1): BatchNorm2d(256, eps=1e-05, momentum=0.1, affine=True, track_running_stats=True)
        (conv2): Conv2d(256, 256, kernel_size=(3, 3), stride=(1, 1), padding=(1, 1), bias=False)
        (bn2): BatchNorm2d(256, eps=1e-05, momentum=0.1, affine=True, track_running_stats=True)
        (conv3): Conv2d(256, 1024, kernel_size=(1, 1), stride=(1, 1), bias=False)
        (bn3): BatchNorm2d(1024, eps=1e-05, momentum=0.1, affine=True, track_running_stats=True)
        (relu): ReLU(inplace=True)
      )
      init_cfg={'type': 'Constant', 'val': 0, 'override': {'name': 'norm3'}}
      (3): Bottleneck(
        (conv1): Conv2d(1024, 256, kernel_size=(1, 1), stride=(1, 1), bias=False)
        (bn1): BatchNorm2d(256, eps=1e-05, momentum=0.1, affine=True, track_running_stats=True)
        (conv2): Conv2d(256, 256, kernel_size=(3, 3), stride=(1, 1), padding=(1, 1), bias=False)
        (bn2): BatchNorm2d(256, eps=1e-05, momentum=0.1, affine=True, track_running_stats=True)
        (conv3): Conv2d(256, 1024, kernel_size=(1, 1), stride=(1, 1), bias=False)
        (bn3): BatchNorm2d(1024, eps=1e-05, momentum=0.1, affine=True, track_running_stats=True)
        (relu): ReLU(inplace=True)
      )
      init_cfg={'type': 'Constant', 'val': 0, 'override': {'name': 'norm3'}}
      (4): Bottleneck(
        (conv1): Conv2d(1024, 256, kernel_size=(1, 1), stride=(1, 1), bias=False)
        (bn1): BatchNorm2d(256, eps=1e-05, momentum=0.1, affine=True, track_running_stats=True)
        (conv2): Conv2d(256, 256, kernel_size=(3, 3), stride=(1, 1), padding=(1, 1), bias=False)
        (bn2): BatchNorm2d(256, eps=1e-05, momentum=0.1, affine=True, track_running_stats=True)
        (conv3): Conv2d(256, 1024, kernel_size=(1, 1), stride=(1, 1), bias=False)
        (bn3): BatchNorm2d(1024, eps=1e-05, momentum=0.1, affine=True, track_running_stats=True)
        (relu): ReLU(inplace=True)
      )
      init_cfg={'type': 'Constant', 'val': 0, 'override': {'name': 'norm3'}}
      (5): Bottleneck(
        (conv1): Conv2d(1024, 256, kernel_size=(1, 1), stride=(1, 1), bias=False)
        (bn1): BatchNorm2d(256, eps=1e-05, momentum=0.1, affine=True, track_running_stats=True)
        (conv2): Conv2d(256, 256, kernel_size=(3, 3), stride=(1, 1), padding=(1, 1), bias=False)
        (bn2): BatchNorm2d(256, eps=1e-05, momentum=0.1, affine=True, track_running_stats=True)
        (conv3): Conv2d(256, 1024, kernel_size=(1, 1), stride=(1, 1), bias=False)
        (bn3): BatchNorm2d(1024, eps=1e-05, momentum=0.1, affine=True, track_running_stats=True)
        (relu): ReLU(inplace=True)
      )
      init_cfg={'type': 'Constant', 'val': 0, 'override': {'name': 'norm3'}}
    )
    (layer4): ResLayer(
      (0): Bottleneck(
        (conv1): Conv2d(1024, 512, kernel_size=(1, 1), stride=(2, 2), bias=False)
        (bn1): BatchNorm2d(512, eps=1e-05, momentum=0.1, affine=True, track_running_stats=True)
        (conv2): Conv2d(512, 512, kernel_size=(3, 3), stride=(1, 1), padding=(1, 1), bias=False)
        (bn2): BatchNorm2d(512, eps=1e-05, momentum=0.1, affine=True, track_running_stats=True)
        (conv3): Conv2d(512, 2048, kernel_size=(1, 1), stride=(1, 1), bias=False)
        (bn3): BatchNorm2d(2048, eps=1e-05, momentum=0.1, affine=True, track_running_stats=True)
        (relu): ReLU(inplace=True)
        (downsample): Sequential(
          (0): Conv2d(1024, 2048, kernel_size=(1, 1), stride=(2, 2), bias=False)
          (1): BatchNorm2d(2048, eps=1e-05, momentum=0.1, affine=True, track_running_stats=True)
        )
      )
      init_cfg={'type': 'Constant', 'val': 0, 'override': {'name': 'norm3'}}
      (1): Bottleneck(
        (conv1): Conv2d(2048, 512, kernel_size=(1, 1), stride=(1, 1), bias=False)
        (bn1): BatchNorm2d(512, eps=1e-05, momentum=0.1, affine=True, track_running_stats=True)
        (conv2): Conv2d(512, 512, kernel_size=(3, 3), stride=(1, 1), padding=(1, 1), bias=False)
        (bn2): BatchNorm2d(512, eps=1e-05, momentum=0.1, affine=True, track_running_stats=True)
        (conv3): Conv2d(512, 2048, kernel_size=(1, 1), stride=(1, 1), bias=False)
        (bn3): BatchNorm2d(2048, eps=1e-05, momentum=0.1, affine=True, track_running_stats=True)
        (relu): ReLU(inplace=True)
      )
      init_cfg={'type': 'Constant', 'val': 0, 'override': {'name': 'norm3'}}
      (2): Bottleneck(
        (conv1): Conv2d(2048, 512, kernel_size=(1, 1), stride=(1, 1), bias=False)
        (bn1): BatchNorm2d(512, eps=1e-05, momentum=0.1, affine=True, track_running_stats=True)
        (conv2): Conv2d(512, 512, kernel_size=(3, 3), stride=(1, 1), padding=(1, 1), bias=False)
        (bn2): BatchNorm2d(512, eps=1e-05, momentum=0.1, affine=True, track_running_stats=True)
        (conv3): Conv2d(512, 2048, kernel_size=(1, 1), stride=(1, 1), bias=False)
        (bn3): BatchNorm2d(2048, eps=1e-05, momentum=0.1, affine=True, track_running_stats=True)
        (relu): ReLU(inplace=True)
      )
      init_cfg={'type': 'Constant', 'val': 0, 'override': {'name': 'norm3'}}
    )
  )
  init_cfg=[{'type': 'Kaiming', 'layer': 'Conv2d'}, {'type': 'Constant', 'val': 1, 'layer': ['_BatchNorm', 'GroupNorm']}]
  (img_neck): FPN(
    (lateral_convs): ModuleList(
      (0): ConvModule(
        (conv): Conv2d(256, 256, kernel_size=(1, 1), stride=(1, 1))
      )
      (1): ConvModule(
        (conv): Conv2d(512, 256, kernel_size=(1, 1), stride=(1, 1))
      )
      (2): ConvModule(
        (conv): Conv2d(1024, 256, kernel_size=(1, 1), stride=(1, 1))
      )
      (3): ConvModule(
        (conv): Conv2d(2048, 256, kernel_size=(1, 1), stride=(1, 1))
      )
    )
    (fpn_convs): ModuleList(
      (0-3): 4 x ConvModule(
        (conv): Conv2d(256, 256, kernel_size=(3, 3), stride=(1, 1), padding=(1, 1))
      )
    )
  )
  init_cfg={'type': 'Xavier', 'layer': 'Conv2d', 'distribution': 'uniform'}
  (backbone): MinkFFResNet(
    (conv1): MinkowskiConvolution(in=3, out=64, kernel_size=[3, 3, 3], stride=[2, 2, 2], dilation=[1, 1, 1])
    (norm1): MinkowskiBatchNorm(64, eps=1e-05, momentum=0.1, affine=True, track_running_stats=True)
    (relu): MinkowskiReLU()
    (maxpool): MinkowskiMaxPooling(kernel_size=[2, 2, 2], stride=[2, 2, 2], dilation=[1, 1, 1])
    (layer1): Sequential(
      (0): BasicBlock(
        (conv1): MinkowskiConvolution(in=64, out=64, kernel_size=[3, 3, 3], stride=[2, 2, 2], dilation=[1, 1, 1])
        (norm1): MinkowskiBatchNorm(64, eps=1e-05, momentum=0.1, affine=True, track_running_stats=True)
        (conv2): MinkowskiConvolution(in=64, out=64, kernel_size=[3, 3, 3], stride=[1, 1, 1], dilation=[1, 1, 1])
        (norm2): MinkowskiBatchNorm(64, eps=1e-05, momentum=0.1, affine=True, track_running_stats=True)
        (relu): MinkowskiReLU()
        (downsample): Sequential(
          (0): MinkowskiConvolution(in=64, out=64, kernel_size=[1, 1, 1], stride=[2, 2, 2], dilation=[1, 1, 1])
          (1): MinkowskiBatchNorm(64, eps=1e-05, momentum=0.1, affine=True, track_running_stats=True)
        )
      )
      (1): BasicBlock(
        (conv1): MinkowskiConvolution(in=64, out=64, kernel_size=[3, 3, 3], stride=[1, 1, 1], dilation=[1, 1, 1])
        (norm1): MinkowskiBatchNorm(64, eps=1e-05, momentum=0.1, affine=True, track_running_stats=True)
        (conv2): MinkowskiConvolution(in=64, out=64, kernel_size=[3, 3, 3], stride=[1, 1, 1], dilation=[1, 1, 1])
        (norm2): MinkowskiBatchNorm(64, eps=1e-05, momentum=0.1, affine=True, track_running_stats=True)
        (relu): MinkowskiReLU()
      )
      (2): BasicBlock(
        (conv1): MinkowskiConvolution(in=64, out=64, kernel_size=[3, 3, 3], stride=[1, 1, 1], dilation=[1, 1, 1])
        (norm1): MinkowskiBatchNorm(64, eps=1e-05, momentum=0.1, affine=True, track_running_stats=True)
        (conv2): MinkowskiConvolution(in=64, out=64, kernel_size=[3, 3, 3], stride=[1, 1, 1], dilation=[1, 1, 1])
        (norm2): MinkowskiBatchNorm(64, eps=1e-05, momentum=0.1, affine=True, track_running_stats=True)
        (relu): MinkowskiReLU()
      )
    )
    (layer2): Sequential(
      (0): BasicBlock(
        (conv1): MinkowskiConvolution(in=64, out=128, kernel_size=[3, 3, 3], stride=[2, 2, 2], dilation=[1, 1, 1])
        (norm1): MinkowskiBatchNorm(128, eps=1e-05, momentum=0.1, affine=True, track_running_stats=True)
        (conv2): MinkowskiConvolution(in=128, out=128, kernel_size=[3, 3, 3], stride=[1, 1, 1], dilation=[1, 1, 1])
        (norm2): MinkowskiBatchNorm(128, eps=1e-05, momentum=0.1, affine=True, track_running_stats=True)
        (relu): MinkowskiReLU()
        (downsample): Sequential(
          (0): MinkowskiConvolution(in=64, out=128, kernel_size=[1, 1, 1], stride=[2, 2, 2], dilation=[1, 1, 1])
          (1): MinkowskiBatchNorm(128, eps=1e-05, momentum=0.1, affine=True, track_running_stats=True)
        )
      )
      (1): BasicBlock(
        (conv1): MinkowskiConvolution(in=128, out=128, kernel_size=[3, 3, 3], stride=[1, 1, 1], dilation=[1, 1, 1])
        (norm1): MinkowskiBatchNorm(128, eps=1e-05, momentum=0.1, affine=True, track_running_stats=True)
        (conv2): MinkowskiConvolution(in=128, out=128, kernel_size=[3, 3, 3], stride=[1, 1, 1], dilation=[1, 1, 1])
        (norm2): MinkowskiBatchNorm(128, eps=1e-05, momentum=0.1, affine=True, track_running_stats=True)
        (relu): MinkowskiReLU()
      )
      (2): BasicBlock(
        (conv1): MinkowskiConvolution(in=128, out=128, kernel_size=[3, 3, 3], stride=[1, 1, 1], dilation=[1, 1, 1])
        (norm1): MinkowskiBatchNorm(128, eps=1e-05, momentum=0.1, affine=True, track_running_stats=True)
        (conv2): MinkowskiConvolution(in=128, out=128, kernel_size=[3, 3, 3], stride=[1, 1, 1], dilation=[1, 1, 1])
        (norm2): MinkowskiBatchNorm(128, eps=1e-05, momentum=0.1, affine=True, track_running_stats=True)
        (relu): MinkowskiReLU()
      )
      (3): BasicBlock(
        (conv1): MinkowskiConvolution(in=128, out=128, kernel_size=[3, 3, 3], stride=[1, 1, 1], dilation=[1, 1, 1])
        (norm1): MinkowskiBatchNorm(128, eps=1e-05, momentum=0.1, affine=True, track_running_stats=True)
        (conv2): MinkowskiConvolution(in=128, out=128, kernel_size=[3, 3, 3], stride=[1, 1, 1], dilation=[1, 1, 1])
        (norm2): MinkowskiBatchNorm(128, eps=1e-05, momentum=0.1, affine=True, track_running_stats=True)
        (relu): MinkowskiReLU()
      )
    )
    (layer3): Sequential(
      (0): BasicBlock(
        (conv1): MinkowskiConvolution(in=128, out=128, kernel_size=[3, 3, 3], stride=[2, 2, 2], dilation=[1, 1, 1])
        (norm1): MinkowskiBatchNorm(128, eps=1e-05, momentum=0.1, affine=True, track_running_stats=True)
        (conv2): MinkowskiConvolution(in=128, out=128, kernel_size=[3, 3, 3], stride=[1, 1, 1], dilation=[1, 1, 1])
        (norm2): MinkowskiBatchNorm(128, eps=1e-05, momentum=0.1, affine=True, track_running_stats=True)
        (relu): MinkowskiReLU()
        (downsample): Sequential(
          (0): MinkowskiConvolution(in=128, out=128, kernel_size=[1, 1, 1], stride=[2, 2, 2], dilation=[1, 1, 1])
          (1): MinkowskiBatchNorm(128, eps=1e-05, momentum=0.1, affine=True, track_running_stats=True)
        )
      )
      (1): BasicBlock(
        (conv1): MinkowskiConvolution(in=128, out=128, kernel_size=[3, 3, 3], stride=[1, 1, 1], dilation=[1, 1, 1])
        (norm1): MinkowskiBatchNorm(128, eps=1e-05, momentum=0.1, affine=True, track_running_stats=True)
        (conv2): MinkowskiConvolution(in=128, out=128, kernel_size=[3, 3, 3], stride=[1, 1, 1], dilation=[1, 1, 1])
        (norm2): MinkowskiBatchNorm(128, eps=1e-05, momentum=0.1, affine=True, track_running_stats=True)
        (relu): MinkowskiReLU()
      )
      (2): BasicBlock(
        (conv1): MinkowskiConvolution(in=128, out=128, kernel_size=[3, 3, 3], stride=[1, 1, 1], dilation=[1, 1, 1])
        (norm1): MinkowskiBatchNorm(128, eps=1e-05, momentum=0.1, affine=True, track_running_stats=True)
        (conv2): MinkowskiConvolution(in=128, out=128, kernel_size=[3, 3, 3], stride=[1, 1, 1], dilation=[1, 1, 1])
        (norm2): MinkowskiBatchNorm(128, eps=1e-05, momentum=0.1, affine=True, track_running_stats=True)
        (relu): MinkowskiReLU()
      )
      (3): BasicBlock(
        (conv1): MinkowskiConvolution(in=128, out=128, kernel_size=[3, 3, 3], stride=[1, 1, 1], dilation=[1, 1, 1])
        (norm1): MinkowskiBatchNorm(128, eps=1e-05, momentum=0.1, affine=True, track_running_stats=True)
        (conv2): MinkowskiConvolution(in=128, out=128, kernel_size=[3, 3, 3], stride=[1, 1, 1], dilation=[1, 1, 1])
        (norm2): MinkowskiBatchNorm(128, eps=1e-05, momentum=0.1, affine=True, track_running_stats=True)
        (relu): MinkowskiReLU()
      )
      (4): BasicBlock(
        (conv1): MinkowskiConvolution(in=128, out=128, kernel_size=[3, 3, 3], stride=[1, 1, 1], dilation=[1, 1, 1])
        (norm1): MinkowskiBatchNorm(128, eps=1e-05, momentum=0.1, affine=True, track_running_stats=True)
        (conv2): MinkowskiConvolution(in=128, out=128, kernel_size=[3, 3, 3], stride=[1, 1, 1], dilation=[1, 1, 1])
        (norm2): MinkowskiBatchNorm(128, eps=1e-05, momentum=0.1, affine=True, track_running_stats=True)
        (relu): MinkowskiReLU()
      )
      (5): BasicBlock(
        (conv1): MinkowskiConvolution(in=128, out=128, kernel_size=[3, 3, 3], stride=[1, 1, 1], dilation=[1, 1, 1])
        (norm1): MinkowskiBatchNorm(128, eps=1e-05, momentum=0.1, affine=True, track_running_stats=True)
        (conv2): MinkowskiConvolution(in=128, out=128, kernel_size=[3, 3, 3], stride=[1, 1, 1], dilation=[1, 1, 1])
        (norm2): MinkowskiBatchNorm(128, eps=1e-05, momentum=0.1, affine=True, track_running_stats=True)
        (relu): MinkowskiReLU()
      )
    )
    (layer4): Sequential(
      (0): BasicBlock(
        (conv1): MinkowskiConvolution(in=128, out=128, kernel_size=[3, 3, 3], stride=[2, 2, 2], dilation=[1, 1, 1])
        (norm1): MinkowskiBatchNorm(128, eps=1e-05, momentum=0.1, affine=True, track_running_stats=True)
        (conv2): MinkowskiConvolution(in=128, out=128, kernel_size=[3, 3, 3], stride=[1, 1, 1], dilation=[1, 1, 1])
        (norm2): MinkowskiBatchNorm(128, eps=1e-05, momentum=0.1, affine=True, track_running_stats=True)
        (relu): MinkowskiReLU()
        (downsample): Sequential(
          (0): MinkowskiConvolution(in=128, out=128, kernel_size=[1, 1, 1], stride=[2, 2, 2], dilation=[1, 1, 1])
          (1): MinkowskiBatchNorm(128, eps=1e-05, momentum=0.1, affine=True, track_running_stats=True)
        )
      )
      (1): BasicBlock(
        (conv1): MinkowskiConvolution(in=128, out=128, kernel_size=[3, 3, 3], stride=[1, 1, 1], dilation=[1, 1, 1])
        (norm1): MinkowskiBatchNorm(128, eps=1e-05, momentum=0.1, affine=True, track_running_stats=True)
        (conv2): MinkowskiConvolution(in=128, out=128, kernel_size=[3, 3, 3], stride=[1, 1, 1], dilation=[1, 1, 1])
        (norm2): MinkowskiBatchNorm(128, eps=1e-05, momentum=0.1, affine=True, track_running_stats=True)
        (relu): MinkowskiReLU()
      )
      (2): BasicBlock(
        (conv1): MinkowskiConvolution(in=128, out=128, kernel_size=[3, 3, 3], stride=[1, 1, 1], dilation=[1, 1, 1])
        (norm1): MinkowskiBatchNorm(128, eps=1e-05, momentum=0.1, affine=True, track_running_stats=True)
        (conv2): MinkowskiConvolution(in=128, out=128, kernel_size=[3, 3, 3], stride=[1, 1, 1], dilation=[1, 1, 1])
        (norm2): MinkowskiBatchNorm(128, eps=1e-05, momentum=0.1, affine=True, track_running_stats=True)
        (relu): MinkowskiReLU()
      )
    )
  )
  (neck): TR3DNeck(
    (lateral_block_0): Sequential(
      (0): MinkowskiConvolution(in=128, out=128, kernel_size=[3, 3, 3], stride=[1, 1, 1], dilation=[1, 1, 1])
      (1): MinkowskiBatchNorm(128, eps=1e-05, momentum=0.1, affine=True, track_running_stats=True)
      (2): MinkowskiReLU()
    )
    (out_block_0): Sequential(
      (0): MinkowskiConvolution(in=128, out=128, kernel_size=[3, 3, 3], stride=[1, 1, 1], dilation=[1, 1, 1])
      (1): MinkowskiBatchNorm(128, eps=1e-05, momentum=0.1, affine=True, track_running_stats=True)
      (2): MinkowskiReLU()
    )
    (up_block_1): Sequential(
      (0): MinkowskiGenerativeConvolutionTranspose(in=128, out=128, kernel_size=[3, 3, 3], stride=[2, 2, 2], dilation=[1, 1, 1])
      (1): MinkowskiBatchNorm(128, eps=1e-05, momentum=0.1, affine=True, track_running_stats=True)
      (2): MinkowskiReLU()
    )
    (lateral_block_1): Sequential(
      (0): MinkowskiConvolution(in=128, out=128, kernel_size=[3, 3, 3], stride=[1, 1, 1], dilation=[1, 1, 1])
      (1): MinkowskiBatchNorm(128, eps=1e-05, momentum=0.1, affine=True, track_running_stats=True)
      (2): MinkowskiReLU()
    )
    (out_block_1): Sequential(
      (0): MinkowskiConvolution(in=128, out=128, kernel_size=[3, 3, 3], stride=[1, 1, 1], dilation=[1, 1, 1])
      (1): MinkowskiBatchNorm(128, eps=1e-05, momentum=0.1, affine=True, track_running_stats=True)
      (2): MinkowskiReLU()
    )
    (up_block_2): Sequential(
      (0): MinkowskiGenerativeConvolutionTranspose(in=128, out=128, kernel_size=[3, 3, 3], stride=[2, 2, 2], dilation=[1, 1, 1])
      (1): MinkowskiBatchNorm(128, eps=1e-05, momentum=0.1, affine=True, track_running_stats=True)
      (2): MinkowskiReLU()
    )
  )
  (head): FCAF3DFFHead(
    (bbox_loss): RotatedIoU3DLoss()
    (cls_loss): FocalLoss()
    (out_block): Sequential(
      (0): MinkowskiConvolution(in=128, out=128, kernel_size=[3, 3, 3], stride=[1, 1, 1], dilation=[1, 1, 1])
      (1): MinkowskiBatchNorm(128, eps=1e-05, momentum=0.1, affine=True, track_running_stats=True)
      (2): MinkowskiELU()
    )
    (bbox_conv): MinkowskiConvolution(in=128, out=8, kernel_size=[1, 1, 1], stride=[1, 1, 1], dilation=[1, 1, 1])
    (cls_conv): MinkowskiConvolution(in=128, out=10, kernel_size=[1, 1, 1], stride=[1, 1, 1], dilation=[1, 1, 1])
  )
  (conv): Sequential(
    (0): MinkowskiConvolution(in=256, out=64, kernel_size=[1, 1, 1], stride=[1, 1, 1], dilation=[1, 1, 1])
    (1): MinkowskiBatchNorm(64, eps=1e-05, momentum=0.1, affine=True, track_running_stats=True)
    (2): MinkowskiReLU()
  )
  (keep_ratio_predictor_MLPNET): KeepRatioPredictorMLPNet(
    (net): Sequential(
      (0): Linear(in_features=6, out_features=128, bias=True)
      (1): ReLU()
      (2): Linear(in_features=128, out_features=2, bias=True)
      (3): Tanh()
    )
  )
)
2026-05-29 06:57:45,657 - mmdet - INFO - load checkpoint from local path: /home/zero/USER/HEYU/MODEL/imvotenet_faster_rcnn_r50_fpn_2x4_sunrgbd-3d-10class_20210819_225618-62eba6ce.pth
2026-05-29 06:57:45,755 - mmdet - WARNING - The model and loaded state dict do not match exactly

unexpected key in source state_dict: img_rpn_head.rpn_conv.weight, img_rpn_head.rpn_conv.bias, img_rpn_head.rpn_cls.weight, img_rpn_head.rpn_cls.bias, img_rpn_head.rpn_reg.weight, img_rpn_head.rpn_reg.bias, img_roi_head.bbox_head.fc_cls.weight, img_roi_head.bbox_head.fc_cls.bias, img_roi_head.bbox_head.fc_reg.weight, img_roi_head.bbox_head.fc_reg.bias, img_roi_head.bbox_head.shared_fcs.0.weight, img_roi_head.bbox_head.shared_fcs.0.bias, img_roi_head.bbox_head.shared_fcs.1.weight, img_roi_head.bbox_head.shared_fcs.1.bias

missing keys in source state_dict: backbone.conv1.kernel, backbone.norm1.bn.weight, backbone.norm1.bn.bias, backbone.norm1.bn.running_mean, backbone.norm1.bn.running_var, backbone.layer1.0.conv1.kernel, backbone.layer1.0.norm1.bn.weight, backbone.layer1.0.norm1.bn.bias, backbone.layer1.0.norm1.bn.running_mean, backbone.layer1.0.norm1.bn.running_var, backbone.layer1.0.conv2.kernel, backbone.layer1.0.norm2.bn.weight, backbone.layer1.0.norm2.bn.bias, backbone.layer1.0.norm2.bn.running_mean, backbone.layer1.0.norm2.bn.running_var, backbone.layer1.0.downsample.0.kernel, backbone.layer1.0.downsample.1.bn.weight, backbone.layer1.0.downsample.1.bn.bias, backbone.layer1.0.downsample.1.bn.running_mean, backbone.layer1.0.downsample.1.bn.running_var, backbone.layer1.1.conv1.kernel, backbone.layer1.1.norm1.bn.weight, backbone.layer1.1.norm1.bn.bias, backbone.layer1.1.norm1.bn.running_mean, backbone.layer1.1.norm1.bn.running_var, backbone.layer1.1.conv2.kernel, backbone.layer1.1.norm2.bn.weight, backbone.layer1.1.norm2.bn.bias, backbone.layer1.1.norm2.bn.running_mean, backbone.layer1.1.norm2.bn.running_var, backbone.layer1.2.conv1.kernel, backbone.layer1.2.norm1.bn.weight, backbone.layer1.2.norm1.bn.bias, backbone.layer1.2.norm1.bn.running_mean, backbone.layer1.2.norm1.bn.running_var, backbone.layer1.2.conv2.kernel, backbone.layer1.2.norm2.bn.weight, backbone.layer1.2.norm2.bn.bias, backbone.layer1.2.norm2.bn.running_mean, backbone.layer1.2.norm2.bn.running_var, backbone.layer2.0.conv1.kernel, backbone.layer2.0.norm1.bn.weight, backbone.layer2.0.norm1.bn.bias, backbone.layer2.0.norm1.bn.running_mean, backbone.layer2.0.norm1.bn.running_var, backbone.layer2.0.conv2.kernel, backbone.layer2.0.norm2.bn.weight, backbone.layer2.0.norm2.bn.bias, backbone.layer2.0.norm2.bn.running_mean, backbone.layer2.0.norm2.bn.running_var, backbone.layer2.0.downsample.0.kernel, backbone.layer2.0.downsample.1.bn.weight, backbone.layer2.0.downsample.1.bn.bias, backbone.layer2.0.downsample.1.bn.running_mean, backbone.layer2.0.downsample.1.bn.running_var, backbone.layer2.1.conv1.kernel, backbone.layer2.1.norm1.bn.weight, backbone.layer2.1.norm1.bn.bias, backbone.layer2.1.norm1.bn.running_mean, backbone.layer2.1.norm1.bn.running_var, backbone.layer2.1.conv2.kernel, backbone.layer2.1.norm2.bn.weight, backbone.layer2.1.norm2.bn.bias, backbone.layer2.1.norm2.bn.running_mean, backbone.layer2.1.norm2.bn.running_var, backbone.layer2.2.conv1.kernel, backbone.layer2.2.norm1.bn.weight, backbone.layer2.2.norm1.bn.bias, backbone.layer2.2.norm1.bn.running_mean, backbone.layer2.2.norm1.bn.running_var, backbone.layer2.2.conv2.kernel, backbone.layer2.2.norm2.bn.weight, backbone.layer2.2.norm2.bn.bias, backbone.layer2.2.norm2.bn.running_mean, backbone.layer2.2.norm2.bn.running_var, backbone.layer2.3.conv1.kernel, backbone.layer2.3.norm1.bn.weight, backbone.layer2.3.norm1.bn.bias, backbone.layer2.3.norm1.bn.running_mean, backbone.layer2.3.norm1.bn.running_var, backbone.layer2.3.conv2.kernel, backbone.layer2.3.norm2.bn.weight, backbone.layer2.3.norm2.bn.bias, backbone.layer2.3.norm2.bn.running_mean, backbone.layer2.3.norm2.bn.running_var, backbone.layer3.0.conv1.kernel, backbone.layer3.0.norm1.bn.weight, backbone.layer3.0.norm1.bn.bias, backbone.layer3.0.norm1.bn.running_mean, backbone.layer3.0.norm1.bn.running_var, backbone.layer3.0.conv2.kernel, backbone.layer3.0.norm2.bn.weight, backbone.layer3.0.norm2.bn.bias, backbone.layer3.0.norm2.bn.running_mean, backbone.layer3.0.norm2.bn.running_var, backbone.layer3.0.downsample.0.kernel, backbone.layer3.0.downsample.1.bn.weight, backbone.layer3.0.downsample.1.bn.bias, backbone.layer3.0.downsample.1.bn.running_mean, backbone.layer3.0.downsample.1.bn.running_var, backbone.layer3.1.conv1.kernel, backbone.layer3.1.norm1.bn.weight, backbone.layer3.1.norm1.bn.bias, backbone.layer3.1.norm1.bn.running_mean, backbone.layer3.1.norm1.bn.running_var, backbone.layer3.1.conv2.kernel, backbone.layer3.1.norm2.bn.weight, backbone.layer3.1.norm2.bn.bias, backbone.layer3.1.norm2.bn.running_mean, backbone.layer3.1.norm2.bn.running_var, backbone.layer3.2.conv1.kernel, backbone.layer3.2.norm1.bn.weight, backbone.layer3.2.norm1.bn.bias, backbone.layer3.2.norm1.bn.running_mean, backbone.layer3.2.norm1.bn.running_var, backbone.layer3.2.conv2.kernel, backbone.layer3.2.norm2.bn.weight, backbone.layer3.2.norm2.bn.bias, backbone.layer3.2.norm2.bn.running_mean, backbone.layer3.2.norm2.bn.running_var, backbone.layer3.3.conv1.kernel, backbone.layer3.3.norm1.bn.weight, backbone.layer3.3.norm1.bn.bias, backbone.layer3.3.norm1.bn.running_mean, backbone.layer3.3.norm1.bn.running_var, backbone.layer3.3.conv2.kernel, backbone.layer3.3.norm2.bn.weight, backbone.layer3.3.norm2.bn.bias, backbone.layer3.3.norm2.bn.running_mean, backbone.layer3.3.norm2.bn.running_var, backbone.layer3.4.conv1.kernel, backbone.layer3.4.norm1.bn.weight, backbone.layer3.4.norm1.bn.bias, backbone.layer3.4.norm1.bn.running_mean, backbone.layer3.4.norm1.bn.running_var, backbone.layer3.4.conv2.kernel, backbone.layer3.4.norm2.bn.weight, backbone.layer3.4.norm2.bn.bias, backbone.layer3.4.norm2.bn.running_mean, backbone.layer3.4.norm2.bn.running_var, backbone.layer3.5.conv1.kernel, backbone.layer3.5.norm1.bn.weight, backbone.layer3.5.norm1.bn.bias, backbone.layer3.5.norm1.bn.running_mean, backbone.layer3.5.norm1.bn.running_var, backbone.layer3.5.conv2.kernel, backbone.layer3.5.norm2.bn.weight, backbone.layer3.5.norm2.bn.bias, backbone.layer3.5.norm2.bn.running_mean, backbone.layer3.5.norm2.bn.running_var, backbone.layer4.0.conv1.kernel, backbone.layer4.0.norm1.bn.weight, backbone.layer4.0.norm1.bn.bias, backbone.layer4.0.norm1.bn.running_mean, backbone.layer4.0.norm1.bn.running_var, backbone.layer4.0.conv2.kernel, backbone.layer4.0.norm2.bn.weight, backbone.layer4.0.norm2.bn.bias, backbone.layer4.0.norm2.bn.running_mean, backbone.layer4.0.norm2.bn.running_var, backbone.layer4.0.downsample.0.kernel, backbone.layer4.0.downsample.1.bn.weight, backbone.layer4.0.downsample.1.bn.bias, backbone.layer4.0.downsample.1.bn.running_mean, backbone.layer4.0.downsample.1.bn.running_var, backbone.layer4.1.conv1.kernel, backbone.layer4.1.norm1.bn.weight, backbone.layer4.1.norm1.bn.bias, backbone.layer4.1.norm1.bn.running_mean, backbone.layer4.1.norm1.bn.running_var, backbone.layer4.1.conv2.kernel, backbone.layer4.1.norm2.bn.weight, backbone.layer4.1.norm2.bn.bias, backbone.layer4.1.norm2.bn.running_mean, backbone.layer4.1.norm2.bn.running_var, backbone.layer4.2.conv1.kernel, backbone.layer4.2.norm1.bn.weight, backbone.layer4.2.norm1.bn.bias, backbone.layer4.2.norm1.bn.running_mean, backbone.layer4.2.norm1.bn.running_var, backbone.layer4.2.conv2.kernel, backbone.layer4.2.norm2.bn.weight, backbone.layer4.2.norm2.bn.bias, backbone.layer4.2.norm2.bn.running_mean, backbone.layer4.2.norm2.bn.running_var, neck.lateral_block_0.0.kernel, neck.lateral_block_0.1.bn.weight, neck.lateral_block_0.1.bn.bias, neck.lateral_block_0.1.bn.running_mean, neck.lateral_block_0.1.bn.running_var, neck.out_block_0.0.kernel, neck.out_block_0.1.bn.weight, neck.out_block_0.1.bn.bias, neck.out_block_0.1.bn.running_mean, neck.out_block_0.1.bn.running_var, neck.up_block_1.0.kernel, neck.up_block_1.1.bn.weight, neck.up_block_1.1.bn.bias, neck.up_block_1.1.bn.running_mean, neck.up_block_1.1.bn.running_var, neck.lateral_block_1.0.kernel, neck.lateral_block_1.1.bn.weight, neck.lateral_block_1.1.bn.bias, neck.lateral_block_1.1.bn.running_mean, neck.lateral_block_1.1.bn.running_var, neck.out_block_1.0.kernel, neck.out_block_1.1.bn.weight, neck.out_block_1.1.bn.bias, neck.out_block_1.1.bn.running_mean, neck.out_block_1.1.bn.running_var, neck.up_block_2.0.kernel, neck.up_block_2.1.bn.weight, neck.up_block_2.1.bn.bias, neck.up_block_2.1.bn.running_mean, neck.up_block_2.1.bn.running_var, head.out_block.0.kernel, head.out_block.1.bn.weight, head.out_block.1.bn.bias, head.out_block.1.bn.running_mean, head.out_block.1.bn.running_var, head.bbox_conv.kernel, head.bbox_conv.bias, head.cls_conv.kernel, head.cls_conv.bias, conv.0.kernel, conv.1.bn.weight, conv.1.bn.bias, conv.1.bn.running_mean, conv.1.bn.running_var, keep_ratio_predictor_MLPNET.net.0.weight, keep_ratio_predictor_MLPNET.net.0.bias, keep_ratio_predictor_MLPNET.net.2.weight, keep_ratio_predictor_MLPNET.net.2.bias

2026-05-29 06:57:45,760 - mmdet - INFO - Start running, host: zero@l40server, work_dir: /home/zero/USER/HEYU/tr3d/work_dirs/NN/DFF/DFF_RFDETR_FCAF3D_FFZ/2
2026-05-29 06:57:45,760 - mmdet - INFO - Hooks will be executed in the following order:
before_run:
(VERY_HIGH   ) StepLrUpdaterHook                  
(NORMAL      ) CheckpointHook                     
(LOW         ) EvalHook                           
(VERY_LOW    ) TextLoggerHook                     
 -------------------- 
before_train_epoch:
(VERY_HIGH   ) StepLrUpdaterHook                  
(NORMAL      ) EmptyCacheHook                     
(LOW         ) IterTimerHook                      
(LOW         ) EvalHook                           
(VERY_LOW    ) TextLoggerHook                     
 -------------------- 
before_train_iter:
(VERY_HIGH   ) StepLrUpdaterHook                  
(LOW         ) IterTimerHook                      
(LOW         ) EvalHook                           
 -------------------- 
after_train_iter:
(ABOVE_NORMAL) OptimizerHook                      
(NORMAL      ) CheckpointHook                     
(NORMAL      ) EmptyCacheHook                     
(LOW         ) IterTimerHook                      
(LOW         ) EvalHook                           
(VERY_LOW    ) TextLoggerHook                     
 -------------------- 
after_train_epoch:
(NORMAL      ) CheckpointHook                     
(NORMAL      ) EmptyCacheHook                     
(LOW         ) EvalHook                           
(VERY_LOW    ) TextLoggerHook                     
 -------------------- 
before_val_epoch:
(NORMAL      ) EmptyCacheHook                     
(LOW         ) IterTimerHook                      
(VERY_LOW    ) TextLoggerHook                     
 -------------------- 
before_val_iter:
(LOW         ) IterTimerHook                      
 -------------------- 
after_val_iter:
(NORMAL      ) EmptyCacheHook                     
(LOW         ) IterTimerHook                      
 -------------------- 
after_val_epoch:
(NORMAL      ) EmptyCacheHook                     
(VERY_LOW    ) TextLoggerHook                     
 -------------------- 
after_run:
(VERY_LOW    ) TextLoggerHook                     
 -------------------- 
2026-05-29 06:57:45,760 - mmdet - INFO - workflow: [('train', 1)], max: 12 epochs
2026-05-29 06:57:45,761 - mmdet - INFO - Checkpoints will be saved to /home/zero/USER/HEYU/tr3d/work_dirs/NN/DFF/DFF_RFDETR_FCAF3D_FFZ/2 by HardDiskBackend.
2026-05-29 06:58:21,110 - mmdet - INFO - Epoch [1][50/1652]	lr: 1.000e-03, eta: 3:52:58, time: 0.707, data_time: 0.097, memory: 4553, bbox_loss: 0.6573, cls_loss: 0.6461, loss: 1.3033, grad_norm: 7.8715
2026-05-29 06:58:51,935 - mmdet - INFO - Epoch [1][100/1652]	lr: 1.000e-03, eta: 3:37:31, time: 0.616, data_time: 0.042, memory: 4553, bbox_loss: 0.5798, cls_loss: 0.4852, loss: 1.0649, grad_norm: 11.7573
2026-05-29 06:59:22,832 - mmdet - INFO - Epoch [1][150/1652]	lr: 1.000e-03, eta: 3:32:11, time: 0.618, data_time: 0.045, memory: 4553, bbox_loss: 0.5775, cls_loss: 0.4556, loss: 1.0331, grad_norm: 10.8605
2026-05-29 06:59:54,767 - mmdet - INFO - Epoch [1][200/1652]	lr: 1.000e-03, eta: 3:30:57, time: 0.639, data_time: 0.043, memory: 4553, bbox_loss: 0.5792, cls_loss: 0.4335, loss: 1.0128, grad_norm: 9.7206
2026-05-29 07:00:25,068 - mmdet - INFO - Epoch [1][250/1652]	lr: 1.000e-03, eta: 3:27:52, time: 0.606, data_time: 0.044, memory: 4553, bbox_loss: 0.5640, cls_loss: 0.4343, loss: 0.9982, grad_norm: 8.6908
2026-05-29 07:00:56,210 - mmdet - INFO - Epoch [1][300/1652]	lr: 1.000e-03, eta: 3:26:34, time: 0.623, data_time: 0.043, memory: 4553, bbox_loss: 0.5531, cls_loss: 0.4136, loss: 0.9667, grad_norm: 7.1057
2026-05-29 07:01:28,024 - mmdet - INFO - Epoch [1][350/1652]	lr: 1.000e-03, eta: 3:26:06, time: 0.636, data_time: 0.043, memory: 4553, bbox_loss: 0.5355, cls_loss: 0.3931, loss: 0.9285, grad_norm: 8.1082
2026-05-29 07:02:01,251 - mmdet - INFO - Epoch [1][400/1652]	lr: 1.000e-03, eta: 3:26:46, time: 0.665, data_time: 0.044, memory: 4553, bbox_loss: 0.5349, cls_loss: 0.3828, loss: 0.9176, grad_norm: 6.4988
2026-05-29 07:02:33,921 - mmdet - INFO - Epoch [1][450/1652]	lr: 1.000e-03, eta: 3:26:45, time: 0.653, data_time: 0.043, memory: 4553, bbox_loss: 0.5227, cls_loss: 0.3723, loss: 0.8949, grad_norm: 6.5299
2026-05-29 07:03:06,811 - mmdet - INFO - Epoch [1][500/1652]	lr: 1.000e-03, eta: 3:26:47, time: 0.658, data_time: 0.045, memory: 4553, bbox_loss: 0.5264, cls_loss: 0.3715, loss: 0.8978, grad_norm: 6.6033
2026-05-29 07:03:39,538 - mmdet - INFO - Epoch [1][550/1652]	lr: 1.000e-03, eta: 3:26:37, time: 0.655, data_time: 0.045, memory: 4553, bbox_loss: 0.5146, cls_loss: 0.3668, loss: 0.8814, grad_norm: 5.8725
2026-05-29 07:04:13,383 - mmdet - INFO - Epoch [1][600/1652]	lr: 1.000e-03, eta: 3:26:59, time: 0.677, data_time: 0.045, memory: 4553, bbox_loss: 0.5033, cls_loss: 0.3475, loss: 0.8508, grad_norm: 6.6646
2026-05-29 07:04:46,064 - mmdet - INFO - Epoch [1][650/1652]	lr: 1.000e-03, eta: 3:26:38, time: 0.654, data_time: 0.043, memory: 4553, bbox_loss: 0.5073, cls_loss: 0.3572, loss: 0.8645, grad_norm: 5.9038
2026-05-29 07:05:19,825 - mmdet - INFO - Epoch [1][700/1652]	lr: 1.000e-03, eta: 3:26:44, time: 0.675, data_time: 0.045, memory: 4553, bbox_loss: 0.4953, cls_loss: 0.3533, loss: 0.8486, grad_norm: 5.4619
2026-05-29 07:05:52,953 - mmdet - INFO - Epoch [1][750/1652]	lr: 1.000e-03, eta: 3:26:30, time: 0.663, data_time: 0.046, memory: 4553, bbox_loss: 0.4979, cls_loss: 0.3258, loss: 0.8237, grad_norm: 5.1251
2026-05-29 07:06:26,099 - mmdet - INFO - Epoch [1][800/1652]	lr: 1.000e-03, eta: 3:26:13, time: 0.663, data_time: 0.045, memory: 4553, bbox_loss: 0.4913, cls_loss: 0.3500, loss: 0.8413, grad_norm: 5.1152
2026-05-29 07:06:59,861 - mmdet - INFO - Epoch [1][850/1652]	lr: 1.000e-03, eta: 3:26:08, time: 0.675, data_time: 0.046, memory: 4553, bbox_loss: 0.5028, cls_loss: 0.3495, loss: 0.8523, grad_norm: 4.6602
2026-05-29 07:07:32,621 - mmdet - INFO - Epoch [1][900/1652]	lr: 1.000e-03, eta: 3:25:39, time: 0.655, data_time: 0.043, memory: 4553, bbox_loss: 0.4942, cls_loss: 0.3296, loss: 0.8237, grad_norm: 5.0387
2026-05-29 07:08:06,246 - mmdet - INFO - Epoch [1][950/1652]	lr: 1.000e-03, eta: 3:25:27, time: 0.672, data_time: 0.044, memory: 4610, bbox_loss: 0.4928, cls_loss: 0.3251, loss: 0.8179, grad_norm: 4.7481
2026-05-29 07:08:39,986 - mmdet - INFO - Exp name: fcaf3d-ff_sunrgbd-3d-10class.py
2026-05-29 07:08:39,987 - mmdet - INFO - Epoch [1][1000/1652]	lr: 1.000e-03, eta: 3:25:14, time: 0.675, data_time: 0.044, memory: 4610, bbox_loss: 0.4951, cls_loss: 0.3396, loss: 0.8348, grad_norm: 3.7093
2026-05-29 07:09:13,538 - mmdet - INFO - Epoch [1][1050/1652]	lr: 1.000e-03, eta: 3:24:57, time: 0.671, data_time: 0.045, memory: 4610, bbox_loss: 0.4903, cls_loss: 0.3267, loss: 0.8170, grad_norm: 4.1049
2026-05-29 07:09:46,904 - mmdet - INFO - Epoch [1][1100/1652]	lr: 1.000e-03, eta: 3:24:34, time: 0.667, data_time: 0.044, memory: 4610, bbox_loss: 0.4841, cls_loss: 0.3246, loss: 0.8087, grad_norm: 4.1203
2026-05-29 07:10:18,999 - mmdet - INFO - Epoch [1][1150/1652]	lr: 1.000e-03, eta: 3:23:51, time: 0.642, data_time: 0.045, memory: 4610, bbox_loss: 0.4844, cls_loss: 0.3181, loss: 0.8026, grad_norm: 4.2512
2026-05-29 07:10:50,458 - mmdet - INFO - Epoch [1][1200/1652]	lr: 1.000e-03, eta: 3:22:58, time: 0.629, data_time: 0.042, memory: 4854, bbox_loss: 0.4885, cls_loss: 0.3188, loss: 0.8073, grad_norm: 4.0680
2026-05-29 07:11:22,159 - mmdet - INFO - Epoch [1][1250/1652]	lr: 1.000e-03, eta: 3:22:10, time: 0.634, data_time: 0.047, memory: 4854, bbox_loss: 0.4668, cls_loss: 0.3023, loss: 0.7690, grad_norm: 4.4497
2026-05-29 07:11:54,376 - mmdet - INFO - Epoch [1][1300/1652]	lr: 1.000e-03, eta: 3:21:31, time: 0.644, data_time: 0.046, memory: 4854, bbox_loss: 0.4733, cls_loss: 0.3074, loss: 0.7807, grad_norm: 3.7987
2026-05-29 07:12:26,064 - mmdet - INFO - Epoch [1][1350/1652]	lr: 1.000e-03, eta: 3:20:46, time: 0.634, data_time: 0.043, memory: 4854, bbox_loss: 0.4680, cls_loss: 0.3033, loss: 0.7714, grad_norm: 4.0171
2026-05-29 07:12:58,188 - mmdet - INFO - Epoch [1][1400/1652]	lr: 1.000e-03, eta: 3:20:07, time: 0.642, data_time: 0.045, memory: 4854, bbox_loss: 0.4725, cls_loss: 0.3102, loss: 0.7828, grad_norm: 3.6997
2026-05-29 07:13:30,010 - mmdet - INFO - Epoch [1][1450/1652]	lr: 1.000e-03, eta: 3:19:25, time: 0.636, data_time: 0.042, memory: 4854, bbox_loss: 0.4724, cls_loss: 0.3029, loss: 0.7752, grad_norm: 4.0725
2026-05-29 07:14:00,834 - mmdet - INFO - Epoch [1][1500/1652]	lr: 1.000e-03, eta: 3:18:31, time: 0.616, data_time: 0.045, memory: 4854, bbox_loss: 0.4671, cls_loss: 0.3034, loss: 0.7705, grad_norm: 3.3708
2026-05-29 07:14:31,679 - mmdet - INFO - Epoch [1][1550/1652]	lr: 1.000e-03, eta: 3:17:39, time: 0.617, data_time: 0.045, memory: 4854, bbox_loss: 0.4727, cls_loss: 0.3039, loss: 0.7766, grad_norm: 3.1852
2026-05-29 07:15:02,895 - mmdet - INFO - Epoch [1][1600/1652]	lr: 1.000e-03, eta: 3:16:52, time: 0.624, data_time: 0.043, memory: 4854, bbox_loss: 0.4688, cls_loss: 0.2999, loss: 0.7687, grad_norm: 3.2446
2026-05-29 07:15:33,985 - mmdet - INFO - Epoch [1][1650/1652]	lr: 1.000e-03, eta: 3:16:05, time: 0.622, data_time: 0.044, memory: 4854, bbox_loss: 0.4730, cls_loss: 0.3115, loss: 0.7845, grad_norm: 3.4691
2026-05-29 07:15:35,396 - mmdet - INFO - Saving checkpoint at 1 epochs
2026-05-29 07:16:11,482 - mmdet - INFO - Epoch [2][50/1652]	lr: 1.000e-03, eta: 3:15:51, time: 0.710, data_time: 0.092, memory: 4854, bbox_loss: 0.4703, cls_loss: 0.3009, loss: 0.7712, grad_norm: 3.5470
2026-05-29 07:16:43,225 - mmdet - INFO - Epoch [2][100/1652]	lr: 1.000e-03, eta: 3:15:12, time: 0.635, data_time: 0.044, memory: 4854, bbox_loss: 0.4694, cls_loss: 0.3081, loss: 0.7775, grad_norm: 3.3850
2026-05-29 07:17:16,033 - mmdet - INFO - Epoch [2][150/1652]	lr: 1.000e-03, eta: 3:14:44, time: 0.656, data_time: 0.043, memory: 4854, bbox_loss: 0.4690, cls_loss: 0.2913, loss: 0.7603, grad_norm: 3.4401
2026-05-29 07:17:47,979 - mmdet - INFO - Epoch [2][200/1652]	lr: 1.000e-03, eta: 3:14:07, time: 0.639, data_time: 0.045, memory: 4854, bbox_loss: 0.4683, cls_loss: 0.3017, loss: 0.7700, grad_norm: 3.2089
2026-05-29 07:18:20,050 - mmdet - INFO - Epoch [2][250/1652]	lr: 1.000e-03, eta: 3:13:31, time: 0.641, data_time: 0.045, memory: 4854, bbox_loss: 0.4674, cls_loss: 0.3029, loss: 0.7703, grad_norm: 3.0168
2026-05-29 07:18:51,317 - mmdet - INFO - Epoch [2][300/1652]	lr: 1.000e-03, eta: 3:12:48, time: 0.625, data_time: 0.043, memory: 4854, bbox_loss: 0.4579, cls_loss: 0.2899, loss: 0.7477, grad_norm: 3.0628
2026-05-29 07:19:22,302 - mmdet - INFO - Epoch [2][350/1652]	lr: 1.000e-03, eta: 3:12:04, time: 0.620, data_time: 0.042, memory: 4854, bbox_loss: 0.4656, cls_loss: 0.3034, loss: 0.7690, grad_norm: 3.3731
2026-05-29 07:19:52,746 - mmdet - INFO - Epoch [2][400/1652]	lr: 1.000e-03, eta: 3:11:15, time: 0.609, data_time: 0.042, memory: 4854, bbox_loss: 0.4684, cls_loss: 0.3001, loss: 0.7684, grad_norm: 3.4246
2026-05-29 07:20:23,457 - mmdet - INFO - Epoch [2][450/1652]	lr: 1.000e-03, eta: 3:10:29, time: 0.614, data_time: 0.042, memory: 4854, bbox_loss: 0.4591, cls_loss: 0.2887, loss: 0.7478, grad_norm: 2.8595
2026-05-29 07:20:54,696 - mmdet - INFO - Epoch [2][500/1652]	lr: 1.000e-03, eta: 3:09:49, time: 0.625, data_time: 0.044, memory: 4854, bbox_loss: 0.4589, cls_loss: 0.2913, loss: 0.7502, grad_norm: 3.7639
2026-05-29 07:21:25,026 - mmdet - INFO - Epoch [2][550/1652]	lr: 1.000e-03, eta: 3:09:02, time: 0.607, data_time: 0.044, memory: 4854, bbox_loss: 0.4500, cls_loss: 0.2798, loss: 0.7298, grad_norm: 3.6315
2026-05-29 07:21:55,698 - mmdet - INFO - Epoch [2][600/1652]	lr: 1.000e-03, eta: 3:08:18, time: 0.613, data_time: 0.043, memory: 4854, bbox_loss: 0.4668, cls_loss: 0.3044, loss: 0.7712, grad_norm: 3.0349
2026-05-29 07:22:26,937 - mmdet - INFO - Epoch [2][650/1652]	lr: 1.000e-03, eta: 3:07:38, time: 0.625, data_time: 0.044, memory: 4854, bbox_loss: 0.4607, cls_loss: 0.2937, loss: 0.7545, grad_norm: 3.0051
2026-05-29 07:22:58,890 - mmdet - INFO - Epoch [2][700/1652]	lr: 1.000e-03, eta: 3:07:05, time: 0.639, data_time: 0.043, memory: 4854, bbox_loss: 0.4580, cls_loss: 0.2929, loss: 0.7509, grad_norm: 3.2128
2026-05-29 07:23:30,483 - mmdet - INFO - Epoch [2][750/1652]	lr: 1.000e-03, eta: 3:06:29, time: 0.632, data_time: 0.045, memory: 4854, bbox_loss: 0.4562, cls_loss: 0.2899, loss: 0.7461, grad_norm: 3.1689
2026-05-29 07:24:01,298 - mmdet - INFO - Epoch [2][800/1652]	lr: 1.000e-03, eta: 3:05:48, time: 0.616, data_time: 0.043, memory: 4854, bbox_loss: 0.4628, cls_loss: 0.2798, loss: 0.7426, grad_norm: 3.1267
2026-05-29 07:24:32,221 - mmdet - INFO - Epoch [2][850/1652]	lr: 1.000e-03, eta: 3:05:08, time: 0.618, data_time: 0.044, memory: 4854, bbox_loss: 0.4629, cls_loss: 0.2962, loss: 0.7591, grad_norm: 3.0834
2026-05-29 07:25:03,254 - mmdet - INFO - Epoch [2][900/1652]	lr: 1.000e-03, eta: 3:04:29, time: 0.621, data_time: 0.042, memory: 4854, bbox_loss: 0.4580, cls_loss: 0.2907, loss: 0.7487, grad_norm: 2.8987
2026-05-29 07:25:34,581 - mmdet - INFO - Epoch [2][950/1652]	lr: 1.000e-03, eta: 3:03:52, time: 0.627, data_time: 0.044, memory: 4854, bbox_loss: 0.4547, cls_loss: 0.2792, loss: 0.7339, grad_norm: 2.7148
2026-05-29 07:26:05,352 - mmdet - INFO - Epoch [2][1000/1652]	lr: 1.000e-03, eta: 3:03:12, time: 0.615, data_time: 0.044, memory: 4854, bbox_loss: 0.4500, cls_loss: 0.2803, loss: 0.7303, grad_norm: 2.6931
2026-05-29 07:26:36,225 - mmdet - INFO - Epoch [2][1050/1652]	lr: 1.000e-03, eta: 3:02:32, time: 0.617, data_time: 0.042, memory: 4854, bbox_loss: 0.4535, cls_loss: 0.2871, loss: 0.7406, grad_norm: 2.9612
2026-05-29 07:27:07,245 - mmdet - INFO - Epoch [2][1100/1652]	lr: 1.000e-03, eta: 3:01:54, time: 0.620, data_time: 0.043, memory: 4854, bbox_loss: 0.4634, cls_loss: 0.2830, loss: 0.7464, grad_norm: 2.7454
2026-05-29 07:27:38,272 - mmdet - INFO - Epoch [2][1150/1652]	lr: 1.000e-03, eta: 3:01:17, time: 0.621, data_time: 0.044, memory: 4854, bbox_loss: 0.4576, cls_loss: 0.2802, loss: 0.7377, grad_norm: 2.8151
2026-05-29 07:28:09,058 - mmdet - INFO - Epoch [2][1200/1652]	lr: 1.000e-03, eta: 3:00:38, time: 0.616, data_time: 0.043, memory: 4854, bbox_loss: 0.4563, cls_loss: 0.2798, loss: 0.7360, grad_norm: 3.2387
2026-05-29 07:28:40,214 - mmdet - INFO - Epoch [2][1250/1652]	lr: 1.000e-03, eta: 3:00:01, time: 0.623, data_time: 0.043, memory: 4854, bbox_loss: 0.4423, cls_loss: 0.2731, loss: 0.7154, grad_norm: 2.7844
2026-05-29 07:29:11,319 - mmdet - INFO - Epoch [2][1300/1652]	lr: 1.000e-03, eta: 2:59:25, time: 0.622, data_time: 0.044, memory: 4854, bbox_loss: 0.4403, cls_loss: 0.2844, loss: 0.7248, grad_norm: 2.3462
2026-05-29 07:29:42,111 - mmdet - INFO - Epoch [2][1350/1652]	lr: 1.000e-03, eta: 2:58:47, time: 0.616, data_time: 0.043, memory: 4854, bbox_loss: 0.4427, cls_loss: 0.2695, loss: 0.7122, grad_norm: 2.6417
2026-05-29 07:30:13,305 - mmdet - INFO - Epoch [2][1400/1652]	lr: 1.000e-03, eta: 2:58:11, time: 0.624, data_time: 0.045, memory: 4854, bbox_loss: 0.4444, cls_loss: 0.2774, loss: 0.7219, grad_norm: 2.7322
2026-05-29 07:30:44,424 - mmdet - INFO - Epoch [2][1450/1652]	lr: 1.000e-03, eta: 2:57:35, time: 0.622, data_time: 0.042, memory: 4854, bbox_loss: 0.4379, cls_loss: 0.2730, loss: 0.7109, grad_norm: 2.4629
2026-05-29 07:31:14,708 - mmdet - INFO - Epoch [2][1500/1652]	lr: 1.000e-03, eta: 2:56:55, time: 0.606, data_time: 0.044, memory: 4854, bbox_loss: 0.4482, cls_loss: 0.2723, loss: 0.7205, grad_norm: 2.9231
2026-05-29 07:31:45,121 - mmdet - INFO - Epoch [2][1550/1652]	lr: 1.000e-03, eta: 2:56:16, time: 0.608, data_time: 0.044, memory: 4854, bbox_loss: 0.4521, cls_loss: 0.2841, loss: 0.7362, grad_norm: 2.4595
2026-05-29 07:32:16,154 - mmdet - INFO - Epoch [2][1600/1652]	lr: 1.000e-03, eta: 2:55:40, time: 0.621, data_time: 0.043, memory: 4854, bbox_loss: 0.4427, cls_loss: 0.2722, loss: 0.7149, grad_norm: 2.7522
2026-05-29 07:32:46,795 - mmdet - INFO - Epoch [2][1650/1652]	lr: 1.000e-03, eta: 2:55:02, time: 0.613, data_time: 0.042, memory: 4854, bbox_loss: 0.4374, cls_loss: 0.2748, loss: 0.7122, grad_norm: 2.7394
2026-05-29 07:32:48,180 - mmdet - INFO - Saving checkpoint at 2 epochs
2026-05-29 07:33:23,089 - mmdet - INFO - Epoch [3][50/1652]	lr: 1.000e-03, eta: 2:54:35, time: 0.683, data_time: 0.093, memory: 4854, bbox_loss: 0.4387, cls_loss: 0.2754, loss: 0.7141, grad_norm: 2.6436
2026-05-29 07:33:55,172 - mmdet - INFO - Epoch [3][100/1652]	lr: 1.000e-03, eta: 2:54:04, time: 0.642, data_time: 0.044, memory: 4854, bbox_loss: 0.4417, cls_loss: 0.2853, loss: 0.7271, grad_norm: 2.5806
2026-05-29 07:34:26,638 - mmdet - INFO - Epoch [3][150/1652]	lr: 1.000e-03, eta: 2:53:31, time: 0.629, data_time: 0.043, memory: 4854, bbox_loss: 0.4397, cls_loss: 0.2742, loss: 0.7139, grad_norm: 2.6782
2026-05-29 07:34:57,448 - mmdet - INFO - Epoch [3][200/1652]	lr: 1.000e-03, eta: 2:52:54, time: 0.616, data_time: 0.043, memory: 4854, bbox_loss: 0.4386, cls_loss: 0.2608, loss: 0.6994, grad_norm: 2.9239
2026-05-29 07:35:28,566 - mmdet - INFO - Epoch [3][250/1652]	lr: 1.000e-03, eta: 2:52:20, time: 0.622, data_time: 0.042, memory: 4854, bbox_loss: 0.4345, cls_loss: 0.2774, loss: 0.7119, grad_norm: 2.7067
2026-05-29 07:35:59,811 - mmdet - INFO - Epoch [3][300/1652]	lr: 1.000e-03, eta: 2:51:45, time: 0.625, data_time: 0.043, memory: 4854, bbox_loss: 0.4277, cls_loss: 0.2725, loss: 0.7002, grad_norm: 2.7549
2026-05-29 07:36:30,963 - mmdet - INFO - Epoch [3][350/1652]	lr: 1.000e-03, eta: 2:51:11, time: 0.623, data_time: 0.044, memory: 4854, bbox_loss: 0.4282, cls_loss: 0.2649, loss: 0.6931, grad_norm: 2.8552
2026-05-29 07:37:01,771 - mmdet - INFO - Epoch [3][400/1652]	lr: 1.000e-03, eta: 2:50:35, time: 0.616, data_time: 0.042, memory: 4854, bbox_loss: 0.4478, cls_loss: 0.2711, loss: 0.7189, grad_norm: 2.5385
2026-05-29 07:37:32,547 - mmdet - INFO - Epoch [3][450/1652]	lr: 1.000e-03, eta: 2:49:59, time: 0.616, data_time: 0.044, memory: 4854, bbox_loss: 0.4421, cls_loss: 0.2723, loss: 0.7144, grad_norm: 2.9575
2026-05-29 07:38:03,182 - mmdet - INFO - Epoch [3][500/1652]	lr: 1.000e-03, eta: 2:49:23, time: 0.613, data_time: 0.043, memory: 4854, bbox_loss: 0.4252, cls_loss: 0.2711, loss: 0.6964, grad_norm: 2.8013
2026-05-29 07:38:33,781 - mmdet - INFO - Epoch [3][550/1652]	lr: 1.000e-03, eta: 2:48:46, time: 0.612, data_time: 0.042, memory: 4854, bbox_loss: 0.4322, cls_loss: 0.2612, loss: 0.6934, grad_norm: 3.1846
2026-05-29 07:39:04,235 - mmdet - INFO - Epoch [3][600/1652]	lr: 1.000e-03, eta: 2:48:10, time: 0.609, data_time: 0.043, memory: 4854, bbox_loss: 0.4286, cls_loss: 0.2671, loss: 0.6957, grad_norm: 2.6066
2026-05-29 07:39:35,990 - mmdet - INFO - Epoch [3][650/1652]	lr: 1.000e-03, eta: 2:47:38, time: 0.635, data_time: 0.044, memory: 4854, bbox_loss: 0.4193, cls_loss: 0.2649, loss: 0.6843, grad_norm: 2.3646
2026-05-29 07:40:06,230 - mmdet - INFO - Epoch [3][700/1652]	lr: 1.000e-03, eta: 2:47:01, time: 0.605, data_time: 0.045, memory: 4854, bbox_loss: 0.4271, cls_loss: 0.2650, loss: 0.6922, grad_norm: 2.4312
2026-05-29 07:40:38,357 - mmdet - INFO - Epoch [3][750/1652]	lr: 1.000e-03, eta: 2:46:31, time: 0.643, data_time: 0.046, memory: 4854, bbox_loss: 0.4394, cls_loss: 0.2702, loss: 0.7097, grad_norm: 2.3803
2026-05-29 07:41:10,875 - mmdet - INFO - Epoch [3][800/1652]	lr: 1.000e-03, eta: 2:46:02, time: 0.650, data_time: 0.044, memory: 4854, bbox_loss: 0.4283, cls_loss: 0.2745, loss: 0.7028, grad_norm: 2.5090
2026-05-29 07:41:43,605 - mmdet - INFO - Epoch [3][850/1652]	lr: 1.000e-03, eta: 2:45:35, time: 0.655, data_time: 0.043, memory: 4854, bbox_loss: 0.4313, cls_loss: 0.2695, loss: 0.7007, grad_norm: 2.7279
2026-05-29 07:42:16,035 - mmdet - INFO - Epoch [3][900/1652]	lr: 1.000e-03, eta: 2:45:06, time: 0.649, data_time: 0.043, memory: 4854, bbox_loss: 0.4240, cls_loss: 0.2608, loss: 0.6848, grad_norm: 2.6725
2026-05-29 07:42:47,897 - mmdet - INFO - Epoch [3][950/1652]	lr: 1.000e-03, eta: 2:44:34, time: 0.637, data_time: 0.043, memory: 4854, bbox_loss: 0.4336, cls_loss: 0.2647, loss: 0.6983, grad_norm: 2.4432
2026-05-29 07:43:18,109 - mmdet - INFO - Epoch [3][1000/1652]	lr: 1.000e-03, eta: 2:43:57, time: 0.604, data_time: 0.042, memory: 4854, bbox_loss: 0.4200, cls_loss: 0.2625, loss: 0.6825, grad_norm: 2.7139
2026-05-29 07:43:49,013 - mmdet - INFO - Epoch [3][1050/1652]	lr: 1.000e-03, eta: 2:43:23, time: 0.618, data_time: 0.044, memory: 4854, bbox_loss: 0.4265, cls_loss: 0.2704, loss: 0.6969, grad_norm: 2.5742
2026-05-29 07:44:20,734 - mmdet - INFO - Epoch [3][1100/1652]	lr: 1.000e-03, eta: 2:42:51, time: 0.634, data_time: 0.044, memory: 4854, bbox_loss: 0.4226, cls_loss: 0.2688, loss: 0.6914, grad_norm: 2.7485
2026-05-29 07:44:51,424 - mmdet - INFO - Epoch [3][1150/1652]	lr: 1.000e-03, eta: 2:42:16, time: 0.614, data_time: 0.044, memory: 4854, bbox_loss: 0.4233, cls_loss: 0.2627, loss: 0.6860, grad_norm: 2.7241
2026-05-29 07:45:21,954 - mmdet - INFO - Epoch [3][1200/1652]	lr: 1.000e-03, eta: 2:41:41, time: 0.611, data_time: 0.045, memory: 4854, bbox_loss: 0.4205, cls_loss: 0.2653, loss: 0.6858, grad_norm: 2.6501
2026-05-29 07:45:53,391 - mmdet - INFO - Epoch [3][1250/1652]	lr: 1.000e-03, eta: 2:41:08, time: 0.629, data_time: 0.043, memory: 4854, bbox_loss: 0.4239, cls_loss: 0.2659, loss: 0.6898, grad_norm: 2.3097
2026-05-29 07:46:24,687 - mmdet - INFO - Epoch [3][1300/1652]	lr: 1.000e-03, eta: 2:40:35, time: 0.626, data_time: 0.045, memory: 4854, bbox_loss: 0.4160, cls_loss: 0.2629, loss: 0.6789, grad_norm: 2.5436
2026-05-29 07:46:56,000 - mmdet - INFO - Epoch [3][1350/1652]	lr: 1.000e-03, eta: 2:40:02, time: 0.626, data_time: 0.043, memory: 4854, bbox_loss: 0.4295, cls_loss: 0.2632, loss: 0.6927, grad_norm: 2.4651
2026-05-29 07:47:26,694 - mmdet - INFO - Epoch [3][1400/1652]	lr: 1.000e-03, eta: 2:39:28, time: 0.614, data_time: 0.044, memory: 4854, bbox_loss: 0.4142, cls_loss: 0.2577, loss: 0.6718, grad_norm: 2.6849
2026-05-29 07:47:57,538 - mmdet - INFO - Epoch [3][1450/1652]	lr: 1.000e-03, eta: 2:38:54, time: 0.617, data_time: 0.044, memory: 4854, bbox_loss: 0.4174, cls_loss: 0.2572, loss: 0.6745, grad_norm: 2.3094
2026-05-29 07:48:28,069 - mmdet - INFO - Epoch [3][1500/1652]	lr: 1.000e-03, eta: 2:38:19, time: 0.611, data_time: 0.043, memory: 4854, bbox_loss: 0.4173, cls_loss: 0.2516, loss: 0.6689, grad_norm: 2.6265
2026-05-29 07:48:58,471 - mmdet - INFO - Epoch [3][1550/1652]	lr: 1.000e-03, eta: 2:37:43, time: 0.608, data_time: 0.043, memory: 4854, bbox_loss: 0.4258, cls_loss: 0.2642, loss: 0.6900, grad_norm: 2.5122
2026-05-29 07:49:29,061 - mmdet - INFO - Epoch [3][1600/1652]	lr: 1.000e-03, eta: 2:37:08, time: 0.612, data_time: 0.043, memory: 4854, bbox_loss: 0.4143, cls_loss: 0.2639, loss: 0.6781, grad_norm: 2.4829
2026-05-29 07:49:58,946 - mmdet - INFO - Epoch [3][1650/1652]	lr: 1.000e-03, eta: 2:36:32, time: 0.598, data_time: 0.042, memory: 4854, bbox_loss: 0.4261, cls_loss: 0.2727, loss: 0.6989, grad_norm: 2.4527
2026-05-29 07:50:00,298 - mmdet - INFO - Saving checkpoint at 3 epochs
2026-05-29 07:50:34,961 - mmdet - INFO - Epoch [4][50/1652]	lr: 1.000e-03, eta: 2:36:02, time: 0.681, data_time: 0.093, memory: 4854, bbox_loss: 0.4192, cls_loss: 0.2631, loss: 0.6823, grad_norm: 2.2870
2026-05-29 07:51:06,593 - mmdet - INFO - Epoch [4][100/1652]	lr: 1.000e-03, eta: 2:35:31, time: 0.633, data_time: 0.044, memory: 4854, bbox_loss: 0.4202, cls_loss: 0.2603, loss: 0.6805, grad_norm: 2.3592
2026-05-29 07:51:37,462 - mmdet - INFO - Epoch [4][150/1652]	lr: 1.000e-03, eta: 2:34:57, time: 0.617, data_time: 0.045, memory: 4854, bbox_loss: 0.4156, cls_loss: 0.2593, loss: 0.6750, grad_norm: 2.6173
2026-05-29 07:52:08,902 - mmdet - INFO - Epoch [4][200/1652]	lr: 1.000e-03, eta: 2:34:25, time: 0.629, data_time: 0.043, memory: 4854, bbox_loss: 0.4129, cls_loss: 0.2560, loss: 0.6689, grad_norm: 2.2907
2026-05-29 07:52:39,908 - mmdet - INFO - Epoch [4][250/1652]	lr: 1.000e-03, eta: 2:33:52, time: 0.620, data_time: 0.042, memory: 4854, bbox_loss: 0.4224, cls_loss: 0.2649, loss: 0.6873, grad_norm: 2.3061
2026-05-29 07:53:11,061 - mmdet - INFO - Epoch [4][300/1652]	lr: 1.000e-03, eta: 2:33:19, time: 0.623, data_time: 0.045, memory: 4854, bbox_loss: 0.4057, cls_loss: 0.2506, loss: 0.6564, grad_norm: 2.3652
2026-05-29 07:53:42,097 - mmdet - INFO - Epoch [4][350/1652]	lr: 1.000e-03, eta: 2:32:46, time: 0.621, data_time: 0.042, memory: 4854, bbox_loss: 0.4158, cls_loss: 0.2566, loss: 0.6724, grad_norm: 2.5467
2026-05-29 07:54:13,202 - mmdet - INFO - Epoch [4][400/1652]	lr: 1.000e-03, eta: 2:32:13, time: 0.622, data_time: 0.043, memory: 4854, bbox_loss: 0.4272, cls_loss: 0.2624, loss: 0.6896, grad_norm: 2.6618
2026-05-29 07:54:44,177 - mmdet - INFO - Epoch [4][450/1652]	lr: 1.000e-03, eta: 2:31:40, time: 0.619, data_time: 0.042, memory: 4854, bbox_loss: 0.4033, cls_loss: 0.2502, loss: 0.6535, grad_norm: 2.7008
2026-05-29 07:55:14,602 - mmdet - INFO - Epoch [4][500/1652]	lr: 1.000e-03, eta: 2:31:06, time: 0.609, data_time: 0.044, memory: 4854, bbox_loss: 0.4165, cls_loss: 0.2527, loss: 0.6692, grad_norm: 2.5857
2026-05-29 07:55:46,058 - mmdet - INFO - Epoch [4][550/1652]	lr: 1.000e-03, eta: 2:30:34, time: 0.629, data_time: 0.043, memory: 4854, bbox_loss: 0.4050, cls_loss: 0.2463, loss: 0.6513, grad_norm: 2.4324
2026-05-29 07:56:16,551 - mmdet - INFO - Epoch [4][600/1652]	lr: 1.000e-03, eta: 2:30:00, time: 0.610, data_time: 0.042, memory: 4854, bbox_loss: 0.4098, cls_loss: 0.2646, loss: 0.6744, grad_norm: 2.4503
2026-05-29 07:56:47,530 - mmdet - INFO - Epoch [4][650/1652]	lr: 1.000e-03, eta: 2:29:27, time: 0.620, data_time: 0.042, memory: 4854, bbox_loss: 0.4144, cls_loss: 0.2532, loss: 0.6676, grad_norm: 2.5184
2026-05-29 07:57:18,747 - mmdet - INFO - Epoch [4][700/1652]	lr: 1.000e-03, eta: 2:28:54, time: 0.624, data_time: 0.044, memory: 4854, bbox_loss: 0.4155, cls_loss: 0.2548, loss: 0.6703, grad_norm: 2.2239
2026-05-29 07:57:49,907 - mmdet - INFO - Epoch [4][750/1652]	lr: 1.000e-03, eta: 2:28:22, time: 0.623, data_time: 0.043, memory: 4854, bbox_loss: 0.4225, cls_loss: 0.2587, loss: 0.6812, grad_norm: 2.3822
2026-05-29 07:58:20,757 - mmdet - INFO - Epoch [4][800/1652]	lr: 1.000e-03, eta: 2:27:49, time: 0.617, data_time: 0.042, memory: 4854, bbox_loss: 0.4148, cls_loss: 0.2681, loss: 0.6829, grad_norm: 2.5690
2026-05-29 07:58:51,807 - mmdet - INFO - Epoch [4][850/1652]	lr: 1.000e-03, eta: 2:27:16, time: 0.621, data_time: 0.043, memory: 4854, bbox_loss: 0.4066, cls_loss: 0.2485, loss: 0.6550, grad_norm: 2.4920
2026-05-29 07:59:22,286 - mmdet - INFO - Epoch [4][900/1652]	lr: 1.000e-03, eta: 2:26:42, time: 0.610, data_time: 0.041, memory: 4854, bbox_loss: 0.4136, cls_loss: 0.2585, loss: 0.6721, grad_norm: 2.5842
2026-05-29 07:59:53,354 - mmdet - INFO - Epoch [4][950/1652]	lr: 1.000e-03, eta: 2:26:09, time: 0.621, data_time: 0.043, memory: 4854, bbox_loss: 0.3994, cls_loss: 0.2437, loss: 0.6431, grad_norm: 2.5236
2026-05-29 08:00:24,684 - mmdet - INFO - Epoch [4][1000/1652]	lr: 1.000e-03, eta: 2:25:38, time: 0.627, data_time: 0.044, memory: 4854, bbox_loss: 0.4068, cls_loss: 0.2473, loss: 0.6541, grad_norm: 2.5225
2026-05-29 08:00:55,659 - mmdet - INFO - Epoch [4][1050/1652]	lr: 1.000e-03, eta: 2:25:05, time: 0.619, data_time: 0.042, memory: 4854, bbox_loss: 0.4099, cls_loss: 0.2557, loss: 0.6656, grad_norm: 2.3092
2026-05-29 08:01:27,300 - mmdet - INFO - Epoch [4][1100/1652]	lr: 1.000e-03, eta: 2:24:34, time: 0.633, data_time: 0.041, memory: 4854, bbox_loss: 0.4084, cls_loss: 0.2528, loss: 0.6612, grad_norm: 2.3389
2026-05-29 08:01:58,023 - mmdet - INFO - Epoch [4][1150/1652]	lr: 1.000e-03, eta: 2:24:00, time: 0.614, data_time: 0.044, memory: 4854, bbox_loss: 0.4075, cls_loss: 0.2476, loss: 0.6551, grad_norm: 2.2914
2026-05-29 08:02:28,319 - mmdet - INFO - Epoch [4][1200/1652]	lr: 1.000e-03, eta: 2:23:26, time: 0.606, data_time: 0.042, memory: 4854, bbox_loss: 0.3958, cls_loss: 0.2484, loss: 0.6441, grad_norm: 2.3789
2026-05-29 08:02:59,242 - mmdet - INFO - Epoch [4][1250/1652]	lr: 1.000e-03, eta: 2:22:54, time: 0.618, data_time: 0.043, memory: 4854, bbox_loss: 0.3990, cls_loss: 0.2450, loss: 0.6440, grad_norm: 2.3488
2026-05-29 08:03:29,897 - mmdet - INFO - Epoch [4][1300/1652]	lr: 1.000e-03, eta: 2:22:20, time: 0.613, data_time: 0.044, memory: 4854, bbox_loss: 0.4135, cls_loss: 0.2488, loss: 0.6622, grad_norm: 2.3759
2026-05-29 08:04:00,637 - mmdet - INFO - Epoch [4][1350/1652]	lr: 1.000e-03, eta: 2:21:47, time: 0.615, data_time: 0.042, memory: 4854, bbox_loss: 0.4101, cls_loss: 0.2485, loss: 0.6585, grad_norm: 2.5217
2026-05-29 08:04:31,721 - mmdet - INFO - Epoch [4][1400/1652]	lr: 1.000e-03, eta: 2:21:15, time: 0.622, data_time: 0.043, memory: 4854, bbox_loss: 0.4040, cls_loss: 0.2552, loss: 0.6593, grad_norm: 2.3939
2026-05-29 08:05:02,894 - mmdet - INFO - Epoch [4][1450/1652]	lr: 1.000e-03, eta: 2:20:43, time: 0.623, data_time: 0.043, memory: 4854, bbox_loss: 0.4055, cls_loss: 0.2537, loss: 0.6592, grad_norm: 2.4116
2026-05-29 08:05:33,914 - mmdet - INFO - Epoch [4][1500/1652]	lr: 1.000e-03, eta: 2:20:10, time: 0.620, data_time: 0.043, memory: 4854, bbox_loss: 0.4067, cls_loss: 0.2495, loss: 0.6562, grad_norm: 2.2444
2026-05-29 08:06:04,510 - mmdet - INFO - Epoch [4][1550/1652]	lr: 1.000e-03, eta: 2:19:37, time: 0.612, data_time: 0.043, memory: 4854, bbox_loss: 0.4100, cls_loss: 0.2510, loss: 0.6611, grad_norm: 2.2943
2026-05-29 08:06:35,361 - mmdet - INFO - Epoch [4][1600/1652]	lr: 1.000e-03, eta: 2:19:05, time: 0.617, data_time: 0.043, memory: 4854, bbox_loss: 0.4042, cls_loss: 0.2386, loss: 0.6427, grad_norm: 2.3198
2026-05-29 08:07:06,671 - mmdet - INFO - Epoch [4][1650/1652]	lr: 1.000e-03, eta: 2:18:33, time: 0.626, data_time: 0.042, memory: 4854, bbox_loss: 0.4050, cls_loss: 0.2492, loss: 0.6541, grad_norm: 2.3129
2026-05-29 08:07:07,976 - mmdet - INFO - Saving checkpoint at 4 epochs
2026-05-29 08:07:42,522 - mmdet - INFO - Epoch [5][50/1652]	lr: 1.000e-03, eta: 2:18:03, time: 0.679, data_time: 0.092, memory: 4854, bbox_loss: 0.4045, cls_loss: 0.2412, loss: 0.6457, grad_norm: 2.4367
2026-05-29 08:08:15,310 - mmdet - INFO - Epoch [5][100/1652]	lr: 1.000e-03, eta: 2:17:34, time: 0.656, data_time: 0.043, memory: 4854, bbox_loss: 0.4096, cls_loss: 0.2456, loss: 0.6551, grad_norm: 2.5276
2026-05-29 08:08:47,910 - mmdet - INFO - Epoch [5][150/1652]	lr: 1.000e-03, eta: 2:17:04, time: 0.652, data_time: 0.047, memory: 4854, bbox_loss: 0.3978, cls_loss: 0.2440, loss: 0.6418, grad_norm: 2.2398
2026-05-29 08:09:20,789 - mmdet - INFO - Epoch [5][200/1652]	lr: 1.000e-03, eta: 2:16:36, time: 0.658, data_time: 0.044, memory: 4854, bbox_loss: 0.4062, cls_loss: 0.2494, loss: 0.6556, grad_norm: 2.3535
2026-05-29 08:09:53,369 - mmdet - INFO - Epoch [5][250/1652]	lr: 1.000e-03, eta: 2:16:06, time: 0.652, data_time: 0.045, memory: 4854, bbox_loss: 0.4022, cls_loss: 0.2494, loss: 0.6516, grad_norm: 2.2432
2026-05-29 08:10:25,887 - mmdet - INFO - Epoch [5][300/1652]	lr: 1.000e-03, eta: 2:15:37, time: 0.650, data_time: 0.044, memory: 4854, bbox_loss: 0.3983, cls_loss: 0.2421, loss: 0.6404, grad_norm: 2.1992
2026-05-29 08:10:57,451 - mmdet - INFO - Epoch [5][350/1652]	lr: 1.000e-03, eta: 2:15:05, time: 0.631, data_time: 0.044, memory: 4854, bbox_loss: 0.3976, cls_loss: 0.2455, loss: 0.6431, grad_norm: 2.1403
2026-05-29 08:11:28,094 - mmdet - INFO - Epoch [5][400/1652]	lr: 1.000e-03, eta: 2:14:32, time: 0.613, data_time: 0.044, memory: 4854, bbox_loss: 0.4022, cls_loss: 0.2389, loss: 0.6412, grad_norm: 2.2961
2026-05-29 08:11:58,589 - mmdet - INFO - Epoch [5][450/1652]	lr: 1.000e-03, eta: 2:13:59, time: 0.610, data_time: 0.043, memory: 4854, bbox_loss: 0.3954, cls_loss: 0.2409, loss: 0.6362, grad_norm: 2.3209
2026-05-29 08:12:31,436 - mmdet - INFO - Epoch [5][500/1652]	lr: 1.000e-03, eta: 2:13:30, time: 0.657, data_time: 0.047, memory: 4854, bbox_loss: 0.4041, cls_loss: 0.2479, loss: 0.6521, grad_norm: 2.2182
2026-05-29 08:13:03,485 - mmdet - INFO - Epoch [5][550/1652]	lr: 1.000e-03, eta: 2:12:59, time: 0.641, data_time: 0.044, memory: 4854, bbox_loss: 0.3987, cls_loss: 0.2502, loss: 0.6489, grad_norm: 2.4482
2026-05-29 08:13:34,282 - mmdet - INFO - Epoch [5][600/1652]	lr: 1.000e-03, eta: 2:12:27, time: 0.616, data_time: 0.042, memory: 4854, bbox_loss: 0.4035, cls_loss: 0.2532, loss: 0.6567, grad_norm: 2.4009
2026-05-29 08:14:05,600 - mmdet - INFO - Epoch [5][650/1652]	lr: 1.000e-03, eta: 2:11:55, time: 0.626, data_time: 0.043, memory: 4854, bbox_loss: 0.3989, cls_loss: 0.2513, loss: 0.6502, grad_norm: 2.2579
2026-05-29 08:14:37,119 - mmdet - INFO - Epoch [5][700/1652]	lr: 1.000e-03, eta: 2:11:23, time: 0.630, data_time: 0.046, memory: 4854, bbox_loss: 0.3946, cls_loss: 0.2414, loss: 0.6361, grad_norm: 2.1956
2026-05-29 08:15:08,169 - mmdet - INFO - Epoch [5][750/1652]	lr: 1.000e-03, eta: 2:10:51, time: 0.621, data_time: 0.042, memory: 4854, bbox_loss: 0.4018, cls_loss: 0.2450, loss: 0.6468, grad_norm: 2.0296
2026-05-29 08:15:39,276 - mmdet - INFO - Epoch [5][800/1652]	lr: 1.000e-03, eta: 2:10:19, time: 0.622, data_time: 0.043, memory: 4854, bbox_loss: 0.4037, cls_loss: 0.2501, loss: 0.6538, grad_norm: 2.2262
2026-05-29 08:16:10,085 - mmdet - INFO - Epoch [5][850/1652]	lr: 1.000e-03, eta: 2:09:46, time: 0.616, data_time: 0.043, memory: 4854, bbox_loss: 0.3833, cls_loss: 0.2357, loss: 0.6190, grad_norm: 2.4122
2026-05-29 08:16:42,887 - mmdet - INFO - Epoch [5][900/1652]	lr: 1.000e-03, eta: 2:09:17, time: 0.656, data_time: 0.045, memory: 4854, bbox_loss: 0.3969, cls_loss: 0.2509, loss: 0.6479, grad_norm: 2.2524
2026-05-29 08:17:15,895 - mmdet - INFO - Epoch [5][950/1652]	lr: 1.000e-03, eta: 2:08:48, time: 0.660, data_time: 0.045, memory: 4854, bbox_loss: 0.4001, cls_loss: 0.2413, loss: 0.6414, grad_norm: 2.3087
2026-05-29 08:17:48,153 - mmdet - INFO - Epoch [5][1000/1652]	lr: 1.000e-03, eta: 2:08:18, time: 0.645, data_time: 0.043, memory: 4854, bbox_loss: 0.3895, cls_loss: 0.2359, loss: 0.6254, grad_norm: 2.3231
2026-05-29 08:18:18,951 - mmdet - INFO - Epoch [5][1050/1652]	lr: 1.000e-03, eta: 2:07:45, time: 0.616, data_time: 0.045, memory: 4854, bbox_loss: 0.3981, cls_loss: 0.2405, loss: 0.6386, grad_norm: 2.3437
2026-05-29 08:18:50,886 - mmdet - INFO - Epoch [5][1100/1652]	lr: 1.000e-03, eta: 2:07:14, time: 0.639, data_time: 0.044, memory: 4854, bbox_loss: 0.3939, cls_loss: 0.2397, loss: 0.6336, grad_norm: 2.2987
2026-05-29 08:19:21,833 - mmdet - INFO - Epoch [5][1150/1652]	lr: 1.000e-03, eta: 2:06:42, time: 0.619, data_time: 0.042, memory: 4854, bbox_loss: 0.4048, cls_loss: 0.2329, loss: 0.6377, grad_norm: 2.3773
2026-05-29 08:19:52,245 - mmdet - INFO - Epoch [5][1200/1652]	lr: 1.000e-03, eta: 2:06:09, time: 0.608, data_time: 0.044, memory: 4854, bbox_loss: 0.4008, cls_loss: 0.2424, loss: 0.6433, grad_norm: 2.1772
2026-05-29 08:20:23,181 - mmdet - INFO - Epoch [5][1250/1652]	lr: 1.000e-03, eta: 2:05:36, time: 0.619, data_time: 0.044, memory: 4854, bbox_loss: 0.3908, cls_loss: 0.2395, loss: 0.6303, grad_norm: 2.3606
2026-05-29 08:20:54,734 - mmdet - INFO - Epoch [5][1300/1652]	lr: 1.000e-03, eta: 2:05:05, time: 0.631, data_time: 0.044, memory: 4854, bbox_loss: 0.3978, cls_loss: 0.2452, loss: 0.6429, grad_norm: 2.2270
2026-05-29 08:21:27,195 - mmdet - INFO - Epoch [5][1350/1652]	lr: 1.000e-03, eta: 2:04:35, time: 0.649, data_time: 0.044, memory: 4854, bbox_loss: 0.3984, cls_loss: 0.2324, loss: 0.6308, grad_norm: 2.1877
2026-05-29 08:22:00,112 - mmdet - INFO - Epoch [5][1400/1652]	lr: 1.000e-03, eta: 2:04:05, time: 0.658, data_time: 0.044, memory: 4854, bbox_loss: 0.3899, cls_loss: 0.2376, loss: 0.6276, grad_norm: 2.3599
2026-05-29 08:22:32,960 - mmdet - INFO - Epoch [5][1450/1652]	lr: 1.000e-03, eta: 2:03:36, time: 0.657, data_time: 0.043, memory: 4854, bbox_loss: 0.3957, cls_loss: 0.2456, loss: 0.6412, grad_norm: 2.1549
2026-05-29 08:23:05,662 - mmdet - INFO - Epoch [5][1500/1652]	lr: 1.000e-03, eta: 2:03:06, time: 0.654, data_time: 0.044, memory: 4854, bbox_loss: 0.4005, cls_loss: 0.2489, loss: 0.6494, grad_norm: 2.0478
2026-05-29 08:23:37,843 - mmdet - INFO - Epoch [5][1550/1652]	lr: 1.000e-03, eta: 2:02:36, time: 0.644, data_time: 0.042, memory: 4854, bbox_loss: 0.3866, cls_loss: 0.2309, loss: 0.6175, grad_norm: 2.1884
2026-05-29 08:24:10,057 - mmdet - INFO - Epoch [5][1600/1652]	lr: 1.000e-03, eta: 2:02:05, time: 0.644, data_time: 0.042, memory: 4854, bbox_loss: 0.3990, cls_loss: 0.2448, loss: 0.6438, grad_norm: 2.1144
2026-05-29 08:24:42,884 - mmdet - INFO - Epoch [5][1650/1652]	lr: 1.000e-03, eta: 2:01:35, time: 0.657, data_time: 0.044, memory: 4854, bbox_loss: 0.3947, cls_loss: 0.2425, loss: 0.6373, grad_norm: 2.2683
2026-05-29 08:24:44,192 - mmdet - INFO - Saving checkpoint at 5 epochs
2026-05-29 08:25:18,467 - mmdet - INFO - Epoch [6][50/1652]	lr: 1.000e-03, eta: 2:01:04, time: 0.674, data_time: 0.093, memory: 4854, bbox_loss: 0.3910, cls_loss: 0.2343, loss: 0.6253, grad_norm: 1.9373
2026-05-29 08:25:49,376 - mmdet - INFO - Epoch [6][100/1652]	lr: 1.000e-03, eta: 2:00:31, time: 0.618, data_time: 0.043, memory: 4854, bbox_loss: 0.4026, cls_loss: 0.2432, loss: 0.6458, grad_norm: 2.0810
2026-05-29 08:26:20,212 - mmdet - INFO - Epoch [6][150/1652]	lr: 1.000e-03, eta: 1:59:59, time: 0.617, data_time: 0.042, memory: 4854, bbox_loss: 0.3884, cls_loss: 0.2313, loss: 0.6197, grad_norm: 2.2307
2026-05-29 08:26:51,428 - mmdet - INFO - Epoch [6][200/1652]	lr: 1.000e-03, eta: 1:59:27, time: 0.624, data_time: 0.045, memory: 4854, bbox_loss: 0.3880, cls_loss: 0.2291, loss: 0.6172, grad_norm: 2.3434
2026-05-29 08:27:22,413 - mmdet - INFO - Epoch [6][250/1652]	lr: 1.000e-03, eta: 1:58:55, time: 0.620, data_time: 0.043, memory: 4854, bbox_loss: 0.3962, cls_loss: 0.2340, loss: 0.6302, grad_norm: 2.3804
2026-05-29 08:27:54,012 - mmdet - INFO - Epoch [6][300/1652]	lr: 1.000e-03, eta: 1:58:23, time: 0.632, data_time: 0.044, memory: 4854, bbox_loss: 0.3920, cls_loss: 0.2339, loss: 0.6259, grad_norm: 2.4271
2026-05-29 08:28:25,166 - mmdet - INFO - Epoch [6][350/1652]	lr: 1.000e-03, eta: 1:57:51, time: 0.623, data_time: 0.042, memory: 4854, bbox_loss: 0.3980, cls_loss: 0.2339, loss: 0.6319, grad_norm: 2.2309
2026-05-29 08:28:57,483 - mmdet - INFO - Epoch [6][400/1652]	lr: 1.000e-03, eta: 1:57:21, time: 0.646, data_time: 0.045, memory: 4854, bbox_loss: 0.3826, cls_loss: 0.2244, loss: 0.6070, grad_norm: 2.4228
2026-05-29 08:29:30,181 - mmdet - INFO - Epoch [6][450/1652]	lr: 1.000e-03, eta: 1:56:50, time: 0.654, data_time: 0.043, memory: 4854, bbox_loss: 0.3940, cls_loss: 0.2363, loss: 0.6303, grad_norm: 2.2437
2026-05-29 08:30:02,959 - mmdet - INFO - Epoch [6][500/1652]	lr: 1.000e-03, eta: 1:56:21, time: 0.656, data_time: 0.043, memory: 4854, bbox_loss: 0.3979, cls_loss: 0.2455, loss: 0.6434, grad_norm: 2.0425
2026-05-29 08:30:33,757 - mmdet - INFO - Epoch [6][550/1652]	lr: 1.000e-03, eta: 1:55:48, time: 0.616, data_time: 0.043, memory: 4854, bbox_loss: 0.3874, cls_loss: 0.2342, loss: 0.6216, grad_norm: 2.2249
2026-05-29 08:31:04,534 - mmdet - INFO - Epoch [6][600/1652]	lr: 1.000e-03, eta: 1:55:16, time: 0.616, data_time: 0.044, memory: 4854, bbox_loss: 0.3952, cls_loss: 0.2326, loss: 0.6278, grad_norm: 2.0471
2026-05-29 08:31:34,958 - mmdet - INFO - Epoch [6][650/1652]	lr: 1.000e-03, eta: 1:54:43, time: 0.608, data_time: 0.042, memory: 4854, bbox_loss: 0.3924, cls_loss: 0.2337, loss: 0.6261, grad_norm: 2.1594
2026-05-29 08:32:06,482 - mmdet - INFO - Epoch [6][700/1652]	lr: 1.000e-03, eta: 1:54:11, time: 0.630, data_time: 0.044, memory: 4854, bbox_loss: 0.3915, cls_loss: 0.2376, loss: 0.6291, grad_norm: 2.2725
2026-05-29 08:32:39,889 - mmdet - INFO - Epoch [6][750/1652]	lr: 1.000e-03, eta: 1:53:42, time: 0.668, data_time: 0.044, memory: 4854, bbox_loss: 0.3876, cls_loss: 0.2381, loss: 0.6257, grad_norm: 2.1279
2026-05-29 08:33:12,309 - mmdet - INFO - Epoch [6][800/1652]	lr: 1.000e-03, eta: 1:53:11, time: 0.648, data_time: 0.043, memory: 4854, bbox_loss: 0.3877, cls_loss: 0.2379, loss: 0.6256, grad_norm: 1.9959
2026-05-29 08:33:45,118 - mmdet - INFO - Epoch [6][850/1652]	lr: 1.000e-03, eta: 1:52:41, time: 0.656, data_time: 0.043, memory: 4854, bbox_loss: 0.3930, cls_loss: 0.2328, loss: 0.6258, grad_norm: 2.2155
2026-05-29 08:34:17,293 - mmdet - INFO - Epoch [6][900/1652]	lr: 1.000e-03, eta: 1:52:10, time: 0.644, data_time: 0.043, memory: 4854, bbox_loss: 0.3877, cls_loss: 0.2322, loss: 0.6199, grad_norm: 2.0284
2026-05-29 08:34:49,969 - mmdet - INFO - Epoch [6][950/1652]	lr: 1.000e-03, eta: 1:51:40, time: 0.654, data_time: 0.045, memory: 4854, bbox_loss: 0.3838, cls_loss: 0.2236, loss: 0.6074, grad_norm: 2.3790
2026-05-29 08:35:22,659 - mmdet - INFO - Epoch [6][1000/1652]	lr: 1.000e-03, eta: 1:51:10, time: 0.654, data_time: 0.042, memory: 4854, bbox_loss: 0.3844, cls_loss: 0.2263, loss: 0.6107, grad_norm: 2.3880
2026-05-29 08:35:55,528 - mmdet - INFO - Epoch [6][1050/1652]	lr: 1.000e-03, eta: 1:50:40, time: 0.657, data_time: 0.044, memory: 4854, bbox_loss: 0.3935, cls_loss: 0.2414, loss: 0.6349, grad_norm: 1.9820
2026-05-29 08:36:28,832 - mmdet - INFO - Epoch [6][1100/1652]	lr: 1.000e-03, eta: 1:50:10, time: 0.666, data_time: 0.044, memory: 4854, bbox_loss: 0.3961, cls_loss: 0.2373, loss: 0.6334, grad_norm: 2.3574
2026-05-29 08:37:01,104 - mmdet - INFO - Epoch [6][1150/1652]	lr: 1.000e-03, eta: 1:49:39, time: 0.645, data_time: 0.044, memory: 4854, bbox_loss: 0.3942, cls_loss: 0.2348, loss: 0.6290, grad_norm: 2.1846
2026-05-29 08:37:33,778 - mmdet - INFO - Epoch [6][1200/1652]	lr: 1.000e-03, eta: 1:49:09, time: 0.653, data_time: 0.045, memory: 4854, bbox_loss: 0.3923, cls_loss: 0.2408, loss: 0.6331, grad_norm: 2.1246
2026-05-29 08:38:06,686 - mmdet - INFO - Epoch [6][1250/1652]	lr: 1.000e-03, eta: 1:48:39, time: 0.658, data_time: 0.044, memory: 4854, bbox_loss: 0.3873, cls_loss: 0.2263, loss: 0.6137, grad_norm: 1.9612
2026-05-29 08:38:39,713 - mmdet - INFO - Epoch [6][1300/1652]	lr: 1.000e-03, eta: 1:48:09, time: 0.661, data_time: 0.044, memory: 4854, bbox_loss: 0.3929, cls_loss: 0.2428, loss: 0.6357, grad_norm: 2.1013
2026-05-29 08:39:12,673 - mmdet - INFO - Epoch [6][1350/1652]	lr: 1.000e-03, eta: 1:47:38, time: 0.659, data_time: 0.043, memory: 4854, bbox_loss: 0.3892, cls_loss: 0.2287, loss: 0.6179, grad_norm: 2.0293
2026-05-29 08:39:45,706 - mmdet - INFO - Epoch [6][1400/1652]	lr: 1.000e-03, eta: 1:47:08, time: 0.661, data_time: 0.042, memory: 4854, bbox_loss: 0.3812, cls_loss: 0.2302, loss: 0.6113, grad_norm: 2.1700
2026-05-29 08:40:17,738 - mmdet - INFO - Epoch [6][1450/1652]	lr: 1.000e-03, eta: 1:46:37, time: 0.641, data_time: 0.043, memory: 4854, bbox_loss: 0.3806, cls_loss: 0.2339, loss: 0.6146, grad_norm: 2.1343
2026-05-29 08:40:48,597 - mmdet - INFO - Epoch [6][1500/1652]	lr: 1.000e-03, eta: 1:46:05, time: 0.617, data_time: 0.044, memory: 4854, bbox_loss: 0.3837, cls_loss: 0.2285, loss: 0.6122, grad_norm: 2.2191
2026-05-29 08:41:19,824 - mmdet - INFO - Epoch [6][1550/1652]	lr: 1.000e-03, eta: 1:45:33, time: 0.625, data_time: 0.045, memory: 4854, bbox_loss: 0.3788, cls_loss: 0.2248, loss: 0.6036, grad_norm: 2.2672
2026-05-29 08:41:51,034 - mmdet - INFO - Epoch [6][1600/1652]	lr: 1.000e-03, eta: 1:45:01, time: 0.624, data_time: 0.045, memory: 4854, bbox_loss: 0.3912, cls_loss: 0.2298, loss: 0.6210, grad_norm: 2.2307
2026-05-29 08:42:22,324 - mmdet - INFO - Epoch [6][1650/1652]	lr: 1.000e-03, eta: 1:44:29, time: 0.626, data_time: 0.045, memory: 4854, bbox_loss: 0.3813, cls_loss: 0.2266, loss: 0.6078, grad_norm: 2.2978
2026-05-29 08:42:23,637 - mmdet - INFO - Saving checkpoint at 6 epochs
2026-05-29 08:42:59,862 - mmdet - INFO - Epoch [7][50/1652]	lr: 1.000e-03, eta: 1:43:59, time: 0.713, data_time: 0.095, memory: 4854, bbox_loss: 0.3867, cls_loss: 0.2358, loss: 0.6224, grad_norm: 1.9324
2026-05-29 08:43:32,206 - mmdet - INFO - Epoch [7][100/1652]	lr: 1.000e-03, eta: 1:43:28, time: 0.647, data_time: 0.042, memory: 4854, bbox_loss: 0.3905, cls_loss: 0.2388, loss: 0.6294, grad_norm: 2.1520
2026-05-29 08:44:02,826 - mmdet - INFO - Epoch [7][150/1652]	lr: 1.000e-03, eta: 1:42:55, time: 0.612, data_time: 0.043, memory: 4854, bbox_loss: 0.3843, cls_loss: 0.2185, loss: 0.6029, grad_norm: 2.2956
2026-05-29 08:44:34,103 - mmdet - INFO - Epoch [7][200/1652]	lr: 1.000e-03, eta: 1:42:23, time: 0.626, data_time: 0.046, memory: 4854, bbox_loss: 0.3810, cls_loss: 0.2267, loss: 0.6077, grad_norm: 2.1609
2026-05-29 08:45:05,445 - mmdet - INFO - Epoch [7][250/1652]	lr: 1.000e-03, eta: 1:41:51, time: 0.627, data_time: 0.043, memory: 4854, bbox_loss: 0.3850, cls_loss: 0.2280, loss: 0.6129, grad_norm: 2.0917
2026-05-29 08:45:36,565 - mmdet - INFO - Epoch [7][300/1652]	lr: 1.000e-03, eta: 1:41:19, time: 0.622, data_time: 0.041, memory: 4854, bbox_loss: 0.3849, cls_loss: 0.2246, loss: 0.6095, grad_norm: 2.4052
2026-05-29 08:46:08,010 - mmdet - INFO - Epoch [7][350/1652]	lr: 1.000e-03, eta: 1:40:47, time: 0.629, data_time: 0.041, memory: 4854, bbox_loss: 0.3733, cls_loss: 0.2232, loss: 0.5966, grad_norm: 1.9964
2026-05-29 08:46:39,706 - mmdet - INFO - Epoch [7][400/1652]	lr: 1.000e-03, eta: 1:40:16, time: 0.634, data_time: 0.043, memory: 4854, bbox_loss: 0.3897, cls_loss: 0.2362, loss: 0.6259, grad_norm: 1.9408
2026-05-29 08:47:11,670 - mmdet - INFO - Epoch [7][450/1652]	lr: 1.000e-03, eta: 1:39:44, time: 0.639, data_time: 0.044, memory: 4854, bbox_loss: 0.3872, cls_loss: 0.2311, loss: 0.6182, grad_norm: 1.9138
2026-05-29 08:47:42,588 - mmdet - INFO - Epoch [7][500/1652]	lr: 1.000e-03, eta: 1:39:12, time: 0.618, data_time: 0.044, memory: 4854, bbox_loss: 0.3792, cls_loss: 0.2235, loss: 0.6027, grad_norm: 2.1001
2026-05-29 08:48:14,471 - mmdet - INFO - Epoch [7][550/1652]	lr: 1.000e-03, eta: 1:38:41, time: 0.638, data_time: 0.045, memory: 4854, bbox_loss: 0.3787, cls_loss: 0.2189, loss: 0.5976, grad_norm: 2.3239
2026-05-29 08:48:47,538 - mmdet - INFO - Epoch [7][600/1652]	lr: 1.000e-03, eta: 1:38:10, time: 0.661, data_time: 0.044, memory: 4854, bbox_loss: 0.3838, cls_loss: 0.2310, loss: 0.6148, grad_norm: 2.1327
2026-05-29 08:49:20,277 - mmdet - INFO - Epoch [7][650/1652]	lr: 1.000e-03, eta: 1:37:40, time: 0.655, data_time: 0.044, memory: 4854, bbox_loss: 0.3826, cls_loss: 0.2263, loss: 0.6089, grad_norm: 2.0894
2026-05-29 08:49:53,265 - mmdet - INFO - Epoch [7][700/1652]	lr: 1.000e-03, eta: 1:37:09, time: 0.660, data_time: 0.042, memory: 4854, bbox_loss: 0.3844, cls_loss: 0.2269, loss: 0.6113, grad_norm: 1.9728
2026-05-29 08:50:25,007 - mmdet - INFO - Epoch [7][750/1652]	lr: 1.000e-03, eta: 1:36:38, time: 0.635, data_time: 0.042, memory: 4854, bbox_loss: 0.3792, cls_loss: 0.2263, loss: 0.6056, grad_norm: 2.0079
2026-05-29 08:50:56,074 - mmdet - INFO - Epoch [7][800/1652]	lr: 1.000e-03, eta: 1:36:06, time: 0.621, data_time: 0.044, memory: 4854, bbox_loss: 0.3857, cls_loss: 0.2252, loss: 0.6108, grad_norm: 2.1520
2026-05-29 08:51:27,331 - mmdet - INFO - Epoch [7][850/1652]	lr: 1.000e-03, eta: 1:35:34, time: 0.625, data_time: 0.045, memory: 4854, bbox_loss: 0.3805, cls_loss: 0.2290, loss: 0.6094, grad_norm: 2.0086
2026-05-29 08:51:58,277 - mmdet - INFO - Epoch [7][900/1652]	lr: 1.000e-03, eta: 1:35:01, time: 0.619, data_time: 0.046, memory: 4854, bbox_loss: 0.3772, cls_loss: 0.2174, loss: 0.5946, grad_norm: 2.0425
2026-05-29 08:52:29,494 - mmdet - INFO - Epoch [7][950/1652]	lr: 1.000e-03, eta: 1:34:29, time: 0.624, data_time: 0.044, memory: 4854, bbox_loss: 0.3813, cls_loss: 0.2247, loss: 0.6060, grad_norm: 2.0921
2026-05-29 08:53:00,878 - mmdet - INFO - Epoch [7][1000/1652]	lr: 1.000e-03, eta: 1:33:58, time: 0.628, data_time: 0.045, memory: 4854, bbox_loss: 0.3756, cls_loss: 0.2193, loss: 0.5948, grad_norm: 1.9292
2026-05-29 08:53:31,724 - mmdet - INFO - Epoch [7][1050/1652]	lr: 1.000e-03, eta: 1:33:25, time: 0.617, data_time: 0.043, memory: 4854, bbox_loss: 0.3836, cls_loss: 0.2251, loss: 0.6087, grad_norm: 2.2267
2026-05-29 08:54:03,078 - mmdet - INFO - Epoch [7][1100/1652]	lr: 1.000e-03, eta: 1:32:53, time: 0.627, data_time: 0.043, memory: 4854, bbox_loss: 0.3861, cls_loss: 0.2348, loss: 0.6208, grad_norm: 2.2435
2026-05-29 08:54:34,311 - mmdet - INFO - Epoch [7][1150/1652]	lr: 1.000e-03, eta: 1:32:21, time: 0.625, data_time: 0.044, memory: 4854, bbox_loss: 0.3847, cls_loss: 0.2326, loss: 0.6173, grad_norm: 2.1681
2026-05-29 08:55:05,533 - mmdet - INFO - Epoch [7][1200/1652]	lr: 1.000e-03, eta: 1:31:50, time: 0.624, data_time: 0.045, memory: 4854, bbox_loss: 0.3775, cls_loss: 0.2221, loss: 0.5996, grad_norm: 2.0973
2026-05-29 08:55:36,415 - mmdet - INFO - Epoch [7][1250/1652]	lr: 1.000e-03, eta: 1:31:17, time: 0.618, data_time: 0.043, memory: 4854, bbox_loss: 0.3822, cls_loss: 0.2287, loss: 0.6110, grad_norm: 1.9808
2026-05-29 08:56:07,684 - mmdet - INFO - Epoch [7][1300/1652]	lr: 1.000e-03, eta: 1:30:45, time: 0.625, data_time: 0.044, memory: 4854, bbox_loss: 0.3689, cls_loss: 0.2173, loss: 0.5862, grad_norm: 1.8848
2026-05-29 08:56:38,608 - mmdet - INFO - Epoch [7][1350/1652]	lr: 1.000e-03, eta: 1:30:13, time: 0.618, data_time: 0.044, memory: 4854, bbox_loss: 0.3752, cls_loss: 0.2198, loss: 0.5950, grad_norm: 2.0909
2026-05-29 08:57:09,978 - mmdet - INFO - Epoch [7][1400/1652]	lr: 1.000e-03, eta: 1:29:41, time: 0.627, data_time: 0.043, memory: 4854, bbox_loss: 0.3813, cls_loss: 0.2198, loss: 0.6010, grad_norm: 2.3265
2026-05-29 08:57:40,643 - mmdet - INFO - Epoch [7][1450/1652]	lr: 1.000e-03, eta: 1:29:09, time: 0.613, data_time: 0.043, memory: 4854, bbox_loss: 0.3839, cls_loss: 0.2310, loss: 0.6149, grad_norm: 2.0001
2026-05-29 08:58:12,928 - mmdet - INFO - Epoch [7][1500/1652]	lr: 1.000e-03, eta: 1:28:38, time: 0.646, data_time: 0.043, memory: 4854, bbox_loss: 0.3806, cls_loss: 0.2203, loss: 0.6009, grad_norm: 2.0494
2026-05-29 08:58:46,356 - mmdet - INFO - Epoch [7][1550/1652]	lr: 1.000e-03, eta: 1:28:08, time: 0.669, data_time: 0.048, memory: 4854, bbox_loss: 0.3879, cls_loss: 0.2253, loss: 0.6132, grad_norm: 2.1075
2026-05-29 08:59:18,904 - mmdet - INFO - Epoch [7][1600/1652]	lr: 1.000e-03, eta: 1:27:37, time: 0.651, data_time: 0.043, memory: 4854, bbox_loss: 0.3865, cls_loss: 0.2248, loss: 0.6113, grad_norm: 1.8524
2026-05-29 08:59:51,914 - mmdet - INFO - Epoch [7][1650/1652]	lr: 1.000e-03, eta: 1:27:06, time: 0.660, data_time: 0.043, memory: 4854, bbox_loss: 0.3831, cls_loss: 0.2244, loss: 0.6075, grad_norm: 1.8810
2026-05-29 08:59:53,439 - mmdet - INFO - Saving checkpoint at 7 epochs
2026-05-29 09:00:28,378 - mmdet - INFO - Epoch [8][50/1652]	lr: 1.000e-03, eta: 1:26:34, time: 0.684, data_time: 0.091, memory: 4854, bbox_loss: 0.3779, cls_loss: 0.2240, loss: 0.6019, grad_norm: 2.0843
2026-05-29 09:00:59,666 - mmdet - INFO - Epoch [8][100/1652]	lr: 1.000e-03, eta: 1:26:02, time: 0.626, data_time: 0.044, memory: 4854, bbox_loss: 0.3746, cls_loss: 0.2130, loss: 0.5875, grad_norm: 2.1548
2026-05-29 09:01:30,641 - mmdet - INFO - Epoch [8][150/1652]	lr: 1.000e-03, eta: 1:25:30, time: 0.619, data_time: 0.041, memory: 4854, bbox_loss: 0.3759, cls_loss: 0.2200, loss: 0.5959, grad_norm: 2.1060
2026-05-29 09:02:01,353 - mmdet - INFO - Epoch [8][200/1652]	lr: 1.000e-03, eta: 1:24:58, time: 0.614, data_time: 0.042, memory: 4854, bbox_loss: 0.3834, cls_loss: 0.2250, loss: 0.6083, grad_norm: 2.1597
2026-05-29 09:02:32,854 - mmdet - INFO - Epoch [8][250/1652]	lr: 1.000e-03, eta: 1:24:26, time: 0.630, data_time: 0.043, memory: 4854, bbox_loss: 0.3816, cls_loss: 0.2184, loss: 0.6000, grad_norm: 1.9667
2026-05-29 09:03:04,758 - mmdet - INFO - Epoch [8][300/1652]	lr: 1.000e-03, eta: 1:23:55, time: 0.638, data_time: 0.043, memory: 4854, bbox_loss: 0.3723, cls_loss: 0.2198, loss: 0.5921, grad_norm: 1.9359
2026-05-29 09:03:38,044 - mmdet - INFO - Epoch [8][350/1652]	lr: 1.000e-03, eta: 1:23:24, time: 0.666, data_time: 0.044, memory: 4854, bbox_loss: 0.3856, cls_loss: 0.2281, loss: 0.6137, grad_norm: 1.8916
2026-05-29 09:04:10,204 - mmdet - INFO - Epoch [8][400/1652]	lr: 1.000e-03, eta: 1:22:53, time: 0.643, data_time: 0.044, memory: 4854, bbox_loss: 0.3863, cls_loss: 0.2248, loss: 0.6110, grad_norm: 2.1377
2026-05-29 09:04:40,861 - mmdet - INFO - Epoch [8][450/1652]	lr: 1.000e-03, eta: 1:22:21, time: 0.613, data_time: 0.044, memory: 4854, bbox_loss: 0.3714, cls_loss: 0.2104, loss: 0.5818, grad_norm: 1.8767
2026-05-29 09:05:11,616 - mmdet - INFO - Epoch [8][500/1652]	lr: 1.000e-03, eta: 1:21:49, time: 0.615, data_time: 0.042, memory: 4854, bbox_loss: 0.3760, cls_loss: 0.2237, loss: 0.5998, grad_norm: 2.0626
2026-05-29 09:05:42,628 - mmdet - INFO - Epoch [8][550/1652]	lr: 1.000e-03, eta: 1:21:17, time: 0.620, data_time: 0.042, memory: 4854, bbox_loss: 0.3798, cls_loss: 0.2228, loss: 0.6026, grad_norm: 2.1376
2026-05-29 09:06:15,289 - mmdet - INFO - Epoch [8][600/1652]	lr: 1.000e-03, eta: 1:20:46, time: 0.653, data_time: 0.047, memory: 4854, bbox_loss: 0.3725, cls_loss: 0.2154, loss: 0.5879, grad_norm: 2.0640
2026-05-29 09:06:47,960 - mmdet - INFO - Epoch [8][650/1652]	lr: 1.000e-03, eta: 1:20:15, time: 0.653, data_time: 0.043, memory: 4854, bbox_loss: 0.3680, cls_loss: 0.2166, loss: 0.5846, grad_norm: 2.1857
2026-05-29 09:07:19,907 - mmdet - INFO - Epoch [8][700/1652]	lr: 1.000e-03, eta: 1:19:43, time: 0.639, data_time: 0.043, memory: 4854, bbox_loss: 0.3763, cls_loss: 0.2177, loss: 0.5940, grad_norm: 1.8914
2026-05-29 09:07:50,118 - mmdet - INFO - Epoch [8][750/1652]	lr: 1.000e-03, eta: 1:19:11, time: 0.604, data_time: 0.042, memory: 4854, bbox_loss: 0.3639, cls_loss: 0.2157, loss: 0.5795, grad_norm: 2.1928
2026-05-29 09:08:21,079 - mmdet - INFO - Epoch [8][800/1652]	lr: 1.000e-03, eta: 1:18:39, time: 0.619, data_time: 0.043, memory: 4854, bbox_loss: 0.3760, cls_loss: 0.2235, loss: 0.5995, grad_norm: 1.9004
2026-05-29 09:08:53,583 - mmdet - INFO - Epoch [8][850/1652]	lr: 1.000e-03, eta: 1:18:07, time: 0.650, data_time: 0.045, memory: 4854, bbox_loss: 0.3807, cls_loss: 0.2225, loss: 0.6032, grad_norm: 2.2434
2026-05-29 09:09:26,202 - mmdet - INFO - Epoch [8][900/1652]	lr: 1.000e-03, eta: 1:17:36, time: 0.652, data_time: 0.045, memory: 4854, bbox_loss: 0.3792, cls_loss: 0.2183, loss: 0.5975, grad_norm: 2.2174
2026-05-29 09:09:59,355 - mmdet - INFO - Epoch [8][950/1652]	lr: 1.000e-03, eta: 1:17:06, time: 0.663, data_time: 0.043, memory: 4854, bbox_loss: 0.3796, cls_loss: 0.2189, loss: 0.5985, grad_norm: 2.2135
2026-05-29 09:10:30,479 - mmdet - INFO - Epoch [8][1000/1652]	lr: 1.000e-03, eta: 1:16:34, time: 0.622, data_time: 0.042, memory: 4854, bbox_loss: 0.3806, cls_loss: 0.2217, loss: 0.6024, grad_norm: 2.0560
2026-05-29 09:11:01,627 - mmdet - INFO - Epoch [8][1050/1652]	lr: 1.000e-03, eta: 1:16:02, time: 0.623, data_time: 0.042, memory: 4854, bbox_loss: 0.3901, cls_loss: 0.2296, loss: 0.6197, grad_norm: 1.9650
2026-05-29 09:11:32,879 - mmdet - INFO - Epoch [8][1100/1652]	lr: 1.000e-03, eta: 1:15:30, time: 0.625, data_time: 0.043, memory: 4854, bbox_loss: 0.3819, cls_loss: 0.2226, loss: 0.6045, grad_norm: 1.9283
2026-05-29 09:12:03,597 - mmdet - INFO - Epoch [8][1150/1652]	lr: 1.000e-03, eta: 1:14:58, time: 0.614, data_time: 0.042, memory: 4854, bbox_loss: 0.3747, cls_loss: 0.2185, loss: 0.5932, grad_norm: 1.9362
2026-05-29 09:12:34,757 - mmdet - INFO - Epoch [8][1200/1652]	lr: 1.000e-03, eta: 1:14:26, time: 0.623, data_time: 0.041, memory: 4854, bbox_loss: 0.3760, cls_loss: 0.2226, loss: 0.5986, grad_norm: 2.1193
2026-05-29 09:13:06,204 - mmdet - INFO - Epoch [8][1250/1652]	lr: 1.000e-03, eta: 1:13:54, time: 0.629, data_time: 0.043, memory: 4854, bbox_loss: 0.3775, cls_loss: 0.2301, loss: 0.6076, grad_norm: 2.1133
2026-05-29 09:13:37,360 - mmdet - INFO - Epoch [8][1300/1652]	lr: 1.000e-03, eta: 1:13:22, time: 0.623, data_time: 0.043, memory: 4854, bbox_loss: 0.3634, cls_loss: 0.2108, loss: 0.5742, grad_norm: 2.0241
2026-05-29 09:14:08,121 - mmdet - INFO - Epoch [8][1350/1652]	lr: 1.000e-03, eta: 1:12:50, time: 0.615, data_time: 0.041, memory: 4854, bbox_loss: 0.3765, cls_loss: 0.2133, loss: 0.5898, grad_norm: 2.1072
2026-05-29 09:14:39,606 - mmdet - INFO - Epoch [8][1400/1652]	lr: 1.000e-03, eta: 1:12:18, time: 0.630, data_time: 0.043, memory: 4854, bbox_loss: 0.3621, cls_loss: 0.2129, loss: 0.5750, grad_norm: 1.9835
2026-05-29 09:15:11,003 - mmdet - INFO - Epoch [8][1450/1652]	lr: 1.000e-03, eta: 1:11:47, time: 0.628, data_time: 0.043, memory: 4854, bbox_loss: 0.3747, cls_loss: 0.2149, loss: 0.5895, grad_norm: 1.9257
2026-05-29 09:15:42,513 - mmdet - INFO - Epoch [8][1500/1652]	lr: 1.000e-03, eta: 1:11:15, time: 0.630, data_time: 0.042, memory: 4854, bbox_loss: 0.3753, cls_loss: 0.2167, loss: 0.5920, grad_norm: 2.0595
2026-05-29 09:16:14,077 - mmdet - INFO - Epoch [8][1550/1652]	lr: 1.000e-03, eta: 1:10:43, time: 0.631, data_time: 0.043, memory: 4854, bbox_loss: 0.3728, cls_loss: 0.2182, loss: 0.5911, grad_norm: 2.2072
2026-05-29 09:16:45,221 - mmdet - INFO - Epoch [8][1600/1652]	lr: 1.000e-03, eta: 1:10:12, time: 0.623, data_time: 0.044, memory: 4854, bbox_loss: 0.3786, cls_loss: 0.2181, loss: 0.5967, grad_norm: 1.9085
2026-05-29 09:17:16,150 - mmdet - INFO - Epoch [8][1650/1652]	lr: 1.000e-03, eta: 1:09:40, time: 0.619, data_time: 0.044, memory: 4854, bbox_loss: 0.3790, cls_loss: 0.2169, loss: 0.5959, grad_norm: 1.9383
2026-05-29 09:17:17,339 - mmdet - INFO - Saving checkpoint at 8 epochs
2026-05-29 09:17:52,382 - mmdet - INFO - Epoch [9][50/1652]	lr: 1.000e-04, eta: 1:09:07, time: 0.689, data_time: 0.090, memory: 4854, bbox_loss: 0.3701, cls_loss: 0.2139, loss: 0.5840, grad_norm: 1.8080
2026-05-29 09:18:23,761 - mmdet - INFO - Epoch [9][100/1652]	lr: 1.000e-04, eta: 1:08:36, time: 0.628, data_time: 0.040, memory: 4854, bbox_loss: 0.3466, cls_loss: 0.2006, loss: 0.5473, grad_norm: 1.5449
2026-05-29 09:18:55,514 - mmdet - INFO - Epoch [9][150/1652]	lr: 1.000e-04, eta: 1:08:04, time: 0.635, data_time: 0.044, memory: 4854, bbox_loss: 0.3583, cls_loss: 0.2134, loss: 0.5718, grad_norm: 1.6005
2026-05-29 09:19:26,508 - mmdet - INFO - Epoch [9][200/1652]	lr: 1.000e-04, eta: 1:07:32, time: 0.620, data_time: 0.043, memory: 4854, bbox_loss: 0.3550, cls_loss: 0.2023, loss: 0.5573, grad_norm: 1.6236
2026-05-29 09:19:56,901 - mmdet - INFO - Epoch [9][250/1652]	lr: 1.000e-04, eta: 1:07:00, time: 0.608, data_time: 0.041, memory: 4854, bbox_loss: 0.3596, cls_loss: 0.2068, loss: 0.5663, grad_norm: 1.6030
2026-05-29 09:20:28,244 - mmdet - INFO - Epoch [9][300/1652]	lr: 1.000e-04, eta: 1:06:28, time: 0.627, data_time: 0.041, memory: 4854, bbox_loss: 0.3635, cls_loss: 0.2096, loss: 0.5732, grad_norm: 1.5970
2026-05-29 09:20:58,717 - mmdet - INFO - Epoch [9][350/1652]	lr: 1.000e-04, eta: 1:05:56, time: 0.609, data_time: 0.041, memory: 4854, bbox_loss: 0.3573, cls_loss: 0.2041, loss: 0.5614, grad_norm: 1.7608
2026-05-29 09:21:29,929 - mmdet - INFO - Epoch [9][400/1652]	lr: 1.000e-04, eta: 1:05:24, time: 0.624, data_time: 0.043, memory: 4854, bbox_loss: 0.3475, cls_loss: 0.2023, loss: 0.5498, grad_norm: 1.5827
2026-05-29 09:22:02,199 - mmdet - INFO - Epoch [9][450/1652]	lr: 1.000e-04, eta: 1:04:53, time: 0.645, data_time: 0.042, memory: 4854, bbox_loss: 0.3507, cls_loss: 0.2020, loss: 0.5528, grad_norm: 1.7583
2026-05-29 09:22:34,785 - mmdet - INFO - Epoch [9][500/1652]	lr: 1.000e-04, eta: 1:04:22, time: 0.652, data_time: 0.043, memory: 4854, bbox_loss: 0.3496, cls_loss: 0.2053, loss: 0.5549, grad_norm: 1.7563
2026-05-29 09:23:07,360 - mmdet - INFO - Epoch [9][550/1652]	lr: 1.000e-04, eta: 1:03:51, time: 0.652, data_time: 0.042, memory: 4854, bbox_loss: 0.3486, cls_loss: 0.1990, loss: 0.5475, grad_norm: 1.6914
2026-05-29 09:23:40,836 - mmdet - INFO - Epoch [9][600/1652]	lr: 1.000e-04, eta: 1:03:20, time: 0.669, data_time: 0.043, memory: 4854, bbox_loss: 0.3538, cls_loss: 0.2028, loss: 0.5566, grad_norm: 1.6524
2026-05-29 09:24:13,429 - mmdet - INFO - Epoch [9][650/1652]	lr: 1.000e-04, eta: 1:02:49, time: 0.652, data_time: 0.046, memory: 4854, bbox_loss: 0.3476, cls_loss: 0.1940, loss: 0.5416, grad_norm: 1.8429
2026-05-29 09:24:46,017 - mmdet - INFO - Epoch [9][700/1652]	lr: 1.000e-04, eta: 1:02:17, time: 0.652, data_time: 0.043, memory: 4854, bbox_loss: 0.3470, cls_loss: 0.1962, loss: 0.5432, grad_norm: 1.7529
2026-05-29 09:25:18,192 - mmdet - INFO - Epoch [9][750/1652]	lr: 1.000e-04, eta: 1:01:46, time: 0.643, data_time: 0.043, memory: 4854, bbox_loss: 0.3491, cls_loss: 0.2000, loss: 0.5491, grad_norm: 1.8233
2026-05-29 09:25:51,321 - mmdet - INFO - Epoch [9][800/1652]	lr: 1.000e-04, eta: 1:01:15, time: 0.663, data_time: 0.044, memory: 4854, bbox_loss: 0.3527, cls_loss: 0.1981, loss: 0.5509, grad_norm: 1.6369
2026-05-29 09:26:24,058 - mmdet - INFO - Epoch [9][850/1652]	lr: 1.000e-04, eta: 1:00:44, time: 0.655, data_time: 0.042, memory: 4854, bbox_loss: 0.3532, cls_loss: 0.2020, loss: 0.5552, grad_norm: 1.6802
2026-05-29 09:26:56,741 - mmdet - INFO - Epoch [9][900/1652]	lr: 1.000e-04, eta: 1:00:13, time: 0.654, data_time: 0.044, memory: 4854, bbox_loss: 0.3450, cls_loss: 0.1929, loss: 0.5378, grad_norm: 1.8057
2026-05-29 09:27:29,741 - mmdet - INFO - Epoch [9][950/1652]	lr: 1.000e-04, eta: 0:59:41, time: 0.660, data_time: 0.045, memory: 4854, bbox_loss: 0.3475, cls_loss: 0.1913, loss: 0.5388, grad_norm: 1.6638
2026-05-29 09:28:02,980 - mmdet - INFO - Epoch [9][1000/1652]	lr: 1.000e-04, eta: 0:59:10, time: 0.665, data_time: 0.045, memory: 4854, bbox_loss: 0.3495, cls_loss: 0.2044, loss: 0.5539, grad_norm: 1.7145
2026-05-29 09:28:36,099 - mmdet - INFO - Epoch [9][1050/1652]	lr: 1.000e-04, eta: 0:58:39, time: 0.662, data_time: 0.045, memory: 4854, bbox_loss: 0.3453, cls_loss: 0.1971, loss: 0.5424, grad_norm: 1.7181
2026-05-29 09:29:08,699 - mmdet - INFO - Epoch [9][1100/1652]	lr: 1.000e-04, eta: 0:58:08, time: 0.652, data_time: 0.044, memory: 4854, bbox_loss: 0.3530, cls_loss: 0.2023, loss: 0.5553, grad_norm: 1.6953
2026-05-29 09:29:41,079 - mmdet - INFO - Epoch [9][1150/1652]	lr: 1.000e-04, eta: 0:57:37, time: 0.648, data_time: 0.043, memory: 4854, bbox_loss: 0.3554, cls_loss: 0.1986, loss: 0.5540, grad_norm: 1.6721
2026-05-29 09:30:13,332 - mmdet - INFO - Epoch [9][1200/1652]	lr: 1.000e-04, eta: 0:57:05, time: 0.645, data_time: 0.043, memory: 4854, bbox_loss: 0.3463, cls_loss: 0.1972, loss: 0.5435, grad_norm: 1.7607
2026-05-29 09:30:46,276 - mmdet - INFO - Epoch [9][1250/1652]	lr: 1.000e-04, eta: 0:56:34, time: 0.659, data_time: 0.044, memory: 4854, bbox_loss: 0.3488, cls_loss: 0.1985, loss: 0.5473, grad_norm: 1.8688
2026-05-29 09:31:18,955 - mmdet - INFO - Epoch [9][1300/1652]	lr: 1.000e-04, eta: 0:56:03, time: 0.654, data_time: 0.042, memory: 4854, bbox_loss: 0.3441, cls_loss: 0.1978, loss: 0.5419, grad_norm: 1.6842
2026-05-29 09:31:52,016 - mmdet - INFO - Epoch [9][1350/1652]	lr: 1.000e-04, eta: 0:55:31, time: 0.661, data_time: 0.044, memory: 4854, bbox_loss: 0.3589, cls_loss: 0.2068, loss: 0.5658, grad_norm: 1.6932
2026-05-29 09:32:24,145 - mmdet - INFO - Epoch [9][1400/1652]	lr: 1.000e-04, eta: 0:55:00, time: 0.643, data_time: 0.044, memory: 4854, bbox_loss: 0.3546, cls_loss: 0.2015, loss: 0.5561, grad_norm: 1.7141
2026-05-29 09:32:57,314 - mmdet - INFO - Epoch [9][1450/1652]	lr: 1.000e-04, eta: 0:54:29, time: 0.663, data_time: 0.043, memory: 4854, bbox_loss: 0.3530, cls_loss: 0.2022, loss: 0.5551, grad_norm: 1.7738
2026-05-29 09:33:30,164 - mmdet - INFO - Epoch [9][1500/1652]	lr: 1.000e-04, eta: 0:53:57, time: 0.657, data_time: 0.045, memory: 4854, bbox_loss: 0.3562, cls_loss: 0.2030, loss: 0.5591, grad_norm: 1.6832
2026-05-29 09:34:02,514 - mmdet - INFO - Epoch [9][1550/1652]	lr: 1.000e-04, eta: 0:53:26, time: 0.647, data_time: 0.042, memory: 4854, bbox_loss: 0.3542, cls_loss: 0.2020, loss: 0.5561, grad_norm: 1.7381
2026-05-29 09:34:35,198 - mmdet - INFO - Epoch [9][1600/1652]	lr: 1.000e-04, eta: 0:52:55, time: 0.654, data_time: 0.043, memory: 4854, bbox_loss: 0.3497, cls_loss: 0.2008, loss: 0.5506, grad_norm: 1.7763
2026-05-29 09:35:07,944 - mmdet - INFO - Epoch [9][1650/1652]	lr: 1.000e-04, eta: 0:52:23, time: 0.655, data_time: 0.044, memory: 4854, bbox_loss: 0.3555, cls_loss: 0.2023, loss: 0.5578, grad_norm: 1.7572
2026-05-29 09:35:09,340 - mmdet - INFO - Saving checkpoint at 9 epochs
2026-05-29 09:35:45,833 - mmdet - INFO - Epoch [10][50/1652]	lr: 1.000e-04, eta: 0:51:51, time: 0.715, data_time: 0.091, memory: 4854, bbox_loss: 0.3500, cls_loss: 0.1945, loss: 0.5445, grad_norm: 1.7907
2026-05-29 09:36:19,127 - mmdet - INFO - Epoch [10][100/1652]	lr: 1.000e-04, eta: 0:51:20, time: 0.666, data_time: 0.044, memory: 4854, bbox_loss: 0.3431, cls_loss: 0.1933, loss: 0.5363, grad_norm: 1.6865
2026-05-29 09:36:52,199 - mmdet - INFO - Epoch [10][150/1652]	lr: 1.000e-04, eta: 0:50:49, time: 0.661, data_time: 0.044, memory: 4854, bbox_loss: 0.3455, cls_loss: 0.1908, loss: 0.5363, grad_norm: 1.7218
2026-05-29 09:37:24,137 - mmdet - INFO - Epoch [10][200/1652]	lr: 1.000e-04, eta: 0:50:17, time: 0.639, data_time: 0.044, memory: 4854, bbox_loss: 0.3486, cls_loss: 0.1986, loss: 0.5472, grad_norm: 1.7954
2026-05-29 09:37:54,857 - mmdet - INFO - Epoch [10][250/1652]	lr: 1.000e-04, eta: 0:49:45, time: 0.614, data_time: 0.044, memory: 4854, bbox_loss: 0.3410, cls_loss: 0.1912, loss: 0.5322, grad_norm: 1.8758
2026-05-29 09:38:26,313 - mmdet - INFO - Epoch [10][300/1652]	lr: 1.000e-04, eta: 0:49:13, time: 0.629, data_time: 0.044, memory: 4854, bbox_loss: 0.3455, cls_loss: 0.1941, loss: 0.5396, grad_norm: 1.8721
2026-05-29 09:38:57,523 - mmdet - INFO - Epoch [10][350/1652]	lr: 1.000e-04, eta: 0:48:41, time: 0.624, data_time: 0.043, memory: 4854, bbox_loss: 0.3521, cls_loss: 0.2073, loss: 0.5594, grad_norm: 1.7167
2026-05-29 09:39:28,401 - mmdet - INFO - Epoch [10][400/1652]	lr: 1.000e-04, eta: 0:48:09, time: 0.618, data_time: 0.043, memory: 4854, bbox_loss: 0.3459, cls_loss: 0.1947, loss: 0.5406, grad_norm: 1.7690
2026-05-29 09:39:59,218 - mmdet - INFO - Epoch [10][450/1652]	lr: 1.000e-04, eta: 0:47:37, time: 0.616, data_time: 0.043, memory: 4854, bbox_loss: 0.3348, cls_loss: 0.1896, loss: 0.5244, grad_norm: 1.7794
2026-05-29 09:40:30,295 - mmdet - INFO - Epoch [10][500/1652]	lr: 1.000e-04, eta: 0:47:06, time: 0.622, data_time: 0.043, memory: 4854, bbox_loss: 0.3496, cls_loss: 0.1970, loss: 0.5466, grad_norm: 1.7874
2026-05-29 09:41:01,055 - mmdet - INFO - Epoch [10][550/1652]	lr: 1.000e-04, eta: 0:46:34, time: 0.615, data_time: 0.042, memory: 4854, bbox_loss: 0.3481, cls_loss: 0.1998, loss: 0.5478, grad_norm: 1.8931
2026-05-29 09:41:33,708 - mmdet - INFO - Epoch [10][600/1652]	lr: 1.000e-04, eta: 0:46:02, time: 0.653, data_time: 0.045, memory: 4854, bbox_loss: 0.3428, cls_loss: 0.1936, loss: 0.5363, grad_norm: 1.7267
2026-05-29 09:42:06,572 - mmdet - INFO - Epoch [10][650/1652]	lr: 1.000e-04, eta: 0:45:31, time: 0.657, data_time: 0.043, memory: 4854, bbox_loss: 0.3502, cls_loss: 0.1992, loss: 0.5494, grad_norm: 1.7331
2026-05-29 09:42:39,769 - mmdet - INFO - Epoch [10][700/1652]	lr: 1.000e-04, eta: 0:44:59, time: 0.664, data_time: 0.044, memory: 4854, bbox_loss: 0.3494, cls_loss: 0.1950, loss: 0.5444, grad_norm: 1.7715
2026-05-29 09:43:13,212 - mmdet - INFO - Epoch [10][750/1652]	lr: 1.000e-04, eta: 0:44:28, time: 0.669, data_time: 0.044, memory: 4854, bbox_loss: 0.3473, cls_loss: 0.1983, loss: 0.5456, grad_norm: 1.6763
2026-05-29 09:43:44,800 - mmdet - INFO - Epoch [10][800/1652]	lr: 1.000e-04, eta: 0:43:56, time: 0.632, data_time: 0.042, memory: 4854, bbox_loss: 0.3582, cls_loss: 0.2037, loss: 0.5619, grad_norm: 1.8130
2026-05-29 09:44:17,119 - mmdet - INFO - Epoch [10][850/1652]	lr: 1.000e-04, eta: 0:43:25, time: 0.646, data_time: 0.043, memory: 4854, bbox_loss: 0.3572, cls_loss: 0.1988, loss: 0.5560, grad_norm: 1.7993
2026-05-29 09:44:49,990 - mmdet - INFO - Epoch [10][900/1652]	lr: 1.000e-04, eta: 0:42:53, time: 0.657, data_time: 0.045, memory: 4854, bbox_loss: 0.3456, cls_loss: 0.1923, loss: 0.5378, grad_norm: 1.7563
2026-05-29 09:45:22,752 - mmdet - INFO - Epoch [10][950/1652]	lr: 1.000e-04, eta: 0:42:22, time: 0.655, data_time: 0.044, memory: 4854, bbox_loss: 0.3468, cls_loss: 0.2006, loss: 0.5473, grad_norm: 1.7722
2026-05-29 09:45:55,246 - mmdet - INFO - Epoch [10][1000/1652]	lr: 1.000e-04, eta: 0:41:50, time: 0.650, data_time: 0.044, memory: 4854, bbox_loss: 0.3354, cls_loss: 0.1920, loss: 0.5275, grad_norm: 1.7673
2026-05-29 09:46:28,401 - mmdet - INFO - Epoch [10][1050/1652]	lr: 1.000e-04, eta: 0:41:19, time: 0.663, data_time: 0.047, memory: 4854, bbox_loss: 0.3517, cls_loss: 0.1961, loss: 0.5478, grad_norm: 1.7327
2026-05-29 09:47:01,606 - mmdet - INFO - Epoch [10][1100/1652]	lr: 1.000e-04, eta: 0:40:48, time: 0.664, data_time: 0.044, memory: 4854, bbox_loss: 0.3511, cls_loss: 0.2032, loss: 0.5543, grad_norm: 1.7251
2026-05-29 09:47:33,285 - mmdet - INFO - Epoch [10][1150/1652]	lr: 1.000e-04, eta: 0:40:16, time: 0.634, data_time: 0.044, memory: 4854, bbox_loss: 0.3503, cls_loss: 0.1954, loss: 0.5457, grad_norm: 1.7978
2026-05-29 09:48:03,942 - mmdet - INFO - Epoch [10][1200/1652]	lr: 1.000e-04, eta: 0:39:44, time: 0.613, data_time: 0.042, memory: 4854, bbox_loss: 0.3549, cls_loss: 0.1971, loss: 0.5520, grad_norm: 1.7413
2026-05-29 09:48:35,451 - mmdet - INFO - Epoch [10][1250/1652]	lr: 1.000e-04, eta: 0:39:12, time: 0.630, data_time: 0.042, memory: 4854, bbox_loss: 0.3472, cls_loss: 0.2001, loss: 0.5472, grad_norm: 1.7556
2026-05-29 09:49:06,790 - mmdet - INFO - Epoch [10][1300/1652]	lr: 1.000e-04, eta: 0:38:40, time: 0.627, data_time: 0.044, memory: 4854, bbox_loss: 0.3458, cls_loss: 0.1969, loss: 0.5427, grad_norm: 1.8207
2026-05-29 09:49:38,536 - mmdet - INFO - Epoch [10][1350/1652]	lr: 1.000e-04, eta: 0:38:08, time: 0.635, data_time: 0.045, memory: 4854, bbox_loss: 0.3388, cls_loss: 0.1906, loss: 0.5294, grad_norm: 1.6926
2026-05-29 09:50:10,130 - mmdet - INFO - Epoch [10][1400/1652]	lr: 1.000e-04, eta: 0:37:37, time: 0.632, data_time: 0.042, memory: 4854, bbox_loss: 0.3505, cls_loss: 0.1959, loss: 0.5464, grad_norm: 1.6805
2026-05-29 09:50:41,492 - mmdet - INFO - Epoch [10][1450/1652]	lr: 1.000e-04, eta: 0:37:05, time: 0.627, data_time: 0.042, memory: 4854, bbox_loss: 0.3428, cls_loss: 0.1909, loss: 0.5337, grad_norm: 1.8549
2026-05-29 09:51:12,569 - mmdet - INFO - Epoch [10][1500/1652]	lr: 1.000e-04, eta: 0:36:33, time: 0.622, data_time: 0.042, memory: 4854, bbox_loss: 0.3483, cls_loss: 0.1977, loss: 0.5461, grad_norm: 1.8087
2026-05-29 09:51:43,302 - mmdet - INFO - Epoch [10][1550/1652]	lr: 1.000e-04, eta: 0:36:01, time: 0.615, data_time: 0.043, memory: 4854, bbox_loss: 0.3416, cls_loss: 0.1975, loss: 0.5391, grad_norm: 1.7474
2026-05-29 09:52:13,841 - mmdet - INFO - Epoch [10][1600/1652]	lr: 1.000e-04, eta: 0:35:29, time: 0.611, data_time: 0.042, memory: 4854, bbox_loss: 0.3476, cls_loss: 0.1925, loss: 0.5401, grad_norm: 1.7989
2026-05-29 09:52:44,167 - mmdet - INFO - Epoch [10][1650/1652]	lr: 1.000e-04, eta: 0:34:57, time: 0.606, data_time: 0.043, memory: 4854, bbox_loss: 0.3563, cls_loss: 0.2006, loss: 0.5570, grad_norm: 1.7730
2026-05-29 09:52:45,406 - mmdet - INFO - Saving checkpoint at 10 epochs
2026-05-29 09:53:21,880 - mmdet - INFO - Epoch [11][50/1652]	lr: 1.000e-04, eta: 0:34:25, time: 0.718, data_time: 0.097, memory: 4854, bbox_loss: 0.3472, cls_loss: 0.1973, loss: 0.5446, grad_norm: 1.6809
2026-05-29 09:53:53,971 - mmdet - INFO - Epoch [11][100/1652]	lr: 1.000e-04, eta: 0:33:53, time: 0.642, data_time: 0.044, memory: 4854, bbox_loss: 0.3555, cls_loss: 0.1990, loss: 0.5545, grad_norm: 1.7522
2026-05-29 09:54:26,659 - mmdet - INFO - Epoch [11][150/1652]	lr: 1.000e-04, eta: 0:33:21, time: 0.654, data_time: 0.044, memory: 4854, bbox_loss: 0.3465, cls_loss: 0.1944, loss: 0.5410, grad_norm: 1.9017
2026-05-29 09:55:00,196 - mmdet - INFO - Epoch [11][200/1652]	lr: 1.000e-04, eta: 0:32:50, time: 0.671, data_time: 0.044, memory: 4854, bbox_loss: 0.3464, cls_loss: 0.1932, loss: 0.5396, grad_norm: 1.8820
2026-05-29 09:55:33,136 - mmdet - INFO - Epoch [11][250/1652]	lr: 1.000e-04, eta: 0:32:19, time: 0.659, data_time: 0.044, memory: 4854, bbox_loss: 0.3468, cls_loss: 0.1937, loss: 0.5406, grad_norm: 1.7593
2026-05-29 09:56:04,486 - mmdet - INFO - Epoch [11][300/1652]	lr: 1.000e-04, eta: 0:31:47, time: 0.627, data_time: 0.045, memory: 4854, bbox_loss: 0.3434, cls_loss: 0.2001, loss: 0.5435, grad_norm: 1.7376
2026-05-29 09:56:35,618 - mmdet - INFO - Epoch [11][350/1652]	lr: 1.000e-04, eta: 0:31:15, time: 0.623, data_time: 0.043, memory: 4854, bbox_loss: 0.3460, cls_loss: 0.1953, loss: 0.5412, grad_norm: 1.6726
2026-05-29 09:57:06,674 - mmdet - INFO - Epoch [11][400/1652]	lr: 1.000e-04, eta: 0:30:43, time: 0.621, data_time: 0.042, memory: 4854, bbox_loss: 0.3460, cls_loss: 0.1992, loss: 0.5453, grad_norm: 1.7365
2026-05-29 09:57:37,263 - mmdet - INFO - Epoch [11][450/1652]	lr: 1.000e-04, eta: 0:30:11, time: 0.612, data_time: 0.041, memory: 4854, bbox_loss: 0.3449, cls_loss: 0.1890, loss: 0.5339, grad_norm: 1.8640
2026-05-29 09:58:08,678 - mmdet - INFO - Epoch [11][500/1652]	lr: 1.000e-04, eta: 0:29:39, time: 0.628, data_time: 0.043, memory: 4854, bbox_loss: 0.3461, cls_loss: 0.1919, loss: 0.5380, grad_norm: 1.6921
2026-05-29 09:58:40,173 - mmdet - INFO - Epoch [11][550/1652]	lr: 1.000e-04, eta: 0:29:08, time: 0.630, data_time: 0.043, memory: 4854, bbox_loss: 0.3386, cls_loss: 0.1863, loss: 0.5249, grad_norm: 1.7280
2026-05-29 09:59:11,255 - mmdet - INFO - Epoch [11][600/1652]	lr: 1.000e-04, eta: 0:28:36, time: 0.622, data_time: 0.043, memory: 4854, bbox_loss: 0.3562, cls_loss: 0.2039, loss: 0.5602, grad_norm: 1.7742
2026-05-29 09:59:41,739 - mmdet - INFO - Epoch [11][650/1652]	lr: 1.000e-04, eta: 0:28:04, time: 0.610, data_time: 0.044, memory: 4854, bbox_loss: 0.3424, cls_loss: 0.1939, loss: 0.5363, grad_norm: 1.8509
2026-05-29 10:00:13,638 - mmdet - INFO - Epoch [11][700/1652]	lr: 1.000e-04, eta: 0:27:32, time: 0.638, data_time: 0.043, memory: 4854, bbox_loss: 0.3463, cls_loss: 0.1952, loss: 0.5415, grad_norm: 1.7985
2026-05-29 10:00:44,701 - mmdet - INFO - Epoch [11][750/1652]	lr: 1.000e-04, eta: 0:27:00, time: 0.621, data_time: 0.044, memory: 4854, bbox_loss: 0.3500, cls_loss: 0.1926, loss: 0.5426, grad_norm: 1.8863
2026-05-29 10:01:16,578 - mmdet - INFO - Epoch [11][800/1652]	lr: 1.000e-04, eta: 0:26:28, time: 0.638, data_time: 0.043, memory: 4854, bbox_loss: 0.3435, cls_loss: 0.1931, loss: 0.5365, grad_norm: 1.7789
2026-05-29 10:01:46,904 - mmdet - INFO - Epoch [11][850/1652]	lr: 1.000e-04, eta: 0:25:57, time: 0.607, data_time: 0.042, memory: 4854, bbox_loss: 0.3393, cls_loss: 0.1930, loss: 0.5323, grad_norm: 1.7941
2026-05-29 10:02:19,200 - mmdet - INFO - Epoch [11][900/1652]	lr: 1.000e-04, eta: 0:25:25, time: 0.646, data_time: 0.044, memory: 4854, bbox_loss: 0.3462, cls_loss: 0.1903, loss: 0.5364, grad_norm: 1.8364
2026-05-29 10:02:51,688 - mmdet - INFO - Epoch [11][950/1652]	lr: 1.000e-04, eta: 0:24:53, time: 0.650, data_time: 0.043, memory: 4854, bbox_loss: 0.3422, cls_loss: 0.1955, loss: 0.5377, grad_norm: 1.9070
2026-05-29 10:03:24,268 - mmdet - INFO - Epoch [11][1000/1652]	lr: 1.000e-04, eta: 0:24:22, time: 0.652, data_time: 0.044, memory: 4854, bbox_loss: 0.3447, cls_loss: 0.2035, loss: 0.5482, grad_norm: 1.7944
2026-05-29 10:03:57,306 - mmdet - INFO - Epoch [11][1050/1652]	lr: 1.000e-04, eta: 0:23:50, time: 0.661, data_time: 0.045, memory: 4854, bbox_loss: 0.3531, cls_loss: 0.1930, loss: 0.5461, grad_norm: 1.9598
2026-05-29 10:04:29,894 - mmdet - INFO - Epoch [11][1100/1652]	lr: 1.000e-04, eta: 0:23:18, time: 0.652, data_time: 0.044, memory: 4854, bbox_loss: 0.3370, cls_loss: 0.1870, loss: 0.5240, grad_norm: 1.8577
2026-05-29 10:05:02,408 - mmdet - INFO - Epoch [11][1150/1652]	lr: 1.000e-04, eta: 0:22:47, time: 0.650, data_time: 0.045, memory: 4854, bbox_loss: 0.3488, cls_loss: 0.1927, loss: 0.5415, grad_norm: 1.8596
2026-05-29 10:05:35,469 - mmdet - INFO - Epoch [11][1200/1652]	lr: 1.000e-04, eta: 0:22:15, time: 0.661, data_time: 0.044, memory: 4854, bbox_loss: 0.3465, cls_loss: 0.1909, loss: 0.5374, grad_norm: 1.8932
2026-05-29 10:06:08,545 - mmdet - INFO - Epoch [11][1250/1652]	lr: 1.000e-04, eta: 0:21:44, time: 0.662, data_time: 0.044, memory: 4854, bbox_loss: 0.3452, cls_loss: 0.1914, loss: 0.5366, grad_norm: 1.7555
2026-05-29 10:06:41,364 - mmdet - INFO - Epoch [11][1300/1652]	lr: 1.000e-04, eta: 0:21:12, time: 0.656, data_time: 0.043, memory: 4854, bbox_loss: 0.3459, cls_loss: 0.1955, loss: 0.5414, grad_norm: 1.7412
2026-05-29 10:07:14,270 - mmdet - INFO - Epoch [11][1350/1652]	lr: 1.000e-04, eta: 0:20:40, time: 0.658, data_time: 0.044, memory: 4854, bbox_loss: 0.3401, cls_loss: 0.1905, loss: 0.5307, grad_norm: 1.8553
2026-05-29 10:07:47,422 - mmdet - INFO - Epoch [11][1400/1652]	lr: 1.000e-04, eta: 0:20:09, time: 0.663, data_time: 0.043, memory: 4854, bbox_loss: 0.3347, cls_loss: 0.1875, loss: 0.5222, grad_norm: 1.9664
2026-05-29 10:08:20,232 - mmdet - INFO - Epoch [11][1450/1652]	lr: 1.000e-04, eta: 0:19:37, time: 0.656, data_time: 0.043, memory: 4854, bbox_loss: 0.3408, cls_loss: 0.1941, loss: 0.5349, grad_norm: 1.6920
2026-05-29 10:08:52,874 - mmdet - INFO - Epoch [11][1500/1652]	lr: 1.000e-04, eta: 0:19:05, time: 0.653, data_time: 0.045, memory: 4854, bbox_loss: 0.3404, cls_loss: 0.1922, loss: 0.5327, grad_norm: 1.8397
2026-05-29 10:09:26,032 - mmdet - INFO - Epoch [11][1550/1652]	lr: 1.000e-04, eta: 0:18:34, time: 0.663, data_time: 0.044, memory: 4854, bbox_loss: 0.3326, cls_loss: 0.1857, loss: 0.5183, grad_norm: 1.8233
2026-05-29 10:09:58,363 - mmdet - INFO - Epoch [11][1600/1652]	lr: 1.000e-04, eta: 0:18:02, time: 0.647, data_time: 0.042, memory: 4854, bbox_loss: 0.3519, cls_loss: 0.1972, loss: 0.5491, grad_norm: 1.9304
2026-05-29 10:10:31,315 - mmdet - INFO - Epoch [11][1650/1652]	lr: 1.000e-04, eta: 0:17:30, time: 0.659, data_time: 0.043, memory: 4854, bbox_loss: 0.3426, cls_loss: 0.1908, loss: 0.5333, grad_norm: 1.7999
2026-05-29 10:10:32,721 - mmdet - INFO - Saving checkpoint at 11 epochs
2026-05-29 10:11:08,089 - mmdet - INFO - Epoch [12][50/1652]	lr: 1.000e-05, eta: 0:16:58, time: 0.692, data_time: 0.092, memory: 4854, bbox_loss: 0.3388, cls_loss: 0.1886, loss: 0.5275, grad_norm: 1.6479
2026-05-29 10:11:39,514 - mmdet - INFO - Epoch [12][100/1652]	lr: 1.000e-05, eta: 0:16:26, time: 0.628, data_time: 0.044, memory: 4854, bbox_loss: 0.3416, cls_loss: 0.1915, loss: 0.5331, grad_norm: 1.6379
2026-05-29 10:12:11,089 - mmdet - INFO - Epoch [12][150/1652]	lr: 1.000e-05, eta: 0:15:54, time: 0.631, data_time: 0.043, memory: 4854, bbox_loss: 0.3490, cls_loss: 0.1940, loss: 0.5430, grad_norm: 1.7967
2026-05-29 10:12:43,758 - mmdet - INFO - Epoch [12][200/1652]	lr: 1.000e-05, eta: 0:15:22, time: 0.653, data_time: 0.045, memory: 4854, bbox_loss: 0.3425, cls_loss: 0.1906, loss: 0.5331, grad_norm: 1.6590
2026-05-29 10:13:16,159 - mmdet - INFO - Epoch [12][250/1652]	lr: 1.000e-05, eta: 0:14:51, time: 0.648, data_time: 0.044, memory: 4854, bbox_loss: 0.3378, cls_loss: 0.1875, loss: 0.5253, grad_norm: 1.8804
2026-05-29 10:13:48,518 - mmdet - INFO - Epoch [12][300/1652]	lr: 1.000e-05, eta: 0:14:19, time: 0.647, data_time: 0.044, memory: 4854, bbox_loss: 0.3377, cls_loss: 0.1842, loss: 0.5218, grad_norm: 1.7030
2026-05-29 10:14:21,758 - mmdet - INFO - Epoch [12][350/1652]	lr: 1.000e-05, eta: 0:13:47, time: 0.665, data_time: 0.045, memory: 4854, bbox_loss: 0.3369, cls_loss: 0.1882, loss: 0.5251, grad_norm: 1.6906
2026-05-29 10:14:54,871 - mmdet - INFO - Epoch [12][400/1652]	lr: 1.000e-05, eta: 0:13:15, time: 0.662, data_time: 0.044, memory: 4854, bbox_loss: 0.3435, cls_loss: 0.1944, loss: 0.5379, grad_norm: 1.6311
2026-05-29 10:15:26,952 - mmdet - INFO - Epoch [12][450/1652]	lr: 1.000e-05, eta: 0:12:44, time: 0.642, data_time: 0.043, memory: 4854, bbox_loss: 0.3426, cls_loss: 0.1888, loss: 0.5315, grad_norm: 1.7758
2026-05-29 10:15:59,796 - mmdet - INFO - Epoch [12][500/1652]	lr: 1.000e-05, eta: 0:12:12, time: 0.657, data_time: 0.042, memory: 4854, bbox_loss: 0.3540, cls_loss: 0.1953, loss: 0.5493, grad_norm: 1.6348
2026-05-29 10:16:32,769 - mmdet - INFO - Epoch [12][550/1652]	lr: 1.000e-05, eta: 0:11:40, time: 0.659, data_time: 0.044, memory: 4854, bbox_loss: 0.3403, cls_loss: 0.1874, loss: 0.5277, grad_norm: 1.7368
2026-05-29 10:17:05,003 - mmdet - INFO - Epoch [12][600/1652]	lr: 1.000e-05, eta: 0:11:08, time: 0.645, data_time: 0.042, memory: 4854, bbox_loss: 0.3461, cls_loss: 0.1895, loss: 0.5356, grad_norm: 1.7550
2026-05-29 10:17:37,871 - mmdet - INFO - Epoch [12][650/1652]	lr: 1.000e-05, eta: 0:10:37, time: 0.657, data_time: 0.043, memory: 4854, bbox_loss: 0.3433, cls_loss: 0.1915, loss: 0.5348, grad_norm: 1.6902
2026-05-29 10:18:10,683 - mmdet - INFO - Epoch [12][700/1652]	lr: 1.000e-05, eta: 0:10:05, time: 0.656, data_time: 0.044, memory: 4854, bbox_loss: 0.3471, cls_loss: 0.1908, loss: 0.5379, grad_norm: 1.7580
2026-05-29 10:18:43,382 - mmdet - INFO - Epoch [12][750/1652]	lr: 1.000e-05, eta: 0:09:33, time: 0.654, data_time: 0.044, memory: 4854, bbox_loss: 0.3444, cls_loss: 0.1989, loss: 0.5433, grad_norm: 1.8771
2026-05-29 10:19:16,120 - mmdet - INFO - Epoch [12][800/1652]	lr: 1.000e-05, eta: 0:09:01, time: 0.655, data_time: 0.043, memory: 4854, bbox_loss: 0.3464, cls_loss: 0.1995, loss: 0.5458, grad_norm: 1.6619
2026-05-29 10:19:48,635 - mmdet - INFO - Epoch [12][850/1652]	lr: 1.000e-05, eta: 0:08:30, time: 0.650, data_time: 0.044, memory: 4854, bbox_loss: 0.3454, cls_loss: 0.1939, loss: 0.5392, grad_norm: 1.7013
2026-05-29 10:20:21,961 - mmdet - INFO - Epoch [12][900/1652]	lr: 1.000e-05, eta: 0:07:58, time: 0.667, data_time: 0.045, memory: 4854, bbox_loss: 0.3404, cls_loss: 0.1913, loss: 0.5317, grad_norm: 1.6694
2026-05-29 10:20:54,668 - mmdet - INFO - Epoch [12][950/1652]	lr: 1.000e-05, eta: 0:07:26, time: 0.654, data_time: 0.043, memory: 4854, bbox_loss: 0.3422, cls_loss: 0.1931, loss: 0.5353, grad_norm: 1.7569
2026-05-29 10:21:27,605 - mmdet - INFO - Epoch [12][1000/1652]	lr: 1.000e-05, eta: 0:06:54, time: 0.659, data_time: 0.045, memory: 4854, bbox_loss: 0.3363, cls_loss: 0.1836, loss: 0.5199, grad_norm: 1.7081
2026-05-29 10:22:00,524 - mmdet - INFO - Epoch [12][1050/1652]	lr: 1.000e-05, eta: 0:06:23, time: 0.658, data_time: 0.047, memory: 4854, bbox_loss: 0.3462, cls_loss: 0.1964, loss: 0.5426, grad_norm: 1.8117
2026-05-29 10:22:33,206 - mmdet - INFO - Epoch [12][1100/1652]	lr: 1.000e-05, eta: 0:05:51, time: 0.654, data_time: 0.043, memory: 4854, bbox_loss: 0.3428, cls_loss: 0.1957, loss: 0.5385, grad_norm: 1.7657
2026-05-29 10:23:06,809 - mmdet - INFO - Epoch [12][1150/1652]	lr: 1.000e-05, eta: 0:05:19, time: 0.672, data_time: 0.043, memory: 4854, bbox_loss: 0.3406, cls_loss: 0.1863, loss: 0.5269, grad_norm: 1.8562
2026-05-29 10:23:39,855 - mmdet - INFO - Epoch [12][1200/1652]	lr: 1.000e-05, eta: 0:04:47, time: 0.661, data_time: 0.044, memory: 4854, bbox_loss: 0.3400, cls_loss: 0.1961, loss: 0.5361, grad_norm: 1.7601
2026-05-29 10:24:12,598 - mmdet - INFO - Epoch [12][1250/1652]	lr: 1.000e-05, eta: 0:04:15, time: 0.655, data_time: 0.043, memory: 4854, bbox_loss: 0.3419, cls_loss: 0.1891, loss: 0.5309, grad_norm: 1.6948
2026-05-29 10:24:45,505 - mmdet - INFO - Epoch [12][1300/1652]	lr: 1.000e-05, eta: 0:03:44, time: 0.658, data_time: 0.044, memory: 4854, bbox_loss: 0.3412, cls_loss: 0.1882, loss: 0.5293, grad_norm: 1.6734
2026-05-29 10:25:18,269 - mmdet - INFO - Epoch [12][1350/1652]	lr: 1.000e-05, eta: 0:03:12, time: 0.655, data_time: 0.044, memory: 4854, bbox_loss: 0.3436, cls_loss: 0.1898, loss: 0.5334, grad_norm: 1.7141
2026-05-29 10:25:51,339 - mmdet - INFO - Epoch [12][1400/1652]	lr: 1.000e-05, eta: 0:02:40, time: 0.661, data_time: 0.045, memory: 4854, bbox_loss: 0.3352, cls_loss: 0.1847, loss: 0.5198, grad_norm: 1.6510
2026-05-29 10:26:23,379 - mmdet - INFO - Epoch [12][1450/1652]	lr: 1.000e-05, eta: 0:02:08, time: 0.641, data_time: 0.043, memory: 4854, bbox_loss: 0.3384, cls_loss: 0.1889, loss: 0.5272, grad_norm: 1.7221
2026-05-29 10:26:55,380 - mmdet - INFO - Epoch [12][1500/1652]	lr: 1.000e-05, eta: 0:01:36, time: 0.640, data_time: 0.043, memory: 4854, bbox_loss: 0.3406, cls_loss: 0.1878, loss: 0.5284, grad_norm: 1.8137
2026-05-29 10:27:27,665 - mmdet - INFO - Epoch [12][1550/1652]	lr: 1.000e-05, eta: 0:01:04, time: 0.646, data_time: 0.043, memory: 4854, bbox_loss: 0.3512, cls_loss: 0.1863, loss: 0.5376, grad_norm: 1.6278
2026-05-29 10:27:58,130 - mmdet - INFO - Epoch [12][1600/1652]	lr: 1.000e-05, eta: 0:00:33, time: 0.609, data_time: 0.045, memory: 4854, bbox_loss: 0.3308, cls_loss: 0.1873, loss: 0.5180, grad_norm: 1.8551
2026-05-29 10:28:29,529 - mmdet - INFO - Epoch [12][1650/1652]	lr: 1.000e-05, eta: 0:00:01, time: 0.628, data_time: 0.043, memory: 4854, bbox_loss: 0.3423, cls_loss: 0.1900, loss: 0.5323, grad_norm: 1.6290
2026-05-29 10:28:30,841 - mmdet - INFO - Saving checkpoint at 12 epochs
2026-05-29 10:32:34,380 - mmdet - INFO - 
+-------------+---------+---------+---------+---------+
| classes     | AP_0.25 | AR_0.25 | AP_0.50 | AR_0.50 |
+-------------+---------+---------+---------+---------+
| bed         | 0.8859  | 0.9922  | 0.6804  | 0.8078  |
| table       | 0.5894  | 0.9744  | 0.3875  | 0.7419  |
| sofa        | 0.7174  | 0.9872  | 0.6121  | 0.8373  |
| chair       | 0.8248  | 0.9719  | 0.7002  | 0.8632  |
| toilet      | 0.9579  | 0.9931  | 0.7430  | 0.8345  |
| desk        | 0.4056  | 0.9469  | 0.1887  | 0.6249  |
| dresser     | 0.4466  | 0.9495  | 0.3480  | 0.7615  |
| night_stand | 0.7331  | 0.9686  | 0.6349  | 0.8549  |
| bookshelf   | 0.3789  | 0.9149  | 0.1398  | 0.4255  |
| bathtub     | 0.8094  | 0.9592  | 0.5434  | 0.6939  |
+-------------+---------+---------+---------+---------+
| Overall     | 0.6749  | 0.9658  | 0.4977  | 0.7445  |
+-------------+---------+---------+---------+---------+
2026-05-29 10:32:35,264 - mmdet - INFO - Exp name: fcaf3d-ff_sunrgbd-3d-10class.py
2026-05-29 10:32:35,264 - mmdet - INFO - Epoch(val) [12][5050]	bed_AP_0.25: 0.8859, table_AP_0.25: 0.5894, sofa_AP_0.25: 0.7174, chair_AP_0.25: 0.8248, toilet_AP_0.25: 0.9579, desk_AP_0.25: 0.4056, dresser_AP_0.25: 0.4466, night_stand_AP_0.25: 0.7331, bookshelf_AP_0.25: 0.3789, bathtub_AP_0.25: 0.8094, mAP_0.25: 0.6749, bed_rec_0.25: 0.9922, table_rec_0.25: 0.9744, sofa_rec_0.25: 0.9872, chair_rec_0.25: 0.9719, toilet_rec_0.25: 0.9931, desk_rec_0.25: 0.9469, dresser_rec_0.25: 0.9495, night_stand_rec_0.25: 0.9686, bookshelf_rec_0.25: 0.9149, bathtub_rec_0.25: 0.9592, mAR_0.25: 0.9658, bed_AP_0.50: 0.6804, table_AP_0.50: 0.3875, sofa_AP_0.50: 0.6121, chair_AP_0.50: 0.7002, toilet_AP_0.50: 0.7430, desk_AP_0.50: 0.1887, dresser_AP_0.50: 0.3480, night_stand_AP_0.50: 0.6349, bookshelf_AP_0.50: 0.1398, bathtub_AP_0.50: 0.5434, mAP_0.50: 0.4977, bed_rec_0.50: 0.8078, table_rec_0.50: 0.7419, sofa_rec_0.50: 0.8373, chair_rec_0.50: 0.8632, toilet_rec_0.50: 0.8345, desk_rec_0.50: 0.6249, dresser_rec_0.50: 0.7615, night_stand_rec_0.50: 0.8549, bookshelf_rec_0.50: 0.4255, bathtub_rec_0.50: 0.6939, mAR_0.50: 0.7445