2026/06/03 07:16:36 - mmengine - INFO - 
------------------------------------------------------------
System environment:
    sys.platform: linux
    Python: 3.8.20 (default, Oct  3 2024, 15:24:27) [GCC 11.2.0]
    CUDA available: True
    MUSA available: False
    numpy_random_seed: 1829935184
    GPU 0: NVIDIA L40
    CUDA_HOME: /usr/local/cuda-11.8
    NVCC: Cuda compilation tools, release 11.8, V11.8.89
    GCC: gcc (Ubuntu 11.4.0-1ubuntu1~22.04.3) 11.4.0
    PyTorch: 2.0.0+cu118
    PyTorch compiling details: PyTorch built with:
  - GCC 9.3
  - C++ Version: 201703
  - Intel(R) oneAPI Math Kernel Library Version 2023.1-Product Build 20230303 for Intel(R) 64 architecture applications
  - Intel(R) MKL-DNN v2.7.3 (Git Hash 6dbeffbae1f23cbbeae17adb7b5b13f1f37c080e)
  - OpenMP 201511 (a.k.a. OpenMP 4.5)
  - LAPACK is enabled (usually provided by MKL)
  - NNPACK is enabled
  - CPU capability usage: AVX2
  - CUDA Runtime 11.8
  - NVCC architecture flags: -gencode;arch=compute_37,code=sm_37;-gencode;arch=compute_50,code=sm_50;-gencode;arch=compute_60,code=sm_60;-gencode;arch=compute_70,code=sm_70;-gencode;arch=compute_75,code=sm_75;-gencode;arch=compute_80,code=sm_80;-gencode;arch=compute_86,code=sm_86;-gencode;arch=compute_90,code=sm_90
  - CuDNN 8.7
  - Magma 2.6.1
  - Build settings: BLAS_INFO=mkl, BUILD_TYPE=Release, CUDA_VERSION=11.8, CUDNN_VERSION=8.7.0, CXX_COMPILER=/opt/rh/devtoolset-9/root/usr/bin/c++, CXX_FLAGS= -D_GLIBCXX_USE_CXX11_ABI=0 -fabi-version=11 -Wno-deprecated -fvisibility-inlines-hidden -DUSE_PTHREADPOOL -DNDEBUG -DUSE_KINETO -DLIBKINETO_NOROCTRACER -DUSE_FBGEMM -DUSE_QNNPACK -DUSE_PYTORCH_QNNPACK -DUSE_XNNPACK -DSYMBOLICATE_MOBILE_DEBUG_HANDLE -O2 -fPIC -Wall -Wextra -Werror=return-type -Werror=non-virtual-dtor -Werror=bool-operation -Wnarrowing -Wno-missing-field-initializers -Wno-type-limits -Wno-array-bounds -Wno-unknown-pragmas -Wunused-local-typedefs -Wno-unused-parameter -Wno-unused-function -Wno-unused-result -Wno-strict-overflow -Wno-strict-aliasing -Wno-error=deprecated-declarations -Wno-stringop-overflow -Wno-psabi -Wno-error=pedantic -Wno-error=redundant-decls -Wno-error=old-style-cast -fdiagnostics-color=always -faligned-new -Wno-unused-but-set-variable -Wno-maybe-uninitialized -fno-math-errno -fno-trapping-math -Werror=format -Werror=cast-function-type -Wno-stringop-overflow, LAPACK_INFO=mkl, PERF_WITH_AVX=1, PERF_WITH_AVX2=1, PERF_WITH_AVX512=1, TORCH_DISABLE_GPU_ASSERTS=ON, TORCH_VERSION=2.0.0, USE_CUDA=ON, USE_CUDNN=ON, USE_EXCEPTION_PTR=1, USE_GFLAGS=OFF, USE_GLOG=OFF, USE_MKL=ON, USE_MKLDNN=ON, USE_MPI=OFF, USE_NCCL=1, USE_NNPACK=ON, USE_OPENMP=ON, USE_ROCM=OFF, 

    TorchVision: 0.15.1+cu118
    OpenCV: 4.13.0
    MMEngine: 0.10.7

Runtime environment:
    cudnn_benchmark: False
    mp_cfg: {'mp_start_method': 'fork', 'opencv_num_threads': 0}
    dist_cfg: {'backend': 'nccl'}
    seed: 1829935184
    Distributed launcher: none
    Distributed training: False
    GPU number: 1
------------------------------------------------------------

2026/06/03 07:16:36 - mmengine - INFO - Config:
auto_scale_lr = dict(base_batch_size=64, enable=False)
backend_args = None
data_root = '/home/zero/USER/HEYU/mmdetection3d/data/scannet/'
dataset_type = 'ScanNetDataset'
default_hooks = dict(
    checkpoint=dict(interval=-1, type='CheckpointHook'),
    logger=dict(interval=30, type='LoggerHook'),
    param_scheduler=dict(type='ParamSchedulerHook'),
    sampler_seed=dict(type='DistSamplerSeedHook'),
    timer=dict(type='IterTimerHook'),
    visualization=dict(type='Det3DVisualizationHook'))
default_scope = 'mmdet3d'
env_cfg = dict(
    cudnn_benchmark=False,
    dist_cfg=dict(backend='nccl'),
    mp_cfg=dict(mp_start_method='fork', opencv_num_threads=0))
launcher = 'none'
load_from = None
log_level = 'INFO'
log_processor = dict(by_epoch=True, type='LogProcessor', window_size=50)
lr = 0.008
metainfo = dict(
    classes=(
        'cabinet',
        'bed',
        'chair',
        'sofa',
        'table',
        'door',
        'window',
        'bookshelf',
        'picture',
        'counter',
        'desk',
        'curtain',
        'refrigerator',
        'showercurtrain',
        'toilet',
        'sink',
        'bathtub',
        'garbagebin',
    ))
model = dict(
    backbone=dict(
        fp_channels=(
            (
                256,
                256,
            ),
            (
                256,
                256,
            ),
        ),
        in_channels=4,
        norm_cfg=dict(type='BN2d'),
        num_points=(
            2048,
            1024,
            512,
            256,
        ),
        num_samples=(
            64,
            32,
            16,
            16,
        ),
        radius=(
            0.2,
            0.4,
            0.8,
            1.2,
        ),
        sa_cfg=dict(
            normalize_xyz=True,
            pool_mod='max',
            type='PointSAModule',
            use_xyz=True),
        sa_channels=(
            (
                64,
                64,
                128,
            ),
            (
                128,
                128,
                256,
            ),
            (
                128,
                128,
                256,
            ),
            (
                128,
                128,
                256,
            ),
        ),
        type='PointNet2SASSG'),
    bbox_head=dict(
        bbox_coder=dict(
            mean_sizes=[
                [
                    0.76966727,
                    0.8116021,
                    0.92573744,
                ],
                [
                    1.876858,
                    1.8425595,
                    1.1931566,
                ],
                [
                    0.61328,
                    0.6148609,
                    0.7182701,
                ],
                [
                    1.3955007,
                    1.5121545,
                    0.83443564,
                ],
                [
                    0.97949594,
                    1.0675149,
                    0.6329687,
                ],
                [
                    0.531663,
                    0.5955577,
                    1.7500148,
                ],
                [
                    0.9624706,
                    0.72462326,
                    1.1481868,
                ],
                [
                    0.83221924,
                    1.0490936,
                    1.6875663,
                ],
                [
                    0.21132214,
                    0.4206159,
                    0.5372846,
                ],
                [
                    1.4440073,
                    1.8970833,
                    0.26985747,
                ],
                [
                    1.0294262,
                    1.4040797,
                    0.87554324,
                ],
                [
                    1.3766412,
                    0.65521795,
                    1.6813129,
                ],
                [
                    0.6650819,
                    0.71111923,
                    1.298853,
                ],
                [
                    0.41999173,
                    0.37906948,
                    1.7513971,
                ],
                [
                    0.59359556,
                    0.5912492,
                    0.73919016,
                ],
                [
                    0.50867593,
                    0.50656086,
                    0.30136237,
                ],
                [
                    1.1511526,
                    1.0546296,
                    0.49706793,
                ],
                [
                    0.47535285,
                    0.49249494,
                    0.5802117,
                ],
            ],
            num_dir_bins=1,
            num_sizes=18,
            type='PartialBinBasedBBoxCoder',
            with_rot=False),
        center_loss=dict(
            loss_dst_weight=10.0,
            loss_src_weight=10.0,
            mode='l2',
            reduction='sum',
            type='ChamferDistance'),
        dir_class_loss=dict(
            loss_weight=1.0, reduction='sum', type='mmdet.CrossEntropyLoss'),
        dir_res_loss=dict(
            loss_weight=10.0, reduction='sum', type='mmdet.SmoothL1Loss'),
        num_classes=18,
        objectness_loss=dict(
            class_weight=[
                0.2,
                0.8,
            ],
            loss_weight=5.0,
            reduction='sum',
            type='mmdet.CrossEntropyLoss'),
        pred_layer_cfg=dict(
            bias=True, in_channels=128, shared_conv_channels=(
                128,
                128,
            )),
        semantic_loss=dict(
            loss_weight=1.0, reduction='sum', type='mmdet.CrossEntropyLoss'),
        size_class_loss=dict(
            loss_weight=1.0, reduction='sum', type='mmdet.CrossEntropyLoss'),
        size_res_loss=dict(
            loss_weight=3.3333333333333335,
            reduction='sum',
            type='mmdet.SmoothL1Loss'),
        type='VoteHead',
        vote_aggregation_cfg=dict(
            mlp_channels=[
                256,
                128,
                128,
                128,
            ],
            normalize_xyz=True,
            num_point=256,
            num_sample=16,
            radius=0.3,
            type='PointSAModule',
            use_xyz=True),
        vote_module_cfg=dict(
            conv_cfg=dict(type='Conv1d'),
            conv_channels=(
                256,
                256,
            ),
            gt_per_seed=3,
            in_channels=256,
            norm_cfg=dict(type='BN1d'),
            norm_feats=True,
            vote_loss=dict(
                loss_dst_weight=10.0,
                mode='l1',
                reduction='none',
                type='ChamferDistance'),
            vote_per_seed=1)),
    data_preprocessor=dict(type='Det3DDataPreprocessor'),
    test_cfg=dict(
        nms_thr=0.25,
        per_class_proposal=True,
        sample_mode='seed',
        score_thr=0.05),
    train_cfg=dict(
        neg_distance_thr=0.6, pos_distance_thr=0.3, sample_mode='vote'),
    type='VoteNet')
optim_wrapper = dict(
    clip_grad=dict(max_norm=10, norm_type=2),
    optimizer=dict(lr=0.008, type='AdamW', weight_decay=0.01),
    type='OptimWrapper')
param_scheduler = [
    dict(
        begin=0,
        by_epoch=True,
        end=36,
        gamma=0.1,
        milestones=[
            24,
            32,
        ],
        type='MultiStepLR'),
]
resume = False
test_cfg = dict(type='TestLoop')
test_dataloader = dict(
    batch_size=1,
    dataset=dict(
        ann_file='scannet_infos_val.pkl',
        backend_args=None,
        box_type_3d='Depth',
        data_root='/home/zero/USER/HEYU/mmdetection3d/data/scannet/',
        metainfo=dict(
            classes=(
                'cabinet',
                'bed',
                'chair',
                'sofa',
                'table',
                'door',
                'window',
                'bookshelf',
                'picture',
                'counter',
                'desk',
                'curtain',
                'refrigerator',
                'showercurtrain',
                'toilet',
                'sink',
                'bathtub',
                'garbagebin',
            )),
        pipeline=[
            dict(
                backend_args=None,
                coord_type='DEPTH',
                load_dim=6,
                shift_height=True,
                type='LoadPointsFromFile',
                use_dim=[
                    0,
                    1,
                    2,
                ]),
            dict(rotation_axis=2, type='GlobalAlignment'),
            dict(
                flip=False,
                img_scale=(
                    1333,
                    800,
                ),
                pts_scale_ratio=1,
                transforms=[
                    dict(
                        rot_range=[
                            0,
                            0,
                        ],
                        scale_ratio_range=[
                            1.0,
                            1.0,
                        ],
                        translation_std=[
                            0,
                            0,
                            0,
                        ],
                        type='GlobalRotScaleTrans'),
                    dict(
                        flip_ratio_bev_horizontal=0.5,
                        flip_ratio_bev_vertical=0.5,
                        sync_2d=False,
                        type='RandomFlip3D'),
                    dict(num_points=40000, type='PointSample'),
                ],
                type='MultiScaleFlipAug3D'),
            dict(keys=[
                'points',
            ], type='Pack3DDetInputs'),
        ],
        test_mode=True,
        type='ScanNetDataset'),
    num_workers=1,
    sampler=dict(shuffle=False, type='DefaultSampler'))
test_evaluator = dict(type='IndoorMetric')
test_pipeline = [
    dict(
        backend_args=None,
        coord_type='DEPTH',
        load_dim=6,
        shift_height=True,
        type='LoadPointsFromFile',
        use_dim=[
            0,
            1,
            2,
        ]),
    dict(rotation_axis=2, type='GlobalAlignment'),
    dict(
        flip=False,
        img_scale=(
            1333,
            800,
        ),
        pts_scale_ratio=1,
        transforms=[
            dict(
                rot_range=[
                    0,
                    0,
                ],
                scale_ratio_range=[
                    1.0,
                    1.0,
                ],
                translation_std=[
                    0,
                    0,
                    0,
                ],
                type='GlobalRotScaleTrans'),
            dict(
                flip_ratio_bev_horizontal=0.5,
                flip_ratio_bev_vertical=0.5,
                sync_2d=False,
                type='RandomFlip3D'),
            dict(num_points=40000, type='PointSample'),
        ],
        type='MultiScaleFlipAug3D'),
    dict(keys=[
        'points',
    ], type='Pack3DDetInputs'),
]
train_cfg = dict(max_epochs=36, type='EpochBasedTrainLoop', val_interval=36)
train_dataloader = dict(
    batch_size=8,
    dataset=dict(
        dataset=dict(
            ann_file='scannet_infos_train.pkl',
            backend_args=None,
            box_type_3d='Depth',
            data_root='/home/zero/USER/HEYU/mmdetection3d/data/scannet/',
            filter_empty_gt=False,
            metainfo=dict(
                classes=(
                    'cabinet',
                    'bed',
                    'chair',
                    'sofa',
                    'table',
                    'door',
                    'window',
                    'bookshelf',
                    'picture',
                    'counter',
                    'desk',
                    'curtain',
                    'refrigerator',
                    'showercurtrain',
                    'toilet',
                    'sink',
                    'bathtub',
                    'garbagebin',
                )),
            pipeline=[
                dict(
                    backend_args=None,
                    coord_type='DEPTH',
                    load_dim=6,
                    shift_height=True,
                    type='LoadPointsFromFile',
                    use_dim=[
                        0,
                        1,
                        2,
                    ]),
                dict(
                    backend_args=None,
                    type='LoadAnnotations3D',
                    with_bbox_3d=True,
                    with_label_3d=True,
                    with_mask_3d=True,
                    with_seg_3d=True),
                dict(rotation_axis=2, type='GlobalAlignment'),
                dict(type='PointSegClassMapping'),
                dict(num_points=40000, type='PointSample'),
                dict(
                    flip_ratio_bev_horizontal=0.5,
                    flip_ratio_bev_vertical=0.5,
                    sync_2d=False,
                    type='RandomFlip3D'),
                dict(
                    rot_range=[
                        -0.087266,
                        0.087266,
                    ],
                    scale_ratio_range=[
                        1.0,
                        1.0,
                    ],
                    shift_height=True,
                    type='GlobalRotScaleTrans'),
                dict(
                    keys=[
                        'points',
                        'gt_bboxes_3d',
                        'gt_labels_3d',
                        'pts_semantic_mask',
                        'pts_instance_mask',
                    ],
                    type='Pack3DDetInputs'),
            ],
            type='ScanNetDataset'),
        times=5,
        type='RepeatDataset'),
    num_workers=4,
    sampler=dict(shuffle=True, type='DefaultSampler'))
train_pipeline = [
    dict(
        backend_args=None,
        coord_type='DEPTH',
        load_dim=6,
        shift_height=True,
        type='LoadPointsFromFile',
        use_dim=[
            0,
            1,
            2,
        ]),
    dict(
        backend_args=None,
        type='LoadAnnotations3D',
        with_bbox_3d=True,
        with_label_3d=True,
        with_mask_3d=True,
        with_seg_3d=True),
    dict(rotation_axis=2, type='GlobalAlignment'),
    dict(type='PointSegClassMapping'),
    dict(num_points=40000, type='PointSample'),
    dict(
        flip_ratio_bev_horizontal=0.5,
        flip_ratio_bev_vertical=0.5,
        sync_2d=False,
        type='RandomFlip3D'),
    dict(
        rot_range=[
            -0.087266,
            0.087266,
        ],
        scale_ratio_range=[
            1.0,
            1.0,
        ],
        shift_height=True,
        type='GlobalRotScaleTrans'),
    dict(
        keys=[
            'points',
            'gt_bboxes_3d',
            'gt_labels_3d',
            'pts_semantic_mask',
            'pts_instance_mask',
        ],
        type='Pack3DDetInputs'),
]
val_cfg = dict(type='ValLoop')
val_dataloader = dict(
    batch_size=1,
    dataset=dict(
        ann_file='scannet_infos_val.pkl',
        backend_args=None,
        box_type_3d='Depth',
        data_root='/home/zero/USER/HEYU/mmdetection3d/data/scannet/',
        metainfo=dict(
            classes=(
                'cabinet',
                'bed',
                'chair',
                'sofa',
                'table',
                'door',
                'window',
                'bookshelf',
                'picture',
                'counter',
                'desk',
                'curtain',
                'refrigerator',
                'showercurtrain',
                'toilet',
                'sink',
                'bathtub',
                'garbagebin',
            )),
        pipeline=[
            dict(
                backend_args=None,
                coord_type='DEPTH',
                load_dim=6,
                shift_height=True,
                type='LoadPointsFromFile',
                use_dim=[
                    0,
                    1,
                    2,
                ]),
            dict(rotation_axis=2, type='GlobalAlignment'),
            dict(
                flip=False,
                img_scale=(
                    1333,
                    800,
                ),
                pts_scale_ratio=1,
                transforms=[
                    dict(
                        rot_range=[
                            0,
                            0,
                        ],
                        scale_ratio_range=[
                            1.0,
                            1.0,
                        ],
                        translation_std=[
                            0,
                            0,
                            0,
                        ],
                        type='GlobalRotScaleTrans'),
                    dict(
                        flip_ratio_bev_horizontal=0.5,
                        flip_ratio_bev_vertical=0.5,
                        sync_2d=False,
                        type='RandomFlip3D'),
                    dict(num_points=40000, type='PointSample'),
                ],
                type='MultiScaleFlipAug3D'),
            dict(keys=[
                'points',
            ], type='Pack3DDetInputs'),
        ],
        test_mode=True,
        type='ScanNetDataset'),
    num_workers=1,
    sampler=dict(shuffle=False, type='DefaultSampler'))
val_evaluator = dict(type='IndoorMetric')
vis_backends = [
    dict(type='LocalVisBackend'),
]
visualizer = dict(
    name='visualizer',
    type='Det3DLocalVisualizer',
    vis_backends=[
        dict(type='LocalVisBackend'),
    ])
work_dir = '/home/zero/USER/HEYU/mmdetection3d/work_dirs/scannet/DFF_VoteNet/7'

2026/06/03 07:16:38 - mmengine - INFO - Distributed training is not used, all SyncBatchNorm (SyncBN) layers in the model will be automatically reverted to BatchNormXd layers if they are used.
2026/06/03 07:16:38 - mmengine - INFO - Hooks will be executed in the following order:
before_run:
(VERY_HIGH   ) RuntimeInfoHook                    
(BELOW_NORMAL) LoggerHook                         
 -------------------- 
before_train:
(VERY_HIGH   ) RuntimeInfoHook                    
(NORMAL      ) IterTimerHook                      
(VERY_LOW    ) CheckpointHook                     
 -------------------- 
before_train_epoch:
(VERY_HIGH   ) RuntimeInfoHook                    
(NORMAL      ) IterTimerHook                      
(NORMAL      ) DistSamplerSeedHook                
 -------------------- 
before_train_iter:
(VERY_HIGH   ) RuntimeInfoHook                    
(NORMAL      ) IterTimerHook                      
 -------------------- 
after_train_iter:
(VERY_HIGH   ) RuntimeInfoHook                    
(NORMAL      ) IterTimerHook                      
(BELOW_NORMAL) LoggerHook                         
(LOW         ) ParamSchedulerHook                 
(VERY_LOW    ) CheckpointHook                     
 -------------------- 
after_train_epoch:
(NORMAL      ) IterTimerHook                      
(LOW         ) ParamSchedulerHook                 
(VERY_LOW    ) CheckpointHook                     
 -------------------- 
before_val:
(VERY_HIGH   ) RuntimeInfoHook                    
 -------------------- 
before_val_epoch:
(NORMAL      ) IterTimerHook                      
 -------------------- 
before_val_iter:
(NORMAL      ) IterTimerHook                      
 -------------------- 
after_val_iter:
(NORMAL      ) IterTimerHook                      
(NORMAL      ) Det3DVisualizationHook             
(BELOW_NORMAL) LoggerHook                         
 -------------------- 
after_val_epoch:
(VERY_HIGH   ) RuntimeInfoHook                    
(NORMAL      ) IterTimerHook                      
(BELOW_NORMAL) LoggerHook                         
(LOW         ) ParamSchedulerHook                 
(VERY_LOW    ) CheckpointHook                     
 -------------------- 
after_val:
(VERY_HIGH   ) RuntimeInfoHook                    
 -------------------- 
after_train:
(VERY_HIGH   ) RuntimeInfoHook                    
(VERY_LOW    ) CheckpointHook                     
 -------------------- 
before_test:
(VERY_HIGH   ) RuntimeInfoHook                    
 -------------------- 
before_test_epoch:
(NORMAL      ) IterTimerHook                      
 -------------------- 
before_test_iter:
(NORMAL      ) IterTimerHook                      
 -------------------- 
after_test_iter:
(NORMAL      ) IterTimerHook                      
(NORMAL      ) Det3DVisualizationHook             
(BELOW_NORMAL) LoggerHook                         
 -------------------- 
after_test_epoch:
(VERY_HIGH   ) RuntimeInfoHook                    
(NORMAL      ) IterTimerHook                      
(BELOW_NORMAL) LoggerHook                         
 -------------------- 
after_test:
(VERY_HIGH   ) RuntimeInfoHook                    
 -------------------- 
after_run:
(BELOW_NORMAL) LoggerHook                         
 -------------------- 
2026/06/03 07:16:39 - mmengine - INFO - ------------------------------
2026/06/03 07:16:39 - mmengine - INFO - The length of training dataset: 1246
2026/06/03 07:16:39 - mmengine - INFO - The number of instances per category in the dataset:
+----------------+--------+
| category       | number |
+----------------+--------+
| cabinet        | 1427   |
| bed            | 307    |
| chair          | 4357   |
| sofa           | 406    |
| table          | 1271   |
| door           | 2026   |
| window         | 928    |
| bookshelf      | 300    |
| picture        | 661    |
| counter        | 216    |
| desk           | 551    |
| curtain        | 292    |
| refrigerator   | 186    |
| showercurtrain | 116    |
| toilet         | 201    |
| sink           | 390    |
| bathtub        | 113    |
| garbagebin     | 1985   |
+----------------+--------+
2026/06/03 07:16:39 - mmengine - INFO - ------------------------------
2026/06/03 07:16:39 - mmengine - INFO - The length of test dataset: 312
2026/06/03 07:16:39 - mmengine - INFO - The number of instances per category in the dataset:
+----------------+--------+
| category       | number |
+----------------+--------+
| cabinet        | 372    |
| bed            | 81     |
| chair          | 1368   |
| sofa           | 97     |
| table          | 350    |
| door           | 467    |
| window         | 282    |
| bookshelf      | 77     |
| picture        | 222    |
| counter        | 52     |
| desk           | 127    |
| curtain        | 67     |
| refrigerator   | 57     |
| showercurtrain | 28     |
| toilet         | 58     |
| sink           | 98     |
| bathtub        | 31     |
| garbagebin     | 530    |
+----------------+--------+
2026/06/03 07:16:39 - mmengine - WARNING - The prefix is not set in metric class IndoorMetric.
Name of parameter - Initialization information

backbone.SA_modules.0.mlps.0.layer0.conv.weight - torch.Size([64, 4, 1, 1]): 
The value is the same before and after calling `init_weights` of VoteNet  

backbone.SA_modules.0.mlps.0.layer0.bn.weight - torch.Size([64]): 
The value is the same before and after calling `init_weights` of VoteNet  

backbone.SA_modules.0.mlps.0.layer0.bn.bias - torch.Size([64]): 
The value is the same before and after calling `init_weights` of VoteNet  

backbone.SA_modules.0.mlps.0.layer1.conv.weight - torch.Size([64, 64, 1, 1]): 
The value is the same before and after calling `init_weights` of VoteNet  

backbone.SA_modules.0.mlps.0.layer1.bn.weight - torch.Size([64]): 
The value is the same before and after calling `init_weights` of VoteNet  

backbone.SA_modules.0.mlps.0.layer1.bn.bias - torch.Size([64]): 
The value is the same before and after calling `init_weights` of VoteNet  

backbone.SA_modules.0.mlps.0.layer2.conv.weight - torch.Size([128, 64, 1, 1]): 
The value is the same before and after calling `init_weights` of VoteNet  

backbone.SA_modules.0.mlps.0.layer2.bn.weight - torch.Size([128]): 
The value is the same before and after calling `init_weights` of VoteNet  

backbone.SA_modules.0.mlps.0.layer2.bn.bias - torch.Size([128]): 
The value is the same before and after calling `init_weights` of VoteNet  

backbone.SA_modules.1.mlps.0.layer0.conv.weight - torch.Size([128, 131, 1, 1]): 
The value is the same before and after calling `init_weights` of VoteNet  

backbone.SA_modules.1.mlps.0.layer0.bn.weight - torch.Size([128]): 
The value is the same before and after calling `init_weights` of VoteNet  

backbone.SA_modules.1.mlps.0.layer0.bn.bias - torch.Size([128]): 
The value is the same before and after calling `init_weights` of VoteNet  

backbone.SA_modules.1.mlps.0.layer1.conv.weight - torch.Size([128, 128, 1, 1]): 
The value is the same before and after calling `init_weights` of VoteNet  

backbone.SA_modules.1.mlps.0.layer1.bn.weight - torch.Size([128]): 
The value is the same before and after calling `init_weights` of VoteNet  

backbone.SA_modules.1.mlps.0.layer1.bn.bias - torch.Size([128]): 
The value is the same before and after calling `init_weights` of VoteNet  

backbone.SA_modules.1.mlps.0.layer2.conv.weight - torch.Size([256, 128, 1, 1]): 
The value is the same before and after calling `init_weights` of VoteNet  

backbone.SA_modules.1.mlps.0.layer2.bn.weight - torch.Size([256]): 
The value is the same before and after calling `init_weights` of VoteNet  

backbone.SA_modules.1.mlps.0.layer2.bn.bias - torch.Size([256]): 
The value is the same before and after calling `init_weights` of VoteNet  

backbone.SA_modules.2.mlps.0.layer0.conv.weight - torch.Size([128, 259, 1, 1]): 
The value is the same before and after calling `init_weights` of VoteNet  

backbone.SA_modules.2.mlps.0.layer0.bn.weight - torch.Size([128]): 
The value is the same before and after calling `init_weights` of VoteNet  

backbone.SA_modules.2.mlps.0.layer0.bn.bias - torch.Size([128]): 
The value is the same before and after calling `init_weights` of VoteNet  

backbone.SA_modules.2.mlps.0.layer1.conv.weight - torch.Size([128, 128, 1, 1]): 
The value is the same before and after calling `init_weights` of VoteNet  

backbone.SA_modules.2.mlps.0.layer1.bn.weight - torch.Size([128]): 
The value is the same before and after calling `init_weights` of VoteNet  

backbone.SA_modules.2.mlps.0.layer1.bn.bias - torch.Size([128]): 
The value is the same before and after calling `init_weights` of VoteNet  

backbone.SA_modules.2.mlps.0.layer2.conv.weight - torch.Size([256, 128, 1, 1]): 
The value is the same before and after calling `init_weights` of VoteNet  

backbone.SA_modules.2.mlps.0.layer2.bn.weight - torch.Size([256]): 
The value is the same before and after calling `init_weights` of VoteNet  

backbone.SA_modules.2.mlps.0.layer2.bn.bias - torch.Size([256]): 
The value is the same before and after calling `init_weights` of VoteNet  

backbone.SA_modules.3.mlps.0.layer0.conv.weight - torch.Size([128, 259, 1, 1]): 
The value is the same before and after calling `init_weights` of VoteNet  

backbone.SA_modules.3.mlps.0.layer0.bn.weight - torch.Size([128]): 
The value is the same before and after calling `init_weights` of VoteNet  

backbone.SA_modules.3.mlps.0.layer0.bn.bias - torch.Size([128]): 
The value is the same before and after calling `init_weights` of VoteNet  

backbone.SA_modules.3.mlps.0.layer1.conv.weight - torch.Size([128, 128, 1, 1]): 
The value is the same before and after calling `init_weights` of VoteNet  

backbone.SA_modules.3.mlps.0.layer1.bn.weight - torch.Size([128]): 
The value is the same before and after calling `init_weights` of VoteNet  

backbone.SA_modules.3.mlps.0.layer1.bn.bias - torch.Size([128]): 
The value is the same before and after calling `init_weights` of VoteNet  

backbone.SA_modules.3.mlps.0.layer2.conv.weight - torch.Size([256, 128, 1, 1]): 
The value is the same before and after calling `init_weights` of VoteNet  

backbone.SA_modules.3.mlps.0.layer2.bn.weight - torch.Size([256]): 
The value is the same before and after calling `init_weights` of VoteNet  

backbone.SA_modules.3.mlps.0.layer2.bn.bias - torch.Size([256]): 
The value is the same before and after calling `init_weights` of VoteNet  

backbone.FP_modules.0.mlps.layer0.conv.weight - torch.Size([256, 512, 1, 1]): 
The value is the same before and after calling `init_weights` of VoteNet  

backbone.FP_modules.0.mlps.layer0.bn.weight - torch.Size([256]): 
The value is the same before and after calling `init_weights` of VoteNet  

backbone.FP_modules.0.mlps.layer0.bn.bias - torch.Size([256]): 
The value is the same before and after calling `init_weights` of VoteNet  

backbone.FP_modules.0.mlps.layer1.conv.weight - torch.Size([256, 256, 1, 1]): 
The value is the same before and after calling `init_weights` of VoteNet  

backbone.FP_modules.0.mlps.layer1.bn.weight - torch.Size([256]): 
The value is the same before and after calling `init_weights` of VoteNet  

backbone.FP_modules.0.mlps.layer1.bn.bias - torch.Size([256]): 
The value is the same before and after calling `init_weights` of VoteNet  

backbone.FP_modules.1.mlps.layer0.conv.weight - torch.Size([256, 512, 1, 1]): 
The value is the same before and after calling `init_weights` of VoteNet  

backbone.FP_modules.1.mlps.layer0.bn.weight - torch.Size([256]): 
The value is the same before and after calling `init_weights` of VoteNet  

backbone.FP_modules.1.mlps.layer0.bn.bias - torch.Size([256]): 
The value is the same before and after calling `init_weights` of VoteNet  

backbone.FP_modules.1.mlps.layer1.conv.weight - torch.Size([256, 256, 1, 1]): 
The value is the same before and after calling `init_weights` of VoteNet  

backbone.FP_modules.1.mlps.layer1.bn.weight - torch.Size([256]): 
The value is the same before and after calling `init_weights` of VoteNet  

backbone.FP_modules.1.mlps.layer1.bn.bias - torch.Size([256]): 
The value is the same before and after calling `init_weights` of VoteNet  

bbox_head.vote_module.vote_conv.0.conv.weight - torch.Size([256, 256, 1]): 
The value is the same before and after calling `init_weights` of VoteNet  

bbox_head.vote_module.vote_conv.0.conv.bias - torch.Size([256]): 
The value is the same before and after calling `init_weights` of VoteNet  

bbox_head.vote_module.vote_conv.0.bn.weight - torch.Size([256]): 
The value is the same before and after calling `init_weights` of VoteNet  

bbox_head.vote_module.vote_conv.0.bn.bias - torch.Size([256]): 
The value is the same before and after calling `init_weights` of VoteNet  

bbox_head.vote_module.vote_conv.1.conv.weight - torch.Size([256, 256, 1]): 
The value is the same before and after calling `init_weights` of VoteNet  

bbox_head.vote_module.vote_conv.1.conv.bias - torch.Size([256]): 
The value is the same before and after calling `init_weights` of VoteNet  

bbox_head.vote_module.vote_conv.1.bn.weight - torch.Size([256]): 
The value is the same before and after calling `init_weights` of VoteNet  

bbox_head.vote_module.vote_conv.1.bn.bias - torch.Size([256]): 
The value is the same before and after calling `init_weights` of VoteNet  

bbox_head.vote_module.conv_out.weight - torch.Size([259, 256, 1]): 
The value is the same before and after calling `init_weights` of VoteNet  

bbox_head.vote_module.conv_out.bias - torch.Size([259]): 
The value is the same before and after calling `init_weights` of VoteNet  

bbox_head.vote_aggregation.mlps.0.layer0.conv.weight - torch.Size([128, 259, 1, 1]): 
The value is the same before and after calling `init_weights` of VoteNet  

bbox_head.vote_aggregation.mlps.0.layer0.bn.weight - torch.Size([128]): 
The value is the same before and after calling `init_weights` of VoteNet  

bbox_head.vote_aggregation.mlps.0.layer0.bn.bias - torch.Size([128]): 
The value is the same before and after calling `init_weights` of VoteNet  

bbox_head.vote_aggregation.mlps.0.layer1.conv.weight - torch.Size([128, 128, 1, 1]): 
The value is the same before and after calling `init_weights` of VoteNet  

bbox_head.vote_aggregation.mlps.0.layer1.bn.weight - torch.Size([128]): 
The value is the same before and after calling `init_weights` of VoteNet  

bbox_head.vote_aggregation.mlps.0.layer1.bn.bias - torch.Size([128]): 
The value is the same before and after calling `init_weights` of VoteNet  

bbox_head.vote_aggregation.mlps.0.layer2.conv.weight - torch.Size([128, 128, 1, 1]): 
The value is the same before and after calling `init_weights` of VoteNet  

bbox_head.vote_aggregation.mlps.0.layer2.bn.weight - torch.Size([128]): 
The value is the same before and after calling `init_weights` of VoteNet  

bbox_head.vote_aggregation.mlps.0.layer2.bn.bias - torch.Size([128]): 
The value is the same before and after calling `init_weights` of VoteNet  

bbox_head.conv_pred.shared_convs.layer0.conv.weight - torch.Size([128, 128, 1]): 
The value is the same before and after calling `init_weights` of VoteNet  

bbox_head.conv_pred.shared_convs.layer0.conv.bias - torch.Size([128]): 
The value is the same before and after calling `init_weights` of VoteNet  

bbox_head.conv_pred.shared_convs.layer0.bn.weight - torch.Size([128]): 
The value is the same before and after calling `init_weights` of VoteNet  

bbox_head.conv_pred.shared_convs.layer0.bn.bias - torch.Size([128]): 
The value is the same before and after calling `init_weights` of VoteNet  

bbox_head.conv_pred.shared_convs.layer1.conv.weight - torch.Size([128, 128, 1]): 
The value is the same before and after calling `init_weights` of VoteNet  

bbox_head.conv_pred.shared_convs.layer1.conv.bias - torch.Size([128]): 
The value is the same before and after calling `init_weights` of VoteNet  

bbox_head.conv_pred.shared_convs.layer1.bn.weight - torch.Size([128]): 
The value is the same before and after calling `init_weights` of VoteNet  

bbox_head.conv_pred.shared_convs.layer1.bn.bias - torch.Size([128]): 
The value is the same before and after calling `init_weights` of VoteNet  

bbox_head.conv_pred.conv_cls.weight - torch.Size([20, 128, 1]): 
The value is the same before and after calling `init_weights` of VoteNet  

bbox_head.conv_pred.conv_cls.bias - torch.Size([20]): 
The value is the same before and after calling `init_weights` of VoteNet  

bbox_head.conv_pred.conv_reg.weight - torch.Size([77, 128, 1]): 
The value is the same before and after calling `init_weights` of VoteNet  

bbox_head.conv_pred.conv_reg.bias - torch.Size([77]): 
The value is the same before and after calling `init_weights` of VoteNet  
2026/06/03 07:16:39 - mmengine - WARNING - "FileClient" will be deprecated in future. Please use io functions in https://mmengine.readthedocs.io/en/latest/api/fileio.html#file-io
2026/06/03 07:16:39 - mmengine - WARNING - "HardDiskBackend" is the alias of "LocalBackend" and the former will be deprecated in future.
2026/06/03 07:16:39 - mmengine - INFO - Checkpoints will be saved to /home/zero/USER/HEYU/mmdetection3d/work_dirs/scannet/DFF_VoteNet/7.
2026/06/03 07:16:45 - mmengine - INFO - Epoch(train)  [1][ 30/779]  lr: 8.0000e-03  eta: 1:28:37  time: 0.1898  data_time: 0.0299  memory: 4189  grad_norm: 269.7229  loss: 21.2315  vote_loss: 11.3912  objectness_loss: 0.4822  semantic_loss: 2.3926  center_loss: 2.7651  dir_class_loss: 0.0000  dir_res_loss: 0.0906  size_class_loss: 2.3883  size_res_loss: 1.7216
2026/06/03 07:16:50 - mmengine - INFO - Epoch(train)  [1][ 60/779]  lr: 8.0000e-03  eta: 1:21:03  time: 0.1578  data_time: 0.0152  memory: 4189  grad_norm: 19.8589  loss: 15.7555  vote_loss: 8.3914  objectness_loss: 0.5765  semantic_loss: 2.0596  center_loss: 1.3502  dir_class_loss: 0.0000  dir_res_loss: 0.0115  size_class_loss: 2.0565  size_res_loss: 1.3098
2026/06/03 07:16:54 - mmengine - INFO - Epoch(train)  [1][ 90/779]  lr: 8.0000e-03  eta: 1:18:14  time: 0.1561  data_time: 0.0144  memory: 4189  grad_norm: 10.9729  loss: 14.1487  vote_loss: 7.5594  objectness_loss: 0.6490  semantic_loss: 1.8510  center_loss: 1.0496  dir_class_loss: 0.0000  dir_res_loss: 0.0023  size_class_loss: 1.8480  size_res_loss: 1.1895
2026/06/03 07:16:59 - mmengine - INFO - Epoch(train)  [1][120/779]  lr: 8.0000e-03  eta: 1:16:21  time: 0.1533  data_time: 0.0143  memory: 4189  grad_norm: 9.5042  loss: 13.5332  vote_loss: 7.2721  objectness_loss: 0.6530  semantic_loss: 1.7349  center_loss: 0.9885  dir_class_loss: 0.0000  dir_res_loss: 0.0027  size_class_loss: 1.7320  size_res_loss: 1.1500
2026/06/03 07:17:03 - mmengine - INFO - Epoch(train)  [1][150/779]  lr: 8.0000e-03  eta: 1:14:36  time: 0.1477  data_time: 0.0137  memory: 4189  grad_norm: 8.2578  loss: 13.1683  vote_loss: 7.1850  objectness_loss: 0.6664  semantic_loss: 1.6642  center_loss: 0.9451  dir_class_loss: 0.0000  dir_res_loss: 0.0025  size_class_loss: 1.6630  size_res_loss: 1.0421
2026/06/03 07:17:08 - mmengine - INFO - Epoch(train)  [1][180/779]  lr: 8.0000e-03  eta: 1:13:21  time: 0.1459  data_time: 0.0139  memory: 4189  grad_norm: 8.1159  loss: 13.1428  vote_loss: 7.3122  objectness_loss: 0.6597  semantic_loss: 1.6070  center_loss: 0.8956  dir_class_loss: 0.0000  dir_res_loss: 0.0005  size_class_loss: 1.6071  size_res_loss: 1.0609
2026/06/03 07:17:12 - mmengine - INFO - Epoch(train)  [1][210/779]  lr: 8.0000e-03  eta: 1:12:23  time: 0.1450  data_time: 0.0131  memory: 4189  grad_norm: 7.6206  loss: 12.6585  vote_loss: 7.0030  objectness_loss: 0.6840  semantic_loss: 1.5879  center_loss: 0.8466  dir_class_loss: 0.0000  dir_res_loss: 0.0002  size_class_loss: 1.5890  size_res_loss: 0.9478
2026/06/03 07:17:16 - mmengine - INFO - Epoch(train)  [1][240/779]  lr: 8.0000e-03  eta: 1:12:02  time: 0.1489  data_time: 0.0138  memory: 4189  grad_norm: 7.9499  loss: 12.1562  vote_loss: 6.8041  objectness_loss: 0.6724  semantic_loss: 1.4749  center_loss: 0.8378  dir_class_loss: 0.0000  dir_res_loss: 0.0002  size_class_loss: 1.4750  size_res_loss: 0.8918
2026/06/03 07:17:21 - mmengine - INFO - Epoch(train)  [1][270/779]  lr: 8.0000e-03  eta: 1:11:36  time: 0.1490  data_time: 0.0144  memory: 4189  grad_norm: 7.9158  loss: 12.0212  vote_loss: 6.8404  objectness_loss: 0.6489  semantic_loss: 1.3863  center_loss: 0.8527  dir_class_loss: 0.0000  dir_res_loss: 0.0002  size_class_loss: 1.3863  size_res_loss: 0.9064
2026/06/03 07:17:25 - mmengine - INFO - Epoch(train)  [1][300/779]  lr: 8.0000e-03  eta: 1:11:04  time: 0.1439  data_time: 0.0137  memory: 4189  grad_norm: 7.3940  loss: 11.7854  vote_loss: 6.8047  objectness_loss: 0.6213  semantic_loss: 1.3140  center_loss: 0.8194  dir_class_loss: 0.0000  dir_res_loss: 0.0001  size_class_loss: 1.3140  size_res_loss: 0.9120
2026/06/03 07:17:30 - mmengine - INFO - Epoch(train)  [1][330/779]  lr: 8.0000e-03  eta: 1:10:36  time: 0.1444  data_time: 0.0139  memory: 4189  grad_norm: 7.3846  loss: 11.7496  vote_loss: 6.6513  objectness_loss: 0.6122  semantic_loss: 1.3535  center_loss: 0.8380  dir_class_loss: 0.0000  dir_res_loss: 0.0001  size_class_loss: 1.3547  size_res_loss: 0.9398
2026/06/03 07:17:34 - mmengine - INFO - Epoch(train)  [1][360/779]  lr: 8.0000e-03  eta: 1:10:09  time: 0.1435  data_time: 0.0140  memory: 4189  grad_norm: 6.9494  loss: 11.4309  vote_loss: 6.4403  objectness_loss: 0.6472  semantic_loss: 1.3404  center_loss: 0.8128  dir_class_loss: 0.0000  dir_res_loss: 0.0001  size_class_loss: 1.3404  size_res_loss: 0.8497
2026/06/03 07:17:38 - mmengine - INFO - Epoch(train)  [1][390/779]  lr: 8.0000e-03  eta: 1:09:46  time: 0.1430  data_time: 0.0136  memory: 4189  grad_norm: 8.5944  loss: 11.4227  vote_loss: 6.5959  objectness_loss: 0.6526  semantic_loss: 1.2504  center_loss: 0.8240  dir_class_loss: 0.0000  dir_res_loss: 0.0001  size_class_loss: 1.2514  size_res_loss: 0.8483
2026/06/03 07:17:43 - mmengine - INFO - Epoch(train)  [1][420/779]  lr: 8.0000e-03  eta: 1:09:32  time: 0.1458  data_time: 0.0136  memory: 4189  grad_norm: 9.0363  loss: 11.5906  vote_loss: 6.6892  objectness_loss: 0.6548  semantic_loss: 1.2685  center_loss: 0.8456  dir_class_loss: 0.0000  dir_res_loss: 0.0001  size_class_loss: 1.2679  size_res_loss: 0.8645
2026/06/03 07:17:47 - mmengine - INFO - Epoch(train)  [1][450/779]  lr: 8.0000e-03  eta: 1:09:15  time: 0.1443  data_time: 0.0136  memory: 4189  grad_norm: 6.6220  loss: 11.2908  vote_loss: 6.5241  objectness_loss: 0.6432  semantic_loss: 1.2295  center_loss: 0.7894  dir_class_loss: 0.0000  dir_res_loss: 0.0000  size_class_loss: 1.2297  size_res_loss: 0.8748
2026/06/03 07:17:51 - mmengine - INFO - Epoch(train)  [1][480/779]  lr: 8.0000e-03  eta: 1:09:00  time: 0.1444  data_time: 0.0138  memory: 4189  grad_norm: 7.7704  loss: 11.2391  vote_loss: 6.4957  objectness_loss: 0.6389  semantic_loss: 1.2192  center_loss: 0.8129  dir_class_loss: 0.0000  dir_res_loss: 0.0000  size_class_loss: 1.2193  size_res_loss: 0.8531
2026/06/03 07:17:56 - mmengine - INFO - Epoch(train)  [1][510/779]  lr: 8.0000e-03  eta: 1:08:46  time: 0.1447  data_time: 0.0138  memory: 4189  grad_norm: 7.3788  loss: 11.0554  vote_loss: 6.3624  objectness_loss: 0.6579  semantic_loss: 1.1843  center_loss: 0.7974  dir_class_loss: 0.0000  dir_res_loss: 0.0000  size_class_loss: 1.1842  size_res_loss: 0.8692
2026/06/03 07:18:00 - mmengine - INFO - Epoch(train)  [1][540/779]  lr: 8.0000e-03  eta: 1:08:29  time: 0.1429  data_time: 0.0130  memory: 4189  grad_norm: 7.2922  loss: 11.0168  vote_loss: 6.3548  objectness_loss: 0.6579  semantic_loss: 1.1755  center_loss: 0.7791  dir_class_loss: 0.0000  dir_res_loss: 0.0000  size_class_loss: 1.1757  size_res_loss: 0.8738
2026/06/03 07:18:04 - mmengine - INFO - Epoch(train)  [1][570/779]  lr: 8.0000e-03  eta: 1:08:16  time: 0.1426  data_time: 0.0130  memory: 4189  grad_norm: 7.6717  loss: 10.5524  vote_loss: 6.0668  objectness_loss: 0.6556  semantic_loss: 1.1278  center_loss: 0.7841  dir_class_loss: 0.0000  dir_res_loss: 0.0000  size_class_loss: 1.1281  size_res_loss: 0.7898
2026/06/03 07:18:08 - mmengine - INFO - Epoch(train)  [1][600/779]  lr: 8.0000e-03  eta: 1:08:04  time: 0.1432  data_time: 0.0134  memory: 4189  grad_norm: 7.2097  loss: 10.4407  vote_loss: 5.9990  objectness_loss: 0.6326  semantic_loss: 1.1309  center_loss: 0.7682  dir_class_loss: 0.0000  dir_res_loss: 0.0000  size_class_loss: 1.1315  size_res_loss: 0.7785
2026/06/03 07:18:13 - mmengine - INFO - Epoch(train)  [1][630/779]  lr: 8.0000e-03  eta: 1:08:03  time: 0.1483  data_time: 0.0139  memory: 4189  grad_norm: 6.7399  loss: 10.5453  vote_loss: 6.2484  objectness_loss: 0.6074  semantic_loss: 1.0698  center_loss: 0.7424  dir_class_loss: 0.0000  dir_res_loss: 0.0000  size_class_loss: 1.0701  size_res_loss: 0.8071
2026/06/03 07:18:17 - mmengine - INFO - Epoch(train)  [1][660/779]  lr: 8.0000e-03  eta: 1:07:59  time: 0.1510  data_time: 0.0144  memory: 4189  grad_norm: 6.6118  loss: 10.5412  vote_loss: 6.2246  objectness_loss: 0.6130  semantic_loss: 1.0697  center_loss: 0.7354  dir_class_loss: 0.0000  dir_res_loss: 0.0000  size_class_loss: 1.0697  size_res_loss: 0.8289
2026/06/03 07:18:22 - mmengine - INFO - Epoch(train)  [1][690/779]  lr: 8.0000e-03  eta: 1:07:53  time: 0.1489  data_time: 0.0141  memory: 4189  grad_norm: 6.5307  loss: 10.1532  vote_loss: 5.9005  objectness_loss: 0.6289  semantic_loss: 1.0545  center_loss: 0.7156  dir_class_loss: 0.0000  dir_res_loss: 0.0000  size_class_loss: 1.0542  size_res_loss: 0.7995
2026/06/03 07:18:26 - mmengine - INFO - Epoch(train)  [1][720/779]  lr: 8.0000e-03  eta: 1:07:47  time: 0.1462  data_time: 0.0135  memory: 4189  grad_norm: 7.9936  loss: 10.0414  vote_loss: 5.7916  objectness_loss: 0.6285  semantic_loss: 1.0704  center_loss: 0.7311  dir_class_loss: 0.0000  dir_res_loss: 0.0000  size_class_loss: 1.0700  size_res_loss: 0.7497
2026/06/03 07:18:31 - mmengine - INFO - Epoch(train)  [1][750/779]  lr: 8.0000e-03  eta: 1:07:38  time: 0.1440  data_time: 0.0129  memory: 4189  grad_norm: 7.3676  loss: 9.9474  vote_loss: 5.8482  objectness_loss: 0.6245  semantic_loss: 1.0051  center_loss: 0.7224  dir_class_loss: 0.0000  dir_res_loss: 0.0000  size_class_loss: 1.0053  size_res_loss: 0.7419
2026/06/03 07:18:35 - mmengine - INFO - Exp name: votenet_8xb8_scannet-3d_20260603_071635
2026/06/03 07:18:40 - mmengine - INFO - Epoch(train)  [2][ 30/779]  lr: 8.0000e-03  eta: 1:07:44  time: 0.1586  data_time: 0.0254  memory: 4189  grad_norm: 6.4827  loss: 10.0128  vote_loss: 5.9521  objectness_loss: 0.6051  semantic_loss: 1.0003  center_loss: 0.7010  dir_class_loss: 0.0000  dir_res_loss: 0.0000  size_class_loss: 1.0008  size_res_loss: 0.7535
2026/06/03 07:18:44 - mmengine - INFO - Epoch(train)  [2][ 60/779]  lr: 8.0000e-03  eta: 1:07:41  time: 0.1514  data_time: 0.0151  memory: 4189  grad_norm: 7.5533  loss: 10.1354  vote_loss: 5.9752  objectness_loss: 0.6123  semantic_loss: 1.0164  center_loss: 0.7377  dir_class_loss: 0.0000  dir_res_loss: 0.0000  size_class_loss: 1.0169  size_res_loss: 0.7770
2026/06/03 07:18:49 - mmengine - INFO - Epoch(train)  [2][ 90/779]  lr: 8.0000e-03  eta: 1:07:32  time: 0.1459  data_time: 0.0144  memory: 4189  grad_norm: 7.3669  loss: 9.4015  vote_loss: 5.4967  objectness_loss: 0.6038  semantic_loss: 0.9486  center_loss: 0.6854  dir_class_loss: 0.0000  dir_res_loss: 0.0001  size_class_loss: 0.9496  size_res_loss: 0.7171
2026/06/03 07:18:53 - mmengine - INFO - Epoch(train)  [2][120/779]  lr: 8.0000e-03  eta: 1:07:26  time: 0.1465  data_time: 0.0141  memory: 4189  grad_norm: 6.4763  loss: 9.2100  vote_loss: 5.4887  objectness_loss: 0.5762  semantic_loss: 0.8998  center_loss: 0.6575  dir_class_loss: 0.0000  dir_res_loss: 0.0003  size_class_loss: 0.9001  size_res_loss: 0.6875
2026/06/03 07:18:58 - mmengine - INFO - Epoch(train)  [2][150/779]  lr: 8.0000e-03  eta: 1:07:20  time: 0.1477  data_time: 0.0141  memory: 4189  grad_norm: 5.9290  loss: 9.5150  vote_loss: 5.6106  objectness_loss: 0.5954  semantic_loss: 0.9420  center_loss: 0.6766  dir_class_loss: 0.0000  dir_res_loss: 0.0004  size_class_loss: 0.9420  size_res_loss: 0.7481
2026/06/03 07:19:02 - mmengine - INFO - Epoch(train)  [2][180/779]  lr: 8.0000e-03  eta: 1:07:15  time: 0.1480  data_time: 0.0142  memory: 4189  grad_norm: 6.0507  loss: 9.3106  vote_loss: 5.4711  objectness_loss: 0.5935  semantic_loss: 0.9128  center_loss: 0.6690  dir_class_loss: 0.0000  dir_res_loss: 0.0002  size_class_loss: 0.9126  size_res_loss: 0.7514
2026/06/03 07:19:06 - mmengine - INFO - Epoch(train)  [2][210/779]  lr: 8.0000e-03  eta: 1:07:07  time: 0.1472  data_time: 0.0141  memory: 4189  grad_norm: 7.5243  loss: 9.3071  vote_loss: 5.4839  objectness_loss: 0.5933  semantic_loss: 0.9136  center_loss: 0.7036  dir_class_loss: 0.0000  dir_res_loss: 0.0001  size_class_loss: 0.9136  size_res_loss: 0.6989
2026/06/03 07:19:08 - mmengine - INFO - Exp name: votenet_8xb8_scannet-3d_20260603_071635
2026/06/03 07:19:11 - mmengine - INFO - Epoch(train)  [2][240/779]  lr: 8.0000e-03  eta: 1:06:58  time: 0.1444  data_time: 0.0138  memory: 4189  grad_norm: 7.0376  loss: 9.1007  vote_loss: 5.3850  objectness_loss: 0.5790  semantic_loss: 0.8800  center_loss: 0.6764  dir_class_loss: 0.0000  dir_res_loss: 0.0001  size_class_loss: 0.8802  size_res_loss: 0.7000
2026/06/03 07:19:15 - mmengine - INFO - Epoch(train)  [2][270/779]  lr: 8.0000e-03  eta: 1:06:51  time: 0.1446  data_time: 0.0138  memory: 4189  grad_norm: 6.5386  loss: 9.2481  vote_loss: 5.3826  objectness_loss: 0.5836  semantic_loss: 0.9218  center_loss: 0.6717  dir_class_loss: 0.0000  dir_res_loss: 0.0001  size_class_loss: 0.9223  size_res_loss: 0.7660
2026/06/03 07:19:19 - mmengine - INFO - Epoch(train)  [2][300/779]  lr: 8.0000e-03  eta: 1:06:44  time: 0.1456  data_time: 0.0139  memory: 4189  grad_norm: 7.1326  loss: 9.3121  vote_loss: 5.4647  objectness_loss: 0.5884  semantic_loss: 0.9266  center_loss: 0.6888  dir_class_loss: 0.0000  dir_res_loss: 0.0001  size_class_loss: 0.9269  size_res_loss: 0.7165
2026/06/03 07:19:24 - mmengine - INFO - Epoch(train)  [2][330/779]  lr: 8.0000e-03  eta: 1:06:37  time: 0.1449  data_time: 0.0138  memory: 4189  grad_norm: 6.3301  loss: 9.1247  vote_loss: 5.3290  objectness_loss: 0.5870  semantic_loss: 0.9130  center_loss: 0.6541  dir_class_loss: 0.0000  dir_res_loss: 0.0000  size_class_loss: 0.9128  size_res_loss: 0.7288
2026/06/03 07:19:28 - mmengine - INFO - Epoch(train)  [2][360/779]  lr: 8.0000e-03  eta: 1:06:30  time: 0.1445  data_time: 0.0138  memory: 4189  grad_norm: 5.9209  loss: 8.9915  vote_loss: 5.3374  objectness_loss: 0.5774  semantic_loss: 0.8558  center_loss: 0.6442  dir_class_loss: 0.0000  dir_res_loss: 0.0000  size_class_loss: 0.8559  size_res_loss: 0.7208
2026/06/03 07:19:32 - mmengine - INFO - Epoch(train)  [2][390/779]  lr: 8.0000e-03  eta: 1:06:22  time: 0.1439  data_time: 0.0137  memory: 4189  grad_norm: 6.1014  loss: 8.7602  vote_loss: 5.2579  objectness_loss: 0.5474  semantic_loss: 0.8154  center_loss: 0.6308  dir_class_loss: 0.0000  dir_res_loss: 0.0000  size_class_loss: 0.8158  size_res_loss: 0.6929
2026/06/03 07:19:37 - mmengine - INFO - Epoch(train)  [2][420/779]  lr: 8.0000e-03  eta: 1:06:18  time: 0.1460  data_time: 0.0141  memory: 4189  grad_norm: 6.5027  loss: 8.6855  vote_loss: 5.1722  objectness_loss: 0.5623  semantic_loss: 0.8308  center_loss: 0.6035  dir_class_loss: 0.0000  dir_res_loss: 0.0000  size_class_loss: 0.8309  size_res_loss: 0.6859
2026/06/03 07:19:41 - mmengine - INFO - Epoch(train)  [2][450/779]  lr: 8.0000e-03  eta: 1:06:12  time: 0.1477  data_time: 0.0143  memory: 4189  grad_norm: 6.3022  loss: 8.5287  vote_loss: 5.0017  objectness_loss: 0.5637  semantic_loss: 0.8365  center_loss: 0.6075  dir_class_loss: 0.0000  dir_res_loss: 0.0000  size_class_loss: 0.8366  size_res_loss: 0.6827
2026/06/03 07:19:46 - mmengine - INFO - Epoch(train)  [2][480/779]  lr: 8.0000e-03  eta: 1:06:05  time: 0.1445  data_time: 0.0138  memory: 4189  grad_norm: 6.7985  loss: 8.6528  vote_loss: 5.1421  objectness_loss: 0.5543  semantic_loss: 0.8174  center_loss: 0.6103  dir_class_loss: 0.0000  dir_res_loss: 0.0000  size_class_loss: 0.8177  size_res_loss: 0.7109
2026/06/03 07:19:50 - mmengine - INFO - Epoch(train)  [2][510/779]  lr: 8.0000e-03  eta: 1:05:59  time: 0.1448  data_time: 0.0136  memory: 4189  grad_norm: 6.7238  loss: 8.7463  vote_loss: 5.1996  objectness_loss: 0.5775  semantic_loss: 0.8352  center_loss: 0.6090  dir_class_loss: 0.0000  dir_res_loss: 0.0000  size_class_loss: 0.8349  size_res_loss: 0.6901
2026/06/03 07:19:54 - mmengine - INFO - Epoch(train)  [2][540/779]  lr: 8.0000e-03  eta: 1:05:52  time: 0.1448  data_time: 0.0137  memory: 4189  grad_norm: 5.8070  loss: 8.3321  vote_loss: 5.0149  objectness_loss: 0.5637  semantic_loss: 0.7686  center_loss: 0.5806  dir_class_loss: 0.0000  dir_res_loss: 0.0000  size_class_loss: 0.7687  size_res_loss: 0.6356
2026/06/03 07:19:59 - mmengine - INFO - Epoch(train)  [2][570/779]  lr: 8.0000e-03  eta: 1:05:46  time: 0.1444  data_time: 0.0138  memory: 4189  grad_norm: 5.6330  loss: 8.5017  vote_loss: 5.0869  objectness_loss: 0.5643  semantic_loss: 0.8085  center_loss: 0.5751  dir_class_loss: 0.0000  dir_res_loss: 0.0000  size_class_loss: 0.8084  size_res_loss: 0.6585
2026/06/03 07:20:03 - mmengine - INFO - Epoch(train)  [2][600/779]  lr: 8.0000e-03  eta: 1:05:40  time: 0.1449  data_time: 0.0136  memory: 4189  grad_norm: 5.3117  loss: 8.5342  vote_loss: 5.0770  objectness_loss: 0.5665  semantic_loss: 0.8182  center_loss: 0.5777  dir_class_loss: 0.0000  dir_res_loss: 0.0000  size_class_loss: 0.8180  size_res_loss: 0.6768
2026/06/03 07:20:07 - mmengine - INFO - Epoch(train)  [2][630/779]  lr: 8.0000e-03  eta: 1:05:34  time: 0.1447  data_time: 0.0130  memory: 4189  grad_norm: 5.8092  loss: 8.5833  vote_loss: 5.1287  objectness_loss: 0.5458  semantic_loss: 0.8236  center_loss: 0.5895  dir_class_loss: 0.0000  dir_res_loss: 0.0000  size_class_loss: 0.8235  size_res_loss: 0.6721
2026/06/03 07:20:12 - mmengine - INFO - Epoch(train)  [2][660/779]  lr: 8.0000e-03  eta: 1:05:27  time: 0.1431  data_time: 0.0129  memory: 4189  grad_norm: 6.0160  loss: 8.4355  vote_loss: 5.0628  objectness_loss: 0.5537  semantic_loss: 0.7712  center_loss: 0.5901  dir_class_loss: 0.0000  dir_res_loss: 0.0000  size_class_loss: 0.7712  size_res_loss: 0.6865
2026/06/03 07:20:16 - mmengine - INFO - Epoch(train)  [2][690/779]  lr: 8.0000e-03  eta: 1:05:23  time: 0.1469  data_time: 0.0138  memory: 4189  grad_norm: 5.4954  loss: 8.1799  vote_loss: 4.9171  objectness_loss: 0.5448  semantic_loss: 0.7454  center_loss: 0.5669  dir_class_loss: 0.0000  dir_res_loss: 0.0000  size_class_loss: 0.7458  size_res_loss: 0.6599
2026/06/03 07:20:21 - mmengine - INFO - Epoch(train)  [2][720/779]  lr: 8.0000e-03  eta: 1:05:20  time: 0.1515  data_time: 0.0140  memory: 4189  grad_norm: 5.2513  loss: 8.4020  vote_loss: 5.0295  objectness_loss: 0.5408  semantic_loss: 0.7789  center_loss: 0.5842  dir_class_loss: 0.0000  dir_res_loss: 0.0000  size_class_loss: 0.7792  size_res_loss: 0.6893
2026/06/03 07:20:25 - mmengine - INFO - Epoch(train)  [2][750/779]  lr: 8.0000e-03  eta: 1:05:18  time: 0.1492  data_time: 0.0136  memory: 4189  grad_norm: 5.3557  loss: 8.5402  vote_loss: 5.0595  objectness_loss: 0.5454  semantic_loss: 0.7813  center_loss: 0.6085  dir_class_loss: 0.0000  dir_res_loss: 0.0000  size_class_loss: 0.7813  size_res_loss: 0.7641
2026/06/03 07:20:29 - mmengine - INFO - Exp name: votenet_8xb8_scannet-3d_20260603_071635
2026/06/03 07:20:34 - mmengine - INFO - Epoch(train)  [3][ 30/779]  lr: 8.0000e-03  eta: 1:05:17  time: 0.1586  data_time: 0.0222  memory: 4189  grad_norm: 5.9875  loss: 7.9570  vote_loss: 4.7604  objectness_loss: 0.5382  semantic_loss: 0.7246  center_loss: 0.5587  dir_class_loss: 0.0000  dir_res_loss: 0.0000  size_class_loss: 0.7245  size_res_loss: 0.6506
2026/06/03 07:20:39 - mmengine - INFO - Epoch(train)  [3][ 60/779]  lr: 8.0000e-03  eta: 1:05:13  time: 0.1510  data_time: 0.0146  memory: 4189  grad_norm: 5.4355  loss: 8.0266  vote_loss: 4.8327  objectness_loss: 0.5401  semantic_loss: 0.7344  center_loss: 0.5577  dir_class_loss: 0.0000  dir_res_loss: 0.0000  size_class_loss: 0.7344  size_res_loss: 0.6273
2026/06/03 07:20:43 - mmengine - INFO - Epoch(train)  [3][ 90/779]  lr: 8.0000e-03  eta: 1:05:10  time: 0.1496  data_time: 0.0142  memory: 4189  grad_norm: 6.0981  loss: 8.0091  vote_loss: 4.8258  objectness_loss: 0.5678  semantic_loss: 0.7198  center_loss: 0.5640  dir_class_loss: 0.0000  dir_res_loss: 0.0000  size_class_loss: 0.7199  size_res_loss: 0.6117
2026/06/03 07:20:48 - mmengine - INFO - Epoch(train)  [3][120/779]  lr: 8.0000e-03  eta: 1:05:08  time: 0.1514  data_time: 0.0148  memory: 4189  grad_norm: 6.1289  loss: 8.0014  vote_loss: 4.8227  objectness_loss: 0.5579  semantic_loss: 0.7088  center_loss: 0.5703  dir_class_loss: 0.0000  dir_res_loss: 0.0000  size_class_loss: 0.7089  size_res_loss: 0.6328
2026/06/03 07:20:52 - mmengine - INFO - Epoch(train)  [3][150/779]  lr: 8.0000e-03  eta: 1:05:02  time: 0.1473  data_time: 0.0142  memory: 4189  grad_norm: 5.5988  loss: 8.3800  vote_loss: 4.9957  objectness_loss: 0.5647  semantic_loss: 0.7696  center_loss: 0.5813  dir_class_loss: 0.0000  dir_res_loss: 0.0000  size_class_loss: 0.7697  size_res_loss: 0.6989
2026/06/03 07:20:57 - mmengine - INFO - Epoch(train)  [3][180/779]  lr: 8.0000e-03  eta: 1:04:55  time: 0.1439  data_time: 0.0137  memory: 4189  grad_norm: 5.7979  loss: 8.4305  vote_loss: 5.1224  objectness_loss: 0.5517  semantic_loss: 0.7373  center_loss: 0.5719  dir_class_loss: 0.0000  dir_res_loss: 0.0001  size_class_loss: 0.7376  size_res_loss: 0.7094
2026/06/03 07:21:01 - mmengine - INFO - Epoch(train)  [3][210/779]  lr: 8.0000e-03  eta: 1:04:51  time: 0.1462  data_time: 0.0137  memory: 4189  grad_norm: 5.6132  loss: 7.8266  vote_loss: 4.7471  objectness_loss: 0.5514  semantic_loss: 0.6708  center_loss: 0.5362  dir_class_loss: 0.0000  dir_res_loss: 0.0002  size_class_loss: 0.6711  size_res_loss: 0.6497
2026/06/03 07:21:05 - mmengine - INFO - Epoch(train)  [3][240/779]  lr: 8.0000e-03  eta: 1:04:46  time: 0.1476  data_time: 0.0138  memory: 4189  grad_norm: 5.3888  loss: 7.9084  vote_loss: 4.8412  objectness_loss: 0.5333  semantic_loss: 0.6850  center_loss: 0.5414  dir_class_loss: 0.0000  dir_res_loss: 0.0003  size_class_loss: 0.6849  size_res_loss: 0.6223
2026/06/03 07:21:10 - mmengine - INFO - Epoch(train)  [3][270/779]  lr: 8.0000e-03  eta: 1:04:40  time: 0.1458  data_time: 0.0137  memory: 4189  grad_norm: 5.3702  loss: 7.7747  vote_loss: 4.6726  objectness_loss: 0.5325  semantic_loss: 0.7071  center_loss: 0.5371  dir_class_loss: 0.0000  dir_res_loss: 0.0003  size_class_loss: 0.7073  size_res_loss: 0.6177
2026/06/03 07:21:14 - mmengine - INFO - Epoch(train)  [3][300/779]  lr: 8.0000e-03  eta: 1:04:34  time: 0.1442  data_time: 0.0137  memory: 4189  grad_norm: 5.8505  loss: 7.5371  vote_loss: 4.4717  objectness_loss: 0.5276  semantic_loss: 0.6971  center_loss: 0.5326  dir_class_loss: 0.0000  dir_res_loss: 0.0007  size_class_loss: 0.6971  size_res_loss: 0.6102
2026/06/03 07:21:18 - mmengine - INFO - Epoch(train)  [3][330/779]  lr: 8.0000e-03  eta: 1:04:28  time: 0.1443  data_time: 0.0136  memory: 4189  grad_norm: 6.1640  loss: 7.9167  vote_loss: 4.7750  objectness_loss: 0.5457  semantic_loss: 0.7163  center_loss: 0.5381  dir_class_loss: 0.0000  dir_res_loss: 0.0013  size_class_loss: 0.7163  size_res_loss: 0.6241
2026/06/03 07:21:23 - mmengine - INFO - Epoch(train)  [3][360/779]  lr: 8.0000e-03  eta: 1:04:21  time: 0.1433  data_time: 0.0133  memory: 4189  grad_norm: 5.8652  loss: 7.7783  vote_loss: 4.7400  objectness_loss: 0.5332  semantic_loss: 0.6875  center_loss: 0.5236  dir_class_loss: 0.0000  dir_res_loss: 0.0009  size_class_loss: 0.6875  size_res_loss: 0.6056
2026/06/03 07:21:27 - mmengine - INFO - Epoch(train)  [3][390/779]  lr: 8.0000e-03  eta: 1:04:16  time: 0.1440  data_time: 0.0134  memory: 4189  grad_norm: 6.3958  loss: 7.4397  vote_loss: 4.5121  objectness_loss: 0.5207  semantic_loss: 0.6462  center_loss: 0.5399  dir_class_loss: 0.0000  dir_res_loss: 0.0003  size_class_loss: 0.6463  size_res_loss: 0.5742
2026/06/03 07:21:31 - mmengine - INFO - Epoch(train)  [3][420/779]  lr: 8.0000e-03  eta: 1:04:10  time: 0.1442  data_time: 0.0136  memory: 4189  grad_norm: 5.9920  loss: 7.7516  vote_loss: 4.7012  objectness_loss: 0.5280  semantic_loss: 0.6656  center_loss: 0.5489  dir_class_loss: 0.0000  dir_res_loss: 0.0001  size_class_loss: 0.6655  size_res_loss: 0.6423
2026/06/03 07:21:35 - mmengine - INFO - Exp name: votenet_8xb8_scannet-3d_20260603_071635
2026/06/03 07:21:36 - mmengine - INFO - Epoch(train)  [3][450/779]  lr: 8.0000e-03  eta: 1:04:05  time: 0.1464  data_time: 0.0141  memory: 4189  grad_norm: 5.3806  loss: 7.9490  vote_loss: 4.7988  objectness_loss: 0.5382  semantic_loss: 0.7146  center_loss: 0.5426  dir_class_loss: 0.0000  dir_res_loss: 0.0001  size_class_loss: 0.7145  size_res_loss: 0.6403
2026/06/03 07:21:40 - mmengine - INFO - Epoch(train)  [3][480/779]  lr: 8.0000e-03  eta: 1:04:00  time: 0.1456  data_time: 0.0142  memory: 4189  grad_norm: 5.0479  loss: 7.8284  vote_loss: 4.7479  objectness_loss: 0.5277  semantic_loss: 0.6906  center_loss: 0.5408  dir_class_loss: 0.0000  dir_res_loss: 0.0000  size_class_loss: 0.6906  size_res_loss: 0.6308
2026/06/03 07:21:44 - mmengine - INFO - Epoch(train)  [3][510/779]  lr: 8.0000e-03  eta: 1:03:54  time: 0.1435  data_time: 0.0134  memory: 4189  grad_norm: 5.3400  loss: 7.8457  vote_loss: 4.7737  objectness_loss: 0.5327  semantic_loss: 0.6705  center_loss: 0.5417  dir_class_loss: 0.0000  dir_res_loss: 0.0000  size_class_loss: 0.6705  size_res_loss: 0.6565
2026/06/03 07:21:49 - mmengine - INFO - Epoch(train)  [3][540/779]  lr: 8.0000e-03  eta: 1:03:48  time: 0.1434  data_time: 0.0130  memory: 4189  grad_norm: 5.2692  loss: 7.7380  vote_loss: 4.5918  objectness_loss: 0.5365  semantic_loss: 0.6978  center_loss: 0.5270  dir_class_loss: 0.0000  dir_res_loss: 0.0000  size_class_loss: 0.6977  size_res_loss: 0.6873
2026/06/03 07:21:53 - mmengine - INFO - Epoch(train)  [3][570/779]  lr: 8.0000e-03  eta: 1:03:42  time: 0.1439  data_time: 0.0134  memory: 4189  grad_norm: 5.4212  loss: 7.9283  vote_loss: 4.7710  objectness_loss: 0.5456  semantic_loss: 0.7052  center_loss: 0.5251  dir_class_loss: 0.0000  dir_res_loss: 0.0000  size_class_loss: 0.7051  size_res_loss: 0.6763
2026/06/03 07:21:57 - mmengine - INFO - Epoch(train)  [3][600/779]  lr: 8.0000e-03  eta: 1:03:36  time: 0.1439  data_time: 0.0135  memory: 4189  grad_norm: 5.9845  loss: 7.8314  vote_loss: 4.8049  objectness_loss: 0.5257  semantic_loss: 0.6711  center_loss: 0.5346  dir_class_loss: 0.0000  dir_res_loss: 0.0000  size_class_loss: 0.6713  size_res_loss: 0.6240
2026/06/03 07:22:02 - mmengine - INFO - Epoch(train)  [3][630/779]  lr: 8.0000e-03  eta: 1:03:34  time: 0.1501  data_time: 0.0145  memory: 4189  grad_norm: 5.6204  loss: 7.5455  vote_loss: 4.5144  objectness_loss: 0.5100  semantic_loss: 0.6888  center_loss: 0.5362  dir_class_loss: 0.0000  dir_res_loss: 0.0000  size_class_loss: 0.6890  size_res_loss: 0.6071
2026/06/03 07:22:06 - mmengine - INFO - Epoch(train)  [3][660/779]  lr: 8.0000e-03  eta: 1:03:29  time: 0.1484  data_time: 0.0143  memory: 4189  grad_norm: 5.5553  loss: 7.5860  vote_loss: 4.5462  objectness_loss: 0.5283  semantic_loss: 0.6829  center_loss: 0.5224  dir_class_loss: 0.0000  dir_res_loss: 0.0000  size_class_loss: 0.6828  size_res_loss: 0.6234
2026/06/03 07:22:11 - mmengine - INFO - Epoch(train)  [3][690/779]  lr: 8.0000e-03  eta: 1:03:24  time: 0.1446  data_time: 0.0137  memory: 4189  grad_norm: 5.3739  loss: 7.8167  vote_loss: 4.7278  objectness_loss: 0.5455  semantic_loss: 0.7051  center_loss: 0.5350  dir_class_loss: 0.0000  dir_res_loss: 0.0000  size_class_loss: 0.7051  size_res_loss: 0.5981
2026/06/03 07:22:15 - mmengine - INFO - Epoch(train)  [3][720/779]  lr: 8.0000e-03  eta: 1:03:18  time: 0.1450  data_time: 0.0137  memory: 4189  grad_norm: 5.2910  loss: 7.8000  vote_loss: 4.7141  objectness_loss: 0.5310  semantic_loss: 0.7070  center_loss: 0.5262  dir_class_loss: 0.0000  dir_res_loss: 0.0000  size_class_loss: 0.7071  size_res_loss: 0.6146
2026/06/03 07:22:19 - mmengine - INFO - Epoch(train)  [3][750/779]  lr: 8.0000e-03  eta: 1:03:13  time: 0.1448  data_time: 0.0136  memory: 4189  grad_norm: 5.7184  loss: 7.4433  vote_loss: 4.4288  objectness_loss: 0.5293  semantic_loss: 0.6828  center_loss: 0.5120  dir_class_loss: 0.0000  dir_res_loss: 0.0000  size_class_loss: 0.6827  size_res_loss: 0.6077
2026/06/03 07:22:24 - mmengine - INFO - Exp name: votenet_8xb8_scannet-3d_20260603_071635
2026/06/03 07:22:29 - mmengine - INFO - Epoch(train)  [4][ 30/779]  lr: 8.0000e-03  eta: 1:03:09  time: 0.1563  data_time: 0.0223  memory: 4189  grad_norm: 6.4587  loss: 7.2557  vote_loss: 4.3326  objectness_loss: 0.5342  semantic_loss: 0.6490  center_loss: 0.5150  dir_class_loss: 0.0000  dir_res_loss: 0.0000  size_class_loss: 0.6490  size_res_loss: 0.5760
2026/06/03 07:22:33 - mmengine - INFO - Epoch(train)  [4][ 60/779]  lr: 8.0000e-03  eta: 1:03:05  time: 0.1474  data_time: 0.0144  memory: 4189  grad_norm: 5.3936  loss: 7.4144  vote_loss: 4.4544  objectness_loss: 0.5290  semantic_loss: 0.6524  center_loss: 0.5156  dir_class_loss: 0.0000  dir_res_loss: 0.0000  size_class_loss: 0.6523  size_res_loss: 0.6106
2026/06/03 07:22:38 - mmengine - INFO - Epoch(train)  [4][ 90/779]  lr: 8.0000e-03  eta: 1:03:01  time: 0.1488  data_time: 0.0144  memory: 4189  grad_norm: 5.0721  loss: 7.2570  vote_loss: 4.3078  objectness_loss: 0.5394  semantic_loss: 0.6420  center_loss: 0.5124  dir_class_loss: 0.0000  dir_res_loss: 0.0000  size_class_loss: 0.6420  size_res_loss: 0.6136
2026/06/03 07:22:42 - mmengine - INFO - Epoch(train)  [4][120/779]  lr: 8.0000e-03  eta: 1:02:58  time: 0.1502  data_time: 0.0144  memory: 4189  grad_norm: 5.6490  loss: 7.0008  vote_loss: 4.2346  objectness_loss: 0.5311  semantic_loss: 0.5943  center_loss: 0.4870  dir_class_loss: 0.0000  dir_res_loss: 0.0000  size_class_loss: 0.5943  size_res_loss: 0.5595
2026/06/03 07:22:47 - mmengine - INFO - Epoch(train)  [4][150/779]  lr: 8.0000e-03  eta: 1:02:54  time: 0.1531  data_time: 0.0151  memory: 4189  grad_norm: 5.4706  loss: 7.3847  vote_loss: 4.4876  objectness_loss: 0.5433  semantic_loss: 0.6210  center_loss: 0.5019  dir_class_loss: 0.0000  dir_res_loss: 0.0000  size_class_loss: 0.6211  size_res_loss: 0.6098
2026/06/03 07:22:51 - mmengine - INFO - Epoch(train)  [4][180/779]  lr: 8.0000e-03  eta: 1:02:49  time: 0.1454  data_time: 0.0140  memory: 4189  grad_norm: 6.4899  loss: 7.6017  vote_loss: 4.6254  objectness_loss: 0.5300  semantic_loss: 0.6440  center_loss: 0.5449  dir_class_loss: 0.0000  dir_res_loss: 0.0000  size_class_loss: 0.6441  size_res_loss: 0.6133
2026/06/03 07:22:55 - mmengine - INFO - Epoch(train)  [4][210/779]  lr: 8.0000e-03  eta: 1:02:44  time: 0.1457  data_time: 0.0141  memory: 4189  grad_norm: 5.8297  loss: 7.5800  vote_loss: 4.5499  objectness_loss: 0.5105  semantic_loss: 0.6756  center_loss: 0.5446  dir_class_loss: 0.0000  dir_res_loss: 0.0000  size_class_loss: 0.6755  size_res_loss: 0.6239
2026/06/03 07:23:00 - mmengine - INFO - Epoch(train)  [4][240/779]  lr: 8.0000e-03  eta: 1:02:41  time: 0.1489  data_time: 0.0174  memory: 4189  grad_norm: 4.9727  loss: 7.5102  vote_loss: 4.5226  objectness_loss: 0.5296  semantic_loss: 0.6655  center_loss: 0.5071  dir_class_loss: 0.0000  dir_res_loss: 0.0000  size_class_loss: 0.6655  size_res_loss: 0.6198
2026/06/03 07:23:04 - mmengine - INFO - Epoch(train)  [4][270/779]  lr: 8.0000e-03  eta: 1:02:36  time: 0.1489  data_time: 0.0174  memory: 4189  grad_norm: 5.0037  loss: 7.2790  vote_loss: 4.4462  objectness_loss: 0.5215  semantic_loss: 0.6229  center_loss: 0.4860  dir_class_loss: 0.0000  dir_res_loss: 0.0000  size_class_loss: 0.6229  size_res_loss: 0.5795
2026/06/03 07:23:09 - mmengine - INFO - Epoch(train)  [4][300/779]  lr: 8.0000e-03  eta: 1:02:31  time: 0.1463  data_time: 0.0140  memory: 4189  grad_norm: 4.9469  loss: 7.2780  vote_loss: 4.4151  objectness_loss: 0.5094  semantic_loss: 0.6344  center_loss: 0.4912  dir_class_loss: 0.0000  dir_res_loss: 0.0000  size_class_loss: 0.6344  size_res_loss: 0.5935
2026/06/03 07:23:13 - mmengine - INFO - Epoch(train)  [4][330/779]  lr: 8.0000e-03  eta: 1:02:26  time: 0.1460  data_time: 0.0138  memory: 4189  grad_norm: 5.4294  loss: 7.0771  vote_loss: 4.2887  objectness_loss: 0.5028  semantic_loss: 0.6249  center_loss: 0.4818  dir_class_loss: 0.0000  dir_res_loss: 0.0000  size_class_loss: 0.6249  size_res_loss: 0.5540
2026/06/03 07:23:17 - mmengine - INFO - Epoch(train)  [4][360/779]  lr: 8.0000e-03  eta: 1:02:21  time: 0.1465  data_time: 0.0139  memory: 4189  grad_norm: 5.2972  loss: 7.0602  vote_loss: 4.3195  objectness_loss: 0.5142  semantic_loss: 0.6001  center_loss: 0.4780  dir_class_loss: 0.0000  dir_res_loss: 0.0000  size_class_loss: 0.6001  size_res_loss: 0.5482
2026/06/03 07:23:22 - mmengine - INFO - Epoch(train)  [4][390/779]  lr: 8.0000e-03  eta: 1:02:16  time: 0.1457  data_time: 0.0138  memory: 4189  grad_norm: 4.8499  loss: 7.1530  vote_loss: 4.3318  objectness_loss: 0.5156  semantic_loss: 0.6158  center_loss: 0.4986  dir_class_loss: 0.0000  dir_res_loss: 0.0000  size_class_loss: 0.6159  size_res_loss: 0.5753
2026/06/03 07:23:26 - mmengine - INFO - Epoch(train)  [4][420/779]  lr: 8.0000e-03  eta: 1:02:12  time: 0.1483  data_time: 0.0141  memory: 4189  grad_norm: 4.9518  loss: 6.9376  vote_loss: 4.2307  objectness_loss: 0.5118  semantic_loss: 0.6008  center_loss: 0.4723  dir_class_loss: 0.0000  dir_res_loss: 0.0000  size_class_loss: 0.6009  size_res_loss: 0.5210
2026/06/03 07:23:31 - mmengine - INFO - Epoch(train)  [4][450/779]  lr: 8.0000e-03  eta: 1:02:08  time: 0.1488  data_time: 0.0142  memory: 4189  grad_norm: 5.1053  loss: 7.1533  vote_loss: 4.3488  objectness_loss: 0.5109  semantic_loss: 0.6239  center_loss: 0.4791  dir_class_loss: 0.0000  dir_res_loss: 0.0000  size_class_loss: 0.6238  size_res_loss: 0.5669
2026/06/03 07:23:35 - mmengine - INFO - Epoch(train)  [4][480/779]  lr: 8.0000e-03  eta: 1:02:02  time: 0.1451  data_time: 0.0138  memory: 4189  grad_norm: 4.9214  loss: 7.0306  vote_loss: 4.2568  objectness_loss: 0.4930  semantic_loss: 0.6136  center_loss: 0.4740  dir_class_loss: 0.0000  dir_res_loss: 0.0000  size_class_loss: 0.6135  size_res_loss: 0.5798
2026/06/03 07:23:39 - mmengine - INFO - Epoch(train)  [4][510/779]  lr: 8.0000e-03  eta: 1:01:58  time: 0.1457  data_time: 0.0138  memory: 4189  grad_norm: 5.0043  loss: 7.1281  vote_loss: 4.3952  objectness_loss: 0.4972  semantic_loss: 0.5840  center_loss: 0.4835  dir_class_loss: 0.0000  dir_res_loss: 0.0000  size_class_loss: 0.5841  size_res_loss: 0.5841
2026/06/03 07:23:44 - mmengine - INFO - Epoch(train)  [4][540/779]  lr: 8.0000e-03  eta: 1:01:52  time: 0.1457  data_time: 0.0139  memory: 4189  grad_norm: 5.2155  loss: 7.1571  vote_loss: 4.3012  objectness_loss: 0.5121  semantic_loss: 0.6410  center_loss: 0.5014  dir_class_loss: 0.0000  dir_res_loss: 0.0000  size_class_loss: 0.6411  size_res_loss: 0.5602
2026/06/03 07:23:48 - mmengine - INFO - Epoch(train)  [4][570/779]  lr: 8.0000e-03  eta: 1:01:47  time: 0.1450  data_time: 0.0138  memory: 4189  grad_norm: 4.9084  loss: 6.9980  vote_loss: 4.2700  objectness_loss: 0.5118  semantic_loss: 0.5919  center_loss: 0.4844  dir_class_loss: 0.0000  dir_res_loss: 0.0000  size_class_loss: 0.5918  size_res_loss: 0.5480
2026/06/03 07:23:53 - mmengine - INFO - Epoch(train)  [4][600/779]  lr: 8.0000e-03  eta: 1:01:44  time: 0.1485  data_time: 0.0142  memory: 4189  grad_norm: 5.4143  loss: 7.2304  vote_loss: 4.4869  objectness_loss: 0.5241  semantic_loss: 0.5795  center_loss: 0.4861  dir_class_loss: 0.0000  dir_res_loss: 0.0000  size_class_loss: 0.5794  size_res_loss: 0.5745
2026/06/03 07:23:57 - mmengine - INFO - Epoch(train)  [4][630/779]  lr: 8.0000e-03  eta: 1:01:41  time: 0.1527  data_time: 0.0147  memory: 4189  grad_norm: 5.4570  loss: 7.2569  vote_loss: 4.4943  objectness_loss: 0.5165  semantic_loss: 0.6013  center_loss: 0.4841  dir_class_loss: 0.0000  dir_res_loss: 0.0000  size_class_loss: 0.6012  size_res_loss: 0.5595
2026/06/03 07:24:02 - mmengine - INFO - Epoch(train)  [4][660/779]  lr: 8.0000e-03  eta: 1:01:36  time: 0.1467  data_time: 0.0140  memory: 4189  grad_norm: 5.0940  loss: 7.3669  vote_loss: 4.5472  objectness_loss: 0.5054  semantic_loss: 0.6216  center_loss: 0.4911  dir_class_loss: 0.0000  dir_res_loss: 0.0000  size_class_loss: 0.6215  size_res_loss: 0.5802
2026/06/03 07:24:02 - mmengine - INFO - Exp name: votenet_8xb8_scannet-3d_20260603_071635
2026/06/03 07:24:06 - mmengine - INFO - Epoch(train)  [4][690/779]  lr: 8.0000e-03  eta: 1:01:33  time: 0.1514  data_time: 0.0146  memory: 4189  grad_norm: 5.1126  loss: 7.1851  vote_loss: 4.4196  objectness_loss: 0.5008  semantic_loss: 0.6042  center_loss: 0.4767  dir_class_loss: 0.0000  dir_res_loss: 0.0001  size_class_loss: 0.6041  size_res_loss: 0.5795
2026/06/03 07:24:11 - mmengine - INFO - Epoch(train)  [4][720/779]  lr: 8.0000e-03  eta: 1:01:30  time: 0.1534  data_time: 0.0148  memory: 4189  grad_norm: 5.2028  loss: 7.1073  vote_loss: 4.2643  objectness_loss: 0.5045  semantic_loss: 0.6236  center_loss: 0.4692  dir_class_loss: 0.0000  dir_res_loss: 0.0001  size_class_loss: 0.6236  size_res_loss: 0.6221
2026/06/03 07:24:15 - mmengine - INFO - Epoch(train)  [4][750/779]  lr: 8.0000e-03  eta: 1:01:26  time: 0.1488  data_time: 0.0159  memory: 4189  grad_norm: 5.3657  loss: 7.2520  vote_loss: 4.4137  objectness_loss: 0.5115  semantic_loss: 0.6148  center_loss: 0.4777  dir_class_loss: 0.0000  dir_res_loss: 0.0001  size_class_loss: 0.6148  size_res_loss: 0.6195
2026/06/03 07:24:19 - mmengine - INFO - Exp name: votenet_8xb8_scannet-3d_20260603_071635
2026/06/03 07:24:25 - mmengine - INFO - Epoch(train)  [5][ 30/779]  lr: 8.0000e-03  eta: 1:01:21  time: 0.1593  data_time: 0.0224  memory: 4189  grad_norm: 5.7779  loss: 6.8973  vote_loss: 4.2344  objectness_loss: 0.4852  semantic_loss: 0.5653  center_loss: 0.4970  dir_class_loss: 0.0000  dir_res_loss: 0.0003  size_class_loss: 0.5653  size_res_loss: 0.5498
2026/06/03 07:24:29 - mmengine - INFO - Epoch(train)  [5][ 60/779]  lr: 8.0000e-03  eta: 1:01:18  time: 0.1537  data_time: 0.0149  memory: 4189  grad_norm: 5.3582  loss: 6.8805  vote_loss: 4.2349  objectness_loss: 0.4778  semantic_loss: 0.5638  center_loss: 0.4851  dir_class_loss: 0.0000  dir_res_loss: 0.0008  size_class_loss: 0.5638  size_res_loss: 0.5543
2026/06/03 07:24:34 - mmengine - INFO - Epoch(train)  [5][ 90/779]  lr: 8.0000e-03  eta: 1:01:14  time: 0.1521  data_time: 0.0150  memory: 4189  grad_norm: 4.7616  loss: 6.9685  vote_loss: 4.3136  objectness_loss: 0.4890  semantic_loss: 0.5755  center_loss: 0.4664  dir_class_loss: 0.0000  dir_res_loss: 0.0012  size_class_loss: 0.5754  size_res_loss: 0.5476
2026/06/03 07:24:38 - mmengine - INFO - Epoch(train)  [5][120/779]  lr: 8.0000e-03  eta: 1:01:11  time: 0.1513  data_time: 0.0147  memory: 4189  grad_norm: 5.4078  loss: 7.1509  vote_loss: 4.3875  objectness_loss: 0.4909  semantic_loss: 0.6157  center_loss: 0.4832  dir_class_loss: 0.0000  dir_res_loss: 0.0013  size_class_loss: 0.6157  size_res_loss: 0.5566
2026/06/03 07:24:43 - mmengine - INFO - Epoch(train)  [5][150/779]  lr: 8.0000e-03  eta: 1:01:07  time: 0.1505  data_time: 0.0145  memory: 4189  grad_norm: 5.3734  loss: 6.9212  vote_loss: 4.2087  objectness_loss: 0.4942  semantic_loss: 0.5928  center_loss: 0.4748  dir_class_loss: 0.0000  dir_res_loss: 0.0010  size_class_loss: 0.5929  size_res_loss: 0.5568
2026/06/03 07:24:47 - mmengine - INFO - Epoch(train)  [5][180/779]  lr: 8.0000e-03  eta: 1:01:03  time: 0.1486  data_time: 0.0144  memory: 4189  grad_norm: 5.3724  loss: 6.7650  vote_loss: 4.1652  objectness_loss: 0.4881  semantic_loss: 0.5491  center_loss: 0.4628  dir_class_loss: 0.0000  dir_res_loss: 0.0004  size_class_loss: 0.5492  size_res_loss: 0.5501
2026/06/03 07:24:52 - mmengine - INFO - Epoch(train)  [5][210/779]  lr: 8.0000e-03  eta: 1:00:59  time: 0.1498  data_time: 0.0146  memory: 4189  grad_norm: 5.9738  loss: 6.8949  vote_loss: 4.2128  objectness_loss: 0.5022  semantic_loss: 0.5503  center_loss: 0.4938  dir_class_loss: 0.0000  dir_res_loss: 0.0001  size_class_loss: 0.5502  size_res_loss: 0.5855
2026/06/03 07:24:56 - mmengine - INFO - Epoch(train)  [5][240/779]  lr: 8.0000e-03  eta: 1:00:54  time: 0.1470  data_time: 0.0142  memory: 4189  grad_norm: 5.0571  loss: 6.7175  vote_loss: 4.1198  objectness_loss: 0.4847  semantic_loss: 0.5481  center_loss: 0.4734  dir_class_loss: 0.0000  dir_res_loss: 0.0000  size_class_loss: 0.5480  size_res_loss: 0.5435
2026/06/03 07:25:01 - mmengine - INFO - Epoch(train)  [5][270/779]  lr: 8.0000e-03  eta: 1:00:49  time: 0.1461  data_time: 0.0143  memory: 4189  grad_norm: 5.5150  loss: 6.6841  vote_loss: 4.0784  objectness_loss: 0.4905  semantic_loss: 0.5613  center_loss: 0.4732  dir_class_loss: 0.0000  dir_res_loss: 0.0000  size_class_loss: 0.5614  size_res_loss: 0.5193
2026/06/03 07:25:05 - mmengine - INFO - Epoch(train)  [5][300/779]  lr: 8.0000e-03  eta: 1:00:44  time: 0.1448  data_time: 0.0139  memory: 4189  grad_norm: 5.1919  loss: 6.6339  vote_loss: 4.0481  objectness_loss: 0.4813  semantic_loss: 0.5504  center_loss: 0.4687  dir_class_loss: 0.0000  dir_res_loss: 0.0000  size_class_loss: 0.5503  size_res_loss: 0.5351
2026/06/03 07:25:09 - mmengine - INFO - Epoch(train)  [5][330/779]  lr: 8.0000e-03  eta: 1:00:39  time: 0.1452  data_time: 0.0138  memory: 4189  grad_norm: 5.2655  loss: 6.5611  vote_loss: 3.9932  objectness_loss: 0.4890  semantic_loss: 0.5385  center_loss: 0.4575  dir_class_loss: 0.0000  dir_res_loss: 0.0000  size_class_loss: 0.5386  size_res_loss: 0.5443
2026/06/03 07:25:14 - mmengine - INFO - Epoch(train)  [5][360/779]  lr: 8.0000e-03  eta: 1:00:34  time: 0.1461  data_time: 0.0143  memory: 4189  grad_norm: 5.3205  loss: 6.8177  vote_loss: 4.1695  objectness_loss: 0.4983  semantic_loss: 0.5374  center_loss: 0.4647  dir_class_loss: 0.0000  dir_res_loss: 0.0000  size_class_loss: 0.5374  size_res_loss: 0.6104
2026/06/03 07:25:18 - mmengine - INFO - Epoch(train)  [5][390/779]  lr: 8.0000e-03  eta: 1:00:30  time: 0.1471  data_time: 0.0140  memory: 4189  grad_norm: 4.8436  loss: 7.0317  vote_loss: 4.3067  objectness_loss: 0.4932  semantic_loss: 0.5701  center_loss: 0.4766  dir_class_loss: 0.0000  dir_res_loss: 0.0000  size_class_loss: 0.5701  size_res_loss: 0.6149
2026/06/03 07:25:22 - mmengine - INFO - Epoch(train)  [5][420/779]  lr: 8.0000e-03  eta: 1:00:25  time: 0.1472  data_time: 0.0138  memory: 4189  grad_norm: 5.1792  loss: 6.7208  vote_loss: 4.1158  objectness_loss: 0.4968  semantic_loss: 0.5467  center_loss: 0.4666  dir_class_loss: 0.0000  dir_res_loss: 0.0000  size_class_loss: 0.5467  size_res_loss: 0.5481
2026/06/03 07:25:27 - mmengine - INFO - Epoch(train)  [5][450/779]  lr: 8.0000e-03  eta: 1:00:20  time: 0.1452  data_time: 0.0139  memory: 4189  grad_norm: 5.8622  loss: 6.9873  vote_loss: 4.2757  objectness_loss: 0.4917  semantic_loss: 0.5842  center_loss: 0.4860  dir_class_loss: 0.0000  dir_res_loss: 0.0000  size_class_loss: 0.5842  size_res_loss: 0.5655
2026/06/03 07:25:31 - mmengine - INFO - Epoch(train)  [5][480/779]  lr: 8.0000e-03  eta: 1:00:15  time: 0.1463  data_time: 0.0141  memory: 4189  grad_norm: 5.7019  loss: 6.8110  vote_loss: 4.1981  objectness_loss: 0.4887  semantic_loss: 0.5518  center_loss: 0.4730  dir_class_loss: 0.0000  dir_res_loss: 0.0000  size_class_loss: 0.5518  size_res_loss: 0.5475
2026/06/03 07:25:36 - mmengine - INFO - Epoch(train)  [5][510/779]  lr: 8.0000e-03  eta: 1:00:10  time: 0.1453  data_time: 0.0139  memory: 4189  grad_norm: 4.9645  loss: 6.7083  vote_loss: 4.2065  objectness_loss: 0.4840  semantic_loss: 0.5210  center_loss: 0.4516  dir_class_loss: 0.0000  dir_res_loss: 0.0000  size_class_loss: 0.5210  size_res_loss: 0.5241
2026/06/03 07:25:40 - mmengine - INFO - Epoch(train)  [5][540/779]  lr: 8.0000e-03  eta: 1:00:05  time: 0.1444  data_time: 0.0137  memory: 4189  grad_norm: 4.6639  loss: 6.5863  vote_loss: 4.0931  objectness_loss: 0.4783  semantic_loss: 0.5182  center_loss: 0.4381  dir_class_loss: 0.0000  dir_res_loss: 0.0000  size_class_loss: 0.5182  size_res_loss: 0.5405
2026/06/03 07:25:44 - mmengine - INFO - Epoch(train)  [5][570/779]  lr: 8.0000e-03  eta: 1:00:00  time: 0.1439  data_time: 0.0133  memory: 4189  grad_norm: 5.2351  loss: 6.4583  vote_loss: 3.9570  objectness_loss: 0.4703  semantic_loss: 0.5213  center_loss: 0.4469  dir_class_loss: 0.0000  dir_res_loss: 0.0000  size_class_loss: 0.5212  size_res_loss: 0.5417
2026/06/03 07:25:48 - mmengine - INFO - Epoch(train)  [5][600/779]  lr: 8.0000e-03  eta: 0:59:54  time: 0.1429  data_time: 0.0125  memory: 4189  grad_norm: 5.6532  loss: 6.6702  vote_loss: 4.0970  objectness_loss: 0.4776  semantic_loss: 0.5374  center_loss: 0.4640  dir_class_loss: 0.0000  dir_res_loss: 0.0000  size_class_loss: 0.5373  size_res_loss: 0.5569
2026/06/03 07:25:53 - mmengine - INFO - Epoch(train)  [5][630/779]  lr: 8.0000e-03  eta: 0:59:49  time: 0.1420  data_time: 0.0125  memory: 4189  grad_norm: 5.2045  loss: 6.5894  vote_loss: 4.1168  objectness_loss: 0.4662  semantic_loss: 0.5113  center_loss: 0.4532  dir_class_loss: 0.0000  dir_res_loss: 0.0000  size_class_loss: 0.5113  size_res_loss: 0.5307
2026/06/03 07:25:57 - mmengine - INFO - Epoch(train)  [5][660/779]  lr: 8.0000e-03  eta: 0:59:43  time: 0.1423  data_time: 0.0131  memory: 4189  grad_norm: 4.7866  loss: 6.5996  vote_loss: 4.1283  objectness_loss: 0.4687  semantic_loss: 0.5182  center_loss: 0.4393  dir_class_loss: 0.0000  dir_res_loss: 0.0000  size_class_loss: 0.5183  size_res_loss: 0.5268
2026/06/03 07:26:01 - mmengine - INFO - Epoch(train)  [5][690/779]  lr: 8.0000e-03  eta: 0:59:38  time: 0.1437  data_time: 0.0135  memory: 4189  grad_norm: 5.4813  loss: 6.7441  vote_loss: 4.1926  objectness_loss: 0.4596  semantic_loss: 0.5418  center_loss: 0.4367  dir_class_loss: 0.0000  dir_res_loss: 0.0000  size_class_loss: 0.5419  size_res_loss: 0.5715
2026/06/03 07:26:06 - mmengine - INFO - Epoch(train)  [5][720/779]  lr: 8.0000e-03  eta: 0:59:34  time: 0.1462  data_time: 0.0136  memory: 4189  grad_norm: 5.0948  loss: 6.5861  vote_loss: 4.0308  objectness_loss: 0.4794  semantic_loss: 0.5347  center_loss: 0.4534  dir_class_loss: 0.0000  dir_res_loss: 0.0000  size_class_loss: 0.5348  size_res_loss: 0.5530
2026/06/03 07:26:10 - mmengine - INFO - Epoch(train)  [5][750/779]  lr: 8.0000e-03  eta: 0:59:29  time: 0.1451  data_time: 0.0137  memory: 4189  grad_norm: 4.7222  loss: 6.6433  vote_loss: 4.0329  objectness_loss: 0.4797  semantic_loss: 0.5577  center_loss: 0.4515  dir_class_loss: 0.0000  dir_res_loss: 0.0000  size_class_loss: 0.5578  size_res_loss: 0.5637
2026/06/03 07:26:14 - mmengine - INFO - Exp name: votenet_8xb8_scannet-3d_20260603_071635
2026/06/03 07:26:19 - mmengine - INFO - Epoch(train)  [6][ 30/779]  lr: 8.0000e-03  eta: 0:59:23  time: 0.1586  data_time: 0.0237  memory: 4189  grad_norm: 5.1855  loss: 6.4313  vote_loss: 3.9785  objectness_loss: 0.4715  semantic_loss: 0.5119  center_loss: 0.4374  dir_class_loss: 0.0000  dir_res_loss: 0.0000  size_class_loss: 0.5120  size_res_loss: 0.5200
2026/06/03 07:26:24 - mmengine - INFO - Epoch(train)  [6][ 60/779]  lr: 8.0000e-03  eta: 0:59:19  time: 0.1502  data_time: 0.0148  memory: 4189  grad_norm: 4.9205  loss: 6.5290  vote_loss: 4.0338  objectness_loss: 0.4741  semantic_loss: 0.5353  center_loss: 0.4337  dir_class_loss: 0.0000  dir_res_loss: 0.0000  size_class_loss: 0.5354  size_res_loss: 0.5166
2026/06/03 07:26:28 - mmengine - INFO - Epoch(train)  [6][ 90/779]  lr: 8.0000e-03  eta: 0:59:14  time: 0.1481  data_time: 0.0144  memory: 4189  grad_norm: 5.0453  loss: 6.6711  vote_loss: 4.1463  objectness_loss: 0.4820  semantic_loss: 0.5359  center_loss: 0.4430  dir_class_loss: 0.0000  dir_res_loss: 0.0000  size_class_loss: 0.5359  size_res_loss: 0.5280
2026/06/03 07:26:30 - mmengine - INFO - Exp name: votenet_8xb8_scannet-3d_20260603_071635
2026/06/03 07:26:33 - mmengine - INFO - Epoch(train)  [6][120/779]  lr: 8.0000e-03  eta: 0:59:09  time: 0.1450  data_time: 0.0139  memory: 4189  grad_norm: 5.5182  loss: 6.5521  vote_loss: 4.0030  objectness_loss: 0.4759  semantic_loss: 0.5506  center_loss: 0.4543  dir_class_loss: 0.0000  dir_res_loss: 0.0000  size_class_loss: 0.5505  size_res_loss: 0.5177
2026/06/03 07:26:37 - mmengine - INFO - Epoch(train)  [6][150/779]  lr: 8.0000e-03  eta: 0:59:05  time: 0.1460  data_time: 0.0140  memory: 4189  grad_norm: 4.9833  loss: 6.5169  vote_loss: 3.9335  objectness_loss: 0.4737  semantic_loss: 0.5669  center_loss: 0.4480  dir_class_loss: 0.0000  dir_res_loss: 0.0000  size_class_loss: 0.5668  size_res_loss: 0.5279
2026/06/03 07:26:41 - mmengine - INFO - Epoch(train)  [6][180/779]  lr: 8.0000e-03  eta: 0:59:00  time: 0.1451  data_time: 0.0140  memory: 4189  grad_norm: 5.0972  loss: 6.5526  vote_loss: 3.9837  objectness_loss: 0.4848  semantic_loss: 0.5558  center_loss: 0.4390  dir_class_loss: 0.0000  dir_res_loss: 0.0000  size_class_loss: 0.5557  size_res_loss: 0.5336
2026/06/03 07:26:46 - mmengine - INFO - Epoch(train)  [6][210/779]  lr: 8.0000e-03  eta: 0:58:56  time: 0.1486  data_time: 0.0144  memory: 4189  grad_norm: 5.4248  loss: 6.6535  vote_loss: 4.1680  objectness_loss: 0.4526  semantic_loss: 0.5262  center_loss: 0.4358  dir_class_loss: 0.0000  dir_res_loss: 0.0000  size_class_loss: 0.5261  size_res_loss: 0.5448
2026/06/03 07:26:50 - mmengine - INFO - Epoch(train)  [6][240/779]  lr: 8.0000e-03  eta: 0:58:51  time: 0.1468  data_time: 0.0143  memory: 4189  grad_norm: 5.3953  loss: 6.4108  vote_loss: 3.9566  objectness_loss: 0.4650  semantic_loss: 0.5034  center_loss: 0.4354  dir_class_loss: 0.0000  dir_res_loss: 0.0000  size_class_loss: 0.5034  size_res_loss: 0.5471
2026/06/03 07:26:55 - mmengine - INFO - Epoch(train)  [6][270/779]  lr: 8.0000e-03  eta: 0:58:46  time: 0.1446  data_time: 0.0141  memory: 4189  grad_norm: 5.4656  loss: 6.4396  vote_loss: 3.9526  objectness_loss: 0.4733  semantic_loss: 0.5014  center_loss: 0.4410  dir_class_loss: 0.0000  dir_res_loss: 0.0000  size_class_loss: 0.5015  size_res_loss: 0.5699
2026/06/03 07:26:59 - mmengine - INFO - Epoch(train)  [6][300/779]  lr: 8.0000e-03  eta: 0:58:43  time: 0.1513  data_time: 0.0150  memory: 4189  grad_norm: 5.8898  loss: 6.4183  vote_loss: 3.9580  objectness_loss: 0.4549  semantic_loss: 0.5042  center_loss: 0.4527  dir_class_loss: 0.0000  dir_res_loss: 0.0000  size_class_loss: 0.5042  size_res_loss: 0.5443
2026/06/03 07:27:04 - mmengine - INFO - Epoch(train)  [6][330/779]  lr: 8.0000e-03  eta: 0:58:38  time: 0.1487  data_time: 0.0147  memory: 4189  grad_norm: 5.1542  loss: 6.3909  vote_loss: 3.9402  objectness_loss: 0.4661  semantic_loss: 0.5116  center_loss: 0.4469  dir_class_loss: 0.0000  dir_res_loss: 0.0000  size_class_loss: 0.5116  size_res_loss: 0.5145
2026/06/03 07:27:08 - mmengine - INFO - Epoch(train)  [6][360/779]  lr: 8.0000e-03  eta: 0:58:33  time: 0.1449  data_time: 0.0141  memory: 4189  grad_norm: 4.6742  loss: 6.3486  vote_loss: 3.9683  objectness_loss: 0.4600  semantic_loss: 0.4882  center_loss: 0.4220  dir_class_loss: 0.0000  dir_res_loss: 0.0000  size_class_loss: 0.4883  size_res_loss: 0.5219
2026/06/03 07:27:12 - mmengine - INFO - Epoch(train)  [6][390/779]  lr: 8.0000e-03  eta: 0:58:29  time: 0.1470  data_time: 0.0144  memory: 4189  grad_norm: 4.7268  loss: 6.2233  vote_loss: 3.8718  objectness_loss: 0.4630  semantic_loss: 0.4934  center_loss: 0.4020  dir_class_loss: 0.0000  dir_res_loss: 0.0000  size_class_loss: 0.4934  size_res_loss: 0.4997
2026/06/03 07:27:17 - mmengine - INFO - Epoch(train)  [6][420/779]  lr: 8.0000e-03  eta: 0:58:24  time: 0.1492  data_time: 0.0149  memory: 4189  grad_norm: 5.0691  loss: 6.4822  vote_loss: 4.0398  objectness_loss: 0.4799  semantic_loss: 0.5103  center_loss: 0.4160  dir_class_loss: 0.0000  dir_res_loss: 0.0000  size_class_loss: 0.5104  size_res_loss: 0.5258
2026/06/03 07:27:21 - mmengine - INFO - Epoch(train)  [6][450/779]  lr: 8.0000e-03  eta: 0:58:19  time: 0.1440  data_time: 0.0140  memory: 4189  grad_norm: 5.2497  loss: 6.4621  vote_loss: 4.0531  objectness_loss: 0.4761  semantic_loss: 0.5021  center_loss: 0.4185  dir_class_loss: 0.0000  dir_res_loss: 0.0000  size_class_loss: 0.5021  size_res_loss: 0.5102
2026/06/03 07:27:25 - mmengine - INFO - Epoch(train)  [6][480/779]  lr: 8.0000e-03  eta: 0:58:14  time: 0.1431  data_time: 0.0136  memory: 4189  grad_norm: 6.0662  loss: 6.4249  vote_loss: 4.0395  objectness_loss: 0.4687  semantic_loss: 0.4936  center_loss: 0.4330  dir_class_loss: 0.0000  dir_res_loss: 0.0000  size_class_loss: 0.4936  size_res_loss: 0.4964
2026/06/03 07:27:30 - mmengine - INFO - Epoch(train)  [6][510/779]  lr: 8.0000e-03  eta: 0:58:09  time: 0.1445  data_time: 0.0135  memory: 4189  grad_norm: 6.8957  loss: 6.6428  vote_loss: 4.1160  objectness_loss: 0.4777  semantic_loss: 0.5302  center_loss: 0.4719  dir_class_loss: 0.0000  dir_res_loss: 0.0000  size_class_loss: 0.5303  size_res_loss: 0.5167
2026/06/03 07:27:34 - mmengine - INFO - Epoch(train)  [6][540/779]  lr: 8.0000e-03  eta: 0:58:04  time: 0.1440  data_time: 0.0131  memory: 4189  grad_norm: 5.7309  loss: 6.3987  vote_loss: 3.9726  objectness_loss: 0.4877  semantic_loss: 0.4801  center_loss: 0.4522  dir_class_loss: 0.0000  dir_res_loss: 0.0000  size_class_loss: 0.4802  size_res_loss: 0.5260
2026/06/03 07:27:38 - mmengine - INFO - Epoch(train)  [6][570/779]  lr: 8.0000e-03  eta: 0:57:59  time: 0.1440  data_time: 0.0131  memory: 4189  grad_norm: 5.2667  loss: 6.2302  vote_loss: 3.8573  objectness_loss: 0.4662  semantic_loss: 0.4752  center_loss: 0.4303  dir_class_loss: 0.0000  dir_res_loss: 0.0000  size_class_loss: 0.4753  size_res_loss: 0.5259
2026/06/03 07:27:43 - mmengine - INFO - Epoch(train)  [6][600/779]  lr: 8.0000e-03  eta: 0:57:55  time: 0.1488  data_time: 0.0143  memory: 4189  grad_norm: 5.1362  loss: 6.3671  vote_loss: 3.9564  objectness_loss: 0.4626  semantic_loss: 0.4924  center_loss: 0.4368  dir_class_loss: 0.0000  dir_res_loss: 0.0000  size_class_loss: 0.4925  size_res_loss: 0.5264
2026/06/03 07:27:47 - mmengine - INFO - Epoch(train)  [6][630/779]  lr: 8.0000e-03  eta: 0:57:51  time: 0.1497  data_time: 0.0145  memory: 4189  grad_norm: 4.9363  loss: 6.2763  vote_loss: 3.8756  objectness_loss: 0.4683  semantic_loss: 0.4878  center_loss: 0.4294  dir_class_loss: 0.0000  dir_res_loss: 0.0000  size_class_loss: 0.4878  size_res_loss: 0.5275
2026/06/03 07:27:52 - mmengine - INFO - Epoch(train)  [6][660/779]  lr: 8.0000e-03  eta: 0:57:46  time: 0.1463  data_time: 0.0140  memory: 4189  grad_norm: 4.8656  loss: 6.1365  vote_loss: 3.8092  objectness_loss: 0.4548  semantic_loss: 0.4774  center_loss: 0.4219  dir_class_loss: 0.0000  dir_res_loss: 0.0000  size_class_loss: 0.4774  size_res_loss: 0.4958
2026/06/03 07:27:56 - mmengine - INFO - Epoch(train)  [6][690/779]  lr: 8.0000e-03  eta: 0:57:41  time: 0.1443  data_time: 0.0137  memory: 4189  grad_norm: 4.9195  loss: 6.1598  vote_loss: 3.7900  objectness_loss: 0.4585  semantic_loss: 0.4928  center_loss: 0.4237  dir_class_loss: 0.0000  dir_res_loss: 0.0000  size_class_loss: 0.4928  size_res_loss: 0.5019
2026/06/03 07:28:00 - mmengine - INFO - Epoch(train)  [6][720/779]  lr: 8.0000e-03  eta: 0:57:36  time: 0.1448  data_time: 0.0137  memory: 4189  grad_norm: 5.2867  loss: 6.2117  vote_loss: 3.8752  objectness_loss: 0.4514  semantic_loss: 0.4800  center_loss: 0.4276  dir_class_loss: 0.0000  dir_res_loss: 0.0000  size_class_loss: 0.4800  size_res_loss: 0.4974
2026/06/03 07:28:05 - mmengine - INFO - Epoch(train)  [6][750/779]  lr: 8.0000e-03  eta: 0:57:32  time: 0.1474  data_time: 0.0138  memory: 4189  grad_norm: 5.6382  loss: 6.2208  vote_loss: 3.9265  objectness_loss: 0.4468  semantic_loss: 0.4590  center_loss: 0.4408  dir_class_loss: 0.0000  dir_res_loss: 0.0000  size_class_loss: 0.4589  size_res_loss: 0.4888
2026/06/03 07:28:09 - mmengine - INFO - Exp name: votenet_8xb8_scannet-3d_20260603_071635
2026/06/03 07:28:14 - mmengine - INFO - Epoch(train)  [7][ 30/779]  lr: 8.0000e-03  eta: 0:57:26  time: 0.1580  data_time: 0.0222  memory: 4189  grad_norm: 4.6105  loss: 6.1344  vote_loss: 3.7568  objectness_loss: 0.4731  semantic_loss: 0.5002  center_loss: 0.4056  dir_class_loss: 0.0000  dir_res_loss: 0.0004  size_class_loss: 0.5002  size_res_loss: 0.4982
2026/06/03 07:28:19 - mmengine - INFO - Epoch(train)  [7][ 60/779]  lr: 8.0000e-03  eta: 0:57:22  time: 0.1503  data_time: 0.0144  memory: 4189  grad_norm: 4.9546  loss: 6.1550  vote_loss: 3.8053  objectness_loss: 0.4612  semantic_loss: 0.4882  center_loss: 0.4125  dir_class_loss: 0.0000  dir_res_loss: 0.0014  size_class_loss: 0.4882  size_res_loss: 0.4982
2026/06/03 07:28:23 - mmengine - INFO - Epoch(train)  [7][ 90/779]  lr: 8.0000e-03  eta: 0:57:17  time: 0.1497  data_time: 0.0144  memory: 4189  grad_norm: 4.9285  loss: 6.2501  vote_loss: 3.8692  objectness_loss: 0.4620  semantic_loss: 0.4768  center_loss: 0.4218  dir_class_loss: 0.0000  dir_res_loss: 0.0010  size_class_loss: 0.4769  size_res_loss: 0.5425
2026/06/03 07:28:27 - mmengine - INFO - Epoch(train)  [7][120/779]  lr: 8.0000e-03  eta: 0:57:13  time: 0.1495  data_time: 0.0144  memory: 4189  grad_norm: 4.9319  loss: 6.2858  vote_loss: 3.9333  objectness_loss: 0.4609  semantic_loss: 0.4763  center_loss: 0.4139  dir_class_loss: 0.0000  dir_res_loss: 0.0004  size_class_loss: 0.4764  size_res_loss: 0.5246
2026/06/03 07:28:32 - mmengine - INFO - Epoch(train)  [7][150/779]  lr: 8.0000e-03  eta: 0:57:08  time: 0.1460  data_time: 0.0139  memory: 4189  grad_norm: 4.8882  loss: 6.1173  vote_loss: 3.8384  objectness_loss: 0.4512  semantic_loss: 0.4573  center_loss: 0.4073  dir_class_loss: 0.0000  dir_res_loss: 0.0001  size_class_loss: 0.4573  size_res_loss: 0.5057
2026/06/03 07:28:36 - mmengine - INFO - Epoch(train)  [7][180/779]  lr: 8.0000e-03  eta: 0:57:05  time: 0.1504  data_time: 0.0146  memory: 4189  grad_norm: 4.8600  loss: 6.1924  vote_loss: 3.7758  objectness_loss: 0.4611  semantic_loss: 0.5059  center_loss: 0.4094  dir_class_loss: 0.0000  dir_res_loss: 0.0000  size_class_loss: 0.5058  size_res_loss: 0.5343
2026/06/03 07:28:41 - mmengine - INFO - Epoch(train)  [7][210/779]  lr: 8.0000e-03  eta: 0:57:02  time: 0.1563  data_time: 0.0152  memory: 4189  grad_norm: 5.6508  loss: 6.2573  vote_loss: 3.8536  objectness_loss: 0.4548  semantic_loss: 0.5124  center_loss: 0.4328  dir_class_loss: 0.0000  dir_res_loss: 0.0000  size_class_loss: 0.5124  size_res_loss: 0.4913
2026/06/03 07:28:46 - mmengine - INFO - Epoch(train)  [7][240/779]  lr: 8.0000e-03  eta: 0:56:58  time: 0.1538  data_time: 0.0146  memory: 4189  grad_norm: 5.7043  loss: 6.3040  vote_loss: 3.8965  objectness_loss: 0.4783  semantic_loss: 0.4903  center_loss: 0.4495  dir_class_loss: 0.0000  dir_res_loss: 0.0000  size_class_loss: 0.4904  size_res_loss: 0.4989
2026/06/03 07:28:50 - mmengine - INFO - Epoch(train)  [7][270/779]  lr: 8.0000e-03  eta: 0:56:55  time: 0.1561  data_time: 0.0151  memory: 4189  grad_norm: 5.2905  loss: 6.2368  vote_loss: 3.8412  objectness_loss: 0.4756  semantic_loss: 0.4733  center_loss: 0.4294  dir_class_loss: 0.0000  dir_res_loss: 0.0000  size_class_loss: 0.4734  size_res_loss: 0.5438
2026/06/03 07:28:55 - mmengine - INFO - Epoch(train)  [7][300/779]  lr: 8.0000e-03  eta: 0:56:50  time: 0.1519  data_time: 0.0143  memory: 4189  grad_norm: 5.1505  loss: 6.0412  vote_loss: 3.7567  objectness_loss: 0.4623  semantic_loss: 0.4510  center_loss: 0.3927  dir_class_loss: 0.0000  dir_res_loss: 0.0000  size_class_loss: 0.4510  size_res_loss: 0.5275
2026/06/03 07:28:59 - mmengine - INFO - Exp name: votenet_8xb8_scannet-3d_20260603_071635
2026/06/03 07:28:59 - mmengine - INFO - Epoch(train)  [7][330/779]  lr: 8.0000e-03  eta: 0:56:45  time: 0.1448  data_time: 0.0137  memory: 4189  grad_norm: 5.9242  loss: 5.9937  vote_loss: 3.7651  objectness_loss: 0.4477  semantic_loss: 0.4356  center_loss: 0.4121  dir_class_loss: 0.0000  dir_res_loss: 0.0000  size_class_loss: 0.4356  size_res_loss: 0.4976
2026/06/03 07:29:04 - mmengine - INFO - Epoch(train)  [7][360/779]  lr: 8.0000e-03  eta: 0:56:41  time: 0.1451  data_time: 0.0140  memory: 4189  grad_norm: 5.8610  loss: 6.0668  vote_loss: 3.8154  objectness_loss: 0.4452  semantic_loss: 0.4461  center_loss: 0.4360  dir_class_loss: 0.0000  dir_res_loss: 0.0000  size_class_loss: 0.4461  size_res_loss: 0.4779
2026/06/03 07:29:08 - mmengine - INFO - Epoch(train)  [7][390/779]  lr: 8.0000e-03  eta: 0:56:36  time: 0.1448  data_time: 0.0141  memory: 4189  grad_norm: 5.1237  loss: 6.1450  vote_loss: 3.8924  objectness_loss: 0.4447  semantic_loss: 0.4665  center_loss: 0.3955  dir_class_loss: 0.0000  dir_res_loss: 0.0000  size_class_loss: 0.4666  size_res_loss: 0.4792
2026/06/03 07:29:12 - mmengine - INFO - Epoch(train)  [7][420/779]  lr: 8.0000e-03  eta: 0:56:31  time: 0.1446  data_time: 0.0139  memory: 4189  grad_norm: 5.7872  loss: 5.9948  vote_loss: 3.6870  objectness_loss: 0.4560  semantic_loss: 0.4711  center_loss: 0.4264  dir_class_loss: 0.0000  dir_res_loss: 0.0000  size_class_loss: 0.4711  size_res_loss: 0.4833
2026/06/03 07:29:17 - mmengine - INFO - Epoch(train)  [7][450/779]  lr: 8.0000e-03  eta: 0:56:27  time: 0.1478  data_time: 0.0140  memory: 4189  grad_norm: 5.4463  loss: 5.9865  vote_loss: 3.7044  objectness_loss: 0.4632  semantic_loss: 0.4447  center_loss: 0.4359  dir_class_loss: 0.0000  dir_res_loss: 0.0000  size_class_loss: 0.4447  size_res_loss: 0.4937
2026/06/03 07:29:21 - mmengine - INFO - Epoch(train)  [7][480/779]  lr: 8.0000e-03  eta: 0:56:22  time: 0.1497  data_time: 0.0143  memory: 4189  grad_norm: 5.1339  loss: 6.1709  vote_loss: 3.8206  objectness_loss: 0.4666  semantic_loss: 0.4861  center_loss: 0.4233  dir_class_loss: 0.0000  dir_res_loss: 0.0000  size_class_loss: 0.4862  size_res_loss: 0.4881
2026/06/03 07:29:26 - mmengine - INFO - Epoch(train)  [7][510/779]  lr: 8.0000e-03  eta: 0:56:18  time: 0.1441  data_time: 0.0137  memory: 4189  grad_norm: 4.9932  loss: 5.9518  vote_loss: 3.7046  objectness_loss: 0.4635  semantic_loss: 0.4515  center_loss: 0.4098  dir_class_loss: 0.0000  dir_res_loss: 0.0000  size_class_loss: 0.4516  size_res_loss: 0.4708
2026/06/03 07:29:30 - mmengine - INFO - Epoch(train)  [7][540/779]  lr: 8.0000e-03  eta: 0:56:14  time: 0.1513  data_time: 0.0145  memory: 4189  grad_norm: 5.1315  loss: 6.1279  vote_loss: 3.8391  objectness_loss: 0.4559  semantic_loss: 0.4547  center_loss: 0.4177  dir_class_loss: 0.0000  dir_res_loss: 0.0000  size_class_loss: 0.4547  size_res_loss: 0.5058
2026/06/03 07:29:35 - mmengine - INFO - Epoch(train)  [7][570/779]  lr: 8.0000e-03  eta: 0:56:09  time: 0.1492  data_time: 0.0141  memory: 4189  grad_norm: 5.2530  loss: 5.9595  vote_loss: 3.7140  objectness_loss: 0.4428  semantic_loss: 0.4549  center_loss: 0.4118  dir_class_loss: 0.0000  dir_res_loss: 0.0000  size_class_loss: 0.4549  size_res_loss: 0.4810
2026/06/03 07:29:39 - mmengine - INFO - Epoch(train)  [7][600/779]  lr: 8.0000e-03  eta: 0:56:04  time: 0.1440  data_time: 0.0136  memory: 4189  grad_norm: 5.0685  loss: 5.8527  vote_loss: 3.7038  objectness_loss: 0.4420  semantic_loss: 0.4176  center_loss: 0.3998  dir_class_loss: 0.0000  dir_res_loss: 0.0000  size_class_loss: 0.4176  size_res_loss: 0.4720
2026/06/03 07:29:43 - mmengine - INFO - Epoch(train)  [7][630/779]  lr: 8.0000e-03  eta: 0:55:59  time: 0.1434  data_time: 0.0134  memory: 4189  grad_norm: 5.1666  loss: 5.9428  vote_loss: 3.7525  objectness_loss: 0.4498  semantic_loss: 0.4230  center_loss: 0.4041  dir_class_loss: 0.0000  dir_res_loss: 0.0000  size_class_loss: 0.4230  size_res_loss: 0.4904
2026/06/03 07:29:48 - mmengine - INFO - Epoch(train)  [7][660/779]  lr: 8.0000e-03  eta: 0:55:55  time: 0.1469  data_time: 0.0137  memory: 4189  grad_norm: 5.4579  loss: 6.1050  vote_loss: 3.7891  objectness_loss: 0.4690  semantic_loss: 0.4578  center_loss: 0.4192  dir_class_loss: 0.0000  dir_res_loss: 0.0000  size_class_loss: 0.4578  size_res_loss: 0.5121
2026/06/03 07:29:52 - mmengine - INFO - Epoch(train)  [7][690/779]  lr: 8.0000e-03  eta: 0:55:51  time: 0.1520  data_time: 0.0147  memory: 4189  grad_norm: 5.5578  loss: 6.1835  vote_loss: 3.9120  objectness_loss: 0.4583  semantic_loss: 0.4561  center_loss: 0.4159  dir_class_loss: 0.0000  dir_res_loss: 0.0000  size_class_loss: 0.4561  size_res_loss: 0.4851
2026/06/03 07:29:57 - mmengine - INFO - Epoch(train)  [7][720/779]  lr: 8.0000e-03  eta: 0:55:47  time: 0.1499  data_time: 0.0146  memory: 4189  grad_norm: 5.4754  loss: 6.0807  vote_loss: 3.8563  objectness_loss: 0.4377  semantic_loss: 0.4588  center_loss: 0.4083  dir_class_loss: 0.0000  dir_res_loss: 0.0000  size_class_loss: 0.4588  size_res_loss: 0.4608
2026/06/03 07:30:01 - mmengine - INFO - Epoch(train)  [7][750/779]  lr: 8.0000e-03  eta: 0:55:42  time: 0.1473  data_time: 0.0141  memory: 4189  grad_norm: 5.4872  loss: 5.9454  vote_loss: 3.7039  objectness_loss: 0.4389  semantic_loss: 0.4547  center_loss: 0.4143  dir_class_loss: 0.0000  dir_res_loss: 0.0000  size_class_loss: 0.4547  size_res_loss: 0.4787
2026/06/03 07:30:05 - mmengine - INFO - Exp name: votenet_8xb8_scannet-3d_20260603_071635
2026/06/03 07:30:10 - mmengine - INFO - Epoch(train)  [8][ 30/779]  lr: 8.0000e-03  eta: 0:55:35  time: 0.1565  data_time: 0.0216  memory: 4189  grad_norm: 5.3049  loss: 5.8388  vote_loss: 3.6526  objectness_loss: 0.4452  semantic_loss: 0.4273  center_loss: 0.4071  dir_class_loss: 0.0000  dir_res_loss: 0.0000  size_class_loss: 0.4273  size_res_loss: 0.4794
2026/06/03 07:30:15 - mmengine - INFO - Epoch(train)  [8][ 60/779]  lr: 8.0000e-03  eta: 0:55:31  time: 0.1501  data_time: 0.0144  memory: 4189  grad_norm: 5.7998  loss: 5.8608  vote_loss: 3.6352  objectness_loss: 0.4521  semantic_loss: 0.4329  center_loss: 0.4170  dir_class_loss: 0.0000  dir_res_loss: 0.0000  size_class_loss: 0.4329  size_res_loss: 0.4908
2026/06/03 07:30:19 - mmengine - INFO - Epoch(train)  [8][ 90/779]  lr: 8.0000e-03  eta: 0:55:26  time: 0.1445  data_time: 0.0138  memory: 4189  grad_norm: 6.3147  loss: 6.0974  vote_loss: 3.7963  objectness_loss: 0.4558  semantic_loss: 0.4626  center_loss: 0.4369  dir_class_loss: 0.0000  dir_res_loss: 0.0000  size_class_loss: 0.4627  size_res_loss: 0.4830
2026/06/03 07:30:23 - mmengine - INFO - Epoch(train)  [8][120/779]  lr: 8.0000e-03  eta: 0:55:21  time: 0.1451  data_time: 0.0142  memory: 4189  grad_norm: 5.7008  loss: 6.0653  vote_loss: 3.8135  objectness_loss: 0.4590  semantic_loss: 0.4427  center_loss: 0.4248  dir_class_loss: 0.0000  dir_res_loss: 0.0000  size_class_loss: 0.4427  size_res_loss: 0.4825
2026/06/03 07:30:28 - mmengine - INFO - Epoch(train)  [8][150/779]  lr: 8.0000e-03  eta: 0:55:16  time: 0.1450  data_time: 0.0139  memory: 4189  grad_norm: 4.9729  loss: 5.9770  vote_loss: 3.7777  objectness_loss: 0.4542  semantic_loss: 0.4239  center_loss: 0.3989  dir_class_loss: 0.0000  dir_res_loss: 0.0000  size_class_loss: 0.4239  size_res_loss: 0.4984
2026/06/03 07:30:32 - mmengine - INFO - Epoch(train)  [8][180/779]  lr: 8.0000e-03  eta: 0:55:12  time: 0.1452  data_time: 0.0137  memory: 4189  grad_norm: 4.7739  loss: 5.8694  vote_loss: 3.7371  objectness_loss: 0.4297  semantic_loss: 0.4130  center_loss: 0.3860  dir_class_loss: 0.0000  dir_res_loss: 0.0000  size_class_loss: 0.4130  size_res_loss: 0.4904
2026/06/03 07:30:36 - mmengine - INFO - Epoch(train)  [8][210/779]  lr: 8.0000e-03  eta: 0:55:07  time: 0.1453  data_time: 0.0137  memory: 4189  grad_norm: 5.0294  loss: 5.7713  vote_loss: 3.6176  objectness_loss: 0.4405  semantic_loss: 0.4225  center_loss: 0.3983  dir_class_loss: 0.0000  dir_res_loss: 0.0000  size_class_loss: 0.4225  size_res_loss: 0.4699
2026/06/03 07:30:41 - mmengine - INFO - Epoch(train)  [8][240/779]  lr: 8.0000e-03  eta: 0:55:02  time: 0.1439  data_time: 0.0137  memory: 4189  grad_norm: 5.1630  loss: 5.9804  vote_loss: 3.7251  objectness_loss: 0.4586  semantic_loss: 0.4550  center_loss: 0.4027  dir_class_loss: 0.0000  dir_res_loss: 0.0000  size_class_loss: 0.4550  size_res_loss: 0.4839
2026/06/03 07:30:45 - mmengine - INFO - Epoch(train)  [8][270/779]  lr: 8.0000e-03  eta: 0:54:57  time: 0.1442  data_time: 0.0136  memory: 4189  grad_norm: 4.8477  loss: 6.0401  vote_loss: 3.7605  objectness_loss: 0.4435  semantic_loss: 0.4620  center_loss: 0.4025  dir_class_loss: 0.0000  dir_res_loss: 0.0000  size_class_loss: 0.4620  size_res_loss: 0.5095
2026/06/03 07:30:49 - mmengine - INFO - Epoch(train)  [8][300/779]  lr: 8.0000e-03  eta: 0:54:53  time: 0.1456  data_time: 0.0137  memory: 4189  grad_norm: 4.9478  loss: 6.0442  vote_loss: 3.8016  objectness_loss: 0.4381  semantic_loss: 0.4389  center_loss: 0.4124  dir_class_loss: 0.0000  dir_res_loss: 0.0000  size_class_loss: 0.4389  size_res_loss: 0.5141
2026/06/03 07:30:54 - mmengine - INFO - Epoch(train)  [8][330/779]  lr: 8.0000e-03  eta: 0:54:48  time: 0.1447  data_time: 0.0138  memory: 4189  grad_norm: 4.8478  loss: 5.6600  vote_loss: 3.6027  objectness_loss: 0.4202  semantic_loss: 0.3957  center_loss: 0.3802  dir_class_loss: 0.0000  dir_res_loss: 0.0000  size_class_loss: 0.3958  size_res_loss: 0.4653
2026/06/03 07:30:58 - mmengine - INFO - Epoch(train)  [8][360/779]  lr: 8.0000e-03  eta: 0:54:44  time: 0.1519  data_time: 0.0148  memory: 4189  grad_norm: 4.7120  loss: 5.7651  vote_loss: 3.6309  objectness_loss: 0.4319  semantic_loss: 0.4244  center_loss: 0.3793  dir_class_loss: 0.0000  dir_res_loss: 0.0001  size_class_loss: 0.4244  size_res_loss: 0.4742
2026/06/03 07:31:03 - mmengine - INFO - Epoch(train)  [8][390/779]  lr: 8.0000e-03  eta: 0:54:40  time: 0.1515  data_time: 0.0146  memory: 4189  grad_norm: 4.5455  loss: 5.6509  vote_loss: 3.5668  objectness_loss: 0.4381  semantic_loss: 0.3925  center_loss: 0.3739  dir_class_loss: 0.0000  dir_res_loss: 0.0001  size_class_loss: 0.3925  size_res_loss: 0.4870
2026/06/03 07:31:07 - mmengine - INFO - Epoch(train)  [8][420/779]  lr: 8.0000e-03  eta: 0:54:35  time: 0.1444  data_time: 0.0135  memory: 4189  grad_norm: 4.8147  loss: 5.5016  vote_loss: 3.4843  objectness_loss: 0.4428  semantic_loss: 0.3853  center_loss: 0.3708  dir_class_loss: 0.0000  dir_res_loss: 0.0004  size_class_loss: 0.3853  size_res_loss: 0.4328
2026/06/03 07:31:11 - mmengine - INFO - Epoch(train)  [8][450/779]  lr: 8.0000e-03  eta: 0:54:30  time: 0.1429  data_time: 0.0130  memory: 4189  grad_norm: 5.1628  loss: 5.7160  vote_loss: 3.5965  objectness_loss: 0.4376  semantic_loss: 0.4237  center_loss: 0.3917  dir_class_loss: 0.0000  dir_res_loss: 0.0007  size_class_loss: 0.4237  size_res_loss: 0.4421
2026/06/03 07:31:16 - mmengine - INFO - Epoch(train)  [8][480/779]  lr: 8.0000e-03  eta: 0:54:25  time: 0.1423  data_time: 0.0126  memory: 4189  grad_norm: 5.5815  loss: 5.7517  vote_loss: 3.6133  objectness_loss: 0.4276  semantic_loss: 0.4248  center_loss: 0.3944  dir_class_loss: 0.0000  dir_res_loss: 0.0004  size_class_loss: 0.4248  size_res_loss: 0.4664
2026/06/03 07:31:20 - mmengine - INFO - Epoch(train)  [8][510/779]  lr: 8.0000e-03  eta: 0:54:20  time: 0.1436  data_time: 0.0127  memory: 4189  grad_norm: 5.7447  loss: 5.8208  vote_loss: 3.6480  objectness_loss: 0.4423  semantic_loss: 0.4221  center_loss: 0.4019  dir_class_loss: 0.0000  dir_res_loss: 0.0001  size_class_loss: 0.4221  size_res_loss: 0.4844
2026/06/03 07:31:24 - mmengine - INFO - Epoch(train)  [8][540/779]  lr: 8.0000e-03  eta: 0:54:15  time: 0.1444  data_time: 0.0134  memory: 4189  grad_norm: 4.9680  loss: 5.8146  vote_loss: 3.6414  objectness_loss: 0.4337  semantic_loss: 0.4355  center_loss: 0.3990  dir_class_loss: 0.0000  dir_res_loss: 0.0000  size_class_loss: 0.4355  size_res_loss: 0.4696
2026/06/03 07:31:25 - mmengine - INFO - Exp name: votenet_8xb8_scannet-3d_20260603_071635
2026/06/03 07:31:29 - mmengine - INFO - Epoch(train)  [8][570/779]  lr: 8.0000e-03  eta: 0:54:10  time: 0.1446  data_time: 0.0137  memory: 4189  grad_norm: 4.8313  loss: 5.9409  vote_loss: 3.7763  objectness_loss: 0.4550  semantic_loss: 0.4144  center_loss: 0.4042  dir_class_loss: 0.0000  dir_res_loss: 0.0000  size_class_loss: 0.4144  size_res_loss: 0.4766
2026/06/03 07:31:33 - mmengine - INFO - Epoch(train)  [8][600/779]  lr: 8.0000e-03  eta: 0:54:06  time: 0.1443  data_time: 0.0137  memory: 4189  grad_norm: 5.7647  loss: 5.9692  vote_loss: 3.7918  objectness_loss: 0.4719  semantic_loss: 0.4187  center_loss: 0.4100  dir_class_loss: 0.0000  dir_res_loss: 0.0000  size_class_loss: 0.4187  size_res_loss: 0.4582
2026/06/03 07:31:37 - mmengine - INFO - Epoch(train)  [8][630/779]  lr: 8.0000e-03  eta: 0:54:01  time: 0.1443  data_time: 0.0136  memory: 4189  grad_norm: 5.6222  loss: 5.7720  vote_loss: 3.6401  objectness_loss: 0.4393  semantic_loss: 0.4204  center_loss: 0.3949  dir_class_loss: 0.0000  dir_res_loss: 0.0000  size_class_loss: 0.4205  size_res_loss: 0.4568
2026/06/03 07:31:42 - mmengine - INFO - Epoch(train)  [8][660/779]  lr: 8.0000e-03  eta: 0:53:56  time: 0.1451  data_time: 0.0137  memory: 4189  grad_norm: 5.1457  loss: 5.8054  vote_loss: 3.7078  objectness_loss: 0.4383  semantic_loss: 0.3911  center_loss: 0.3908  dir_class_loss: 0.0000  dir_res_loss: 0.0000  size_class_loss: 0.3911  size_res_loss: 0.4864
2026/06/03 07:31:46 - mmengine - INFO - Epoch(train)  [8][690/779]  lr: 8.0000e-03  eta: 0:53:51  time: 0.1448  data_time: 0.0140  memory: 4189  grad_norm: 5.0250  loss: 5.7547  vote_loss: 3.6335  objectness_loss: 0.4326  semantic_loss: 0.4159  center_loss: 0.3827  dir_class_loss: 0.0000  dir_res_loss: 0.0000  size_class_loss: 0.4159  size_res_loss: 0.4741
2026/06/03 07:31:51 - mmengine - INFO - Epoch(train)  [8][720/779]  lr: 8.0000e-03  eta: 0:53:48  time: 0.1502  data_time: 0.0148  memory: 4189  grad_norm: 5.2625  loss: 5.7370  vote_loss: 3.5813  objectness_loss: 0.4343  semantic_loss: 0.4364  center_loss: 0.3852  dir_class_loss: 0.0000  dir_res_loss: 0.0000  size_class_loss: 0.4364  size_res_loss: 0.4635
2026/06/03 07:31:55 - mmengine - INFO - Epoch(train)  [8][750/779]  lr: 8.0000e-03  eta: 0:53:44  time: 0.1517  data_time: 0.0149  memory: 4189  grad_norm: 5.1923  loss: 5.9017  vote_loss: 3.7330  objectness_loss: 0.4341  semantic_loss: 0.4226  center_loss: 0.3959  dir_class_loss: 0.0000  dir_res_loss: 0.0000  size_class_loss: 0.4226  size_res_loss: 0.4936
2026/06/03 07:32:00 - mmengine - INFO - Exp name: votenet_8xb8_scannet-3d_20260603_071635
2026/06/03 07:32:05 - mmengine - INFO - Epoch(train)  [9][ 30/779]  lr: 8.0000e-03  eta: 0:53:40  time: 0.1758  data_time: 0.0356  memory: 4189  grad_norm: 4.7508  loss: 5.6370  vote_loss: 3.5731  objectness_loss: 0.4264  semantic_loss: 0.4083  center_loss: 0.3742  dir_class_loss: 0.0000  dir_res_loss: 0.0001  size_class_loss: 0.4083  size_res_loss: 0.4467
2026/06/03 07:32:10 - mmengine - INFO - Epoch(train)  [9][ 60/779]  lr: 8.0000e-03  eta: 0:53:35  time: 0.1489  data_time: 0.0148  memory: 4189  grad_norm: 4.6187  loss: 5.3763  vote_loss: 3.4342  objectness_loss: 0.4130  semantic_loss: 0.3606  center_loss: 0.3554  dir_class_loss: 0.0000  dir_res_loss: 0.0001  size_class_loss: 0.3606  size_res_loss: 0.4524
2026/06/03 07:32:14 - mmengine - INFO - Epoch(train)  [9][ 90/779]  lr: 8.0000e-03  eta: 0:53:31  time: 0.1461  data_time: 0.0136  memory: 4189  grad_norm: 4.7587  loss: 5.5462  vote_loss: 3.5094  objectness_loss: 0.4261  semantic_loss: 0.3903  center_loss: 0.3639  dir_class_loss: 0.0000  dir_res_loss: 0.0001  size_class_loss: 0.3903  size_res_loss: 0.4661
2026/06/03 07:32:19 - mmengine - INFO - Epoch(train)  [9][120/779]  lr: 8.0000e-03  eta: 0:53:26  time: 0.1439  data_time: 0.0131  memory: 4189  grad_norm: 5.1943  loss: 5.6524  vote_loss: 3.6115  objectness_loss: 0.4216  semantic_loss: 0.3977  center_loss: 0.3742  dir_class_loss: 0.0000  dir_res_loss: 0.0001  size_class_loss: 0.3977  size_res_loss: 0.4497
2026/06/03 07:32:23 - mmengine - INFO - Epoch(train)  [9][150/779]  lr: 8.0000e-03  eta: 0:53:21  time: 0.1444  data_time: 0.0133  memory: 4189  grad_norm: 5.2547  loss: 5.5018  vote_loss: 3.4616  objectness_loss: 0.4245  semantic_loss: 0.4071  center_loss: 0.3760  dir_class_loss: 0.0000  dir_res_loss: 0.0002  size_class_loss: 0.4070  size_res_loss: 0.4254
2026/06/03 07:32:27 - mmengine - INFO - Epoch(train)  [9][180/779]  lr: 8.0000e-03  eta: 0:53:17  time: 0.1462  data_time: 0.0139  memory: 4189  grad_norm: 5.0581  loss: 5.5022  vote_loss: 3.4535  objectness_loss: 0.4399  semantic_loss: 0.3956  center_loss: 0.3711  dir_class_loss: 0.0000  dir_res_loss: 0.0002  size_class_loss: 0.3956  size_res_loss: 0.4463
2026/06/03 07:32:32 - mmengine - INFO - Epoch(train)  [9][210/779]  lr: 8.0000e-03  eta: 0:53:12  time: 0.1448  data_time: 0.0137  memory: 4189  grad_norm: 5.4859  loss: 5.6229  vote_loss: 3.5652  objectness_loss: 0.4275  semantic_loss: 0.3993  center_loss: 0.3733  dir_class_loss: 0.0000  dir_res_loss: 0.0001  size_class_loss: 0.3993  size_res_loss: 0.4582
2026/06/03 07:32:36 - mmengine - INFO - Epoch(train)  [9][240/779]  lr: 8.0000e-03  eta: 0:53:07  time: 0.1448  data_time: 0.0139  memory: 4189  grad_norm: 5.6474  loss: 5.8304  vote_loss: 3.6643  objectness_loss: 0.4347  semantic_loss: 0.4288  center_loss: 0.3807  dir_class_loss: 0.0000  dir_res_loss: 0.0001  size_class_loss: 0.4288  size_res_loss: 0.4930
2026/06/03 07:32:40 - mmengine - INFO - Epoch(train)  [9][270/779]  lr: 8.0000e-03  eta: 0:53:02  time: 0.1448  data_time: 0.0139  memory: 4189  grad_norm: 6.1226  loss: 5.7789  vote_loss: 3.6247  objectness_loss: 0.4390  semantic_loss: 0.4096  center_loss: 0.4007  dir_class_loss: 0.0000  dir_res_loss: 0.0001  size_class_loss: 0.4096  size_res_loss: 0.4952
2026/06/03 07:32:45 - mmengine - INFO - Epoch(train)  [9][300/779]  lr: 8.0000e-03  eta: 0:52:58  time: 0.1446  data_time: 0.0138  memory: 4189  grad_norm: 5.2876  loss: 5.6284  vote_loss: 3.5701  objectness_loss: 0.4275  semantic_loss: 0.3882  center_loss: 0.3808  dir_class_loss: 0.0000  dir_res_loss: 0.0001  size_class_loss: 0.3882  size_res_loss: 0.4734
2026/06/03 07:32:49 - mmengine - INFO - Epoch(train)  [9][330/779]  lr: 8.0000e-03  eta: 0:52:53  time: 0.1449  data_time: 0.0138  memory: 4189  grad_norm: 4.8499  loss: 5.7575  vote_loss: 3.5852  objectness_loss: 0.4468  semantic_loss: 0.4285  center_loss: 0.3889  dir_class_loss: 0.0000  dir_res_loss: 0.0001  size_class_loss: 0.4285  size_res_loss: 0.4795
2026/06/03 07:32:53 - mmengine - INFO - Epoch(train)  [9][360/779]  lr: 8.0000e-03  eta: 0:52:48  time: 0.1454  data_time: 0.0139  memory: 4189  grad_norm: 4.7365  loss: 5.7832  vote_loss: 3.6301  objectness_loss: 0.4341  semantic_loss: 0.4289  center_loss: 0.3900  dir_class_loss: 0.0000  dir_res_loss: 0.0001  size_class_loss: 0.4289  size_res_loss: 0.4712
2026/06/03 07:32:58 - mmengine - INFO - Epoch(train)  [9][390/779]  lr: 8.0000e-03  eta: 0:52:44  time: 0.1455  data_time: 0.0139  memory: 4189  grad_norm: 4.5166  loss: 5.6998  vote_loss: 3.5669  objectness_loss: 0.4402  semantic_loss: 0.4122  center_loss: 0.3863  dir_class_loss: 0.0000  dir_res_loss: 0.0001  size_class_loss: 0.4122  size_res_loss: 0.4819
2026/06/03 07:33:02 - mmengine - INFO - Epoch(train)  [9][420/779]  lr: 8.0000e-03  eta: 0:52:39  time: 0.1456  data_time: 0.0134  memory: 4189  grad_norm: 4.7181  loss: 5.8413  vote_loss: 3.7172  objectness_loss: 0.4475  semantic_loss: 0.4007  center_loss: 0.3811  dir_class_loss: 0.0000  dir_res_loss: 0.0000  size_class_loss: 0.4007  size_res_loss: 0.4941
2026/06/03 07:33:07 - mmengine - INFO - Epoch(train)  [9][450/779]  lr: 8.0000e-03  eta: 0:52:35  time: 0.1499  data_time: 0.0141  memory: 4189  grad_norm: 4.6856  loss: 5.6569  vote_loss: 3.6362  objectness_loss: 0.4224  semantic_loss: 0.3729  center_loss: 0.3719  dir_class_loss: 0.0000  dir_res_loss: 0.0000  size_class_loss: 0.3729  size_res_loss: 0.4806
2026/06/03 07:33:11 - mmengine - INFO - Epoch(train)  [9][480/779]  lr: 8.0000e-03  eta: 0:52:30  time: 0.1471  data_time: 0.0141  memory: 4189  grad_norm: 5.1418  loss: 5.6342  vote_loss: 3.5157  objectness_loss: 0.4445  semantic_loss: 0.4063  center_loss: 0.3850  dir_class_loss: 0.0000  dir_res_loss: 0.0000  size_class_loss: 0.4063  size_res_loss: 0.4764
2026/06/03 07:33:16 - mmengine - INFO - Epoch(train)  [9][510/779]  lr: 8.0000e-03  eta: 0:52:26  time: 0.1495  data_time: 0.0145  memory: 4189  grad_norm: 5.6169  loss: 5.6755  vote_loss: 3.5799  objectness_loss: 0.4538  semantic_loss: 0.4008  center_loss: 0.3828  dir_class_loss: 0.0000  dir_res_loss: 0.0000  size_class_loss: 0.4008  size_res_loss: 0.4573
2026/06/03 07:33:20 - mmengine - INFO - Epoch(train)  [9][540/779]  lr: 8.0000e-03  eta: 0:52:23  time: 0.1544  data_time: 0.0147  memory: 4189  grad_norm: 5.2684  loss: 5.6346  vote_loss: 3.6226  objectness_loss: 0.4273  semantic_loss: 0.3756  center_loss: 0.3836  dir_class_loss: 0.0000  dir_res_loss: 0.0000  size_class_loss: 0.3756  size_res_loss: 0.4499
2026/06/03 07:33:25 - mmengine - INFO - Epoch(train)  [9][570/779]  lr: 8.0000e-03  eta: 0:52:18  time: 0.1475  data_time: 0.0136  memory: 4189  grad_norm: 4.5264  loss: 5.5553  vote_loss: 3.5541  objectness_loss: 0.4247  semantic_loss: 0.3862  center_loss: 0.3708  dir_class_loss: 0.0000  dir_res_loss: 0.0000  size_class_loss: 0.3862  size_res_loss: 0.4333
2026/06/03 07:33:29 - mmengine - INFO - Epoch(train)  [9][600/779]  lr: 8.0000e-03  eta: 0:52:14  time: 0.1526  data_time: 0.0141  memory: 4189  grad_norm: 4.5467  loss: 5.4570  vote_loss: 3.4224  objectness_loss: 0.4253  semantic_loss: 0.3961  center_loss: 0.3710  dir_class_loss: 0.0000  dir_res_loss: 0.0000  size_class_loss: 0.3961  size_res_loss: 0.4460
2026/06/03 07:33:34 - mmengine - INFO - Epoch(train)  [9][630/779]  lr: 8.0000e-03  eta: 0:52:10  time: 0.1508  data_time: 0.0145  memory: 4189  grad_norm: 5.0532  loss: 5.7034  vote_loss: 3.5682  objectness_loss: 0.4498  semantic_loss: 0.4214  center_loss: 0.3870  dir_class_loss: 0.0000  dir_res_loss: 0.0000  size_class_loss: 0.4214  size_res_loss: 0.4556
2026/06/03 07:33:38 - mmengine - INFO - Epoch(train)  [9][660/779]  lr: 8.0000e-03  eta: 0:52:05  time: 0.1450  data_time: 0.0139  memory: 4189  grad_norm: 4.9127  loss: 5.7133  vote_loss: 3.6098  objectness_loss: 0.4400  semantic_loss: 0.4155  center_loss: 0.3737  dir_class_loss: 0.0000  dir_res_loss: 0.0000  size_class_loss: 0.4156  size_res_loss: 0.4586
2026/06/03 07:33:42 - mmengine - INFO - Epoch(train)  [9][690/779]  lr: 8.0000e-03  eta: 0:52:01  time: 0.1466  data_time: 0.0143  memory: 4189  grad_norm: 5.0962  loss: 5.5554  vote_loss: 3.5303  objectness_loss: 0.4081  semantic_loss: 0.3940  center_loss: 0.3748  dir_class_loss: 0.0000  dir_res_loss: 0.0000  size_class_loss: 0.3939  size_res_loss: 0.4542
2026/06/03 07:33:47 - mmengine - INFO - Epoch(train)  [9][720/779]  lr: 8.0000e-03  eta: 0:51:56  time: 0.1487  data_time: 0.0145  memory: 4189  grad_norm: 4.6929  loss: 5.3534  vote_loss: 3.3741  objectness_loss: 0.4177  semantic_loss: 0.3861  center_loss: 0.3563  dir_class_loss: 0.0000  dir_res_loss: 0.0000  size_class_loss: 0.3861  size_res_loss: 0.4329
2026/06/03 07:33:52 - mmengine - INFO - Epoch(train)  [9][750/779]  lr: 8.0000e-03  eta: 0:51:53  time: 0.1534  data_time: 0.0145  memory: 4189  grad_norm: 4.4062  loss: 5.5717  vote_loss: 3.5259  objectness_loss: 0.4237  semantic_loss: 0.4104  center_loss: 0.3663  dir_class_loss: 0.0000  dir_res_loss: 0.0000  size_class_loss: 0.4104  size_res_loss: 0.4351
2026/06/03 07:33:54 - mmengine - INFO - Exp name: votenet_8xb8_scannet-3d_20260603_071635
2026/06/03 07:33:56 - mmengine - INFO - Exp name: votenet_8xb8_scannet-3d_20260603_071635
2026/06/03 07:34:01 - mmengine - INFO - Epoch(train) [10][ 30/779]  lr: 8.0000e-03  eta: 0:51:45  time: 0.1543  data_time: 0.0211  memory: 4189  grad_norm: 5.2580  loss: 5.3428  vote_loss: 3.3825  objectness_loss: 0.4137  semantic_loss: 0.3725  center_loss: 0.3777  dir_class_loss: 0.0000  dir_res_loss: 0.0000  size_class_loss: 0.3725  size_res_loss: 0.4239
2026/06/03 07:34:05 - mmengine - INFO - Epoch(train) [10][ 60/779]  lr: 8.0000e-03  eta: 0:51:40  time: 0.1488  data_time: 0.0139  memory: 4189  grad_norm: 5.5034  loss: 5.3793  vote_loss: 3.3847  objectness_loss: 0.4437  semantic_loss: 0.3732  center_loss: 0.3770  dir_class_loss: 0.0000  dir_res_loss: 0.0000  size_class_loss: 0.3732  size_res_loss: 0.4275
2026/06/03 07:34:10 - mmengine - INFO - Epoch(train) [10][ 90/779]  lr: 8.0000e-03  eta: 0:51:36  time: 0.1450  data_time: 0.0141  memory: 4189  grad_norm: 5.2689  loss: 5.4051  vote_loss: 3.3792  objectness_loss: 0.4377  semantic_loss: 0.4093  center_loss: 0.3530  dir_class_loss: 0.0000  dir_res_loss: 0.0000  size_class_loss: 0.4093  size_res_loss: 0.4167
2026/06/03 07:34:14 - mmengine - INFO - Epoch(train) [10][120/779]  lr: 8.0000e-03  eta: 0:51:31  time: 0.1465  data_time: 0.0142  memory: 4189  grad_norm: 5.2501  loss: 5.2836  vote_loss: 3.3660  objectness_loss: 0.4197  semantic_loss: 0.3716  center_loss: 0.3623  dir_class_loss: 0.0000  dir_res_loss: 0.0000  size_class_loss: 0.3716  size_res_loss: 0.3925
2026/06/03 07:34:18 - mmengine - INFO - Epoch(train) [10][150/779]  lr: 8.0000e-03  eta: 0:51:26  time: 0.1444  data_time: 0.0139  memory: 4189  grad_norm: 5.0719  loss: 5.4510  vote_loss: 3.5163  objectness_loss: 0.4187  semantic_loss: 0.3655  center_loss: 0.3730  dir_class_loss: 0.0000  dir_res_loss: 0.0000  size_class_loss: 0.3655  size_res_loss: 0.4120
2026/06/03 07:34:23 - mmengine - INFO - Epoch(train) [10][180/779]  lr: 8.0000e-03  eta: 0:51:22  time: 0.1440  data_time: 0.0139  memory: 4189  grad_norm: 5.1358  loss: 5.7354  vote_loss: 3.6513  objectness_loss: 0.4368  semantic_loss: 0.3932  center_loss: 0.3799  dir_class_loss: 0.0000  dir_res_loss: 0.0000  size_class_loss: 0.3932  size_res_loss: 0.4809
2026/06/03 07:34:27 - mmengine - INFO - Epoch(train) [10][210/779]  lr: 8.0000e-03  eta: 0:51:17  time: 0.1461  data_time: 0.0139  memory: 4189  grad_norm: 5.3089  loss: 5.7498  vote_loss: 3.6660  objectness_loss: 0.4310  semantic_loss: 0.3940  center_loss: 0.3825  dir_class_loss: 0.0000  dir_res_loss: 0.0000  size_class_loss: 0.3940  size_res_loss: 0.4822
2026/06/03 07:34:31 - mmengine - INFO - Epoch(train) [10][240/779]  lr: 8.0000e-03  eta: 0:51:13  time: 0.1485  data_time: 0.0142  memory: 4189  grad_norm: 5.0895  loss: 5.5940  vote_loss: 3.5109  objectness_loss: 0.4271  semantic_loss: 0.4095  center_loss: 0.3716  dir_class_loss: 0.0000  dir_res_loss: 0.0001  size_class_loss: 0.4096  size_res_loss: 0.4653
2026/06/03 07:34:36 - mmengine - INFO - Epoch(train) [10][270/779]  lr: 8.0000e-03  eta: 0:51:08  time: 0.1448  data_time: 0.0138  memory: 4189  grad_norm: 4.8837  loss: 5.5450  vote_loss: 3.4672  objectness_loss: 0.4381  semantic_loss: 0.3992  center_loss: 0.3757  dir_class_loss: 0.0000  dir_res_loss: 0.0003  size_class_loss: 0.3993  size_res_loss: 0.4651
2026/06/03 07:34:40 - mmengine - INFO - Epoch(train) [10][300/779]  lr: 8.0000e-03  eta: 0:51:03  time: 0.1446  data_time: 0.0138  memory: 4189  grad_norm: 4.2670  loss: 5.4865  vote_loss: 3.5366  objectness_loss: 0.4172  semantic_loss: 0.3590  center_loss: 0.3655  dir_class_loss: 0.0000  dir_res_loss: 0.0009  size_class_loss: 0.3590  size_res_loss: 0.4483
2026/06/03 07:34:44 - mmengine - INFO - Epoch(train) [10][330/779]  lr: 8.0000e-03  eta: 0:50:59  time: 0.1447  data_time: 0.0138  memory: 4189  grad_norm: 4.4112  loss: 5.5686  vote_loss: 3.5894  objectness_loss: 0.4138  semantic_loss: 0.3753  center_loss: 0.3665  dir_class_loss: 0.0000  dir_res_loss: 0.0011  size_class_loss: 0.3753  size_res_loss: 0.4473
2026/06/03 07:34:49 - mmengine - INFO - Epoch(train) [10][360/779]  lr: 8.0000e-03  eta: 0:50:54  time: 0.1451  data_time: 0.0138  memory: 4189  grad_norm: 4.5639  loss: 5.3859  vote_loss: 3.4548  objectness_loss: 0.4212  semantic_loss: 0.3692  center_loss: 0.3574  dir_class_loss: 0.0000  dir_res_loss: 0.0007  size_class_loss: 0.3692  size_res_loss: 0.4134
2026/06/03 07:34:53 - mmengine - INFO - Epoch(train) [10][390/779]  lr: 8.0000e-03  eta: 0:50:49  time: 0.1453  data_time: 0.0138  memory: 4189  grad_norm: 4.4973  loss: 5.3732  vote_loss: 3.4752  objectness_loss: 0.4209  semantic_loss: 0.3600  center_loss: 0.3572  dir_class_loss: 0.0000  dir_res_loss: 0.0003  size_class_loss: 0.3600  size_res_loss: 0.3995
2026/06/03 07:34:58 - mmengine - INFO - Epoch(train) [10][420/779]  lr: 8.0000e-03  eta: 0:50:45  time: 0.1478  data_time: 0.0142  memory: 4189  grad_norm: 4.6683  loss: 5.4051  vote_loss: 3.5209  objectness_loss: 0.4190  semantic_loss: 0.3427  center_loss: 0.3479  dir_class_loss: 0.0000  dir_res_loss: 0.0001  size_class_loss: 0.3427  size_res_loss: 0.4319
2026/06/03 07:35:02 - mmengine - INFO - Epoch(train) [10][450/779]  lr: 8.0000e-03  eta: 0:50:40  time: 0.1446  data_time: 0.0138  memory: 4189  grad_norm: 4.7659  loss: 5.7107  vote_loss: 3.6769  objectness_loss: 0.4331  semantic_loss: 0.3793  center_loss: 0.3607  dir_class_loss: 0.0000  dir_res_loss: 0.0000  size_class_loss: 0.3793  size_res_loss: 0.4815
2026/06/03 07:35:06 - mmengine - INFO - Epoch(train) [10][480/779]  lr: 8.0000e-03  eta: 0:50:36  time: 0.1447  data_time: 0.0137  memory: 4189  grad_norm: 5.7322  loss: 5.4749  vote_loss: 3.4792  objectness_loss: 0.4261  semantic_loss: 0.3785  center_loss: 0.3733  dir_class_loss: 0.0000  dir_res_loss: 0.0000  size_class_loss: 0.3785  size_res_loss: 0.4394
2026/06/03 07:35:11 - mmengine - INFO - Epoch(train) [10][510/779]  lr: 8.0000e-03  eta: 0:50:31  time: 0.1456  data_time: 0.0135  memory: 4189  grad_norm: 5.8097  loss: 5.3970  vote_loss: 3.4000  objectness_loss: 0.4146  semantic_loss: 0.3871  center_loss: 0.3838  dir_class_loss: 0.0000  dir_res_loss: 0.0000  size_class_loss: 0.3871  size_res_loss: 0.4244
2026/06/03 07:35:15 - mmengine - INFO - Epoch(train) [10][540/779]  lr: 8.0000e-03  eta: 0:50:26  time: 0.1447  data_time: 0.0134  memory: 4189  grad_norm: 4.8731  loss: 5.3469  vote_loss: 3.3332  objectness_loss: 0.4084  semantic_loss: 0.4012  center_loss: 0.3654  dir_class_loss: 0.0000  dir_res_loss: 0.0000  size_class_loss: 0.4012  size_res_loss: 0.4375
2026/06/03 07:35:19 - mmengine - INFO - Epoch(train) [10][570/779]  lr: 8.0000e-03  eta: 0:50:22  time: 0.1444  data_time: 0.0137  memory: 4189  grad_norm: 4.8668  loss: 5.2546  vote_loss: 3.2925  objectness_loss: 0.4216  semantic_loss: 0.3646  center_loss: 0.3759  dir_class_loss: 0.0000  dir_res_loss: 0.0000  size_class_loss: 0.3646  size_res_loss: 0.4352
2026/06/03 07:35:24 - mmengine - INFO - Epoch(train) [10][600/779]  lr: 8.0000e-03  eta: 0:50:17  time: 0.1450  data_time: 0.0137  memory: 4189  grad_norm: 5.0558  loss: 5.3908  vote_loss: 3.3738  objectness_loss: 0.4251  semantic_loss: 0.3794  center_loss: 0.3790  dir_class_loss: 0.0000  dir_res_loss: 0.0000  size_class_loss: 0.3794  size_res_loss: 0.4542
2026/06/03 07:35:28 - mmengine - INFO - Epoch(train) [10][630/779]  lr: 8.0000e-03  eta: 0:50:12  time: 0.1443  data_time: 0.0136  memory: 4189  grad_norm: 5.0185  loss: 5.4690  vote_loss: 3.4871  objectness_loss: 0.4016  semantic_loss: 0.3750  center_loss: 0.3618  dir_class_loss: 0.0000  dir_res_loss: 0.0000  size_class_loss: 0.3750  size_res_loss: 0.4686
2026/06/03 07:35:33 - mmengine - INFO - Epoch(train) [10][660/779]  lr: 8.0000e-03  eta: 0:50:08  time: 0.1485  data_time: 0.0143  memory: 4189  grad_norm: 5.0185  loss: 5.3857  vote_loss: 3.4643  objectness_loss: 0.4024  semantic_loss: 0.3646  center_loss: 0.3494  dir_class_loss: 0.0000  dir_res_loss: 0.0000  size_class_loss: 0.3646  size_res_loss: 0.4403
2026/06/03 07:35:37 - mmengine - INFO - Epoch(train) [10][690/779]  lr: 8.0000e-03  eta: 0:50:04  time: 0.1489  data_time: 0.0144  memory: 4189  grad_norm: 5.1359  loss: 5.3532  vote_loss: 3.4511  objectness_loss: 0.4106  semantic_loss: 0.3550  center_loss: 0.3537  dir_class_loss: 0.0000  dir_res_loss: 0.0000  size_class_loss: 0.3550  size_res_loss: 0.4276
2026/06/03 07:35:41 - mmengine - INFO - Epoch(train) [10][720/779]  lr: 8.0000e-03  eta: 0:49:59  time: 0.1490  data_time: 0.0144  memory: 4189  grad_norm: 5.4288  loss: 5.4415  vote_loss: 3.5176  objectness_loss: 0.4219  semantic_loss: 0.3541  center_loss: 0.3641  dir_class_loss: 0.0000  dir_res_loss: 0.0000  size_class_loss: 0.3541  size_res_loss: 0.4297
2026/06/03 07:35:46 - mmengine - INFO - Epoch(train) [10][750/779]  lr: 8.0000e-03  eta: 0:49:55  time: 0.1467  data_time: 0.0140  memory: 4189  grad_norm: 5.0855  loss: 5.3705  vote_loss: 3.4987  objectness_loss: 0.4038  semantic_loss: 0.3508  center_loss: 0.3558  dir_class_loss: 0.0000  dir_res_loss: 0.0000  size_class_loss: 0.3508  size_res_loss: 0.4105
2026/06/03 07:35:50 - mmengine - INFO - Exp name: votenet_8xb8_scannet-3d_20260603_071635
2026/06/03 07:35:55 - mmengine - INFO - Epoch(train) [11][ 30/779]  lr: 8.0000e-03  eta: 0:49:47  time: 0.1545  data_time: 0.0228  memory: 4189  grad_norm: 4.9950  loss: 5.3168  vote_loss: 3.4106  objectness_loss: 0.4257  semantic_loss: 0.3568  center_loss: 0.3605  dir_class_loss: 0.0000  dir_res_loss: 0.0000  size_class_loss: 0.3568  size_res_loss: 0.4064
2026/06/03 07:35:59 - mmengine - INFO - Epoch(train) [11][ 60/779]  lr: 8.0000e-03  eta: 0:49:43  time: 0.1453  data_time: 0.0138  memory: 4189  grad_norm: 4.9253  loss: 5.2187  vote_loss: 3.3493  objectness_loss: 0.4115  semantic_loss: 0.3590  center_loss: 0.3496  dir_class_loss: 0.0000  dir_res_loss: 0.0000  size_class_loss: 0.3589  size_res_loss: 0.3903
2026/06/03 07:36:04 - mmengine - INFO - Epoch(train) [11][ 90/779]  lr: 8.0000e-03  eta: 0:49:39  time: 0.1485  data_time: 0.0141  memory: 4189  grad_norm: 5.2232  loss: 5.2240  vote_loss: 3.3310  objectness_loss: 0.3996  semantic_loss: 0.3682  center_loss: 0.3503  dir_class_loss: 0.0000  dir_res_loss: 0.0000  size_class_loss: 0.3682  size_res_loss: 0.4068
2026/06/03 07:36:08 - mmengine - INFO - Epoch(train) [11][120/779]  lr: 8.0000e-03  eta: 0:49:34  time: 0.1475  data_time: 0.0141  memory: 4189  grad_norm: 5.1087  loss: 5.2569  vote_loss: 3.3935  objectness_loss: 0.3854  semantic_loss: 0.3431  center_loss: 0.3735  dir_class_loss: 0.0000  dir_res_loss: 0.0000  size_class_loss: 0.3431  size_res_loss: 0.4184
2026/06/03 07:36:13 - mmengine - INFO - Epoch(train) [11][150/779]  lr: 8.0000e-03  eta: 0:49:30  time: 0.1487  data_time: 0.0142  memory: 4189  grad_norm: 5.1745  loss: 5.2681  vote_loss: 3.4181  objectness_loss: 0.3870  semantic_loss: 0.3464  center_loss: 0.3733  dir_class_loss: 0.0000  dir_res_loss: 0.0000  size_class_loss: 0.3464  size_res_loss: 0.3968
2026/06/03 07:36:17 - mmengine - INFO - Epoch(train) [11][180/779]  lr: 8.0000e-03  eta: 0:49:25  time: 0.1450  data_time: 0.0137  memory: 4189  grad_norm: 4.5479  loss: 5.2253  vote_loss: 3.3394  objectness_loss: 0.4038  semantic_loss: 0.3577  center_loss: 0.3399  dir_class_loss: 0.0000  dir_res_loss: 0.0000  size_class_loss: 0.3577  size_res_loss: 0.4268
2026/06/03 07:36:22 - mmengine - INFO - Exp name: votenet_8xb8_scannet-3d_20260603_071635
2026/06/03 07:36:22 - mmengine - INFO - Epoch(train) [11][210/779]  lr: 8.0000e-03  eta: 0:49:20  time: 0.1449  data_time: 0.0141  memory: 4189  grad_norm: 4.4181  loss: 5.2601  vote_loss: 3.4235  objectness_loss: 0.4035  semantic_loss: 0.3369  center_loss: 0.3323  dir_class_loss: 0.0000  dir_res_loss: 0.0000  size_class_loss: 0.3370  size_res_loss: 0.4268
2026/06/03 07:36:26 - mmengine - INFO - Epoch(train) [11][240/779]  lr: 8.0000e-03  eta: 0:49:16  time: 0.1453  data_time: 0.0140  memory: 4189  grad_norm: 4.3648  loss: 5.2212  vote_loss: 3.3329  objectness_loss: 0.3997  semantic_loss: 0.3659  center_loss: 0.3426  dir_class_loss: 0.0000  dir_res_loss: 0.0000  size_class_loss: 0.3659  size_res_loss: 0.4142
2026/06/03 07:36:30 - mmengine - INFO - Epoch(train) [11][270/779]  lr: 8.0000e-03  eta: 0:49:11  time: 0.1475  data_time: 0.0141  memory: 4189  grad_norm: 4.9229  loss: 5.3376  vote_loss: 3.4309  objectness_loss: 0.4082  semantic_loss: 0.3590  center_loss: 0.3592  dir_class_loss: 0.0000  dir_res_loss: 0.0000  size_class_loss: 0.3590  size_res_loss: 0.4213
2026/06/03 07:36:35 - mmengine - INFO - Epoch(train) [11][300/779]  lr: 8.0000e-03  eta: 0:49:07  time: 0.1484  data_time: 0.0142  memory: 4189  grad_norm: 5.2306  loss: 5.3634  vote_loss: 3.4675  objectness_loss: 0.3970  semantic_loss: 0.3598  center_loss: 0.3540  dir_class_loss: 0.0000  dir_res_loss: 0.0000  size_class_loss: 0.3598  size_res_loss: 0.4253
2026/06/03 07:36:39 - mmengine - INFO - Epoch(train) [11][330/779]  lr: 8.0000e-03  eta: 0:49:03  time: 0.1492  data_time: 0.0144  memory: 4189  grad_norm: 5.3602  loss: 5.4192  vote_loss: 3.4806  objectness_loss: 0.4049  semantic_loss: 0.3589  center_loss: 0.3578  dir_class_loss: 0.0000  dir_res_loss: 0.0000  size_class_loss: 0.3589  size_res_loss: 0.4581
2026/06/03 07:36:44 - mmengine - INFO - Epoch(train) [11][360/779]  lr: 8.0000e-03  eta: 0:48:58  time: 0.1467  data_time: 0.0141  memory: 4189  grad_norm: 5.5819  loss: 5.5444  vote_loss: 3.5231  objectness_loss: 0.4152  semantic_loss: 0.3786  center_loss: 0.3759  dir_class_loss: 0.0000  dir_res_loss: 0.0000  size_class_loss: 0.3786  size_res_loss: 0.4731
2026/06/03 07:36:48 - mmengine - INFO - Epoch(train) [11][390/779]  lr: 8.0000e-03  eta: 0:48:54  time: 0.1501  data_time: 0.0145  memory: 4189  grad_norm: 5.3142  loss: 5.6762  vote_loss: 3.5829  objectness_loss: 0.4194  semantic_loss: 0.4021  center_loss: 0.3818  dir_class_loss: 0.0000  dir_res_loss: 0.0000  size_class_loss: 0.4020  size_res_loss: 0.4879
2026/06/03 07:36:53 - mmengine - INFO - Epoch(train) [11][420/779]  lr: 8.0000e-03  eta: 0:48:50  time: 0.1487  data_time: 0.0146  memory: 4189  grad_norm: 5.4139  loss: 5.3837  vote_loss: 3.4057  objectness_loss: 0.4168  semantic_loss: 0.3789  center_loss: 0.3706  dir_class_loss: 0.0000  dir_res_loss: 0.0000  size_class_loss: 0.3788  size_res_loss: 0.4328
2026/06/03 07:36:57 - mmengine - INFO - Epoch(train) [11][450/779]  lr: 8.0000e-03  eta: 0:48:45  time: 0.1446  data_time: 0.0140  memory: 4189  grad_norm: 5.8525  loss: 5.4970  vote_loss: 3.5099  objectness_loss: 0.4116  semantic_loss: 0.3865  center_loss: 0.3828  dir_class_loss: 0.0000  dir_res_loss: 0.0000  size_class_loss: 0.3865  size_res_loss: 0.4198
2026/06/03 07:37:01 - mmengine - INFO - Epoch(train) [11][480/779]  lr: 8.0000e-03  eta: 0:48:40  time: 0.1445  data_time: 0.0139  memory: 4189  grad_norm: 4.8724  loss: 5.3650  vote_loss: 3.4869  objectness_loss: 0.3901  semantic_loss: 0.3503  center_loss: 0.3600  dir_class_loss: 0.0000  dir_res_loss: 0.0000  size_class_loss: 0.3503  size_res_loss: 0.4273
2026/06/03 07:37:06 - mmengine - INFO - Epoch(train) [11][510/779]  lr: 8.0000e-03  eta: 0:48:36  time: 0.1478  data_time: 0.0143  memory: 4189  grad_norm: 4.7099  loss: 5.1064  vote_loss: 3.2721  objectness_loss: 0.3921  semantic_loss: 0.3418  center_loss: 0.3334  dir_class_loss: 0.0000  dir_res_loss: 0.0000  size_class_loss: 0.3418  size_res_loss: 0.4252
2026/06/03 07:37:10 - mmengine - INFO - Epoch(train) [11][540/779]  lr: 8.0000e-03  eta: 0:48:31  time: 0.1461  data_time: 0.0134  memory: 4189  grad_norm: 4.6994  loss: 5.2173  vote_loss: 3.3163  objectness_loss: 0.4088  semantic_loss: 0.3691  center_loss: 0.3288  dir_class_loss: 0.0000  dir_res_loss: 0.0000  size_class_loss: 0.3691  size_res_loss: 0.4252
2026/06/03 07:37:14 - mmengine - INFO - Epoch(train) [11][570/779]  lr: 8.0000e-03  eta: 0:48:26  time: 0.1440  data_time: 0.0137  memory: 4189  grad_norm: 4.9172  loss: 5.2445  vote_loss: 3.3509  objectness_loss: 0.4006  semantic_loss: 0.3621  center_loss: 0.3471  dir_class_loss: 0.0000  dir_res_loss: 0.0000  size_class_loss: 0.3621  size_res_loss: 0.4217
2026/06/03 07:37:19 - mmengine - INFO - Epoch(train) [11][600/779]  lr: 8.0000e-03  eta: 0:48:22  time: 0.1471  data_time: 0.0144  memory: 4189  grad_norm: 4.6389  loss: 5.0596  vote_loss: 3.2631  objectness_loss: 0.3789  semantic_loss: 0.3407  center_loss: 0.3415  dir_class_loss: 0.0000  dir_res_loss: 0.0000  size_class_loss: 0.3407  size_res_loss: 0.3946
2026/06/03 07:37:23 - mmengine - INFO - Epoch(train) [11][630/779]  lr: 8.0000e-03  eta: 0:48:18  time: 0.1452  data_time: 0.0145  memory: 4189  grad_norm: 4.3192  loss: 5.2256  vote_loss: 3.3676  objectness_loss: 0.4048  semantic_loss: 0.3514  center_loss: 0.3434  dir_class_loss: 0.0000  dir_res_loss: 0.0001  size_class_loss: 0.3514  size_res_loss: 0.4069
2026/06/03 07:37:28 - mmengine - INFO - Epoch(train) [11][660/779]  lr: 8.0000e-03  eta: 0:48:13  time: 0.1473  data_time: 0.0145  memory: 4189  grad_norm: 4.7225  loss: 5.2148  vote_loss: 3.3618  objectness_loss: 0.4104  semantic_loss: 0.3462  center_loss: 0.3487  dir_class_loss: 0.0000  dir_res_loss: 0.0001  size_class_loss: 0.3462  size_res_loss: 0.4014
2026/06/03 07:37:32 - mmengine - INFO - Epoch(train) [11][690/779]  lr: 8.0000e-03  eta: 0:48:09  time: 0.1460  data_time: 0.0139  memory: 4189  grad_norm: 4.8043  loss: 5.2228  vote_loss: 3.3538  objectness_loss: 0.4041  semantic_loss: 0.3595  center_loss: 0.3439  dir_class_loss: 0.0000  dir_res_loss: 0.0000  size_class_loss: 0.3595  size_res_loss: 0.4021
2026/06/03 07:37:36 - mmengine - INFO - Epoch(train) [11][720/779]  lr: 8.0000e-03  eta: 0:48:04  time: 0.1447  data_time: 0.0135  memory: 4189  grad_norm: 4.7742  loss: 5.3943  vote_loss: 3.4488  objectness_loss: 0.4098  semantic_loss: 0.3628  center_loss: 0.3583  dir_class_loss: 0.0000  dir_res_loss: 0.0000  size_class_loss: 0.3628  size_res_loss: 0.4517
2026/06/03 07:37:41 - mmengine - INFO - Epoch(train) [11][750/779]  lr: 8.0000e-03  eta: 0:48:00  time: 0.1487  data_time: 0.0141  memory: 4189  grad_norm: 4.7941  loss: 5.2456  vote_loss: 3.3257  objectness_loss: 0.4114  semantic_loss: 0.3533  center_loss: 0.3580  dir_class_loss: 0.0000  dir_res_loss: 0.0000  size_class_loss: 0.3533  size_res_loss: 0.4439
2026/06/03 07:37:45 - mmengine - INFO - Exp name: votenet_8xb8_scannet-3d_20260603_071635
2026/06/03 07:37:50 - mmengine - INFO - Epoch(train) [12][ 30/779]  lr: 8.0000e-03  eta: 0:47:52  time: 0.1580  data_time: 0.0237  memory: 4189  grad_norm: 4.6400  loss: 5.1365  vote_loss: 3.3399  objectness_loss: 0.3923  semantic_loss: 0.3210  center_loss: 0.3451  dir_class_loss: 0.0000  dir_res_loss: 0.0000  size_class_loss: 0.3210  size_res_loss: 0.4172
2026/06/03 07:37:55 - mmengine - INFO - Epoch(train) [12][ 60/779]  lr: 8.0000e-03  eta: 0:47:48  time: 0.1454  data_time: 0.0138  memory: 4189  grad_norm: 4.9560  loss: 5.1892  vote_loss: 3.3290  objectness_loss: 0.3995  semantic_loss: 0.3426  center_loss: 0.3506  dir_class_loss: 0.0000  dir_res_loss: 0.0001  size_class_loss: 0.3426  size_res_loss: 0.4249
2026/06/03 07:37:59 - mmengine - INFO - Epoch(train) [12][ 90/779]  lr: 8.0000e-03  eta: 0:47:43  time: 0.1482  data_time: 0.0143  memory: 4189  grad_norm: 5.2093  loss: 5.0818  vote_loss: 3.2814  objectness_loss: 0.3984  semantic_loss: 0.3206  center_loss: 0.3501  dir_class_loss: 0.0000  dir_res_loss: 0.0001  size_class_loss: 0.3206  size_res_loss: 0.4106
2026/06/03 07:38:04 - mmengine - INFO - Epoch(train) [12][120/779]  lr: 8.0000e-03  eta: 0:47:39  time: 0.1523  data_time: 0.0146  memory: 4189  grad_norm: 5.1233  loss: 5.0250  vote_loss: 3.2507  objectness_loss: 0.3935  semantic_loss: 0.3171  center_loss: 0.3431  dir_class_loss: 0.0000  dir_res_loss: 0.0004  size_class_loss: 0.3171  size_res_loss: 0.4031
2026/06/03 07:38:08 - mmengine - INFO - Epoch(train) [12][150/779]  lr: 8.0000e-03  eta: 0:47:35  time: 0.1511  data_time: 0.0146  memory: 4189  grad_norm: 4.8939  loss: 5.1935  vote_loss: 3.3210  objectness_loss: 0.4064  semantic_loss: 0.3544  center_loss: 0.3493  dir_class_loss: 0.0000  dir_res_loss: 0.0007  size_class_loss: 0.3544  size_res_loss: 0.4074
2026/06/03 07:38:13 - mmengine - INFO - Epoch(train) [12][180/779]  lr: 8.0000e-03  eta: 0:47:31  time: 0.1482  data_time: 0.0148  memory: 4189  grad_norm: 4.7493  loss: 5.2564  vote_loss: 3.3749  objectness_loss: 0.4012  semantic_loss: 0.3511  center_loss: 0.3464  dir_class_loss: 0.0000  dir_res_loss: 0.0005  size_class_loss: 0.3511  size_res_loss: 0.4312
2026/06/03 07:38:17 - mmengine - INFO - Epoch(train) [12][210/779]  lr: 8.0000e-03  eta: 0:47:26  time: 0.1509  data_time: 0.0150  memory: 4189  grad_norm: 4.8721  loss: 5.1219  vote_loss: 3.3032  objectness_loss: 0.4005  semantic_loss: 0.3304  center_loss: 0.3408  dir_class_loss: 0.0000  dir_res_loss: 0.0001  size_class_loss: 0.3304  size_res_loss: 0.4165
2026/06/03 07:38:22 - mmengine - INFO - Epoch(train) [12][240/779]  lr: 8.0000e-03  eta: 0:47:22  time: 0.1509  data_time: 0.0153  memory: 4189  grad_norm: 5.1697  loss: 5.1339  vote_loss: 3.3285  objectness_loss: 0.3785  semantic_loss: 0.3334  center_loss: 0.3398  dir_class_loss: 0.0000  dir_res_loss: 0.0001  size_class_loss: 0.3334  size_res_loss: 0.4203
2026/06/03 07:38:26 - mmengine - INFO - Epoch(train) [12][270/779]  lr: 8.0000e-03  eta: 0:47:18  time: 0.1492  data_time: 0.0151  memory: 4189  grad_norm: 4.9556  loss: 5.1685  vote_loss: 3.3356  objectness_loss: 0.3914  semantic_loss: 0.3382  center_loss: 0.3470  dir_class_loss: 0.0000  dir_res_loss: 0.0000  size_class_loss: 0.3382  size_res_loss: 0.4181
2026/06/03 07:38:31 - mmengine - INFO - Epoch(train) [12][300/779]  lr: 8.0000e-03  eta: 0:47:13  time: 0.1470  data_time: 0.0144  memory: 4189  grad_norm: 4.8738  loss: 5.1820  vote_loss: 3.3507  objectness_loss: 0.4045  semantic_loss: 0.3300  center_loss: 0.3435  dir_class_loss: 0.0000  dir_res_loss: 0.0000  size_class_loss: 0.3300  size_res_loss: 0.4233
2026/06/03 07:38:35 - mmengine - INFO - Epoch(train) [12][330/779]  lr: 8.0000e-03  eta: 0:47:09  time: 0.1486  data_time: 0.0144  memory: 4189  grad_norm: 5.1261  loss: 5.1153  vote_loss: 3.3151  objectness_loss: 0.4097  semantic_loss: 0.3319  center_loss: 0.3350  dir_class_loss: 0.0000  dir_res_loss: 0.0000  size_class_loss: 0.3320  size_res_loss: 0.3916
2026/06/03 07:38:39 - mmengine - INFO - Epoch(train) [12][360/779]  lr: 8.0000e-03  eta: 0:47:05  time: 0.1494  data_time: 0.0144  memory: 4189  grad_norm: 4.9972  loss: 5.0792  vote_loss: 3.2483  objectness_loss: 0.4057  semantic_loss: 0.3489  center_loss: 0.3415  dir_class_loss: 0.0000  dir_res_loss: 0.0000  size_class_loss: 0.3489  size_res_loss: 0.3858
2026/06/03 07:38:44 - mmengine - INFO - Epoch(train) [12][390/779]  lr: 8.0000e-03  eta: 0:47:00  time: 0.1498  data_time: 0.0143  memory: 4189  grad_norm: 4.7131  loss: 5.2044  vote_loss: 3.3810  objectness_loss: 0.4091  semantic_loss: 0.3313  center_loss: 0.3447  dir_class_loss: 0.0000  dir_res_loss: 0.0000  size_class_loss: 0.3313  size_res_loss: 0.4069
2026/06/03 07:38:49 - mmengine - INFO - Epoch(train) [12][420/779]  lr: 8.0000e-03  eta: 0:46:56  time: 0.1509  data_time: 0.0148  memory: 4189  grad_norm: 4.9758  loss: 5.2716  vote_loss: 3.4150  objectness_loss: 0.3907  semantic_loss: 0.3345  center_loss: 0.3621  dir_class_loss: 0.0000  dir_res_loss: 0.0000  size_class_loss: 0.3345  size_res_loss: 0.4347
2026/06/03 07:38:50 - mmengine - INFO - Exp name: votenet_8xb8_scannet-3d_20260603_071635
2026/06/03 07:38:53 - mmengine - INFO - Epoch(train) [12][450/779]  lr: 8.0000e-03  eta: 0:46:52  time: 0.1525  data_time: 0.0147  memory: 4189  grad_norm: 4.9814  loss: 5.0482  vote_loss: 3.2723  objectness_loss: 0.3912  semantic_loss: 0.3145  center_loss: 0.3502  dir_class_loss: 0.0000  dir_res_loss: 0.0000  size_class_loss: 0.3145  size_res_loss: 0.4054
2026/06/03 07:38:58 - mmengine - INFO - Epoch(train) [12][480/779]  lr: 8.0000e-03  eta: 0:46:48  time: 0.1542  data_time: 0.0145  memory: 4189  grad_norm: 5.3283  loss: 5.2477  vote_loss: 3.4310  objectness_loss: 0.4073  semantic_loss: 0.3169  center_loss: 0.3430  dir_class_loss: 0.0000  dir_res_loss: 0.0002  size_class_loss: 0.3169  size_res_loss: 0.4324
2026/06/03 07:39:02 - mmengine - INFO - Epoch(train) [12][510/779]  lr: 8.0000e-03  eta: 0:46:44  time: 0.1515  data_time: 0.0146  memory: 4189  grad_norm: 4.7512  loss: 5.2246  vote_loss: 3.4419  objectness_loss: 0.3860  semantic_loss: 0.3214  center_loss: 0.3327  dir_class_loss: 0.0000  dir_res_loss: 0.0001  size_class_loss: 0.3214  size_res_loss: 0.4211
2026/06/03 07:39:07 - mmengine - INFO - Epoch(train) [12][540/779]  lr: 8.0000e-03  eta: 0:46:39  time: 0.1525  data_time: 0.0152  memory: 4189  grad_norm: 4.6576  loss: 5.1102  vote_loss: 3.3219  objectness_loss: 0.3830  semantic_loss: 0.3318  center_loss: 0.3468  dir_class_loss: 0.0000  dir_res_loss: 0.0000  size_class_loss: 0.3318  size_res_loss: 0.3949
2026/06/03 07:39:11 - mmengine - INFO - Epoch(train) [12][570/779]  lr: 8.0000e-03  eta: 0:46:35  time: 0.1528  data_time: 0.0151  memory: 4189  grad_norm: 4.8748  loss: 5.0265  vote_loss: 3.2624  objectness_loss: 0.3855  semantic_loss: 0.3181  center_loss: 0.3450  dir_class_loss: 0.0000  dir_res_loss: 0.0000  size_class_loss: 0.3182  size_res_loss: 0.3973
2026/06/03 07:39:16 - mmengine - INFO - Epoch(train) [12][600/779]  lr: 8.0000e-03  eta: 0:46:31  time: 0.1540  data_time: 0.0153  memory: 4189  grad_norm: 4.8707  loss: 5.1728  vote_loss: 3.3313  objectness_loss: 0.3895  semantic_loss: 0.3260  center_loss: 0.3612  dir_class_loss: 0.0000  dir_res_loss: 0.0000  size_class_loss: 0.3260  size_res_loss: 0.4386
2026/06/03 07:39:20 - mmengine - INFO - Epoch(train) [12][630/779]  lr: 8.0000e-03  eta: 0:46:27  time: 0.1510  data_time: 0.0151  memory: 4189  grad_norm: 5.0806  loss: 5.2452  vote_loss: 3.3495  objectness_loss: 0.3836  semantic_loss: 0.3400  center_loss: 0.3542  dir_class_loss: 0.0000  dir_res_loss: 0.0000  size_class_loss: 0.3400  size_res_loss: 0.4778
2026/06/03 07:39:25 - mmengine - INFO - Epoch(train) [12][660/779]  lr: 8.0000e-03  eta: 0:46:22  time: 0.1485  data_time: 0.0142  memory: 4189  grad_norm: 5.3121  loss: 5.1984  vote_loss: 3.3525  objectness_loss: 0.3822  semantic_loss: 0.3356  center_loss: 0.3422  dir_class_loss: 0.0000  dir_res_loss: 0.0000  size_class_loss: 0.3356  size_res_loss: 0.4502
2026/06/03 07:39:30 - mmengine - INFO - Epoch(train) [12][690/779]  lr: 8.0000e-03  eta: 0:46:19  time: 0.1560  data_time: 0.0150  memory: 4189  grad_norm: 5.6861  loss: 4.9879  vote_loss: 3.2512  objectness_loss: 0.3946  semantic_loss: 0.3017  center_loss: 0.3499  dir_class_loss: 0.0000  dir_res_loss: 0.0000  size_class_loss: 0.3017  size_res_loss: 0.3886
2026/06/03 07:39:34 - mmengine - INFO - Epoch(train) [12][720/779]  lr: 8.0000e-03  eta: 0:46:14  time: 0.1541  data_time: 0.0147  memory: 4189  grad_norm: 4.7143  loss: 5.1019  vote_loss: 3.3700  objectness_loss: 0.3917  semantic_loss: 0.3025  center_loss: 0.3392  dir_class_loss: 0.0000  dir_res_loss: 0.0000  size_class_loss: 0.3025  size_res_loss: 0.3960
2026/06/03 07:39:39 - mmengine - INFO - Epoch(train) [12][750/779]  lr: 8.0000e-03  eta: 0:46:10  time: 0.1500  data_time: 0.0140  memory: 4189  grad_norm: 4.6177  loss: 5.2082  vote_loss: 3.4164  objectness_loss: 0.3835  semantic_loss: 0.3276  center_loss: 0.3395  dir_class_loss: 0.0000  dir_res_loss: 0.0001  size_class_loss: 0.3276  size_res_loss: 0.4136
2026/06/03 07:39:43 - mmengine - INFO - Exp name: votenet_8xb8_scannet-3d_20260603_071635
2026/06/03 07:39:48 - mmengine - INFO - Epoch(train) [13][ 30/779]  lr: 8.0000e-03  eta: 0:46:03  time: 0.1592  data_time: 0.0251  memory: 4189  grad_norm: 5.0287  loss: 5.1693  vote_loss: 3.3443  objectness_loss: 0.4057  semantic_loss: 0.3289  center_loss: 0.3496  dir_class_loss: 0.0000  dir_res_loss: 0.0000  size_class_loss: 0.3289  size_res_loss: 0.4119
2026/06/03 07:39:53 - mmengine - INFO - Epoch(train) [13][ 60/779]  lr: 8.0000e-03  eta: 0:45:58  time: 0.1492  data_time: 0.0149  memory: 4189  grad_norm: 5.2355  loss: 5.1064  vote_loss: 3.2988  objectness_loss: 0.4021  semantic_loss: 0.3351  center_loss: 0.3511  dir_class_loss: 0.0000  dir_res_loss: 0.0000  size_class_loss: 0.3351  size_res_loss: 0.3840
2026/06/03 07:39:57 - mmengine - INFO - Epoch(train) [13][ 90/779]  lr: 8.0000e-03  eta: 0:45:54  time: 0.1475  data_time: 0.0147  memory: 4189  grad_norm: 4.9910  loss: 4.9182  vote_loss: 3.1706  objectness_loss: 0.3919  semantic_loss: 0.3126  center_loss: 0.3377  dir_class_loss: 0.0000  dir_res_loss: 0.0000  size_class_loss: 0.3126  size_res_loss: 0.3928
2026/06/03 07:40:01 - mmengine - INFO - Epoch(train) [13][120/779]  lr: 8.0000e-03  eta: 0:45:49  time: 0.1483  data_time: 0.0147  memory: 4189  grad_norm: 4.5684  loss: 4.9928  vote_loss: 3.2854  objectness_loss: 0.3811  semantic_loss: 0.2966  center_loss: 0.3285  dir_class_loss: 0.0000  dir_res_loss: 0.0000  size_class_loss: 0.2966  size_res_loss: 0.4047
2026/06/03 07:40:06 - mmengine - INFO - Epoch(train) [13][150/779]  lr: 8.0000e-03  eta: 0:45:45  time: 0.1535  data_time: 0.0151  memory: 4189  grad_norm: 4.7130  loss: 5.0637  vote_loss: 3.2912  objectness_loss: 0.3831  semantic_loss: 0.3338  center_loss: 0.3272  dir_class_loss: 0.0000  dir_res_loss: 0.0000  size_class_loss: 0.3338  size_res_loss: 0.3946
2026/06/03 07:40:11 - mmengine - INFO - Epoch(train) [13][180/779]  lr: 8.0000e-03  eta: 0:45:41  time: 0.1512  data_time: 0.0149  memory: 4189  grad_norm: 5.0689  loss: 5.1099  vote_loss: 3.3059  objectness_loss: 0.3848  semantic_loss: 0.3322  center_loss: 0.3551  dir_class_loss: 0.0000  dir_res_loss: 0.0000  size_class_loss: 0.3322  size_res_loss: 0.3997
2026/06/03 07:40:15 - mmengine - INFO - Epoch(train) [13][210/779]  lr: 8.0000e-03  eta: 0:45:37  time: 0.1506  data_time: 0.0150  memory: 4189  grad_norm: 4.9080  loss: 5.1800  vote_loss: 3.2862  objectness_loss: 0.3956  semantic_loss: 0.3582  center_loss: 0.3559  dir_class_loss: 0.0000  dir_res_loss: 0.0000  size_class_loss: 0.3582  size_res_loss: 0.4260
2026/06/03 07:40:20 - mmengine - INFO - Epoch(train) [13][240/779]  lr: 8.0000e-03  eta: 0:45:32  time: 0.1515  data_time: 0.0150  memory: 4189  grad_norm: 4.6289  loss: 5.0055  vote_loss: 3.1966  objectness_loss: 0.3909  semantic_loss: 0.3426  center_loss: 0.3331  dir_class_loss: 0.0000  dir_res_loss: 0.0000  size_class_loss: 0.3426  size_res_loss: 0.3998
2026/06/03 07:40:24 - mmengine - INFO - Epoch(train) [13][270/779]  lr: 8.0000e-03  eta: 0:45:28  time: 0.1464  data_time: 0.0142  memory: 4189  grad_norm: 5.2087  loss: 5.0881  vote_loss: 3.3134  objectness_loss: 0.3821  semantic_loss: 0.3263  center_loss: 0.3450  dir_class_loss: 0.0000  dir_res_loss: 0.0000  size_class_loss: 0.3263  size_res_loss: 0.3949
2026/06/03 07:40:28 - mmengine - INFO - Epoch(train) [13][300/779]  lr: 8.0000e-03  eta: 0:45:23  time: 0.1445  data_time: 0.0139  memory: 4189  grad_norm: 5.9554  loss: 5.2739  vote_loss: 3.3755  objectness_loss: 0.3987  semantic_loss: 0.3568  center_loss: 0.3678  dir_class_loss: 0.0000  dir_res_loss: 0.0000  size_class_loss: 0.3568  size_res_loss: 0.4181
2026/06/03 07:40:33 - mmengine - INFO - Epoch(train) [13][330/779]  lr: 8.0000e-03  eta: 0:45:18  time: 0.1455  data_time: 0.0139  memory: 4189  grad_norm: 5.7320  loss: 5.4735  vote_loss: 3.4440  objectness_loss: 0.4045  semantic_loss: 0.4110  center_loss: 0.3790  dir_class_loss: 0.0000  dir_res_loss: 0.0000  size_class_loss: 0.4109  size_res_loss: 0.4241
2026/06/03 07:40:37 - mmengine - INFO - Epoch(train) [13][360/779]  lr: 8.0000e-03  eta: 0:45:14  time: 0.1481  data_time: 0.0142  memory: 4189  grad_norm: 4.5471  loss: 5.2254  vote_loss: 3.3932  objectness_loss: 0.3907  semantic_loss: 0.3421  center_loss: 0.3509  dir_class_loss: 0.0000  dir_res_loss: 0.0000  size_class_loss: 0.3422  size_res_loss: 0.4063
2026/06/03 07:40:42 - mmengine - INFO - Epoch(train) [13][390/779]  lr: 8.0000e-03  eta: 0:45:10  time: 0.1546  data_time: 0.0198  memory: 4189  grad_norm: 5.0842  loss: 5.2292  vote_loss: 3.3895  objectness_loss: 0.3981  semantic_loss: 0.3353  center_loss: 0.3465  dir_class_loss: 0.0000  dir_res_loss: 0.0000  size_class_loss: 0.3353  size_res_loss: 0.4246
2026/06/03 07:40:46 - mmengine - INFO - Epoch(train) [13][420/779]  lr: 8.0000e-03  eta: 0:45:06  time: 0.1506  data_time: 0.0193  memory: 4189  grad_norm: 5.9696  loss: 5.1691  vote_loss: 3.3400  objectness_loss: 0.3894  semantic_loss: 0.3161  center_loss: 0.3636  dir_class_loss: 0.0000  dir_res_loss: 0.0000  size_class_loss: 0.3161  size_res_loss: 0.4438
2026/06/03 07:40:51 - mmengine - INFO - Epoch(train) [13][450/779]  lr: 8.0000e-03  eta: 0:45:01  time: 0.1456  data_time: 0.0141  memory: 4189  grad_norm: 5.6595  loss: 5.4137  vote_loss: 3.5487  objectness_loss: 0.4008  semantic_loss: 0.3244  center_loss: 0.3593  dir_class_loss: 0.0000  dir_res_loss: 0.0000  size_class_loss: 0.3244  size_res_loss: 0.4561
2026/06/03 07:40:55 - mmengine - INFO - Epoch(train) [13][480/779]  lr: 8.0000e-03  eta: 0:44:56  time: 0.1454  data_time: 0.0137  memory: 4189  grad_norm: 5.0507  loss: 5.3264  vote_loss: 3.5038  objectness_loss: 0.3986  semantic_loss: 0.3162  center_loss: 0.3513  dir_class_loss: 0.0000  dir_res_loss: 0.0000  size_class_loss: 0.3162  size_res_loss: 0.4403
2026/06/03 07:40:59 - mmengine - INFO - Epoch(train) [13][510/779]  lr: 8.0000e-03  eta: 0:44:52  time: 0.1442  data_time: 0.0135  memory: 4189  grad_norm: 5.4479  loss: 5.0141  vote_loss: 3.2731  objectness_loss: 0.3784  semantic_loss: 0.3124  center_loss: 0.3354  dir_class_loss: 0.0000  dir_res_loss: 0.0000  size_class_loss: 0.3124  size_res_loss: 0.4023
2026/06/03 07:41:04 - mmengine - INFO - Epoch(train) [13][540/779]  lr: 8.0000e-03  eta: 0:44:47  time: 0.1437  data_time: 0.0131  memory: 4189  grad_norm: 5.4234  loss: 5.0422  vote_loss: 3.2884  objectness_loss: 0.3783  semantic_loss: 0.3157  center_loss: 0.3418  dir_class_loss: 0.0000  dir_res_loss: 0.0001  size_class_loss: 0.3158  size_res_loss: 0.4022
2026/06/03 07:41:08 - mmengine - INFO - Epoch(train) [13][570/779]  lr: 8.0000e-03  eta: 0:44:43  time: 0.1450  data_time: 0.0131  memory: 4189  grad_norm: 5.4020  loss: 5.1337  vote_loss: 3.2941  objectness_loss: 0.3999  semantic_loss: 0.3388  center_loss: 0.3460  dir_class_loss: 0.0000  dir_res_loss: 0.0001  size_class_loss: 0.3388  size_res_loss: 0.4160
2026/06/03 07:41:12 - mmengine - INFO - Epoch(train) [13][600/779]  lr: 8.0000e-03  eta: 0:44:38  time: 0.1463  data_time: 0.0138  memory: 4189  grad_norm: 4.7784  loss: 5.0636  vote_loss: 3.2312  objectness_loss: 0.3983  semantic_loss: 0.3501  center_loss: 0.3359  dir_class_loss: 0.0000  dir_res_loss: 0.0001  size_class_loss: 0.3501  size_res_loss: 0.3979
2026/06/03 07:41:17 - mmengine - INFO - Epoch(train) [13][630/779]  lr: 8.0000e-03  eta: 0:44:33  time: 0.1446  data_time: 0.0133  memory: 4189  grad_norm: 5.3680  loss: 5.0019  vote_loss: 3.2356  objectness_loss: 0.3776  semantic_loss: 0.3354  center_loss: 0.3299  dir_class_loss: 0.0000  dir_res_loss: 0.0000  size_class_loss: 0.3354  size_res_loss: 0.3879
2026/06/03 07:41:20 - mmengine - INFO - Exp name: votenet_8xb8_scannet-3d_20260603_071635
2026/06/03 07:41:21 - mmengine - INFO - Epoch(train) [13][660/779]  lr: 8.0000e-03  eta: 0:44:29  time: 0.1440  data_time: 0.0132  memory: 4189  grad_norm: 5.8183  loss: 4.8629  vote_loss: 3.1637  objectness_loss: 0.3635  semantic_loss: 0.2995  center_loss: 0.3474  dir_class_loss: 0.0000  dir_res_loss: 0.0001  size_class_loss: 0.2994  size_res_loss: 0.3893
2026/06/03 07:41:25 - mmengine - INFO - Epoch(train) [13][690/779]  lr: 8.0000e-03  eta: 0:44:24  time: 0.1445  data_time: 0.0133  memory: 4189  grad_norm: 5.7491  loss: 4.7248  vote_loss: 3.0699  objectness_loss: 0.3763  semantic_loss: 0.2841  center_loss: 0.3373  dir_class_loss: 0.0000  dir_res_loss: 0.0004  size_class_loss: 0.2841  size_res_loss: 0.3727
2026/06/03 07:41:30 - mmengine - INFO - Epoch(train) [13][720/779]  lr: 8.0000e-03  eta: 0:44:19  time: 0.1445  data_time: 0.0136  memory: 4189  grad_norm: 4.9274  loss: 5.0159  vote_loss: 3.2650  objectness_loss: 0.3922  semantic_loss: 0.3193  center_loss: 0.3272  dir_class_loss: 0.0000  dir_res_loss: 0.0009  size_class_loss: 0.3192  size_res_loss: 0.3922
2026/06/03 07:41:34 - mmengine - INFO - Epoch(train) [13][750/779]  lr: 8.0000e-03  eta: 0:44:15  time: 0.1446  data_time: 0.0138  memory: 4189  grad_norm: 4.8253  loss: 5.0951  vote_loss: 3.2552  objectness_loss: 0.3810  semantic_loss: 0.3527  center_loss: 0.3302  dir_class_loss: 0.0000  dir_res_loss: 0.0009  size_class_loss: 0.3527  size_res_loss: 0.4225
2026/06/03 07:41:38 - mmengine - INFO - Exp name: votenet_8xb8_scannet-3d_20260603_071635
2026/06/03 07:41:43 - mmengine - INFO - Epoch(train) [14][ 30/779]  lr: 8.0000e-03  eta: 0:44:06  time: 0.1538  data_time: 0.0210  memory: 4189  grad_norm: 4.9344  loss: 4.9645  vote_loss: 3.2325  objectness_loss: 0.3938  semantic_loss: 0.3004  center_loss: 0.3377  dir_class_loss: 0.0000  dir_res_loss: 0.0001  size_class_loss: 0.3004  size_res_loss: 0.3995
2026/06/03 07:41:47 - mmengine - INFO - Epoch(train) [14][ 60/779]  lr: 8.0000e-03  eta: 0:44:02  time: 0.1451  data_time: 0.0136  memory: 4189  grad_norm: 4.4705  loss: 5.0182  vote_loss: 3.3241  objectness_loss: 0.3832  semantic_loss: 0.3014  center_loss: 0.3238  dir_class_loss: 0.0000  dir_res_loss: 0.0000  size_class_loss: 0.3014  size_res_loss: 0.3842
2026/06/03 07:41:52 - mmengine - INFO - Epoch(train) [14][ 90/779]  lr: 8.0000e-03  eta: 0:43:57  time: 0.1438  data_time: 0.0137  memory: 4189  grad_norm: 4.2488  loss: 4.9382  vote_loss: 3.2772  objectness_loss: 0.3785  semantic_loss: 0.2998  center_loss: 0.3182  dir_class_loss: 0.0000  dir_res_loss: 0.0000  size_class_loss: 0.2998  size_res_loss: 0.3646
2026/06/03 07:41:56 - mmengine - INFO - Epoch(train) [14][120/779]  lr: 8.0000e-03  eta: 0:43:52  time: 0.1427  data_time: 0.0138  memory: 4189  grad_norm: 4.8471  loss: 4.7379  vote_loss: 3.0715  objectness_loss: 0.3851  semantic_loss: 0.2988  center_loss: 0.3169  dir_class_loss: 0.0000  dir_res_loss: 0.0000  size_class_loss: 0.2988  size_res_loss: 0.3668
2026/06/03 07:42:00 - mmengine - INFO - Epoch(train) [14][150/779]  lr: 8.0000e-03  eta: 0:43:48  time: 0.1451  data_time: 0.0139  memory: 4189  grad_norm: 5.4151  loss: 5.0838  vote_loss: 3.3226  objectness_loss: 0.3857  semantic_loss: 0.3056  center_loss: 0.3277  dir_class_loss: 0.0000  dir_res_loss: 0.0000  size_class_loss: 0.3056  size_res_loss: 0.4366
2026/06/03 07:42:05 - mmengine - INFO - Epoch(train) [14][180/779]  lr: 8.0000e-03  eta: 0:43:43  time: 0.1470  data_time: 0.0140  memory: 4189  grad_norm: 4.9249  loss: 5.1829  vote_loss: 3.3489  objectness_loss: 0.3965  semantic_loss: 0.3284  center_loss: 0.3287  dir_class_loss: 0.0000  dir_res_loss: 0.0000  size_class_loss: 0.3284  size_res_loss: 0.4519
2026/06/03 07:42:09 - mmengine - INFO - Epoch(train) [14][210/779]  lr: 8.0000e-03  eta: 0:43:39  time: 0.1463  data_time: 0.0139  memory: 4189  grad_norm: 5.1608  loss: 4.9991  vote_loss: 3.2335  objectness_loss: 0.3746  semantic_loss: 0.3217  center_loss: 0.3300  dir_class_loss: 0.0000  dir_res_loss: 0.0000  size_class_loss: 0.3217  size_res_loss: 0.4176
2026/06/03 07:42:13 - mmengine - INFO - Epoch(train) [14][240/779]  lr: 8.0000e-03  eta: 0:43:34  time: 0.1441  data_time: 0.0135  memory: 4189  grad_norm: 5.2353  loss: 4.7068  vote_loss: 3.0838  objectness_loss: 0.3719  semantic_loss: 0.2815  center_loss: 0.3236  dir_class_loss: 0.0000  dir_res_loss: 0.0000  size_class_loss: 0.2815  size_res_loss: 0.3645
2026/06/03 07:42:18 - mmengine - INFO - Epoch(train) [14][270/779]  lr: 8.0000e-03  eta: 0:43:30  time: 0.1464  data_time: 0.0137  memory: 4189  grad_norm: 5.3158  loss: 4.8199  vote_loss: 3.1903  objectness_loss: 0.3783  semantic_loss: 0.2741  center_loss: 0.3319  dir_class_loss: 0.0000  dir_res_loss: 0.0000  size_class_loss: 0.2741  size_res_loss: 0.3712
2026/06/03 07:42:22 - mmengine - INFO - Epoch(train) [14][300/779]  lr: 8.0000e-03  eta: 0:43:25  time: 0.1480  data_time: 0.0142  memory: 4189  grad_norm: 5.4495  loss: 4.7597  vote_loss: 3.1352  objectness_loss: 0.3545  semantic_loss: 0.2826  center_loss: 0.3319  dir_class_loss: 0.0000  dir_res_loss: 0.0000  size_class_loss: 0.2826  size_res_loss: 0.3729
2026/06/03 07:42:27 - mmengine - INFO - Epoch(train) [14][330/779]  lr: 8.0000e-03  eta: 0:43:21  time: 0.1458  data_time: 0.0139  memory: 4189  grad_norm: 5.6945  loss: 4.9338  vote_loss: 3.2398  objectness_loss: 0.3640  semantic_loss: 0.3054  center_loss: 0.3451  dir_class_loss: 0.0000  dir_res_loss: 0.0000  size_class_loss: 0.3054  size_res_loss: 0.3740
2026/06/03 07:42:31 - mmengine - INFO - Epoch(train) [14][360/779]  lr: 8.0000e-03  eta: 0:43:16  time: 0.1456  data_time: 0.0136  memory: 4189  grad_norm: 5.5595  loss: 4.8215  vote_loss: 3.1566  objectness_loss: 0.3820  semantic_loss: 0.2890  center_loss: 0.3387  dir_class_loss: 0.0000  dir_res_loss: 0.0000  size_class_loss: 0.2890  size_res_loss: 0.3663
2026/06/03 07:42:35 - mmengine - INFO - Epoch(train) [14][390/779]  lr: 8.0000e-03  eta: 0:43:12  time: 0.1444  data_time: 0.0135  memory: 4189  grad_norm: 5.4270  loss: 4.8641  vote_loss: 3.2336  objectness_loss: 0.3750  semantic_loss: 0.2801  center_loss: 0.3334  dir_class_loss: 0.0000  dir_res_loss: 0.0000  size_class_loss: 0.2801  size_res_loss: 0.3619
2026/06/03 07:42:40 - mmengine - INFO - Epoch(train) [14][420/779]  lr: 8.0000e-03  eta: 0:43:07  time: 0.1447  data_time: 0.0137  memory: 4189  grad_norm: 5.2004  loss: 4.9859  vote_loss: 3.2823  objectness_loss: 0.3856  semantic_loss: 0.2960  center_loss: 0.3395  dir_class_loss: 0.0000  dir_res_loss: 0.0000  size_class_loss: 0.2960  size_res_loss: 0.3865
2026/06/03 07:42:44 - mmengine - INFO - Epoch(train) [14][450/779]  lr: 8.0000e-03  eta: 0:43:02  time: 0.1442  data_time: 0.0137  memory: 4189  grad_norm: 4.8757  loss: 5.0219  vote_loss: 3.2591  objectness_loss: 0.3908  semantic_loss: 0.3065  center_loss: 0.3489  dir_class_loss: 0.0000  dir_res_loss: 0.0000  size_class_loss: 0.3065  size_res_loss: 0.4101
2026/06/03 07:42:48 - mmengine - INFO - Epoch(train) [14][480/779]  lr: 8.0000e-03  eta: 0:42:58  time: 0.1435  data_time: 0.0137  memory: 4189  grad_norm: 5.3103  loss: 4.9061  vote_loss: 3.2109  objectness_loss: 0.3901  semantic_loss: 0.2833  center_loss: 0.3320  dir_class_loss: 0.0000  dir_res_loss: 0.0000  size_class_loss: 0.2833  size_res_loss: 0.4066
2026/06/03 07:42:53 - mmengine - INFO - Epoch(train) [14][510/779]  lr: 8.0000e-03  eta: 0:42:53  time: 0.1453  data_time: 0.0138  memory: 4189  grad_norm: 5.6441  loss: 4.8908  vote_loss: 3.2382  objectness_loss: 0.3707  semantic_loss: 0.2782  center_loss: 0.3345  dir_class_loss: 0.0000  dir_res_loss: 0.0000  size_class_loss: 0.2782  size_res_loss: 0.3910
2026/06/03 07:42:57 - mmengine - INFO - Epoch(train) [14][540/779]  lr: 8.0000e-03  eta: 0:42:49  time: 0.1450  data_time: 0.0137  memory: 4189  grad_norm: 5.3361  loss: 4.9342  vote_loss: 3.2468  objectness_loss: 0.3610  semantic_loss: 0.2951  center_loss: 0.3322  dir_class_loss: 0.0000  dir_res_loss: 0.0000  size_class_loss: 0.2951  size_res_loss: 0.4039
2026/06/03 07:43:02 - mmengine - INFO - Epoch(train) [14][570/779]  lr: 8.0000e-03  eta: 0:42:44  time: 0.1479  data_time: 0.0141  memory: 4189  grad_norm: 4.6950  loss: 5.1125  vote_loss: 3.3091  objectness_loss: 0.3789  semantic_loss: 0.3256  center_loss: 0.3296  dir_class_loss: 0.0000  dir_res_loss: 0.0000  size_class_loss: 0.3256  size_res_loss: 0.4438
2026/06/03 07:43:06 - mmengine - INFO - Epoch(train) [14][600/779]  lr: 8.0000e-03  eta: 0:42:40  time: 0.1471  data_time: 0.0140  memory: 4189  grad_norm: 4.7995  loss: 4.9860  vote_loss: 3.2138  objectness_loss: 0.3882  semantic_loss: 0.3291  center_loss: 0.3276  dir_class_loss: 0.0000  dir_res_loss: 0.0000  size_class_loss: 0.3291  size_res_loss: 0.3982
2026/06/03 07:43:10 - mmengine - INFO - Epoch(train) [14][630/779]  lr: 8.0000e-03  eta: 0:42:35  time: 0.1450  data_time: 0.0136  memory: 4189  grad_norm: 4.8637  loss: 4.9073  vote_loss: 3.1528  objectness_loss: 0.3935  semantic_loss: 0.3218  center_loss: 0.3280  dir_class_loss: 0.0000  dir_res_loss: 0.0000  size_class_loss: 0.3218  size_res_loss: 0.3895
2026/06/03 07:43:15 - mmengine - INFO - Epoch(train) [14][660/779]  lr: 8.0000e-03  eta: 0:42:31  time: 0.1520  data_time: 0.0146  memory: 4189  grad_norm: 4.9671  loss: 5.0411  vote_loss: 3.2824  objectness_loss: 0.3787  semantic_loss: 0.3258  center_loss: 0.3249  dir_class_loss: 0.0000  dir_res_loss: 0.0000  size_class_loss: 0.3258  size_res_loss: 0.4036
2026/06/03 07:43:19 - mmengine - INFO - Epoch(train) [14][690/779]  lr: 8.0000e-03  eta: 0:42:27  time: 0.1501  data_time: 0.0144  memory: 4189  grad_norm: 4.8851  loss: 4.9778  vote_loss: 3.2475  objectness_loss: 0.3737  semantic_loss: 0.3165  center_loss: 0.3177  dir_class_loss: 0.0000  dir_res_loss: 0.0000  size_class_loss: 0.3165  size_res_loss: 0.4059
2026/06/03 07:43:24 - mmengine - INFO - Epoch(train) [14][720/779]  lr: 8.0000e-03  eta: 0:42:22  time: 0.1437  data_time: 0.0136  memory: 4189  grad_norm: 5.4644  loss: 5.1170  vote_loss: 3.3402  objectness_loss: 0.3886  semantic_loss: 0.3115  center_loss: 0.3260  dir_class_loss: 0.0000  dir_res_loss: 0.0000  size_class_loss: 0.3115  size_res_loss: 0.4393
2026/06/03 07:43:28 - mmengine - INFO - Epoch(train) [14][750/779]  lr: 8.0000e-03  eta: 0:42:17  time: 0.1437  data_time: 0.0135  memory: 4189  grad_norm: 5.5438  loss: 4.7642  vote_loss: 3.1031  objectness_loss: 0.3616  semantic_loss: 0.2942  center_loss: 0.3219  dir_class_loss: 0.0000  dir_res_loss: 0.0000  size_class_loss: 0.2942  size_res_loss: 0.3893
2026/06/03 07:43:32 - mmengine - INFO - Exp name: votenet_8xb8_scannet-3d_20260603_071635
2026/06/03 07:43:37 - mmengine - INFO - Epoch(train) [15][ 30/779]  lr: 8.0000e-03  eta: 0:42:09  time: 0.1518  data_time: 0.0220  memory: 4189  grad_norm: 4.6327  loss: 4.8190  vote_loss: 3.1862  objectness_loss: 0.3588  semantic_loss: 0.2816  center_loss: 0.3204  dir_class_loss: 0.0000  dir_res_loss: 0.0000  size_class_loss: 0.2816  size_res_loss: 0.3904
2026/06/03 07:43:42 - mmengine - INFO - Epoch(train) [15][ 60/779]  lr: 8.0000e-03  eta: 0:42:05  time: 0.1524  data_time: 0.0149  memory: 4189  grad_norm: 4.8638  loss: 4.9759  vote_loss: 3.2967  objectness_loss: 0.3647  semantic_loss: 0.2917  center_loss: 0.3366  dir_class_loss: 0.0000  dir_res_loss: 0.0000  size_class_loss: 0.2917  size_res_loss: 0.3945
2026/06/03 07:43:46 - mmengine - INFO - Epoch(train) [15][ 90/779]  lr: 8.0000e-03  eta: 0:42:00  time: 0.1487  data_time: 0.0144  memory: 4189  grad_norm: 5.0756  loss: 4.7773  vote_loss: 3.1123  objectness_loss: 0.3660  semantic_loss: 0.2961  center_loss: 0.3230  dir_class_loss: 0.0000  dir_res_loss: 0.0000  size_class_loss: 0.2961  size_res_loss: 0.3838
2026/06/03 07:43:46 - mmengine - INFO - Exp name: votenet_8xb8_scannet-3d_20260603_071635
2026/06/03 07:43:50 - mmengine - INFO - Epoch(train) [15][120/779]  lr: 8.0000e-03  eta: 0:41:56  time: 0.1439  data_time: 0.0137  memory: 4189  grad_norm: 5.4401  loss: 4.8824  vote_loss: 3.2063  objectness_loss: 0.3614  semantic_loss: 0.3012  center_loss: 0.3175  dir_class_loss: 0.0000  dir_res_loss: 0.0000  size_class_loss: 0.3012  size_res_loss: 0.3949
2026/06/03 07:43:55 - mmengine - INFO - Epoch(train) [15][150/779]  lr: 8.0000e-03  eta: 0:41:51  time: 0.1447  data_time: 0.0137  memory: 4189  grad_norm: 5.3715  loss: 4.8515  vote_loss: 3.1880  objectness_loss: 0.3749  semantic_loss: 0.2878  center_loss: 0.3224  dir_class_loss: 0.0000  dir_res_loss: 0.0000  size_class_loss: 0.2878  size_res_loss: 0.3906
2026/06/03 07:43:59 - mmengine - INFO - Epoch(train) [15][180/779]  lr: 8.0000e-03  eta: 0:41:46  time: 0.1448  data_time: 0.0138  memory: 4189  grad_norm: 5.2040  loss: 4.7768  vote_loss: 3.1459  objectness_loss: 0.3717  semantic_loss: 0.2802  center_loss: 0.3154  dir_class_loss: 0.0000  dir_res_loss: 0.0000  size_class_loss: 0.2802  size_res_loss: 0.3835
2026/06/03 07:44:03 - mmengine - INFO - Epoch(train) [15][210/779]  lr: 8.0000e-03  eta: 0:41:42  time: 0.1464  data_time: 0.0139  memory: 4189  grad_norm: 5.2932  loss: 5.0633  vote_loss: 3.3460  objectness_loss: 0.3866  semantic_loss: 0.3017  center_loss: 0.3333  dir_class_loss: 0.0000  dir_res_loss: 0.0000  size_class_loss: 0.3017  size_res_loss: 0.3940
2026/06/03 07:44:08 - mmengine - INFO - Epoch(train) [15][240/779]  lr: 8.0000e-03  eta: 0:41:38  time: 0.1474  data_time: 0.0141  memory: 4189  grad_norm: 5.1971  loss: 4.9107  vote_loss: 3.2158  objectness_loss: 0.3772  semantic_loss: 0.3106  center_loss: 0.3248  dir_class_loss: 0.0000  dir_res_loss: 0.0000  size_class_loss: 0.3106  size_res_loss: 0.3717
2026/06/03 07:44:12 - mmengine - INFO - Epoch(train) [15][270/779]  lr: 8.0000e-03  eta: 0:41:33  time: 0.1435  data_time: 0.0137  memory: 4189  grad_norm: 4.7678  loss: 4.7137  vote_loss: 3.0801  objectness_loss: 0.3598  semantic_loss: 0.2891  center_loss: 0.3199  dir_class_loss: 0.0000  dir_res_loss: 0.0000  size_class_loss: 0.2891  size_res_loss: 0.3757
2026/06/03 07:44:16 - mmengine - INFO - Epoch(train) [15][300/779]  lr: 8.0000e-03  eta: 0:41:28  time: 0.1440  data_time: 0.0138  memory: 4189  grad_norm: 4.3597  loss: 4.8008  vote_loss: 3.1782  objectness_loss: 0.3705  semantic_loss: 0.2683  center_loss: 0.3241  dir_class_loss: 0.0000  dir_res_loss: 0.0000  size_class_loss: 0.2683  size_res_loss: 0.3914
2026/06/03 07:44:21 - mmengine - INFO - Epoch(train) [15][330/779]  lr: 8.0000e-03  eta: 0:41:24  time: 0.1441  data_time: 0.0138  memory: 4189  grad_norm: 5.1114  loss: 4.8963  vote_loss: 3.2086  objectness_loss: 0.3618  semantic_loss: 0.3009  center_loss: 0.3295  dir_class_loss: 0.0000  dir_res_loss: 0.0001  size_class_loss: 0.3009  size_res_loss: 0.3945
2026/06/03 07:44:25 - mmengine - INFO - Epoch(train) [15][360/779]  lr: 8.0000e-03  eta: 0:41:19  time: 0.1443  data_time: 0.0139  memory: 4189  grad_norm: 4.9574  loss: 4.7921  vote_loss: 3.1545  objectness_loss: 0.3433  semantic_loss: 0.3065  center_loss: 0.3032  dir_class_loss: 0.0000  dir_res_loss: 0.0002  size_class_loss: 0.3065  size_res_loss: 0.3777
2026/06/03 07:44:29 - mmengine - INFO - Epoch(train) [15][390/779]  lr: 8.0000e-03  eta: 0:41:15  time: 0.1452  data_time: 0.0139  memory: 4189  grad_norm: 5.0263  loss: 4.7929  vote_loss: 3.1303  objectness_loss: 0.3595  semantic_loss: 0.3105  center_loss: 0.3198  dir_class_loss: 0.0000  dir_res_loss: 0.0003  size_class_loss: 0.3105  size_res_loss: 0.3620
2026/06/03 07:44:34 - mmengine - INFO - Epoch(train) [15][420/779]  lr: 8.0000e-03  eta: 0:41:10  time: 0.1451  data_time: 0.0138  memory: 4189  grad_norm: 5.3879  loss: 4.7656  vote_loss: 3.1520  objectness_loss: 0.3552  semantic_loss: 0.2815  center_loss: 0.3381  dir_class_loss: 0.0000  dir_res_loss: 0.0005  size_class_loss: 0.2815  size_res_loss: 0.3570
2026/06/03 07:44:38 - mmengine - INFO - Epoch(train) [15][450/779]  lr: 8.0000e-03  eta: 0:41:05  time: 0.1439  data_time: 0.0135  memory: 4189  grad_norm: 5.3092  loss: 4.6573  vote_loss: 3.1031  objectness_loss: 0.3550  semantic_loss: 0.2656  center_loss: 0.3284  dir_class_loss: 0.0000  dir_res_loss: 0.0003  size_class_loss: 0.2656  size_res_loss: 0.3392
2026/06/03 07:44:43 - mmengine - INFO - Epoch(train) [15][480/779]  lr: 8.0000e-03  eta: 0:41:01  time: 0.1466  data_time: 0.0133  memory: 4189  grad_norm: 5.0100  loss: 4.7659  vote_loss: 3.1310  objectness_loss: 0.3713  semantic_loss: 0.2909  center_loss: 0.3183  dir_class_loss: 0.0000  dir_res_loss: 0.0001  size_class_loss: 0.2909  size_res_loss: 0.3634
2026/06/03 07:44:47 - mmengine - INFO - Epoch(train) [15][510/779]  lr: 8.0000e-03  eta: 0:40:56  time: 0.1461  data_time: 0.0130  memory: 4189  grad_norm: 4.6468  loss: 4.5932  vote_loss: 3.0090  objectness_loss: 0.3564  semantic_loss: 0.2871  center_loss: 0.3118  dir_class_loss: 0.0000  dir_res_loss: 0.0000  size_class_loss: 0.2871  size_res_loss: 0.3416
2026/06/03 07:44:51 - mmengine - INFO - Epoch(train) [15][540/779]  lr: 8.0000e-03  eta: 0:40:52  time: 0.1442  data_time: 0.0130  memory: 4189  grad_norm: 5.0397  loss: 4.7506  vote_loss: 3.0940  objectness_loss: 0.3796  semantic_loss: 0.2949  center_loss: 0.3248  dir_class_loss: 0.0000  dir_res_loss: 0.0000  size_class_loss: 0.2949  size_res_loss: 0.3624
2026/06/03 07:44:56 - mmengine - INFO - Epoch(train) [15][570/779]  lr: 8.0000e-03  eta: 0:40:47  time: 0.1456  data_time: 0.0139  memory: 4189  grad_norm: 5.0200  loss: 4.9238  vote_loss: 3.2073  objectness_loss: 0.3886  semantic_loss: 0.3084  center_loss: 0.3312  dir_class_loss: 0.0000  dir_res_loss: 0.0000  size_class_loss: 0.3084  size_res_loss: 0.3799
2026/06/03 07:45:00 - mmengine - INFO - Epoch(train) [15][600/779]  lr: 8.0000e-03  eta: 0:40:43  time: 0.1497  data_time: 0.0144  memory: 4189  grad_norm: 5.2756  loss: 4.7261  vote_loss: 3.0771  objectness_loss: 0.3800  semantic_loss: 0.2842  center_loss: 0.3277  dir_class_loss: 0.0000  dir_res_loss: 0.0000  size_class_loss: 0.2842  size_res_loss: 0.3730
2026/06/03 07:45:04 - mmengine - INFO - Epoch(train) [15][630/779]  lr: 8.0000e-03  eta: 0:40:39  time: 0.1465  data_time: 0.0139  memory: 4189  grad_norm: 5.1227  loss: 4.7958  vote_loss: 3.1373  objectness_loss: 0.3616  semantic_loss: 0.2897  center_loss: 0.3226  dir_class_loss: 0.0000  dir_res_loss: 0.0000  size_class_loss: 0.2897  size_res_loss: 0.3950
2026/06/03 07:45:09 - mmengine - INFO - Epoch(train) [15][660/779]  lr: 8.0000e-03  eta: 0:40:34  time: 0.1456  data_time: 0.0136  memory: 4189  grad_norm: 4.4956  loss: 4.9837  vote_loss: 3.3078  objectness_loss: 0.3791  semantic_loss: 0.2869  center_loss: 0.3251  dir_class_loss: 0.0000  dir_res_loss: 0.0000  size_class_loss: 0.2869  size_res_loss: 0.3979
2026/06/03 07:45:13 - mmengine - INFO - Epoch(train) [15][690/779]  lr: 8.0000e-03  eta: 0:40:29  time: 0.1448  data_time: 0.0130  memory: 4189  grad_norm: 5.0121  loss: 5.1231  vote_loss: 3.3694  objectness_loss: 0.4016  semantic_loss: 0.3086  center_loss: 0.3329  dir_class_loss: 0.0000  dir_res_loss: 0.0000  size_class_loss: 0.3086  size_res_loss: 0.4019
2026/06/03 07:45:17 - mmengine - INFO - Epoch(train) [15][720/779]  lr: 8.0000e-03  eta: 0:40:25  time: 0.1441  data_time: 0.0132  memory: 4189  grad_norm: 5.0764  loss: 5.1129  vote_loss: 3.3473  objectness_loss: 0.3872  semantic_loss: 0.3040  center_loss: 0.3447  dir_class_loss: 0.0000  dir_res_loss: 0.0000  size_class_loss: 0.3040  size_res_loss: 0.4258
2026/06/03 07:45:22 - mmengine - INFO - Epoch(train) [15][750/779]  lr: 8.0000e-03  eta: 0:40:20  time: 0.1451  data_time: 0.0138  memory: 4189  grad_norm: 4.8272  loss: 4.9815  vote_loss: 3.2878  objectness_loss: 0.3659  semantic_loss: 0.2878  center_loss: 0.3381  dir_class_loss: 0.0000  dir_res_loss: 0.0001  size_class_loss: 0.2878  size_res_loss: 0.4141
2026/06/03 07:45:26 - mmengine - INFO - Exp name: votenet_8xb8_scannet-3d_20260603_071635
2026/06/03 07:45:31 - mmengine - INFO - Epoch(train) [16][ 30/779]  lr: 8.0000e-03  eta: 0:40:12  time: 0.1589  data_time: 0.0231  memory: 4189  grad_norm: 5.6799  loss: 4.8750  vote_loss: 3.1873  objectness_loss: 0.3499  semantic_loss: 0.2986  center_loss: 0.3507  dir_class_loss: 0.0000  dir_res_loss: 0.0002  size_class_loss: 0.2987  size_res_loss: 0.3897
2026/06/03 07:45:35 - mmengine - INFO - Epoch(train) [16][ 60/779]  lr: 8.0000e-03  eta: 0:40:08  time: 0.1474  data_time: 0.0142  memory: 4189  grad_norm: 4.9027  loss: 4.7046  vote_loss: 3.1298  objectness_loss: 0.3460  semantic_loss: 0.2683  center_loss: 0.3141  dir_class_loss: 0.0000  dir_res_loss: 0.0001  size_class_loss: 0.2683  size_res_loss: 0.3781
2026/06/03 07:45:40 - mmengine - INFO - Epoch(train) [16][ 90/779]  lr: 8.0000e-03  eta: 0:40:03  time: 0.1441  data_time: 0.0135  memory: 4189  grad_norm: 4.8466  loss: 4.5700  vote_loss: 3.0701  objectness_loss: 0.3427  semantic_loss: 0.2435  center_loss: 0.2979  dir_class_loss: 0.0000  dir_res_loss: 0.0000  size_class_loss: 0.2435  size_res_loss: 0.3723
2026/06/03 07:45:44 - mmengine - INFO - Epoch(train) [16][120/779]  lr: 8.0000e-03  eta: 0:39:59  time: 0.1442  data_time: 0.0133  memory: 4189  grad_norm: 5.0861  loss: 4.6131  vote_loss: 3.0890  objectness_loss: 0.3577  semantic_loss: 0.2516  center_loss: 0.3077  dir_class_loss: 0.0000  dir_res_loss: 0.0000  size_class_loss: 0.2516  size_res_loss: 0.3554
2026/06/03 07:45:49 - mmengine - INFO - Epoch(train) [16][150/779]  lr: 8.0000e-03  eta: 0:39:54  time: 0.1457  data_time: 0.0137  memory: 4189  grad_norm: 5.6332  loss: 4.7150  vote_loss: 3.1394  objectness_loss: 0.3542  semantic_loss: 0.2696  center_loss: 0.3261  dir_class_loss: 0.0000  dir_res_loss: 0.0000  size_class_loss: 0.2696  size_res_loss: 0.3562
2026/06/03 07:45:53 - mmengine - INFO - Epoch(train) [16][180/779]  lr: 8.0000e-03  eta: 0:39:50  time: 0.1449  data_time: 0.0137  memory: 4189  grad_norm: 5.8391  loss: 4.5109  vote_loss: 3.0116  objectness_loss: 0.3535  semantic_loss: 0.2481  center_loss: 0.3221  dir_class_loss: 0.0000  dir_res_loss: 0.0000  size_class_loss: 0.2481  size_res_loss: 0.3274
2026/06/03 07:45:57 - mmengine - INFO - Epoch(train) [16][210/779]  lr: 8.0000e-03  eta: 0:39:45  time: 0.1451  data_time: 0.0138  memory: 4189  grad_norm: 4.9933  loss: 4.7723  vote_loss: 3.1434  objectness_loss: 0.3719  semantic_loss: 0.2914  center_loss: 0.3256  dir_class_loss: 0.0000  dir_res_loss: 0.0000  size_class_loss: 0.2914  size_res_loss: 0.3487
2026/06/03 07:46:02 - mmengine - INFO - Epoch(train) [16][240/779]  lr: 8.0000e-03  eta: 0:39:40  time: 0.1449  data_time: 0.0138  memory: 4189  grad_norm: 4.9239  loss: 4.7156  vote_loss: 3.0675  objectness_loss: 0.3608  semantic_loss: 0.3027  center_loss: 0.3188  dir_class_loss: 0.0000  dir_res_loss: 0.0000  size_class_loss: 0.3027  size_res_loss: 0.3631
2026/06/03 07:46:06 - mmengine - INFO - Epoch(train) [16][270/779]  lr: 8.0000e-03  eta: 0:39:36  time: 0.1467  data_time: 0.0141  memory: 4189  grad_norm: 4.8396  loss: 4.7873  vote_loss: 3.1610  objectness_loss: 0.3487  semantic_loss: 0.2927  center_loss: 0.3149  dir_class_loss: 0.0000  dir_res_loss: 0.0000  size_class_loss: 0.2927  size_res_loss: 0.3773
2026/06/03 07:46:10 - mmengine - INFO - Epoch(train) [16][300/779]  lr: 8.0000e-03  eta: 0:39:32  time: 0.1470  data_time: 0.0140  memory: 4189  grad_norm: 5.0626  loss: 4.9099  vote_loss: 3.2765  objectness_loss: 0.3434  semantic_loss: 0.2768  center_loss: 0.3232  dir_class_loss: 0.0000  dir_res_loss: 0.0000  size_class_loss: 0.2768  size_res_loss: 0.4132
2026/06/03 07:46:13 - mmengine - INFO - Exp name: votenet_8xb8_scannet-3d_20260603_071635
2026/06/03 07:46:15 - mmengine - INFO - Epoch(train) [16][330/779]  lr: 8.0000e-03  eta: 0:39:27  time: 0.1450  data_time: 0.0138  memory: 4189  grad_norm: 4.7246  loss: 4.6659  vote_loss: 3.1142  objectness_loss: 0.3301  semantic_loss: 0.2661  center_loss: 0.3114  dir_class_loss: 0.0000  dir_res_loss: 0.0000  size_class_loss: 0.2661  size_res_loss: 0.3780
2026/06/03 07:46:19 - mmengine - INFO - Epoch(train) [16][360/779]  lr: 8.0000e-03  eta: 0:39:22  time: 0.1460  data_time: 0.0142  memory: 4189  grad_norm: 4.6551  loss: 4.6618  vote_loss: 3.0906  objectness_loss: 0.3556  semantic_loss: 0.2682  center_loss: 0.3146  dir_class_loss: 0.0000  dir_res_loss: 0.0000  size_class_loss: 0.2682  size_res_loss: 0.3648
2026/06/03 07:46:23 - mmengine - INFO - Epoch(train) [16][390/779]  lr: 8.0000e-03  eta: 0:39:18  time: 0.1456  data_time: 0.0142  memory: 4189  grad_norm: 4.9701  loss: 4.8254  vote_loss: 3.2483  objectness_loss: 0.3696  semantic_loss: 0.2596  center_loss: 0.3215  dir_class_loss: 0.0000  dir_res_loss: 0.0001  size_class_loss: 0.2596  size_res_loss: 0.3668
2026/06/03 07:46:28 - mmengine - INFO - Epoch(train) [16][420/779]  lr: 8.0000e-03  eta: 0:39:14  time: 0.1500  data_time: 0.0145  memory: 4189  grad_norm: 5.1023  loss: 4.9255  vote_loss: 3.2692  objectness_loss: 0.3665  semantic_loss: 0.2891  center_loss: 0.3364  dir_class_loss: 0.0000  dir_res_loss: 0.0001  size_class_loss: 0.2891  size_res_loss: 0.3751
2026/06/03 07:46:32 - mmengine - INFO - Epoch(train) [16][450/779]  lr: 8.0000e-03  eta: 0:39:09  time: 0.1477  data_time: 0.0142  memory: 4189  grad_norm: 5.2675  loss: 4.8425  vote_loss: 3.1979  objectness_loss: 0.3675  semantic_loss: 0.2972  center_loss: 0.3242  dir_class_loss: 0.0000  dir_res_loss: 0.0001  size_class_loss: 0.2972  size_res_loss: 0.3584
2026/06/03 07:46:37 - mmengine - INFO - Epoch(train) [16][480/779]  lr: 8.0000e-03  eta: 0:39:05  time: 0.1495  data_time: 0.0144  memory: 4189  grad_norm: 4.6402  loss: 4.7313  vote_loss: 3.1470  objectness_loss: 0.3724  semantic_loss: 0.2682  center_loss: 0.3052  dir_class_loss: 0.0000  dir_res_loss: 0.0000  size_class_loss: 0.2682  size_res_loss: 0.3703
2026/06/03 07:46:42 - mmengine - INFO - Epoch(train) [16][510/779]  lr: 8.0000e-03  eta: 0:39:01  time: 0.1549  data_time: 0.0152  memory: 4189  grad_norm: 4.9425  loss: 4.7777  vote_loss: 3.1169  objectness_loss: 0.3789  semantic_loss: 0.2905  center_loss: 0.3058  dir_class_loss: 0.0000  dir_res_loss: 0.0001  size_class_loss: 0.2905  size_res_loss: 0.3951
2026/06/03 07:46:46 - mmengine - INFO - Epoch(train) [16][540/779]  lr: 8.0000e-03  eta: 0:38:56  time: 0.1501  data_time: 0.0145  memory: 4189  grad_norm: 5.3022  loss: 4.7837  vote_loss: 3.0700  objectness_loss: 0.3699  semantic_loss: 0.3094  center_loss: 0.3183  dir_class_loss: 0.0000  dir_res_loss: 0.0001  size_class_loss: 0.3094  size_res_loss: 0.4065
2026/06/03 07:46:50 - mmengine - INFO - Epoch(train) [16][570/779]  lr: 8.0000e-03  eta: 0:38:52  time: 0.1454  data_time: 0.0138  memory: 4189  grad_norm: 4.9625  loss: 4.8366  vote_loss: 3.1416  objectness_loss: 0.3804  semantic_loss: 0.3043  center_loss: 0.3236  dir_class_loss: 0.0000  dir_res_loss: 0.0001  size_class_loss: 0.3043  size_res_loss: 0.3824
2026/06/03 07:46:55 - mmengine - INFO - Epoch(train) [16][600/779]  lr: 8.0000e-03  eta: 0:38:47  time: 0.1450  data_time: 0.0139  memory: 4189  grad_norm: 4.6401  loss: 4.7181  vote_loss: 3.1178  objectness_loss: 0.3661  semantic_loss: 0.2766  center_loss: 0.3145  dir_class_loss: 0.0000  dir_res_loss: 0.0000  size_class_loss: 0.2766  size_res_loss: 0.3666
2026/06/03 07:46:59 - mmengine - INFO - Epoch(train) [16][630/779]  lr: 8.0000e-03  eta: 0:38:43  time: 0.1443  data_time: 0.0139  memory: 4189  grad_norm: 4.9847  loss: 4.4653  vote_loss: 2.9769  objectness_loss: 0.3308  semantic_loss: 0.2598  center_loss: 0.2986  dir_class_loss: 0.0000  dir_res_loss: 0.0001  size_class_loss: 0.2598  size_res_loss: 0.3394
2026/06/03 07:47:03 - mmengine - INFO - Epoch(train) [16][660/779]  lr: 8.0000e-03  eta: 0:38:38  time: 0.1441  data_time: 0.0138  memory: 4189  grad_norm: 5.2199  loss: 4.8468  vote_loss: 3.1675  objectness_loss: 0.3591  semantic_loss: 0.2972  center_loss: 0.3229  dir_class_loss: 0.0000  dir_res_loss: 0.0001  size_class_loss: 0.2972  size_res_loss: 0.4028
2026/06/03 07:47:08 - mmengine - INFO - Epoch(train) [16][690/779]  lr: 8.0000e-03  eta: 0:38:34  time: 0.1479  data_time: 0.0143  memory: 4189  grad_norm: 4.8834  loss: 4.9715  vote_loss: 3.2609  objectness_loss: 0.3781  semantic_loss: 0.2957  center_loss: 0.3314  dir_class_loss: 0.0000  dir_res_loss: 0.0001  size_class_loss: 0.2957  size_res_loss: 0.4096
2026/06/03 07:47:12 - mmengine - INFO - Epoch(train) [16][720/779]  lr: 8.0000e-03  eta: 0:38:29  time: 0.1460  data_time: 0.0141  memory: 4189  grad_norm: 5.0475  loss: 4.7421  vote_loss: 3.1515  objectness_loss: 0.3611  semantic_loss: 0.2655  center_loss: 0.3250  dir_class_loss: 0.0000  dir_res_loss: 0.0000  size_class_loss: 0.2655  size_res_loss: 0.3734
2026/06/03 07:47:17 - mmengine - INFO - Epoch(train) [16][750/779]  lr: 8.0000e-03  eta: 0:38:25  time: 0.1447  data_time: 0.0137  memory: 4189  grad_norm: 5.1943  loss: 4.7799  vote_loss: 3.1374  objectness_loss: 0.3727  semantic_loss: 0.2839  center_loss: 0.3348  dir_class_loss: 0.0000  dir_res_loss: 0.0000  size_class_loss: 0.2839  size_res_loss: 0.3672
2026/06/03 07:47:21 - mmengine - INFO - Exp name: votenet_8xb8_scannet-3d_20260603_071635
2026/06/03 07:47:26 - mmengine - INFO - Epoch(train) [17][ 30/779]  lr: 8.0000e-03  eta: 0:38:17  time: 0.1569  data_time: 0.0238  memory: 4189  grad_norm: 5.5905  loss: 4.6546  vote_loss: 3.1331  objectness_loss: 0.3540  semantic_loss: 0.2411  center_loss: 0.3212  dir_class_loss: 0.0000  dir_res_loss: 0.0000  size_class_loss: 0.2411  size_res_loss: 0.3641
2026/06/03 07:47:30 - mmengine - INFO - Epoch(train) [17][ 60/779]  lr: 8.0000e-03  eta: 0:38:12  time: 0.1487  data_time: 0.0146  memory: 4189  grad_norm: 5.3367  loss: 4.8028  vote_loss: 3.1643  objectness_loss: 0.3510  semantic_loss: 0.2876  center_loss: 0.3161  dir_class_loss: 0.0000  dir_res_loss: 0.0000  size_class_loss: 0.2876  size_res_loss: 0.3962
2026/06/03 07:47:35 - mmengine - INFO - Epoch(train) [17][ 90/779]  lr: 8.0000e-03  eta: 0:38:08  time: 0.1470  data_time: 0.0143  memory: 4189  grad_norm: 5.2537  loss: 4.9933  vote_loss: 3.2601  objectness_loss: 0.3603  semantic_loss: 0.3285  center_loss: 0.3222  dir_class_loss: 0.0000  dir_res_loss: 0.0000  size_class_loss: 0.3285  size_res_loss: 0.3937
2026/06/03 07:47:39 - mmengine - INFO - Epoch(train) [17][120/779]  lr: 8.0000e-03  eta: 0:38:03  time: 0.1448  data_time: 0.0140  memory: 4189  grad_norm: 4.7977  loss: 4.8942  vote_loss: 3.2873  objectness_loss: 0.3607  semantic_loss: 0.2826  center_loss: 0.3081  dir_class_loss: 0.0000  dir_res_loss: 0.0000  size_class_loss: 0.2825  size_res_loss: 0.3729
2026/06/03 07:47:43 - mmengine - INFO - Epoch(train) [17][150/779]  lr: 8.0000e-03  eta: 0:37:59  time: 0.1449  data_time: 0.0139  memory: 4189  grad_norm: 4.6216  loss: 4.5389  vote_loss: 3.0370  objectness_loss: 0.3569  semantic_loss: 0.2550  center_loss: 0.2951  dir_class_loss: 0.0000  dir_res_loss: 0.0001  size_class_loss: 0.2550  size_res_loss: 0.3398
2026/06/03 07:47:48 - mmengine - INFO - Epoch(train) [17][180/779]  lr: 8.0000e-03  eta: 0:37:54  time: 0.1456  data_time: 0.0138  memory: 4189  grad_norm: 4.7302  loss: 4.5557  vote_loss: 3.0178  objectness_loss: 0.3693  semantic_loss: 0.2585  center_loss: 0.3003  dir_class_loss: 0.0000  dir_res_loss: 0.0001  size_class_loss: 0.2585  size_res_loss: 0.3511
2026/06/03 07:47:52 - mmengine - INFO - Epoch(train) [17][210/779]  lr: 8.0000e-03  eta: 0:37:50  time: 0.1457  data_time: 0.0139  memory: 4189  grad_norm: 4.9158  loss: 4.7430  vote_loss: 3.1497  objectness_loss: 0.3591  semantic_loss: 0.2813  center_loss: 0.3137  dir_class_loss: 0.0000  dir_res_loss: 0.0001  size_class_loss: 0.2813  size_res_loss: 0.3577
2026/06/03 07:47:56 - mmengine - INFO - Epoch(train) [17][240/779]  lr: 8.0000e-03  eta: 0:37:45  time: 0.1443  data_time: 0.0134  memory: 4189  grad_norm: 4.8580  loss: 4.7930  vote_loss: 3.1235  objectness_loss: 0.3571  semantic_loss: 0.3101  center_loss: 0.3221  dir_class_loss: 0.0000  dir_res_loss: 0.0001  size_class_loss: 0.3101  size_res_loss: 0.3699
2026/06/03 07:48:01 - mmengine - INFO - Epoch(train) [17][270/779]  lr: 8.0000e-03  eta: 0:37:40  time: 0.1443  data_time: 0.0137  memory: 4189  grad_norm: 5.0876  loss: 4.6452  vote_loss: 3.0867  objectness_loss: 0.3384  semantic_loss: 0.2769  center_loss: 0.3137  dir_class_loss: 0.0000  dir_res_loss: 0.0001  size_class_loss: 0.2769  size_res_loss: 0.3527
2026/06/03 07:48:05 - mmengine - INFO - Epoch(train) [17][300/779]  lr: 8.0000e-03  eta: 0:37:36  time: 0.1444  data_time: 0.0137  memory: 4189  grad_norm: 5.9589  loss: 4.4807  vote_loss: 2.9548  objectness_loss: 0.3399  semantic_loss: 0.2563  center_loss: 0.3253  dir_class_loss: 0.0000  dir_res_loss: 0.0000  size_class_loss: 0.2563  size_res_loss: 0.3481
2026/06/03 07:48:09 - mmengine - INFO - Epoch(train) [17][330/779]  lr: 8.0000e-03  eta: 0:37:31  time: 0.1452  data_time: 0.0137  memory: 4189  grad_norm: 4.8243  loss: 4.5136  vote_loss: 2.9574  objectness_loss: 0.3457  semantic_loss: 0.2678  center_loss: 0.3089  dir_class_loss: 0.0000  dir_res_loss: 0.0000  size_class_loss: 0.2678  size_res_loss: 0.3659
2026/06/03 07:48:14 - mmengine - INFO - Epoch(train) [17][360/779]  lr: 8.0000e-03  eta: 0:37:27  time: 0.1468  data_time: 0.0139  memory: 4189  grad_norm: 4.4818  loss: 4.6602  vote_loss: 3.0934  objectness_loss: 0.3489  semantic_loss: 0.2686  center_loss: 0.3093  dir_class_loss: 0.0000  dir_res_loss: 0.0000  size_class_loss: 0.2686  size_res_loss: 0.3714
2026/06/03 07:48:18 - mmengine - INFO - Epoch(train) [17][390/779]  lr: 8.0000e-03  eta: 0:37:22  time: 0.1456  data_time: 0.0139  memory: 4189  grad_norm: 4.9026  loss: 4.6703  vote_loss: 3.1539  objectness_loss: 0.3451  semantic_loss: 0.2486  center_loss: 0.3086  dir_class_loss: 0.0000  dir_res_loss: 0.0000  size_class_loss: 0.2486  size_res_loss: 0.3655
2026/06/03 07:48:23 - mmengine - INFO - Epoch(train) [17][420/779]  lr: 8.0000e-03  eta: 0:37:18  time: 0.1453  data_time: 0.0139  memory: 4189  grad_norm: 5.4714  loss: 4.8204  vote_loss: 3.1992  objectness_loss: 0.3482  semantic_loss: 0.2940  center_loss: 0.3169  dir_class_loss: 0.0000  dir_res_loss: 0.0000  size_class_loss: 0.2940  size_res_loss: 0.3681
2026/06/03 07:48:27 - mmengine - INFO - Epoch(train) [17][450/779]  lr: 8.0000e-03  eta: 0:37:13  time: 0.1449  data_time: 0.0136  memory: 4189  grad_norm: 5.8557  loss: 4.7810  vote_loss: 3.1668  objectness_loss: 0.3508  semantic_loss: 0.2851  center_loss: 0.3251  dir_class_loss: 0.0000  dir_res_loss: 0.0000  size_class_loss: 0.2851  size_res_loss: 0.3681
2026/06/03 07:48:31 - mmengine - INFO - Epoch(train) [17][480/779]  lr: 8.0000e-03  eta: 0:37:09  time: 0.1439  data_time: 0.0137  memory: 4189  grad_norm: 4.8146  loss: 4.6797  vote_loss: 3.1368  objectness_loss: 0.3385  semantic_loss: 0.2612  center_loss: 0.3157  dir_class_loss: 0.0000  dir_res_loss: 0.0001  size_class_loss: 0.2612  size_res_loss: 0.3664
2026/06/03 07:48:36 - mmengine - INFO - Epoch(train) [17][510/779]  lr: 8.0000e-03  eta: 0:37:04  time: 0.1445  data_time: 0.0139  memory: 4189  grad_norm: 4.8383  loss: 4.7524  vote_loss: 3.1316  objectness_loss: 0.3459  semantic_loss: 0.2877  center_loss: 0.3164  dir_class_loss: 0.0000  dir_res_loss: 0.0005  size_class_loss: 0.2877  size_res_loss: 0.3826
2026/06/03 07:48:40 - mmengine - INFO - Exp name: votenet_8xb8_scannet-3d_20260603_071635
2026/06/03 07:48:40 - mmengine - INFO - Epoch(train) [17][540/779]  lr: 8.0000e-03  eta: 0:37:00  time: 0.1511  data_time: 0.0145  memory: 4189  grad_norm: 5.0567  loss: 4.8173  vote_loss: 3.1489  objectness_loss: 0.3641  semantic_loss: 0.2940  center_loss: 0.3259  dir_class_loss: 0.0000  dir_res_loss: 0.0007  size_class_loss: 0.2940  size_res_loss: 0.3898
2026/06/03 07:48:44 - mmengine - INFO - Epoch(train) [17][570/779]  lr: 8.0000e-03  eta: 0:36:56  time: 0.1482  data_time: 0.0140  memory: 4189  grad_norm: 4.9189  loss: 4.8331  vote_loss: 3.1292  objectness_loss: 0.3807  semantic_loss: 0.2948  center_loss: 0.3327  dir_class_loss: 0.0000  dir_res_loss: 0.0005  size_class_loss: 0.2948  size_res_loss: 0.4004
2026/06/03 07:48:49 - mmengine - INFO - Epoch(train) [17][600/779]  lr: 8.0000e-03  eta: 0:36:51  time: 0.1455  data_time: 0.0138  memory: 4189  grad_norm: 4.7850  loss: 4.7722  vote_loss: 3.1726  objectness_loss: 0.3572  semantic_loss: 0.2716  center_loss: 0.3182  dir_class_loss: 0.0000  dir_res_loss: 0.0002  size_class_loss: 0.2717  size_res_loss: 0.3807
2026/06/03 07:48:53 - mmengine - INFO - Epoch(train) [17][630/779]  lr: 8.0000e-03  eta: 0:36:47  time: 0.1446  data_time: 0.0135  memory: 4189  grad_norm: 4.4903  loss: 4.5700  vote_loss: 3.0626  objectness_loss: 0.3459  semantic_loss: 0.2626  center_loss: 0.2918  dir_class_loss: 0.0000  dir_res_loss: 0.0000  size_class_loss: 0.2626  size_res_loss: 0.3445
2026/06/03 07:48:58 - mmengine - INFO - Epoch(train) [17][660/779]  lr: 8.0000e-03  eta: 0:36:42  time: 0.1435  data_time: 0.0132  memory: 4189  grad_norm: 4.4243  loss: 4.4815  vote_loss: 3.0032  objectness_loss: 0.3374  semantic_loss: 0.2391  center_loss: 0.2919  dir_class_loss: 0.0000  dir_res_loss: 0.0000  size_class_loss: 0.2390  size_res_loss: 0.3709
2026/06/03 07:49:02 - mmengine - INFO - Epoch(train) [17][690/779]  lr: 8.0000e-03  eta: 0:36:37  time: 0.1452  data_time: 0.0136  memory: 4189  grad_norm: 4.8337  loss: 4.7071  vote_loss: 3.1093  objectness_loss: 0.3323  semantic_loss: 0.2753  center_loss: 0.3106  dir_class_loss: 0.0000  dir_res_loss: 0.0000  size_class_loss: 0.2753  size_res_loss: 0.4044
2026/06/03 07:49:06 - mmengine - INFO - Epoch(train) [17][720/779]  lr: 8.0000e-03  eta: 0:36:33  time: 0.1454  data_time: 0.0137  memory: 4189  grad_norm: 4.8284  loss: 4.7259  vote_loss: 3.1233  objectness_loss: 0.3440  semantic_loss: 0.2854  center_loss: 0.3085  dir_class_loss: 0.0000  dir_res_loss: 0.0000  size_class_loss: 0.2854  size_res_loss: 0.3793
2026/06/03 07:49:11 - mmengine - INFO - Epoch(train) [17][750/779]  lr: 8.0000e-03  eta: 0:36:29  time: 0.1475  data_time: 0.0141  memory: 4189  grad_norm: 5.1955  loss: 4.6659  vote_loss: 3.0729  objectness_loss: 0.3553  semantic_loss: 0.2824  center_loss: 0.3155  dir_class_loss: 0.0000  dir_res_loss: 0.0000  size_class_loss: 0.2824  size_res_loss: 0.3574
2026/06/03 07:49:15 - mmengine - INFO - Exp name: votenet_8xb8_scannet-3d_20260603_071635
2026/06/03 07:49:20 - mmengine - INFO - Epoch(train) [18][ 30/779]  lr: 8.0000e-03  eta: 0:36:20  time: 0.1569  data_time: 0.0224  memory: 4189  grad_norm: 4.9010  loss: 4.7763  vote_loss: 3.1285  objectness_loss: 0.3416  semantic_loss: 0.2982  center_loss: 0.3204  dir_class_loss: 0.0000  dir_res_loss: 0.0000  size_class_loss: 0.2982  size_res_loss: 0.3895
2026/06/03 07:49:24 - mmengine - INFO - Epoch(train) [18][ 60/779]  lr: 8.0000e-03  eta: 0:36:16  time: 0.1482  data_time: 0.0146  memory: 4189  grad_norm: 4.9328  loss: 4.6667  vote_loss: 3.1087  objectness_loss: 0.3431  semantic_loss: 0.2644  center_loss: 0.3025  dir_class_loss: 0.0000  dir_res_loss: 0.0000  size_class_loss: 0.2644  size_res_loss: 0.3836
2026/06/03 07:49:29 - mmengine - INFO - Epoch(train) [18][ 90/779]  lr: 8.0000e-03  eta: 0:36:11  time: 0.1444  data_time: 0.0134  memory: 4189  grad_norm: 4.8220  loss: 4.6392  vote_loss: 3.0874  objectness_loss: 0.3480  semantic_loss: 0.2581  center_loss: 0.3018  dir_class_loss: 0.0000  dir_res_loss: 0.0000  size_class_loss: 0.2581  size_res_loss: 0.3858
2026/06/03 07:49:33 - mmengine - INFO - Epoch(train) [18][120/779]  lr: 8.0000e-03  eta: 0:36:07  time: 0.1447  data_time: 0.0134  memory: 4189  grad_norm: 4.6413  loss: 4.5408  vote_loss: 3.0001  objectness_loss: 0.3546  semantic_loss: 0.2627  center_loss: 0.3170  dir_class_loss: 0.0000  dir_res_loss: 0.0000  size_class_loss: 0.2627  size_res_loss: 0.3436
2026/06/03 07:49:37 - mmengine - INFO - Epoch(train) [18][150/779]  lr: 8.0000e-03  eta: 0:36:02  time: 0.1473  data_time: 0.0139  memory: 4189  grad_norm: 4.2984  loss: 4.4687  vote_loss: 2.9622  objectness_loss: 0.3466  semantic_loss: 0.2594  center_loss: 0.3131  dir_class_loss: 0.0000  dir_res_loss: 0.0000  size_class_loss: 0.2594  size_res_loss: 0.3280
2026/06/03 07:49:42 - mmengine - INFO - Epoch(train) [18][180/779]  lr: 8.0000e-03  eta: 0:35:58  time: 0.1470  data_time: 0.0141  memory: 4189  grad_norm: 4.7502  loss: 4.4193  vote_loss: 2.9513  objectness_loss: 0.3374  semantic_loss: 0.2417  center_loss: 0.3079  dir_class_loss: 0.0000  dir_res_loss: 0.0000  size_class_loss: 0.2417  size_res_loss: 0.3393
2026/06/03 07:49:46 - mmengine - INFO - Epoch(train) [18][210/779]  lr: 8.0000e-03  eta: 0:35:53  time: 0.1444  data_time: 0.0135  memory: 4189  grad_norm: 5.1929  loss: 4.6839  vote_loss: 3.1041  objectness_loss: 0.3597  semantic_loss: 0.2593  center_loss: 0.3146  dir_class_loss: 0.0000  dir_res_loss: 0.0000  size_class_loss: 0.2593  size_res_loss: 0.3869
2026/06/03 07:49:50 - mmengine - INFO - Epoch(train) [18][240/779]  lr: 8.0000e-03  eta: 0:35:49  time: 0.1450  data_time: 0.0134  memory: 4189  grad_norm: 5.0119  loss: 4.7232  vote_loss: 3.0815  objectness_loss: 0.3568  semantic_loss: 0.2989  center_loss: 0.3073  dir_class_loss: 0.0000  dir_res_loss: 0.0000  size_class_loss: 0.2990  size_res_loss: 0.3798
2026/06/03 07:49:55 - mmengine - INFO - Epoch(train) [18][270/779]  lr: 8.0000e-03  eta: 0:35:44  time: 0.1440  data_time: 0.0132  memory: 4189  grad_norm: 5.0091  loss: 4.7332  vote_loss: 3.0550  objectness_loss: 0.3648  semantic_loss: 0.3107  center_loss: 0.3038  dir_class_loss: 0.0000  dir_res_loss: 0.0000  size_class_loss: 0.3108  size_res_loss: 0.3881
2026/06/03 07:49:59 - mmengine - INFO - Epoch(train) [18][300/779]  lr: 8.0000e-03  eta: 0:35:40  time: 0.1452  data_time: 0.0134  memory: 4189  grad_norm: 4.6092  loss: 4.7182  vote_loss: 3.1182  objectness_loss: 0.3634  semantic_loss: 0.2729  center_loss: 0.3050  dir_class_loss: 0.0000  dir_res_loss: 0.0000  size_class_loss: 0.2729  size_res_loss: 0.3859
2026/06/03 07:50:03 - mmengine - INFO - Epoch(train) [18][330/779]  lr: 8.0000e-03  eta: 0:35:35  time: 0.1453  data_time: 0.0131  memory: 4189  grad_norm: 5.5193  loss: 4.7164  vote_loss: 3.1421  objectness_loss: 0.3547  semantic_loss: 0.2623  center_loss: 0.3204  dir_class_loss: 0.0000  dir_res_loss: 0.0000  size_class_loss: 0.2623  size_res_loss: 0.3744
2026/06/03 07:50:08 - mmengine - INFO - Epoch(train) [18][360/779]  lr: 8.0000e-03  eta: 0:35:31  time: 0.1444  data_time: 0.0133  memory: 4189  grad_norm: 5.5405  loss: 4.6834  vote_loss: 3.1344  objectness_loss: 0.3498  semantic_loss: 0.2593  center_loss: 0.3149  dir_class_loss: 0.0000  dir_res_loss: 0.0000  size_class_loss: 0.2593  size_res_loss: 0.3656
2026/06/03 07:50:12 - mmengine - INFO - Epoch(train) [18][390/779]  lr: 8.0000e-03  eta: 0:35:26  time: 0.1440  data_time: 0.0133  memory: 4189  grad_norm: 5.2156  loss: 4.5746  vote_loss: 3.0748  objectness_loss: 0.3439  semantic_loss: 0.2498  center_loss: 0.3051  dir_class_loss: 0.0000  dir_res_loss: 0.0000  size_class_loss: 0.2498  size_res_loss: 0.3512
2026/06/03 07:50:17 - mmengine - INFO - Epoch(train) [18][420/779]  lr: 8.0000e-03  eta: 0:35:22  time: 0.1482  data_time: 0.0142  memory: 4189  grad_norm: 5.1571  loss: 4.5365  vote_loss: 3.0718  objectness_loss: 0.3257  semantic_loss: 0.2377  center_loss: 0.3226  dir_class_loss: 0.0000  dir_res_loss: 0.0000  size_class_loss: 0.2377  size_res_loss: 0.3409
2026/06/03 07:50:21 - mmengine - INFO - Epoch(train) [18][450/779]  lr: 8.0000e-03  eta: 0:35:17  time: 0.1469  data_time: 0.0136  memory: 4189  grad_norm: 5.3581  loss: 4.6955  vote_loss: 3.1659  objectness_loss: 0.3456  semantic_loss: 0.2453  center_loss: 0.3274  dir_class_loss: 0.0000  dir_res_loss: 0.0000  size_class_loss: 0.2453  size_res_loss: 0.3661
2026/06/03 07:50:25 - mmengine - INFO - Epoch(train) [18][480/779]  lr: 8.0000e-03  eta: 0:35:13  time: 0.1464  data_time: 0.0136  memory: 4189  grad_norm: 5.6449  loss: 4.6927  vote_loss: 3.1374  objectness_loss: 0.3472  semantic_loss: 0.2603  center_loss: 0.3193  dir_class_loss: 0.0000  dir_res_loss: 0.0000  size_class_loss: 0.2603  size_res_loss: 0.3683
2026/06/03 07:50:30 - mmengine - INFO - Epoch(train) [18][510/779]  lr: 8.0000e-03  eta: 0:35:09  time: 0.1511  data_time: 0.0147  memory: 4189  grad_norm: 5.0663  loss: 4.5574  vote_loss: 3.0514  objectness_loss: 0.3394  semantic_loss: 0.2529  center_loss: 0.2977  dir_class_loss: 0.0000  dir_res_loss: 0.0000  size_class_loss: 0.2529  size_res_loss: 0.3633
2026/06/03 07:50:34 - mmengine - INFO - Epoch(train) [18][540/779]  lr: 8.0000e-03  eta: 0:35:04  time: 0.1468  data_time: 0.0139  memory: 4189  grad_norm: 4.7820  loss: 4.4601  vote_loss: 2.9595  objectness_loss: 0.3334  semantic_loss: 0.2587  center_loss: 0.2930  dir_class_loss: 0.0000  dir_res_loss: 0.0000  size_class_loss: 0.2587  size_res_loss: 0.3568
2026/06/03 07:50:39 - mmengine - INFO - Epoch(train) [18][570/779]  lr: 8.0000e-03  eta: 0:35:00  time: 0.1522  data_time: 0.0181  memory: 4189  grad_norm: 4.9869  loss: 4.4759  vote_loss: 2.9803  objectness_loss: 0.3342  semantic_loss: 0.2595  center_loss: 0.2961  dir_class_loss: 0.0000  dir_res_loss: 0.0000  size_class_loss: 0.2595  size_res_loss: 0.3462
2026/06/03 07:50:44 - mmengine - INFO - Epoch(train) [18][600/779]  lr: 8.0000e-03  eta: 0:34:56  time: 0.1547  data_time: 0.0149  memory: 4189  grad_norm: 4.9800  loss: 4.5514  vote_loss: 3.0334  objectness_loss: 0.3521  semantic_loss: 0.2619  center_loss: 0.2916  dir_class_loss: 0.0000  dir_res_loss: 0.0000  size_class_loss: 0.2619  size_res_loss: 0.3504
2026/06/03 07:50:48 - mmengine - INFO - Epoch(train) [18][630/779]  lr: 8.0000e-03  eta: 0:34:51  time: 0.1486  data_time: 0.0144  memory: 4189  grad_norm: 4.7949  loss: 4.7194  vote_loss: 3.1151  objectness_loss: 0.3594  semantic_loss: 0.2824  center_loss: 0.2963  dir_class_loss: 0.0000  dir_res_loss: 0.0000  size_class_loss: 0.2824  size_res_loss: 0.3837
2026/06/03 07:50:53 - mmengine - INFO - Epoch(train) [18][660/779]  lr: 8.0000e-03  eta: 0:34:47  time: 0.1474  data_time: 0.0137  memory: 4189  grad_norm: 4.5200  loss: 4.7131  vote_loss: 3.0842  objectness_loss: 0.3709  semantic_loss: 0.2831  center_loss: 0.3070  dir_class_loss: 0.0000  dir_res_loss: 0.0000  size_class_loss: 0.2831  size_res_loss: 0.3848
2026/06/03 07:50:57 - mmengine - INFO - Epoch(train) [18][690/779]  lr: 8.0000e-03  eta: 0:34:43  time: 0.1513  data_time: 0.0137  memory: 4189  grad_norm: 5.2078  loss: 4.6043  vote_loss: 3.0216  objectness_loss: 0.3638  semantic_loss: 0.2744  center_loss: 0.3098  dir_class_loss: 0.0000  dir_res_loss: 0.0001  size_class_loss: 0.2744  size_res_loss: 0.3602
2026/06/03 07:51:02 - mmengine - INFO - Epoch(train) [18][720/779]  lr: 8.0000e-03  eta: 0:34:38  time: 0.1535  data_time: 0.0147  memory: 4189  grad_norm: 5.9140  loss: 4.5556  vote_loss: 2.9974  objectness_loss: 0.3431  semantic_loss: 0.2539  center_loss: 0.3370  dir_class_loss: 0.0000  dir_res_loss: 0.0001  size_class_loss: 0.2539  size_res_loss: 0.3701
2026/06/03 07:51:06 - mmengine - INFO - Epoch(train) [18][750/779]  lr: 8.0000e-03  eta: 0:34:34  time: 0.1480  data_time: 0.0139  memory: 4189  grad_norm: 5.5544  loss: 4.4483  vote_loss: 2.9409  objectness_loss: 0.3553  semantic_loss: 0.2373  center_loss: 0.3135  dir_class_loss: 0.0000  dir_res_loss: 0.0001  size_class_loss: 0.2373  size_res_loss: 0.3640
2026/06/03 07:51:07 - mmengine - INFO - Exp name: votenet_8xb8_scannet-3d_20260603_071635
2026/06/03 07:51:10 - mmengine - INFO - Exp name: votenet_8xb8_scannet-3d_20260603_071635
2026/06/03 07:51:15 - mmengine - INFO - Epoch(train) [19][ 30/779]  lr: 8.0000e-03  eta: 0:34:25  time: 0.1535  data_time: 0.0213  memory: 4189  grad_norm: 4.9899  loss: 4.6389  vote_loss: 3.1177  objectness_loss: 0.3525  semantic_loss: 0.2513  center_loss: 0.3160  dir_class_loss: 0.0000  dir_res_loss: 0.0002  size_class_loss: 0.2513  size_res_loss: 0.3499
2026/06/03 07:51:20 - mmengine - INFO - Epoch(train) [19][ 60/779]  lr: 8.0000e-03  eta: 0:34:21  time: 0.1467  data_time: 0.0147  memory: 4189  grad_norm: 4.6693  loss: 4.6717  vote_loss: 3.1303  objectness_loss: 0.3503  semantic_loss: 0.2556  center_loss: 0.3044  dir_class_loss: 0.0000  dir_res_loss: 0.0001  size_class_loss: 0.2556  size_res_loss: 0.3754
2026/06/03 07:51:24 - mmengine - INFO - Epoch(train) [19][ 90/779]  lr: 8.0000e-03  eta: 0:34:17  time: 0.1473  data_time: 0.0145  memory: 4189  grad_norm: 5.1160  loss: 4.5651  vote_loss: 3.0036  objectness_loss: 0.3503  semantic_loss: 0.2773  center_loss: 0.2990  dir_class_loss: 0.0000  dir_res_loss: 0.0001  size_class_loss: 0.2773  size_res_loss: 0.3576
2026/06/03 07:51:29 - mmengine - INFO - Epoch(train) [19][120/779]  lr: 8.0000e-03  eta: 0:34:12  time: 0.1505  data_time: 0.0145  memory: 4189  grad_norm: 4.8690  loss: 4.6185  vote_loss: 3.0635  objectness_loss: 0.3376  semantic_loss: 0.2745  center_loss: 0.2984  dir_class_loss: 0.0000  dir_res_loss: 0.0000  size_class_loss: 0.2745  size_res_loss: 0.3699
2026/06/03 07:51:33 - mmengine - INFO - Epoch(train) [19][150/779]  lr: 8.0000e-03  eta: 0:34:08  time: 0.1490  data_time: 0.0143  memory: 4189  grad_norm: 5.8061  loss: 4.5517  vote_loss: 3.0758  objectness_loss: 0.3264  semantic_loss: 0.2478  center_loss: 0.3046  dir_class_loss: 0.0000  dir_res_loss: 0.0000  size_class_loss: 0.2478  size_res_loss: 0.3494
2026/06/03 07:51:38 - mmengine - INFO - Epoch(train) [19][180/779]  lr: 8.0000e-03  eta: 0:34:04  time: 0.1504  data_time: 0.0142  memory: 4189  grad_norm: 5.3680  loss: 4.6550  vote_loss: 3.1381  objectness_loss: 0.3410  semantic_loss: 0.2636  center_loss: 0.3047  dir_class_loss: 0.0000  dir_res_loss: 0.0000  size_class_loss: 0.2636  size_res_loss: 0.3441
2026/06/03 07:51:42 - mmengine - INFO - Epoch(train) [19][210/779]  lr: 8.0000e-03  eta: 0:33:59  time: 0.1522  data_time: 0.0142  memory: 4189  grad_norm: 4.3103  loss: 4.5469  vote_loss: 3.0405  objectness_loss: 0.3476  semantic_loss: 0.2676  center_loss: 0.2857  dir_class_loss: 0.0000  dir_res_loss: 0.0000  size_class_loss: 0.2676  size_res_loss: 0.3378
2026/06/03 07:51:46 - mmengine - INFO - Epoch(train) [19][240/779]  lr: 8.0000e-03  eta: 0:33:55  time: 0.1482  data_time: 0.0140  memory: 4189  grad_norm: 4.4741  loss: 4.3956  vote_loss: 2.9558  objectness_loss: 0.3325  semantic_loss: 0.2348  center_loss: 0.2865  dir_class_loss: 0.0000  dir_res_loss: 0.0000  size_class_loss: 0.2348  size_res_loss: 0.3513
2026/06/03 07:51:51 - mmengine - INFO - Epoch(train) [19][270/779]  lr: 8.0000e-03  eta: 0:33:50  time: 0.1460  data_time: 0.0138  memory: 4189  grad_norm: 4.8763  loss: 4.3204  vote_loss: 2.8551  objectness_loss: 0.3321  semantic_loss: 0.2459  center_loss: 0.2927  dir_class_loss: 0.0000  dir_res_loss: 0.0000  size_class_loss: 0.2459  size_res_loss: 0.3487
2026/06/03 07:51:55 - mmengine - INFO - Epoch(train) [19][300/779]  lr: 8.0000e-03  eta: 0:33:46  time: 0.1451  data_time: 0.0136  memory: 4189  grad_norm: 4.7939  loss: 4.5244  vote_loss: 3.0174  objectness_loss: 0.3487  semantic_loss: 0.2460  center_loss: 0.2973  dir_class_loss: 0.0000  dir_res_loss: 0.0000  size_class_loss: 0.2460  size_res_loss: 0.3689
2026/06/03 07:52:00 - mmengine - INFO - Epoch(train) [19][330/779]  lr: 8.0000e-03  eta: 0:33:41  time: 0.1443  data_time: 0.0135  memory: 4189  grad_norm: 4.5543  loss: 4.6526  vote_loss: 3.0679  objectness_loss: 0.3589  semantic_loss: 0.2616  center_loss: 0.3094  dir_class_loss: 0.0000  dir_res_loss: 0.0000  size_class_loss: 0.2616  size_res_loss: 0.3933
2026/06/03 07:52:04 - mmengine - INFO - Epoch(train) [19][360/779]  lr: 8.0000e-03  eta: 0:33:37  time: 0.1449  data_time: 0.0138  memory: 4189  grad_norm: 5.0628  loss: 4.7213  vote_loss: 3.1078  objectness_loss: 0.3509  semantic_loss: 0.2783  center_loss: 0.3141  dir_class_loss: 0.0000  dir_res_loss: 0.0000  size_class_loss: 0.2783  size_res_loss: 0.3918
2026/06/03 07:52:08 - mmengine - INFO - Epoch(train) [19][390/779]  lr: 8.0000e-03  eta: 0:33:32  time: 0.1458  data_time: 0.0135  memory: 4189  grad_norm: 5.3585  loss: 4.7075  vote_loss: 3.0922  objectness_loss: 0.3678  semantic_loss: 0.2787  center_loss: 0.3218  dir_class_loss: 0.0000  dir_res_loss: 0.0000  size_class_loss: 0.2787  size_res_loss: 0.3681
2026/06/03 07:52:13 - mmengine - INFO - Epoch(train) [19][420/779]  lr: 8.0000e-03  eta: 0:33:28  time: 0.1536  data_time: 0.0145  memory: 4189  grad_norm: 5.1252  loss: 4.6006  vote_loss: 3.0682  objectness_loss: 0.3607  semantic_loss: 0.2593  center_loss: 0.2982  dir_class_loss: 0.0000  dir_res_loss: 0.0001  size_class_loss: 0.2593  size_res_loss: 0.3549
2026/06/03 07:52:17 - mmengine - INFO - Epoch(train) [19][450/779]  lr: 8.0000e-03  eta: 0:33:24  time: 0.1508  data_time: 0.0145  memory: 4189  grad_norm: 4.9341  loss: 4.4519  vote_loss: 2.9577  objectness_loss: 0.3575  semantic_loss: 0.2466  center_loss: 0.2879  dir_class_loss: 0.0000  dir_res_loss: 0.0001  size_class_loss: 0.2466  size_res_loss: 0.3556
2026/06/03 07:52:22 - mmengine - INFO - Epoch(train) [19][480/779]  lr: 8.0000e-03  eta: 0:33:19  time: 0.1506  data_time: 0.0144  memory: 4189  grad_norm: 5.3815  loss: 4.5198  vote_loss: 3.0240  objectness_loss: 0.3565  semantic_loss: 0.2348  center_loss: 0.3009  dir_class_loss: 0.0000  dir_res_loss: 0.0001  size_class_loss: 0.2348  size_res_loss: 0.3686
2026/06/03 07:52:26 - mmengine - INFO - Epoch(train) [19][510/779]  lr: 8.0000e-03  eta: 0:33:15  time: 0.1488  data_time: 0.0136  memory: 4189  grad_norm: 5.3044  loss: 4.4432  vote_loss: 2.9556  objectness_loss: 0.3482  semantic_loss: 0.2401  center_loss: 0.3030  dir_class_loss: 0.0000  dir_res_loss: 0.0003  size_class_loss: 0.2401  size_res_loss: 0.3560
2026/06/03 07:52:31 - mmengine - INFO - Epoch(train) [19][540/779]  lr: 8.0000e-03  eta: 0:33:10  time: 0.1437  data_time: 0.0133  memory: 4189  grad_norm: 5.0655  loss: 4.3008  vote_loss: 2.8255  objectness_loss: 0.3288  semantic_loss: 0.2500  center_loss: 0.2932  dir_class_loss: 0.0000  dir_res_loss: 0.0004  size_class_loss: 0.2500  size_res_loss: 0.3529
2026/06/03 07:52:35 - mmengine - INFO - Epoch(train) [19][570/779]  lr: 8.0000e-03  eta: 0:33:06  time: 0.1445  data_time: 0.0134  memory: 4189  grad_norm: 4.8839  loss: 4.5641  vote_loss: 2.9929  objectness_loss: 0.3507  semantic_loss: 0.2679  center_loss: 0.3071  dir_class_loss: 0.0000  dir_res_loss: 0.0004  size_class_loss: 0.2679  size_res_loss: 0.3773
2026/06/03 07:52:39 - mmengine - INFO - Epoch(train) [19][600/779]  lr: 8.0000e-03  eta: 0:33:01  time: 0.1453  data_time: 0.0135  memory: 4189  grad_norm: 4.5964  loss: 4.5867  vote_loss: 3.0270  objectness_loss: 0.3418  semantic_loss: 0.2718  center_loss: 0.2974  dir_class_loss: 0.0000  dir_res_loss: 0.0002  size_class_loss: 0.2718  size_res_loss: 0.3767
2026/06/03 07:52:44 - mmengine - INFO - Epoch(train) [19][630/779]  lr: 8.0000e-03  eta: 0:32:57  time: 0.1446  data_time: 0.0138  memory: 4189  grad_norm: 4.7687  loss: 4.4104  vote_loss: 2.9771  objectness_loss: 0.3221  semantic_loss: 0.2487  center_loss: 0.2818  dir_class_loss: 0.0000  dir_res_loss: 0.0000  size_class_loss: 0.2487  size_res_loss: 0.3320
2026/06/03 07:52:48 - mmengine - INFO - Epoch(train) [19][660/779]  lr: 8.0000e-03  eta: 0:32:52  time: 0.1472  data_time: 0.0145  memory: 4189  grad_norm: 5.0992  loss: 4.5580  vote_loss: 3.0707  objectness_loss: 0.3408  semantic_loss: 0.2557  center_loss: 0.3036  dir_class_loss: 0.0000  dir_res_loss: 0.0000  size_class_loss: 0.2557  size_res_loss: 0.3315
2026/06/03 07:52:53 - mmengine - INFO - Epoch(train) [19][690/779]  lr: 8.0000e-03  eta: 0:32:48  time: 0.1489  data_time: 0.0149  memory: 4189  grad_norm: 5.3404  loss: 4.3883  vote_loss: 2.9151  objectness_loss: 0.3376  semantic_loss: 0.2536  center_loss: 0.2976  dir_class_loss: 0.0000  dir_res_loss: 0.0000  size_class_loss: 0.2536  size_res_loss: 0.3307
2026/06/03 07:52:57 - mmengine - INFO - Epoch(train) [19][720/779]  lr: 8.0000e-03  eta: 0:32:44  time: 0.1491  data_time: 0.0146  memory: 4189  grad_norm: 5.1976  loss: 4.2607  vote_loss: 2.8481  objectness_loss: 0.3177  semantic_loss: 0.2424  center_loss: 0.2834  dir_class_loss: 0.0000  dir_res_loss: 0.0000  size_class_loss: 0.2424  size_res_loss: 0.3266
2026/06/03 07:53:01 - mmengine - INFO - Epoch(train) [19][750/779]  lr: 8.0000e-03  eta: 0:32:39  time: 0.1445  data_time: 0.0136  memory: 4189  grad_norm: 4.6047  loss: 4.5418  vote_loss: 3.1003  objectness_loss: 0.3195  semantic_loss: 0.2452  center_loss: 0.2942  dir_class_loss: 0.0000  dir_res_loss: 0.0000  size_class_loss: 0.2452  size_res_loss: 0.3375
2026/06/03 07:53:06 - mmengine - INFO - Exp name: votenet_8xb8_scannet-3d_20260603_071635
2026/06/03 07:53:10 - mmengine - INFO - Epoch(train) [20][ 30/779]  lr: 8.0000e-03  eta: 0:32:31  time: 0.1559  data_time: 0.0207  memory: 4189  grad_norm: 5.3130  loss: 4.6099  vote_loss: 3.0644  objectness_loss: 0.3590  semantic_loss: 0.2493  center_loss: 0.3129  dir_class_loss: 0.0000  dir_res_loss: 0.0000  size_class_loss: 0.2493  size_res_loss: 0.3750
2026/06/03 07:53:15 - mmengine - INFO - Epoch(train) [20][ 60/779]  lr: 8.0000e-03  eta: 0:32:27  time: 0.1570  data_time: 0.0155  memory: 4189  grad_norm: 5.5798  loss: 4.3657  vote_loss: 2.9002  objectness_loss: 0.3534  semantic_loss: 0.2308  center_loss: 0.2968  dir_class_loss: 0.0000  dir_res_loss: 0.0000  size_class_loss: 0.2308  size_res_loss: 0.3537
2026/06/03 07:53:20 - mmengine - INFO - Epoch(train) [20][ 90/779]  lr: 8.0000e-03  eta: 0:32:22  time: 0.1576  data_time: 0.0155  memory: 4189  grad_norm: 5.4402  loss: 4.3695  vote_loss: 2.9567  objectness_loss: 0.3211  semantic_loss: 0.2214  center_loss: 0.2976  dir_class_loss: 0.0000  dir_res_loss: 0.0000  size_class_loss: 0.2214  size_res_loss: 0.3512
2026/06/03 07:53:24 - mmengine - INFO - Epoch(train) [20][120/779]  lr: 8.0000e-03  eta: 0:32:18  time: 0.1533  data_time: 0.0152  memory: 4189  grad_norm: 5.1518  loss: 4.5254  vote_loss: 3.0459  objectness_loss: 0.3198  semantic_loss: 0.2422  center_loss: 0.3100  dir_class_loss: 0.0000  dir_res_loss: 0.0000  size_class_loss: 0.2422  size_res_loss: 0.3654
2026/06/03 07:53:29 - mmengine - INFO - Epoch(train) [20][150/779]  lr: 8.0000e-03  eta: 0:32:14  time: 0.1518  data_time: 0.0150  memory: 4189  grad_norm: 4.8526  loss: 4.4214  vote_loss: 2.9506  objectness_loss: 0.3278  semantic_loss: 0.2498  center_loss: 0.2959  dir_class_loss: 0.0000  dir_res_loss: 0.0000  size_class_loss: 0.2498  size_res_loss: 0.3475
2026/06/03 07:53:34 - mmengine - INFO - Epoch(train) [20][180/779]  lr: 8.0000e-03  eta: 0:32:09  time: 0.1522  data_time: 0.0149  memory: 4189  grad_norm: 4.9151  loss: 4.3882  vote_loss: 2.9645  objectness_loss: 0.3384  semantic_loss: 0.2379  center_loss: 0.2852  dir_class_loss: 0.0000  dir_res_loss: 0.0000  size_class_loss: 0.2379  size_res_loss: 0.3243
2026/06/03 07:53:36 - mmengine - INFO - Exp name: votenet_8xb8_scannet-3d_20260603_071635
2026/06/03 07:53:38 - mmengine - INFO - Epoch(train) [20][210/779]  lr: 8.0000e-03  eta: 0:32:05  time: 0.1477  data_time: 0.0146  memory: 4189  grad_norm: 5.8716  loss: 4.3937  vote_loss: 2.9253  objectness_loss: 0.3328  semantic_loss: 0.2484  center_loss: 0.2981  dir_class_loss: 0.0000  dir_res_loss: 0.0000  size_class_loss: 0.2484  size_res_loss: 0.3408
2026/06/03 07:53:42 - mmengine - INFO - Epoch(train) [20][240/779]  lr: 8.0000e-03  eta: 0:32:00  time: 0.1455  data_time: 0.0144  memory: 4189  grad_norm: 5.2933  loss: 4.5679  vote_loss: 3.0909  objectness_loss: 0.3272  semantic_loss: 0.2493  center_loss: 0.3073  dir_class_loss: 0.0000  dir_res_loss: 0.0000  size_class_loss: 0.2493  size_res_loss: 0.3439
2026/06/03 07:53:47 - mmengine - INFO - Epoch(train) [20][270/779]  lr: 8.0000e-03  eta: 0:31:56  time: 0.1464  data_time: 0.0143  memory: 4189  grad_norm: 5.3083  loss: 4.6999  vote_loss: 3.1684  objectness_loss: 0.3492  semantic_loss: 0.2529  center_loss: 0.3144  dir_class_loss: 0.0000  dir_res_loss: 0.0000  size_class_loss: 0.2529  size_res_loss: 0.3621
2026/06/03 07:53:51 - mmengine - INFO - Epoch(train) [20][300/779]  lr: 8.0000e-03  eta: 0:31:51  time: 0.1458  data_time: 0.0139  memory: 4189  grad_norm: 5.7371  loss: 4.6004  vote_loss: 3.0862  objectness_loss: 0.3394  semantic_loss: 0.2526  center_loss: 0.3138  dir_class_loss: 0.0000  dir_res_loss: 0.0000  size_class_loss: 0.2526  size_res_loss: 0.3557
2026/06/03 07:53:55 - mmengine - INFO - Epoch(train) [20][330/779]  lr: 8.0000e-03  eta: 0:31:47  time: 0.1451  data_time: 0.0139  memory: 4189  grad_norm: 5.3433  loss: 4.5475  vote_loss: 3.0689  objectness_loss: 0.3421  semantic_loss: 0.2454  center_loss: 0.3065  dir_class_loss: 0.0000  dir_res_loss: 0.0000  size_class_loss: 0.2454  size_res_loss: 0.3392
2026/06/03 07:54:00 - mmengine - INFO - Epoch(train) [20][360/779]  lr: 8.0000e-03  eta: 0:31:42  time: 0.1447  data_time: 0.0140  memory: 4189  grad_norm: 4.8645  loss: 4.5087  vote_loss: 2.9798  objectness_loss: 0.3442  semantic_loss: 0.2674  center_loss: 0.2920  dir_class_loss: 0.0000  dir_res_loss: 0.0000  size_class_loss: 0.2674  size_res_loss: 0.3579
2026/06/03 07:54:04 - mmengine - INFO - Epoch(train) [20][390/779]  lr: 8.0000e-03  eta: 0:31:38  time: 0.1469  data_time: 0.0144  memory: 4189  grad_norm: 4.7864  loss: 4.4161  vote_loss: 2.9247  objectness_loss: 0.3405  semantic_loss: 0.2629  center_loss: 0.2836  dir_class_loss: 0.0000  dir_res_loss: 0.0000  size_class_loss: 0.2629  size_res_loss: 0.3413
2026/06/03 07:54:09 - mmengine - INFO - Epoch(train) [20][420/779]  lr: 8.0000e-03  eta: 0:31:33  time: 0.1468  data_time: 0.0144  memory: 4189  grad_norm: 4.8039  loss: 4.3870  vote_loss: 2.9825  objectness_loss: 0.3422  semantic_loss: 0.2242  center_loss: 0.2867  dir_class_loss: 0.0000  dir_res_loss: 0.0000  size_class_loss: 0.2242  size_res_loss: 0.3271
2026/06/03 07:54:13 - mmengine - INFO - Epoch(train) [20][450/779]  lr: 8.0000e-03  eta: 0:31:29  time: 0.1453  data_time: 0.0143  memory: 4189  grad_norm: 5.4247  loss: 4.4732  vote_loss: 3.0379  objectness_loss: 0.3400  semantic_loss: 0.2239  center_loss: 0.2933  dir_class_loss: 0.0000  dir_res_loss: 0.0001  size_class_loss: 0.2239  size_res_loss: 0.3543
2026/06/03 07:54:17 - mmengine - INFO - Epoch(train) [20][480/779]  lr: 8.0000e-03  eta: 0:31:24  time: 0.1453  data_time: 0.0137  memory: 4189  grad_norm: 5.3531  loss: 4.6351  vote_loss: 3.0894  objectness_loss: 0.3483  semantic_loss: 0.2680  center_loss: 0.2957  dir_class_loss: 0.0000  dir_res_loss: 0.0001  size_class_loss: 0.2680  size_res_loss: 0.3657
2026/06/03 07:54:22 - mmengine - INFO - Epoch(train) [20][510/779]  lr: 8.0000e-03  eta: 0:31:20  time: 0.1447  data_time: 0.0134  memory: 4189  grad_norm: 4.9925  loss: 4.4943  vote_loss: 3.0095  objectness_loss: 0.3418  semantic_loss: 0.2524  center_loss: 0.2964  dir_class_loss: 0.0000  dir_res_loss: 0.0001  size_class_loss: 0.2524  size_res_loss: 0.3416
2026/06/03 07:54:26 - mmengine - INFO - Epoch(train) [20][540/779]  lr: 8.0000e-03  eta: 0:31:16  time: 0.1450  data_time: 0.0139  memory: 4189  grad_norm: 5.1833  loss: 4.5515  vote_loss: 3.0402  objectness_loss: 0.3387  semantic_loss: 0.2523  center_loss: 0.3011  dir_class_loss: 0.0000  dir_res_loss: 0.0001  size_class_loss: 0.2523  size_res_loss: 0.3669
2026/06/03 07:54:30 - mmengine - INFO - Epoch(train) [20][570/779]  lr: 8.0000e-03  eta: 0:31:11  time: 0.1440  data_time: 0.0139  memory: 4189  grad_norm: 5.2282  loss: 4.5925  vote_loss: 3.0177  objectness_loss: 0.3503  semantic_loss: 0.2817  center_loss: 0.2979  dir_class_loss: 0.0000  dir_res_loss: 0.0001  size_class_loss: 0.2817  size_res_loss: 0.3629
2026/06/03 07:54:35 - mmengine - INFO - Epoch(train) [20][600/779]  lr: 8.0000e-03  eta: 0:31:07  time: 0.1482  data_time: 0.0144  memory: 4189  grad_norm: 5.0771  loss: 4.5677  vote_loss: 2.9582  objectness_loss: 0.3434  semantic_loss: 0.2936  center_loss: 0.2964  dir_class_loss: 0.0000  dir_res_loss: 0.0004  size_class_loss: 0.2936  size_res_loss: 0.3819
2026/06/03 07:54:39 - mmengine - INFO - Epoch(train) [20][630/779]  lr: 8.0000e-03  eta: 0:31:02  time: 0.1519  data_time: 0.0148  memory: 4189  grad_norm: 4.8988  loss: 4.4843  vote_loss: 2.9337  objectness_loss: 0.3449  semantic_loss: 0.2776  center_loss: 0.3015  dir_class_loss: 0.0000  dir_res_loss: 0.0005  size_class_loss: 0.2776  size_res_loss: 0.3485
2026/06/03 07:54:44 - mmengine - INFO - Epoch(train) [20][660/779]  lr: 8.0000e-03  eta: 0:30:58  time: 0.1489  data_time: 0.0143  memory: 4189  grad_norm: 4.9927  loss: 4.5296  vote_loss: 2.9730  objectness_loss: 0.3416  semantic_loss: 0.2744  center_loss: 0.2996  dir_class_loss: 0.0000  dir_res_loss: 0.0002  size_class_loss: 0.2744  size_res_loss: 0.3663
2026/06/03 07:54:48 - mmengine - INFO - Epoch(train) [20][690/779]  lr: 8.0000e-03  eta: 0:30:53  time: 0.1448  data_time: 0.0138  memory: 4189  grad_norm: 5.5646  loss: 4.6050  vote_loss: 2.9996  objectness_loss: 0.3506  semantic_loss: 0.2791  center_loss: 0.3179  dir_class_loss: 0.0000  dir_res_loss: 0.0001  size_class_loss: 0.2791  size_res_loss: 0.3785
2026/06/03 07:54:52 - mmengine - INFO - Epoch(train) [20][720/779]  lr: 8.0000e-03  eta: 0:30:49  time: 0.1449  data_time: 0.0141  memory: 4189  grad_norm: 5.6066  loss: 4.5327  vote_loss: 3.0040  objectness_loss: 0.3547  semantic_loss: 0.2633  center_loss: 0.3095  dir_class_loss: 0.0000  dir_res_loss: 0.0000  size_class_loss: 0.2633  size_res_loss: 0.3378
2026/06/03 07:54:57 - mmengine - INFO - Epoch(train) [20][750/779]  lr: 8.0000e-03  eta: 0:30:44  time: 0.1464  data_time: 0.0144  memory: 4189  grad_norm: 5.2144  loss: 4.3656  vote_loss: 2.9471  objectness_loss: 0.3409  semantic_loss: 0.2298  center_loss: 0.2909  dir_class_loss: 0.0000  dir_res_loss: 0.0000  size_class_loss: 0.2298  size_res_loss: 0.3271
2026/06/03 07:55:01 - mmengine - INFO - Exp name: votenet_8xb8_scannet-3d_20260603_071635
2026/06/03 07:55:06 - mmengine - INFO - Epoch(train) [21][ 30/779]  lr: 8.0000e-03  eta: 0:30:36  time: 0.1518  data_time: 0.0208  memory: 4189  grad_norm: 5.0234  loss: 4.3100  vote_loss: 2.9261  objectness_loss: 0.3116  semantic_loss: 0.2261  center_loss: 0.2795  dir_class_loss: 0.0000  dir_res_loss: 0.0000  size_class_loss: 0.2261  size_res_loss: 0.3406
2026/06/03 07:55:10 - mmengine - INFO - Epoch(train) [21][ 60/779]  lr: 8.0000e-03  eta: 0:30:31  time: 0.1443  data_time: 0.0135  memory: 4189  grad_norm: 5.6502  loss: 4.4353  vote_loss: 3.0210  objectness_loss: 0.3282  semantic_loss: 0.2279  center_loss: 0.2935  dir_class_loss: 0.0000  dir_res_loss: 0.0000  size_class_loss: 0.2279  size_res_loss: 0.3368
2026/06/03 07:55:14 - mmengine - INFO - Epoch(train) [21][ 90/779]  lr: 8.0000e-03  eta: 0:30:27  time: 0.1446  data_time: 0.0134  memory: 4189  grad_norm: 5.4868  loss: 4.4056  vote_loss: 2.9900  objectness_loss: 0.3279  semantic_loss: 0.2290  center_loss: 0.3002  dir_class_loss: 0.0000  dir_res_loss: 0.0000  size_class_loss: 0.2290  size_res_loss: 0.3294
2026/06/03 07:55:19 - mmengine - INFO - Epoch(train) [21][120/779]  lr: 8.0000e-03  eta: 0:30:22  time: 0.1451  data_time: 0.0133  memory: 4189  grad_norm: 4.8515  loss: 4.3374  vote_loss: 2.9003  objectness_loss: 0.3209  semantic_loss: 0.2342  center_loss: 0.2977  dir_class_loss: 0.0000  dir_res_loss: 0.0000  size_class_loss: 0.2342  size_res_loss: 0.3499
2026/06/03 07:55:23 - mmengine - INFO - Epoch(train) [21][150/779]  lr: 8.0000e-03  eta: 0:30:18  time: 0.1471  data_time: 0.0132  memory: 4189  grad_norm: 4.2319  loss: 4.2834  vote_loss: 2.8832  objectness_loss: 0.3266  semantic_loss: 0.2211  center_loss: 0.2921  dir_class_loss: 0.0000  dir_res_loss: 0.0000  size_class_loss: 0.2211  size_res_loss: 0.3394
2026/06/03 07:55:28 - mmengine - INFO - Epoch(train) [21][180/779]  lr: 8.0000e-03  eta: 0:30:13  time: 0.1492  data_time: 0.0142  memory: 4189  grad_norm: 4.2359  loss: 4.1515  vote_loss: 2.8533  objectness_loss: 0.3146  semantic_loss: 0.2018  center_loss: 0.2740  dir_class_loss: 0.0000  dir_res_loss: 0.0000  size_class_loss: 0.2018  size_res_loss: 0.3061
2026/06/03 07:55:32 - mmengine - INFO - Epoch(train) [21][210/779]  lr: 8.0000e-03  eta: 0:30:09  time: 0.1462  data_time: 0.0141  memory: 4189  grad_norm: 4.8978  loss: 4.4572  vote_loss: 3.0316  objectness_loss: 0.3182  semantic_loss: 0.2355  center_loss: 0.2921  dir_class_loss: 0.0000  dir_res_loss: 0.0000  size_class_loss: 0.2355  size_res_loss: 0.3443
2026/06/03 07:55:37 - mmengine - INFO - Epoch(train) [21][240/779]  lr: 8.0000e-03  eta: 0:30:05  time: 0.1517  data_time: 0.0147  memory: 4189  grad_norm: 5.3718  loss: 4.5456  vote_loss: 3.0778  objectness_loss: 0.3225  semantic_loss: 0.2386  center_loss: 0.3097  dir_class_loss: 0.0000  dir_res_loss: 0.0000  size_class_loss: 0.2386  size_res_loss: 0.3584
2026/06/03 07:55:41 - mmengine - INFO - Epoch(train) [21][270/779]  lr: 8.0000e-03  eta: 0:30:00  time: 0.1476  data_time: 0.0140  memory: 4189  grad_norm: 4.9787  loss: 4.2995  vote_loss: 2.9014  objectness_loss: 0.3091  semantic_loss: 0.2382  center_loss: 0.2952  dir_class_loss: 0.0000  dir_res_loss: 0.0000  size_class_loss: 0.2382  size_res_loss: 0.3175
2026/06/03 07:55:45 - mmengine - INFO - Epoch(train) [21][300/779]  lr: 8.0000e-03  eta: 0:29:56  time: 0.1436  data_time: 0.0133  memory: 4189  grad_norm: 5.5800  loss: 4.3543  vote_loss: 2.9155  objectness_loss: 0.3103  semantic_loss: 0.2561  center_loss: 0.2948  dir_class_loss: 0.0000  dir_res_loss: 0.0000  size_class_loss: 0.2560  size_res_loss: 0.3216
2026/06/03 07:55:50 - mmengine - INFO - Epoch(train) [21][330/779]  lr: 8.0000e-03  eta: 0:29:51  time: 0.1445  data_time: 0.0134  memory: 4189  grad_norm: 5.2504  loss: 4.6308  vote_loss: 3.0953  objectness_loss: 0.3329  semantic_loss: 0.2664  center_loss: 0.3086  dir_class_loss: 0.0000  dir_res_loss: 0.0000  size_class_loss: 0.2664  size_res_loss: 0.3611
2026/06/03 07:55:54 - mmengine - INFO - Epoch(train) [21][360/779]  lr: 8.0000e-03  eta: 0:29:47  time: 0.1489  data_time: 0.0140  memory: 4189  grad_norm: 5.0165  loss: 4.5641  vote_loss: 3.0540  objectness_loss: 0.3332  semantic_loss: 0.2462  center_loss: 0.2968  dir_class_loss: 0.0000  dir_res_loss: 0.0000  size_class_loss: 0.2462  size_res_loss: 0.3877
2026/06/03 07:55:59 - mmengine - INFO - Epoch(train) [21][390/779]  lr: 8.0000e-03  eta: 0:29:42  time: 0.1465  data_time: 0.0137  memory: 4189  grad_norm: 4.4934  loss: 4.4204  vote_loss: 2.9703  objectness_loss: 0.3384  semantic_loss: 0.2290  center_loss: 0.2886  dir_class_loss: 0.0000  dir_res_loss: 0.0000  size_class_loss: 0.2290  size_res_loss: 0.3652
2026/06/03 07:56:03 - mmengine - INFO - Exp name: votenet_8xb8_scannet-3d_20260603_071635
2026/06/03 07:56:03 - mmengine - INFO - Epoch(train) [21][420/779]  lr: 8.0000e-03  eta: 0:29:38  time: 0.1458  data_time: 0.0137  memory: 4189  grad_norm: 4.3697  loss: 4.4553  vote_loss: 2.9937  objectness_loss: 0.3487  semantic_loss: 0.2326  center_loss: 0.2837  dir_class_loss: 0.0000  dir_res_loss: 0.0000  size_class_loss: 0.2326  size_res_loss: 0.3640
2026/06/03 07:56:07 - mmengine - INFO - Epoch(train) [21][450/779]  lr: 8.0000e-03  eta: 0:29:33  time: 0.1452  data_time: 0.0134  memory: 4189  grad_norm: 4.8622  loss: 4.4422  vote_loss: 2.9682  objectness_loss: 0.3377  semantic_loss: 0.2412  center_loss: 0.2901  dir_class_loss: 0.0000  dir_res_loss: 0.0000  size_class_loss: 0.2412  size_res_loss: 0.3636
2026/06/03 07:56:12 - mmengine - INFO - Epoch(train) [21][480/779]  lr: 8.0000e-03  eta: 0:29:29  time: 0.1474  data_time: 0.0137  memory: 4189  grad_norm: 5.0470  loss: 4.5118  vote_loss: 2.9980  objectness_loss: 0.3489  semantic_loss: 0.2493  center_loss: 0.3093  dir_class_loss: 0.0000  dir_res_loss: 0.0000  size_class_loss: 0.2493  size_res_loss: 0.3571
2026/06/03 07:56:16 - mmengine - INFO - Epoch(train) [21][510/779]  lr: 8.0000e-03  eta: 0:29:24  time: 0.1467  data_time: 0.0143  memory: 4189  grad_norm: 4.9867  loss: 4.5007  vote_loss: 3.0080  objectness_loss: 0.3383  semantic_loss: 0.2501  center_loss: 0.2983  dir_class_loss: 0.0000  dir_res_loss: 0.0000  size_class_loss: 0.2501  size_res_loss: 0.3559
2026/06/03 07:56:20 - mmengine - INFO - Epoch(train) [21][540/779]  lr: 8.0000e-03  eta: 0:29:20  time: 0.1445  data_time: 0.0139  memory: 4189  grad_norm: 5.1892  loss: 4.3707  vote_loss: 2.9259  objectness_loss: 0.3285  semantic_loss: 0.2389  center_loss: 0.2964  dir_class_loss: 0.0000  dir_res_loss: 0.0000  size_class_loss: 0.2389  size_res_loss: 0.3421
2026/06/03 07:56:25 - mmengine - INFO - Epoch(train) [21][570/779]  lr: 8.0000e-03  eta: 0:29:15  time: 0.1445  data_time: 0.0136  memory: 4189  grad_norm: 5.5113  loss: 4.2621  vote_loss: 2.8891  objectness_loss: 0.3167  semantic_loss: 0.2261  center_loss: 0.2915  dir_class_loss: 0.0000  dir_res_loss: 0.0000  size_class_loss: 0.2261  size_res_loss: 0.3126
2026/06/03 07:56:29 - mmengine - INFO - Epoch(train) [21][600/779]  lr: 8.0000e-03  eta: 0:29:11  time: 0.1445  data_time: 0.0137  memory: 4189  grad_norm: 4.9497  loss: 4.2738  vote_loss: 2.8495  objectness_loss: 0.3301  semantic_loss: 0.2382  center_loss: 0.2902  dir_class_loss: 0.0000  dir_res_loss: 0.0001  size_class_loss: 0.2382  size_res_loss: 0.3276
2026/06/03 07:56:33 - mmengine - INFO - Epoch(train) [21][630/779]  lr: 8.0000e-03  eta: 0:29:06  time: 0.1443  data_time: 0.0139  memory: 4189  grad_norm: 4.9772  loss: 4.3128  vote_loss: 2.8582  objectness_loss: 0.3323  semantic_loss: 0.2411  center_loss: 0.2950  dir_class_loss: 0.0000  dir_res_loss: 0.0003  size_class_loss: 0.2411  size_res_loss: 0.3448
2026/06/03 07:56:38 - mmengine - INFO - Epoch(train) [21][660/779]  lr: 8.0000e-03  eta: 0:29:02  time: 0.1446  data_time: 0.0141  memory: 4189  grad_norm: 4.9347  loss: 4.5142  vote_loss: 2.9960  objectness_loss: 0.3363  semantic_loss: 0.2604  center_loss: 0.2923  dir_class_loss: 0.0000  dir_res_loss: 0.0004  size_class_loss: 0.2604  size_res_loss: 0.3683
2026/06/03 07:56:42 - mmengine - INFO - Epoch(train) [21][690/779]  lr: 8.0000e-03  eta: 0:28:57  time: 0.1441  data_time: 0.0137  memory: 4189  grad_norm: 4.9555  loss: 4.5273  vote_loss: 3.0348  objectness_loss: 0.3440  semantic_loss: 0.2457  center_loss: 0.2908  dir_class_loss: 0.0000  dir_res_loss: 0.0003  size_class_loss: 0.2457  size_res_loss: 0.3660
2026/06/03 07:56:47 - mmengine - INFO - Epoch(train) [21][720/779]  lr: 8.0000e-03  eta: 0:28:53  time: 0.1461  data_time: 0.0139  memory: 4189  grad_norm: 5.3947  loss: 4.5451  vote_loss: 3.0617  objectness_loss: 0.3365  semantic_loss: 0.2442  center_loss: 0.3050  dir_class_loss: 0.0000  dir_res_loss: 0.0002  size_class_loss: 0.2442  size_res_loss: 0.3533
2026/06/03 07:56:51 - mmengine - INFO - Epoch(train) [21][750/779]  lr: 8.0000e-03  eta: 0:28:49  time: 0.1450  data_time: 0.0139  memory: 4189  grad_norm: 4.6093  loss: 4.2892  vote_loss: 2.9428  objectness_loss: 0.3083  semantic_loss: 0.2147  center_loss: 0.2725  dir_class_loss: 0.0000  dir_res_loss: 0.0001  size_class_loss: 0.2147  size_res_loss: 0.3362
2026/06/03 07:56:55 - mmengine - INFO - Exp name: votenet_8xb8_scannet-3d_20260603_071635
2026/06/03 07:57:01 - mmengine - INFO - Epoch(train) [22][ 30/779]  lr: 8.0000e-03  eta: 0:28:40  time: 0.1648  data_time: 0.0246  memory: 4189  grad_norm: 5.1468  loss: 4.5063  vote_loss: 2.9917  objectness_loss: 0.3349  semantic_loss: 0.2658  center_loss: 0.2951  dir_class_loss: 0.0000  dir_res_loss: 0.0001  size_class_loss: 0.2658  size_res_loss: 0.3530
2026/06/03 07:57:05 - mmengine - INFO - Epoch(train) [22][ 60/779]  lr: 8.0000e-03  eta: 0:28:36  time: 0.1489  data_time: 0.0148  memory: 4189  grad_norm: 4.7809  loss: 4.4566  vote_loss: 2.9544  objectness_loss: 0.3271  semantic_loss: 0.2707  center_loss: 0.2881  dir_class_loss: 0.0000  dir_res_loss: 0.0000  size_class_loss: 0.2707  size_res_loss: 0.3458
2026/06/03 07:57:09 - mmengine - INFO - Epoch(train) [22][ 90/779]  lr: 8.0000e-03  eta: 0:28:32  time: 0.1452  data_time: 0.0145  memory: 4189  grad_norm: 5.2554  loss: 4.2505  vote_loss: 2.8712  objectness_loss: 0.3092  semantic_loss: 0.2387  center_loss: 0.2733  dir_class_loss: 0.0000  dir_res_loss: 0.0000  size_class_loss: 0.2387  size_res_loss: 0.3194
2026/06/03 07:57:14 - mmengine - INFO - Epoch(train) [22][120/779]  lr: 8.0000e-03  eta: 0:28:27  time: 0.1458  data_time: 0.0145  memory: 4189  grad_norm: 5.3612  loss: 4.1093  vote_loss: 2.8364  objectness_loss: 0.2979  semantic_loss: 0.2028  center_loss: 0.2647  dir_class_loss: 0.0000  dir_res_loss: 0.0000  size_class_loss: 0.2028  size_res_loss: 0.3047
2026/06/03 07:57:18 - mmengine - INFO - Epoch(train) [22][150/779]  lr: 8.0000e-03  eta: 0:28:23  time: 0.1465  data_time: 0.0143  memory: 4189  grad_norm: 4.9029  loss: 4.2700  vote_loss: 2.8895  objectness_loss: 0.3213  semantic_loss: 0.2223  center_loss: 0.2770  dir_class_loss: 0.0000  dir_res_loss: 0.0000  size_class_loss: 0.2222  size_res_loss: 0.3377
2026/06/03 07:57:22 - mmengine - INFO - Epoch(train) [22][180/779]  lr: 8.0000e-03  eta: 0:28:18  time: 0.1460  data_time: 0.0139  memory: 4189  grad_norm: 5.3850  loss: 4.5655  vote_loss: 3.0533  objectness_loss: 0.3436  semantic_loss: 0.2564  center_loss: 0.3039  dir_class_loss: 0.0000  dir_res_loss: 0.0000  size_class_loss: 0.2564  size_res_loss: 0.3518
2026/06/03 07:57:27 - mmengine - INFO - Epoch(train) [22][210/779]  lr: 8.0000e-03  eta: 0:28:14  time: 0.1449  data_time: 0.0140  memory: 4189  grad_norm: 4.7779  loss: 4.4081  vote_loss: 2.9980  objectness_loss: 0.3161  semantic_loss: 0.2297  center_loss: 0.2870  dir_class_loss: 0.0000  dir_res_loss: 0.0000  size_class_loss: 0.2297  size_res_loss: 0.3475
2026/06/03 07:57:31 - mmengine - INFO - Epoch(train) [22][240/779]  lr: 8.0000e-03  eta: 0:28:09  time: 0.1446  data_time: 0.0140  memory: 4189  grad_norm: 4.9747  loss: 4.3345  vote_loss: 2.9922  objectness_loss: 0.3201  semantic_loss: 0.2061  center_loss: 0.2799  dir_class_loss: 0.0000  dir_res_loss: 0.0000  size_class_loss: 0.2061  size_res_loss: 0.3301
2026/06/03 07:57:35 - mmengine - INFO - Epoch(train) [22][270/779]  lr: 8.0000e-03  eta: 0:28:05  time: 0.1452  data_time: 0.0138  memory: 4189  grad_norm: 4.9653  loss: 4.2967  vote_loss: 2.9177  objectness_loss: 0.3210  semantic_loss: 0.2215  center_loss: 0.2929  dir_class_loss: 0.0000  dir_res_loss: 0.0000  size_class_loss: 0.2215  size_res_loss: 0.3221
2026/06/03 07:57:40 - mmengine - INFO - Epoch(train) [22][300/779]  lr: 8.0000e-03  eta: 0:28:00  time: 0.1468  data_time: 0.0140  memory: 4189  grad_norm: 4.7678  loss: 4.3902  vote_loss: 2.9479  objectness_loss: 0.3214  semantic_loss: 0.2417  center_loss: 0.3022  dir_class_loss: 0.0000  dir_res_loss: 0.0000  size_class_loss: 0.2417  size_res_loss: 0.3353
2026/06/03 07:57:44 - mmengine - INFO - Epoch(train) [22][330/779]  lr: 8.0000e-03  eta: 0:27:56  time: 0.1475  data_time: 0.0142  memory: 4189  grad_norm: 5.0734  loss: 4.4720  vote_loss: 3.0226  objectness_loss: 0.3348  semantic_loss: 0.2305  center_loss: 0.3036  dir_class_loss: 0.0000  dir_res_loss: 0.0000  size_class_loss: 0.2305  size_res_loss: 0.3500
2026/06/03 07:57:49 - mmengine - INFO - Epoch(train) [22][360/779]  lr: 8.0000e-03  eta: 0:27:51  time: 0.1451  data_time: 0.0138  memory: 4189  grad_norm: 5.3587  loss: 4.3801  vote_loss: 2.9564  objectness_loss: 0.3344  semantic_loss: 0.2199  center_loss: 0.2977  dir_class_loss: 0.0000  dir_res_loss: 0.0000  size_class_loss: 0.2199  size_res_loss: 0.3517
2026/06/03 07:57:53 - mmengine - INFO - Epoch(train) [22][390/779]  lr: 8.0000e-03  eta: 0:27:47  time: 0.1445  data_time: 0.0137  memory: 4189  grad_norm: 5.0391  loss: 4.2395  vote_loss: 2.8796  objectness_loss: 0.3241  semantic_loss: 0.2176  center_loss: 0.2815  dir_class_loss: 0.0000  dir_res_loss: 0.0000  size_class_loss: 0.2176  size_res_loss: 0.3190
2026/06/03 07:57:57 - mmengine - INFO - Epoch(train) [22][420/779]  lr: 8.0000e-03  eta: 0:27:42  time: 0.1444  data_time: 0.0137  memory: 4189  grad_norm: 5.0096  loss: 4.3402  vote_loss: 2.9762  objectness_loss: 0.3157  semantic_loss: 0.2199  center_loss: 0.2815  dir_class_loss: 0.0000  dir_res_loss: 0.0000  size_class_loss: 0.2199  size_res_loss: 0.3270
2026/06/03 07:58:02 - mmengine - INFO - Epoch(train) [22][450/779]  lr: 8.0000e-03  eta: 0:27:38  time: 0.1447  data_time: 0.0138  memory: 4189  grad_norm: 5.7264  loss: 4.3419  vote_loss: 2.9287  objectness_loss: 0.3158  semantic_loss: 0.2357  center_loss: 0.2990  dir_class_loss: 0.0000  dir_res_loss: 0.0000  size_class_loss: 0.2357  size_res_loss: 0.3272
2026/06/03 07:58:06 - mmengine - INFO - Epoch(train) [22][480/779]  lr: 8.0000e-03  eta: 0:27:33  time: 0.1441  data_time: 0.0134  memory: 4189  grad_norm: 5.3691  loss: 4.2672  vote_loss: 2.8737  objectness_loss: 0.3124  semantic_loss: 0.2239  center_loss: 0.2938  dir_class_loss: 0.0000  dir_res_loss: 0.0000  size_class_loss: 0.2239  size_res_loss: 0.3396
2026/06/03 07:58:10 - mmengine - INFO - Epoch(train) [22][510/779]  lr: 8.0000e-03  eta: 0:27:29  time: 0.1446  data_time: 0.0134  memory: 4189  grad_norm: 4.7560  loss: 4.2066  vote_loss: 2.8068  objectness_loss: 0.3148  semantic_loss: 0.2376  center_loss: 0.2816  dir_class_loss: 0.0000  dir_res_loss: 0.0000  size_class_loss: 0.2376  size_res_loss: 0.3281
2026/06/03 07:58:15 - mmengine - INFO - Epoch(train) [22][540/779]  lr: 8.0000e-03  eta: 0:27:24  time: 0.1445  data_time: 0.0135  memory: 4189  grad_norm: 4.5547  loss: 4.1833  vote_loss: 2.8363  objectness_loss: 0.3245  semantic_loss: 0.2174  center_loss: 0.2753  dir_class_loss: 0.0000  dir_res_loss: 0.0000  size_class_loss: 0.2174  size_res_loss: 0.3124
2026/06/03 07:58:19 - mmengine - INFO - Epoch(train) [22][570/779]  lr: 8.0000e-03  eta: 0:27:20  time: 0.1442  data_time: 0.0137  memory: 4189  grad_norm: 4.7664  loss: 4.1464  vote_loss: 2.8649  objectness_loss: 0.3019  semantic_loss: 0.2006  center_loss: 0.2770  dir_class_loss: 0.0000  dir_res_loss: 0.0000  size_class_loss: 0.2006  size_res_loss: 0.3015
2026/06/03 07:58:23 - mmengine - INFO - Epoch(train) [22][600/779]  lr: 8.0000e-03  eta: 0:27:15  time: 0.1442  data_time: 0.0137  memory: 4189  grad_norm: 4.8001  loss: 4.2839  vote_loss: 2.8864  objectness_loss: 0.3171  semantic_loss: 0.2298  center_loss: 0.2843  dir_class_loss: 0.0000  dir_res_loss: 0.0000  size_class_loss: 0.2298  size_res_loss: 0.3366
2026/06/03 07:58:28 - mmengine - INFO - Epoch(train) [22][630/779]  lr: 8.0000e-03  eta: 0:27:11  time: 0.1449  data_time: 0.0139  memory: 4189  grad_norm: 5.2022  loss: 4.5133  vote_loss: 2.9814  objectness_loss: 0.3495  semantic_loss: 0.2485  center_loss: 0.3112  dir_class_loss: 0.0000  dir_res_loss: 0.0000  size_class_loss: 0.2485  size_res_loss: 0.3742
2026/06/03 07:58:29 - mmengine - INFO - Exp name: votenet_8xb8_scannet-3d_20260603_071635
2026/06/03 07:58:32 - mmengine - INFO - Epoch(train) [22][660/779]  lr: 8.0000e-03  eta: 0:27:07  time: 0.1487  data_time: 0.0144  memory: 4189  grad_norm: 5.7205  loss: 4.5736  vote_loss: 3.0884  objectness_loss: 0.3533  semantic_loss: 0.2384  center_loss: 0.3194  dir_class_loss: 0.0000  dir_res_loss: 0.0000  size_class_loss: 0.2384  size_res_loss: 0.3356
2026/06/03 07:58:37 - mmengine - INFO - Epoch(train) [22][690/779]  lr: 8.0000e-03  eta: 0:27:02  time: 0.1482  data_time: 0.0143  memory: 4189  grad_norm: 5.1624  loss: 4.5646  vote_loss: 3.1005  objectness_loss: 0.3440  semantic_loss: 0.2399  center_loss: 0.3070  dir_class_loss: 0.0000  dir_res_loss: 0.0000  size_class_loss: 0.2399  size_res_loss: 0.3333
2026/06/03 07:58:41 - mmengine - INFO - Epoch(train) [22][720/779]  lr: 8.0000e-03  eta: 0:26:58  time: 0.1446  data_time: 0.0137  memory: 4189  grad_norm: 4.3832  loss: 4.3220  vote_loss: 2.9369  objectness_loss: 0.3238  semantic_loss: 0.2246  center_loss: 0.2764  dir_class_loss: 0.0000  dir_res_loss: 0.0000  size_class_loss: 0.2246  size_res_loss: 0.3358
2026/06/03 07:58:45 - mmengine - INFO - Epoch(train) [22][750/779]  lr: 8.0000e-03  eta: 0:26:53  time: 0.1480  data_time: 0.0142  memory: 4189  grad_norm: 4.6666  loss: 4.2901  vote_loss: 2.9099  objectness_loss: 0.3229  semantic_loss: 0.2176  center_loss: 0.2794  dir_class_loss: 0.0000  dir_res_loss: 0.0000  size_class_loss: 0.2176  size_res_loss: 0.3425
2026/06/03 07:58:50 - mmengine - INFO - Exp name: votenet_8xb8_scannet-3d_20260603_071635
2026/06/03 07:58:55 - mmengine - INFO - Epoch(train) [23][ 30/779]  lr: 8.0000e-03  eta: 0:26:45  time: 0.1574  data_time: 0.0245  memory: 4189  grad_norm: 4.8925  loss: 4.4630  vote_loss: 3.0494  objectness_loss: 0.3099  semantic_loss: 0.2228  center_loss: 0.2967  dir_class_loss: 0.0000  dir_res_loss: 0.0001  size_class_loss: 0.2228  size_res_loss: 0.3614
2026/06/03 07:58:59 - mmengine - INFO - Epoch(train) [23][ 60/779]  lr: 8.0000e-03  eta: 0:26:40  time: 0.1464  data_time: 0.0143  memory: 4189  grad_norm: 5.2562  loss: 4.4142  vote_loss: 3.0027  objectness_loss: 0.2997  semantic_loss: 0.2286  center_loss: 0.2872  dir_class_loss: 0.0000  dir_res_loss: 0.0003  size_class_loss: 0.2286  size_res_loss: 0.3670
2026/06/03 07:59:03 - mmengine - INFO - Epoch(train) [23][ 90/779]  lr: 8.0000e-03  eta: 0:26:36  time: 0.1460  data_time: 0.0139  memory: 4189  grad_norm: 5.1831  loss: 4.2946  vote_loss: 2.9117  objectness_loss: 0.3140  semantic_loss: 0.2204  center_loss: 0.2859  dir_class_loss: 0.0000  dir_res_loss: 0.0004  size_class_loss: 0.2204  size_res_loss: 0.3416
2026/06/03 07:59:08 - mmengine - INFO - Epoch(train) [23][120/779]  lr: 8.0000e-03  eta: 0:26:31  time: 0.1453  data_time: 0.0138  memory: 4189  grad_norm: 5.2291  loss: 4.3840  vote_loss: 2.9482  objectness_loss: 0.3310  semantic_loss: 0.2326  center_loss: 0.3003  dir_class_loss: 0.0000  dir_res_loss: 0.0004  size_class_loss: 0.2326  size_res_loss: 0.3389
2026/06/03 07:59:12 - mmengine - INFO - Epoch(train) [23][150/779]  lr: 8.0000e-03  eta: 0:26:27  time: 0.1462  data_time: 0.0140  memory: 4189  grad_norm: 5.1269  loss: 4.3282  vote_loss: 2.9170  objectness_loss: 0.3328  semantic_loss: 0.2180  center_loss: 0.2948  dir_class_loss: 0.0000  dir_res_loss: 0.0001  size_class_loss: 0.2180  size_res_loss: 0.3474
2026/06/03 07:59:16 - mmengine - INFO - Epoch(train) [23][180/779]  lr: 8.0000e-03  eta: 0:26:22  time: 0.1450  data_time: 0.0139  memory: 4189  grad_norm: 5.0147  loss: 4.3071  vote_loss: 2.9046  objectness_loss: 0.3225  semantic_loss: 0.2224  center_loss: 0.2879  dir_class_loss: 0.0000  dir_res_loss: 0.0001  size_class_loss: 0.2224  size_res_loss: 0.3472
2026/06/03 07:59:21 - mmengine - INFO - Epoch(train) [23][210/779]  lr: 8.0000e-03  eta: 0:26:18  time: 0.1458  data_time: 0.0139  memory: 4189  grad_norm: 4.9350  loss: 4.2915  vote_loss: 2.9296  objectness_loss: 0.3198  semantic_loss: 0.2158  center_loss: 0.2840  dir_class_loss: 0.0000  dir_res_loss: 0.0001  size_class_loss: 0.2158  size_res_loss: 0.3263
2026/06/03 07:59:25 - mmengine - INFO - Epoch(train) [23][240/779]  lr: 8.0000e-03  eta: 0:26:14  time: 0.1472  data_time: 0.0140  memory: 4189  grad_norm: 4.5556  loss: 4.4142  vote_loss: 3.0132  objectness_loss: 0.3418  semantic_loss: 0.2161  center_loss: 0.2882  dir_class_loss: 0.0000  dir_res_loss: 0.0001  size_class_loss: 0.2161  size_res_loss: 0.3388
2026/06/03 07:59:30 - mmengine - INFO - Epoch(train) [23][270/779]  lr: 8.0000e-03  eta: 0:26:09  time: 0.1449  data_time: 0.0137  memory: 4189  grad_norm: 4.6676  loss: 4.2805  vote_loss: 2.8429  objectness_loss: 0.3402  semantic_loss: 0.2429  center_loss: 0.2823  dir_class_loss: 0.0000  dir_res_loss: 0.0001  size_class_loss: 0.2429  size_res_loss: 0.3291
2026/06/03 07:59:34 - mmengine - INFO - Epoch(train) [23][300/779]  lr: 8.0000e-03  eta: 0:26:05  time: 0.1446  data_time: 0.0137  memory: 4189  grad_norm: 5.1121  loss: 4.2406  vote_loss: 2.8750  objectness_loss: 0.3154  semantic_loss: 0.2229  center_loss: 0.2895  dir_class_loss: 0.0000  dir_res_loss: 0.0000  size_class_loss: 0.2229  size_res_loss: 0.3146
2026/06/03 07:59:38 - mmengine - INFO - Epoch(train) [23][330/779]  lr: 8.0000e-03  eta: 0:26:00  time: 0.1441  data_time: 0.0138  memory: 4189  grad_norm: 5.3033  loss: 4.3989  vote_loss: 3.0174  objectness_loss: 0.3139  semantic_loss: 0.2119  center_loss: 0.2909  dir_class_loss: 0.0000  dir_res_loss: 0.0000  size_class_loss: 0.2119  size_res_loss: 0.3528
2026/06/03 07:59:43 - mmengine - INFO - Epoch(train) [23][360/779]  lr: 8.0000e-03  eta: 0:25:56  time: 0.1478  data_time: 0.0137  memory: 4189  grad_norm: 5.4947  loss: 4.3773  vote_loss: 2.9698  objectness_loss: 0.3148  semantic_loss: 0.2235  center_loss: 0.2909  dir_class_loss: 0.0000  dir_res_loss: 0.0000  size_class_loss: 0.2235  size_res_loss: 0.3548
2026/06/03 07:59:47 - mmengine - INFO - Epoch(train) [23][390/779]  lr: 8.0000e-03  eta: 0:25:51  time: 0.1440  data_time: 0.0139  memory: 4189  grad_norm: 5.5528  loss: 4.2404  vote_loss: 2.9066  objectness_loss: 0.3090  semantic_loss: 0.2032  center_loss: 0.2809  dir_class_loss: 0.0000  dir_res_loss: 0.0000  size_class_loss: 0.2032  size_res_loss: 0.3374
2026/06/03 07:59:52 - mmengine - INFO - Epoch(train) [23][420/779]  lr: 8.0000e-03  eta: 0:25:47  time: 0.1500  data_time: 0.0147  memory: 4189  grad_norm: 6.3502  loss: 4.2194  vote_loss: 2.8972  objectness_loss: 0.3012  semantic_loss: 0.2149  center_loss: 0.2856  dir_class_loss: 0.0000  dir_res_loss: 0.0000  size_class_loss: 0.2149  size_res_loss: 0.3056
2026/06/03 07:59:56 - mmengine - INFO - Epoch(train) [23][450/779]  lr: 8.0000e-03  eta: 0:25:43  time: 0.1548  data_time: 0.0151  memory: 4189  grad_norm: 5.3007  loss: 4.1496  vote_loss: 2.7884  objectness_loss: 0.3148  semantic_loss: 0.2300  center_loss: 0.2782  dir_class_loss: 0.0000  dir_res_loss: 0.0000  size_class_loss: 0.2300  size_res_loss: 0.3081
2026/06/03 08:00:01 - mmengine - INFO - Epoch(train) [23][480/779]  lr: 8.0000e-03  eta: 0:25:38  time: 0.1507  data_time: 0.0145  memory: 4189  grad_norm: 4.5814  loss: 4.0994  vote_loss: 2.7785  objectness_loss: 0.3156  semantic_loss: 0.2136  center_loss: 0.2719  dir_class_loss: 0.0000  dir_res_loss: 0.0000  size_class_loss: 0.2136  size_res_loss: 0.3061
2026/06/03 08:00:05 - mmengine - INFO - Epoch(train) [23][510/779]  lr: 8.0000e-03  eta: 0:25:34  time: 0.1516  data_time: 0.0147  memory: 4189  grad_norm: 4.5697  loss: 4.3257  vote_loss: 2.8980  objectness_loss: 0.3299  semantic_loss: 0.2474  center_loss: 0.2861  dir_class_loss: 0.0000  dir_res_loss: 0.0000  size_class_loss: 0.2474  size_res_loss: 0.3169
2026/06/03 08:00:10 - mmengine - INFO - Epoch(train) [23][540/779]  lr: 8.0000e-03  eta: 0:25:29  time: 0.1476  data_time: 0.0141  memory: 4189  grad_norm: 5.1597  loss: 4.4171  vote_loss: 2.9898  objectness_loss: 0.3205  semantic_loss: 0.2375  center_loss: 0.2992  dir_class_loss: 0.0000  dir_res_loss: 0.0000  size_class_loss: 0.2375  size_res_loss: 0.3327
2026/06/03 08:00:14 - mmengine - INFO - Epoch(train) [23][570/779]  lr: 8.0000e-03  eta: 0:25:25  time: 0.1479  data_time: 0.0142  memory: 4189  grad_norm: 6.3421  loss: 4.3860  vote_loss: 2.9785  objectness_loss: 0.3208  semantic_loss: 0.2251  center_loss: 0.3101  dir_class_loss: 0.0000  dir_res_loss: 0.0000  size_class_loss: 0.2251  size_res_loss: 0.3264
2026/06/03 08:00:19 - mmengine - INFO - Epoch(train) [23][600/779]  lr: 8.0000e-03  eta: 0:25:21  time: 0.1479  data_time: 0.0144  memory: 4189  grad_norm: 5.8681  loss: 4.3392  vote_loss: 2.9187  objectness_loss: 0.3265  semantic_loss: 0.2283  center_loss: 0.3028  dir_class_loss: 0.0000  dir_res_loss: 0.0000  size_class_loss: 0.2283  size_res_loss: 0.3346
2026/06/03 08:00:23 - mmengine - INFO - Epoch(train) [23][630/779]  lr: 8.0000e-03  eta: 0:25:16  time: 0.1496  data_time: 0.0146  memory: 4189  grad_norm: 4.7599  loss: 4.3338  vote_loss: 2.9111  objectness_loss: 0.3194  semantic_loss: 0.2335  center_loss: 0.2904  dir_class_loss: 0.0000  dir_res_loss: 0.0000  size_class_loss: 0.2335  size_res_loss: 0.3460
2026/06/03 08:00:28 - mmengine - INFO - Epoch(train) [23][660/779]  lr: 8.0000e-03  eta: 0:25:12  time: 0.1514  data_time: 0.0146  memory: 4189  grad_norm: 4.9687  loss: 4.2686  vote_loss: 2.8720  objectness_loss: 0.3118  semantic_loss: 0.2289  center_loss: 0.2798  dir_class_loss: 0.0000  dir_res_loss: 0.0000  size_class_loss: 0.2289  size_res_loss: 0.3470
2026/06/03 08:00:32 - mmengine - INFO - Epoch(train) [23][690/779]  lr: 8.0000e-03  eta: 0:25:07  time: 0.1511  data_time: 0.0146  memory: 4189  grad_norm: 5.3644  loss: 4.1729  vote_loss: 2.8386  objectness_loss: 0.3030  semantic_loss: 0.2106  center_loss: 0.2742  dir_class_loss: 0.0000  dir_res_loss: 0.0000  size_class_loss: 0.2106  size_res_loss: 0.3360
2026/06/03 08:00:37 - mmengine - INFO - Epoch(train) [23][720/779]  lr: 8.0000e-03  eta: 0:25:03  time: 0.1509  data_time: 0.0146  memory: 4189  grad_norm: 5.6815  loss: 4.2746  vote_loss: 2.9087  objectness_loss: 0.3235  semantic_loss: 0.2110  center_loss: 0.2814  dir_class_loss: 0.0000  dir_res_loss: 0.0000  size_class_loss: 0.2110  size_res_loss: 0.3391
2026/06/03 08:00:41 - mmengine - INFO - Epoch(train) [23][750/779]  lr: 8.0000e-03  eta: 0:24:59  time: 0.1453  data_time: 0.0138  memory: 4189  grad_norm: 5.0710  loss: 4.3702  vote_loss: 2.9255  objectness_loss: 0.3433  semantic_loss: 0.2366  center_loss: 0.2896  dir_class_loss: 0.0000  dir_res_loss: 0.0000  size_class_loss: 0.2366  size_res_loss: 0.3385
2026/06/03 08:00:45 - mmengine - INFO - Exp name: votenet_8xb8_scannet-3d_20260603_071635
2026/06/03 08:00:50 - mmengine - INFO - Epoch(train) [24][ 30/779]  lr: 8.0000e-03  eta: 0:24:50  time: 0.1541  data_time: 0.0215  memory: 4189  grad_norm: 5.0387  loss: 4.1012  vote_loss: 2.8080  objectness_loss: 0.3030  semantic_loss: 0.1988  center_loss: 0.2764  dir_class_loss: 0.0000  dir_res_loss: 0.0000  size_class_loss: 0.1988  size_res_loss: 0.3162
2026/06/03 08:00:55 - mmengine - INFO - Epoch(train) [24][ 60/779]  lr: 8.0000e-03  eta: 0:24:46  time: 0.1500  data_time: 0.0145  memory: 4189  grad_norm: 5.0445  loss: 4.3257  vote_loss: 2.9901  objectness_loss: 0.3096  semantic_loss: 0.2043  center_loss: 0.2948  dir_class_loss: 0.0000  dir_res_loss: 0.0001  size_class_loss: 0.2043  size_res_loss: 0.3224
2026/06/03 08:00:58 - mmengine - INFO - Exp name: votenet_8xb8_scannet-3d_20260603_071635
2026/06/03 08:00:59 - mmengine - INFO - Epoch(train) [24][ 90/779]  lr: 8.0000e-03  eta: 0:24:41  time: 0.1507  data_time: 0.0148  memory: 4189  grad_norm: 4.7450  loss: 4.3957  vote_loss: 3.0233  objectness_loss: 0.3117  semantic_loss: 0.2233  center_loss: 0.3014  dir_class_loss: 0.0000  dir_res_loss: 0.0001  size_class_loss: 0.2233  size_res_loss: 0.3125
2026/06/03 08:01:03 - mmengine - INFO - Epoch(train) [24][120/779]  lr: 8.0000e-03  eta: 0:24:37  time: 0.1481  data_time: 0.0144  memory: 4189  grad_norm: 4.8820  loss: 4.2625  vote_loss: 2.8974  objectness_loss: 0.3151  semantic_loss: 0.2211  center_loss: 0.2845  dir_class_loss: 0.0000  dir_res_loss: 0.0002  size_class_loss: 0.2211  size_res_loss: 0.3232
2026/06/03 08:01:08 - mmengine - INFO - Epoch(train) [24][150/779]  lr: 8.0000e-03  eta: 0:24:32  time: 0.1453  data_time: 0.0139  memory: 4189  grad_norm: 4.9002  loss: 4.2766  vote_loss: 2.8775  objectness_loss: 0.3243  semantic_loss: 0.2261  center_loss: 0.2824  dir_class_loss: 0.0000  dir_res_loss: 0.0002  size_class_loss: 0.2261  size_res_loss: 0.3399
2026/06/03 08:01:12 - mmengine - INFO - Epoch(train) [24][180/779]  lr: 8.0000e-03  eta: 0:24:28  time: 0.1459  data_time: 0.0139  memory: 4189  grad_norm: 4.8820  loss: 4.2450  vote_loss: 2.8480  objectness_loss: 0.3198  semantic_loss: 0.2282  center_loss: 0.2845  dir_class_loss: 0.0000  dir_res_loss: 0.0003  size_class_loss: 0.2282  size_res_loss: 0.3361
2026/06/03 08:01:17 - mmengine - INFO - Epoch(train) [24][210/779]  lr: 8.0000e-03  eta: 0:24:23  time: 0.1456  data_time: 0.0134  memory: 4189  grad_norm: 5.0058  loss: 4.3133  vote_loss: 2.9415  objectness_loss: 0.3167  semantic_loss: 0.2168  center_loss: 0.2941  dir_class_loss: 0.0000  dir_res_loss: 0.0002  size_class_loss: 0.2168  size_res_loss: 0.3271
2026/06/03 08:01:21 - mmengine - INFO - Epoch(train) [24][240/779]  lr: 8.0000e-03  eta: 0:24:19  time: 0.1462  data_time: 0.0136  memory: 4189  grad_norm: 5.2884  loss: 4.2506  vote_loss: 2.8624  objectness_loss: 0.3082  semantic_loss: 0.2237  center_loss: 0.2814  dir_class_loss: 0.0000  dir_res_loss: 0.0001  size_class_loss: 0.2237  size_res_loss: 0.3512
2026/06/03 08:01:26 - mmengine - INFO - Epoch(train) [24][270/779]  lr: 8.0000e-03  eta: 0:24:15  time: 0.1535  data_time: 0.0146  memory: 4189  grad_norm: 4.9878  loss: 4.2458  vote_loss: 2.8369  objectness_loss: 0.3055  semantic_loss: 0.2366  center_loss: 0.2734  dir_class_loss: 0.0000  dir_res_loss: 0.0001  size_class_loss: 0.2366  size_res_loss: 0.3566
2026/06/03 08:01:30 - mmengine - INFO - Epoch(train) [24][300/779]  lr: 8.0000e-03  eta: 0:24:10  time: 0.1544  data_time: 0.0147  memory: 4189  grad_norm: 5.5122  loss: 4.3276  vote_loss: 2.9044  objectness_loss: 0.3098  semantic_loss: 0.2389  center_loss: 0.2885  dir_class_loss: 0.0000  dir_res_loss: 0.0000  size_class_loss: 0.2389  size_res_loss: 0.3471
2026/06/03 08:01:35 - mmengine - INFO - Epoch(train) [24][330/779]  lr: 8.0000e-03  eta: 0:24:06  time: 0.1481  data_time: 0.0141  memory: 4189  grad_norm: 5.4662  loss: 4.2406  vote_loss: 2.8879  objectness_loss: 0.3001  semantic_loss: 0.2190  center_loss: 0.2893  dir_class_loss: 0.0000  dir_res_loss: 0.0000  size_class_loss: 0.2190  size_res_loss: 0.3253
2026/06/03 08:01:39 - mmengine - INFO - Epoch(train) [24][360/779]  lr: 8.0000e-03  eta: 0:24:01  time: 0.1451  data_time: 0.0136  memory: 4189  grad_norm: 5.4679  loss: 4.3277  vote_loss: 2.8990  objectness_loss: 0.3186  semantic_loss: 0.2298  center_loss: 0.2976  dir_class_loss: 0.0000  dir_res_loss: 0.0001  size_class_loss: 0.2298  size_res_loss: 0.3529
2026/06/03 08:01:44 - mmengine - INFO - Epoch(train) [24][390/779]  lr: 8.0000e-03  eta: 0:23:57  time: 0.1495  data_time: 0.0141  memory: 4189  grad_norm: 4.8205  loss: 4.5022  vote_loss: 3.0417  objectness_loss: 0.3320  semantic_loss: 0.2421  center_loss: 0.2843  dir_class_loss: 0.0000  dir_res_loss: 0.0000  size_class_loss: 0.2421  size_res_loss: 0.3600
2026/06/03 08:01:48 - mmengine - INFO - Epoch(train) [24][420/779]  lr: 8.0000e-03  eta: 0:23:53  time: 0.1486  data_time: 0.0143  memory: 4189  grad_norm: 4.7202  loss: 4.4145  vote_loss: 2.9674  objectness_loss: 0.3250  semantic_loss: 0.2354  center_loss: 0.2903  dir_class_loss: 0.0000  dir_res_loss: 0.0000  size_class_loss: 0.2354  size_res_loss: 0.3609
2026/06/03 08:01:53 - mmengine - INFO - Epoch(train) [24][450/779]  lr: 8.0000e-03  eta: 0:23:48  time: 0.1508  data_time: 0.0145  memory: 4189  grad_norm: 4.5917  loss: 4.3306  vote_loss: 2.9016  objectness_loss: 0.3298  semantic_loss: 0.2327  center_loss: 0.2785  dir_class_loss: 0.0000  dir_res_loss: 0.0000  size_class_loss: 0.2327  size_res_loss: 0.3553
2026/06/03 08:01:57 - mmengine - INFO - Epoch(train) [24][480/779]  lr: 8.0000e-03  eta: 0:23:44  time: 0.1492  data_time: 0.0140  memory: 4189  grad_norm: 4.6464  loss: 4.2865  vote_loss: 2.9240  objectness_loss: 0.3127  semantic_loss: 0.2202  center_loss: 0.2740  dir_class_loss: 0.0000  dir_res_loss: 0.0000  size_class_loss: 0.2202  size_res_loss: 0.3355
2026/06/03 08:02:01 - mmengine - INFO - Epoch(train) [24][510/779]  lr: 8.0000e-03  eta: 0:23:39  time: 0.1448  data_time: 0.0127  memory: 4189  grad_norm: 4.8702  loss: 4.4337  vote_loss: 2.9809  objectness_loss: 0.3228  semantic_loss: 0.2521  center_loss: 0.2856  dir_class_loss: 0.0000  dir_res_loss: 0.0000  size_class_loss: 0.2521  size_res_loss: 0.3403
2026/06/03 08:02:06 - mmengine - INFO - Epoch(train) [24][540/779]  lr: 8.0000e-03  eta: 0:23:35  time: 0.1437  data_time: 0.0130  memory: 4189  grad_norm: 5.2759  loss: 4.3009  vote_loss: 2.8770  objectness_loss: 0.3185  semantic_loss: 0.2437  center_loss: 0.2876  dir_class_loss: 0.0000  dir_res_loss: 0.0000  size_class_loss: 0.2437  size_res_loss: 0.3305
2026/06/03 08:02:10 - mmengine - INFO - Epoch(train) [24][570/779]  lr: 8.0000e-03  eta: 0:23:30  time: 0.1444  data_time: 0.0137  memory: 4189  grad_norm: 4.9381  loss: 4.2234  vote_loss: 2.8688  objectness_loss: 0.3157  semantic_loss: 0.2211  center_loss: 0.2769  dir_class_loss: 0.0000  dir_res_loss: 0.0000  size_class_loss: 0.2211  size_res_loss: 0.3199
2026/06/03 08:02:14 - mmengine - INFO - Epoch(train) [24][600/779]  lr: 8.0000e-03  eta: 0:23:26  time: 0.1464  data_time: 0.0139  memory: 4189  grad_norm: 5.0314  loss: 4.3478  vote_loss: 2.9708  objectness_loss: 0.3171  semantic_loss: 0.2281  center_loss: 0.2779  dir_class_loss: 0.0000  dir_res_loss: 0.0000  size_class_loss: 0.2281  size_res_loss: 0.3258
2026/06/03 08:02:19 - mmengine - INFO - Epoch(train) [24][630/779]  lr: 8.0000e-03  eta: 0:23:21  time: 0.1466  data_time: 0.0135  memory: 4189  grad_norm: 5.4478  loss: 4.3042  vote_loss: 2.9053  objectness_loss: 0.3267  semantic_loss: 0.2287  center_loss: 0.2799  dir_class_loss: 0.0000  dir_res_loss: 0.0000  size_class_loss: 0.2287  size_res_loss: 0.3349
2026/06/03 08:02:23 - mmengine - INFO - Epoch(train) [24][660/779]  lr: 8.0000e-03  eta: 0:23:17  time: 0.1453  data_time: 0.0134  memory: 4189  grad_norm: 5.4834  loss: 4.2473  vote_loss: 2.8407  objectness_loss: 0.3149  semantic_loss: 0.2327  center_loss: 0.2856  dir_class_loss: 0.0000  dir_res_loss: 0.0000  size_class_loss: 0.2327  size_res_loss: 0.3407
2026/06/03 08:02:27 - mmengine - INFO - Epoch(train) [24][690/779]  lr: 8.0000e-03  eta: 0:23:13  time: 0.1464  data_time: 0.0140  memory: 4189  grad_norm: 5.0093  loss: 4.2738  vote_loss: 2.8643  objectness_loss: 0.3093  semantic_loss: 0.2311  center_loss: 0.2881  dir_class_loss: 0.0000  dir_res_loss: 0.0000  size_class_loss: 0.2311  size_res_loss: 0.3500
2026/06/03 08:02:32 - mmengine - INFO - Epoch(train) [24][720/779]  lr: 8.0000e-03  eta: 0:23:08  time: 0.1519  data_time: 0.0144  memory: 4189  grad_norm: 4.8104  loss: 4.2452  vote_loss: 2.8599  objectness_loss: 0.3185  semantic_loss: 0.2221  center_loss: 0.2864  dir_class_loss: 0.0000  dir_res_loss: 0.0000  size_class_loss: 0.2221  size_res_loss: 0.3361
2026/06/03 08:02:37 - mmengine - INFO - Epoch(train) [24][750/779]  lr: 8.0000e-03  eta: 0:23:04  time: 0.1536  data_time: 0.0149  memory: 4189  grad_norm: 4.8021  loss: 4.1147  vote_loss: 2.8004  objectness_loss: 0.3118  semantic_loss: 0.2023  center_loss: 0.2744  dir_class_loss: 0.0000  dir_res_loss: 0.0000  size_class_loss: 0.2023  size_res_loss: 0.3233
2026/06/03 08:02:41 - mmengine - INFO - Exp name: votenet_8xb8_scannet-3d_20260603_071635
2026/06/03 08:02:46 - mmengine - INFO - Epoch(train) [25][ 30/779]  lr: 8.0000e-04  eta: 0:22:55  time: 0.1570  data_time: 0.0232  memory: 4189  grad_norm: 4.0824  loss: 3.9310  vote_loss: 2.6986  objectness_loss: 0.3010  semantic_loss: 0.1895  center_loss: 0.2491  dir_class_loss: 0.0000  dir_res_loss: 0.0001  size_class_loss: 0.1895  size_res_loss: 0.3031
2026/06/03 08:02:50 - mmengine - INFO - Epoch(train) [25][ 60/779]  lr: 8.0000e-04  eta: 0:22:51  time: 0.1504  data_time: 0.0150  memory: 4189  grad_norm: 3.6347  loss: 3.6794  vote_loss: 2.5889  objectness_loss: 0.2589  semantic_loss: 0.1589  center_loss: 0.2311  dir_class_loss: 0.0000  dir_res_loss: 0.0000  size_class_loss: 0.1589  size_res_loss: 0.2826
2026/06/03 08:02:55 - mmengine - INFO - Epoch(train) [25][ 90/779]  lr: 8.0000e-04  eta: 0:22:47  time: 0.1486  data_time: 0.0148  memory: 4189  grad_norm: 3.7031  loss: 3.6104  vote_loss: 2.5446  objectness_loss: 0.2692  semantic_loss: 0.1576  center_loss: 0.2194  dir_class_loss: 0.0000  dir_res_loss: 0.0000  size_class_loss: 0.1576  size_res_loss: 0.2619
2026/06/03 08:02:59 - mmengine - INFO - Epoch(train) [25][120/779]  lr: 8.0000e-04  eta: 0:22:42  time: 0.1484  data_time: 0.0143  memory: 4189  grad_norm: 3.4874  loss: 3.7243  vote_loss: 2.6299  objectness_loss: 0.2813  semantic_loss: 0.1625  center_loss: 0.2272  dir_class_loss: 0.0000  dir_res_loss: 0.0000  size_class_loss: 0.1625  size_res_loss: 0.2610
2026/06/03 08:03:04 - mmengine - INFO - Epoch(train) [25][150/779]  lr: 8.0000e-04  eta: 0:22:38  time: 0.1475  data_time: 0.0141  memory: 4189  grad_norm: 3.4285  loss: 3.6991  vote_loss: 2.6529  objectness_loss: 0.2617  semantic_loss: 0.1477  center_loss: 0.2265  dir_class_loss: 0.0000  dir_res_loss: 0.0000  size_class_loss: 0.1477  size_res_loss: 0.2625
2026/06/03 08:03:08 - mmengine - INFO - Epoch(train) [25][180/779]  lr: 8.0000e-04  eta: 0:22:33  time: 0.1474  data_time: 0.0140  memory: 4189  grad_norm: 3.7310  loss: 3.5092  vote_loss: 2.5075  objectness_loss: 0.2508  semantic_loss: 0.1365  center_loss: 0.2264  dir_class_loss: 0.0000  dir_res_loss: 0.0000  size_class_loss: 0.1365  size_res_loss: 0.2516
2026/06/03 08:03:13 - mmengine - INFO - Epoch(train) [25][210/779]  lr: 8.0000e-04  eta: 0:22:29  time: 0.1489  data_time: 0.0140  memory: 4189  grad_norm: 3.7120  loss: 3.5884  vote_loss: 2.5896  objectness_loss: 0.2523  semantic_loss: 0.1351  center_loss: 0.2276  dir_class_loss: 0.0000  dir_res_loss: 0.0000  size_class_loss: 0.1351  size_res_loss: 0.2488
2026/06/03 08:03:17 - mmengine - INFO - Epoch(train) [25][240/779]  lr: 8.0000e-04  eta: 0:22:25  time: 0.1510  data_time: 0.0144  memory: 4189  grad_norm: 3.5266  loss: 3.6730  vote_loss: 2.6116  objectness_loss: 0.2695  semantic_loss: 0.1521  center_loss: 0.2303  dir_class_loss: 0.0000  dir_res_loss: 0.0000  size_class_loss: 0.1521  size_res_loss: 0.2575
2026/06/03 08:03:22 - mmengine - INFO - Epoch(train) [25][270/779]  lr: 8.0000e-04  eta: 0:22:20  time: 0.1495  data_time: 0.0142  memory: 4189  grad_norm: 3.5239  loss: 3.6627  vote_loss: 2.5980  objectness_loss: 0.2612  semantic_loss: 0.1533  center_loss: 0.2330  dir_class_loss: 0.0000  dir_res_loss: 0.0000  size_class_loss: 0.1533  size_res_loss: 0.2639
2026/06/03 08:03:26 - mmengine - INFO - Epoch(train) [25][300/779]  lr: 8.0000e-04  eta: 0:22:16  time: 0.1493  data_time: 0.0137  memory: 4189  grad_norm: 3.6036  loss: 3.6564  vote_loss: 2.6240  objectness_loss: 0.2606  semantic_loss: 0.1495  center_loss: 0.2262  dir_class_loss: 0.0000  dir_res_loss: 0.0000  size_class_loss: 0.1495  size_res_loss: 0.2465
2026/06/03 08:03:27 - mmengine - INFO - Exp name: votenet_8xb8_scannet-3d_20260603_071635
2026/06/03 08:03:31 - mmengine - INFO - Epoch(train) [25][330/779]  lr: 8.0000e-04  eta: 0:22:11  time: 0.1505  data_time: 0.0142  memory: 4189  grad_norm: 3.3544  loss: 3.6001  vote_loss: 2.5807  objectness_loss: 0.2641  semantic_loss: 0.1459  center_loss: 0.2226  dir_class_loss: 0.0000  dir_res_loss: 0.0000  size_class_loss: 0.1459  size_res_loss: 0.2409
2026/06/03 08:03:35 - mmengine - INFO - Epoch(train) [25][360/779]  lr: 8.0000e-04  eta: 0:22:07  time: 0.1477  data_time: 0.0142  memory: 4189  grad_norm: 3.6400  loss: 3.6478  vote_loss: 2.5858  objectness_loss: 0.2638  semantic_loss: 0.1538  center_loss: 0.2211  dir_class_loss: 0.0000  dir_res_loss: 0.0000  size_class_loss: 0.1538  size_res_loss: 0.2695
2026/06/03 08:03:39 - mmengine - INFO - Epoch(train) [25][390/779]  lr: 8.0000e-04  eta: 0:22:02  time: 0.1483  data_time: 0.0148  memory: 4189  grad_norm: 3.8993  loss: 3.6639  vote_loss: 2.6268  objectness_loss: 0.2660  semantic_loss: 0.1401  center_loss: 0.2228  dir_class_loss: 0.0000  dir_res_loss: 0.0000  size_class_loss: 0.1401  size_res_loss: 0.2680
2026/06/03 08:03:44 - mmengine - INFO - Epoch(train) [25][420/779]  lr: 8.0000e-04  eta: 0:21:58  time: 0.1504  data_time: 0.0151  memory: 4189  grad_norm: 3.8612  loss: 3.4337  vote_loss: 2.4750  objectness_loss: 0.2539  semantic_loss: 0.1249  center_loss: 0.2070  dir_class_loss: 0.0000  dir_res_loss: 0.0000  size_class_loss: 0.1249  size_res_loss: 0.2480
2026/06/03 08:03:49 - mmengine - INFO - Epoch(train) [25][450/779]  lr: 8.0000e-04  eta: 0:21:54  time: 0.1497  data_time: 0.0142  memory: 4189  grad_norm: 3.6635  loss: 3.4623  vote_loss: 2.4911  objectness_loss: 0.2578  semantic_loss: 0.1287  center_loss: 0.2114  dir_class_loss: 0.0000  dir_res_loss: 0.0000  size_class_loss: 0.1287  size_res_loss: 0.2446
2026/06/03 08:03:53 - mmengine - INFO - Epoch(train) [25][480/779]  lr: 8.0000e-04  eta: 0:21:49  time: 0.1508  data_time: 0.0144  memory: 4189  grad_norm: 3.7176  loss: 3.5075  vote_loss: 2.5326  objectness_loss: 0.2395  semantic_loss: 0.1364  center_loss: 0.2239  dir_class_loss: 0.0000  dir_res_loss: 0.0000  size_class_loss: 0.1364  size_res_loss: 0.2387
2026/06/03 08:03:58 - mmengine - INFO - Epoch(train) [25][510/779]  lr: 8.0000e-04  eta: 0:21:45  time: 0.1525  data_time: 0.0148  memory: 4189  grad_norm: 3.6586  loss: 3.4837  vote_loss: 2.5260  objectness_loss: 0.2328  semantic_loss: 0.1335  center_loss: 0.2129  dir_class_loss: 0.0000  dir_res_loss: 0.0000  size_class_loss: 0.1335  size_res_loss: 0.2451
2026/06/03 08:04:02 - mmengine - INFO - Epoch(train) [25][540/779]  lr: 8.0000e-04  eta: 0:21:41  time: 0.1537  data_time: 0.0149  memory: 4189  grad_norm: 3.6873  loss: 3.5586  vote_loss: 2.5732  objectness_loss: 0.2463  semantic_loss: 0.1415  center_loss: 0.2130  dir_class_loss: 0.0000  dir_res_loss: 0.0000  size_class_loss: 0.1415  size_res_loss: 0.2431
2026/06/03 08:04:07 - mmengine - INFO - Epoch(train) [25][570/779]  lr: 8.0000e-04  eta: 0:21:36  time: 0.1539  data_time: 0.0153  memory: 4189  grad_norm: 3.8282  loss: 3.6174  vote_loss: 2.5913  objectness_loss: 0.2532  semantic_loss: 0.1544  center_loss: 0.2204  dir_class_loss: 0.0000  dir_res_loss: 0.0000  size_class_loss: 0.1544  size_res_loss: 0.2438
2026/06/03 08:04:11 - mmengine - INFO - Epoch(train) [25][600/779]  lr: 8.0000e-04  eta: 0:21:32  time: 0.1506  data_time: 0.0147  memory: 4189  grad_norm: 3.8804  loss: 3.3844  vote_loss: 2.4476  objectness_loss: 0.2301  semantic_loss: 0.1324  center_loss: 0.2070  dir_class_loss: 0.0000  dir_res_loss: 0.0000  size_class_loss: 0.1324  size_res_loss: 0.2349
2026/06/03 08:04:16 - mmengine - INFO - Epoch(train) [25][630/779]  lr: 8.0000e-04  eta: 0:21:27  time: 0.1505  data_time: 0.0146  memory: 4189  grad_norm: 3.5955  loss: 3.4594  vote_loss: 2.5218  objectness_loss: 0.2336  semantic_loss: 0.1299  center_loss: 0.2119  dir_class_loss: 0.0000  dir_res_loss: 0.0000  size_class_loss: 0.1299  size_res_loss: 0.2324
2026/06/03 08:04:20 - mmengine - INFO - Epoch(train) [25][660/779]  lr: 8.0000e-04  eta: 0:21:23  time: 0.1499  data_time: 0.0149  memory: 4189  grad_norm: 3.4496  loss: 3.5909  vote_loss: 2.6176  objectness_loss: 0.2556  semantic_loss: 0.1257  center_loss: 0.2191  dir_class_loss: 0.0000  dir_res_loss: 0.0000  size_class_loss: 0.1257  size_res_loss: 0.2472
2026/06/03 08:04:25 - mmengine - INFO - Epoch(train) [25][690/779]  lr: 8.0000e-04  eta: 0:21:19  time: 0.1516  data_time: 0.0151  memory: 4189  grad_norm: 3.6324  loss: 3.3672  vote_loss: 2.4349  objectness_loss: 0.2382  semantic_loss: 0.1268  center_loss: 0.2204  dir_class_loss: 0.0000  dir_res_loss: 0.0000  size_class_loss: 0.1268  size_res_loss: 0.2201
2026/06/03 08:04:30 - mmengine - INFO - Epoch(train) [25][720/779]  lr: 8.0000e-04  eta: 0:21:14  time: 0.1543  data_time: 0.0152  memory: 4189  grad_norm: 3.5795  loss: 3.3042  vote_loss: 2.4002  objectness_loss: 0.2295  semantic_loss: 0.1301  center_loss: 0.1975  dir_class_loss: 0.0000  dir_res_loss: 0.0000  size_class_loss: 0.1301  size_res_loss: 0.2167
2026/06/03 08:04:34 - mmengine - INFO - Epoch(train) [25][750/779]  lr: 8.0000e-04  eta: 0:21:10  time: 0.1552  data_time: 0.0153  memory: 4189  grad_norm: 3.5278  loss: 3.4909  vote_loss: 2.5235  objectness_loss: 0.2439  semantic_loss: 0.1363  center_loss: 0.2140  dir_class_loss: 0.0000  dir_res_loss: 0.0000  size_class_loss: 0.1363  size_res_loss: 0.2370
2026/06/03 08:04:39 - mmengine - INFO - Exp name: votenet_8xb8_scannet-3d_20260603_071635
2026/06/03 08:04:44 - mmengine - INFO - Epoch(train) [26][ 30/779]  lr: 8.0000e-04  eta: 0:21:02  time: 0.1667  data_time: 0.0254  memory: 4189  grad_norm: 3.9336  loss: 3.2949  vote_loss: 2.3579  objectness_loss: 0.2430  semantic_loss: 0.1341  center_loss: 0.2103  dir_class_loss: 0.0000  dir_res_loss: 0.0000  size_class_loss: 0.1341  size_res_loss: 0.2155
2026/06/03 08:04:49 - mmengine - INFO - Epoch(train) [26][ 60/779]  lr: 8.0000e-04  eta: 0:20:57  time: 0.1523  data_time: 0.0148  memory: 4189  grad_norm: 3.5679  loss: 3.3423  vote_loss: 2.3990  objectness_loss: 0.2460  semantic_loss: 0.1263  center_loss: 0.2114  dir_class_loss: 0.0000  dir_res_loss: 0.0000  size_class_loss: 0.1263  size_res_loss: 0.2332
2026/06/03 08:04:53 - mmengine - INFO - Epoch(train) [26][ 90/779]  lr: 8.0000e-04  eta: 0:20:53  time: 0.1474  data_time: 0.0139  memory: 4189  grad_norm: 3.6438  loss: 3.4052  vote_loss: 2.4540  objectness_loss: 0.2498  semantic_loss: 0.1250  center_loss: 0.2134  dir_class_loss: 0.0000  dir_res_loss: 0.0000  size_class_loss: 0.1250  size_res_loss: 0.2380
2026/06/03 08:04:57 - mmengine - INFO - Epoch(train) [26][120/779]  lr: 8.0000e-04  eta: 0:20:48  time: 0.1467  data_time: 0.0138  memory: 4189  grad_norm: 3.7455  loss: 3.4246  vote_loss: 2.4904  objectness_loss: 0.2432  semantic_loss: 0.1213  center_loss: 0.2101  dir_class_loss: 0.0000  dir_res_loss: 0.0000  size_class_loss: 0.1213  size_res_loss: 0.2383
2026/06/03 08:05:02 - mmengine - INFO - Epoch(train) [26][150/779]  lr: 8.0000e-04  eta: 0:20:44  time: 0.1466  data_time: 0.0137  memory: 4189  grad_norm: 3.7878  loss: 3.4832  vote_loss: 2.5660  objectness_loss: 0.2317  semantic_loss: 0.1202  center_loss: 0.2082  dir_class_loss: 0.0000  dir_res_loss: 0.0000  size_class_loss: 0.1202  size_res_loss: 0.2368
2026/06/03 08:05:06 - mmengine - INFO - Epoch(train) [26][180/779]  lr: 8.0000e-04  eta: 0:20:40  time: 0.1476  data_time: 0.0139  memory: 4189  grad_norm: 3.3867  loss: 3.4162  vote_loss: 2.5201  objectness_loss: 0.2288  semantic_loss: 0.1161  center_loss: 0.2045  dir_class_loss: 0.0000  dir_res_loss: 0.0000  size_class_loss: 0.1161  size_res_loss: 0.2306
2026/06/03 08:05:11 - mmengine - INFO - Epoch(train) [26][210/779]  lr: 8.0000e-04  eta: 0:20:35  time: 0.1472  data_time: 0.0141  memory: 4189  grad_norm: 3.4255  loss: 3.4554  vote_loss: 2.5213  objectness_loss: 0.2366  semantic_loss: 0.1233  center_loss: 0.2121  dir_class_loss: 0.0000  dir_res_loss: 0.0000  size_class_loss: 0.1233  size_res_loss: 0.2388
2026/06/03 08:05:15 - mmengine - INFO - Epoch(train) [26][240/779]  lr: 8.0000e-04  eta: 0:20:31  time: 0.1476  data_time: 0.0140  memory: 4189  grad_norm: 3.8001  loss: 3.4530  vote_loss: 2.5034  objectness_loss: 0.2416  semantic_loss: 0.1354  center_loss: 0.2103  dir_class_loss: 0.0000  dir_res_loss: 0.0000  size_class_loss: 0.1354  size_res_loss: 0.2268
2026/06/03 08:05:20 - mmengine - INFO - Epoch(train) [26][270/779]  lr: 8.0000e-04  eta: 0:20:26  time: 0.1478  data_time: 0.0142  memory: 4189  grad_norm: 3.7026  loss: 3.4992  vote_loss: 2.5431  objectness_loss: 0.2341  semantic_loss: 0.1344  center_loss: 0.2098  dir_class_loss: 0.0000  dir_res_loss: 0.0000  size_class_loss: 0.1344  size_res_loss: 0.2435
2026/06/03 08:05:24 - mmengine - INFO - Epoch(train) [26][300/779]  lr: 8.0000e-04  eta: 0:20:22  time: 0.1472  data_time: 0.0142  memory: 4189  grad_norm: 3.7871  loss: 3.3675  vote_loss: 2.4315  objectness_loss: 0.2266  semantic_loss: 0.1263  center_loss: 0.2040  dir_class_loss: 0.0000  dir_res_loss: 0.0000  size_class_loss: 0.1263  size_res_loss: 0.2527
2026/06/03 08:05:28 - mmengine - INFO - Epoch(train) [26][330/779]  lr: 8.0000e-04  eta: 0:20:17  time: 0.1470  data_time: 0.0141  memory: 4189  grad_norm: 4.0011  loss: 3.3041  vote_loss: 2.3911  objectness_loss: 0.2244  semantic_loss: 0.1233  center_loss: 0.2063  dir_class_loss: 0.0000  dir_res_loss: 0.0000  size_class_loss: 0.1233  size_res_loss: 0.2355
2026/06/03 08:05:33 - mmengine - INFO - Epoch(train) [26][360/779]  lr: 8.0000e-04  eta: 0:20:13  time: 0.1461  data_time: 0.0138  memory: 4189  grad_norm: 3.6951  loss: 3.2409  vote_loss: 2.3774  objectness_loss: 0.2187  semantic_loss: 0.1117  center_loss: 0.1984  dir_class_loss: 0.0000  dir_res_loss: 0.0000  size_class_loss: 0.1117  size_res_loss: 0.2231
2026/06/03 08:05:37 - mmengine - INFO - Epoch(train) [26][390/779]  lr: 8.0000e-04  eta: 0:20:08  time: 0.1467  data_time: 0.0137  memory: 4189  grad_norm: 3.5031  loss: 3.3221  vote_loss: 2.4405  objectness_loss: 0.2380  semantic_loss: 0.1117  center_loss: 0.2045  dir_class_loss: 0.0000  dir_res_loss: 0.0000  size_class_loss: 0.1117  size_res_loss: 0.2156
2026/06/03 08:05:42 - mmengine - INFO - Epoch(train) [26][420/779]  lr: 8.0000e-04  eta: 0:20:04  time: 0.1467  data_time: 0.0139  memory: 4189  grad_norm: 3.5912  loss: 3.3183  vote_loss: 2.4067  objectness_loss: 0.2449  semantic_loss: 0.1236  center_loss: 0.2062  dir_class_loss: 0.0000  dir_res_loss: 0.0000  size_class_loss: 0.1236  size_res_loss: 0.2132
2026/06/03 08:05:46 - mmengine - INFO - Epoch(train) [26][450/779]  lr: 8.0000e-04  eta: 0:20:00  time: 0.1526  data_time: 0.0145  memory: 4189  grad_norm: 3.7670  loss: 3.4248  vote_loss: 2.4778  objectness_loss: 0.2423  semantic_loss: 0.1262  center_loss: 0.2141  dir_class_loss: 0.0000  dir_res_loss: 0.0000  size_class_loss: 0.1262  size_res_loss: 0.2382
2026/06/03 08:05:51 - mmengine - INFO - Epoch(train) [26][480/779]  lr: 8.0000e-04  eta: 0:19:55  time: 0.1546  data_time: 0.0146  memory: 4189  grad_norm: 3.5870  loss: 3.3636  vote_loss: 2.4693  objectness_loss: 0.2307  semantic_loss: 0.1150  center_loss: 0.2007  dir_class_loss: 0.0000  dir_res_loss: 0.0000  size_class_loss: 0.1150  size_res_loss: 0.2328
2026/06/03 08:05:55 - mmengine - INFO - Epoch(train) [26][510/779]  lr: 8.0000e-04  eta: 0:19:51  time: 0.1511  data_time: 0.0145  memory: 4189  grad_norm: 3.5704  loss: 3.3709  vote_loss: 2.4795  objectness_loss: 0.2167  semantic_loss: 0.1171  center_loss: 0.2017  dir_class_loss: 0.0000  dir_res_loss: 0.0000  size_class_loss: 0.1171  size_res_loss: 0.2389
2026/06/03 08:05:58 - mmengine - INFO - Exp name: votenet_8xb8_scannet-3d_20260603_071635
2026/06/03 08:06:00 - mmengine - INFO - Epoch(train) [26][540/779]  lr: 8.0000e-04  eta: 0:19:46  time: 0.1489  data_time: 0.0140  memory: 4189  grad_norm: 3.6806  loss: 3.3869  vote_loss: 2.4437  objectness_loss: 0.2250  semantic_loss: 0.1295  center_loss: 0.2177  dir_class_loss: 0.0000  dir_res_loss: 0.0000  size_class_loss: 0.1295  size_res_loss: 0.2415
2026/06/03 08:06:05 - mmengine - INFO - Epoch(train) [26][570/779]  lr: 8.0000e-04  eta: 0:19:42  time: 0.1545  data_time: 0.0143  memory: 4189  grad_norm: 3.7575  loss: 3.2940  vote_loss: 2.3649  objectness_loss: 0.2273  semantic_loss: 0.1276  center_loss: 0.2103  dir_class_loss: 0.0000  dir_res_loss: 0.0000  size_class_loss: 0.1276  size_res_loss: 0.2363
2026/06/03 08:06:09 - mmengine - INFO - Epoch(train) [26][600/779]  lr: 8.0000e-04  eta: 0:19:38  time: 0.1525  data_time: 0.0136  memory: 4189  grad_norm: 3.8648  loss: 3.3109  vote_loss: 2.4053  objectness_loss: 0.2303  semantic_loss: 0.1226  center_loss: 0.1986  dir_class_loss: 0.0000  dir_res_loss: 0.0000  size_class_loss: 0.1226  size_res_loss: 0.2314
2026/06/03 08:06:13 - mmengine - INFO - Epoch(train) [26][630/779]  lr: 8.0000e-04  eta: 0:19:33  time: 0.1473  data_time: 0.0129  memory: 4189  grad_norm: 3.6566  loss: 3.4063  vote_loss: 2.4782  objectness_loss: 0.2433  semantic_loss: 0.1220  center_loss: 0.2094  dir_class_loss: 0.0000  dir_res_loss: 0.0000  size_class_loss: 0.1220  size_res_loss: 0.2314
2026/06/03 08:06:18 - mmengine - INFO - Epoch(train) [26][660/779]  lr: 8.0000e-04  eta: 0:19:29  time: 0.1480  data_time: 0.0137  memory: 4189  grad_norm: 3.7467  loss: 3.4813  vote_loss: 2.4692  objectness_loss: 0.2541  semantic_loss: 0.1420  center_loss: 0.2228  dir_class_loss: 0.0000  dir_res_loss: 0.0000  size_class_loss: 0.1420  size_res_loss: 0.2513
2026/06/03 08:06:23 - mmengine - INFO - Epoch(train) [26][690/779]  lr: 8.0000e-04  eta: 0:19:25  time: 0.1550  data_time: 0.0149  memory: 4189  grad_norm: 3.8106  loss: 3.4834  vote_loss: 2.4853  objectness_loss: 0.2451  semantic_loss: 0.1401  center_loss: 0.2211  dir_class_loss: 0.0000  dir_res_loss: 0.0000  size_class_loss: 0.1401  size_res_loss: 0.2518
2026/06/03 08:06:27 - mmengine - INFO - Epoch(train) [26][720/779]  lr: 8.0000e-04  eta: 0:19:20  time: 0.1542  data_time: 0.0150  memory: 4189  grad_norm: 3.7561  loss: 3.4238  vote_loss: 2.4583  objectness_loss: 0.2402  semantic_loss: 0.1344  center_loss: 0.2148  dir_class_loss: 0.0000  dir_res_loss: 0.0000  size_class_loss: 0.1344  size_res_loss: 0.2417
2026/06/03 08:06:32 - mmengine - INFO - Epoch(train) [26][750/779]  lr: 8.0000e-04  eta: 0:19:16  time: 0.1478  data_time: 0.0141  memory: 4189  grad_norm: 3.6587  loss: 3.3670  vote_loss: 2.4281  objectness_loss: 0.2352  semantic_loss: 0.1232  center_loss: 0.2170  dir_class_loss: 0.0000  dir_res_loss: 0.0000  size_class_loss: 0.1232  size_res_loss: 0.2402
2026/06/03 08:06:36 - mmengine - INFO - Exp name: votenet_8xb8_scannet-3d_20260603_071635
2026/06/03 08:06:41 - mmengine - INFO - Epoch(train) [27][ 30/779]  lr: 8.0000e-04  eta: 0:19:07  time: 0.1648  data_time: 0.0234  memory: 4189  grad_norm: 3.8777  loss: 3.2596  vote_loss: 2.3616  objectness_loss: 0.2229  semantic_loss: 0.1271  center_loss: 0.2049  dir_class_loss: 0.0000  dir_res_loss: 0.0000  size_class_loss: 0.1271  size_res_loss: 0.2161
2026/06/03 08:06:46 - mmengine - INFO - Epoch(train) [27][ 60/779]  lr: 8.0000e-04  eta: 0:19:03  time: 0.1500  data_time: 0.0142  memory: 4189  grad_norm: 3.7506  loss: 3.2200  vote_loss: 2.3400  objectness_loss: 0.2213  semantic_loss: 0.1230  center_loss: 0.2039  dir_class_loss: 0.0000  dir_res_loss: 0.0000  size_class_loss: 0.1230  size_res_loss: 0.2088
2026/06/03 08:06:50 - mmengine - INFO - Epoch(train) [27][ 90/779]  lr: 8.0000e-04  eta: 0:18:58  time: 0.1499  data_time: 0.0143  memory: 4189  grad_norm: 3.5605  loss: 3.1714  vote_loss: 2.3051  objectness_loss: 0.2239  semantic_loss: 0.1193  center_loss: 0.1970  dir_class_loss: 0.0000  dir_res_loss: 0.0000  size_class_loss: 0.1193  size_res_loss: 0.2069
2026/06/03 08:06:55 - mmengine - INFO - Epoch(train) [27][120/779]  lr: 8.0000e-04  eta: 0:18:54  time: 0.1514  data_time: 0.0146  memory: 4189  grad_norm: 3.5900  loss: 3.2202  vote_loss: 2.3369  objectness_loss: 0.2224  semantic_loss: 0.1250  center_loss: 0.1988  dir_class_loss: 0.0000  dir_res_loss: 0.0000  size_class_loss: 0.1250  size_res_loss: 0.2121
2026/06/03 08:06:59 - mmengine - INFO - Epoch(train) [27][150/779]  lr: 8.0000e-04  eta: 0:18:50  time: 0.1471  data_time: 0.0139  memory: 4189  grad_norm: 3.5550  loss: 3.3128  vote_loss: 2.4016  objectness_loss: 0.2231  semantic_loss: 0.1233  center_loss: 0.2024  dir_class_loss: 0.0000  dir_res_loss: 0.0000  size_class_loss: 0.1233  size_res_loss: 0.2391
2026/06/03 08:07:03 - mmengine - INFO - Epoch(train) [27][180/779]  lr: 8.0000e-04  eta: 0:18:45  time: 0.1470  data_time: 0.0138  memory: 4189  grad_norm: 3.6646  loss: 3.3444  vote_loss: 2.4068  objectness_loss: 0.2333  semantic_loss: 0.1257  center_loss: 0.2096  dir_class_loss: 0.0000  dir_res_loss: 0.0000  size_class_loss: 0.1257  size_res_loss: 0.2432
2026/06/03 08:07:08 - mmengine - INFO - Epoch(train) [27][210/779]  lr: 8.0000e-04  eta: 0:18:41  time: 0.1476  data_time: 0.0140  memory: 4189  grad_norm: 3.5144  loss: 3.2263  vote_loss: 2.3587  objectness_loss: 0.2186  semantic_loss: 0.1135  center_loss: 0.1922  dir_class_loss: 0.0000  dir_res_loss: 0.0000  size_class_loss: 0.1135  size_res_loss: 0.2298
2026/06/03 08:07:12 - mmengine - INFO - Epoch(train) [27][240/779]  lr: 8.0000e-04  eta: 0:18:36  time: 0.1478  data_time: 0.0140  memory: 4189  grad_norm: 3.6080  loss: 3.2932  vote_loss: 2.3985  objectness_loss: 0.2417  semantic_loss: 0.1168  center_loss: 0.2026  dir_class_loss: 0.0000  dir_res_loss: 0.0000  size_class_loss: 0.1168  size_res_loss: 0.2169
2026/06/03 08:07:17 - mmengine - INFO - Epoch(train) [27][270/779]  lr: 8.0000e-04  eta: 0:18:32  time: 0.1472  data_time: 0.0139  memory: 4189  grad_norm: 3.7139  loss: 3.3544  vote_loss: 2.4381  objectness_loss: 0.2404  semantic_loss: 0.1197  center_loss: 0.2038  dir_class_loss: 0.0000  dir_res_loss: 0.0000  size_class_loss: 0.1197  size_res_loss: 0.2327
2026/06/03 08:07:21 - mmengine - INFO - Epoch(train) [27][300/779]  lr: 8.0000e-04  eta: 0:18:27  time: 0.1466  data_time: 0.0140  memory: 4189  grad_norm: 3.6839  loss: 3.3897  vote_loss: 2.4913  objectness_loss: 0.2296  semantic_loss: 0.1174  center_loss: 0.2005  dir_class_loss: 0.0000  dir_res_loss: 0.0000  size_class_loss: 0.1174  size_res_loss: 0.2335
2026/06/03 08:07:26 - mmengine - INFO - Epoch(train) [27][330/779]  lr: 8.0000e-04  eta: 0:18:23  time: 0.1473  data_time: 0.0140  memory: 4189  grad_norm: 3.4819  loss: 3.4260  vote_loss: 2.5096  objectness_loss: 0.2271  semantic_loss: 0.1208  center_loss: 0.2010  dir_class_loss: 0.0000  dir_res_loss: 0.0000  size_class_loss: 0.1208  size_res_loss: 0.2467
2026/06/03 08:07:30 - mmengine - INFO - Epoch(train) [27][360/779]  lr: 8.0000e-04  eta: 0:18:19  time: 0.1498  data_time: 0.0142  memory: 4189  grad_norm: 3.4403  loss: 3.2165  vote_loss: 2.3530  objectness_loss: 0.2181  semantic_loss: 0.1202  center_loss: 0.1943  dir_class_loss: 0.0000  dir_res_loss: 0.0000  size_class_loss: 0.1202  size_res_loss: 0.2107
2026/06/03 08:07:35 - mmengine - INFO - Epoch(train) [27][390/779]  lr: 8.0000e-04  eta: 0:18:14  time: 0.1509  data_time: 0.0143  memory: 4189  grad_norm: 3.4912  loss: 3.2422  vote_loss: 2.3823  objectness_loss: 0.2281  semantic_loss: 0.1127  center_loss: 0.1949  dir_class_loss: 0.0000  dir_res_loss: 0.0000  size_class_loss: 0.1127  size_res_loss: 0.2116
2026/06/03 08:07:39 - mmengine - INFO - Epoch(train) [27][420/779]  lr: 8.0000e-04  eta: 0:18:10  time: 0.1479  data_time: 0.0140  memory: 4189  grad_norm: 3.6730  loss: 3.3257  vote_loss: 2.4447  objectness_loss: 0.2271  semantic_loss: 0.1178  center_loss: 0.2010  dir_class_loss: 0.0000  dir_res_loss: 0.0000  size_class_loss: 0.1178  size_res_loss: 0.2172
2026/06/03 08:07:43 - mmengine - INFO - Epoch(train) [27][450/779]  lr: 8.0000e-04  eta: 0:18:05  time: 0.1455  data_time: 0.0140  memory: 4189  grad_norm: 3.6366  loss: 3.3778  vote_loss: 2.4256  objectness_loss: 0.2320  semantic_loss: 0.1396  center_loss: 0.2078  dir_class_loss: 0.0000  dir_res_loss: 0.0000  size_class_loss: 0.1396  size_res_loss: 0.2332
2026/06/03 08:07:48 - mmengine - INFO - Epoch(train) [27][480/779]  lr: 8.0000e-04  eta: 0:18:01  time: 0.1449  data_time: 0.0139  memory: 4189  grad_norm: 3.6867  loss: 3.3422  vote_loss: 2.4133  objectness_loss: 0.2242  semantic_loss: 0.1328  center_loss: 0.2049  dir_class_loss: 0.0000  dir_res_loss: 0.0000  size_class_loss: 0.1328  size_res_loss: 0.2343
2026/06/03 08:07:52 - mmengine - INFO - Epoch(train) [27][510/779]  lr: 8.0000e-04  eta: 0:17:56  time: 0.1463  data_time: 0.0140  memory: 4189  grad_norm: 3.3307  loss: 3.3626  vote_loss: 2.4513  objectness_loss: 0.2271  semantic_loss: 0.1202  center_loss: 0.2084  dir_class_loss: 0.0000  dir_res_loss: 0.0000  size_class_loss: 0.1202  size_res_loss: 0.2355
2026/06/03 08:07:57 - mmengine - INFO - Epoch(train) [27][540/779]  lr: 8.0000e-04  eta: 0:17:52  time: 0.1466  data_time: 0.0134  memory: 4189  grad_norm: 3.5870  loss: 3.3745  vote_loss: 2.4382  objectness_loss: 0.2338  semantic_loss: 0.1198  center_loss: 0.2100  dir_class_loss: 0.0000  dir_res_loss: 0.0000  size_class_loss: 0.1198  size_res_loss: 0.2529
2026/06/03 08:08:01 - mmengine - INFO - Epoch(train) [27][570/779]  lr: 8.0000e-04  eta: 0:17:47  time: 0.1468  data_time: 0.0130  memory: 4189  grad_norm: 3.4877  loss: 3.4618  vote_loss: 2.5506  objectness_loss: 0.2370  semantic_loss: 0.1066  center_loss: 0.2013  dir_class_loss: 0.0000  dir_res_loss: 0.0000  size_class_loss: 0.1066  size_res_loss: 0.2595
2026/06/03 08:08:05 - mmengine - INFO - Epoch(train) [27][600/779]  lr: 8.0000e-04  eta: 0:17:43  time: 0.1480  data_time: 0.0138  memory: 4189  grad_norm: 3.5731  loss: 3.2907  vote_loss: 2.4235  objectness_loss: 0.2248  semantic_loss: 0.1137  center_loss: 0.1937  dir_class_loss: 0.0000  dir_res_loss: 0.0000  size_class_loss: 0.1137  size_res_loss: 0.2212
2026/06/03 08:08:10 - mmengine - INFO - Epoch(train) [27][630/779]  lr: 8.0000e-04  eta: 0:17:39  time: 0.1534  data_time: 0.0151  memory: 4189  grad_norm: 3.9294  loss: 3.3375  vote_loss: 2.4122  objectness_loss: 0.2348  semantic_loss: 0.1229  center_loss: 0.2068  dir_class_loss: 0.0000  dir_res_loss: 0.0000  size_class_loss: 0.1229  size_res_loss: 0.2379
2026/06/03 08:08:15 - mmengine - INFO - Epoch(train) [27][660/779]  lr: 8.0000e-04  eta: 0:17:34  time: 0.1556  data_time: 0.0160  memory: 4189  grad_norm: 4.1210  loss: 3.3249  vote_loss: 2.4318  objectness_loss: 0.2185  semantic_loss: 0.1172  center_loss: 0.2065  dir_class_loss: 0.0000  dir_res_loss: 0.0000  size_class_loss: 0.1172  size_res_loss: 0.2339
2026/06/03 08:08:19 - mmengine - INFO - Epoch(train) [27][690/779]  lr: 8.0000e-04  eta: 0:17:30  time: 0.1537  data_time: 0.0152  memory: 4189  grad_norm: 3.9356  loss: 3.1843  vote_loss: 2.2957  objectness_loss: 0.2266  semantic_loss: 0.1235  center_loss: 0.1998  dir_class_loss: 0.0000  dir_res_loss: 0.0000  size_class_loss: 0.1235  size_res_loss: 0.2153
2026/06/03 08:08:24 - mmengine - INFO - Epoch(train) [27][720/779]  lr: 8.0000e-04  eta: 0:17:26  time: 0.1586  data_time: 0.0194  memory: 4189  grad_norm: 3.7245  loss: 3.1607  vote_loss: 2.2879  objectness_loss: 0.2248  semantic_loss: 0.1153  center_loss: 0.2014  dir_class_loss: 0.0000  dir_res_loss: 0.0000  size_class_loss: 0.1153  size_res_loss: 0.2160
2026/06/03 08:08:28 - mmengine - INFO - Exp name: votenet_8xb8_scannet-3d_20260603_071635
2026/06/03 08:08:29 - mmengine - INFO - Epoch(train) [27][750/779]  lr: 8.0000e-04  eta: 0:17:21  time: 0.1532  data_time: 0.0194  memory: 4189  grad_norm: 3.6881  loss: 3.2250  vote_loss: 2.3514  objectness_loss: 0.2264  semantic_loss: 0.1133  center_loss: 0.1992  dir_class_loss: 0.0000  dir_res_loss: 0.0000  size_class_loss: 0.1133  size_res_loss: 0.2213
2026/06/03 08:08:33 - mmengine - INFO - Exp name: votenet_8xb8_scannet-3d_20260603_071635
2026/06/03 08:08:38 - mmengine - INFO - Epoch(train) [28][ 30/779]  lr: 8.0000e-04  eta: 0:17:13  time: 0.1591  data_time: 0.0231  memory: 4189  grad_norm: 3.6008  loss: 3.2623  vote_loss: 2.3751  objectness_loss: 0.2207  semantic_loss: 0.1200  center_loss: 0.2001  dir_class_loss: 0.0000  dir_res_loss: 0.0000  size_class_loss: 0.1200  size_res_loss: 0.2263
2026/06/03 08:08:43 - mmengine - INFO - Epoch(train) [28][ 60/779]  lr: 8.0000e-04  eta: 0:17:08  time: 0.1506  data_time: 0.0146  memory: 4189  grad_norm: 3.6976  loss: 3.2698  vote_loss: 2.3894  objectness_loss: 0.2142  semantic_loss: 0.1223  center_loss: 0.1989  dir_class_loss: 0.0000  dir_res_loss: 0.0000  size_class_loss: 0.1223  size_res_loss: 0.2226
2026/06/03 08:08:47 - mmengine - INFO - Epoch(train) [28][ 90/779]  lr: 8.0000e-04  eta: 0:17:04  time: 0.1517  data_time: 0.0151  memory: 4189  grad_norm: 3.8974  loss: 3.3774  vote_loss: 2.4879  objectness_loss: 0.2250  semantic_loss: 0.1140  center_loss: 0.2032  dir_class_loss: 0.0000  dir_res_loss: 0.0000  size_class_loss: 0.1140  size_res_loss: 0.2334
2026/06/03 08:08:52 - mmengine - INFO - Epoch(train) [28][120/779]  lr: 8.0000e-04  eta: 0:16:59  time: 0.1511  data_time: 0.0147  memory: 4189  grad_norm: 3.9418  loss: 3.3466  vote_loss: 2.4679  objectness_loss: 0.2210  semantic_loss: 0.1127  center_loss: 0.1936  dir_class_loss: 0.0000  dir_res_loss: 0.0000  size_class_loss: 0.1127  size_res_loss: 0.2386
2026/06/03 08:08:56 - mmengine - INFO - Epoch(train) [28][150/779]  lr: 8.0000e-04  eta: 0:16:55  time: 0.1541  data_time: 0.0149  memory: 4189  grad_norm: 3.9440  loss: 3.2820  vote_loss: 2.4175  objectness_loss: 0.2219  semantic_loss: 0.1155  center_loss: 0.1945  dir_class_loss: 0.0000  dir_res_loss: 0.0000  size_class_loss: 0.1155  size_res_loss: 0.2170
2026/06/03 08:09:01 - mmengine - INFO - Epoch(train) [28][180/779]  lr: 8.0000e-04  eta: 0:16:51  time: 0.1549  data_time: 0.0151  memory: 4189  grad_norm: 3.9476  loss: 3.2764  vote_loss: 2.4000  objectness_loss: 0.2219  semantic_loss: 0.1207  center_loss: 0.1996  dir_class_loss: 0.0000  dir_res_loss: 0.0000  size_class_loss: 0.1207  size_res_loss: 0.2136
2026/06/03 08:09:06 - mmengine - INFO - Epoch(train) [28][210/779]  lr: 8.0000e-04  eta: 0:16:46  time: 0.1572  data_time: 0.0155  memory: 4189  grad_norm: 3.8896  loss: 3.1778  vote_loss: 2.3190  objectness_loss: 0.2083  semantic_loss: 0.1170  center_loss: 0.1978  dir_class_loss: 0.0000  dir_res_loss: 0.0000  size_class_loss: 0.1170  size_res_loss: 0.2187
2026/06/03 08:09:10 - mmengine - INFO - Epoch(train) [28][240/779]  lr: 8.0000e-04  eta: 0:16:42  time: 0.1518  data_time: 0.0145  memory: 4189  grad_norm: 3.8828  loss: 3.2296  vote_loss: 2.3701  objectness_loss: 0.2124  semantic_loss: 0.1122  center_loss: 0.1976  dir_class_loss: 0.0000  dir_res_loss: 0.0000  size_class_loss: 0.1122  size_res_loss: 0.2253
2026/06/03 08:09:15 - mmengine - INFO - Epoch(train) [28][270/779]  lr: 8.0000e-04  eta: 0:16:37  time: 0.1499  data_time: 0.0143  memory: 4189  grad_norm: 3.8200  loss: 3.3289  vote_loss: 2.4197  objectness_loss: 0.2297  semantic_loss: 0.1209  center_loss: 0.2097  dir_class_loss: 0.0000  dir_res_loss: 0.0000  size_class_loss: 0.1209  size_res_loss: 0.2281
2026/06/03 08:09:19 - mmengine - INFO - Epoch(train) [28][300/779]  lr: 8.0000e-04  eta: 0:16:33  time: 0.1527  data_time: 0.0146  memory: 4189  grad_norm: 3.8871  loss: 3.3864  vote_loss: 2.4482  objectness_loss: 0.2512  semantic_loss: 0.1247  center_loss: 0.2117  dir_class_loss: 0.0000  dir_res_loss: 0.0000  size_class_loss: 0.1247  size_res_loss: 0.2258
2026/06/03 08:09:24 - mmengine - INFO - Epoch(train) [28][330/779]  lr: 8.0000e-04  eta: 0:16:29  time: 0.1533  data_time: 0.0146  memory: 4189  grad_norm: 3.6193  loss: 3.2716  vote_loss: 2.3614  objectness_loss: 0.2454  semantic_loss: 0.1179  center_loss: 0.1967  dir_class_loss: 0.0000  dir_res_loss: 0.0000  size_class_loss: 0.1179  size_res_loss: 0.2324
2026/06/03 08:09:28 - mmengine - INFO - Epoch(train) [28][360/779]  lr: 8.0000e-04  eta: 0:16:24  time: 0.1506  data_time: 0.0143  memory: 4189  grad_norm: 3.7455  loss: 3.2409  vote_loss: 2.3674  objectness_loss: 0.2272  semantic_loss: 0.1088  center_loss: 0.2021  dir_class_loss: 0.0000  dir_res_loss: 0.0000  size_class_loss: 0.1088  size_res_loss: 0.2267
2026/06/03 08:09:33 - mmengine - INFO - Epoch(train) [28][390/779]  lr: 8.0000e-04  eta: 0:16:20  time: 0.1497  data_time: 0.0142  memory: 4189  grad_norm: 3.8224  loss: 3.2199  vote_loss: 2.3446  objectness_loss: 0.2254  semantic_loss: 0.1176  center_loss: 0.2011  dir_class_loss: 0.0000  dir_res_loss: 0.0000  size_class_loss: 0.1176  size_res_loss: 0.2135
2026/06/03 08:09:37 - mmengine - INFO - Epoch(train) [28][420/779]  lr: 8.0000e-04  eta: 0:16:15  time: 0.1473  data_time: 0.0139  memory: 4189  grad_norm: 3.6532  loss: 3.2246  vote_loss: 2.3669  objectness_loss: 0.2139  semantic_loss: 0.1156  center_loss: 0.1957  dir_class_loss: 0.0000  dir_res_loss: 0.0000  size_class_loss: 0.1156  size_res_loss: 0.2168
2026/06/03 08:09:41 - mmengine - INFO - Epoch(train) [28][450/779]  lr: 8.0000e-04  eta: 0:16:11  time: 0.1465  data_time: 0.0142  memory: 4189  grad_norm: 3.6083  loss: 3.2724  vote_loss: 2.3811  objectness_loss: 0.2317  semantic_loss: 0.1190  center_loss: 0.2008  dir_class_loss: 0.0000  dir_res_loss: 0.0000  size_class_loss: 0.1190  size_res_loss: 0.2209
2026/06/03 08:09:46 - mmengine - INFO - Epoch(train) [28][480/779]  lr: 8.0000e-04  eta: 0:16:06  time: 0.1491  data_time: 0.0142  memory: 4189  grad_norm: 3.8404  loss: 3.2632  vote_loss: 2.3420  objectness_loss: 0.2375  semantic_loss: 0.1235  center_loss: 0.2061  dir_class_loss: 0.0000  dir_res_loss: 0.0000  size_class_loss: 0.1235  size_res_loss: 0.2306
2026/06/03 08:09:51 - mmengine - INFO - Epoch(train) [28][510/779]  lr: 8.0000e-04  eta: 0:16:02  time: 0.1541  data_time: 0.0142  memory: 4189  grad_norm: 3.7960  loss: 3.2338  vote_loss: 2.3678  objectness_loss: 0.2204  semantic_loss: 0.1143  center_loss: 0.2023  dir_class_loss: 0.0000  dir_res_loss: 0.0000  size_class_loss: 0.1143  size_res_loss: 0.2147
2026/06/03 08:09:55 - mmengine - INFO - Epoch(train) [28][540/779]  lr: 8.0000e-04  eta: 0:15:58  time: 0.1559  data_time: 0.0145  memory: 4189  grad_norm: 3.5137  loss: 3.2279  vote_loss: 2.3589  objectness_loss: 0.2125  semantic_loss: 0.1141  center_loss: 0.2007  dir_class_loss: 0.0000  dir_res_loss: 0.0000  size_class_loss: 0.1141  size_res_loss: 0.2276
2026/06/03 08:10:00 - mmengine - INFO - Epoch(train) [28][570/779]  lr: 8.0000e-04  eta: 0:15:53  time: 0.1510  data_time: 0.0142  memory: 4189  grad_norm: 3.5368  loss: 3.1616  vote_loss: 2.3082  objectness_loss: 0.1982  semantic_loss: 0.1180  center_loss: 0.1958  dir_class_loss: 0.0000  dir_res_loss: 0.0000  size_class_loss: 0.1180  size_res_loss: 0.2233
2026/06/03 08:10:04 - mmengine - INFO - Epoch(train) [28][600/779]  lr: 8.0000e-04  eta: 0:15:49  time: 0.1463  data_time: 0.0138  memory: 4189  grad_norm: 3.5332  loss: 3.2766  vote_loss: 2.3863  objectness_loss: 0.2155  semantic_loss: 0.1256  center_loss: 0.1978  dir_class_loss: 0.0000  dir_res_loss: 0.0000  size_class_loss: 0.1256  size_res_loss: 0.2258
2026/06/03 08:10:09 - mmengine - INFO - Epoch(train) [28][630/779]  lr: 8.0000e-04  eta: 0:15:44  time: 0.1468  data_time: 0.0139  memory: 4189  grad_norm: 3.5294  loss: 3.1639  vote_loss: 2.2928  objectness_loss: 0.2194  semantic_loss: 0.1172  center_loss: 0.1929  dir_class_loss: 0.0000  dir_res_loss: 0.0000  size_class_loss: 0.1172  size_res_loss: 0.2243
2026/06/03 08:10:13 - mmengine - INFO - Epoch(train) [28][660/779]  lr: 8.0000e-04  eta: 0:15:40  time: 0.1469  data_time: 0.0140  memory: 4189  grad_norm: 3.8687  loss: 3.1878  vote_loss: 2.3319  objectness_loss: 0.2215  semantic_loss: 0.1128  center_loss: 0.1884  dir_class_loss: 0.0000  dir_res_loss: 0.0000  size_class_loss: 0.1128  size_res_loss: 0.2202
2026/06/03 08:10:17 - mmengine - INFO - Epoch(train) [28][690/779]  lr: 8.0000e-04  eta: 0:15:35  time: 0.1454  data_time: 0.0136  memory: 4189  grad_norm: 3.9713  loss: 3.3298  vote_loss: 2.4374  objectness_loss: 0.2286  semantic_loss: 0.1134  center_loss: 0.1997  dir_class_loss: 0.0000  dir_res_loss: 0.0000  size_class_loss: 0.1134  size_res_loss: 0.2373
2026/06/03 08:10:22 - mmengine - INFO - Epoch(train) [28][720/779]  lr: 8.0000e-04  eta: 0:15:31  time: 0.1521  data_time: 0.0144  memory: 4189  grad_norm: 3.7307  loss: 3.2583  vote_loss: 2.3794  objectness_loss: 0.2214  semantic_loss: 0.1147  center_loss: 0.1988  dir_class_loss: 0.0000  dir_res_loss: 0.0000  size_class_loss: 0.1147  size_res_loss: 0.2293
2026/06/03 08:10:26 - mmengine - INFO - Epoch(train) [28][750/779]  lr: 8.0000e-04  eta: 0:15:27  time: 0.1493  data_time: 0.0141  memory: 4189  grad_norm: 3.6147  loss: 3.3628  vote_loss: 2.4630  objectness_loss: 0.2242  semantic_loss: 0.1232  center_loss: 0.1988  dir_class_loss: 0.0000  dir_res_loss: 0.0000  size_class_loss: 0.1233  size_res_loss: 0.2302
2026/06/03 08:10:31 - mmengine - INFO - Exp name: votenet_8xb8_scannet-3d_20260603_071635
2026/06/03 08:10:36 - mmengine - INFO - Epoch(train) [29][ 30/779]  lr: 8.0000e-04  eta: 0:15:18  time: 0.1631  data_time: 0.0239  memory: 4189  grad_norm: 3.7405  loss: 3.3367  vote_loss: 2.4594  objectness_loss: 0.2254  semantic_loss: 0.1150  center_loss: 0.2026  dir_class_loss: 0.0000  dir_res_loss: 0.0000  size_class_loss: 0.1150  size_res_loss: 0.2194
2026/06/03 08:10:40 - mmengine - INFO - Epoch(train) [29][ 60/779]  lr: 8.0000e-04  eta: 0:15:14  time: 0.1518  data_time: 0.0150  memory: 4189  grad_norm: 3.7187  loss: 3.1465  vote_loss: 2.3356  objectness_loss: 0.2154  semantic_loss: 0.0969  center_loss: 0.1960  dir_class_loss: 0.0000  dir_res_loss: 0.0000  size_class_loss: 0.0969  size_res_loss: 0.2057
2026/06/03 08:10:45 - mmengine - INFO - Epoch(train) [29][ 90/779]  lr: 8.0000e-04  eta: 0:15:09  time: 0.1509  data_time: 0.0149  memory: 4189  grad_norm: 4.0433  loss: 3.2247  vote_loss: 2.4051  objectness_loss: 0.2093  semantic_loss: 0.0995  center_loss: 0.1995  dir_class_loss: 0.0000  dir_res_loss: 0.0000  size_class_loss: 0.0995  size_res_loss: 0.2119
2026/06/03 08:10:49 - mmengine - INFO - Epoch(train) [29][120/779]  lr: 8.0000e-04  eta: 0:15:05  time: 0.1515  data_time: 0.0148  memory: 4189  grad_norm: 3.8215  loss: 3.3676  vote_loss: 2.5041  objectness_loss: 0.2102  semantic_loss: 0.1110  center_loss: 0.2020  dir_class_loss: 0.0000  dir_res_loss: 0.0000  size_class_loss: 0.1110  size_res_loss: 0.2293
2026/06/03 08:10:54 - mmengine - INFO - Epoch(train) [29][150/779]  lr: 8.0000e-04  eta: 0:15:00  time: 0.1459  data_time: 0.0139  memory: 4189  grad_norm: 3.6432  loss: 3.3197  vote_loss: 2.4118  objectness_loss: 0.2179  semantic_loss: 0.1297  center_loss: 0.2026  dir_class_loss: 0.0000  dir_res_loss: 0.0000  size_class_loss: 0.1297  size_res_loss: 0.2280
2026/06/03 08:10:58 - mmengine - INFO - Epoch(train) [29][180/779]  lr: 8.0000e-04  eta: 0:14:56  time: 0.1463  data_time: 0.0141  memory: 4189  grad_norm: 3.5479  loss: 3.2888  vote_loss: 2.4073  objectness_loss: 0.2269  semantic_loss: 0.1163  center_loss: 0.2002  dir_class_loss: 0.0000  dir_res_loss: 0.0000  size_class_loss: 0.1163  size_res_loss: 0.2219
2026/06/03 08:10:59 - mmengine - INFO - Exp name: votenet_8xb8_scannet-3d_20260603_071635
2026/06/03 08:11:02 - mmengine - INFO - Epoch(train) [29][210/779]  lr: 8.0000e-04  eta: 0:14:51  time: 0.1468  data_time: 0.0141  memory: 4189  grad_norm: 3.4194  loss: 3.1765  vote_loss: 2.3283  objectness_loss: 0.2202  semantic_loss: 0.1021  center_loss: 0.1935  dir_class_loss: 0.0000  dir_res_loss: 0.0000  size_class_loss: 0.1021  size_res_loss: 0.2304
2026/06/03 08:11:07 - mmengine - INFO - Epoch(train) [29][240/779]  lr: 8.0000e-04  eta: 0:14:47  time: 0.1457  data_time: 0.0139  memory: 4189  grad_norm: 3.5863  loss: 3.1804  vote_loss: 2.3113  objectness_loss: 0.2141  semantic_loss: 0.1156  center_loss: 0.2011  dir_class_loss: 0.0000  dir_res_loss: 0.0000  size_class_loss: 0.1156  size_res_loss: 0.2227
2026/06/03 08:11:11 - mmengine - INFO - Epoch(train) [29][270/779]  lr: 8.0000e-04  eta: 0:14:42  time: 0.1459  data_time: 0.0140  memory: 4189  grad_norm: 3.6447  loss: 3.2065  vote_loss: 2.3519  objectness_loss: 0.2213  semantic_loss: 0.1153  center_loss: 0.1956  dir_class_loss: 0.0000  dir_res_loss: 0.0000  size_class_loss: 0.1153  size_res_loss: 0.2072
2026/06/03 08:11:16 - mmengine - INFO - Epoch(train) [29][300/779]  lr: 8.0000e-04  eta: 0:14:38  time: 0.1448  data_time: 0.0141  memory: 4189  grad_norm: 3.7941  loss: 3.2146  vote_loss: 2.3702  objectness_loss: 0.2160  semantic_loss: 0.1100  center_loss: 0.1934  dir_class_loss: 0.0000  dir_res_loss: 0.0000  size_class_loss: 0.1100  size_res_loss: 0.2150
2026/06/03 08:11:20 - mmengine - INFO - Epoch(train) [29][330/779]  lr: 8.0000e-04  eta: 0:14:33  time: 0.1431  data_time: 0.0137  memory: 4189  grad_norm: 3.6656  loss: 3.1354  vote_loss: 2.2969  objectness_loss: 0.2053  semantic_loss: 0.1089  center_loss: 0.1938  dir_class_loss: 0.0000  dir_res_loss: 0.0000  size_class_loss: 0.1089  size_res_loss: 0.2215
2026/06/03 08:11:24 - mmengine - INFO - Epoch(train) [29][360/779]  lr: 8.0000e-04  eta: 0:14:29  time: 0.1493  data_time: 0.0143  memory: 4189  grad_norm: 3.6335  loss: 3.1485  vote_loss: 2.3126  objectness_loss: 0.1950  semantic_loss: 0.1125  center_loss: 0.1940  dir_class_loss: 0.0000  dir_res_loss: 0.0000  size_class_loss: 0.1125  size_res_loss: 0.2219
2026/06/03 08:11:29 - mmengine - INFO - Epoch(train) [29][390/779]  lr: 8.0000e-04  eta: 0:14:25  time: 0.1486  data_time: 0.0145  memory: 4189  grad_norm: 3.7887  loss: 3.1222  vote_loss: 2.2969  objectness_loss: 0.1960  semantic_loss: 0.1091  center_loss: 0.1859  dir_class_loss: 0.0000  dir_res_loss: 0.0000  size_class_loss: 0.1091  size_res_loss: 0.2254
2026/06/03 08:11:33 - mmengine - INFO - Epoch(train) [29][420/779]  lr: 8.0000e-04  eta: 0:14:20  time: 0.1465  data_time: 0.0141  memory: 4189  grad_norm: 3.9067  loss: 3.1212  vote_loss: 2.3031  objectness_loss: 0.2023  semantic_loss: 0.1042  center_loss: 0.1938  dir_class_loss: 0.0000  dir_res_loss: 0.0000  size_class_loss: 0.1042  size_res_loss: 0.2135
2026/06/03 08:11:38 - mmengine - INFO - Epoch(train) [29][450/779]  lr: 8.0000e-04  eta: 0:14:16  time: 0.1470  data_time: 0.0140  memory: 4189  grad_norm: 3.9373  loss: 3.2808  vote_loss: 2.4042  objectness_loss: 0.2238  semantic_loss: 0.1112  center_loss: 0.2020  dir_class_loss: 0.0000  dir_res_loss: 0.0000  size_class_loss: 0.1112  size_res_loss: 0.2282
2026/06/03 08:11:42 - mmengine - INFO - Epoch(train) [29][480/779]  lr: 8.0000e-04  eta: 0:14:11  time: 0.1438  data_time: 0.0135  memory: 4189  grad_norm: 3.7337  loss: 3.2597  vote_loss: 2.4020  objectness_loss: 0.2268  semantic_loss: 0.1041  center_loss: 0.1919  dir_class_loss: 0.0000  dir_res_loss: 0.0000  size_class_loss: 0.1041  size_res_loss: 0.2310
2026/06/03 08:11:46 - mmengine - INFO - Epoch(train) [29][510/779]  lr: 8.0000e-04  eta: 0:14:07  time: 0.1440  data_time: 0.0137  memory: 4189  grad_norm: 4.0393  loss: 3.1918  vote_loss: 2.3270  objectness_loss: 0.2144  semantic_loss: 0.1125  center_loss: 0.1981  dir_class_loss: 0.0000  dir_res_loss: 0.0000  size_class_loss: 0.1125  size_res_loss: 0.2273
2026/06/03 08:11:51 - mmengine - INFO - Epoch(train) [29][540/779]  lr: 8.0000e-04  eta: 0:14:02  time: 0.1439  data_time: 0.0139  memory: 4189  grad_norm: 3.6163  loss: 3.1395  vote_loss: 2.2924  objectness_loss: 0.2053  semantic_loss: 0.1116  center_loss: 0.1972  dir_class_loss: 0.0000  dir_res_loss: 0.0000  size_class_loss: 0.1116  size_res_loss: 0.2215
2026/06/03 08:11:55 - mmengine - INFO - Epoch(train) [29][570/779]  lr: 8.0000e-04  eta: 0:13:58  time: 0.1444  data_time: 0.0139  memory: 4189  grad_norm: 3.5933  loss: 3.0953  vote_loss: 2.2767  objectness_loss: 0.2101  semantic_loss: 0.1000  center_loss: 0.1914  dir_class_loss: 0.0000  dir_res_loss: 0.0000  size_class_loss: 0.1000  size_res_loss: 0.2171
2026/06/03 08:11:59 - mmengine - INFO - Epoch(train) [29][600/779]  lr: 8.0000e-04  eta: 0:13:53  time: 0.1446  data_time: 0.0137  memory: 4189  grad_norm: 3.7857  loss: 3.1269  vote_loss: 2.3041  objectness_loss: 0.2024  semantic_loss: 0.1136  center_loss: 0.1945  dir_class_loss: 0.0000  dir_res_loss: 0.0000  size_class_loss: 0.1136  size_res_loss: 0.1987
2026/06/03 08:12:04 - mmengine - INFO - Epoch(train) [29][630/779]  lr: 8.0000e-04  eta: 0:13:49  time: 0.1455  data_time: 0.0137  memory: 4189  grad_norm: 3.5665  loss: 3.1558  vote_loss: 2.3131  objectness_loss: 0.2165  semantic_loss: 0.1145  center_loss: 0.1975  dir_class_loss: 0.0000  dir_res_loss: 0.0000  size_class_loss: 0.1145  size_res_loss: 0.1997
2026/06/03 08:12:08 - mmengine - INFO - Epoch(train) [29][660/779]  lr: 8.0000e-04  eta: 0:13:44  time: 0.1494  data_time: 0.0141  memory: 4189  grad_norm: 3.6157  loss: 3.2065  vote_loss: 2.3315  objectness_loss: 0.2270  semantic_loss: 0.1141  center_loss: 0.2022  dir_class_loss: 0.0000  dir_res_loss: 0.0000  size_class_loss: 0.1141  size_res_loss: 0.2175
2026/06/03 08:12:13 - mmengine - INFO - Epoch(train) [29][690/779]  lr: 8.0000e-04  eta: 0:13:40  time: 0.1506  data_time: 0.0146  memory: 4189  grad_norm: 3.8093  loss: 3.1709  vote_loss: 2.2830  objectness_loss: 0.2150  semantic_loss: 0.1221  center_loss: 0.2005  dir_class_loss: 0.0000  dir_res_loss: 0.0000  size_class_loss: 0.1221  size_res_loss: 0.2282
2026/06/03 08:12:17 - mmengine - INFO - Epoch(train) [29][720/779]  lr: 8.0000e-04  eta: 0:13:36  time: 0.1494  data_time: 0.0144  memory: 4189  grad_norm: 3.6680  loss: 3.3147  vote_loss: 2.4163  objectness_loss: 0.2267  semantic_loss: 0.1161  center_loss: 0.2054  dir_class_loss: 0.0000  dir_res_loss: 0.0000  size_class_loss: 0.1161  size_res_loss: 0.2342
2026/06/03 08:12:21 - mmengine - INFO - Epoch(train) [29][750/779]  lr: 8.0000e-04  eta: 0:13:31  time: 0.1440  data_time: 0.0137  memory: 4189  grad_norm: 3.9659  loss: 3.1418  vote_loss: 2.3170  objectness_loss: 0.2103  semantic_loss: 0.1000  center_loss: 0.1934  dir_class_loss: 0.0000  dir_res_loss: 0.0000  size_class_loss: 0.1000  size_res_loss: 0.2211
2026/06/03 08:12:26 - mmengine - INFO - Exp name: votenet_8xb8_scannet-3d_20260603_071635
2026/06/03 08:12:30 - mmengine - INFO - Epoch(train) [30][ 30/779]  lr: 8.0000e-04  eta: 0:13:22  time: 0.1549  data_time: 0.0223  memory: 4189  grad_norm: 3.8032  loss: 3.3114  vote_loss: 2.4227  objectness_loss: 0.2215  semantic_loss: 0.1091  center_loss: 0.2101  dir_class_loss: 0.0000  dir_res_loss: 0.0000  size_class_loss: 0.1091  size_res_loss: 0.2389
2026/06/03 08:12:35 - mmengine - INFO - Epoch(train) [30][ 60/779]  lr: 8.0000e-04  eta: 0:13:18  time: 0.1533  data_time: 0.0150  memory: 4189  grad_norm: 3.6498  loss: 3.2653  vote_loss: 2.3970  objectness_loss: 0.2186  semantic_loss: 0.1099  center_loss: 0.1952  dir_class_loss: 0.0000  dir_res_loss: 0.0000  size_class_loss: 0.1099  size_res_loss: 0.2346
2026/06/03 08:12:40 - mmengine - INFO - Epoch(train) [30][ 90/779]  lr: 8.0000e-04  eta: 0:13:14  time: 0.1526  data_time: 0.0149  memory: 4189  grad_norm: 3.8285  loss: 3.2248  vote_loss: 2.3503  objectness_loss: 0.2312  semantic_loss: 0.1091  center_loss: 0.1945  dir_class_loss: 0.0000  dir_res_loss: 0.0000  size_class_loss: 0.1091  size_res_loss: 0.2306
2026/06/03 08:12:44 - mmengine - INFO - Epoch(train) [30][120/779]  lr: 8.0000e-04  eta: 0:13:09  time: 0.1460  data_time: 0.0140  memory: 4189  grad_norm: 3.6016  loss: 3.1406  vote_loss: 2.3117  objectness_loss: 0.2267  semantic_loss: 0.1043  center_loss: 0.1902  dir_class_loss: 0.0000  dir_res_loss: 0.0000  size_class_loss: 0.1043  size_res_loss: 0.2033
2026/06/03 08:12:49 - mmengine - INFO - Epoch(train) [30][150/779]  lr: 8.0000e-04  eta: 0:13:05  time: 0.1494  data_time: 0.0144  memory: 4189  grad_norm: 3.5307  loss: 3.1807  vote_loss: 2.3514  objectness_loss: 0.2129  semantic_loss: 0.1038  center_loss: 0.1963  dir_class_loss: 0.0000  dir_res_loss: 0.0000  size_class_loss: 0.1038  size_res_loss: 0.2125
2026/06/03 08:12:53 - mmengine - INFO - Epoch(train) [30][180/779]  lr: 8.0000e-04  eta: 0:13:00  time: 0.1517  data_time: 0.0145  memory: 4189  grad_norm: 3.8467  loss: 3.3107  vote_loss: 2.4468  objectness_loss: 0.2183  semantic_loss: 0.1129  center_loss: 0.2012  dir_class_loss: 0.0000  dir_res_loss: 0.0000  size_class_loss: 0.1129  size_res_loss: 0.2187
2026/06/03 08:12:58 - mmengine - INFO - Epoch(train) [30][210/779]  lr: 8.0000e-04  eta: 0:12:56  time: 0.1509  data_time: 0.0145  memory: 4189  grad_norm: 4.0679  loss: 3.2043  vote_loss: 2.3493  objectness_loss: 0.2130  semantic_loss: 0.1154  center_loss: 0.2033  dir_class_loss: 0.0000  dir_res_loss: 0.0000  size_class_loss: 0.1154  size_res_loss: 0.2080
2026/06/03 08:13:02 - mmengine - INFO - Epoch(train) [30][240/779]  lr: 8.0000e-04  eta: 0:12:51  time: 0.1518  data_time: 0.0147  memory: 4189  grad_norm: 4.3124  loss: 3.1571  vote_loss: 2.3309  objectness_loss: 0.1991  semantic_loss: 0.1113  center_loss: 0.1926  dir_class_loss: 0.0000  dir_res_loss: 0.0000  size_class_loss: 0.1113  size_res_loss: 0.2118
2026/06/03 08:13:06 - mmengine - INFO - Epoch(train) [30][270/779]  lr: 8.0000e-04  eta: 0:12:47  time: 0.1473  data_time: 0.0142  memory: 4189  grad_norm: 3.8668  loss: 3.1518  vote_loss: 2.3197  objectness_loss: 0.2037  semantic_loss: 0.1102  center_loss: 0.2004  dir_class_loss: 0.0000  dir_res_loss: 0.0000  size_class_loss: 0.1102  size_res_loss: 0.2076
2026/06/03 08:13:11 - mmengine - INFO - Epoch(train) [30][300/779]  lr: 8.0000e-04  eta: 0:12:43  time: 0.1453  data_time: 0.0138  memory: 4189  grad_norm: 3.6206  loss: 3.1106  vote_loss: 2.2846  objectness_loss: 0.2116  semantic_loss: 0.1080  center_loss: 0.1934  dir_class_loss: 0.0000  dir_res_loss: 0.0000  size_class_loss: 0.1080  size_res_loss: 0.2050
2026/06/03 08:13:15 - mmengine - INFO - Epoch(train) [30][330/779]  lr: 8.0000e-04  eta: 0:12:38  time: 0.1447  data_time: 0.0137  memory: 4189  grad_norm: 3.9545  loss: 3.1305  vote_loss: 2.3088  objectness_loss: 0.2136  semantic_loss: 0.1025  center_loss: 0.1932  dir_class_loss: 0.0000  dir_res_loss: 0.0000  size_class_loss: 0.1025  size_res_loss: 0.2100
2026/06/03 08:13:20 - mmengine - INFO - Epoch(train) [30][360/779]  lr: 8.0000e-04  eta: 0:12:34  time: 0.1450  data_time: 0.0138  memory: 4189  grad_norm: 4.0281  loss: 3.1799  vote_loss: 2.3660  objectness_loss: 0.2147  semantic_loss: 0.0988  center_loss: 0.1872  dir_class_loss: 0.0000  dir_res_loss: 0.0000  size_class_loss: 0.0988  size_res_loss: 0.2145
2026/06/03 08:13:24 - mmengine - INFO - Epoch(train) [30][390/779]  lr: 8.0000e-04  eta: 0:12:29  time: 0.1446  data_time: 0.0139  memory: 4189  grad_norm: 3.7941  loss: 3.1821  vote_loss: 2.3337  objectness_loss: 0.2275  semantic_loss: 0.1033  center_loss: 0.1923  dir_class_loss: 0.0000  dir_res_loss: 0.0000  size_class_loss: 0.1033  size_res_loss: 0.2219
2026/06/03 08:13:27 - mmengine - INFO - Exp name: votenet_8xb8_scannet-3d_20260603_071635
2026/06/03 08:13:28 - mmengine - INFO - Epoch(train) [30][420/779]  lr: 8.0000e-04  eta: 0:12:25  time: 0.1433  data_time: 0.0138  memory: 4189  grad_norm: 3.6577  loss: 3.0954  vote_loss: 2.2852  objectness_loss: 0.2019  semantic_loss: 0.1006  center_loss: 0.1890  dir_class_loss: 0.0000  dir_res_loss: 0.0000  size_class_loss: 0.1006  size_res_loss: 0.2181
2026/06/03 08:13:32 - mmengine - INFO - Epoch(train) [30][450/779]  lr: 8.0000e-04  eta: 0:12:20  time: 0.1439  data_time: 0.0136  memory: 4189  grad_norm: 3.7772  loss: 3.0992  vote_loss: 2.2734  objectness_loss: 0.2112  semantic_loss: 0.1036  center_loss: 0.1939  dir_class_loss: 0.0000  dir_res_loss: 0.0000  size_class_loss: 0.1036  size_res_loss: 0.2135
2026/06/03 08:13:37 - mmengine - INFO - Epoch(train) [30][480/779]  lr: 8.0000e-04  eta: 0:12:16  time: 0.1441  data_time: 0.0136  memory: 4189  grad_norm: 4.0558  loss: 3.2421  vote_loss: 2.3630  objectness_loss: 0.2182  semantic_loss: 0.1161  center_loss: 0.2039  dir_class_loss: 0.0000  dir_res_loss: 0.0000  size_class_loss: 0.1161  size_res_loss: 0.2248
2026/06/03 08:13:41 - mmengine - INFO - Epoch(train) [30][510/779]  lr: 8.0000e-04  eta: 0:12:11  time: 0.1445  data_time: 0.0137  memory: 4189  grad_norm: 3.6200  loss: 3.2072  vote_loss: 2.3471  objectness_loss: 0.2129  semantic_loss: 0.1197  center_loss: 0.1940  dir_class_loss: 0.0000  dir_res_loss: 0.0000  size_class_loss: 0.1197  size_res_loss: 0.2137
2026/06/03 08:13:46 - mmengine - INFO - Epoch(train) [30][540/779]  lr: 8.0000e-04  eta: 0:12:07  time: 0.1450  data_time: 0.0138  memory: 4189  grad_norm: 3.5389  loss: 3.1145  vote_loss: 2.2833  objectness_loss: 0.2022  semantic_loss: 0.1079  center_loss: 0.1916  dir_class_loss: 0.0000  dir_res_loss: 0.0000  size_class_loss: 0.1079  size_res_loss: 0.2216
2026/06/03 08:13:50 - mmengine - INFO - Epoch(train) [30][570/779]  lr: 8.0000e-04  eta: 0:12:02  time: 0.1450  data_time: 0.0138  memory: 4189  grad_norm: 3.8583  loss: 3.2698  vote_loss: 2.4160  objectness_loss: 0.2171  semantic_loss: 0.1039  center_loss: 0.2004  dir_class_loss: 0.0000  dir_res_loss: 0.0000  size_class_loss: 0.1039  size_res_loss: 0.2285
2026/06/03 08:13:54 - mmengine - INFO - Epoch(train) [30][600/779]  lr: 8.0000e-04  eta: 0:11:58  time: 0.1454  data_time: 0.0138  memory: 4189  grad_norm: 3.6506  loss: 3.2141  vote_loss: 2.3600  objectness_loss: 0.2261  semantic_loss: 0.1094  center_loss: 0.1986  dir_class_loss: 0.0000  dir_res_loss: 0.0000  size_class_loss: 0.1094  size_res_loss: 0.2106
2026/06/03 08:13:59 - mmengine - INFO - Epoch(train) [30][630/779]  lr: 8.0000e-04  eta: 0:11:53  time: 0.1451  data_time: 0.0138  memory: 4189  grad_norm: 3.6104  loss: 3.1508  vote_loss: 2.2969  objectness_loss: 0.2122  semantic_loss: 0.1100  center_loss: 0.1952  dir_class_loss: 0.0000  dir_res_loss: 0.0000  size_class_loss: 0.1100  size_res_loss: 0.2263
2026/06/03 08:14:03 - mmengine - INFO - Epoch(train) [30][660/779]  lr: 8.0000e-04  eta: 0:11:49  time: 0.1455  data_time: 0.0138  memory: 4189  grad_norm: 3.7067  loss: 3.2166  vote_loss: 2.3495  objectness_loss: 0.2217  semantic_loss: 0.1154  center_loss: 0.1885  dir_class_loss: 0.0000  dir_res_loss: 0.0000  size_class_loss: 0.1154  size_res_loss: 0.2261
2026/06/03 08:14:07 - mmengine - INFO - Epoch(train) [30][690/779]  lr: 8.0000e-04  eta: 0:11:45  time: 0.1480  data_time: 0.0142  memory: 4189  grad_norm: 3.7238  loss: 3.2229  vote_loss: 2.3848  objectness_loss: 0.2101  semantic_loss: 0.1131  center_loss: 0.1951  dir_class_loss: 0.0000  dir_res_loss: 0.0000  size_class_loss: 0.1131  size_res_loss: 0.2067
2026/06/03 08:14:12 - mmengine - INFO - Epoch(train) [30][720/779]  lr: 8.0000e-04  eta: 0:11:40  time: 0.1494  data_time: 0.0143  memory: 4189  grad_norm: 3.8281  loss: 3.1905  vote_loss: 2.3418  objectness_loss: 0.2107  semantic_loss: 0.1107  center_loss: 0.2008  dir_class_loss: 0.0000  dir_res_loss: 0.0000  size_class_loss: 0.1107  size_res_loss: 0.2157
2026/06/03 08:14:16 - mmengine - INFO - Epoch(train) [30][750/779]  lr: 8.0000e-04  eta: 0:11:36  time: 0.1518  data_time: 0.0147  memory: 4189  grad_norm: 3.8007  loss: 3.2548  vote_loss: 2.4332  objectness_loss: 0.2149  semantic_loss: 0.1036  center_loss: 0.1897  dir_class_loss: 0.0000  dir_res_loss: 0.0000  size_class_loss: 0.1036  size_res_loss: 0.2098
2026/06/03 08:14:21 - mmengine - INFO - Exp name: votenet_8xb8_scannet-3d_20260603_071635
2026/06/03 08:14:26 - mmengine - INFO - Epoch(train) [31][ 30/779]  lr: 8.0000e-04  eta: 0:11:27  time: 0.1628  data_time: 0.0240  memory: 4189  grad_norm: 3.7639  loss: 3.1568  vote_loss: 2.3016  objectness_loss: 0.2022  semantic_loss: 0.1222  center_loss: 0.1965  dir_class_loss: 0.0000  dir_res_loss: 0.0000  size_class_loss: 0.1222  size_res_loss: 0.2122
2026/06/03 08:14:31 - mmengine - INFO - Epoch(train) [31][ 60/779]  lr: 8.0000e-04  eta: 0:11:23  time: 0.1542  data_time: 0.0149  memory: 4189  grad_norm: 4.0624  loss: 3.0478  vote_loss: 2.2466  objectness_loss: 0.2017  semantic_loss: 0.1021  center_loss: 0.1908  dir_class_loss: 0.0000  dir_res_loss: 0.0000  size_class_loss: 0.1021  size_res_loss: 0.2044
2026/06/03 08:14:35 - mmengine - INFO - Epoch(train) [31][ 90/779]  lr: 8.0000e-04  eta: 0:11:18  time: 0.1477  data_time: 0.0144  memory: 4189  grad_norm: 3.9309  loss: 3.1098  vote_loss: 2.2692  objectness_loss: 0.2075  semantic_loss: 0.1061  center_loss: 0.1932  dir_class_loss: 0.0000  dir_res_loss: 0.0000  size_class_loss: 0.1061  size_res_loss: 0.2277
2026/06/03 08:14:39 - mmengine - INFO - Epoch(train) [31][120/779]  lr: 8.0000e-04  eta: 0:11:14  time: 0.1457  data_time: 0.0140  memory: 4189  grad_norm: 3.8471  loss: 3.2218  vote_loss: 2.3155  objectness_loss: 0.2102  semantic_loss: 0.1213  center_loss: 0.2019  dir_class_loss: 0.0000  dir_res_loss: 0.0000  size_class_loss: 0.1213  size_res_loss: 0.2515
2026/06/03 08:14:44 - mmengine - INFO - Epoch(train) [31][150/779]  lr: 8.0000e-04  eta: 0:11:09  time: 0.1444  data_time: 0.0134  memory: 4189  grad_norm: 3.7928  loss: 3.1222  vote_loss: 2.2828  objectness_loss: 0.1956  semantic_loss: 0.1168  center_loss: 0.1894  dir_class_loss: 0.0000  dir_res_loss: 0.0000  size_class_loss: 0.1168  size_res_loss: 0.2208
2026/06/03 08:14:48 - mmengine - INFO - Epoch(train) [31][180/779]  lr: 8.0000e-04  eta: 0:11:05  time: 0.1435  data_time: 0.0133  memory: 4189  grad_norm: 3.6691  loss: 3.1121  vote_loss: 2.2863  objectness_loss: 0.2006  semantic_loss: 0.1128  center_loss: 0.1874  dir_class_loss: 0.0000  dir_res_loss: 0.0000  size_class_loss: 0.1128  size_res_loss: 0.2123
2026/06/03 08:14:52 - mmengine - INFO - Epoch(train) [31][210/779]  lr: 8.0000e-04  eta: 0:11:00  time: 0.1437  data_time: 0.0131  memory: 4189  grad_norm: 3.6842  loss: 3.0035  vote_loss: 2.2048  objectness_loss: 0.2013  semantic_loss: 0.1012  center_loss: 0.1842  dir_class_loss: 0.0000  dir_res_loss: 0.0000  size_class_loss: 0.1012  size_res_loss: 0.2109
2026/06/03 08:14:57 - mmengine - INFO - Epoch(train) [31][240/779]  lr: 8.0000e-04  eta: 0:10:56  time: 0.1440  data_time: 0.0134  memory: 4189  grad_norm: 3.7456  loss: 2.9971  vote_loss: 2.2110  objectness_loss: 0.1885  semantic_loss: 0.1041  center_loss: 0.1883  dir_class_loss: 0.0000  dir_res_loss: 0.0000  size_class_loss: 0.1041  size_res_loss: 0.2011
2026/06/03 08:15:01 - mmengine - INFO - Epoch(train) [31][270/779]  lr: 8.0000e-04  eta: 0:10:52  time: 0.1493  data_time: 0.0144  memory: 4189  grad_norm: 3.5126  loss: 2.9826  vote_loss: 2.2189  objectness_loss: 0.1973  semantic_loss: 0.0949  center_loss: 0.1804  dir_class_loss: 0.0000  dir_res_loss: 0.0000  size_class_loss: 0.0949  size_res_loss: 0.1963
2026/06/03 08:15:06 - mmengine - INFO - Epoch(train) [31][300/779]  lr: 8.0000e-04  eta: 0:10:47  time: 0.1550  data_time: 0.0152  memory: 4189  grad_norm: 3.7938  loss: 3.0272  vote_loss: 2.2660  objectness_loss: 0.1983  semantic_loss: 0.0893  center_loss: 0.1837  dir_class_loss: 0.0000  dir_res_loss: 0.0000  size_class_loss: 0.0893  size_res_loss: 0.2007
2026/06/03 08:15:11 - mmengine - INFO - Epoch(train) [31][330/779]  lr: 8.0000e-04  eta: 0:10:43  time: 0.1555  data_time: 0.0153  memory: 4189  grad_norm: 3.8280  loss: 3.1765  vote_loss: 2.3685  objectness_loss: 0.2052  semantic_loss: 0.0950  center_loss: 0.1960  dir_class_loss: 0.0000  dir_res_loss: 0.0000  size_class_loss: 0.0950  size_res_loss: 0.2168
2026/06/03 08:15:15 - mmengine - INFO - Epoch(train) [31][360/779]  lr: 8.0000e-04  eta: 0:10:38  time: 0.1510  data_time: 0.0141  memory: 4189  grad_norm: 3.8249  loss: 3.2177  vote_loss: 2.3857  objectness_loss: 0.2162  semantic_loss: 0.0966  center_loss: 0.1996  dir_class_loss: 0.0000  dir_res_loss: 0.0000  size_class_loss: 0.0966  size_res_loss: 0.2231
2026/06/03 08:15:20 - mmengine - INFO - Epoch(train) [31][390/779]  lr: 8.0000e-04  eta: 0:10:34  time: 0.1545  data_time: 0.0145  memory: 4189  grad_norm: 3.8048  loss: 3.1702  vote_loss: 2.3177  objectness_loss: 0.2338  semantic_loss: 0.1040  center_loss: 0.1941  dir_class_loss: 0.0000  dir_res_loss: 0.0000  size_class_loss: 0.1040  size_res_loss: 0.2166
2026/06/03 08:15:24 - mmengine - INFO - Epoch(train) [31][420/779]  lr: 8.0000e-04  eta: 0:10:29  time: 0.1482  data_time: 0.0136  memory: 4189  grad_norm: 3.5318  loss: 3.2578  vote_loss: 2.4112  objectness_loss: 0.2158  semantic_loss: 0.1060  center_loss: 0.1939  dir_class_loss: 0.0000  dir_res_loss: 0.0000  size_class_loss: 0.1060  size_res_loss: 0.2250
2026/06/03 08:15:28 - mmengine - INFO - Epoch(train) [31][450/779]  lr: 8.0000e-04  eta: 0:10:25  time: 0.1450  data_time: 0.0137  memory: 4189  grad_norm: 3.6542  loss: 3.1733  vote_loss: 2.3619  objectness_loss: 0.2080  semantic_loss: 0.0996  center_loss: 0.1927  dir_class_loss: 0.0000  dir_res_loss: 0.0000  size_class_loss: 0.0996  size_res_loss: 0.2114
2026/06/03 08:15:33 - mmengine - INFO - Epoch(train) [31][480/779]  lr: 8.0000e-04  eta: 0:10:21  time: 0.1536  data_time: 0.0149  memory: 4189  grad_norm: 3.5724  loss: 3.2424  vote_loss: 2.3952  objectness_loss: 0.2099  semantic_loss: 0.1103  center_loss: 0.2030  dir_class_loss: 0.0000  dir_res_loss: 0.0000  size_class_loss: 0.1103  size_res_loss: 0.2136
2026/06/03 08:15:38 - mmengine - INFO - Epoch(train) [31][510/779]  lr: 8.0000e-04  eta: 0:10:16  time: 0.1524  data_time: 0.0145  memory: 4189  grad_norm: 3.5370  loss: 3.2770  vote_loss: 2.4288  objectness_loss: 0.2113  semantic_loss: 0.1108  center_loss: 0.1969  dir_class_loss: 0.0000  dir_res_loss: 0.0000  size_class_loss: 0.1108  size_res_loss: 0.2183
2026/06/03 08:15:42 - mmengine - INFO - Epoch(train) [31][540/779]  lr: 8.0000e-04  eta: 0:10:12  time: 0.1473  data_time: 0.0140  memory: 4189  grad_norm: 3.6214  loss: 3.2891  vote_loss: 2.4204  objectness_loss: 0.2096  semantic_loss: 0.1195  center_loss: 0.1994  dir_class_loss: 0.0000  dir_res_loss: 0.0000  size_class_loss: 0.1195  size_res_loss: 0.2208
2026/06/03 08:15:46 - mmengine - INFO - Epoch(train) [31][570/779]  lr: 8.0000e-04  eta: 0:10:07  time: 0.1463  data_time: 0.0137  memory: 4189  grad_norm: 3.7039  loss: 3.1772  vote_loss: 2.3357  objectness_loss: 0.2053  semantic_loss: 0.1076  center_loss: 0.1943  dir_class_loss: 0.0000  dir_res_loss: 0.0000  size_class_loss: 0.1076  size_res_loss: 0.2267
2026/06/03 08:15:51 - mmengine - INFO - Epoch(train) [31][600/779]  lr: 8.0000e-04  eta: 0:10:03  time: 0.1443  data_time: 0.0136  memory: 4189  grad_norm: 4.0159  loss: 3.1443  vote_loss: 2.3198  objectness_loss: 0.2109  semantic_loss: 0.1030  center_loss: 0.1921  dir_class_loss: 0.0000  dir_res_loss: 0.0000  size_class_loss: 0.1030  size_res_loss: 0.2153
2026/06/03 08:15:55 - mmengine - INFO - Exp name: votenet_8xb8_scannet-3d_20260603_071635
2026/06/03 08:15:55 - mmengine - INFO - Epoch(train) [31][630/779]  lr: 8.0000e-04  eta: 0:09:58  time: 0.1456  data_time: 0.0139  memory: 4189  grad_norm: 3.8727  loss: 3.1963  vote_loss: 2.3727  objectness_loss: 0.2183  semantic_loss: 0.0996  center_loss: 0.1914  dir_class_loss: 0.0000  dir_res_loss: 0.0000  size_class_loss: 0.0996  size_res_loss: 0.2146
2026/06/03 08:16:00 - mmengine - INFO - Epoch(train) [31][660/779]  lr: 8.0000e-04  eta: 0:09:54  time: 0.1463  data_time: 0.0140  memory: 4189  grad_norm: 3.9420  loss: 3.0794  vote_loss: 2.2849  objectness_loss: 0.2071  semantic_loss: 0.0991  center_loss: 0.1886  dir_class_loss: 0.0000  dir_res_loss: 0.0000  size_class_loss: 0.0991  size_res_loss: 0.2005
2026/06/03 08:16:04 - mmengine - INFO - Epoch(train) [31][690/779]  lr: 8.0000e-04  eta: 0:09:49  time: 0.1456  data_time: 0.0137  memory: 4189  grad_norm: 4.2625  loss: 3.1648  vote_loss: 2.3819  objectness_loss: 0.1982  semantic_loss: 0.0958  center_loss: 0.1857  dir_class_loss: 0.0000  dir_res_loss: 0.0000  size_class_loss: 0.0958  size_res_loss: 0.2073
2026/06/03 08:16:08 - mmengine - INFO - Epoch(train) [31][720/779]  lr: 8.0000e-04  eta: 0:09:45  time: 0.1451  data_time: 0.0135  memory: 4189  grad_norm: 4.2507  loss: 3.2840  vote_loss: 2.4208  objectness_loss: 0.2202  semantic_loss: 0.1084  center_loss: 0.2000  dir_class_loss: 0.0000  dir_res_loss: 0.0000  size_class_loss: 0.1084  size_res_loss: 0.2261
2026/06/03 08:16:13 - mmengine - INFO - Epoch(train) [31][750/779]  lr: 8.0000e-04  eta: 0:09:40  time: 0.1466  data_time: 0.0140  memory: 4189  grad_norm: 4.0284  loss: 3.1826  vote_loss: 2.3250  objectness_loss: 0.2074  semantic_loss: 0.1153  center_loss: 0.2013  dir_class_loss: 0.0000  dir_res_loss: 0.0000  size_class_loss: 0.1153  size_res_loss: 0.2183
2026/06/03 08:16:17 - mmengine - INFO - Exp name: votenet_8xb8_scannet-3d_20260603_071635
2026/06/03 08:16:22 - mmengine - INFO - Epoch(train) [32][ 30/779]  lr: 8.0000e-04  eta: 0:09:32  time: 0.1581  data_time: 0.0234  memory: 4189  grad_norm: 3.8960  loss: 3.1230  vote_loss: 2.2933  objectness_loss: 0.2032  semantic_loss: 0.0993  center_loss: 0.1956  dir_class_loss: 0.0000  dir_res_loss: 0.0000  size_class_loss: 0.0993  size_res_loss: 0.2324
2026/06/03 08:16:27 - mmengine - INFO - Epoch(train) [32][ 60/779]  lr: 8.0000e-04  eta: 0:09:27  time: 0.1556  data_time: 0.0154  memory: 4189  grad_norm: 3.7277  loss: 3.1252  vote_loss: 2.2795  objectness_loss: 0.1925  semantic_loss: 0.1129  center_loss: 0.1974  dir_class_loss: 0.0000  dir_res_loss: 0.0000  size_class_loss: 0.1129  size_res_loss: 0.2300
2026/06/03 08:16:31 - mmengine - INFO - Epoch(train) [32][ 90/779]  lr: 8.0000e-04  eta: 0:09:23  time: 0.1489  data_time: 0.0144  memory: 4189  grad_norm: 3.6418  loss: 3.0531  vote_loss: 2.2598  objectness_loss: 0.2013  semantic_loss: 0.1005  center_loss: 0.1887  dir_class_loss: 0.0000  dir_res_loss: 0.0000  size_class_loss: 0.1005  size_res_loss: 0.2022
2026/06/03 08:16:35 - mmengine - INFO - Epoch(train) [32][120/779]  lr: 8.0000e-04  eta: 0:09:19  time: 0.1454  data_time: 0.0140  memory: 4189  grad_norm: 3.9370  loss: 3.0871  vote_loss: 2.2861  objectness_loss: 0.2117  semantic_loss: 0.0998  center_loss: 0.1836  dir_class_loss: 0.0000  dir_res_loss: 0.0000  size_class_loss: 0.0999  size_res_loss: 0.2061
2026/06/03 08:16:40 - mmengine - INFO - Epoch(train) [32][150/779]  lr: 8.0000e-04  eta: 0:09:14  time: 0.1483  data_time: 0.0143  memory: 4189  grad_norm: 3.9227  loss: 3.1310  vote_loss: 2.2902  objectness_loss: 0.2198  semantic_loss: 0.1049  center_loss: 0.1943  dir_class_loss: 0.0000  dir_res_loss: 0.0000  size_class_loss: 0.1049  size_res_loss: 0.2169
2026/06/03 08:16:44 - mmengine - INFO - Epoch(train) [32][180/779]  lr: 8.0000e-04  eta: 0:09:10  time: 0.1451  data_time: 0.0139  memory: 4189  grad_norm: 3.7064  loss: 3.1289  vote_loss: 2.3102  objectness_loss: 0.2130  semantic_loss: 0.1014  center_loss: 0.1920  dir_class_loss: 0.0000  dir_res_loss: 0.0000  size_class_loss: 0.1014  size_res_loss: 0.2109
2026/06/03 08:16:48 - mmengine - INFO - Epoch(train) [32][210/779]  lr: 8.0000e-04  eta: 0:09:05  time: 0.1445  data_time: 0.0138  memory: 4189  grad_norm: 3.6612  loss: 3.0635  vote_loss: 2.2666  objectness_loss: 0.2013  semantic_loss: 0.1015  center_loss: 0.1925  dir_class_loss: 0.0000  dir_res_loss: 0.0000  size_class_loss: 0.1015  size_res_loss: 0.2002
2026/06/03 08:16:53 - mmengine - INFO - Epoch(train) [32][240/779]  lr: 8.0000e-04  eta: 0:09:01  time: 0.1464  data_time: 0.0138  memory: 4189  grad_norm: 3.5101  loss: 3.2030  vote_loss: 2.3423  objectness_loss: 0.2164  semantic_loss: 0.1166  center_loss: 0.2041  dir_class_loss: 0.0000  dir_res_loss: 0.0000  size_class_loss: 0.1166  size_res_loss: 0.2069
2026/06/03 08:16:57 - mmengine - INFO - Epoch(train) [32][270/779]  lr: 8.0000e-04  eta: 0:08:56  time: 0.1499  data_time: 0.0144  memory: 4189  grad_norm: 3.3913  loss: 3.0237  vote_loss: 2.2311  objectness_loss: 0.1978  semantic_loss: 0.1027  center_loss: 0.1900  dir_class_loss: 0.0000  dir_res_loss: 0.0000  size_class_loss: 0.1027  size_res_loss: 0.1994
2026/06/03 08:17:02 - mmengine - INFO - Epoch(train) [32][300/779]  lr: 8.0000e-04  eta: 0:08:52  time: 0.1457  data_time: 0.0140  memory: 4189  grad_norm: 3.7679  loss: 3.0830  vote_loss: 2.2664  objectness_loss: 0.1917  semantic_loss: 0.1128  center_loss: 0.1895  dir_class_loss: 0.0000  dir_res_loss: 0.0000  size_class_loss: 0.1128  size_res_loss: 0.2097
2026/06/03 08:17:06 - mmengine - INFO - Epoch(train) [32][330/779]  lr: 8.0000e-04  eta: 0:08:47  time: 0.1456  data_time: 0.0139  memory: 4189  grad_norm: 3.7975  loss: 3.2119  vote_loss: 2.3888  objectness_loss: 0.2050  semantic_loss: 0.1053  center_loss: 0.1966  dir_class_loss: 0.0000  dir_res_loss: 0.0000  size_class_loss: 0.1053  size_res_loss: 0.2109
2026/06/03 08:17:10 - mmengine - INFO - Epoch(train) [32][360/779]  lr: 8.0000e-04  eta: 0:08:43  time: 0.1448  data_time: 0.0140  memory: 4189  grad_norm: 3.7379  loss: 3.0288  vote_loss: 2.2512  objectness_loss: 0.1960  semantic_loss: 0.0971  center_loss: 0.1926  dir_class_loss: 0.0000  dir_res_loss: 0.0000  size_class_loss: 0.0971  size_res_loss: 0.1948
2026/06/03 08:17:15 - mmengine - INFO - Epoch(train) [32][390/779]  lr: 8.0000e-04  eta: 0:08:38  time: 0.1444  data_time: 0.0137  memory: 4189  grad_norm: 3.6443  loss: 2.9340  vote_loss: 2.1650  objectness_loss: 0.1942  semantic_loss: 0.0980  center_loss: 0.1794  dir_class_loss: 0.0000  dir_res_loss: 0.0000  size_class_loss: 0.0979  size_res_loss: 0.1995
2026/06/03 08:17:19 - mmengine - INFO - Epoch(train) [32][420/779]  lr: 8.0000e-04  eta: 0:08:34  time: 0.1450  data_time: 0.0134  memory: 4189  grad_norm: 3.7765  loss: 3.1532  vote_loss: 2.3246  objectness_loss: 0.2062  semantic_loss: 0.1062  center_loss: 0.1902  dir_class_loss: 0.0000  dir_res_loss: 0.0000  size_class_loss: 0.1062  size_res_loss: 0.2197
2026/06/03 08:17:23 - mmengine - INFO - Epoch(train) [32][450/779]  lr: 8.0000e-04  eta: 0:08:30  time: 0.1440  data_time: 0.0130  memory: 4189  grad_norm: 4.0073  loss: 3.1031  vote_loss: 2.2943  objectness_loss: 0.2075  semantic_loss: 0.0965  center_loss: 0.1956  dir_class_loss: 0.0000  dir_res_loss: 0.0000  size_class_loss: 0.0965  size_res_loss: 0.2127
2026/06/03 08:17:28 - mmengine - INFO - Epoch(train) [32][480/779]  lr: 8.0000e-04  eta: 0:08:25  time: 0.1438  data_time: 0.0130  memory: 4189  grad_norm: 3.7676  loss: 3.1134  vote_loss: 2.3182  objectness_loss: 0.1923  semantic_loss: 0.1023  center_loss: 0.1918  dir_class_loss: 0.0000  dir_res_loss: 0.0000  size_class_loss: 0.1023  size_res_loss: 0.2066
2026/06/03 08:17:32 - mmengine - INFO - Epoch(train) [32][510/779]  lr: 8.0000e-04  eta: 0:08:21  time: 0.1442  data_time: 0.0130  memory: 4189  grad_norm: 3.6503  loss: 3.1490  vote_loss: 2.3439  objectness_loss: 0.1902  semantic_loss: 0.1073  center_loss: 0.1869  dir_class_loss: 0.0000  dir_res_loss: 0.0000  size_class_loss: 0.1073  size_res_loss: 0.2135
2026/06/03 08:17:36 - mmengine - INFO - Epoch(train) [32][540/779]  lr: 8.0000e-04  eta: 0:08:16  time: 0.1444  data_time: 0.0133  memory: 4189  grad_norm: 3.7444  loss: 3.1157  vote_loss: 2.3077  objectness_loss: 0.1983  semantic_loss: 0.1095  center_loss: 0.1834  dir_class_loss: 0.0000  dir_res_loss: 0.0000  size_class_loss: 0.1095  size_res_loss: 0.2074
2026/06/03 08:17:41 - mmengine - INFO - Epoch(train) [32][570/779]  lr: 8.0000e-04  eta: 0:08:12  time: 0.1455  data_time: 0.0137  memory: 4189  grad_norm: 3.6045  loss: 3.0750  vote_loss: 2.2472  objectness_loss: 0.2073  semantic_loss: 0.1073  center_loss: 0.1926  dir_class_loss: 0.0000  dir_res_loss: 0.0000  size_class_loss: 0.1073  size_res_loss: 0.2131
2026/06/03 08:17:45 - mmengine - INFO - Epoch(train) [32][600/779]  lr: 8.0000e-04  eta: 0:08:07  time: 0.1446  data_time: 0.0131  memory: 4189  grad_norm: 3.6214  loss: 3.0969  vote_loss: 2.2835  objectness_loss: 0.2084  semantic_loss: 0.1014  center_loss: 0.1906  dir_class_loss: 0.0000  dir_res_loss: 0.0000  size_class_loss: 0.1014  size_res_loss: 0.2115
2026/06/03 08:17:50 - mmengine - INFO - Epoch(train) [32][630/779]  lr: 8.0000e-04  eta: 0:08:03  time: 0.1445  data_time: 0.0132  memory: 4189  grad_norm: 3.6359  loss: 3.0563  vote_loss: 2.2465  objectness_loss: 0.2040  semantic_loss: 0.0990  center_loss: 0.1891  dir_class_loss: 0.0000  dir_res_loss: 0.0000  size_class_loss: 0.0990  size_res_loss: 0.2187
2026/06/03 08:17:54 - mmengine - INFO - Epoch(train) [32][660/779]  lr: 8.0000e-04  eta: 0:07:58  time: 0.1479  data_time: 0.0139  memory: 4189  grad_norm: 3.6961  loss: 3.1563  vote_loss: 2.3506  objectness_loss: 0.1963  semantic_loss: 0.0966  center_loss: 0.1942  dir_class_loss: 0.0000  dir_res_loss: 0.0000  size_class_loss: 0.0966  size_res_loss: 0.2219
2026/06/03 08:17:58 - mmengine - INFO - Epoch(train) [32][690/779]  lr: 8.0000e-04  eta: 0:07:54  time: 0.1488  data_time: 0.0144  memory: 4189  grad_norm: 3.6601  loss: 3.2423  vote_loss: 2.4451  objectness_loss: 0.2023  semantic_loss: 0.0942  center_loss: 0.1920  dir_class_loss: 0.0000  dir_res_loss: 0.0000  size_class_loss: 0.0942  size_res_loss: 0.2145
2026/06/03 08:18:03 - mmengine - INFO - Epoch(train) [32][720/779]  lr: 8.0000e-04  eta: 0:07:49  time: 0.1467  data_time: 0.0140  memory: 4189  grad_norm: 3.7234  loss: 3.1171  vote_loss: 2.3557  objectness_loss: 0.1881  semantic_loss: 0.0950  center_loss: 0.1825  dir_class_loss: 0.0000  dir_res_loss: 0.0000  size_class_loss: 0.0950  size_res_loss: 0.2007
2026/06/03 08:18:07 - mmengine - INFO - Epoch(train) [32][750/779]  lr: 8.0000e-04  eta: 0:07:45  time: 0.1450  data_time: 0.0138  memory: 4189  grad_norm: 3.8128  loss: 3.1608  vote_loss: 2.3740  objectness_loss: 0.1957  semantic_loss: 0.1014  center_loss: 0.1891  dir_class_loss: 0.0000  dir_res_loss: 0.0000  size_class_loss: 0.1014  size_res_loss: 0.1991
2026/06/03 08:18:11 - mmengine - INFO - Exp name: votenet_8xb8_scannet-3d_20260603_071635
2026/06/03 08:18:17 - mmengine - INFO - Epoch(train) [33][ 30/779]  lr: 8.0000e-05  eta: 0:07:36  time: 0.1600  data_time: 0.0233  memory: 4189  grad_norm: 3.9077  loss: 2.9616  vote_loss: 2.1791  objectness_loss: 0.2038  semantic_loss: 0.0946  center_loss: 0.1833  dir_class_loss: 0.0000  dir_res_loss: 0.0000  size_class_loss: 0.0946  size_res_loss: 0.2062
2026/06/03 08:18:21 - mmengine - INFO - Epoch(train) [33][ 60/779]  lr: 8.0000e-05  eta: 0:07:32  time: 0.1566  data_time: 0.0152  memory: 4189  grad_norm: 3.4218  loss: 3.0400  vote_loss: 2.2447  objectness_loss: 0.1979  semantic_loss: 0.1055  center_loss: 0.1841  dir_class_loss: 0.0000  dir_res_loss: 0.0000  size_class_loss: 0.1055  size_res_loss: 0.2022
2026/06/03 08:18:23 - mmengine - INFO - Exp name: votenet_8xb8_scannet-3d_20260603_071635
2026/06/03 08:18:26 - mmengine - INFO - Epoch(train) [33][ 90/779]  lr: 8.0000e-05  eta: 0:07:28  time: 0.1549  data_time: 0.0148  memory: 4189  grad_norm: 3.3919  loss: 3.1293  vote_loss: 2.3186  objectness_loss: 0.2065  semantic_loss: 0.1027  center_loss: 0.1866  dir_class_loss: 0.0000  dir_res_loss: 0.0000  size_class_loss: 0.1027  size_res_loss: 0.2122
2026/06/03 08:18:31 - mmengine - INFO - Epoch(train) [33][120/779]  lr: 8.0000e-05  eta: 0:07:23  time: 0.1583  data_time: 0.0155  memory: 4189  grad_norm: 3.5901  loss: 3.1900  vote_loss: 2.3751  objectness_loss: 0.2101  semantic_loss: 0.0960  center_loss: 0.1923  dir_class_loss: 0.0000  dir_res_loss: 0.0000  size_class_loss: 0.0960  size_res_loss: 0.2204
2026/06/03 08:18:35 - mmengine - INFO - Epoch(train) [33][150/779]  lr: 8.0000e-05  eta: 0:07:19  time: 0.1522  data_time: 0.0150  memory: 4189  grad_norm: 3.5227  loss: 3.0563  vote_loss: 2.2511  objectness_loss: 0.2016  semantic_loss: 0.1021  center_loss: 0.1929  dir_class_loss: 0.0000  dir_res_loss: 0.0000  size_class_loss: 0.1021  size_res_loss: 0.2065
2026/06/03 08:18:40 - mmengine - INFO - Epoch(train) [33][180/779]  lr: 8.0000e-05  eta: 0:07:14  time: 0.1551  data_time: 0.0154  memory: 4189  grad_norm: 3.6018  loss: 3.0183  vote_loss: 2.2397  objectness_loss: 0.1932  semantic_loss: 0.1037  center_loss: 0.1818  dir_class_loss: 0.0000  dir_res_loss: 0.0000  size_class_loss: 0.1037  size_res_loss: 0.1961
2026/06/03 08:18:44 - mmengine - INFO - Epoch(train) [33][210/779]  lr: 8.0000e-05  eta: 0:07:10  time: 0.1516  data_time: 0.0149  memory: 4189  grad_norm: 3.6189  loss: 2.8915  vote_loss: 2.1760  objectness_loss: 0.1780  semantic_loss: 0.0880  center_loss: 0.1718  dir_class_loss: 0.0000  dir_res_loss: 0.0000  size_class_loss: 0.0880  size_res_loss: 0.1895
2026/06/03 08:18:49 - mmengine - INFO - Epoch(train) [33][240/779]  lr: 8.0000e-05  eta: 0:07:05  time: 0.1503  data_time: 0.0145  memory: 4189  grad_norm: 3.3788  loss: 3.0608  vote_loss: 2.2750  objectness_loss: 0.2067  semantic_loss: 0.0969  center_loss: 0.1863  dir_class_loss: 0.0000  dir_res_loss: 0.0000  size_class_loss: 0.0969  size_res_loss: 0.1990
2026/06/03 08:18:53 - mmengine - INFO - Epoch(train) [33][270/779]  lr: 8.0000e-05  eta: 0:07:01  time: 0.1489  data_time: 0.0144  memory: 4189  grad_norm: 3.4507  loss: 3.1296  vote_loss: 2.3069  objectness_loss: 0.2142  semantic_loss: 0.1048  center_loss: 0.1829  dir_class_loss: 0.0000  dir_res_loss: 0.0000  size_class_loss: 0.1047  size_res_loss: 0.2161
2026/06/03 08:18:58 - mmengine - INFO - Epoch(train) [33][300/779]  lr: 8.0000e-05  eta: 0:06:57  time: 0.1435  data_time: 0.0136  memory: 4189  grad_norm: 3.5081  loss: 2.8876  vote_loss: 2.1574  objectness_loss: 0.1866  semantic_loss: 0.0939  center_loss: 0.1661  dir_class_loss: 0.0000  dir_res_loss: 0.0000  size_class_loss: 0.0939  size_res_loss: 0.1898
2026/06/03 08:19:02 - mmengine - INFO - Epoch(train) [33][330/779]  lr: 8.0000e-05  eta: 0:06:52  time: 0.1441  data_time: 0.0131  memory: 4189  grad_norm: 3.4571  loss: 3.0495  vote_loss: 2.2735  objectness_loss: 0.2012  semantic_loss: 0.1017  center_loss: 0.1806  dir_class_loss: 0.0000  dir_res_loss: 0.0000  size_class_loss: 0.1017  size_res_loss: 0.1907
2026/06/03 08:19:06 - mmengine - INFO - Epoch(train) [33][360/779]  lr: 8.0000e-05  eta: 0:06:48  time: 0.1496  data_time: 0.0138  memory: 4189  grad_norm: 3.3693  loss: 3.1324  vote_loss: 2.2991  objectness_loss: 0.1996  semantic_loss: 0.1200  center_loss: 0.1923  dir_class_loss: 0.0000  dir_res_loss: 0.0000  size_class_loss: 0.1200  size_res_loss: 0.2013
2026/06/03 08:19:11 - mmengine - INFO - Epoch(train) [33][390/779]  lr: 8.0000e-05  eta: 0:06:43  time: 0.1544  data_time: 0.0144  memory: 4189  grad_norm: 3.3730  loss: 3.0624  vote_loss: 2.2543  objectness_loss: 0.1973  semantic_loss: 0.1130  center_loss: 0.1893  dir_class_loss: 0.0000  dir_res_loss: 0.0000  size_class_loss: 0.1130  size_res_loss: 0.1955
2026/06/03 08:19:16 - mmengine - INFO - Epoch(train) [33][420/779]  lr: 8.0000e-05  eta: 0:06:39  time: 0.1510  data_time: 0.0141  memory: 4189  grad_norm: 3.3658  loss: 3.2085  vote_loss: 2.4125  objectness_loss: 0.1956  semantic_loss: 0.1063  center_loss: 0.1863  dir_class_loss: 0.0000  dir_res_loss: 0.0000  size_class_loss: 0.1063  size_res_loss: 0.2016
2026/06/03 08:19:20 - mmengine - INFO - Epoch(train) [33][450/779]  lr: 8.0000e-05  eta: 0:06:34  time: 0.1501  data_time: 0.0144  memory: 4189  grad_norm: 3.5536  loss: 3.2335  vote_loss: 2.4284  objectness_loss: 0.2037  semantic_loss: 0.0983  center_loss: 0.1927  dir_class_loss: 0.0000  dir_res_loss: 0.0000  size_class_loss: 0.0983  size_res_loss: 0.2120
2026/06/03 08:19:25 - mmengine - INFO - Epoch(train) [33][480/779]  lr: 8.0000e-05  eta: 0:06:30  time: 0.1476  data_time: 0.0141  memory: 4189  grad_norm: 3.7910  loss: 3.1261  vote_loss: 2.3089  objectness_loss: 0.2105  semantic_loss: 0.1007  center_loss: 0.1998  dir_class_loss: 0.0000  dir_res_loss: 0.0000  size_class_loss: 0.1008  size_res_loss: 0.2054
2026/06/03 08:19:29 - mmengine - INFO - Epoch(train) [33][510/779]  lr: 8.0000e-05  eta: 0:06:25  time: 0.1452  data_time: 0.0137  memory: 4189  grad_norm: 3.5637  loss: 3.0832  vote_loss: 2.2724  objectness_loss: 0.1986  semantic_loss: 0.1030  center_loss: 0.1966  dir_class_loss: 0.0000  dir_res_loss: 0.0000  size_class_loss: 0.1030  size_res_loss: 0.2095
2026/06/03 08:19:33 - mmengine - INFO - Epoch(train) [33][540/779]  lr: 8.0000e-05  eta: 0:06:21  time: 0.1446  data_time: 0.0136  memory: 4189  grad_norm: 3.4661  loss: 3.0787  vote_loss: 2.2836  objectness_loss: 0.1982  semantic_loss: 0.0983  center_loss: 0.1955  dir_class_loss: 0.0000  dir_res_loss: 0.0000  size_class_loss: 0.0983  size_res_loss: 0.2048
2026/06/03 08:19:38 - mmengine - INFO - Epoch(train) [33][570/779]  lr: 8.0000e-05  eta: 0:06:17  time: 0.1449  data_time: 0.0137  memory: 4189  grad_norm: 3.4463  loss: 3.0820  vote_loss: 2.2959  objectness_loss: 0.1928  semantic_loss: 0.0939  center_loss: 0.1916  dir_class_loss: 0.0000  dir_res_loss: 0.0000  size_class_loss: 0.0939  size_res_loss: 0.2140
2026/06/03 08:19:42 - mmengine - INFO - Epoch(train) [33][600/779]  lr: 8.0000e-05  eta: 0:06:12  time: 0.1460  data_time: 0.0140  memory: 4189  grad_norm: 3.3869  loss: 2.9042  vote_loss: 2.1663  objectness_loss: 0.1819  semantic_loss: 0.0901  center_loss: 0.1770  dir_class_loss: 0.0000  dir_res_loss: 0.0000  size_class_loss: 0.0901  size_res_loss: 0.1989
2026/06/03 08:19:47 - mmengine - INFO - Epoch(train) [33][630/779]  lr: 8.0000e-05  eta: 0:06:08  time: 0.1485  data_time: 0.0143  memory: 4189  grad_norm: 3.4895  loss: 2.9357  vote_loss: 2.1916  objectness_loss: 0.1822  semantic_loss: 0.0970  center_loss: 0.1752  dir_class_loss: 0.0000  dir_res_loss: 0.0000  size_class_loss: 0.0970  size_res_loss: 0.1926
2026/06/03 08:19:51 - mmengine - INFO - Epoch(train) [33][660/779]  lr: 8.0000e-05  eta: 0:06:03  time: 0.1470  data_time: 0.0141  memory: 4189  grad_norm: 3.6039  loss: 3.0447  vote_loss: 2.2680  objectness_loss: 0.1865  semantic_loss: 0.0991  center_loss: 0.1843  dir_class_loss: 0.0000  dir_res_loss: 0.0000  size_class_loss: 0.0991  size_res_loss: 0.2079
2026/06/03 08:19:55 - mmengine - INFO - Epoch(train) [33][690/779]  lr: 8.0000e-05  eta: 0:05:59  time: 0.1448  data_time: 0.0139  memory: 4189  grad_norm: 3.4950  loss: 3.0366  vote_loss: 2.2628  objectness_loss: 0.1848  semantic_loss: 0.0992  center_loss: 0.1803  dir_class_loss: 0.0000  dir_res_loss: 0.0000  size_class_loss: 0.0992  size_res_loss: 0.2102
2026/06/03 08:20:00 - mmengine - INFO - Epoch(train) [33][720/779]  lr: 8.0000e-05  eta: 0:05:54  time: 0.1531  data_time: 0.0152  memory: 4189  grad_norm: 3.3153  loss: 3.0202  vote_loss: 2.2530  objectness_loss: 0.1989  semantic_loss: 0.0955  center_loss: 0.1800  dir_class_loss: 0.0000  dir_res_loss: 0.0000  size_class_loss: 0.0955  size_res_loss: 0.1973
2026/06/03 08:20:04 - mmengine - INFO - Epoch(train) [33][750/779]  lr: 8.0000e-05  eta: 0:05:50  time: 0.1514  data_time: 0.0153  memory: 4189  grad_norm: 3.4580  loss: 2.9815  vote_loss: 2.2014  objectness_loss: 0.1988  semantic_loss: 0.0946  center_loss: 0.1936  dir_class_loss: 0.0000  dir_res_loss: 0.0000  size_class_loss: 0.0946  size_res_loss: 0.1986
2026/06/03 08:20:09 - mmengine - INFO - Exp name: votenet_8xb8_scannet-3d_20260603_071635
2026/06/03 08:20:14 - mmengine - INFO - Epoch(train) [34][ 30/779]  lr: 8.0000e-05  eta: 0:05:41  time: 0.1686  data_time: 0.0304  memory: 4189  grad_norm: 3.4891  loss: 3.0213  vote_loss: 2.2687  objectness_loss: 0.1862  semantic_loss: 0.0927  center_loss: 0.1797  dir_class_loss: 0.0000  dir_res_loss: 0.0000  size_class_loss: 0.0927  size_res_loss: 0.2013
2026/06/03 08:20:19 - mmengine - INFO - Epoch(train) [34][ 60/779]  lr: 8.0000e-05  eta: 0:05:37  time: 0.1520  data_time: 0.0148  memory: 4189  grad_norm: 3.3074  loss: 3.0776  vote_loss: 2.3070  objectness_loss: 0.1896  semantic_loss: 0.0994  center_loss: 0.1804  dir_class_loss: 0.0000  dir_res_loss: 0.0000  size_class_loss: 0.0994  size_res_loss: 0.2018
2026/06/03 08:20:23 - mmengine - INFO - Epoch(train) [34][ 90/779]  lr: 8.0000e-05  eta: 0:05:32  time: 0.1494  data_time: 0.0143  memory: 4189  grad_norm: 3.5725  loss: 3.0238  vote_loss: 2.2519  objectness_loss: 0.1942  semantic_loss: 0.0979  center_loss: 0.1833  dir_class_loss: 0.0000  dir_res_loss: 0.0000  size_class_loss: 0.0979  size_res_loss: 0.1985
2026/06/03 08:20:28 - mmengine - INFO - Epoch(train) [34][120/779]  lr: 8.0000e-05  eta: 0:05:28  time: 0.1517  data_time: 0.0148  memory: 4189  grad_norm: 3.5442  loss: 2.9191  vote_loss: 2.2005  objectness_loss: 0.1842  semantic_loss: 0.0864  center_loss: 0.1779  dir_class_loss: 0.0000  dir_res_loss: 0.0000  size_class_loss: 0.0864  size_res_loss: 0.1836
2026/06/03 08:20:32 - mmengine - INFO - Epoch(train) [34][150/779]  lr: 8.0000e-05  eta: 0:05:23  time: 0.1472  data_time: 0.0141  memory: 4189  grad_norm: 3.6837  loss: 2.9855  vote_loss: 2.2344  objectness_loss: 0.1895  semantic_loss: 0.0908  center_loss: 0.1839  dir_class_loss: 0.0000  dir_res_loss: 0.0000  size_class_loss: 0.0908  size_res_loss: 0.1960
2026/06/03 08:20:36 - mmengine - INFO - Epoch(train) [34][180/779]  lr: 8.0000e-05  eta: 0:05:19  time: 0.1456  data_time: 0.0138  memory: 4189  grad_norm: 3.6159  loss: 3.1059  vote_loss: 2.2919  objectness_loss: 0.2108  semantic_loss: 0.0999  center_loss: 0.1907  dir_class_loss: 0.0000  dir_res_loss: 0.0000  size_class_loss: 0.0999  size_res_loss: 0.2128
2026/06/03 08:20:41 - mmengine - INFO - Epoch(train) [34][210/779]  lr: 8.0000e-05  eta: 0:05:15  time: 0.1449  data_time: 0.0134  memory: 4189  grad_norm: 3.4066  loss: 2.9904  vote_loss: 2.2128  objectness_loss: 0.1931  semantic_loss: 0.0985  center_loss: 0.1760  dir_class_loss: 0.0000  dir_res_loss: 0.0000  size_class_loss: 0.0985  size_res_loss: 0.2114
2026/06/03 08:20:45 - mmengine - INFO - Epoch(train) [34][240/779]  lr: 8.0000e-05  eta: 0:05:10  time: 0.1448  data_time: 0.0136  memory: 4189  grad_norm: 3.6567  loss: 3.0227  vote_loss: 2.2498  objectness_loss: 0.1897  semantic_loss: 0.1105  center_loss: 0.1745  dir_class_loss: 0.0000  dir_res_loss: 0.0000  size_class_loss: 0.1105  size_res_loss: 0.1876
2026/06/03 08:20:49 - mmengine - INFO - Epoch(train) [34][270/779]  lr: 8.0000e-05  eta: 0:05:06  time: 0.1447  data_time: 0.0139  memory: 4189  grad_norm: 3.6672  loss: 3.1554  vote_loss: 2.3599  objectness_loss: 0.1980  semantic_loss: 0.1103  center_loss: 0.1815  dir_class_loss: 0.0000  dir_res_loss: 0.0000  size_class_loss: 0.1103  size_res_loss: 0.1954
2026/06/03 08:20:53 - mmengine - INFO - Exp name: votenet_8xb8_scannet-3d_20260603_071635
2026/06/03 08:20:54 - mmengine - INFO - Epoch(train) [34][300/779]  lr: 8.0000e-05  eta: 0:05:01  time: 0.1452  data_time: 0.0139  memory: 4189  grad_norm: 3.5032  loss: 3.1292  vote_loss: 2.3450  objectness_loss: 0.1936  semantic_loss: 0.1068  center_loss: 0.1838  dir_class_loss: 0.0000  dir_res_loss: 0.0000  size_class_loss: 0.1068  size_res_loss: 0.1932
2026/06/03 08:20:58 - mmengine - INFO - Epoch(train) [34][330/779]  lr: 8.0000e-05  eta: 0:04:57  time: 0.1457  data_time: 0.0138  memory: 4189  grad_norm: 3.5547  loss: 3.2465  vote_loss: 2.4051  objectness_loss: 0.1973  semantic_loss: 0.1154  center_loss: 0.1951  dir_class_loss: 0.0000  dir_res_loss: 0.0000  size_class_loss: 0.1154  size_res_loss: 0.2183
2026/06/03 08:21:03 - mmengine - INFO - Epoch(train) [34][360/779]  lr: 8.0000e-05  eta: 0:04:52  time: 0.1476  data_time: 0.0143  memory: 4189  grad_norm: 3.4723  loss: 3.0993  vote_loss: 2.2974  objectness_loss: 0.2067  semantic_loss: 0.0988  center_loss: 0.1891  dir_class_loss: 0.0000  dir_res_loss: 0.0000  size_class_loss: 0.0988  size_res_loss: 0.2084
2026/06/03 08:21:07 - mmengine - INFO - Epoch(train) [34][390/779]  lr: 8.0000e-05  eta: 0:04:48  time: 0.1477  data_time: 0.0143  memory: 4189  grad_norm: 3.5205  loss: 3.0822  vote_loss: 2.2845  objectness_loss: 0.2109  semantic_loss: 0.0978  center_loss: 0.1898  dir_class_loss: 0.0000  dir_res_loss: 0.0000  size_class_loss: 0.0978  size_res_loss: 0.2015
2026/06/03 08:21:11 - mmengine - INFO - Epoch(train) [34][420/779]  lr: 8.0000e-05  eta: 0:04:43  time: 0.1451  data_time: 0.0142  memory: 4189  grad_norm: 3.3891  loss: 3.0351  vote_loss: 2.2504  objectness_loss: 0.1993  semantic_loss: 0.1010  center_loss: 0.1871  dir_class_loss: 0.0000  dir_res_loss: 0.0000  size_class_loss: 0.1010  size_res_loss: 0.1962
2026/06/03 08:21:16 - mmengine - INFO - Epoch(train) [34][450/779]  lr: 8.0000e-05  eta: 0:04:39  time: 0.1495  data_time: 0.0148  memory: 4189  grad_norm: 3.5400  loss: 2.9363  vote_loss: 2.2044  objectness_loss: 0.1810  semantic_loss: 0.0918  center_loss: 0.1756  dir_class_loss: 0.0000  dir_res_loss: 0.0000  size_class_loss: 0.0918  size_res_loss: 0.1917
2026/06/03 08:21:20 - mmengine - INFO - Epoch(train) [34][480/779]  lr: 8.0000e-05  eta: 0:04:35  time: 0.1508  data_time: 0.0144  memory: 4189  grad_norm: 3.6366  loss: 2.9478  vote_loss: 2.2029  objectness_loss: 0.1888  semantic_loss: 0.0898  center_loss: 0.1796  dir_class_loss: 0.0000  dir_res_loss: 0.0000  size_class_loss: 0.0898  size_res_loss: 0.1968
2026/06/03 08:21:25 - mmengine - INFO - Epoch(train) [34][510/779]  lr: 8.0000e-05  eta: 0:04:30  time: 0.1445  data_time: 0.0133  memory: 4189  grad_norm: 3.5515  loss: 3.0234  vote_loss: 2.2339  objectness_loss: 0.1969  semantic_loss: 0.0969  center_loss: 0.1840  dir_class_loss: 0.0000  dir_res_loss: 0.0000  size_class_loss: 0.0969  size_res_loss: 0.2146
2026/06/03 08:21:29 - mmengine - INFO - Epoch(train) [34][540/779]  lr: 8.0000e-05  eta: 0:04:26  time: 0.1470  data_time: 0.0138  memory: 4189  grad_norm: 3.5195  loss: 2.9637  vote_loss: 2.1820  objectness_loss: 0.1942  semantic_loss: 0.0975  center_loss: 0.1886  dir_class_loss: 0.0000  dir_res_loss: 0.0000  size_class_loss: 0.0975  size_res_loss: 0.2039
2026/06/03 08:21:34 - mmengine - INFO - Epoch(train) [34][570/779]  lr: 8.0000e-05  eta: 0:04:21  time: 0.1546  data_time: 0.0149  memory: 4189  grad_norm: 3.5078  loss: 2.9740  vote_loss: 2.1959  objectness_loss: 0.1928  semantic_loss: 0.0935  center_loss: 0.1873  dir_class_loss: 0.0000  dir_res_loss: 0.0000  size_class_loss: 0.0935  size_res_loss: 0.2110
2026/06/03 08:21:38 - mmengine - INFO - Epoch(train) [34][600/779]  lr: 8.0000e-05  eta: 0:04:17  time: 0.1500  data_time: 0.0146  memory: 4189  grad_norm: 3.6103  loss: 3.0158  vote_loss: 2.2535  objectness_loss: 0.1962  semantic_loss: 0.0864  center_loss: 0.1836  dir_class_loss: 0.0000  dir_res_loss: 0.0000  size_class_loss: 0.0864  size_res_loss: 0.2098
2026/06/03 08:21:43 - mmengine - INFO - Epoch(train) [34][630/779]  lr: 8.0000e-05  eta: 0:04:12  time: 0.1479  data_time: 0.0140  memory: 4189  grad_norm: 3.5605  loss: 2.9996  vote_loss: 2.2441  objectness_loss: 0.1868  semantic_loss: 0.0939  center_loss: 0.1867  dir_class_loss: 0.0000  dir_res_loss: 0.0000  size_class_loss: 0.0939  size_res_loss: 0.1942
2026/06/03 08:21:47 - mmengine - INFO - Epoch(train) [34][660/779]  lr: 8.0000e-05  eta: 0:04:08  time: 0.1547  data_time: 0.0142  memory: 4189  grad_norm: 3.8671  loss: 2.9017  vote_loss: 2.1631  objectness_loss: 0.1782  semantic_loss: 0.0916  center_loss: 0.1764  dir_class_loss: 0.0000  dir_res_loss: 0.0000  size_class_loss: 0.0916  size_res_loss: 0.2007
2026/06/03 08:21:52 - mmengine - INFO - Epoch(train) [34][690/779]  lr: 8.0000e-05  eta: 0:04:03  time: 0.1566  data_time: 0.0147  memory: 4189  grad_norm: 3.6629  loss: 3.0397  vote_loss: 2.2794  objectness_loss: 0.1886  semantic_loss: 0.0960  center_loss: 0.1770  dir_class_loss: 0.0000  dir_res_loss: 0.0000  size_class_loss: 0.0960  size_res_loss: 0.2026
2026/06/03 08:21:57 - mmengine - INFO - Epoch(train) [34][720/779]  lr: 8.0000e-05  eta: 0:03:59  time: 0.1510  data_time: 0.0146  memory: 4189  grad_norm: 3.5037  loss: 3.0484  vote_loss: 2.2747  objectness_loss: 0.1929  semantic_loss: 0.0993  center_loss: 0.1813  dir_class_loss: 0.0000  dir_res_loss: 0.0000  size_class_loss: 0.0993  size_res_loss: 0.2010
2026/06/03 08:22:01 - mmengine - INFO - Epoch(train) [34][750/779]  lr: 8.0000e-05  eta: 0:03:55  time: 0.1474  data_time: 0.0141  memory: 4189  grad_norm: 3.5656  loss: 3.1516  vote_loss: 2.3317  objectness_loss: 0.2062  semantic_loss: 0.1038  center_loss: 0.1911  dir_class_loss: 0.0000  dir_res_loss: 0.0000  size_class_loss: 0.1038  size_res_loss: 0.2151
2026/06/03 08:22:05 - mmengine - INFO - Exp name: votenet_8xb8_scannet-3d_20260603_071635
2026/06/03 08:22:10 - mmengine - INFO - Epoch(train) [35][ 30/779]  lr: 8.0000e-05  eta: 0:03:46  time: 0.1581  data_time: 0.0237  memory: 4189  grad_norm: 3.6307  loss: 3.0130  vote_loss: 2.2490  objectness_loss: 0.1933  semantic_loss: 0.0910  center_loss: 0.1897  dir_class_loss: 0.0000  dir_res_loss: 0.0000  size_class_loss: 0.0910  size_res_loss: 0.1990
2026/06/03 08:22:15 - mmengine - INFO - Epoch(train) [35][ 60/779]  lr: 8.0000e-05  eta: 0:03:41  time: 0.1477  data_time: 0.0144  memory: 4189  grad_norm: 3.5224  loss: 3.0353  vote_loss: 2.2604  objectness_loss: 0.1954  semantic_loss: 0.0909  center_loss: 0.1838  dir_class_loss: 0.0000  dir_res_loss: 0.0000  size_class_loss: 0.0909  size_res_loss: 0.2139
2026/06/03 08:22:19 - mmengine - INFO - Epoch(train) [35][ 90/779]  lr: 8.0000e-05  eta: 0:03:37  time: 0.1508  data_time: 0.0150  memory: 4189  grad_norm: 3.4893  loss: 2.9527  vote_loss: 2.1936  objectness_loss: 0.1948  semantic_loss: 0.0906  center_loss: 0.1763  dir_class_loss: 0.0000  dir_res_loss: 0.0000  size_class_loss: 0.0906  size_res_loss: 0.2067
2026/06/03 08:22:24 - mmengine - INFO - Epoch(train) [35][120/779]  lr: 8.0000e-05  eta: 0:03:33  time: 0.1521  data_time: 0.0151  memory: 4189  grad_norm: 3.4106  loss: 3.0656  vote_loss: 2.3053  objectness_loss: 0.1939  semantic_loss: 0.0901  center_loss: 0.1871  dir_class_loss: 0.0000  dir_res_loss: 0.0000  size_class_loss: 0.0901  size_res_loss: 0.1991
2026/06/03 08:22:28 - mmengine - INFO - Epoch(train) [35][150/779]  lr: 8.0000e-05  eta: 0:03:28  time: 0.1553  data_time: 0.0157  memory: 4189  grad_norm: 3.3988  loss: 3.0666  vote_loss: 2.2973  objectness_loss: 0.1930  semantic_loss: 0.0975  center_loss: 0.1835  dir_class_loss: 0.0000  dir_res_loss: 0.0000  size_class_loss: 0.0975  size_res_loss: 0.1979
2026/06/03 08:22:33 - mmengine - INFO - Epoch(train) [35][180/779]  lr: 8.0000e-05  eta: 0:03:24  time: 0.1489  data_time: 0.0149  memory: 4189  grad_norm: 3.5424  loss: 2.9787  vote_loss: 2.2300  objectness_loss: 0.1861  semantic_loss: 0.0939  center_loss: 0.1760  dir_class_loss: 0.0000  dir_res_loss: 0.0000  size_class_loss: 0.0939  size_res_loss: 0.1989
2026/06/03 08:22:37 - mmengine - INFO - Epoch(train) [35][210/779]  lr: 8.0000e-05  eta: 0:03:19  time: 0.1452  data_time: 0.0143  memory: 4189  grad_norm: 3.3699  loss: 2.9608  vote_loss: 2.1961  objectness_loss: 0.1894  semantic_loss: 0.0938  center_loss: 0.1839  dir_class_loss: 0.0000  dir_res_loss: 0.0000  size_class_loss: 0.0938  size_res_loss: 0.2039
2026/06/03 08:22:42 - mmengine - INFO - Epoch(train) [35][240/779]  lr: 8.0000e-05  eta: 0:03:15  time: 0.1451  data_time: 0.0141  memory: 4189  grad_norm: 3.4631  loss: 3.0245  vote_loss: 2.2557  objectness_loss: 0.1917  semantic_loss: 0.0941  center_loss: 0.1843  dir_class_loss: 0.0000  dir_res_loss: 0.0000  size_class_loss: 0.0941  size_res_loss: 0.2047
2026/06/03 08:22:46 - mmengine - INFO - Epoch(train) [35][270/779]  lr: 8.0000e-05  eta: 0:03:10  time: 0.1472  data_time: 0.0140  memory: 4189  grad_norm: 3.4559  loss: 3.0313  vote_loss: 2.2565  objectness_loss: 0.1928  semantic_loss: 0.0952  center_loss: 0.1872  dir_class_loss: 0.0000  dir_res_loss: 0.0000  size_class_loss: 0.0952  size_res_loss: 0.2044
2026/06/03 08:22:50 - mmengine - INFO - Epoch(train) [35][300/779]  lr: 8.0000e-05  eta: 0:03:06  time: 0.1473  data_time: 0.0142  memory: 4189  grad_norm: 3.5623  loss: 3.0673  vote_loss: 2.2650  objectness_loss: 0.1950  semantic_loss: 0.1048  center_loss: 0.1861  dir_class_loss: 0.0000  dir_res_loss: 0.0000  size_class_loss: 0.1048  size_res_loss: 0.2116
2026/06/03 08:22:55 - mmengine - INFO - Epoch(train) [35][330/779]  lr: 8.0000e-05  eta: 0:03:01  time: 0.1459  data_time: 0.0141  memory: 4189  grad_norm: 3.6994  loss: 3.1149  vote_loss: 2.3238  objectness_loss: 0.1996  semantic_loss: 0.0974  center_loss: 0.1893  dir_class_loss: 0.0000  dir_res_loss: 0.0000  size_class_loss: 0.0974  size_res_loss: 0.2073
2026/06/03 08:22:59 - mmengine - INFO - Epoch(train) [35][360/779]  lr: 8.0000e-05  eta: 0:02:57  time: 0.1456  data_time: 0.0139  memory: 4189  grad_norm: 3.6473  loss: 3.0565  vote_loss: 2.2599  objectness_loss: 0.2003  semantic_loss: 0.1070  center_loss: 0.1885  dir_class_loss: 0.0000  dir_res_loss: 0.0000  size_class_loss: 0.1070  size_res_loss: 0.1939
2026/06/03 08:23:03 - mmengine - INFO - Epoch(train) [35][390/779]  lr: 8.0000e-05  eta: 0:02:53  time: 0.1450  data_time: 0.0136  memory: 4189  grad_norm: 3.7243  loss: 3.0544  vote_loss: 2.2653  objectness_loss: 0.2041  semantic_loss: 0.0972  center_loss: 0.1861  dir_class_loss: 0.0000  dir_res_loss: 0.0000  size_class_loss: 0.0972  size_res_loss: 0.2045
2026/06/03 08:23:08 - mmengine - INFO - Epoch(train) [35][420/779]  lr: 8.0000e-05  eta: 0:02:48  time: 0.1458  data_time: 0.0139  memory: 4189  grad_norm: 3.5928  loss: 2.9428  vote_loss: 2.2039  objectness_loss: 0.1973  semantic_loss: 0.0855  center_loss: 0.1727  dir_class_loss: 0.0000  dir_res_loss: 0.0000  size_class_loss: 0.0855  size_res_loss: 0.1981
2026/06/03 08:23:12 - mmengine - INFO - Epoch(train) [35][450/779]  lr: 8.0000e-05  eta: 0:02:44  time: 0.1457  data_time: 0.0142  memory: 4189  grad_norm: 3.4748  loss: 3.0939  vote_loss: 2.2880  objectness_loss: 0.2062  semantic_loss: 0.0983  center_loss: 0.1875  dir_class_loss: 0.0000  dir_res_loss: 0.0000  size_class_loss: 0.0983  size_res_loss: 0.2155
2026/06/03 08:23:17 - mmengine - INFO - Epoch(train) [35][480/779]  lr: 8.0000e-05  eta: 0:02:39  time: 0.1455  data_time: 0.0142  memory: 4189  grad_norm: 3.5068  loss: 3.0684  vote_loss: 2.2805  objectness_loss: 0.2018  semantic_loss: 0.0919  center_loss: 0.1888  dir_class_loss: 0.0000  dir_res_loss: 0.0000  size_class_loss: 0.0919  size_res_loss: 0.2135
2026/06/03 08:23:21 - mmengine - INFO - Epoch(train) [35][510/779]  lr: 8.0000e-05  eta: 0:02:35  time: 0.1448  data_time: 0.0140  memory: 4189  grad_norm: 3.5645  loss: 2.9798  vote_loss: 2.2381  objectness_loss: 0.1872  semantic_loss: 0.0919  center_loss: 0.1750  dir_class_loss: 0.0000  dir_res_loss: 0.0000  size_class_loss: 0.0919  size_res_loss: 0.1957
2026/06/03 08:23:22 - mmengine - INFO - Exp name: votenet_8xb8_scannet-3d_20260603_071635
2026/06/03 08:23:25 - mmengine - INFO - Epoch(train) [35][540/779]  lr: 8.0000e-05  eta: 0:02:30  time: 0.1454  data_time: 0.0137  memory: 4189  grad_norm: 3.4731  loss: 3.0200  vote_loss: 2.2563  objectness_loss: 0.1927  semantic_loss: 0.1005  center_loss: 0.1847  dir_class_loss: 0.0000  dir_res_loss: 0.0000  size_class_loss: 0.1005  size_res_loss: 0.1852
2026/06/03 08:23:30 - mmengine - INFO - Epoch(train) [35][570/779]  lr: 8.0000e-05  eta: 0:02:26  time: 0.1440  data_time: 0.0130  memory: 4189  grad_norm: 3.3944  loss: 2.9816  vote_loss: 2.2357  objectness_loss: 0.1807  semantic_loss: 0.0965  center_loss: 0.1823  dir_class_loss: 0.0000  dir_res_loss: 0.0000  size_class_loss: 0.0965  size_res_loss: 0.1898
2026/06/03 08:23:34 - mmengine - INFO - Epoch(train) [35][600/779]  lr: 8.0000e-05  eta: 0:02:21  time: 0.1512  data_time: 0.0140  memory: 4189  grad_norm: 3.4080  loss: 3.0052  vote_loss: 2.2577  objectness_loss: 0.1861  semantic_loss: 0.0928  center_loss: 0.1838  dir_class_loss: 0.0000  dir_res_loss: 0.0000  size_class_loss: 0.0928  size_res_loss: 0.1922
2026/06/03 08:23:39 - mmengine - INFO - Epoch(train) [35][630/779]  lr: 8.0000e-05  eta: 0:02:17  time: 0.1574  data_time: 0.0150  memory: 4189  grad_norm: 3.4774  loss: 3.1099  vote_loss: 2.2985  objectness_loss: 0.2032  semantic_loss: 0.1060  center_loss: 0.1906  dir_class_loss: 0.0000  dir_res_loss: 0.0000  size_class_loss: 0.1060  size_res_loss: 0.2057
2026/06/03 08:23:43 - mmengine - INFO - Epoch(train) [35][660/779]  lr: 8.0000e-05  eta: 0:02:13  time: 0.1501  data_time: 0.0141  memory: 4189  grad_norm: 3.5814  loss: 3.1231  vote_loss: 2.2999  objectness_loss: 0.1935  semantic_loss: 0.1129  center_loss: 0.1894  dir_class_loss: 0.0000  dir_res_loss: 0.0000  size_class_loss: 0.1129  size_res_loss: 0.2144
2026/06/03 08:23:48 - mmengine - INFO - Epoch(train) [35][690/779]  lr: 8.0000e-05  eta: 0:02:08  time: 0.1474  data_time: 0.0139  memory: 4189  grad_norm: 3.6330  loss: 2.9963  vote_loss: 2.2446  objectness_loss: 0.1838  semantic_loss: 0.0974  center_loss: 0.1829  dir_class_loss: 0.0000  dir_res_loss: 0.0000  size_class_loss: 0.0974  size_res_loss: 0.1903
2026/06/03 08:23:52 - mmengine - INFO - Epoch(train) [35][720/779]  lr: 8.0000e-05  eta: 0:02:04  time: 0.1493  data_time: 0.0143  memory: 4189  grad_norm: 3.5689  loss: 2.9166  vote_loss: 2.1661  objectness_loss: 0.1894  semantic_loss: 0.0986  center_loss: 0.1826  dir_class_loss: 0.0000  dir_res_loss: 0.0000  size_class_loss: 0.0986  size_res_loss: 0.1813
2026/06/03 08:23:57 - mmengine - INFO - Epoch(train) [35][750/779]  lr: 8.0000e-05  eta: 0:01:59  time: 0.1500  data_time: 0.0144  memory: 4189  grad_norm: 3.4638  loss: 2.9886  vote_loss: 2.1988  objectness_loss: 0.2008  semantic_loss: 0.1082  center_loss: 0.1751  dir_class_loss: 0.0000  dir_res_loss: 0.0000  size_class_loss: 0.1082  size_res_loss: 0.1976
2026/06/03 08:24:01 - mmengine - INFO - Exp name: votenet_8xb8_scannet-3d_20260603_071635
2026/06/03 08:24:06 - mmengine - INFO - Epoch(train) [36][ 30/779]  lr: 8.0000e-05  eta: 0:01:50  time: 0.1604  data_time: 0.0227  memory: 4189  grad_norm: 3.4923  loss: 3.0065  vote_loss: 2.2547  objectness_loss: 0.1941  semantic_loss: 0.0929  center_loss: 0.1783  dir_class_loss: 0.0000  dir_res_loss: 0.0000  size_class_loss: 0.0929  size_res_loss: 0.1934
2026/06/03 08:24:11 - mmengine - INFO - Epoch(train) [36][ 60/779]  lr: 8.0000e-05  eta: 0:01:46  time: 0.1502  data_time: 0.0145  memory: 4189  grad_norm: 3.4665  loss: 2.9834  vote_loss: 2.2257  objectness_loss: 0.1927  semantic_loss: 0.0925  center_loss: 0.1764  dir_class_loss: 0.0000  dir_res_loss: 0.0000  size_class_loss: 0.0925  size_res_loss: 0.2037
2026/06/03 08:24:15 - mmengine - INFO - Epoch(train) [36][ 90/779]  lr: 8.0000e-05  eta: 0:01:42  time: 0.1490  data_time: 0.0144  memory: 4189  grad_norm: 3.5776  loss: 3.0022  vote_loss: 2.2576  objectness_loss: 0.1913  semantic_loss: 0.0853  center_loss: 0.1795  dir_class_loss: 0.0000  dir_res_loss: 0.0000  size_class_loss: 0.0853  size_res_loss: 0.2031
2026/06/03 08:24:20 - mmengine - INFO - Epoch(train) [36][120/779]  lr: 8.0000e-05  eta: 0:01:37  time: 0.1523  data_time: 0.0148  memory: 4189  grad_norm: 3.5785  loss: 3.0497  vote_loss: 2.3157  objectness_loss: 0.1880  semantic_loss: 0.0856  center_loss: 0.1833  dir_class_loss: 0.0000  dir_res_loss: 0.0000  size_class_loss: 0.0856  size_res_loss: 0.1914
2026/06/03 08:24:24 - mmengine - INFO - Epoch(train) [36][150/779]  lr: 8.0000e-05  eta: 0:01:33  time: 0.1470  data_time: 0.0144  memory: 4189  grad_norm: 3.5257  loss: 3.0273  vote_loss: 2.2760  objectness_loss: 0.1914  semantic_loss: 0.0946  center_loss: 0.1821  dir_class_loss: 0.0000  dir_res_loss: 0.0000  size_class_loss: 0.0946  size_res_loss: 0.1886
2026/06/03 08:24:29 - mmengine - INFO - Epoch(train) [36][180/779]  lr: 8.0000e-05  eta: 0:01:28  time: 0.1516  data_time: 0.0146  memory: 4189  grad_norm: 3.4718  loss: 3.0048  vote_loss: 2.2198  objectness_loss: 0.2016  semantic_loss: 0.0958  center_loss: 0.1846  dir_class_loss: 0.0000  dir_res_loss: 0.0000  size_class_loss: 0.0958  size_res_loss: 0.2071
2026/06/03 08:24:33 - mmengine - INFO - Epoch(train) [36][210/779]  lr: 8.0000e-05  eta: 0:01:24  time: 0.1503  data_time: 0.0144  memory: 4189  grad_norm: 3.5500  loss: 3.0800  vote_loss: 2.2899  objectness_loss: 0.2079  semantic_loss: 0.0910  center_loss: 0.1897  dir_class_loss: 0.0000  dir_res_loss: 0.0000  size_class_loss: 0.0910  size_res_loss: 0.2105
2026/06/03 08:24:38 - mmengine - INFO - Epoch(train) [36][240/779]  lr: 8.0000e-05  eta: 0:01:19  time: 0.1482  data_time: 0.0143  memory: 4189  grad_norm: 3.4714  loss: 2.9614  vote_loss: 2.1876  objectness_loss: 0.2001  semantic_loss: 0.0964  center_loss: 0.1797  dir_class_loss: 0.0000  dir_res_loss: 0.0000  size_class_loss: 0.0964  size_res_loss: 0.2012
2026/06/03 08:24:42 - mmengine - INFO - Epoch(train) [36][270/779]  lr: 8.0000e-05  eta: 0:01:15  time: 0.1488  data_time: 0.0144  memory: 4189  grad_norm: 3.4351  loss: 2.9728  vote_loss: 2.2127  objectness_loss: 0.1909  semantic_loss: 0.0916  center_loss: 0.1756  dir_class_loss: 0.0000  dir_res_loss: 0.0000  size_class_loss: 0.0916  size_res_loss: 0.2103
2026/06/03 08:24:47 - mmengine - INFO - Epoch(train) [36][300/779]  lr: 8.0000e-05  eta: 0:01:10  time: 0.1462  data_time: 0.0142  memory: 4189  grad_norm: 3.5453  loss: 3.1102  vote_loss: 2.3003  objectness_loss: 0.2017  semantic_loss: 0.1025  center_loss: 0.1850  dir_class_loss: 0.0000  dir_res_loss: 0.0000  size_class_loss: 0.1025  size_res_loss: 0.2183
2026/06/03 08:24:51 - mmengine - INFO - Epoch(train) [36][330/779]  lr: 8.0000e-05  eta: 0:01:06  time: 0.1457  data_time: 0.0142  memory: 4189  grad_norm: 3.5587  loss: 3.1083  vote_loss: 2.3270  objectness_loss: 0.2015  semantic_loss: 0.0910  center_loss: 0.1899  dir_class_loss: 0.0000  dir_res_loss: 0.0000  size_class_loss: 0.0910  size_res_loss: 0.2078
2026/06/03 08:24:55 - mmengine - INFO - Epoch(train) [36][360/779]  lr: 8.0000e-05  eta: 0:01:02  time: 0.1451  data_time: 0.0139  memory: 4189  grad_norm: 3.3778  loss: 2.9896  vote_loss: 2.2407  objectness_loss: 0.1926  semantic_loss: 0.0862  center_loss: 0.1880  dir_class_loss: 0.0000  dir_res_loss: 0.0000  size_class_loss: 0.0862  size_res_loss: 0.1958
2026/06/03 08:25:00 - mmengine - INFO - Epoch(train) [36][390/779]  lr: 8.0000e-05  eta: 0:00:57  time: 0.1459  data_time: 0.0142  memory: 4189  grad_norm: 3.4455  loss: 3.0231  vote_loss: 2.2351  objectness_loss: 0.2022  semantic_loss: 0.0968  center_loss: 0.1945  dir_class_loss: 0.0000  dir_res_loss: 0.0000  size_class_loss: 0.0968  size_res_loss: 0.1977
2026/06/03 08:25:04 - mmengine - INFO - Epoch(train) [36][420/779]  lr: 8.0000e-05  eta: 0:00:53  time: 0.1457  data_time: 0.0141  memory: 4189  grad_norm: 3.5628  loss: 2.8914  vote_loss: 2.1272  objectness_loss: 0.1796  semantic_loss: 0.1027  center_loss: 0.1883  dir_class_loss: 0.0000  dir_res_loss: 0.0000  size_class_loss: 0.1027  size_res_loss: 0.1909
2026/06/03 08:25:09 - mmengine - INFO - Epoch(train) [36][450/779]  lr: 8.0000e-05  eta: 0:00:48  time: 0.1488  data_time: 0.0144  memory: 4189  grad_norm: 3.4905  loss: 3.1132  vote_loss: 2.2968  objectness_loss: 0.1970  semantic_loss: 0.1137  center_loss: 0.1864  dir_class_loss: 0.0000  dir_res_loss: 0.0000  size_class_loss: 0.1137  size_res_loss: 0.2056
2026/06/03 08:25:13 - mmengine - INFO - Epoch(train) [36][480/779]  lr: 8.0000e-05  eta: 0:00:44  time: 0.1535  data_time: 0.0152  memory: 4189  grad_norm: 3.5087  loss: 3.2193  vote_loss: 2.3686  objectness_loss: 0.2085  semantic_loss: 0.1152  center_loss: 0.1929  dir_class_loss: 0.0000  dir_res_loss: 0.0000  size_class_loss: 0.1152  size_res_loss: 0.2187
2026/06/03 08:25:18 - mmengine - INFO - Epoch(train) [36][510/779]  lr: 8.0000e-05  eta: 0:00:39  time: 0.1471  data_time: 0.0143  memory: 4189  grad_norm: 3.4492  loss: 3.0965  vote_loss: 2.3023  objectness_loss: 0.1939  semantic_loss: 0.0999  center_loss: 0.1826  dir_class_loss: 0.0000  dir_res_loss: 0.0000  size_class_loss: 0.0999  size_res_loss: 0.2179
2026/06/03 08:25:22 - mmengine - INFO - Epoch(train) [36][540/779]  lr: 8.0000e-05  eta: 0:00:35  time: 0.1445  data_time: 0.0138  memory: 4189  grad_norm: 3.5368  loss: 2.8499  vote_loss: 2.1394  objectness_loss: 0.1830  semantic_loss: 0.0891  center_loss: 0.1687  dir_class_loss: 0.0000  dir_res_loss: 0.0000  size_class_loss: 0.0891  size_res_loss: 0.1808
2026/06/03 08:25:26 - mmengine - INFO - Epoch(train) [36][570/779]  lr: 8.0000e-05  eta: 0:00:30  time: 0.1448  data_time: 0.0139  memory: 4189  grad_norm: 3.4408  loss: 2.9113  vote_loss: 2.1841  objectness_loss: 0.1806  semantic_loss: 0.0936  center_loss: 0.1743  dir_class_loss: 0.0000  dir_res_loss: 0.0000  size_class_loss: 0.0936  size_res_loss: 0.1851
2026/06/03 08:25:31 - mmengine - INFO - Epoch(train) [36][600/779]  lr: 8.0000e-05  eta: 0:00:26  time: 0.1452  data_time: 0.0138  memory: 4189  grad_norm: 3.3302  loss: 2.9533  vote_loss: 2.1973  objectness_loss: 0.1924  semantic_loss: 0.0914  center_loss: 0.1824  dir_class_loss: 0.0000  dir_res_loss: 0.0000  size_class_loss: 0.0914  size_res_loss: 0.1984
2026/06/03 08:25:35 - mmengine - INFO - Epoch(train) [36][630/779]  lr: 8.0000e-05  eta: 0:00:22  time: 0.1441  data_time: 0.0139  memory: 4189  grad_norm: 3.5377  loss: 2.9276  vote_loss: 2.1841  objectness_loss: 0.1916  semantic_loss: 0.0878  center_loss: 0.1740  dir_class_loss: 0.0000  dir_res_loss: 0.0000  size_class_loss: 0.0878  size_res_loss: 0.2025
2026/06/03 08:25:39 - mmengine - INFO - Epoch(train) [36][660/779]  lr: 8.0000e-05  eta: 0:00:17  time: 0.1449  data_time: 0.0139  memory: 4189  grad_norm: 3.4706  loss: 3.0906  vote_loss: 2.3348  objectness_loss: 0.2009  semantic_loss: 0.0922  center_loss: 0.1814  dir_class_loss: 0.0000  dir_res_loss: 0.0000  size_class_loss: 0.0922  size_res_loss: 0.1892
2026/06/03 08:25:44 - mmengine - INFO - Epoch(train) [36][690/779]  lr: 8.0000e-05  eta: 0:00:13  time: 0.1456  data_time: 0.0138  memory: 4189  grad_norm: 3.4346  loss: 3.0861  vote_loss: 2.3025  objectness_loss: 0.1974  semantic_loss: 0.0967  center_loss: 0.1907  dir_class_loss: 0.0000  dir_res_loss: 0.0000  size_class_loss: 0.0967  size_res_loss: 0.2022
2026/06/03 08:25:48 - mmengine - INFO - Epoch(train) [36][720/779]  lr: 8.0000e-05  eta: 0:00:08  time: 0.1448  data_time: 0.0138  memory: 4189  grad_norm: 3.3720  loss: 3.0226  vote_loss: 2.2609  objectness_loss: 0.1917  semantic_loss: 0.0945  center_loss: 0.1772  dir_class_loss: 0.0000  dir_res_loss: 0.0000  size_class_loss: 0.0945  size_res_loss: 0.2037
2026/06/03 08:25:50 - mmengine - INFO - Exp name: votenet_8xb8_scannet-3d_20260603_071635
2026/06/03 08:25:52 - mmengine - INFO - Epoch(train) [36][750/779]  lr: 8.0000e-05  eta: 0:00:04  time: 0.1443  data_time: 0.0137  memory: 4189  grad_norm: 3.5123  loss: 3.0483  vote_loss: 2.2950  objectness_loss: 0.1879  semantic_loss: 0.0941  center_loss: 0.1781  dir_class_loss: 0.0000  dir_res_loss: 0.0000  size_class_loss: 0.0941  size_res_loss: 0.1992
2026/06/03 08:25:56 - mmengine - INFO - Exp name: votenet_8xb8_scannet-3d_20260603_071635
2026/06/03 08:25:56 - mmengine - INFO - Saving checkpoint at 36 epochs
2026/06/03 08:25:59 - mmengine - INFO - Epoch(val) [36][ 30/312]    eta: 0:00:17  time: 0.0620  data_time: 0.0059  memory: 4189  
2026/06/03 08:26:00 - mmengine - INFO - Epoch(val) [36][ 60/312]    eta: 0:00:14  time: 0.0539  data_time: 0.0016  memory: 301  
2026/06/03 08:26:02 - mmengine - INFO - Epoch(val) [36][ 90/312]    eta: 0:00:12  time: 0.0543  data_time: 0.0028  memory: 301  
2026/06/03 08:26:04 - mmengine - INFO - Epoch(val) [36][120/312]    eta: 0:00:10  time: 0.0550  data_time: 0.0036  memory: 301  
2026/06/03 08:26:05 - mmengine - INFO - Epoch(val) [36][150/312]    eta: 0:00:08  time: 0.0538  data_time: 0.0023  memory: 301  
2026/06/03 08:26:07 - mmengine - INFO - Epoch(val) [36][180/312]    eta: 0:00:07  time: 0.0549  data_time: 0.0015  memory: 301  
2026/06/03 08:26:09 - mmengine - INFO - Epoch(val) [36][210/312]    eta: 0:00:05  time: 0.0547  data_time: 0.0021  memory: 301  
2026/06/03 08:26:10 - mmengine - INFO - Epoch(val) [36][240/312]    eta: 0:00:03  time: 0.0546  data_time: 0.0023  memory: 301  
2026/06/03 08:26:12 - mmengine - INFO - Epoch(val) [36][270/312]    eta: 0:00:02  time: 0.0550  data_time: 0.0025  memory: 301  
2026/06/03 08:26:13 - mmengine - INFO - Epoch(val) [36][300/312]    eta: 0:00:00  time: 0.0545  data_time: 0.0031  memory: 301  
2026/06/03 08:26:19 - mmengine - INFO - 
+----------------+---------+---------+---------+---------+
| classes        | AP_0.25 | AR_0.25 | AP_0.50 | AR_0.50 |
+----------------+---------+---------+---------+---------+
| cabinet        | 0.5718  | 0.8038  | 0.2260  | 0.4758  |
| bed            | 0.9536  | 1.0000  | 0.8288  | 0.8765  |
| chair          | 0.9048  | 0.9364  | 0.7282  | 0.7895  |
| sofa           | 0.8986  | 0.9897  | 0.7869  | 0.8866  |
| table          | 0.6354  | 0.8571  | 0.4698  | 0.7086  |
| door           | 0.5774  | 0.7580  | 0.2582  | 0.4647  |
| window         | 0.5415  | 0.7660  | 0.1999  | 0.4078  |
| bookshelf      | 0.6028  | 0.8831  | 0.5054  | 0.7013  |
| picture        | 0.1709  | 0.3649  | 0.0373  | 0.1081  |
| counter        | 0.5879  | 0.8846  | 0.1787  | 0.3462  |
| desk           | 0.7652  | 0.9528  | 0.4226  | 0.6772  |
| curtain        | 0.5054  | 0.7761  | 0.3517  | 0.4478  |
| refrigerator   | 0.5875  | 0.9298  | 0.3280  | 0.6316  |
| showercurtrain | 0.7125  | 0.8929  | 0.1439  | 0.2857  |
| toilet         | 0.9566  | 0.9828  | 0.8571  | 0.8966  |
| sink           | 0.5316  | 0.7041  | 0.3096  | 0.4388  |
| bathtub        | 0.9150  | 0.9355  | 0.8581  | 0.8710  |
| garbagebin     | 0.5080  | 0.7283  | 0.2579  | 0.4698  |
+----------------+---------+---------+---------+---------+
| Overall        | 0.6626  | 0.8414  | 0.4305  | 0.5824  |
+----------------+---------+---------+---------+---------+
2026/06/03 08:26:20 - mmengine - INFO - Epoch(val) [36][312/312]    cabinet_AP_0.25: 0.5718  bed_AP_0.25: 0.9536  chair_AP_0.25: 0.9048  sofa_AP_0.25: 0.8986  table_AP_0.25: 0.6354  door_AP_0.25: 0.5774  window_AP_0.25: 0.5415  bookshelf_AP_0.25: 0.6028  picture_AP_0.25: 0.1709  counter_AP_0.25: 0.5879  desk_AP_0.25: 0.7652  curtain_AP_0.25: 0.5054  refrigerator_AP_0.25: 0.5875  showercurtrain_AP_0.25: 0.7125  toilet_AP_0.25: 0.9566  sink_AP_0.25: 0.5316  bathtub_AP_0.25: 0.9150  garbagebin_AP_0.25: 0.5080  mAP_0.25: 0.6626  cabinet_rec_0.25: 0.8038  bed_rec_0.25: 1.0000  chair_rec_0.25: 0.9364  sofa_rec_0.25: 0.9897  table_rec_0.25: 0.8571  door_rec_0.25: 0.7580  window_rec_0.25: 0.7660  bookshelf_rec_0.25: 0.8831  picture_rec_0.25: 0.3649  counter_rec_0.25: 0.8846  desk_rec_0.25: 0.9528  curtain_rec_0.25: 0.7761  refrigerator_rec_0.25: 0.9298  showercurtrain_rec_0.25: 0.8929  toilet_rec_0.25: 0.9828  sink_rec_0.25: 0.7041  bathtub_rec_0.25: 0.9355  garbagebin_rec_0.25: 0.7283  mAR_0.25: 0.8414  cabinet_AP_0.50: 0.2260  bed_AP_0.50: 0.8288  chair_AP_0.50: 0.7282  sofa_AP_0.50: 0.7869  table_AP_0.50: 0.4698  door_AP_0.50: 0.2582  window_AP_0.50: 0.1999  bookshelf_AP_0.50: 0.5054  picture_AP_0.50: 0.0373  counter_AP_0.50: 0.1787  desk_AP_0.50: 0.4226  curtain_AP_0.50: 0.3517  refrigerator_AP_0.50: 0.3280  showercurtrain_AP_0.50: 0.1439  toilet_AP_0.50: 0.8571  sink_AP_0.50: 0.3096  bathtub_AP_0.50: 0.8581  garbagebin_AP_0.50: 0.2579  mAP_0.50: 0.4305  cabinet_rec_0.50: 0.4758  bed_rec_0.50: 0.8765  chair_rec_0.50: 0.7895  sofa_rec_0.50: 0.8866  table_rec_0.50: 0.7086  door_rec_0.50: 0.4647  window_rec_0.50: 0.4078  bookshelf_rec_0.50: 0.7013  picture_rec_0.50: 0.1081  counter_rec_0.50: 0.3462  desk_rec_0.50: 0.6772  curtain_rec_0.50: 0.4478  refrigerator_rec_0.50: 0.6316  showercurtrain_rec_0.50: 0.2857  toilet_rec_0.50: 0.8966  sink_rec_0.50: 0.4388  bathtub_rec_0.50: 0.8710  garbagebin_rec_0.50: 0.4698  mAR_0.50: 0.5824  data_time: 0.0027  time: 0.0550
