2026-06-04 13:43:40,000 - mmdet - INFO - Environment info:
------------------------------------------------------------
sys.platform: linux
Python: 3.9.25 (main, Nov  3 2025, 22:33:05) [GCC 11.2.0]
CUDA available: True
GPU 0: NVIDIA L40
CUDA_HOME: /usr/local/cuda-11.8
NVCC: Cuda compilation tools, release 11.8, V11.8.89
GCC: gcc (Ubuntu 11.4.0-1ubuntu1~22.04.3) 11.4.0
PyTorch: 2.0.0+cu118
PyTorch compiling details: PyTorch built with:
  - GCC 9.3
  - C++ Version: 201703
  - Intel(R) oneAPI Math Kernel Library Version 2022.2-Product Build 20220804 for Intel(R) 64 architecture applications
  - Intel(R) MKL-DNN v2.7.3 (Git Hash 6dbeffbae1f23cbbeae17adb7b5b13f1f37c080e)
  - OpenMP 201511 (a.k.a. OpenMP 4.5)
  - LAPACK is enabled (usually provided by MKL)
  - NNPACK is enabled
  - CPU capability usage: AVX2
  - CUDA Runtime 11.8
  - NVCC architecture flags: -gencode;arch=compute_37,code=sm_37;-gencode;arch=compute_50,code=sm_50;-gencode;arch=compute_60,code=sm_60;-gencode;arch=compute_70,code=sm_70;-gencode;arch=compute_75,code=sm_75;-gencode;arch=compute_80,code=sm_80;-gencode;arch=compute_86,code=sm_86;-gencode;arch=compute_90,code=sm_90
  - CuDNN 8.7
  - Magma 2.6.1
  - Build settings: BLAS_INFO=mkl, BUILD_TYPE=Release, CUDA_VERSION=11.8, CUDNN_VERSION=8.7.0, CXX_COMPILER=/opt/rh/devtoolset-9/root/usr/bin/c++, CXX_FLAGS= -D_GLIBCXX_USE_CXX11_ABI=0 -fabi-version=11 -Wno-deprecated -fvisibility-inlines-hidden -DUSE_PTHREADPOOL -DNDEBUG -DUSE_KINETO -DLIBKINETO_NOROCTRACER -DUSE_FBGEMM -DUSE_QNNPACK -DUSE_PYTORCH_QNNPACK -DUSE_XNNPACK -DSYMBOLICATE_MOBILE_DEBUG_HANDLE -O2 -fPIC -Wall -Wextra -Werror=return-type -Werror=non-virtual-dtor -Werror=bool-operation -Wnarrowing -Wno-missing-field-initializers -Wno-type-limits -Wno-array-bounds -Wno-unknown-pragmas -Wunused-local-typedefs -Wno-unused-parameter -Wno-unused-function -Wno-unused-result -Wno-strict-overflow -Wno-strict-aliasing -Wno-error=deprecated-declarations -Wno-stringop-overflow -Wno-psabi -Wno-error=pedantic -Wno-error=redundant-decls -Wno-error=old-style-cast -fdiagnostics-color=always -faligned-new -Wno-unused-but-set-variable -Wno-maybe-uninitialized -fno-math-errno -fno-trapping-math -Werror=format -Werror=cast-function-type -Wno-stringop-overflow, LAPACK_INFO=mkl, PERF_WITH_AVX=1, PERF_WITH_AVX2=1, PERF_WITH_AVX512=1, TORCH_DISABLE_GPU_ASSERTS=ON, TORCH_VERSION=2.0.0, USE_CUDA=ON, USE_CUDNN=ON, USE_EXCEPTION_PTR=1, USE_GFLAGS=OFF, USE_GLOG=OFF, USE_MKL=ON, USE_MKLDNN=ON, USE_MPI=OFF, USE_NCCL=1, USE_NNPACK=ON, USE_OPENMP=ON, USE_ROCM=OFF, 

TorchVision: 0.15.1+cu118
OpenCV: 4.8.1
MMCV: 1.6.0
MMCV Compiler: GCC 11.4
MMCV CUDA Compiler: 11.8
MMDetection: 2.25.1
MMSegmentation: 0.25.0
MMDetection3D: 1.0.0rc3+ffc9f99
spconv2.0: False
------------------------------------------------------------

2026-06-04 13:43:40,837 - mmdet - INFO - Distributed training: False
2026-06-04 13:43:41,560 - mmdet - INFO - Config:
voxel_size = 0.01
model = dict(
    type='TR3DFF3DDetector',
    img_backbone=dict(
        type='ResNet',
        depth=50,
        num_stages=4,
        out_indices=(0, 1, 2, 3),
        frozen_stages=1,
        norm_cfg=dict(type='BN', requires_grad=False),
        norm_eval=True,
        style='caffe'),
    img_neck=dict(
        type='FPN',
        in_channels=[256, 512, 1024, 2048],
        out_channels=256,
        num_outs=5),
    backbone=dict(
        type='MinkFFResNet',
        in_channels=3,
        max_channels=128,
        depth=34,
        norm='batch'),
    neck=dict(
        type='TR3DNeck', in_channels=(64, 128, 128, 128), out_channels=128),
    head=dict(
        type='TR3DHead',
        in_channels=128,
        n_reg_outs=8,
        n_classes=10,
        voxel_size=0.01,
        assigner=dict(
            type='TR3DAssigner',
            top_pts_threshold=6,
            label2level=[1, 1, 1, 0, 0, 1, 0, 0, 1, 0]),
        bbox_loss=dict(type='RotatedIoU3DLoss', mode='diou',
                       reduction='none')),
    voxel_size=0.01,
    train_cfg=dict(),
    test_cfg=dict(nms_pre=1000, iou_thr=0.5, score_thr=0.01))
optimizer = dict(type='AdamW', lr=0.001, weight_decay=0.0001)
optimizer_config = dict(grad_clip=dict(max_norm=10, norm_type=2))
lr_config = dict(policy='step', warmup=None, step=[8, 11])
runner = dict(type='EpochBasedRunner', max_epochs=12)
evaluation = dict(interval=12)
custom_hooks = [dict(type='EmptyCacheHook', after_iter=True)]
checkpoint_config = dict(interval=1, max_keep_ckpts=1)
log_config = dict(interval=50, hooks=[dict(type='TextLoggerHook')])
dist_params = dict(backend='nccl')
log_level = 'INFO'
work_dir = '/home/zero/USER/HEYU/tr3d/work_dirs/NN/DFF/DFF_TR3D_FF_FIG6_4/1'
load_from = '/home/zero/USER/HEYU/MODEL/imvotenet_faster_rcnn_r50_fpn_2x4_sunrgbd-3d-10class_20210819_225618-62eba6ce.pth'
resume_from = None
workflow = [('train', 1)]
dataset_type = 'SUNRGBDDataset'
data_root = '/home/zero/USER/HEYU/DATA/sunrgbd_matlab/'
class_names = ('bed', 'table', 'sofa', 'chair', 'toilet', 'desk', 'dresser',
               'night_stand', 'bookshelf', 'bathtub')
img_norm_cfg = dict(
    mean=[103.53, 116.28, 123.675], std=[1.0, 1.0, 1.0], to_rgb=False)
train_pipeline = [
    dict(
        type='LoadPointsFromFile',
        coord_type='DEPTH',
        shift_height=False,
        use_color=True,
        load_dim=6,
        use_dim=[0, 1, 2, 3, 4, 5]),
    dict(type='LoadImageFromFile'),
    dict(type='LoadAnnotations3D'),
    dict(
        type='Resize',
        img_scale=[(1333, 480), (1333, 504), (1333, 528), (1333, 552),
                   (1333, 576), (1333, 600)],
        multiscale_mode='value',
        keep_ratio=True),
    dict(
        type='Normalize',
        mean=[103.53, 116.28, 123.675],
        std=[1.0, 1.0, 1.0],
        to_rgb=False),
    dict(type='Pad', size_divisor=32),
    dict(
        type='RandomFlip3D',
        sync_2d=False,
        flip_ratio_bev_horizontal=0.5,
        flip_ratio_bev_vertical=0.0),
    dict(
        type='GlobalRotScaleTrans',
        rot_range=[-0.523599, 0.523599],
        scale_ratio_range=[0.85, 1.15],
        translation_std=[0.1, 0.1, 0.1],
        shift_height=False),
    dict(
        type='DefaultFormatBundle3D',
        class_names=('bed', 'table', 'sofa', 'chair', 'toilet', 'desk',
                     'dresser', 'night_stand', 'bookshelf', 'bathtub')),
    dict(
        type='Collect3D',
        keys=['points', 'img', 'gt_bboxes_3d', 'gt_labels_3d'])
]
test_pipeline = [
    dict(
        type='LoadPointsFromFile',
        coord_type='DEPTH',
        shift_height=False,
        use_color=True,
        load_dim=6,
        use_dim=[0, 1, 2, 3, 4, 5]),
    dict(type='LoadImageFromFile'),
    dict(
        type='MultiScaleFlipAug3D',
        img_scale=(1333, 600),
        pts_scale_ratio=1,
        flip=False,
        transforms=[
            dict(type='Resize', multiscale_mode='value', keep_ratio=True),
            dict(
                type='Normalize',
                mean=[103.53, 116.28, 123.675],
                std=[1.0, 1.0, 1.0],
                to_rgb=False),
            dict(type='Pad', size_divisor=32),
            dict(
                type='DefaultFormatBundle3D',
                class_names=('bed', 'table', 'sofa', 'chair', 'toilet', 'desk',
                             'dresser', 'night_stand', 'bookshelf', 'bathtub'),
                with_label=False),
            dict(type='Collect3D', keys=['points', 'img'])
        ])
]
data = dict(
    samples_per_gpu=16,
    workers_per_gpu=4,
    train=dict(
        type='RepeatDataset',
        times=5,
        dataset=dict(
            type='SUNRGBDDataset',
            modality=dict(use_camera=True, use_lidar=True),
            data_root='/home/zero/USER/HEYU/DATA/sunrgbd_matlab/',
            ann_file=
            '/home/zero/USER/HEYU/DATA/sunrgbd_matlab/sunrgbd_infos_train.pkl',
            pipeline=[
                dict(
                    type='LoadPointsFromFile',
                    coord_type='DEPTH',
                    shift_height=False,
                    use_color=True,
                    load_dim=6,
                    use_dim=[0, 1, 2, 3, 4, 5]),
                dict(type='LoadImageFromFile'),
                dict(type='LoadAnnotations3D'),
                dict(
                    type='Resize',
                    img_scale=[(1333, 480), (1333, 504), (1333, 528),
                               (1333, 552), (1333, 576), (1333, 600)],
                    multiscale_mode='value',
                    keep_ratio=True),
                dict(
                    type='Normalize',
                    mean=[103.53, 116.28, 123.675],
                    std=[1.0, 1.0, 1.0],
                    to_rgb=False),
                dict(type='Pad', size_divisor=32),
                dict(
                    type='RandomFlip3D',
                    sync_2d=False,
                    flip_ratio_bev_horizontal=0.5,
                    flip_ratio_bev_vertical=0.0),
                dict(
                    type='GlobalRotScaleTrans',
                    rot_range=[-0.523599, 0.523599],
                    scale_ratio_range=[0.85, 1.15],
                    translation_std=[0.1, 0.1, 0.1],
                    shift_height=False),
                dict(
                    type='DefaultFormatBundle3D',
                    class_names=('bed', 'table', 'sofa', 'chair', 'toilet',
                                 'desk', 'dresser', 'night_stand', 'bookshelf',
                                 'bathtub')),
                dict(
                    type='Collect3D',
                    keys=['points', 'img', 'gt_bboxes_3d', 'gt_labels_3d'])
            ],
            filter_empty_gt=False,
            classes=('bed', 'table', 'sofa', 'chair', 'toilet', 'desk',
                     'dresser', 'night_stand', 'bookshelf', 'bathtub'),
            box_type_3d='Depth')),
    val=dict(
        type='SUNRGBDDataset',
        modality=dict(use_camera=True, use_lidar=True),
        data_root='/home/zero/USER/HEYU/DATA/sunrgbd_matlab/',
        ann_file=
        '/home/zero/USER/HEYU/DATA/sunrgbd_matlab/sunrgbd_infos_val.pkl',
        pipeline=[
            dict(
                type='LoadPointsFromFile',
                coord_type='DEPTH',
                shift_height=False,
                use_color=True,
                load_dim=6,
                use_dim=[0, 1, 2, 3, 4, 5]),
            dict(type='LoadImageFromFile'),
            dict(
                type='MultiScaleFlipAug3D',
                img_scale=(1333, 600),
                pts_scale_ratio=1,
                flip=False,
                transforms=[
                    dict(
                        type='Resize',
                        multiscale_mode='value',
                        keep_ratio=True),
                    dict(
                        type='Normalize',
                        mean=[103.53, 116.28, 123.675],
                        std=[1.0, 1.0, 1.0],
                        to_rgb=False),
                    dict(type='Pad', size_divisor=32),
                    dict(
                        type='DefaultFormatBundle3D',
                        class_names=('bed', 'table', 'sofa', 'chair', 'toilet',
                                     'desk', 'dresser', 'night_stand',
                                     'bookshelf', 'bathtub'),
                        with_label=False),
                    dict(type='Collect3D', keys=['points', 'img'])
                ])
        ],
        classes=('bed', 'table', 'sofa', 'chair', 'toilet', 'desk', 'dresser',
                 'night_stand', 'bookshelf', 'bathtub'),
        test_mode=True,
        box_type_3d='Depth'),
    test=dict(
        type='SUNRGBDDataset',
        modality=dict(use_camera=True, use_lidar=True),
        data_root='/home/zero/USER/HEYU/DATA/sunrgbd_matlab/',
        ann_file=
        '/home/zero/USER/HEYU/DATA/sunrgbd_matlab/sunrgbd_infos_val.pkl',
        pipeline=[
            dict(
                type='LoadPointsFromFile',
                coord_type='DEPTH',
                shift_height=False,
                use_color=True,
                load_dim=6,
                use_dim=[0, 1, 2, 3, 4, 5]),
            dict(type='LoadImageFromFile'),
            dict(
                type='MultiScaleFlipAug3D',
                img_scale=(1333, 600),
                pts_scale_ratio=1,
                flip=False,
                transforms=[
                    dict(
                        type='Resize',
                        multiscale_mode='value',
                        keep_ratio=True),
                    dict(
                        type='Normalize',
                        mean=[103.53, 116.28, 123.675],
                        std=[1.0, 1.0, 1.0],
                        to_rgb=False),
                    dict(type='Pad', size_divisor=32),
                    dict(
                        type='DefaultFormatBundle3D',
                        class_names=('bed', 'table', 'sofa', 'chair', 'toilet',
                                     'desk', 'dresser', 'night_stand',
                                     'bookshelf', 'bathtub'),
                        with_label=False),
                    dict(type='Collect3D', keys=['points', 'img'])
                ])
        ],
        classes=('bed', 'table', 'sofa', 'chair', 'toilet', 'desk', 'dresser',
                 'night_stand', 'bookshelf', 'bathtub'),
        test_mode=True,
        box_type_3d='Depth'))
gpu_ids = [0]

2026-06-04 13:43:41,560 - mmdet - INFO - Set random seed to 0, deterministic: False
2026-06-04 13:43:41,815 - mmdet - INFO - Model:
TR3DFF3DDetector(
  (img_backbone): ResNet(
    (conv1): Conv2d(3, 64, kernel_size=(7, 7), stride=(2, 2), padding=(3, 3), bias=False)
    (bn1): BatchNorm2d(64, eps=1e-05, momentum=0.1, affine=True, track_running_stats=True)
    (relu): ReLU(inplace=True)
    (maxpool): MaxPool2d(kernel_size=3, stride=2, padding=1, dilation=1, ceil_mode=False)
    (layer1): ResLayer(
      (0): Bottleneck(
        (conv1): Conv2d(64, 64, kernel_size=(1, 1), stride=(1, 1), bias=False)
        (bn1): BatchNorm2d(64, eps=1e-05, momentum=0.1, affine=True, track_running_stats=True)
        (conv2): Conv2d(64, 64, kernel_size=(3, 3), stride=(1, 1), padding=(1, 1), bias=False)
        (bn2): BatchNorm2d(64, eps=1e-05, momentum=0.1, affine=True, track_running_stats=True)
        (conv3): Conv2d(64, 256, kernel_size=(1, 1), stride=(1, 1), bias=False)
        (bn3): BatchNorm2d(256, eps=1e-05, momentum=0.1, affine=True, track_running_stats=True)
        (relu): ReLU(inplace=True)
        (downsample): Sequential(
          (0): Conv2d(64, 256, kernel_size=(1, 1), stride=(1, 1), bias=False)
          (1): BatchNorm2d(256, eps=1e-05, momentum=0.1, affine=True, track_running_stats=True)
        )
      )
      init_cfg={'type': 'Constant', 'val': 0, 'override': {'name': 'norm3'}}
      (1): Bottleneck(
        (conv1): Conv2d(256, 64, kernel_size=(1, 1), stride=(1, 1), bias=False)
        (bn1): BatchNorm2d(64, eps=1e-05, momentum=0.1, affine=True, track_running_stats=True)
        (conv2): Conv2d(64, 64, kernel_size=(3, 3), stride=(1, 1), padding=(1, 1), bias=False)
        (bn2): BatchNorm2d(64, eps=1e-05, momentum=0.1, affine=True, track_running_stats=True)
        (conv3): Conv2d(64, 256, kernel_size=(1, 1), stride=(1, 1), bias=False)
        (bn3): BatchNorm2d(256, eps=1e-05, momentum=0.1, affine=True, track_running_stats=True)
        (relu): ReLU(inplace=True)
      )
      init_cfg={'type': 'Constant', 'val': 0, 'override': {'name': 'norm3'}}
      (2): Bottleneck(
        (conv1): Conv2d(256, 64, kernel_size=(1, 1), stride=(1, 1), bias=False)
        (bn1): BatchNorm2d(64, eps=1e-05, momentum=0.1, affine=True, track_running_stats=True)
        (conv2): Conv2d(64, 64, kernel_size=(3, 3), stride=(1, 1), padding=(1, 1), bias=False)
        (bn2): BatchNorm2d(64, eps=1e-05, momentum=0.1, affine=True, track_running_stats=True)
        (conv3): Conv2d(64, 256, kernel_size=(1, 1), stride=(1, 1), bias=False)
        (bn3): BatchNorm2d(256, eps=1e-05, momentum=0.1, affine=True, track_running_stats=True)
        (relu): ReLU(inplace=True)
      )
      init_cfg={'type': 'Constant', 'val': 0, 'override': {'name': 'norm3'}}
    )
    (layer2): ResLayer(
      (0): Bottleneck(
        (conv1): Conv2d(256, 128, kernel_size=(1, 1), stride=(2, 2), bias=False)
        (bn1): BatchNorm2d(128, eps=1e-05, momentum=0.1, affine=True, track_running_stats=True)
        (conv2): Conv2d(128, 128, kernel_size=(3, 3), stride=(1, 1), padding=(1, 1), bias=False)
        (bn2): BatchNorm2d(128, eps=1e-05, momentum=0.1, affine=True, track_running_stats=True)
        (conv3): Conv2d(128, 512, kernel_size=(1, 1), stride=(1, 1), bias=False)
        (bn3): BatchNorm2d(512, eps=1e-05, momentum=0.1, affine=True, track_running_stats=True)
        (relu): ReLU(inplace=True)
        (downsample): Sequential(
          (0): Conv2d(256, 512, kernel_size=(1, 1), stride=(2, 2), bias=False)
          (1): BatchNorm2d(512, eps=1e-05, momentum=0.1, affine=True, track_running_stats=True)
        )
      )
      init_cfg={'type': 'Constant', 'val': 0, 'override': {'name': 'norm3'}}
      (1): Bottleneck(
        (conv1): Conv2d(512, 128, kernel_size=(1, 1), stride=(1, 1), bias=False)
        (bn1): BatchNorm2d(128, eps=1e-05, momentum=0.1, affine=True, track_running_stats=True)
        (conv2): Conv2d(128, 128, kernel_size=(3, 3), stride=(1, 1), padding=(1, 1), bias=False)
        (bn2): BatchNorm2d(128, eps=1e-05, momentum=0.1, affine=True, track_running_stats=True)
        (conv3): Conv2d(128, 512, kernel_size=(1, 1), stride=(1, 1), bias=False)
        (bn3): BatchNorm2d(512, eps=1e-05, momentum=0.1, affine=True, track_running_stats=True)
        (relu): ReLU(inplace=True)
      )
      init_cfg={'type': 'Constant', 'val': 0, 'override': {'name': 'norm3'}}
      (2): Bottleneck(
        (conv1): Conv2d(512, 128, kernel_size=(1, 1), stride=(1, 1), bias=False)
        (bn1): BatchNorm2d(128, eps=1e-05, momentum=0.1, affine=True, track_running_stats=True)
        (conv2): Conv2d(128, 128, kernel_size=(3, 3), stride=(1, 1), padding=(1, 1), bias=False)
        (bn2): BatchNorm2d(128, eps=1e-05, momentum=0.1, affine=True, track_running_stats=True)
        (conv3): Conv2d(128, 512, kernel_size=(1, 1), stride=(1, 1), bias=False)
        (bn3): BatchNorm2d(512, eps=1e-05, momentum=0.1, affine=True, track_running_stats=True)
        (relu): ReLU(inplace=True)
      )
      init_cfg={'type': 'Constant', 'val': 0, 'override': {'name': 'norm3'}}
      (3): Bottleneck(
        (conv1): Conv2d(512, 128, kernel_size=(1, 1), stride=(1, 1), bias=False)
        (bn1): BatchNorm2d(128, eps=1e-05, momentum=0.1, affine=True, track_running_stats=True)
        (conv2): Conv2d(128, 128, kernel_size=(3, 3), stride=(1, 1), padding=(1, 1), bias=False)
        (bn2): BatchNorm2d(128, eps=1e-05, momentum=0.1, affine=True, track_running_stats=True)
        (conv3): Conv2d(128, 512, kernel_size=(1, 1), stride=(1, 1), bias=False)
        (bn3): BatchNorm2d(512, eps=1e-05, momentum=0.1, affine=True, track_running_stats=True)
        (relu): ReLU(inplace=True)
      )
      init_cfg={'type': 'Constant', 'val': 0, 'override': {'name': 'norm3'}}
    )
    (layer3): ResLayer(
      (0): Bottleneck(
        (conv1): Conv2d(512, 256, kernel_size=(1, 1), stride=(2, 2), bias=False)
        (bn1): BatchNorm2d(256, eps=1e-05, momentum=0.1, affine=True, track_running_stats=True)
        (conv2): Conv2d(256, 256, kernel_size=(3, 3), stride=(1, 1), padding=(1, 1), bias=False)
        (bn2): BatchNorm2d(256, eps=1e-05, momentum=0.1, affine=True, track_running_stats=True)
        (conv3): Conv2d(256, 1024, kernel_size=(1, 1), stride=(1, 1), bias=False)
        (bn3): BatchNorm2d(1024, eps=1e-05, momentum=0.1, affine=True, track_running_stats=True)
        (relu): ReLU(inplace=True)
        (downsample): Sequential(
          (0): Conv2d(512, 1024, kernel_size=(1, 1), stride=(2, 2), bias=False)
          (1): BatchNorm2d(1024, eps=1e-05, momentum=0.1, affine=True, track_running_stats=True)
        )
      )
      init_cfg={'type': 'Constant', 'val': 0, 'override': {'name': 'norm3'}}
      (1): Bottleneck(
        (conv1): Conv2d(1024, 256, kernel_size=(1, 1), stride=(1, 1), bias=False)
        (bn1): BatchNorm2d(256, eps=1e-05, momentum=0.1, affine=True, track_running_stats=True)
        (conv2): Conv2d(256, 256, kernel_size=(3, 3), stride=(1, 1), padding=(1, 1), bias=False)
        (bn2): BatchNorm2d(256, eps=1e-05, momentum=0.1, affine=True, track_running_stats=True)
        (conv3): Conv2d(256, 1024, kernel_size=(1, 1), stride=(1, 1), bias=False)
        (bn3): BatchNorm2d(1024, eps=1e-05, momentum=0.1, affine=True, track_running_stats=True)
        (relu): ReLU(inplace=True)
      )
      init_cfg={'type': 'Constant', 'val': 0, 'override': {'name': 'norm3'}}
      (2): Bottleneck(
        (conv1): Conv2d(1024, 256, kernel_size=(1, 1), stride=(1, 1), bias=False)
        (bn1): BatchNorm2d(256, eps=1e-05, momentum=0.1, affine=True, track_running_stats=True)
        (conv2): Conv2d(256, 256, kernel_size=(3, 3), stride=(1, 1), padding=(1, 1), bias=False)
        (bn2): BatchNorm2d(256, eps=1e-05, momentum=0.1, affine=True, track_running_stats=True)
        (conv3): Conv2d(256, 1024, kernel_size=(1, 1), stride=(1, 1), bias=False)
        (bn3): BatchNorm2d(1024, eps=1e-05, momentum=0.1, affine=True, track_running_stats=True)
        (relu): ReLU(inplace=True)
      )
      init_cfg={'type': 'Constant', 'val': 0, 'override': {'name': 'norm3'}}
      (3): Bottleneck(
        (conv1): Conv2d(1024, 256, kernel_size=(1, 1), stride=(1, 1), bias=False)
        (bn1): BatchNorm2d(256, eps=1e-05, momentum=0.1, affine=True, track_running_stats=True)
        (conv2): Conv2d(256, 256, kernel_size=(3, 3), stride=(1, 1), padding=(1, 1), bias=False)
        (bn2): BatchNorm2d(256, eps=1e-05, momentum=0.1, affine=True, track_running_stats=True)
        (conv3): Conv2d(256, 1024, kernel_size=(1, 1), stride=(1, 1), bias=False)
        (bn3): BatchNorm2d(1024, eps=1e-05, momentum=0.1, affine=True, track_running_stats=True)
        (relu): ReLU(inplace=True)
      )
      init_cfg={'type': 'Constant', 'val': 0, 'override': {'name': 'norm3'}}
      (4): Bottleneck(
        (conv1): Conv2d(1024, 256, kernel_size=(1, 1), stride=(1, 1), bias=False)
        (bn1): BatchNorm2d(256, eps=1e-05, momentum=0.1, affine=True, track_running_stats=True)
        (conv2): Conv2d(256, 256, kernel_size=(3, 3), stride=(1, 1), padding=(1, 1), bias=False)
        (bn2): BatchNorm2d(256, eps=1e-05, momentum=0.1, affine=True, track_running_stats=True)
        (conv3): Conv2d(256, 1024, kernel_size=(1, 1), stride=(1, 1), bias=False)
        (bn3): BatchNorm2d(1024, eps=1e-05, momentum=0.1, affine=True, track_running_stats=True)
        (relu): ReLU(inplace=True)
      )
      init_cfg={'type': 'Constant', 'val': 0, 'override': {'name': 'norm3'}}
      (5): Bottleneck(
        (conv1): Conv2d(1024, 256, kernel_size=(1, 1), stride=(1, 1), bias=False)
        (bn1): BatchNorm2d(256, eps=1e-05, momentum=0.1, affine=True, track_running_stats=True)
        (conv2): Conv2d(256, 256, kernel_size=(3, 3), stride=(1, 1), padding=(1, 1), bias=False)
        (bn2): BatchNorm2d(256, eps=1e-05, momentum=0.1, affine=True, track_running_stats=True)
        (conv3): Conv2d(256, 1024, kernel_size=(1, 1), stride=(1, 1), bias=False)
        (bn3): BatchNorm2d(1024, eps=1e-05, momentum=0.1, affine=True, track_running_stats=True)
        (relu): ReLU(inplace=True)
      )
      init_cfg={'type': 'Constant', 'val': 0, 'override': {'name': 'norm3'}}
    )
    (layer4): ResLayer(
      (0): Bottleneck(
        (conv1): Conv2d(1024, 512, kernel_size=(1, 1), stride=(2, 2), bias=False)
        (bn1): BatchNorm2d(512, eps=1e-05, momentum=0.1, affine=True, track_running_stats=True)
        (conv2): Conv2d(512, 512, kernel_size=(3, 3), stride=(1, 1), padding=(1, 1), bias=False)
        (bn2): BatchNorm2d(512, eps=1e-05, momentum=0.1, affine=True, track_running_stats=True)
        (conv3): Conv2d(512, 2048, kernel_size=(1, 1), stride=(1, 1), bias=False)
        (bn3): BatchNorm2d(2048, eps=1e-05, momentum=0.1, affine=True, track_running_stats=True)
        (relu): ReLU(inplace=True)
        (downsample): Sequential(
          (0): Conv2d(1024, 2048, kernel_size=(1, 1), stride=(2, 2), bias=False)
          (1): BatchNorm2d(2048, eps=1e-05, momentum=0.1, affine=True, track_running_stats=True)
        )
      )
      init_cfg={'type': 'Constant', 'val': 0, 'override': {'name': 'norm3'}}
      (1): Bottleneck(
        (conv1): Conv2d(2048, 512, kernel_size=(1, 1), stride=(1, 1), bias=False)
        (bn1): BatchNorm2d(512, eps=1e-05, momentum=0.1, affine=True, track_running_stats=True)
        (conv2): Conv2d(512, 512, kernel_size=(3, 3), stride=(1, 1), padding=(1, 1), bias=False)
        (bn2): BatchNorm2d(512, eps=1e-05, momentum=0.1, affine=True, track_running_stats=True)
        (conv3): Conv2d(512, 2048, kernel_size=(1, 1), stride=(1, 1), bias=False)
        (bn3): BatchNorm2d(2048, eps=1e-05, momentum=0.1, affine=True, track_running_stats=True)
        (relu): ReLU(inplace=True)
      )
      init_cfg={'type': 'Constant', 'val': 0, 'override': {'name': 'norm3'}}
      (2): Bottleneck(
        (conv1): Conv2d(2048, 512, kernel_size=(1, 1), stride=(1, 1), bias=False)
        (bn1): BatchNorm2d(512, eps=1e-05, momentum=0.1, affine=True, track_running_stats=True)
        (conv2): Conv2d(512, 512, kernel_size=(3, 3), stride=(1, 1), padding=(1, 1), bias=False)
        (bn2): BatchNorm2d(512, eps=1e-05, momentum=0.1, affine=True, track_running_stats=True)
        (conv3): Conv2d(512, 2048, kernel_size=(1, 1), stride=(1, 1), bias=False)
        (bn3): BatchNorm2d(2048, eps=1e-05, momentum=0.1, affine=True, track_running_stats=True)
        (relu): ReLU(inplace=True)
      )
      init_cfg={'type': 'Constant', 'val': 0, 'override': {'name': 'norm3'}}
    )
  )
  init_cfg=[{'type': 'Kaiming', 'layer': 'Conv2d'}, {'type': 'Constant', 'val': 1, 'layer': ['_BatchNorm', 'GroupNorm']}]
  (img_neck): FPN(
    (lateral_convs): ModuleList(
      (0): ConvModule(
        (conv): Conv2d(256, 256, kernel_size=(1, 1), stride=(1, 1))
      )
      (1): ConvModule(
        (conv): Conv2d(512, 256, kernel_size=(1, 1), stride=(1, 1))
      )
      (2): ConvModule(
        (conv): Conv2d(1024, 256, kernel_size=(1, 1), stride=(1, 1))
      )
      (3): ConvModule(
        (conv): Conv2d(2048, 256, kernel_size=(1, 1), stride=(1, 1))
      )
    )
    (fpn_convs): ModuleList(
      (0-3): 4 x ConvModule(
        (conv): Conv2d(256, 256, kernel_size=(3, 3), stride=(1, 1), padding=(1, 1))
      )
    )
  )
  init_cfg={'type': 'Xavier', 'layer': 'Conv2d', 'distribution': 'uniform'}
  (backbone): MinkFFResNet(
    (conv1): MinkowskiConvolution(in=3, out=64, kernel_size=[3, 3, 3], stride=[2, 2, 2], dilation=[1, 1, 1])
    (norm1): MinkowskiBatchNorm(64, eps=1e-05, momentum=0.1, affine=True, track_running_stats=True)
    (relu): MinkowskiReLU()
    (maxpool): MinkowskiMaxPooling(kernel_size=[2, 2, 2], stride=[2, 2, 2], dilation=[1, 1, 1])
    (layer1): Sequential(
      (0): BasicBlock(
        (conv1): MinkowskiConvolution(in=64, out=64, kernel_size=[3, 3, 3], stride=[2, 2, 2], dilation=[1, 1, 1])
        (norm1): MinkowskiBatchNorm(64, eps=1e-05, momentum=0.1, affine=True, track_running_stats=True)
        (conv2): MinkowskiConvolution(in=64, out=64, kernel_size=[3, 3, 3], stride=[1, 1, 1], dilation=[1, 1, 1])
        (norm2): MinkowskiBatchNorm(64, eps=1e-05, momentum=0.1, affine=True, track_running_stats=True)
        (relu): MinkowskiReLU()
        (downsample): Sequential(
          (0): MinkowskiConvolution(in=64, out=64, kernel_size=[1, 1, 1], stride=[2, 2, 2], dilation=[1, 1, 1])
          (1): MinkowskiBatchNorm(64, eps=1e-05, momentum=0.1, affine=True, track_running_stats=True)
        )
      )
      (1): BasicBlock(
        (conv1): MinkowskiConvolution(in=64, out=64, kernel_size=[3, 3, 3], stride=[1, 1, 1], dilation=[1, 1, 1])
        (norm1): MinkowskiBatchNorm(64, eps=1e-05, momentum=0.1, affine=True, track_running_stats=True)
        (conv2): MinkowskiConvolution(in=64, out=64, kernel_size=[3, 3, 3], stride=[1, 1, 1], dilation=[1, 1, 1])
        (norm2): MinkowskiBatchNorm(64, eps=1e-05, momentum=0.1, affine=True, track_running_stats=True)
        (relu): MinkowskiReLU()
      )
      (2): BasicBlock(
        (conv1): MinkowskiConvolution(in=64, out=64, kernel_size=[3, 3, 3], stride=[1, 1, 1], dilation=[1, 1, 1])
        (norm1): MinkowskiBatchNorm(64, eps=1e-05, momentum=0.1, affine=True, track_running_stats=True)
        (conv2): MinkowskiConvolution(in=64, out=64, kernel_size=[3, 3, 3], stride=[1, 1, 1], dilation=[1, 1, 1])
        (norm2): MinkowskiBatchNorm(64, eps=1e-05, momentum=0.1, affine=True, track_running_stats=True)
        (relu): MinkowskiReLU()
      )
    )
    (layer2): Sequential(
      (0): BasicBlock(
        (conv1): MinkowskiConvolution(in=64, out=128, kernel_size=[3, 3, 3], stride=[2, 2, 2], dilation=[1, 1, 1])
        (norm1): MinkowskiBatchNorm(128, eps=1e-05, momentum=0.1, affine=True, track_running_stats=True)
        (conv2): MinkowskiConvolution(in=128, out=128, kernel_size=[3, 3, 3], stride=[1, 1, 1], dilation=[1, 1, 1])
        (norm2): MinkowskiBatchNorm(128, eps=1e-05, momentum=0.1, affine=True, track_running_stats=True)
        (relu): MinkowskiReLU()
        (downsample): Sequential(
          (0): MinkowskiConvolution(in=64, out=128, kernel_size=[1, 1, 1], stride=[2, 2, 2], dilation=[1, 1, 1])
          (1): MinkowskiBatchNorm(128, eps=1e-05, momentum=0.1, affine=True, track_running_stats=True)
        )
      )
      (1): BasicBlock(
        (conv1): MinkowskiConvolution(in=128, out=128, kernel_size=[3, 3, 3], stride=[1, 1, 1], dilation=[1, 1, 1])
        (norm1): MinkowskiBatchNorm(128, eps=1e-05, momentum=0.1, affine=True, track_running_stats=True)
        (conv2): MinkowskiConvolution(in=128, out=128, kernel_size=[3, 3, 3], stride=[1, 1, 1], dilation=[1, 1, 1])
        (norm2): MinkowskiBatchNorm(128, eps=1e-05, momentum=0.1, affine=True, track_running_stats=True)
        (relu): MinkowskiReLU()
      )
      (2): BasicBlock(
        (conv1): MinkowskiConvolution(in=128, out=128, kernel_size=[3, 3, 3], stride=[1, 1, 1], dilation=[1, 1, 1])
        (norm1): MinkowskiBatchNorm(128, eps=1e-05, momentum=0.1, affine=True, track_running_stats=True)
        (conv2): MinkowskiConvolution(in=128, out=128, kernel_size=[3, 3, 3], stride=[1, 1, 1], dilation=[1, 1, 1])
        (norm2): MinkowskiBatchNorm(128, eps=1e-05, momentum=0.1, affine=True, track_running_stats=True)
        (relu): MinkowskiReLU()
      )
      (3): BasicBlock(
        (conv1): MinkowskiConvolution(in=128, out=128, kernel_size=[3, 3, 3], stride=[1, 1, 1], dilation=[1, 1, 1])
        (norm1): MinkowskiBatchNorm(128, eps=1e-05, momentum=0.1, affine=True, track_running_stats=True)
        (conv2): MinkowskiConvolution(in=128, out=128, kernel_size=[3, 3, 3], stride=[1, 1, 1], dilation=[1, 1, 1])
        (norm2): MinkowskiBatchNorm(128, eps=1e-05, momentum=0.1, affine=True, track_running_stats=True)
        (relu): MinkowskiReLU()
      )
    )
    (layer3): Sequential(
      (0): BasicBlock(
        (conv1): MinkowskiConvolution(in=128, out=128, kernel_size=[3, 3, 3], stride=[2, 2, 2], dilation=[1, 1, 1])
        (norm1): MinkowskiBatchNorm(128, eps=1e-05, momentum=0.1, affine=True, track_running_stats=True)
        (conv2): MinkowskiConvolution(in=128, out=128, kernel_size=[3, 3, 3], stride=[1, 1, 1], dilation=[1, 1, 1])
        (norm2): MinkowskiBatchNorm(128, eps=1e-05, momentum=0.1, affine=True, track_running_stats=True)
        (relu): MinkowskiReLU()
        (downsample): Sequential(
          (0): MinkowskiConvolution(in=128, out=128, kernel_size=[1, 1, 1], stride=[2, 2, 2], dilation=[1, 1, 1])
          (1): MinkowskiBatchNorm(128, eps=1e-05, momentum=0.1, affine=True, track_running_stats=True)
        )
      )
      (1): BasicBlock(
        (conv1): MinkowskiConvolution(in=128, out=128, kernel_size=[3, 3, 3], stride=[1, 1, 1], dilation=[1, 1, 1])
        (norm1): MinkowskiBatchNorm(128, eps=1e-05, momentum=0.1, affine=True, track_running_stats=True)
        (conv2): MinkowskiConvolution(in=128, out=128, kernel_size=[3, 3, 3], stride=[1, 1, 1], dilation=[1, 1, 1])
        (norm2): MinkowskiBatchNorm(128, eps=1e-05, momentum=0.1, affine=True, track_running_stats=True)
        (relu): MinkowskiReLU()
      )
      (2): BasicBlock(
        (conv1): MinkowskiConvolution(in=128, out=128, kernel_size=[3, 3, 3], stride=[1, 1, 1], dilation=[1, 1, 1])
        (norm1): MinkowskiBatchNorm(128, eps=1e-05, momentum=0.1, affine=True, track_running_stats=True)
        (conv2): MinkowskiConvolution(in=128, out=128, kernel_size=[3, 3, 3], stride=[1, 1, 1], dilation=[1, 1, 1])
        (norm2): MinkowskiBatchNorm(128, eps=1e-05, momentum=0.1, affine=True, track_running_stats=True)
        (relu): MinkowskiReLU()
      )
      (3): BasicBlock(
        (conv1): MinkowskiConvolution(in=128, out=128, kernel_size=[3, 3, 3], stride=[1, 1, 1], dilation=[1, 1, 1])
        (norm1): MinkowskiBatchNorm(128, eps=1e-05, momentum=0.1, affine=True, track_running_stats=True)
        (conv2): MinkowskiConvolution(in=128, out=128, kernel_size=[3, 3, 3], stride=[1, 1, 1], dilation=[1, 1, 1])
        (norm2): MinkowskiBatchNorm(128, eps=1e-05, momentum=0.1, affine=True, track_running_stats=True)
        (relu): MinkowskiReLU()
      )
      (4): BasicBlock(
        (conv1): MinkowskiConvolution(in=128, out=128, kernel_size=[3, 3, 3], stride=[1, 1, 1], dilation=[1, 1, 1])
        (norm1): MinkowskiBatchNorm(128, eps=1e-05, momentum=0.1, affine=True, track_running_stats=True)
        (conv2): MinkowskiConvolution(in=128, out=128, kernel_size=[3, 3, 3], stride=[1, 1, 1], dilation=[1, 1, 1])
        (norm2): MinkowskiBatchNorm(128, eps=1e-05, momentum=0.1, affine=True, track_running_stats=True)
        (relu): MinkowskiReLU()
      )
      (5): BasicBlock(
        (conv1): MinkowskiConvolution(in=128, out=128, kernel_size=[3, 3, 3], stride=[1, 1, 1], dilation=[1, 1, 1])
        (norm1): MinkowskiBatchNorm(128, eps=1e-05, momentum=0.1, affine=True, track_running_stats=True)
        (conv2): MinkowskiConvolution(in=128, out=128, kernel_size=[3, 3, 3], stride=[1, 1, 1], dilation=[1, 1, 1])
        (norm2): MinkowskiBatchNorm(128, eps=1e-05, momentum=0.1, affine=True, track_running_stats=True)
        (relu): MinkowskiReLU()
      )
    )
    (layer4): Sequential(
      (0): BasicBlock(
        (conv1): MinkowskiConvolution(in=128, out=128, kernel_size=[3, 3, 3], stride=[2, 2, 2], dilation=[1, 1, 1])
        (norm1): MinkowskiBatchNorm(128, eps=1e-05, momentum=0.1, affine=True, track_running_stats=True)
        (conv2): MinkowskiConvolution(in=128, out=128, kernel_size=[3, 3, 3], stride=[1, 1, 1], dilation=[1, 1, 1])
        (norm2): MinkowskiBatchNorm(128, eps=1e-05, momentum=0.1, affine=True, track_running_stats=True)
        (relu): MinkowskiReLU()
        (downsample): Sequential(
          (0): MinkowskiConvolution(in=128, out=128, kernel_size=[1, 1, 1], stride=[2, 2, 2], dilation=[1, 1, 1])
          (1): MinkowskiBatchNorm(128, eps=1e-05, momentum=0.1, affine=True, track_running_stats=True)
        )
      )
      (1): BasicBlock(
        (conv1): MinkowskiConvolution(in=128, out=128, kernel_size=[3, 3, 3], stride=[1, 1, 1], dilation=[1, 1, 1])
        (norm1): MinkowskiBatchNorm(128, eps=1e-05, momentum=0.1, affine=True, track_running_stats=True)
        (conv2): MinkowskiConvolution(in=128, out=128, kernel_size=[3, 3, 3], stride=[1, 1, 1], dilation=[1, 1, 1])
        (norm2): MinkowskiBatchNorm(128, eps=1e-05, momentum=0.1, affine=True, track_running_stats=True)
        (relu): MinkowskiReLU()
      )
      (2): BasicBlock(
        (conv1): MinkowskiConvolution(in=128, out=128, kernel_size=[3, 3, 3], stride=[1, 1, 1], dilation=[1, 1, 1])
        (norm1): MinkowskiBatchNorm(128, eps=1e-05, momentum=0.1, affine=True, track_running_stats=True)
        (conv2): MinkowskiConvolution(in=128, out=128, kernel_size=[3, 3, 3], stride=[1, 1, 1], dilation=[1, 1, 1])
        (norm2): MinkowskiBatchNorm(128, eps=1e-05, momentum=0.1, affine=True, track_running_stats=True)
        (relu): MinkowskiReLU()
      )
    )
  )
  (neck): TR3DNeck(
    (lateral_block_0): Sequential(
      (0): MinkowskiConvolution(in=128, out=128, kernel_size=[3, 3, 3], stride=[1, 1, 1], dilation=[1, 1, 1])
      (1): MinkowskiBatchNorm(128, eps=1e-05, momentum=0.1, affine=True, track_running_stats=True)
      (2): MinkowskiReLU()
    )
    (out_block_0): Sequential(
      (0): MinkowskiConvolution(in=128, out=128, kernel_size=[3, 3, 3], stride=[1, 1, 1], dilation=[1, 1, 1])
      (1): MinkowskiBatchNorm(128, eps=1e-05, momentum=0.1, affine=True, track_running_stats=True)
      (2): MinkowskiReLU()
    )
    (up_block_1): Sequential(
      (0): MinkowskiGenerativeConvolutionTranspose(in=128, out=128, kernel_size=[3, 3, 3], stride=[2, 2, 2], dilation=[1, 1, 1])
      (1): MinkowskiBatchNorm(128, eps=1e-05, momentum=0.1, affine=True, track_running_stats=True)
      (2): MinkowskiReLU()
    )
    (lateral_block_1): Sequential(
      (0): MinkowskiConvolution(in=128, out=128, kernel_size=[3, 3, 3], stride=[1, 1, 1], dilation=[1, 1, 1])
      (1): MinkowskiBatchNorm(128, eps=1e-05, momentum=0.1, affine=True, track_running_stats=True)
      (2): MinkowskiReLU()
    )
    (out_block_1): Sequential(
      (0): MinkowskiConvolution(in=128, out=128, kernel_size=[3, 3, 3], stride=[1, 1, 1], dilation=[1, 1, 1])
      (1): MinkowskiBatchNorm(128, eps=1e-05, momentum=0.1, affine=True, track_running_stats=True)
      (2): MinkowskiReLU()
    )
    (up_block_2): Sequential(
      (0): MinkowskiGenerativeConvolutionTranspose(in=128, out=128, kernel_size=[3, 3, 3], stride=[2, 2, 2], dilation=[1, 1, 1])
      (1): MinkowskiBatchNorm(128, eps=1e-05, momentum=0.1, affine=True, track_running_stats=True)
      (2): MinkowskiReLU()
    )
  )
  (head): TR3DHead(
    (bbox_loss): RotatedIoU3DLoss()
    (cls_loss): FocalLoss()
    (bbox_conv): MinkowskiConvolution(in=128, out=8, kernel_size=[1, 1, 1], stride=[1, 1, 1], dilation=[1, 1, 1])
    (cls_conv): MinkowskiConvolution(in=128, out=10, kernel_size=[1, 1, 1], stride=[1, 1, 1], dilation=[1, 1, 1])
  )
  (conv): Sequential(
    (0): MinkowskiConvolution(in=256, out=64, kernel_size=[1, 1, 1], stride=[1, 1, 1], dilation=[1, 1, 1])
    (1): MinkowskiBatchNorm(64, eps=1e-05, momentum=0.1, affine=True, track_running_stats=True)
    (2): MinkowskiReLU()
  )
  (keep_ratio_predictor_MLPNET): KeepRatioPredictorMLPNet(
    (net): Sequential(
      (0): Linear(in_features=6, out_features=128, bias=True)
      (1): ReLU()
      (2): Linear(in_features=128, out_features=2, bias=True)
      (3): Tanh()
    )
  )
)
2026-06-04 13:43:42,978 - mmdet - INFO - load checkpoint from local path: /home/zero/USER/HEYU/MODEL/imvotenet_faster_rcnn_r50_fpn_2x4_sunrgbd-3d-10class_20210819_225618-62eba6ce.pth
2026-06-04 13:43:43,088 - mmdet - WARNING - The model and loaded state dict do not match exactly

unexpected key in source state_dict: img_rpn_head.rpn_conv.weight, img_rpn_head.rpn_conv.bias, img_rpn_head.rpn_cls.weight, img_rpn_head.rpn_cls.bias, img_rpn_head.rpn_reg.weight, img_rpn_head.rpn_reg.bias, img_roi_head.bbox_head.fc_cls.weight, img_roi_head.bbox_head.fc_cls.bias, img_roi_head.bbox_head.fc_reg.weight, img_roi_head.bbox_head.fc_reg.bias, img_roi_head.bbox_head.shared_fcs.0.weight, img_roi_head.bbox_head.shared_fcs.0.bias, img_roi_head.bbox_head.shared_fcs.1.weight, img_roi_head.bbox_head.shared_fcs.1.bias

missing keys in source state_dict: backbone.conv1.kernel, backbone.norm1.bn.weight, backbone.norm1.bn.bias, backbone.norm1.bn.running_mean, backbone.norm1.bn.running_var, backbone.layer1.0.conv1.kernel, backbone.layer1.0.norm1.bn.weight, backbone.layer1.0.norm1.bn.bias, backbone.layer1.0.norm1.bn.running_mean, backbone.layer1.0.norm1.bn.running_var, backbone.layer1.0.conv2.kernel, backbone.layer1.0.norm2.bn.weight, backbone.layer1.0.norm2.bn.bias, backbone.layer1.0.norm2.bn.running_mean, backbone.layer1.0.norm2.bn.running_var, backbone.layer1.0.downsample.0.kernel, backbone.layer1.0.downsample.1.bn.weight, backbone.layer1.0.downsample.1.bn.bias, backbone.layer1.0.downsample.1.bn.running_mean, backbone.layer1.0.downsample.1.bn.running_var, backbone.layer1.1.conv1.kernel, backbone.layer1.1.norm1.bn.weight, backbone.layer1.1.norm1.bn.bias, backbone.layer1.1.norm1.bn.running_mean, backbone.layer1.1.norm1.bn.running_var, backbone.layer1.1.conv2.kernel, backbone.layer1.1.norm2.bn.weight, backbone.layer1.1.norm2.bn.bias, backbone.layer1.1.norm2.bn.running_mean, backbone.layer1.1.norm2.bn.running_var, backbone.layer1.2.conv1.kernel, backbone.layer1.2.norm1.bn.weight, backbone.layer1.2.norm1.bn.bias, backbone.layer1.2.norm1.bn.running_mean, backbone.layer1.2.norm1.bn.running_var, backbone.layer1.2.conv2.kernel, backbone.layer1.2.norm2.bn.weight, backbone.layer1.2.norm2.bn.bias, backbone.layer1.2.norm2.bn.running_mean, backbone.layer1.2.norm2.bn.running_var, backbone.layer2.0.conv1.kernel, backbone.layer2.0.norm1.bn.weight, backbone.layer2.0.norm1.bn.bias, backbone.layer2.0.norm1.bn.running_mean, backbone.layer2.0.norm1.bn.running_var, backbone.layer2.0.conv2.kernel, backbone.layer2.0.norm2.bn.weight, backbone.layer2.0.norm2.bn.bias, backbone.layer2.0.norm2.bn.running_mean, backbone.layer2.0.norm2.bn.running_var, backbone.layer2.0.downsample.0.kernel, backbone.layer2.0.downsample.1.bn.weight, backbone.layer2.0.downsample.1.bn.bias, backbone.layer2.0.downsample.1.bn.running_mean, backbone.layer2.0.downsample.1.bn.running_var, backbone.layer2.1.conv1.kernel, backbone.layer2.1.norm1.bn.weight, backbone.layer2.1.norm1.bn.bias, backbone.layer2.1.norm1.bn.running_mean, backbone.layer2.1.norm1.bn.running_var, backbone.layer2.1.conv2.kernel, backbone.layer2.1.norm2.bn.weight, backbone.layer2.1.norm2.bn.bias, backbone.layer2.1.norm2.bn.running_mean, backbone.layer2.1.norm2.bn.running_var, backbone.layer2.2.conv1.kernel, backbone.layer2.2.norm1.bn.weight, backbone.layer2.2.norm1.bn.bias, backbone.layer2.2.norm1.bn.running_mean, backbone.layer2.2.norm1.bn.running_var, backbone.layer2.2.conv2.kernel, backbone.layer2.2.norm2.bn.weight, backbone.layer2.2.norm2.bn.bias, backbone.layer2.2.norm2.bn.running_mean, backbone.layer2.2.norm2.bn.running_var, backbone.layer2.3.conv1.kernel, backbone.layer2.3.norm1.bn.weight, backbone.layer2.3.norm1.bn.bias, backbone.layer2.3.norm1.bn.running_mean, backbone.layer2.3.norm1.bn.running_var, backbone.layer2.3.conv2.kernel, backbone.layer2.3.norm2.bn.weight, backbone.layer2.3.norm2.bn.bias, backbone.layer2.3.norm2.bn.running_mean, backbone.layer2.3.norm2.bn.running_var, backbone.layer3.0.conv1.kernel, backbone.layer3.0.norm1.bn.weight, backbone.layer3.0.norm1.bn.bias, backbone.layer3.0.norm1.bn.running_mean, backbone.layer3.0.norm1.bn.running_var, backbone.layer3.0.conv2.kernel, backbone.layer3.0.norm2.bn.weight, backbone.layer3.0.norm2.bn.bias, backbone.layer3.0.norm2.bn.running_mean, backbone.layer3.0.norm2.bn.running_var, backbone.layer3.0.downsample.0.kernel, backbone.layer3.0.downsample.1.bn.weight, backbone.layer3.0.downsample.1.bn.bias, backbone.layer3.0.downsample.1.bn.running_mean, backbone.layer3.0.downsample.1.bn.running_var, backbone.layer3.1.conv1.kernel, backbone.layer3.1.norm1.bn.weight, backbone.layer3.1.norm1.bn.bias, backbone.layer3.1.norm1.bn.running_mean, backbone.layer3.1.norm1.bn.running_var, backbone.layer3.1.conv2.kernel, backbone.layer3.1.norm2.bn.weight, backbone.layer3.1.norm2.bn.bias, backbone.layer3.1.norm2.bn.running_mean, backbone.layer3.1.norm2.bn.running_var, backbone.layer3.2.conv1.kernel, backbone.layer3.2.norm1.bn.weight, backbone.layer3.2.norm1.bn.bias, backbone.layer3.2.norm1.bn.running_mean, backbone.layer3.2.norm1.bn.running_var, backbone.layer3.2.conv2.kernel, backbone.layer3.2.norm2.bn.weight, backbone.layer3.2.norm2.bn.bias, backbone.layer3.2.norm2.bn.running_mean, backbone.layer3.2.norm2.bn.running_var, backbone.layer3.3.conv1.kernel, backbone.layer3.3.norm1.bn.weight, backbone.layer3.3.norm1.bn.bias, backbone.layer3.3.norm1.bn.running_mean, backbone.layer3.3.norm1.bn.running_var, backbone.layer3.3.conv2.kernel, backbone.layer3.3.norm2.bn.weight, backbone.layer3.3.norm2.bn.bias, backbone.layer3.3.norm2.bn.running_mean, backbone.layer3.3.norm2.bn.running_var, backbone.layer3.4.conv1.kernel, backbone.layer3.4.norm1.bn.weight, backbone.layer3.4.norm1.bn.bias, backbone.layer3.4.norm1.bn.running_mean, backbone.layer3.4.norm1.bn.running_var, backbone.layer3.4.conv2.kernel, backbone.layer3.4.norm2.bn.weight, backbone.layer3.4.norm2.bn.bias, backbone.layer3.4.norm2.bn.running_mean, backbone.layer3.4.norm2.bn.running_var, backbone.layer3.5.conv1.kernel, backbone.layer3.5.norm1.bn.weight, backbone.layer3.5.norm1.bn.bias, backbone.layer3.5.norm1.bn.running_mean, backbone.layer3.5.norm1.bn.running_var, backbone.layer3.5.conv2.kernel, backbone.layer3.5.norm2.bn.weight, backbone.layer3.5.norm2.bn.bias, backbone.layer3.5.norm2.bn.running_mean, backbone.layer3.5.norm2.bn.running_var, backbone.layer4.0.conv1.kernel, backbone.layer4.0.norm1.bn.weight, backbone.layer4.0.norm1.bn.bias, backbone.layer4.0.norm1.bn.running_mean, backbone.layer4.0.norm1.bn.running_var, backbone.layer4.0.conv2.kernel, backbone.layer4.0.norm2.bn.weight, backbone.layer4.0.norm2.bn.bias, backbone.layer4.0.norm2.bn.running_mean, backbone.layer4.0.norm2.bn.running_var, backbone.layer4.0.downsample.0.kernel, backbone.layer4.0.downsample.1.bn.weight, backbone.layer4.0.downsample.1.bn.bias, backbone.layer4.0.downsample.1.bn.running_mean, backbone.layer4.0.downsample.1.bn.running_var, backbone.layer4.1.conv1.kernel, backbone.layer4.1.norm1.bn.weight, backbone.layer4.1.norm1.bn.bias, backbone.layer4.1.norm1.bn.running_mean, backbone.layer4.1.norm1.bn.running_var, backbone.layer4.1.conv2.kernel, backbone.layer4.1.norm2.bn.weight, backbone.layer4.1.norm2.bn.bias, backbone.layer4.1.norm2.bn.running_mean, backbone.layer4.1.norm2.bn.running_var, backbone.layer4.2.conv1.kernel, backbone.layer4.2.norm1.bn.weight, backbone.layer4.2.norm1.bn.bias, backbone.layer4.2.norm1.bn.running_mean, backbone.layer4.2.norm1.bn.running_var, backbone.layer4.2.conv2.kernel, backbone.layer4.2.norm2.bn.weight, backbone.layer4.2.norm2.bn.bias, backbone.layer4.2.norm2.bn.running_mean, backbone.layer4.2.norm2.bn.running_var, neck.lateral_block_0.0.kernel, neck.lateral_block_0.1.bn.weight, neck.lateral_block_0.1.bn.bias, neck.lateral_block_0.1.bn.running_mean, neck.lateral_block_0.1.bn.running_var, neck.out_block_0.0.kernel, neck.out_block_0.1.bn.weight, neck.out_block_0.1.bn.bias, neck.out_block_0.1.bn.running_mean, neck.out_block_0.1.bn.running_var, neck.up_block_1.0.kernel, neck.up_block_1.1.bn.weight, neck.up_block_1.1.bn.bias, neck.up_block_1.1.bn.running_mean, neck.up_block_1.1.bn.running_var, neck.lateral_block_1.0.kernel, neck.lateral_block_1.1.bn.weight, neck.lateral_block_1.1.bn.bias, neck.lateral_block_1.1.bn.running_mean, neck.lateral_block_1.1.bn.running_var, neck.out_block_1.0.kernel, neck.out_block_1.1.bn.weight, neck.out_block_1.1.bn.bias, neck.out_block_1.1.bn.running_mean, neck.out_block_1.1.bn.running_var, neck.up_block_2.0.kernel, neck.up_block_2.1.bn.weight, neck.up_block_2.1.bn.bias, neck.up_block_2.1.bn.running_mean, neck.up_block_2.1.bn.running_var, head.bbox_conv.kernel, head.bbox_conv.bias, head.cls_conv.kernel, head.cls_conv.bias, conv.0.kernel, conv.1.bn.weight, conv.1.bn.bias, conv.1.bn.running_mean, conv.1.bn.running_var, keep_ratio_predictor_MLPNET.net.0.weight, keep_ratio_predictor_MLPNET.net.0.bias, keep_ratio_predictor_MLPNET.net.2.weight, keep_ratio_predictor_MLPNET.net.2.bias

2026-06-04 13:43:43,095 - mmdet - INFO - Start running, host: zero@l40server, work_dir: /home/zero/USER/HEYU/tr3d/work_dirs/NN/DFF/DFF_TR3D_FF_FIG6_4/1
2026-06-04 13:43:43,095 - mmdet - INFO - Hooks will be executed in the following order:
before_run:
(VERY_HIGH   ) StepLrUpdaterHook                  
(NORMAL      ) CheckpointHook                     
(LOW         ) EvalHook                           
(VERY_LOW    ) TextLoggerHook                     
 -------------------- 
before_train_epoch:
(VERY_HIGH   ) StepLrUpdaterHook                  
(NORMAL      ) EmptyCacheHook                     
(LOW         ) IterTimerHook                      
(LOW         ) EvalHook                           
(VERY_LOW    ) TextLoggerHook                     
 -------------------- 
before_train_iter:
(VERY_HIGH   ) StepLrUpdaterHook                  
(LOW         ) IterTimerHook                      
(LOW         ) EvalHook                           
 -------------------- 
after_train_iter:
(ABOVE_NORMAL) OptimizerHook                      
(NORMAL      ) CheckpointHook                     
(NORMAL      ) EmptyCacheHook                     
(LOW         ) IterTimerHook                      
(LOW         ) EvalHook                           
(VERY_LOW    ) TextLoggerHook                     
 -------------------- 
after_train_epoch:
(NORMAL      ) CheckpointHook                     
(NORMAL      ) EmptyCacheHook                     
(LOW         ) EvalHook                           
(VERY_LOW    ) TextLoggerHook                     
 -------------------- 
before_val_epoch:
(NORMAL      ) EmptyCacheHook                     
(LOW         ) IterTimerHook                      
(VERY_LOW    ) TextLoggerHook                     
 -------------------- 
before_val_iter:
(LOW         ) IterTimerHook                      
 -------------------- 
after_val_iter:
(NORMAL      ) EmptyCacheHook                     
(LOW         ) IterTimerHook                      
 -------------------- 
after_val_epoch:
(NORMAL      ) EmptyCacheHook                     
(VERY_LOW    ) TextLoggerHook                     
 -------------------- 
after_run:
(VERY_LOW    ) TextLoggerHook                     
 -------------------- 
2026-06-04 13:43:43,095 - mmdet - INFO - workflow: [('train', 1)], max: 12 epochs
2026-06-04 13:43:43,095 - mmdet - INFO - Checkpoints will be saved to /home/zero/USER/HEYU/tr3d/work_dirs/NN/DFF/DFF_TR3D_FF_FIG6_4/1 by HardDiskBackend.
2026-06-04 13:44:17,037 - mmdet - INFO - Epoch [1][50/1652]	lr: 1.000e-03, eta: 3:43:42, time: 0.679, data_time: 0.099, memory: 5797, bbox_loss: 0.6349, cls_loss: 0.6749, loss: 1.3098, grad_norm: 6.2603
2026-06-04 13:44:48,460 - mmdet - INFO - Epoch [1][100/1652]	lr: 1.000e-03, eta: 3:34:51, time: 0.628, data_time: 0.052, memory: 5797, bbox_loss: 0.5808, cls_loss: 0.4902, loss: 1.0710, grad_norm: 8.3507
2026-06-04 13:45:19,770 - mmdet - INFO - Epoch [1][150/1652]	lr: 1.000e-03, eta: 3:31:19, time: 0.626, data_time: 0.051, memory: 5797, bbox_loss: 0.5813, cls_loss: 0.4515, loss: 1.0328, grad_norm: 7.5480
2026-06-04 13:45:52,550 - mmdet - INFO - Epoch [1][200/1652]	lr: 1.000e-03, eta: 3:31:41, time: 0.656, data_time: 0.051, memory: 5797, bbox_loss: 0.5649, cls_loss: 0.4300, loss: 0.9950, grad_norm: 8.0402
2026-06-04 13:46:24,992 - mmdet - INFO - Epoch [1][250/1652]	lr: 1.000e-03, eta: 3:31:15, time: 0.649, data_time: 0.052, memory: 5797, bbox_loss: 0.5495, cls_loss: 0.4221, loss: 0.9716, grad_norm: 7.1144
2026-06-04 13:46:58,074 - mmdet - INFO - Epoch [1][300/1652]	lr: 1.000e-03, eta: 3:31:28, time: 0.662, data_time: 0.052, memory: 5797, bbox_loss: 0.5423, cls_loss: 0.4129, loss: 0.9552, grad_norm: 6.7059
2026-06-04 13:47:28,602 - mmdet - INFO - Epoch [1][350/1652]	lr: 1.000e-03, eta: 3:29:06, time: 0.611, data_time: 0.051, memory: 5797, bbox_loss: 0.5284, cls_loss: 0.3896, loss: 0.9179, grad_norm: 7.1078
2026-06-04 13:47:59,682 - mmdet - INFO - Epoch [1][400/1652]	lr: 1.000e-03, eta: 3:27:39, time: 0.622, data_time: 0.051, memory: 5797, bbox_loss: 0.5358, cls_loss: 0.3887, loss: 0.9245, grad_norm: 6.0831
2026-06-04 13:48:30,976 - mmdet - INFO - Epoch [1][450/1652]	lr: 1.000e-03, eta: 3:26:33, time: 0.626, data_time: 0.050, memory: 5797, bbox_loss: 0.5203, cls_loss: 0.3764, loss: 0.8967, grad_norm: 6.5057
2026-06-04 13:49:03,422 - mmdet - INFO - Epoch [1][500/1652]	lr: 1.000e-03, eta: 3:26:19, time: 0.649, data_time: 0.053, memory: 5797, bbox_loss: 0.5230, cls_loss: 0.3681, loss: 0.8911, grad_norm: 6.9321
2026-06-04 13:49:35,691 - mmdet - INFO - Epoch [1][550/1652]	lr: 1.000e-03, eta: 3:25:55, time: 0.645, data_time: 0.053, memory: 5797, bbox_loss: 0.5124, cls_loss: 0.3672, loss: 0.8796, grad_norm: 5.6604
2026-06-04 13:50:09,124 - mmdet - INFO - Epoch [1][600/1652]	lr: 1.000e-03, eta: 3:26:08, time: 0.669, data_time: 0.055, memory: 5797, bbox_loss: 0.5055, cls_loss: 0.3505, loss: 0.8560, grad_norm: 6.9866
2026-06-04 13:50:41,743 - mmdet - INFO - Epoch [1][650/1652]	lr: 1.000e-03, eta: 3:25:49, time: 0.652, data_time: 0.054, memory: 5797, bbox_loss: 0.5079, cls_loss: 0.3565, loss: 0.8643, grad_norm: 6.1691
2026-06-04 13:51:14,630 - mmdet - INFO - Epoch [1][700/1652]	lr: 1.000e-03, eta: 3:25:35, time: 0.658, data_time: 0.053, memory: 5797, bbox_loss: 0.4992, cls_loss: 0.3479, loss: 0.8471, grad_norm: 5.9951
2026-06-04 13:51:47,484 - mmdet - INFO - Epoch [1][750/1652]	lr: 1.000e-03, eta: 3:25:18, time: 0.657, data_time: 0.054, memory: 5797, bbox_loss: 0.4990, cls_loss: 0.3217, loss: 0.8207, grad_norm: 6.5135
2026-06-04 13:52:20,151 - mmdet - INFO - Epoch [1][800/1652]	lr: 1.000e-03, eta: 3:24:55, time: 0.653, data_time: 0.052, memory: 5797, bbox_loss: 0.4971, cls_loss: 0.3499, loss: 0.8470, grad_norm: 6.3081
2026-06-04 13:52:53,325 - mmdet - INFO - Epoch [1][850/1652]	lr: 1.000e-03, eta: 3:24:42, time: 0.663, data_time: 0.054, memory: 5797, bbox_loss: 0.5013, cls_loss: 0.3451, loss: 0.8464, grad_norm: 5.4903
2026-06-04 13:53:24,561 - mmdet - INFO - Epoch [1][900/1652]	lr: 1.000e-03, eta: 3:23:46, time: 0.625, data_time: 0.053, memory: 5797, bbox_loss: 0.4990, cls_loss: 0.3254, loss: 0.8244, grad_norm: 5.8580
2026-06-04 13:53:55,495 - mmdet - INFO - Epoch [1][950/1652]	lr: 1.000e-03, eta: 3:22:46, time: 0.619, data_time: 0.052, memory: 5833, bbox_loss: 0.4934, cls_loss: 0.3227, loss: 0.8161, grad_norm: 5.2841
2026-06-04 13:54:26,640 - mmdet - INFO - Exp name: tr3d-ff_sunrgbd-3d-10class.py
2026-06-04 13:54:26,640 - mmdet - INFO - Epoch [1][1000/1652]	lr: 1.000e-03, eta: 3:21:53, time: 0.623, data_time: 0.052, memory: 5833, bbox_loss: 0.4959, cls_loss: 0.3429, loss: 0.8388, grad_norm: 4.5915
2026-06-04 13:54:57,746 - mmdet - INFO - Epoch [1][1050/1652]	lr: 1.000e-03, eta: 3:21:02, time: 0.622, data_time: 0.052, memory: 5833, bbox_loss: 0.4924, cls_loss: 0.3283, loss: 0.8207, grad_norm: 4.7788
2026-06-04 13:55:28,884 - mmdet - INFO - Epoch [1][1100/1652]	lr: 1.000e-03, eta: 3:20:13, time: 0.623, data_time: 0.052, memory: 5833, bbox_loss: 0.4896, cls_loss: 0.3246, loss: 0.8142, grad_norm: 4.5986
2026-06-04 13:55:59,992 - mmdet - INFO - Epoch [1][1150/1652]	lr: 1.000e-03, eta: 3:19:25, time: 0.622, data_time: 0.053, memory: 5833, bbox_loss: 0.4855, cls_loss: 0.3224, loss: 0.8080, grad_norm: 5.0769
2026-06-04 13:56:32,582 - mmdet - INFO - Epoch [1][1200/1652]	lr: 1.000e-03, eta: 3:19:02, time: 0.652, data_time: 0.053, memory: 6019, bbox_loss: 0.4908, cls_loss: 0.3227, loss: 0.8136, grad_norm: 4.8771
2026-06-04 13:57:05,002 - mmdet - INFO - Epoch [1][1250/1652]	lr: 1.000e-03, eta: 3:18:35, time: 0.648, data_time: 0.053, memory: 6019, bbox_loss: 0.4681, cls_loss: 0.3047, loss: 0.7728, grad_norm: 4.9526
2026-06-04 13:57:36,325 - mmdet - INFO - Epoch [1][1300/1652]	lr: 1.000e-03, eta: 3:17:52, time: 0.626, data_time: 0.052, memory: 6019, bbox_loss: 0.4759, cls_loss: 0.3125, loss: 0.7884, grad_norm: 4.4543
2026-06-04 13:58:08,227 - mmdet - INFO - Epoch [1][1350/1652]	lr: 1.000e-03, eta: 3:17:18, time: 0.638, data_time: 0.053, memory: 6019, bbox_loss: 0.4708, cls_loss: 0.3045, loss: 0.7753, grad_norm: 5.1571
2026-06-04 13:58:39,546 - mmdet - INFO - Epoch [1][1400/1652]	lr: 1.000e-03, eta: 3:16:37, time: 0.626, data_time: 0.055, memory: 6019, bbox_loss: 0.4763, cls_loss: 0.3116, loss: 0.7878, grad_norm: 4.7085
2026-06-04 13:59:11,181 - mmdet - INFO - Epoch [1][1450/1652]	lr: 1.000e-03, eta: 3:16:00, time: 0.633, data_time: 0.054, memory: 6019, bbox_loss: 0.4738, cls_loss: 0.3056, loss: 0.7794, grad_norm: 4.8906
2026-06-04 13:59:42,829 - mmdet - INFO - Epoch [1][1500/1652]	lr: 1.000e-03, eta: 3:15:23, time: 0.633, data_time: 0.053, memory: 6019, bbox_loss: 0.4710, cls_loss: 0.3088, loss: 0.7798, grad_norm: 4.4314
2026-06-04 14:00:14,418 - mmdet - INFO - Epoch [1][1550/1652]	lr: 1.000e-03, eta: 3:14:47, time: 0.632, data_time: 0.052, memory: 6019, bbox_loss: 0.4785, cls_loss: 0.3068, loss: 0.7852, grad_norm: 4.2343
2026-06-04 14:00:45,802 - mmdet - INFO - Epoch [1][1600/1652]	lr: 1.000e-03, eta: 3:14:08, time: 0.628, data_time: 0.054, memory: 6019, bbox_loss: 0.4704, cls_loss: 0.3017, loss: 0.7721, grad_norm: 4.2842
2026-06-04 14:01:16,872 - mmdet - INFO - Epoch [1][1650/1652]	lr: 1.000e-03, eta: 3:13:26, time: 0.621, data_time: 0.052, memory: 6019, bbox_loss: 0.4780, cls_loss: 0.3156, loss: 0.7936, grad_norm: 4.0485
2026-06-04 14:01:18,264 - mmdet - INFO - Saving checkpoint at 1 epochs
2026-06-04 14:01:54,091 - mmdet - INFO - Epoch [2][50/1652]	lr: 1.000e-03, eta: 3:13:13, time: 0.703, data_time: 0.105, memory: 6019, bbox_loss: 0.4718, cls_loss: 0.2994, loss: 0.7712, grad_norm: 4.6078
2026-06-04 14:02:24,737 - mmdet - INFO - Epoch [2][100/1652]	lr: 1.000e-03, eta: 3:12:28, time: 0.613, data_time: 0.051, memory: 6019, bbox_loss: 0.4717, cls_loss: 0.3109, loss: 0.7826, grad_norm: 4.1740
2026-06-04 14:02:55,906 - mmdet - INFO - Epoch [2][150/1652]	lr: 1.000e-03, eta: 3:11:48, time: 0.623, data_time: 0.050, memory: 6019, bbox_loss: 0.4716, cls_loss: 0.2936, loss: 0.7652, grad_norm: 4.6900
2026-06-04 14:03:26,598 - mmdet - INFO - Epoch [2][200/1652]	lr: 1.000e-03, eta: 3:11:04, time: 0.614, data_time: 0.053, memory: 6019, bbox_loss: 0.4711, cls_loss: 0.2997, loss: 0.7708, grad_norm: 4.1828
2026-06-04 14:03:57,083 - mmdet - INFO - Epoch [2][250/1652]	lr: 1.000e-03, eta: 3:10:19, time: 0.610, data_time: 0.052, memory: 6019, bbox_loss: 0.4685, cls_loss: 0.3021, loss: 0.7707, grad_norm: 3.5890
2026-06-04 14:04:28,018 - mmdet - INFO - Epoch [2][300/1652]	lr: 1.000e-03, eta: 3:09:38, time: 0.619, data_time: 0.051, memory: 6019, bbox_loss: 0.4611, cls_loss: 0.2908, loss: 0.7519, grad_norm: 3.9670
2026-06-04 14:04:59,466 - mmdet - INFO - Epoch [2][350/1652]	lr: 1.000e-03, eta: 3:09:03, time: 0.629, data_time: 0.052, memory: 6019, bbox_loss: 0.4677, cls_loss: 0.3014, loss: 0.7691, grad_norm: 4.4380
2026-06-04 14:05:30,395 - mmdet - INFO - Epoch [2][400/1652]	lr: 1.000e-03, eta: 3:08:23, time: 0.619, data_time: 0.052, memory: 6019, bbox_loss: 0.4721, cls_loss: 0.3016, loss: 0.7737, grad_norm: 4.3434
2026-06-04 14:06:01,348 - mmdet - INFO - Epoch [2][450/1652]	lr: 1.000e-03, eta: 3:07:45, time: 0.619, data_time: 0.053, memory: 6019, bbox_loss: 0.4605, cls_loss: 0.2916, loss: 0.7521, grad_norm: 3.9033
2026-06-04 14:06:32,580 - mmdet - INFO - Epoch [2][500/1652]	lr: 1.000e-03, eta: 3:07:08, time: 0.625, data_time: 0.052, memory: 6019, bbox_loss: 0.4519, cls_loss: 0.2926, loss: 0.7445, grad_norm: 4.1406
2026-06-04 14:07:02,953 - mmdet - INFO - Epoch [2][550/1652]	lr: 1.000e-03, eta: 3:06:25, time: 0.607, data_time: 0.050, memory: 6019, bbox_loss: 0.4514, cls_loss: 0.2848, loss: 0.7362, grad_norm: 4.3529
2026-06-04 14:07:34,115 - mmdet - INFO - Epoch [2][600/1652]	lr: 1.000e-03, eta: 3:05:49, time: 0.623, data_time: 0.051, memory: 6019, bbox_loss: 0.4691, cls_loss: 0.3058, loss: 0.7750, grad_norm: 3.9974
2026-06-04 14:08:05,543 - mmdet - INFO - Epoch [2][650/1652]	lr: 1.000e-03, eta: 3:05:15, time: 0.629, data_time: 0.052, memory: 6019, bbox_loss: 0.4602, cls_loss: 0.2949, loss: 0.7551, grad_norm: 3.7451
2026-06-04 14:08:36,867 - mmdet - INFO - Epoch [2][700/1652]	lr: 1.000e-03, eta: 3:04:40, time: 0.626, data_time: 0.054, memory: 6019, bbox_loss: 0.4617, cls_loss: 0.2918, loss: 0.7535, grad_norm: 4.2928
2026-06-04 14:09:08,570 - mmdet - INFO - Epoch [2][750/1652]	lr: 1.000e-03, eta: 3:04:09, time: 0.634, data_time: 0.055, memory: 6019, bbox_loss: 0.4586, cls_loss: 0.2899, loss: 0.7485, grad_norm: 3.8275
2026-06-04 14:09:39,300 - mmdet - INFO - Epoch [2][800/1652]	lr: 1.000e-03, eta: 3:03:30, time: 0.615, data_time: 0.054, memory: 6019, bbox_loss: 0.4576, cls_loss: 0.2812, loss: 0.7388, grad_norm: 4.1931
2026-06-04 14:10:10,318 - mmdet - INFO - Epoch [2][850/1652]	lr: 1.000e-03, eta: 3:02:54, time: 0.620, data_time: 0.053, memory: 6019, bbox_loss: 0.4612, cls_loss: 0.2980, loss: 0.7592, grad_norm: 4.1131
2026-06-04 14:10:41,477 - mmdet - INFO - Epoch [2][900/1652]	lr: 1.000e-03, eta: 3:02:18, time: 0.623, data_time: 0.051, memory: 6019, bbox_loss: 0.4626, cls_loss: 0.2941, loss: 0.7567, grad_norm: 3.5600
2026-06-04 14:11:12,882 - mmdet - INFO - Epoch [2][950/1652]	lr: 1.000e-03, eta: 3:01:45, time: 0.628, data_time: 0.053, memory: 6019, bbox_loss: 0.4536, cls_loss: 0.2801, loss: 0.7337, grad_norm: 3.5090
2026-06-04 14:11:44,042 - mmdet - INFO - Epoch [2][1000/1652]	lr: 1.000e-03, eta: 3:01:10, time: 0.623, data_time: 0.053, memory: 6019, bbox_loss: 0.4552, cls_loss: 0.2822, loss: 0.7374, grad_norm: 4.1275
2026-06-04 14:12:15,036 - mmdet - INFO - Epoch [2][1050/1652]	lr: 1.000e-03, eta: 3:00:34, time: 0.620, data_time: 0.052, memory: 6019, bbox_loss: 0.4576, cls_loss: 0.2902, loss: 0.7479, grad_norm: 3.6888
2026-06-04 14:12:46,300 - mmdet - INFO - Epoch [2][1100/1652]	lr: 1.000e-03, eta: 3:00:00, time: 0.625, data_time: 0.053, memory: 6019, bbox_loss: 0.4651, cls_loss: 0.2830, loss: 0.7481, grad_norm: 3.3623
2026-06-04 14:13:17,514 - mmdet - INFO - Epoch [2][1150/1652]	lr: 1.000e-03, eta: 2:59:26, time: 0.624, data_time: 0.053, memory: 6019, bbox_loss: 0.4569, cls_loss: 0.2817, loss: 0.7385, grad_norm: 3.9030
2026-06-04 14:13:49,897 - mmdet - INFO - Epoch [2][1200/1652]	lr: 1.000e-03, eta: 2:58:59, time: 0.648, data_time: 0.056, memory: 6019, bbox_loss: 0.4505, cls_loss: 0.2805, loss: 0.7311, grad_norm: 3.7056
2026-06-04 14:14:21,405 - mmdet - INFO - Epoch [2][1250/1652]	lr: 1.000e-03, eta: 2:58:27, time: 0.630, data_time: 0.053, memory: 6019, bbox_loss: 0.4455, cls_loss: 0.2760, loss: 0.7216, grad_norm: 3.5235
2026-06-04 14:14:52,668 - mmdet - INFO - Epoch [2][1300/1652]	lr: 1.000e-03, eta: 2:57:53, time: 0.625, data_time: 0.053, memory: 6019, bbox_loss: 0.4445, cls_loss: 0.2855, loss: 0.7299, grad_norm: 3.0736
2026-06-04 14:15:24,986 - mmdet - INFO - Epoch [2][1350/1652]	lr: 1.000e-03, eta: 2:57:25, time: 0.646, data_time: 0.053, memory: 6019, bbox_loss: 0.4477, cls_loss: 0.2730, loss: 0.7207, grad_norm: 3.6645
2026-06-04 14:15:58,432 - mmdet - INFO - Epoch [2][1400/1652]	lr: 1.000e-03, eta: 2:57:03, time: 0.669, data_time: 0.055, memory: 6019, bbox_loss: 0.4507, cls_loss: 0.2791, loss: 0.7298, grad_norm: 3.5639
2026-06-04 14:16:31,169 - mmdet - INFO - Epoch [2][1450/1652]	lr: 1.000e-03, eta: 2:56:37, time: 0.655, data_time: 0.053, memory: 6019, bbox_loss: 0.4419, cls_loss: 0.2721, loss: 0.7140, grad_norm: 3.4597
2026-06-04 14:17:01,651 - mmdet - INFO - Epoch [2][1500/1652]	lr: 1.000e-03, eta: 2:55:59, time: 0.610, data_time: 0.053, memory: 6019, bbox_loss: 0.4495, cls_loss: 0.2731, loss: 0.7226, grad_norm: 3.8077
2026-06-04 14:17:32,453 - mmdet - INFO - Epoch [2][1550/1652]	lr: 1.000e-03, eta: 2:55:23, time: 0.616, data_time: 0.055, memory: 6019, bbox_loss: 0.4549, cls_loss: 0.2834, loss: 0.7383, grad_norm: 3.6650
2026-06-04 14:18:03,602 - mmdet - INFO - Epoch [2][1600/1652]	lr: 1.000e-03, eta: 2:54:49, time: 0.623, data_time: 0.052, memory: 6019, bbox_loss: 0.4622, cls_loss: 0.2785, loss: 0.7407, grad_norm: 3.4725
2026-06-04 14:18:34,572 - mmdet - INFO - Epoch [2][1650/1652]	lr: 1.000e-03, eta: 2:54:14, time: 0.619, data_time: 0.053, memory: 6019, bbox_loss: 0.4495, cls_loss: 0.2788, loss: 0.7283, grad_norm: 3.5408
2026-06-04 14:18:35,919 - mmdet - INFO - Saving checkpoint at 2 epochs
2026-06-04 14:19:10,164 - mmdet - INFO - Epoch [3][50/1652]	lr: 1.000e-03, eta: 2:53:44, time: 0.670, data_time: 0.104, memory: 6019, bbox_loss: 0.4456, cls_loss: 0.2789, loss: 0.7246, grad_norm: 3.2810
2026-06-04 14:19:40,819 - mmdet - INFO - Epoch [3][100/1652]	lr: 1.000e-03, eta: 2:53:08, time: 0.613, data_time: 0.052, memory: 6019, bbox_loss: 0.4496, cls_loss: 0.2861, loss: 0.7357, grad_norm: 3.3434
2026-06-04 14:20:14,244 - mmdet - INFO - Epoch [3][150/1652]	lr: 1.000e-03, eta: 2:52:44, time: 0.668, data_time: 0.054, memory: 6019, bbox_loss: 0.4492, cls_loss: 0.2755, loss: 0.7247, grad_norm: 3.3696
2026-06-04 14:20:47,420 - mmdet - INFO - Epoch [3][200/1652]	lr: 1.000e-03, eta: 2:52:20, time: 0.664, data_time: 0.053, memory: 6019, bbox_loss: 0.4474, cls_loss: 0.2652, loss: 0.7126, grad_norm: 3.7641
2026-06-04 14:21:20,619 - mmdet - INFO - Epoch [3][250/1652]	lr: 1.000e-03, eta: 2:51:55, time: 0.664, data_time: 0.054, memory: 6019, bbox_loss: 0.4441, cls_loss: 0.2777, loss: 0.7219, grad_norm: 3.4492
2026-06-04 14:21:52,034 - mmdet - INFO - Epoch [3][300/1652]	lr: 1.000e-03, eta: 2:51:22, time: 0.628, data_time: 0.052, memory: 6019, bbox_loss: 0.4403, cls_loss: 0.2754, loss: 0.7157, grad_norm: 3.3808
2026-06-04 14:22:23,611 - mmdet - INFO - Epoch [3][350/1652]	lr: 1.000e-03, eta: 2:50:50, time: 0.632, data_time: 0.054, memory: 6019, bbox_loss: 0.4330, cls_loss: 0.2637, loss: 0.6967, grad_norm: 3.0658
2026-06-04 14:22:54,664 - mmdet - INFO - Epoch [3][400/1652]	lr: 1.000e-03, eta: 2:50:15, time: 0.621, data_time: 0.052, memory: 6019, bbox_loss: 0.4547, cls_loss: 0.2742, loss: 0.7289, grad_norm: 3.0309
2026-06-04 14:23:25,738 - mmdet - INFO - Epoch [3][450/1652]	lr: 1.000e-03, eta: 2:49:41, time: 0.621, data_time: 0.053, memory: 6019, bbox_loss: 0.4490, cls_loss: 0.2740, loss: 0.7230, grad_norm: 3.6262
2026-06-04 14:23:57,238 - mmdet - INFO - Epoch [3][500/1652]	lr: 1.000e-03, eta: 2:49:09, time: 0.630, data_time: 0.053, memory: 6019, bbox_loss: 0.4411, cls_loss: 0.2739, loss: 0.7150, grad_norm: 3.7102
2026-06-04 14:24:30,302 - mmdet - INFO - Epoch [3][550/1652]	lr: 1.000e-03, eta: 2:48:43, time: 0.661, data_time: 0.053, memory: 6019, bbox_loss: 0.4382, cls_loss: 0.2628, loss: 0.7011, grad_norm: 3.7656
2026-06-04 14:25:03,189 - mmdet - INFO - Epoch [3][600/1652]	lr: 1.000e-03, eta: 2:48:16, time: 0.658, data_time: 0.053, memory: 6019, bbox_loss: 0.4405, cls_loss: 0.2677, loss: 0.7082, grad_norm: 3.1018
2026-06-04 14:25:37,292 - mmdet - INFO - Epoch [3][650/1652]	lr: 1.000e-03, eta: 2:47:54, time: 0.682, data_time: 0.053, memory: 6019, bbox_loss: 0.4297, cls_loss: 0.2648, loss: 0.6945, grad_norm: 3.0393
2026-06-04 14:26:09,423 - mmdet - INFO - Epoch [3][700/1652]	lr: 1.000e-03, eta: 2:47:24, time: 0.643, data_time: 0.052, memory: 6019, bbox_loss: 0.4384, cls_loss: 0.2686, loss: 0.7070, grad_norm: 3.0429
2026-06-04 14:26:40,622 - mmdet - INFO - Epoch [3][750/1652]	lr: 1.000e-03, eta: 2:46:50, time: 0.624, data_time: 0.053, memory: 6019, bbox_loss: 0.4445, cls_loss: 0.2721, loss: 0.7167, grad_norm: 3.1220
2026-06-04 14:27:11,907 - mmdet - INFO - Epoch [3][800/1652]	lr: 1.000e-03, eta: 2:46:16, time: 0.626, data_time: 0.054, memory: 6019, bbox_loss: 0.4429, cls_loss: 0.2754, loss: 0.7183, grad_norm: 3.0093
2026-06-04 14:27:43,467 - mmdet - INFO - Epoch [3][850/1652]	lr: 1.000e-03, eta: 2:45:44, time: 0.631, data_time: 0.054, memory: 6019, bbox_loss: 0.4400, cls_loss: 0.2710, loss: 0.7110, grad_norm: 3.0062
2026-06-04 14:28:14,639 - mmdet - INFO - Epoch [3][900/1652]	lr: 1.000e-03, eta: 2:45:10, time: 0.623, data_time: 0.052, memory: 6019, bbox_loss: 0.4338, cls_loss: 0.2633, loss: 0.6971, grad_norm: 3.1029
2026-06-04 14:28:46,250 - mmdet - INFO - Epoch [3][950/1652]	lr: 1.000e-03, eta: 2:44:38, time: 0.632, data_time: 0.055, memory: 6019, bbox_loss: 0.4458, cls_loss: 0.2672, loss: 0.7130, grad_norm: 3.0972
2026-06-04 14:29:16,948 - mmdet - INFO - Epoch [3][1000/1652]	lr: 1.000e-03, eta: 2:44:02, time: 0.614, data_time: 0.053, memory: 6019, bbox_loss: 0.4312, cls_loss: 0.2631, loss: 0.6943, grad_norm: 3.1217
2026-06-04 14:29:48,337 - mmdet - INFO - Epoch [3][1050/1652]	lr: 1.000e-03, eta: 2:43:30, time: 0.628, data_time: 0.052, memory: 6019, bbox_loss: 0.4391, cls_loss: 0.2721, loss: 0.7112, grad_norm: 3.1525
2026-06-04 14:30:20,209 - mmdet - INFO - Epoch [3][1100/1652]	lr: 1.000e-03, eta: 2:42:58, time: 0.637, data_time: 0.054, memory: 6019, bbox_loss: 0.4333, cls_loss: 0.2703, loss: 0.7035, grad_norm: 3.3356
2026-06-04 14:30:51,236 - mmdet - INFO - Epoch [3][1150/1652]	lr: 1.000e-03, eta: 2:42:24, time: 0.621, data_time: 0.053, memory: 6019, bbox_loss: 0.4363, cls_loss: 0.2635, loss: 0.6999, grad_norm: 3.5081
2026-06-04 14:31:22,111 - mmdet - INFO - Epoch [3][1200/1652]	lr: 1.000e-03, eta: 2:41:50, time: 0.617, data_time: 0.054, memory: 6019, bbox_loss: 0.4322, cls_loss: 0.2666, loss: 0.6988, grad_norm: 2.6745
2026-06-04 14:31:53,821 - mmdet - INFO - Epoch [3][1250/1652]	lr: 1.000e-03, eta: 2:41:18, time: 0.634, data_time: 0.052, memory: 6019, bbox_loss: 0.4370, cls_loss: 0.2674, loss: 0.7044, grad_norm: 2.8779
2026-06-04 14:32:25,057 - mmdet - INFO - Epoch [3][1300/1652]	lr: 1.000e-03, eta: 2:40:45, time: 0.625, data_time: 0.052, memory: 6019, bbox_loss: 0.4315, cls_loss: 0.2617, loss: 0.6932, grad_norm: 3.1803
2026-06-04 14:32:56,442 - mmdet - INFO - Epoch [3][1350/1652]	lr: 1.000e-03, eta: 2:40:12, time: 0.628, data_time: 0.051, memory: 6019, bbox_loss: 0.4404, cls_loss: 0.2632, loss: 0.7036, grad_norm: 2.9847
2026-06-04 14:33:27,732 - mmdet - INFO - Epoch [3][1400/1652]	lr: 1.000e-03, eta: 2:39:39, time: 0.626, data_time: 0.054, memory: 6019, bbox_loss: 0.4279, cls_loss: 0.2592, loss: 0.6872, grad_norm: 3.1668
2026-06-04 14:33:58,664 - mmdet - INFO - Epoch [3][1450/1652]	lr: 1.000e-03, eta: 2:39:05, time: 0.619, data_time: 0.052, memory: 6019, bbox_loss: 0.4381, cls_loss: 0.2584, loss: 0.6965, grad_norm: 2.9881
2026-06-04 14:34:29,670 - mmdet - INFO - Epoch [3][1500/1652]	lr: 1.000e-03, eta: 2:38:32, time: 0.620, data_time: 0.054, memory: 6019, bbox_loss: 0.4286, cls_loss: 0.2514, loss: 0.6800, grad_norm: 2.9144
2026-06-04 14:35:00,410 - mmdet - INFO - Epoch [3][1550/1652]	lr: 1.000e-03, eta: 2:37:57, time: 0.615, data_time: 0.053, memory: 6019, bbox_loss: 0.4380, cls_loss: 0.2651, loss: 0.7031, grad_norm: 2.8770
2026-06-04 14:35:31,240 - mmdet - INFO - Epoch [3][1600/1652]	lr: 1.000e-03, eta: 2:37:23, time: 0.617, data_time: 0.052, memory: 6019, bbox_loss: 0.4266, cls_loss: 0.2651, loss: 0.6916, grad_norm: 2.7373
2026-06-04 14:36:01,716 - mmdet - INFO - Epoch [3][1650/1652]	lr: 1.000e-03, eta: 2:36:48, time: 0.610, data_time: 0.053, memory: 6019, bbox_loss: 0.4400, cls_loss: 0.2714, loss: 0.7115, grad_norm: 2.7556
2026-06-04 14:36:03,034 - mmdet - INFO - Saving checkpoint at 3 epochs
2026-06-04 14:36:37,862 - mmdet - INFO - Epoch [4][50/1652]	lr: 1.000e-03, eta: 2:36:19, time: 0.685, data_time: 0.108, memory: 6019, bbox_loss: 0.4317, cls_loss: 0.2629, loss: 0.6946, grad_norm: 2.8834
2026-06-04 14:37:09,475 - mmdet - INFO - Epoch [4][100/1652]	lr: 1.000e-03, eta: 2:35:47, time: 0.632, data_time: 0.052, memory: 6019, bbox_loss: 0.4359, cls_loss: 0.2643, loss: 0.7002, grad_norm: 2.6549
2026-06-04 14:37:40,706 - mmdet - INFO - Epoch [4][150/1652]	lr: 1.000e-03, eta: 2:35:14, time: 0.625, data_time: 0.054, memory: 6019, bbox_loss: 0.4289, cls_loss: 0.2591, loss: 0.6879, grad_norm: 2.8855
2026-06-04 14:38:12,394 - mmdet - INFO - Epoch [4][200/1652]	lr: 1.000e-03, eta: 2:34:43, time: 0.634, data_time: 0.054, memory: 6019, bbox_loss: 0.4297, cls_loss: 0.2586, loss: 0.6883, grad_norm: 2.7829
2026-06-04 14:38:44,427 - mmdet - INFO - Epoch [4][250/1652]	lr: 1.000e-03, eta: 2:34:12, time: 0.641, data_time: 0.053, memory: 6019, bbox_loss: 0.4323, cls_loss: 0.2666, loss: 0.6989, grad_norm: 2.9513
2026-06-04 14:39:15,761 - mmdet - INFO - Epoch [4][300/1652]	lr: 1.000e-03, eta: 2:33:40, time: 0.627, data_time: 0.053, memory: 6019, bbox_loss: 0.4228, cls_loss: 0.2528, loss: 0.6757, grad_norm: 3.1360
2026-06-04 14:39:46,956 - mmdet - INFO - Epoch [4][350/1652]	lr: 1.000e-03, eta: 2:33:07, time: 0.624, data_time: 0.051, memory: 6019, bbox_loss: 0.4269, cls_loss: 0.2590, loss: 0.6859, grad_norm: 2.9769
2026-06-04 14:40:18,705 - mmdet - INFO - Epoch [4][400/1652]	lr: 1.000e-03, eta: 2:32:35, time: 0.635, data_time: 0.051, memory: 6019, bbox_loss: 0.4364, cls_loss: 0.2641, loss: 0.7005, grad_norm: 2.7255
2026-06-04 14:40:49,662 - mmdet - INFO - Epoch [4][450/1652]	lr: 1.000e-03, eta: 2:32:02, time: 0.619, data_time: 0.051, memory: 6019, bbox_loss: 0.4158, cls_loss: 0.2510, loss: 0.6669, grad_norm: 2.9967
2026-06-04 14:41:20,963 - mmdet - INFO - Epoch [4][500/1652]	lr: 1.000e-03, eta: 2:31:29, time: 0.626, data_time: 0.052, memory: 6019, bbox_loss: 0.4276, cls_loss: 0.2515, loss: 0.6791, grad_norm: 2.9122
2026-06-04 14:41:52,946 - mmdet - INFO - Epoch [4][550/1652]	lr: 1.000e-03, eta: 2:30:59, time: 0.640, data_time: 0.052, memory: 6019, bbox_loss: 0.4178, cls_loss: 0.2476, loss: 0.6654, grad_norm: 2.9882
2026-06-04 14:42:23,808 - mmdet - INFO - Epoch [4][600/1652]	lr: 1.000e-03, eta: 2:30:25, time: 0.617, data_time: 0.053, memory: 6019, bbox_loss: 0.4206, cls_loss: 0.2660, loss: 0.6866, grad_norm: 2.8842
2026-06-04 14:42:55,680 - mmdet - INFO - Epoch [4][650/1652]	lr: 1.000e-03, eta: 2:29:54, time: 0.637, data_time: 0.053, memory: 6019, bbox_loss: 0.4222, cls_loss: 0.2546, loss: 0.6768, grad_norm: 2.9364
2026-06-04 14:43:26,957 - mmdet - INFO - Epoch [4][700/1652]	lr: 1.000e-03, eta: 2:29:22, time: 0.626, data_time: 0.052, memory: 6019, bbox_loss: 0.4287, cls_loss: 0.2566, loss: 0.6853, grad_norm: 2.6707
2026-06-04 14:43:58,517 - mmdet - INFO - Epoch [4][750/1652]	lr: 1.000e-03, eta: 2:28:50, time: 0.631, data_time: 0.050, memory: 6019, bbox_loss: 0.4301, cls_loss: 0.2623, loss: 0.6923, grad_norm: 2.8633
2026-06-04 14:44:30,556 - mmdet - INFO - Epoch [4][800/1652]	lr: 1.000e-03, eta: 2:28:19, time: 0.641, data_time: 0.052, memory: 6019, bbox_loss: 0.4240, cls_loss: 0.2715, loss: 0.6955, grad_norm: 3.5024
2026-06-04 14:45:02,883 - mmdet - INFO - Epoch [4][850/1652]	lr: 1.000e-03, eta: 2:27:49, time: 0.647, data_time: 0.051, memory: 6019, bbox_loss: 0.4254, cls_loss: 0.2529, loss: 0.6783, grad_norm: 2.8980
2026-06-04 14:45:34,796 - mmdet - INFO - Epoch [4][900/1652]	lr: 1.000e-03, eta: 2:27:18, time: 0.638, data_time: 0.052, memory: 6019, bbox_loss: 0.4264, cls_loss: 0.2655, loss: 0.6919, grad_norm: 3.2229
2026-06-04 14:46:06,721 - mmdet - INFO - Epoch [4][950/1652]	lr: 1.000e-03, eta: 2:26:47, time: 0.638, data_time: 0.052, memory: 6019, bbox_loss: 0.4118, cls_loss: 0.2445, loss: 0.6563, grad_norm: 3.0201
2026-06-04 14:46:38,103 - mmdet - INFO - Epoch [4][1000/1652]	lr: 1.000e-03, eta: 2:26:15, time: 0.628, data_time: 0.050, memory: 6019, bbox_loss: 0.4183, cls_loss: 0.2484, loss: 0.6667, grad_norm: 2.8540
2026-06-04 14:47:09,471 - mmdet - INFO - Epoch [4][1050/1652]	lr: 1.000e-03, eta: 2:25:43, time: 0.627, data_time: 0.053, memory: 6019, bbox_loss: 0.4171, cls_loss: 0.2602, loss: 0.6773, grad_norm: 2.7103
2026-06-04 14:47:42,025 - mmdet - INFO - Epoch [4][1100/1652]	lr: 1.000e-03, eta: 2:25:13, time: 0.651, data_time: 0.057, memory: 6019, bbox_loss: 0.4161, cls_loss: 0.2538, loss: 0.6698, grad_norm: 2.8279
2026-06-04 14:48:13,453 - mmdet - INFO - Epoch [4][1150/1652]	lr: 1.000e-03, eta: 2:24:41, time: 0.629, data_time: 0.052, memory: 6019, bbox_loss: 0.4147, cls_loss: 0.2491, loss: 0.6637, grad_norm: 2.8587
2026-06-04 14:48:45,132 - mmdet - INFO - Epoch [4][1200/1652]	lr: 1.000e-03, eta: 2:24:10, time: 0.634, data_time: 0.050, memory: 6019, bbox_loss: 0.4049, cls_loss: 0.2512, loss: 0.6561, grad_norm: 2.9552
2026-06-04 14:49:17,488 - mmdet - INFO - Epoch [4][1250/1652]	lr: 1.000e-03, eta: 2:23:39, time: 0.647, data_time: 0.053, memory: 6019, bbox_loss: 0.4065, cls_loss: 0.2461, loss: 0.6526, grad_norm: 2.7927
2026-06-04 14:49:49,566 - mmdet - INFO - Epoch [4][1300/1652]	lr: 1.000e-03, eta: 2:23:09, time: 0.642, data_time: 0.053, memory: 6019, bbox_loss: 0.4170, cls_loss: 0.2493, loss: 0.6663, grad_norm: 2.7673
2026-06-04 14:50:21,652 - mmdet - INFO - Epoch [4][1350/1652]	lr: 1.000e-03, eta: 2:22:38, time: 0.642, data_time: 0.052, memory: 6019, bbox_loss: 0.4266, cls_loss: 0.2521, loss: 0.6787, grad_norm: 12.2216
2026-06-04 14:50:54,032 - mmdet - INFO - Epoch [4][1400/1652]	lr: 1.000e-03, eta: 2:22:08, time: 0.648, data_time: 0.051, memory: 6019, bbox_loss: 0.4085, cls_loss: 0.2586, loss: 0.6671, grad_norm: 2.8015
2026-06-04 14:51:25,662 - mmdet - INFO - Epoch [4][1450/1652]	lr: 1.000e-03, eta: 2:21:36, time: 0.633, data_time: 0.055, memory: 6019, bbox_loss: 0.4147, cls_loss: 0.2584, loss: 0.6731, grad_norm: 2.8024
2026-06-04 14:51:56,777 - mmdet - INFO - Epoch [4][1500/1652]	lr: 1.000e-03, eta: 2:21:03, time: 0.622, data_time: 0.055, memory: 6019, bbox_loss: 0.4149, cls_loss: 0.2520, loss: 0.6669, grad_norm: 2.8265
2026-06-04 14:52:27,554 - mmdet - INFO - Epoch [4][1550/1652]	lr: 1.000e-03, eta: 2:20:30, time: 0.616, data_time: 0.052, memory: 6019, bbox_loss: 0.4152, cls_loss: 0.2529, loss: 0.6680, grad_norm: 2.7075
2026-06-04 14:52:58,707 - mmdet - INFO - Epoch [4][1600/1652]	lr: 1.000e-03, eta: 2:19:57, time: 0.623, data_time: 0.053, memory: 6019, bbox_loss: 0.4060, cls_loss: 0.2396, loss: 0.6457, grad_norm: 3.0310
2026-06-04 14:53:29,801 - mmdet - INFO - Epoch [4][1650/1652]	lr: 1.000e-03, eta: 2:19:24, time: 0.622, data_time: 0.052, memory: 6019, bbox_loss: 0.4106, cls_loss: 0.2513, loss: 0.6619, grad_norm: 2.8091
2026-06-04 14:53:31,096 - mmdet - INFO - Saving checkpoint at 4 epochs
2026-06-04 14:54:05,588 - mmdet - INFO - Epoch [5][50/1652]	lr: 1.000e-03, eta: 2:18:54, time: 0.678, data_time: 0.104, memory: 6019, bbox_loss: 0.4109, cls_loss: 0.2430, loss: 0.6539, grad_norm: 2.8646
2026-06-04 14:54:37,084 - mmdet - INFO - Epoch [5][100/1652]	lr: 1.000e-03, eta: 2:18:22, time: 0.630, data_time: 0.053, memory: 6019, bbox_loss: 0.4131, cls_loss: 0.2454, loss: 0.6584, grad_norm: 3.2601
2026-06-04 14:55:07,947 - mmdet - INFO - Epoch [5][150/1652]	lr: 1.000e-03, eta: 2:17:48, time: 0.617, data_time: 0.053, memory: 6019, bbox_loss: 0.4090, cls_loss: 0.2448, loss: 0.6538, grad_norm: 3.1615
2026-06-04 14:55:39,225 - mmdet - INFO - Epoch [5][200/1652]	lr: 1.000e-03, eta: 2:17:16, time: 0.626, data_time: 0.052, memory: 6019, bbox_loss: 0.4113, cls_loss: 0.2516, loss: 0.6629, grad_norm: 2.5172
2026-06-04 14:56:10,201 - mmdet - INFO - Epoch [5][250/1652]	lr: 1.000e-03, eta: 2:16:43, time: 0.620, data_time: 0.052, memory: 6019, bbox_loss: 0.4072, cls_loss: 0.2511, loss: 0.6583, grad_norm: 2.5405
2026-06-04 14:56:41,060 - mmdet - INFO - Epoch [5][300/1652]	lr: 1.000e-03, eta: 2:16:10, time: 0.617, data_time: 0.051, memory: 6019, bbox_loss: 0.4014, cls_loss: 0.2441, loss: 0.6455, grad_norm: 2.8214
2026-06-04 14:57:11,549 - mmdet - INFO - Epoch [5][350/1652]	lr: 1.000e-03, eta: 2:15:36, time: 0.610, data_time: 0.051, memory: 6019, bbox_loss: 0.4042, cls_loss: 0.2440, loss: 0.6482, grad_norm: 2.6167
2026-06-04 14:57:42,387 - mmdet - INFO - Epoch [5][400/1652]	lr: 1.000e-03, eta: 2:15:03, time: 0.617, data_time: 0.053, memory: 6019, bbox_loss: 0.4087, cls_loss: 0.2403, loss: 0.6490, grad_norm: 2.7274
2026-06-04 14:58:13,320 - mmdet - INFO - Epoch [5][450/1652]	lr: 1.000e-03, eta: 2:14:30, time: 0.619, data_time: 0.053, memory: 6019, bbox_loss: 0.3997, cls_loss: 0.2440, loss: 0.6437, grad_norm: 2.6709
2026-06-04 14:58:44,457 - mmdet - INFO - Epoch [5][500/1652]	lr: 1.000e-03, eta: 2:13:58, time: 0.623, data_time: 0.052, memory: 6019, bbox_loss: 0.4104, cls_loss: 0.2496, loss: 0.6600, grad_norm: 2.8828
2026-06-04 14:59:15,470 - mmdet - INFO - Epoch [5][550/1652]	lr: 1.000e-03, eta: 2:13:25, time: 0.620, data_time: 0.052, memory: 6019, bbox_loss: 0.4054, cls_loss: 0.2516, loss: 0.6570, grad_norm: 3.0399
2026-06-04 14:59:46,399 - mmdet - INFO - Epoch [5][600/1652]	lr: 1.000e-03, eta: 2:12:53, time: 0.619, data_time: 0.053, memory: 6019, bbox_loss: 0.4079, cls_loss: 0.2518, loss: 0.6597, grad_norm: 2.6684
2026-06-04 15:00:17,625 - mmdet - INFO - Epoch [5][650/1652]	lr: 1.000e-03, eta: 2:12:20, time: 0.624, data_time: 0.051, memory: 6019, bbox_loss: 0.4011, cls_loss: 0.2542, loss: 0.6553, grad_norm: 2.7520
2026-06-04 15:00:49,073 - mmdet - INFO - Epoch [5][700/1652]	lr: 1.000e-03, eta: 2:11:48, time: 0.629, data_time: 0.054, memory: 6019, bbox_loss: 0.4007, cls_loss: 0.2442, loss: 0.6450, grad_norm: 2.7427
2026-06-04 15:01:20,360 - mmdet - INFO - Epoch [5][750/1652]	lr: 1.000e-03, eta: 2:11:16, time: 0.626, data_time: 0.055, memory: 6019, bbox_loss: 0.4062, cls_loss: 0.2477, loss: 0.6539, grad_norm: 2.4222
2026-06-04 15:01:51,364 - mmdet - INFO - Epoch [5][800/1652]	lr: 1.000e-03, eta: 2:10:44, time: 0.620, data_time: 0.052, memory: 6019, bbox_loss: 0.4068, cls_loss: 0.2550, loss: 0.6618, grad_norm: 2.3754
2026-06-04 15:02:21,944 - mmdet - INFO - Epoch [5][850/1652]	lr: 1.000e-03, eta: 2:10:10, time: 0.612, data_time: 0.053, memory: 6019, bbox_loss: 0.3893, cls_loss: 0.2384, loss: 0.6278, grad_norm: 2.8988
2026-06-04 15:02:53,234 - mmdet - INFO - Epoch [5][900/1652]	lr: 1.000e-03, eta: 2:09:38, time: 0.626, data_time: 0.051, memory: 6019, bbox_loss: 0.4026, cls_loss: 0.2522, loss: 0.6548, grad_norm: 2.6691
2026-06-04 15:03:24,717 - mmdet - INFO - Epoch [5][950/1652]	lr: 1.000e-03, eta: 2:09:07, time: 0.630, data_time: 0.052, memory: 6019, bbox_loss: 0.4010, cls_loss: 0.2441, loss: 0.6451, grad_norm: 3.0293
2026-06-04 15:03:55,858 - mmdet - INFO - Epoch [5][1000/1652]	lr: 1.000e-03, eta: 2:08:34, time: 0.623, data_time: 0.054, memory: 6019, bbox_loss: 0.3962, cls_loss: 0.2360, loss: 0.6323, grad_norm: 3.2135
2026-06-04 15:04:26,720 - mmdet - INFO - Epoch [5][1050/1652]	lr: 1.000e-03, eta: 2:08:02, time: 0.617, data_time: 0.055, memory: 6019, bbox_loss: 0.4011, cls_loss: 0.2420, loss: 0.6431, grad_norm: 2.7149
2026-06-04 15:04:58,727 - mmdet - INFO - Epoch [5][1100/1652]	lr: 1.000e-03, eta: 2:07:31, time: 0.640, data_time: 0.053, memory: 6019, bbox_loss: 0.3925, cls_loss: 0.2407, loss: 0.6332, grad_norm: 2.5143
2026-06-04 15:05:29,893 - mmdet - INFO - Epoch [5][1150/1652]	lr: 1.000e-03, eta: 2:06:59, time: 0.623, data_time: 0.053, memory: 6019, bbox_loss: 0.4064, cls_loss: 0.2353, loss: 0.6417, grad_norm: 2.7602
2026-06-04 15:06:00,396 - mmdet - INFO - Epoch [5][1200/1652]	lr: 1.000e-03, eta: 2:06:25, time: 0.610, data_time: 0.053, memory: 6019, bbox_loss: 0.4015, cls_loss: 0.2465, loss: 0.6480, grad_norm: 2.6778
2026-06-04 15:06:31,335 - mmdet - INFO - Epoch [5][1250/1652]	lr: 1.000e-03, eta: 2:05:53, time: 0.619, data_time: 0.053, memory: 6019, bbox_loss: 0.3959, cls_loss: 0.2406, loss: 0.6366, grad_norm: 2.8907
2026-06-04 15:07:02,665 - mmdet - INFO - Epoch [5][1300/1652]	lr: 1.000e-03, eta: 2:05:21, time: 0.627, data_time: 0.052, memory: 6019, bbox_loss: 0.3968, cls_loss: 0.2493, loss: 0.6461, grad_norm: 2.5315
2026-06-04 15:07:34,432 - mmdet - INFO - Epoch [5][1350/1652]	lr: 1.000e-03, eta: 2:04:50, time: 0.635, data_time: 0.053, memory: 6019, bbox_loss: 0.3998, cls_loss: 0.2337, loss: 0.6335, grad_norm: 2.4597
2026-06-04 15:08:07,847 - mmdet - INFO - Epoch [5][1400/1652]	lr: 1.000e-03, eta: 2:04:21, time: 0.668, data_time: 0.053, memory: 6019, bbox_loss: 0.3928, cls_loss: 0.2397, loss: 0.6325, grad_norm: 2.8081
2026-06-04 15:08:41,560 - mmdet - INFO - Epoch [5][1450/1652]	lr: 1.000e-03, eta: 2:03:52, time: 0.674, data_time: 0.053, memory: 6019, bbox_loss: 0.4005, cls_loss: 0.2465, loss: 0.6470, grad_norm: 2.6826
2026-06-04 15:09:13,974 - mmdet - INFO - Epoch [5][1500/1652]	lr: 1.000e-03, eta: 2:03:22, time: 0.648, data_time: 0.052, memory: 6019, bbox_loss: 0.4034, cls_loss: 0.2492, loss: 0.6526, grad_norm: 2.4104
2026-06-04 15:09:46,820 - mmdet - INFO - Epoch [5][1550/1652]	lr: 1.000e-03, eta: 2:02:52, time: 0.657, data_time: 0.053, memory: 6019, bbox_loss: 0.3871, cls_loss: 0.2328, loss: 0.6199, grad_norm: 2.7432
2026-06-04 15:10:20,110 - mmdet - INFO - Epoch [5][1600/1652]	lr: 1.000e-03, eta: 2:02:23, time: 0.666, data_time: 0.053, memory: 6019, bbox_loss: 0.3977, cls_loss: 0.2445, loss: 0.6422, grad_norm: 2.3879
2026-06-04 15:10:53,865 - mmdet - INFO - Epoch [5][1650/1652]	lr: 1.000e-03, eta: 2:01:54, time: 0.675, data_time: 0.053, memory: 6019, bbox_loss: 0.3942, cls_loss: 0.2445, loss: 0.6386, grad_norm: 2.4838
2026-06-04 15:10:55,273 - mmdet - INFO - Saving checkpoint at 5 epochs
2026-06-04 15:11:31,741 - mmdet - INFO - Epoch [6][50/1652]	lr: 1.000e-03, eta: 2:01:25, time: 0.715, data_time: 0.104, memory: 6019, bbox_loss: 0.3924, cls_loss: 0.2340, loss: 0.6264, grad_norm: 2.4559
2026-06-04 15:12:04,998 - mmdet - INFO - Epoch [6][100/1652]	lr: 1.000e-03, eta: 2:00:56, time: 0.665, data_time: 0.053, memory: 6019, bbox_loss: 0.4024, cls_loss: 0.2452, loss: 0.6475, grad_norm: 2.5335
2026-06-04 15:12:37,927 - mmdet - INFO - Epoch [6][150/1652]	lr: 1.000e-03, eta: 2:00:26, time: 0.659, data_time: 0.055, memory: 6019, bbox_loss: 0.3894, cls_loss: 0.2335, loss: 0.6229, grad_norm: 2.4819
2026-06-04 15:13:11,251 - mmdet - INFO - Epoch [6][200/1652]	lr: 1.000e-03, eta: 1:59:57, time: 0.666, data_time: 0.051, memory: 6019, bbox_loss: 0.3910, cls_loss: 0.2306, loss: 0.6216, grad_norm: 2.6628
2026-06-04 15:13:44,504 - mmdet - INFO - Epoch [6][250/1652]	lr: 1.000e-03, eta: 1:59:27, time: 0.665, data_time: 0.053, memory: 6019, bbox_loss: 0.3945, cls_loss: 0.2330, loss: 0.6275, grad_norm: 2.6769
2026-06-04 15:14:18,300 - mmdet - INFO - Epoch [6][300/1652]	lr: 1.000e-03, eta: 1:58:58, time: 0.676, data_time: 0.053, memory: 6019, bbox_loss: 0.3914, cls_loss: 0.2356, loss: 0.6270, grad_norm: 2.7975
2026-06-04 15:14:49,892 - mmdet - INFO - Epoch [6][350/1652]	lr: 1.000e-03, eta: 1:58:26, time: 0.632, data_time: 0.053, memory: 6019, bbox_loss: 0.4005, cls_loss: 0.2372, loss: 0.6377, grad_norm: 2.6973
2026-06-04 15:15:20,733 - mmdet - INFO - Epoch [6][400/1652]	lr: 1.000e-03, eta: 1:57:54, time: 0.617, data_time: 0.052, memory: 6019, bbox_loss: 0.3870, cls_loss: 0.2284, loss: 0.6154, grad_norm: 3.0368
2026-06-04 15:15:52,212 - mmdet - INFO - Epoch [6][450/1652]	lr: 1.000e-03, eta: 1:57:22, time: 0.630, data_time: 0.056, memory: 6019, bbox_loss: 0.3972, cls_loss: 0.2346, loss: 0.6318, grad_norm: 2.8332
2026-06-04 15:16:23,671 - mmdet - INFO - Epoch [6][500/1652]	lr: 1.000e-03, eta: 1:56:50, time: 0.629, data_time: 0.053, memory: 6019, bbox_loss: 0.3986, cls_loss: 0.2460, loss: 0.6446, grad_norm: 2.3010
2026-06-04 15:16:55,199 - mmdet - INFO - Epoch [6][550/1652]	lr: 1.000e-03, eta: 1:56:18, time: 0.631, data_time: 0.052, memory: 6019, bbox_loss: 0.3871, cls_loss: 0.2348, loss: 0.6219, grad_norm: 2.5299
2026-06-04 15:17:27,309 - mmdet - INFO - Epoch [6][600/1652]	lr: 1.000e-03, eta: 1:55:47, time: 0.642, data_time: 0.054, memory: 6019, bbox_loss: 0.3956, cls_loss: 0.2346, loss: 0.6302, grad_norm: 2.2303
2026-06-04 15:17:59,215 - mmdet - INFO - Epoch [6][650/1652]	lr: 1.000e-03, eta: 1:55:15, time: 0.638, data_time: 0.052, memory: 6019, bbox_loss: 0.3929, cls_loss: 0.2357, loss: 0.6286, grad_norm: 2.5429
2026-06-04 15:18:31,047 - mmdet - INFO - Epoch [6][700/1652]	lr: 1.000e-03, eta: 1:54:44, time: 0.637, data_time: 0.053, memory: 6019, bbox_loss: 0.3920, cls_loss: 0.2387, loss: 0.6308, grad_norm: 2.6018
2026-06-04 15:19:02,890 - mmdet - INFO - Epoch [6][750/1652]	lr: 1.000e-03, eta: 1:54:12, time: 0.637, data_time: 0.052, memory: 6019, bbox_loss: 0.3896, cls_loss: 0.2376, loss: 0.6272, grad_norm: 2.4740
2026-06-04 15:19:33,930 - mmdet - INFO - Epoch [6][800/1652]	lr: 1.000e-03, eta: 1:53:40, time: 0.621, data_time: 0.054, memory: 6019, bbox_loss: 0.3873, cls_loss: 0.2372, loss: 0.6245, grad_norm: 2.3601
2026-06-04 15:20:05,415 - mmdet - INFO - Epoch [6][850/1652]	lr: 1.000e-03, eta: 1:53:08, time: 0.630, data_time: 0.054, memory: 6019, bbox_loss: 0.3958, cls_loss: 0.2335, loss: 0.6293, grad_norm: 2.5714
2026-06-04 15:20:36,250 - mmdet - INFO - Epoch [6][900/1652]	lr: 1.000e-03, eta: 1:52:35, time: 0.617, data_time: 0.053, memory: 6019, bbox_loss: 0.3918, cls_loss: 0.2348, loss: 0.6266, grad_norm: 2.5591
2026-06-04 15:21:08,623 - mmdet - INFO - Epoch [6][950/1652]	lr: 1.000e-03, eta: 1:52:04, time: 0.647, data_time: 0.052, memory: 6019, bbox_loss: 0.3821, cls_loss: 0.2252, loss: 0.6073, grad_norm: 2.6743
2026-06-04 15:21:42,218 - mmdet - INFO - Epoch [6][1000/1652]	lr: 1.000e-03, eta: 1:51:35, time: 0.672, data_time: 0.053, memory: 6019, bbox_loss: 0.3883, cls_loss: 0.2290, loss: 0.6173, grad_norm: 2.5949
2026-06-04 15:22:15,766 - mmdet - INFO - Epoch [6][1050/1652]	lr: 1.000e-03, eta: 1:51:05, time: 0.671, data_time: 0.052, memory: 6019, bbox_loss: 0.4019, cls_loss: 0.2430, loss: 0.6449, grad_norm: 2.0116
2026-06-04 15:22:49,459 - mmdet - INFO - Epoch [6][1100/1652]	lr: 1.000e-03, eta: 1:50:36, time: 0.674, data_time: 0.052, memory: 6019, bbox_loss: 0.3969, cls_loss: 0.2396, loss: 0.6365, grad_norm: 2.4274
2026-06-04 15:23:21,350 - mmdet - INFO - Epoch [6][1150/1652]	lr: 1.000e-03, eta: 1:50:04, time: 0.638, data_time: 0.053, memory: 6019, bbox_loss: 0.3931, cls_loss: 0.2349, loss: 0.6280, grad_norm: 2.4470
2026-06-04 15:23:52,608 - mmdet - INFO - Epoch [6][1200/1652]	lr: 1.000e-03, eta: 1:49:32, time: 0.625, data_time: 0.053, memory: 6019, bbox_loss: 0.3900, cls_loss: 0.2413, loss: 0.6313, grad_norm: 2.4143
2026-06-04 15:24:24,039 - mmdet - INFO - Epoch [6][1250/1652]	lr: 1.000e-03, eta: 1:49:00, time: 0.629, data_time: 0.053, memory: 6019, bbox_loss: 0.3889, cls_loss: 0.2304, loss: 0.6193, grad_norm: 2.3275
2026-06-04 15:24:55,686 - mmdet - INFO - Epoch [6][1300/1652]	lr: 1.000e-03, eta: 1:48:28, time: 0.633, data_time: 0.054, memory: 6019, bbox_loss: 0.3933, cls_loss: 0.2418, loss: 0.6351, grad_norm: 2.4076
2026-06-04 15:25:27,169 - mmdet - INFO - Epoch [6][1350/1652]	lr: 1.000e-03, eta: 1:47:56, time: 0.630, data_time: 0.054, memory: 6019, bbox_loss: 0.3922, cls_loss: 0.2297, loss: 0.6219, grad_norm: 2.4723
2026-06-04 15:25:59,838 - mmdet - INFO - Epoch [6][1400/1652]	lr: 1.000e-03, eta: 1:47:26, time: 0.653, data_time: 0.053, memory: 6019, bbox_loss: 0.3830, cls_loss: 0.2311, loss: 0.6141, grad_norm: 2.4737
2026-06-04 15:26:33,058 - mmdet - INFO - Epoch [6][1450/1652]	lr: 1.000e-03, eta: 1:46:56, time: 0.664, data_time: 0.052, memory: 6019, bbox_loss: 0.3822, cls_loss: 0.2373, loss: 0.6194, grad_norm: 2.4022
2026-06-04 15:27:06,290 - mmdet - INFO - Epoch [6][1500/1652]	lr: 1.000e-03, eta: 1:46:25, time: 0.665, data_time: 0.053, memory: 6019, bbox_loss: 0.3823, cls_loss: 0.2277, loss: 0.6100, grad_norm: 2.5749
2026-06-04 15:27:39,405 - mmdet - INFO - Epoch [6][1550/1652]	lr: 1.000e-03, eta: 1:45:55, time: 0.662, data_time: 0.054, memory: 6019, bbox_loss: 0.3800, cls_loss: 0.2268, loss: 0.6067, grad_norm: 2.4449
2026-06-04 15:28:10,538 - mmdet - INFO - Epoch [6][1600/1652]	lr: 1.000e-03, eta: 1:45:23, time: 0.623, data_time: 0.051, memory: 6019, bbox_loss: 0.3916, cls_loss: 0.2317, loss: 0.6232, grad_norm: 2.4132
2026-06-04 15:28:42,055 - mmdet - INFO - Epoch [6][1650/1652]	lr: 1.000e-03, eta: 1:44:51, time: 0.630, data_time: 0.053, memory: 6019, bbox_loss: 0.3805, cls_loss: 0.2290, loss: 0.6095, grad_norm: 2.5086
2026-06-04 15:28:43,375 - mmdet - INFO - Saving checkpoint at 6 epochs
2026-06-04 15:29:19,401 - mmdet - INFO - Epoch [7][50/1652]	lr: 1.000e-03, eta: 1:44:20, time: 0.709, data_time: 0.101, memory: 6019, bbox_loss: 0.3852, cls_loss: 0.2350, loss: 0.6202, grad_norm: 2.2901
2026-06-04 15:29:53,047 - mmdet - INFO - Epoch [7][100/1652]	lr: 1.000e-03, eta: 1:43:50, time: 0.673, data_time: 0.052, memory: 6019, bbox_loss: 0.3873, cls_loss: 0.2401, loss: 0.6274, grad_norm: 2.3581
2026-06-04 15:30:25,788 - mmdet - INFO - Epoch [7][150/1652]	lr: 1.000e-03, eta: 1:43:20, time: 0.655, data_time: 0.053, memory: 6019, bbox_loss: 0.3778, cls_loss: 0.2163, loss: 0.5941, grad_norm: 2.5865
2026-06-04 15:30:57,712 - mmdet - INFO - Epoch [7][200/1652]	lr: 1.000e-03, eta: 1:42:48, time: 0.638, data_time: 0.051, memory: 6019, bbox_loss: 0.3844, cls_loss: 0.2282, loss: 0.6126, grad_norm: 2.4145
2026-06-04 15:31:28,814 - mmdet - INFO - Epoch [7][250/1652]	lr: 1.000e-03, eta: 1:42:16, time: 0.622, data_time: 0.052, memory: 6019, bbox_loss: 0.3812, cls_loss: 0.2289, loss: 0.6100, grad_norm: 2.3132
2026-06-04 15:32:02,039 - mmdet - INFO - Epoch [7][300/1652]	lr: 1.000e-03, eta: 1:41:45, time: 0.664, data_time: 0.052, memory: 6019, bbox_loss: 0.3842, cls_loss: 0.2274, loss: 0.6116, grad_norm: 2.4966
2026-06-04 15:32:34,637 - mmdet - INFO - Epoch [7][350/1652]	lr: 1.000e-03, eta: 1:41:14, time: 0.652, data_time: 0.052, memory: 6019, bbox_loss: 0.3727, cls_loss: 0.2250, loss: 0.5977, grad_norm: 2.2755
2026-06-04 15:33:06,132 - mmdet - INFO - Epoch [7][400/1652]	lr: 1.000e-03, eta: 1:40:42, time: 0.630, data_time: 0.052, memory: 6019, bbox_loss: 0.3887, cls_loss: 0.2372, loss: 0.6259, grad_norm: 2.1055
2026-06-04 15:33:37,011 - mmdet - INFO - Epoch [7][450/1652]	lr: 1.000e-03, eta: 1:40:10, time: 0.618, data_time: 0.053, memory: 6019, bbox_loss: 0.3843, cls_loss: 0.2348, loss: 0.6191, grad_norm: 2.0825
2026-06-04 15:34:07,911 - mmdet - INFO - Epoch [7][500/1652]	lr: 1.000e-03, eta: 1:39:37, time: 0.618, data_time: 0.053, memory: 6019, bbox_loss: 0.3804, cls_loss: 0.2234, loss: 0.6039, grad_norm: 2.6251
2026-06-04 15:34:38,957 - mmdet - INFO - Epoch [7][550/1652]	lr: 1.000e-03, eta: 1:39:05, time: 0.621, data_time: 0.056, memory: 6019, bbox_loss: 0.3781, cls_loss: 0.2191, loss: 0.5973, grad_norm: 2.5256
2026-06-04 15:35:10,190 - mmdet - INFO - Epoch [7][600/1652]	lr: 1.000e-03, eta: 1:38:33, time: 0.625, data_time: 0.053, memory: 6019, bbox_loss: 0.3825, cls_loss: 0.2321, loss: 0.6147, grad_norm: 2.3225
2026-06-04 15:35:41,140 - mmdet - INFO - Epoch [7][650/1652]	lr: 1.000e-03, eta: 1:38:00, time: 0.619, data_time: 0.052, memory: 6019, bbox_loss: 0.3809, cls_loss: 0.2251, loss: 0.6060, grad_norm: 2.3640
2026-06-04 15:36:12,607 - mmdet - INFO - Epoch [7][700/1652]	lr: 1.000e-03, eta: 1:37:28, time: 0.629, data_time: 0.053, memory: 6019, bbox_loss: 0.3841, cls_loss: 0.2283, loss: 0.6124, grad_norm: 2.1924
2026-06-04 15:36:43,617 - mmdet - INFO - Epoch [7][750/1652]	lr: 1.000e-03, eta: 1:36:56, time: 0.620, data_time: 0.051, memory: 6019, bbox_loss: 0.3825, cls_loss: 0.2281, loss: 0.6106, grad_norm: 2.3205
2026-06-04 15:37:14,685 - mmdet - INFO - Epoch [7][800/1652]	lr: 1.000e-03, eta: 1:36:23, time: 0.621, data_time: 0.052, memory: 6019, bbox_loss: 0.3850, cls_loss: 0.2267, loss: 0.6117, grad_norm: 2.2737
2026-06-04 15:37:46,085 - mmdet - INFO - Epoch [7][850/1652]	lr: 1.000e-03, eta: 1:35:51, time: 0.628, data_time: 0.055, memory: 6019, bbox_loss: 0.3814, cls_loss: 0.2294, loss: 0.6108, grad_norm: 1.9794
2026-06-04 15:38:17,158 - mmdet - INFO - Epoch [7][900/1652]	lr: 1.000e-03, eta: 1:35:19, time: 0.621, data_time: 0.054, memory: 6019, bbox_loss: 0.3762, cls_loss: 0.2153, loss: 0.5915, grad_norm: 2.3822
2026-06-04 15:38:48,593 - mmdet - INFO - Epoch [7][950/1652]	lr: 1.000e-03, eta: 1:34:47, time: 0.629, data_time: 0.054, memory: 6019, bbox_loss: 0.3817, cls_loss: 0.2259, loss: 0.6076, grad_norm: 2.2489
2026-06-04 15:39:20,100 - mmdet - INFO - Epoch [7][1000/1652]	lr: 1.000e-03, eta: 1:34:15, time: 0.630, data_time: 0.054, memory: 6019, bbox_loss: 0.3757, cls_loss: 0.2215, loss: 0.5972, grad_norm: 2.2290
2026-06-04 15:39:51,010 - mmdet - INFO - Epoch [7][1050/1652]	lr: 1.000e-03, eta: 1:33:43, time: 0.618, data_time: 0.053, memory: 6019, bbox_loss: 0.3821, cls_loss: 0.2253, loss: 0.6074, grad_norm: 2.3065
2026-06-04 15:40:22,873 - mmdet - INFO - Epoch [7][1100/1652]	lr: 1.000e-03, eta: 1:33:11, time: 0.637, data_time: 0.051, memory: 6019, bbox_loss: 0.3879, cls_loss: 0.2361, loss: 0.6240, grad_norm: 2.3359
2026-06-04 15:40:54,073 - mmdet - INFO - Epoch [7][1150/1652]	lr: 1.000e-03, eta: 1:32:39, time: 0.624, data_time: 0.052, memory: 6019, bbox_loss: 0.3852, cls_loss: 0.2366, loss: 0.6219, grad_norm: 2.3987
2026-06-04 15:41:25,384 - mmdet - INFO - Epoch [7][1200/1652]	lr: 1.000e-03, eta: 1:32:07, time: 0.626, data_time: 0.054, memory: 6019, bbox_loss: 0.3784, cls_loss: 0.2230, loss: 0.6013, grad_norm: 2.3497
2026-06-04 15:41:56,461 - mmdet - INFO - Epoch [7][1250/1652]	lr: 1.000e-03, eta: 1:31:35, time: 0.622, data_time: 0.054, memory: 6019, bbox_loss: 0.3814, cls_loss: 0.2293, loss: 0.6107, grad_norm: 2.2051
2026-06-04 15:42:27,759 - mmdet - INFO - Epoch [7][1300/1652]	lr: 1.000e-03, eta: 1:31:03, time: 0.626, data_time: 0.052, memory: 6019, bbox_loss: 0.3709, cls_loss: 0.2200, loss: 0.5908, grad_norm: 2.1739
2026-06-04 15:42:59,001 - mmdet - INFO - Epoch [7][1350/1652]	lr: 1.000e-03, eta: 1:30:31, time: 0.625, data_time: 0.056, memory: 6019, bbox_loss: 0.3780, cls_loss: 0.2220, loss: 0.6000, grad_norm: 2.3352
2026-06-04 15:43:30,468 - mmdet - INFO - Epoch [7][1400/1652]	lr: 1.000e-03, eta: 1:29:59, time: 0.629, data_time: 0.053, memory: 6019, bbox_loss: 0.3798, cls_loss: 0.2230, loss: 0.6028, grad_norm: 2.4155
2026-06-04 15:44:01,337 - mmdet - INFO - Epoch [7][1450/1652]	lr: 1.000e-03, eta: 1:29:26, time: 0.617, data_time: 0.053, memory: 6019, bbox_loss: 0.3877, cls_loss: 0.2330, loss: 0.6208, grad_norm: 2.4296
2026-06-04 15:44:32,371 - mmdet - INFO - Epoch [7][1500/1652]	lr: 1.000e-03, eta: 1:28:54, time: 0.621, data_time: 0.052, memory: 6019, bbox_loss: 0.3853, cls_loss: 0.2215, loss: 0.6068, grad_norm: 2.3295
2026-06-04 15:45:04,235 - mmdet - INFO - Epoch [7][1550/1652]	lr: 1.000e-03, eta: 1:28:23, time: 0.637, data_time: 0.057, memory: 6019, bbox_loss: 0.3898, cls_loss: 0.2286, loss: 0.6184, grad_norm: 2.2475
2026-06-04 15:45:35,239 - mmdet - INFO - Epoch [7][1600/1652]	lr: 1.000e-03, eta: 1:27:50, time: 0.620, data_time: 0.053, memory: 6019, bbox_loss: 0.3875, cls_loss: 0.2276, loss: 0.6151, grad_norm: 1.8994
2026-06-04 15:46:06,727 - mmdet - INFO - Epoch [7][1650/1652]	lr: 1.000e-03, eta: 1:27:19, time: 0.630, data_time: 0.053, memory: 6019, bbox_loss: 0.3881, cls_loss: 0.2261, loss: 0.6143, grad_norm: 2.1429
2026-06-04 15:46:08,167 - mmdet - INFO - Saving checkpoint at 7 epochs
2026-06-04 15:46:42,918 - mmdet - INFO - Epoch [8][50/1652]	lr: 1.000e-03, eta: 1:26:46, time: 0.683, data_time: 0.101, memory: 6019, bbox_loss: 0.3782, cls_loss: 0.2241, loss: 0.6023, grad_norm: 2.2129
2026-06-04 15:47:14,398 - mmdet - INFO - Epoch [8][100/1652]	lr: 1.000e-03, eta: 1:26:15, time: 0.630, data_time: 0.052, memory: 6019, bbox_loss: 0.3731, cls_loss: 0.2150, loss: 0.5881, grad_norm: 2.1698
2026-06-04 15:47:45,579 - mmdet - INFO - Epoch [8][150/1652]	lr: 1.000e-03, eta: 1:25:42, time: 0.624, data_time: 0.051, memory: 6019, bbox_loss: 0.3748, cls_loss: 0.2189, loss: 0.5937, grad_norm: 2.2442
2026-06-04 15:48:16,844 - mmdet - INFO - Epoch [8][200/1652]	lr: 1.000e-03, eta: 1:25:10, time: 0.625, data_time: 0.056, memory: 6019, bbox_loss: 0.3813, cls_loss: 0.2298, loss: 0.6111, grad_norm: 2.2028
2026-06-04 15:48:48,324 - mmdet - INFO - Epoch [8][250/1652]	lr: 1.000e-03, eta: 1:24:39, time: 0.630, data_time: 0.053, memory: 6019, bbox_loss: 0.3801, cls_loss: 0.2209, loss: 0.6010, grad_norm: 2.0476
2026-06-04 15:49:19,816 - mmdet - INFO - Epoch [8][300/1652]	lr: 1.000e-03, eta: 1:24:07, time: 0.630, data_time: 0.052, memory: 6019, bbox_loss: 0.3727, cls_loss: 0.2187, loss: 0.5914, grad_norm: 2.0867
2026-06-04 15:49:52,869 - mmdet - INFO - Epoch [8][350/1652]	lr: 1.000e-03, eta: 1:23:36, time: 0.661, data_time: 0.053, memory: 6019, bbox_loss: 0.3853, cls_loss: 0.2291, loss: 0.6144, grad_norm: 1.9848
2026-06-04 15:50:26,299 - mmdet - INFO - Epoch [8][400/1652]	lr: 1.000e-03, eta: 1:23:05, time: 0.669, data_time: 0.053, memory: 6019, bbox_loss: 0.3869, cls_loss: 0.2277, loss: 0.6145, grad_norm: 2.1609
2026-06-04 15:50:58,802 - mmdet - INFO - Epoch [8][450/1652]	lr: 1.000e-03, eta: 1:22:34, time: 0.650, data_time: 0.051, memory: 6019, bbox_loss: 0.3722, cls_loss: 0.2124, loss: 0.5846, grad_norm: 2.1426
2026-06-04 15:51:29,816 - mmdet - INFO - Epoch [8][500/1652]	lr: 1.000e-03, eta: 1:22:02, time: 0.620, data_time: 0.051, memory: 6019, bbox_loss: 0.3771, cls_loss: 0.2216, loss: 0.5988, grad_norm: 2.0207
2026-06-04 15:52:01,087 - mmdet - INFO - Epoch [8][550/1652]	lr: 1.000e-03, eta: 1:21:30, time: 0.625, data_time: 0.054, memory: 6019, bbox_loss: 0.3802, cls_loss: 0.2228, loss: 0.6030, grad_norm: 2.0117
2026-06-04 15:52:32,096 - mmdet - INFO - Epoch [8][600/1652]	lr: 1.000e-03, eta: 1:20:58, time: 0.620, data_time: 0.053, memory: 6019, bbox_loss: 0.3731, cls_loss: 0.2161, loss: 0.5892, grad_norm: 2.1309
2026-06-04 15:53:03,352 - mmdet - INFO - Epoch [8][650/1652]	lr: 1.000e-03, eta: 1:20:26, time: 0.625, data_time: 0.053, memory: 6019, bbox_loss: 0.3702, cls_loss: 0.2173, loss: 0.5875, grad_norm: 2.3230
2026-06-04 15:53:34,599 - mmdet - INFO - Epoch [8][700/1652]	lr: 1.000e-03, eta: 1:19:54, time: 0.625, data_time: 0.053, memory: 6019, bbox_loss: 0.3760, cls_loss: 0.2190, loss: 0.5950, grad_norm: 2.0300
2026-06-04 15:54:05,304 - mmdet - INFO - Epoch [8][750/1652]	lr: 1.000e-03, eta: 1:19:21, time: 0.614, data_time: 0.052, memory: 6019, bbox_loss: 0.3640, cls_loss: 0.2164, loss: 0.5804, grad_norm: 2.2408
2026-06-04 15:54:37,763 - mmdet - INFO - Epoch [8][800/1652]	lr: 1.000e-03, eta: 1:18:50, time: 0.649, data_time: 0.053, memory: 6019, bbox_loss: 0.3754, cls_loss: 0.2253, loss: 0.6007, grad_norm: 2.0776
2026-06-04 15:55:11,259 - mmdet - INFO - Epoch [8][850/1652]	lr: 1.000e-03, eta: 1:18:20, time: 0.670, data_time: 0.055, memory: 6019, bbox_loss: 0.3790, cls_loss: 0.2244, loss: 0.6034, grad_norm: 2.2431
2026-06-04 15:55:44,708 - mmdet - INFO - Epoch [8][900/1652]	lr: 1.000e-03, eta: 1:17:49, time: 0.669, data_time: 0.054, memory: 6019, bbox_loss: 0.3770, cls_loss: 0.2181, loss: 0.5952, grad_norm: 1.9873
2026-06-04 15:56:18,286 - mmdet - INFO - Epoch [8][950/1652]	lr: 1.000e-03, eta: 1:17:18, time: 0.672, data_time: 0.053, memory: 6019, bbox_loss: 0.3764, cls_loss: 0.2190, loss: 0.5954, grad_norm: 2.1911
2026-06-04 15:56:51,627 - mmdet - INFO - Epoch [8][1000/1652]	lr: 1.000e-03, eta: 1:16:47, time: 0.667, data_time: 0.054, memory: 6019, bbox_loss: 0.3804, cls_loss: 0.2238, loss: 0.6041, grad_norm: 1.7927
2026-06-04 15:57:25,161 - mmdet - INFO - Epoch [8][1050/1652]	lr: 1.000e-03, eta: 1:16:17, time: 0.671, data_time: 0.053, memory: 6019, bbox_loss: 0.3882, cls_loss: 0.2292, loss: 0.6174, grad_norm: 1.9143
2026-06-04 15:57:58,655 - mmdet - INFO - Epoch [8][1100/1652]	lr: 1.000e-03, eta: 1:15:46, time: 0.670, data_time: 0.053, memory: 6019, bbox_loss: 0.3785, cls_loss: 0.2223, loss: 0.6008, grad_norm: 2.0356
2026-06-04 15:58:31,821 - mmdet - INFO - Epoch [8][1150/1652]	lr: 1.000e-03, eta: 1:15:15, time: 0.663, data_time: 0.052, memory: 6019, bbox_loss: 0.3749, cls_loss: 0.2178, loss: 0.5928, grad_norm: 2.0106
2026-06-04 15:59:05,492 - mmdet - INFO - Epoch [8][1200/1652]	lr: 1.000e-03, eta: 1:14:44, time: 0.673, data_time: 0.054, memory: 6019, bbox_loss: 0.3747, cls_loss: 0.2223, loss: 0.5970, grad_norm: 2.0533
2026-06-04 15:59:38,306 - mmdet - INFO - Epoch [8][1250/1652]	lr: 1.000e-03, eta: 1:14:13, time: 0.656, data_time: 0.053, memory: 6019, bbox_loss: 0.3760, cls_loss: 0.2291, loss: 0.6051, grad_norm: 2.0235
2026-06-04 16:00:09,795 - mmdet - INFO - Epoch [8][1300/1652]	lr: 1.000e-03, eta: 1:13:41, time: 0.630, data_time: 0.053, memory: 6019, bbox_loss: 0.3640, cls_loss: 0.2109, loss: 0.5749, grad_norm: 2.1343
2026-06-04 16:00:40,884 - mmdet - INFO - Epoch [8][1350/1652]	lr: 1.000e-03, eta: 1:13:09, time: 0.622, data_time: 0.052, memory: 6019, bbox_loss: 0.3749, cls_loss: 0.2125, loss: 0.5874, grad_norm: 2.1889
2026-06-04 16:01:12,450 - mmdet - INFO - Epoch [8][1400/1652]	lr: 1.000e-03, eta: 1:12:37, time: 0.631, data_time: 0.052, memory: 6019, bbox_loss: 0.3605, cls_loss: 0.2133, loss: 0.5738, grad_norm: 1.9289
2026-06-04 16:01:43,859 - mmdet - INFO - Epoch [8][1450/1652]	lr: 1.000e-03, eta: 1:12:05, time: 0.628, data_time: 0.052, memory: 6019, bbox_loss: 0.3724, cls_loss: 0.2171, loss: 0.5895, grad_norm: 1.8980
2026-06-04 16:02:15,471 - mmdet - INFO - Epoch [8][1500/1652]	lr: 1.000e-03, eta: 1:11:33, time: 0.632, data_time: 0.054, memory: 6019, bbox_loss: 0.3735, cls_loss: 0.2169, loss: 0.5904, grad_norm: 2.0629
2026-06-04 16:02:47,149 - mmdet - INFO - Epoch [8][1550/1652]	lr: 1.000e-03, eta: 1:11:02, time: 0.634, data_time: 0.052, memory: 6019, bbox_loss: 0.3704, cls_loss: 0.2178, loss: 0.5881, grad_norm: 2.0823
2026-06-04 16:03:18,345 - mmdet - INFO - Epoch [8][1600/1652]	lr: 1.000e-03, eta: 1:10:30, time: 0.624, data_time: 0.055, memory: 6019, bbox_loss: 0.3787, cls_loss: 0.2204, loss: 0.5991, grad_norm: 2.0304
2026-06-04 16:03:49,411 - mmdet - INFO - Epoch [8][1650/1652]	lr: 1.000e-03, eta: 1:09:58, time: 0.621, data_time: 0.053, memory: 6019, bbox_loss: 0.3807, cls_loss: 0.2212, loss: 0.6019, grad_norm: 2.0630
2026-06-04 16:03:50,686 - mmdet - INFO - Saving checkpoint at 8 epochs
2026-06-04 16:04:26,495 - mmdet - INFO - Epoch [9][50/1652]	lr: 1.000e-04, eta: 1:09:26, time: 0.705, data_time: 0.105, memory: 6019, bbox_loss: 0.3737, cls_loss: 0.2130, loss: 0.5867, grad_norm: 1.7640
2026-06-04 16:04:58,055 - mmdet - INFO - Epoch [9][100/1652]	lr: 1.000e-04, eta: 1:08:54, time: 0.631, data_time: 0.053, memory: 6019, bbox_loss: 0.3497, cls_loss: 0.2021, loss: 0.5518, grad_norm: 1.7232
2026-06-04 16:05:29,882 - mmdet - INFO - Epoch [9][150/1652]	lr: 1.000e-04, eta: 1:08:22, time: 0.637, data_time: 0.053, memory: 6019, bbox_loss: 0.3601, cls_loss: 0.2135, loss: 0.5735, grad_norm: 1.6725
2026-06-04 16:06:01,027 - mmdet - INFO - Epoch [9][200/1652]	lr: 1.000e-04, eta: 1:07:50, time: 0.623, data_time: 0.053, memory: 6019, bbox_loss: 0.3583, cls_loss: 0.2040, loss: 0.5623, grad_norm: 1.6844
2026-06-04 16:06:31,921 - mmdet - INFO - Epoch [9][250/1652]	lr: 1.000e-04, eta: 1:07:18, time: 0.618, data_time: 0.054, memory: 6019, bbox_loss: 0.3625, cls_loss: 0.2091, loss: 0.5716, grad_norm: 1.5840
2026-06-04 16:07:03,134 - mmdet - INFO - Epoch [9][300/1652]	lr: 1.000e-04, eta: 1:06:46, time: 0.624, data_time: 0.052, memory: 6019, bbox_loss: 0.3641, cls_loss: 0.2109, loss: 0.5750, grad_norm: 1.6257
2026-06-04 16:07:35,239 - mmdet - INFO - Epoch [9][350/1652]	lr: 1.000e-04, eta: 1:06:14, time: 0.642, data_time: 0.054, memory: 6019, bbox_loss: 0.3610, cls_loss: 0.2054, loss: 0.5665, grad_norm: 1.8203
2026-06-04 16:08:08,026 - mmdet - INFO - Epoch [9][400/1652]	lr: 1.000e-04, eta: 1:05:43, time: 0.656, data_time: 0.054, memory: 6019, bbox_loss: 0.3488, cls_loss: 0.2039, loss: 0.5527, grad_norm: 1.6376
2026-06-04 16:08:41,259 - mmdet - INFO - Epoch [9][450/1652]	lr: 1.000e-04, eta: 1:05:12, time: 0.665, data_time: 0.052, memory: 6019, bbox_loss: 0.3536, cls_loss: 0.2037, loss: 0.5573, grad_norm: 1.7716
2026-06-04 16:09:14,668 - mmdet - INFO - Epoch [9][500/1652]	lr: 1.000e-04, eta: 1:04:41, time: 0.668, data_time: 0.052, memory: 6019, bbox_loss: 0.3527, cls_loss: 0.2052, loss: 0.5579, grad_norm: 1.7291
2026-06-04 16:09:47,999 - mmdet - INFO - Epoch [9][550/1652]	lr: 1.000e-04, eta: 1:04:10, time: 0.667, data_time: 0.052, memory: 6019, bbox_loss: 0.3498, cls_loss: 0.2011, loss: 0.5509, grad_norm: 1.7070
2026-06-04 16:10:21,964 - mmdet - INFO - Epoch [9][600/1652]	lr: 1.000e-04, eta: 1:03:39, time: 0.679, data_time: 0.052, memory: 6019, bbox_loss: 0.3557, cls_loss: 0.2042, loss: 0.5599, grad_norm: 1.6833
2026-06-04 16:10:55,041 - mmdet - INFO - Epoch [9][650/1652]	lr: 1.000e-04, eta: 1:03:08, time: 0.662, data_time: 0.051, memory: 6019, bbox_loss: 0.3504, cls_loss: 0.1950, loss: 0.5454, grad_norm: 1.8481
2026-06-04 16:11:28,280 - mmdet - INFO - Epoch [9][700/1652]	lr: 1.000e-04, eta: 1:02:36, time: 0.665, data_time: 0.053, memory: 6019, bbox_loss: 0.3483, cls_loss: 0.1972, loss: 0.5455, grad_norm: 1.8482
2026-06-04 16:12:01,178 - mmdet - INFO - Epoch [9][750/1652]	lr: 1.000e-04, eta: 1:02:05, time: 0.658, data_time: 0.052, memory: 6019, bbox_loss: 0.3518, cls_loss: 0.2006, loss: 0.5524, grad_norm: 1.8332
2026-06-04 16:12:34,689 - mmdet - INFO - Epoch [9][800/1652]	lr: 1.000e-04, eta: 1:01:34, time: 0.670, data_time: 0.054, memory: 6019, bbox_loss: 0.3538, cls_loss: 0.1999, loss: 0.5536, grad_norm: 1.6881
2026-06-04 16:13:06,028 - mmdet - INFO - Epoch [9][850/1652]	lr: 1.000e-04, eta: 1:01:02, time: 0.627, data_time: 0.052, memory: 6019, bbox_loss: 0.3552, cls_loss: 0.2014, loss: 0.5566, grad_norm: 1.6544
2026-06-04 16:13:37,134 - mmdet - INFO - Epoch [9][900/1652]	lr: 1.000e-04, eta: 1:00:30, time: 0.622, data_time: 0.051, memory: 6019, bbox_loss: 0.3453, cls_loss: 0.1953, loss: 0.5406, grad_norm: 1.7532
2026-06-04 16:14:08,843 - mmdet - INFO - Epoch [9][950/1652]	lr: 1.000e-04, eta: 0:59:58, time: 0.634, data_time: 0.052, memory: 6019, bbox_loss: 0.3486, cls_loss: 0.1941, loss: 0.5427, grad_norm: 1.7440
2026-06-04 16:14:40,186 - mmdet - INFO - Epoch [9][1000/1652]	lr: 1.000e-04, eta: 0:59:26, time: 0.627, data_time: 0.051, memory: 6019, bbox_loss: 0.3515, cls_loss: 0.2038, loss: 0.5553, grad_norm: 1.6551
2026-06-04 16:15:11,817 - mmdet - INFO - Epoch [9][1050/1652]	lr: 1.000e-04, eta: 0:58:54, time: 0.633, data_time: 0.052, memory: 6019, bbox_loss: 0.3472, cls_loss: 0.1972, loss: 0.5444, grad_norm: 1.7236
2026-06-04 16:15:42,906 - mmdet - INFO - Epoch [9][1100/1652]	lr: 1.000e-04, eta: 0:58:22, time: 0.622, data_time: 0.052, memory: 6019, bbox_loss: 0.3545, cls_loss: 0.2018, loss: 0.5563, grad_norm: 1.7250
2026-06-04 16:16:13,941 - mmdet - INFO - Epoch [9][1150/1652]	lr: 1.000e-04, eta: 0:57:50, time: 0.621, data_time: 0.053, memory: 6019, bbox_loss: 0.3560, cls_loss: 0.2023, loss: 0.5583, grad_norm: 1.6943
2026-06-04 16:16:44,598 - mmdet - INFO - Epoch [9][1200/1652]	lr: 1.000e-04, eta: 0:57:18, time: 0.613, data_time: 0.051, memory: 6019, bbox_loss: 0.3498, cls_loss: 0.2011, loss: 0.5509, grad_norm: 1.7485
2026-06-04 16:17:16,047 - mmdet - INFO - Epoch [9][1250/1652]	lr: 1.000e-04, eta: 0:56:46, time: 0.629, data_time: 0.055, memory: 6019, bbox_loss: 0.3519, cls_loss: 0.2000, loss: 0.5520, grad_norm: 1.8330
2026-06-04 16:17:47,182 - mmdet - INFO - Epoch [9][1300/1652]	lr: 1.000e-04, eta: 0:56:14, time: 0.623, data_time: 0.053, memory: 6019, bbox_loss: 0.3471, cls_loss: 0.1977, loss: 0.5447, grad_norm: 1.7641
2026-06-04 16:18:18,422 - mmdet - INFO - Epoch [9][1350/1652]	lr: 1.000e-04, eta: 0:55:42, time: 0.625, data_time: 0.050, memory: 6019, bbox_loss: 0.3605, cls_loss: 0.2091, loss: 0.5696, grad_norm: 1.7986
2026-06-04 16:18:49,158 - mmdet - INFO - Epoch [9][1400/1652]	lr: 1.000e-04, eta: 0:55:10, time: 0.615, data_time: 0.052, memory: 6019, bbox_loss: 0.3557, cls_loss: 0.2001, loss: 0.5558, grad_norm: 1.6290
2026-06-04 16:19:20,667 - mmdet - INFO - Epoch [9][1450/1652]	lr: 1.000e-04, eta: 0:54:38, time: 0.630, data_time: 0.051, memory: 6019, bbox_loss: 0.3548, cls_loss: 0.2035, loss: 0.5583, grad_norm: 1.8378
2026-06-04 16:19:52,033 - mmdet - INFO - Epoch [9][1500/1652]	lr: 1.000e-04, eta: 0:54:06, time: 0.627, data_time: 0.053, memory: 6019, bbox_loss: 0.3574, cls_loss: 0.2027, loss: 0.5600, grad_norm: 1.6797
2026-06-04 16:20:22,793 - mmdet - INFO - Epoch [9][1550/1652]	lr: 1.000e-04, eta: 0:53:34, time: 0.615, data_time: 0.051, memory: 6019, bbox_loss: 0.3557, cls_loss: 0.2044, loss: 0.5600, grad_norm: 1.6931
2026-06-04 16:20:54,119 - mmdet - INFO - Epoch [9][1600/1652]	lr: 1.000e-04, eta: 0:53:02, time: 0.626, data_time: 0.055, memory: 6019, bbox_loss: 0.3523, cls_loss: 0.2022, loss: 0.5545, grad_norm: 1.7982
2026-06-04 16:21:25,148 - mmdet - INFO - Epoch [9][1650/1652]	lr: 1.000e-04, eta: 0:52:30, time: 0.621, data_time: 0.052, memory: 6019, bbox_loss: 0.3563, cls_loss: 0.2035, loss: 0.5598, grad_norm: 1.7131
2026-06-04 16:21:26,465 - mmdet - INFO - Saving checkpoint at 9 epochs
2026-06-04 16:22:00,882 - mmdet - INFO - Epoch [10][50/1652]	lr: 1.000e-04, eta: 0:51:57, time: 0.677, data_time: 0.103, memory: 6019, bbox_loss: 0.3518, cls_loss: 0.1952, loss: 0.5470, grad_norm: 1.7269
2026-06-04 16:22:32,217 - mmdet - INFO - Epoch [10][100/1652]	lr: 1.000e-04, eta: 0:51:25, time: 0.627, data_time: 0.051, memory: 6019, bbox_loss: 0.3466, cls_loss: 0.1961, loss: 0.5427, grad_norm: 1.7690
2026-06-04 16:23:03,505 - mmdet - INFO - Epoch [10][150/1652]	lr: 1.000e-04, eta: 0:50:53, time: 0.626, data_time: 0.053, memory: 6019, bbox_loss: 0.3462, cls_loss: 0.1920, loss: 0.5381, grad_norm: 1.7578
2026-06-04 16:23:35,047 - mmdet - INFO - Epoch [10][200/1652]	lr: 1.000e-04, eta: 0:50:21, time: 0.631, data_time: 0.054, memory: 6019, bbox_loss: 0.3505, cls_loss: 0.2001, loss: 0.5506, grad_norm: 1.8360
2026-06-04 16:24:07,134 - mmdet - INFO - Epoch [10][250/1652]	lr: 1.000e-04, eta: 0:49:50, time: 0.642, data_time: 0.054, memory: 6019, bbox_loss: 0.3422, cls_loss: 0.1929, loss: 0.5351, grad_norm: 1.7960
2026-06-04 16:24:38,680 - mmdet - INFO - Epoch [10][300/1652]	lr: 1.000e-04, eta: 0:49:18, time: 0.631, data_time: 0.053, memory: 6019, bbox_loss: 0.3461, cls_loss: 0.1943, loss: 0.5404, grad_norm: 1.8698
2026-06-04 16:25:11,535 - mmdet - INFO - Epoch [10][350/1652]	lr: 1.000e-04, eta: 0:48:46, time: 0.657, data_time: 0.054, memory: 6019, bbox_loss: 0.3559, cls_loss: 0.2088, loss: 0.5647, grad_norm: 1.6660
2026-06-04 16:25:42,859 - mmdet - INFO - Epoch [10][400/1652]	lr: 1.000e-04, eta: 0:48:15, time: 0.626, data_time: 0.052, memory: 6019, bbox_loss: 0.3479, cls_loss: 0.1979, loss: 0.5458, grad_norm: 1.6976
2026-06-04 16:26:13,702 - mmdet - INFO - Epoch [10][450/1652]	lr: 1.000e-04, eta: 0:47:43, time: 0.617, data_time: 0.052, memory: 6019, bbox_loss: 0.3374, cls_loss: 0.1910, loss: 0.5285, grad_norm: 1.8712
2026-06-04 16:26:44,952 - mmdet - INFO - Epoch [10][500/1652]	lr: 1.000e-04, eta: 0:47:11, time: 0.625, data_time: 0.054, memory: 6019, bbox_loss: 0.3511, cls_loss: 0.1973, loss: 0.5484, grad_norm: 1.7306
2026-06-04 16:27:15,611 - mmdet - INFO - Epoch [10][550/1652]	lr: 1.000e-04, eta: 0:46:39, time: 0.613, data_time: 0.051, memory: 6019, bbox_loss: 0.3494, cls_loss: 0.2011, loss: 0.5505, grad_norm: 1.8503
2026-06-04 16:27:48,601 - mmdet - INFO - Epoch [10][600/1652]	lr: 1.000e-04, eta: 0:46:07, time: 0.660, data_time: 0.053, memory: 6019, bbox_loss: 0.3433, cls_loss: 0.1951, loss: 0.5385, grad_norm: 1.8410
2026-06-04 16:28:20,597 - mmdet - INFO - Epoch [10][650/1652]	lr: 1.000e-04, eta: 0:45:35, time: 0.640, data_time: 0.051, memory: 6019, bbox_loss: 0.3525, cls_loss: 0.2009, loss: 0.5534, grad_norm: 1.7206
2026-06-04 16:28:52,021 - mmdet - INFO - Epoch [10][700/1652]	lr: 1.000e-04, eta: 0:45:04, time: 0.628, data_time: 0.052, memory: 6019, bbox_loss: 0.3508, cls_loss: 0.1967, loss: 0.5475, grad_norm: 1.8304
2026-06-04 16:29:23,566 - mmdet - INFO - Epoch [10][750/1652]	lr: 1.000e-04, eta: 0:44:32, time: 0.631, data_time: 0.051, memory: 6019, bbox_loss: 0.3498, cls_loss: 0.1995, loss: 0.5493, grad_norm: 1.7245
2026-06-04 16:29:54,761 - mmdet - INFO - Epoch [10][800/1652]	lr: 1.000e-04, eta: 0:44:00, time: 0.624, data_time: 0.051, memory: 6019, bbox_loss: 0.3597, cls_loss: 0.2061, loss: 0.5658, grad_norm: 1.8014
2026-06-04 16:30:25,641 - mmdet - INFO - Epoch [10][850/1652]	lr: 1.000e-04, eta: 0:43:28, time: 0.618, data_time: 0.052, memory: 6019, bbox_loss: 0.3573, cls_loss: 0.2008, loss: 0.5581, grad_norm: 1.6923
2026-06-04 16:30:56,817 - mmdet - INFO - Epoch [10][900/1652]	lr: 1.000e-04, eta: 0:42:56, time: 0.623, data_time: 0.050, memory: 6019, bbox_loss: 0.3460, cls_loss: 0.1931, loss: 0.5391, grad_norm: 1.7118
2026-06-04 16:31:27,966 - mmdet - INFO - Epoch [10][950/1652]	lr: 1.000e-04, eta: 0:42:24, time: 0.623, data_time: 0.050, memory: 6019, bbox_loss: 0.3475, cls_loss: 0.2016, loss: 0.5490, grad_norm: 1.7189
2026-06-04 16:31:59,126 - mmdet - INFO - Epoch [10][1000/1652]	lr: 1.000e-04, eta: 0:41:52, time: 0.623, data_time: 0.052, memory: 6019, bbox_loss: 0.3373, cls_loss: 0.1924, loss: 0.5296, grad_norm: 1.7292
2026-06-04 16:32:30,551 - mmdet - INFO - Epoch [10][1050/1652]	lr: 1.000e-04, eta: 0:41:20, time: 0.628, data_time: 0.052, memory: 6019, bbox_loss: 0.3524, cls_loss: 0.1965, loss: 0.5489, grad_norm: 1.6942
2026-06-04 16:33:02,180 - mmdet - INFO - Epoch [10][1100/1652]	lr: 1.000e-04, eta: 0:40:48, time: 0.633, data_time: 0.053, memory: 6019, bbox_loss: 0.3510, cls_loss: 0.2037, loss: 0.5547, grad_norm: 1.7896
2026-06-04 16:33:33,600 - mmdet - INFO - Epoch [10][1150/1652]	lr: 1.000e-04, eta: 0:40:17, time: 0.628, data_time: 0.054, memory: 6019, bbox_loss: 0.3507, cls_loss: 0.1947, loss: 0.5454, grad_norm: 1.6577
2026-06-04 16:34:04,431 - mmdet - INFO - Epoch [10][1200/1652]	lr: 1.000e-04, eta: 0:39:45, time: 0.617, data_time: 0.052, memory: 6019, bbox_loss: 0.3574, cls_loss: 0.1985, loss: 0.5559, grad_norm: 1.6824
2026-06-04 16:34:36,145 - mmdet - INFO - Epoch [10][1250/1652]	lr: 1.000e-04, eta: 0:39:13, time: 0.634, data_time: 0.053, memory: 6019, bbox_loss: 0.3484, cls_loss: 0.2016, loss: 0.5500, grad_norm: 1.7176
2026-06-04 16:35:07,437 - mmdet - INFO - Epoch [10][1300/1652]	lr: 1.000e-04, eta: 0:38:41, time: 0.626, data_time: 0.053, memory: 6019, bbox_loss: 0.3476, cls_loss: 0.1966, loss: 0.5442, grad_norm: 2.0231
2026-06-04 16:35:38,957 - mmdet - INFO - Epoch [10][1350/1652]	lr: 1.000e-04, eta: 0:38:09, time: 0.630, data_time: 0.053, memory: 6019, bbox_loss: 0.3397, cls_loss: 0.1922, loss: 0.5320, grad_norm: 1.7826
2026-06-04 16:36:10,395 - mmdet - INFO - Epoch [10][1400/1652]	lr: 1.000e-04, eta: 0:37:37, time: 0.629, data_time: 0.052, memory: 6019, bbox_loss: 0.3522, cls_loss: 0.1969, loss: 0.5491, grad_norm: 1.6722
2026-06-04 16:36:41,686 - mmdet - INFO - Epoch [10][1450/1652]	lr: 1.000e-04, eta: 0:37:06, time: 0.626, data_time: 0.052, memory: 6019, bbox_loss: 0.3441, cls_loss: 0.1927, loss: 0.5368, grad_norm: 1.7550
2026-06-04 16:37:12,768 - mmdet - INFO - Epoch [10][1500/1652]	lr: 1.000e-04, eta: 0:36:34, time: 0.622, data_time: 0.051, memory: 6019, bbox_loss: 0.3490, cls_loss: 0.1975, loss: 0.5465, grad_norm: 1.7580
2026-06-04 16:37:43,535 - mmdet - INFO - Epoch [10][1550/1652]	lr: 1.000e-04, eta: 0:36:02, time: 0.615, data_time: 0.052, memory: 6019, bbox_loss: 0.3449, cls_loss: 0.1985, loss: 0.5434, grad_norm: 1.7902
2026-06-04 16:38:14,451 - mmdet - INFO - Epoch [10][1600/1652]	lr: 1.000e-04, eta: 0:35:30, time: 0.618, data_time: 0.053, memory: 6019, bbox_loss: 0.3500, cls_loss: 0.1954, loss: 0.5454, grad_norm: 1.7792
2026-06-04 16:38:45,136 - mmdet - INFO - Epoch [10][1650/1652]	lr: 1.000e-04, eta: 0:34:58, time: 0.614, data_time: 0.053, memory: 6019, bbox_loss: 0.3568, cls_loss: 0.1998, loss: 0.5566, grad_norm: 1.7870
2026-06-04 16:38:46,400 - mmdet - INFO - Saving checkpoint at 10 epochs
2026-06-04 16:39:22,526 - mmdet - INFO - Epoch [11][50/1652]	lr: 1.000e-04, eta: 0:34:25, time: 0.712, data_time: 0.103, memory: 6019, bbox_loss: 0.3498, cls_loss: 0.1976, loss: 0.5474, grad_norm: 1.6315
2026-06-04 16:39:53,310 - mmdet - INFO - Epoch [11][100/1652]	lr: 1.000e-04, eta: 0:33:53, time: 0.616, data_time: 0.054, memory: 6019, bbox_loss: 0.3570, cls_loss: 0.2021, loss: 0.5592, grad_norm: 1.7588
2026-06-04 16:40:24,393 - mmdet - INFO - Epoch [11][150/1652]	lr: 1.000e-04, eta: 0:33:22, time: 0.622, data_time: 0.052, memory: 6019, bbox_loss: 0.3492, cls_loss: 0.1946, loss: 0.5438, grad_norm: 1.7450
2026-06-04 16:40:56,317 - mmdet - INFO - Epoch [11][200/1652]	lr: 1.000e-04, eta: 0:32:50, time: 0.638, data_time: 0.053, memory: 6019, bbox_loss: 0.3476, cls_loss: 0.1942, loss: 0.5418, grad_norm: 1.7743
2026-06-04 16:41:27,805 - mmdet - INFO - Epoch [11][250/1652]	lr: 1.000e-04, eta: 0:32:18, time: 0.630, data_time: 0.051, memory: 6019, bbox_loss: 0.3481, cls_loss: 0.1930, loss: 0.5410, grad_norm: 1.7491
2026-06-04 16:41:59,035 - mmdet - INFO - Epoch [11][300/1652]	lr: 1.000e-04, eta: 0:31:46, time: 0.625, data_time: 0.051, memory: 6019, bbox_loss: 0.3454, cls_loss: 0.1985, loss: 0.5439, grad_norm: 1.8365
2026-06-04 16:42:30,141 - mmdet - INFO - Epoch [11][350/1652]	lr: 1.000e-04, eta: 0:31:14, time: 0.622, data_time: 0.053, memory: 6019, bbox_loss: 0.3476, cls_loss: 0.1985, loss: 0.5461, grad_norm: 1.6809
2026-06-04 16:43:01,493 - mmdet - INFO - Epoch [11][400/1652]	lr: 1.000e-04, eta: 0:30:43, time: 0.627, data_time: 0.053, memory: 6019, bbox_loss: 0.3477, cls_loss: 0.2024, loss: 0.5501, grad_norm: 1.7463
2026-06-04 16:43:32,485 - mmdet - INFO - Epoch [11][450/1652]	lr: 1.000e-04, eta: 0:30:11, time: 0.620, data_time: 0.052, memory: 6019, bbox_loss: 0.3469, cls_loss: 0.1917, loss: 0.5386, grad_norm: 1.8692
2026-06-04 16:44:04,128 - mmdet - INFO - Epoch [11][500/1652]	lr: 1.000e-04, eta: 0:29:39, time: 0.633, data_time: 0.053, memory: 6019, bbox_loss: 0.3448, cls_loss: 0.1930, loss: 0.5379, grad_norm: 1.6322
2026-06-04 16:44:35,758 - mmdet - INFO - Epoch [11][550/1652]	lr: 1.000e-04, eta: 0:29:07, time: 0.633, data_time: 0.054, memory: 6019, bbox_loss: 0.3388, cls_loss: 0.1885, loss: 0.5273, grad_norm: 1.7678
2026-06-04 16:45:07,250 - mmdet - INFO - Epoch [11][600/1652]	lr: 1.000e-04, eta: 0:28:35, time: 0.630, data_time: 0.053, memory: 6019, bbox_loss: 0.3572, cls_loss: 0.2076, loss: 0.5648, grad_norm: 1.7990
2026-06-04 16:45:38,148 - mmdet - INFO - Epoch [11][650/1652]	lr: 1.000e-04, eta: 0:28:04, time: 0.618, data_time: 0.052, memory: 6019, bbox_loss: 0.3457, cls_loss: 0.1950, loss: 0.5406, grad_norm: 1.8892
2026-06-04 16:46:09,972 - mmdet - INFO - Epoch [11][700/1652]	lr: 1.000e-04, eta: 0:27:32, time: 0.636, data_time: 0.052, memory: 6019, bbox_loss: 0.3466, cls_loss: 0.1955, loss: 0.5421, grad_norm: 1.7978
2026-06-04 16:46:41,148 - mmdet - INFO - Epoch [11][750/1652]	lr: 1.000e-04, eta: 0:27:00, time: 0.624, data_time: 0.051, memory: 6019, bbox_loss: 0.3504, cls_loss: 0.1936, loss: 0.5440, grad_norm: 1.7697
2026-06-04 16:47:12,362 - mmdet - INFO - Epoch [11][800/1652]	lr: 1.000e-04, eta: 0:26:28, time: 0.624, data_time: 0.052, memory: 6019, bbox_loss: 0.3448, cls_loss: 0.1942, loss: 0.5390, grad_norm: 1.6789
2026-06-04 16:47:44,325 - mmdet - INFO - Epoch [11][850/1652]	lr: 1.000e-04, eta: 0:25:57, time: 0.639, data_time: 0.053, memory: 6019, bbox_loss: 0.3399, cls_loss: 0.1914, loss: 0.5313, grad_norm: 1.9009
2026-06-04 16:48:17,599 - mmdet - INFO - Epoch [11][900/1652]	lr: 1.000e-04, eta: 0:25:25, time: 0.665, data_time: 0.052, memory: 6019, bbox_loss: 0.3476, cls_loss: 0.1925, loss: 0.5401, grad_norm: 1.7623
2026-06-04 16:48:51,040 - mmdet - INFO - Epoch [11][950/1652]	lr: 1.000e-04, eta: 0:24:54, time: 0.669, data_time: 0.054, memory: 6019, bbox_loss: 0.3429, cls_loss: 0.1963, loss: 0.5391, grad_norm: 1.8415
2026-06-04 16:49:24,179 - mmdet - INFO - Epoch [11][1000/1652]	lr: 1.000e-04, eta: 0:24:22, time: 0.663, data_time: 0.051, memory: 6019, bbox_loss: 0.3457, cls_loss: 0.2027, loss: 0.5483, grad_norm: 1.8004
2026-06-04 16:49:57,572 - mmdet - INFO - Epoch [11][1050/1652]	lr: 1.000e-04, eta: 0:23:51, time: 0.668, data_time: 0.052, memory: 6019, bbox_loss: 0.3532, cls_loss: 0.1943, loss: 0.5475, grad_norm: 1.8761
2026-06-04 16:50:30,817 - mmdet - INFO - Epoch [11][1100/1652]	lr: 1.000e-04, eta: 0:23:19, time: 0.665, data_time: 0.054, memory: 6019, bbox_loss: 0.3369, cls_loss: 0.1881, loss: 0.5251, grad_norm: 1.8378
2026-06-04 16:51:04,028 - mmdet - INFO - Epoch [11][1150/1652]	lr: 1.000e-04, eta: 0:22:47, time: 0.664, data_time: 0.055, memory: 6019, bbox_loss: 0.3491, cls_loss: 0.1932, loss: 0.5424, grad_norm: 1.8842
2026-06-04 16:51:36,321 - mmdet - INFO - Epoch [11][1200/1652]	lr: 1.000e-04, eta: 0:22:16, time: 0.646, data_time: 0.053, memory: 6019, bbox_loss: 0.3473, cls_loss: 0.1906, loss: 0.5379, grad_norm: 1.7233
2026-06-04 16:52:07,944 - mmdet - INFO - Epoch [11][1250/1652]	lr: 1.000e-04, eta: 0:21:44, time: 0.632, data_time: 0.053, memory: 6019, bbox_loss: 0.3466, cls_loss: 0.1931, loss: 0.5397, grad_norm: 1.6849
2026-06-04 16:52:39,254 - mmdet - INFO - Epoch [11][1300/1652]	lr: 1.000e-04, eta: 0:21:12, time: 0.626, data_time: 0.055, memory: 6019, bbox_loss: 0.3448, cls_loss: 0.1970, loss: 0.5419, grad_norm: 1.7377
2026-06-04 16:53:10,527 - mmdet - INFO - Epoch [11][1350/1652]	lr: 1.000e-04, eta: 0:20:40, time: 0.625, data_time: 0.053, memory: 6019, bbox_loss: 0.3427, cls_loss: 0.1922, loss: 0.5349, grad_norm: 1.8005
2026-06-04 16:53:42,063 - mmdet - INFO - Epoch [11][1400/1652]	lr: 1.000e-04, eta: 0:20:09, time: 0.631, data_time: 0.053, memory: 6019, bbox_loss: 0.3361, cls_loss: 0.1894, loss: 0.5255, grad_norm: 1.9308
2026-06-04 16:54:13,169 - mmdet - INFO - Epoch [11][1450/1652]	lr: 1.000e-04, eta: 0:19:37, time: 0.622, data_time: 0.050, memory: 6019, bbox_loss: 0.3428, cls_loss: 0.1930, loss: 0.5358, grad_norm: 1.8418
2026-06-04 16:54:44,934 - mmdet - INFO - Epoch [11][1500/1652]	lr: 1.000e-04, eta: 0:19:05, time: 0.635, data_time: 0.052, memory: 6019, bbox_loss: 0.3424, cls_loss: 0.1916, loss: 0.5340, grad_norm: 1.7785
2026-06-04 16:55:17,155 - mmdet - INFO - Epoch [11][1550/1652]	lr: 1.000e-04, eta: 0:18:33, time: 0.644, data_time: 0.053, memory: 6019, bbox_loss: 0.3339, cls_loss: 0.1862, loss: 0.5200, grad_norm: 1.8498
2026-06-04 16:55:48,172 - mmdet - INFO - Epoch [11][1600/1652]	lr: 1.000e-04, eta: 0:18:01, time: 0.620, data_time: 0.051, memory: 6019, bbox_loss: 0.3539, cls_loss: 0.1997, loss: 0.5535, grad_norm: 1.9195
2026-06-04 16:56:19,412 - mmdet - INFO - Epoch [11][1650/1652]	lr: 1.000e-04, eta: 0:17:30, time: 0.625, data_time: 0.050, memory: 6019, bbox_loss: 0.3452, cls_loss: 0.1909, loss: 0.5361, grad_norm: 1.7328
2026-06-04 16:56:20,693 - mmdet - INFO - Saving checkpoint at 11 epochs
2026-06-04 16:56:55,152 - mmdet - INFO - Epoch [12][50/1652]	lr: 1.000e-05, eta: 0:16:57, time: 0.678, data_time: 0.105, memory: 6019, bbox_loss: 0.3413, cls_loss: 0.1899, loss: 0.5312, grad_norm: 1.7354
2026-06-04 16:57:26,434 - mmdet - INFO - Epoch [12][100/1652]	lr: 1.000e-05, eta: 0:16:25, time: 0.626, data_time: 0.051, memory: 6019, bbox_loss: 0.3433, cls_loss: 0.1929, loss: 0.5362, grad_norm: 1.6429
2026-06-04 16:57:57,433 - mmdet - INFO - Epoch [12][150/1652]	lr: 1.000e-05, eta: 0:15:53, time: 0.620, data_time: 0.052, memory: 6019, bbox_loss: 0.3499, cls_loss: 0.1953, loss: 0.5452, grad_norm: 1.8417
2026-06-04 16:58:28,466 - mmdet - INFO - Epoch [12][200/1652]	lr: 1.000e-05, eta: 0:15:21, time: 0.621, data_time: 0.050, memory: 6019, bbox_loss: 0.3432, cls_loss: 0.1908, loss: 0.5340, grad_norm: 1.6742
2026-06-04 16:58:59,386 - mmdet - INFO - Epoch [12][250/1652]	lr: 1.000e-05, eta: 0:14:50, time: 0.618, data_time: 0.052, memory: 6019, bbox_loss: 0.3392, cls_loss: 0.1883, loss: 0.5275, grad_norm: 1.8798
2026-06-04 16:59:31,711 - mmdet - INFO - Epoch [12][300/1652]	lr: 1.000e-05, eta: 0:14:18, time: 0.646, data_time: 0.052, memory: 6019, bbox_loss: 0.3397, cls_loss: 0.1862, loss: 0.5259, grad_norm: 1.6987
2026-06-04 17:00:03,129 - mmdet - INFO - Epoch [12][350/1652]	lr: 1.000e-05, eta: 0:13:46, time: 0.628, data_time: 0.052, memory: 6019, bbox_loss: 0.3389, cls_loss: 0.1878, loss: 0.5267, grad_norm: 1.6703
2026-06-04 17:00:34,602 - mmdet - INFO - Epoch [12][400/1652]	lr: 1.000e-05, eta: 0:13:14, time: 0.629, data_time: 0.052, memory: 6019, bbox_loss: 0.3461, cls_loss: 0.1960, loss: 0.5421, grad_norm: 1.7011
2026-06-04 17:01:07,790 - mmdet - INFO - Epoch [12][450/1652]	lr: 1.000e-05, eta: 0:12:43, time: 0.664, data_time: 0.053, memory: 6019, bbox_loss: 0.3438, cls_loss: 0.1889, loss: 0.5327, grad_norm: 1.7112
2026-06-04 17:01:40,679 - mmdet - INFO - Epoch [12][500/1652]	lr: 1.000e-05, eta: 0:12:11, time: 0.658, data_time: 0.054, memory: 6019, bbox_loss: 0.3570, cls_loss: 0.1980, loss: 0.5550, grad_norm: 1.6592
2026-06-04 17:02:14,193 - mmdet - INFO - Epoch [12][550/1652]	lr: 1.000e-05, eta: 0:11:39, time: 0.670, data_time: 0.054, memory: 6019, bbox_loss: 0.3409, cls_loss: 0.1871, loss: 0.5280, grad_norm: 1.7177
2026-06-04 17:02:46,030 - mmdet - INFO - Epoch [12][600/1652]	lr: 1.000e-05, eta: 0:11:08, time: 0.637, data_time: 0.054, memory: 6019, bbox_loss: 0.3486, cls_loss: 0.1896, loss: 0.5382, grad_norm: 1.7630
2026-06-04 17:03:18,366 - mmdet - INFO - Epoch [12][650/1652]	lr: 1.000e-05, eta: 0:10:36, time: 0.647, data_time: 0.054, memory: 6081, bbox_loss: 0.3440, cls_loss: 0.1929, loss: 0.5370, grad_norm: 1.6755
2026-06-04 17:03:49,414 - mmdet - INFO - Epoch [12][700/1652]	lr: 1.000e-05, eta: 0:10:04, time: 0.621, data_time: 0.053, memory: 6081, bbox_loss: 0.3479, cls_loss: 0.1919, loss: 0.5398, grad_norm: 1.6741
2026-06-04 17:04:20,698 - mmdet - INFO - Epoch [12][750/1652]	lr: 1.000e-05, eta: 0:09:32, time: 0.626, data_time: 0.053, memory: 6081, bbox_loss: 0.3439, cls_loss: 0.1963, loss: 0.5402, grad_norm: 1.7552
2026-06-04 17:04:51,980 - mmdet - INFO - Epoch [12][800/1652]	lr: 1.000e-05, eta: 0:09:01, time: 0.626, data_time: 0.052, memory: 6081, bbox_loss: 0.3477, cls_loss: 0.1990, loss: 0.5467, grad_norm: 1.7183
2026-06-04 17:05:23,057 - mmdet - INFO - Epoch [12][850/1652]	lr: 1.000e-05, eta: 0:08:29, time: 0.622, data_time: 0.053, memory: 6081, bbox_loss: 0.3476, cls_loss: 0.1960, loss: 0.5436, grad_norm: 1.6753
2026-06-04 17:05:54,755 - mmdet - INFO - Epoch [12][900/1652]	lr: 1.000e-05, eta: 0:07:57, time: 0.634, data_time: 0.053, memory: 6081, bbox_loss: 0.3418, cls_loss: 0.1927, loss: 0.5345, grad_norm: 1.6602
2026-06-04 17:06:25,948 - mmdet - INFO - Epoch [12][950/1652]	lr: 1.000e-05, eta: 0:07:25, time: 0.624, data_time: 0.052, memory: 6081, bbox_loss: 0.3431, cls_loss: 0.1929, loss: 0.5360, grad_norm: 1.7464
2026-06-04 17:06:57,330 - mmdet - INFO - Epoch [12][1000/1652]	lr: 1.000e-05, eta: 0:06:53, time: 0.628, data_time: 0.052, memory: 6081, bbox_loss: 0.3369, cls_loss: 0.1852, loss: 0.5221, grad_norm: 1.7139
2026-06-04 17:07:28,629 - mmdet - INFO - Epoch [12][1050/1652]	lr: 1.000e-05, eta: 0:06:22, time: 0.626, data_time: 0.054, memory: 6081, bbox_loss: 0.3479, cls_loss: 0.1978, loss: 0.5457, grad_norm: 1.7079
2026-06-04 17:07:59,707 - mmdet - INFO - Epoch [12][1100/1652]	lr: 1.000e-05, eta: 0:05:50, time: 0.622, data_time: 0.051, memory: 6081, bbox_loss: 0.3424, cls_loss: 0.1958, loss: 0.5383, grad_norm: 1.8832
2026-06-04 17:08:31,514 - mmdet - INFO - Epoch [12][1150/1652]	lr: 1.000e-05, eta: 0:05:18, time: 0.636, data_time: 0.052, memory: 6081, bbox_loss: 0.3417, cls_loss: 0.1876, loss: 0.5293, grad_norm: 1.7247
2026-06-04 17:09:04,954 - mmdet - INFO - Epoch [12][1200/1652]	lr: 1.000e-05, eta: 0:04:46, time: 0.669, data_time: 0.052, memory: 6081, bbox_loss: 0.3422, cls_loss: 0.1982, loss: 0.5403, grad_norm: 1.7173
2026-06-04 17:09:38,417 - mmdet - INFO - Epoch [12][1250/1652]	lr: 1.000e-05, eta: 0:04:15, time: 0.669, data_time: 0.054, memory: 6081, bbox_loss: 0.3438, cls_loss: 0.1888, loss: 0.5326, grad_norm: 1.6649
2026-06-04 17:10:12,107 - mmdet - INFO - Epoch [12][1300/1652]	lr: 1.000e-05, eta: 0:03:43, time: 0.674, data_time: 0.053, memory: 6081, bbox_loss: 0.3417, cls_loss: 0.1906, loss: 0.5323, grad_norm: 1.7569
2026-06-04 17:10:45,590 - mmdet - INFO - Epoch [12][1350/1652]	lr: 1.000e-05, eta: 0:03:11, time: 0.670, data_time: 0.053, memory: 6081, bbox_loss: 0.3437, cls_loss: 0.1904, loss: 0.5341, grad_norm: 1.7558
2026-06-04 17:11:17,245 - mmdet - INFO - Epoch [12][1400/1652]	lr: 1.000e-05, eta: 0:02:40, time: 0.633, data_time: 0.053, memory: 6081, bbox_loss: 0.3367, cls_loss: 0.1855, loss: 0.5222, grad_norm: 1.6964
2026-06-04 17:11:48,019 - mmdet - INFO - Epoch [12][1450/1652]	lr: 1.000e-05, eta: 0:02:08, time: 0.615, data_time: 0.052, memory: 6081, bbox_loss: 0.3405, cls_loss: 0.1893, loss: 0.5298, grad_norm: 1.7512
2026-06-04 17:12:18,690 - mmdet - INFO - Epoch [12][1500/1652]	lr: 1.000e-05, eta: 0:01:36, time: 0.613, data_time: 0.052, memory: 6081, bbox_loss: 0.3410, cls_loss: 0.1882, loss: 0.5292, grad_norm: 1.8688
2026-06-04 17:12:50,004 - mmdet - INFO - Epoch [12][1550/1652]	lr: 1.000e-05, eta: 0:01:04, time: 0.626, data_time: 0.055, memory: 6081, bbox_loss: 0.3529, cls_loss: 0.1883, loss: 0.5411, grad_norm: 1.7249
2026-06-04 17:13:20,576 - mmdet - INFO - Epoch [12][1600/1652]	lr: 1.000e-05, eta: 0:00:33, time: 0.611, data_time: 0.053, memory: 6081, bbox_loss: 0.3320, cls_loss: 0.1875, loss: 0.5195, grad_norm: 1.8084
2026-06-04 17:13:52,131 - mmdet - INFO - Epoch [12][1650/1652]	lr: 1.000e-05, eta: 0:00:01, time: 0.631, data_time: 0.053, memory: 6081, bbox_loss: 0.3451, cls_loss: 0.1916, loss: 0.5367, grad_norm: 1.6495
2026-06-04 17:13:53,396 - mmdet - INFO - Saving checkpoint at 12 epochs
2026-06-04 17:18:14,095 - mmdet - INFO - 
+-------------+---------+---------+---------+---------+
| classes     | AP_0.25 | AR_0.25 | AP_0.50 | AR_0.50 |
+-------------+---------+---------+---------+---------+
| bed         | 0.8909  | 0.9883  | 0.7298  | 0.8408  |
| table       | 0.5849  | 0.9749  | 0.4042  | 0.7568  |
| sofa        | 0.7399  | 0.9809  | 0.6418  | 0.8341  |
| chair       | 0.8489  | 0.9766  | 0.7315  | 0.8853  |
| toilet      | 0.9510  | 1.0000  | 0.7252  | 0.8621  |
| desk        | 0.4831  | 0.9548  | 0.2553  | 0.6610  |
| dresser     | 0.4624  | 0.9450  | 0.3600  | 0.7385  |
| night_stand | 0.7516  | 0.9804  | 0.6555  | 0.8588  |
| bookshelf   | 0.4475  | 0.9007  | 0.1565  | 0.4716  |
| bathtub     | 0.7801  | 0.9796  | 0.6018  | 0.7959  |
+-------------+---------+---------+---------+---------+
| Overall     | 0.6940  | 0.9681  | 0.5262  | 0.7705  |
+-------------+---------+---------+---------+---------+
2026-06-04 17:18:15,278 - mmdet - INFO - Exp name: tr3d-ff_sunrgbd-3d-10class.py
2026-06-04 17:18:15,278 - mmdet - INFO - Epoch(val) [12][5050]	bed_AP_0.25: 0.8909, table_AP_0.25: 0.5849, sofa_AP_0.25: 0.7399, chair_AP_0.25: 0.8489, toilet_AP_0.25: 0.9510, desk_AP_0.25: 0.4831, dresser_AP_0.25: 0.4624, night_stand_AP_0.25: 0.7516, bookshelf_AP_0.25: 0.4475, bathtub_AP_0.25: 0.7801, mAP_0.25: 0.6940, bed_rec_0.25: 0.9883, table_rec_0.25: 0.9749, sofa_rec_0.25: 0.9809, chair_rec_0.25: 0.9766, toilet_rec_0.25: 1.0000, desk_rec_0.25: 0.9548, dresser_rec_0.25: 0.9450, night_stand_rec_0.25: 0.9804, bookshelf_rec_0.25: 0.9007, bathtub_rec_0.25: 0.9796, mAR_0.25: 0.9681, bed_AP_0.50: 0.7298, table_AP_0.50: 0.4042, sofa_AP_0.50: 0.6418, chair_AP_0.50: 0.7315, toilet_AP_0.50: 0.7252, desk_AP_0.50: 0.2553, dresser_AP_0.50: 0.3600, night_stand_AP_0.50: 0.6555, bookshelf_AP_0.50: 0.1565, bathtub_AP_0.50: 0.6018, mAP_0.50: 0.5262, bed_rec_0.50: 0.8408, table_rec_0.50: 0.7568, sofa_rec_0.50: 0.8341, chair_rec_0.50: 0.8853, toilet_rec_0.50: 0.8621, desk_rec_0.50: 0.6610, dresser_rec_0.50: 0.7385, night_stand_rec_0.50: 0.8588, bookshelf_rec_0.50: 0.4716, bathtub_rec_0.50: 0.7959, mAR_0.50: 0.7705
